[01:53:26][RADIANT] Agregadas 8140 combinaciones desde JSON global maestro.
[01:53:26][RADIANT] Iniciando worker para RADIANT
[01:53:26][RADIANT] Fijos: metal=GOLD quality=KT_18 stone=LABGROWN_DIAMOND size=1ct
[01:53:26][RADIANT] Cargando configurador (intento 1/5)...
[01:53:45][RADIANT]   UI del configurador detectada
[01:53:45][RADIANT]   Configurador listo en intento 1
[01:53:47][RADIANT] Seleccionando ROUND como base...
[01:53:48][RADIANT]   Re-seleccionando RADIANT (intento 1)
[01:53:49][RADIANT] Forma RADIANT activa. Comenzando scrape...
[01:53:49][RADIANT]   Configurando fijos: GOLD / KT_18 / LABGROWN_DIAMOND / 1ct
[01:53:51][RADIANT]   Fijos configurados OK
[01:53:51][RADIANT]   Configurando fijos: GOLD / KT_18 / LABGROWN_DIAMOND / 1ct
[01:53:53][RADIANT]   Fijos configurados OK
[01:53:54][RADIANT]   SKIP mounting=CONTEMPORARY (todos los colores ya capturados)
[01:53:54][RADIANT]   SKIP mounting=DOUBLE (todos los colores ya capturados)
[01:53:54][RADIANT]   SKIP mounting=DOUBLE_TWIST (todos los colores ya capturados)
[01:53:54][RADIANT]   SKIP mounting=HIDDEN_HALO (todos los colores ya capturados)
[01:53:54][RADIANT]   SKIP mounting=SINGLE (todos los colores ya capturados)
[01:53:58][RADIANT] [1] OK NIV-8755876B8E8F1E95 | BASKET | SPLIT | NONE | PLAIN | NONE | YELLOW_GOLD | YELLOW_GOLD | imgs:3
[01:54:01][RADIANT] [2] OK NIV-6973C49919B50248 | BASKET | SPLIT | NONE | PLAIN | NONE | WHITE_GOLD | WHITE_GOLD | imgs:3
[01:54:06][RADIANT] [3] OK NIV-ED4FB07C9535CAD0 | BASKET | SPLIT | NONE | PLAIN | NONE | ROSE_GOLD | ROSE_GOLD | imgs:3
[01:54:10][RADIANT] [4] OK NIV-BF9D1A804F823E53 | BASKET | SPLIT | U_PAVE | None | NONE | YELLOW_GOLD | YELLOW_GOLD | imgs:3
[01:54:14][RADIANT] [5] OK NIV-FD268EA4D63B7C2C | BASKET | SPLIT | U_PAVE | None | NONE | WHITE_GOLD | WHITE_GOLD | imgs:3
[01:54:18][RADIANT] [6] OK NIV-BC64575FF4B658B2 | BASKET | SPLIT | U_PAVE | None | NONE | ROSE_GOLD | ROSE_GOLD | imgs:3
[01:54:22][RADIANT] [7] OK NIV-57885AD1EA5FBDBB | BASKET | SPLIT | PRONG | None | NONE | YELLOW_GOLD | YELLOW_GOLD | imgs:3
[01:54:25][RADIANT] [8] OK NIV-C728BFD8CCEAF84F | BASKET | SPLIT | PRONG | None | NONE | WHITE_GOLD | WHITE_GOLD | imgs:3
[01:54:28][RADIANT] [9] OK NIV-D3264B9CD2B8DE66 | BASKET | SPLIT | PRONG | None | NONE | ROSE_GOLD | ROSE_GOLD | imgs:3
[01:54:31][RADIANT] [10] OK NIV-FB670894AF9BA634 | BASKET | SPLIT | BEAD | None | NONE | YELLOW_GOLD | YELLOW_GOLD | imgs:3
[01:54:34][RADIANT] [11] OK NIV-18BAA3F24FAEA9CE | BASKET | SPLIT | BEAD | None | NONE | WHITE_GOLD | WHITE_GOLD | imgs:3
[01:54:37][RADIANT] [12] OK NIV-32E605AE19BBD774 | BASKET | SPLIT | BEAD | None | NONE | ROSE_GOLD | ROSE_GOLD | imgs:3
[01:54:43][RADIANT]   Re-seleccionando RADIANT (intento 1)
[01:54:46][RADIANT] [13] OK NIV-0ECFF527DF4C3970 | BASKET | SQUARE_EDGE | CHANNEL | None | NONE | YELLOW_GOLD | YELLOW_GOLD | imgs:3
[01:54:49][RADIANT] [14] OK NIV-12DFC64A3D200681 | BASKET | SQUARE_EDGE | CHANNEL | None | NONE | WHITE_GOLD | WHITE_GOLD | imgs:3
[01:54:52][RADIANT] [15] OK NIV-81DCDA4F6A0D8054 | BASKET | SQUARE_EDGE | CHANNEL | None | NONE | ROSE_GOLD | ROSE_GOLD | imgs:3
[01:54:56][RADIANT] [16] OK NIV-B99CE8F4D3D7A017 | BASKET | SQUARE_EDGE | PRONG | None | NONE | YELLOW_GOLD | YELLOW_GOLD | imgs:3
[01:55:18][RADIANT]   wait_for_image timeout o error: Page.wait_for_function: Timeout 20000ms exceeded.
[01:55:18][RADIANT]   Rescate: 0 thumbnail(s) visibles
[01:55:18][RADIANT] [17] NO-IMG NIV-B99CE8F4D3D7A017 | BASKET | SQUARE_EDGE | PRONG | None | NONE | WHITE_GOLD | WHITE_GOLD | imgs:0
[01:55:20][RADIANT] [18] OK NIV-3891A0FCB92A82B5 | BASKET | SQUARE_EDGE | PRONG | None | NONE | ROSE_GOLD | ROSE_GOLD | imgs:3
[01:55:26][RADIANT] [19] OK NIV-5D733210E1A2EBE8 | BASKET | SQUARE_EDGE | BEAD | None | NONE | YELLOW_GOLD | YELLOW_GOLD | imgs:3
[01:55:31][RADIANT] [20] OK NIV-CE44DEA79DC4DD12 | BASKET | SQUARE_EDGE | BEAD | None | NONE | WHITE_GOLD | WHITE_GOLD | imgs:3
[01:55:34][RADIANT] [21] OK NIV-00528D4F2DCEA018 | BASKET | SQUARE_EDGE | BEAD | None | NONE | ROSE_GOLD | ROSE_GOLD | imgs:3
[01:55:38][RADIANT] [22] OK NIV-5F9F26471A0C7174 | BASKET | SQUARE_EDGE | PAVE | None | NONE | YELLOW_GOLD | YELLOW_GOLD | imgs:3
[01:55:42][RADIANT] [23] OK NIV-E9E3EA697C695D74 | BASKET | SQUARE_EDGE | PAVE | None | NONE | WHITE_GOLD | WHITE_GOLD | imgs:3
[01:55:57][RADIANT] [24] OK NIV-4E32F4866AA4B16A | BASKET | SQUARE_EDGE | PAVE | None | NONE | ROSE_GOLD | ROSE_GOLD | imgs:3
[01:56:02][RADIANT]   Re-seleccionando RADIANT (intento 1)
[01:56:05][RADIANT] [25] OK NIV-0ECFF527DF4C3970 | BASKET | TAPERED | CHANNEL | None | NONE | YELLOW_GOLD | YELLOW_GOLD | imgs:3
[01:56:07][RADIANT] [26] OK NIV-12DFC64A3D200681 | BASKET | TAPERED | CHANNEL | None | NONE | WHITE_GOLD | WHITE_GOLD | imgs:3
[01:56:10][RADIANT] [27] OK NIV-81DCDA4F6A0D8054 | BASKET | TAPERED | CHANNEL | None | NONE | ROSE_GOLD | ROSE_GOLD | imgs:3
[01:56:13][RADIANT] [28] OK NIV-B99CE8F4D3D7A017 | BASKET | TAPERED | PRONG | None | NONE | YELLOW_GOLD | YELLOW_GOLD | imgs:3
[01:56:36][RADIANT]   wait_for_image timeout o error: Page.wait_for_function: Timeout 20000ms exceeded.
[01:56:36][RADIANT]   Rescate: 0 thumbnail(s) visibles
[01:56:36][RADIANT] [29] NO-IMG NIV-B99CE8F4D3D7A017 | BASKET | TAPERED | PRONG | None | NONE | WHITE_GOLD | WHITE_GOLD | imgs:0
[01:56:38][RADIANT] [30] OK NIV-3891A0FCB92A82B5 | BASKET | TAPERED | PRONG | None | NONE | ROSE_GOLD | ROSE_GOLD | imgs:3
[01:56:40][RADIANT] [31] OK NIV-5D733210E1A2EBE8 | BASKET | TAPERED | BEAD | None | NONE | YELLOW_GOLD | YELLOW_GOLD | imgs:3
[01:56:43][RADIANT] [32] OK NIV-CE44DEA79DC4DD12 | BASKET | TAPERED | BEAD | None | NONE | WHITE_GOLD | WHITE_GOLD | imgs:3
[01:56:46][RADIANT] [33] OK NIV-00528D4F2DCEA018 | BASKET | TAPERED | BEAD | None | NONE | ROSE_GOLD | ROSE_GOLD | imgs:3
[01:56:49][RADIANT] [34] OK NIV-5F9F26471A0C7174 | BASKET | TAPERED | PAVE | None | NONE | YELLOW_GOLD | YELLOW_GOLD | imgs:3
[01:56:52][RADIANT] [35] OK NIV-E9E3EA697C695D74 | BASKET | TAPERED | PAVE | None | NONE | WHITE_GOLD | WHITE_GOLD | imgs:3
[01:56:55][RADIANT] [36] OK NIV-4E32F4866AA4B16A | BASKET | TAPERED | PAVE | None | NONE | ROSE_GOLD | ROSE_GOLD | imgs:3
[01:56:55][RADIANT]   Configurando fijos: GOLD / KT_18 / LABGROWN_DIAMOND / 1ct
[01:56:57][RADIANT]   Fijos configurados OK
[01:57:01][RADIANT] [37] OK NIV-D9A9B044B75ED605 | CROWN | CONTEMPORARY | U_PAVE | None | NONE | YELLOW_GOLD | YELLOW_GOLD | imgs:3
[01:57:06][RADIANT] [38] OK NIV-4A2DF645ACDB00DC | CROWN | CONTEMPORARY | U_PAVE | None | NONE | WHITE_GOLD | WHITE_GOLD | imgs:3
[01:57:07][RADIANT] [39] OK NIV-2DB5D62B335393E6 | CROWN | CONTEMPORARY | U_PAVE | None | NONE | ROSE_GOLD | ROSE_GOLD | imgs:3
[01:57:12][RADIANT] [40] OK NIV-406801577FF4164E | CROWN | CONTEMPORARY | CHANNEL | None | NONE | YELLOW_GOLD | YELLOW_GOLD | imgs:3
[01:57:15][RADIANT] [41] OK NIV-FA80A72EF44C4C36 | CROWN | CONTEMPORARY | CHANNEL | None | NONE | WHITE_GOLD | WHITE_GOLD | imgs:3
[01:57:17][RADIANT] [42] OK NIV-F820E1AED6892FE9 | CROWN | CONTEMPORARY | CHANNEL | None | NONE | ROSE_GOLD | ROSE_GOLD | imgs:3
[01:57:20][RADIANT] [43] OK NIV-E5B62F98F1A40037 | CROWN | CONTEMPORARY | PRONG | None | NONE | YELLOW_GOLD | YELLOW_GOLD | imgs:3
[01:57:22][RADIANT] [44] OK NIV-37D617E654D59257 | CROWN | CONTEMPORARY | PRONG | None | NONE | WHITE_GOLD | WHITE_GOLD | imgs:3
[01:57:25][RADIANT] [45] OK NIV-77D86D583FF303A1 | CROWN | CONTEMPORARY | PRONG | None | NONE | ROSE_GOLD | ROSE_GOLD | imgs:3
[01:57:29][RADIANT] [46] OK NIV-9DEF87AEB89A0DFD | CROWN | CONTEMPORARY | BEAD | None | NONE | YELLOW_GOLD | YELLOW_GOLD | imgs:3
[01:57:31][RADIANT] [47] OK NIV-091E89AB738F858E | CROWN | CONTEMPORARY | BEAD | None | NONE | WHITE_GOLD | WHITE_GOLD | imgs:3
[01:57:34][RADIANT] [48] OK NIV-C5AD9614B0477201 | CROWN | CONTEMPORARY | BEAD | None | NONE | ROSE_GOLD | ROSE_GOLD | imgs:3
[01:57:40][RADIANT] [49] OK NIV-6498CB24C6A235C9 | CROWN | DOUBLE | NONE | PLAIN | NONE | YELLOW_GOLD | YELLOW_GOLD | imgs:3
[01:57:43][RADIANT] [50] OK NIV-4107910D9ED6C6B0 | CROWN | DOUBLE | NONE | PLAIN | NONE | WHITE_GOLD | WHITE_GOLD | imgs:3
[01:57:46][RADIANT] [51] OK NIV-7C9C23E8318D6522 | CROWN | DOUBLE | NONE | PLAIN | NONE | ROSE_GOLD | ROSE_GOLD | imgs:3
[01:57:50][RADIANT] [52] OK NIV-5DEE6E94B307DDC4 | CROWN | DOUBLE | U_PAVE | None | NONE | YELLOW_GOLD | YELLOW_GOLD | imgs:3
[01:57:52][RADIANT] [53] OK NIV-DD1E6769F38C236F | CROWN | DOUBLE | U_PAVE | None | NONE | WHITE_GOLD | WHITE_GOLD | imgs:3
[01:57:55][RADIANT] [54] OK NIV-96BB8BC1D128B029 | CROWN | DOUBLE | U_PAVE | None | NONE | ROSE_GOLD | ROSE_GOLD | imgs:3
[01:57:58][RADIANT] [55] OK NIV-4C977345F115D733 | CROWN | DOUBLE | CHANNEL | None | NONE | YELLOW_GOLD | YELLOW_GOLD | imgs:3
[01:58:01][RADIANT] [56] OK NIV-056EAB099F4CE32C | CROWN | DOUBLE | CHANNEL | None | NONE | WHITE_GOLD | WHITE_GOLD | imgs:3
[01:58:04][RADIANT] [57] OK NIV-93905B133A8C17D3 | CROWN | DOUBLE | CHANNEL | None | NONE | ROSE_GOLD | ROSE_GOLD | imgs:3
[01:58:07][RADIANT] [58] OK NIV-169CE8E783CE192E | CROWN | DOUBLE | PRONG | None | NONE | YELLOW_GOLD | YELLOW_GOLD | imgs:3
[01:58:10][RADIANT] [59] OK NIV-C91861DDA49ED06D | CROWN | DOUBLE | PRONG | None | NONE | WHITE_GOLD | WHITE_GOLD | imgs:3
[01:58:13][RADIANT] [60] OK NIV-FD64A491EA76751A | CROWN | DOUBLE | PRONG | None | NONE | ROSE_GOLD | ROSE_GOLD | imgs:3
[01:58:17][RADIANT] [61] OK NIV-D8921FEC6F0E1144 | CROWN | DOUBLE | BEAD | None | NONE | YELLOW_GOLD | YELLOW_GOLD | imgs:3
[01:58:19][RADIANT] [62] OK NIV-862E89D1F0B062D5 | CROWN | DOUBLE | BEAD | None | NONE | WHITE_GOLD | WHITE_GOLD | imgs:3
[01:58:22][RADIANT] [63] OK NIV-4884555BDF030C48 | CROWN | DOUBLE | BEAD | None | NONE | ROSE_GOLD | ROSE_GOLD | imgs:3
[01:58:27][RADIANT] [64] OK NIV-79B3A45F341F07D3 | CROWN | DOUBLE_TWIST | NONE | PLAIN | NONE | YELLOW_GOLD | YELLOW_GOLD | imgs:3
[01:58:29][RADIANT] [65] OK NIV-003CD0E3CB534D33 | CROWN | DOUBLE_TWIST | NONE | PLAIN | NONE | WHITE_GOLD | WHITE_GOLD | imgs:3
[01:58:31][RADIANT] [66] OK NIV-80E09AB323B052B1 | CROWN | DOUBLE_TWIST | NONE | PLAIN | NONE | ROSE_GOLD | ROSE_GOLD | imgs:3
[01:58:35][RADIANT] [67] OK NIV-529AF8EF1531D47D | CROWN | DOUBLE_TWIST | U_PAVE | None | NONE | YELLOW_GOLD | YELLOW_GOLD | imgs:3
[01:58:38][RADIANT] [68] OK NIV-E25FB338D722E28B | CROWN | DOUBLE_TWIST | U_PAVE | None | NONE | WHITE_GOLD | WHITE_GOLD | imgs:3
[01:58:40][RADIANT] [69] OK NIV-5E59C2D0D1A99024 | CROWN | DOUBLE_TWIST | U_PAVE | None | NONE | ROSE_GOLD | ROSE_GOLD | imgs:3
[01:58:44][RADIANT] [70] OK NIV-7ABDBDAB3822E0B4 | CROWN | DOUBLE_TWIST | CHANNEL | None | NONE | YELLOW_GOLD | YELLOW_GOLD | imgs:3
[01:58:46][RADIANT] [71] OK NIV-8ADA2CEFB26E825A | CROWN | DOUBLE_TWIST | CHANNEL | None | NONE | WHITE_GOLD | WHITE_GOLD | imgs:3
[01:58:49][RADIANT] [72] OK NIV-5E8D2349AD3F18C5 | CROWN | DOUBLE_TWIST | CHANNEL | None | NONE | ROSE_GOLD | ROSE_GOLD | imgs:3
[01:58:53][RADIANT] [73] OK NIV-4AA22A1707F0177C | CROWN | DOUBLE_TWIST | PRONG | None | NONE | YELLOW_GOLD | YELLOW_GOLD | imgs:3
[01:58:55][RADIANT] [74] OK NIV-8CB5A14A8B9FFCDD | CROWN | DOUBLE_TWIST | PRONG | None | NONE | WHITE_GOLD | WHITE_GOLD | imgs:3
[01:58:58][RADIANT] [75] OK NIV-CDEA8E5F72F44428 | CROWN | DOUBLE_TWIST | PRONG | None | NONE | ROSE_GOLD | ROSE_GOLD | imgs:3
[01:59:02][RADIANT] [76] OK NIV-D24090D8FCA8C375 | CROWN | DOUBLE_TWIST | BEAD | None | NONE | YELLOW_GOLD | YELLOW_GOLD | imgs:3
[01:59:04][RADIANT] [77] OK NIV-AEB2A36324472349 | CROWN | DOUBLE_TWIST | BEAD | None | NONE | WHITE_GOLD | WHITE_GOLD | imgs:3
[01:59:07][RADIANT] [78] OK NIV-9C2A7EFA52E71106 | CROWN | DOUBLE_TWIST | BEAD | None | NONE | ROSE_GOLD | ROSE_GOLD | imgs:3
[01:59:13][RADIANT]   Re-seleccionando RADIANT (intento 1)
[01:59:16][RADIANT] [79] OK NIV-0ECFF527DF4C3970 | CROWN | HIDDEN_HALO | CHANNEL | None | NONE | YELLOW_GOLD | YELLOW_GOLD | imgs:3
[01:59:19][RADIANT] [80] OK NIV-12DFC64A3D200681 | CROWN | HIDDEN_HALO | CHANNEL | None | NONE | WHITE_GOLD | WHITE_GOLD | imgs:3
[01:59:22][RADIANT] [81] OK NIV-81DCDA4F6A0D8054 | CROWN | HIDDEN_HALO | CHANNEL | None | NONE | ROSE_GOLD | ROSE_GOLD | imgs:3
[01:59:25][RADIANT] [82] OK NIV-B99CE8F4D3D7A017 | CROWN | HIDDEN_HALO | PRONG | None | NONE | YELLOW_GOLD | YELLOW_GOLD | imgs:3
[01:59:28][RADIANT] [83] OK NIV-65C67E0AD4129AB5 | CROWN | HIDDEN_HALO | PRONG | None | NONE | WHITE_GOLD | WHITE_GOLD | imgs:3
[01:59:31][RADIANT] [84] OK NIV-3891A0FCB92A82B5 | CROWN | HIDDEN_HALO | PRONG | None | NONE | ROSE_GOLD | ROSE_GOLD | imgs:3
[01:59:34][RADIANT] [85] OK NIV-5D733210E1A2EBE8 | CROWN | HIDDEN_HALO | BEAD | None | NONE | YELLOW_GOLD | YELLOW_GOLD | imgs:3
[01:59:37][RADIANT] [86] OK NIV-CE44DEA79DC4DD12 | CROWN | HIDDEN_HALO | BEAD | None | NONE | WHITE_GOLD | WHITE_GOLD | imgs:3
[01:59:40][RADIANT] [87] OK NIV-00528D4F2DCEA018 | CROWN | HIDDEN_HALO | BEAD | None | NONE | ROSE_GOLD | ROSE_GOLD | imgs:3
[01:59:43][RADIANT] [88] OK NIV-5F9F26471A0C7174 | CROWN | HIDDEN_HALO | PAVE | None | NONE | YELLOW_GOLD | YELLOW_GOLD | imgs:3
[01:59:46][RADIANT] [89] OK NIV-E9E3EA697C695D74 | CROWN | HIDDEN_HALO | PAVE | None | NONE | WHITE_GOLD | WHITE_GOLD | imgs:3
[01:59:49][RADIANT] [90] OK NIV-4E32F4866AA4B16A | CROWN | HIDDEN_HALO | PAVE | None | NONE | ROSE_GOLD | ROSE_GOLD | imgs:3
[01:59:53][RADIANT] [91] OK NIV-774FB04EEF4411FD | CROWN | SINGLE | NONE | PLAIN | NONE | YELLOW_GOLD | YELLOW_GOLD | imgs:3
[01:59:55][RADIANT] [92] OK NIV-1CAEF24B8B828F76 | CROWN | SINGLE | NONE | PLAIN | NONE | WHITE_GOLD | WHITE_GOLD | imgs:3
[01:59:58][RADIANT] [93] OK NIV-2C69825ED03D7371 | CROWN | SINGLE | NONE | PLAIN | NONE | ROSE_GOLD | ROSE_GOLD | imgs:3
[02:00:02][RADIANT] [94] OK NIV-159E93264A82935E | CROWN | SINGLE | U_PAVE | None | NONE | YELLOW_GOLD | YELLOW_GOLD | imgs:3
[02:00:05][RADIANT] [95] OK NIV-12B0DF0B788325E0 | CROWN | SINGLE | U_PAVE | None | NONE | WHITE_GOLD | WHITE_GOLD | imgs:3
[02:00:07][RADIANT] [96] OK NIV-C5DAC78C3DD22AF7 | CROWN | SINGLE | U_PAVE | None | NONE | ROSE_GOLD | ROSE_GOLD | imgs:3
[02:00:10][RADIANT] [97] OK NIV-0ECFF527DF4C3970 | CROWN | SINGLE | CHANNEL | None | NONE | YELLOW_GOLD | YELLOW_GOLD | imgs:3
[02:00:13][RADIANT] [98] OK NIV-12DFC64A3D200681 | CROWN | SINGLE | CHANNEL | None | NONE | WHITE_GOLD | WHITE_GOLD | imgs:3
[02:00:16][RADIANT] [99] OK NIV-81DCDA4F6A0D8054 | CROWN | SINGLE | CHANNEL | None | NONE | ROSE_GOLD | ROSE_GOLD | imgs:3
[02:00:19][RADIANT] [100] OK NIV-B99CE8F4D3D7A017 | CROWN | SINGLE | PRONG | None | NONE | YELLOW_GOLD | YELLOW_GOLD | imgs:3
[02:00:22][RADIANT] [101] OK NIV-65C67E0AD4129AB5 | CROWN | SINGLE | PRONG | None | NONE | WHITE_GOLD | WHITE_GOLD | imgs:3
[02:00:25][RADIANT] [102] OK NIV-3891A0FCB92A82B5 | CROWN | SINGLE | PRONG | None | NONE | ROSE_GOLD | ROSE_GOLD | imgs:3
[02:00:28][RADIANT] [103] OK NIV-5D733210E1A2EBE8 | CROWN | SINGLE | BEAD | None | NONE | YELLOW_GOLD | YELLOW_GOLD | imgs:3
[02:00:31][RADIANT] [104] OK NIV-CE44DEA79DC4DD12 | CROWN | SINGLE | BEAD | None | NONE | WHITE_GOLD | WHITE_GOLD | imgs:3
[02:00:34][RADIANT] [105] OK NIV-00528D4F2DCEA018 | CROWN | SINGLE | BEAD | None | NONE | ROSE_GOLD | ROSE_GOLD | imgs:3
[02:00:37][RADIANT] [106] OK NIV-5F9F26471A0C7174 | CROWN | SINGLE | PAVE | None | NONE | YELLOW_GOLD | YELLOW_GOLD | imgs:3
[02:00:40][RADIANT] [107] OK NIV-E9E3EA697C695D74 | CROWN | SINGLE | PAVE | None | NONE | WHITE_GOLD | WHITE_GOLD | imgs:3
[02:00:43][RADIANT] [108] OK NIV-4E32F4866AA4B16A | CROWN | SINGLE | PAVE | None | NONE | ROSE_GOLD | ROSE_GOLD | imgs:3
[02:00:47][RADIANT] [109] OK NIV-D98D38386FF568FD | CROWN | SPLIT | NONE | PLAIN | NONE | YELLOW_GOLD | YELLOW_GOLD | imgs:3
[02:00:50][RADIANT] [110] OK NIV-7B4CEDA0DCCFEA20 | CROWN | SPLIT | NONE | PLAIN | NONE | WHITE_GOLD | WHITE_GOLD | imgs:3
[02:00:52][RADIANT] [111] OK NIV-1C621280FCA15553 | CROWN | SPLIT | NONE | PLAIN | NONE | ROSE_GOLD | ROSE_GOLD | imgs:3
[02:00:55][RADIANT] [112] OK NIV-6229E04EC234DFC8 | CROWN | SPLIT | U_PAVE | None | NONE | YELLOW_GOLD | YELLOW_GOLD | imgs:3
[02:00:58][RADIANT] [113] OK NIV-C7C13A5F7E15DA97 | CROWN | SPLIT | U_PAVE | None | NONE | WHITE_GOLD | WHITE_GOLD | imgs:3
[02:01:01][RADIANT] [114] OK NIV-CE4697E06D16860D | CROWN | SPLIT | U_PAVE | None | NONE | ROSE_GOLD | ROSE_GOLD | imgs:3
[02:01:05][RADIANT] [115] OK NIV-F89B56B10DFFC59E | CROWN | SPLIT | PRONG | None | NONE | YELLOW_GOLD | YELLOW_GOLD | imgs:3
[02:01:08][RADIANT] [116] OK NIV-2C20E657842FBE59 | CROWN | SPLIT | PRONG | None | NONE | WHITE_GOLD | WHITE_GOLD | imgs:3
[02:01:10][RADIANT] [117] OK NIV-B52BB19AA88DF61F | CROWN | SPLIT | PRONG | None | NONE | ROSE_GOLD | ROSE_GOLD | imgs:3
[02:01:14][RADIANT] [118] OK NIV-8D621FC409ADAE95 | CROWN | SPLIT | BEAD | None | NONE | YELLOW_GOLD | YELLOW_GOLD | imgs:3
[02:01:16][RADIANT] [119] OK NIV-89EC1ECF0162419C | CROWN | SPLIT | BEAD | None | NONE | WHITE_GOLD | WHITE_GOLD | imgs:3
[02:01:19][RADIANT] [120] OK NIV-2CBEA4376C695E30 | CROWN | SPLIT | BEAD | None | NONE | ROSE_GOLD | ROSE_GOLD | imgs:3
[02:01:25][RADIANT]   Re-seleccionando RADIANT (intento 1)
[02:01:28][RADIANT] [121] OK NIV-0ECFF527DF4C3970 | CROWN | SQUARE_EDGE | CHANNEL | None | NONE | YELLOW_GOLD | YELLOW_GOLD | imgs:3
[02:01:31][RADIANT] [122] OK NIV-12DFC64A3D200681 | CROWN | SQUARE_EDGE | CHANNEL | None | NONE | WHITE_GOLD | WHITE_GOLD | imgs:3
[02:01:34][RADIANT] [123] OK NIV-81DCDA4F6A0D8054 | CROWN | SQUARE_EDGE | CHANNEL | None | NONE | ROSE_GOLD | ROSE_GOLD | imgs:3
[02:01:37][RADIANT] [124] OK NIV-B99CE8F4D3D7A017 | CROWN | SQUARE_EDGE | PRONG | None | NONE | YELLOW_GOLD | YELLOW_GOLD | imgs:3
[02:01:40][RADIANT] [125] OK NIV-65C67E0AD4129AB5 | CROWN | SQUARE_EDGE | PRONG | None | NONE | WHITE_GOLD | WHITE_GOLD | imgs:3
[02:01:43][RADIANT] [126] OK NIV-3891A0FCB92A82B5 | CROWN | SQUARE_EDGE | PRONG | None | NONE | ROSE_GOLD | ROSE_GOLD | imgs:3
[02:01:46][RADIANT] [127] OK NIV-5D733210E1A2EBE8 | CROWN | SQUARE_EDGE | BEAD | None | NONE | YELLOW_GOLD | YELLOW_GOLD | imgs:3
[02:01:49][RADIANT] [128] OK NIV-CE44DEA79DC4DD12 | CROWN | SQUARE_EDGE | BEAD | None | NONE | WHITE_GOLD | WHITE_GOLD | imgs:3
[02:01:52][RADIANT] [129] OK NIV-00528D4F2DCEA018 | CROWN | SQUARE_EDGE | BEAD | None | NONE | ROSE_GOLD | ROSE_GOLD | imgs:3
[02:01:55][RADIANT] [130] OK NIV-5F9F26471A0C7174 | CROWN | SQUARE_EDGE | PAVE | None | NONE | YELLOW_GOLD | YELLOW_GOLD | imgs:3
[02:01:58][RADIANT] [131] OK NIV-E9E3EA697C695D74 | CROWN | SQUARE_EDGE | PAVE | None | NONE | WHITE_GOLD | WHITE_GOLD | imgs:3
[02:02:01][RADIANT] [132] OK NIV-4E32F4866AA4B16A | CROWN | SQUARE_EDGE | PAVE | None | NONE | ROSE_GOLD | ROSE_GOLD | imgs:3
[02:02:07][RADIANT]   Re-seleccionando RADIANT (intento 1)
[02:02:10][RADIANT] [133] OK NIV-0ECFF527DF4C3970 | CROWN | TAPERED | CHANNEL | None | NONE | YELLOW_GOLD | YELLOW_GOLD | imgs:3
[02:02:13][RADIANT] [134] OK NIV-12DFC64A3D200681 | CROWN | TAPERED | CHANNEL | None | NONE | WHITE_GOLD | WHITE_GOLD | imgs:3
[02:02:16][RADIANT] [135] OK NIV-81DCDA4F6A0D8054 | CROWN | TAPERED | CHANNEL | None | NONE | ROSE_GOLD | ROSE_GOLD | imgs:3
[02:02:19][RADIANT] [136] OK NIV-B99CE8F4D3D7A017 | CROWN | TAPERED | PRONG | None | NONE | YELLOW_GOLD | YELLOW_GOLD | imgs:3
[02:02:22][RADIANT] [137] OK NIV-65C67E0AD4129AB5 | CROWN | TAPERED | PRONG | None | NONE | WHITE_GOLD | WHITE_GOLD | imgs:3
[02:02:25][RADIANT] [138] OK NIV-3891A0FCB92A82B5 | CROWN | TAPERED | PRONG | None | NONE | ROSE_GOLD | ROSE_GOLD | imgs:3
[02:02:28][RADIANT] [139] OK NIV-5D733210E1A2EBE8 | CROWN | TAPERED | BEAD | None | NONE | YELLOW_GOLD | YELLOW_GOLD | imgs:3
[02:02:31][RADIANT] [140] OK NIV-CE44DEA79DC4DD12 | CROWN | TAPERED | BEAD | None | NONE | WHITE_GOLD | WHITE_GOLD | imgs:3
[02:02:34][RADIANT] [141] OK NIV-00528D4F2DCEA018 | CROWN | TAPERED | BEAD | None | NONE | ROSE_GOLD | ROSE_GOLD | imgs:3
[02:02:37][RADIANT] [142] OK NIV-5F9F26471A0C7174 | CROWN | TAPERED | PAVE | None | NONE | YELLOW_GOLD | YELLOW_GOLD | imgs:3
[02:02:40][RADIANT] [143] OK NIV-E9E3EA697C695D74 | CROWN | TAPERED | PAVE | None | NONE | WHITE_GOLD | WHITE_GOLD | imgs:3
[02:02:43][RADIANT] [144] OK NIV-4E32F4866AA4B16A | CROWN | TAPERED | PAVE | None | NONE | ROSE_GOLD | ROSE_GOLD | imgs:3
[02:02:43][RADIANT]   Configurando fijos: GOLD / KT_18 / LABGROWN_DIAMOND / 1ct
[02:02:45][RADIANT]   Fijos configurados OK
[02:02:50][RADIANT] [145] OK NIV-6E7BBBE891491B9A | DOUBLE_HALO | CONTEMPORARY | U_PAVE | None | NONE | YELLOW_GOLD | YELLOW_GOLD | imgs:3
[02:02:52][RADIANT] [146] OK NIV-54312BBBBDEB295C | DOUBLE_HALO | CONTEMPORARY | U_PAVE | None | NONE | WHITE_GOLD | WHITE_GOLD | imgs:3
[02:02:55][RADIANT] [147] OK NIV-3A7B732D219B9557 | DOUBLE_HALO | CONTEMPORARY | U_PAVE | None | NONE | ROSE_GOLD | ROSE_GOLD | imgs:3
[02:02:59][RADIANT] [148] OK NIV-9A858D91E5F82A6C | DOUBLE_HALO | CONTEMPORARY | CHANNEL | None | NONE | YELLOW_GOLD | YELLOW_GOLD | imgs:3
[02:03:01][RADIANT] [149] OK NIV-B72777F82311BD40 | DOUBLE_HALO | CONTEMPORARY | CHANNEL | None | NONE | WHITE_GOLD | WHITE_GOLD | imgs:3
[02:03:04][RADIANT] [150] OK NIV-CD0F22EB35D737D6 | DOUBLE_HALO | CONTEMPORARY | CHANNEL | None | NONE | ROSE_GOLD | ROSE_GOLD | imgs:3
[02:03:08][RADIANT] [151] OK NIV-E993C78A7535F063 | DOUBLE_HALO | CONTEMPORARY | PRONG | None | NONE | YELLOW_GOLD | YELLOW_GOLD | imgs:3
[02:03:11][RADIANT] [152] OK NIV-DDB6999A1448A4E0 | DOUBLE_HALO | CONTEMPORARY | PRONG | None | NONE | WHITE_GOLD | WHITE_GOLD | imgs:3
[02:03:17][RADIANT] [153] OK NIV-8A804DC0B8F76849 | DOUBLE_HALO | CONTEMPORARY | PRONG | None | NONE | ROSE_GOLD | ROSE_GOLD | imgs:3
[02:03:20][RADIANT] [154] OK NIV-0856A64B062CB5FB | DOUBLE_HALO | CONTEMPORARY | BEAD | None | NONE | YELLOW_GOLD | YELLOW_GOLD | imgs:3
[02:03:23][RADIANT] [155] OK NIV-9E69FFEFACBE84C8 | DOUBLE_HALO | CONTEMPORARY | BEAD | None | NONE | WHITE_GOLD | WHITE_GOLD | imgs:3
[02:03:25][RADIANT] [156] OK NIV-E3136A2A9792DF4F | DOUBLE_HALO | CONTEMPORARY | BEAD | None | NONE | ROSE_GOLD | ROSE_GOLD | imgs:3
[02:03:30][RADIANT] [157] OK NIV-F7954BC0204F6C05 | DOUBLE_HALO | DOUBLE | NONE | PLAIN | NONE | YELLOW_GOLD | YELLOW_GOLD | imgs:3
[02:03:32][RADIANT] [158] OK NIV-1D12180DC5C62ECF | DOUBLE_HALO | DOUBLE | NONE | PLAIN | NONE | WHITE_GOLD | WHITE_GOLD | imgs:3
[02:03:34][RADIANT] [159] OK NIV-5B7C3597065544C3 | DOUBLE_HALO | DOUBLE | NONE | PLAIN | NONE | ROSE_GOLD | ROSE_GOLD | imgs:3
[02:03:37][RADIANT] [160] OK NIV-101FD9980E6884E9 | DOUBLE_HALO | DOUBLE | U_PAVE | None | NONE | YELLOW_GOLD | YELLOW_GOLD | imgs:3
[02:03:40][RADIANT] [161] OK NIV-1352636894D21EB5 | DOUBLE_HALO | DOUBLE | U_PAVE | None | NONE | WHITE_GOLD | WHITE_GOLD | imgs:3
[02:03:43][RADIANT] [162] OK NIV-0C23653C2B5EE0DB | DOUBLE_HALO | DOUBLE | U_PAVE | None | NONE | ROSE_GOLD | ROSE_GOLD | imgs:3
[02:03:46][RADIANT] [163] OK NIV-735F78B84AE3737E | DOUBLE_HALO | DOUBLE | CHANNEL | None | NONE | YELLOW_GOLD | YELLOW_GOLD | imgs:3
[02:03:49][RADIANT] [164] OK NIV-FC05C24A9AE146CC | DOUBLE_HALO | DOUBLE | CHANNEL | None | NONE | WHITE_GOLD | WHITE_GOLD | imgs:3
[02:03:52][RADIANT] [165] OK NIV-4E823E8DCD0F6A25 | DOUBLE_HALO | DOUBLE | CHANNEL | None | NONE | ROSE_GOLD | ROSE_GOLD | imgs:3
[02:03:55][RADIANT] [166] OK NIV-124FEF9D671BFD72 | DOUBLE_HALO | DOUBLE | PRONG | None | NONE | YELLOW_GOLD | YELLOW_GOLD | imgs:3
[02:03:59][RADIANT] [167] OK NIV-F3E64345258F6404 | DOUBLE_HALO | DOUBLE | PRONG | None | NONE | WHITE_GOLD | WHITE_GOLD | imgs:3
[02:04:02][RADIANT] [168] OK NIV-F5C23EFCCB948520 | DOUBLE_HALO | DOUBLE | PRONG | None | NONE | ROSE_GOLD | ROSE_GOLD | imgs:3
[02:04:05][RADIANT] [169] OK NIV-EAB5040B8F722DC7 | DOUBLE_HALO | DOUBLE | BEAD | None | NONE | YELLOW_GOLD | YELLOW_GOLD | imgs:3
[02:04:08][RADIANT] [170] OK NIV-CCDAD72FACEA4300 | DOUBLE_HALO | DOUBLE | BEAD | None | NONE | WHITE_GOLD | WHITE_GOLD | imgs:3
[02:04:10][RADIANT] [171] OK NIV-285E924795431DFD | DOUBLE_HALO | DOUBLE | BEAD | None | NONE | ROSE_GOLD | ROSE_GOLD | imgs:3
[02:04:15][RADIANT] [172] OK NIV-40F83E06264DB252 | DOUBLE_HALO | DOUBLE_TWIST | NONE | PLAIN | NONE | YELLOW_GOLD | YELLOW_GOLD | imgs:3
[02:04:17][RADIANT] [173] OK NIV-28D7196A6A3BEED2 | DOUBLE_HALO | DOUBLE_TWIST | NONE | PLAIN | NONE | WHITE_GOLD | WHITE_GOLD | imgs:3
[02:04:19][RADIANT] [174] OK NIV-85E08F147CD70638 | DOUBLE_HALO | DOUBLE_TWIST | NONE | PLAIN | NONE | ROSE_GOLD | ROSE_GOLD | imgs:3
[02:04:23][RADIANT] [175] OK NIV-D295C4DCCDFE392C | DOUBLE_HALO | DOUBLE_TWIST | U_PAVE | None | NONE | YELLOW_GOLD | YELLOW_GOLD | imgs:3
[02:04:25][RADIANT] [176] OK NIV-6375AB2B2723FDDD | DOUBLE_HALO | DOUBLE_TWIST | U_PAVE | None | NONE | WHITE_GOLD | WHITE_GOLD | imgs:3
[02:04:28][RADIANT] [177] OK NIV-0F41CE040A699EE7 | DOUBLE_HALO | DOUBLE_TWIST | U_PAVE | None | NONE | ROSE_GOLD | ROSE_GOLD | imgs:3
[02:04:32][RADIANT] [178] OK NIV-922BAFBE35D56656 | DOUBLE_HALO | DOUBLE_TWIST | CHANNEL | None | NONE | YELLOW_GOLD | YELLOW_GOLD | imgs:3
[02:04:34][RADIANT] [179] OK NIV-4E12D137B768111D | DOUBLE_HALO | DOUBLE_TWIST | CHANNEL | None | NONE | WHITE_GOLD | WHITE_GOLD | imgs:3
[02:04:37][RADIANT] [180] OK NIV-D86DC23096EC20E2 | DOUBLE_HALO | DOUBLE_TWIST | CHANNEL | None | NONE | ROSE_GOLD | ROSE_GOLD | imgs:3
[02:04:41][RADIANT] [181] OK NIV-DC89A49C46B9A221 | DOUBLE_HALO | DOUBLE_TWIST | PRONG | None | NONE | YELLOW_GOLD | YELLOW_GOLD | imgs:3
[02:04:43][RADIANT] [182] OK NIV-905B81F9BAC16F4E | DOUBLE_HALO | DOUBLE_TWIST | PRONG | None | NONE | WHITE_GOLD | WHITE_GOLD | imgs:3
[02:04:46][RADIANT] [183] OK NIV-1587CA6EFDA697B4 | DOUBLE_HALO | DOUBLE_TWIST | PRONG | None | NONE | ROSE_GOLD | ROSE_GOLD | imgs:3
[02:04:50][RADIANT] [184] OK NIV-6B79285A74B1A072 | DOUBLE_HALO | DOUBLE_TWIST | BEAD | None | NONE | YELLOW_GOLD | YELLOW_GOLD | imgs:3
[02:04:52][RADIANT] [185] OK NIV-A90756F5B40C2C86 | DOUBLE_HALO | DOUBLE_TWIST | BEAD | None | NONE | WHITE_GOLD | WHITE_GOLD | imgs:3
[02:04:55][RADIANT] [186] OK NIV-FF87B79B24E72C19 | DOUBLE_HALO | DOUBLE_TWIST | BEAD | None | NONE | ROSE_GOLD | ROSE_GOLD | imgs:3
[02:04:59][RADIANT] [187] OK NIV-92E7FAC63F2510B0 | DOUBLE_HALO | SINGLE | NONE | PLAIN | NONE | YELLOW_GOLD | YELLOW_GOLD | imgs:3
[02:05:02][RADIANT] [188] OK NIV-6AA9539CBBF73148 | DOUBLE_HALO | SINGLE | NONE | PLAIN | NONE | WHITE_GOLD | WHITE_GOLD | imgs:3
[02:05:04][RADIANT] [189] OK NIV-E3984E7FC4E3275E | DOUBLE_HALO | SINGLE | NONE | PLAIN | NONE | ROSE_GOLD | ROSE_GOLD | imgs:3
[02:05:07][RADIANT] [190] OK NIV-C5EF946C28BD9E5E | DOUBLE_HALO | SINGLE | U_PAVE | None | NONE | YELLOW_GOLD | YELLOW_GOLD | imgs:3
[02:05:10][RADIANT] [191] OK NIV-0C7904995D21F216 | DOUBLE_HALO | SINGLE | U_PAVE | None | NONE | WHITE_GOLD | WHITE_GOLD | imgs:3
[02:05:13][RADIANT] [192] OK NIV-8E46C6D702892E93 | DOUBLE_HALO | SINGLE | U_PAVE | None | NONE | ROSE_GOLD | ROSE_GOLD | imgs:3
[02:05:17][RADIANT] [193] OK NIV-7359B8E8246DDB96 | DOUBLE_HALO | SINGLE | CHANNEL | None | NONE | YELLOW_GOLD | YELLOW_GOLD | imgs:3
[02:05:19][RADIANT] [194] OK NIV-6459CFF04249D273 | DOUBLE_HALO | SINGLE | CHANNEL | None | NONE | WHITE_GOLD | WHITE_GOLD | imgs:3
[02:05:22][RADIANT] [195] OK NIV-CA7FB394F75BFF05 | DOUBLE_HALO | SINGLE | CHANNEL | None | NONE | ROSE_GOLD | ROSE_GOLD | imgs:3
[02:05:26][RADIANT] [196] OK NIV-EB58C263C1664742 | DOUBLE_HALO | SINGLE | PRONG | None | NONE | YELLOW_GOLD | YELLOW_GOLD | imgs:3
[02:05:28][RADIANT] [197] OK NIV-B83F1638C01E9C81 | DOUBLE_HALO | SINGLE | PRONG | None | NONE | WHITE_GOLD | WHITE_GOLD | imgs:3
[02:05:31][RADIANT] [198] OK NIV-2833C3E1A75E3550 | DOUBLE_HALO | SINGLE | PRONG | None | NONE | ROSE_GOLD | ROSE_GOLD | imgs:3
[02:05:34][RADIANT] [199] OK NIV-1B54B08C90DC5CB5 | DOUBLE_HALO | SINGLE | BEAD | None | NONE | YELLOW_GOLD | YELLOW_GOLD | imgs:3
[02:05:37][RADIANT] [200] OK NIV-CFCB6AA8C275DD8F | DOUBLE_HALO | SINGLE | BEAD | None | NONE | WHITE_GOLD | WHITE_GOLD | imgs:3
[02:05:40][RADIANT] [201] OK NIV-63DC4EC9CFAC3C0D | DOUBLE_HALO | SINGLE | BEAD | None | NONE | ROSE_GOLD | ROSE_GOLD | imgs:3
[02:05:44][RADIANT] [202] OK NIV-82B2E2EAB8573C06 | DOUBLE_HALO | SINGLE | PAVE | None | NONE | YELLOW_GOLD | YELLOW_GOLD | imgs:3
[02:05:46][RADIANT] [203] OK NIV-7C84F0FADF705F1F | DOUBLE_HALO | SINGLE | PAVE | None | NONE | WHITE_GOLD | WHITE_GOLD | imgs:3
[02:05:49][RADIANT] [204] OK NIV-BC0E380C164FA2C6 | DOUBLE_HALO | SINGLE | PAVE | None | NONE | ROSE_GOLD | ROSE_GOLD | imgs:3
[02:05:53][RADIANT] [205] OK NIV-F94D5D4EA1CE981C | DOUBLE_HALO | SPLIT | NONE | PLAIN | NONE | YELLOW_GOLD | YELLOW_GOLD | imgs:3
[02:05:56][RADIANT] [206] OK NIV-9C70F4DE1D7D4428 | DOUBLE_HALO | SPLIT | NONE | PLAIN | NONE | WHITE_GOLD | WHITE_GOLD | imgs:3
[02:05:58][RADIANT] [207] OK NIV-F2D319CDA3F59406 | DOUBLE_HALO | SPLIT | NONE | PLAIN | NONE | ROSE_GOLD | ROSE_GOLD | imgs:3
[02:06:01][RADIANT] [208] OK NIV-B545205884365C3D | DOUBLE_HALO | SPLIT | U_PAVE | None | NONE | YELLOW_GOLD | YELLOW_GOLD | imgs:3
[02:06:04][RADIANT] [209] OK NIV-53FDC2CA40B64B65 | DOUBLE_HALO | SPLIT | U_PAVE | None | NONE | WHITE_GOLD | WHITE_GOLD | imgs:3
[02:06:07][RADIANT] [210] OK NIV-F0733D5591978DE8 | DOUBLE_HALO | SPLIT | U_PAVE | None | NONE | ROSE_GOLD | ROSE_GOLD | imgs:3
[02:06:11][RADIANT] [211] OK NIV-367E48403A7EAF68 | DOUBLE_HALO | SPLIT | PRONG | None | NONE | YELLOW_GOLD | YELLOW_GOLD | imgs:3
[02:06:13][RADIANT] [212] OK NIV-BCA0FFE3DDE43996 | DOUBLE_HALO | SPLIT | PRONG | None | NONE | WHITE_GOLD | WHITE_GOLD | imgs:3
[02:06:16][RADIANT] [213] OK NIV-D57A6F68E5CFEA1C | DOUBLE_HALO | SPLIT | PRONG | None | NONE | ROSE_GOLD | ROSE_GOLD | imgs:3
[02:06:20][RADIANT] [214] OK NIV-D86C340F422FD8F8 | DOUBLE_HALO | SPLIT | BEAD | None | NONE | YELLOW_GOLD | YELLOW_GOLD | imgs:3
[02:06:22][RADIANT] [215] OK NIV-C58E1994E6FEA9D5 | DOUBLE_HALO | SPLIT | BEAD | None | NONE | WHITE_GOLD | WHITE_GOLD | imgs:3
[02:06:25][RADIANT] [216] OK NIV-AB9C450EE23DEA6D | DOUBLE_HALO | SPLIT | BEAD | None | NONE | ROSE_GOLD | ROSE_GOLD | imgs:3
[02:06:31][RADIANT]   Re-seleccionando RADIANT (intento 1)
[02:06:34][RADIANT] [217] OK NIV-0ECFF527DF4C3970 | DOUBLE_HALO | SQUARE_EDGE | CHANNEL | None | NONE | YELLOW_GOLD | YELLOW_GOLD | imgs:3
[02:06:37][RADIANT] [218] OK NIV-12DFC64A3D200681 | DOUBLE_HALO | SQUARE_EDGE | CHANNEL | None | NONE | WHITE_GOLD | WHITE_GOLD | imgs:3
[02:06:40][RADIANT] [219] OK NIV-81DCDA4F6A0D8054 | DOUBLE_HALO | SQUARE_EDGE | CHANNEL | None | NONE | ROSE_GOLD | ROSE_GOLD | imgs:3
[02:06:43][RADIANT] [220] OK NIV-B99CE8F4D3D7A017 | DOUBLE_HALO | SQUARE_EDGE | PRONG | None | NONE | YELLOW_GOLD | YELLOW_GOLD | imgs:3
[02:06:46][RADIANT] [221] OK NIV-65C67E0AD4129AB5 | DOUBLE_HALO | SQUARE_EDGE | PRONG | None | NONE | WHITE_GOLD | WHITE_GOLD | imgs:3
[02:06:49][RADIANT] [222] OK NIV-3891A0FCB92A82B5 | DOUBLE_HALO | SQUARE_EDGE | PRONG | None | NONE | ROSE_GOLD | ROSE_GOLD | imgs:3
[02:06:52][RADIANT] [223] OK NIV-5D733210E1A2EBE8 | DOUBLE_HALO | SQUARE_EDGE | BEAD | None | NONE | YELLOW_GOLD | YELLOW_GOLD | imgs:3
[02:06:55][RADIANT] [224] OK NIV-CE44DEA79DC4DD12 | DOUBLE_HALO | SQUARE_EDGE | BEAD | None | NONE | WHITE_GOLD | WHITE_GOLD | imgs:3
[02:06:58][RADIANT] [225] OK NIV-00528D4F2DCEA018 | DOUBLE_HALO | SQUARE_EDGE | BEAD | None | NONE | ROSE_GOLD | ROSE_GOLD | imgs:3
[02:07:01][RADIANT] [226] OK NIV-5F9F26471A0C7174 | DOUBLE_HALO | SQUARE_EDGE | PAVE | None | NONE | YELLOW_GOLD | YELLOW_GOLD | imgs:3
[02:07:04][RADIANT] [227] OK NIV-E9E3EA697C695D74 | DOUBLE_HALO | SQUARE_EDGE | PAVE | None | NONE | WHITE_GOLD | WHITE_GOLD | imgs:3
[02:07:07][RADIANT] [228] OK NIV-4E32F4866AA4B16A | DOUBLE_HALO | SQUARE_EDGE | PAVE | None | NONE | ROSE_GOLD | ROSE_GOLD | imgs:3
[02:07:14][RADIANT] [229] OK NIV-B5D643FCF565D326 | DOUBLE_HALO | TAPERED | U_PAVE | None | NONE | YELLOW_GOLD | YELLOW_GOLD | imgs:3
[02:07:16][RADIANT] [230] OK NIV-0C365A16B5569CED | DOUBLE_HALO | TAPERED | U_PAVE | None | NONE | WHITE_GOLD | WHITE_GOLD | imgs:3
[02:07:19][RADIANT] [231] OK NIV-8AECE0FC5FFA7E15 | DOUBLE_HALO | TAPERED | U_PAVE | None | NONE | ROSE_GOLD | ROSE_GOLD | imgs:3
[02:07:23][RADIANT] [232] OK NIV-59F46FFEF91A990C | DOUBLE_HALO | TAPERED | CHANNEL | None | NONE | YELLOW_GOLD | YELLOW_GOLD | imgs:3
[02:07:25][RADIANT] [233] OK NIV-C9F2414795527658 | DOUBLE_HALO | TAPERED | CHANNEL | None | NONE | WHITE_GOLD | WHITE_GOLD | imgs:3
[02:07:28][RADIANT] [234] OK NIV-29B59941321CE8F0 | DOUBLE_HALO | TAPERED | CHANNEL | None | NONE | ROSE_GOLD | ROSE_GOLD | imgs:3
[02:07:32][RADIANT] [235] OK NIV-3AD7B7A3B26B3C4C | DOUBLE_HALO | TAPERED | PRONG | None | NONE | YELLOW_GOLD | YELLOW_GOLD | imgs:3
[02:07:35][RADIANT] [236] OK NIV-77DC671354ECAEA4 | DOUBLE_HALO | TAPERED | PRONG | None | NONE | WHITE_GOLD | WHITE_GOLD | imgs:3
[02:07:37][RADIANT] [237] OK NIV-8065398F3D250D92 | DOUBLE_HALO | TAPERED | PRONG | None | NONE | ROSE_GOLD | ROSE_GOLD | imgs:3
[02:07:41][RADIANT] [238] OK NIV-37D65C46D5370CA8 | DOUBLE_HALO | TAPERED | BEAD | None | NONE | YELLOW_GOLD | YELLOW_GOLD | imgs:3
[02:07:43][RADIANT] [239] OK NIV-06165C4EE7FE8233 | DOUBLE_HALO | TAPERED | BEAD | None | NONE | WHITE_GOLD | WHITE_GOLD | imgs:3
[02:07:46][RADIANT] [240] OK NIV-251849A3CCBD07C0 | DOUBLE_HALO | TAPERED | BEAD | None | NONE | ROSE_GOLD | ROSE_GOLD | imgs:3
[02:07:50][RADIANT] [241] OK NIV-00B4B7B5B0A3A86B | DOUBLE_HALO | TAPERED | PAVE | None | NONE | YELLOW_GOLD | YELLOW_GOLD | imgs:3
[02:07:52][RADIANT] [242] OK NIV-B8AEDA1897EA204C | DOUBLE_HALO | TAPERED | PAVE | None | NONE | WHITE_GOLD | WHITE_GOLD | imgs:3
[02:07:55][RADIANT] [243] OK NIV-BE1E5C1F97B41AA6 | DOUBLE_HALO | TAPERED | PAVE | None | NONE | ROSE_GOLD | ROSE_GOLD | imgs:3
[02:07:55][RADIANT]   Configurando fijos: GOLD / KT_18 / LABGROWN_DIAMOND / 1ct
[02:07:57][RADIANT]   Fijos configurados OK
[02:08:02][RADIANT] [244] OK NIV-FFB70126EE9E83FA | FLOWER_HALO | CONTEMPORARY | U_PAVE | None | NONE | YELLOW_GOLD | YELLOW_GOLD | imgs:3
[02:08:04][RADIANT] [245] OK NIV-0806F1F3FCA966F5 | FLOWER_HALO | CONTEMPORARY | U_PAVE | None | NONE | WHITE_GOLD | WHITE_GOLD | imgs:3
[02:08:07][RADIANT] [246] OK NIV-4E0626F90744F3F0 | FLOWER_HALO | CONTEMPORARY | U_PAVE | None | NONE | ROSE_GOLD | ROSE_GOLD | imgs:3
[02:08:14][RADIANT] [247] OK NIV-FF0693044D42E8F4 | FLOWER_HALO | CONTEMPORARY | CHANNEL | None | NONE | YELLOW_GOLD | YELLOW_GOLD | imgs:3
[02:08:20][RADIANT] [248] OK NIV-B13D918C4645EE60 | FLOWER_HALO | CONTEMPORARY | CHANNEL | None | NONE | WHITE_GOLD | WHITE_GOLD | imgs:3
[02:08:34][RADIANT] [249] OK NIV-C2AC18AAE8B0A3A7 | FLOWER_HALO | CONTEMPORARY | CHANNEL | None | NONE | ROSE_GOLD | ROSE_GOLD | imgs:3
[02:08:37][RADIANT] [250] OK NIV-EE5C54CB9D53F7C3 | FLOWER_HALO | CONTEMPORARY | PRONG | None | NONE | YELLOW_GOLD | YELLOW_GOLD | imgs:3
[02:08:41][RADIANT] [251] OK NIV-DADBD669E8D8008A | FLOWER_HALO | CONTEMPORARY | PRONG | None | NONE | WHITE_GOLD | WHITE_GOLD | imgs:3
[02:08:43][RADIANT] [252] OK NIV-61368B28A766DEC7 | FLOWER_HALO | CONTEMPORARY | PRONG | None | NONE | ROSE_GOLD | ROSE_GOLD | imgs:3
[02:08:47][RADIANT] [253] OK NIV-AA34731DE4E5182A | FLOWER_HALO | CONTEMPORARY | BEAD | None | NONE | YELLOW_GOLD | YELLOW_GOLD | imgs:3
[02:08:51][RADIANT] [254] OK NIV-A3A8158485B688FC | FLOWER_HALO | CONTEMPORARY | BEAD | None | NONE | WHITE_GOLD | WHITE_GOLD | imgs:3
[02:08:55][RADIANT] [255] OK NIV-08E258A6990381E3 | FLOWER_HALO | CONTEMPORARY | BEAD | None | NONE | ROSE_GOLD | ROSE_GOLD | imgs:3
[02:08:59][RADIANT] [256] OK NIV-1E44462B8C1739C5 | FLOWER_HALO | DOUBLE | NONE | PLAIN | NONE | YELLOW_GOLD | YELLOW_GOLD | imgs:3
[02:09:02][RADIANT] [257] OK NIV-BBB870EDEB89E5F7 | FLOWER_HALO | DOUBLE | NONE | PLAIN | NONE | WHITE_GOLD | WHITE_GOLD | imgs:3
[02:09:04][RADIANT] [258] OK NIV-AE4B7CF81F143396 | FLOWER_HALO | DOUBLE | NONE | PLAIN | NONE | ROSE_GOLD | ROSE_GOLD | imgs:3
[02:09:08][RADIANT] [259] OK NIV-83B1940B784A043E | FLOWER_HALO | DOUBLE | U_PAVE | None | NONE | YELLOW_GOLD | YELLOW_GOLD | imgs:3
[02:09:11][RADIANT] [260] OK NIV-0401360E8257539F | FLOWER_HALO | DOUBLE | U_PAVE | None | NONE | WHITE_GOLD | WHITE_GOLD | imgs:3
[02:09:13][RADIANT] [261] OK NIV-7E5B52548854B409 | FLOWER_HALO | DOUBLE | U_PAVE | None | NONE | ROSE_GOLD | ROSE_GOLD | imgs:3
[02:09:17][RADIANT] [262] OK NIV-FE38E4BE7B4A0235 | FLOWER_HALO | DOUBLE | CHANNEL | None | NONE | YELLOW_GOLD | YELLOW_GOLD | imgs:3
[02:09:19][RADIANT] [263] OK NIV-1794D8AB8859D108 | FLOWER_HALO | DOUBLE | CHANNEL | None | NONE | WHITE_GOLD | WHITE_GOLD | imgs:3
[02:09:22][RADIANT] [264] OK NIV-88D8F846F15966A0 | FLOWER_HALO | DOUBLE | CHANNEL | None | NONE | ROSE_GOLD | ROSE_GOLD | imgs:3
[02:09:25][RADIANT] [265] OK NIV-25AEBEEE8D022501 | FLOWER_HALO | DOUBLE | PRONG | None | NONE | YELLOW_GOLD | YELLOW_GOLD | imgs:3
[02:09:28][RADIANT] [266] OK NIV-B6B2010E28560A8C | FLOWER_HALO | DOUBLE | PRONG | None | NONE | WHITE_GOLD | WHITE_GOLD | imgs:3
[02:09:31][RADIANT] [267] OK NIV-8269B9BD2648ADDA | FLOWER_HALO | DOUBLE | PRONG | None | NONE | ROSE_GOLD | ROSE_GOLD | imgs:3
[02:09:35][RADIANT] [268] OK NIV-8109E7317F6F6180 | FLOWER_HALO | DOUBLE | BEAD | None | NONE | YELLOW_GOLD | YELLOW_GOLD | imgs:3
[02:09:38][RADIANT] [269] OK NIV-43EB602EDD8B8D1B | FLOWER_HALO | DOUBLE | BEAD | None | NONE | WHITE_GOLD | WHITE_GOLD | imgs:3
[02:09:40][RADIANT] [270] OK NIV-0AEF5116A6E04FB3 | FLOWER_HALO | DOUBLE | BEAD | None | NONE | ROSE_GOLD | ROSE_GOLD | imgs:3
[02:09:45][RADIANT] [271] OK NIV-2525B11B40F55263 | FLOWER_HALO | DOUBLE_TWIST | NONE | PLAIN | NONE | YELLOW_GOLD | YELLOW_GOLD | imgs:3
[02:09:47][RADIANT] [272] OK NIV-6F86ADAAB6A544C9 | FLOWER_HALO | DOUBLE_TWIST | NONE | PLAIN | NONE | WHITE_GOLD | WHITE_GOLD | imgs:3
[02:09:50][RADIANT] [273] OK NIV-D273CF39DE55BD35 | FLOWER_HALO | DOUBLE_TWIST | NONE | PLAIN | NONE | ROSE_GOLD | ROSE_GOLD | imgs:3
[02:09:53][RADIANT] [274] OK NIV-11353B43D6FA8C55 | FLOWER_HALO | DOUBLE_TWIST | U_PAVE | None | NONE | YELLOW_GOLD | YELLOW_GOLD | imgs:3
[02:09:56][RADIANT] [275] OK NIV-96F65658E53C781B | FLOWER_HALO | DOUBLE_TWIST | U_PAVE | None | NONE | WHITE_GOLD | WHITE_GOLD | imgs:3
[02:09:58][RADIANT] [276] OK NIV-BB1FDBB35CA52581 | FLOWER_HALO | DOUBLE_TWIST | U_PAVE | None | NONE | ROSE_GOLD | ROSE_GOLD | imgs:3
[02:10:02][RADIANT] [277] OK NIV-73B6722C8AEC974C | FLOWER_HALO | DOUBLE_TWIST | CHANNEL | None | NONE | YELLOW_GOLD | YELLOW_GOLD | imgs:3
[02:10:04][RADIANT] [278] OK NIV-DA44FAFC0D7CD127 | FLOWER_HALO | DOUBLE_TWIST | CHANNEL | None | NONE | WHITE_GOLD | WHITE_GOLD | imgs:3
[02:10:07][RADIANT] [279] OK NIV-D7CA9D913FFA63E1 | FLOWER_HALO | DOUBLE_TWIST | CHANNEL | None | NONE | ROSE_GOLD | ROSE_GOLD | imgs:3
[02:10:11][RADIANT] [280] OK NIV-CAF8F1046EA17390 | FLOWER_HALO | DOUBLE_TWIST | PRONG | None | NONE | YELLOW_GOLD | YELLOW_GOLD | imgs:3
[02:10:14][RADIANT] [281] OK NIV-8EF578B6E0C8566B | FLOWER_HALO | DOUBLE_TWIST | PRONG | None | NONE | WHITE_GOLD | WHITE_GOLD | imgs:3
[02:10:18][RADIANT] [282] OK NIV-6CE7EEE6BF82C6AD | FLOWER_HALO | DOUBLE_TWIST | PRONG | None | NONE | ROSE_GOLD | ROSE_GOLD | imgs:3
[02:10:24][RADIANT] [283] OK NIV-F92A2F3798545DB3 | FLOWER_HALO | DOUBLE_TWIST | BEAD | None | NONE | YELLOW_GOLD | YELLOW_GOLD | imgs:3
[02:10:27][RADIANT] [284] OK NIV-4BDE3F341B2482AE | FLOWER_HALO | DOUBLE_TWIST | BEAD | None | NONE | WHITE_GOLD | WHITE_GOLD | imgs:3
[02:10:29][RADIANT] [285] OK NIV-600627604AA2B3EA | FLOWER_HALO | DOUBLE_TWIST | BEAD | None | NONE | ROSE_GOLD | ROSE_GOLD | imgs:3
[02:10:34][RADIANT]   Re-seleccionando RADIANT (intento 1)
[02:10:37][RADIANT] [286] OK NIV-0ECFF527DF4C3970 | FLOWER_HALO | HIDDEN_HALO | CHANNEL | None | NONE | YELLOW_GOLD | YELLOW_GOLD | imgs:3
[02:10:40][RADIANT] [287] OK NIV-12DFC64A3D200681 | FLOWER_HALO | HIDDEN_HALO | CHANNEL | None | NONE | WHITE_GOLD | WHITE_GOLD | imgs:3
[02:10:43][RADIANT] [288] OK NIV-81DCDA4F6A0D8054 | FLOWER_HALO | HIDDEN_HALO | CHANNEL | None | NONE | ROSE_GOLD | ROSE_GOLD | imgs:3
[02:10:46][RADIANT] [289] OK NIV-B99CE8F4D3D7A017 | FLOWER_HALO | HIDDEN_HALO | PRONG | None | NONE | YELLOW_GOLD | YELLOW_GOLD | imgs:3
[02:10:49][RADIANT] [290] OK NIV-65C67E0AD4129AB5 | FLOWER_HALO | HIDDEN_HALO | PRONG | None | NONE | WHITE_GOLD | WHITE_GOLD | imgs:3
[02:10:52][RADIANT] [291] OK NIV-3891A0FCB92A82B5 | FLOWER_HALO | HIDDEN_HALO | PRONG | None | NONE | ROSE_GOLD | ROSE_GOLD | imgs:3
[02:10:55][RADIANT] [292] OK NIV-5D733210E1A2EBE8 | FLOWER_HALO | HIDDEN_HALO | BEAD | None | NONE | YELLOW_GOLD | YELLOW_GOLD | imgs:3
[02:10:58][RADIANT] [293] OK NIV-CE44DEA79DC4DD12 | FLOWER_HALO | HIDDEN_HALO | BEAD | None | NONE | WHITE_GOLD | WHITE_GOLD | imgs:3
[02:11:01][RADIANT] [294] OK NIV-00528D4F2DCEA018 | FLOWER_HALO | HIDDEN_HALO | BEAD | None | NONE | ROSE_GOLD | ROSE_GOLD | imgs:3
[02:11:04][RADIANT] [295] OK NIV-5F9F26471A0C7174 | FLOWER_HALO | HIDDEN_HALO | PAVE | None | NONE | YELLOW_GOLD | YELLOW_GOLD | imgs:3
[02:11:07][RADIANT] [296] OK NIV-E9E3EA697C695D74 | FLOWER_HALO | HIDDEN_HALO | PAVE | None | NONE | WHITE_GOLD | WHITE_GOLD | imgs:3
[02:11:10][RADIANT] [297] OK NIV-4E32F4866AA4B16A | FLOWER_HALO | HIDDEN_HALO | PAVE | None | NONE | ROSE_GOLD | ROSE_GOLD | imgs:3
[02:11:14][RADIANT] [298] OK NIV-774FB04EEF4411FD | FLOWER_HALO | SINGLE | NONE | PLAIN | NONE | YELLOW_GOLD | YELLOW_GOLD | imgs:3
[02:11:16][RADIANT] [299] OK NIV-1CAEF24B8B828F76 | FLOWER_HALO | SINGLE | NONE | PLAIN | NONE | WHITE_GOLD | WHITE_GOLD | imgs:3
[02:11:19][RADIANT] [300] OK NIV-2C69825ED03D7371 | FLOWER_HALO | SINGLE | NONE | PLAIN | NONE | ROSE_GOLD | ROSE_GOLD | imgs:3
[02:11:22][RADIANT] [301] OK NIV-159E93264A82935E | FLOWER_HALO | SINGLE | U_PAVE | None | NONE | YELLOW_GOLD | YELLOW_GOLD | imgs:3
[02:11:25][RADIANT] [302] OK NIV-12B0DF0B788325E0 | FLOWER_HALO | SINGLE | U_PAVE | None | NONE | WHITE_GOLD | WHITE_GOLD | imgs:3
[02:11:28][RADIANT] [303] OK NIV-C5DAC78C3DD22AF7 | FLOWER_HALO | SINGLE | U_PAVE | None | NONE | ROSE_GOLD | ROSE_GOLD | imgs:3
[02:11:31][RADIANT] [304] OK NIV-0ECFF527DF4C3970 | FLOWER_HALO | SINGLE | CHANNEL | None | NONE | YELLOW_GOLD | YELLOW_GOLD | imgs:3
[02:11:34][RADIANT] [305] OK NIV-12DFC64A3D200681 | FLOWER_HALO | SINGLE | CHANNEL | None | NONE | WHITE_GOLD | WHITE_GOLD | imgs:3
[02:11:37][RADIANT] [306] OK NIV-81DCDA4F6A0D8054 | FLOWER_HALO | SINGLE | CHANNEL | None | NONE | ROSE_GOLD | ROSE_GOLD | imgs:3
[02:11:40][RADIANT] [307] OK NIV-B99CE8F4D3D7A017 | FLOWER_HALO | SINGLE | PRONG | None | NONE | YELLOW_GOLD | YELLOW_GOLD | imgs:3
[02:11:43][RADIANT] [308] OK NIV-65C67E0AD4129AB5 | FLOWER_HALO | SINGLE | PRONG | None | NONE | WHITE_GOLD | WHITE_GOLD | imgs:3
[02:11:46][RADIANT] [309] OK NIV-3891A0FCB92A82B5 | FLOWER_HALO | SINGLE | PRONG | None | NONE | ROSE_GOLD | ROSE_GOLD | imgs:3
[02:11:49][RADIANT] [310] OK NIV-5D733210E1A2EBE8 | FLOWER_HALO | SINGLE | BEAD | None | NONE | YELLOW_GOLD | YELLOW_GOLD | imgs:3
[02:11:52][RADIANT] [311] OK NIV-CE44DEA79DC4DD12 | FLOWER_HALO | SINGLE | BEAD | None | NONE | WHITE_GOLD | WHITE_GOLD | imgs:3
[02:11:55][RADIANT] [312] OK NIV-00528D4F2DCEA018 | FLOWER_HALO | SINGLE | BEAD | None | NONE | ROSE_GOLD | ROSE_GOLD | imgs:3
[02:11:58][RADIANT] [313] OK NIV-5F9F26471A0C7174 | FLOWER_HALO | SINGLE | PAVE | None | NONE | YELLOW_GOLD | YELLOW_GOLD | imgs:3
[02:12:01][RADIANT] [314] OK NIV-E9E3EA697C695D74 | FLOWER_HALO | SINGLE | PAVE | None | NONE | WHITE_GOLD | WHITE_GOLD | imgs:3
[02:12:04][RADIANT] [315] OK NIV-4E32F4866AA4B16A | FLOWER_HALO | SINGLE | PAVE | None | NONE | ROSE_GOLD | ROSE_GOLD | imgs:3
[02:12:08][RADIANT] [316] OK NIV-D98D38386FF568FD | FLOWER_HALO | SPLIT | NONE | PLAIN | NONE | YELLOW_GOLD | YELLOW_GOLD | imgs:3
[02:12:10][RADIANT] [317] OK NIV-7B4CEDA0DCCFEA20 | FLOWER_HALO | SPLIT | NONE | PLAIN | NONE | WHITE_GOLD | WHITE_GOLD | imgs:3
[02:12:13][RADIANT] [318] OK NIV-1C621280FCA15553 | FLOWER_HALO | SPLIT | NONE | PLAIN | NONE | ROSE_GOLD | ROSE_GOLD | imgs:3
[02:12:16][RADIANT] [319] OK NIV-6229E04EC234DFC8 | FLOWER_HALO | SPLIT | U_PAVE | None | NONE | YELLOW_GOLD | YELLOW_GOLD | imgs:3
[02:12:19][RADIANT] [320] OK NIV-C7C13A5F7E15DA97 | FLOWER_HALO | SPLIT | U_PAVE | None | NONE | WHITE_GOLD | WHITE_GOLD | imgs:3
[02:12:22][RADIANT] [321] OK NIV-CE4697E06D16860D | FLOWER_HALO | SPLIT | U_PAVE | None | NONE | ROSE_GOLD | ROSE_GOLD | imgs:3
[02:12:25][RADIANT] [322] OK NIV-F89B56B10DFFC59E | FLOWER_HALO | SPLIT | PRONG | None | NONE | YELLOW_GOLD | YELLOW_GOLD | imgs:3
[02:12:28][RADIANT] [323] OK NIV-2C20E657842FBE59 | FLOWER_HALO | SPLIT | PRONG | None | NONE | WHITE_GOLD | WHITE_GOLD | imgs:3
[02:12:31][RADIANT] [324] OK NIV-B52BB19AA88DF61F | FLOWER_HALO | SPLIT | PRONG | None | NONE | ROSE_GOLD | ROSE_GOLD | imgs:3
[02:12:34][RADIANT] [325] OK NIV-8D621FC409ADAE95 | FLOWER_HALO | SPLIT | BEAD | None | NONE | YELLOW_GOLD | YELLOW_GOLD | imgs:3
[02:12:37][RADIANT] [326] OK NIV-89EC1ECF0162419C | FLOWER_HALO | SPLIT | BEAD | None | NONE | WHITE_GOLD | WHITE_GOLD | imgs:3
[02:12:40][RADIANT] [327] OK NIV-2CBEA4376C695E30 | FLOWER_HALO | SPLIT | BEAD | None | NONE | ROSE_GOLD | ROSE_GOLD | imgs:3
[02:12:47][RADIANT] [328] OK NIV-C114B71643E5E4CB | FLOWER_HALO | SQUARE_EDGE | U_PAVE | None | NONE | YELLOW_GOLD | YELLOW_GOLD | imgs:3
[02:12:49][RADIANT] [329] OK NIV-30472126380A0E2D | FLOWER_HALO | SQUARE_EDGE | U_PAVE | None | NONE | WHITE_GOLD | WHITE_GOLD | imgs:3
[02:12:52][RADIANT] [330] OK NIV-7B3A87A81F4F1E8E | FLOWER_HALO | SQUARE_EDGE | U_PAVE | None | NONE | ROSE_GOLD | ROSE_GOLD | imgs:3
[02:12:59][RADIANT] [331] OK NIV-984DE1E913D126C0 | FLOWER_HALO | SQUARE_EDGE | CHANNEL | None | NONE | YELLOW_GOLD | YELLOW_GOLD | imgs:3
[02:13:02][RADIANT] [332] OK NIV-4EFCBE504A153A2D | FLOWER_HALO | SQUARE_EDGE | CHANNEL | None | NONE | WHITE_GOLD | WHITE_GOLD | imgs:3
[02:13:05][RADIANT] [333] OK NIV-E6F93DB6A9B39A4B | FLOWER_HALO | SQUARE_EDGE | CHANNEL | None | NONE | ROSE_GOLD | ROSE_GOLD | imgs:3
[02:13:08][RADIANT] [334] OK NIV-CF791F164E4CAEB5 | FLOWER_HALO | SQUARE_EDGE | PRONG | None | NONE | YELLOW_GOLD | YELLOW_GOLD | imgs:3
[02:13:11][RADIANT] [335] OK NIV-F1225F1CD91F2734 | FLOWER_HALO | SQUARE_EDGE | PRONG | None | NONE | WHITE_GOLD | WHITE_GOLD | imgs:3
[02:13:13][RADIANT] [336] OK NIV-A39D788274A6C49A | FLOWER_HALO | SQUARE_EDGE | PRONG | None | NONE | ROSE_GOLD | ROSE_GOLD | imgs:3
[02:13:17][RADIANT] [337] OK NIV-8F4FC0E238C8C7E3 | FLOWER_HALO | SQUARE_EDGE | BEAD | None | NONE | YELLOW_GOLD | YELLOW_GOLD | imgs:3
[02:13:19][RADIANT] [338] OK NIV-7D4ADBFAD0A7C663 | FLOWER_HALO | SQUARE_EDGE | BEAD | None | NONE | WHITE_GOLD | WHITE_GOLD | imgs:3
[02:13:22][RADIANT] [339] OK NIV-F517799209117C92 | FLOWER_HALO | SQUARE_EDGE | BEAD | None | NONE | ROSE_GOLD | ROSE_GOLD | imgs:3
[02:13:26][RADIANT] [340] OK NIV-6D2DD049B460E8A9 | FLOWER_HALO | SQUARE_EDGE | PAVE | None | NONE | YELLOW_GOLD | YELLOW_GOLD | imgs:3
[02:13:29][RADIANT] [341] OK NIV-4779CC45153B1D73 | FLOWER_HALO | SQUARE_EDGE | PAVE | None | NONE | WHITE_GOLD | WHITE_GOLD | imgs:3
[02:13:31][RADIANT] [342] OK NIV-363043B50411F99A | FLOWER_HALO | SQUARE_EDGE | PAVE | None | NONE | ROSE_GOLD | ROSE_GOLD | imgs:3
[02:13:37][RADIANT] [343] OK NIV-B5D643FCF565D326 | FLOWER_HALO | TAPERED | U_PAVE | None | NONE | YELLOW_GOLD | YELLOW_GOLD | imgs:3
[02:13:40][RADIANT] [344] OK NIV-0C365A16B5569CED | FLOWER_HALO | TAPERED | U_PAVE | None | NONE | WHITE_GOLD | WHITE_GOLD | imgs:3
[02:13:43][RADIANT] [345] OK NIV-8AECE0FC5FFA7E15 | FLOWER_HALO | TAPERED | U_PAVE | None | NONE | ROSE_GOLD | ROSE_GOLD | imgs:3
[02:13:46][RADIANT] [346] OK NIV-59F46FFEF91A990C | FLOWER_HALO | TAPERED | CHANNEL | None | NONE | YELLOW_GOLD | YELLOW_GOLD | imgs:3
[02:13:49][RADIANT] [347] OK NIV-C9F2414795527658 | FLOWER_HALO | TAPERED | CHANNEL | None | NONE | WHITE_GOLD | WHITE_GOLD | imgs:3
[02:13:52][RADIANT] [348] OK NIV-29B59941321CE8F0 | FLOWER_HALO | TAPERED | CHANNEL | None | NONE | ROSE_GOLD | ROSE_GOLD | imgs:3
[02:13:55][RADIANT] [349] OK NIV-3AD7B7A3B26B3C4C | FLOWER_HALO | TAPERED | PRONG | None | NONE | YELLOW_GOLD | YELLOW_GOLD | imgs:3
[02:13:58][RADIANT] [350] OK NIV-77DC671354ECAEA4 | FLOWER_HALO | TAPERED | PRONG | None | NONE | WHITE_GOLD | WHITE_GOLD | imgs:3
[02:14:01][RADIANT] [351] OK NIV-8065398F3D250D92 | FLOWER_HALO | TAPERED | PRONG | None | NONE | ROSE_GOLD | ROSE_GOLD | imgs:3
[02:14:04][RADIANT] [352] OK NIV-37D65C46D5370CA8 | FLOWER_HALO | TAPERED | BEAD | None | NONE | YELLOW_GOLD | YELLOW_GOLD | imgs:3
[02:14:07][RADIANT] [353] OK NIV-06165C4EE7FE8233 | FLOWER_HALO | TAPERED | BEAD | None | NONE | WHITE_GOLD | WHITE_GOLD | imgs:3
[02:14:10][RADIANT] [354] OK NIV-251849A3CCBD07C0 | FLOWER_HALO | TAPERED | BEAD | None | NONE | ROSE_GOLD | ROSE_GOLD | imgs:3
[02:14:13][RADIANT] [355] OK NIV-00B4B7B5B0A3A86B | FLOWER_HALO | TAPERED | PAVE | None | NONE | YELLOW_GOLD | YELLOW_GOLD | imgs:3
[02:14:16][RADIANT] [356] OK NIV-B8AEDA1897EA204C | FLOWER_HALO | TAPERED | PAVE | None | NONE | WHITE_GOLD | WHITE_GOLD | imgs:3
[02:14:19][RADIANT] [357] OK NIV-BE1E5C1F97B41AA6 | FLOWER_HALO | TAPERED | PAVE | None | NONE | ROSE_GOLD | ROSE_GOLD | imgs:3
[02:14:19][RADIANT]   Configurando fijos: GOLD / KT_18 / LABGROWN_DIAMOND / 1ct
[02:14:21][RADIANT]   Fijos configurados OK
[02:14:25][RADIANT] [358] OK NIV-C0AF78E5018D65B1 | FOUR_PRONGS | CONTEMPORARY | U_PAVE | None | NONE | YELLOW_GOLD | YELLOW_GOLD | imgs:3
[02:14:28][RADIANT] [359] OK NIV-C0AB8BE23F3465E7 | FOUR_PRONGS | CONTEMPORARY | U_PAVE | None | NONE | WHITE_GOLD | WHITE_GOLD | imgs:3
[02:14:31][RADIANT] [360] OK NIV-ADE01BD73316444C | FOUR_PRONGS | CONTEMPORARY | U_PAVE | None | NONE | ROSE_GOLD | ROSE_GOLD | imgs:3
[02:14:35][RADIANT] [361] OK NIV-7EBB440392673F3F | FOUR_PRONGS | CONTEMPORARY | CHANNEL | None | NONE | YELLOW_GOLD | YELLOW_GOLD | imgs:3
[02:14:37][RADIANT] [362] OK NIV-6017E742B0D59B92 | FOUR_PRONGS | CONTEMPORARY | CHANNEL | None | NONE | WHITE_GOLD | WHITE_GOLD | imgs:3
[02:14:40][RADIANT] [363] OK NIV-46B9DE7DFF9534A7 | FOUR_PRONGS | CONTEMPORARY | CHANNEL | None | NONE | ROSE_GOLD | ROSE_GOLD | imgs:3
[02:14:44][RADIANT] [364] OK NIV-A865175AE2948373 | FOUR_PRONGS | CONTEMPORARY | PRONG | None | NONE | YELLOW_GOLD | YELLOW_GOLD | imgs:3
[02:14:46][RADIANT] [365] OK NIV-B18412B006E06523 | FOUR_PRONGS | CONTEMPORARY | PRONG | None | NONE | WHITE_GOLD | WHITE_GOLD | imgs:3
[02:14:49][RADIANT] [366] OK NIV-3B05D07936B408FB | FOUR_PRONGS | CONTEMPORARY | PRONG | None | NONE | ROSE_GOLD | ROSE_GOLD | imgs:3
[02:14:53][RADIANT] [367] OK NIV-222E0068F74A6116 | FOUR_PRONGS | CONTEMPORARY | BEAD | None | NONE | YELLOW_GOLD | YELLOW_GOLD | imgs:3
[02:14:55][RADIANT] [368] OK NIV-FD3C3C1E5A192844 | FOUR_PRONGS | CONTEMPORARY | BEAD | None | NONE | WHITE_GOLD | WHITE_GOLD | imgs:3
[02:14:58][RADIANT] [369] OK NIV-89E897F7C072BE02 | FOUR_PRONGS | CONTEMPORARY | BEAD | None | NONE | ROSE_GOLD | ROSE_GOLD | imgs:3
[02:15:03][RADIANT] [370] OK NIV-104B7EAF29987B39 | FOUR_PRONGS | DOUBLE | NONE | PLAIN | NONE | YELLOW_GOLD | YELLOW_GOLD | imgs:3
[02:15:05][RADIANT] [371] OK NIV-35A470FF6F70695E | FOUR_PRONGS | DOUBLE | NONE | PLAIN | NONE | WHITE_GOLD | WHITE_GOLD | imgs:3
[02:15:07][RADIANT] [372] OK NIV-5F00D1AEB6425238 | FOUR_PRONGS | DOUBLE | NONE | PLAIN | NONE | ROSE_GOLD | ROSE_GOLD | imgs:3
[02:15:14][RADIANT] [373] OK NIV-F8332DC77E451F17 | FOUR_PRONGS | DOUBLE | U_PAVE | None | NONE | YELLOW_GOLD | YELLOW_GOLD | imgs:3
[02:15:16][RADIANT] [374] OK NIV-ADE55F1A09A6EC13 | FOUR_PRONGS | DOUBLE | U_PAVE | None | NONE | WHITE_GOLD | WHITE_GOLD | imgs:3
[02:15:19][RADIANT] [375] OK NIV-22B95C9388989EA9 | FOUR_PRONGS | DOUBLE | U_PAVE | None | NONE | ROSE_GOLD | ROSE_GOLD | imgs:3
[02:15:22][RADIANT] [376] OK NIV-018E3DB92497DC1E | FOUR_PRONGS | DOUBLE | CHANNEL | None | NONE | YELLOW_GOLD | YELLOW_GOLD | imgs:3
[02:15:25][RADIANT] [377] OK NIV-7C99D64050225891 | FOUR_PRONGS | DOUBLE | CHANNEL | None | NONE | WHITE_GOLD | WHITE_GOLD | imgs:3
[02:15:28][RADIANT] [378] OK NIV-BD2DF41A3F04EFB0 | FOUR_PRONGS | DOUBLE | CHANNEL | None | NONE | ROSE_GOLD | ROSE_GOLD | imgs:3
[02:15:31][RADIANT] [379] OK NIV-002C19BC8F86A768 | FOUR_PRONGS | DOUBLE | PRONG | None | NONE | YELLOW_GOLD | YELLOW_GOLD | imgs:3
[02:15:34][RADIANT] [380] OK NIV-FB108C0F72F4DCD4 | FOUR_PRONGS | DOUBLE | PRONG | None | NONE | WHITE_GOLD | WHITE_GOLD | imgs:3
[02:15:37][RADIANT] [381] OK NIV-8472BF86FF6D7F0B | FOUR_PRONGS | DOUBLE | PRONG | None | NONE | ROSE_GOLD | ROSE_GOLD | imgs:3
[02:15:40][RADIANT] [382] OK NIV-71FF62D4797640DE | FOUR_PRONGS | DOUBLE | BEAD | None | NONE | YELLOW_GOLD | YELLOW_GOLD | imgs:3
[02:15:43][RADIANT] [383] OK NIV-F3CF11784F3AA6B6 | FOUR_PRONGS | DOUBLE | BEAD | None | NONE | WHITE_GOLD | WHITE_GOLD | imgs:3
[02:15:46][RADIANT] [384] OK NIV-903597C98FC4538F | FOUR_PRONGS | DOUBLE | BEAD | None | NONE | ROSE_GOLD | ROSE_GOLD | imgs:3
[02:15:51][RADIANT] [385] OK NIV-565E0A5454E77571 | FOUR_PRONGS | DOUBLE_TWIST | NONE | PLAIN | NONE | YELLOW_GOLD | YELLOW_GOLD | imgs:3
[02:15:53][RADIANT] [386] OK NIV-AFB7201DE8596EB1 | FOUR_PRONGS | DOUBLE_TWIST | NONE | PLAIN | NONE | WHITE_GOLD | WHITE_GOLD | imgs:3
[02:15:55][RADIANT] [387] OK NIV-2DEC51F31C6FC398 | FOUR_PRONGS | DOUBLE_TWIST | NONE | PLAIN | NONE | ROSE_GOLD | ROSE_GOLD | imgs:3
[02:15:59][RADIANT] [388] OK NIV-28C6FD9646FEC5CC | FOUR_PRONGS | DOUBLE_TWIST | U_PAVE | None | NONE | YELLOW_GOLD | YELLOW_GOLD | imgs:3
[02:16:01][RADIANT] [389] OK NIV-88DB1A8A3609E3EA | FOUR_PRONGS | DOUBLE_TWIST | U_PAVE | None | NONE | WHITE_GOLD | WHITE_GOLD | imgs:3
[02:16:04][RADIANT] [390] OK NIV-FAB2E969524101E3 | FOUR_PRONGS | DOUBLE_TWIST | U_PAVE | None | NONE | ROSE_GOLD | ROSE_GOLD | imgs:3
[02:16:07][RADIANT] [391] OK NIV-7608E83EAF968AB3 | FOUR_PRONGS | DOUBLE_TWIST | CHANNEL | None | NONE | YELLOW_GOLD | YELLOW_GOLD | imgs:3
[02:16:10][RADIANT] [392] OK NIV-4223CF0F2AD03822 | FOUR_PRONGS | DOUBLE_TWIST | CHANNEL | None | NONE | WHITE_GOLD | WHITE_GOLD | imgs:3
[02:16:13][RADIANT] [393] OK NIV-AC53598CD9530852 | FOUR_PRONGS | DOUBLE_TWIST | CHANNEL | None | NONE | ROSE_GOLD | ROSE_GOLD | imgs:3
[02:16:17][RADIANT] [394] OK NIV-5689C43F3A021049 | FOUR_PRONGS | DOUBLE_TWIST | PRONG | None | NONE | YELLOW_GOLD | YELLOW_GOLD | imgs:3
[02:16:19][RADIANT] [395] OK NIV-96CE98B0E2597FAF | FOUR_PRONGS | DOUBLE_TWIST | PRONG | None | NONE | WHITE_GOLD | WHITE_GOLD | imgs:3
[02:16:22][RADIANT] [396] OK NIV-ED1CCB67ACA07F40 | FOUR_PRONGS | DOUBLE_TWIST | PRONG | None | NONE | ROSE_GOLD | ROSE_GOLD | imgs:3
[02:16:26][RADIANT] [397] OK NIV-9C3F68F0FE302A24 | FOUR_PRONGS | DOUBLE_TWIST | BEAD | None | NONE | YELLOW_GOLD | YELLOW_GOLD | imgs:3
[02:16:28][RADIANT] [398] OK NIV-A97C8662A82E19D3 | FOUR_PRONGS | DOUBLE_TWIST | BEAD | None | NONE | WHITE_GOLD | WHITE_GOLD | imgs:3
[02:16:31][RADIANT] [399] OK NIV-A4850EC3DB9EEDA0 | FOUR_PRONGS | DOUBLE_TWIST | BEAD | None | NONE | ROSE_GOLD | ROSE_GOLD | imgs:3
[02:16:37][RADIANT]   Re-seleccionando RADIANT (intento 1)
[02:16:40][RADIANT] [400] OK NIV-0ECFF527DF4C3970 | FOUR_PRONGS | HIDDEN_HALO | CHANNEL | None | NONE | YELLOW_GOLD | YELLOW_GOLD | imgs:3
[02:16:43][RADIANT] [401] OK NIV-12DFC64A3D200681 | FOUR_PRONGS | HIDDEN_HALO | CHANNEL | None | NONE | WHITE_GOLD | WHITE_GOLD | imgs:3
[02:16:46][RADIANT] [402] OK NIV-81DCDA4F6A0D8054 | FOUR_PRONGS | HIDDEN_HALO | CHANNEL | None | NONE | ROSE_GOLD | ROSE_GOLD | imgs:3
[02:16:49][RADIANT] [403] OK NIV-B99CE8F4D3D7A017 | FOUR_PRONGS | HIDDEN_HALO | PRONG | None | NONE | YELLOW_GOLD | YELLOW_GOLD | imgs:3
[02:16:52][RADIANT] [404] OK NIV-65C67E0AD4129AB5 | FOUR_PRONGS | HIDDEN_HALO | PRONG | None | NONE | WHITE_GOLD | WHITE_GOLD | imgs:3
[02:16:55][RADIANT] [405] OK NIV-3891A0FCB92A82B5 | FOUR_PRONGS | HIDDEN_HALO | PRONG | None | NONE | ROSE_GOLD | ROSE_GOLD | imgs:3
[02:16:58][RADIANT] [406] OK NIV-5D733210E1A2EBE8 | FOUR_PRONGS | HIDDEN_HALO | BEAD | None | NONE | YELLOW_GOLD | YELLOW_GOLD | imgs:3
[02:17:01][RADIANT] [407] OK NIV-CE44DEA79DC4DD12 | FOUR_PRONGS | HIDDEN_HALO | BEAD | None | NONE | WHITE_GOLD | WHITE_GOLD | imgs:3
[02:17:04][RADIANT] [408] OK NIV-00528D4F2DCEA018 | FOUR_PRONGS | HIDDEN_HALO | BEAD | None | NONE | ROSE_GOLD | ROSE_GOLD | imgs:3
[02:17:07][RADIANT] [409] OK NIV-5F9F26471A0C7174 | FOUR_PRONGS | HIDDEN_HALO | PAVE | None | NONE | YELLOW_GOLD | YELLOW_GOLD | imgs:3
[02:17:10][RADIANT] [410] OK NIV-E9E3EA697C695D74 | FOUR_PRONGS | HIDDEN_HALO | PAVE | None | NONE | WHITE_GOLD | WHITE_GOLD | imgs:3
[02:17:13][RADIANT] [411] OK NIV-4E32F4866AA4B16A | FOUR_PRONGS | HIDDEN_HALO | PAVE | None | NONE | ROSE_GOLD | ROSE_GOLD | imgs:3
[02:17:17][RADIANT] [412] OK NIV-774FB04EEF4411FD | FOUR_PRONGS | SINGLE | NONE | PLAIN | NONE | YELLOW_GOLD | YELLOW_GOLD | imgs:3
[02:17:19][RADIANT] [413] OK NIV-1CAEF24B8B828F76 | FOUR_PRONGS | SINGLE | NONE | PLAIN | NONE | WHITE_GOLD | WHITE_GOLD | imgs:3
[02:17:22][RADIANT] [414] OK NIV-2C69825ED03D7371 | FOUR_PRONGS | SINGLE | NONE | PLAIN | NONE | ROSE_GOLD | ROSE_GOLD | imgs:3
[02:17:25][RADIANT] [415] OK NIV-159E93264A82935E | FOUR_PRONGS | SINGLE | U_PAVE | None | NONE | YELLOW_GOLD | YELLOW_GOLD | imgs:3
[02:17:28][RADIANT] [416] OK NIV-12B0DF0B788325E0 | FOUR_PRONGS | SINGLE | U_PAVE | None | NONE | WHITE_GOLD | WHITE_GOLD | imgs:3
[02:17:31][RADIANT] [417] OK NIV-C5DAC78C3DD22AF7 | FOUR_PRONGS | SINGLE | U_PAVE | None | NONE | ROSE_GOLD | ROSE_GOLD | imgs:3
[02:17:34][RADIANT] [418] OK NIV-0ECFF527DF4C3970 | FOUR_PRONGS | SINGLE | CHANNEL | None | NONE | YELLOW_GOLD | YELLOW_GOLD | imgs:3
[02:17:37][RADIANT] [419] OK NIV-12DFC64A3D200681 | FOUR_PRONGS | SINGLE | CHANNEL | None | NONE | WHITE_GOLD | WHITE_GOLD | imgs:3
[02:17:40][RADIANT] [420] OK NIV-81DCDA4F6A0D8054 | FOUR_PRONGS | SINGLE | CHANNEL | None | NONE | ROSE_GOLD | ROSE_GOLD | imgs:3
[02:17:43][RADIANT] [421] OK NIV-B99CE8F4D3D7A017 | FOUR_PRONGS | SINGLE | PRONG | None | NONE | YELLOW_GOLD | YELLOW_GOLD | imgs:3
[02:17:46][RADIANT] [422] OK NIV-65C67E0AD4129AB5 | FOUR_PRONGS | SINGLE | PRONG | None | NONE | WHITE_GOLD | WHITE_GOLD | imgs:3
[02:17:49][RADIANT] [423] OK NIV-3891A0FCB92A82B5 | FOUR_PRONGS | SINGLE | PRONG | None | NONE | ROSE_GOLD | ROSE_GOLD | imgs:3
[02:17:52][RADIANT] [424] OK NIV-5D733210E1A2EBE8 | FOUR_PRONGS | SINGLE | BEAD | None | NONE | YELLOW_GOLD | YELLOW_GOLD | imgs:3
[02:17:55][RADIANT] [425] OK NIV-CE44DEA79DC4DD12 | FOUR_PRONGS | SINGLE | BEAD | None | NONE | WHITE_GOLD | WHITE_GOLD | imgs:3
[02:17:58][RADIANT] [426] OK NIV-00528D4F2DCEA018 | FOUR_PRONGS | SINGLE | BEAD | None | NONE | ROSE_GOLD | ROSE_GOLD | imgs:3
[02:18:01][RADIANT] [427] OK NIV-5F9F26471A0C7174 | FOUR_PRONGS | SINGLE | PAVE | None | NONE | YELLOW_GOLD | YELLOW_GOLD | imgs:3
[02:18:04][RADIANT] [428] OK NIV-E9E3EA697C695D74 | FOUR_PRONGS | SINGLE | PAVE | None | NONE | WHITE_GOLD | WHITE_GOLD | imgs:3
[02:18:07][RADIANT] [429] OK NIV-4E32F4866AA4B16A | FOUR_PRONGS | SINGLE | PAVE | None | NONE | ROSE_GOLD | ROSE_GOLD | imgs:3
[02:18:11][RADIANT] [430] OK NIV-D98D38386FF568FD | FOUR_PRONGS | SPLIT | NONE | PLAIN | NONE | YELLOW_GOLD | YELLOW_GOLD | imgs:3
[02:18:13][RADIANT] [431] OK NIV-7B4CEDA0DCCFEA20 | FOUR_PRONGS | SPLIT | NONE | PLAIN | NONE | WHITE_GOLD | WHITE_GOLD | imgs:3
[02:18:16][RADIANT] [432] OK NIV-1C621280FCA15553 | FOUR_PRONGS | SPLIT | NONE | PLAIN | NONE | ROSE_GOLD | ROSE_GOLD | imgs:3
[02:18:19][RADIANT] [433] OK NIV-6229E04EC234DFC8 | FOUR_PRONGS | SPLIT | U_PAVE | None | NONE | YELLOW_GOLD | YELLOW_GOLD | imgs:3
[02:18:22][RADIANT] [434] OK NIV-C7C13A5F7E15DA97 | FOUR_PRONGS | SPLIT | U_PAVE | None | NONE | WHITE_GOLD | WHITE_GOLD | imgs:3
[02:18:25][RADIANT] [435] OK NIV-CE4697E06D16860D | FOUR_PRONGS | SPLIT | U_PAVE | None | NONE | ROSE_GOLD | ROSE_GOLD | imgs:3
[02:18:28][RADIANT] [436] OK NIV-F89B56B10DFFC59E | FOUR_PRONGS | SPLIT | PRONG | None | NONE | YELLOW_GOLD | YELLOW_GOLD | imgs:3
[02:18:31][RADIANT] [437] OK NIV-2C20E657842FBE59 | FOUR_PRONGS | SPLIT | PRONG | None | NONE | WHITE_GOLD | WHITE_GOLD | imgs:3
[02:18:34][RADIANT] [438] OK NIV-B52BB19AA88DF61F | FOUR_PRONGS | SPLIT | PRONG | None | NONE | ROSE_GOLD | ROSE_GOLD | imgs:3
[02:18:37][RADIANT] [439] OK NIV-8D621FC409ADAE95 | FOUR_PRONGS | SPLIT | BEAD | None | NONE | YELLOW_GOLD | YELLOW_GOLD | imgs:3
[02:18:40][RADIANT] [440] OK NIV-89EC1ECF0162419C | FOUR_PRONGS | SPLIT | BEAD | None | NONE | WHITE_GOLD | WHITE_GOLD | imgs:3
[02:18:43][RADIANT] [441] OK NIV-2CBEA4376C695E30 | FOUR_PRONGS | SPLIT | BEAD | None | NONE | ROSE_GOLD | ROSE_GOLD | imgs:3
[02:18:49][RADIANT] [442] OK NIV-C114B71643E5E4CB | FOUR_PRONGS | SQUARE_EDGE | U_PAVE | None | NONE | YELLOW_GOLD | YELLOW_GOLD | imgs:3
[02:18:52][RADIANT] [443] OK NIV-30472126380A0E2D | FOUR_PRONGS | SQUARE_EDGE | U_PAVE | None | NONE | WHITE_GOLD | WHITE_GOLD | imgs:3
[02:18:55][RADIANT] [444] OK NIV-7B3A87A81F4F1E8E | FOUR_PRONGS | SQUARE_EDGE | U_PAVE | None | NONE | ROSE_GOLD | ROSE_GOLD | imgs:3
[02:18:58][RADIANT] [445] OK NIV-984DE1E913D126C0 | FOUR_PRONGS | SQUARE_EDGE | CHANNEL | None | NONE | YELLOW_GOLD | YELLOW_GOLD | imgs:3
[02:19:01][RADIANT] [446] OK NIV-4EFCBE504A153A2D | FOUR_PRONGS | SQUARE_EDGE | CHANNEL | None | NONE | WHITE_GOLD | WHITE_GOLD | imgs:3
[02:19:04][RADIANT] [447] OK NIV-E6F93DB6A9B39A4B | FOUR_PRONGS | SQUARE_EDGE | CHANNEL | None | NONE | ROSE_GOLD | ROSE_GOLD | imgs:3
[02:19:07][RADIANT] [448] OK NIV-CF791F164E4CAEB5 | FOUR_PRONGS | SQUARE_EDGE | PRONG | None | NONE | YELLOW_GOLD | YELLOW_GOLD | imgs:3
[02:19:10][RADIANT] [449] OK NIV-F1225F1CD91F2734 | FOUR_PRONGS | SQUARE_EDGE | PRONG | None | NONE | WHITE_GOLD | WHITE_GOLD | imgs:3
[02:19:13][RADIANT] [450] OK NIV-A39D788274A6C49A | FOUR_PRONGS | SQUARE_EDGE | PRONG | None | NONE | ROSE_GOLD | ROSE_GOLD | imgs:3
[02:19:16][RADIANT] [451] OK NIV-8F4FC0E238C8C7E3 | FOUR_PRONGS | SQUARE_EDGE | BEAD | None | NONE | YELLOW_GOLD | YELLOW_GOLD | imgs:3
[02:19:19][RADIANT] [452] OK NIV-7D4ADBFAD0A7C663 | FOUR_PRONGS | SQUARE_EDGE | BEAD | None | NONE | WHITE_GOLD | WHITE_GOLD | imgs:3
[02:19:22][RADIANT] [453] OK NIV-F517799209117C92 | FOUR_PRONGS | SQUARE_EDGE | BEAD | None | NONE | ROSE_GOLD | ROSE_GOLD | imgs:3
[02:19:25][RADIANT] [454] OK NIV-6D2DD049B460E8A9 | FOUR_PRONGS | SQUARE_EDGE | PAVE | None | NONE | YELLOW_GOLD | YELLOW_GOLD | imgs:3
[02:19:28][RADIANT] [455] OK NIV-4779CC45153B1D73 | FOUR_PRONGS | SQUARE_EDGE | PAVE | None | NONE | WHITE_GOLD | WHITE_GOLD | imgs:3
[02:19:31][RADIANT] [456] OK NIV-363043B50411F99A | FOUR_PRONGS | SQUARE_EDGE | PAVE | None | NONE | ROSE_GOLD | ROSE_GOLD | imgs:3
[02:19:37][RADIANT] [457] OK NIV-B5D643FCF565D326 | FOUR_PRONGS | TAPERED | U_PAVE | None | NONE | YELLOW_GOLD | YELLOW_GOLD | imgs:3
[02:19:40][RADIANT] [458] OK NIV-0C365A16B5569CED | FOUR_PRONGS | TAPERED | U_PAVE | None | NONE | WHITE_GOLD | WHITE_GOLD | imgs:3
[02:19:43][RADIANT] [459] OK NIV-8AECE0FC5FFA7E15 | FOUR_PRONGS | TAPERED | U_PAVE | None | NONE | ROSE_GOLD | ROSE_GOLD | imgs:3
[02:19:46][RADIANT] [460] OK NIV-59F46FFEF91A990C | FOUR_PRONGS | TAPERED | CHANNEL | None | NONE | YELLOW_GOLD | YELLOW_GOLD | imgs:3
[02:19:49][RADIANT] [461] OK NIV-C9F2414795527658 | FOUR_PRONGS | TAPERED | CHANNEL | None | NONE | WHITE_GOLD | WHITE_GOLD | imgs:3
[02:19:52][RADIANT] [462] OK NIV-29B59941321CE8F0 | FOUR_PRONGS | TAPERED | CHANNEL | None | NONE | ROSE_GOLD | ROSE_GOLD | imgs:3
[02:19:55][RADIANT] [463] OK NIV-3AD7B7A3B26B3C4C | FOUR_PRONGS | TAPERED | PRONG | None | NONE | YELLOW_GOLD | YELLOW_GOLD | imgs:3
[02:19:58][RADIANT] [464] OK NIV-77DC671354ECAEA4 | FOUR_PRONGS | TAPERED | PRONG | None | NONE | WHITE_GOLD | WHITE_GOLD | imgs:3
[02:20:01][RADIANT] [465] OK NIV-8065398F3D250D92 | FOUR_PRONGS | TAPERED | PRONG | None | NONE | ROSE_GOLD | ROSE_GOLD | imgs:3
[02:20:04][RADIANT] [466] OK NIV-37D65C46D5370CA8 | FOUR_PRONGS | TAPERED | BEAD | None | NONE | YELLOW_GOLD | YELLOW_GOLD | imgs:3
[02:20:07][RADIANT] [467] OK NIV-06165C4EE7FE8233 | FOUR_PRONGS | TAPERED | BEAD | None | NONE | WHITE_GOLD | WHITE_GOLD | imgs:3
[02:20:10][RADIANT] [468] OK NIV-251849A3CCBD07C0 | FOUR_PRONGS | TAPERED | BEAD | None | NONE | ROSE_GOLD | ROSE_GOLD | imgs:3
[02:20:13][RADIANT] [469] OK NIV-00B4B7B5B0A3A86B | FOUR_PRONGS | TAPERED | PAVE | None | NONE | YELLOW_GOLD | YELLOW_GOLD | imgs:3
[02:20:16][RADIANT] [470] OK NIV-B8AEDA1897EA204C | FOUR_PRONGS | TAPERED | PAVE | None | NONE | WHITE_GOLD | WHITE_GOLD | imgs:3
[02:20:19][RADIANT] [471] OK NIV-BE1E5C1F97B41AA6 | FOUR_PRONGS | TAPERED | PAVE | None | NONE | ROSE_GOLD | ROSE_GOLD | imgs:3
[02:20:19][RADIANT]   Configurando fijos: GOLD / KT_18 / LABGROWN_DIAMOND / 1ct
[02:20:21][RADIANT]   Fijos configurados OK
[02:20:26][RADIANT] [472] OK NIV-4C13DC3DB8B3A37F | PAVE | CONTEMPORARY | U_PAVE | None | NONE | YELLOW_GOLD | YELLOW_GOLD | imgs:3
[02:20:28][RADIANT] [473] OK NIV-64C7DCA2E9AFFF5D | PAVE | CONTEMPORARY | U_PAVE | None | NONE | WHITE_GOLD | WHITE_GOLD | imgs:3
[02:20:31][RADIANT] [474] OK NIV-29022B984894E1CD | PAVE | CONTEMPORARY | U_PAVE | None | NONE | ROSE_GOLD | ROSE_GOLD | imgs:3
[02:20:35][RADIANT] [475] OK NIV-302771079484405E | PAVE | CONTEMPORARY | CHANNEL | None | NONE | YELLOW_GOLD | YELLOW_GOLD | imgs:3
[02:20:37][RADIANT] [476] OK NIV-576C0CECAF14F5FD | PAVE | CONTEMPORARY | CHANNEL | None | NONE | WHITE_GOLD | WHITE_GOLD | imgs:3
[02:20:40][RADIANT] [477] OK NIV-424CB4D9CA929A10 | PAVE | CONTEMPORARY | CHANNEL | None | NONE | ROSE_GOLD | ROSE_GOLD | imgs:3
[02:20:43][RADIANT] [478] OK NIV-7F7E884A267327E0 | PAVE | CONTEMPORARY | PRONG | None | NONE | YELLOW_GOLD | YELLOW_GOLD | imgs:3
[02:20:47][RADIANT] [479] OK NIV-EB419A3CF5DEE5C9 | PAVE | CONTEMPORARY | PRONG | None | NONE | WHITE_GOLD | WHITE_GOLD | imgs:3
[02:20:49][RADIANT] [480] OK NIV-F4334438D6B94D73 | PAVE | CONTEMPORARY | PRONG | None | NONE | ROSE_GOLD | ROSE_GOLD | imgs:3
[02:20:53][RADIANT] [481] OK NIV-B1B8693660072CD1 | PAVE | CONTEMPORARY | BEAD | None | NONE | YELLOW_GOLD | YELLOW_GOLD | imgs:3
[02:20:55][RADIANT] [482] OK NIV-120C1402950E15A1 | PAVE | CONTEMPORARY | BEAD | None | NONE | WHITE_GOLD | WHITE_GOLD | imgs:3
[02:20:58][RADIANT] [483] OK NIV-B0EBAE98AE6C29F9 | PAVE | CONTEMPORARY | BEAD | None | NONE | ROSE_GOLD | ROSE_GOLD | imgs:3
[02:21:04][RADIANT] [484] OK NIV-127E94A96B1A82A4 | PAVE | DOUBLE | NONE | PLAIN | NONE | YELLOW_GOLD | YELLOW_GOLD | imgs:3
[02:21:07][RADIANT] [485] OK NIV-44837EF18DADB11F | PAVE | DOUBLE | NONE | PLAIN | NONE | WHITE_GOLD | WHITE_GOLD | imgs:3
[02:21:10][RADIANT] [486] OK NIV-0D57CE5F4F60AD84 | PAVE | DOUBLE | NONE | PLAIN | NONE | ROSE_GOLD | ROSE_GOLD | imgs:3
[02:21:16][RADIANT] [487] OK NIV-1E4A6821DCC55303 | PAVE | DOUBLE | U_PAVE | None | NONE | YELLOW_GOLD | YELLOW_GOLD | imgs:3
[02:21:20][RADIANT] [488] OK NIV-102F166B3E8F406C | PAVE | DOUBLE | U_PAVE | None | NONE | WHITE_GOLD | WHITE_GOLD | imgs:3
[02:21:23][RADIANT] [489] OK NIV-1F873200C2B32145 | PAVE | DOUBLE | U_PAVE | None | NONE | ROSE_GOLD | ROSE_GOLD | imgs:3
[02:21:25][RADIANT] [490] OK NIV-C248D38A80C02C08 | PAVE | DOUBLE | CHANNEL | None | NONE | YELLOW_GOLD | YELLOW_GOLD | imgs:3
[02:21:28][RADIANT] [491] OK NIV-9D29E33631DFD955 | PAVE | DOUBLE | CHANNEL | None | NONE | WHITE_GOLD | WHITE_GOLD | imgs:3
[02:21:31][RADIANT] [492] OK NIV-35C679A982E81F5F | PAVE | DOUBLE | CHANNEL | None | NONE | ROSE_GOLD | ROSE_GOLD | imgs:3
[02:21:35][RADIANT] [493] OK NIV-D9B53BC6EB8A1DBD | PAVE | DOUBLE | PRONG | None | NONE | YELLOW_GOLD | YELLOW_GOLD | imgs:3
[02:21:37][RADIANT] [494] OK NIV-C80ACCA4D9847FE2 | PAVE | DOUBLE | PRONG | None | NONE | WHITE_GOLD | WHITE_GOLD | imgs:3
[02:21:40][RADIANT] [495] OK NIV-98C098265BA67E15 | PAVE | DOUBLE | PRONG | None | NONE | ROSE_GOLD | ROSE_GOLD | imgs:3
[02:21:44][RADIANT] [496] OK NIV-CE67F1E6AFF2CE69 | PAVE | DOUBLE | BEAD | None | NONE | YELLOW_GOLD | YELLOW_GOLD | imgs:3
[02:21:46][RADIANT] [497] OK NIV-7476F89F18F66F6E | PAVE | DOUBLE | BEAD | None | NONE | WHITE_GOLD | WHITE_GOLD | imgs:3
[02:21:49][RADIANT] [498] OK NIV-74788F5ED8DF79FE | PAVE | DOUBLE | BEAD | None | NONE | ROSE_GOLD | ROSE_GOLD | imgs:3
[02:21:54][RADIANT] [499] OK NIV-E1F4CD68788636C4 | PAVE | DOUBLE_TWIST | NONE | PLAIN | NONE | YELLOW_GOLD | YELLOW_GOLD | imgs:3
[02:21:57][RADIANT] [500] OK NIV-686252AE17A16448 | PAVE | DOUBLE_TWIST | NONE | PLAIN | NONE | WHITE_GOLD | WHITE_GOLD | imgs:3
[02:21:59][RADIANT] [501] OK NIV-679ECA6577D28B4D | PAVE | DOUBLE_TWIST | NONE | PLAIN | NONE | ROSE_GOLD | ROSE_GOLD | imgs:3
[02:22:02][RADIANT] [502] OK NIV-96676A975FD321B1 | PAVE | DOUBLE_TWIST | U_PAVE | None | NONE | YELLOW_GOLD | YELLOW_GOLD | imgs:3
[02:22:05][RADIANT] [503] OK NIV-5959E10FEF6CD4BC | PAVE | DOUBLE_TWIST | U_PAVE | None | NONE | WHITE_GOLD | WHITE_GOLD | imgs:3
[02:22:08][RADIANT] [504] OK NIV-E7B0AD69DF2C11BC | PAVE | DOUBLE_TWIST | U_PAVE | None | NONE | ROSE_GOLD | ROSE_GOLD | imgs:3
[02:22:11][RADIANT] [505] OK NIV-C92CC8A4635B4CDE | PAVE | DOUBLE_TWIST | CHANNEL | None | NONE | YELLOW_GOLD | YELLOW_GOLD | imgs:3
[02:22:14][RADIANT] [506] OK NIV-5B52978E5E754DF9 | PAVE | DOUBLE_TWIST | CHANNEL | None | NONE | WHITE_GOLD | WHITE_GOLD | imgs:3
[02:22:16][RADIANT] [507] OK NIV-2522E776281B61CB | PAVE | DOUBLE_TWIST | CHANNEL | None | NONE | ROSE_GOLD | ROSE_GOLD | imgs:3
[02:22:20][RADIANT] [508] OK NIV-8EB479C2A7406801 | PAVE | DOUBLE_TWIST | PRONG | None | NONE | YELLOW_GOLD | YELLOW_GOLD | imgs:3
[02:22:22][RADIANT] [509] OK NIV-8B841F931ECA80AD | PAVE | DOUBLE_TWIST | PRONG | None | NONE | WHITE_GOLD | WHITE_GOLD | imgs:3
[02:22:25][RADIANT] [510] OK NIV-10D71F9EF0AAD762 | PAVE | DOUBLE_TWIST | PRONG | None | NONE | ROSE_GOLD | ROSE_GOLD | imgs:3
[02:22:29][RADIANT] [511] OK NIV-3FA69E324BDFBE90 | PAVE | DOUBLE_TWIST | BEAD | None | NONE | YELLOW_GOLD | YELLOW_GOLD | imgs:3
[02:22:31][RADIANT] [512] OK NIV-55A06F39BDA9AE0E | PAVE | DOUBLE_TWIST | BEAD | None | NONE | WHITE_GOLD | WHITE_GOLD | imgs:3
[02:22:34][RADIANT] [513] OK NIV-17058E2E618F4E57 | PAVE | DOUBLE_TWIST | BEAD | None | NONE | ROSE_GOLD | ROSE_GOLD | imgs:3
[02:22:40][RADIANT]   Re-seleccionando RADIANT (intento 1)
[02:22:43][RADIANT] [514] OK NIV-0ECFF527DF4C3970 | PAVE | HIDDEN_HALO | CHANNEL | None | NONE | YELLOW_GOLD | YELLOW_GOLD | imgs:3
[02:22:46][RADIANT] [515] OK NIV-12DFC64A3D200681 | PAVE | HIDDEN_HALO | CHANNEL | None | NONE | WHITE_GOLD | WHITE_GOLD | imgs:3
[02:22:49][RADIANT] [516] OK NIV-81DCDA4F6A0D8054 | PAVE | HIDDEN_HALO | CHANNEL | None | NONE | ROSE_GOLD | ROSE_GOLD | imgs:3
[02:22:52][RADIANT] [517] OK NIV-B99CE8F4D3D7A017 | PAVE | HIDDEN_HALO | PRONG | None | NONE | YELLOW_GOLD | YELLOW_GOLD | imgs:3
[02:22:55][RADIANT] [518] OK NIV-65C67E0AD4129AB5 | PAVE | HIDDEN_HALO | PRONG | None | NONE | WHITE_GOLD | WHITE_GOLD | imgs:3
[02:22:58][RADIANT] [519] OK NIV-3891A0FCB92A82B5 | PAVE | HIDDEN_HALO | PRONG | None | NONE | ROSE_GOLD | ROSE_GOLD | imgs:3
[02:23:01][RADIANT] [520] OK NIV-5D733210E1A2EBE8 | PAVE | HIDDEN_HALO | BEAD | None | NONE | YELLOW_GOLD | YELLOW_GOLD | imgs:3
[02:23:04][RADIANT] [521] OK NIV-CE44DEA79DC4DD12 | PAVE | HIDDEN_HALO | BEAD | None | NONE | WHITE_GOLD | WHITE_GOLD | imgs:3
[02:23:27][RADIANT] [522] OK NIV-00528D4F2DCEA018 | PAVE | HIDDEN_HALO | BEAD | None | NONE | ROSE_GOLD | ROSE_GOLD | imgs:3
[02:23:31][RADIANT] [523] OK NIV-5F9F26471A0C7174 | PAVE | HIDDEN_HALO | PAVE | None | NONE | YELLOW_GOLD | YELLOW_GOLD | imgs:3
[02:23:34][RADIANT] [524] OK NIV-E9E3EA697C695D74 | PAVE | HIDDEN_HALO | PAVE | None | NONE | WHITE_GOLD | WHITE_GOLD | imgs:3
[02:23:37][RADIANT] [525] OK NIV-4E32F4866AA4B16A | PAVE | HIDDEN_HALO | PAVE | None | NONE | ROSE_GOLD | ROSE_GOLD | imgs:3
[02:23:41][RADIANT] [526] OK NIV-774FB04EEF4411FD | PAVE | SINGLE | NONE | PLAIN | NONE | YELLOW_GOLD | YELLOW_GOLD | imgs:3
[02:23:43][RADIANT] [527] OK NIV-1CAEF24B8B828F76 | PAVE | SINGLE | NONE | PLAIN | NONE | WHITE_GOLD | WHITE_GOLD | imgs:3
[02:23:46][RADIANT] [528] OK NIV-2C69825ED03D7371 | PAVE | SINGLE | NONE | PLAIN | NONE | ROSE_GOLD | ROSE_GOLD | imgs:3
[02:23:49][RADIANT] [529] OK NIV-159E93264A82935E | PAVE | SINGLE | U_PAVE | None | NONE | YELLOW_GOLD | YELLOW_GOLD | imgs:3
[02:23:52][RADIANT] [530] OK NIV-12B0DF0B788325E0 | PAVE | SINGLE | U_PAVE | None | NONE | WHITE_GOLD | WHITE_GOLD | imgs:3
[02:23:55][RADIANT] [531] OK NIV-C5DAC78C3DD22AF7 | PAVE | SINGLE | U_PAVE | None | NONE | ROSE_GOLD | ROSE_GOLD | imgs:3
[02:23:58][RADIANT] [532] OK NIV-0ECFF527DF4C3970 | PAVE | SINGLE | CHANNEL | None | NONE | YELLOW_GOLD | YELLOW_GOLD | imgs:3
[02:24:01][RADIANT] [533] OK NIV-12DFC64A3D200681 | PAVE | SINGLE | CHANNEL | None | NONE | WHITE_GOLD | WHITE_GOLD | imgs:3
[02:24:04][RADIANT] [534] OK NIV-81DCDA4F6A0D8054 | PAVE | SINGLE | CHANNEL | None | NONE | ROSE_GOLD | ROSE_GOLD | imgs:3
[02:24:07][RADIANT] [535] OK NIV-B99CE8F4D3D7A017 | PAVE | SINGLE | PRONG | None | NONE | YELLOW_GOLD | YELLOW_GOLD | imgs:3
[02:24:10][RADIANT] [536] OK NIV-65C67E0AD4129AB5 | PAVE | SINGLE | PRONG | None | NONE | WHITE_GOLD | WHITE_GOLD | imgs:3
[02:24:13][RADIANT] [537] OK NIV-3891A0FCB92A82B5 | PAVE | SINGLE | PRONG | None | NONE | ROSE_GOLD | ROSE_GOLD | imgs:3
[02:24:16][RADIANT] [538] OK NIV-5D733210E1A2EBE8 | PAVE | SINGLE | BEAD | None | NONE | YELLOW_GOLD | YELLOW_GOLD | imgs:3
[02:24:19][RADIANT] [539] OK NIV-CE44DEA79DC4DD12 | PAVE | SINGLE | BEAD | None | NONE | WHITE_GOLD | WHITE_GOLD | imgs:3
[02:24:22][RADIANT] [540] OK NIV-00528D4F2DCEA018 | PAVE | SINGLE | BEAD | None | NONE | ROSE_GOLD | ROSE_GOLD | imgs:3
[02:24:25][RADIANT] [541] OK NIV-5F9F26471A0C7174 | PAVE | SINGLE | PAVE | None | NONE | YELLOW_GOLD | YELLOW_GOLD | imgs:3
[02:24:28][RADIANT] [542] OK NIV-E9E3EA697C695D74 | PAVE | SINGLE | PAVE | None | NONE | WHITE_GOLD | WHITE_GOLD | imgs:3
[02:24:31][RADIANT] [543] OK NIV-4E32F4866AA4B16A | PAVE | SINGLE | PAVE | None | NONE | ROSE_GOLD | ROSE_GOLD | imgs:3
[02:24:35][RADIANT] [544] OK NIV-D98D38386FF568FD | PAVE | SPLIT | NONE | PLAIN | NONE | YELLOW_GOLD | YELLOW_GOLD | imgs:3
[02:24:37][RADIANT] [545] OK NIV-7B4CEDA0DCCFEA20 | PAVE | SPLIT | NONE | PLAIN | NONE | WHITE_GOLD | WHITE_GOLD | imgs:3
[02:24:40][RADIANT] [546] OK NIV-1C621280FCA15553 | PAVE | SPLIT | NONE | PLAIN | NONE | ROSE_GOLD | ROSE_GOLD | imgs:3
[02:24:43][RADIANT] [547] OK NIV-6229E04EC234DFC8 | PAVE | SPLIT | U_PAVE | None | NONE | YELLOW_GOLD | YELLOW_GOLD | imgs:3
[02:24:46][RADIANT] [548] OK NIV-C7C13A5F7E15DA97 | PAVE | SPLIT | U_PAVE | None | NONE | WHITE_GOLD | WHITE_GOLD | imgs:3
[02:24:49][RADIANT] [549] OK NIV-CE4697E06D16860D | PAVE | SPLIT | U_PAVE | None | NONE | ROSE_GOLD | ROSE_GOLD | imgs:3
[02:24:52][RADIANT] [550] OK NIV-F89B56B10DFFC59E | PAVE | SPLIT | PRONG | None | NONE | YELLOW_GOLD | YELLOW_GOLD | imgs:3
[02:24:55][RADIANT] [551] OK NIV-2C20E657842FBE59 | PAVE | SPLIT | PRONG | None | NONE | WHITE_GOLD | WHITE_GOLD | imgs:3
[02:24:58][RADIANT] [552] OK NIV-B52BB19AA88DF61F | PAVE | SPLIT | PRONG | None | NONE | ROSE_GOLD | ROSE_GOLD | imgs:3
[02:25:01][RADIANT] [553] OK NIV-8D621FC409ADAE95 | PAVE | SPLIT | BEAD | None | NONE | YELLOW_GOLD | YELLOW_GOLD | imgs:3
[02:25:04][RADIANT] [554] OK NIV-89EC1ECF0162419C | PAVE | SPLIT | BEAD | None | NONE | WHITE_GOLD | WHITE_GOLD | imgs:3
[02:25:07][RADIANT] [555] OK NIV-2CBEA4376C695E30 | PAVE | SPLIT | BEAD | None | NONE | ROSE_GOLD | ROSE_GOLD | imgs:3
[02:25:13][RADIANT]   Re-seleccionando RADIANT (intento 1)
[02:25:16][RADIANT] [556] OK NIV-0ECFF527DF4C3970 | PAVE | SQUARE_EDGE | CHANNEL | None | NONE | YELLOW_GOLD | YELLOW_GOLD | imgs:3
[02:25:19][RADIANT] [557] OK NIV-12DFC64A3D200681 | PAVE | SQUARE_EDGE | CHANNEL | None | NONE | WHITE_GOLD | WHITE_GOLD | imgs:3
[02:25:22][RADIANT] [558] OK NIV-81DCDA4F6A0D8054 | PAVE | SQUARE_EDGE | CHANNEL | None | NONE | ROSE_GOLD | ROSE_GOLD | imgs:3
[02:25:25][RADIANT] [559] OK NIV-B99CE8F4D3D7A017 | PAVE | SQUARE_EDGE | PRONG | None | NONE | YELLOW_GOLD | YELLOW_GOLD | imgs:3
[02:25:28][RADIANT] [560] OK NIV-65C67E0AD4129AB5 | PAVE | SQUARE_EDGE | PRONG | None | NONE | WHITE_GOLD | WHITE_GOLD | imgs:3
[02:25:31][RADIANT] [561] OK NIV-3891A0FCB92A82B5 | PAVE | SQUARE_EDGE | PRONG | None | NONE | ROSE_GOLD | ROSE_GOLD | imgs:3
[02:25:34][RADIANT] [562] OK NIV-5D733210E1A2EBE8 | PAVE | SQUARE_EDGE | BEAD | None | NONE | YELLOW_GOLD | YELLOW_GOLD | imgs:3
[02:25:37][RADIANT] [563] OK NIV-CE44DEA79DC4DD12 | PAVE | SQUARE_EDGE | BEAD | None | NONE | WHITE_GOLD | WHITE_GOLD | imgs:3
[02:25:40][RADIANT] [564] OK NIV-00528D4F2DCEA018 | PAVE | SQUARE_EDGE | BEAD | None | NONE | ROSE_GOLD | ROSE_GOLD | imgs:3
[02:25:43][RADIANT] [565] OK NIV-5F9F26471A0C7174 | PAVE | SQUARE_EDGE | PAVE | None | NONE | YELLOW_GOLD | YELLOW_GOLD | imgs:3
[02:25:46][RADIANT] [566] OK NIV-E9E3EA697C695D74 | PAVE | SQUARE_EDGE | PAVE | None | NONE | WHITE_GOLD | WHITE_GOLD | imgs:3
[02:25:49][RADIANT] [567] OK NIV-4E32F4866AA4B16A | PAVE | SQUARE_EDGE | PAVE | None | NONE | ROSE_GOLD | ROSE_GOLD | imgs:3
[02:25:55][RADIANT]   Re-seleccionando RADIANT (intento 1)
[02:25:58][RADIANT] [568] OK NIV-0ECFF527DF4C3970 | PAVE | TAPERED | CHANNEL | None | NONE | YELLOW_GOLD | YELLOW_GOLD | imgs:3
[02:26:01][RADIANT] [569] OK NIV-12DFC64A3D200681 | PAVE | TAPERED | CHANNEL | None | NONE | WHITE_GOLD | WHITE_GOLD | imgs:3
[02:26:04][RADIANT] [570] OK NIV-81DCDA4F6A0D8054 | PAVE | TAPERED | CHANNEL | None | NONE | ROSE_GOLD | ROSE_GOLD | imgs:3
[02:26:07][RADIANT] [571] OK NIV-B99CE8F4D3D7A017 | PAVE | TAPERED | PRONG | None | NONE | YELLOW_GOLD | YELLOW_GOLD | imgs:3
[02:26:10][RADIANT] [572] OK NIV-65C67E0AD4129AB5 | PAVE | TAPERED | PRONG | None | NONE | WHITE_GOLD | WHITE_GOLD | imgs:3
[02:26:13][RADIANT] [573] OK NIV-3891A0FCB92A82B5 | PAVE | TAPERED | PRONG | None | NONE | ROSE_GOLD | ROSE_GOLD | imgs:3
[02:26:16][RADIANT] [574] OK NIV-5D733210E1A2EBE8 | PAVE | TAPERED | BEAD | None | NONE | YELLOW_GOLD | YELLOW_GOLD | imgs:3
[02:26:19][RADIANT] [575] OK NIV-CE44DEA79DC4DD12 | PAVE | TAPERED | BEAD | None | NONE | WHITE_GOLD | WHITE_GOLD | imgs:3
[02:26:22][RADIANT] [576] OK NIV-00528D4F2DCEA018 | PAVE | TAPERED | BEAD | None | NONE | ROSE_GOLD | ROSE_GOLD | imgs:3
[02:26:25][RADIANT] [577] OK NIV-5F9F26471A0C7174 | PAVE | TAPERED | PAVE | None | NONE | YELLOW_GOLD | YELLOW_GOLD | imgs:3
[02:26:28][RADIANT] [578] OK NIV-E9E3EA697C695D74 | PAVE | TAPERED | PAVE | None | NONE | WHITE_GOLD | WHITE_GOLD | imgs:3
[02:26:31][RADIANT] [579] OK NIV-4E32F4866AA4B16A | PAVE | TAPERED | PAVE | None | NONE | ROSE_GOLD | ROSE_GOLD | imgs:3
[02:26:31][RADIANT]   Configurando fijos: GOLD / KT_18 / LABGROWN_DIAMOND / 1ct
[02:26:33][RADIANT]   Fijos configurados OK
[02:26:38][RADIANT] [580] OK NIV-868E2D9F1A485C6C | PEG_HEAD | CONTEMPORARY | U_PAVE | None | NONE | YELLOW_GOLD | YELLOW_GOLD | imgs:3
[02:26:41][RADIANT] [581] OK NIV-C05C82D626A4CF9D | PEG_HEAD | CONTEMPORARY | U_PAVE | None | NONE | WHITE_GOLD | WHITE_GOLD | imgs:3
[02:26:43][RADIANT] [582] OK NIV-BD38AE64D32F0DAB | PEG_HEAD | CONTEMPORARY | U_PAVE | None | NONE | ROSE_GOLD | ROSE_GOLD | imgs:3
[02:26:47][RADIANT] [583] OK NIV-18F00638A2749AB8 | PEG_HEAD | CONTEMPORARY | CHANNEL | None | NONE | YELLOW_GOLD | YELLOW_GOLD | imgs:3
[02:26:49][RADIANT] [584] OK NIV-0A0527A2F0794454 | PEG_HEAD | CONTEMPORARY | CHANNEL | None | NONE | WHITE_GOLD | WHITE_GOLD | imgs:3
[02:26:52][RADIANT] [585] OK NIV-A833BB816FAA304D | PEG_HEAD | CONTEMPORARY | CHANNEL | None | NONE | ROSE_GOLD | ROSE_GOLD | imgs:3
[02:26:55][RADIANT] [586] OK NIV-2F784E0A19D62D59 | PEG_HEAD | CONTEMPORARY | PRONG | None | NONE | YELLOW_GOLD | YELLOW_GOLD | imgs:3
[02:26:58][RADIANT] [587] OK NIV-0AB22283DAFB9DD8 | PEG_HEAD | CONTEMPORARY | PRONG | None | NONE | WHITE_GOLD | WHITE_GOLD | imgs:3
[02:27:01][RADIANT] [588] OK NIV-C61C3EE172D51FC8 | PEG_HEAD | CONTEMPORARY | PRONG | None | NONE | ROSE_GOLD | ROSE_GOLD | imgs:3
[02:27:05][RADIANT] [589] OK NIV-CE3B40ACF154ADEB | PEG_HEAD | CONTEMPORARY | BEAD | None | NONE | YELLOW_GOLD | YELLOW_GOLD | imgs:3
[02:27:08][RADIANT] [590] OK NIV-0FD60DCA208DC751 | PEG_HEAD | CONTEMPORARY | BEAD | None | NONE | WHITE_GOLD | WHITE_GOLD | imgs:3
[02:27:11][RADIANT] [591] OK NIV-0B736081E52AB281 | PEG_HEAD | CONTEMPORARY | BEAD | None | NONE | ROSE_GOLD | ROSE_GOLD | imgs:3
[02:27:16][RADIANT] [592] OK NIV-C5AF8AF155B63DF7 | PEG_HEAD | DOUBLE | NONE | PLAIN | NONE | YELLOW_GOLD | YELLOW_GOLD | imgs:3
[02:27:19][RADIANT] [593] OK NIV-EAAC119C640C3848 | PEG_HEAD | DOUBLE | NONE | PLAIN | NONE | WHITE_GOLD | WHITE_GOLD | imgs:3
[02:27:22][RADIANT] [594] OK NIV-8EBBFC3341853DD4 | PEG_HEAD | DOUBLE | NONE | PLAIN | NONE | ROSE_GOLD | ROSE_GOLD | imgs:3
[02:27:26][RADIANT] [595] OK NIV-CB306CA06E296501 | PEG_HEAD | DOUBLE | U_PAVE | None | NONE | YELLOW_GOLD | YELLOW_GOLD | imgs:3
[02:27:28][RADIANT] [596] OK NIV-5BF64DC482DFC245 | PEG_HEAD | DOUBLE | U_PAVE | None | NONE | WHITE_GOLD | WHITE_GOLD | imgs:3
[02:27:31][RADIANT] [597] OK NIV-C297B8BCDAEADF5B | PEG_HEAD | DOUBLE | U_PAVE | None | NONE | ROSE_GOLD | ROSE_GOLD | imgs:3
[02:27:39][RADIANT] [598] OK NIV-C8F241FC9AA0A8C4 | PEG_HEAD | DOUBLE | CHANNEL | None | NONE | YELLOW_GOLD | YELLOW_GOLD | imgs:3
[02:27:41][RADIANT] [599] OK NIV-3D34D2CAF10277F6 | PEG_HEAD | DOUBLE | CHANNEL | None | NONE | WHITE_GOLD | WHITE_GOLD | imgs:3
[02:27:43][RADIANT] [600] OK NIV-48CC19D13B8F9729 | PEG_HEAD | DOUBLE | CHANNEL | None | NONE | ROSE_GOLD | ROSE_GOLD | imgs:3
[02:27:47][RADIANT] [601] OK NIV-709BFFB736AF13F5 | PEG_HEAD | DOUBLE | PRONG | None | NONE | YELLOW_GOLD | YELLOW_GOLD | imgs:3
[02:27:49][RADIANT] [602] OK NIV-B5B07EBF5133A147 | PEG_HEAD | DOUBLE | PRONG | None | NONE | WHITE_GOLD | WHITE_GOLD | imgs:3
[02:27:52][RADIANT] [603] OK NIV-20E8F8BB04FC80BD | PEG_HEAD | DOUBLE | PRONG | None | NONE | ROSE_GOLD | ROSE_GOLD | imgs:3
[02:27:57][RADIANT] [604] OK NIV-D11F27BC7A892E51 | PEG_HEAD | DOUBLE | BEAD | None | NONE | YELLOW_GOLD | YELLOW_GOLD | imgs:3
[02:28:00][RADIANT] [605] OK NIV-520B1C8698FED598 | PEG_HEAD | DOUBLE | BEAD | None | NONE | WHITE_GOLD | WHITE_GOLD | imgs:3
[02:28:02][RADIANT] [606] OK NIV-7BA6BABD1A517EA1 | PEG_HEAD | DOUBLE | BEAD | None | NONE | ROSE_GOLD | ROSE_GOLD | imgs:3
[02:28:07][RADIANT] [607] OK NIV-626C9B0AC71DE1A5 | PEG_HEAD | DOUBLE_TWIST | NONE | PLAIN | NONE | YELLOW_GOLD | YELLOW_GOLD | imgs:3
[02:28:10][RADIANT] [608] OK NIV-121A90018F2A5F4F | PEG_HEAD | DOUBLE_TWIST | NONE | PLAIN | NONE | WHITE_GOLD | WHITE_GOLD | imgs:3
[02:28:13][RADIANT] [609] OK NIV-A6B9280289CA091E | PEG_HEAD | DOUBLE_TWIST | NONE | PLAIN | NONE | ROSE_GOLD | ROSE_GOLD | imgs:3
[02:28:17][RADIANT] [610] OK NIV-DCD96388EF6E6D70 | PEG_HEAD | DOUBLE_TWIST | U_PAVE | None | NONE | YELLOW_GOLD | YELLOW_GOLD | imgs:3
[02:28:19][RADIANT] [611] OK NIV-CC19F24264BB527B | PEG_HEAD | DOUBLE_TWIST | U_PAVE | None | NONE | WHITE_GOLD | WHITE_GOLD | imgs:3
[02:28:28][RADIANT] [612] OK NIV-B6F99DCBFD65EE21 | PEG_HEAD | DOUBLE_TWIST | U_PAVE | None | NONE | ROSE_GOLD | ROSE_GOLD | imgs:3
[02:28:34][RADIANT] [613] OK NIV-27BEDDF0AC29BD7B | PEG_HEAD | DOUBLE_TWIST | CHANNEL | None | NONE | YELLOW_GOLD | YELLOW_GOLD | imgs:3
[02:28:37][RADIANT] [614] OK NIV-5146B5D9248D030D | PEG_HEAD | DOUBLE_TWIST | CHANNEL | None | NONE | WHITE_GOLD | WHITE_GOLD | imgs:3
[02:28:40][RADIANT] [615] OK NIV-3A4574826C5F3AF9 | PEG_HEAD | DOUBLE_TWIST | CHANNEL | None | NONE | ROSE_GOLD | ROSE_GOLD | imgs:3
[02:28:43][RADIANT] [616] OK NIV-5FF8CDB9181C8B18 | PEG_HEAD | DOUBLE_TWIST | PRONG | None | NONE | YELLOW_GOLD | YELLOW_GOLD | imgs:3
[02:28:46][RADIANT] [617] OK NIV-5ECCAA68EF3B6827 | PEG_HEAD | DOUBLE_TWIST | PRONG | None | NONE | WHITE_GOLD | WHITE_GOLD | imgs:3
[02:28:49][RADIANT] [618] OK NIV-190CF6F071B9C8A2 | PEG_HEAD | DOUBLE_TWIST | PRONG | None | NONE | ROSE_GOLD | ROSE_GOLD | imgs:3
[02:28:53][RADIANT] [619] OK NIV-4161015883BCF12D | PEG_HEAD | DOUBLE_TWIST | BEAD | None | NONE | YELLOW_GOLD | YELLOW_GOLD | imgs:3
[02:28:55][RADIANT] [620] OK NIV-7B42283B1C8FAC3B | PEG_HEAD | DOUBLE_TWIST | BEAD | None | NONE | WHITE_GOLD | WHITE_GOLD | imgs:3
[02:28:58][RADIANT] [621] OK NIV-920DA81E17B4FC37 | PEG_HEAD | DOUBLE_TWIST | BEAD | None | NONE | ROSE_GOLD | ROSE_GOLD | imgs:3
[02:29:03][RADIANT] [622] OK NIV-5870B11044C5C6C9 | PEG_HEAD | SINGLE | NONE | PLAIN | NONE | YELLOW_GOLD | YELLOW_GOLD | imgs:3
[02:29:05][RADIANT] [623] OK NIV-C8577CE7166FB7A3 | PEG_HEAD | SINGLE | NONE | PLAIN | NONE | WHITE_GOLD | WHITE_GOLD | imgs:3
[02:29:07][RADIANT] [624] OK NIV-83135FB9757ED532 | PEG_HEAD | SINGLE | NONE | PLAIN | NONE | ROSE_GOLD | ROSE_GOLD | imgs:3
[02:29:11][RADIANT] [625] OK NIV-47F97CB1D0267BF4 | PEG_HEAD | SINGLE | U_PAVE | None | NONE | YELLOW_GOLD | YELLOW_GOLD | imgs:3
[02:29:13][RADIANT] [626] OK NIV-DFB941BA01BB1F6B | PEG_HEAD | SINGLE | U_PAVE | None | NONE | WHITE_GOLD | WHITE_GOLD | imgs:3
[02:29:16][RADIANT] [627] OK NIV-AEF8C5903E6D5D72 | PEG_HEAD | SINGLE | U_PAVE | None | NONE | ROSE_GOLD | ROSE_GOLD | imgs:3
[02:29:20][RADIANT] [628] OK NIV-EE670E95D19C12E4 | PEG_HEAD | SINGLE | CHANNEL | None | NONE | YELLOW_GOLD | YELLOW_GOLD | imgs:3
[02:29:22][RADIANT] [629] OK NIV-0F5469B6DD501FCC | PEG_HEAD | SINGLE | CHANNEL | None | NONE | WHITE_GOLD | WHITE_GOLD | imgs:3
[02:29:25][RADIANT] [630] OK NIV-ED56847994887B1D | PEG_HEAD | SINGLE | CHANNEL | None | NONE | ROSE_GOLD | ROSE_GOLD | imgs:3
[02:29:28][RADIANT] [631] OK NIV-575422B0F9494EB5 | PEG_HEAD | SINGLE | PRONG | None | NONE | YELLOW_GOLD | YELLOW_GOLD | imgs:3
[02:29:31][RADIANT] [632] OK NIV-02986FCA7E523D21 | PEG_HEAD | SINGLE | PRONG | None | NONE | WHITE_GOLD | WHITE_GOLD | imgs:3
[02:29:34][RADIANT] [633] OK NIV-180F6A1D713BC069 | PEG_HEAD | SINGLE | PRONG | None | NONE | ROSE_GOLD | ROSE_GOLD | imgs:3
[02:29:38][RADIANT] [634] OK NIV-81CB47443445B2C4 | PEG_HEAD | SINGLE | BEAD | None | NONE | YELLOW_GOLD | YELLOW_GOLD | imgs:3
[02:29:40][RADIANT] [635] OK NIV-6EE0529A423EF0AD | PEG_HEAD | SINGLE | BEAD | None | NONE | WHITE_GOLD | WHITE_GOLD | imgs:3
[02:29:43][RADIANT] [636] OK NIV-ACA0DDE00BF1F18F | PEG_HEAD | SINGLE | BEAD | None | NONE | ROSE_GOLD | ROSE_GOLD | imgs:3
[02:29:47][RADIANT] [637] OK NIV-4891550574B3A444 | PEG_HEAD | SINGLE | PAVE | None | NONE | YELLOW_GOLD | YELLOW_GOLD | imgs:3
[02:29:49][RADIANT] [638] OK NIV-3B98AF0D746C1AC9 | PEG_HEAD | SINGLE | PAVE | None | NONE | WHITE_GOLD | WHITE_GOLD | imgs:3
[02:29:52][RADIANT] [639] OK NIV-31CEE8C832A1B8A4 | PEG_HEAD | SINGLE | PAVE | None | NONE | ROSE_GOLD | ROSE_GOLD | imgs:3
[02:29:57][RADIANT] [640] OK NIV-4012A6E9AD7A5A32 | PEG_HEAD | SPLIT | NONE | PLAIN | NONE | YELLOW_GOLD | YELLOW_GOLD | imgs:3
[02:29:59][RADIANT] [641] OK NIV-A0BBD067A5E68DA6 | PEG_HEAD | SPLIT | NONE | PLAIN | NONE | WHITE_GOLD | WHITE_GOLD | imgs:3
[02:30:01][RADIANT] [642] OK NIV-FD5344FB76022E71 | PEG_HEAD | SPLIT | NONE | PLAIN | NONE | ROSE_GOLD | ROSE_GOLD | imgs:3
[02:30:05][RADIANT] [643] OK NIV-2557D05C1B01AC08 | PEG_HEAD | SPLIT | U_PAVE | None | NONE | YELLOW_GOLD | YELLOW_GOLD | imgs:3
[02:30:07][RADIANT] [644] OK NIV-D702625E1FF64877 | PEG_HEAD | SPLIT | U_PAVE | None | NONE | WHITE_GOLD | WHITE_GOLD | imgs:3
[02:30:10][RADIANT] [645] OK NIV-F0E146B91E128235 | PEG_HEAD | SPLIT | U_PAVE | None | NONE | ROSE_GOLD | ROSE_GOLD | imgs:3
[02:30:14][RADIANT] [646] OK NIV-B9CB87F0B24560C3 | PEG_HEAD | SPLIT | PRONG | None | NONE | YELLOW_GOLD | YELLOW_GOLD | imgs:3
[02:30:16][RADIANT] [647] OK NIV-77FC4FE4762DC353 | PEG_HEAD | SPLIT | PRONG | None | NONE | WHITE_GOLD | WHITE_GOLD | imgs:3
[02:30:19][RADIANT] [648] OK NIV-277ABD4FB8EACFF1 | PEG_HEAD | SPLIT | PRONG | None | NONE | ROSE_GOLD | ROSE_GOLD | imgs:3
[02:30:22][RADIANT] [649] OK NIV-25C7BBFFC4855751 | PEG_HEAD | SPLIT | BEAD | None | NONE | YELLOW_GOLD | YELLOW_GOLD | imgs:3
[02:30:25][RADIANT] [650] OK NIV-D82ACFFD6B5B3A54 | PEG_HEAD | SPLIT | BEAD | None | NONE | WHITE_GOLD | WHITE_GOLD | imgs:3
[02:30:28][RADIANT] [651] OK NIV-A83D9A89350AB741 | PEG_HEAD | SPLIT | BEAD | None | NONE | ROSE_GOLD | ROSE_GOLD | imgs:3
[02:30:34][RADIANT]   Re-seleccionando RADIANT (intento 1)
[02:30:37][RADIANT] [652] OK NIV-0ECFF527DF4C3970 | PEG_HEAD | SQUARE_EDGE | CHANNEL | None | NONE | YELLOW_GOLD | YELLOW_GOLD | imgs:3
[02:30:40][RADIANT] [653] OK NIV-12DFC64A3D200681 | PEG_HEAD | SQUARE_EDGE | CHANNEL | None | NONE | WHITE_GOLD | WHITE_GOLD | imgs:3
[02:30:43][RADIANT] [654] OK NIV-81DCDA4F6A0D8054 | PEG_HEAD | SQUARE_EDGE | CHANNEL | None | NONE | ROSE_GOLD | ROSE_GOLD | imgs:3
[02:30:46][RADIANT] [655] OK NIV-B99CE8F4D3D7A017 | PEG_HEAD | SQUARE_EDGE | PRONG | None | NONE | YELLOW_GOLD | YELLOW_GOLD | imgs:3
[02:30:49][RADIANT] [656] OK NIV-65C67E0AD4129AB5 | PEG_HEAD | SQUARE_EDGE | PRONG | None | NONE | WHITE_GOLD | WHITE_GOLD | imgs:3
[02:30:52][RADIANT] [657] OK NIV-3891A0FCB92A82B5 | PEG_HEAD | SQUARE_EDGE | PRONG | None | NONE | ROSE_GOLD | ROSE_GOLD | imgs:3
[02:30:55][RADIANT] [658] OK NIV-5D733210E1A2EBE8 | PEG_HEAD | SQUARE_EDGE | BEAD | None | NONE | YELLOW_GOLD | YELLOW_GOLD | imgs:3
[02:30:58][RADIANT] [659] OK NIV-CE44DEA79DC4DD12 | PEG_HEAD | SQUARE_EDGE | BEAD | None | NONE | WHITE_GOLD | WHITE_GOLD | imgs:3
[02:31:01][RADIANT] [660] OK NIV-00528D4F2DCEA018 | PEG_HEAD | SQUARE_EDGE | BEAD | None | NONE | ROSE_GOLD | ROSE_GOLD | imgs:3
[02:31:04][RADIANT] [661] OK NIV-5F9F26471A0C7174 | PEG_HEAD | SQUARE_EDGE | PAVE | None | NONE | YELLOW_GOLD | YELLOW_GOLD | imgs:3
[02:31:07][RADIANT] [662] OK NIV-E9E3EA697C695D74 | PEG_HEAD | SQUARE_EDGE | PAVE | None | NONE | WHITE_GOLD | WHITE_GOLD | imgs:3
[02:31:10][RADIANT] [663] OK NIV-4E32F4866AA4B16A | PEG_HEAD | SQUARE_EDGE | PAVE | None | NONE | ROSE_GOLD | ROSE_GOLD | imgs:3
[02:31:16][RADIANT] [664] OK NIV-B5D643FCF565D326 | PEG_HEAD | TAPERED | U_PAVE | None | NONE | YELLOW_GOLD | YELLOW_GOLD | imgs:3
[02:31:19][RADIANT] [665] OK NIV-0C365A16B5569CED | PEG_HEAD | TAPERED | U_PAVE | None | NONE | WHITE_GOLD | WHITE_GOLD | imgs:3
[02:31:22][RADIANT] [666] OK NIV-8AECE0FC5FFA7E15 | PEG_HEAD | TAPERED | U_PAVE | None | NONE | ROSE_GOLD | ROSE_GOLD | imgs:3
[02:31:25][RADIANT] [667] OK NIV-59F46FFEF91A990C | PEG_HEAD | TAPERED | CHANNEL | None | NONE | YELLOW_GOLD | YELLOW_GOLD | imgs:3
[02:31:28][RADIANT] [668] OK NIV-C9F2414795527658 | PEG_HEAD | TAPERED | CHANNEL | None | NONE | WHITE_GOLD | WHITE_GOLD | imgs:3
[02:31:31][RADIANT] [669] OK NIV-29B59941321CE8F0 | PEG_HEAD | TAPERED | CHANNEL | None | NONE | ROSE_GOLD | ROSE_GOLD | imgs:3
[02:31:34][RADIANT] [670] OK NIV-3AD7B7A3B26B3C4C | PEG_HEAD | TAPERED | PRONG | None | NONE | YELLOW_GOLD | YELLOW_GOLD | imgs:3
[02:31:37][RADIANT] [671] OK NIV-77DC671354ECAEA4 | PEG_HEAD | TAPERED | PRONG | None | NONE | WHITE_GOLD | WHITE_GOLD | imgs:3
[02:31:40][RADIANT] [672] OK NIV-8065398F3D250D92 | PEG_HEAD | TAPERED | PRONG | None | NONE | ROSE_GOLD | ROSE_GOLD | imgs:3
[02:31:43][RADIANT] [673] OK NIV-37D65C46D5370CA8 | PEG_HEAD | TAPERED | BEAD | None | NONE | YELLOW_GOLD | YELLOW_GOLD | imgs:3
[02:31:46][RADIANT] [674] OK NIV-06165C4EE7FE8233 | PEG_HEAD | TAPERED | BEAD | None | NONE | WHITE_GOLD | WHITE_GOLD | imgs:3
[02:31:49][RADIANT] [675] OK NIV-251849A3CCBD07C0 | PEG_HEAD | TAPERED | BEAD | None | NONE | ROSE_GOLD | ROSE_GOLD | imgs:3
[02:31:52][RADIANT] [676] OK NIV-00B4B7B5B0A3A86B | PEG_HEAD | TAPERED | PAVE | None | NONE | YELLOW_GOLD | YELLOW_GOLD | imgs:3
[02:31:55][RADIANT] [677] OK NIV-B8AEDA1897EA204C | PEG_HEAD | TAPERED | PAVE | None | NONE | WHITE_GOLD | WHITE_GOLD | imgs:3
[02:31:58][RADIANT] [678] OK NIV-BE1E5C1F97B41AA6 | PEG_HEAD | TAPERED | PAVE | None | NONE | ROSE_GOLD | ROSE_GOLD | imgs:3
[02:31:58][RADIANT]   Configurando fijos: GOLD / KT_18 / LABGROWN_DIAMOND / 1ct
[02:32:00][RADIANT]   Fijos configurados OK
[02:32:05][RADIANT] [679] OK NIV-6DC60D6B4DBA001E | SINGLE_HALO | CONTEMPORARY | U_PAVE | None | NONE | YELLOW_GOLD | YELLOW_GOLD | imgs:3
[02:32:07][RADIANT] [680] OK NIV-8AC5E7C22F94B6D1 | SINGLE_HALO | CONTEMPORARY | U_PAVE | None | NONE | WHITE_GOLD | WHITE_GOLD | imgs:3
[02:32:10][RADIANT] [681] OK NIV-E457362ED012B9F1 | SINGLE_HALO | CONTEMPORARY | U_PAVE | None | NONE | ROSE_GOLD | ROSE_GOLD | imgs:3
[02:32:14][RADIANT] [682] OK NIV-093D80465B387DA6 | SINGLE_HALO | CONTEMPORARY | CHANNEL | None | NONE | YELLOW_GOLD | YELLOW_GOLD | imgs:3
[02:32:17][RADIANT] [683] OK NIV-6977E1BD74FEAA1E | SINGLE_HALO | CONTEMPORARY | CHANNEL | None | NONE | WHITE_GOLD | WHITE_GOLD | imgs:3
[02:32:19][RADIANT] [684] OK NIV-980084D6E7044FEC | SINGLE_HALO | CONTEMPORARY | CHANNEL | None | NONE | ROSE_GOLD | ROSE_GOLD | imgs:3
[02:32:23][RADIANT] [685] OK NIV-533CB9A5BA9FD9D5 | SINGLE_HALO | CONTEMPORARY | PRONG | None | NONE | YELLOW_GOLD | YELLOW_GOLD | imgs:3
[02:32:25][RADIANT] [686] OK NIV-AA144B9593DAA115 | SINGLE_HALO | CONTEMPORARY | PRONG | None | NONE | WHITE_GOLD | WHITE_GOLD | imgs:3
[02:32:28][RADIANT] [687] OK NIV-0ED0E4E696069218 | SINGLE_HALO | CONTEMPORARY | PRONG | None | NONE | ROSE_GOLD | ROSE_GOLD | imgs:3
[02:32:32][RADIANT] [688] OK NIV-5832C2A9D474D2A2 | SINGLE_HALO | CONTEMPORARY | BEAD | None | NONE | YELLOW_GOLD | YELLOW_GOLD | imgs:3
[02:32:34][RADIANT] [689] OK NIV-75D678394D4F16D4 | SINGLE_HALO | CONTEMPORARY | BEAD | None | NONE | WHITE_GOLD | WHITE_GOLD | imgs:3
[02:32:37][RADIANT] [690] OK NIV-C7E45139E7DD5755 | SINGLE_HALO | CONTEMPORARY | BEAD | None | NONE | ROSE_GOLD | ROSE_GOLD | imgs:3
[02:32:42][RADIANT] [691] OK NIV-F5E97F2BD11469BD | SINGLE_HALO | DOUBLE | NONE | PLAIN | NONE | YELLOW_GOLD | YELLOW_GOLD | imgs:3
[02:32:44][RADIANT] [692] OK NIV-3AB6468570C12D2C | SINGLE_HALO | DOUBLE | NONE | PLAIN | NONE | WHITE_GOLD | WHITE_GOLD | imgs:3
[02:32:46][RADIANT] [693] OK NIV-188A849C11910856 | SINGLE_HALO | DOUBLE | NONE | PLAIN | NONE | ROSE_GOLD | ROSE_GOLD | imgs:3
[02:32:50][RADIANT] [694] OK NIV-6DBE569D2C16C4ED | SINGLE_HALO | DOUBLE | U_PAVE | None | NONE | YELLOW_GOLD | YELLOW_GOLD | imgs:3
[02:32:52][RADIANT] [695] OK NIV-65034843C35A0FAE | SINGLE_HALO | DOUBLE | U_PAVE | None | NONE | WHITE_GOLD | WHITE_GOLD | imgs:3
[02:32:55][RADIANT] [696] OK NIV-3D22BDF98B2D21AF | SINGLE_HALO | DOUBLE | U_PAVE | None | NONE | ROSE_GOLD | ROSE_GOLD | imgs:3
[02:32:59][RADIANT] [697] OK NIV-0AF01953274507CE | SINGLE_HALO | DOUBLE | CHANNEL | None | NONE | YELLOW_GOLD | YELLOW_GOLD | imgs:3
[02:33:01][RADIANT] [698] OK NIV-4103456FF8EBB576 | SINGLE_HALO | DOUBLE | CHANNEL | None | NONE | WHITE_GOLD | WHITE_GOLD | imgs:3
[02:33:04][RADIANT] [699] OK NIV-D96702134409D6F5 | SINGLE_HALO | DOUBLE | CHANNEL | None | NONE | ROSE_GOLD | ROSE_GOLD | imgs:3
[02:33:08][RADIANT] [700] OK NIV-9DEE59B5AC442BC0 | SINGLE_HALO | DOUBLE | PRONG | None | NONE | YELLOW_GOLD | YELLOW_GOLD | imgs:3
[02:33:12][RADIANT] [701] OK NIV-9B9E49C9440331B7 | SINGLE_HALO | DOUBLE | PRONG | None | NONE | WHITE_GOLD | WHITE_GOLD | imgs:3
[02:33:14][RADIANT] [702] OK NIV-40B8C8950DBA89A2 | SINGLE_HALO | DOUBLE | PRONG | None | NONE | ROSE_GOLD | ROSE_GOLD | imgs:3
[02:33:17][RADIANT] [703] OK NIV-EBCF675D24EF5E61 | SINGLE_HALO | DOUBLE | BEAD | None | NONE | YELLOW_GOLD | YELLOW_GOLD | imgs:3
[02:33:20][RADIANT] [704] OK NIV-A8BDCEA890FD4F92 | SINGLE_HALO | DOUBLE | BEAD | None | NONE | WHITE_GOLD | WHITE_GOLD | imgs:3
[02:33:22][RADIANT] [705] OK NIV-5E08D7944E982A66 | SINGLE_HALO | DOUBLE | BEAD | None | NONE | ROSE_GOLD | ROSE_GOLD | imgs:3
[02:33:27][RADIANT] [706] OK NIV-13C302F76D189B22 | SINGLE_HALO | DOUBLE_TWIST | NONE | PLAIN | NONE | YELLOW_GOLD | YELLOW_GOLD | imgs:3
[02:33:30][RADIANT] [707] OK NIV-860755500ADBDBE7 | SINGLE_HALO | DOUBLE_TWIST | NONE | PLAIN | NONE | WHITE_GOLD | WHITE_GOLD | imgs:3
[02:33:32][RADIANT] [708] OK NIV-056EAA0D71A9C8BF | SINGLE_HALO | DOUBLE_TWIST | NONE | PLAIN | NONE | ROSE_GOLD | ROSE_GOLD | imgs:3
[02:33:35][RADIANT] [709] OK NIV-E375E3E7B14F4CE6 | SINGLE_HALO | DOUBLE_TWIST | U_PAVE | None | NONE | YELLOW_GOLD | YELLOW_GOLD | imgs:3
[02:33:38][RADIANT] [710] OK NIV-18FCC795C93C996A | SINGLE_HALO | DOUBLE_TWIST | U_PAVE | None | NONE | WHITE_GOLD | WHITE_GOLD | imgs:3
[02:33:40][RADIANT] [711] OK NIV-425936872C4F4A1C | SINGLE_HALO | DOUBLE_TWIST | U_PAVE | None | NONE | ROSE_GOLD | ROSE_GOLD | imgs:3
[02:33:46][RADIANT] [712] OK NIV-F32EE19D73DD65D9 | SINGLE_HALO | DOUBLE_TWIST | CHANNEL | None | NONE | YELLOW_GOLD | YELLOW_GOLD | imgs:3
[02:33:49][RADIANT] [713] OK NIV-7BBAB31F6A5AA61A | SINGLE_HALO | DOUBLE_TWIST | CHANNEL | None | NONE | WHITE_GOLD | WHITE_GOLD | imgs:3
[02:33:52][RADIANT] [714] OK NIV-95A5FA02316D7D16 | SINGLE_HALO | DOUBLE_TWIST | CHANNEL | None | NONE | ROSE_GOLD | ROSE_GOLD | imgs:3
[02:33:58][RADIANT] [715] OK NIV-CC5E3C6AEFF43988 | SINGLE_HALO | DOUBLE_TWIST | PRONG | None | NONE | YELLOW_GOLD | YELLOW_GOLD | imgs:3
[02:34:15][RADIANT] [716] OK NIV-CD8194F2015231B4 | SINGLE_HALO | DOUBLE_TWIST | PRONG | None | NONE | WHITE_GOLD | WHITE_GOLD | imgs:3
[02:34:18][RADIANT] [717] OK NIV-DBC9A81DB0BAC00F | SINGLE_HALO | DOUBLE_TWIST | PRONG | None | NONE | ROSE_GOLD | ROSE_GOLD | imgs:3
[02:34:25][RADIANT] [718] OK NIV-5E30FC45BC44EDD0 | SINGLE_HALO | DOUBLE_TWIST | BEAD | None | NONE | YELLOW_GOLD | YELLOW_GOLD | imgs:3
[02:34:28][RADIANT] [719] OK NIV-D788618A6F724D0A | SINGLE_HALO | DOUBLE_TWIST | BEAD | None | NONE | WHITE_GOLD | WHITE_GOLD | imgs:3
[02:34:31][RADIANT] [720] OK NIV-BFD9F256FC7EA708 | SINGLE_HALO | DOUBLE_TWIST | BEAD | None | NONE | ROSE_GOLD | ROSE_GOLD | imgs:3
[02:34:37][RADIANT]   Re-seleccionando RADIANT (intento 1)
[02:34:40][RADIANT] [721] OK NIV-0ECFF527DF4C3970 | SINGLE_HALO | HIDDEN_HALO | CHANNEL | None | NONE | YELLOW_GOLD | YELLOW_GOLD | imgs:3
[02:34:43][RADIANT] [722] OK NIV-12DFC64A3D200681 | SINGLE_HALO | HIDDEN_HALO | CHANNEL | None | NONE | WHITE_GOLD | WHITE_GOLD | imgs:3
[02:34:46][RADIANT] [723] OK NIV-81DCDA4F6A0D8054 | SINGLE_HALO | HIDDEN_HALO | CHANNEL | None | NONE | ROSE_GOLD | ROSE_GOLD | imgs:3
[02:34:49][RADIANT] [724] OK NIV-B99CE8F4D3D7A017 | SINGLE_HALO | HIDDEN_HALO | PRONG | None | NONE | YELLOW_GOLD | YELLOW_GOLD | imgs:3
[02:34:52][RADIANT] [725] OK NIV-65C67E0AD4129AB5 | SINGLE_HALO | HIDDEN_HALO | PRONG | None | NONE | WHITE_GOLD | WHITE_GOLD | imgs:3
[02:34:55][RADIANT] [726] OK NIV-3891A0FCB92A82B5 | SINGLE_HALO | HIDDEN_HALO | PRONG | None | NONE | ROSE_GOLD | ROSE_GOLD | imgs:3
[02:34:58][RADIANT] [727] OK NIV-5D733210E1A2EBE8 | SINGLE_HALO | HIDDEN_HALO | BEAD | None | NONE | YELLOW_GOLD | YELLOW_GOLD | imgs:3
[02:35:01][RADIANT] [728] OK NIV-CE44DEA79DC4DD12 | SINGLE_HALO | HIDDEN_HALO | BEAD | None | NONE | WHITE_GOLD | WHITE_GOLD | imgs:3
[02:35:04][RADIANT] [729] OK NIV-00528D4F2DCEA018 | SINGLE_HALO | HIDDEN_HALO | BEAD | None | NONE | ROSE_GOLD | ROSE_GOLD | imgs:3
[02:35:07][RADIANT] [730] OK NIV-5F9F26471A0C7174 | SINGLE_HALO | HIDDEN_HALO | PAVE | None | NONE | YELLOW_GOLD | YELLOW_GOLD | imgs:3
[02:35:10][RADIANT] [731] OK NIV-E9E3EA697C695D74 | SINGLE_HALO | HIDDEN_HALO | PAVE | None | NONE | WHITE_GOLD | WHITE_GOLD | imgs:3
[02:35:13][RADIANT] [732] OK NIV-4E32F4866AA4B16A | SINGLE_HALO | HIDDEN_HALO | PAVE | None | NONE | ROSE_GOLD | ROSE_GOLD | imgs:3
[02:35:17][RADIANT] [733] OK NIV-774FB04EEF4411FD | SINGLE_HALO | SINGLE | NONE | PLAIN | NONE | YELLOW_GOLD | YELLOW_GOLD | imgs:3
[02:35:19][RADIANT] [734] OK NIV-1CAEF24B8B828F76 | SINGLE_HALO | SINGLE | NONE | PLAIN | NONE | WHITE_GOLD | WHITE_GOLD | imgs:3
[02:35:22][RADIANT] [735] OK NIV-2C69825ED03D7371 | SINGLE_HALO | SINGLE | NONE | PLAIN | NONE | ROSE_GOLD | ROSE_GOLD | imgs:3
[02:35:25][RADIANT] [736] OK NIV-159E93264A82935E | SINGLE_HALO | SINGLE | U_PAVE | None | NONE | YELLOW_GOLD | YELLOW_GOLD | imgs:3
[02:35:28][RADIANT] [737] OK NIV-12B0DF0B788325E0 | SINGLE_HALO | SINGLE | U_PAVE | None | NONE | WHITE_GOLD | WHITE_GOLD | imgs:3
[02:35:31][RADIANT] [738] OK NIV-C5DAC78C3DD22AF7 | SINGLE_HALO | SINGLE | U_PAVE | None | NONE | ROSE_GOLD | ROSE_GOLD | imgs:3
[02:35:34][RADIANT] [739] OK NIV-0ECFF527DF4C3970 | SINGLE_HALO | SINGLE | CHANNEL | None | NONE | YELLOW_GOLD | YELLOW_GOLD | imgs:3
[02:35:37][RADIANT] [740] OK NIV-12DFC64A3D200681 | SINGLE_HALO | SINGLE | CHANNEL | None | NONE | WHITE_GOLD | WHITE_GOLD | imgs:3
[02:35:40][RADIANT] [741] OK NIV-81DCDA4F6A0D8054 | SINGLE_HALO | SINGLE | CHANNEL | None | NONE | ROSE_GOLD | ROSE_GOLD | imgs:3
[02:35:43][RADIANT] [742] OK NIV-B99CE8F4D3D7A017 | SINGLE_HALO | SINGLE | PRONG | None | NONE | YELLOW_GOLD | YELLOW_GOLD | imgs:3
[02:35:46][RADIANT] [743] OK NIV-65C67E0AD4129AB5 | SINGLE_HALO | SINGLE | PRONG | None | NONE | WHITE_GOLD | WHITE_GOLD | imgs:3
[02:35:49][RADIANT] [744] OK NIV-3891A0FCB92A82B5 | SINGLE_HALO | SINGLE | PRONG | None | NONE | ROSE_GOLD | ROSE_GOLD | imgs:3
[02:35:52][RADIANT] [745] OK NIV-5D733210E1A2EBE8 | SINGLE_HALO | SINGLE | BEAD | None | NONE | YELLOW_GOLD | YELLOW_GOLD | imgs:3
[02:35:55][RADIANT] [746] OK NIV-CE44DEA79DC4DD12 | SINGLE_HALO | SINGLE | BEAD | None | NONE | WHITE_GOLD | WHITE_GOLD | imgs:3
[02:35:58][RADIANT] [747] OK NIV-00528D4F2DCEA018 | SINGLE_HALO | SINGLE | BEAD | None | NONE | ROSE_GOLD | ROSE_GOLD | imgs:3
[02:36:01][RADIANT] [748] OK NIV-5F9F26471A0C7174 | SINGLE_HALO | SINGLE | PAVE | None | NONE | YELLOW_GOLD | YELLOW_GOLD | imgs:3
[02:36:04][RADIANT] [749] OK NIV-E9E3EA697C695D74 | SINGLE_HALO | SINGLE | PAVE | None | NONE | WHITE_GOLD | WHITE_GOLD | imgs:3
[02:36:07][RADIANT] [750] OK NIV-4E32F4866AA4B16A | SINGLE_HALO | SINGLE | PAVE | None | NONE | ROSE_GOLD | ROSE_GOLD | imgs:3
[02:36:11][RADIANT] [751] OK NIV-D98D38386FF568FD | SINGLE_HALO | SPLIT | NONE | PLAIN | NONE | YELLOW_GOLD | YELLOW_GOLD | imgs:3
[02:36:13][RADIANT] [752] OK NIV-7B4CEDA0DCCFEA20 | SINGLE_HALO | SPLIT | NONE | PLAIN | NONE | WHITE_GOLD | WHITE_GOLD | imgs:3
[02:36:16][RADIANT] [753] OK NIV-1C621280FCA15553 | SINGLE_HALO | SPLIT | NONE | PLAIN | NONE | ROSE_GOLD | ROSE_GOLD | imgs:3
[02:36:19][RADIANT] [754] OK NIV-6229E04EC234DFC8 | SINGLE_HALO | SPLIT | U_PAVE | None | NONE | YELLOW_GOLD | YELLOW_GOLD | imgs:3
[02:36:22][RADIANT] [755] OK NIV-C7C13A5F7E15DA97 | SINGLE_HALO | SPLIT | U_PAVE | None | NONE | WHITE_GOLD | WHITE_GOLD | imgs:3
[02:36:25][RADIANT] [756] OK NIV-CE4697E06D16860D | SINGLE_HALO | SPLIT | U_PAVE | None | NONE | ROSE_GOLD | ROSE_GOLD | imgs:3
[02:36:28][RADIANT] [757] OK NIV-F89B56B10DFFC59E | SINGLE_HALO | SPLIT | PRONG | None | NONE | YELLOW_GOLD | YELLOW_GOLD | imgs:3
[02:36:31][RADIANT] [758] OK NIV-2C20E657842FBE59 | SINGLE_HALO | SPLIT | PRONG | None | NONE | WHITE_GOLD | WHITE_GOLD | imgs:3
[02:36:34][RADIANT] [759] OK NIV-B52BB19AA88DF61F | SINGLE_HALO | SPLIT | PRONG | None | NONE | ROSE_GOLD | ROSE_GOLD | imgs:3
[02:36:37][RADIANT] [760] OK NIV-8D621FC409ADAE95 | SINGLE_HALO | SPLIT | BEAD | None | NONE | YELLOW_GOLD | YELLOW_GOLD | imgs:3
[02:36:40][RADIANT] [761] OK NIV-89EC1ECF0162419C | SINGLE_HALO | SPLIT | BEAD | None | NONE | WHITE_GOLD | WHITE_GOLD | imgs:3
[02:36:43][RADIANT] [762] OK NIV-2CBEA4376C695E30 | SINGLE_HALO | SPLIT | BEAD | None | NONE | ROSE_GOLD | ROSE_GOLD | imgs:3
[02:36:49][RADIANT] [763] OK NIV-C114B71643E5E4CB | SINGLE_HALO | SQUARE_EDGE | U_PAVE | None | NONE | YELLOW_GOLD | YELLOW_GOLD | imgs:3
[02:36:58][RADIANT] [764] OK NIV-30472126380A0E2D | SINGLE_HALO | SQUARE_EDGE | U_PAVE | None | NONE | WHITE_GOLD | WHITE_GOLD | imgs:3
[02:37:01][RADIANT] [765] OK NIV-7B3A87A81F4F1E8E | SINGLE_HALO | SQUARE_EDGE | U_PAVE | None | NONE | ROSE_GOLD | ROSE_GOLD | imgs:3
[02:37:08][RADIANT] [766] OK NIV-984DE1E913D126C0 | SINGLE_HALO | SQUARE_EDGE | CHANNEL | None | NONE | YELLOW_GOLD | YELLOW_GOLD | imgs:3
[02:37:10][RADIANT] [767] OK NIV-4EFCBE504A153A2D | SINGLE_HALO | SQUARE_EDGE | CHANNEL | None | NONE | WHITE_GOLD | WHITE_GOLD | imgs:3
[02:37:13][RADIANT] [768] OK NIV-E6F93DB6A9B39A4B | SINGLE_HALO | SQUARE_EDGE | CHANNEL | None | NONE | ROSE_GOLD | ROSE_GOLD | imgs:3
[02:37:16][RADIANT] [769] OK NIV-CF791F164E4CAEB5 | SINGLE_HALO | SQUARE_EDGE | PRONG | None | NONE | YELLOW_GOLD | YELLOW_GOLD | imgs:3
[02:37:19][RADIANT] [770] OK NIV-F1225F1CD91F2734 | SINGLE_HALO | SQUARE_EDGE | PRONG | None | NONE | WHITE_GOLD | WHITE_GOLD | imgs:3
[02:37:22][RADIANT] [771] OK NIV-A39D788274A6C49A | SINGLE_HALO | SQUARE_EDGE | PRONG | None | NONE | ROSE_GOLD | ROSE_GOLD | imgs:3
[02:37:25][RADIANT] [772] OK NIV-8F4FC0E238C8C7E3 | SINGLE_HALO | SQUARE_EDGE | BEAD | None | NONE | YELLOW_GOLD | YELLOW_GOLD | imgs:3
[02:37:28][RADIANT] [773] OK NIV-7D4ADBFAD0A7C663 | SINGLE_HALO | SQUARE_EDGE | BEAD | None | NONE | WHITE_GOLD | WHITE_GOLD | imgs:3
[02:37:31][RADIANT] [774] OK NIV-F517799209117C92 | SINGLE_HALO | SQUARE_EDGE | BEAD | None | NONE | ROSE_GOLD | ROSE_GOLD | imgs:3
[02:37:34][RADIANT] [775] OK NIV-6D2DD049B460E8A9 | SINGLE_HALO | SQUARE_EDGE | PAVE | None | NONE | YELLOW_GOLD | YELLOW_GOLD | imgs:3
[02:37:37][RADIANT] [776] OK NIV-4779CC45153B1D73 | SINGLE_HALO | SQUARE_EDGE | PAVE | None | NONE | WHITE_GOLD | WHITE_GOLD | imgs:3
[02:37:40][RADIANT] [777] OK NIV-363043B50411F99A | SINGLE_HALO | SQUARE_EDGE | PAVE | None | NONE | ROSE_GOLD | ROSE_GOLD | imgs:3
[02:37:46][RADIANT] [778] OK NIV-B5D643FCF565D326 | SINGLE_HALO | TAPERED | U_PAVE | None | NONE | YELLOW_GOLD | YELLOW_GOLD | imgs:3
[02:37:49][RADIANT] [779] OK NIV-0C365A16B5569CED | SINGLE_HALO | TAPERED | U_PAVE | None | NONE | WHITE_GOLD | WHITE_GOLD | imgs:3
[02:37:52][RADIANT] [780] OK NIV-8AECE0FC5FFA7E15 | SINGLE_HALO | TAPERED | U_PAVE | None | NONE | ROSE_GOLD | ROSE_GOLD | imgs:3
[02:37:55][RADIANT] [781] OK NIV-59F46FFEF91A990C | SINGLE_HALO | TAPERED | CHANNEL | None | NONE | YELLOW_GOLD | YELLOW_GOLD | imgs:3
[02:37:58][RADIANT] [782] OK NIV-C9F2414795527658 | SINGLE_HALO | TAPERED | CHANNEL | None | NONE | WHITE_GOLD | WHITE_GOLD | imgs:3
[02:38:01][RADIANT] [783] OK NIV-29B59941321CE8F0 | SINGLE_HALO | TAPERED | CHANNEL | None | NONE | ROSE_GOLD | ROSE_GOLD | imgs:3
[02:38:04][RADIANT] [784] OK NIV-3AD7B7A3B26B3C4C | SINGLE_HALO | TAPERED | PRONG | None | NONE | YELLOW_GOLD | YELLOW_GOLD | imgs:3
[02:38:07][RADIANT] [785] OK NIV-77DC671354ECAEA4 | SINGLE_HALO | TAPERED | PRONG | None | NONE | WHITE_GOLD | WHITE_GOLD | imgs:3
[02:38:10][RADIANT] [786] OK NIV-8065398F3D250D92 | SINGLE_HALO | TAPERED | PRONG | None | NONE | ROSE_GOLD | ROSE_GOLD | imgs:3
[02:38:13][RADIANT] [787] OK NIV-37D65C46D5370CA8 | SINGLE_HALO | TAPERED | BEAD | None | NONE | YELLOW_GOLD | YELLOW_GOLD | imgs:3
[02:38:16][RADIANT] [788] OK NIV-06165C4EE7FE8233 | SINGLE_HALO | TAPERED | BEAD | None | NONE | WHITE_GOLD | WHITE_GOLD | imgs:3
[02:38:19][RADIANT] [789] OK NIV-251849A3CCBD07C0 | SINGLE_HALO | TAPERED | BEAD | None | NONE | ROSE_GOLD | ROSE_GOLD | imgs:3
[02:38:22][RADIANT] [790] OK NIV-00B4B7B5B0A3A86B | SINGLE_HALO | TAPERED | PAVE | None | NONE | YELLOW_GOLD | YELLOW_GOLD | imgs:3
[02:38:25][RADIANT] [791] OK NIV-B8AEDA1897EA204C | SINGLE_HALO | TAPERED | PAVE | None | NONE | WHITE_GOLD | WHITE_GOLD | imgs:3
[02:38:28][RADIANT] [792] OK NIV-BE1E5C1F97B41AA6 | SINGLE_HALO | TAPERED | PAVE | None | NONE | ROSE_GOLD | ROSE_GOLD | imgs:3
[02:38:29][RADIANT] COMPLETO ? 8932 resultados guardados en /home/juan/Documentos/Proyectos/Universal_Gold/scraper_v4/results/results_RADIANT.json
