[01:08:44][PRINCESS] Agregadas 8300 combinaciones desde JSON global maestro.
[01:08:44][PRINCESS] Iniciando worker para PRINCESS
[01:08:44][PRINCESS] Fijos: metal=GOLD quality=KT_18 stone=LABGROWN_DIAMOND size=1ct
[01:08:45][PRINCESS] Cargando configurador (intento 1/5)...
[01:09:05][PRINCESS]   UI del configurador detectada
[01:09:05][PRINCESS]   Configurador listo en intento 1
[01:09:06][PRINCESS] Seleccionando ROUND como base...
[01:09:08][PRINCESS]   Re-seleccionando PRINCESS (intento 1)
[01:09:09][PRINCESS] Forma PRINCESS activa. Comenzando scrape...
[01:09:09][PRINCESS]   Configurando fijos: GOLD / KT_18 / LABGROWN_DIAMOND / 1ct
[01:09:11][PRINCESS]   Fijos configurados OK
[01:09:11][PRINCESS]   Configurando fijos: GOLD / KT_18 / LABGROWN_DIAMOND / 1ct
[01:09:13][PRINCESS]   Fijos configurados OK
[01:09:13][PRINCESS]   SKIP mounting=CONTEMPORARY (todos los colores ya capturados)
[01:09:13][PRINCESS]   SKIP mounting=DOUBLE (todos los colores ya capturados)
[01:09:13][PRINCESS]   SKIP mounting=DOUBLE_TWIST (todos los colores ya capturados)
[01:09:13][PRINCESS]   SKIP mounting=HIDDEN_HALO (todos los colores ya capturados)
[01:09:13][PRINCESS]   SKIP mounting=SINGLE (todos los colores ya capturados)
[01:09:16][PRINCESS] [1] OK NIV-5B7733154030E9C9 | BASKET | SPLIT | NONE | PLAIN | NONE | YELLOW_GOLD | YELLOW_GOLD | imgs:3
[01:09:19][PRINCESS] [2] OK NIV-6783F5F51192D7A7 | BASKET | SPLIT | NONE | PLAIN | NONE | WHITE_GOLD | WHITE_GOLD | imgs:3
[01:09:22][PRINCESS] [3] OK NIV-FDA4878573D4BE1F | BASKET | SPLIT | NONE | PLAIN | NONE | ROSE_GOLD | ROSE_GOLD | imgs:3
[01:09:26][PRINCESS] [4] OK NIV-E1917032BD30573C | BASKET | SPLIT | U_PAVE | None | NONE | YELLOW_GOLD | YELLOW_GOLD | imgs:3
[01:09:28][PRINCESS] [5] OK NIV-45787372B6FC0740 | BASKET | SPLIT | U_PAVE | None | NONE | WHITE_GOLD | WHITE_GOLD | imgs:3
[01:09:31][PRINCESS] [6] OK NIV-5C60FA084BF208B4 | BASKET | SPLIT | U_PAVE | None | NONE | ROSE_GOLD | ROSE_GOLD | imgs:3
[01:09:35][PRINCESS] [7] OK NIV-D8AFE659BA6BB954 | BASKET | SPLIT | PRONG | None | NONE | YELLOW_GOLD | YELLOW_GOLD | imgs:3
[01:09:40][PRINCESS] [8] OK NIV-01B297D51C86835C | BASKET | SPLIT | PRONG | None | NONE | WHITE_GOLD | WHITE_GOLD | imgs:3
[01:09:42][PRINCESS] [9] OK NIV-E4BD980239CA98A9 | BASKET | SPLIT | PRONG | None | NONE | ROSE_GOLD | ROSE_GOLD | imgs:3
[01:09:46][PRINCESS] [10] OK NIV-F08A64B05913851E | BASKET | SPLIT | BEAD | None | NONE | YELLOW_GOLD | YELLOW_GOLD | imgs:3
[01:09:48][PRINCESS] [11] OK NIV-A7104493A498CD01 | BASKET | SPLIT | BEAD | None | NONE | WHITE_GOLD | WHITE_GOLD | imgs:3
[01:09:51][PRINCESS] [12] OK NIV-C9175A81F7B08011 | BASKET | SPLIT | BEAD | None | NONE | ROSE_GOLD | ROSE_GOLD | imgs:3
[01:09:57][PRINCESS]   Re-seleccionando PRINCESS (intento 1)
[01:10:01][PRINCESS] [13] OK NIV-5AEBE04061C19317 | BASKET | SQUARE_EDGE | CHANNEL | None | NONE | YELLOW_GOLD | YELLOW_GOLD | imgs:3
[01:10:03][PRINCESS] [14] OK NIV-51295EC9F40D1B04 | BASKET | SQUARE_EDGE | CHANNEL | None | NONE | WHITE_GOLD | WHITE_GOLD | imgs:3
[01:10:06][PRINCESS] [15] OK NIV-DF5179F6893B6E3C | BASKET | SQUARE_EDGE | CHANNEL | None | NONE | ROSE_GOLD | ROSE_GOLD | imgs:3
[01:10:10][PRINCESS] [16] OK NIV-333626608862CF30 | BASKET | SQUARE_EDGE | PRONG | None | NONE | YELLOW_GOLD | YELLOW_GOLD | imgs:3
[01:10:12][PRINCESS] [17] OK NIV-74583531C6DB1EDF | BASKET | SQUARE_EDGE | PRONG | None | NONE | WHITE_GOLD | WHITE_GOLD | imgs:3
[01:10:15][PRINCESS] [18] OK NIV-EBFAA0EC726ADCDE | BASKET | SQUARE_EDGE | PRONG | None | NONE | ROSE_GOLD | ROSE_GOLD | imgs:3
[01:10:18][PRINCESS] [19] OK NIV-391CB0554D292793 | BASKET | SQUARE_EDGE | BEAD | None | NONE | YELLOW_GOLD | YELLOW_GOLD | imgs:3
[01:10:21][PRINCESS] [20] OK NIV-7F8E4A22925E373E | BASKET | SQUARE_EDGE | BEAD | None | NONE | WHITE_GOLD | WHITE_GOLD | imgs:3
[01:10:24][PRINCESS] [21] OK NIV-89776AE524DBF41E | BASKET | SQUARE_EDGE | BEAD | None | NONE | ROSE_GOLD | ROSE_GOLD | imgs:3
[01:10:28][PRINCESS] [22] OK NIV-B7A29F855CAE3DD4 | BASKET | SQUARE_EDGE | PAVE | None | NONE | YELLOW_GOLD | YELLOW_GOLD | imgs:3
[01:10:31][PRINCESS] [23] OK NIV-E35881E3E3323C4D | BASKET | SQUARE_EDGE | PAVE | None | NONE | WHITE_GOLD | WHITE_GOLD | imgs:3
[01:10:33][PRINCESS] [24] OK NIV-5B8CC5B09AC96500 | BASKET | SQUARE_EDGE | PAVE | None | NONE | ROSE_GOLD | ROSE_GOLD | imgs:3
[01:10:39][PRINCESS]   Re-seleccionando PRINCESS (intento 1)
[01:10:42][PRINCESS] [25] OK NIV-5AEBE04061C19317 | BASKET | TAPERED | CHANNEL | None | NONE | YELLOW_GOLD | YELLOW_GOLD | imgs:3
[01:10:45][PRINCESS] [26] OK NIV-51295EC9F40D1B04 | BASKET | TAPERED | CHANNEL | None | NONE | WHITE_GOLD | WHITE_GOLD | imgs:3
[01:10:48][PRINCESS] [27] OK NIV-DF5179F6893B6E3C | BASKET | TAPERED | CHANNEL | None | NONE | ROSE_GOLD | ROSE_GOLD | imgs:3
[01:10:51][PRINCESS] [28] OK NIV-333626608862CF30 | BASKET | TAPERED | PRONG | None | NONE | YELLOW_GOLD | YELLOW_GOLD | imgs:3
[01:10:54][PRINCESS] [29] OK NIV-74583531C6DB1EDF | BASKET | TAPERED | PRONG | None | NONE | WHITE_GOLD | WHITE_GOLD | imgs:3
[01:10:57][PRINCESS] [30] OK NIV-EBFAA0EC726ADCDE | BASKET | TAPERED | PRONG | None | NONE | ROSE_GOLD | ROSE_GOLD | imgs:3
[01:11:00][PRINCESS] [31] OK NIV-391CB0554D292793 | BASKET | TAPERED | BEAD | None | NONE | YELLOW_GOLD | YELLOW_GOLD | imgs:3
[01:11:03][PRINCESS] [32] OK NIV-7F8E4A22925E373E | BASKET | TAPERED | BEAD | None | NONE | WHITE_GOLD | WHITE_GOLD | imgs:3
[01:11:06][PRINCESS] [33] OK NIV-89776AE524DBF41E | BASKET | TAPERED | BEAD | None | NONE | ROSE_GOLD | ROSE_GOLD | imgs:3
[01:11:09][PRINCESS] [34] OK NIV-B7A29F855CAE3DD4 | BASKET | TAPERED | PAVE | None | NONE | YELLOW_GOLD | YELLOW_GOLD | imgs:3
[01:11:12][PRINCESS] [35] OK NIV-E35881E3E3323C4D | BASKET | TAPERED | PAVE | None | NONE | WHITE_GOLD | WHITE_GOLD | imgs:3
[01:11:15][PRINCESS] [36] OK NIV-5B8CC5B09AC96500 | BASKET | TAPERED | PAVE | None | NONE | ROSE_GOLD | ROSE_GOLD | imgs:3
[01:11:16][PRINCESS]   Configurando fijos: GOLD / KT_18 / LABGROWN_DIAMOND / 1ct
[01:11:17][PRINCESS]   Fijos configurados OK
[01:11:22][PRINCESS] [37] OK NIV-135E4DBA943F8634 | CROWN | CONTEMPORARY | U_PAVE | None | NONE | YELLOW_GOLD | YELLOW_GOLD | imgs:3
[01:11:24][PRINCESS] [38] OK NIV-970C4DCFC290AE44 | CROWN | CONTEMPORARY | U_PAVE | None | NONE | WHITE_GOLD | WHITE_GOLD | imgs:3
[01:11:27][PRINCESS] [39] OK NIV-E4D409E82924568E | CROWN | CONTEMPORARY | U_PAVE | None | NONE | ROSE_GOLD | ROSE_GOLD | imgs:3
[01:11:31][PRINCESS] [40] OK NIV-4E7C74546BF1AA89 | CROWN | CONTEMPORARY | CHANNEL | None | NONE | YELLOW_GOLD | YELLOW_GOLD | imgs:3
[01:11:33][PRINCESS] [41] OK NIV-D89F37FB515FCFDA | CROWN | CONTEMPORARY | CHANNEL | None | NONE | WHITE_GOLD | WHITE_GOLD | imgs:3
[01:11:36][PRINCESS] [42] OK NIV-C1DCA58AB7546C50 | CROWN | CONTEMPORARY | CHANNEL | None | NONE | ROSE_GOLD | ROSE_GOLD | imgs:3
[01:11:40][PRINCESS] [43] OK NIV-08015B7C1ED1E411 | CROWN | CONTEMPORARY | PRONG | None | NONE | YELLOW_GOLD | YELLOW_GOLD | imgs:3
[01:11:42][PRINCESS] [44] OK NIV-55DB0376A3862E9E | CROWN | CONTEMPORARY | PRONG | None | NONE | WHITE_GOLD | WHITE_GOLD | imgs:3
[01:11:45][PRINCESS] [45] OK NIV-84C83DA340172F88 | CROWN | CONTEMPORARY | PRONG | None | NONE | ROSE_GOLD | ROSE_GOLD | imgs:3
[01:11:49][PRINCESS] [46] OK NIV-368E7F145EB9D253 | CROWN | CONTEMPORARY | BEAD | None | NONE | YELLOW_GOLD | YELLOW_GOLD | imgs:3
[01:11:51][PRINCESS] [47] OK NIV-E895F08A07B4E1F2 | CROWN | CONTEMPORARY | BEAD | None | NONE | WHITE_GOLD | WHITE_GOLD | imgs:3
[01:11:54][PRINCESS] [48] OK NIV-C156FE10B16E41F3 | CROWN | CONTEMPORARY | BEAD | None | NONE | ROSE_GOLD | ROSE_GOLD | imgs:3
[01:11:59][PRINCESS] [49] OK NIV-53D137A4C4ABF1EC | CROWN | DOUBLE | NONE | PLAIN | NONE | YELLOW_GOLD | YELLOW_GOLD | imgs:3
[01:12:01][PRINCESS] [50] OK NIV-A9E2594B3F16299E | CROWN | DOUBLE | NONE | PLAIN | NONE | WHITE_GOLD | WHITE_GOLD | imgs:3
[01:12:03][PRINCESS] [51] OK NIV-D3E6DF0CD9C6EE66 | CROWN | DOUBLE | NONE | PLAIN | NONE | ROSE_GOLD | ROSE_GOLD | imgs:3
[01:12:07][PRINCESS] [52] OK NIV-2DC8F9585334C4FF | CROWN | DOUBLE | U_PAVE | None | NONE | YELLOW_GOLD | YELLOW_GOLD | imgs:3
[01:12:09][PRINCESS] [53] OK NIV-6EE9ADB908C084AE | CROWN | DOUBLE | U_PAVE | None | NONE | WHITE_GOLD | WHITE_GOLD | imgs:3
[01:12:12][PRINCESS] [54] OK NIV-23023D38DB919211 | CROWN | DOUBLE | U_PAVE | None | NONE | ROSE_GOLD | ROSE_GOLD | imgs:3
[01:12:15][PRINCESS] [55] OK NIV-811CE2FB0ECA41BF | CROWN | DOUBLE | CHANNEL | None | NONE | YELLOW_GOLD | YELLOW_GOLD | imgs:3
[01:12:18][PRINCESS] [56] OK NIV-0F5A66EA2928DF04 | CROWN | DOUBLE | CHANNEL | None | NONE | WHITE_GOLD | WHITE_GOLD | imgs:3
[01:12:22][PRINCESS] [57] OK NIV-17D9F5A9B3238424 | CROWN | DOUBLE | CHANNEL | None | NONE | ROSE_GOLD | ROSE_GOLD | imgs:3
[01:12:25][PRINCESS] [58] OK NIV-41CBC68AACCD49D6 | CROWN | DOUBLE | PRONG | None | NONE | YELLOW_GOLD | YELLOW_GOLD | imgs:3
[01:12:27][PRINCESS] [59] OK NIV-B6DB16EEC1BA5DC0 | CROWN | DOUBLE | PRONG | None | NONE | WHITE_GOLD | WHITE_GOLD | imgs:3
[01:12:30][PRINCESS] [60] OK NIV-1A40B555E7B8BBF9 | CROWN | DOUBLE | PRONG | None | NONE | ROSE_GOLD | ROSE_GOLD | imgs:3
[01:12:34][PRINCESS] [61] OK NIV-2656D04BAF762DB6 | CROWN | DOUBLE | BEAD | None | NONE | YELLOW_GOLD | YELLOW_GOLD | imgs:3
[01:12:36][PRINCESS] [62] OK NIV-7148A1760AF29DAB | CROWN | DOUBLE | BEAD | None | NONE | WHITE_GOLD | WHITE_GOLD | imgs:3
[01:12:39][PRINCESS] [63] OK NIV-496B868D4E4F5032 | CROWN | DOUBLE | BEAD | None | NONE | ROSE_GOLD | ROSE_GOLD | imgs:3
[01:12:44][PRINCESS] [64] OK NIV-43CA02C4E3AF0DD9 | CROWN | DOUBLE_TWIST | NONE | PLAIN | NONE | YELLOW_GOLD | YELLOW_GOLD | imgs:3
[01:12:47][PRINCESS] [65] OK NIV-5C081CC52FB2CD13 | CROWN | DOUBLE_TWIST | NONE | PLAIN | NONE | WHITE_GOLD | WHITE_GOLD | imgs:3
[01:12:49][PRINCESS] [66] OK NIV-2366A3C46D636855 | CROWN | DOUBLE_TWIST | NONE | PLAIN | NONE | ROSE_GOLD | ROSE_GOLD | imgs:3
[01:12:53][PRINCESS] [67] OK NIV-3710FE18DB3E405F | CROWN | DOUBLE_TWIST | U_PAVE | None | NONE | YELLOW_GOLD | YELLOW_GOLD | imgs:3
[01:12:56][PRINCESS] [68] OK NIV-E1059A190BC77DF4 | CROWN | DOUBLE_TWIST | U_PAVE | None | NONE | WHITE_GOLD | WHITE_GOLD | imgs:3
[01:12:59][PRINCESS] [69] OK NIV-5BADCF9205FC09BA | CROWN | DOUBLE_TWIST | U_PAVE | None | NONE | ROSE_GOLD | ROSE_GOLD | imgs:3
[01:13:02][PRINCESS] [70] OK NIV-A3F63E83F2748D5D | CROWN | DOUBLE_TWIST | CHANNEL | None | NONE | YELLOW_GOLD | YELLOW_GOLD | imgs:3
[01:13:06][PRINCESS] [71] OK NIV-95A9E157356D8F9D | CROWN | DOUBLE_TWIST | CHANNEL | None | NONE | WHITE_GOLD | WHITE_GOLD | imgs:3
[01:13:13][PRINCESS] [72] OK NIV-6CEC6AF0A6EFEA32 | CROWN | DOUBLE_TWIST | CHANNEL | None | NONE | ROSE_GOLD | ROSE_GOLD | imgs:3
[01:13:15][PRINCESS] [73] OK NIV-93F88468C3652270 | CROWN | DOUBLE_TWIST | PRONG | None | NONE | YELLOW_GOLD | YELLOW_GOLD | imgs:3
[01:13:18][PRINCESS] [74] OK NIV-E82996D3279A0DA0 | CROWN | DOUBLE_TWIST | PRONG | None | NONE | WHITE_GOLD | WHITE_GOLD | imgs:3
[01:13:22][PRINCESS] [75] OK NIV-04CE2224F9CBA492 | CROWN | DOUBLE_TWIST | PRONG | None | NONE | ROSE_GOLD | ROSE_GOLD | imgs:3
[01:13:25][PRINCESS] [76] OK NIV-3555FED01130C8DA | CROWN | DOUBLE_TWIST | BEAD | None | NONE | YELLOW_GOLD | YELLOW_GOLD | imgs:3
[01:13:27][PRINCESS] [77] OK NIV-8B30FD50A9F4483C | CROWN | DOUBLE_TWIST | BEAD | None | NONE | WHITE_GOLD | WHITE_GOLD | imgs:3
[01:13:30][PRINCESS] [78] OK NIV-33E884E0F69F9ECC | CROWN | DOUBLE_TWIST | BEAD | None | NONE | ROSE_GOLD | ROSE_GOLD | imgs:3
[01:13:36][PRINCESS]   Re-seleccionando PRINCESS (intento 1)
[01:13:39][PRINCESS] [79] OK NIV-5AEBE04061C19317 | CROWN | HIDDEN_HALO | CHANNEL | None | NONE | YELLOW_GOLD | YELLOW_GOLD | imgs:3
[01:13:42][PRINCESS] [80] OK NIV-51295EC9F40D1B04 | CROWN | HIDDEN_HALO | CHANNEL | None | NONE | WHITE_GOLD | WHITE_GOLD | imgs:3
[01:13:45][PRINCESS] [81] OK NIV-DF5179F6893B6E3C | CROWN | HIDDEN_HALO | CHANNEL | None | NONE | ROSE_GOLD | ROSE_GOLD | imgs:3
[01:13:48][PRINCESS] [82] OK NIV-333626608862CF30 | CROWN | HIDDEN_HALO | PRONG | None | NONE | YELLOW_GOLD | YELLOW_GOLD | imgs:3
[01:13:51][PRINCESS] [83] OK NIV-74583531C6DB1EDF | CROWN | HIDDEN_HALO | PRONG | None | NONE | WHITE_GOLD | WHITE_GOLD | imgs:3
[01:13:54][PRINCESS] [84] OK NIV-EBFAA0EC726ADCDE | CROWN | HIDDEN_HALO | PRONG | None | NONE | ROSE_GOLD | ROSE_GOLD | imgs:3
[01:13:57][PRINCESS] [85] OK NIV-391CB0554D292793 | CROWN | HIDDEN_HALO | BEAD | None | NONE | YELLOW_GOLD | YELLOW_GOLD | imgs:3
[01:14:00][PRINCESS] [86] OK NIV-7F8E4A22925E373E | CROWN | HIDDEN_HALO | BEAD | None | NONE | WHITE_GOLD | WHITE_GOLD | imgs:3
[01:14:03][PRINCESS] [87] OK NIV-89776AE524DBF41E | CROWN | HIDDEN_HALO | BEAD | None | NONE | ROSE_GOLD | ROSE_GOLD | imgs:3
[01:14:06][PRINCESS] [88] OK NIV-B7A29F855CAE3DD4 | CROWN | HIDDEN_HALO | PAVE | None | NONE | YELLOW_GOLD | YELLOW_GOLD | imgs:3
[01:14:09][PRINCESS] [89] OK NIV-E35881E3E3323C4D | CROWN | HIDDEN_HALO | PAVE | None | NONE | WHITE_GOLD | WHITE_GOLD | imgs:3
[01:14:12][PRINCESS] [90] OK NIV-5B8CC5B09AC96500 | CROWN | HIDDEN_HALO | PAVE | None | NONE | ROSE_GOLD | ROSE_GOLD | imgs:3
[01:14:16][PRINCESS] [91] OK NIV-58D80612BA34FED5 | CROWN | SINGLE | NONE | PLAIN | NONE | YELLOW_GOLD | YELLOW_GOLD | imgs:3
[01:14:18][PRINCESS] [92] OK NIV-E2C7AB49DE806B73 | CROWN | SINGLE | NONE | PLAIN | NONE | WHITE_GOLD | WHITE_GOLD | imgs:3
[01:14:21][PRINCESS] [93] OK NIV-5A0398DDCC86DF0F | CROWN | SINGLE | NONE | PLAIN | NONE | ROSE_GOLD | ROSE_GOLD | imgs:3
[01:14:27][PRINCESS] [94] OK NIV-B5A802D07FDE33B1 | CROWN | SINGLE | U_PAVE | None | NONE | YELLOW_GOLD | YELLOW_GOLD | imgs:3
[01:14:35][PRINCESS] [95] OK NIV-BAAA61B67CAE62C9 | CROWN | SINGLE | U_PAVE | None | NONE | WHITE_GOLD | WHITE_GOLD | imgs:3
[01:14:37][PRINCESS] [96] OK NIV-570254D47AA5C2F2 | CROWN | SINGLE | U_PAVE | None | NONE | ROSE_GOLD | ROSE_GOLD | imgs:3
[01:14:39][PRINCESS] [97] OK NIV-5AEBE04061C19317 | CROWN | SINGLE | CHANNEL | None | NONE | YELLOW_GOLD | YELLOW_GOLD | imgs:3
[01:14:42][PRINCESS] [98] OK NIV-51295EC9F40D1B04 | CROWN | SINGLE | CHANNEL | None | NONE | WHITE_GOLD | WHITE_GOLD | imgs:3
[01:14:45][PRINCESS] [99] OK NIV-DF5179F6893B6E3C | CROWN | SINGLE | CHANNEL | None | NONE | ROSE_GOLD | ROSE_GOLD | imgs:3
[01:14:48][PRINCESS] [100] OK NIV-333626608862CF30 | CROWN | SINGLE | PRONG | None | NONE | YELLOW_GOLD | YELLOW_GOLD | imgs:3
[01:14:51][PRINCESS] [101] OK NIV-74583531C6DB1EDF | CROWN | SINGLE | PRONG | None | NONE | WHITE_GOLD | WHITE_GOLD | imgs:3
[01:14:54][PRINCESS] [102] OK NIV-EBFAA0EC726ADCDE | CROWN | SINGLE | PRONG | None | NONE | ROSE_GOLD | ROSE_GOLD | imgs:3
[01:14:57][PRINCESS] [103] OK NIV-391CB0554D292793 | CROWN | SINGLE | BEAD | None | NONE | YELLOW_GOLD | YELLOW_GOLD | imgs:3
[01:15:00][PRINCESS] [104] OK NIV-7F8E4A22925E373E | CROWN | SINGLE | BEAD | None | NONE | WHITE_GOLD | WHITE_GOLD | imgs:3
[01:15:03][PRINCESS] [105] OK NIV-89776AE524DBF41E | CROWN | SINGLE | BEAD | None | NONE | ROSE_GOLD | ROSE_GOLD | imgs:3
[01:15:06][PRINCESS] [106] OK NIV-B7A29F855CAE3DD4 | CROWN | SINGLE | PAVE | None | NONE | YELLOW_GOLD | YELLOW_GOLD | imgs:3
[01:15:09][PRINCESS] [107] OK NIV-E35881E3E3323C4D | CROWN | SINGLE | PAVE | None | NONE | WHITE_GOLD | WHITE_GOLD | imgs:3
[01:15:12][PRINCESS] [108] OK NIV-5B8CC5B09AC96500 | CROWN | SINGLE | PAVE | None | NONE | ROSE_GOLD | ROSE_GOLD | imgs:3
[01:15:16][PRINCESS] [109] OK NIV-A48A147FA8E7D529 | CROWN | SPLIT | NONE | PLAIN | NONE | YELLOW_GOLD | YELLOW_GOLD | imgs:3
[01:15:19][PRINCESS] [110] OK NIV-4D0685FDD656E8A3 | CROWN | SPLIT | NONE | PLAIN | NONE | WHITE_GOLD | WHITE_GOLD | imgs:3
[01:15:21][PRINCESS] [111] OK NIV-D4088B90923D80CB | CROWN | SPLIT | NONE | PLAIN | NONE | ROSE_GOLD | ROSE_GOLD | imgs:3
[01:15:25][PRINCESS] [112] OK NIV-521203AD646047E7 | CROWN | SPLIT | U_PAVE | None | NONE | YELLOW_GOLD | YELLOW_GOLD | imgs:3
[01:15:29][PRINCESS] [113] OK NIV-E7419E8FB9F7252B | CROWN | SPLIT | U_PAVE | None | NONE | WHITE_GOLD | WHITE_GOLD | imgs:3
[01:15:31][PRINCESS] [114] OK NIV-21420695B9B4346D | CROWN | SPLIT | U_PAVE | None | NONE | ROSE_GOLD | ROSE_GOLD | imgs:3
[01:15:35][PRINCESS] [115] OK NIV-B71978FAAB3CC3CC | CROWN | SPLIT | PRONG | None | NONE | YELLOW_GOLD | YELLOW_GOLD | imgs:3
[01:15:37][PRINCESS] [116] OK NIV-C4DA074AAFF8CC9C | CROWN | SPLIT | PRONG | None | NONE | WHITE_GOLD | WHITE_GOLD | imgs:3
[01:15:40][PRINCESS] [117] OK NIV-9412B0994BEEB2FC | CROWN | SPLIT | PRONG | None | NONE | ROSE_GOLD | ROSE_GOLD | imgs:3
[01:15:43][PRINCESS] [118] OK NIV-AF44F53521DBE1F9 | CROWN | SPLIT | BEAD | None | NONE | YELLOW_GOLD | YELLOW_GOLD | imgs:3
[01:15:45][PRINCESS] [119] OK NIV-6DDF9E8BD3569CB3 | CROWN | SPLIT | BEAD | None | NONE | WHITE_GOLD | WHITE_GOLD | imgs:3
[01:15:48][PRINCESS] [120] OK NIV-2CA0008F6CB2E6AD | CROWN | SPLIT | BEAD | None | NONE | ROSE_GOLD | ROSE_GOLD | imgs:3
[01:15:54][PRINCESS]   Re-seleccionando PRINCESS (intento 1)
[01:15:57][PRINCESS] [121] OK NIV-5AEBE04061C19317 | CROWN | SQUARE_EDGE | CHANNEL | None | NONE | YELLOW_GOLD | YELLOW_GOLD | imgs:3
[01:16:00][PRINCESS] [122] OK NIV-51295EC9F40D1B04 | CROWN | SQUARE_EDGE | CHANNEL | None | NONE | WHITE_GOLD | WHITE_GOLD | imgs:3
[01:16:03][PRINCESS] [123] OK NIV-DF5179F6893B6E3C | CROWN | SQUARE_EDGE | CHANNEL | None | NONE | ROSE_GOLD | ROSE_GOLD | imgs:3
[01:16:06][PRINCESS] [124] OK NIV-333626608862CF30 | CROWN | SQUARE_EDGE | PRONG | None | NONE | YELLOW_GOLD | YELLOW_GOLD | imgs:3
[01:16:09][PRINCESS] [125] OK NIV-74583531C6DB1EDF | CROWN | SQUARE_EDGE | PRONG | None | NONE | WHITE_GOLD | WHITE_GOLD | imgs:3
[01:16:12][PRINCESS] [126] OK NIV-EBFAA0EC726ADCDE | CROWN | SQUARE_EDGE | PRONG | None | NONE | ROSE_GOLD | ROSE_GOLD | imgs:3
[01:16:15][PRINCESS] [127] OK NIV-391CB0554D292793 | CROWN | SQUARE_EDGE | BEAD | None | NONE | YELLOW_GOLD | YELLOW_GOLD | imgs:3
[01:16:18][PRINCESS] [128] OK NIV-7F8E4A22925E373E | CROWN | SQUARE_EDGE | BEAD | None | NONE | WHITE_GOLD | WHITE_GOLD | imgs:3
[01:16:21][PRINCESS] [129] OK NIV-89776AE524DBF41E | CROWN | SQUARE_EDGE | BEAD | None | NONE | ROSE_GOLD | ROSE_GOLD | imgs:3
[01:16:24][PRINCESS] [130] OK NIV-B7A29F855CAE3DD4 | CROWN | SQUARE_EDGE | PAVE | None | NONE | YELLOW_GOLD | YELLOW_GOLD | imgs:3
[01:16:27][PRINCESS] [131] OK NIV-E35881E3E3323C4D | CROWN | SQUARE_EDGE | PAVE | None | NONE | WHITE_GOLD | WHITE_GOLD | imgs:3
[01:16:30][PRINCESS] [132] OK NIV-5B8CC5B09AC96500 | CROWN | SQUARE_EDGE | PAVE | None | NONE | ROSE_GOLD | ROSE_GOLD | imgs:3
[01:16:38][PRINCESS] [133] OK NIV-39F5168DF1412EBD | CROWN | TAPERED | U_PAVE | None | NONE | YELLOW_GOLD | YELLOW_GOLD | imgs:3
[01:16:40][PRINCESS] [134] OK NIV-FDD58D9ACACE38D3 | CROWN | TAPERED | U_PAVE | None | NONE | WHITE_GOLD | WHITE_GOLD | imgs:3
[01:16:44][PRINCESS] [135] OK NIV-9893089EE74B3BF4 | CROWN | TAPERED | U_PAVE | None | NONE | ROSE_GOLD | ROSE_GOLD | imgs:3
[01:16:48][PRINCESS] [136] OK NIV-766CE451B8A1DD9C | CROWN | TAPERED | CHANNEL | None | NONE | YELLOW_GOLD | YELLOW_GOLD | imgs:3
[01:16:51][PRINCESS] [137] OK NIV-268201BEF776260F | CROWN | TAPERED | CHANNEL | None | NONE | WHITE_GOLD | WHITE_GOLD | imgs:3
[01:16:54][PRINCESS] [138] OK NIV-8D78D6871168B54A | CROWN | TAPERED | CHANNEL | None | NONE | ROSE_GOLD | ROSE_GOLD | imgs:3
[01:17:00][PRINCESS] [139] OK NIV-EB0F7A9A88542DFC | CROWN | TAPERED | PRONG | None | NONE | YELLOW_GOLD | YELLOW_GOLD | imgs:3
[01:17:03][PRINCESS] [140] OK NIV-BC5B3FC38413EDC0 | CROWN | TAPERED | PRONG | None | NONE | WHITE_GOLD | WHITE_GOLD | imgs:3
[01:17:06][PRINCESS] [141] OK NIV-8DABC8E4FA02C048 | CROWN | TAPERED | PRONG | None | NONE | ROSE_GOLD | ROSE_GOLD | imgs:3
[01:17:10][PRINCESS] [142] OK NIV-E8680F323BB6C67E | CROWN | TAPERED | BEAD | None | NONE | YELLOW_GOLD | YELLOW_GOLD | imgs:3
[01:17:13][PRINCESS] [143] OK NIV-DF6AEE21C93EA1FE | CROWN | TAPERED | BEAD | None | NONE | WHITE_GOLD | WHITE_GOLD | imgs:3
[01:17:15][PRINCESS] [144] OK NIV-BFF81457E7AD3C54 | CROWN | TAPERED | BEAD | None | NONE | ROSE_GOLD | ROSE_GOLD | imgs:3
[01:17:19][PRINCESS] [145] OK NIV-6275865A72FC6414 | CROWN | TAPERED | PAVE | None | NONE | YELLOW_GOLD | YELLOW_GOLD | imgs:3
[01:17:21][PRINCESS] [146] OK NIV-B8355162C9FEDBEF | CROWN | TAPERED | PAVE | None | NONE | WHITE_GOLD | WHITE_GOLD | imgs:3
[01:17:24][PRINCESS] [147] OK NIV-763CB81707BD3A07 | CROWN | TAPERED | PAVE | None | NONE | ROSE_GOLD | ROSE_GOLD | imgs:3
[01:17:25][PRINCESS]   Configurando fijos: GOLD / KT_18 / LABGROWN_DIAMOND / 1ct
[01:17:26][PRINCESS]   Fijos configurados OK
[01:17:31][PRINCESS] [148] OK NIV-58140236E95050A1 | DOUBLE_HALO | CONTEMPORARY | U_PAVE | None | NONE | YELLOW_GOLD | YELLOW_GOLD | imgs:3
[01:17:33][PRINCESS] [149] OK NIV-6EA2B9CF1BA554E1 | DOUBLE_HALO | CONTEMPORARY | U_PAVE | None | NONE | WHITE_GOLD | WHITE_GOLD | imgs:3
[01:17:39][PRINCESS] [150] OK NIV-57C3C8F1A490BD72 | DOUBLE_HALO | CONTEMPORARY | U_PAVE | None | NONE | ROSE_GOLD | ROSE_GOLD | imgs:3
[01:17:45][PRINCESS] [151] OK NIV-73B8646B1343C73D | DOUBLE_HALO | CONTEMPORARY | CHANNEL | None | NONE | YELLOW_GOLD | YELLOW_GOLD | imgs:3
[01:17:48][PRINCESS] [152] OK NIV-B511F974671547D2 | DOUBLE_HALO | CONTEMPORARY | CHANNEL | None | NONE | WHITE_GOLD | WHITE_GOLD | imgs:3
[01:17:51][PRINCESS] [153] OK NIV-E22565DF1BC1BDA9 | DOUBLE_HALO | CONTEMPORARY | CHANNEL | None | NONE | ROSE_GOLD | ROSE_GOLD | imgs:3
[01:17:55][PRINCESS] [154] OK NIV-DB3F5C279BCE6AEE | DOUBLE_HALO | CONTEMPORARY | PRONG | None | NONE | YELLOW_GOLD | YELLOW_GOLD | imgs:3
[01:17:57][PRINCESS] [155] OK NIV-55161631226ACA01 | DOUBLE_HALO | CONTEMPORARY | PRONG | None | NONE | WHITE_GOLD | WHITE_GOLD | imgs:3
[01:18:00][PRINCESS] [156] OK NIV-9505450630A3E7A3 | DOUBLE_HALO | CONTEMPORARY | PRONG | None | NONE | ROSE_GOLD | ROSE_GOLD | imgs:3
[01:18:04][PRINCESS] [157] OK NIV-B68B7D0D09EEC506 | DOUBLE_HALO | CONTEMPORARY | BEAD | None | NONE | YELLOW_GOLD | YELLOW_GOLD | imgs:3
[01:18:07][PRINCESS] [158] OK NIV-556A7C185FB0554C | DOUBLE_HALO | CONTEMPORARY | BEAD | None | NONE | WHITE_GOLD | WHITE_GOLD | imgs:3
[01:18:09][PRINCESS] [159] OK NIV-977C1844D0F9121A | DOUBLE_HALO | CONTEMPORARY | BEAD | None | NONE | ROSE_GOLD | ROSE_GOLD | imgs:3
[01:18:14][PRINCESS] [160] OK NIV-7BE3FF2C148F144D | DOUBLE_HALO | DOUBLE | NONE | PLAIN | NONE | YELLOW_GOLD | YELLOW_GOLD | imgs:3
[01:18:16][PRINCESS] [161] OK NIV-98788E36CBB15B74 | DOUBLE_HALO | DOUBLE | NONE | PLAIN | NONE | WHITE_GOLD | WHITE_GOLD | imgs:3
[01:18:19][PRINCESS] [162] OK NIV-184C96C18416DE46 | DOUBLE_HALO | DOUBLE | NONE | PLAIN | NONE | ROSE_GOLD | ROSE_GOLD | imgs:3
[01:18:22][PRINCESS] [163] OK NIV-72F573A7A0924D2A | DOUBLE_HALO | DOUBLE | U_PAVE | None | NONE | YELLOW_GOLD | YELLOW_GOLD | imgs:3
[01:18:25][PRINCESS] [164] OK NIV-63AC6C67B5EFD07A | DOUBLE_HALO | DOUBLE | U_PAVE | None | NONE | WHITE_GOLD | WHITE_GOLD | imgs:3
[01:18:27][PRINCESS] [165] OK NIV-6A41CE1CA9217006 | DOUBLE_HALO | DOUBLE | U_PAVE | None | NONE | ROSE_GOLD | ROSE_GOLD | imgs:3
[01:18:31][PRINCESS] [166] OK NIV-29845728F222458F | DOUBLE_HALO | DOUBLE | CHANNEL | None | NONE | YELLOW_GOLD | YELLOW_GOLD | imgs:3
[01:18:34][PRINCESS] [167] OK NIV-FFC0FFA345B37737 | DOUBLE_HALO | DOUBLE | CHANNEL | None | NONE | WHITE_GOLD | WHITE_GOLD | imgs:3
[01:18:36][PRINCESS] [168] OK NIV-746D7C2E5C40A088 | DOUBLE_HALO | DOUBLE | CHANNEL | None | NONE | ROSE_GOLD | ROSE_GOLD | imgs:3
[01:18:40][PRINCESS] [169] OK NIV-1CB1A5436076D06A | DOUBLE_HALO | DOUBLE | PRONG | None | NONE | YELLOW_GOLD | YELLOW_GOLD | imgs:3
[01:18:42][PRINCESS] [170] OK NIV-ED9B995B4A60CE3A | DOUBLE_HALO | DOUBLE | PRONG | None | NONE | WHITE_GOLD | WHITE_GOLD | imgs:3
[01:18:45][PRINCESS] [171] OK NIV-FD055D6244A7AFFC | DOUBLE_HALO | DOUBLE | PRONG | None | NONE | ROSE_GOLD | ROSE_GOLD | imgs:3
[01:18:49][PRINCESS] [172] OK NIV-EDF533FEA1E10D62 | DOUBLE_HALO | DOUBLE | BEAD | None | NONE | YELLOW_GOLD | YELLOW_GOLD | imgs:3
[01:18:51][PRINCESS] [173] OK NIV-5A19D9C3886088E0 | DOUBLE_HALO | DOUBLE | BEAD | None | NONE | WHITE_GOLD | WHITE_GOLD | imgs:3
[01:18:54][PRINCESS] [174] OK NIV-FC490E8431CBDF51 | DOUBLE_HALO | DOUBLE | BEAD | None | NONE | ROSE_GOLD | ROSE_GOLD | imgs:3
[01:18:59][PRINCESS] [175] OK NIV-9273C007A23D18BD | DOUBLE_HALO | DOUBLE_TWIST | NONE | PLAIN | NONE | YELLOW_GOLD | YELLOW_GOLD | imgs:3
[01:19:01][PRINCESS] [176] OK NIV-576143246F82105E | DOUBLE_HALO | DOUBLE_TWIST | NONE | PLAIN | NONE | WHITE_GOLD | WHITE_GOLD | imgs:3
[01:19:03][PRINCESS] [177] OK NIV-7727C53F8757E228 | DOUBLE_HALO | DOUBLE_TWIST | NONE | PLAIN | NONE | ROSE_GOLD | ROSE_GOLD | imgs:3
[01:19:07][PRINCESS] [178] OK NIV-A9764499B697F750 | DOUBLE_HALO | DOUBLE_TWIST | U_PAVE | None | NONE | YELLOW_GOLD | YELLOW_GOLD | imgs:3
[01:19:09][PRINCESS] [179] OK NIV-67DA3CC61539A8CD | DOUBLE_HALO | DOUBLE_TWIST | U_PAVE | None | NONE | WHITE_GOLD | WHITE_GOLD | imgs:3
[01:19:12][PRINCESS] [180] OK NIV-F84E7DB771C4D0AA | DOUBLE_HALO | DOUBLE_TWIST | U_PAVE | None | NONE | ROSE_GOLD | ROSE_GOLD | imgs:3
[01:19:16][PRINCESS] [181] OK NIV-BBCBBF8878FC8C8E | DOUBLE_HALO | DOUBLE_TWIST | CHANNEL | None | NONE | YELLOW_GOLD | YELLOW_GOLD | imgs:3
[01:19:18][PRINCESS] [182] OK NIV-6FE40128A9BAF1DB | DOUBLE_HALO | DOUBLE_TWIST | CHANNEL | None | NONE | WHITE_GOLD | WHITE_GOLD | imgs:3
[01:19:21][PRINCESS] [183] OK NIV-04DAE5AB6A248921 | DOUBLE_HALO | DOUBLE_TWIST | CHANNEL | None | NONE | ROSE_GOLD | ROSE_GOLD | imgs:3
[01:19:25][PRINCESS] [184] OK NIV-A62A7C3BA990ADEF | DOUBLE_HALO | DOUBLE_TWIST | PRONG | None | NONE | YELLOW_GOLD | YELLOW_GOLD | imgs:3
[01:19:27][PRINCESS] [185] OK NIV-566F77D828DBFB89 | DOUBLE_HALO | DOUBLE_TWIST | PRONG | None | NONE | WHITE_GOLD | WHITE_GOLD | imgs:3
[01:19:30][PRINCESS] [186] OK NIV-FF0A5D86A5F57DC9 | DOUBLE_HALO | DOUBLE_TWIST | PRONG | None | NONE | ROSE_GOLD | ROSE_GOLD | imgs:3
[01:19:34][PRINCESS] [187] OK NIV-1792EAAB5AA32A9B | DOUBLE_HALO | DOUBLE_TWIST | BEAD | None | NONE | YELLOW_GOLD | YELLOW_GOLD | imgs:3
[01:19:36][PRINCESS] [188] OK NIV-0C00E60A21DF8048 | DOUBLE_HALO | DOUBLE_TWIST | BEAD | None | NONE | WHITE_GOLD | WHITE_GOLD | imgs:3
[01:19:39][PRINCESS] [189] OK NIV-95C075B1178F1B22 | DOUBLE_HALO | DOUBLE_TWIST | BEAD | None | NONE | ROSE_GOLD | ROSE_GOLD | imgs:3
[01:20:01][PRINCESS] [190] OK NIV-857DAB226EE4E334 | DOUBLE_HALO | SINGLE | NONE | PLAIN | NONE | YELLOW_GOLD | YELLOW_GOLD | imgs:3
[01:20:03][PRINCESS] [191] OK NIV-96BE10CEDC1AB426 | DOUBLE_HALO | SINGLE | NONE | PLAIN | NONE | WHITE_GOLD | WHITE_GOLD | imgs:3
[01:20:06][PRINCESS] [192] OK NIV-65309F71974B27D5 | DOUBLE_HALO | SINGLE | NONE | PLAIN | NONE | ROSE_GOLD | ROSE_GOLD | imgs:3
[01:20:10][PRINCESS] [193] OK NIV-56A5C5E184BC248B | DOUBLE_HALO | SINGLE | U_PAVE | None | NONE | YELLOW_GOLD | YELLOW_GOLD | imgs:3
[01:20:12][PRINCESS] [194] OK NIV-F9356AD290A42D8D | DOUBLE_HALO | SINGLE | U_PAVE | None | NONE | WHITE_GOLD | WHITE_GOLD | imgs:3
[01:20:15][PRINCESS] [195] OK NIV-6633B567ADBBB129 | DOUBLE_HALO | SINGLE | U_PAVE | None | NONE | ROSE_GOLD | ROSE_GOLD | imgs:3
[01:20:19][PRINCESS] [196] OK NIV-6263793EFD1FCCA3 | DOUBLE_HALO | SINGLE | CHANNEL | None | NONE | YELLOW_GOLD | YELLOW_GOLD | imgs:3
[01:20:21][PRINCESS] [197] OK NIV-A1ABFC30383B967D | DOUBLE_HALO | SINGLE | CHANNEL | None | NONE | WHITE_GOLD | WHITE_GOLD | imgs:3
[01:20:24][PRINCESS] [198] OK NIV-5A7DB3D3D72A54A9 | DOUBLE_HALO | SINGLE | CHANNEL | None | NONE | ROSE_GOLD | ROSE_GOLD | imgs:3
[01:20:28][PRINCESS] [199] OK NIV-7A195B5516BF0F0E | DOUBLE_HALO | SINGLE | PRONG | None | NONE | YELLOW_GOLD | YELLOW_GOLD | imgs:3
[01:20:30][PRINCESS] [200] OK NIV-9E8200268DDAD918 | DOUBLE_HALO | SINGLE | PRONG | None | NONE | WHITE_GOLD | WHITE_GOLD | imgs:3
[01:20:33][PRINCESS] [201] OK NIV-7E5042D72066398E | DOUBLE_HALO | SINGLE | PRONG | None | NONE | ROSE_GOLD | ROSE_GOLD | imgs:3
[01:20:44][PRINCESS] [202] OK NIV-42556B348C5F4B52 | DOUBLE_HALO | SINGLE | BEAD | None | NONE | YELLOW_GOLD | YELLOW_GOLD | imgs:3
[01:20:47][PRINCESS] [203] OK NIV-E92B03E27A65D5AB | DOUBLE_HALO | SINGLE | BEAD | None | NONE | WHITE_GOLD | WHITE_GOLD | imgs:3
[01:20:49][PRINCESS] [204] OK NIV-DC9960EC19FF0FB7 | DOUBLE_HALO | SINGLE | BEAD | None | NONE | ROSE_GOLD | ROSE_GOLD | imgs:3
[01:20:52][PRINCESS] [205] OK NIV-3A383B80D6DF1174 | DOUBLE_HALO | SINGLE | PAVE | None | NONE | YELLOW_GOLD | YELLOW_GOLD | imgs:3
[01:20:59][PRINCESS] [206] OK NIV-559D744B44B7938D | DOUBLE_HALO | SINGLE | PAVE | None | NONE | WHITE_GOLD | WHITE_GOLD | imgs:3
[01:21:03][PRINCESS] [207] OK NIV-2E7225CB6F77CA58 | DOUBLE_HALO | SINGLE | PAVE | None | NONE | ROSE_GOLD | ROSE_GOLD | imgs:3
[01:21:08][PRINCESS] [208] OK NIV-CFD79E48CED539E4 | DOUBLE_HALO | SPLIT | NONE | PLAIN | NONE | YELLOW_GOLD | YELLOW_GOLD | imgs:3
[01:21:10][PRINCESS] [209] OK NIV-8BE30E22887E2968 | DOUBLE_HALO | SPLIT | NONE | PLAIN | NONE | WHITE_GOLD | WHITE_GOLD | imgs:3
[01:21:12][PRINCESS] [210] OK NIV-45642DB22363A81A | DOUBLE_HALO | SPLIT | NONE | PLAIN | NONE | ROSE_GOLD | ROSE_GOLD | imgs:3
[01:21:15][PRINCESS] [211] OK NIV-B40FFCFF339B68D2 | DOUBLE_HALO | SPLIT | U_PAVE | None | NONE | YELLOW_GOLD | YELLOW_GOLD | imgs:3
[01:21:18][PRINCESS] [212] OK NIV-B9246C0AFBCD1459 | DOUBLE_HALO | SPLIT | U_PAVE | None | NONE | WHITE_GOLD | WHITE_GOLD | imgs:3
[01:21:21][PRINCESS] [213] OK NIV-FEDB44DB71A7A130 | DOUBLE_HALO | SPLIT | U_PAVE | None | NONE | ROSE_GOLD | ROSE_GOLD | imgs:3
[01:21:24][PRINCESS] [214] OK NIV-86FCE5AA216CF7D5 | DOUBLE_HALO | SPLIT | PRONG | None | NONE | YELLOW_GOLD | YELLOW_GOLD | imgs:3
[01:21:27][PRINCESS] [215] OK NIV-F82A546AE248DA75 | DOUBLE_HALO | SPLIT | PRONG | None | NONE | WHITE_GOLD | WHITE_GOLD | imgs:3
[01:21:30][PRINCESS] [216] OK NIV-D4E51CCE2ADE1194 | DOUBLE_HALO | SPLIT | PRONG | None | NONE | ROSE_GOLD | ROSE_GOLD | imgs:3
[01:21:33][PRINCESS] [217] OK NIV-69F9646B4AA48E8E | DOUBLE_HALO | SPLIT | BEAD | None | NONE | YELLOW_GOLD | YELLOW_GOLD | imgs:3
[01:21:38][PRINCESS] [218] OK NIV-2F9DDE14C37AF20D | DOUBLE_HALO | SPLIT | BEAD | None | NONE | WHITE_GOLD | WHITE_GOLD | imgs:3
[01:21:40][PRINCESS] [219] OK NIV-282CE2B452D583C2 | DOUBLE_HALO | SPLIT | BEAD | None | NONE | ROSE_GOLD | ROSE_GOLD | imgs:3
[01:21:46][PRINCESS]   Re-seleccionando PRINCESS (intento 1)
[01:21:49][PRINCESS] [220] OK NIV-5AEBE04061C19317 | DOUBLE_HALO | SQUARE_EDGE | CHANNEL | None | NONE | YELLOW_GOLD | YELLOW_GOLD | imgs:3
[01:21:51][PRINCESS] [221] OK NIV-51295EC9F40D1B04 | DOUBLE_HALO | SQUARE_EDGE | CHANNEL | None | NONE | WHITE_GOLD | WHITE_GOLD | imgs:3
[01:21:54][PRINCESS] [222] OK NIV-DF5179F6893B6E3C | DOUBLE_HALO | SQUARE_EDGE | CHANNEL | None | NONE | ROSE_GOLD | ROSE_GOLD | imgs:3
[01:21:57][PRINCESS] [223] OK NIV-333626608862CF30 | DOUBLE_HALO | SQUARE_EDGE | PRONG | None | NONE | YELLOW_GOLD | YELLOW_GOLD | imgs:3
[01:22:00][PRINCESS] [224] OK NIV-74583531C6DB1EDF | DOUBLE_HALO | SQUARE_EDGE | PRONG | None | NONE | WHITE_GOLD | WHITE_GOLD | imgs:3
[01:22:03][PRINCESS] [225] OK NIV-EBFAA0EC726ADCDE | DOUBLE_HALO | SQUARE_EDGE | PRONG | None | NONE | ROSE_GOLD | ROSE_GOLD | imgs:3
[01:22:06][PRINCESS] [226] OK NIV-391CB0554D292793 | DOUBLE_HALO | SQUARE_EDGE | BEAD | None | NONE | YELLOW_GOLD | YELLOW_GOLD | imgs:3
[01:22:09][PRINCESS] [227] OK NIV-7F8E4A22925E373E | DOUBLE_HALO | SQUARE_EDGE | BEAD | None | NONE | WHITE_GOLD | WHITE_GOLD | imgs:3
[01:22:12][PRINCESS] [228] OK NIV-89776AE524DBF41E | DOUBLE_HALO | SQUARE_EDGE | BEAD | None | NONE | ROSE_GOLD | ROSE_GOLD | imgs:3
[01:22:15][PRINCESS] [229] OK NIV-B7A29F855CAE3DD4 | DOUBLE_HALO | SQUARE_EDGE | PAVE | None | NONE | YELLOW_GOLD | YELLOW_GOLD | imgs:3
[01:22:18][PRINCESS] [230] OK NIV-E35881E3E3323C4D | DOUBLE_HALO | SQUARE_EDGE | PAVE | None | NONE | WHITE_GOLD | WHITE_GOLD | imgs:3
[01:22:21][PRINCESS] [231] OK NIV-5B8CC5B09AC96500 | DOUBLE_HALO | SQUARE_EDGE | PAVE | None | NONE | ROSE_GOLD | ROSE_GOLD | imgs:3
[01:22:27][PRINCESS] [232] OK NIV-39F5168DF1412EBD | DOUBLE_HALO | TAPERED | U_PAVE | None | NONE | YELLOW_GOLD | YELLOW_GOLD | imgs:3
[01:22:30][PRINCESS] [233] OK NIV-FDD58D9ACACE38D3 | DOUBLE_HALO | TAPERED | U_PAVE | None | NONE | WHITE_GOLD | WHITE_GOLD | imgs:3
[01:22:33][PRINCESS] [234] OK NIV-9893089EE74B3BF4 | DOUBLE_HALO | TAPERED | U_PAVE | None | NONE | ROSE_GOLD | ROSE_GOLD | imgs:3
[01:22:36][PRINCESS] [235] OK NIV-766CE451B8A1DD9C | DOUBLE_HALO | TAPERED | CHANNEL | None | NONE | YELLOW_GOLD | YELLOW_GOLD | imgs:3
[01:22:39][PRINCESS] [236] OK NIV-268201BEF776260F | DOUBLE_HALO | TAPERED | CHANNEL | None | NONE | WHITE_GOLD | WHITE_GOLD | imgs:3
[01:22:42][PRINCESS] [237] OK NIV-8D78D6871168B54A | DOUBLE_HALO | TAPERED | CHANNEL | None | NONE | ROSE_GOLD | ROSE_GOLD | imgs:3
[01:22:45][PRINCESS] [238] OK NIV-EB0F7A9A88542DFC | DOUBLE_HALO | TAPERED | PRONG | None | NONE | YELLOW_GOLD | YELLOW_GOLD | imgs:3
[01:22:48][PRINCESS] [239] OK NIV-BC5B3FC38413EDC0 | DOUBLE_HALO | TAPERED | PRONG | None | NONE | WHITE_GOLD | WHITE_GOLD | imgs:3
[01:22:51][PRINCESS] [240] OK NIV-8DABC8E4FA02C048 | DOUBLE_HALO | TAPERED | PRONG | None | NONE | ROSE_GOLD | ROSE_GOLD | imgs:3
[01:22:54][PRINCESS] [241] OK NIV-E8680F323BB6C67E | DOUBLE_HALO | TAPERED | BEAD | None | NONE | YELLOW_GOLD | YELLOW_GOLD | imgs:3
[01:22:57][PRINCESS] [242] OK NIV-DF6AEE21C93EA1FE | DOUBLE_HALO | TAPERED | BEAD | None | NONE | WHITE_GOLD | WHITE_GOLD | imgs:3
[01:23:00][PRINCESS] [243] OK NIV-BFF81457E7AD3C54 | DOUBLE_HALO | TAPERED | BEAD | None | NONE | ROSE_GOLD | ROSE_GOLD | imgs:3
[01:23:03][PRINCESS] [244] OK NIV-6275865A72FC6414 | DOUBLE_HALO | TAPERED | PAVE | None | NONE | YELLOW_GOLD | YELLOW_GOLD | imgs:3
[01:23:06][PRINCESS] [245] OK NIV-B8355162C9FEDBEF | DOUBLE_HALO | TAPERED | PAVE | None | NONE | WHITE_GOLD | WHITE_GOLD | imgs:3
[01:23:09][PRINCESS] [246] OK NIV-763CB81707BD3A07 | DOUBLE_HALO | TAPERED | PAVE | None | NONE | ROSE_GOLD | ROSE_GOLD | imgs:3
[01:23:09][PRINCESS]   Configurando fijos: GOLD / KT_18 / LABGROWN_DIAMOND / 1ct
[01:23:11][PRINCESS]   Fijos configurados OK
[01:23:16][PRINCESS] [247] OK NIV-50E3FFB392BBFC2C | FLOWER_HALO | CONTEMPORARY | U_PAVE | None | NONE | YELLOW_GOLD | YELLOW_GOLD | imgs:3
[01:23:19][PRINCESS] [248] OK NIV-AB469331D617ABB9 | FLOWER_HALO | CONTEMPORARY | U_PAVE | None | NONE | WHITE_GOLD | WHITE_GOLD | imgs:3
[01:23:21][PRINCESS] [249] OK NIV-F9DA8107A9CBE5E7 | FLOWER_HALO | CONTEMPORARY | U_PAVE | None | NONE | ROSE_GOLD | ROSE_GOLD | imgs:3
[01:23:25][PRINCESS] [250] OK NIV-C02FFA94D0588B9B | FLOWER_HALO | CONTEMPORARY | CHANNEL | None | NONE | YELLOW_GOLD | YELLOW_GOLD | imgs:3
[01:23:27][PRINCESS] [251] OK NIV-A36A32375F16CC25 | FLOWER_HALO | CONTEMPORARY | CHANNEL | None | NONE | WHITE_GOLD | WHITE_GOLD | imgs:3
[01:23:30][PRINCESS] [252] OK NIV-8B73C9496A4459DC | FLOWER_HALO | CONTEMPORARY | CHANNEL | None | NONE | ROSE_GOLD | ROSE_GOLD | imgs:3
[01:23:33][PRINCESS] [253] OK NIV-7575D8F9A5FBA363 | FLOWER_HALO | CONTEMPORARY | PRONG | None | NONE | YELLOW_GOLD | YELLOW_GOLD | imgs:3
[01:23:36][PRINCESS] [254] OK NIV-074E064197165F7D | FLOWER_HALO | CONTEMPORARY | PRONG | None | NONE | WHITE_GOLD | WHITE_GOLD | imgs:3
[01:23:39][PRINCESS] [255] OK NIV-A7C3E17C6D66F133 | FLOWER_HALO | CONTEMPORARY | PRONG | None | NONE | ROSE_GOLD | ROSE_GOLD | imgs:3
[01:23:43][PRINCESS] [256] OK NIV-670DDF4745ED7916 | FLOWER_HALO | CONTEMPORARY | BEAD | None | NONE | YELLOW_GOLD | YELLOW_GOLD | imgs:3
[01:23:45][PRINCESS] [257] OK NIV-4E460CD19155B98C | FLOWER_HALO | CONTEMPORARY | BEAD | None | NONE | WHITE_GOLD | WHITE_GOLD | imgs:3
[01:23:48][PRINCESS] [258] OK NIV-052F4C7985E64900 | FLOWER_HALO | CONTEMPORARY | BEAD | None | NONE | ROSE_GOLD | ROSE_GOLD | imgs:3
[01:23:53][PRINCESS] [259] OK NIV-E7D04F8D9005F2F6 | FLOWER_HALO | DOUBLE | NONE | PLAIN | NONE | YELLOW_GOLD | YELLOW_GOLD | imgs:3
[01:23:55][PRINCESS] [260] OK NIV-4B2BD2F17BFED249 | FLOWER_HALO | DOUBLE | NONE | PLAIN | NONE | WHITE_GOLD | WHITE_GOLD | imgs:3
[01:23:57][PRINCESS] [261] OK NIV-6079AC953058B67F | FLOWER_HALO | DOUBLE | NONE | PLAIN | NONE | ROSE_GOLD | ROSE_GOLD | imgs:3
[01:24:01][PRINCESS] [262] OK NIV-DC5E81481A0D5FC0 | FLOWER_HALO | DOUBLE | U_PAVE | None | NONE | YELLOW_GOLD | YELLOW_GOLD | imgs:3
[01:24:03][PRINCESS] [263] OK NIV-977E1CCBB73923C5 | FLOWER_HALO | DOUBLE | U_PAVE | None | NONE | WHITE_GOLD | WHITE_GOLD | imgs:3
[01:24:06][PRINCESS] [264] OK NIV-12330B2451431A41 | FLOWER_HALO | DOUBLE | U_PAVE | None | NONE | ROSE_GOLD | ROSE_GOLD | imgs:3
[01:24:09][PRINCESS] [265] OK NIV-8070ECA8A207592B | FLOWER_HALO | DOUBLE | CHANNEL | None | NONE | YELLOW_GOLD | YELLOW_GOLD | imgs:3
[01:24:12][PRINCESS] [266] OK NIV-2D0AA435C50E4A80 | FLOWER_HALO | DOUBLE | CHANNEL | None | NONE | WHITE_GOLD | WHITE_GOLD | imgs:3
[01:24:15][PRINCESS] [267] OK NIV-2E4BC058825EEDB4 | FLOWER_HALO | DOUBLE | CHANNEL | None | NONE | ROSE_GOLD | ROSE_GOLD | imgs:3
[01:24:18][PRINCESS] [268] OK NIV-FC61F3ACABBFBDA1 | FLOWER_HALO | DOUBLE | PRONG | None | NONE | YELLOW_GOLD | YELLOW_GOLD | imgs:3
[01:24:21][PRINCESS] [269] OK NIV-505ECE157368D489 | FLOWER_HALO | DOUBLE | PRONG | None | NONE | WHITE_GOLD | WHITE_GOLD | imgs:3
[01:24:24][PRINCESS] [270] OK NIV-C7737F2D27A3DEFB | FLOWER_HALO | DOUBLE | PRONG | None | NONE | ROSE_GOLD | ROSE_GOLD | imgs:3
[01:24:28][PRINCESS] [271] OK NIV-E5584D2593D22EC6 | FLOWER_HALO | DOUBLE | BEAD | None | NONE | YELLOW_GOLD | YELLOW_GOLD | imgs:3
[01:24:31][PRINCESS] [272] OK NIV-FF16CA035D9C1F3B | FLOWER_HALO | DOUBLE | BEAD | None | NONE | WHITE_GOLD | WHITE_GOLD | imgs:3
[01:24:33][PRINCESS] [273] OK NIV-C992A10F157A8639 | FLOWER_HALO | DOUBLE | BEAD | None | NONE | ROSE_GOLD | ROSE_GOLD | imgs:3
[01:24:38][PRINCESS] [274] OK NIV-77EA9913A4422C61 | FLOWER_HALO | DOUBLE_TWIST | NONE | PLAIN | NONE | YELLOW_GOLD | YELLOW_GOLD | imgs:3
[01:24:40][PRINCESS] [275] OK NIV-78ACBDF3166ED496 | FLOWER_HALO | DOUBLE_TWIST | NONE | PLAIN | NONE | WHITE_GOLD | WHITE_GOLD | imgs:3
[01:24:42][PRINCESS] [276] OK NIV-D42811E88FF17937 | FLOWER_HALO | DOUBLE_TWIST | NONE | PLAIN | NONE | ROSE_GOLD | ROSE_GOLD | imgs:3
[01:24:46][PRINCESS] [277] OK NIV-82A14D5F141616B3 | FLOWER_HALO | DOUBLE_TWIST | U_PAVE | None | NONE | YELLOW_GOLD | YELLOW_GOLD | imgs:3
[01:24:49][PRINCESS] [278] OK NIV-44D705F44569B64D | FLOWER_HALO | DOUBLE_TWIST | U_PAVE | None | NONE | WHITE_GOLD | WHITE_GOLD | imgs:3
[01:24:51][PRINCESS] [279] OK NIV-019C0001B1B3BC5E | FLOWER_HALO | DOUBLE_TWIST | U_PAVE | None | NONE | ROSE_GOLD | ROSE_GOLD | imgs:3
[01:24:54][PRINCESS] [280] OK NIV-2D874387A1C5BCE7 | FLOWER_HALO | DOUBLE_TWIST | CHANNEL | None | NONE | YELLOW_GOLD | YELLOW_GOLD | imgs:3
[01:24:57][PRINCESS] [281] OK NIV-147AF1B1D7047E28 | FLOWER_HALO | DOUBLE_TWIST | CHANNEL | None | NONE | WHITE_GOLD | WHITE_GOLD | imgs:3
[01:25:00][PRINCESS] [282] OK NIV-453EDD1962E85CE2 | FLOWER_HALO | DOUBLE_TWIST | CHANNEL | None | NONE | ROSE_GOLD | ROSE_GOLD | imgs:3
[01:25:03][PRINCESS] [283] OK NIV-BF35B593FE3AB5F3 | FLOWER_HALO | DOUBLE_TWIST | PRONG | None | NONE | YELLOW_GOLD | YELLOW_GOLD | imgs:3
[01:25:06][PRINCESS] [284] OK NIV-5DEDF811F42EB624 | FLOWER_HALO | DOUBLE_TWIST | PRONG | None | NONE | WHITE_GOLD | WHITE_GOLD | imgs:3
[01:25:09][PRINCESS] [285] OK NIV-383191AC9F6D490A | FLOWER_HALO | DOUBLE_TWIST | PRONG | None | NONE | ROSE_GOLD | ROSE_GOLD | imgs:3
[01:25:13][PRINCESS] [286] OK NIV-EB578D5E512F4556 | FLOWER_HALO | DOUBLE_TWIST | BEAD | None | NONE | YELLOW_GOLD | YELLOW_GOLD | imgs:3
[01:25:15][PRINCESS] [287] OK NIV-6D323916FC103C1E | FLOWER_HALO | DOUBLE_TWIST | BEAD | None | NONE | WHITE_GOLD | WHITE_GOLD | imgs:3
[01:25:18][PRINCESS] [288] OK NIV-721DD90B3E821335 | FLOWER_HALO | DOUBLE_TWIST | BEAD | None | NONE | ROSE_GOLD | ROSE_GOLD | imgs:3
[01:25:24][PRINCESS]   Re-seleccionando PRINCESS (intento 1)
[01:25:27][PRINCESS] [289] OK NIV-5AEBE04061C19317 | FLOWER_HALO | HIDDEN_HALO | CHANNEL | None | NONE | YELLOW_GOLD | YELLOW_GOLD | imgs:3
[01:25:30][PRINCESS] [290] OK NIV-51295EC9F40D1B04 | FLOWER_HALO | HIDDEN_HALO | CHANNEL | None | NONE | WHITE_GOLD | WHITE_GOLD | imgs:3
[01:25:33][PRINCESS] [291] OK NIV-DF5179F6893B6E3C | FLOWER_HALO | HIDDEN_HALO | CHANNEL | None | NONE | ROSE_GOLD | ROSE_GOLD | imgs:3
[01:25:36][PRINCESS] [292] OK NIV-333626608862CF30 | FLOWER_HALO | HIDDEN_HALO | PRONG | None | NONE | YELLOW_GOLD | YELLOW_GOLD | imgs:3
[01:25:39][PRINCESS] [293] OK NIV-74583531C6DB1EDF | FLOWER_HALO | HIDDEN_HALO | PRONG | None | NONE | WHITE_GOLD | WHITE_GOLD | imgs:3
[01:25:42][PRINCESS] [294] OK NIV-EBFAA0EC726ADCDE | FLOWER_HALO | HIDDEN_HALO | PRONG | None | NONE | ROSE_GOLD | ROSE_GOLD | imgs:3
[01:25:45][PRINCESS] [295] OK NIV-391CB0554D292793 | FLOWER_HALO | HIDDEN_HALO | BEAD | None | NONE | YELLOW_GOLD | YELLOW_GOLD | imgs:3
[01:25:48][PRINCESS] [296] OK NIV-7F8E4A22925E373E | FLOWER_HALO | HIDDEN_HALO | BEAD | None | NONE | WHITE_GOLD | WHITE_GOLD | imgs:3
[01:25:51][PRINCESS] [297] OK NIV-89776AE524DBF41E | FLOWER_HALO | HIDDEN_HALO | BEAD | None | NONE | ROSE_GOLD | ROSE_GOLD | imgs:3
[01:25:54][PRINCESS] [298] OK NIV-B7A29F855CAE3DD4 | FLOWER_HALO | HIDDEN_HALO | PAVE | None | NONE | YELLOW_GOLD | YELLOW_GOLD | imgs:3
[01:25:57][PRINCESS] [299] OK NIV-E35881E3E3323C4D | FLOWER_HALO | HIDDEN_HALO | PAVE | None | NONE | WHITE_GOLD | WHITE_GOLD | imgs:3
[01:26:00][PRINCESS] [300] OK NIV-5B8CC5B09AC96500 | FLOWER_HALO | HIDDEN_HALO | PAVE | None | NONE | ROSE_GOLD | ROSE_GOLD | imgs:3
[01:26:04][PRINCESS] [301] OK NIV-58D80612BA34FED5 | FLOWER_HALO | SINGLE | NONE | PLAIN | NONE | YELLOW_GOLD | YELLOW_GOLD | imgs:3
[01:26:06][PRINCESS] [302] OK NIV-E2C7AB49DE806B73 | FLOWER_HALO | SINGLE | NONE | PLAIN | NONE | WHITE_GOLD | WHITE_GOLD | imgs:3
[01:26:09][PRINCESS] [303] OK NIV-5A0398DDCC86DF0F | FLOWER_HALO | SINGLE | NONE | PLAIN | NONE | ROSE_GOLD | ROSE_GOLD | imgs:3
[01:26:12][PRINCESS] [304] OK NIV-B5A802D07FDE33B1 | FLOWER_HALO | SINGLE | U_PAVE | None | NONE | YELLOW_GOLD | YELLOW_GOLD | imgs:3
[01:26:15][PRINCESS] [305] OK NIV-BAAA61B67CAE62C9 | FLOWER_HALO | SINGLE | U_PAVE | None | NONE | WHITE_GOLD | WHITE_GOLD | imgs:3
[01:26:18][PRINCESS] [306] OK NIV-570254D47AA5C2F2 | FLOWER_HALO | SINGLE | U_PAVE | None | NONE | ROSE_GOLD | ROSE_GOLD | imgs:3
[01:26:21][PRINCESS] [307] OK NIV-5AEBE04061C19317 | FLOWER_HALO | SINGLE | CHANNEL | None | NONE | YELLOW_GOLD | YELLOW_GOLD | imgs:3
[01:26:24][PRINCESS] [308] OK NIV-51295EC9F40D1B04 | FLOWER_HALO | SINGLE | CHANNEL | None | NONE | WHITE_GOLD | WHITE_GOLD | imgs:3
[01:26:27][PRINCESS] [309] OK NIV-DF5179F6893B6E3C | FLOWER_HALO | SINGLE | CHANNEL | None | NONE | ROSE_GOLD | ROSE_GOLD | imgs:3
[01:26:30][PRINCESS] [310] OK NIV-333626608862CF30 | FLOWER_HALO | SINGLE | PRONG | None | NONE | YELLOW_GOLD | YELLOW_GOLD | imgs:3
[01:26:33][PRINCESS] [311] OK NIV-74583531C6DB1EDF | FLOWER_HALO | SINGLE | PRONG | None | NONE | WHITE_GOLD | WHITE_GOLD | imgs:3
[01:26:36][PRINCESS] [312] OK NIV-EBFAA0EC726ADCDE | FLOWER_HALO | SINGLE | PRONG | None | NONE | ROSE_GOLD | ROSE_GOLD | imgs:3
[01:26:39][PRINCESS] [313] OK NIV-391CB0554D292793 | FLOWER_HALO | SINGLE | BEAD | None | NONE | YELLOW_GOLD | YELLOW_GOLD | imgs:3
[01:26:42][PRINCESS] [314] OK NIV-7F8E4A22925E373E | FLOWER_HALO | SINGLE | BEAD | None | NONE | WHITE_GOLD | WHITE_GOLD | imgs:3
[01:26:45][PRINCESS] [315] OK NIV-89776AE524DBF41E | FLOWER_HALO | SINGLE | BEAD | None | NONE | ROSE_GOLD | ROSE_GOLD | imgs:3
[01:26:48][PRINCESS] [316] OK NIV-B7A29F855CAE3DD4 | FLOWER_HALO | SINGLE | PAVE | None | NONE | YELLOW_GOLD | YELLOW_GOLD | imgs:3
[01:26:51][PRINCESS] [317] OK NIV-E35881E3E3323C4D | FLOWER_HALO | SINGLE | PAVE | None | NONE | WHITE_GOLD | WHITE_GOLD | imgs:3
[01:26:54][PRINCESS] [318] OK NIV-5B8CC5B09AC96500 | FLOWER_HALO | SINGLE | PAVE | None | NONE | ROSE_GOLD | ROSE_GOLD | imgs:3
[01:26:58][PRINCESS] [319] OK NIV-A48A147FA8E7D529 | FLOWER_HALO | SPLIT | NONE | PLAIN | NONE | YELLOW_GOLD | YELLOW_GOLD | imgs:3
[01:27:00][PRINCESS] [320] OK NIV-4D0685FDD656E8A3 | FLOWER_HALO | SPLIT | NONE | PLAIN | NONE | WHITE_GOLD | WHITE_GOLD | imgs:3
[01:27:03][PRINCESS] [321] OK NIV-D4088B90923D80CB | FLOWER_HALO | SPLIT | NONE | PLAIN | NONE | ROSE_GOLD | ROSE_GOLD | imgs:3
[01:27:06][PRINCESS] [322] OK NIV-521203AD646047E7 | FLOWER_HALO | SPLIT | U_PAVE | None | NONE | YELLOW_GOLD | YELLOW_GOLD | imgs:3
[01:27:09][PRINCESS] [323] OK NIV-E7419E8FB9F7252B | FLOWER_HALO | SPLIT | U_PAVE | None | NONE | WHITE_GOLD | WHITE_GOLD | imgs:3
[01:27:12][PRINCESS] [324] OK NIV-21420695B9B4346D | FLOWER_HALO | SPLIT | U_PAVE | None | NONE | ROSE_GOLD | ROSE_GOLD | imgs:3
[01:27:15][PRINCESS] [325] OK NIV-B71978FAAB3CC3CC | FLOWER_HALO | SPLIT | PRONG | None | NONE | YELLOW_GOLD | YELLOW_GOLD | imgs:3
[01:27:18][PRINCESS] [326] OK NIV-C4DA074AAFF8CC9C | FLOWER_HALO | SPLIT | PRONG | None | NONE | WHITE_GOLD | WHITE_GOLD | imgs:3
[01:27:21][PRINCESS] [327] OK NIV-9412B0994BEEB2FC | FLOWER_HALO | SPLIT | PRONG | None | NONE | ROSE_GOLD | ROSE_GOLD | imgs:3
[01:27:24][PRINCESS] [328] OK NIV-AF44F53521DBE1F9 | FLOWER_HALO | SPLIT | BEAD | None | NONE | YELLOW_GOLD | YELLOW_GOLD | imgs:3
[01:27:27][PRINCESS] [329] OK NIV-6DDF9E8BD3569CB3 | FLOWER_HALO | SPLIT | BEAD | None | NONE | WHITE_GOLD | WHITE_GOLD | imgs:3
[01:27:30][PRINCESS] [330] OK NIV-2CA0008F6CB2E6AD | FLOWER_HALO | SPLIT | BEAD | None | NONE | ROSE_GOLD | ROSE_GOLD | imgs:3
[01:27:37][PRINCESS] [331] OK NIV-AE61B6A0C74B2DEE | FLOWER_HALO | SQUARE_EDGE | U_PAVE | None | NONE | YELLOW_GOLD | YELLOW_GOLD | imgs:3
[01:27:40][PRINCESS] [332] OK NIV-77A65C1978A7990A | FLOWER_HALO | SQUARE_EDGE | U_PAVE | None | NONE | WHITE_GOLD | WHITE_GOLD | imgs:3
[01:27:42][PRINCESS] [333] OK NIV-41FC726D4E2DE62F | FLOWER_HALO | SQUARE_EDGE | U_PAVE | None | NONE | ROSE_GOLD | ROSE_GOLD | imgs:3
[01:27:45][PRINCESS] [334] OK NIV-A435D34886884FCA | FLOWER_HALO | SQUARE_EDGE | CHANNEL | None | NONE | YELLOW_GOLD | YELLOW_GOLD | imgs:3
[01:27:48][PRINCESS] [335] OK NIV-379971CD8666B26E | FLOWER_HALO | SQUARE_EDGE | CHANNEL | None | NONE | WHITE_GOLD | WHITE_GOLD | imgs:3
[01:27:51][PRINCESS] [336] OK NIV-137ACE5EC16DF2C9 | FLOWER_HALO | SQUARE_EDGE | CHANNEL | None | NONE | ROSE_GOLD | ROSE_GOLD | imgs:3
[01:27:55][PRINCESS] [337] OK NIV-40EC6837260BA69E | FLOWER_HALO | SQUARE_EDGE | PRONG | None | NONE | YELLOW_GOLD | YELLOW_GOLD | imgs:3
[01:27:57][PRINCESS] [338] OK NIV-F55AB1CAAB8350C3 | FLOWER_HALO | SQUARE_EDGE | PRONG | None | NONE | WHITE_GOLD | WHITE_GOLD | imgs:3
[01:28:00][PRINCESS] [339] OK NIV-E1C79ADEED0A0EDF | FLOWER_HALO | SQUARE_EDGE | PRONG | None | NONE | ROSE_GOLD | ROSE_GOLD | imgs:3
[01:28:04][PRINCESS] [340] OK NIV-21B65F7BF4647A28 | FLOWER_HALO | SQUARE_EDGE | BEAD | None | NONE | YELLOW_GOLD | YELLOW_GOLD | imgs:3
[01:28:07][PRINCESS] [341] OK NIV-AF13E1E40A716969 | FLOWER_HALO | SQUARE_EDGE | BEAD | None | NONE | WHITE_GOLD | WHITE_GOLD | imgs:3
[01:28:09][PRINCESS] [342] OK NIV-6182A76133066AF4 | FLOWER_HALO | SQUARE_EDGE | BEAD | None | NONE | ROSE_GOLD | ROSE_GOLD | imgs:3
[01:28:13][PRINCESS] [343] OK NIV-66BF1BE5F4125541 | FLOWER_HALO | SQUARE_EDGE | PAVE | None | NONE | YELLOW_GOLD | YELLOW_GOLD | imgs:3
[01:28:15][PRINCESS] [344] OK NIV-01C896F28BBDFF87 | FLOWER_HALO | SQUARE_EDGE | PAVE | None | NONE | WHITE_GOLD | WHITE_GOLD | imgs:3
[01:28:18][PRINCESS] [345] OK NIV-ADABBFF31389E66E | FLOWER_HALO | SQUARE_EDGE | PAVE | None | NONE | ROSE_GOLD | ROSE_GOLD | imgs:3
[01:28:24][PRINCESS] [346] OK NIV-39F5168DF1412EBD | FLOWER_HALO | TAPERED | U_PAVE | None | NONE | YELLOW_GOLD | YELLOW_GOLD | imgs:3
[01:28:27][PRINCESS] [347] OK NIV-FDD58D9ACACE38D3 | FLOWER_HALO | TAPERED | U_PAVE | None | NONE | WHITE_GOLD | WHITE_GOLD | imgs:3
[01:28:30][PRINCESS] [348] OK NIV-9893089EE74B3BF4 | FLOWER_HALO | TAPERED | U_PAVE | None | NONE | ROSE_GOLD | ROSE_GOLD | imgs:3
[01:28:33][PRINCESS] [349] OK NIV-766CE451B8A1DD9C | FLOWER_HALO | TAPERED | CHANNEL | None | NONE | YELLOW_GOLD | YELLOW_GOLD | imgs:3
[01:28:36][PRINCESS] [350] OK NIV-268201BEF776260F | FLOWER_HALO | TAPERED | CHANNEL | None | NONE | WHITE_GOLD | WHITE_GOLD | imgs:3
[01:28:39][PRINCESS] [351] OK NIV-8D78D6871168B54A | FLOWER_HALO | TAPERED | CHANNEL | None | NONE | ROSE_GOLD | ROSE_GOLD | imgs:3
[01:28:42][PRINCESS] [352] OK NIV-EB0F7A9A88542DFC | FLOWER_HALO | TAPERED | PRONG | None | NONE | YELLOW_GOLD | YELLOW_GOLD | imgs:3
[01:28:45][PRINCESS] [353] OK NIV-BC5B3FC38413EDC0 | FLOWER_HALO | TAPERED | PRONG | None | NONE | WHITE_GOLD | WHITE_GOLD | imgs:3
[01:28:48][PRINCESS] [354] OK NIV-8DABC8E4FA02C048 | FLOWER_HALO | TAPERED | PRONG | None | NONE | ROSE_GOLD | ROSE_GOLD | imgs:3
[01:28:51][PRINCESS] [355] OK NIV-E8680F323BB6C67E | FLOWER_HALO | TAPERED | BEAD | None | NONE | YELLOW_GOLD | YELLOW_GOLD | imgs:3
[01:28:54][PRINCESS] [356] OK NIV-DF6AEE21C93EA1FE | FLOWER_HALO | TAPERED | BEAD | None | NONE | WHITE_GOLD | WHITE_GOLD | imgs:3
[01:28:57][PRINCESS] [357] OK NIV-BFF81457E7AD3C54 | FLOWER_HALO | TAPERED | BEAD | None | NONE | ROSE_GOLD | ROSE_GOLD | imgs:3
[01:29:00][PRINCESS] [358] OK NIV-6275865A72FC6414 | FLOWER_HALO | TAPERED | PAVE | None | NONE | YELLOW_GOLD | YELLOW_GOLD | imgs:3
[01:29:03][PRINCESS] [359] OK NIV-B8355162C9FEDBEF | FLOWER_HALO | TAPERED | PAVE | None | NONE | WHITE_GOLD | WHITE_GOLD | imgs:3
[01:29:06][PRINCESS] [360] OK NIV-763CB81707BD3A07 | FLOWER_HALO | TAPERED | PAVE | None | NONE | ROSE_GOLD | ROSE_GOLD | imgs:3
[01:29:07][PRINCESS]   Configurando fijos: GOLD / KT_18 / LABGROWN_DIAMOND / 1ct
[01:29:09][PRINCESS]   Fijos configurados OK
[01:29:12][PRINCESS] [361] OK NIV-3D48743B5D182BA0 | FOUR_PRONGS | CONTEMPORARY | U_PAVE | None | NONE | YELLOW_GOLD | YELLOW_GOLD | imgs:3
[01:29:15][PRINCESS] [362] OK NIV-FCE4358D3AF959B0 | FOUR_PRONGS | CONTEMPORARY | U_PAVE | None | NONE | WHITE_GOLD | WHITE_GOLD | imgs:3
[01:29:18][PRINCESS] [363] OK NIV-50E8AC21469B2B7B | FOUR_PRONGS | CONTEMPORARY | U_PAVE | None | NONE | ROSE_GOLD | ROSE_GOLD | imgs:3
[01:29:22][PRINCESS] [364] OK NIV-32290C75F0313078 | FOUR_PRONGS | CONTEMPORARY | CHANNEL | None | NONE | YELLOW_GOLD | YELLOW_GOLD | imgs:3
[01:29:24][PRINCESS] [365] OK NIV-50EDF73D93709B42 | FOUR_PRONGS | CONTEMPORARY | CHANNEL | None | NONE | WHITE_GOLD | WHITE_GOLD | imgs:3
[01:29:27][PRINCESS] [366] OK NIV-8669B9425CB5C042 | FOUR_PRONGS | CONTEMPORARY | CHANNEL | None | NONE | ROSE_GOLD | ROSE_GOLD | imgs:3
[01:29:31][PRINCESS] [367] OK NIV-8B7FE36E52F260BF | FOUR_PRONGS | CONTEMPORARY | PRONG | None | NONE | YELLOW_GOLD | YELLOW_GOLD | imgs:3
[01:29:33][PRINCESS] [368] OK NIV-7750C1EBB499931A | FOUR_PRONGS | CONTEMPORARY | PRONG | None | NONE | WHITE_GOLD | WHITE_GOLD | imgs:3
[01:29:36][PRINCESS] [369] OK NIV-E02C1A327914050C | FOUR_PRONGS | CONTEMPORARY | PRONG | None | NONE | ROSE_GOLD | ROSE_GOLD | imgs:3
[01:29:40][PRINCESS] [370] OK NIV-1CB1F255B0D737B2 | FOUR_PRONGS | CONTEMPORARY | BEAD | None | NONE | YELLOW_GOLD | YELLOW_GOLD | imgs:3
[01:29:42][PRINCESS] [371] OK NIV-D4C95E626C6FFE30 | FOUR_PRONGS | CONTEMPORARY | BEAD | None | NONE | WHITE_GOLD | WHITE_GOLD | imgs:3
[01:29:45][PRINCESS] [372] OK NIV-B942ADF789416B23 | FOUR_PRONGS | CONTEMPORARY | BEAD | None | NONE | ROSE_GOLD | ROSE_GOLD | imgs:3
[01:29:50][PRINCESS] [373] OK NIV-54EE8C5FB624A553 | FOUR_PRONGS | DOUBLE | NONE | PLAIN | NONE | YELLOW_GOLD | YELLOW_GOLD | imgs:3
[01:29:52][PRINCESS] [374] OK NIV-5BB206334D67707D | FOUR_PRONGS | DOUBLE | NONE | PLAIN | NONE | WHITE_GOLD | WHITE_GOLD | imgs:3
[01:29:54][PRINCESS] [375] OK NIV-D4B9DC9653FE697D | FOUR_PRONGS | DOUBLE | NONE | PLAIN | NONE | ROSE_GOLD | ROSE_GOLD | imgs:3
[01:29:58][PRINCESS] [376] OK NIV-98F6577D4A56ECFA | FOUR_PRONGS | DOUBLE | U_PAVE | None | NONE | YELLOW_GOLD | YELLOW_GOLD | imgs:3
[01:30:00][PRINCESS] [377] OK NIV-F15651B621250880 | FOUR_PRONGS | DOUBLE | U_PAVE | None | NONE | WHITE_GOLD | WHITE_GOLD | imgs:3
[01:30:03][PRINCESS] [378] OK NIV-6F59B1A0F92B20DB | FOUR_PRONGS | DOUBLE | U_PAVE | None | NONE | ROSE_GOLD | ROSE_GOLD | imgs:3
[01:30:07][PRINCESS] [379] OK NIV-0A13F21A8DB115B1 | FOUR_PRONGS | DOUBLE | CHANNEL | None | NONE | YELLOW_GOLD | YELLOW_GOLD | imgs:3
[01:30:09][PRINCESS] [380] OK NIV-C101DDAD7BE7C8AE | FOUR_PRONGS | DOUBLE | CHANNEL | None | NONE | WHITE_GOLD | WHITE_GOLD | imgs:3
[01:30:12][PRINCESS] [381] OK NIV-AB26FFFDBBE4358A | FOUR_PRONGS | DOUBLE | CHANNEL | None | NONE | ROSE_GOLD | ROSE_GOLD | imgs:3
[01:30:16][PRINCESS] [382] OK NIV-6CC46A91BE7CF9B6 | FOUR_PRONGS | DOUBLE | PRONG | None | NONE | YELLOW_GOLD | YELLOW_GOLD | imgs:3
[01:30:18][PRINCESS] [383] OK NIV-FB3E45783612B312 | FOUR_PRONGS | DOUBLE | PRONG | None | NONE | WHITE_GOLD | WHITE_GOLD | imgs:3
[01:30:22][PRINCESS] [384] OK NIV-8044C003251A91DE | FOUR_PRONGS | DOUBLE | PRONG | None | NONE | ROSE_GOLD | ROSE_GOLD | imgs:3
[01:30:25][PRINCESS] [385] OK NIV-BC0F0950178EE1E3 | FOUR_PRONGS | DOUBLE | BEAD | None | NONE | YELLOW_GOLD | YELLOW_GOLD | imgs:3
[01:30:27][PRINCESS] [386] OK NIV-90148DCE3A8F5257 | FOUR_PRONGS | DOUBLE | BEAD | None | NONE | WHITE_GOLD | WHITE_GOLD | imgs:3
[01:30:30][PRINCESS] [387] OK NIV-6B868693AB80F1E2 | FOUR_PRONGS | DOUBLE | BEAD | None | NONE | ROSE_GOLD | ROSE_GOLD | imgs:3
[01:30:35][PRINCESS] [388] OK NIV-E81554BCE7260C31 | FOUR_PRONGS | DOUBLE_TWIST | NONE | PLAIN | NONE | YELLOW_GOLD | YELLOW_GOLD | imgs:3
[01:30:38][PRINCESS] [389] OK NIV-4BE9BF3F138A3E26 | FOUR_PRONGS | DOUBLE_TWIST | NONE | PLAIN | NONE | WHITE_GOLD | WHITE_GOLD | imgs:3
[01:30:40][PRINCESS] [390] OK NIV-2776DADA2DF46679 | FOUR_PRONGS | DOUBLE_TWIST | NONE | PLAIN | NONE | ROSE_GOLD | ROSE_GOLD | imgs:3
[01:30:43][PRINCESS] [391] OK NIV-2AD63230ED543935 | FOUR_PRONGS | DOUBLE_TWIST | U_PAVE | None | NONE | YELLOW_GOLD | YELLOW_GOLD | imgs:3
[01:30:46][PRINCESS] [392] OK NIV-30EE69D96EA0A364 | FOUR_PRONGS | DOUBLE_TWIST | U_PAVE | None | NONE | WHITE_GOLD | WHITE_GOLD | imgs:3
[01:30:48][PRINCESS] [393] OK NIV-0D0D56054EFAB31B | FOUR_PRONGS | DOUBLE_TWIST | U_PAVE | None | NONE | ROSE_GOLD | ROSE_GOLD | imgs:3
[01:30:52][PRINCESS] [394] OK NIV-636E19DDABEC34A1 | FOUR_PRONGS | DOUBLE_TWIST | CHANNEL | None | NONE | YELLOW_GOLD | YELLOW_GOLD | imgs:3
[01:30:54][PRINCESS] [395] OK NIV-66214E33BC68FDE3 | FOUR_PRONGS | DOUBLE_TWIST | CHANNEL | None | NONE | WHITE_GOLD | WHITE_GOLD | imgs:3
[01:30:57][PRINCESS] [396] OK NIV-31BD684539096538 | FOUR_PRONGS | DOUBLE_TWIST | CHANNEL | None | NONE | ROSE_GOLD | ROSE_GOLD | imgs:3
[01:31:01][PRINCESS] [397] OK NIV-CEC3396B2D5AA3E0 | FOUR_PRONGS | DOUBLE_TWIST | PRONG | None | NONE | YELLOW_GOLD | YELLOW_GOLD | imgs:3
[01:31:03][PRINCESS] [398] OK NIV-927D04FE03BD0999 | FOUR_PRONGS | DOUBLE_TWIST | PRONG | None | NONE | WHITE_GOLD | WHITE_GOLD | imgs:3
[01:31:06][PRINCESS] [399] OK NIV-17AC7EB480559728 | FOUR_PRONGS | DOUBLE_TWIST | PRONG | None | NONE | ROSE_GOLD | ROSE_GOLD | imgs:3
[01:31:10][PRINCESS] [400] OK NIV-27D545945125941A | FOUR_PRONGS | DOUBLE_TWIST | BEAD | None | NONE | YELLOW_GOLD | YELLOW_GOLD | imgs:3
[01:31:12][PRINCESS] [401] OK NIV-DAF23CF11F2130A6 | FOUR_PRONGS | DOUBLE_TWIST | BEAD | None | NONE | WHITE_GOLD | WHITE_GOLD | imgs:3
[01:31:15][PRINCESS] [402] OK NIV-BB25B6A1C5DAC1A1 | FOUR_PRONGS | DOUBLE_TWIST | BEAD | None | NONE | ROSE_GOLD | ROSE_GOLD | imgs:3
[01:31:21][PRINCESS]   Re-seleccionando PRINCESS (intento 1)
[01:31:24][PRINCESS] [403] OK NIV-5AEBE04061C19317 | FOUR_PRONGS | HIDDEN_HALO | CHANNEL | None | NONE | YELLOW_GOLD | YELLOW_GOLD | imgs:3
[01:31:27][PRINCESS] [404] OK NIV-51295EC9F40D1B04 | FOUR_PRONGS | HIDDEN_HALO | CHANNEL | None | NONE | WHITE_GOLD | WHITE_GOLD | imgs:3
[01:31:30][PRINCESS] [405] OK NIV-DF5179F6893B6E3C | FOUR_PRONGS | HIDDEN_HALO | CHANNEL | None | NONE | ROSE_GOLD | ROSE_GOLD | imgs:3
[01:31:33][PRINCESS] [406] OK NIV-333626608862CF30 | FOUR_PRONGS | HIDDEN_HALO | PRONG | None | NONE | YELLOW_GOLD | YELLOW_GOLD | imgs:3
[01:31:36][PRINCESS] [407] OK NIV-74583531C6DB1EDF | FOUR_PRONGS | HIDDEN_HALO | PRONG | None | NONE | WHITE_GOLD | WHITE_GOLD | imgs:3
[01:31:39][PRINCESS] [408] OK NIV-EBFAA0EC726ADCDE | FOUR_PRONGS | HIDDEN_HALO | PRONG | None | NONE | ROSE_GOLD | ROSE_GOLD | imgs:3
[01:31:42][PRINCESS] [409] OK NIV-391CB0554D292793 | FOUR_PRONGS | HIDDEN_HALO | BEAD | None | NONE | YELLOW_GOLD | YELLOW_GOLD | imgs:3
[01:31:45][PRINCESS] [410] OK NIV-7F8E4A22925E373E | FOUR_PRONGS | HIDDEN_HALO | BEAD | None | NONE | WHITE_GOLD | WHITE_GOLD | imgs:3
[01:31:48][PRINCESS] [411] OK NIV-89776AE524DBF41E | FOUR_PRONGS | HIDDEN_HALO | BEAD | None | NONE | ROSE_GOLD | ROSE_GOLD | imgs:3
[01:31:51][PRINCESS] [412] OK NIV-B7A29F855CAE3DD4 | FOUR_PRONGS | HIDDEN_HALO | PAVE | None | NONE | YELLOW_GOLD | YELLOW_GOLD | imgs:3
[01:31:54][PRINCESS] [413] OK NIV-E35881E3E3323C4D | FOUR_PRONGS | HIDDEN_HALO | PAVE | None | NONE | WHITE_GOLD | WHITE_GOLD | imgs:3
[01:31:57][PRINCESS] [414] OK NIV-5B8CC5B09AC96500 | FOUR_PRONGS | HIDDEN_HALO | PAVE | None | NONE | ROSE_GOLD | ROSE_GOLD | imgs:3
[01:32:01][PRINCESS] [415] OK NIV-58D80612BA34FED5 | FOUR_PRONGS | SINGLE | NONE | PLAIN | NONE | YELLOW_GOLD | YELLOW_GOLD | imgs:3
[01:32:03][PRINCESS] [416] OK NIV-E2C7AB49DE806B73 | FOUR_PRONGS | SINGLE | NONE | PLAIN | NONE | WHITE_GOLD | WHITE_GOLD | imgs:3
[01:32:06][PRINCESS] [417] OK NIV-5A0398DDCC86DF0F | FOUR_PRONGS | SINGLE | NONE | PLAIN | NONE | ROSE_GOLD | ROSE_GOLD | imgs:3
[01:32:09][PRINCESS] [418] OK NIV-B5A802D07FDE33B1 | FOUR_PRONGS | SINGLE | U_PAVE | None | NONE | YELLOW_GOLD | YELLOW_GOLD | imgs:3
[01:32:12][PRINCESS] [419] OK NIV-BAAA61B67CAE62C9 | FOUR_PRONGS | SINGLE | U_PAVE | None | NONE | WHITE_GOLD | WHITE_GOLD | imgs:3
[01:32:15][PRINCESS] [420] OK NIV-570254D47AA5C2F2 | FOUR_PRONGS | SINGLE | U_PAVE | None | NONE | ROSE_GOLD | ROSE_GOLD | imgs:3
[01:32:18][PRINCESS] [421] OK NIV-5AEBE04061C19317 | FOUR_PRONGS | SINGLE | CHANNEL | None | NONE | YELLOW_GOLD | YELLOW_GOLD | imgs:3
[01:32:21][PRINCESS] [422] OK NIV-51295EC9F40D1B04 | FOUR_PRONGS | SINGLE | CHANNEL | None | NONE | WHITE_GOLD | WHITE_GOLD | imgs:3
[01:32:24][PRINCESS] [423] OK NIV-DF5179F6893B6E3C | FOUR_PRONGS | SINGLE | CHANNEL | None | NONE | ROSE_GOLD | ROSE_GOLD | imgs:3
[01:32:27][PRINCESS] [424] OK NIV-333626608862CF30 | FOUR_PRONGS | SINGLE | PRONG | None | NONE | YELLOW_GOLD | YELLOW_GOLD | imgs:3
[01:32:30][PRINCESS] [425] OK NIV-74583531C6DB1EDF | FOUR_PRONGS | SINGLE | PRONG | None | NONE | WHITE_GOLD | WHITE_GOLD | imgs:3
[01:32:33][PRINCESS] [426] OK NIV-EBFAA0EC726ADCDE | FOUR_PRONGS | SINGLE | PRONG | None | NONE | ROSE_GOLD | ROSE_GOLD | imgs:3
[01:32:36][PRINCESS] [427] OK NIV-391CB0554D292793 | FOUR_PRONGS | SINGLE | BEAD | None | NONE | YELLOW_GOLD | YELLOW_GOLD | imgs:3
[01:32:39][PRINCESS] [428] OK NIV-7F8E4A22925E373E | FOUR_PRONGS | SINGLE | BEAD | None | NONE | WHITE_GOLD | WHITE_GOLD | imgs:3
[01:32:42][PRINCESS] [429] OK NIV-89776AE524DBF41E | FOUR_PRONGS | SINGLE | BEAD | None | NONE | ROSE_GOLD | ROSE_GOLD | imgs:3
[01:32:45][PRINCESS] [430] OK NIV-B7A29F855CAE3DD4 | FOUR_PRONGS | SINGLE | PAVE | None | NONE | YELLOW_GOLD | YELLOW_GOLD | imgs:3
[01:32:48][PRINCESS] [431] OK NIV-E35881E3E3323C4D | FOUR_PRONGS | SINGLE | PAVE | None | NONE | WHITE_GOLD | WHITE_GOLD | imgs:3
[01:32:51][PRINCESS] [432] OK NIV-5B8CC5B09AC96500 | FOUR_PRONGS | SINGLE | PAVE | None | NONE | ROSE_GOLD | ROSE_GOLD | imgs:3
[01:32:55][PRINCESS] [433] OK NIV-A48A147FA8E7D529 | FOUR_PRONGS | SPLIT | NONE | PLAIN | NONE | YELLOW_GOLD | YELLOW_GOLD | imgs:3
[01:32:57][PRINCESS] [434] OK NIV-4D0685FDD656E8A3 | FOUR_PRONGS | SPLIT | NONE | PLAIN | NONE | WHITE_GOLD | WHITE_GOLD | imgs:3
[01:33:00][PRINCESS] [435] OK NIV-D4088B90923D80CB | FOUR_PRONGS | SPLIT | NONE | PLAIN | NONE | ROSE_GOLD | ROSE_GOLD | imgs:3
[01:33:03][PRINCESS] [436] OK NIV-521203AD646047E7 | FOUR_PRONGS | SPLIT | U_PAVE | None | NONE | YELLOW_GOLD | YELLOW_GOLD | imgs:3
[01:33:06][PRINCESS] [437] OK NIV-E7419E8FB9F7252B | FOUR_PRONGS | SPLIT | U_PAVE | None | NONE | WHITE_GOLD | WHITE_GOLD | imgs:3
[01:33:09][PRINCESS] [438] OK NIV-21420695B9B4346D | FOUR_PRONGS | SPLIT | U_PAVE | None | NONE | ROSE_GOLD | ROSE_GOLD | imgs:3
[01:33:12][PRINCESS] [439] OK NIV-B71978FAAB3CC3CC | FOUR_PRONGS | SPLIT | PRONG | None | NONE | YELLOW_GOLD | YELLOW_GOLD | imgs:3
[01:33:15][PRINCESS] [440] OK NIV-C4DA074AAFF8CC9C | FOUR_PRONGS | SPLIT | PRONG | None | NONE | WHITE_GOLD | WHITE_GOLD | imgs:3
[01:33:18][PRINCESS] [441] OK NIV-9412B0994BEEB2FC | FOUR_PRONGS | SPLIT | PRONG | None | NONE | ROSE_GOLD | ROSE_GOLD | imgs:3
[01:33:21][PRINCESS] [442] OK NIV-AF44F53521DBE1F9 | FOUR_PRONGS | SPLIT | BEAD | None | NONE | YELLOW_GOLD | YELLOW_GOLD | imgs:3
[01:33:24][PRINCESS] [443] OK NIV-6DDF9E8BD3569CB3 | FOUR_PRONGS | SPLIT | BEAD | None | NONE | WHITE_GOLD | WHITE_GOLD | imgs:3
[01:33:27][PRINCESS] [444] OK NIV-2CA0008F6CB2E6AD | FOUR_PRONGS | SPLIT | BEAD | None | NONE | ROSE_GOLD | ROSE_GOLD | imgs:3
[01:33:33][PRINCESS] [445] OK NIV-AE61B6A0C74B2DEE | FOUR_PRONGS | SQUARE_EDGE | U_PAVE | None | NONE | YELLOW_GOLD | YELLOW_GOLD | imgs:3
[01:33:36][PRINCESS] [446] OK NIV-77A65C1978A7990A | FOUR_PRONGS | SQUARE_EDGE | U_PAVE | None | NONE | WHITE_GOLD | WHITE_GOLD | imgs:3
[01:33:39][PRINCESS] [447] OK NIV-41FC726D4E2DE62F | FOUR_PRONGS | SQUARE_EDGE | U_PAVE | None | NONE | ROSE_GOLD | ROSE_GOLD | imgs:3
[01:33:42][PRINCESS] [448] OK NIV-A435D34886884FCA | FOUR_PRONGS | SQUARE_EDGE | CHANNEL | None | NONE | YELLOW_GOLD | YELLOW_GOLD | imgs:3
[01:33:45][PRINCESS] [449] OK NIV-379971CD8666B26E | FOUR_PRONGS | SQUARE_EDGE | CHANNEL | None | NONE | WHITE_GOLD | WHITE_GOLD | imgs:3
[01:33:48][PRINCESS] [450] OK NIV-137ACE5EC16DF2C9 | FOUR_PRONGS | SQUARE_EDGE | CHANNEL | None | NONE | ROSE_GOLD | ROSE_GOLD | imgs:3
[01:33:51][PRINCESS] [451] OK NIV-40EC6837260BA69E | FOUR_PRONGS | SQUARE_EDGE | PRONG | None | NONE | YELLOW_GOLD | YELLOW_GOLD | imgs:3
[01:33:54][PRINCESS] [452] OK NIV-F55AB1CAAB8350C3 | FOUR_PRONGS | SQUARE_EDGE | PRONG | None | NONE | WHITE_GOLD | WHITE_GOLD | imgs:3
[01:33:57][PRINCESS] [453] OK NIV-E1C79ADEED0A0EDF | FOUR_PRONGS | SQUARE_EDGE | PRONG | None | NONE | ROSE_GOLD | ROSE_GOLD | imgs:3
[01:34:00][PRINCESS] [454] OK NIV-21B65F7BF4647A28 | FOUR_PRONGS | SQUARE_EDGE | BEAD | None | NONE | YELLOW_GOLD | YELLOW_GOLD | imgs:3
[01:34:03][PRINCESS] [455] OK NIV-AF13E1E40A716969 | FOUR_PRONGS | SQUARE_EDGE | BEAD | None | NONE | WHITE_GOLD | WHITE_GOLD | imgs:3
[01:34:06][PRINCESS] [456] OK NIV-6182A76133066AF4 | FOUR_PRONGS | SQUARE_EDGE | BEAD | None | NONE | ROSE_GOLD | ROSE_GOLD | imgs:3
[01:34:09][PRINCESS] [457] OK NIV-66BF1BE5F4125541 | FOUR_PRONGS | SQUARE_EDGE | PAVE | None | NONE | YELLOW_GOLD | YELLOW_GOLD | imgs:3
[01:34:12][PRINCESS] [458] OK NIV-01C896F28BBDFF87 | FOUR_PRONGS | SQUARE_EDGE | PAVE | None | NONE | WHITE_GOLD | WHITE_GOLD | imgs:3
[01:34:15][PRINCESS] [459] OK NIV-ADABBFF31389E66E | FOUR_PRONGS | SQUARE_EDGE | PAVE | None | NONE | ROSE_GOLD | ROSE_GOLD | imgs:3
[01:34:21][PRINCESS] [460] OK NIV-39F5168DF1412EBD | FOUR_PRONGS | TAPERED | U_PAVE | None | NONE | YELLOW_GOLD | YELLOW_GOLD | imgs:3
[01:34:24][PRINCESS] [461] OK NIV-FDD58D9ACACE38D3 | FOUR_PRONGS | TAPERED | U_PAVE | None | NONE | WHITE_GOLD | WHITE_GOLD | imgs:3
[01:34:27][PRINCESS] [462] OK NIV-9893089EE74B3BF4 | FOUR_PRONGS | TAPERED | U_PAVE | None | NONE | ROSE_GOLD | ROSE_GOLD | imgs:3
[01:34:30][PRINCESS] [463] OK NIV-766CE451B8A1DD9C | FOUR_PRONGS | TAPERED | CHANNEL | None | NONE | YELLOW_GOLD | YELLOW_GOLD | imgs:3
[01:34:33][PRINCESS] [464] OK NIV-268201BEF776260F | FOUR_PRONGS | TAPERED | CHANNEL | None | NONE | WHITE_GOLD | WHITE_GOLD | imgs:3
[01:34:36][PRINCESS] [465] OK NIV-8D78D6871168B54A | FOUR_PRONGS | TAPERED | CHANNEL | None | NONE | ROSE_GOLD | ROSE_GOLD | imgs:3
[01:34:39][PRINCESS] [466] OK NIV-EB0F7A9A88542DFC | FOUR_PRONGS | TAPERED | PRONG | None | NONE | YELLOW_GOLD | YELLOW_GOLD | imgs:3
[01:34:42][PRINCESS] [467] OK NIV-BC5B3FC38413EDC0 | FOUR_PRONGS | TAPERED | PRONG | None | NONE | WHITE_GOLD | WHITE_GOLD | imgs:3
[01:34:45][PRINCESS] [468] OK NIV-8DABC8E4FA02C048 | FOUR_PRONGS | TAPERED | PRONG | None | NONE | ROSE_GOLD | ROSE_GOLD | imgs:3
[01:34:48][PRINCESS] [469] OK NIV-E8680F323BB6C67E | FOUR_PRONGS | TAPERED | BEAD | None | NONE | YELLOW_GOLD | YELLOW_GOLD | imgs:3
[01:34:51][PRINCESS] [470] OK NIV-DF6AEE21C93EA1FE | FOUR_PRONGS | TAPERED | BEAD | None | NONE | WHITE_GOLD | WHITE_GOLD | imgs:3
[01:34:54][PRINCESS] [471] OK NIV-BFF81457E7AD3C54 | FOUR_PRONGS | TAPERED | BEAD | None | NONE | ROSE_GOLD | ROSE_GOLD | imgs:3
[01:34:57][PRINCESS] [472] OK NIV-6275865A72FC6414 | FOUR_PRONGS | TAPERED | PAVE | None | NONE | YELLOW_GOLD | YELLOW_GOLD | imgs:3
[01:35:00][PRINCESS] [473] OK NIV-B8355162C9FEDBEF | FOUR_PRONGS | TAPERED | PAVE | None | NONE | WHITE_GOLD | WHITE_GOLD | imgs:3
[01:35:03][PRINCESS] [474] OK NIV-763CB81707BD3A07 | FOUR_PRONGS | TAPERED | PAVE | None | NONE | ROSE_GOLD | ROSE_GOLD | imgs:3
[01:35:04][PRINCESS]   Configurando fijos: GOLD / KT_18 / LABGROWN_DIAMOND / 1ct
[01:35:05][PRINCESS]   Fijos configurados OK
[01:35:10][PRINCESS] [475] OK NIV-FE5D7175B12F8DBF | PAVE | CONTEMPORARY | U_PAVE | None | NONE | YELLOW_GOLD | YELLOW_GOLD | imgs:3
[01:35:12][PRINCESS] [476] OK NIV-752856972393D41D | PAVE | CONTEMPORARY | U_PAVE | None | NONE | WHITE_GOLD | WHITE_GOLD | imgs:3
[01:35:15][PRINCESS] [477] OK NIV-4DDDD2725AC855B0 | PAVE | CONTEMPORARY | U_PAVE | None | NONE | ROSE_GOLD | ROSE_GOLD | imgs:3
[01:35:19][PRINCESS] [478] OK NIV-D18E6C860820AAF1 | PAVE | CONTEMPORARY | CHANNEL | None | NONE | YELLOW_GOLD | YELLOW_GOLD | imgs:3
[01:35:21][PRINCESS] [479] OK NIV-DE68112B31D7DC36 | PAVE | CONTEMPORARY | CHANNEL | None | NONE | WHITE_GOLD | WHITE_GOLD | imgs:3
[01:35:24][PRINCESS] [480] OK NIV-8BA72504040BFBCC | PAVE | CONTEMPORARY | CHANNEL | None | NONE | ROSE_GOLD | ROSE_GOLD | imgs:3
[01:35:28][PRINCESS] [481] OK NIV-1BF0DA19BBCA4F55 | PAVE | CONTEMPORARY | PRONG | None | NONE | YELLOW_GOLD | YELLOW_GOLD | imgs:3
[01:35:30][PRINCESS] [482] OK NIV-C2B9471ECF82392E | PAVE | CONTEMPORARY | PRONG | None | NONE | WHITE_GOLD | WHITE_GOLD | imgs:3
[01:35:33][PRINCESS] [483] OK NIV-9248AF689E074CBC | PAVE | CONTEMPORARY | PRONG | None | NONE | ROSE_GOLD | ROSE_GOLD | imgs:3
[01:35:37][PRINCESS] [484] OK NIV-75A7B39D60E6D5E3 | PAVE | CONTEMPORARY | BEAD | None | NONE | YELLOW_GOLD | YELLOW_GOLD | imgs:3
[01:35:39][PRINCESS] [485] OK NIV-8E457209FEE77AC3 | PAVE | CONTEMPORARY | BEAD | None | NONE | WHITE_GOLD | WHITE_GOLD | imgs:3
[01:35:43][PRINCESS] [486] OK NIV-0C882BC939C65305 | PAVE | CONTEMPORARY | BEAD | None | NONE | ROSE_GOLD | ROSE_GOLD | imgs:3
[01:35:48][PRINCESS] [487] OK NIV-51FCB603D2AFE6DE | PAVE | DOUBLE | NONE | PLAIN | NONE | YELLOW_GOLD | YELLOW_GOLD | imgs:3
[01:35:51][PRINCESS] [488] OK NIV-1730AFBF9B6E74C2 | PAVE | DOUBLE | NONE | PLAIN | NONE | WHITE_GOLD | WHITE_GOLD | imgs:3
[01:35:55][PRINCESS] [489] OK NIV-AA4A2273F572BEEB | PAVE | DOUBLE | NONE | PLAIN | NONE | ROSE_GOLD | ROSE_GOLD | imgs:3
[01:35:58][PRINCESS] [490] OK NIV-8861C5E73FB9F2B2 | PAVE | DOUBLE | U_PAVE | None | NONE | YELLOW_GOLD | YELLOW_GOLD | imgs:3
[01:36:00][PRINCESS] [491] OK NIV-DCE1346D935C11BA | PAVE | DOUBLE | U_PAVE | None | NONE | WHITE_GOLD | WHITE_GOLD | imgs:3
[01:36:03][PRINCESS] [492] OK NIV-0EDF4B1FF9D1CDC1 | PAVE | DOUBLE | U_PAVE | None | NONE | ROSE_GOLD | ROSE_GOLD | imgs:3
[01:36:07][PRINCESS] [493] OK NIV-2F674DFB3958E257 | PAVE | DOUBLE | CHANNEL | None | NONE | YELLOW_GOLD | YELLOW_GOLD | imgs:3
[01:36:09][PRINCESS] [494] OK NIV-44AE27E813C2E1A0 | PAVE | DOUBLE | CHANNEL | None | NONE | WHITE_GOLD | WHITE_GOLD | imgs:3
[01:36:13][PRINCESS] [495] OK NIV-1010DBEDAE294CE4 | PAVE | DOUBLE | CHANNEL | None | NONE | ROSE_GOLD | ROSE_GOLD | imgs:3
[01:36:16][PRINCESS] [496] OK NIV-A8E91E593431FE4E | PAVE | DOUBLE | PRONG | None | NONE | YELLOW_GOLD | YELLOW_GOLD | imgs:3
[01:36:19][PRINCESS] [497] OK NIV-AA5DFBC215D5A388 | PAVE | DOUBLE | PRONG | None | NONE | WHITE_GOLD | WHITE_GOLD | imgs:3
[01:36:21][PRINCESS] [498] OK NIV-545B3A94508DEC1C | PAVE | DOUBLE | PRONG | None | NONE | ROSE_GOLD | ROSE_GOLD | imgs:3
[01:36:25][PRINCESS] [499] OK NIV-CBE146BA349E0D61 | PAVE | DOUBLE | BEAD | None | NONE | YELLOW_GOLD | YELLOW_GOLD | imgs:3
[01:36:27][PRINCESS] [500] OK NIV-6DD8BE8D823B985F | PAVE | DOUBLE | BEAD | None | NONE | WHITE_GOLD | WHITE_GOLD | imgs:3
[01:36:30][PRINCESS] [501] OK NIV-5FD0E25A02EE8331 | PAVE | DOUBLE | BEAD | None | NONE | ROSE_GOLD | ROSE_GOLD | imgs:3
[01:36:35][PRINCESS] [502] OK NIV-165E270E2C764D31 | PAVE | DOUBLE_TWIST | NONE | PLAIN | NONE | YELLOW_GOLD | YELLOW_GOLD | imgs:3
[01:36:37][PRINCESS] [503] OK NIV-A3D7613F8BC53B65 | PAVE | DOUBLE_TWIST | NONE | PLAIN | NONE | WHITE_GOLD | WHITE_GOLD | imgs:3
[01:36:39][PRINCESS] [504] OK NIV-E54393C7278F5B43 | PAVE | DOUBLE_TWIST | NONE | PLAIN | NONE | ROSE_GOLD | ROSE_GOLD | imgs:3
[01:36:43][PRINCESS] [505] OK NIV-092437612C0D22E4 | PAVE | DOUBLE_TWIST | U_PAVE | None | NONE | YELLOW_GOLD | YELLOW_GOLD | imgs:3
[01:36:45][PRINCESS] [506] OK NIV-E5F7169A514F6D74 | PAVE | DOUBLE_TWIST | U_PAVE | None | NONE | WHITE_GOLD | WHITE_GOLD | imgs:3
[01:36:48][PRINCESS] [507] OK NIV-12408BADB4BC3DA0 | PAVE | DOUBLE_TWIST | U_PAVE | None | NONE | ROSE_GOLD | ROSE_GOLD | imgs:3
[01:36:52][PRINCESS] [508] OK NIV-DBBA0BC39787E6B8 | PAVE | DOUBLE_TWIST | CHANNEL | None | NONE | YELLOW_GOLD | YELLOW_GOLD | imgs:3
[01:36:54][PRINCESS] [509] OK NIV-4F3694CA718C7EE6 | PAVE | DOUBLE_TWIST | CHANNEL | None | NONE | WHITE_GOLD | WHITE_GOLD | imgs:3
[01:36:57][PRINCESS] [510] OK NIV-6173982593509BB6 | PAVE | DOUBLE_TWIST | CHANNEL | None | NONE | ROSE_GOLD | ROSE_GOLD | imgs:3
[01:37:01][PRINCESS] [511] OK NIV-AC9366F45F66F525 | PAVE | DOUBLE_TWIST | PRONG | None | NONE | YELLOW_GOLD | YELLOW_GOLD | imgs:3
[01:37:03][PRINCESS] [512] OK NIV-086A29BE039DE940 | PAVE | DOUBLE_TWIST | PRONG | None | NONE | WHITE_GOLD | WHITE_GOLD | imgs:3
[01:37:06][PRINCESS] [513] OK NIV-1817DF4349CC23D4 | PAVE | DOUBLE_TWIST | PRONG | None | NONE | ROSE_GOLD | ROSE_GOLD | imgs:3
[01:37:10][PRINCESS] [514] OK NIV-DF65BD2192275AED | PAVE | DOUBLE_TWIST | BEAD | None | NONE | YELLOW_GOLD | YELLOW_GOLD | imgs:3
[01:37:12][PRINCESS] [515] OK NIV-BA5C0447FB4593DC | PAVE | DOUBLE_TWIST | BEAD | None | NONE | WHITE_GOLD | WHITE_GOLD | imgs:3
[01:37:15][PRINCESS] [516] OK NIV-92F17F1E3F259434 | PAVE | DOUBLE_TWIST | BEAD | None | NONE | ROSE_GOLD | ROSE_GOLD | imgs:3
[01:37:21][PRINCESS]   Re-seleccionando PRINCESS (intento 1)
[01:37:24][PRINCESS] [517] OK NIV-5AEBE04061C19317 | PAVE | HIDDEN_HALO | CHANNEL | None | NONE | YELLOW_GOLD | YELLOW_GOLD | imgs:3
[01:37:27][PRINCESS] [518] OK NIV-51295EC9F40D1B04 | PAVE | HIDDEN_HALO | CHANNEL | None | NONE | WHITE_GOLD | WHITE_GOLD | imgs:3
[01:37:30][PRINCESS] [519] OK NIV-DF5179F6893B6E3C | PAVE | HIDDEN_HALO | CHANNEL | None | NONE | ROSE_GOLD | ROSE_GOLD | imgs:3
[01:37:33][PRINCESS] [520] OK NIV-333626608862CF30 | PAVE | HIDDEN_HALO | PRONG | None | NONE | YELLOW_GOLD | YELLOW_GOLD | imgs:3
[01:37:36][PRINCESS] [521] OK NIV-74583531C6DB1EDF | PAVE | HIDDEN_HALO | PRONG | None | NONE | WHITE_GOLD | WHITE_GOLD | imgs:3
[01:37:39][PRINCESS] [522] OK NIV-EBFAA0EC726ADCDE | PAVE | HIDDEN_HALO | PRONG | None | NONE | ROSE_GOLD | ROSE_GOLD | imgs:3
[01:37:42][PRINCESS] [523] OK NIV-391CB0554D292793 | PAVE | HIDDEN_HALO | BEAD | None | NONE | YELLOW_GOLD | YELLOW_GOLD | imgs:3
[01:37:45][PRINCESS] [524] OK NIV-7F8E4A22925E373E | PAVE | HIDDEN_HALO | BEAD | None | NONE | WHITE_GOLD | WHITE_GOLD | imgs:3
[01:37:48][PRINCESS] [525] OK NIV-89776AE524DBF41E | PAVE | HIDDEN_HALO | BEAD | None | NONE | ROSE_GOLD | ROSE_GOLD | imgs:3
[01:37:51][PRINCESS] [526] OK NIV-B7A29F855CAE3DD4 | PAVE | HIDDEN_HALO | PAVE | None | NONE | YELLOW_GOLD | YELLOW_GOLD | imgs:3
[01:37:54][PRINCESS] [527] OK NIV-E35881E3E3323C4D | PAVE | HIDDEN_HALO | PAVE | None | NONE | WHITE_GOLD | WHITE_GOLD | imgs:3
[01:37:57][PRINCESS] [528] OK NIV-5B8CC5B09AC96500 | PAVE | HIDDEN_HALO | PAVE | None | NONE | ROSE_GOLD | ROSE_GOLD | imgs:3
[01:38:01][PRINCESS] [529] OK NIV-58D80612BA34FED5 | PAVE | SINGLE | NONE | PLAIN | NONE | YELLOW_GOLD | YELLOW_GOLD | imgs:3
[01:38:03][PRINCESS] [530] OK NIV-E2C7AB49DE806B73 | PAVE | SINGLE | NONE | PLAIN | NONE | WHITE_GOLD | WHITE_GOLD | imgs:3
[01:38:06][PRINCESS] [531] OK NIV-5A0398DDCC86DF0F | PAVE | SINGLE | NONE | PLAIN | NONE | ROSE_GOLD | ROSE_GOLD | imgs:3
[01:38:09][PRINCESS] [532] OK NIV-B5A802D07FDE33B1 | PAVE | SINGLE | U_PAVE | None | NONE | YELLOW_GOLD | YELLOW_GOLD | imgs:3
[01:38:12][PRINCESS] [533] OK NIV-BAAA61B67CAE62C9 | PAVE | SINGLE | U_PAVE | None | NONE | WHITE_GOLD | WHITE_GOLD | imgs:3
[01:38:15][PRINCESS] [534] OK NIV-570254D47AA5C2F2 | PAVE | SINGLE | U_PAVE | None | NONE | ROSE_GOLD | ROSE_GOLD | imgs:3
[01:38:18][PRINCESS] [535] OK NIV-5AEBE04061C19317 | PAVE | SINGLE | CHANNEL | None | NONE | YELLOW_GOLD | YELLOW_GOLD | imgs:3
[01:38:21][PRINCESS] [536] OK NIV-51295EC9F40D1B04 | PAVE | SINGLE | CHANNEL | None | NONE | WHITE_GOLD | WHITE_GOLD | imgs:3
[01:38:24][PRINCESS] [537] OK NIV-DF5179F6893B6E3C | PAVE | SINGLE | CHANNEL | None | NONE | ROSE_GOLD | ROSE_GOLD | imgs:3
[01:38:25][PRINCESS]   click_button error (jewellery-configurator-side-setting-type-option-PRONG): ElementHandle.click: Protocol error (DOM.scrollIntoViewIfNeeded): Cannot find context with specified id
Call log:
  - attempting click action
    - scrolling into view if needed

[01:38:25][PRINCESS]   Re-seleccionando PRINCESS (intento 1)
[01:38:25][PRINCESS]   Boton no encontrado ? recargando configurador...
[01:38:42][PRINCESS]   Re-seleccionando PRINCESS (intento 2)
[01:38:52][PRINCESS] [538] OK NIV-391CB0554D292793 | PAVE | SINGLE | BEAD | None | NONE | YELLOW_GOLD | YELLOW_GOLD | imgs:3
[01:38:56][PRINCESS] [539] OK NIV-7F8E4A22925E373E | PAVE | SINGLE | BEAD | None | NONE | WHITE_GOLD | WHITE_GOLD | imgs:3
[01:38:58][PRINCESS] [540] OK NIV-89776AE524DBF41E | PAVE | SINGLE | BEAD | None | NONE | ROSE_GOLD | ROSE_GOLD | imgs:3
[01:39:01][PRINCESS] [541] OK NIV-B7A29F855CAE3DD4 | PAVE | SINGLE | PAVE | None | NONE | YELLOW_GOLD | YELLOW_GOLD | imgs:3
[01:39:03][PRINCESS] [542] OK NIV-E35881E3E3323C4D | PAVE | SINGLE | PAVE | None | NONE | WHITE_GOLD | WHITE_GOLD | imgs:3
[01:39:06][PRINCESS] [543] OK NIV-5B8CC5B09AC96500 | PAVE | SINGLE | PAVE | None | NONE | ROSE_GOLD | ROSE_GOLD | imgs:3
[01:39:10][PRINCESS] [544] OK NIV-A48A147FA8E7D529 | PAVE | SPLIT | NONE | PLAIN | NONE | YELLOW_GOLD | YELLOW_GOLD | imgs:3
[01:39:12][PRINCESS] [545] OK NIV-4D0685FDD656E8A3 | PAVE | SPLIT | NONE | PLAIN | NONE | WHITE_GOLD | WHITE_GOLD | imgs:3
[01:39:15][PRINCESS] [546] OK NIV-D4088B90923D80CB | PAVE | SPLIT | NONE | PLAIN | NONE | ROSE_GOLD | ROSE_GOLD | imgs:3
[01:39:18][PRINCESS] [547] OK NIV-521203AD646047E7 | PAVE | SPLIT | U_PAVE | None | NONE | YELLOW_GOLD | YELLOW_GOLD | imgs:3
[01:39:23][PRINCESS] [548] OK NIV-E7419E8FB9F7252B | PAVE | SPLIT | U_PAVE | None | NONE | WHITE_GOLD | WHITE_GOLD | imgs:3
[01:39:25][PRINCESS] [549] OK NIV-21420695B9B4346D | PAVE | SPLIT | U_PAVE | None | NONE | ROSE_GOLD | ROSE_GOLD | imgs:3
[01:39:27][PRINCESS] [550] OK NIV-B71978FAAB3CC3CC | PAVE | SPLIT | PRONG | None | NONE | YELLOW_GOLD | YELLOW_GOLD | imgs:3
[01:39:30][PRINCESS] [551] OK NIV-C4DA074AAFF8CC9C | PAVE | SPLIT | PRONG | None | NONE | WHITE_GOLD | WHITE_GOLD | imgs:3
[01:39:33][PRINCESS] [552] OK NIV-9412B0994BEEB2FC | PAVE | SPLIT | PRONG | None | NONE | ROSE_GOLD | ROSE_GOLD | imgs:3
[01:39:36][PRINCESS] [553] OK NIV-AF44F53521DBE1F9 | PAVE | SPLIT | BEAD | None | NONE | YELLOW_GOLD | YELLOW_GOLD | imgs:3
[01:39:39][PRINCESS] [554] OK NIV-6DDF9E8BD3569CB3 | PAVE | SPLIT | BEAD | None | NONE | WHITE_GOLD | WHITE_GOLD | imgs:3
[01:39:42][PRINCESS] [555] OK NIV-2CA0008F6CB2E6AD | PAVE | SPLIT | BEAD | None | NONE | ROSE_GOLD | ROSE_GOLD | imgs:3
[01:39:48][PRINCESS]   Re-seleccionando PRINCESS (intento 1)
[01:39:53][PRINCESS] [556] OK NIV-5AEBE04061C19317 | PAVE | SQUARE_EDGE | CHANNEL | None | NONE | YELLOW_GOLD | YELLOW_GOLD | imgs:3
[01:39:56][PRINCESS] [557] OK NIV-51295EC9F40D1B04 | PAVE | SQUARE_EDGE | CHANNEL | None | NONE | WHITE_GOLD | WHITE_GOLD | imgs:3
[01:39:58][PRINCESS] [558] OK NIV-DF5179F6893B6E3C | PAVE | SQUARE_EDGE | CHANNEL | None | NONE | ROSE_GOLD | ROSE_GOLD | imgs:3
[01:40:01][PRINCESS] [559] OK NIV-333626608862CF30 | PAVE | SQUARE_EDGE | PRONG | None | NONE | YELLOW_GOLD | YELLOW_GOLD | imgs:3
[01:40:03][PRINCESS] [560] OK NIV-74583531C6DB1EDF | PAVE | SQUARE_EDGE | PRONG | None | NONE | WHITE_GOLD | WHITE_GOLD | imgs:3
[01:40:06][PRINCESS] [561] OK NIV-EBFAA0EC726ADCDE | PAVE | SQUARE_EDGE | PRONG | None | NONE | ROSE_GOLD | ROSE_GOLD | imgs:3
[01:40:09][PRINCESS] [562] OK NIV-391CB0554D292793 | PAVE | SQUARE_EDGE | BEAD | None | NONE | YELLOW_GOLD | YELLOW_GOLD | imgs:3
[01:40:12][PRINCESS] [563] OK NIV-7F8E4A22925E373E | PAVE | SQUARE_EDGE | BEAD | None | NONE | WHITE_GOLD | WHITE_GOLD | imgs:3
[01:40:15][PRINCESS] [564] OK NIV-89776AE524DBF41E | PAVE | SQUARE_EDGE | BEAD | None | NONE | ROSE_GOLD | ROSE_GOLD | imgs:3
[01:40:18][PRINCESS] [565] OK NIV-B7A29F855CAE3DD4 | PAVE | SQUARE_EDGE | PAVE | None | NONE | YELLOW_GOLD | YELLOW_GOLD | imgs:3
[01:40:21][PRINCESS] [566] OK NIV-E35881E3E3323C4D | PAVE | SQUARE_EDGE | PAVE | None | NONE | WHITE_GOLD | WHITE_GOLD | imgs:3
[01:40:24][PRINCESS] [567] OK NIV-5B8CC5B09AC96500 | PAVE | SQUARE_EDGE | PAVE | None | NONE | ROSE_GOLD | ROSE_GOLD | imgs:3
[01:40:30][PRINCESS]   Re-seleccionando PRINCESS (intento 1)
[01:40:33][PRINCESS] [568] OK NIV-5AEBE04061C19317 | PAVE | TAPERED | CHANNEL | None | NONE | YELLOW_GOLD | YELLOW_GOLD | imgs:3
[01:40:36][PRINCESS] [569] OK NIV-51295EC9F40D1B04 | PAVE | TAPERED | CHANNEL | None | NONE | WHITE_GOLD | WHITE_GOLD | imgs:3
[01:40:39][PRINCESS] [570] OK NIV-DF5179F6893B6E3C | PAVE | TAPERED | CHANNEL | None | NONE | ROSE_GOLD | ROSE_GOLD | imgs:3
[01:40:42][PRINCESS] [571] OK NIV-333626608862CF30 | PAVE | TAPERED | PRONG | None | NONE | YELLOW_GOLD | YELLOW_GOLD | imgs:3
[01:40:45][PRINCESS] [572] OK NIV-74583531C6DB1EDF | PAVE | TAPERED | PRONG | None | NONE | WHITE_GOLD | WHITE_GOLD | imgs:3
[01:40:48][PRINCESS] [573] OK NIV-EBFAA0EC726ADCDE | PAVE | TAPERED | PRONG | None | NONE | ROSE_GOLD | ROSE_GOLD | imgs:3
[01:40:51][PRINCESS] [574] OK NIV-391CB0554D292793 | PAVE | TAPERED | BEAD | None | NONE | YELLOW_GOLD | YELLOW_GOLD | imgs:3
[01:40:54][PRINCESS] [575] OK NIV-7F8E4A22925E373E | PAVE | TAPERED | BEAD | None | NONE | WHITE_GOLD | WHITE_GOLD | imgs:3
[01:40:57][PRINCESS] [576] OK NIV-89776AE524DBF41E | PAVE | TAPERED | BEAD | None | NONE | ROSE_GOLD | ROSE_GOLD | imgs:3
[01:41:00][PRINCESS] [577] OK NIV-B7A29F855CAE3DD4 | PAVE | TAPERED | PAVE | None | NONE | YELLOW_GOLD | YELLOW_GOLD | imgs:3
[01:41:03][PRINCESS] [578] OK NIV-E35881E3E3323C4D | PAVE | TAPERED | PAVE | None | NONE | WHITE_GOLD | WHITE_GOLD | imgs:3
[01:41:06][PRINCESS] [579] OK NIV-5B8CC5B09AC96500 | PAVE | TAPERED | PAVE | None | NONE | ROSE_GOLD | ROSE_GOLD | imgs:3
[01:41:06][PRINCESS]   Configurando fijos: GOLD / KT_18 / LABGROWN_DIAMOND / 1ct
[01:41:08][PRINCESS]   Fijos configurados OK
[01:41:13][PRINCESS] [580] OK NIV-F461ABEFBEC6FF60 | PEG_HEAD | CONTEMPORARY | U_PAVE | None | NONE | YELLOW_GOLD | YELLOW_GOLD | imgs:3
[01:41:16][PRINCESS] [581] OK NIV-425914C3FE5DE737 | PEG_HEAD | CONTEMPORARY | U_PAVE | None | NONE | WHITE_GOLD | WHITE_GOLD | imgs:3
[01:41:18][PRINCESS] [582] OK NIV-9626907D4FD9A5B2 | PEG_HEAD | CONTEMPORARY | U_PAVE | None | NONE | ROSE_GOLD | ROSE_GOLD | imgs:3
[01:41:22][PRINCESS] [583] OK NIV-6336ACF7E0002227 | PEG_HEAD | CONTEMPORARY | CHANNEL | None | NONE | YELLOW_GOLD | YELLOW_GOLD | imgs:3
[01:41:24][PRINCESS] [584] OK NIV-46F6817713C323AA | PEG_HEAD | CONTEMPORARY | CHANNEL | None | NONE | WHITE_GOLD | WHITE_GOLD | imgs:3
[01:41:27][PRINCESS] [585] OK NIV-FB01A6577D8D0519 | PEG_HEAD | CONTEMPORARY | CHANNEL | None | NONE | ROSE_GOLD | ROSE_GOLD | imgs:3
[01:41:31][PRINCESS] [586] OK NIV-2C1A4A3D3E797256 | PEG_HEAD | CONTEMPORARY | PRONG | None | NONE | YELLOW_GOLD | YELLOW_GOLD | imgs:3
[01:41:33][PRINCESS] [587] OK NIV-B810AFA434390EDF | PEG_HEAD | CONTEMPORARY | PRONG | None | NONE | WHITE_GOLD | WHITE_GOLD | imgs:3
[01:41:36][PRINCESS] [588] OK NIV-FA70A0A51D2BD614 | PEG_HEAD | CONTEMPORARY | PRONG | None | NONE | ROSE_GOLD | ROSE_GOLD | imgs:3
[01:41:40][PRINCESS] [589] OK NIV-1102469590E6B7DB | PEG_HEAD | CONTEMPORARY | BEAD | None | NONE | YELLOW_GOLD | YELLOW_GOLD | imgs:3
[01:41:42][PRINCESS] [590] OK NIV-34118F6DB9D1ECF0 | PEG_HEAD | CONTEMPORARY | BEAD | None | NONE | WHITE_GOLD | WHITE_GOLD | imgs:3
[01:41:45][PRINCESS] [591] OK NIV-2AAA9D9267C39206 | PEG_HEAD | CONTEMPORARY | BEAD | None | NONE | ROSE_GOLD | ROSE_GOLD | imgs:3
[01:41:50][PRINCESS] [592] OK NIV-63784E2CAB30ECFB | PEG_HEAD | DOUBLE | NONE | PLAIN | NONE | YELLOW_GOLD | YELLOW_GOLD | imgs:3
[01:41:52][PRINCESS] [593] OK NIV-DEB4B9663A06894C | PEG_HEAD | DOUBLE | NONE | PLAIN | NONE | WHITE_GOLD | WHITE_GOLD | imgs:3
[01:41:54][PRINCESS] [594] OK NIV-B27D4600CB69F024 | PEG_HEAD | DOUBLE | NONE | PLAIN | NONE | ROSE_GOLD | ROSE_GOLD | imgs:3
[01:41:57][PRINCESS] [595] OK NIV-25E9579D2F811341 | PEG_HEAD | DOUBLE | U_PAVE | None | NONE | YELLOW_GOLD | YELLOW_GOLD | imgs:3
[01:42:00][PRINCESS] [596] OK NIV-ABD7934B3429FAD0 | PEG_HEAD | DOUBLE | U_PAVE | None | NONE | WHITE_GOLD | WHITE_GOLD | imgs:3
[01:42:03][PRINCESS] [597] OK NIV-DFD766F214F3AC49 | PEG_HEAD | DOUBLE | U_PAVE | None | NONE | ROSE_GOLD | ROSE_GOLD | imgs:3
[01:42:07][PRINCESS] [598] OK NIV-81F265E3FDDCA3D8 | PEG_HEAD | DOUBLE | CHANNEL | None | NONE | YELLOW_GOLD | YELLOW_GOLD | imgs:3
[01:42:09][PRINCESS] [599] OK NIV-17735B3F941AAA06 | PEG_HEAD | DOUBLE | CHANNEL | None | NONE | WHITE_GOLD | WHITE_GOLD | imgs:3
[01:42:12][PRINCESS] [600] OK NIV-70759CF436FDCC3A | PEG_HEAD | DOUBLE | CHANNEL | None | NONE | ROSE_GOLD | ROSE_GOLD | imgs:3
[01:42:16][PRINCESS] [601] OK NIV-59EA9F320177924A | PEG_HEAD | DOUBLE | PRONG | None | NONE | YELLOW_GOLD | YELLOW_GOLD | imgs:3
[01:42:18][PRINCESS] [602] OK NIV-DB17D3850D3BC019 | PEG_HEAD | DOUBLE | PRONG | None | NONE | WHITE_GOLD | WHITE_GOLD | imgs:3
[01:42:21][PRINCESS] [603] OK NIV-3A18A7778B8A9494 | PEG_HEAD | DOUBLE | PRONG | None | NONE | ROSE_GOLD | ROSE_GOLD | imgs:3
[01:42:25][PRINCESS] [604] OK NIV-D44DEFBB17318AAC | PEG_HEAD | DOUBLE | BEAD | None | NONE | YELLOW_GOLD | YELLOW_GOLD | imgs:3
[01:42:27][PRINCESS] [605] OK NIV-09EC29D733DD0B44 | PEG_HEAD | DOUBLE | BEAD | None | NONE | WHITE_GOLD | WHITE_GOLD | imgs:3
[01:42:30][PRINCESS] [606] OK NIV-14C1386436276E50 | PEG_HEAD | DOUBLE | BEAD | None | NONE | ROSE_GOLD | ROSE_GOLD | imgs:3
[01:42:36][PRINCESS] [607] OK NIV-59135CC568525B36 | PEG_HEAD | DOUBLE_TWIST | NONE | PLAIN | NONE | YELLOW_GOLD | YELLOW_GOLD | imgs:3
[01:42:40][PRINCESS] [608] OK NIV-10EE6E28A4BADA5C | PEG_HEAD | DOUBLE_TWIST | NONE | PLAIN | NONE | WHITE_GOLD | WHITE_GOLD | imgs:3
[01:42:42][PRINCESS] [609] OK NIV-CC6F96E6757F4721 | PEG_HEAD | DOUBLE_TWIST | NONE | PLAIN | NONE | ROSE_GOLD | ROSE_GOLD | imgs:3
[01:42:46][PRINCESS] [610] OK NIV-CCE3B664BFBC97B5 | PEG_HEAD | DOUBLE_TWIST | U_PAVE | None | NONE | YELLOW_GOLD | YELLOW_GOLD | imgs:3
[01:42:51][PRINCESS] [611] OK NIV-7A450CF492A523C5 | PEG_HEAD | DOUBLE_TWIST | U_PAVE | None | NONE | WHITE_GOLD | WHITE_GOLD | imgs:3
[01:42:54][PRINCESS] [612] OK NIV-5011F7D53204B19F | PEG_HEAD | DOUBLE_TWIST | U_PAVE | None | NONE | ROSE_GOLD | ROSE_GOLD | imgs:3
[01:42:57][PRINCESS] [613] OK NIV-6E6D0A790A97A6F0 | PEG_HEAD | DOUBLE_TWIST | CHANNEL | None | NONE | YELLOW_GOLD | YELLOW_GOLD | imgs:3
[01:43:00][PRINCESS] [614] OK NIV-E5DD3986E85190ED | PEG_HEAD | DOUBLE_TWIST | CHANNEL | None | NONE | WHITE_GOLD | WHITE_GOLD | imgs:3
[01:43:03][PRINCESS] [615] OK NIV-328CCAEF8580CCDA | PEG_HEAD | DOUBLE_TWIST | CHANNEL | None | NONE | ROSE_GOLD | ROSE_GOLD | imgs:3
[01:43:07][PRINCESS] [616] OK NIV-C7ED8734D6197E8E | PEG_HEAD | DOUBLE_TWIST | PRONG | None | NONE | YELLOW_GOLD | YELLOW_GOLD | imgs:3
[01:43:09][PRINCESS] [617] OK NIV-E3ED78FF77E9D5D7 | PEG_HEAD | DOUBLE_TWIST | PRONG | None | NONE | WHITE_GOLD | WHITE_GOLD | imgs:3
[01:43:12][PRINCESS] [618] OK NIV-60690FB2EFA84E70 | PEG_HEAD | DOUBLE_TWIST | PRONG | None | NONE | ROSE_GOLD | ROSE_GOLD | imgs:3
[01:43:16][PRINCESS] [619] OK NIV-157AAA651AFAFABF | PEG_HEAD | DOUBLE_TWIST | BEAD | None | NONE | YELLOW_GOLD | YELLOW_GOLD | imgs:3
[01:43:18][PRINCESS] [620] OK NIV-05E4B36BAF7FE67D | PEG_HEAD | DOUBLE_TWIST | BEAD | None | NONE | WHITE_GOLD | WHITE_GOLD | imgs:3
[01:43:21][PRINCESS] [621] OK NIV-3E6DD2D169AB1608 | PEG_HEAD | DOUBLE_TWIST | BEAD | None | NONE | ROSE_GOLD | ROSE_GOLD | imgs:3
[01:43:26][PRINCESS] [622] OK NIV-E25F9C3D97A34C38 | PEG_HEAD | SINGLE | NONE | PLAIN | NONE | YELLOW_GOLD | YELLOW_GOLD | imgs:3
[01:43:29][PRINCESS] [623] OK NIV-42866630B2C517B6 | PEG_HEAD | SINGLE | NONE | PLAIN | NONE | WHITE_GOLD | WHITE_GOLD | imgs:3
[01:43:31][PRINCESS] [624] OK NIV-8016DF035B881563 | PEG_HEAD | SINGLE | NONE | PLAIN | NONE | ROSE_GOLD | ROSE_GOLD | imgs:3
[01:43:34][PRINCESS] [625] OK NIV-5209D16D16B6A0CB | PEG_HEAD | SINGLE | U_PAVE | None | NONE | YELLOW_GOLD | YELLOW_GOLD | imgs:3
[01:43:36][PRINCESS] [626] OK NIV-39DD4FC2CF0B4908 | PEG_HEAD | SINGLE | U_PAVE | None | NONE | WHITE_GOLD | WHITE_GOLD | imgs:3
[01:43:39][PRINCESS] [627] OK NIV-9B46F20FEEE8D112 | PEG_HEAD | SINGLE | U_PAVE | None | NONE | ROSE_GOLD | ROSE_GOLD | imgs:3
[01:43:43][PRINCESS] [628] OK NIV-EFA921C839E990BC | PEG_HEAD | SINGLE | CHANNEL | None | NONE | YELLOW_GOLD | YELLOW_GOLD | imgs:3
[01:43:45][PRINCESS] [629] OK NIV-EEE736C44396F944 | PEG_HEAD | SINGLE | CHANNEL | None | NONE | WHITE_GOLD | WHITE_GOLD | imgs:3
[01:43:48][PRINCESS] [630] OK NIV-9CD7461934B1C43A | PEG_HEAD | SINGLE | CHANNEL | None | NONE | ROSE_GOLD | ROSE_GOLD | imgs:3
[01:43:51][PRINCESS] [631] OK NIV-61B623D803E93BB9 | PEG_HEAD | SINGLE | PRONG | None | NONE | YELLOW_GOLD | YELLOW_GOLD | imgs:3
[01:43:54][PRINCESS] [632] OK NIV-35DA902A10932605 | PEG_HEAD | SINGLE | PRONG | None | NONE | WHITE_GOLD | WHITE_GOLD | imgs:3
[01:43:57][PRINCESS] [633] OK NIV-1CA525D6FF8A650D | PEG_HEAD | SINGLE | PRONG | None | NONE | ROSE_GOLD | ROSE_GOLD | imgs:3
[01:44:00][PRINCESS] [634] OK NIV-8EB3CF4375227750 | PEG_HEAD | SINGLE | BEAD | None | NONE | YELLOW_GOLD | YELLOW_GOLD | imgs:3
[01:44:03][PRINCESS] [635] OK NIV-57EC73FDC9AA9DDB | PEG_HEAD | SINGLE | BEAD | None | NONE | WHITE_GOLD | WHITE_GOLD | imgs:3
[01:44:06][PRINCESS] [636] OK NIV-FA86B5F1598D1D72 | PEG_HEAD | SINGLE | BEAD | None | NONE | ROSE_GOLD | ROSE_GOLD | imgs:3
[01:44:10][PRINCESS] [637] OK NIV-29A7FDE02B7BEF68 | PEG_HEAD | SINGLE | PAVE | None | NONE | YELLOW_GOLD | YELLOW_GOLD | imgs:3
[01:44:12][PRINCESS] [638] OK NIV-CEBC3D148F573EC8 | PEG_HEAD | SINGLE | PAVE | None | NONE | WHITE_GOLD | WHITE_GOLD | imgs:3
[01:44:15][PRINCESS] [639] OK NIV-14FBFF90B098B865 | PEG_HEAD | SINGLE | PAVE | None | NONE | ROSE_GOLD | ROSE_GOLD | imgs:3
[01:44:19][PRINCESS] [640] OK NIV-7B350B1E5F75C780 | PEG_HEAD | SPLIT | NONE | PLAIN | NONE | YELLOW_GOLD | YELLOW_GOLD | imgs:3
[01:44:22][PRINCESS] [641] OK NIV-F058AF841D03065E | PEG_HEAD | SPLIT | NONE | PLAIN | NONE | WHITE_GOLD | WHITE_GOLD | imgs:3
[01:44:24][PRINCESS] [642] OK NIV-B139F55F74AF172F | PEG_HEAD | SPLIT | NONE | PLAIN | NONE | ROSE_GOLD | ROSE_GOLD | imgs:3
[01:44:28][PRINCESS] [643] OK NIV-E90527DAE2C87201 | PEG_HEAD | SPLIT | U_PAVE | None | NONE | YELLOW_GOLD | YELLOW_GOLD | imgs:3
[01:44:30][PRINCESS] [644] OK NIV-538DCAD9EB8F552B | PEG_HEAD | SPLIT | U_PAVE | None | NONE | WHITE_GOLD | WHITE_GOLD | imgs:3
[01:44:33][PRINCESS] [645] OK NIV-598C4270AD63777B | PEG_HEAD | SPLIT | U_PAVE | None | NONE | ROSE_GOLD | ROSE_GOLD | imgs:3
[01:44:40][PRINCESS] [646] OK NIV-4E06AD0B3449D7E0 | PEG_HEAD | SPLIT | PRONG | None | NONE | YELLOW_GOLD | YELLOW_GOLD | imgs:3
[01:44:44][PRINCESS] [647] OK NIV-4228426670ADBA69 | PEG_HEAD | SPLIT | PRONG | None | NONE | WHITE_GOLD | WHITE_GOLD | imgs:3
[01:44:46][PRINCESS] [648] OK NIV-B2CF66B1A3B8B668 | PEG_HEAD | SPLIT | PRONG | None | NONE | ROSE_GOLD | ROSE_GOLD | imgs:3
[01:44:50][PRINCESS] [649] OK NIV-0332554E048B2003 | PEG_HEAD | SPLIT | BEAD | None | NONE | YELLOW_GOLD | YELLOW_GOLD | imgs:3
[01:44:52][PRINCESS] [650] OK NIV-7207DD4C32632523 | PEG_HEAD | SPLIT | BEAD | None | NONE | WHITE_GOLD | WHITE_GOLD | imgs:3
[01:44:54][PRINCESS] [651] OK NIV-0BF98E4A186378BF | PEG_HEAD | SPLIT | BEAD | None | NONE | ROSE_GOLD | ROSE_GOLD | imgs:3
[01:45:00][PRINCESS]   Re-seleccionando PRINCESS (intento 1)
[01:45:03][PRINCESS] [652] OK NIV-5AEBE04061C19317 | PEG_HEAD | SQUARE_EDGE | CHANNEL | None | NONE | YELLOW_GOLD | YELLOW_GOLD | imgs:3
[01:45:06][PRINCESS] [653] OK NIV-51295EC9F40D1B04 | PEG_HEAD | SQUARE_EDGE | CHANNEL | None | NONE | WHITE_GOLD | WHITE_GOLD | imgs:3
[01:45:09][PRINCESS] [654] OK NIV-DF5179F6893B6E3C | PEG_HEAD | SQUARE_EDGE | CHANNEL | None | NONE | ROSE_GOLD | ROSE_GOLD | imgs:3
[01:45:12][PRINCESS] [655] OK NIV-333626608862CF30 | PEG_HEAD | SQUARE_EDGE | PRONG | None | NONE | YELLOW_GOLD | YELLOW_GOLD | imgs:3
[01:45:15][PRINCESS] [656] OK NIV-74583531C6DB1EDF | PEG_HEAD | SQUARE_EDGE | PRONG | None | NONE | WHITE_GOLD | WHITE_GOLD | imgs:3
[01:45:18][PRINCESS] [657] OK NIV-EBFAA0EC726ADCDE | PEG_HEAD | SQUARE_EDGE | PRONG | None | NONE | ROSE_GOLD | ROSE_GOLD | imgs:3
[01:45:21][PRINCESS] [658] OK NIV-391CB0554D292793 | PEG_HEAD | SQUARE_EDGE | BEAD | None | NONE | YELLOW_GOLD | YELLOW_GOLD | imgs:3
[01:45:24][PRINCESS] [659] OK NIV-7F8E4A22925E373E | PEG_HEAD | SQUARE_EDGE | BEAD | None | NONE | WHITE_GOLD | WHITE_GOLD | imgs:3
[01:45:27][PRINCESS] [660] OK NIV-89776AE524DBF41E | PEG_HEAD | SQUARE_EDGE | BEAD | None | NONE | ROSE_GOLD | ROSE_GOLD | imgs:3
[01:45:30][PRINCESS] [661] OK NIV-B7A29F855CAE3DD4 | PEG_HEAD | SQUARE_EDGE | PAVE | None | NONE | YELLOW_GOLD | YELLOW_GOLD | imgs:3
[01:45:33][PRINCESS] [662] OK NIV-E35881E3E3323C4D | PEG_HEAD | SQUARE_EDGE | PAVE | None | NONE | WHITE_GOLD | WHITE_GOLD | imgs:3
[01:45:36][PRINCESS] [663] OK NIV-5B8CC5B09AC96500 | PEG_HEAD | SQUARE_EDGE | PAVE | None | NONE | ROSE_GOLD | ROSE_GOLD | imgs:3
[01:45:42][PRINCESS] [664] OK NIV-39F5168DF1412EBD | PEG_HEAD | TAPERED | U_PAVE | None | NONE | YELLOW_GOLD | YELLOW_GOLD | imgs:3
[01:45:45][PRINCESS] [665] OK NIV-FDD58D9ACACE38D3 | PEG_HEAD | TAPERED | U_PAVE | None | NONE | WHITE_GOLD | WHITE_GOLD | imgs:3
[01:45:48][PRINCESS] [666] OK NIV-9893089EE74B3BF4 | PEG_HEAD | TAPERED | U_PAVE | None | NONE | ROSE_GOLD | ROSE_GOLD | imgs:3
[01:45:51][PRINCESS] [667] OK NIV-766CE451B8A1DD9C | PEG_HEAD | TAPERED | CHANNEL | None | NONE | YELLOW_GOLD | YELLOW_GOLD | imgs:3
[01:45:54][PRINCESS] [668] OK NIV-268201BEF776260F | PEG_HEAD | TAPERED | CHANNEL | None | NONE | WHITE_GOLD | WHITE_GOLD | imgs:3
[01:45:57][PRINCESS] [669] OK NIV-8D78D6871168B54A | PEG_HEAD | TAPERED | CHANNEL | None | NONE | ROSE_GOLD | ROSE_GOLD | imgs:3
[01:46:00][PRINCESS] [670] OK NIV-EB0F7A9A88542DFC | PEG_HEAD | TAPERED | PRONG | None | NONE | YELLOW_GOLD | YELLOW_GOLD | imgs:3
[01:46:03][PRINCESS] [671] OK NIV-BC5B3FC38413EDC0 | PEG_HEAD | TAPERED | PRONG | None | NONE | WHITE_GOLD | WHITE_GOLD | imgs:3
[01:46:06][PRINCESS] [672] OK NIV-8DABC8E4FA02C048 | PEG_HEAD | TAPERED | PRONG | None | NONE | ROSE_GOLD | ROSE_GOLD | imgs:3
[01:46:09][PRINCESS] [673] OK NIV-E8680F323BB6C67E | PEG_HEAD | TAPERED | BEAD | None | NONE | YELLOW_GOLD | YELLOW_GOLD | imgs:3
[01:46:12][PRINCESS] [674] OK NIV-DF6AEE21C93EA1FE | PEG_HEAD | TAPERED | BEAD | None | NONE | WHITE_GOLD | WHITE_GOLD | imgs:3
[01:46:15][PRINCESS] [675] OK NIV-BFF81457E7AD3C54 | PEG_HEAD | TAPERED | BEAD | None | NONE | ROSE_GOLD | ROSE_GOLD | imgs:3
[01:46:19][PRINCESS] [676] OK NIV-6275865A72FC6414 | PEG_HEAD | TAPERED | PAVE | None | NONE | YELLOW_GOLD | YELLOW_GOLD | imgs:3
[01:46:21][PRINCESS] [677] OK NIV-B8355162C9FEDBEF | PEG_HEAD | TAPERED | PAVE | None | NONE | WHITE_GOLD | WHITE_GOLD | imgs:3
[01:46:24][PRINCESS] [678] OK NIV-763CB81707BD3A07 | PEG_HEAD | TAPERED | PAVE | None | NONE | ROSE_GOLD | ROSE_GOLD | imgs:3
[01:46:24][PRINCESS]   Configurando fijos: GOLD / KT_18 / LABGROWN_DIAMOND / 1ct
[01:46:26][PRINCESS]   Fijos configurados OK
[01:46:32][PRINCESS] [679] OK NIV-F79C79CA3977179E | SINGLE_HALO | CONTEMPORARY | U_PAVE | None | NONE | YELLOW_GOLD | YELLOW_GOLD | imgs:3
[01:46:35][PRINCESS] [680] OK NIV-69ECAEB2D93CC31C | SINGLE_HALO | CONTEMPORARY | U_PAVE | None | NONE | WHITE_GOLD | WHITE_GOLD | imgs:3
[01:46:37][PRINCESS] [681] OK NIV-20BF1CE112BD240D | SINGLE_HALO | CONTEMPORARY | U_PAVE | None | NONE | ROSE_GOLD | ROSE_GOLD | imgs:3
[01:46:40][PRINCESS] [682] OK NIV-2D9268C34338835B | SINGLE_HALO | CONTEMPORARY | CHANNEL | None | NONE | YELLOW_GOLD | YELLOW_GOLD | imgs:3
[01:46:43][PRINCESS] [683] OK NIV-B9645CEABE3B5932 | SINGLE_HALO | CONTEMPORARY | CHANNEL | None | NONE | WHITE_GOLD | WHITE_GOLD | imgs:3
[01:46:45][PRINCESS] [684] OK NIV-6E73D8F42B7585E6 | SINGLE_HALO | CONTEMPORARY | CHANNEL | None | NONE | ROSE_GOLD | ROSE_GOLD | imgs:3
[01:46:49][PRINCESS] [685] OK NIV-3C8A28C94B0A4D3C | SINGLE_HALO | CONTEMPORARY | PRONG | None | NONE | YELLOW_GOLD | YELLOW_GOLD | imgs:3
[01:46:51][PRINCESS] [686] OK NIV-ED2F1A3CD6E850C5 | SINGLE_HALO | CONTEMPORARY | PRONG | None | NONE | WHITE_GOLD | WHITE_GOLD | imgs:3
[01:46:54][PRINCESS] [687] OK NIV-D5D517A0E0785DE0 | SINGLE_HALO | CONTEMPORARY | PRONG | None | NONE | ROSE_GOLD | ROSE_GOLD | imgs:3
[01:46:58][PRINCESS] [688] OK NIV-F3B026BC56AC216B | SINGLE_HALO | CONTEMPORARY | BEAD | None | NONE | YELLOW_GOLD | YELLOW_GOLD | imgs:3
[01:47:03][PRINCESS] [689] OK NIV-7DF75BCCD613EF7F | SINGLE_HALO | CONTEMPORARY | BEAD | None | NONE | WHITE_GOLD | WHITE_GOLD | imgs:3
[01:47:11][PRINCESS] [690] OK NIV-0D021F2C9D4F3C2C | SINGLE_HALO | CONTEMPORARY | BEAD | None | NONE | ROSE_GOLD | ROSE_GOLD | imgs:3
[01:47:15][PRINCESS] [691] OK NIV-006ABB873B854A5F | SINGLE_HALO | DOUBLE | NONE | PLAIN | NONE | YELLOW_GOLD | YELLOW_GOLD | imgs:3
[01:47:19][PRINCESS] [692] OK NIV-5D61486D9844215E | SINGLE_HALO | DOUBLE | NONE | PLAIN | NONE | WHITE_GOLD | WHITE_GOLD | imgs:3
[01:47:21][PRINCESS] [693] OK NIV-D6903B55EBB56EC3 | SINGLE_HALO | DOUBLE | NONE | PLAIN | NONE | ROSE_GOLD | ROSE_GOLD | imgs:3
[01:47:25][PRINCESS] [694] OK NIV-2BF5E72D203FB1F3 | SINGLE_HALO | DOUBLE | U_PAVE | None | NONE | YELLOW_GOLD | YELLOW_GOLD | imgs:3
[01:47:28][PRINCESS] [695] OK NIV-8F7ADA35F70DA6CA | SINGLE_HALO | DOUBLE | U_PAVE | None | NONE | WHITE_GOLD | WHITE_GOLD | imgs:3
[01:47:30][PRINCESS] [696] OK NIV-71FB4F04F359E47B | SINGLE_HALO | DOUBLE | U_PAVE | None | NONE | ROSE_GOLD | ROSE_GOLD | imgs:3
[01:47:34][PRINCESS] [697] OK NIV-DFE2B4B091651A87 | SINGLE_HALO | DOUBLE | CHANNEL | None | NONE | YELLOW_GOLD | YELLOW_GOLD | imgs:3
[01:47:36][PRINCESS] [698] OK NIV-BDC80DEDFD43D3D5 | SINGLE_HALO | DOUBLE | CHANNEL | None | NONE | WHITE_GOLD | WHITE_GOLD | imgs:3
[01:47:39][PRINCESS] [699] OK NIV-758845C9E63985D8 | SINGLE_HALO | DOUBLE | CHANNEL | None | NONE | ROSE_GOLD | ROSE_GOLD | imgs:3
[01:47:43][PRINCESS] [700] OK NIV-78D8947A1613F614 | SINGLE_HALO | DOUBLE | PRONG | None | NONE | YELLOW_GOLD | YELLOW_GOLD | imgs:3
[01:47:45][PRINCESS] [701] OK NIV-6A000890C75FFC3F | SINGLE_HALO | DOUBLE | PRONG | None | NONE | WHITE_GOLD | WHITE_GOLD | imgs:3
[01:47:48][PRINCESS] [702] OK NIV-53AC7AC1FF5E697F | SINGLE_HALO | DOUBLE | PRONG | None | NONE | ROSE_GOLD | ROSE_GOLD | imgs:3
[01:47:52][PRINCESS] [703] OK NIV-6B1335DB19255F61 | SINGLE_HALO | DOUBLE | BEAD | None | NONE | YELLOW_GOLD | YELLOW_GOLD | imgs:3
[01:47:54][PRINCESS] [704] OK NIV-73DFAC3FF263BE48 | SINGLE_HALO | DOUBLE | BEAD | None | NONE | WHITE_GOLD | WHITE_GOLD | imgs:3
[01:47:57][PRINCESS] [705] OK NIV-63D3870B82EA4456 | SINGLE_HALO | DOUBLE | BEAD | None | NONE | ROSE_GOLD | ROSE_GOLD | imgs:3
[01:48:02][PRINCESS] [706] OK NIV-CD7A6D439CC1FDD4 | SINGLE_HALO | DOUBLE_TWIST | NONE | PLAIN | NONE | YELLOW_GOLD | YELLOW_GOLD | imgs:3
[01:48:06][PRINCESS] [707] OK NIV-DB4CF984248F13FD | SINGLE_HALO | DOUBLE_TWIST | NONE | PLAIN | NONE | WHITE_GOLD | WHITE_GOLD | imgs:3
[01:48:09][PRINCESS] [708] OK NIV-87FD6ED75C6CA2B9 | SINGLE_HALO | DOUBLE_TWIST | NONE | PLAIN | NONE | ROSE_GOLD | ROSE_GOLD | imgs:3
[01:48:13][PRINCESS] [709] OK NIV-0882CE0C636095A7 | SINGLE_HALO | DOUBLE_TWIST | U_PAVE | None | NONE | YELLOW_GOLD | YELLOW_GOLD | imgs:3
[01:48:15][PRINCESS] [710] OK NIV-D480967F0C55EEA3 | SINGLE_HALO | DOUBLE_TWIST | U_PAVE | None | NONE | WHITE_GOLD | WHITE_GOLD | imgs:3
[01:48:19][PRINCESS] [711] OK NIV-3752C58E87B5F11A | SINGLE_HALO | DOUBLE_TWIST | U_PAVE | None | NONE | ROSE_GOLD | ROSE_GOLD | imgs:3
[01:48:23][PRINCESS] [712] OK NIV-29FC525666BE11A5 | SINGLE_HALO | DOUBLE_TWIST | CHANNEL | None | NONE | YELLOW_GOLD | YELLOW_GOLD | imgs:3
[01:48:26][PRINCESS] [713] OK NIV-2622A7ED00A0A8C3 | SINGLE_HALO | DOUBLE_TWIST | CHANNEL | None | NONE | WHITE_GOLD | WHITE_GOLD | imgs:3
[01:48:28][PRINCESS] [714] OK NIV-6D2E5F9546640E9B | SINGLE_HALO | DOUBLE_TWIST | CHANNEL | None | NONE | ROSE_GOLD | ROSE_GOLD | imgs:3
[01:48:31][PRINCESS] [715] OK NIV-98DB749B8AB9C170 | SINGLE_HALO | DOUBLE_TWIST | PRONG | None | NONE | YELLOW_GOLD | YELLOW_GOLD | imgs:3
[01:48:34][PRINCESS] [716] OK NIV-4F3B0F08165AD385 | SINGLE_HALO | DOUBLE_TWIST | PRONG | None | NONE | WHITE_GOLD | WHITE_GOLD | imgs:3
[01:48:36][PRINCESS] [717] OK NIV-1EDF222CDF980345 | SINGLE_HALO | DOUBLE_TWIST | PRONG | None | NONE | ROSE_GOLD | ROSE_GOLD | imgs:3
[01:48:40][PRINCESS] [718] OK NIV-84F9596E45E4B9BC | SINGLE_HALO | DOUBLE_TWIST | BEAD | None | NONE | YELLOW_GOLD | YELLOW_GOLD | imgs:3
[01:48:42][PRINCESS] [719] OK NIV-8573EEEE6F41BAF1 | SINGLE_HALO | DOUBLE_TWIST | BEAD | None | NONE | WHITE_GOLD | WHITE_GOLD | imgs:3
[01:48:45][PRINCESS] [720] OK NIV-4B0775C4B4555280 | SINGLE_HALO | DOUBLE_TWIST | BEAD | None | NONE | ROSE_GOLD | ROSE_GOLD | imgs:3
[01:48:51][PRINCESS]   Re-seleccionando PRINCESS (intento 1)
[01:48:54][PRINCESS] [721] OK NIV-5AEBE04061C19317 | SINGLE_HALO | HIDDEN_HALO | CHANNEL | None | NONE | YELLOW_GOLD | YELLOW_GOLD | imgs:3
[01:48:57][PRINCESS] [722] OK NIV-51295EC9F40D1B04 | SINGLE_HALO | HIDDEN_HALO | CHANNEL | None | NONE | WHITE_GOLD | WHITE_GOLD | imgs:3
[01:49:00][PRINCESS] [723] OK NIV-DF5179F6893B6E3C | SINGLE_HALO | HIDDEN_HALO | CHANNEL | None | NONE | ROSE_GOLD | ROSE_GOLD | imgs:3
[01:49:03][PRINCESS] [724] OK NIV-333626608862CF30 | SINGLE_HALO | HIDDEN_HALO | PRONG | None | NONE | YELLOW_GOLD | YELLOW_GOLD | imgs:3
[01:49:06][PRINCESS] [725] OK NIV-74583531C6DB1EDF | SINGLE_HALO | HIDDEN_HALO | PRONG | None | NONE | WHITE_GOLD | WHITE_GOLD | imgs:3
[01:49:09][PRINCESS] [726] OK NIV-EBFAA0EC726ADCDE | SINGLE_HALO | HIDDEN_HALO | PRONG | None | NONE | ROSE_GOLD | ROSE_GOLD | imgs:3
[01:49:12][PRINCESS] [727] OK NIV-391CB0554D292793 | SINGLE_HALO | HIDDEN_HALO | BEAD | None | NONE | YELLOW_GOLD | YELLOW_GOLD | imgs:3
[01:49:15][PRINCESS] [728] OK NIV-7F8E4A22925E373E | SINGLE_HALO | HIDDEN_HALO | BEAD | None | NONE | WHITE_GOLD | WHITE_GOLD | imgs:3
[01:49:18][PRINCESS] [729] OK NIV-89776AE524DBF41E | SINGLE_HALO | HIDDEN_HALO | BEAD | None | NONE | ROSE_GOLD | ROSE_GOLD | imgs:3
[01:49:21][PRINCESS] [730] OK NIV-B7A29F855CAE3DD4 | SINGLE_HALO | HIDDEN_HALO | PAVE | None | NONE | YELLOW_GOLD | YELLOW_GOLD | imgs:3
[01:49:24][PRINCESS] [731] OK NIV-E35881E3E3323C4D | SINGLE_HALO | HIDDEN_HALO | PAVE | None | NONE | WHITE_GOLD | WHITE_GOLD | imgs:3
[01:49:27][PRINCESS] [732] OK NIV-5B8CC5B09AC96500 | SINGLE_HALO | HIDDEN_HALO | PAVE | None | NONE | ROSE_GOLD | ROSE_GOLD | imgs:3
[01:49:31][PRINCESS] [733] OK NIV-58D80612BA34FED5 | SINGLE_HALO | SINGLE | NONE | PLAIN | NONE | YELLOW_GOLD | YELLOW_GOLD | imgs:3
[01:49:33][PRINCESS] [734] OK NIV-E2C7AB49DE806B73 | SINGLE_HALO | SINGLE | NONE | PLAIN | NONE | WHITE_GOLD | WHITE_GOLD | imgs:3
[01:49:36][PRINCESS] [735] OK NIV-5A0398DDCC86DF0F | SINGLE_HALO | SINGLE | NONE | PLAIN | NONE | ROSE_GOLD | ROSE_GOLD | imgs:3
[01:49:39][PRINCESS] [736] OK NIV-B5A802D07FDE33B1 | SINGLE_HALO | SINGLE | U_PAVE | None | NONE | YELLOW_GOLD | YELLOW_GOLD | imgs:3
[01:49:42][PRINCESS] [737] OK NIV-BAAA61B67CAE62C9 | SINGLE_HALO | SINGLE | U_PAVE | None | NONE | WHITE_GOLD | WHITE_GOLD | imgs:3
[01:49:45][PRINCESS] [738] OK NIV-570254D47AA5C2F2 | SINGLE_HALO | SINGLE | U_PAVE | None | NONE | ROSE_GOLD | ROSE_GOLD | imgs:3
[01:49:48][PRINCESS] [739] OK NIV-5AEBE04061C19317 | SINGLE_HALO | SINGLE | CHANNEL | None | NONE | YELLOW_GOLD | YELLOW_GOLD | imgs:3
[01:49:51][PRINCESS] [740] OK NIV-51295EC9F40D1B04 | SINGLE_HALO | SINGLE | CHANNEL | None | NONE | WHITE_GOLD | WHITE_GOLD | imgs:3
[01:49:54][PRINCESS] [741] OK NIV-DF5179F6893B6E3C | SINGLE_HALO | SINGLE | CHANNEL | None | NONE | ROSE_GOLD | ROSE_GOLD | imgs:3
[01:49:57][PRINCESS] [742] OK NIV-333626608862CF30 | SINGLE_HALO | SINGLE | PRONG | None | NONE | YELLOW_GOLD | YELLOW_GOLD | imgs:3
[01:50:00][PRINCESS] [743] OK NIV-74583531C6DB1EDF | SINGLE_HALO | SINGLE | PRONG | None | NONE | WHITE_GOLD | WHITE_GOLD | imgs:3
[01:50:03][PRINCESS] [744] OK NIV-EBFAA0EC726ADCDE | SINGLE_HALO | SINGLE | PRONG | None | NONE | ROSE_GOLD | ROSE_GOLD | imgs:3
[01:50:06][PRINCESS] [745] OK NIV-391CB0554D292793 | SINGLE_HALO | SINGLE | BEAD | None | NONE | YELLOW_GOLD | YELLOW_GOLD | imgs:3
[01:50:09][PRINCESS] [746] OK NIV-7F8E4A22925E373E | SINGLE_HALO | SINGLE | BEAD | None | NONE | WHITE_GOLD | WHITE_GOLD | imgs:3
[01:50:12][PRINCESS] [747] OK NIV-89776AE524DBF41E | SINGLE_HALO | SINGLE | BEAD | None | NONE | ROSE_GOLD | ROSE_GOLD | imgs:3
[01:50:15][PRINCESS] [748] OK NIV-B7A29F855CAE3DD4 | SINGLE_HALO | SINGLE | PAVE | None | NONE | YELLOW_GOLD | YELLOW_GOLD | imgs:3
[01:50:18][PRINCESS] [749] OK NIV-E35881E3E3323C4D | SINGLE_HALO | SINGLE | PAVE | None | NONE | WHITE_GOLD | WHITE_GOLD | imgs:3
[01:50:21][PRINCESS] [750] OK NIV-5B8CC5B09AC96500 | SINGLE_HALO | SINGLE | PAVE | None | NONE | ROSE_GOLD | ROSE_GOLD | imgs:3
[01:50:25][PRINCESS] [751] OK NIV-A48A147FA8E7D529 | SINGLE_HALO | SPLIT | NONE | PLAIN | NONE | YELLOW_GOLD | YELLOW_GOLD | imgs:3
[01:50:27][PRINCESS] [752] OK NIV-4D0685FDD656E8A3 | SINGLE_HALO | SPLIT | NONE | PLAIN | NONE | WHITE_GOLD | WHITE_GOLD | imgs:3
[01:50:30][PRINCESS] [753] OK NIV-D4088B90923D80CB | SINGLE_HALO | SPLIT | NONE | PLAIN | NONE | ROSE_GOLD | ROSE_GOLD | imgs:3
[01:50:33][PRINCESS] [754] OK NIV-521203AD646047E7 | SINGLE_HALO | SPLIT | U_PAVE | None | NONE | YELLOW_GOLD | YELLOW_GOLD | imgs:3
[01:50:36][PRINCESS] [755] OK NIV-E7419E8FB9F7252B | SINGLE_HALO | SPLIT | U_PAVE | None | NONE | WHITE_GOLD | WHITE_GOLD | imgs:3
[01:50:39][PRINCESS] [756] OK NIV-21420695B9B4346D | SINGLE_HALO | SPLIT | U_PAVE | None | NONE | ROSE_GOLD | ROSE_GOLD | imgs:3
[01:50:42][PRINCESS] [757] OK NIV-B71978FAAB3CC3CC | SINGLE_HALO | SPLIT | PRONG | None | NONE | YELLOW_GOLD | YELLOW_GOLD | imgs:3
[01:50:45][PRINCESS] [758] OK NIV-C4DA074AAFF8CC9C | SINGLE_HALO | SPLIT | PRONG | None | NONE | WHITE_GOLD | WHITE_GOLD | imgs:3
[01:50:48][PRINCESS] [759] OK NIV-9412B0994BEEB2FC | SINGLE_HALO | SPLIT | PRONG | None | NONE | ROSE_GOLD | ROSE_GOLD | imgs:3
[01:50:51][PRINCESS] [760] OK NIV-AF44F53521DBE1F9 | SINGLE_HALO | SPLIT | BEAD | None | NONE | YELLOW_GOLD | YELLOW_GOLD | imgs:3
[01:50:54][PRINCESS] [761] OK NIV-6DDF9E8BD3569CB3 | SINGLE_HALO | SPLIT | BEAD | None | NONE | WHITE_GOLD | WHITE_GOLD | imgs:3
[01:50:57][PRINCESS] [762] OK NIV-2CA0008F6CB2E6AD | SINGLE_HALO | SPLIT | BEAD | None | NONE | ROSE_GOLD | ROSE_GOLD | imgs:3
[01:51:03][PRINCESS] [763] OK NIV-AE61B6A0C74B2DEE | SINGLE_HALO | SQUARE_EDGE | U_PAVE | None | NONE | YELLOW_GOLD | YELLOW_GOLD | imgs:3
[01:51:06][PRINCESS] [764] OK NIV-77A65C1978A7990A | SINGLE_HALO | SQUARE_EDGE | U_PAVE | None | NONE | WHITE_GOLD | WHITE_GOLD | imgs:3
[01:51:29][PRINCESS]   wait_for_image timeout o error: Page.wait_for_function: Timeout 20000ms exceeded.
[01:51:29][PRINCESS]   Rescate: 0 thumbnail(s) visibles
[01:51:29][PRINCESS] [765] NO-IMG NIV-77A65C1978A7990A | SINGLE_HALO | SQUARE_EDGE | U_PAVE | None | NONE | ROSE_GOLD | ROSE_GOLD | imgs:0
[01:51:33][PRINCESS] [766] OK NIV-A435D34886884FCA | SINGLE_HALO | SQUARE_EDGE | CHANNEL | None | NONE | YELLOW_GOLD | YELLOW_GOLD | imgs:3
[01:51:36][PRINCESS] [767] OK NIV-379971CD8666B26E | SINGLE_HALO | SQUARE_EDGE | CHANNEL | None | NONE | WHITE_GOLD | WHITE_GOLD | imgs:3
[01:51:39][PRINCESS] [768] OK NIV-137ACE5EC16DF2C9 | SINGLE_HALO | SQUARE_EDGE | CHANNEL | None | NONE | ROSE_GOLD | ROSE_GOLD | imgs:3
[01:51:42][PRINCESS] [769] OK NIV-40EC6837260BA69E | SINGLE_HALO | SQUARE_EDGE | PRONG | None | NONE | YELLOW_GOLD | YELLOW_GOLD | imgs:3
[01:51:45][PRINCESS] [770] OK NIV-F55AB1CAAB8350C3 | SINGLE_HALO | SQUARE_EDGE | PRONG | None | NONE | WHITE_GOLD | WHITE_GOLD | imgs:3
[01:51:48][PRINCESS] [771] OK NIV-E1C79ADEED0A0EDF | SINGLE_HALO | SQUARE_EDGE | PRONG | None | NONE | ROSE_GOLD | ROSE_GOLD | imgs:3
[01:51:51][PRINCESS] [772] OK NIV-21B65F7BF4647A28 | SINGLE_HALO | SQUARE_EDGE | BEAD | None | NONE | YELLOW_GOLD | YELLOW_GOLD | imgs:3
[01:51:54][PRINCESS] [773] OK NIV-AF13E1E40A716969 | SINGLE_HALO | SQUARE_EDGE | BEAD | None | NONE | WHITE_GOLD | WHITE_GOLD | imgs:3
[01:51:57][PRINCESS] [774] OK NIV-6182A76133066AF4 | SINGLE_HALO | SQUARE_EDGE | BEAD | None | NONE | ROSE_GOLD | ROSE_GOLD | imgs:3
[01:52:00][PRINCESS] [775] OK NIV-66BF1BE5F4125541 | SINGLE_HALO | SQUARE_EDGE | PAVE | None | NONE | YELLOW_GOLD | YELLOW_GOLD | imgs:3
[01:52:03][PRINCESS] [776] OK NIV-01C896F28BBDFF87 | SINGLE_HALO | SQUARE_EDGE | PAVE | None | NONE | WHITE_GOLD | WHITE_GOLD | imgs:3
[01:52:06][PRINCESS] [777] OK NIV-ADABBFF31389E66E | SINGLE_HALO | SQUARE_EDGE | PAVE | None | NONE | ROSE_GOLD | ROSE_GOLD | imgs:3
[01:52:12][PRINCESS] [778] OK NIV-39F5168DF1412EBD | SINGLE_HALO | TAPERED | U_PAVE | None | NONE | YELLOW_GOLD | YELLOW_GOLD | imgs:3
[01:52:15][PRINCESS] [779] OK NIV-FDD58D9ACACE38D3 | SINGLE_HALO | TAPERED | U_PAVE | None | NONE | WHITE_GOLD | WHITE_GOLD | imgs:3
[01:52:18][PRINCESS] [780] OK NIV-9893089EE74B3BF4 | SINGLE_HALO | TAPERED | U_PAVE | None | NONE | ROSE_GOLD | ROSE_GOLD | imgs:3
[01:52:21][PRINCESS] [781] OK NIV-766CE451B8A1DD9C | SINGLE_HALO | TAPERED | CHANNEL | None | NONE | YELLOW_GOLD | YELLOW_GOLD | imgs:3
[01:52:24][PRINCESS] [782] OK NIV-268201BEF776260F | SINGLE_HALO | TAPERED | CHANNEL | None | NONE | WHITE_GOLD | WHITE_GOLD | imgs:3
[01:52:27][PRINCESS] [783] OK NIV-8D78D6871168B54A | SINGLE_HALO | TAPERED | CHANNEL | None | NONE | ROSE_GOLD | ROSE_GOLD | imgs:3
[01:52:30][PRINCESS] [784] OK NIV-EB0F7A9A88542DFC | SINGLE_HALO | TAPERED | PRONG | None | NONE | YELLOW_GOLD | YELLOW_GOLD | imgs:3
[01:52:33][PRINCESS] [785] OK NIV-BC5B3FC38413EDC0 | SINGLE_HALO | TAPERED | PRONG | None | NONE | WHITE_GOLD | WHITE_GOLD | imgs:3
[01:52:36][PRINCESS] [786] OK NIV-8DABC8E4FA02C048 | SINGLE_HALO | TAPERED | PRONG | None | NONE | ROSE_GOLD | ROSE_GOLD | imgs:3
[01:52:39][PRINCESS] [787] OK NIV-E8680F323BB6C67E | SINGLE_HALO | TAPERED | BEAD | None | NONE | YELLOW_GOLD | YELLOW_GOLD | imgs:3
[01:52:42][PRINCESS] [788] OK NIV-DF6AEE21C93EA1FE | SINGLE_HALO | TAPERED | BEAD | None | NONE | WHITE_GOLD | WHITE_GOLD | imgs:3
[01:52:45][PRINCESS] [789] OK NIV-BFF81457E7AD3C54 | SINGLE_HALO | TAPERED | BEAD | None | NONE | ROSE_GOLD | ROSE_GOLD | imgs:3
[01:52:48][PRINCESS] [790] OK NIV-6275865A72FC6414 | SINGLE_HALO | TAPERED | PAVE | None | NONE | YELLOW_GOLD | YELLOW_GOLD | imgs:3
[01:52:51][PRINCESS] [791] OK NIV-B8355162C9FEDBEF | SINGLE_HALO | TAPERED | PAVE | None | NONE | WHITE_GOLD | WHITE_GOLD | imgs:3
[01:52:54][PRINCESS] [792] OK NIV-763CB81707BD3A07 | SINGLE_HALO | TAPERED | PAVE | None | NONE | ROSE_GOLD | ROSE_GOLD | imgs:3
[01:52:55][PRINCESS] COMPLETO ? 9092 resultados guardados en /home/juan/Documentos/Proyectos/Universal_Gold/scraper_v4/results/results_PRINCESS.json
