[21:09:36][PRINCESS] Retomando ? 85 ya hechos
[21:09:36][PRINCESS] Iniciando worker para PRINCESS
[21:09:40][PRINCESS] Cargando configurador...
[21:10:03][PRINCESS] Configurador listo ? seleccionando PRINCESS
[21:10:05][PRINCESS] Seleccionando ROUND como base...
[21:10:07][PRINCESS] DEBUG btn PRINCESS: {'disabled': False, 'ariaDisabled': None, 'ariaPressed': 'false', 'classes': 'MuiButtonBase-root MuiToggleButtonGroup-grouped MuiToggleButtonGroup-groupedHori', 'visible': True}
[21:10:07][PRINCESS]   Re-seleccionando PRINCESS (intento 1)
[21:10:07][PRINCESS] Comenzando scrape DOM-driven...
[21:10:21][PRINCESS]   Re-seleccionando PRINCESS (intento 1)
[21:10:21][PRINCESS]   Boton no encontrado ? recargando configurador...
[21:10:44][PRINCESS]   Re-seleccionando PRINCESS (intento 2)
[21:11:29][PRINCESS] [29] ? NIV-5AEBE04061C19317 | BASKET | CONTEMPORARY | CHANNEL | GOLD | KT_10 | 1ct | imgs:3
[21:11:35][PRINCESS] [30] ? NIV-5AEBE04061C19317 | BASKET | CONTEMPORARY | CHANNEL | GOLD | KT_10 | 1ct | imgs:3
[21:11:38][PRINCESS] [31] ? NIV-5AEBE04061C19317 | BASKET | CONTEMPORARY | CHANNEL | GOLD | KT_10 | 1ct | imgs:3
[21:11:41][PRINCESS] [32] ? NIV-9443BFCD1DDCA8DF | BASKET | CONTEMPORARY | CHANNEL | GOLD | KT_10 | 1ct | imgs:3
[21:11:44][PRINCESS] [33] ? NIV-9443BFCD1DDCA8DF | BASKET | CONTEMPORARY | CHANNEL | GOLD | KT_10 | 1ct | imgs:3
[21:11:47][PRINCESS] [34] ? NIV-19995AC82EF00903 | BASKET | CONTEMPORARY | CHANNEL | GOLD | KT_10 | 1ct | imgs:3
[21:11:51][PRINCESS] [35] ? NIV-34B7A66A30299E42 | BASKET | CONTEMPORARY | CHANNEL | GOLD | KT_10 | 1ct | imgs:1
[21:11:53][PRINCESS] [36] ? NIV-10B29F50D569B238 | BASKET | CONTEMPORARY | CHANNEL | GOLD | KT_10 | 1ct | imgs:3
[21:11:56][PRINCESS] [37] ? NIV-DF5179F6893B6E3C | BASKET | CONTEMPORARY | CHANNEL | GOLD | KT_10 | 1ct | imgs:3
[21:11:59][PRINCESS] [38] ? NIV-9F414FB415131DC1 | BASKET | CONTEMPORARY | CHANNEL | GOLD | KT_14 | 1ct | imgs:3
[21:12:02][PRINCESS] [39] ? NIV-C5AF6B37B875E951 | BASKET | CONTEMPORARY | CHANNEL | GOLD | KT_14 | 1ct | imgs:3
[21:12:05][PRINCESS] [40] ? NIV-00CA7464654C3570 | BASKET | CONTEMPORARY | CHANNEL | GOLD | KT_14 | 1ct | imgs:3
[21:12:08][PRINCESS] [41] ? NIV-C608B620392849AB | BASKET | CONTEMPORARY | CHANNEL | GOLD | KT_14 | 1ct | imgs:3
[21:12:11][PRINCESS] [42] ? NIV-8D1A901811F68112 | BASKET | CONTEMPORARY | CHANNEL | GOLD | KT_14 | 1ct | imgs:3
[21:12:14][PRINCESS] [43] ? NIV-E44FEF35C29B06FB | BASKET | CONTEMPORARY | CHANNEL | GOLD | KT_14 | 1ct | imgs:3
[21:12:17][PRINCESS] [44] ? NIV-C3EFC8D867072E74 | BASKET | CONTEMPORARY | CHANNEL | GOLD | KT_14 | 1ct | imgs:3
[21:12:20][PRINCESS] [45] ? NIV-1EB76A3E7A779A12 | BASKET | CONTEMPORARY | CHANNEL | GOLD | KT_14 | 1ct | imgs:3
[21:12:23][PRINCESS] [46] ? NIV-66AA161431E06890 | BASKET | CONTEMPORARY | CHANNEL | GOLD | KT_14 | 1ct | imgs:3
[21:12:26][PRINCESS] [47] ? NIV-E6329D9697BA9603 | BASKET | CONTEMPORARY | CHANNEL | GOLD | KT_18 | 1ct | imgs:3
[21:12:29][PRINCESS] [48] ? NIV-0162BC0AD1F88301 | BASKET | CONTEMPORARY | CHANNEL | GOLD | KT_18 | 1ct | imgs:3
[21:12:32][PRINCESS] [49] ? NIV-2D5A8F776B8720EF | BASKET | CONTEMPORARY | CHANNEL | GOLD | KT_18 | 1ct | imgs:3
[21:12:35][PRINCESS] [50] ? NIV-F9B4D65ABFCE4ED1 | BASKET | CONTEMPORARY | CHANNEL | GOLD | KT_18 | 1ct | imgs:3
[21:12:38][PRINCESS] [51] ? NIV-0B47BC194EA25B69 | BASKET | CONTEMPORARY | CHANNEL | GOLD | KT_18 | 1ct | imgs:3
[21:12:41][PRINCESS] [52] ? NIV-0125E1368583D9AE | BASKET | CONTEMPORARY | CHANNEL | GOLD | KT_18 | 1ct | imgs:3
[21:12:44][PRINCESS] [53] ? NIV-AD9C9C94452233BE | BASKET | CONTEMPORARY | CHANNEL | GOLD | KT_18 | 1ct | imgs:3
[21:12:47][PRINCESS] [54] ? NIV-3F6E5BB1FFC3A112 | BASKET | CONTEMPORARY | CHANNEL | GOLD | KT_18 | 1ct | imgs:3
[21:12:50][PRINCESS] [55] ? NIV-BDDA81585B3A92D7 | BASKET | CONTEMPORARY | CHANNEL | GOLD | KT_18 | 1ct | imgs:3
[21:12:53][PRINCESS] [56] ? NIV-AB19B2B8C2349F82 | BASKET | CONTEMPORARY | CHANNEL | PLATINUM | PT_950 | 1ct | imgs:3
[21:12:56][PRINCESS] [57] ? NIV-A4054173D04F8CFB | BASKET | CONTEMPORARY | CHANNEL | GOLD | KT_10 | 1ct | imgs:3
[21:13:02][PRINCESS] [58] ? NIV-A4054173D04F8CFB | BASKET | CONTEMPORARY | CHANNEL | GOLD | KT_10 | 1ct | imgs:3
[21:13:05][PRINCESS] [59] ? NIV-A4054173D04F8CFB | BASKET | CONTEMPORARY | CHANNEL | GOLD | KT_10 | 1ct | imgs:3
[21:13:08][PRINCESS] [60] ? NIV-FF4C705D1F4BD584 | BASKET | CONTEMPORARY | CHANNEL | GOLD | KT_10 | 1ct | imgs:3
[21:13:11][PRINCESS] [61] ? NIV-FF4C705D1F4BD584 | BASKET | CONTEMPORARY | CHANNEL | GOLD | KT_10 | 1ct | imgs:3
[21:13:14][PRINCESS] [62] ? NIV-FF4C705D1F4BD584 | BASKET | CONTEMPORARY | CHANNEL | GOLD | KT_10 | 1ct | imgs:3
[21:13:17][PRINCESS] [63] ? NIV-DB5F85D861281A07 | BASKET | CONTEMPORARY | CHANNEL | GOLD | KT_10 | 1ct | imgs:3
[21:13:20][PRINCESS] [64] ? NIV-DB5F85D861281A07 | BASKET | CONTEMPORARY | CHANNEL | GOLD | KT_10 | 1ct | imgs:3
[21:13:23][PRINCESS] [65] ? NIV-DB5F85D861281A07 | BASKET | CONTEMPORARY | CHANNEL | GOLD | KT_10 | 1ct | imgs:3
[21:13:26][PRINCESS] [66] ? NIV-2015D0EF8DA03640 | BASKET | CONTEMPORARY | CHANNEL | GOLD | KT_14 | 1ct | imgs:3
[21:13:29][PRINCESS] [67] ? NIV-2015D0EF8DA03640 | BASKET | CONTEMPORARY | CHANNEL | GOLD | KT_14 | 1ct | imgs:3
[21:13:35][PRINCESS] [68] ? NIV-2015D0EF8DA03640 | BASKET | CONTEMPORARY | CHANNEL | GOLD | KT_14 | 1ct | imgs:3
[21:13:38][PRINCESS] [69] ? NIV-079762E09CED5CB9 | BASKET | CONTEMPORARY | CHANNEL | GOLD | KT_14 | 1ct | imgs:3
[21:13:41][PRINCESS] [70] ? NIV-079762E09CED5CB9 | BASKET | CONTEMPORARY | CHANNEL | GOLD | KT_14 | 1ct | imgs:3
[21:13:44][PRINCESS] [71] ? NIV-079762E09CED5CB9 | BASKET | CONTEMPORARY | CHANNEL | GOLD | KT_14 | 1ct | imgs:3
[21:13:47][PRINCESS] [72] ? NIV-99F9B8EB6F8F1AEE | BASKET | CONTEMPORARY | CHANNEL | GOLD | KT_14 | 1ct | imgs:3
[21:13:50][PRINCESS] [73] ? NIV-99F9B8EB6F8F1AEE | BASKET | CONTEMPORARY | CHANNEL | GOLD | KT_14 | 1ct | imgs:3
[21:13:53][PRINCESS] [74] ? NIV-99F9B8EB6F8F1AEE | BASKET | CONTEMPORARY | CHANNEL | GOLD | KT_14 | 1ct | imgs:3
[21:13:56][PRINCESS] [75] ? NIV-BBFC448996988251 | BASKET | CONTEMPORARY | CHANNEL | GOLD | KT_18 | 1ct | imgs:3
[21:13:59][PRINCESS] [76] ? NIV-BBFC448996988251 | BASKET | CONTEMPORARY | CHANNEL | GOLD | KT_18 | 1ct | imgs:3
[21:14:02][PRINCESS] [77] ? NIV-BBFC448996988251 | BASKET | CONTEMPORARY | CHANNEL | GOLD | KT_18 | 1ct | imgs:3
[21:14:05][PRINCESS] [78] ? NIV-4313E5801C83CD89 | BASKET | CONTEMPORARY | CHANNEL | GOLD | KT_18 | 1ct | imgs:3
[21:14:08][PRINCESS] [79] ? NIV-4313E5801C83CD89 | BASKET | CONTEMPORARY | CHANNEL | GOLD | KT_18 | 1ct | imgs:3
[21:14:11][PRINCESS] [80] ? NIV-4313E5801C83CD89 | BASKET | CONTEMPORARY | CHANNEL | GOLD | KT_18 | 1ct | imgs:3
[21:14:14][PRINCESS] [81] ? NIV-E49877E6A5AA6243 | BASKET | CONTEMPORARY | CHANNEL | GOLD | KT_18 | 1ct | imgs:3
[21:14:17][PRINCESS] [82] ? NIV-E49877E6A5AA6243 | BASKET | CONTEMPORARY | CHANNEL | GOLD | KT_18 | 1ct | imgs:3
[21:14:20][PRINCESS] [83] ? NIV-E49877E6A5AA6243 | BASKET | CONTEMPORARY | CHANNEL | GOLD | KT_18 | 1ct | imgs:3
[21:14:23][PRINCESS] [84] ? NIV-758FEC12F7195E7A | BASKET | CONTEMPORARY | CHANNEL | PLATINUM | PT_950 | 1ct | imgs:3
[21:14:26][PRINCESS] [85] ? NIV-1D2C7FF8180A14B3 | BASKET | CONTEMPORARY | CHANNEL | GOLD | KT_10 | 1ct | imgs:3
[21:14:29][PRINCESS] [86] ? NIV-1D2C7FF8180A14B3 | BASKET | CONTEMPORARY | CHANNEL | GOLD | KT_10 | 1ct | imgs:3
[21:14:35][PRINCESS] [87] ? NIV-1D2C7FF8180A14B3 | BASKET | CONTEMPORARY | CHANNEL | GOLD | KT_10 | 1ct | imgs:3
[21:14:38][PRINCESS] [88] ? NIV-657E37FAD6D83B6A | BASKET | CONTEMPORARY | CHANNEL | GOLD | KT_10 | 1ct | imgs:3
[21:14:41][PRINCESS] [89] ? NIV-657E37FAD6D83B6A | BASKET | CONTEMPORARY | CHANNEL | GOLD | KT_10 | 1ct | imgs:3
[21:14:44][PRINCESS] [90] ? NIV-657E37FAD6D83B6A | BASKET | CONTEMPORARY | CHANNEL | GOLD | KT_10 | 1ct | imgs:3
[21:14:47][PRINCESS] [91] ? NIV-EACFF47C1E38C06C | BASKET | CONTEMPORARY | CHANNEL | GOLD | KT_10 | 1ct | imgs:3
[21:14:50][PRINCESS] [92] ? NIV-EACFF47C1E38C06C | BASKET | CONTEMPORARY | CHANNEL | GOLD | KT_10 | 1ct | imgs:3
[21:14:53][PRINCESS] [93] ? NIV-EACFF47C1E38C06C | BASKET | CONTEMPORARY | CHANNEL | GOLD | KT_10 | 1ct | imgs:3
[21:14:56][PRINCESS] [94] ? NIV-310E43B5FE22AECD | BASKET | CONTEMPORARY | CHANNEL | GOLD | KT_14 | 1ct | imgs:3
[21:14:59][PRINCESS] [95] ? NIV-310E43B5FE22AECD | BASKET | CONTEMPORARY | CHANNEL | GOLD | KT_14 | 1ct | imgs:3
[21:15:05][PRINCESS] [96] ? NIV-310E43B5FE22AECD | BASKET | CONTEMPORARY | CHANNEL | GOLD | KT_14 | 1ct | imgs:3
[21:15:08][PRINCESS] [97] ? NIV-A33D4257172E05F8 | BASKET | CONTEMPORARY | CHANNEL | GOLD | KT_14 | 1ct | imgs:3
[21:15:11][PRINCESS] [98] ? NIV-A33D4257172E05F8 | BASKET | CONTEMPORARY | CHANNEL | GOLD | KT_14 | 1ct | imgs:3
[21:15:17][PRINCESS] [99] ? NIV-A33D4257172E05F8 | BASKET | CONTEMPORARY | CHANNEL | GOLD | KT_14 | 1ct | imgs:3
[21:15:20][PRINCESS] [100] ? NIV-EEFB847D8EEE5F48 | BASKET | CONTEMPORARY | CHANNEL | GOLD | KT_14 | 1ct | imgs:3
[21:15:23][PRINCESS] [101] ? NIV-EEFB847D8EEE5F48 | BASKET | CONTEMPORARY | CHANNEL | GOLD | KT_14 | 1ct | imgs:3
[21:15:26][PRINCESS] [102] ? NIV-EEFB847D8EEE5F48 | BASKET | CONTEMPORARY | CHANNEL | GOLD | KT_14 | 1ct | imgs:3
[21:15:29][PRINCESS] [103] ? NIV-517EB7CBFCAA628D | BASKET | CONTEMPORARY | CHANNEL | GOLD | KT_18 | 1ct | imgs:3
[21:15:32][PRINCESS] [104] ? NIV-517EB7CBFCAA628D | BASKET | CONTEMPORARY | CHANNEL | GOLD | KT_18 | 1ct | imgs:3
[21:15:35][PRINCESS] [105] ? NIV-517EB7CBFCAA628D | BASKET | CONTEMPORARY | CHANNEL | GOLD | KT_18 | 1ct | imgs:3
[21:15:38][PRINCESS] [106] ? NIV-E91DE42F5D96B709 | BASKET | CONTEMPORARY | CHANNEL | GOLD | KT_18 | 1ct | imgs:1
[21:15:44][PRINCESS] [107] ? NIV-E91DE42F5D96B709 | BASKET | CONTEMPORARY | CHANNEL | GOLD | KT_18 | 1ct | imgs:3
[21:15:47][PRINCESS] [108] ? NIV-E91DE42F5D96B709 | BASKET | CONTEMPORARY | CHANNEL | GOLD | KT_18 | 1ct | imgs:3
[21:15:50][PRINCESS] [109] ? NIV-A367A25055412B6B | BASKET | CONTEMPORARY | CHANNEL | GOLD | KT_18 | 1ct | imgs:3
[21:15:53][PRINCESS] [110] ? NIV-A367A25055412B6B | BASKET | CONTEMPORARY | CHANNEL | GOLD | KT_18 | 1ct | imgs:3
[21:15:56][PRINCESS] [111] ? NIV-A367A25055412B6B | BASKET | CONTEMPORARY | CHANNEL | GOLD | KT_18 | 1ct | imgs:3
[21:15:59][PRINCESS] [112] ? NIV-C6828B2479DAF204 | BASKET | CONTEMPORARY | CHANNEL | PLATINUM | PT_950 | 1ct | imgs:3
[21:16:05][PRINCESS] [113] ? NIV-53A0ADC727B302F7 | BASKET | CONTEMPORARY | CHANNEL | GOLD | KT_10 | 1ct | imgs:3
[21:16:08][PRINCESS] [114] ? NIV-53A0ADC727B302F7 | BASKET | CONTEMPORARY | CHANNEL | GOLD | KT_10 | 1ct | imgs:3
[21:16:11][PRINCESS] [115] ? NIV-53A0ADC727B302F7 | BASKET | CONTEMPORARY | CHANNEL | GOLD | KT_10 | 1ct | imgs:3
[21:16:14][PRINCESS] [116] ? NIV-0C2FD50AFD8BA4CA | BASKET | CONTEMPORARY | CHANNEL | GOLD | KT_10 | 1ct | imgs:2
[21:16:17][PRINCESS] [117] ? NIV-0C2FD50AFD8BA4CA | BASKET | CONTEMPORARY | CHANNEL | GOLD | KT_10 | 1ct | imgs:3
[21:16:23][PRINCESS] [118] ? NIV-0C2FD50AFD8BA4CA | BASKET | CONTEMPORARY | CHANNEL | GOLD | KT_10 | 1ct | imgs:3
[21:16:26][PRINCESS] [119] ? NIV-163D1B7ED7FA91F2 | BASKET | CONTEMPORARY | CHANNEL | GOLD | KT_10 | 1ct | imgs:3
[21:16:29][PRINCESS] [120] ? NIV-163D1B7ED7FA91F2 | BASKET | CONTEMPORARY | CHANNEL | GOLD | KT_10 | 1ct | imgs:3
[21:16:32][PRINCESS] [121] ? NIV-163D1B7ED7FA91F2 | BASKET | CONTEMPORARY | CHANNEL | GOLD | KT_10 | 1ct | imgs:3
[21:16:41][PRINCESS] [122] ? NIV-2FA6E720EFAD17BD | BASKET | CONTEMPORARY | CHANNEL | GOLD | KT_14 | 1ct | imgs:2
[21:16:44][PRINCESS] [123] ? NIV-2FA6E720EFAD17BD | BASKET | CONTEMPORARY | CHANNEL | GOLD | KT_14 | 1ct | imgs:3
[21:16:47][PRINCESS] [124] ? NIV-2FA6E720EFAD17BD | BASKET | CONTEMPORARY | CHANNEL | GOLD | KT_14 | 1ct | imgs:3
[21:16:50][PRINCESS] [125] ? NIV-F2908BE515237C69 | BASKET | CONTEMPORARY | CHANNEL | GOLD | KT_14 | 1ct | imgs:3
[21:16:53][PRINCESS] [126] ? NIV-F2908BE515237C69 | BASKET | CONTEMPORARY | CHANNEL | GOLD | KT_14 | 1ct | imgs:3
[21:16:59][PRINCESS] [127] ? NIV-F2908BE515237C69 | BASKET | CONTEMPORARY | CHANNEL | GOLD | KT_14 | 1ct | imgs:3
[21:17:02][PRINCESS] [128] ? NIV-987D3B6ABE520A49 | BASKET | CONTEMPORARY | CHANNEL | GOLD | KT_14 | 1ct | imgs:3
[21:17:05][PRINCESS] [129] ? NIV-987D3B6ABE520A49 | BASKET | CONTEMPORARY | CHANNEL | GOLD | KT_14 | 1ct | imgs:3
[21:17:08][PRINCESS] [130] ? NIV-987D3B6ABE520A49 | BASKET | CONTEMPORARY | CHANNEL | GOLD | KT_14 | 1ct | imgs:3
[21:17:11][PRINCESS] [131] ? NIV-ADA70E537B8BD910 | BASKET | CONTEMPORARY | CHANNEL | GOLD | KT_18 | 1ct | imgs:3
[21:17:14][PRINCESS] [132] ? NIV-ADA70E537B8BD910 | BASKET | CONTEMPORARY | CHANNEL | GOLD | KT_18 | 1ct | imgs:3
[21:17:17][PRINCESS] [133] ? NIV-ADA70E537B8BD910 | BASKET | CONTEMPORARY | CHANNEL | GOLD | KT_18 | 1ct | imgs:3
[21:17:20][PRINCESS] [134] ? NIV-35938912A797E940 | BASKET | CONTEMPORARY | CHANNEL | GOLD | KT_18 | 1ct | imgs:3
[21:17:23][PRINCESS] [135] ? NIV-35938912A797E940 | BASKET | CONTEMPORARY | CHANNEL | GOLD | KT_18 | 1ct | imgs:3
[21:17:26][PRINCESS] [136] ? NIV-35938912A797E940 | BASKET | CONTEMPORARY | CHANNEL | GOLD | KT_18 | 1ct | imgs:3
[21:17:29][PRINCESS] [137] ? NIV-FB3A11CA4878F9F3 | BASKET | CONTEMPORARY | CHANNEL | GOLD | KT_18 | 1ct | imgs:3
[21:17:32][PRINCESS] [138] ? NIV-FB3A11CA4878F9F3 | BASKET | CONTEMPORARY | CHANNEL | GOLD | KT_18 | 1ct | imgs:3
[21:17:35][PRINCESS] [139] ? NIV-FB3A11CA4878F9F3 | BASKET | CONTEMPORARY | CHANNEL | GOLD | KT_18 | 1ct | imgs:3
[21:17:38][PRINCESS] [140] ? NIV-C2AE53D38EA665ED | BASKET | CONTEMPORARY | CHANNEL | PLATINUM | PT_950 | 1ct | imgs:3
[21:17:41][PRINCESS] [141] ? NIV-0332585B72BA0BAE | BASKET | CONTEMPORARY | CHANNEL | GOLD | KT_10 | 1ct | imgs:3
[21:17:44][PRINCESS] [142] ? NIV-0332585B72BA0BAE | BASKET | CONTEMPORARY | CHANNEL | GOLD | KT_10 | 1ct | imgs:3
[21:17:50][PRINCESS] [143] ? NIV-0332585B72BA0BAE | BASKET | CONTEMPORARY | CHANNEL | GOLD | KT_10 | 1ct | imgs:3
[21:17:53][PRINCESS] [144] ? NIV-C2F17FB379BB4C38 | BASKET | CONTEMPORARY | CHANNEL | GOLD | KT_10 | 1ct | imgs:3
[21:17:56][PRINCESS] [145] ? NIV-C2F17FB379BB4C38 | BASKET | CONTEMPORARY | CHANNEL | GOLD | KT_10 | 1ct | imgs:3
[21:17:59][PRINCESS] [146] ? NIV-C2F17FB379BB4C38 | BASKET | CONTEMPORARY | CHANNEL | GOLD | KT_10 | 1ct | imgs:3
[21:18:02][PRINCESS] [147] ? NIV-0CC0E445E99EA6CC | BASKET | CONTEMPORARY | CHANNEL | GOLD | KT_10 | 1ct | imgs:3
[21:18:05][PRINCESS] [148] ? NIV-0CC0E445E99EA6CC | BASKET | CONTEMPORARY | CHANNEL | GOLD | KT_10 | 1ct | imgs:3
[21:18:08][PRINCESS] [149] ? NIV-0CC0E445E99EA6CC | BASKET | CONTEMPORARY | CHANNEL | GOLD | KT_10 | 1ct | imgs:3
[21:18:11][PRINCESS] [150] ? NIV-6D1A18C88CD0FEF9 | BASKET | CONTEMPORARY | CHANNEL | GOLD | KT_14 | 1ct | imgs:3
[21:18:14][PRINCESS] [151] ? NIV-6D1A18C88CD0FEF9 | BASKET | CONTEMPORARY | CHANNEL | GOLD | KT_14 | 1ct | imgs:3
[21:18:17][PRINCESS] [152] ? NIV-6D1A18C88CD0FEF9 | BASKET | CONTEMPORARY | CHANNEL | GOLD | KT_14 | 1ct | imgs:3
[21:18:20][PRINCESS] [153] ? NIV-EF2D5FC12B380089 | BASKET | CONTEMPORARY | CHANNEL | GOLD | KT_14 | 1ct | imgs:3
[21:18:23][PRINCESS] [154] ? NIV-EF2D5FC12B380089 | BASKET | CONTEMPORARY | CHANNEL | GOLD | KT_14 | 1ct | imgs:3
[21:18:26][PRINCESS] [155] ? NIV-EF2D5FC12B380089 | BASKET | CONTEMPORARY | CHANNEL | GOLD | KT_14 | 1ct | imgs:3
[21:18:29][PRINCESS] [156] ? NIV-4EC109F99A2A761D | BASKET | CONTEMPORARY | CHANNEL | GOLD | KT_14 | 1ct | imgs:3
[21:18:32][PRINCESS] [157] ? NIV-4EC109F99A2A761D | BASKET | CONTEMPORARY | CHANNEL | GOLD | KT_14 | 1ct | imgs:3
[21:18:35][PRINCESS] [158] ? NIV-4EC109F99A2A761D | BASKET | CONTEMPORARY | CHANNEL | GOLD | KT_14 | 1ct | imgs:3
[21:18:38][PRINCESS] [159] ? NIV-C61705B25055E79E | BASKET | CONTEMPORARY | CHANNEL | GOLD | KT_18 | 1ct | imgs:3
[21:18:41][PRINCESS] [160] ? NIV-C61705B25055E79E | BASKET | CONTEMPORARY | CHANNEL | GOLD | KT_18 | 1ct | imgs:3
[21:18:44][PRINCESS] [161] ? NIV-C61705B25055E79E | BASKET | CONTEMPORARY | CHANNEL | GOLD | KT_18 | 1ct | imgs:3
[21:18:47][PRINCESS] [162] ? NIV-49EC0024A3508344 | BASKET | CONTEMPORARY | CHANNEL | GOLD | KT_18 | 1ct | imgs:3
[21:18:50][PRINCESS] [163] ? NIV-49EC0024A3508344 | BASKET | CONTEMPORARY | CHANNEL | GOLD | KT_18 | 1ct | imgs:3
[21:18:53][PRINCESS] [164] ? NIV-49EC0024A3508344 | BASKET | CONTEMPORARY | CHANNEL | GOLD | KT_18 | 1ct | imgs:3
[21:18:56][PRINCESS] [165] ? NIV-CC33EAEDE1B8A2B5 | BASKET | CONTEMPORARY | CHANNEL | GOLD | KT_18 | 1ct | imgs:3
[21:18:59][PRINCESS] [166] ? NIV-CC33EAEDE1B8A2B5 | BASKET | CONTEMPORARY | CHANNEL | GOLD | KT_18 | 1ct | imgs:3
[21:19:05][PRINCESS] [167] ? NIV-CC33EAEDE1B8A2B5 | BASKET | CONTEMPORARY | CHANNEL | GOLD | KT_18 | 1ct | imgs:3
[21:19:08][PRINCESS] [168] ? NIV-D70B783FFB7EC87A | BASKET | CONTEMPORARY | CHANNEL | PLATINUM | PT_950 | 1ct | imgs:3
[21:19:14][PRINCESS] [169] ? NIV-424AC9F97AC0E8C6 | BASKET | CONTEMPORARY | CHANNEL | GOLD | KT_10 | 1ct | imgs:3
[21:19:17][PRINCESS] [170] ? NIV-424AC9F97AC0E8C6 | BASKET | CONTEMPORARY | CHANNEL | GOLD | KT_10 | 1ct | imgs:3
[21:19:20][PRINCESS] [171] ? NIV-424AC9F97AC0E8C6 | BASKET | CONTEMPORARY | CHANNEL | GOLD | KT_10 | 1ct | imgs:3
[21:19:23][PRINCESS] [172] ? NIV-F7242CB54B010AB5 | BASKET | CONTEMPORARY | CHANNEL | GOLD | KT_10 | 1ct | imgs:1
[21:19:26][PRINCESS] [173] ? NIV-F7242CB54B010AB5 | BASKET | CONTEMPORARY | CHANNEL | GOLD | KT_10 | 1ct | imgs:3
[21:19:32][PRINCESS] [174] ? NIV-F7242CB54B010AB5 | BASKET | CONTEMPORARY | CHANNEL | GOLD | KT_10 | 1ct | imgs:3
[21:19:35][PRINCESS] [175] ? NIV-27FF8B7C79A09324 | BASKET | CONTEMPORARY | CHANNEL | GOLD | KT_10 | 1ct | imgs:3
[21:19:38][PRINCESS] [176] ? NIV-27FF8B7C79A09324 | BASKET | CONTEMPORARY | CHANNEL | GOLD | KT_10 | 1ct | imgs:3
[21:19:41][PRINCESS] [177] ? NIV-27FF8B7C79A09324 | BASKET | CONTEMPORARY | CHANNEL | GOLD | KT_10 | 1ct | imgs:3
[21:19:47][PRINCESS] [178] ? NIV-A7B16E2BB76D8262 | BASKET | CONTEMPORARY | CHANNEL | GOLD | KT_14 | 1ct | imgs:3
[21:19:50][PRINCESS] [179] ? NIV-A7B16E2BB76D8262 | BASKET | CONTEMPORARY | CHANNEL | GOLD | KT_14 | 1ct | imgs:3
[21:19:53][PRINCESS] [180] ? NIV-A7B16E2BB76D8262 | BASKET | CONTEMPORARY | CHANNEL | GOLD | KT_14 | 1ct | imgs:3
[21:19:56][PRINCESS] [181] ? NIV-2FB5BB7B809817CA | BASKET | CONTEMPORARY | CHANNEL | GOLD | KT_14 | 1ct | imgs:3
[21:19:59][PRINCESS] [182] ? NIV-2FB5BB7B809817CA | BASKET | CONTEMPORARY | CHANNEL | GOLD | KT_14 | 1ct | imgs:3
[21:20:05][PRINCESS] [183] ? NIV-2FB5BB7B809817CA | BASKET | CONTEMPORARY | CHANNEL | GOLD | KT_14 | 1ct | imgs:3
[21:20:08][PRINCESS] [184] ? NIV-DDC4424CC79F7F53 | BASKET | CONTEMPORARY | CHANNEL | GOLD | KT_14 | 1ct | imgs:3
[21:20:11][PRINCESS] [185] ? NIV-DDC4424CC79F7F53 | BASKET | CONTEMPORARY | CHANNEL | GOLD | KT_14 | 1ct | imgs:3
[21:20:17][PRINCESS] [186] ? NIV-DDC4424CC79F7F53 | BASKET | CONTEMPORARY | CHANNEL | GOLD | KT_14 | 1ct | imgs:3
[21:20:20][PRINCESS] [187] ? NIV-BDF9039D418A51B7 | BASKET | CONTEMPORARY | CHANNEL | GOLD | KT_18 | 1ct | imgs:3
[21:20:26][PRINCESS] [188] ? NIV-BDF9039D418A51B7 | BASKET | CONTEMPORARY | CHANNEL | GOLD | KT_18 | 1ct | imgs:3
[21:20:29][PRINCESS] [189] ? NIV-BDF9039D418A51B7 | BASKET | CONTEMPORARY | CHANNEL | GOLD | KT_18 | 1ct | imgs:3
[21:20:32][PRINCESS] [190] ? NIV-C1F77F3ACEC9B510 | BASKET | CONTEMPORARY | CHANNEL | GOLD | KT_18 | 1ct | imgs:3
[21:20:35][PRINCESS] [191] ? NIV-C1F77F3ACEC9B510 | BASKET | CONTEMPORARY | CHANNEL | GOLD | KT_18 | 1ct | imgs:3
[21:20:41][PRINCESS] [192] ? NIV-C1F77F3ACEC9B510 | BASKET | CONTEMPORARY | CHANNEL | GOLD | KT_18 | 1ct | imgs:3
[21:20:44][PRINCESS] [193] ? NIV-17838CF53B85EE8D | BASKET | CONTEMPORARY | CHANNEL | GOLD | KT_18 | 1ct | imgs:3
[21:20:47][PRINCESS] [194] ? NIV-17838CF53B85EE8D | BASKET | CONTEMPORARY | CHANNEL | GOLD | KT_18 | 1ct | imgs:3
[21:20:53][PRINCESS] [195] ? NIV-17838CF53B85EE8D | BASKET | CONTEMPORARY | CHANNEL | GOLD | KT_18 | 1ct | imgs:3
[21:20:56][PRINCESS] [196] ? NIV-CBFBD9546C75E808 | BASKET | CONTEMPORARY | CHANNEL | PLATINUM | PT_950 | 1ct | imgs:3
[21:21:11][PRINCESS] [197] ? NIV-09647FF5C96915ED | BASKET | CONTEMPORARY | CHANNEL | GOLD | KT_10 | 1ct | imgs:3
[21:21:17][PRINCESS] [198] ? NIV-09647FF5C96915ED | BASKET | CONTEMPORARY | CHANNEL | GOLD | KT_10 | 1ct | imgs:3
[21:21:20][PRINCESS] [199] ? NIV-09647FF5C96915ED | BASKET | CONTEMPORARY | CHANNEL | GOLD | KT_10 | 1ct | imgs:3
[21:21:23][PRINCESS] [200] ? NIV-35A14E6EF93943F2 | BASKET | CONTEMPORARY | CHANNEL | GOLD | KT_10 | 1ct | imgs:3
[21:21:26][PRINCESS] [201] ? NIV-35A14E6EF93943F2 | BASKET | CONTEMPORARY | CHANNEL | GOLD | KT_10 | 1ct | imgs:3
[21:21:30][PRINCESS] [202] ? NIV-35A14E6EF93943F2 | BASKET | CONTEMPORARY | CHANNEL | GOLD | KT_10 | 1ct | imgs:3
[21:21:32][PRINCESS] [203] ? NIV-B5DAEA16CA2B1BC2 | BASKET | CONTEMPORARY | CHANNEL | GOLD | KT_10 | 1ct | imgs:3
[21:21:35][PRINCESS] [204] ? NIV-B5DAEA16CA2B1BC2 | BASKET | CONTEMPORARY | CHANNEL | GOLD | KT_10 | 1ct | imgs:3
[21:21:41][PRINCESS] [205] ? NIV-B5DAEA16CA2B1BC2 | BASKET | CONTEMPORARY | CHANNEL | GOLD | KT_10 | 1ct | imgs:3
[21:21:44][PRINCESS] [206] ? NIV-703278BF2BE02DA3 | BASKET | CONTEMPORARY | CHANNEL | GOLD | KT_14 | 1ct | imgs:3
[21:21:50][PRINCESS] [207] ? NIV-703278BF2BE02DA3 | BASKET | CONTEMPORARY | CHANNEL | GOLD | KT_14 | 1ct | imgs:3
[21:21:53][PRINCESS] [208] ? NIV-703278BF2BE02DA3 | BASKET | CONTEMPORARY | CHANNEL | GOLD | KT_14 | 1ct | imgs:3
[21:21:56][PRINCESS] [209] ? NIV-96AC49664BEC912B | BASKET | CONTEMPORARY | CHANNEL | GOLD | KT_14 | 1ct | imgs:3
[21:21:59][PRINCESS] [210] ? NIV-96AC49664BEC912B | BASKET | CONTEMPORARY | CHANNEL | GOLD | KT_14 | 1ct | imgs:3
[21:22:02][PRINCESS] [211] ? NIV-96AC49664BEC912B | BASKET | CONTEMPORARY | CHANNEL | GOLD | KT_14 | 1ct | imgs:3
[21:22:05][PRINCESS] [212] ? NIV-63355129AB6FDFC7 | BASKET | CONTEMPORARY | CHANNEL | GOLD | KT_14 | 1ct | imgs:3
[21:22:08][PRINCESS] [213] ? NIV-63355129AB6FDFC7 | BASKET | CONTEMPORARY | CHANNEL | GOLD | KT_14 | 1ct | imgs:3
[21:22:14][PRINCESS] [214] ? NIV-63355129AB6FDFC7 | BASKET | CONTEMPORARY | CHANNEL | GOLD | KT_14 | 1ct | imgs:3
[21:22:17][PRINCESS] [215] ? NIV-175623F9586636C7 | BASKET | CONTEMPORARY | CHANNEL | GOLD | KT_18 | 1ct | imgs:3
[21:22:23][PRINCESS] [216] ? NIV-175623F9586636C7 | BASKET | CONTEMPORARY | CHANNEL | GOLD | KT_18 | 1ct | imgs:3
[21:22:26][PRINCESS] [217] ? NIV-175623F9586636C7 | BASKET | CONTEMPORARY | CHANNEL | GOLD | KT_18 | 1ct | imgs:3
[21:22:29][PRINCESS] [218] ? NIV-97C2CCB06E11F6DB | BASKET | CONTEMPORARY | CHANNEL | GOLD | KT_18 | 1ct | imgs:3
[21:22:32][PRINCESS] [219] ? NIV-97C2CCB06E11F6DB | BASKET | CONTEMPORARY | CHANNEL | GOLD | KT_18 | 1ct | imgs:3
[21:22:35][PRINCESS] [220] ? NIV-97C2CCB06E11F6DB | BASKET | CONTEMPORARY | CHANNEL | GOLD | KT_18 | 1ct | imgs:3
[21:22:38][PRINCESS] [221] ? NIV-E193149D1FFAB1DD | BASKET | CONTEMPORARY | CHANNEL | GOLD | KT_18 | 1ct | imgs:3
[21:22:44][PRINCESS] [222] ? NIV-E193149D1FFAB1DD | BASKET | CONTEMPORARY | CHANNEL | GOLD | KT_18 | 1ct | imgs:3
[21:22:47][PRINCESS] [223] ? NIV-E193149D1FFAB1DD | BASKET | CONTEMPORARY | CHANNEL | GOLD | KT_18 | 1ct | imgs:3
[21:22:50][PRINCESS] [224] ? NIV-8D042A1D982245A9 | BASKET | CONTEMPORARY | CHANNEL | PLATINUM | PT_950 | 1ct | imgs:3
[21:23:00][PRINCESS] [225] ? NIV-6FE7ED3E4A6A708C | BASKET | CONTEMPORARY | CHANNEL | GOLD | KT_10 | 1ct | imgs:1
[21:23:05][PRINCESS] [226] ? NIV-6FE7ED3E4A6A708C | BASKET | CONTEMPORARY | CHANNEL | GOLD | KT_10 | 1ct | imgs:3
[21:23:08][PRINCESS] [227] ? NIV-6FE7ED3E4A6A708C | BASKET | CONTEMPORARY | CHANNEL | GOLD | KT_10 | 1ct | imgs:3
[21:23:11][PRINCESS] [228] ? NIV-C6C5F66AAF67C982 | BASKET | CONTEMPORARY | CHANNEL | GOLD | KT_10 | 1ct | imgs:1
[21:23:17][PRINCESS] [229] ? NIV-C6C5F66AAF67C982 | BASKET | CONTEMPORARY | CHANNEL | GOLD | KT_10 | 1ct | imgs:3
[21:23:21][PRINCESS] [230] ? NIV-C6C5F66AAF67C982 | BASKET | CONTEMPORARY | CHANNEL | GOLD | KT_10 | 1ct | imgs:3
[21:23:28][PRINCESS] [231] ? NIV-A3176D1AE2FC7436 | BASKET | CONTEMPORARY | CHANNEL | GOLD | KT_10 | 1ct | imgs:1
[21:23:32][PRINCESS] [232] ? NIV-A3176D1AE2FC7436 | BASKET | CONTEMPORARY | CHANNEL | GOLD | KT_10 | 1ct | imgs:3
[21:23:35][PRINCESS] [233] ? NIV-A3176D1AE2FC7436 | BASKET | CONTEMPORARY | CHANNEL | GOLD | KT_10 | 1ct | imgs:3
[21:23:46][PRINCESS] [234] ? NIV-98E12286E24C1713 | BASKET | CONTEMPORARY | CHANNEL | GOLD | KT_14 | 1ct | imgs:1
[21:23:50][PRINCESS] [235] ? NIV-98E12286E24C1713 | BASKET | CONTEMPORARY | CHANNEL | GOLD | KT_14 | 1ct | imgs:3
[21:23:56][PRINCESS] [236] ? NIV-98E12286E24C1713 | BASKET | CONTEMPORARY | CHANNEL | GOLD | KT_14 | 1ct | imgs:3
[21:24:03][PRINCESS] [237] ? NIV-1224E0ED53536EFF | BASKET | CONTEMPORARY | CHANNEL | GOLD | KT_14 | 1ct | imgs:1
[21:24:08][PRINCESS] [238] ? NIV-1224E0ED53536EFF | BASKET | CONTEMPORARY | CHANNEL | GOLD | KT_14 | 1ct | imgs:3
[21:24:11][PRINCESS] [239] ? NIV-1224E0ED53536EFF | BASKET | CONTEMPORARY | CHANNEL | GOLD | KT_14 | 1ct | imgs:3
[21:24:14][PRINCESS] [240] ? NIV-5E65866A8FAEC310 | BASKET | CONTEMPORARY | CHANNEL | GOLD | KT_14 | 1ct | imgs:3
[21:24:17][PRINCESS] [241] ? NIV-5E65866A8FAEC310 | BASKET | CONTEMPORARY | CHANNEL | GOLD | KT_14 | 1ct | imgs:3
[21:24:23][PRINCESS] [242] ? NIV-5E65866A8FAEC310 | BASKET | CONTEMPORARY | CHANNEL | GOLD | KT_14 | 1ct | imgs:3
[21:24:26][PRINCESS] [243] ? NIV-076B8FC848B76C01 | BASKET | CONTEMPORARY | CHANNEL | GOLD | KT_18 | 1ct | imgs:3
[21:24:30][PRINCESS] [244] ? NIV-076B8FC848B76C01 | BASKET | CONTEMPORARY | CHANNEL | GOLD | KT_18 | 1ct | imgs:3
[21:24:35][PRINCESS] [245] ? NIV-076B8FC848B76C01 | BASKET | CONTEMPORARY | CHANNEL | GOLD | KT_18 | 1ct | imgs:3
[21:24:38][PRINCESS] [246] ? NIV-5EB509710516131E | BASKET | CONTEMPORARY | CHANNEL | GOLD | KT_18 | 1ct | imgs:3
[21:24:41][PRINCESS] [247] ? NIV-5EB509710516131E | BASKET | CONTEMPORARY | CHANNEL | GOLD | KT_18 | 1ct | imgs:3
[21:24:44][PRINCESS] [248] ? NIV-5EB509710516131E | BASKET | CONTEMPORARY | CHANNEL | GOLD | KT_18 | 1ct | imgs:3
[21:24:47][PRINCESS] [249] ? NIV-9350E85FED8943F0 | BASKET | CONTEMPORARY | CHANNEL | GOLD | KT_18 | 1ct | imgs:3
[21:24:50][PRINCESS] [250] ? NIV-9350E85FED8943F0 | BASKET | CONTEMPORARY | CHANNEL | GOLD | KT_18 | 1ct | imgs:3
[21:24:53][PRINCESS] [251] ? NIV-9350E85FED8943F0 | BASKET | CONTEMPORARY | CHANNEL | GOLD | KT_18 | 1ct | imgs:3
[21:24:56][PRINCESS] [252] ? NIV-9521EAA68FF62720 | BASKET | CONTEMPORARY | CHANNEL | PLATINUM | PT_950 | 1ct | imgs:3
[21:25:02][PRINCESS] [253] ? NIV-8D9A2D10B0927D1A | BASKET | CONTEMPORARY | CHANNEL | GOLD | KT_10 | 1ct | imgs:3
[21:25:05][PRINCESS] [254] ? NIV-8D9A2D10B0927D1A | BASKET | CONTEMPORARY | CHANNEL | GOLD | KT_10 | 1ct | imgs:3
[21:25:11][PRINCESS] [255] ? NIV-8D9A2D10B0927D1A | BASKET | CONTEMPORARY | CHANNEL | GOLD | KT_10 | 1ct | imgs:3
[21:25:14][PRINCESS] [256] ? NIV-3B466790F80A1A1F | BASKET | CONTEMPORARY | CHANNEL | GOLD | KT_10 | 1ct | imgs:3
[21:25:17][PRINCESS] [257] ? NIV-3B466790F80A1A1F | BASKET | CONTEMPORARY | CHANNEL | GOLD | KT_10 | 1ct | imgs:3
[21:25:23][PRINCESS] [258] ? NIV-3B466790F80A1A1F | BASKET | CONTEMPORARY | CHANNEL | GOLD | KT_10 | 1ct | imgs:3
[21:25:26][PRINCESS] [259] ? NIV-492B8818FDEC6C6D | BASKET | CONTEMPORARY | CHANNEL | GOLD | KT_10 | 1ct | imgs:3
[21:25:29][PRINCESS] [260] ? NIV-492B8818FDEC6C6D | BASKET | CONTEMPORARY | CHANNEL | GOLD | KT_10 | 1ct | imgs:3
[21:25:35][PRINCESS] [261] ? NIV-492B8818FDEC6C6D | BASKET | CONTEMPORARY | CHANNEL | GOLD | KT_10 | 1ct | imgs:3
[21:25:38][PRINCESS] [262] ? NIV-BE5C4A67CA3161D6 | BASKET | CONTEMPORARY | CHANNEL | GOLD | KT_14 | 1ct | imgs:3
[21:25:41][PRINCESS] [263] ? NIV-BE5C4A67CA3161D6 | BASKET | CONTEMPORARY | CHANNEL | GOLD | KT_14 | 1ct | imgs:3
[21:25:47][PRINCESS] [264] ? NIV-BE5C4A67CA3161D6 | BASKET | CONTEMPORARY | CHANNEL | GOLD | KT_14 | 1ct | imgs:3
[21:25:50][PRINCESS] [265] ? NIV-8C2E84F105D33627 | BASKET | CONTEMPORARY | CHANNEL | GOLD | KT_14 | 1ct | imgs:3
[21:25:53][PRINCESS] [266] ? NIV-8C2E84F105D33627 | BASKET | CONTEMPORARY | CHANNEL | GOLD | KT_14 | 1ct | imgs:3
[21:25:59][PRINCESS] [267] ? NIV-8C2E84F105D33627 | BASKET | CONTEMPORARY | CHANNEL | GOLD | KT_14 | 1ct | imgs:3
[21:26:02][PRINCESS] [268] ? NIV-953872235E74EC24 | BASKET | CONTEMPORARY | CHANNEL | GOLD | KT_14 | 1ct | imgs:3
[21:26:08][PRINCESS] [269] ? NIV-953872235E74EC24 | BASKET | CONTEMPORARY | CHANNEL | GOLD | KT_14 | 1ct | imgs:3
[21:26:14][PRINCESS] [270] ? NIV-953872235E74EC24 | BASKET | CONTEMPORARY | CHANNEL | GOLD | KT_14 | 1ct | imgs:3
[21:26:17][PRINCESS] [271] ? NIV-C93FAD129CE08831 | BASKET | CONTEMPORARY | CHANNEL | GOLD | KT_18 | 1ct | imgs:2
[21:26:23][PRINCESS] [272] ? NIV-C93FAD129CE08831 | BASKET | CONTEMPORARY | CHANNEL | GOLD | KT_18 | 1ct | imgs:3
[21:26:26][PRINCESS] [273] ? NIV-C93FAD129CE08831 | BASKET | CONTEMPORARY | CHANNEL | GOLD | KT_18 | 1ct | imgs:3
[21:26:29][PRINCESS] [274] ? NIV-1BCD309091255C39 | BASKET | CONTEMPORARY | CHANNEL | GOLD | KT_18 | 1ct | imgs:3
[21:26:32][PRINCESS] [275] ? NIV-1BCD309091255C39 | BASKET | CONTEMPORARY | CHANNEL | GOLD | KT_18 | 1ct | imgs:3
[21:26:35][PRINCESS] [276] ? NIV-1BCD309091255C39 | BASKET | CONTEMPORARY | CHANNEL | GOLD | KT_18 | 1ct | imgs:3
[21:26:38][PRINCESS] [277] ? NIV-ED87C96A62D9C65B | BASKET | CONTEMPORARY | CHANNEL | GOLD | KT_18 | 1ct | imgs:3
[21:26:41][PRINCESS] [278] ? NIV-ED87C96A62D9C65B | BASKET | CONTEMPORARY | CHANNEL | GOLD | KT_18 | 1ct | imgs:3
[21:26:47][PRINCESS] [279] ? NIV-ED87C96A62D9C65B | BASKET | CONTEMPORARY | CHANNEL | GOLD | KT_18 | 1ct | imgs:3
[21:26:50][PRINCESS] [280] ? NIV-AF4BB359EBFBE287 | BASKET | CONTEMPORARY | CHANNEL | PLATINUM | PT_950 | 1ct | imgs:3
[21:26:59][PRINCESS] [281] ? NIV-0180CE310F44E86B | BASKET | CONTEMPORARY | CHANNEL | GOLD | KT_10 | 1ct | imgs:3
[21:27:02][PRINCESS] [282] ? NIV-0180CE310F44E86B | BASKET | CONTEMPORARY | CHANNEL | GOLD | KT_10 | 1ct | imgs:3
[21:27:08][PRINCESS] [283] ? NIV-0180CE310F44E86B | BASKET | CONTEMPORARY | CHANNEL | GOLD | KT_10 | 1ct | imgs:3
[21:27:13][PRINCESS] [284] ? NIV-5DF5791F336E3069 | BASKET | CONTEMPORARY | CHANNEL | GOLD | KT_10 | 1ct | imgs:1
[21:27:17][PRINCESS] [285] ? NIV-5DF5791F336E3069 | BASKET | CONTEMPORARY | CHANNEL | GOLD | KT_10 | 1ct | imgs:3
[21:27:20][PRINCESS] [286] ? NIV-5DF5791F336E3069 | BASKET | CONTEMPORARY | CHANNEL | GOLD | KT_10 | 1ct | imgs:3
[21:27:23][PRINCESS] [287] ? NIV-B63EF98A98DC1894 | BASKET | CONTEMPORARY | CHANNEL | GOLD | KT_10 | 1ct | imgs:3
[21:27:27][PRINCESS] [288] ? NIV-B63EF98A98DC1894 | BASKET | CONTEMPORARY | CHANNEL | GOLD | KT_10 | 1ct | imgs:3
[21:27:32][PRINCESS] [289] ? NIV-B63EF98A98DC1894 | BASKET | CONTEMPORARY | CHANNEL | GOLD | KT_10 | 1ct | imgs:3
[21:27:35][PRINCESS] [290] ? NIV-A1E02C061ABFA0BA | BASKET | CONTEMPORARY | CHANNEL | GOLD | KT_14 | 1ct | imgs:3
[21:27:38][PRINCESS] [291] ? NIV-A1E02C061ABFA0BA | BASKET | CONTEMPORARY | CHANNEL | GOLD | KT_14 | 1ct | imgs:3
[21:27:44][PRINCESS] [292] ? NIV-A1E02C061ABFA0BA | BASKET | CONTEMPORARY | CHANNEL | GOLD | KT_14 | 1ct | imgs:3
[21:27:47][PRINCESS] [293] ? NIV-736B74A077D52730 | BASKET | CONTEMPORARY | CHANNEL | GOLD | KT_14 | 1ct | imgs:3
[21:27:50][PRINCESS] [294] ? NIV-736B74A077D52730 | BASKET | CONTEMPORARY | CHANNEL | GOLD | KT_14 | 1ct | imgs:3
[21:27:56][PRINCESS] [295] ? NIV-736B74A077D52730 | BASKET | CONTEMPORARY | CHANNEL | GOLD | KT_14 | 1ct | imgs:3
[21:27:59][PRINCESS] [296] ? NIV-8BAE242EE57C870E | BASKET | CONTEMPORARY | CHANNEL | GOLD | KT_14 | 1ct | imgs:3
[21:28:02][PRINCESS] [297] ? NIV-8BAE242EE57C870E | BASKET | CONTEMPORARY | CHANNEL | GOLD | KT_14 | 1ct | imgs:3
[21:28:08][PRINCESS] [298] ? NIV-8BAE242EE57C870E | BASKET | CONTEMPORARY | CHANNEL | GOLD | KT_14 | 1ct | imgs:3
[21:28:11][PRINCESS] [299] ? NIV-98E6AFADE4065597 | BASKET | CONTEMPORARY | CHANNEL | GOLD | KT_18 | 1ct | imgs:3
[21:28:14][PRINCESS] [300] ? NIV-98E6AFADE4065597 | BASKET | CONTEMPORARY | CHANNEL | GOLD | KT_18 | 1ct | imgs:3
[21:28:20][PRINCESS] [301] ? NIV-98E6AFADE4065597 | BASKET | CONTEMPORARY | CHANNEL | GOLD | KT_18 | 1ct | imgs:3
[21:28:23][PRINCESS] [302] ? NIV-4B24D8227F96D50F | BASKET | CONTEMPORARY | CHANNEL | GOLD | KT_18 | 1ct | imgs:3
[21:28:26][PRINCESS] [303] ? NIV-4B24D8227F96D50F | BASKET | CONTEMPORARY | CHANNEL | GOLD | KT_18 | 1ct | imgs:3
[21:28:32][PRINCESS] [304] ? NIV-4B24D8227F96D50F | BASKET | CONTEMPORARY | CHANNEL | GOLD | KT_18 | 1ct | imgs:3
[21:28:35][PRINCESS] [305] ? NIV-0A49EAADDD833EA5 | BASKET | CONTEMPORARY | CHANNEL | GOLD | KT_18 | 1ct | imgs:3
[21:28:38][PRINCESS] [306] ? NIV-0A49EAADDD833EA5 | BASKET | CONTEMPORARY | CHANNEL | GOLD | KT_18 | 1ct | imgs:3
[21:28:44][PRINCESS] [307] ? NIV-0A49EAADDD833EA5 | BASKET | CONTEMPORARY | CHANNEL | GOLD | KT_18 | 1ct | imgs:3
[21:28:47][PRINCESS] [308] ? NIV-B12D0070240FAB7E | BASKET | CONTEMPORARY | CHANNEL | PLATINUM | PT_950 | 1ct | imgs:3
[21:28:50][PRINCESS] [309] ? NIV-3BD53BC352310864 | BASKET | CONTEMPORARY | CHANNEL | GOLD | KT_10 | 1ct | imgs:3
[21:28:56][PRINCESS] [310] ? NIV-3BD53BC352310864 | BASKET | CONTEMPORARY | CHANNEL | GOLD | KT_10 | 1ct | imgs:3
[21:29:02][PRINCESS] [311] ? NIV-3BD53BC352310864 | BASKET | CONTEMPORARY | CHANNEL | GOLD | KT_10 | 1ct | imgs:3
[21:29:05][PRINCESS] [312] ? NIV-DEED73A06A8A5FFC | BASKET | CONTEMPORARY | CHANNEL | GOLD | KT_10 | 1ct | imgs:3
[21:29:08][PRINCESS] [313] ? NIV-DEED73A06A8A5FFC | BASKET | CONTEMPORARY | CHANNEL | GOLD | KT_10 | 1ct | imgs:3
[21:29:11][PRINCESS] [314] ? NIV-DEED73A06A8A5FFC | BASKET | CONTEMPORARY | CHANNEL | GOLD | KT_10 | 1ct | imgs:3
[21:29:15][PRINCESS] [315] ? NIV-2DCB4C6431189A1E | BASKET | CONTEMPORARY | CHANNEL | GOLD | KT_10 | 1ct | imgs:3
[21:29:20][PRINCESS] [316] ? NIV-2DCB4C6431189A1E | BASKET | CONTEMPORARY | CHANNEL | GOLD | KT_10 | 1ct | imgs:3
[21:29:26][PRINCESS] [317] ? NIV-2DCB4C6431189A1E | BASKET | CONTEMPORARY | CHANNEL | GOLD | KT_10 | 1ct | imgs:3
[21:29:29][PRINCESS] [318] ? NIV-5836A81E4D177B42 | BASKET | CONTEMPORARY | CHANNEL | GOLD | KT_14 | 1ct | imgs:3
[21:29:32][PRINCESS] [319] ? NIV-5836A81E4D177B42 | BASKET | CONTEMPORARY | CHANNEL | GOLD | KT_14 | 1ct | imgs:3
[21:29:38][PRINCESS] [320] ? NIV-5836A81E4D177B42 | BASKET | CONTEMPORARY | CHANNEL | GOLD | KT_14 | 1ct | imgs:3
[21:29:41][PRINCESS] [321] ? NIV-EA7F9624845F79F4 | BASKET | CONTEMPORARY | CHANNEL | GOLD | KT_14 | 1ct | imgs:3
[21:29:47][PRINCESS] [322] ? NIV-EA7F9624845F79F4 | BASKET | CONTEMPORARY | CHANNEL | GOLD | KT_14 | 1ct | imgs:3
[21:29:50][PRINCESS] [323] ? NIV-EA7F9624845F79F4 | BASKET | CONTEMPORARY | CHANNEL | GOLD | KT_14 | 1ct | imgs:3
[21:29:53][PRINCESS] [324] ? NIV-7EDC1C07D4FE26C6 | BASKET | CONTEMPORARY | CHANNEL | GOLD | KT_14 | 1ct | imgs:3
[21:29:56][PRINCESS] [325] ? NIV-7EDC1C07D4FE26C6 | BASKET | CONTEMPORARY | CHANNEL | GOLD | KT_14 | 1ct | imgs:3
[21:30:02][PRINCESS] [326] ? NIV-7EDC1C07D4FE26C6 | BASKET | CONTEMPORARY | CHANNEL | GOLD | KT_14 | 1ct | imgs:3
[21:30:05][PRINCESS] [327] ? NIV-3DF8EAC380424819 | BASKET | CONTEMPORARY | CHANNEL | GOLD | KT_18 | 1ct | imgs:3
[21:30:08][PRINCESS] [328] ? NIV-3DF8EAC380424819 | BASKET | CONTEMPORARY | CHANNEL | GOLD | KT_18 | 1ct | imgs:3
[21:30:11][PRINCESS] [329] ? NIV-3DF8EAC380424819 | BASKET | CONTEMPORARY | CHANNEL | GOLD | KT_18 | 1ct | imgs:3
[21:30:14][PRINCESS] [330] ? NIV-51BE42A24520AED9 | BASKET | CONTEMPORARY | CHANNEL | GOLD | KT_18 | 1ct | imgs:3
[21:30:17][PRINCESS] [331] ? NIV-51BE42A24520AED9 | BASKET | CONTEMPORARY | CHANNEL | GOLD | KT_18 | 1ct | imgs:3
[21:30:23][PRINCESS] [332] ? NIV-51BE42A24520AED9 | BASKET | CONTEMPORARY | CHANNEL | GOLD | KT_18 | 1ct | imgs:3
[21:30:26][PRINCESS] [333] ? NIV-3BF47CF675FFEDD3 | BASKET | CONTEMPORARY | CHANNEL | GOLD | KT_18 | 1ct | imgs:3
[21:30:29][PRINCESS] [334] ? NIV-3BF47CF675FFEDD3 | BASKET | CONTEMPORARY | CHANNEL | GOLD | KT_18 | 1ct | imgs:3
[21:30:32][PRINCESS] [335] ? NIV-3BF47CF675FFEDD3 | BASKET | CONTEMPORARY | CHANNEL | GOLD | KT_18 | 1ct | imgs:3
[21:30:35][PRINCESS] [336] ? NIV-ACBFD7B662FF63A6 | BASKET | CONTEMPORARY | CHANNEL | PLATINUM | PT_950 | 1ct | imgs:3
[21:30:41][PRINCESS] [337] ? NIV-16DC8E856597545C | BASKET | CONTEMPORARY | CHANNEL | GOLD | KT_10 | 1ct | imgs:3
[21:30:44][PRINCESS] [338] ? NIV-16DC8E856597545C | BASKET | CONTEMPORARY | CHANNEL | GOLD | KT_10 | 1ct | imgs:3
[21:30:50][PRINCESS] [339] ? NIV-16DC8E856597545C | BASKET | CONTEMPORARY | CHANNEL | GOLD | KT_10 | 1ct | imgs:3
[21:30:53][PRINCESS] [340] ? NIV-2E3855B7C8D1D60B | BASKET | CONTEMPORARY | CHANNEL | GOLD | KT_10 | 1ct | imgs:3
[21:30:59][PRINCESS] [341] ? NIV-2E3855B7C8D1D60B | BASKET | CONTEMPORARY | CHANNEL | GOLD | KT_10 | 1ct | imgs:3
[21:31:05][PRINCESS] [342] ? NIV-2E3855B7C8D1D60B | BASKET | CONTEMPORARY | CHANNEL | GOLD | KT_10 | 1ct | imgs:3
[21:31:08][PRINCESS] [343] ? NIV-DFD6FA02AF93DC66 | BASKET | CONTEMPORARY | CHANNEL | GOLD | KT_10 | 1ct | imgs:3
[21:31:11][PRINCESS] [344] ? NIV-DFD6FA02AF93DC66 | BASKET | CONTEMPORARY | CHANNEL | GOLD | KT_10 | 1ct | imgs:3
[21:31:17][PRINCESS] [345] ? NIV-DFD6FA02AF93DC66 | BASKET | CONTEMPORARY | CHANNEL | GOLD | KT_10 | 1ct | imgs:3
[21:31:20][PRINCESS] [346] ? NIV-EBD79D40C3909F3B | BASKET | CONTEMPORARY | CHANNEL | GOLD | KT_14 | 1ct | imgs:3
[21:31:26][PRINCESS] [347] ? NIV-EBD79D40C3909F3B | BASKET | CONTEMPORARY | CHANNEL | GOLD | KT_14 | 1ct | imgs:3
[21:31:29][PRINCESS] [348] ? NIV-EBD79D40C3909F3B | BASKET | CONTEMPORARY | CHANNEL | GOLD | KT_14 | 1ct | imgs:3
[21:31:32][PRINCESS] [349] ? NIV-FB82834DDC561EA5 | BASKET | CONTEMPORARY | CHANNEL | GOLD | KT_14 | 1ct | imgs:3
[21:31:35][PRINCESS] [350] ? NIV-FB82834DDC561EA5 | BASKET | CONTEMPORARY | CHANNEL | GOLD | KT_14 | 1ct | imgs:3
[21:31:38][PRINCESS] [351] ? NIV-FB82834DDC561EA5 | BASKET | CONTEMPORARY | CHANNEL | GOLD | KT_14 | 1ct | imgs:3
[21:31:41][PRINCESS] [352] ? NIV-1D3E0176596084DE | BASKET | CONTEMPORARY | CHANNEL | GOLD | KT_14 | 1ct | imgs:3
[21:31:44][PRINCESS] [353] ? NIV-1D3E0176596084DE | BASKET | CONTEMPORARY | CHANNEL | GOLD | KT_14 | 1ct | imgs:3
[21:31:47][PRINCESS] [354] ? NIV-1D3E0176596084DE | BASKET | CONTEMPORARY | CHANNEL | GOLD | KT_14 | 1ct | imgs:3
[21:31:51][PRINCESS] [355] ? NIV-FD74592339C7C2E5 | BASKET | CONTEMPORARY | CHANNEL | GOLD | KT_18 | 1ct | imgs:1
[21:31:56][PRINCESS] [356] ? NIV-FD74592339C7C2E5 | BASKET | CONTEMPORARY | CHANNEL | GOLD | KT_18 | 1ct | imgs:3
[21:31:59][PRINCESS] [357] ? NIV-FD74592339C7C2E5 | BASKET | CONTEMPORARY | CHANNEL | GOLD | KT_18 | 1ct | imgs:3
[21:32:02][PRINCESS] [358] ? NIV-550FCF199FE6A0B5 | BASKET | CONTEMPORARY | CHANNEL | GOLD | KT_18 | 1ct | imgs:3
[21:32:08][PRINCESS] [359] ? NIV-550FCF199FE6A0B5 | BASKET | CONTEMPORARY | CHANNEL | GOLD | KT_18 | 1ct | imgs:3
[21:32:11][PRINCESS] [360] ? NIV-550FCF199FE6A0B5 | BASKET | CONTEMPORARY | CHANNEL | GOLD | KT_18 | 1ct | imgs:3
[21:32:14][PRINCESS] [361] ? NIV-6E583FC05A58F6F6 | BASKET | CONTEMPORARY | CHANNEL | GOLD | KT_18 | 1ct | imgs:3
[21:32:20][PRINCESS] [362] ? NIV-6E583FC05A58F6F6 | BASKET | CONTEMPORARY | CHANNEL | GOLD | KT_18 | 1ct | imgs:3
[21:32:26][PRINCESS] [363] ? NIV-6E583FC05A58F6F6 | BASKET | CONTEMPORARY | CHANNEL | GOLD | KT_18 | 1ct | imgs:3
[21:32:29][PRINCESS] [364] ? NIV-AE0B9E78E8153755 | BASKET | CONTEMPORARY | CHANNEL | PLATINUM | PT_950 | 1ct | imgs:3
[21:32:35][PRINCESS] [365] ? NIV-3118CE41D663B288 | BASKET | CONTEMPORARY | CHANNEL | GOLD | KT_10 | 1ct | imgs:3
[21:32:38][PRINCESS] [366] ? NIV-3118CE41D663B288 | BASKET | CONTEMPORARY | CHANNEL | GOLD | KT_10 | 1ct | imgs:3
[21:32:41][PRINCESS] [367] ? NIV-3118CE41D663B288 | BASKET | CONTEMPORARY | CHANNEL | GOLD | KT_10 | 1ct | imgs:3
[21:32:44][PRINCESS] [368] ? NIV-A9B1A093EF992A29 | BASKET | CONTEMPORARY | CHANNEL | GOLD | KT_10 | 1ct | imgs:3
[21:32:47][PRINCESS] [369] ? NIV-A9B1A093EF992A29 | BASKET | CONTEMPORARY | CHANNEL | GOLD | KT_10 | 1ct | imgs:3
[21:32:50][PRINCESS] [370] ? NIV-A9B1A093EF992A29 | BASKET | CONTEMPORARY | CHANNEL | GOLD | KT_10 | 1ct | imgs:3
[21:32:53][PRINCESS] [371] ? NIV-BC60DADBE86FF36A | BASKET | CONTEMPORARY | CHANNEL | GOLD | KT_10 | 1ct | imgs:3
[21:32:56][PRINCESS] [372] ? NIV-BC60DADBE86FF36A | BASKET | CONTEMPORARY | CHANNEL | GOLD | KT_10 | 1ct | imgs:3
[21:33:02][PRINCESS] [373] ? NIV-BC60DADBE86FF36A | BASKET | CONTEMPORARY | CHANNEL | GOLD | KT_10 | 1ct | imgs:3
[21:33:06][PRINCESS] [374] ? NIV-57BF6BF023A65BAB | BASKET | CONTEMPORARY | CHANNEL | GOLD | KT_14 | 1ct | imgs:3
[21:33:11][PRINCESS] [375] ? NIV-57BF6BF023A65BAB | BASKET | CONTEMPORARY | CHANNEL | GOLD | KT_14 | 1ct | imgs:3
[21:33:14][PRINCESS] [376] ? NIV-57BF6BF023A65BAB | BASKET | CONTEMPORARY | CHANNEL | GOLD | KT_14 | 1ct | imgs:3
[21:33:17][PRINCESS] [377] ? NIV-892B572D3B098C9C | BASKET | CONTEMPORARY | CHANNEL | GOLD | KT_14 | 1ct | imgs:1
[21:33:23][PRINCESS] [378] ? NIV-892B572D3B098C9C | BASKET | CONTEMPORARY | CHANNEL | GOLD | KT_14 | 1ct | imgs:3
[21:33:29][PRINCESS] [379] ? NIV-892B572D3B098C9C | BASKET | CONTEMPORARY | CHANNEL | GOLD | KT_14 | 1ct | imgs:3
[21:33:32][PRINCESS] [380] ? NIV-BE55670354FD7A95 | BASKET | CONTEMPORARY | CHANNEL | GOLD | KT_14 | 1ct | imgs:3
[21:33:35][PRINCESS] [381] ? NIV-BE55670354FD7A95 | BASKET | CONTEMPORARY | CHANNEL | GOLD | KT_14 | 1ct | imgs:3
[21:33:41][PRINCESS] [382] ? NIV-BE55670354FD7A95 | BASKET | CONTEMPORARY | CHANNEL | GOLD | KT_14 | 1ct | imgs:3
[21:33:44][PRINCESS] [383] ? NIV-232424F7C6C23D02 | BASKET | CONTEMPORARY | CHANNEL | GOLD | KT_18 | 1ct | imgs:3
[21:33:47][PRINCESS] [384] ? NIV-232424F7C6C23D02 | BASKET | CONTEMPORARY | CHANNEL | GOLD | KT_18 | 1ct | imgs:3
[21:33:53][PRINCESS] [385] ? NIV-232424F7C6C23D02 | BASKET | CONTEMPORARY | CHANNEL | GOLD | KT_18 | 1ct | imgs:3
[21:33:56][PRINCESS] [386] ? NIV-684629A5362CAF63 | BASKET | CONTEMPORARY | CHANNEL | GOLD | KT_18 | 1ct | imgs:3
[21:33:59][PRINCESS] [387] ? NIV-684629A5362CAF63 | BASKET | CONTEMPORARY | CHANNEL | GOLD | KT_18 | 1ct | imgs:3
[21:34:05][PRINCESS] [388] ? NIV-684629A5362CAF63 | BASKET | CONTEMPORARY | CHANNEL | GOLD | KT_18 | 1ct | imgs:3
[21:34:08][PRINCESS] [389] ? NIV-E5C0DE1D6209B3C3 | BASKET | CONTEMPORARY | CHANNEL | GOLD | KT_18 | 1ct | imgs:3
[21:34:11][PRINCESS] [390] ? NIV-E5C0DE1D6209B3C3 | BASKET | CONTEMPORARY | CHANNEL | GOLD | KT_18 | 1ct | imgs:3
[21:34:17][PRINCESS] [391] ? NIV-E5C0DE1D6209B3C3 | BASKET | CONTEMPORARY | CHANNEL | GOLD | KT_18 | 1ct | imgs:3
[21:34:20][PRINCESS] [392] ? NIV-2BC565B4B22FC3DF | BASKET | CONTEMPORARY | CHANNEL | PLATINUM | PT_950 | 1ct | imgs:3
[21:34:26][PRINCESS] [393] ? NIV-091C7B5459DA4ED2 | BASKET | CONTEMPORARY | CHANNEL | GOLD | KT_10 | 1ct | imgs:3
[21:34:29][PRINCESS] [394] ? NIV-091C7B5459DA4ED2 | BASKET | CONTEMPORARY | CHANNEL | GOLD | KT_10 | 1ct | imgs:3
[21:34:32][PRINCESS] [395] ? NIV-091C7B5459DA4ED2 | BASKET | CONTEMPORARY | CHANNEL | GOLD | KT_10 | 1ct | imgs:3
[21:34:35][PRINCESS] [396] ? NIV-75179D0DF0803640 | BASKET | CONTEMPORARY | CHANNEL | GOLD | KT_10 | 1ct | imgs:3
[21:34:38][PRINCESS] [397] ? NIV-75179D0DF0803640 | BASKET | CONTEMPORARY | CHANNEL | GOLD | KT_10 | 1ct | imgs:3
[21:34:41][PRINCESS] [398] ? NIV-75179D0DF0803640 | BASKET | CONTEMPORARY | CHANNEL | GOLD | KT_10 | 1ct | imgs:3
[21:34:44][PRINCESS] [399] ? NIV-5B77841741A45541 | BASKET | CONTEMPORARY | CHANNEL | GOLD | KT_10 | 1ct | imgs:3
[21:34:47][PRINCESS] [400] ? NIV-5B77841741A45541 | BASKET | CONTEMPORARY | CHANNEL | GOLD | KT_10 | 1ct | imgs:3
[21:34:50][PRINCESS] [401] ? NIV-5B77841741A45541 | BASKET | CONTEMPORARY | CHANNEL | GOLD | KT_10 | 1ct | imgs:3
[21:34:53][PRINCESS] [402] ? NIV-F33C9DA415F15315 | BASKET | CONTEMPORARY | CHANNEL | GOLD | KT_14 | 1ct | imgs:3
[21:34:56][PRINCESS] [403] ? NIV-F33C9DA415F15315 | BASKET | CONTEMPORARY | CHANNEL | GOLD | KT_14 | 1ct | imgs:3
[21:35:02][PRINCESS] [404] ? NIV-F33C9DA415F15315 | BASKET | CONTEMPORARY | CHANNEL | GOLD | KT_14 | 1ct | imgs:3
[21:35:05][PRINCESS] [405] ? NIV-B5D6D79DA8D978AA | BASKET | CONTEMPORARY | CHANNEL | GOLD | KT_14 | 1ct | imgs:3
[21:35:08][PRINCESS] [406] ? NIV-B5D6D79DA8D978AA | BASKET | CONTEMPORARY | CHANNEL | GOLD | KT_14 | 1ct | imgs:3
[21:35:14][PRINCESS] [407] ? NIV-B5D6D79DA8D978AA | BASKET | CONTEMPORARY | CHANNEL | GOLD | KT_14 | 1ct | imgs:3
[21:35:17][PRINCESS] [408] ? NIV-046A78A1B6E4ED2C | BASKET | CONTEMPORARY | CHANNEL | GOLD | KT_14 | 1ct | imgs:3
[21:35:20][PRINCESS] [409] ? NIV-046A78A1B6E4ED2C | BASKET | CONTEMPORARY | CHANNEL | GOLD | KT_14 | 1ct | imgs:3
[21:35:26][PRINCESS] [410] ? NIV-046A78A1B6E4ED2C | BASKET | CONTEMPORARY | CHANNEL | GOLD | KT_14 | 1ct | imgs:3
[21:35:29][PRINCESS] [411] ? NIV-0B7EFFEA6742E7F6 | BASKET | CONTEMPORARY | CHANNEL | GOLD | KT_18 | 1ct | imgs:3
[21:35:32][PRINCESS] [412] ? NIV-0B7EFFEA6742E7F6 | BASKET | CONTEMPORARY | CHANNEL | GOLD | KT_18 | 1ct | imgs:3
[21:35:38][PRINCESS] [413] ? NIV-0B7EFFEA6742E7F6 | BASKET | CONTEMPORARY | CHANNEL | GOLD | KT_18 | 1ct | imgs:3
[21:35:41][PRINCESS] [414] ? NIV-15445FE54918D78B | BASKET | CONTEMPORARY | CHANNEL | GOLD | KT_18 | 1ct | imgs:1
[21:35:44][PRINCESS] [415] ? NIV-15445FE54918D78B | BASKET | CONTEMPORARY | CHANNEL | GOLD | KT_18 | 1ct | imgs:3
[21:35:50][PRINCESS] [416] ? NIV-15445FE54918D78B | BASKET | CONTEMPORARY | CHANNEL | GOLD | KT_18 | 1ct | imgs:3
[21:35:53][PRINCESS] [417] ? NIV-D3C1BE81FDE5905D | BASKET | CONTEMPORARY | CHANNEL | GOLD | KT_18 | 1ct | imgs:3
[21:35:56][PRINCESS] [418] ? NIV-D3C1BE81FDE5905D | BASKET | CONTEMPORARY | CHANNEL | GOLD | KT_18 | 1ct | imgs:3
[21:35:59][PRINCESS] [419] ? NIV-D3C1BE81FDE5905D | BASKET | CONTEMPORARY | CHANNEL | GOLD | KT_18 | 1ct | imgs:3
[21:36:02][PRINCESS] [420] ? NIV-948928D6C55B1FE6 | BASKET | CONTEMPORARY | CHANNEL | PLATINUM | PT_950 | 1ct | imgs:3
[21:36:08][PRINCESS] [421] ? NIV-B834B9D31037D7AD | BASKET | CONTEMPORARY | CHANNEL | GOLD | KT_10 | 1ct | imgs:3
[21:36:11][PRINCESS] [422] ? NIV-B834B9D31037D7AD | BASKET | CONTEMPORARY | CHANNEL | GOLD | KT_10 | 1ct | imgs:3
[21:36:17][PRINCESS] [423] ? NIV-B834B9D31037D7AD | BASKET | CONTEMPORARY | CHANNEL | GOLD | KT_10 | 1ct | imgs:3
[21:36:20][PRINCESS] [424] ? NIV-77E9B4CD694E64CB | BASKET | CONTEMPORARY | CHANNEL | GOLD | KT_10 | 1ct | imgs:3
[21:36:23][PRINCESS] [425] ? NIV-77E9B4CD694E64CB | BASKET | CONTEMPORARY | CHANNEL | GOLD | KT_10 | 1ct | imgs:3
[21:36:29][PRINCESS] [426] ? NIV-77E9B4CD694E64CB | BASKET | CONTEMPORARY | CHANNEL | GOLD | KT_10 | 1ct | imgs:3
[21:36:32][PRINCESS] [427] ? NIV-BA26A0D5D98B5492 | BASKET | CONTEMPORARY | CHANNEL | GOLD | KT_10 | 1ct | imgs:3
[21:36:35][PRINCESS] [428] ? NIV-BA26A0D5D98B5492 | BASKET | CONTEMPORARY | CHANNEL | GOLD | KT_10 | 1ct | imgs:3
[21:36:41][PRINCESS] [429] ? NIV-BA26A0D5D98B5492 | BASKET | CONTEMPORARY | CHANNEL | GOLD | KT_10 | 1ct | imgs:3
[21:36:44][PRINCESS] [430] ? NIV-3D5FE4537A890767 | BASKET | CONTEMPORARY | CHANNEL | GOLD | KT_14 | 1ct | imgs:3
[21:36:47][PRINCESS] [431] ? NIV-3D5FE4537A890767 | BASKET | CONTEMPORARY | CHANNEL | GOLD | KT_14 | 1ct | imgs:3
[21:36:53][PRINCESS] [432] ? NIV-3D5FE4537A890767 | BASKET | CONTEMPORARY | CHANNEL | GOLD | KT_14 | 1ct | imgs:3
[21:36:56][PRINCESS] [433] ? NIV-5D4AFE4037052A7F | BASKET | CONTEMPORARY | CHANNEL | GOLD | KT_14 | 1ct | imgs:3
[21:36:59][PRINCESS] [434] ? NIV-5D4AFE4037052A7F | BASKET | CONTEMPORARY | CHANNEL | GOLD | KT_14 | 1ct | imgs:3
[21:37:05][PRINCESS] [435] ? NIV-5D4AFE4037052A7F | BASKET | CONTEMPORARY | CHANNEL | GOLD | KT_14 | 1ct | imgs:3
[21:37:08][PRINCESS] [436] ? NIV-1AB4F06E82D10565 | BASKET | CONTEMPORARY | CHANNEL | GOLD | KT_14 | 1ct | imgs:3
[21:37:12][PRINCESS] [437] ? NIV-1AB4F06E82D10565 | BASKET | CONTEMPORARY | CHANNEL | GOLD | KT_14 | 1ct | imgs:3
[21:37:17][PRINCESS] [438] ? NIV-1AB4F06E82D10565 | BASKET | CONTEMPORARY | CHANNEL | GOLD | KT_14 | 1ct | imgs:3
[21:37:20][PRINCESS] [439] ? NIV-D72725FD15663B73 | BASKET | CONTEMPORARY | CHANNEL | GOLD | KT_18 | 1ct | imgs:1
[21:37:23][PRINCESS] [440] ? NIV-D72725FD15663B73 | BASKET | CONTEMPORARY | CHANNEL | GOLD | KT_18 | 1ct | imgs:3
[21:37:29][PRINCESS] [441] ? NIV-D72725FD15663B73 | BASKET | CONTEMPORARY | CHANNEL | GOLD | KT_18 | 1ct | imgs:3
[21:37:32][PRINCESS] [442] ? NIV-170E6F1AA4590A6E | BASKET | CONTEMPORARY | CHANNEL | GOLD | KT_18 | 1ct | imgs:3
[21:37:35][PRINCESS] [443] ? NIV-170E6F1AA4590A6E | BASKET | CONTEMPORARY | CHANNEL | GOLD | KT_18 | 1ct | imgs:3
[21:37:41][PRINCESS] [444] ? NIV-170E6F1AA4590A6E | BASKET | CONTEMPORARY | CHANNEL | GOLD | KT_18 | 1ct | imgs:3
[21:37:44][PRINCESS] [445] ? NIV-43A5B44367AEED85 | BASKET | CONTEMPORARY | CHANNEL | GOLD | KT_18 | 1ct | imgs:3
[21:37:50][PRINCESS] [446] ? NIV-43A5B44367AEED85 | BASKET | CONTEMPORARY | CHANNEL | GOLD | KT_18 | 1ct | imgs:3
[21:37:53][PRINCESS] [447] ? NIV-43A5B44367AEED85 | BASKET | CONTEMPORARY | CHANNEL | GOLD | KT_18 | 1ct | imgs:3
[21:37:56][PRINCESS] [448] ? NIV-FBB1A9D006700329 | BASKET | CONTEMPORARY | CHANNEL | PLATINUM | PT_950 | 1ct | imgs:3
[21:38:05][PRINCESS] [449] ? NIV-D180FA9BAF23AF08 | BASKET | CONTEMPORARY | CHANNEL | GOLD | KT_10 | 1ct | imgs:3
[21:38:08][PRINCESS] [450] ? NIV-D180FA9BAF23AF08 | BASKET | CONTEMPORARY | CHANNEL | GOLD | KT_10 | 1ct | imgs:3
[21:38:14][PRINCESS] [451] ? NIV-D180FA9BAF23AF08 | BASKET | CONTEMPORARY | CHANNEL | GOLD | KT_10 | 1ct | imgs:3
[21:38:17][PRINCESS] [452] ? NIV-27445C9B8F5E0A18 | BASKET | CONTEMPORARY | CHANNEL | GOLD | KT_10 | 1ct | imgs:3
[21:38:20][PRINCESS] [453] ? NIV-27445C9B8F5E0A18 | BASKET | CONTEMPORARY | CHANNEL | GOLD | KT_10 | 1ct | imgs:3
[21:38:26][PRINCESS] [454] ? NIV-27445C9B8F5E0A18 | BASKET | CONTEMPORARY | CHANNEL | GOLD | KT_10 | 1ct | imgs:3
[21:38:29][PRINCESS] [455] ? NIV-A45DD71EA42B32C8 | BASKET | CONTEMPORARY | CHANNEL | GOLD | KT_10 | 1ct | imgs:3
[21:38:32][PRINCESS] [456] ? NIV-A45DD71EA42B32C8 | BASKET | CONTEMPORARY | CHANNEL | GOLD | KT_10 | 1ct | imgs:3
[21:38:38][PRINCESS] [457] ? NIV-A45DD71EA42B32C8 | BASKET | CONTEMPORARY | CHANNEL | GOLD | KT_10 | 1ct | imgs:3
[21:38:41][PRINCESS] [458] ? NIV-9D77DB16694F8FE5 | BASKET | CONTEMPORARY | CHANNEL | GOLD | KT_14 | 1ct | imgs:3
[21:38:47][PRINCESS] [459] ? NIV-9D77DB16694F8FE5 | BASKET | CONTEMPORARY | CHANNEL | GOLD | KT_14 | 1ct | imgs:3
[21:38:50][PRINCESS] [460] ? NIV-9D77DB16694F8FE5 | BASKET | CONTEMPORARY | CHANNEL | GOLD | KT_14 | 1ct | imgs:3
[21:38:53][PRINCESS] [461] ? NIV-D543870C1C9052D8 | BASKET | CONTEMPORARY | CHANNEL | GOLD | KT_14 | 1ct | imgs:3
[21:38:56][PRINCESS] [462] ? NIV-D543870C1C9052D8 | BASKET | CONTEMPORARY | CHANNEL | GOLD | KT_14 | 1ct | imgs:3
[21:39:02][PRINCESS] [463] ? NIV-D543870C1C9052D8 | BASKET | CONTEMPORARY | CHANNEL | GOLD | KT_14 | 1ct | imgs:3
[21:39:05][PRINCESS] [464] ? NIV-02AB54693A979B7A | BASKET | CONTEMPORARY | CHANNEL | GOLD | KT_14 | 1ct | imgs:3
[21:39:08][PRINCESS] [465] ? NIV-02AB54693A979B7A | BASKET | CONTEMPORARY | CHANNEL | GOLD | KT_14 | 1ct | imgs:3
[21:39:14][PRINCESS] [466] ? NIV-02AB54693A979B7A | BASKET | CONTEMPORARY | CHANNEL | GOLD | KT_14 | 1ct | imgs:3
[21:39:17][PRINCESS] [467] ? NIV-1BC2D831BF6322D3 | BASKET | CONTEMPORARY | CHANNEL | GOLD | KT_18 | 1ct | imgs:3
[21:39:23][PRINCESS] [468] ? NIV-1BC2D831BF6322D3 | BASKET | CONTEMPORARY | CHANNEL | GOLD | KT_18 | 1ct | imgs:3
[21:39:26][PRINCESS] [469] ? NIV-1BC2D831BF6322D3 | BASKET | CONTEMPORARY | CHANNEL | GOLD | KT_18 | 1ct | imgs:3
[21:39:29][PRINCESS] [470] ? NIV-215FF8DE770784F5 | BASKET | CONTEMPORARY | CHANNEL | GOLD | KT_18 | 1ct | imgs:3
[21:39:32][PRINCESS] [471] ? NIV-215FF8DE770784F5 | BASKET | CONTEMPORARY | CHANNEL | GOLD | KT_18 | 1ct | imgs:3
[21:39:38][PRINCESS] [472] ? NIV-215FF8DE770784F5 | BASKET | CONTEMPORARY | CHANNEL | GOLD | KT_18 | 1ct | imgs:3
[21:39:41][PRINCESS] [473] ? NIV-1EF7AF4C253A32EB | BASKET | CONTEMPORARY | CHANNEL | GOLD | KT_18 | 1ct | imgs:3
[21:39:44][PRINCESS] [474] ? NIV-1EF7AF4C253A32EB | BASKET | CONTEMPORARY | CHANNEL | GOLD | KT_18 | 1ct | imgs:3
[21:39:47][PRINCESS] [475] ? NIV-1EF7AF4C253A32EB | BASKET | CONTEMPORARY | CHANNEL | GOLD | KT_18 | 1ct | imgs:3
[21:39:50][PRINCESS] [476] ? NIV-858CEE4FB26362DF | BASKET | CONTEMPORARY | CHANNEL | PLATINUM | PT_950 | 1ct | imgs:3
[21:39:56][PRINCESS] [477] ? NIV-76E4AD0830F25ACC | BASKET | CONTEMPORARY | CHANNEL | GOLD | KT_10 | 1ct | imgs:3
[21:39:59][PRINCESS] [478] ? NIV-76E4AD0830F25ACC | BASKET | CONTEMPORARY | CHANNEL | GOLD | KT_10 | 1ct | imgs:3
[21:40:05][PRINCESS] [479] ? NIV-76E4AD0830F25ACC | BASKET | CONTEMPORARY | CHANNEL | GOLD | KT_10 | 1ct | imgs:3
[21:40:16][PRINCESS] [480] ??  NIV-76E4AD0830F25ACC | BASKET | CONTEMPORARY | CHANNEL | GOLD | KT_10 | 1ct | imgs:0
[21:40:16][PRINCESS]   Re-seleccionando PRINCESS (intento 1)
[21:40:16][PRINCESS]   Boton no encontrado ? recargando configurador...
[21:40:32][PRINCESS]   Re-seleccionando PRINCESS (intento 2)
[21:40:35][PRINCESS] [481] ? NIV-C00CC1E1B633A0E6 | BASKET | CONTEMPORARY | CHANNEL | GOLD | KT_10 | 1ct | imgs:3
[21:40:37][PRINCESS] [482] ? NIV-A9FEEAD73232E242 | BASKET | CONTEMPORARY | CHANNEL | GOLD | KT_10 | 1ct | imgs:3
[21:40:43][PRINCESS] [483] ? NIV-46DA39283D61D6BC | BASKET | CONTEMPORARY | CHANNEL | GOLD | KT_10 | 1ct | imgs:3
[21:40:46][PRINCESS] [484] ? NIV-35370568AF326438 | BASKET | CONTEMPORARY | CHANNEL | GOLD | KT_10 | 1ct | imgs:3
[21:40:49][PRINCESS] [485] ? NIV-5A0398DDCC86DF0F | BASKET | CONTEMPORARY | CHANNEL | GOLD | KT_10 | 1ct | imgs:3
[21:40:55][PRINCESS] [486] ? NIV-F34AF5BDF644C07A | BASKET | CONTEMPORARY | CHANNEL | GOLD | KT_14 | 1ct | imgs:3
[21:40:58][PRINCESS] [487] ? NIV-698B3CA179D651B0 | BASKET | CONTEMPORARY | CHANNEL | GOLD | KT_14 | 1ct | imgs:3
[21:41:01][PRINCESS] [488] ? NIV-1A11F2CBEEC5597B | BASKET | CONTEMPORARY | CHANNEL | GOLD | KT_14 | 1ct | imgs:3
[21:41:04][PRINCESS] [489] ? NIV-C060E2A24DD111E7 | BASKET | CONTEMPORARY | CHANNEL | GOLD | KT_14 | 1ct | imgs:3
[21:41:07][PRINCESS] [490] ? NIV-7838A50580DF5510 | BASKET | CONTEMPORARY | CHANNEL | GOLD | KT_14 | 1ct | imgs:3
[21:41:10][PRINCESS] [491] ? NIV-B270915ED2F750C3 | BASKET | CONTEMPORARY | CHANNEL | GOLD | KT_14 | 1ct | imgs:3
[21:41:13][PRINCESS] [492] ? NIV-7DEF84DFB6193FD7 | BASKET | CONTEMPORARY | CHANNEL | GOLD | KT_14 | 1ct | imgs:3
[21:41:16][PRINCESS] [493] ? NIV-D451A09F79C06A79 | BASKET | CONTEMPORARY | CHANNEL | GOLD | KT_14 | 1ct | imgs:3
[21:41:19][PRINCESS] [494] ? NIV-2E975135009E6CFF | BASKET | CONTEMPORARY | CHANNEL | GOLD | KT_14 | 1ct | imgs:3
[21:41:25][PRINCESS] [495] ? NIV-AF3BD9263C718FD4 | BASKET | CONTEMPORARY | CHANNEL | GOLD | KT_18 | 1ct | imgs:3
[21:41:29][PRINCESS] [496] ? NIV-98BF0980C9DD6B7C | BASKET | CONTEMPORARY | CHANNEL | GOLD | KT_18 | 1ct | imgs:3
[21:41:31][PRINCESS] [497] ? NIV-9B20FC0388DE71FC | BASKET | CONTEMPORARY | CHANNEL | GOLD | KT_18 | 1ct | imgs:3
[21:41:39][PRINCESS] [498] ? NIV-234DDF6A4230EB27 | BASKET | CONTEMPORARY | CHANNEL | GOLD | KT_18 | 1ct | imgs:3
[21:41:43][PRINCESS] [499] ? NIV-C195B2FECA12FF6D | BASKET | CONTEMPORARY | CHANNEL | GOLD | KT_18 | 1ct | imgs:3
[21:41:46][PRINCESS] [500] ? NIV-D523B9E5CDC530B2 | BASKET | CONTEMPORARY | CHANNEL | GOLD | KT_18 | 1ct | imgs:3
[21:41:49][PRINCESS] [501] ? NIV-8762805492320BC7 | BASKET | CONTEMPORARY | CHANNEL | GOLD | KT_18 | 1ct | imgs:3
[21:42:00][PRINCESS] [502] ? NIV-8762805492320BC7 | BASKET | CONTEMPORARY | CHANNEL | GOLD | KT_18 | 1ct | imgs:3
[21:42:04][PRINCESS] [503] ? NIV-668C33A2C18EE62A | BASKET | CONTEMPORARY | CHANNEL | GOLD | KT_18 | 1ct | imgs:3
[21:42:07][PRINCESS] [504] ? NIV-D04C0916386418DA | BASKET | CONTEMPORARY | CHANNEL | PLATINUM | PT_950 | 1ct | imgs:3
[21:42:15][PRINCESS] [505] ? NIV-1C69D37EE704B015 | BASKET | CONTEMPORARY | CHANNEL | GOLD | KT_10 | 1ct | imgs:1
[21:42:19][PRINCESS] [506] ? NIV-1C69D37EE704B015 | BASKET | CONTEMPORARY | CHANNEL | GOLD | KT_10 | 1ct | imgs:3
[21:42:23][PRINCESS] [507] ? NIV-1C69D37EE704B015 | BASKET | CONTEMPORARY | CHANNEL | GOLD | KT_10 | 1ct | imgs:3
[21:42:25][PRINCESS] [508] ? NIV-811C46B847CA0732 | BASKET | CONTEMPORARY | CHANNEL | GOLD | KT_10 | 1ct | imgs:3
[21:42:29][PRINCESS] [509] ? NIV-811C46B847CA0732 | BASKET | CONTEMPORARY | CHANNEL | GOLD | KT_10 | 1ct | imgs:3
[21:42:34][PRINCESS] [510] ? NIV-811C46B847CA0732 | BASKET | CONTEMPORARY | CHANNEL | GOLD | KT_10 | 1ct | imgs:3
[21:42:38][PRINCESS] [511] ? NIV-FD765475741E9C80 | BASKET | CONTEMPORARY | CHANNEL | GOLD | KT_10 | 1ct | imgs:2
[21:42:44][PRINCESS] [512] ? NIV-FD765475741E9C80 | BASKET | CONTEMPORARY | CHANNEL | GOLD | KT_10 | 1ct | imgs:3
[21:42:49][PRINCESS] [513] ? NIV-FD765475741E9C80 | BASKET | CONTEMPORARY | CHANNEL | GOLD | KT_10 | 1ct | imgs:3
[21:42:52][PRINCESS] [514] ? NIV-9ACE46542A509E6C | BASKET | CONTEMPORARY | CHANNEL | GOLD | KT_14 | 1ct | imgs:3
[21:42:58][PRINCESS] [515] ? NIV-9ACE46542A509E6C | BASKET | CONTEMPORARY | CHANNEL | GOLD | KT_14 | 1ct | imgs:3
[21:43:02][PRINCESS] [516] ? NIV-9ACE46542A509E6C | BASKET | CONTEMPORARY | CHANNEL | GOLD | KT_14 | 1ct | imgs:3
[21:43:05][PRINCESS] [517] ? NIV-13C385FD9A943A54 | BASKET | CONTEMPORARY | CHANNEL | GOLD | KT_14 | 1ct | imgs:3
[21:43:10][PRINCESS] [518] ? NIV-13C385FD9A943A54 | BASKET | CONTEMPORARY | CHANNEL | GOLD | KT_14 | 1ct | imgs:3
[21:43:16][PRINCESS] [519] ? NIV-13C385FD9A943A54 | BASKET | CONTEMPORARY | CHANNEL | GOLD | KT_14 | 1ct | imgs:3
[21:43:19][PRINCESS] [520] ? NIV-0F1C1E19C9630D17 | BASKET | CONTEMPORARY | CHANNEL | GOLD | KT_14 | 1ct | imgs:3
[21:43:23][PRINCESS] [521] ? NIV-0F1C1E19C9630D17 | BASKET | CONTEMPORARY | CHANNEL | GOLD | KT_14 | 1ct | imgs:3
[21:43:28][PRINCESS] [522] ? NIV-0F1C1E19C9630D17 | BASKET | CONTEMPORARY | CHANNEL | GOLD | KT_14 | 1ct | imgs:3
[21:43:34][PRINCESS] [523] ? NIV-6F3A50B412470C4A | BASKET | CONTEMPORARY | CHANNEL | GOLD | KT_18 | 1ct | imgs:3
[21:43:38][PRINCESS] [524] ? NIV-6F3A50B412470C4A | BASKET | CONTEMPORARY | CHANNEL | GOLD | KT_18 | 1ct | imgs:3
[21:43:43][PRINCESS] [525] ? NIV-6F3A50B412470C4A | BASKET | CONTEMPORARY | CHANNEL | GOLD | KT_18 | 1ct | imgs:3
[21:43:46][PRINCESS] [526] ? NIV-E0A21C19DB07E593 | BASKET | CONTEMPORARY | CHANNEL | GOLD | KT_18 | 1ct | imgs:3
[21:43:50][PRINCESS] [527] ? NIV-E0A21C19DB07E593 | BASKET | CONTEMPORARY | CHANNEL | GOLD | KT_18 | 1ct | imgs:3
[21:43:55][PRINCESS] [528] ? NIV-E0A21C19DB07E593 | BASKET | CONTEMPORARY | CHANNEL | GOLD | KT_18 | 1ct | imgs:3
[21:43:58][PRINCESS] [529] ? NIV-9E85C6E430E88F79 | BASKET | CONTEMPORARY | CHANNEL | GOLD | KT_18 | 1ct | imgs:3
[21:44:02][PRINCESS] [530] ? NIV-9E85C6E430E88F79 | BASKET | CONTEMPORARY | CHANNEL | GOLD | KT_18 | 1ct | imgs:3
[21:44:07][PRINCESS] [531] ? NIV-9E85C6E430E88F79 | BASKET | CONTEMPORARY | CHANNEL | GOLD | KT_18 | 1ct | imgs:3
[21:44:10][PRINCESS] [532] ? NIV-1BCFC959A1DB2708 | BASKET | CONTEMPORARY | CHANNEL | PLATINUM | PT_950 | 1ct | imgs:3
[21:44:17][PRINCESS] [533] ? NIV-333626608862CF30 | BASKET | CONTEMPORARY | PRONG | GOLD | KT_10 | 1ct | imgs:3
[21:44:22][PRINCESS] [534] ? NIV-333626608862CF30 | BASKET | CONTEMPORARY | PRONG | GOLD | KT_10 | 1ct | imgs:3
[21:44:26][PRINCESS] [535] ? NIV-333626608862CF30 | BASKET | CONTEMPORARY | PRONG | GOLD | KT_10 | 1ct | imgs:3
[21:44:28][PRINCESS] [536] ? NIV-2936FA59868CE3F7 | BASKET | CONTEMPORARY | PRONG | GOLD | KT_10 | 1ct | imgs:3
[21:44:32][PRINCESS] [537] ? NIV-2936FA59868CE3F7 | BASKET | CONTEMPORARY | PRONG | GOLD | KT_10 | 1ct | imgs:3
[21:44:37][PRINCESS] [538] ? NIV-2936FA59868CE3F7 | BASKET | CONTEMPORARY | PRONG | GOLD | KT_10 | 1ct | imgs:3
[21:44:40][PRINCESS] [539] ? NIV-D931977330351F6B | BASKET | CONTEMPORARY | PRONG | GOLD | KT_10 | 1ct | imgs:3
[21:44:44][PRINCESS] [540] ? NIV-D931977330351F6B | BASKET | CONTEMPORARY | PRONG | GOLD | KT_10 | 1ct | imgs:3
[21:44:49][PRINCESS] [541] ? NIV-D931977330351F6B | BASKET | CONTEMPORARY | PRONG | GOLD | KT_10 | 1ct | imgs:3
[21:44:52][PRINCESS] [542] ? NIV-5FE236038072730A | BASKET | CONTEMPORARY | PRONG | GOLD | KT_14 | 1ct | imgs:3
[21:44:55][PRINCESS] [543] ? NIV-5FE236038072730A | BASKET | CONTEMPORARY | PRONG | GOLD | KT_14 | 1ct | imgs:3
[21:44:59][PRINCESS] [544] ? NIV-5FE236038072730A | BASKET | CONTEMPORARY | PRONG | GOLD | KT_14 | 1ct | imgs:3
[21:45:01][PRINCESS] [545] ? NIV-F497B101543DBAF1 | BASKET | CONTEMPORARY | PRONG | GOLD | KT_14 | 1ct | imgs:3
[21:45:05][PRINCESS] [546] ? NIV-F497B101543DBAF1 | BASKET | CONTEMPORARY | PRONG | GOLD | KT_14 | 1ct | imgs:3
[21:45:08][PRINCESS] [547] ? NIV-F497B101543DBAF1 | BASKET | CONTEMPORARY | PRONG | GOLD | KT_14 | 1ct | imgs:3
[21:45:10][PRINCESS] [548] ? NIV-E23527F51AE9888C | BASKET | CONTEMPORARY | PRONG | GOLD | KT_14 | 1ct | imgs:3
[21:45:14][PRINCESS] [549] ? NIV-E23527F51AE9888C | BASKET | CONTEMPORARY | PRONG | GOLD | KT_14 | 1ct | imgs:3
[21:45:17][PRINCESS] [550] ? NIV-E23527F51AE9888C | BASKET | CONTEMPORARY | PRONG | GOLD | KT_14 | 1ct | imgs:3
[21:45:20][PRINCESS] [551] ? NIV-6839C170BCEEB1FB | BASKET | CONTEMPORARY | PRONG | GOLD | KT_18 | 1ct | imgs:3
[21:45:25][PRINCESS] [552] ? NIV-6839C170BCEEB1FB | BASKET | CONTEMPORARY | PRONG | GOLD | KT_18 | 1ct | imgs:3
[21:45:29][PRINCESS] [553] ? NIV-6839C170BCEEB1FB | BASKET | CONTEMPORARY | PRONG | GOLD | KT_18 | 1ct | imgs:3
[21:45:31][PRINCESS] [554] ? NIV-DED7C0A0E4FFFF21 | BASKET | CONTEMPORARY | PRONG | GOLD | KT_18 | 1ct | imgs:3
[21:45:35][PRINCESS] [555] ? NIV-DED7C0A0E4FFFF21 | BASKET | CONTEMPORARY | PRONG | GOLD | KT_18 | 1ct | imgs:3
[21:45:40][PRINCESS] [556] ? NIV-DED7C0A0E4FFFF21 | BASKET | CONTEMPORARY | PRONG | GOLD | KT_18 | 1ct | imgs:3
[21:45:43][PRINCESS] [557] ? NIV-8A0D964B1EE324F7 | BASKET | CONTEMPORARY | PRONG | GOLD | KT_18 | 1ct | imgs:3
[21:45:47][PRINCESS] [558] ? NIV-8A0D964B1EE324F7 | BASKET | CONTEMPORARY | PRONG | GOLD | KT_18 | 1ct | imgs:3
[21:45:52][PRINCESS] [559] ? NIV-8A0D964B1EE324F7 | BASKET | CONTEMPORARY | PRONG | GOLD | KT_18 | 1ct | imgs:3
[21:45:55][PRINCESS] [560] ? NIV-91F81B54766BC24A | BASKET | CONTEMPORARY | PRONG | PLATINUM | PT_950 | 1ct | imgs:3
[21:45:59][PRINCESS] [561] ? NIV-55A0F466ACC9E1F8 | BASKET | CONTEMPORARY | PRONG | GOLD | KT_10 | 1ct | imgs:3
[21:46:04][PRINCESS] [562] ? NIV-55A0F466ACC9E1F8 | BASKET | CONTEMPORARY | PRONG | GOLD | KT_10 | 1ct | imgs:3
[21:46:07][PRINCESS] [563] ? NIV-55A0F466ACC9E1F8 | BASKET | CONTEMPORARY | PRONG | GOLD | KT_10 | 1ct | imgs:3
[21:46:10][PRINCESS] [564] ? NIV-8C3AF795927D9907 | BASKET | CONTEMPORARY | PRONG | GOLD | KT_10 | 1ct | imgs:3
[21:46:14][PRINCESS] [565] ? NIV-8C3AF795927D9907 | BASKET | CONTEMPORARY | PRONG | GOLD | KT_10 | 1ct | imgs:3
[21:46:19][PRINCESS] [566] ? NIV-8C3AF795927D9907 | BASKET | CONTEMPORARY | PRONG | GOLD | KT_10 | 1ct | imgs:3
[21:46:22][PRINCESS] [567] ? NIV-B442B8C3FBA2E047 | BASKET | CONTEMPORARY | PRONG | GOLD | KT_10 | 1ct | imgs:3
[21:46:26][PRINCESS] [568] ? NIV-B442B8C3FBA2E047 | BASKET | CONTEMPORARY | PRONG | GOLD | KT_10 | 1ct | imgs:3
[21:46:31][PRINCESS] [569] ? NIV-B442B8C3FBA2E047 | BASKET | CONTEMPORARY | PRONG | GOLD | KT_10 | 1ct | imgs:3
[21:46:34][PRINCESS] [570] ? NIV-B1B601B26257DB92 | BASKET | CONTEMPORARY | PRONG | GOLD | KT_14 | 1ct | imgs:3
[21:46:38][PRINCESS] [571] ? NIV-B1B601B26257DB92 | BASKET | CONTEMPORARY | PRONG | GOLD | KT_14 | 1ct | imgs:3
[21:46:41][PRINCESS] [572] ? NIV-B1B601B26257DB92 | BASKET | CONTEMPORARY | PRONG | GOLD | KT_14 | 1ct | imgs:3
[21:46:43][PRINCESS] [573] ? NIV-541964B9E627DFBB | BASKET | CONTEMPORARY | PRONG | GOLD | KT_14 | 1ct | imgs:3
[21:46:49][PRINCESS] [574] ? NIV-541964B9E627DFBB | BASKET | CONTEMPORARY | PRONG | GOLD | KT_14 | 1ct | imgs:3
[21:46:52][PRINCESS] [575] ? NIV-541964B9E627DFBB | BASKET | CONTEMPORARY | PRONG | GOLD | KT_14 | 1ct | imgs:3
[21:46:55][PRINCESS] [576] ? NIV-8E982E7596F99236 | BASKET | CONTEMPORARY | PRONG | GOLD | KT_14 | 1ct | imgs:3
[21:46:59][PRINCESS] [577] ? NIV-8E982E7596F99236 | BASKET | CONTEMPORARY | PRONG | GOLD | KT_14 | 1ct | imgs:3
[21:47:04][PRINCESS] [578] ? NIV-8E982E7596F99236 | BASKET | CONTEMPORARY | PRONG | GOLD | KT_14 | 1ct | imgs:3
[21:47:07][PRINCESS] [579] ? NIV-C962178599D985A9 | BASKET | CONTEMPORARY | PRONG | GOLD | KT_18 | 1ct | imgs:3
[21:47:13][PRINCESS] [580] ? NIV-C962178599D985A9 | BASKET | CONTEMPORARY | PRONG | GOLD | KT_18 | 1ct | imgs:3
[21:47:16][PRINCESS] [581] ? NIV-C962178599D985A9 | BASKET | CONTEMPORARY | PRONG | GOLD | KT_18 | 1ct | imgs:3
[21:47:19][PRINCESS] [582] ? NIV-3FD9B79EE74E8382 | BASKET | CONTEMPORARY | PRONG | GOLD | KT_18 | 1ct | imgs:3
[21:47:23][PRINCESS] [583] ? NIV-3FD9B79EE74E8382 | BASKET | CONTEMPORARY | PRONG | GOLD | KT_18 | 1ct | imgs:3
[21:47:28][PRINCESS] [584] ? NIV-3FD9B79EE74E8382 | BASKET | CONTEMPORARY | PRONG | GOLD | KT_18 | 1ct | imgs:3
[21:47:31][PRINCESS] [585] ? NIV-E6785FBFD822C0A7 | BASKET | CONTEMPORARY | PRONG | GOLD | KT_18 | 1ct | imgs:3
[21:47:35][PRINCESS] [586] ? NIV-E6785FBFD822C0A7 | BASKET | CONTEMPORARY | PRONG | GOLD | KT_18 | 1ct | imgs:3
[21:47:40][PRINCESS] [587] ? NIV-E6785FBFD822C0A7 | BASKET | CONTEMPORARY | PRONG | GOLD | KT_18 | 1ct | imgs:3
[21:47:43][PRINCESS] [588] ? NIV-14D99CA746354E78 | BASKET | CONTEMPORARY | PRONG | PLATINUM | PT_950 | 1ct | imgs:3
[21:47:49][PRINCESS] [589] ? NIV-889402FEEE131EDE | BASKET | CONTEMPORARY | PRONG | GOLD | KT_10 | 1ct | imgs:3
[21:47:53][PRINCESS] [590] ? NIV-889402FEEE131EDE | BASKET | CONTEMPORARY | PRONG | GOLD | KT_10 | 1ct | imgs:3
[21:47:58][PRINCESS] [591] ? NIV-889402FEEE131EDE | BASKET | CONTEMPORARY | PRONG | GOLD | KT_10 | 1ct | imgs:3
[21:48:01][PRINCESS] [592] ? NIV-1845E8D5B057D55A | BASKET | CONTEMPORARY | PRONG | GOLD | KT_10 | 1ct | imgs:3
[21:48:07][PRINCESS] [593] ? NIV-1845E8D5B057D55A | BASKET | CONTEMPORARY | PRONG | GOLD | KT_10 | 1ct | imgs:3
[21:48:11][PRINCESS] [594] ? NIV-1845E8D5B057D55A | BASKET | CONTEMPORARY | PRONG | GOLD | KT_10 | 1ct | imgs:3
[21:48:13][PRINCESS] [595] ? NIV-A2E19FB702A00B20 | BASKET | CONTEMPORARY | PRONG | GOLD | KT_10 | 1ct | imgs:3
[21:48:17][PRINCESS] [596] ? NIV-A2E19FB702A00B20 | BASKET | CONTEMPORARY | PRONG | GOLD | KT_10 | 1ct | imgs:3
[21:48:22][PRINCESS] [597] ? NIV-A2E19FB702A00B20 | BASKET | CONTEMPORARY | PRONG | GOLD | KT_10 | 1ct | imgs:3
[21:48:26][PRINCESS] [598] ? NIV-3272B8B674BE348C | BASKET | CONTEMPORARY | PRONG | GOLD | KT_14 | 1ct | imgs:3
[21:48:31][PRINCESS] [599] ? NIV-3272B8B674BE348C | BASKET | CONTEMPORARY | PRONG | GOLD | KT_14 | 1ct | imgs:3
[21:48:35][PRINCESS] [600] ? NIV-3272B8B674BE348C | BASKET | CONTEMPORARY | PRONG | GOLD | KT_14 | 1ct | imgs:3
[21:48:37][PRINCESS] [601] ? NIV-1D968F16E38DB087 | BASKET | CONTEMPORARY | PRONG | GOLD | KT_14 | 1ct | imgs:3
[21:48:41][PRINCESS] [602] ? NIV-1D968F16E38DB087 | BASKET | CONTEMPORARY | PRONG | GOLD | KT_14 | 1ct | imgs:3
[21:48:47][PRINCESS] [603] ? NIV-1D968F16E38DB087 | BASKET | CONTEMPORARY | PRONG | GOLD | KT_14 | 1ct | imgs:3
[21:48:49][PRINCESS] [604] ? NIV-4EE7B1F336F4C5C0 | BASKET | CONTEMPORARY | PRONG | GOLD | KT_14 | 1ct | imgs:3
[21:48:55][PRINCESS] [605] ? NIV-4EE7B1F336F4C5C0 | BASKET | CONTEMPORARY | PRONG | GOLD | KT_14 | 1ct | imgs:3
[21:48:59][PRINCESS] [606] ? NIV-4EE7B1F336F4C5C0 | BASKET | CONTEMPORARY | PRONG | GOLD | KT_14 | 1ct | imgs:3
[21:49:04][PRINCESS] [607] ? NIV-8FFFC4DEF6A0F915 | BASKET | CONTEMPORARY | PRONG | GOLD | KT_18 | 1ct | imgs:3
[21:49:10][PRINCESS] [608] ? NIV-8FFFC4DEF6A0F915 | BASKET | CONTEMPORARY | PRONG | GOLD | KT_18 | 1ct | imgs:3
[21:49:14][PRINCESS] [609] ? NIV-8FFFC4DEF6A0F915 | BASKET | CONTEMPORARY | PRONG | GOLD | KT_18 | 1ct | imgs:3
[21:49:16][PRINCESS] [610] ? NIV-819206DC76047A29 | BASKET | CONTEMPORARY | PRONG | GOLD | KT_18 | 1ct | imgs:3
[21:49:20][PRINCESS] [611] ? NIV-819206DC76047A29 | BASKET | CONTEMPORARY | PRONG | GOLD | KT_18 | 1ct | imgs:3
[21:49:23][PRINCESS] [612] ? NIV-819206DC76047A29 | BASKET | CONTEMPORARY | PRONG | GOLD | KT_18 | 1ct | imgs:3
[21:49:25][PRINCESS] [613] ? NIV-ADB34CD7966173C6 | BASKET | CONTEMPORARY | PRONG | GOLD | KT_18 | 1ct | imgs:3
[21:49:29][PRINCESS] [614] ? NIV-ADB34CD7966173C6 | BASKET | CONTEMPORARY | PRONG | GOLD | KT_18 | 1ct | imgs:3
[21:49:34][PRINCESS] [615] ? NIV-ADB34CD7966173C6 | BASKET | CONTEMPORARY | PRONG | GOLD | KT_18 | 1ct | imgs:3
[21:49:37][PRINCESS] [616] ? NIV-CFD120051D6956FB | BASKET | CONTEMPORARY | PRONG | PLATINUM | PT_950 | 1ct | imgs:3
[21:49:43][PRINCESS] [617] ? NIV-692BD324E2043967 | BASKET | CONTEMPORARY | PRONG | GOLD | KT_10 | 1ct | imgs:3
[21:49:47][PRINCESS] [618] ? NIV-692BD324E2043967 | BASKET | CONTEMPORARY | PRONG | GOLD | KT_10 | 1ct | imgs:3
[21:49:52][PRINCESS] [619] ? NIV-692BD324E2043967 | BASKET | CONTEMPORARY | PRONG | GOLD | KT_10 | 1ct | imgs:3
[21:49:55][PRINCESS] [620] ? NIV-B5296454E535297A | BASKET | CONTEMPORARY | PRONG | GOLD | KT_10 | 1ct | imgs:3
[21:49:59][PRINCESS] [621] ? NIV-B5296454E535297A | BASKET | CONTEMPORARY | PRONG | GOLD | KT_10 | 1ct | imgs:3
[21:50:04][PRINCESS] [622] ? NIV-B5296454E535297A | BASKET | CONTEMPORARY | PRONG | GOLD | KT_10 | 1ct | imgs:3
[21:50:07][PRINCESS] [623] ? NIV-131DF16716BA8BC6 | BASKET | CONTEMPORARY | PRONG | GOLD | KT_10 | 1ct | imgs:3
[21:50:13][PRINCESS] [624] ? NIV-131DF16716BA8BC6 | BASKET | CONTEMPORARY | PRONG | GOLD | KT_10 | 1ct | imgs:3
[21:50:17][PRINCESS] [625] ? NIV-131DF16716BA8BC6 | BASKET | CONTEMPORARY | PRONG | GOLD | KT_10 | 1ct | imgs:3
[21:50:22][PRINCESS] [626] ? NIV-DD0E57EE223BCC42 | BASKET | CONTEMPORARY | PRONG | GOLD | KT_14 | 1ct | imgs:3
[21:50:26][PRINCESS] [627] ? NIV-DD0E57EE223BCC42 | BASKET | CONTEMPORARY | PRONG | GOLD | KT_14 | 1ct | imgs:3
[21:50:29][PRINCESS] [628] ? NIV-DD0E57EE223BCC42 | BASKET | CONTEMPORARY | PRONG | GOLD | KT_14 | 1ct | imgs:3
[21:50:31][PRINCESS] [629] ? NIV-4E8E170B633B8E48 | BASKET | CONTEMPORARY | PRONG | GOLD | KT_14 | 1ct | imgs:3
[21:50:35][PRINCESS] [630] ? NIV-4E8E170B633B8E48 | BASKET | CONTEMPORARY | PRONG | GOLD | KT_14 | 1ct | imgs:3
[21:50:40][PRINCESS] [631] ? NIV-4E8E170B633B8E48 | BASKET | CONTEMPORARY | PRONG | GOLD | KT_14 | 1ct | imgs:3
[21:50:43][PRINCESS] [632] ? NIV-02084124812474EC | BASKET | CONTEMPORARY | PRONG | GOLD | KT_14 | 1ct | imgs:3
[21:50:46][PRINCESS] [633] ? NIV-02084124812474EC | BASKET | CONTEMPORARY | PRONG | GOLD | KT_14 | 1ct | imgs:3
[21:50:50][PRINCESS] [634] ? NIV-02084124812474EC | BASKET | CONTEMPORARY | PRONG | GOLD | KT_14 | 1ct | imgs:3
[21:50:53][PRINCESS] [635] ? NIV-18FAF7EB8B6BDF9C | BASKET | CONTEMPORARY | PRONG | GOLD | KT_18 | 1ct | imgs:3
[21:50:56][PRINCESS] [636] ? NIV-18FAF7EB8B6BDF9C | BASKET | CONTEMPORARY | PRONG | GOLD | KT_18 | 1ct | imgs:3
[21:51:01][PRINCESS] [637] ? NIV-18FAF7EB8B6BDF9C | BASKET | CONTEMPORARY | PRONG | GOLD | KT_18 | 1ct | imgs:3
[21:51:04][PRINCESS] [638] ? NIV-6ABFF29B75AA1922 | BASKET | CONTEMPORARY | PRONG | GOLD | KT_18 | 1ct | imgs:3
[21:51:07][PRINCESS] [639] ? NIV-6ABFF29B75AA1922 | BASKET | CONTEMPORARY | PRONG | GOLD | KT_18 | 1ct | imgs:3
[21:51:11][PRINCESS] [640] ? NIV-6ABFF29B75AA1922 | BASKET | CONTEMPORARY | PRONG | GOLD | KT_18 | 1ct | imgs:3
[21:51:13][PRINCESS] [641] ? NIV-76A4412ABD0E022F | BASKET | CONTEMPORARY | PRONG | GOLD | KT_18 | 1ct | imgs:3
[21:51:17][PRINCESS] [642] ? NIV-76A4412ABD0E022F | BASKET | CONTEMPORARY | PRONG | GOLD | KT_18 | 1ct | imgs:3
[21:51:20][PRINCESS] [643] ? NIV-76A4412ABD0E022F | BASKET | CONTEMPORARY | PRONG | GOLD | KT_18 | 1ct | imgs:3
[21:51:22][PRINCESS] [644] ? NIV-CF87AC31D483E5B5 | BASKET | CONTEMPORARY | PRONG | PLATINUM | PT_950 | 1ct | imgs:3
[21:51:28][PRINCESS] [645] ? NIV-F87251F992C2D3E6 | BASKET | CONTEMPORARY | PRONG | GOLD | KT_10 | 1ct | imgs:3
[21:51:31][PRINCESS] [646] ? NIV-F87251F992C2D3E6 | BASKET | CONTEMPORARY | PRONG | GOLD | KT_10 | 1ct | imgs:3
[21:51:37][PRINCESS] [647] ? NIV-F87251F992C2D3E6 | BASKET | CONTEMPORARY | PRONG | GOLD | KT_10 | 1ct | imgs:3
[21:51:40][PRINCESS] [648] ? NIV-A53D8DB54CC8A8DB | BASKET | CONTEMPORARY | PRONG | GOLD | KT_10 | 1ct | imgs:3
[21:51:43][PRINCESS] [649] ? NIV-A53D8DB54CC8A8DB | BASKET | CONTEMPORARY | PRONG | GOLD | KT_10 | 1ct | imgs:3
[21:51:47][PRINCESS] [650] ? NIV-A53D8DB54CC8A8DB | BASKET | CONTEMPORARY | PRONG | GOLD | KT_10 | 1ct | imgs:3
[21:51:49][PRINCESS] [651] ? NIV-F6D916E8443AF30F | BASKET | CONTEMPORARY | PRONG | GOLD | KT_10 | 1ct | imgs:3
[21:51:52][PRINCESS] [652] ? NIV-F6D916E8443AF30F | BASKET | CONTEMPORARY | PRONG | GOLD | KT_10 | 1ct | imgs:3
[21:51:56][PRINCESS] [653] ? NIV-F6D916E8443AF30F | BASKET | CONTEMPORARY | PRONG | GOLD | KT_10 | 1ct | imgs:3
[21:52:01][PRINCESS] [654] ? NIV-56E2D9E0234FD7C8 | BASKET | CONTEMPORARY | PRONG | GOLD | KT_14 | 1ct | imgs:3
[21:52:05][PRINCESS] [655] ? NIV-56E2D9E0234FD7C8 | BASKET | CONTEMPORARY | PRONG | GOLD | KT_14 | 1ct | imgs:3
[21:52:10][PRINCESS] [656] ? NIV-56E2D9E0234FD7C8 | BASKET | CONTEMPORARY | PRONG | GOLD | KT_14 | 1ct | imgs:3
[21:52:13][PRINCESS] [657] ? NIV-C79E40ED845CF7A8 | BASKET | CONTEMPORARY | PRONG | GOLD | KT_14 | 1ct | imgs:3
[21:52:17][PRINCESS] [658] ? NIV-C79E40ED845CF7A8 | BASKET | CONTEMPORARY | PRONG | GOLD | KT_14 | 1ct | imgs:3
[21:52:20][PRINCESS] [659] ? NIV-C79E40ED845CF7A8 | BASKET | CONTEMPORARY | PRONG | GOLD | KT_14 | 1ct | imgs:3
[21:52:22][PRINCESS] [660] ? NIV-5F41BBB0C7101FA6 | BASKET | CONTEMPORARY | PRONG | GOLD | KT_14 | 1ct | imgs:3
[21:52:25][PRINCESS] [661] ? NIV-5F41BBB0C7101FA6 | BASKET | CONTEMPORARY | PRONG | GOLD | KT_14 | 1ct | imgs:3
[21:52:29][PRINCESS] [662] ? NIV-5F41BBB0C7101FA6 | BASKET | CONTEMPORARY | PRONG | GOLD | KT_14 | 1ct | imgs:3
[21:52:34][PRINCESS] [663] ? NIV-6873AF33246FD8FA | BASKET | CONTEMPORARY | PRONG | GOLD | KT_18 | 1ct | imgs:3
[21:52:37][PRINCESS] [664] ? NIV-6873AF33246FD8FA | BASKET | CONTEMPORARY | PRONG | GOLD | KT_18 | 1ct | imgs:3
[21:52:41][PRINCESS] [665] ? NIV-6873AF33246FD8FA | BASKET | CONTEMPORARY | PRONG | GOLD | KT_18 | 1ct | imgs:3
[21:52:43][PRINCESS] [666] ? NIV-21CA3DB37A9F6B58 | BASKET | CONTEMPORARY | PRONG | GOLD | KT_18 | 1ct | imgs:3
[21:52:47][PRINCESS] [667] ? NIV-21CA3DB37A9F6B58 | BASKET | CONTEMPORARY | PRONG | GOLD | KT_18 | 1ct | imgs:3
[21:52:50][PRINCESS] [668] ? NIV-21CA3DB37A9F6B58 | BASKET | CONTEMPORARY | PRONG | GOLD | KT_18 | 1ct | imgs:3
[21:52:52][PRINCESS] [669] ? NIV-70282E5F685F3685 | BASKET | CONTEMPORARY | PRONG | GOLD | KT_18 | 1ct | imgs:3
[21:52:56][PRINCESS] [670] ? NIV-70282E5F685F3685 | BASKET | CONTEMPORARY | PRONG | GOLD | KT_18 | 1ct | imgs:3
[21:52:59][PRINCESS] [671] ? NIV-70282E5F685F3685 | BASKET | CONTEMPORARY | PRONG | GOLD | KT_18 | 1ct | imgs:3
[21:53:01][PRINCESS] [672] ? NIV-9F4C546D771C8A7C | BASKET | CONTEMPORARY | PRONG | PLATINUM | PT_950 | 1ct | imgs:3
[21:53:07][PRINCESS] [673] ? NIV-F1BB37BB0DC5F714 | BASKET | CONTEMPORARY | PRONG | GOLD | KT_10 | 1ct | imgs:3
[21:53:11][PRINCESS] [674] ? NIV-F1BB37BB0DC5F714 | BASKET | CONTEMPORARY | PRONG | GOLD | KT_10 | 1ct | imgs:3
[21:53:16][PRINCESS] [675] ? NIV-F1BB37BB0DC5F714 | BASKET | CONTEMPORARY | PRONG | GOLD | KT_10 | 1ct | imgs:3
[21:53:19][PRINCESS] [676] ? NIV-CEE9F14A04BBE5FB | BASKET | CONTEMPORARY | PRONG | GOLD | KT_10 | 1ct | imgs:3
[21:53:23][PRINCESS] [677] ? NIV-CEE9F14A04BBE5FB | BASKET | CONTEMPORARY | PRONG | GOLD | KT_10 | 1ct | imgs:3
[21:53:26][PRINCESS] [678] ? NIV-CEE9F14A04BBE5FB | BASKET | CONTEMPORARY | PRONG | GOLD | KT_10 | 1ct | imgs:3
[21:53:28][PRINCESS] [679] ? NIV-202AB3DDE81F7CC7 | BASKET | CONTEMPORARY | PRONG | GOLD | KT_10 | 1ct | imgs:3
[21:53:31][PRINCESS] [680] ? NIV-202AB3DDE81F7CC7 | BASKET | CONTEMPORARY | PRONG | GOLD | KT_10 | 1ct | imgs:3
[21:53:35][PRINCESS] [681] ? NIV-202AB3DDE81F7CC7 | BASKET | CONTEMPORARY | PRONG | GOLD | KT_10 | 1ct | imgs:3
[21:53:37][PRINCESS] [682] ? NIV-8195F2F210626D98 | BASKET | CONTEMPORARY | PRONG | GOLD | KT_14 | 1ct | imgs:3
[21:53:41][PRINCESS] [683] ? NIV-8195F2F210626D98 | BASKET | CONTEMPORARY | PRONG | GOLD | KT_14 | 1ct | imgs:3
[21:53:46][PRINCESS] [684] ? NIV-8195F2F210626D98 | BASKET | CONTEMPORARY | PRONG | GOLD | KT_14 | 1ct | imgs:3
[21:53:49][PRINCESS] [685] ? NIV-4CC9D38B667FCE1A | BASKET | CONTEMPORARY | PRONG | GOLD | KT_14 | 1ct | imgs:3
[21:53:52][PRINCESS] [686] ? NIV-4CC9D38B667FCE1A | BASKET | CONTEMPORARY | PRONG | GOLD | KT_14 | 1ct | imgs:3
[21:53:56][PRINCESS] [687] ? NIV-4CC9D38B667FCE1A | BASKET | CONTEMPORARY | PRONG | GOLD | KT_14 | 1ct | imgs:3
[21:53:58][PRINCESS] [688] ? NIV-FE6B57C38C9D3101 | BASKET | CONTEMPORARY | PRONG | GOLD | KT_14 | 1ct | imgs:3
[21:54:02][PRINCESS] [689] ? NIV-FE6B57C38C9D3101 | BASKET | CONTEMPORARY | PRONG | GOLD | KT_14 | 1ct | imgs:3
[21:54:05][PRINCESS] [690] ? NIV-FE6B57C38C9D3101 | BASKET | CONTEMPORARY | PRONG | GOLD | KT_14 | 1ct | imgs:3
[21:54:08][PRINCESS] [691] ? NIV-7A1BBAD5DDBC2AC1 | BASKET | CONTEMPORARY | PRONG | GOLD | KT_18 | 1ct | imgs:3
[21:54:11][PRINCESS] [692] ? NIV-7A1BBAD5DDBC2AC1 | BASKET | CONTEMPORARY | PRONG | GOLD | KT_18 | 1ct | imgs:3
[21:54:16][PRINCESS] [693] ? NIV-7A1BBAD5DDBC2AC1 | BASKET | CONTEMPORARY | PRONG | GOLD | KT_18 | 1ct | imgs:3
[21:54:19][PRINCESS] [694] ? NIV-91A39030140489B4 | BASKET | CONTEMPORARY | PRONG | GOLD | KT_18 | 1ct | imgs:3
[21:54:22][PRINCESS] [695] ? NIV-91A39030140489B4 | BASKET | CONTEMPORARY | PRONG | GOLD | KT_18 | 1ct | imgs:3
[21:54:26][PRINCESS] [696] ? NIV-91A39030140489B4 | BASKET | CONTEMPORARY | PRONG | GOLD | KT_18 | 1ct | imgs:3
[21:54:28][PRINCESS] [697] ? NIV-D4C0D4E1AB39E760 | BASKET | CONTEMPORARY | PRONG | GOLD | KT_18 | 1ct | imgs:3
[21:54:31][PRINCESS] [698] ? NIV-D4C0D4E1AB39E760 | BASKET | CONTEMPORARY | PRONG | GOLD | KT_18 | 1ct | imgs:3
[21:54:35][PRINCESS] [699] ? NIV-D4C0D4E1AB39E760 | BASKET | CONTEMPORARY | PRONG | GOLD | KT_18 | 1ct | imgs:3
[21:54:37][PRINCESS] [700] ? NIV-614B41CBA77B4A59 | BASKET | CONTEMPORARY | PRONG | PLATINUM | PT_950 | 1ct | imgs:3
[21:54:46][PRINCESS] [701] ? NIV-59805E964A157A16 | BASKET | CONTEMPORARY | PRONG | GOLD | KT_10 | 1ct | imgs:3
[21:54:50][PRINCESS] [702] ? NIV-59805E964A157A16 | BASKET | CONTEMPORARY | PRONG | GOLD | KT_10 | 1ct | imgs:3
[21:54:53][PRINCESS] [703] ? NIV-59805E964A157A16 | BASKET | CONTEMPORARY | PRONG | GOLD | KT_10 | 1ct | imgs:3
[21:54:55][PRINCESS] [704] ? NIV-3988EFEDFA2FAF5F | BASKET | CONTEMPORARY | PRONG | GOLD | KT_10 | 1ct | imgs:3
[21:54:59][PRINCESS] [705] ? NIV-3988EFEDFA2FAF5F | BASKET | CONTEMPORARY | PRONG | GOLD | KT_10 | 1ct | imgs:3
[21:55:02][PRINCESS] [706] ? NIV-3988EFEDFA2FAF5F | BASKET | CONTEMPORARY | PRONG | GOLD | KT_10 | 1ct | imgs:3
[21:55:04][PRINCESS] [707] ? NIV-7AC068DD41D99545 | BASKET | CONTEMPORARY | PRONG | GOLD | KT_10 | 1ct | imgs:3
[21:55:08][PRINCESS] [708] ? NIV-7AC068DD41D99545 | BASKET | CONTEMPORARY | PRONG | GOLD | KT_10 | 1ct | imgs:3
[21:55:11][PRINCESS] [709] ? NIV-7AC068DD41D99545 | BASKET | CONTEMPORARY | PRONG | GOLD | KT_10 | 1ct | imgs:3
[21:55:13][PRINCESS] [710] ? NIV-0E8C05482AE5E67D | BASKET | CONTEMPORARY | PRONG | GOLD | KT_14 | 1ct | imgs:3
[21:55:16][PRINCESS] [711] ? NIV-0E8C05482AE5E67D | BASKET | CONTEMPORARY | PRONG | GOLD | KT_14 | 1ct | imgs:3
[21:55:22][PRINCESS] [712] ? NIV-0E8C05482AE5E67D | BASKET | CONTEMPORARY | PRONG | GOLD | KT_14 | 1ct | imgs:3
[21:55:25][PRINCESS] [713] ? NIV-DF317485D93A955A | BASKET | CONTEMPORARY | PRONG | GOLD | KT_14 | 1ct | imgs:3
[21:55:28][PRINCESS] [714] ? NIV-DF317485D93A955A | BASKET | CONTEMPORARY | PRONG | GOLD | KT_14 | 1ct | imgs:3
[21:55:34][PRINCESS] [715] ? NIV-DF317485D93A955A | BASKET | CONTEMPORARY | PRONG | GOLD | KT_14 | 1ct | imgs:3
[21:55:37][PRINCESS] [716] ? NIV-48FE46956C3966FC | BASKET | CONTEMPORARY | PRONG | GOLD | KT_14 | 1ct | imgs:3
[21:55:40][PRINCESS] [717] ? NIV-48FE46956C3966FC | BASKET | CONTEMPORARY | PRONG | GOLD | KT_14 | 1ct | imgs:3
[21:55:46][PRINCESS] [718] ? NIV-48FE46956C3966FC | BASKET | CONTEMPORARY | PRONG | GOLD | KT_14 | 1ct | imgs:3
[21:55:49][PRINCESS] [719] ? NIV-EB5CF4D91A94F99A | BASKET | CONTEMPORARY | PRONG | GOLD | KT_18 | 1ct | imgs:3
[21:55:53][PRINCESS] [720] ? NIV-EB5CF4D91A94F99A | BASKET | CONTEMPORARY | PRONG | GOLD | KT_18 | 1ct | imgs:3
[21:55:56][PRINCESS] [721] ? NIV-EB5CF4D91A94F99A | BASKET | CONTEMPORARY | PRONG | GOLD | KT_18 | 1ct | imgs:3
[21:55:58][PRINCESS] [722] ? NIV-FAD44999F27622A7 | BASKET | CONTEMPORARY | PRONG | GOLD | KT_18 | 1ct | imgs:3
[21:56:02][PRINCESS] [723] ? NIV-FAD44999F27622A7 | BASKET | CONTEMPORARY | PRONG | GOLD | KT_18 | 1ct | imgs:3
[21:56:05][PRINCESS] [724] ? NIV-FAD44999F27622A7 | BASKET | CONTEMPORARY | PRONG | GOLD | KT_18 | 1ct | imgs:3
[21:56:07][PRINCESS] [725] ? NIV-C60C21F9A82AEF4D | BASKET | CONTEMPORARY | PRONG | GOLD | KT_18 | 1ct | imgs:3
[21:56:10][PRINCESS] [726] ? NIV-C60C21F9A82AEF4D | BASKET | CONTEMPORARY | PRONG | GOLD | KT_18 | 1ct | imgs:3
[21:56:17][PRINCESS] [727] ? NIV-C60C21F9A82AEF4D | BASKET | CONTEMPORARY | PRONG | GOLD | KT_18 | 1ct | imgs:3
[21:56:19][PRINCESS] [728] ? NIV-4991C5B5E121EF56 | BASKET | CONTEMPORARY | PRONG | PLATINUM | PT_950 | 1ct | imgs:3
[21:56:25][PRINCESS] [729] ? NIV-56A6510398DF519F | BASKET | CONTEMPORARY | PRONG | GOLD | KT_10 | 1ct | imgs:3
[21:56:28][PRINCESS] [730] ? NIV-56A6510398DF519F | BASKET | CONTEMPORARY | PRONG | GOLD | KT_10 | 1ct | imgs:3
[21:56:32][PRINCESS] [731] ? NIV-56A6510398DF519F | BASKET | CONTEMPORARY | PRONG | GOLD | KT_10 | 1ct | imgs:3
[21:56:34][PRINCESS] [732] ? NIV-68E8C60296DD99BA | BASKET | CONTEMPORARY | PRONG | GOLD | KT_10 | 1ct | imgs:3
[21:56:37][PRINCESS] [733] ? NIV-68E8C60296DD99BA | BASKET | CONTEMPORARY | PRONG | GOLD | KT_10 | 1ct | imgs:3
[21:56:41][PRINCESS] [734] ? NIV-68E8C60296DD99BA | BASKET | CONTEMPORARY | PRONG | GOLD | KT_10 | 1ct | imgs:3
[21:56:43][PRINCESS] [735] ? NIV-06489551B3F6C2AA | BASKET | CONTEMPORARY | PRONG | GOLD | KT_10 | 1ct | imgs:3
[21:56:47][PRINCESS] [736] ? NIV-06489551B3F6C2AA | BASKET | CONTEMPORARY | PRONG | GOLD | KT_10 | 1ct | imgs:3
[21:56:50][PRINCESS] [737] ? NIV-06489551B3F6C2AA | BASKET | CONTEMPORARY | PRONG | GOLD | KT_10 | 1ct | imgs:3
[21:56:53][PRINCESS] [738] ? NIV-9B348E2E80826CA8 | BASKET | CONTEMPORARY | PRONG | GOLD | KT_14 | 1ct | imgs:3
[21:56:56][PRINCESS] [739] ? NIV-9B348E2E80826CA8 | BASKET | CONTEMPORARY | PRONG | GOLD | KT_14 | 1ct | imgs:3
[21:57:01][PRINCESS] [740] ? NIV-9B348E2E80826CA8 | BASKET | CONTEMPORARY | PRONG | GOLD | KT_14 | 1ct | imgs:3
[21:57:04][PRINCESS] [741] ? NIV-0C332FD2A60AAB40 | BASKET | CONTEMPORARY | PRONG | GOLD | KT_14 | 1ct | imgs:3
[21:57:08][PRINCESS] [742] ? NIV-0C332FD2A60AAB40 | BASKET | CONTEMPORARY | PRONG | GOLD | KT_14 | 1ct | imgs:3
[21:57:11][PRINCESS] [743] ? NIV-0C332FD2A60AAB40 | BASKET | CONTEMPORARY | PRONG | GOLD | KT_14 | 1ct | imgs:3
[21:57:13][PRINCESS] [744] ? NIV-6A546EE349C444A5 | BASKET | CONTEMPORARY | PRONG | GOLD | KT_14 | 1ct | imgs:3
[21:57:16][PRINCESS] [745] ? NIV-6A546EE349C444A5 | BASKET | CONTEMPORARY | PRONG | GOLD | KT_14 | 1ct | imgs:3
[21:57:20][PRINCESS] [746] ? NIV-6A546EE349C444A5 | BASKET | CONTEMPORARY | PRONG | GOLD | KT_14 | 1ct | imgs:3
[21:57:22][PRINCESS] [747] ? NIV-8CEF111A3B87EFB8 | BASKET | CONTEMPORARY | PRONG | GOLD | KT_18 | 1ct | imgs:3
[21:57:28][PRINCESS] [748] ? NIV-8CEF111A3B87EFB8 | BASKET | CONTEMPORARY | PRONG | GOLD | KT_18 | 1ct | imgs:3
[21:57:32][PRINCESS] [749] ? NIV-8CEF111A3B87EFB8 | BASKET | CONTEMPORARY | PRONG | GOLD | KT_18 | 1ct | imgs:3
[21:57:34][PRINCESS] [750] ? NIV-49D0B01D8A7126CF | BASKET | CONTEMPORARY | PRONG | GOLD | KT_18 | 1ct | imgs:3
[21:57:37][PRINCESS] [751] ? NIV-49D0B01D8A7126CF | BASKET | CONTEMPORARY | PRONG | GOLD | KT_18 | 1ct | imgs:3
[21:57:41][PRINCESS] [752] ? NIV-49D0B01D8A7126CF | BASKET | CONTEMPORARY | PRONG | GOLD | KT_18 | 1ct | imgs:3
[21:57:43][PRINCESS] [753] ? NIV-62643C977A53A0BA | BASKET | CONTEMPORARY | PRONG | GOLD | KT_18 | 1ct | imgs:3
[21:57:46][PRINCESS] [754] ? NIV-62643C977A53A0BA | BASKET | CONTEMPORARY | PRONG | GOLD | KT_18 | 1ct | imgs:3
[21:57:49][PRINCESS] [755] ? NIV-62643C977A53A0BA | BASKET | CONTEMPORARY | PRONG | GOLD | KT_18 | 1ct | imgs:3
[21:57:52][PRINCESS] [756] ? NIV-B35643ACEF4838AD | BASKET | CONTEMPORARY | PRONG | PLATINUM | PT_950 | 1ct | imgs:3
[21:57:56][PRINCESS] [757] ? NIV-BC4808169AF131AE | BASKET | CONTEMPORARY | PRONG | GOLD | KT_10 | 1ct | imgs:3
[21:58:01][PRINCESS] [758] ? NIV-BC4808169AF131AE | BASKET | CONTEMPORARY | PRONG | GOLD | KT_10 | 1ct | imgs:3
[21:58:05][PRINCESS] [759] ? NIV-BC4808169AF131AE | BASKET | CONTEMPORARY | PRONG | GOLD | KT_10 | 1ct | imgs:3
[21:58:07][PRINCESS] [760] ? NIV-58F320F993FFCE92 | BASKET | CONTEMPORARY | PRONG | GOLD | KT_10 | 1ct | imgs:3
[21:58:11][PRINCESS] [761] ? NIV-58F320F993FFCE92 | BASKET | CONTEMPORARY | PRONG | GOLD | KT_10 | 1ct | imgs:3
[21:58:14][PRINCESS] [762] ? NIV-58F320F993FFCE92 | BASKET | CONTEMPORARY | PRONG | GOLD | KT_10 | 1ct | imgs:3
[21:58:16][PRINCESS] [763] ? NIV-0D1B27211AA9E17C | BASKET | CONTEMPORARY | PRONG | GOLD | KT_10 | 1ct | imgs:3
[21:58:19][PRINCESS] [764] ? NIV-0D1B27211AA9E17C | BASKET | CONTEMPORARY | PRONG | GOLD | KT_10 | 1ct | imgs:3
[21:58:23][PRINCESS] [765] ? NIV-0D1B27211AA9E17C | BASKET | CONTEMPORARY | PRONG | GOLD | KT_10 | 1ct | imgs:3
[21:58:28][PRINCESS] [766] ? NIV-6FD62065616DF19C | BASKET | CONTEMPORARY | PRONG | GOLD | KT_14 | 1ct | imgs:3
[21:58:32][PRINCESS] [767] ? NIV-6FD62065616DF19C | BASKET | CONTEMPORARY | PRONG | GOLD | KT_14 | 1ct | imgs:3
[21:58:37][PRINCESS] [768] ? NIV-6FD62065616DF19C | BASKET | CONTEMPORARY | PRONG | GOLD | KT_14 | 1ct | imgs:3
[21:58:40][PRINCESS] [769] ? NIV-AA65853E978DF5C9 | BASKET | CONTEMPORARY | PRONG | GOLD | KT_14 | 1ct | imgs:3
[21:58:44][PRINCESS] [770] ? NIV-AA65853E978DF5C9 | BASKET | CONTEMPORARY | PRONG | GOLD | KT_14 | 1ct | imgs:3
[21:58:49][PRINCESS] [771] ? NIV-AA65853E978DF5C9 | BASKET | CONTEMPORARY | PRONG | GOLD | KT_14 | 1ct | imgs:3
[21:58:52][PRINCESS] [772] ? NIV-10356C8380E73FDC | BASKET | CONTEMPORARY | PRONG | GOLD | KT_14 | 1ct | imgs:3
[21:58:56][PRINCESS] [773] ? NIV-10356C8380E73FDC | BASKET | CONTEMPORARY | PRONG | GOLD | KT_14 | 1ct | imgs:3
[21:59:01][PRINCESS] [774] ? NIV-10356C8380E73FDC | BASKET | CONTEMPORARY | PRONG | GOLD | KT_14 | 1ct | imgs:3
[21:59:04][PRINCESS] [775] ? NIV-E2D1E1AD581B39D9 | BASKET | CONTEMPORARY | PRONG | GOLD | KT_18 | 1ct | imgs:3
[21:59:08][PRINCESS] [776] ? NIV-E2D1E1AD581B39D9 | BASKET | CONTEMPORARY | PRONG | GOLD | KT_18 | 1ct | imgs:3
[21:59:13][PRINCESS] [777] ? NIV-E2D1E1AD581B39D9 | BASKET | CONTEMPORARY | PRONG | GOLD | KT_18 | 1ct | imgs:3
[21:59:16][PRINCESS] [778] ? NIV-18A1105D3BE5B960 | BASKET | CONTEMPORARY | PRONG | GOLD | KT_18 | 1ct | imgs:3
[21:59:20][PRINCESS] [779] ? NIV-18A1105D3BE5B960 | BASKET | CONTEMPORARY | PRONG | GOLD | KT_18 | 1ct | imgs:3
[21:59:25][PRINCESS] [780] ? NIV-18A1105D3BE5B960 | BASKET | CONTEMPORARY | PRONG | GOLD | KT_18 | 1ct | imgs:3
[21:59:28][PRINCESS] [781] ? NIV-12E333C3773A3241 | BASKET | CONTEMPORARY | PRONG | GOLD | KT_18 | 1ct | imgs:3
[21:59:32][PRINCESS] [782] ? NIV-12E333C3773A3241 | BASKET | CONTEMPORARY | PRONG | GOLD | KT_18 | 1ct | imgs:3
[21:59:35][PRINCESS] [783] ? NIV-12E333C3773A3241 | BASKET | CONTEMPORARY | PRONG | GOLD | KT_18 | 1ct | imgs:3
[21:59:37][PRINCESS] [784] ? NIV-F916591C75571C4A | BASKET | CONTEMPORARY | PRONG | PLATINUM | PT_950 | 1ct | imgs:3
[21:59:44][PRINCESS] [785] ? NIV-DE4CCDDB0BD979AA | BASKET | CONTEMPORARY | PRONG | GOLD | KT_10 | 1ct | imgs:3
[21:59:47][PRINCESS] [786] ? NIV-DE4CCDDB0BD979AA | BASKET | CONTEMPORARY | PRONG | GOLD | KT_10 | 1ct | imgs:3
[21:59:52][PRINCESS] [787] ? NIV-DE4CCDDB0BD979AA | BASKET | CONTEMPORARY | PRONG | GOLD | KT_10 | 1ct | imgs:3
[21:59:55][PRINCESS] [788] ? NIV-E440C263D96BB09D | BASKET | CONTEMPORARY | PRONG | GOLD | KT_10 | 1ct | imgs:3
[21:59:58][PRINCESS] [789] ? NIV-E440C263D96BB09D | BASKET | CONTEMPORARY | PRONG | GOLD | KT_10 | 1ct | imgs:3
[22:00:04][PRINCESS] [790] ? NIV-E440C263D96BB09D | BASKET | CONTEMPORARY | PRONG | GOLD | KT_10 | 1ct | imgs:3
[22:00:07][PRINCESS] [791] ? NIV-02F027C649BAEF78 | BASKET | CONTEMPORARY | PRONG | GOLD | KT_10 | 1ct | imgs:3
[22:00:10][PRINCESS] [792] ? NIV-02F027C649BAEF78 | BASKET | CONTEMPORARY | PRONG | GOLD | KT_10 | 1ct | imgs:3
[22:00:14][PRINCESS] [793] ? NIV-02F027C649BAEF78 | BASKET | CONTEMPORARY | PRONG | GOLD | KT_10 | 1ct | imgs:3
[22:00:17][PRINCESS] [794] ? NIV-E79DF32D931E4E2B | BASKET | CONTEMPORARY | PRONG | GOLD | KT_14 | 1ct | imgs:3
[22:00:22][PRINCESS] [795] ? NIV-E79DF32D931E4E2B | BASKET | CONTEMPORARY | PRONG | GOLD | KT_14 | 1ct | imgs:3
[22:00:26][PRINCESS] [796] ? NIV-E79DF32D931E4E2B | BASKET | CONTEMPORARY | PRONG | GOLD | KT_14 | 1ct | imgs:3
[22:00:28][PRINCESS] [797] ? NIV-B1A2E9E5377F4AFA | BASKET | CONTEMPORARY | PRONG | GOLD | KT_14 | 1ct | imgs:3
[22:00:32][PRINCESS] [798] ? NIV-B1A2E9E5377F4AFA | BASKET | CONTEMPORARY | PRONG | GOLD | KT_14 | 1ct | imgs:3
[22:00:35][PRINCESS] [799] ? NIV-B1A2E9E5377F4AFA | BASKET | CONTEMPORARY | PRONG | GOLD | KT_14 | 1ct | imgs:3
[22:00:37][PRINCESS] [800] ? NIV-45D38D210F569821 | BASKET | CONTEMPORARY | PRONG | GOLD | KT_14 | 1ct | imgs:3
[22:00:41][PRINCESS] [801] ? NIV-45D38D210F569821 | BASKET | CONTEMPORARY | PRONG | GOLD | KT_14 | 1ct | imgs:3
[22:00:44][PRINCESS] [802] ? NIV-45D38D210F569821 | BASKET | CONTEMPORARY | PRONG | GOLD | KT_14 | 1ct | imgs:3
[22:00:47][PRINCESS] [803] ? NIV-E2EDC68A18BBBE7B | BASKET | CONTEMPORARY | PRONG | GOLD | KT_18 | 1ct | imgs:3
[22:00:52][PRINCESS] [804] ? NIV-E2EDC68A18BBBE7B | BASKET | CONTEMPORARY | PRONG | GOLD | KT_18 | 1ct | imgs:3
[22:00:55][PRINCESS] [805] ? NIV-E2EDC68A18BBBE7B | BASKET | CONTEMPORARY | PRONG | GOLD | KT_18 | 1ct | imgs:3
[22:00:58][PRINCESS] [806] ? NIV-40679D2E925D8152 | BASKET | CONTEMPORARY | PRONG | GOLD | KT_18 | 1ct | imgs:3
[22:01:01][PRINCESS] [807] ? NIV-40679D2E925D8152 | BASKET | CONTEMPORARY | PRONG | GOLD | KT_18 | 1ct | imgs:3
[22:01:05][PRINCESS] [808] ? NIV-40679D2E925D8152 | BASKET | CONTEMPORARY | PRONG | GOLD | KT_18 | 1ct | imgs:3
[22:01:07][PRINCESS] [809] ? NIV-D0D68D6E638997A8 | BASKET | CONTEMPORARY | PRONG | GOLD | KT_18 | 1ct | imgs:3
[22:01:11][PRINCESS] [810] ? NIV-D0D68D6E638997A8 | BASKET | CONTEMPORARY | PRONG | GOLD | KT_18 | 1ct | imgs:3
[22:01:14][PRINCESS] [811] ? NIV-D0D68D6E638997A8 | BASKET | CONTEMPORARY | PRONG | GOLD | KT_18 | 1ct | imgs:3
[22:01:16][PRINCESS] [812] ? NIV-521627FAE72D0529 | BASKET | CONTEMPORARY | PRONG | PLATINUM | PT_950 | 1ct | imgs:3
[22:01:22][PRINCESS] [813] ? NIV-B1A2F057D1F6EE49 | BASKET | CONTEMPORARY | PRONG | GOLD | KT_10 | 1ct | imgs:3
[22:01:25][PRINCESS] [814] ? NIV-B1A2F057D1F6EE49 | BASKET | CONTEMPORARY | PRONG | GOLD | KT_10 | 1ct | imgs:3
[22:01:28][PRINCESS] [815] ? NIV-B1A2F057D1F6EE49 | BASKET | CONTEMPORARY | PRONG | GOLD | KT_10 | 1ct | imgs:3
[22:01:31][PRINCESS] [816] ? NIV-C48166198A95469E | BASKET | CONTEMPORARY | PRONG | GOLD | KT_10 | 1ct | imgs:3
[22:01:35][PRINCESS] [817] ? NIV-C48166198A95469E | BASKET | CONTEMPORARY | PRONG | GOLD | KT_10 | 1ct | imgs:3
[22:01:38][PRINCESS] [818] ? NIV-C48166198A95469E | BASKET | CONTEMPORARY | PRONG | GOLD | KT_10 | 1ct | imgs:3
[22:01:40][PRINCESS] [819] ? NIV-95BBFDA887C07FA6 | BASKET | CONTEMPORARY | PRONG | GOLD | KT_10 | 1ct | imgs:3
[22:01:44][PRINCESS] [820] ? NIV-95BBFDA887C07FA6 | BASKET | CONTEMPORARY | PRONG | GOLD | KT_10 | 1ct | imgs:3
[22:01:47][PRINCESS] [821] ? NIV-95BBFDA887C07FA6 | BASKET | CONTEMPORARY | PRONG | GOLD | KT_10 | 1ct | imgs:3
[22:01:50][PRINCESS] [822] ? NIV-DDDD40C657CA0332 | BASKET | CONTEMPORARY | PRONG | GOLD | KT_14 | 1ct | imgs:3
[22:01:55][PRINCESS] [823] ? NIV-DDDD40C657CA0332 | BASKET | CONTEMPORARY | PRONG | GOLD | KT_14 | 1ct | imgs:3
[22:01:59][PRINCESS] [824] ? NIV-DDDD40C657CA0332 | BASKET | CONTEMPORARY | PRONG | GOLD | KT_14 | 1ct | imgs:3
[22:02:01][PRINCESS] [825] ? NIV-4D747E1651C261FD | BASKET | CONTEMPORARY | PRONG | GOLD | KT_14 | 1ct | imgs:3
[22:02:05][PRINCESS] [826] ? NIV-4D747E1651C261FD | BASKET | CONTEMPORARY | PRONG | GOLD | KT_14 | 1ct | imgs:3
[22:02:10][PRINCESS] [827] ? NIV-4D747E1651C261FD | BASKET | CONTEMPORARY | PRONG | GOLD | KT_14 | 1ct | imgs:3
[22:02:13][PRINCESS] [828] ? NIV-F5276A3FBAE10AB0 | BASKET | CONTEMPORARY | PRONG | GOLD | KT_14 | 1ct | imgs:3
[22:02:17][PRINCESS] [829] ? NIV-F5276A3FBAE10AB0 | BASKET | CONTEMPORARY | PRONG | GOLD | KT_14 | 1ct | imgs:3
[22:02:22][PRINCESS] [830] ? NIV-F5276A3FBAE10AB0 | BASKET | CONTEMPORARY | PRONG | GOLD | KT_14 | 1ct | imgs:3
[22:02:25][PRINCESS] [831] ? NIV-92FB86BC44719299 | BASKET | CONTEMPORARY | PRONG | GOLD | KT_18 | 1ct | imgs:3
[22:02:29][PRINCESS] [832] ? NIV-92FB86BC44719299 | BASKET | CONTEMPORARY | PRONG | GOLD | KT_18 | 1ct | imgs:3
[22:02:34][PRINCESS] [833] ? NIV-92FB86BC44719299 | BASKET | CONTEMPORARY | PRONG | GOLD | KT_18 | 1ct | imgs:3
[22:02:37][PRINCESS] [834] ? NIV-4E12B5E930113DAE | BASKET | CONTEMPORARY | PRONG | GOLD | KT_18 | 1ct | imgs:3
[22:02:41][PRINCESS] [835] ? NIV-4E12B5E930113DAE | BASKET | CONTEMPORARY | PRONG | GOLD | KT_18 | 1ct | imgs:3
[22:02:46][PRINCESS] [836] ? NIV-4E12B5E930113DAE | BASKET | CONTEMPORARY | PRONG | GOLD | KT_18 | 1ct | imgs:3
[22:02:49][PRINCESS] [837] ? NIV-F0D16C0F6B739A6C | BASKET | CONTEMPORARY | PRONG | GOLD | KT_18 | 1ct | imgs:3
[22:02:53][PRINCESS] [838] ? NIV-F0D16C0F6B739A6C | BASKET | CONTEMPORARY | PRONG | GOLD | KT_18 | 1ct | imgs:3
[22:02:58][PRINCESS] [839] ? NIV-F0D16C0F6B739A6C | BASKET | CONTEMPORARY | PRONG | GOLD | KT_18 | 1ct | imgs:3
[22:03:01][PRINCESS] [840] ? NIV-34E29933E8E349CD | BASKET | CONTEMPORARY | PRONG | PLATINUM | PT_950 | 1ct | imgs:3
[22:03:07][PRINCESS] [841] ? NIV-C70A9502284BC77E | BASKET | CONTEMPORARY | PRONG | GOLD | KT_10 | 1ct | imgs:3
[22:03:11][PRINCESS] [842] ? NIV-C70A9502284BC77E | BASKET | CONTEMPORARY | PRONG | GOLD | KT_10 | 1ct | imgs:3
[22:03:16][PRINCESS] [843] ? NIV-C70A9502284BC77E | BASKET | CONTEMPORARY | PRONG | GOLD | KT_10 | 1ct | imgs:3
[22:03:19][PRINCESS] [844] ? NIV-765E5BB2A60FAB94 | BASKET | CONTEMPORARY | PRONG | GOLD | KT_10 | 1ct | imgs:2
[22:03:23][PRINCESS] [845] ? NIV-765E5BB2A60FAB94 | BASKET | CONTEMPORARY | PRONG | GOLD | KT_10 | 1ct | imgs:3
[22:03:28][PRINCESS] [846] ? NIV-765E5BB2A60FAB94 | BASKET | CONTEMPORARY | PRONG | GOLD | KT_10 | 1ct | imgs:3
[22:03:31][PRINCESS] [847] ? NIV-84BEC1DC0CB18B85 | BASKET | CONTEMPORARY | PRONG | GOLD | KT_10 | 1ct | imgs:3
[22:03:35][PRINCESS] [848] ? NIV-84BEC1DC0CB18B85 | BASKET | CONTEMPORARY | PRONG | GOLD | KT_10 | 1ct | imgs:3
[22:03:38][PRINCESS] [849] ? NIV-84BEC1DC0CB18B85 | BASKET | CONTEMPORARY | PRONG | GOLD | KT_10 | 1ct | imgs:3
[22:03:41][PRINCESS] [850] ? NIV-FFE90CAF948C975E | BASKET | CONTEMPORARY | PRONG | GOLD | KT_14 | 1ct | imgs:3
[22:03:47][PRINCESS] [851] ? NIV-FFE90CAF948C975E | BASKET | CONTEMPORARY | PRONG | GOLD | KT_14 | 1ct | imgs:3
[22:03:52][PRINCESS] [852] ? NIV-FFE90CAF948C975E | BASKET | CONTEMPORARY | PRONG | GOLD | KT_14 | 1ct | imgs:3
[22:03:55][PRINCESS] [853] ? NIV-CDD69AB052F699FA | BASKET | CONTEMPORARY | PRONG | GOLD | KT_14 | 1ct | imgs:3
[22:03:59][PRINCESS] [854] ? NIV-CDD69AB052F699FA | BASKET | CONTEMPORARY | PRONG | GOLD | KT_14 | 1ct | imgs:3
[22:04:02][PRINCESS] [855] ? NIV-CDD69AB052F699FA | BASKET | CONTEMPORARY | PRONG | GOLD | KT_14 | 1ct | imgs:3
[22:04:04][PRINCESS] [856] ? NIV-5CD97EC51A2D0BC9 | BASKET | CONTEMPORARY | PRONG | GOLD | KT_14 | 1ct | imgs:3
[22:04:08][PRINCESS] [857] ? NIV-5CD97EC51A2D0BC9 | BASKET | CONTEMPORARY | PRONG | GOLD | KT_14 | 1ct | imgs:3
[22:04:11][PRINCESS] [858] ? NIV-5CD97EC51A2D0BC9 | BASKET | CONTEMPORARY | PRONG | GOLD | KT_14 | 1ct | imgs:3
[22:04:14][PRINCESS] [859] ? NIV-3E7AD5DF19DB3118 | BASKET | CONTEMPORARY | PRONG | GOLD | KT_18 | 1ct | imgs:3
[22:04:19][PRINCESS] [860] ? NIV-3E7AD5DF19DB3118 | BASKET | CONTEMPORARY | PRONG | GOLD | KT_18 | 1ct | imgs:3
[22:04:22][PRINCESS] [861] ? NIV-3E7AD5DF19DB3118 | BASKET | CONTEMPORARY | PRONG | GOLD | KT_18 | 1ct | imgs:3
[22:04:33][PRINCESS] [862] ??  NIV-3E7AD5DF19DB3118 | BASKET | CONTEMPORARY | PRONG | GOLD | KT_18 | 1ct | imgs:0
[22:04:44][PRINCESS] [863] ? NIV-DBC7D1F231BA4788 | BASKET | CONTEMPORARY | PRONG | GOLD | KT_18 | 1ct | imgs:1
[22:04:49][PRINCESS] [864] ? NIV-DBC7D1F231BA4788 | BASKET | CONTEMPORARY | PRONG | GOLD | KT_18 | 1ct | imgs:3
[22:04:52][PRINCESS] [865] ? NIV-0B3907E7B55C25AD | BASKET | CONTEMPORARY | PRONG | GOLD | KT_18 | 1ct | imgs:3
[22:04:56][PRINCESS] [866] ? NIV-0B3907E7B55C25AD | BASKET | CONTEMPORARY | PRONG | GOLD | KT_18 | 1ct | imgs:3
[22:04:59][PRINCESS] [867] ? NIV-0B3907E7B55C25AD | BASKET | CONTEMPORARY | PRONG | GOLD | KT_18 | 1ct | imgs:3
[22:05:01][PRINCESS] [868] ? NIV-EB8CEA057F68838D | BASKET | CONTEMPORARY | PRONG | PLATINUM | PT_950 | 1ct | imgs:3
[22:05:07][PRINCESS] [869] ? NIV-907424FB9313C2E4 | BASKET | CONTEMPORARY | PRONG | GOLD | KT_10 | 1ct | imgs:3
[22:05:11][PRINCESS] [870] ? NIV-907424FB9313C2E4 | BASKET | CONTEMPORARY | PRONG | GOLD | KT_10 | 1ct | imgs:3
[22:05:16][PRINCESS] [871] ? NIV-907424FB9313C2E4 | BASKET | CONTEMPORARY | PRONG | GOLD | KT_10 | 1ct | imgs:3
[22:05:19][PRINCESS] [872] ? NIV-4368B100BA51FF17 | BASKET | CONTEMPORARY | PRONG | GOLD | KT_10 | 1ct | imgs:3
[22:05:22][PRINCESS] [873] ? NIV-4368B100BA51FF17 | BASKET | CONTEMPORARY | PRONG | GOLD | KT_10 | 1ct | imgs:3
[22:05:28][PRINCESS] [874] ? NIV-4368B100BA51FF17 | BASKET | CONTEMPORARY | PRONG | GOLD | KT_10 | 1ct | imgs:3
[22:05:31][PRINCESS] [875] ? NIV-53FCBAF2DA58C21E | BASKET | CONTEMPORARY | PRONG | GOLD | KT_10 | 1ct | imgs:3
[22:05:34][PRINCESS] [876] ? NIV-53FCBAF2DA58C21E | BASKET | CONTEMPORARY | PRONG | GOLD | KT_10 | 1ct | imgs:3
[22:05:38][PRINCESS] [877] ? NIV-53FCBAF2DA58C21E | BASKET | CONTEMPORARY | PRONG | GOLD | KT_10 | 1ct | imgs:3
[22:05:43][PRINCESS] [878] ? NIV-40F88A6543A198AB | BASKET | CONTEMPORARY | PRONG | GOLD | KT_14 | 1ct | imgs:3
[22:05:46][PRINCESS] [879] ? NIV-40F88A6543A198AB | BASKET | CONTEMPORARY | PRONG | GOLD | KT_14 | 1ct | imgs:3
[22:05:52][PRINCESS] [880] ? NIV-40F88A6543A198AB | BASKET | CONTEMPORARY | PRONG | GOLD | KT_14 | 1ct | imgs:3
[22:05:55][PRINCESS] [881] ? NIV-93160CD8B25B8BCE | BASKET | CONTEMPORARY | PRONG | GOLD | KT_14 | 1ct | imgs:3
[22:05:58][PRINCESS] [882] ? NIV-93160CD8B25B8BCE | BASKET | CONTEMPORARY | PRONG | GOLD | KT_14 | 1ct | imgs:3
[22:06:04][PRINCESS] [883] ? NIV-93160CD8B25B8BCE | BASKET | CONTEMPORARY | PRONG | GOLD | KT_14 | 1ct | imgs:3
[22:06:07][PRINCESS] [884] ? NIV-33C386F1B6E4E9D6 | BASKET | CONTEMPORARY | PRONG | GOLD | KT_14 | 1ct | imgs:3
[22:06:10][PRINCESS] [885] ? NIV-33C386F1B6E4E9D6 | BASKET | CONTEMPORARY | PRONG | GOLD | KT_14 | 1ct | imgs:3
[22:06:14][PRINCESS] [886] ? NIV-33C386F1B6E4E9D6 | BASKET | CONTEMPORARY | PRONG | GOLD | KT_14 | 1ct | imgs:3
[22:06:17][PRINCESS] [887] ? NIV-5A787EBF3B80B9EA | BASKET | CONTEMPORARY | PRONG | GOLD | KT_18 | 1ct | imgs:3
[22:06:22][PRINCESS] [888] ? NIV-5A787EBF3B80B9EA | BASKET | CONTEMPORARY | PRONG | GOLD | KT_18 | 1ct | imgs:3
[22:06:25][PRINCESS] [889] ? NIV-5A787EBF3B80B9EA | BASKET | CONTEMPORARY | PRONG | GOLD | KT_18 | 1ct | imgs:3
[22:06:28][PRINCESS] [890] ? NIV-16B03B6CC84DA7EF | BASKET | CONTEMPORARY | PRONG | GOLD | KT_18 | 1ct | imgs:3
[22:06:32][PRINCESS] [891] ? NIV-16B03B6CC84DA7EF | BASKET | CONTEMPORARY | PRONG | GOLD | KT_18 | 1ct | imgs:3
[22:06:37][PRINCESS] [892] ? NIV-16B03B6CC84DA7EF | BASKET | CONTEMPORARY | PRONG | GOLD | KT_18 | 1ct | imgs:3
[22:06:40][PRINCESS] [893] ? NIV-351CE1094D80AEF8 | BASKET | CONTEMPORARY | PRONG | GOLD | KT_18 | 1ct | imgs:3
[22:06:43][PRINCESS] [894] ? NIV-351CE1094D80AEF8 | BASKET | CONTEMPORARY | PRONG | GOLD | KT_18 | 1ct | imgs:3
[22:06:47][PRINCESS] [895] ? NIV-351CE1094D80AEF8 | BASKET | CONTEMPORARY | PRONG | GOLD | KT_18 | 1ct | imgs:3
[22:06:49][PRINCESS] [896] ? NIV-6B0D1E798009A64A | BASKET | CONTEMPORARY | PRONG | PLATINUM | PT_950 | 1ct | imgs:3
[22:06:55][PRINCESS] [897] ? NIV-C6E441C61D5D2E22 | BASKET | CONTEMPORARY | PRONG | GOLD | KT_10 | 1ct | imgs:3
[22:06:58][PRINCESS] [898] ? NIV-C6E441C61D5D2E22 | BASKET | CONTEMPORARY | PRONG | GOLD | KT_10 | 1ct | imgs:3
[22:07:02][PRINCESS] [899] ? NIV-C6E441C61D5D2E22 | BASKET | CONTEMPORARY | PRONG | GOLD | KT_10 | 1ct | imgs:3
[22:07:04][PRINCESS] [900] ? NIV-2A5254A7D0E3D42A | BASKET | CONTEMPORARY | PRONG | GOLD | KT_10 | 1ct | imgs:3
[22:07:08][PRINCESS] [901] ? NIV-2A5254A7D0E3D42A | BASKET | CONTEMPORARY | PRONG | GOLD | KT_10 | 1ct | imgs:3
[22:07:11][PRINCESS] [902] ? NIV-2A5254A7D0E3D42A | BASKET | CONTEMPORARY | PRONG | GOLD | KT_10 | 1ct | imgs:3
[22:07:13][PRINCESS] [903] ? NIV-2E69E30E78405F26 | BASKET | CONTEMPORARY | PRONG | GOLD | KT_10 | 1ct | imgs:3
[22:07:17][PRINCESS] [904] ? NIV-2E69E30E78405F26 | BASKET | CONTEMPORARY | PRONG | GOLD | KT_10 | 1ct | imgs:3
[22:07:20][PRINCESS] [905] ? NIV-2E69E30E78405F26 | BASKET | CONTEMPORARY | PRONG | GOLD | KT_10 | 1ct | imgs:3
[22:07:23][PRINCESS] [906] ? NIV-76F54AE44B0F9079 | BASKET | CONTEMPORARY | PRONG | GOLD | KT_14 | 1ct | imgs:3
[22:07:28][PRINCESS] [907] ? NIV-76F54AE44B0F9079 | BASKET | CONTEMPORARY | PRONG | GOLD | KT_14 | 1ct | imgs:3
[22:07:32][PRINCESS] [908] ? NIV-76F54AE44B0F9079 | BASKET | CONTEMPORARY | PRONG | GOLD | KT_14 | 1ct | imgs:3
[22:07:34][PRINCESS] [909] ? NIV-28DF8888EBC13034 | BASKET | CONTEMPORARY | PRONG | GOLD | KT_14 | 1ct | imgs:3
[22:07:37][PRINCESS] [910] ? NIV-28DF8888EBC13034 | BASKET | CONTEMPORARY | PRONG | GOLD | KT_14 | 1ct | imgs:3
[22:07:41][PRINCESS] [911] ? NIV-28DF8888EBC13034 | BASKET | CONTEMPORARY | PRONG | GOLD | KT_14 | 1ct | imgs:3
[22:07:43][PRINCESS] [912] ? NIV-32F654CA6AE2E125 | BASKET | CONTEMPORARY | PRONG | GOLD | KT_14 | 1ct | imgs:3
[22:07:46][PRINCESS] [913] ? NIV-32F654CA6AE2E125 | BASKET | CONTEMPORARY | PRONG | GOLD | KT_14 | 1ct | imgs:3
[22:07:50][PRINCESS] [914] ? NIV-32F654CA6AE2E125 | BASKET | CONTEMPORARY | PRONG | GOLD | KT_14 | 1ct | imgs:3
[22:07:52][PRINCESS] [915] ? NIV-6E372B8B8805B81E | BASKET | CONTEMPORARY | PRONG | GOLD | KT_18 | 1ct | imgs:3
[22:07:56][PRINCESS] [916] ? NIV-6E372B8B8805B81E | BASKET | CONTEMPORARY | PRONG | GOLD | KT_18 | 1ct | imgs:3
[22:08:01][PRINCESS] [917] ? NIV-6E372B8B8805B81E | BASKET | CONTEMPORARY | PRONG | GOLD | KT_18 | 1ct | imgs:3
[22:08:04][PRINCESS] [918] ? NIV-2B275CBA5F67AD5A | BASKET | CONTEMPORARY | PRONG | GOLD | KT_18 | 1ct | imgs:3
[22:08:08][PRINCESS] [919] ? NIV-2B275CBA5F67AD5A | BASKET | CONTEMPORARY | PRONG | GOLD | KT_18 | 1ct | imgs:3
[22:08:13][PRINCESS] [920] ? NIV-2B275CBA5F67AD5A | BASKET | CONTEMPORARY | PRONG | GOLD | KT_18 | 1ct | imgs:3
[22:08:16][PRINCESS] [921] ? NIV-5514CE6E8D1D320E | BASKET | CONTEMPORARY | PRONG | GOLD | KT_18 | 1ct | imgs:3
[22:08:20][PRINCESS] [922] ? NIV-5514CE6E8D1D320E | BASKET | CONTEMPORARY | PRONG | GOLD | KT_18 | 1ct | imgs:3
[22:08:23][PRINCESS] [923] ? NIV-5514CE6E8D1D320E | BASKET | CONTEMPORARY | PRONG | GOLD | KT_18 | 1ct | imgs:3
[22:08:25][PRINCESS] [924] ? NIV-13944883523182D0 | BASKET | CONTEMPORARY | PRONG | PLATINUM | PT_950 | 1ct | imgs:3
[22:08:31][PRINCESS] [925] ? NIV-E1454EC626FB4695 | BASKET | CONTEMPORARY | PRONG | GOLD | KT_10 | 1ct | imgs:3
[22:08:35][PRINCESS] [926] ? NIV-E1454EC626FB4695 | BASKET | CONTEMPORARY | PRONG | GOLD | KT_10 | 1ct | imgs:3
[22:08:38][PRINCESS] [927] ? NIV-E1454EC626FB4695 | BASKET | CONTEMPORARY | PRONG | GOLD | KT_10 | 1ct | imgs:3
[22:08:40][PRINCESS] [928] ? NIV-61D18022FD2C2DA9 | BASKET | CONTEMPORARY | PRONG | GOLD | KT_10 | 1ct | imgs:3
[22:08:44][PRINCESS] [929] ? NIV-61D18022FD2C2DA9 | BASKET | CONTEMPORARY | PRONG | GOLD | KT_10 | 1ct | imgs:3
[22:08:49][PRINCESS] [930] ? NIV-61D18022FD2C2DA9 | BASKET | CONTEMPORARY | PRONG | GOLD | KT_10 | 1ct | imgs:3
[22:08:52][PRINCESS] [931] ? NIV-445A3C3A750F8405 | BASKET | CONTEMPORARY | PRONG | GOLD | KT_10 | 1ct | imgs:3
[22:08:55][PRINCESS] [932] ? NIV-445A3C3A750F8405 | BASKET | CONTEMPORARY | PRONG | GOLD | KT_10 | 1ct | imgs:3
[22:08:59][PRINCESS] [933] ? NIV-445A3C3A750F8405 | BASKET | CONTEMPORARY | PRONG | GOLD | KT_10 | 1ct | imgs:3
[22:09:02][PRINCESS] [934] ? NIV-EDDA656D99246F10 | BASKET | CONTEMPORARY | PRONG | GOLD | KT_14 | 1ct | imgs:2
[22:09:07][PRINCESS] [935] ? NIV-EDDA656D99246F10 | BASKET | CONTEMPORARY | PRONG | GOLD | KT_14 | 1ct | imgs:3
[22:09:11][PRINCESS] [936] ? NIV-EDDA656D99246F10 | BASKET | CONTEMPORARY | PRONG | GOLD | KT_14 | 1ct | imgs:3
[22:09:13][PRINCESS] [937] ? NIV-DD7C3BB0C8546E8D | BASKET | CONTEMPORARY | PRONG | GOLD | KT_14 | 1ct | imgs:3
[22:09:17][PRINCESS] [938] ? NIV-DD7C3BB0C8546E8D | BASKET | CONTEMPORARY | PRONG | GOLD | KT_14 | 1ct | imgs:3
[22:09:20][PRINCESS] [939] ? NIV-DD7C3BB0C8546E8D | BASKET | CONTEMPORARY | PRONG | GOLD | KT_14 | 1ct | imgs:3
[22:09:22][PRINCESS] [940] ? NIV-82244946777AFF1F | BASKET | CONTEMPORARY | PRONG | GOLD | KT_14 | 1ct | imgs:3
[22:09:26][PRINCESS] [941] ? NIV-82244946777AFF1F | BASKET | CONTEMPORARY | PRONG | GOLD | KT_14 | 1ct | imgs:3
[22:09:31][PRINCESS] [942] ? NIV-82244946777AFF1F | BASKET | CONTEMPORARY | PRONG | GOLD | KT_14 | 1ct | imgs:3
[22:09:34][PRINCESS] [943] ? NIV-65E4066F45EEF3A4 | BASKET | CONTEMPORARY | PRONG | GOLD | KT_18 | 1ct | imgs:3
[22:09:37][PRINCESS] [944] ? NIV-65E4066F45EEF3A4 | BASKET | CONTEMPORARY | PRONG | GOLD | KT_18 | 1ct | imgs:3
[22:09:41][PRINCESS] [945] ? NIV-65E4066F45EEF3A4 | BASKET | CONTEMPORARY | PRONG | GOLD | KT_18 | 1ct | imgs:3
[22:09:43][PRINCESS] [946] ? NIV-97A81C8822110B2B | BASKET | CONTEMPORARY | PRONG | GOLD | KT_18 | 1ct | imgs:3
[22:09:47][PRINCESS] [947] ? NIV-97A81C8822110B2B | BASKET | CONTEMPORARY | PRONG | GOLD | KT_18 | 1ct | imgs:3
[22:09:50][PRINCESS] [948] ? NIV-97A81C8822110B2B | BASKET | CONTEMPORARY | PRONG | GOLD | KT_18 | 1ct | imgs:3
[22:09:52][PRINCESS] [949] ? NIV-BC661633D4F0E9CE | BASKET | CONTEMPORARY | PRONG | GOLD | KT_18 | 1ct | imgs:3
[22:09:56][PRINCESS] [950] ? NIV-BC661633D4F0E9CE | BASKET | CONTEMPORARY | PRONG | GOLD | KT_18 | 1ct | imgs:3
[22:09:59][PRINCESS]   Re-seleccionando PRINCESS (intento 1)
[22:09:59][PRINCESS]   Boton no encontrado ? recargando configurador...
[22:10:14][PRINCESS]   Re-seleccionando PRINCESS (intento 2)
[22:10:17][PRINCESS] [951] ? NIV-58D80612BA34FED5 | BASKET | CONTEMPORARY | PRONG | GOLD | KT_18 | 1ct | imgs:3
[22:10:20][PRINCESS] [952] ? NIV-D04C0916386418DA | BASKET | CONTEMPORARY | PRONG | PLATINUM | PT_950 | 1ct | imgs:3
[22:10:26][PRINCESS] [953] ? NIV-391CB0554D292793 | BASKET | CONTEMPORARY | BEAD | GOLD | KT_10 | 1ct | imgs:3
[22:10:29][PRINCESS] [954] ? NIV-391CB0554D292793 | BASKET | CONTEMPORARY | BEAD | GOLD | KT_10 | 1ct | imgs:3
[22:10:35][PRINCESS] [955] ? NIV-391CB0554D292793 | BASKET | CONTEMPORARY | BEAD | GOLD | KT_10 | 1ct | imgs:3
[22:10:38][PRINCESS] [956] ? NIV-70A4F8E17A388014 | BASKET | CONTEMPORARY | BEAD | GOLD | KT_10 | 1ct | imgs:3
[22:10:41][PRINCESS] [957] ? NIV-70A4F8E17A388014 | BASKET | CONTEMPORARY | BEAD | GOLD | KT_10 | 1ct | imgs:3
[22:10:44][PRINCESS] [958] ? NIV-70A4F8E17A388014 | BASKET | CONTEMPORARY | BEAD | GOLD | KT_10 | 1ct | imgs:3
[22:10:47][PRINCESS] [959] ? NIV-C83C385B8419CD4E | BASKET | CONTEMPORARY | BEAD | GOLD | KT_10 | 1ct | imgs:3
[22:10:50][PRINCESS] [960] ? NIV-C83C385B8419CD4E | BASKET | CONTEMPORARY | BEAD | GOLD | KT_10 | 1ct | imgs:3
[22:10:53][PRINCESS] [961] ? NIV-C83C385B8419CD4E | BASKET | CONTEMPORARY | BEAD | GOLD | KT_10 | 1ct | imgs:3
[22:10:56][PRINCESS] [962] ? NIV-BB7AE73869289B57 | BASKET | CONTEMPORARY | BEAD | GOLD | KT_14 | 1ct | imgs:2
[22:11:02][PRINCESS] [963] ? NIV-BB7AE73869289B57 | BASKET | CONTEMPORARY | BEAD | GOLD | KT_14 | 1ct | imgs:3
[22:11:05][PRINCESS] [964] ? NIV-BB7AE73869289B57 | BASKET | CONTEMPORARY | BEAD | GOLD | KT_14 | 1ct | imgs:3
[22:11:08][PRINCESS] [965] ? NIV-BF4AC40795A1E889 | BASKET | CONTEMPORARY | BEAD | GOLD | KT_14 | 1ct | imgs:3
[22:11:11][PRINCESS] [966] ? NIV-BF4AC40795A1E889 | BASKET | CONTEMPORARY | BEAD | GOLD | KT_14 | 1ct | imgs:3
[22:11:17][PRINCESS] [967] ? NIV-BF4AC40795A1E889 | BASKET | CONTEMPORARY | BEAD | GOLD | KT_14 | 1ct | imgs:3
[22:11:20][PRINCESS] [968] ? NIV-2ECB7762C638C830 | BASKET | CONTEMPORARY | BEAD | GOLD | KT_14 | 1ct | imgs:3
[22:11:23][PRINCESS] [969] ? NIV-2ECB7762C638C830 | BASKET | CONTEMPORARY | BEAD | GOLD | KT_14 | 1ct | imgs:3
[22:11:26][PRINCESS] [970] ? NIV-2ECB7762C638C830 | BASKET | CONTEMPORARY | BEAD | GOLD | KT_14 | 1ct | imgs:3
[22:11:30][PRINCESS] [971] ? NIV-E5F96F6EFBE4DCCA | BASKET | CONTEMPORARY | BEAD | GOLD | KT_18 | 1ct | imgs:3
[22:11:35][PRINCESS] [972] ? NIV-E5F96F6EFBE4DCCA | BASKET | CONTEMPORARY | BEAD | GOLD | KT_18 | 1ct | imgs:3
[22:11:38][PRINCESS] [973] ? NIV-E5F96F6EFBE4DCCA | BASKET | CONTEMPORARY | BEAD | GOLD | KT_18 | 1ct | imgs:3
[22:11:41][PRINCESS] [974] ? NIV-0C58899440E9CACF | BASKET | CONTEMPORARY | BEAD | GOLD | KT_18 | 1ct | imgs:3
[22:11:44][PRINCESS] [975] ? NIV-0C58899440E9CACF | BASKET | CONTEMPORARY | BEAD | GOLD | KT_18 | 1ct | imgs:3
[22:11:50][PRINCESS] [976] ? NIV-0C58899440E9CACF | BASKET | CONTEMPORARY | BEAD | GOLD | KT_18 | 1ct | imgs:3
[22:11:53][PRINCESS] [977] ? NIV-710FA59D29217E68 | BASKET | CONTEMPORARY | BEAD | GOLD | KT_18 | 1ct | imgs:3
[22:11:56][PRINCESS] [978] ? NIV-710FA59D29217E68 | BASKET | CONTEMPORARY | BEAD | GOLD | KT_18 | 1ct | imgs:3
[22:11:59][PRINCESS] [979] ? NIV-710FA59D29217E68 | BASKET | CONTEMPORARY | BEAD | GOLD | KT_18 | 1ct | imgs:3
[22:12:02][PRINCESS] [980] ? NIV-00368671662F365F | BASKET | CONTEMPORARY | BEAD | PLATINUM | PT_950 | 1ct | imgs:3
[22:12:08][PRINCESS] [981] ? NIV-9E2883297E847D3C | BASKET | CONTEMPORARY | BEAD | GOLD | KT_10 | 1ct | imgs:3
[22:12:14][PRINCESS] [982] ? NIV-9E2883297E847D3C | BASKET | CONTEMPORARY | BEAD | GOLD | KT_10 | 1ct | imgs:3
[22:12:20][PRINCESS] [983] ? NIV-9E2883297E847D3C | BASKET | CONTEMPORARY | BEAD | GOLD | KT_10 | 1ct | imgs:3
[22:12:23][PRINCESS] [984] ? NIV-5888497B0291B12D | BASKET | CONTEMPORARY | BEAD | GOLD | KT_10 | 1ct | imgs:3
[22:12:26][PRINCESS] [985] ? NIV-5888497B0291B12D | BASKET | CONTEMPORARY | BEAD | GOLD | KT_10 | 1ct | imgs:3
[22:12:29][PRINCESS] [986] ? NIV-5888497B0291B12D | BASKET | CONTEMPORARY | BEAD | GOLD | KT_10 | 1ct | imgs:3
[22:12:32][PRINCESS] [987] ? NIV-6BB3FF70061208FF | BASKET | CONTEMPORARY | BEAD | GOLD | KT_10 | 1ct | imgs:3
[22:12:35][PRINCESS] [988] ? NIV-6BB3FF70061208FF | BASKET | CONTEMPORARY | BEAD | GOLD | KT_10 | 1ct | imgs:3
[22:12:38][PRINCESS] [989] ? NIV-6BB3FF70061208FF | BASKET | CONTEMPORARY | BEAD | GOLD | KT_10 | 1ct | imgs:3
[22:12:41][PRINCESS] [990] ? NIV-97E9CD23F569AC64 | BASKET | CONTEMPORARY | BEAD | GOLD | KT_14 | 1ct | imgs:3
[22:12:47][PRINCESS] [991] ? NIV-97E9CD23F569AC64 | BASKET | CONTEMPORARY | BEAD | GOLD | KT_14 | 1ct | imgs:3
[22:12:50][PRINCESS] [992] ? NIV-97E9CD23F569AC64 | BASKET | CONTEMPORARY | BEAD | GOLD | KT_14 | 1ct | imgs:3
[22:12:53][PRINCESS] [993] ? NIV-7EA29C85C1C10B4F | BASKET | CONTEMPORARY | BEAD | GOLD | KT_14 | 1ct | imgs:3
[22:12:59][PRINCESS] [994] ? NIV-7EA29C85C1C10B4F | BASKET | CONTEMPORARY | BEAD | GOLD | KT_14 | 1ct | imgs:3
[22:13:02][PRINCESS] [995] ? NIV-7EA29C85C1C10B4F | BASKET | CONTEMPORARY | BEAD | GOLD | KT_14 | 1ct | imgs:3
[22:13:05][PRINCESS] [996] ? NIV-0B8F9A0EF5346842 | BASKET | CONTEMPORARY | BEAD | GOLD | KT_14 | 1ct | imgs:3
[22:13:08][PRINCESS] [997] ? NIV-0B8F9A0EF5346842 | BASKET | CONTEMPORARY | BEAD | GOLD | KT_14 | 1ct | imgs:3
[22:13:11][PRINCESS] [998] ? NIV-0B8F9A0EF5346842 | BASKET | CONTEMPORARY | BEAD | GOLD | KT_14 | 1ct | imgs:3
[22:13:14][PRINCESS] [999] ? NIV-21DA83B2F1E910BC | BASKET | CONTEMPORARY | BEAD | GOLD | KT_18 | 1ct | imgs:3
[22:13:20][PRINCESS] [1000] ? NIV-21DA83B2F1E910BC | BASKET | CONTEMPORARY | BEAD | GOLD | KT_18 | 1ct | imgs:3
[22:13:23][PRINCESS] [1001] ? NIV-21DA83B2F1E910BC | BASKET | CONTEMPORARY | BEAD | GOLD | KT_18 | 1ct | imgs:3
[22:13:26][PRINCESS] [1002] ? NIV-BA65C7BCB729438F | BASKET | CONTEMPORARY | BEAD | GOLD | KT_18 | 1ct | imgs:3
[22:13:29][PRINCESS] [1003] ? NIV-BA65C7BCB729438F | BASKET | CONTEMPORARY | BEAD | GOLD | KT_18 | 1ct | imgs:3
[22:13:35][PRINCESS] [1004] ? NIV-BA65C7BCB729438F | BASKET | CONTEMPORARY | BEAD | GOLD | KT_18 | 1ct | imgs:3
[22:13:38][PRINCESS] [1005] ? NIV-DB8D64EBF0259EB6 | BASKET | CONTEMPORARY | BEAD | GOLD | KT_18 | 1ct | imgs:3
[22:13:41][PRINCESS] [1006] ? NIV-DB8D64EBF0259EB6 | BASKET | CONTEMPORARY | BEAD | GOLD | KT_18 | 1ct | imgs:3
[22:13:44][PRINCESS] [1007] ? NIV-DB8D64EBF0259EB6 | BASKET | CONTEMPORARY | BEAD | GOLD | KT_18 | 1ct | imgs:3
[22:13:47][PRINCESS] [1008] ? NIV-4370C968001B7453 | BASKET | CONTEMPORARY | BEAD | PLATINUM | PT_950 | 1ct | imgs:3
[22:13:53][PRINCESS] [1009] ? NIV-78A2408822D8DB70 | BASKET | CONTEMPORARY | BEAD | GOLD | KT_10 | 1ct | imgs:3
[22:13:56][PRINCESS] [1010] ? NIV-78A2408822D8DB70 | BASKET | CONTEMPORARY | BEAD | GOLD | KT_10 | 1ct | imgs:3
[22:14:02][PRINCESS] [1011] ? NIV-78A2408822D8DB70 | BASKET | CONTEMPORARY | BEAD | GOLD | KT_10 | 1ct | imgs:3
[22:14:05][PRINCESS] [1012] ? NIV-BBB9AFB2066E84F2 | BASKET | CONTEMPORARY | BEAD | GOLD | KT_10 | 1ct | imgs:3
[22:14:08][PRINCESS] [1013] ? NIV-BBB9AFB2066E84F2 | BASKET | CONTEMPORARY | BEAD | GOLD | KT_10 | 1ct | imgs:3
[22:14:11][PRINCESS] [1014] ? NIV-BBB9AFB2066E84F2 | BASKET | CONTEMPORARY | BEAD | GOLD | KT_10 | 1ct | imgs:3
[22:14:14][PRINCESS] [1015] ? NIV-3367C1732D5DC5A3 | BASKET | CONTEMPORARY | BEAD | GOLD | KT_10 | 1ct | imgs:3
[22:14:17][PRINCESS] [1016] ? NIV-3367C1732D5DC5A3 | BASKET | CONTEMPORARY | BEAD | GOLD | KT_10 | 1ct | imgs:3
[22:14:20][PRINCESS] [1017] ? NIV-3367C1732D5DC5A3 | BASKET | CONTEMPORARY | BEAD | GOLD | KT_10 | 1ct | imgs:3
[22:14:23][PRINCESS] [1018] ? NIV-72C2F7EC930EC3FB | BASKET | CONTEMPORARY | BEAD | GOLD | KT_14 | 1ct | imgs:2
[22:14:29][PRINCESS] [1019] ? NIV-72C2F7EC930EC3FB | BASKET | CONTEMPORARY | BEAD | GOLD | KT_14 | 1ct | imgs:3
[22:14:32][PRINCESS] [1020] ? NIV-72C2F7EC930EC3FB | BASKET | CONTEMPORARY | BEAD | GOLD | KT_14 | 1ct | imgs:3
[22:14:35][PRINCESS] [1021] ? NIV-3FFBE4C89D91B7AB | BASKET | CONTEMPORARY | BEAD | GOLD | KT_14 | 1ct | imgs:3
[22:14:38][PRINCESS] [1022] ? NIV-3FFBE4C89D91B7AB | BASKET | CONTEMPORARY | BEAD | GOLD | KT_14 | 1ct | imgs:3
[22:14:44][PRINCESS] [1023] ? NIV-3FFBE4C89D91B7AB | BASKET | CONTEMPORARY | BEAD | GOLD | KT_14 | 1ct | imgs:3
[22:14:47][PRINCESS] [1024] ? NIV-37C33F86CDBDDA19 | BASKET | CONTEMPORARY | BEAD | GOLD | KT_14 | 1ct | imgs:3
[22:14:50][PRINCESS] [1025] ? NIV-37C33F86CDBDDA19 | BASKET | CONTEMPORARY | BEAD | GOLD | KT_14 | 1ct | imgs:3
[22:14:53][PRINCESS] [1026] ? NIV-37C33F86CDBDDA19 | BASKET | CONTEMPORARY | BEAD | GOLD | KT_14 | 1ct | imgs:3
[22:14:56][PRINCESS] [1027] ? NIV-FC4710A8F46C2744 | BASKET | CONTEMPORARY | BEAD | GOLD | KT_18 | 1ct | imgs:3
[22:14:59][PRINCESS] [1028] ? NIV-FC4710A8F46C2744 | BASKET | CONTEMPORARY | BEAD | GOLD | KT_18 | 1ct | imgs:3
[22:15:05][PRINCESS] [1029] ? NIV-FC4710A8F46C2744 | BASKET | CONTEMPORARY | BEAD | GOLD | KT_18 | 1ct | imgs:3
[22:15:08][PRINCESS] [1030] ? NIV-DDB5F96180669E4E | BASKET | CONTEMPORARY | BEAD | GOLD | KT_18 | 1ct | imgs:3
[22:15:11][PRINCESS] [1031] ? NIV-DDB5F96180669E4E | BASKET | CONTEMPORARY | BEAD | GOLD | KT_18 | 1ct | imgs:3
[22:15:14][PRINCESS] [1032] ? NIV-DDB5F96180669E4E | BASKET | CONTEMPORARY | BEAD | GOLD | KT_18 | 1ct | imgs:3
[22:15:17][PRINCESS] [1033] ? NIV-9FE0F57B28534530 | BASKET | CONTEMPORARY | BEAD | GOLD | KT_18 | 1ct | imgs:3
[22:15:20][PRINCESS] [1034] ? NIV-9FE0F57B28534530 | BASKET | CONTEMPORARY | BEAD | GOLD | KT_18 | 1ct | imgs:3
[22:15:23][PRINCESS] [1035] ? NIV-9FE0F57B28534530 | BASKET | CONTEMPORARY | BEAD | GOLD | KT_18 | 1ct | imgs:3
[22:15:26][PRINCESS] [1036] ? NIV-C8563C4F9A7BFB1A | BASKET | CONTEMPORARY | BEAD | PLATINUM | PT_950 | 1ct | imgs:3
[22:15:32][PRINCESS] [1037] ? NIV-E955784AA2A8ABE0 | BASKET | CONTEMPORARY | BEAD | GOLD | KT_10 | 1ct | imgs:3
[22:15:35][PRINCESS] [1038] ? NIV-E955784AA2A8ABE0 | BASKET | CONTEMPORARY | BEAD | GOLD | KT_10 | 1ct | imgs:3
[22:15:38][PRINCESS] [1039] ? NIV-E955784AA2A8ABE0 | BASKET | CONTEMPORARY | BEAD | GOLD | KT_10 | 1ct | imgs:3
[22:15:41][PRINCESS] [1040] ? NIV-C6E53903B299DDC8 | BASKET | CONTEMPORARY | BEAD | GOLD | KT_10 | 1ct | imgs:3
[22:15:44][PRINCESS] [1041] ? NIV-C6E53903B299DDC8 | BASKET | CONTEMPORARY | BEAD | GOLD | KT_10 | 1ct | imgs:3
[22:15:47][PRINCESS] [1042] ? NIV-C6E53903B299DDC8 | BASKET | CONTEMPORARY | BEAD | GOLD | KT_10 | 1ct | imgs:3
[22:15:55][PRINCESS] [1043] ? NIV-32EDCE38DF4E30A9 | BASKET | CONTEMPORARY | BEAD | GOLD | KT_10 | 1ct | imgs:1
[22:15:59][PRINCESS] [1044] ? NIV-32EDCE38DF4E30A9 | BASKET | CONTEMPORARY | BEAD | GOLD | KT_10 | 1ct | imgs:3
[22:16:02][PRINCESS] [1045] ? NIV-32EDCE38DF4E30A9 | BASKET | CONTEMPORARY | BEAD | GOLD | KT_10 | 1ct | imgs:3
[22:16:05][PRINCESS] [1046] ? NIV-F7A655F7F9FE29A6 | BASKET | CONTEMPORARY | BEAD | GOLD | KT_14 | 1ct | imgs:3
[22:16:11][PRINCESS] [1047] ? NIV-F7A655F7F9FE29A6 | BASKET | CONTEMPORARY | BEAD | GOLD | KT_14 | 1ct | imgs:3
[22:16:14][PRINCESS] [1048] ? NIV-F7A655F7F9FE29A6 | BASKET | CONTEMPORARY | BEAD | GOLD | KT_14 | 1ct | imgs:3
[22:16:17][PRINCESS] [1049] ? NIV-7EF1CA43363F5BDB | BASKET | CONTEMPORARY | BEAD | GOLD | KT_14 | 1ct | imgs:3
[22:16:20][PRINCESS] [1050] ? NIV-7EF1CA43363F5BDB | BASKET | CONTEMPORARY | BEAD | GOLD | KT_14 | 1ct | imgs:3
[22:16:26][PRINCESS] [1051] ? NIV-7EF1CA43363F5BDB | BASKET | CONTEMPORARY | BEAD | GOLD | KT_14 | 1ct | imgs:3
[22:16:29][PRINCESS] [1052] ? NIV-B9341BF794249630 | BASKET | CONTEMPORARY | BEAD | GOLD | KT_14 | 1ct | imgs:3
[22:16:32][PRINCESS] [1053] ? NIV-B9341BF794249630 | BASKET | CONTEMPORARY | BEAD | GOLD | KT_14 | 1ct | imgs:3
[22:16:38][PRINCESS] [1054] ? NIV-B9341BF794249630 | BASKET | CONTEMPORARY | BEAD | GOLD | KT_14 | 1ct | imgs:3
[22:16:41][PRINCESS] [1055] ? NIV-2C2C4ED4DA0B3AB1 | BASKET | CONTEMPORARY | BEAD | GOLD | KT_18 | 1ct | imgs:3
[22:16:44][PRINCESS] [1056] ? NIV-2C2C4ED4DA0B3AB1 | BASKET | CONTEMPORARY | BEAD | GOLD | KT_18 | 1ct | imgs:3
[22:16:47][PRINCESS] [1057] ? NIV-2C2C4ED4DA0B3AB1 | BASKET | CONTEMPORARY | BEAD | GOLD | KT_18 | 1ct | imgs:3
[22:16:50][PRINCESS] [1058] ? NIV-6D25FE5E9F588FE9 | BASKET | CONTEMPORARY | BEAD | GOLD | KT_18 | 1ct | imgs:3
[22:16:56][PRINCESS] [1059] ? NIV-6D25FE5E9F588FE9 | BASKET | CONTEMPORARY | BEAD | GOLD | KT_18 | 1ct | imgs:3
[22:16:59][PRINCESS] [1060] ? NIV-6D25FE5E9F588FE9 | BASKET | CONTEMPORARY | BEAD | GOLD | KT_18 | 1ct | imgs:3
[22:17:02][PRINCESS] [1061] ? NIV-C699A77B31CAE612 | BASKET | CONTEMPORARY | BEAD | GOLD | KT_18 | 1ct | imgs:3
[22:17:05][PRINCESS] [1062] ? NIV-C699A77B31CAE612 | BASKET | CONTEMPORARY | BEAD | GOLD | KT_18 | 1ct | imgs:3
[22:17:11][PRINCESS] [1063] ? NIV-C699A77B31CAE612 | BASKET | CONTEMPORARY | BEAD | GOLD | KT_18 | 1ct | imgs:3
[22:17:14][PRINCESS] [1064] ? NIV-DF69C6137E969E7F | BASKET | CONTEMPORARY | BEAD | PLATINUM | PT_950 | 1ct | imgs:3
[22:17:20][PRINCESS] [1065] ? NIV-F6507B6F9119B848 | BASKET | CONTEMPORARY | BEAD | GOLD | KT_10 | 1ct | imgs:3
[22:17:23][PRINCESS] [1066] ? NIV-F6507B6F9119B848 | BASKET | CONTEMPORARY | BEAD | GOLD | KT_10 | 1ct | imgs:3
[22:17:29][PRINCESS] [1067] ? NIV-F6507B6F9119B848 | BASKET | CONTEMPORARY | BEAD | GOLD | KT_10 | 1ct | imgs:3
[22:17:32][PRINCESS] [1068] ? NIV-FA21BAEA7A5BD61F | BASKET | CONTEMPORARY | BEAD | GOLD | KT_10 | 1ct | imgs:3
[22:17:35][PRINCESS] [1069] ? NIV-FA21BAEA7A5BD61F | BASKET | CONTEMPORARY | BEAD | GOLD | KT_10 | 1ct | imgs:3
[22:17:41][PRINCESS] [1070] ? NIV-FA21BAEA7A5BD61F | BASKET | CONTEMPORARY | BEAD | GOLD | KT_10 | 1ct | imgs:3
[22:17:44][PRINCESS] [1071] ? NIV-D4D9473161AE6426 | BASKET | CONTEMPORARY | BEAD | GOLD | KT_10 | 1ct | imgs:3
[22:17:50][PRINCESS] [1072] ? NIV-D4D9473161AE6426 | BASKET | CONTEMPORARY | BEAD | GOLD | KT_10 | 1ct | imgs:3
[22:17:53][PRINCESS] [1073] ? NIV-D4D9473161AE6426 | BASKET | CONTEMPORARY | BEAD | GOLD | KT_10 | 1ct | imgs:3
[22:17:59][PRINCESS] [1074] ? NIV-B90FD04124B47033 | BASKET | CONTEMPORARY | BEAD | GOLD | KT_14 | 1ct | imgs:3
[22:18:02][PRINCESS] [1075] ? NIV-B90FD04124B47033 | BASKET | CONTEMPORARY | BEAD | GOLD | KT_14 | 1ct | imgs:3
[22:18:08][PRINCESS] [1076] ? NIV-B90FD04124B47033 | BASKET | CONTEMPORARY | BEAD | GOLD | KT_14 | 1ct | imgs:3
[22:18:11][PRINCESS] [1077] ? NIV-A49CFFC7028481EA | BASKET | CONTEMPORARY | BEAD | GOLD | KT_14 | 1ct | imgs:3
[22:18:14][PRINCESS] [1078] ? NIV-A49CFFC7028481EA | BASKET | CONTEMPORARY | BEAD | GOLD | KT_14 | 1ct | imgs:3
[22:18:18][PRINCESS] [1079] ? NIV-A49CFFC7028481EA | BASKET | CONTEMPORARY | BEAD | GOLD | KT_14 | 1ct | imgs:3
[22:18:20][PRINCESS] [1080] ? NIV-47393015B00B5E0D | BASKET | CONTEMPORARY | BEAD | GOLD | KT_14 | 1ct | imgs:3
[22:18:26][PRINCESS] [1081] ? NIV-47393015B00B5E0D | BASKET | CONTEMPORARY | BEAD | GOLD | KT_14 | 1ct | imgs:3
[22:18:29][PRINCESS] [1082] ? NIV-47393015B00B5E0D | BASKET | CONTEMPORARY | BEAD | GOLD | KT_14 | 1ct | imgs:3
[22:18:32][PRINCESS] [1083] ? NIV-1A69EB8782CB8533 | BASKET | CONTEMPORARY | BEAD | GOLD | KT_18 | 1ct | imgs:3
[22:18:35][PRINCESS] [1084] ? NIV-1A69EB8782CB8533 | BASKET | CONTEMPORARY | BEAD | GOLD | KT_18 | 1ct | imgs:3
[22:18:41][PRINCESS] [1085] ? NIV-1A69EB8782CB8533 | BASKET | CONTEMPORARY | BEAD | GOLD | KT_18 | 1ct | imgs:3
[22:18:44][PRINCESS] [1086] ? NIV-9DAFFD14EB991E5C | BASKET | CONTEMPORARY | BEAD | GOLD | KT_18 | 1ct | imgs:3
[22:18:50][PRINCESS] [1087] ? NIV-9DAFFD14EB991E5C | BASKET | CONTEMPORARY | BEAD | GOLD | KT_18 | 1ct | imgs:3
[22:18:53][PRINCESS] [1088] ? NIV-9DAFFD14EB991E5C | BASKET | CONTEMPORARY | BEAD | GOLD | KT_18 | 1ct | imgs:3
[22:18:56][PRINCESS] [1089] ? NIV-2771B24185459BB6 | BASKET | CONTEMPORARY | BEAD | GOLD | KT_18 | 1ct | imgs:3
[22:19:02][PRINCESS] [1090] ? NIV-2771B24185459BB6 | BASKET | CONTEMPORARY | BEAD | GOLD | KT_18 | 1ct | imgs:3
[22:19:08][PRINCESS] [1091] ? NIV-2771B24185459BB6 | BASKET | CONTEMPORARY | BEAD | GOLD | KT_18 | 1ct | imgs:3
[22:19:11][PRINCESS] [1092] ? NIV-4C0CE7E7F322BAB3 | BASKET | CONTEMPORARY | BEAD | PLATINUM | PT_950 | 1ct | imgs:3
[22:19:17][PRINCESS] [1093] ? NIV-A3C05DB74F871DAC | BASKET | CONTEMPORARY | BEAD | GOLD | KT_10 | 1ct | imgs:3
[22:19:20][PRINCESS] [1094] ? NIV-A3C05DB74F871DAC | BASKET | CONTEMPORARY | BEAD | GOLD | KT_10 | 1ct | imgs:3
[22:19:23][PRINCESS] [1095] ? NIV-A3C05DB74F871DAC | BASKET | CONTEMPORARY | BEAD | GOLD | KT_10 | 1ct | imgs:3
[22:19:26][PRINCESS] [1096] ? NIV-EB00D7F43FBB1B31 | BASKET | CONTEMPORARY | BEAD | GOLD | KT_10 | 1ct | imgs:1
[22:19:32][PRINCESS] [1097] ? NIV-EB00D7F43FBB1B31 | BASKET | CONTEMPORARY | BEAD | GOLD | KT_10 | 1ct | imgs:3
[22:19:35][PRINCESS] [1098] ? NIV-EB00D7F43FBB1B31 | BASKET | CONTEMPORARY | BEAD | GOLD | KT_10 | 1ct | imgs:3
[22:19:38][PRINCESS] [1099] ? NIV-35D8A970708D729B | BASKET | CONTEMPORARY | BEAD | GOLD | KT_10 | 1ct | imgs:3
[22:19:41][PRINCESS] [1100] ? NIV-35D8A970708D729B | BASKET | CONTEMPORARY | BEAD | GOLD | KT_10 | 1ct | imgs:3
[22:19:44][PRINCESS] [1101] ? NIV-35D8A970708D729B | BASKET | CONTEMPORARY | BEAD | GOLD | KT_10 | 1ct | imgs:3
[22:19:50][PRINCESS] [1102] ? NIV-1BE39E9242178043 | BASKET | CONTEMPORARY | BEAD | GOLD | KT_14 | 1ct | imgs:3
[22:19:53][PRINCESS] [1103] ? NIV-1BE39E9242178043 | BASKET | CONTEMPORARY | BEAD | GOLD | KT_14 | 1ct | imgs:3
[22:19:59][PRINCESS] [1104] ? NIV-1BE39E9242178043 | BASKET | CONTEMPORARY | BEAD | GOLD | KT_14 | 1ct | imgs:3
[22:20:02][PRINCESS] [1105] ? NIV-9832A09254E9D417 | BASKET | CONTEMPORARY | BEAD | GOLD | KT_14 | 1ct | imgs:3
[22:20:06][PRINCESS] [1106] ? NIV-9832A09254E9D417 | BASKET | CONTEMPORARY | BEAD | GOLD | KT_14 | 1ct | imgs:3
[22:20:11][PRINCESS] [1107] ? NIV-9832A09254E9D417 | BASKET | CONTEMPORARY | BEAD | GOLD | KT_14 | 1ct | imgs:3
[22:20:14][PRINCESS] [1108] ? NIV-9A11BC436643CA5D | BASKET | CONTEMPORARY | BEAD | GOLD | KT_14 | 1ct | imgs:3
[22:20:17][PRINCESS] [1109] ? NIV-9A11BC436643CA5D | BASKET | CONTEMPORARY | BEAD | GOLD | KT_14 | 1ct | imgs:3
[22:20:20][PRINCESS] [1110] ? NIV-9A11BC436643CA5D | BASKET | CONTEMPORARY | BEAD | GOLD | KT_14 | 1ct | imgs:3
[22:20:26][PRINCESS] [1111] ? NIV-1A798CC3292303FE | BASKET | CONTEMPORARY | BEAD | GOLD | KT_18 | 1ct | imgs:3
[22:20:29][PRINCESS] [1112] ? NIV-1A798CC3292303FE | BASKET | CONTEMPORARY | BEAD | GOLD | KT_18 | 1ct | imgs:3
[22:20:32][PRINCESS] [1113] ? NIV-1A798CC3292303FE | BASKET | CONTEMPORARY | BEAD | GOLD | KT_18 | 1ct | imgs:3
[22:20:35][PRINCESS] [1114] ? NIV-D8765DAD9F0C8156 | BASKET | CONTEMPORARY | BEAD | GOLD | KT_18 | 1ct | imgs:1
[22:20:38][PRINCESS] [1115] ? NIV-D8765DAD9F0C8156 | BASKET | CONTEMPORARY | BEAD | GOLD | KT_18 | 1ct | imgs:3
[22:20:44][PRINCESS] [1116] ? NIV-D8765DAD9F0C8156 | BASKET | CONTEMPORARY | BEAD | GOLD | KT_18 | 1ct | imgs:3
[22:20:47][PRINCESS] [1117] ? NIV-C180C6EAA0CF540F | BASKET | CONTEMPORARY | BEAD | GOLD | KT_18 | 1ct | imgs:3
[22:20:50][PRINCESS] [1118] ? NIV-C180C6EAA0CF540F | BASKET | CONTEMPORARY | BEAD | GOLD | KT_18 | 1ct | imgs:3
[22:20:53][PRINCESS] [1119] ? NIV-C180C6EAA0CF540F | BASKET | CONTEMPORARY | BEAD | GOLD | KT_18 | 1ct | imgs:3
[22:20:56][PRINCESS] [1120] ? NIV-2036FF85833BE3FC | BASKET | CONTEMPORARY | BEAD | PLATINUM | PT_950 | 1ct | imgs:3
[22:21:05][PRINCESS] [1121] ? NIV-DABE55F907ABA599 | BASKET | CONTEMPORARY | BEAD | GOLD | KT_10 | 1ct | imgs:3
[22:21:08][PRINCESS] [1122] ? NIV-DABE55F907ABA599 | BASKET | CONTEMPORARY | BEAD | GOLD | KT_10 | 1ct | imgs:3
[22:21:11][PRINCESS] [1123] ? NIV-DABE55F907ABA599 | BASKET | CONTEMPORARY | BEAD | GOLD | KT_10 | 1ct | imgs:3
[22:21:14][PRINCESS] [1124] ? NIV-84AF95D1C33440EA | BASKET | CONTEMPORARY | BEAD | GOLD | KT_10 | 1ct | imgs:3
[22:21:17][PRINCESS] [1125] ? NIV-84AF95D1C33440EA | BASKET | CONTEMPORARY | BEAD | GOLD | KT_10 | 1ct | imgs:3
[22:21:20][PRINCESS] [1126] ? NIV-84AF95D1C33440EA | BASKET | CONTEMPORARY | BEAD | GOLD | KT_10 | 1ct | imgs:3
[22:21:23][PRINCESS] [1127] ? NIV-6EBA6A67A4124C27 | BASKET | CONTEMPORARY | BEAD | GOLD | KT_10 | 1ct | imgs:3
[22:21:26][PRINCESS] [1128] ? NIV-6EBA6A67A4124C27 | BASKET | CONTEMPORARY | BEAD | GOLD | KT_10 | 1ct | imgs:3
[22:21:32][PRINCESS] [1129] ? NIV-6EBA6A67A4124C27 | BASKET | CONTEMPORARY | BEAD | GOLD | KT_10 | 1ct | imgs:3
[22:21:36][PRINCESS] [1130] ? NIV-458BB788A356DA85 | BASKET | CONTEMPORARY | BEAD | GOLD | KT_14 | 1ct | imgs:3
[22:21:41][PRINCESS] [1131] ? NIV-458BB788A356DA85 | BASKET | CONTEMPORARY | BEAD | GOLD | KT_14 | 1ct | imgs:3
[22:21:44][PRINCESS] [1132] ? NIV-458BB788A356DA85 | BASKET | CONTEMPORARY | BEAD | GOLD | KT_14 | 1ct | imgs:3
[22:21:47][PRINCESS] [1133] ? NIV-C74F7964A26719B3 | BASKET | CONTEMPORARY | BEAD | GOLD | KT_14 | 1ct | imgs:3
[22:21:50][PRINCESS] [1134] ? NIV-C74F7964A26719B3 | BASKET | CONTEMPORARY | BEAD | GOLD | KT_14 | 1ct | imgs:3
[22:21:54][PRINCESS] [1135] ? NIV-C74F7964A26719B3 | BASKET | CONTEMPORARY | BEAD | GOLD | KT_14 | 1ct | imgs:3
[22:21:56][PRINCESS] [1136] ? NIV-2FFAD1E4C07D1C9E | BASKET | CONTEMPORARY | BEAD | GOLD | KT_14 | 1ct | imgs:3
[22:22:02][PRINCESS] [1137] ? NIV-2FFAD1E4C07D1C9E | BASKET | CONTEMPORARY | BEAD | GOLD | KT_14 | 1ct | imgs:3
[22:22:05][PRINCESS] [1138] ? NIV-2FFAD1E4C07D1C9E | BASKET | CONTEMPORARY | BEAD | GOLD | KT_14 | 1ct | imgs:3
[22:22:11][PRINCESS] [1139] ? NIV-AC04057DBB895C0A | BASKET | CONTEMPORARY | BEAD | GOLD | KT_18 | 1ct | imgs:3
[22:22:14][PRINCESS] [1140] ? NIV-AC04057DBB895C0A | BASKET | CONTEMPORARY | BEAD | GOLD | KT_18 | 1ct | imgs:3
[22:22:17][PRINCESS] [1141] ? NIV-AC04057DBB895C0A | BASKET | CONTEMPORARY | BEAD | GOLD | KT_18 | 1ct | imgs:3
[22:22:20][PRINCESS] [1142] ? NIV-B629875CAC4F8CB3 | BASKET | CONTEMPORARY | BEAD | GOLD | KT_18 | 1ct | imgs:3
[22:22:23][PRINCESS] [1143] ? NIV-B629875CAC4F8CB3 | BASKET | CONTEMPORARY | BEAD | GOLD | KT_18 | 1ct | imgs:3
[22:22:26][PRINCESS] [1144] ? NIV-B629875CAC4F8CB3 | BASKET | CONTEMPORARY | BEAD | GOLD | KT_18 | 1ct | imgs:3
[22:22:29][PRINCESS] [1145] ? NIV-3F68AB0C93BD6F90 | BASKET | CONTEMPORARY | BEAD | GOLD | KT_18 | 1ct | imgs:3
[22:22:32][PRINCESS] [1146] ? NIV-3F68AB0C93BD6F90 | BASKET | CONTEMPORARY | BEAD | GOLD | KT_18 | 1ct | imgs:3
[22:22:35][PRINCESS] [1147] ? NIV-3F68AB0C93BD6F90 | BASKET | CONTEMPORARY | BEAD | GOLD | KT_18 | 1ct | imgs:3
[22:22:38][PRINCESS] [1148] ? NIV-2D006DFC514CA490 | BASKET | CONTEMPORARY | BEAD | PLATINUM | PT_950 | 1ct | imgs:3
[22:22:41][PRINCESS] [1149] ? NIV-05ADA5C3ADF676BE | BASKET | CONTEMPORARY | BEAD | GOLD | KT_10 | 1ct | imgs:3
[22:22:47][PRINCESS] [1150] ? NIV-05ADA5C3ADF676BE | BASKET | CONTEMPORARY | BEAD | GOLD | KT_10 | 1ct | imgs:3
[22:22:50][PRINCESS] [1151] ? NIV-05ADA5C3ADF676BE | BASKET | CONTEMPORARY | BEAD | GOLD | KT_10 | 1ct | imgs:3
[22:22:53][PRINCESS] [1152] ? NIV-D9E9B74C75AE394C | BASKET | CONTEMPORARY | BEAD | GOLD | KT_10 | 1ct | imgs:3
[22:22:56][PRINCESS] [1153] ? NIV-D9E9B74C75AE394C | BASKET | CONTEMPORARY | BEAD | GOLD | KT_10 | 1ct | imgs:3
[22:22:59][PRINCESS] [1154] ? NIV-D9E9B74C75AE394C | BASKET | CONTEMPORARY | BEAD | GOLD | KT_10 | 1ct | imgs:3
[22:23:02][PRINCESS] [1155] ? NIV-C7FD373D9D26882B | BASKET | CONTEMPORARY | BEAD | GOLD | KT_10 | 1ct | imgs:3
[22:23:05][PRINCESS] [1156] ? NIV-C7FD373D9D26882B | BASKET | CONTEMPORARY | BEAD | GOLD | KT_10 | 1ct | imgs:3
[22:23:08][PRINCESS] [1157] ? NIV-C7FD373D9D26882B | BASKET | CONTEMPORARY | BEAD | GOLD | KT_10 | 1ct | imgs:3
[22:23:12][PRINCESS] [1158] ? NIV-26CD4D5984D542E1 | BASKET | CONTEMPORARY | BEAD | GOLD | KT_14 | 1ct | imgs:2
[22:23:17][PRINCESS] [1159] ? NIV-26CD4D5984D542E1 | BASKET | CONTEMPORARY | BEAD | GOLD | KT_14 | 1ct | imgs:3
[22:23:20][PRINCESS] [1160] ? NIV-26CD4D5984D542E1 | BASKET | CONTEMPORARY | BEAD | GOLD | KT_14 | 1ct | imgs:3
[22:23:23][PRINCESS] [1161] ? NIV-D35780C9AA635105 | BASKET | CONTEMPORARY | BEAD | GOLD | KT_14 | 1ct | imgs:3
[22:23:26][PRINCESS] [1162] ? NIV-D35780C9AA635105 | BASKET | CONTEMPORARY | BEAD | GOLD | KT_14 | 1ct | imgs:3
[22:23:29][PRINCESS] [1163] ? NIV-D35780C9AA635105 | BASKET | CONTEMPORARY | BEAD | GOLD | KT_14 | 1ct | imgs:3
[22:23:32][PRINCESS] [1164] ? NIV-3D90B2EE3D244A70 | BASKET | CONTEMPORARY | BEAD | GOLD | KT_14 | 1ct | imgs:3
[22:23:35][PRINCESS] [1165] ? NIV-3D90B2EE3D244A70 | BASKET | CONTEMPORARY | BEAD | GOLD | KT_14 | 1ct | imgs:3
[22:23:38][PRINCESS] [1166] ? NIV-3D90B2EE3D244A70 | BASKET | CONTEMPORARY | BEAD | GOLD | KT_14 | 1ct | imgs:3
[22:23:41][PRINCESS] [1167] ? NIV-EACE23B1EFE9CCCA | BASKET | CONTEMPORARY | BEAD | GOLD | KT_18 | 1ct | imgs:3
[22:23:44][PRINCESS] [1168] ? NIV-EACE23B1EFE9CCCA | BASKET | CONTEMPORARY | BEAD | GOLD | KT_18 | 1ct | imgs:3
[22:23:50][PRINCESS] [1169] ? NIV-EACE23B1EFE9CCCA | BASKET | CONTEMPORARY | BEAD | GOLD | KT_18 | 1ct | imgs:3
[22:23:53][PRINCESS] [1170] ? NIV-7BCE80CC9759EB69 | BASKET | CONTEMPORARY | BEAD | GOLD | KT_18 | 1ct | imgs:3
[22:23:59][PRINCESS] [1171] ? NIV-7BCE80CC9759EB69 | BASKET | CONTEMPORARY | BEAD | GOLD | KT_18 | 1ct | imgs:3
[22:24:02][PRINCESS] [1172] ? NIV-7BCE80CC9759EB69 | BASKET | CONTEMPORARY | BEAD | GOLD | KT_18 | 1ct | imgs:3
[22:24:05][PRINCESS] [1173] ? NIV-E292C9E61D114F8B | BASKET | CONTEMPORARY | BEAD | GOLD | KT_18 | 1ct | imgs:3
[22:24:08][PRINCESS] [1174] ? NIV-E292C9E61D114F8B | BASKET | CONTEMPORARY | BEAD | GOLD | KT_18 | 1ct | imgs:3
[22:24:11][PRINCESS] [1175] ? NIV-E292C9E61D114F8B | BASKET | CONTEMPORARY | BEAD | GOLD | KT_18 | 1ct | imgs:3
[22:24:14][PRINCESS] [1176] ? NIV-3D3F3BECE4322C7B | BASKET | CONTEMPORARY | BEAD | PLATINUM | PT_950 | 1ct | imgs:3
[22:24:17][PRINCESS] [1177] ? NIV-E73C035DA49DE9C3 | BASKET | CONTEMPORARY | BEAD | GOLD | KT_10 | 1ct | imgs:3
[22:24:23][PRINCESS] [1178] ? NIV-E73C035DA49DE9C3 | BASKET | CONTEMPORARY | BEAD | GOLD | KT_10 | 1ct | imgs:3
[22:24:26][PRINCESS] [1179] ? NIV-E73C035DA49DE9C3 | BASKET | CONTEMPORARY | BEAD | GOLD | KT_10 | 1ct | imgs:3
[22:24:29][PRINCESS] [1180] ? NIV-E8D654DD3775B388 | BASKET | CONTEMPORARY | BEAD | GOLD | KT_10 | 1ct | imgs:3
[22:24:32][PRINCESS] [1181] ? NIV-E8D654DD3775B388 | BASKET | CONTEMPORARY | BEAD | GOLD | KT_10 | 1ct | imgs:3
[22:24:35][PRINCESS] [1182] ? NIV-E8D654DD3775B388 | BASKET | CONTEMPORARY | BEAD | GOLD | KT_10 | 1ct | imgs:3
[22:24:38][PRINCESS] [1183] ? NIV-9A4AF05A98FFCE8A | BASKET | CONTEMPORARY | BEAD | GOLD | KT_10 | 1ct | imgs:3
[22:24:44][PRINCESS] [1184] ? NIV-9A4AF05A98FFCE8A | BASKET | CONTEMPORARY | BEAD | GOLD | KT_10 | 1ct | imgs:3
[22:24:47][PRINCESS] [1185] ? NIV-9A4AF05A98FFCE8A | BASKET | CONTEMPORARY | BEAD | GOLD | KT_10 | 1ct | imgs:3
[22:24:53][PRINCESS] [1186] ? NIV-A67593B892D13C22 | BASKET | CONTEMPORARY | BEAD | GOLD | KT_14 | 1ct | imgs:3
[22:24:56][PRINCESS] [1187] ? NIV-A67593B892D13C22 | BASKET | CONTEMPORARY | BEAD | GOLD | KT_14 | 1ct | imgs:3
[22:24:59][PRINCESS] [1188] ? NIV-A67593B892D13C22 | BASKET | CONTEMPORARY | BEAD | GOLD | KT_14 | 1ct | imgs:3
[22:25:02][PRINCESS] [1189] ? NIV-12345923D1D322C3 | BASKET | CONTEMPORARY | BEAD | GOLD | KT_14 | 1ct | imgs:3
[22:25:05][PRINCESS] [1190] ? NIV-12345923D1D322C3 | BASKET | CONTEMPORARY | BEAD | GOLD | KT_14 | 1ct | imgs:3
[22:25:09][PRINCESS] [1191] ? NIV-12345923D1D322C3 | BASKET | CONTEMPORARY | BEAD | GOLD | KT_14 | 1ct | imgs:3
[22:25:11][PRINCESS] [1192] ? NIV-E775533E060BEE4E | BASKET | CONTEMPORARY | BEAD | GOLD | KT_14 | 1ct | imgs:3
[22:25:14][PRINCESS] [1193] ? NIV-E775533E060BEE4E | BASKET | CONTEMPORARY | BEAD | GOLD | KT_14 | 1ct | imgs:3
[22:25:17][PRINCESS] [1194] ? NIV-E775533E060BEE4E | BASKET | CONTEMPORARY | BEAD | GOLD | KT_14 | 1ct | imgs:3
[22:25:23][PRINCESS] [1195] ? NIV-FA2B59172D4D94DE | BASKET | CONTEMPORARY | BEAD | GOLD | KT_18 | 1ct | imgs:3
[22:25:29][PRINCESS] [1196] ? NIV-FA2B59172D4D94DE | BASKET | CONTEMPORARY | BEAD | GOLD | KT_18 | 1ct | imgs:3
[22:25:32][PRINCESS] [1197] ? NIV-FA2B59172D4D94DE | BASKET | CONTEMPORARY | BEAD | GOLD | KT_18 | 1ct | imgs:3
[22:25:35][PRINCESS] [1198] ? NIV-C9AE63387F67044B | BASKET | CONTEMPORARY | BEAD | GOLD | KT_18 | 1ct | imgs:3
[22:25:38][PRINCESS] [1199] ? NIV-C9AE63387F67044B | BASKET | CONTEMPORARY | BEAD | GOLD | KT_18 | 1ct | imgs:3
[22:25:41][PRINCESS] [1200] ? NIV-C9AE63387F67044B | BASKET | CONTEMPORARY | BEAD | GOLD | KT_18 | 1ct | imgs:3
[22:25:44][PRINCESS] [1201] ? NIV-9FF22B406668A65C | BASKET | CONTEMPORARY | BEAD | GOLD | KT_18 | 1ct | imgs:3
[22:25:47][PRINCESS] [1202] ? NIV-9FF22B406668A65C | BASKET | CONTEMPORARY | BEAD | GOLD | KT_18 | 1ct | imgs:3
[22:25:50][PRINCESS] [1203] ? NIV-9FF22B406668A65C | BASKET | CONTEMPORARY | BEAD | GOLD | KT_18 | 1ct | imgs:3
[22:25:53][PRINCESS] [1204] ? NIV-7FA486B0E40A0F5E | BASKET | CONTEMPORARY | BEAD | PLATINUM | PT_950 | 1ct | imgs:3
[22:26:02][PRINCESS] [1205] ? NIV-81C7A7E5105224A1 | BASKET | CONTEMPORARY | BEAD | GOLD | KT_10 | 1ct | imgs:3
[22:26:05][PRINCESS] [1206] ? NIV-81C7A7E5105224A1 | BASKET | CONTEMPORARY | BEAD | GOLD | KT_10 | 1ct | imgs:3
[22:26:11][PRINCESS] [1207] ? NIV-81C7A7E5105224A1 | BASKET | CONTEMPORARY | BEAD | GOLD | KT_10 | 1ct | imgs:3
[22:26:14][PRINCESS] [1208] ? NIV-8CD65ED5984A84A8 | BASKET | CONTEMPORARY | BEAD | GOLD | KT_10 | 1ct | imgs:3
[22:26:17][PRINCESS] [1209] ? NIV-8CD65ED5984A84A8 | BASKET | CONTEMPORARY | BEAD | GOLD | KT_10 | 1ct | imgs:3
[22:26:20][PRINCESS] [1210] ? NIV-8CD65ED5984A84A8 | BASKET | CONTEMPORARY | BEAD | GOLD | KT_10 | 1ct | imgs:3
[22:26:31][PRINCESS] [1211] ??  NIV-8CD65ED5984A84A8 | BASKET | CONTEMPORARY | BEAD | GOLD | KT_10 | 1ct | imgs:0
[22:26:35][PRINCESS] [1212] ? NIV-21D7A66EBA223F36 | BASKET | CONTEMPORARY | BEAD | GOLD | KT_10 | 1ct | imgs:3
[22:26:38][PRINCESS] [1213] ? NIV-21D7A66EBA223F36 | BASKET | CONTEMPORARY | BEAD | GOLD | KT_10 | 1ct | imgs:3
[22:26:41][PRINCESS] [1214] ? NIV-251B52EF3451897B | BASKET | CONTEMPORARY | BEAD | GOLD | KT_14 | 1ct | imgs:3
[22:26:47][PRINCESS] [1215] ? NIV-251B52EF3451897B | BASKET | CONTEMPORARY | BEAD | GOLD | KT_14 | 1ct | imgs:3
[22:26:50][PRINCESS] [1216] ? NIV-251B52EF3451897B | BASKET | CONTEMPORARY | BEAD | GOLD | KT_14 | 1ct | imgs:3
[22:26:53][PRINCESS] [1217] ? NIV-717F071733393E05 | BASKET | CONTEMPORARY | BEAD | GOLD | KT_14 | 1ct | imgs:3
[22:26:56][PRINCESS] [1218] ? NIV-717F071733393E05 | BASKET | CONTEMPORARY | BEAD | GOLD | KT_14 | 1ct | imgs:3
[22:26:59][PRINCESS] [1219] ? NIV-717F071733393E05 | BASKET | CONTEMPORARY | BEAD | GOLD | KT_14 | 1ct | imgs:3
[22:27:02][PRINCESS] [1220] ? NIV-C766CC13DDE47FE1 | BASKET | CONTEMPORARY | BEAD | GOLD | KT_14 | 1ct | imgs:3
[22:27:05][PRINCESS] [1221] ? NIV-C766CC13DDE47FE1 | BASKET | CONTEMPORARY | BEAD | GOLD | KT_14 | 1ct | imgs:3
[22:27:08][PRINCESS] [1222] ? NIV-C766CC13DDE47FE1 | BASKET | CONTEMPORARY | BEAD | GOLD | KT_14 | 1ct | imgs:3
[22:27:14][PRINCESS] [1223] ? NIV-84C8F3DE4D5B5626 | BASKET | CONTEMPORARY | BEAD | GOLD | KT_18 | 1ct | imgs:3
[22:27:17][PRINCESS] [1224] ? NIV-84C8F3DE4D5B5626 | BASKET | CONTEMPORARY | BEAD | GOLD | KT_18 | 1ct | imgs:3
[22:27:20][PRINCESS] [1225] ? NIV-84C8F3DE4D5B5626 | BASKET | CONTEMPORARY | BEAD | GOLD | KT_18 | 1ct | imgs:3
[22:27:23][PRINCESS] [1226] ? NIV-5C33FD36DDC0E960 | BASKET | CONTEMPORARY | BEAD | GOLD | KT_18 | 1ct | imgs:3
[22:27:26][PRINCESS] [1227] ? NIV-5C33FD36DDC0E960 | BASKET | CONTEMPORARY | BEAD | GOLD | KT_18 | 1ct | imgs:3
[22:27:29][PRINCESS] [1228] ? NIV-5C33FD36DDC0E960 | BASKET | CONTEMPORARY | BEAD | GOLD | KT_18 | 1ct | imgs:3
[22:27:32][PRINCESS] [1229] ? NIV-81A9A589DA7DAE0A | BASKET | CONTEMPORARY | BEAD | GOLD | KT_18 | 1ct | imgs:3
[22:27:35][PRINCESS] [1230] ? NIV-81A9A589DA7DAE0A | BASKET | CONTEMPORARY | BEAD | GOLD | KT_18 | 1ct | imgs:3
[22:27:38][PRINCESS] [1231] ? NIV-81A9A589DA7DAE0A | BASKET | CONTEMPORARY | BEAD | GOLD | KT_18 | 1ct | imgs:3
[22:27:41][PRINCESS] [1232] ? NIV-655D42BCBFA3AC56 | BASKET | CONTEMPORARY | BEAD | PLATINUM | PT_950 | 1ct | imgs:3
[22:27:47][PRINCESS] [1233] ? NIV-D1B197CA66269A38 | BASKET | CONTEMPORARY | BEAD | GOLD | KT_10 | 1ct | imgs:3
[22:27:50][PRINCESS] [1234] ? NIV-D1B197CA66269A38 | BASKET | CONTEMPORARY | BEAD | GOLD | KT_10 | 1ct | imgs:3
[22:27:53][PRINCESS] [1235] ? NIV-D1B197CA66269A38 | BASKET | CONTEMPORARY | BEAD | GOLD | KT_10 | 1ct | imgs:3
[22:27:56][PRINCESS] [1236] ? NIV-834251F956B163C1 | BASKET | CONTEMPORARY | BEAD | GOLD | KT_10 | 1ct | imgs:3
[22:27:59][PRINCESS] [1237] ? NIV-834251F956B163C1 | BASKET | CONTEMPORARY | BEAD | GOLD | KT_10 | 1ct | imgs:3
[22:28:02][PRINCESS] [1238] ? NIV-834251F956B163C1 | BASKET | CONTEMPORARY | BEAD | GOLD | KT_10 | 1ct | imgs:3
[22:28:05][PRINCESS] [1239] ? NIV-AAF0A6093F24F887 | BASKET | CONTEMPORARY | BEAD | GOLD | KT_10 | 1ct | imgs:3
[22:28:08][PRINCESS] [1240] ? NIV-AAF0A6093F24F887 | BASKET | CONTEMPORARY | BEAD | GOLD | KT_10 | 1ct | imgs:3
[22:28:14][PRINCESS] [1241] ? NIV-AAF0A6093F24F887 | BASKET | CONTEMPORARY | BEAD | GOLD | KT_10 | 1ct | imgs:3
[22:28:17][PRINCESS] [1242] ? NIV-C988DD03BFC1D67D | BASKET | CONTEMPORARY | BEAD | GOLD | KT_14 | 1ct | imgs:3
[22:28:20][PRINCESS] [1243] ? NIV-C988DD03BFC1D67D | BASKET | CONTEMPORARY | BEAD | GOLD | KT_14 | 1ct | imgs:3
[22:28:26][PRINCESS] [1244] ? NIV-C988DD03BFC1D67D | BASKET | CONTEMPORARY | BEAD | GOLD | KT_14 | 1ct | imgs:3
[22:28:29][PRINCESS] [1245] ? NIV-4C0EEDAA3D0EF1E7 | BASKET | CONTEMPORARY | BEAD | GOLD | KT_14 | 1ct | imgs:3
[22:28:32][PRINCESS] [1246] ? NIV-4C0EEDAA3D0EF1E7 | BASKET | CONTEMPORARY | BEAD | GOLD | KT_14 | 1ct | imgs:3
[22:28:38][PRINCESS] [1247] ? NIV-4C0EEDAA3D0EF1E7 | BASKET | CONTEMPORARY | BEAD | GOLD | KT_14 | 1ct | imgs:3
[22:28:41][PRINCESS] [1248] ? NIV-4A738B0A37D31A9C | BASKET | CONTEMPORARY | BEAD | GOLD | KT_14 | 1ct | imgs:3
[22:28:44][PRINCESS] [1249] ? NIV-4A738B0A37D31A9C | BASKET | CONTEMPORARY | BEAD | GOLD | KT_14 | 1ct | imgs:3
[22:28:50][PRINCESS] [1250] ? NIV-4A738B0A37D31A9C | BASKET | CONTEMPORARY | BEAD | GOLD | KT_14 | 1ct | imgs:3
[22:28:53][PRINCESS] [1251] ? NIV-315E83F6A5B871FB | BASKET | CONTEMPORARY | BEAD | GOLD | KT_18 | 1ct | imgs:3
[22:28:56][PRINCESS] [1252] ? NIV-315E83F6A5B871FB | BASKET | CONTEMPORARY | BEAD | GOLD | KT_18 | 1ct | imgs:3
[22:29:02][PRINCESS] [1253] ? NIV-315E83F6A5B871FB | BASKET | CONTEMPORARY | BEAD | GOLD | KT_18 | 1ct | imgs:3
[22:29:05][PRINCESS] [1254] ? NIV-42DC6AA7308757DD | BASKET | CONTEMPORARY | BEAD | GOLD | KT_18 | 1ct | imgs:3
[22:29:08][PRINCESS] [1255] ? NIV-42DC6AA7308757DD | BASKET | CONTEMPORARY | BEAD | GOLD | KT_18 | 1ct | imgs:3
[22:29:11][PRINCESS] [1256] ? NIV-42DC6AA7308757DD | BASKET | CONTEMPORARY | BEAD | GOLD | KT_18 | 1ct | imgs:3
[22:29:14][PRINCESS] [1257] ? NIV-381316350C9D99CC | BASKET | CONTEMPORARY | BEAD | GOLD | KT_18 | 1ct | imgs:3
[22:29:17][PRINCESS] [1258] ? NIV-381316350C9D99CC | BASKET | CONTEMPORARY | BEAD | GOLD | KT_18 | 1ct | imgs:3
[22:29:20][PRINCESS] [1259] ? NIV-381316350C9D99CC | BASKET | CONTEMPORARY | BEAD | GOLD | KT_18 | 1ct | imgs:3
[22:29:23][PRINCESS] [1260] ? NIV-B37078D342F6F383 | BASKET | CONTEMPORARY | BEAD | PLATINUM | PT_950 | 1ct | imgs:3
[22:29:29][PRINCESS] [1261] ? NIV-69B9E7A98EAA5D1D | BASKET | CONTEMPORARY | BEAD | GOLD | KT_10 | 1ct | imgs:3
[22:29:32][PRINCESS] [1262] ? NIV-69B9E7A98EAA5D1D | BASKET | CONTEMPORARY | BEAD | GOLD | KT_10 | 1ct | imgs:3
[22:29:35][PRINCESS] [1263] ? NIV-69B9E7A98EAA5D1D | BASKET | CONTEMPORARY | BEAD | GOLD | KT_10 | 1ct | imgs:3
[22:29:38][PRINCESS] [1264] ? NIV-564B436B309B91EB | BASKET | CONTEMPORARY | BEAD | GOLD | KT_10 | 1ct | imgs:3
[22:29:42][PRINCESS] [1265] ? NIV-564B436B309B91EB | BASKET | CONTEMPORARY | BEAD | GOLD | KT_10 | 1ct | imgs:3
[22:29:47][PRINCESS] [1266] ? NIV-564B436B309B91EB | BASKET | CONTEMPORARY | BEAD | GOLD | KT_10 | 1ct | imgs:3
[22:29:50][PRINCESS] [1267] ? NIV-59B4B242676FF730 | BASKET | CONTEMPORARY | BEAD | GOLD | KT_10 | 1ct | imgs:3
[22:29:56][PRINCESS] [1268] ? NIV-59B4B242676FF730 | BASKET | CONTEMPORARY | BEAD | GOLD | KT_10 | 1ct | imgs:3
[22:29:59][PRINCESS] [1269] ? NIV-59B4B242676FF730 | BASKET | CONTEMPORARY | BEAD | GOLD | KT_10 | 1ct | imgs:3
[22:30:02][PRINCESS] [1270] ? NIV-084571159C30BEA5 | BASKET | CONTEMPORARY | BEAD | GOLD | KT_14 | 1ct | imgs:3
[22:30:08][PRINCESS] [1271] ? NIV-084571159C30BEA5 | BASKET | CONTEMPORARY | BEAD | GOLD | KT_14 | 1ct | imgs:3
[22:30:11][PRINCESS] [1272] ? NIV-084571159C30BEA5 | BASKET | CONTEMPORARY | BEAD | GOLD | KT_14 | 1ct | imgs:3
[22:30:14][PRINCESS] [1273] ? NIV-DB343D0BBE27DE23 | BASKET | CONTEMPORARY | BEAD | GOLD | KT_14 | 1ct | imgs:3
[22:30:17][PRINCESS] [1274] ? NIV-DB343D0BBE27DE23 | BASKET | CONTEMPORARY | BEAD | GOLD | KT_14 | 1ct | imgs:3
[22:30:21][PRINCESS] [1275] ? NIV-DB343D0BBE27DE23 | BASKET | CONTEMPORARY | BEAD | GOLD | KT_14 | 1ct | imgs:3
[22:30:23][PRINCESS] [1276] ? NIV-43FDB2891925E22E | BASKET | CONTEMPORARY | BEAD | GOLD | KT_14 | 1ct | imgs:3
[22:30:26][PRINCESS] [1277] ? NIV-43FDB2891925E22E | BASKET | CONTEMPORARY | BEAD | GOLD | KT_14 | 1ct | imgs:3
[22:30:32][PRINCESS] [1278] ? NIV-43FDB2891925E22E | BASKET | CONTEMPORARY | BEAD | GOLD | KT_14 | 1ct | imgs:3
[22:30:35][PRINCESS] [1279] ? NIV-ECF257ABE811B148 | BASKET | CONTEMPORARY | BEAD | GOLD | KT_18 | 1ct | imgs:3
[22:30:41][PRINCESS] [1280] ? NIV-ECF257ABE811B148 | BASKET | CONTEMPORARY | BEAD | GOLD | KT_18 | 1ct | imgs:3
[22:30:44][PRINCESS] [1281] ? NIV-ECF257ABE811B148 | BASKET | CONTEMPORARY | BEAD | GOLD | KT_18 | 1ct | imgs:3
[22:30:47][PRINCESS] [1282] ? NIV-8D421BC0D9E3E5B8 | BASKET | CONTEMPORARY | BEAD | GOLD | KT_18 | 1ct | imgs:3
[22:30:50][PRINCESS] [1283] ? NIV-8D421BC0D9E3E5B8 | BASKET | CONTEMPORARY | BEAD | GOLD | KT_18 | 1ct | imgs:3
[22:30:56][PRINCESS] [1284] ? NIV-8D421BC0D9E3E5B8 | BASKET | CONTEMPORARY | BEAD | GOLD | KT_18 | 1ct | imgs:3
[22:30:59][PRINCESS] [1285] ? NIV-1C14814D416C05C2 | BASKET | CONTEMPORARY | BEAD | GOLD | KT_18 | 1ct | imgs:3
[22:31:02][PRINCESS] [1286] ? NIV-1C14814D416C05C2 | BASKET | CONTEMPORARY | BEAD | GOLD | KT_18 | 1ct | imgs:3
[22:31:05][PRINCESS] [1287] ? NIV-1C14814D416C05C2 | BASKET | CONTEMPORARY | BEAD | GOLD | KT_18 | 1ct | imgs:3
[22:31:08][PRINCESS] [1288] ? NIV-54545ECE56C030C7 | BASKET | CONTEMPORARY | BEAD | PLATINUM | PT_950 | 1ct | imgs:3
[22:31:14][PRINCESS] [1289] ? NIV-4A903D5E1D6DCB68 | BASKET | CONTEMPORARY | BEAD | GOLD | KT_10 | 1ct | imgs:3
[22:31:17][PRINCESS] [1290] ? NIV-4A903D5E1D6DCB68 | BASKET | CONTEMPORARY | BEAD | GOLD | KT_10 | 1ct | imgs:3
[22:31:20][PRINCESS] [1291] ? NIV-4A903D5E1D6DCB68 | BASKET | CONTEMPORARY | BEAD | GOLD | KT_10 | 1ct | imgs:3
[22:31:23][PRINCESS] [1292] ? NIV-F183E43EB12BD46B | BASKET | CONTEMPORARY | BEAD | GOLD | KT_10 | 1ct | imgs:3
[22:31:29][PRINCESS] [1293] ? NIV-F183E43EB12BD46B | BASKET | CONTEMPORARY | BEAD | GOLD | KT_10 | 1ct | imgs:3
[22:31:32][PRINCESS] [1294] ? NIV-F183E43EB12BD46B | BASKET | CONTEMPORARY | BEAD | GOLD | KT_10 | 1ct | imgs:3
[22:31:35][PRINCESS] [1295] ? NIV-549ED1555BF532CF | BASKET | CONTEMPORARY | BEAD | GOLD | KT_10 | 1ct | imgs:3
[22:31:38][PRINCESS] [1296] ? NIV-549ED1555BF532CF | BASKET | CONTEMPORARY | BEAD | GOLD | KT_10 | 1ct | imgs:3
[22:31:42][PRINCESS] [1297] ? NIV-549ED1555BF532CF | BASKET | CONTEMPORARY | BEAD | GOLD | KT_10 | 1ct | imgs:3
[22:31:47][PRINCESS] [1298] ? NIV-65F0C4CE9411533D | BASKET | CONTEMPORARY | BEAD | GOLD | KT_14 | 1ct | imgs:3
[22:31:50][PRINCESS] [1299] ? NIV-65F0C4CE9411533D | BASKET | CONTEMPORARY | BEAD | GOLD | KT_14 | 1ct | imgs:3
[22:31:53][PRINCESS] [1300] ? NIV-65F0C4CE9411533D | BASKET | CONTEMPORARY | BEAD | GOLD | KT_14 | 1ct | imgs:3
[22:31:56][PRINCESS] [1301] ? NIV-C50A5C169EAE4481 | BASKET | CONTEMPORARY | BEAD | GOLD | KT_14 | 1ct | imgs:3
[22:31:59][PRINCESS] [1302] ? NIV-C50A5C169EAE4481 | BASKET | CONTEMPORARY | BEAD | GOLD | KT_14 | 1ct | imgs:3
[22:32:05][PRINCESS] [1303] ? NIV-C50A5C169EAE4481 | BASKET | CONTEMPORARY | BEAD | GOLD | KT_14 | 1ct | imgs:3
[22:32:08][PRINCESS] [1304] ? NIV-1BE2E28AA129BF9C | BASKET | CONTEMPORARY | BEAD | GOLD | KT_14 | 1ct | imgs:3
[22:32:11][PRINCESS] [1305] ? NIV-1BE2E28AA129BF9C | BASKET | CONTEMPORARY | BEAD | GOLD | KT_14 | 1ct | imgs:3
[22:32:17][PRINCESS] [1306] ? NIV-1BE2E28AA129BF9C | BASKET | CONTEMPORARY | BEAD | GOLD | KT_14 | 1ct | imgs:3
[22:32:20][PRINCESS] [1307] ? NIV-C259FFF4BA190594 | BASKET | CONTEMPORARY | BEAD | GOLD | KT_18 | 1ct | imgs:3
[22:32:23][PRINCESS] [1308] ? NIV-C259FFF4BA190594 | BASKET | CONTEMPORARY | BEAD | GOLD | KT_18 | 1ct | imgs:3
[22:32:29][PRINCESS] [1309] ? NIV-C259FFF4BA190594 | BASKET | CONTEMPORARY | BEAD | GOLD | KT_18 | 1ct | imgs:3
[22:32:32][PRINCESS] [1310] ? NIV-1B9BCDDE5F30FD77 | BASKET | CONTEMPORARY | BEAD | GOLD | KT_18 | 1ct | imgs:3
[22:32:35][PRINCESS] [1311] ? NIV-1B9BCDDE5F30FD77 | BASKET | CONTEMPORARY | BEAD | GOLD | KT_18 | 1ct | imgs:3
[22:32:38][PRINCESS] [1312] ? NIV-1B9BCDDE5F30FD77 | BASKET | CONTEMPORARY | BEAD | GOLD | KT_18 | 1ct | imgs:3
[22:32:41][PRINCESS] [1313] ? NIV-71F96031FC420539 | BASKET | CONTEMPORARY | BEAD | GOLD | KT_18 | 1ct | imgs:3
[22:32:44][PRINCESS] [1314] ? NIV-71F96031FC420539 | BASKET | CONTEMPORARY | BEAD | GOLD | KT_18 | 1ct | imgs:3
[22:32:50][PRINCESS] [1315] ? NIV-71F96031FC420539 | BASKET | CONTEMPORARY | BEAD | GOLD | KT_18 | 1ct | imgs:3
[22:32:53][PRINCESS] [1316] ? NIV-4DDC020E6236CCF1 | BASKET | CONTEMPORARY | BEAD | PLATINUM | PT_950 | 1ct | imgs:3
[22:32:59][PRINCESS] [1317] ? NIV-71F968D66C0AB2BE | BASKET | CONTEMPORARY | BEAD | GOLD | KT_10 | 1ct | imgs:3
[22:33:02][PRINCESS] [1318] ? NIV-71F968D66C0AB2BE | BASKET | CONTEMPORARY | BEAD | GOLD | KT_10 | 1ct | imgs:3
[22:33:05][PRINCESS] [1319] ? NIV-71F968D66C0AB2BE | BASKET | CONTEMPORARY | BEAD | GOLD | KT_10 | 1ct | imgs:3
[22:33:08][PRINCESS] [1320] ? NIV-E369EB7C909AFC02 | BASKET | CONTEMPORARY | BEAD | GOLD | KT_10 | 1ct | imgs:3
[22:33:11][PRINCESS] [1321] ? NIV-E369EB7C909AFC02 | BASKET | CONTEMPORARY | BEAD | GOLD | KT_10 | 1ct | imgs:3
[22:33:17][PRINCESS] [1322] ? NIV-E369EB7C909AFC02 | BASKET | CONTEMPORARY | BEAD | GOLD | KT_10 | 1ct | imgs:3
[22:33:20][PRINCESS] [1323] ? NIV-0398BADC62B2D4C3 | BASKET | CONTEMPORARY | BEAD | GOLD | KT_10 | 1ct | imgs:3
[22:33:23][PRINCESS] [1324] ? NIV-0398BADC62B2D4C3 | BASKET | CONTEMPORARY | BEAD | GOLD | KT_10 | 1ct | imgs:3
[22:33:29][PRINCESS] [1325] ? NIV-0398BADC62B2D4C3 | BASKET | CONTEMPORARY | BEAD | GOLD | KT_10 | 1ct | imgs:3
[22:33:32][PRINCESS] [1326] ? NIV-052E0451DD46B5B0 | BASKET | CONTEMPORARY | BEAD | GOLD | KT_14 | 1ct | imgs:3
[22:33:35][PRINCESS] [1327] ? NIV-052E0451DD46B5B0 | BASKET | CONTEMPORARY | BEAD | GOLD | KT_14 | 1ct | imgs:3
[22:33:41][PRINCESS] [1328] ? NIV-052E0451DD46B5B0 | BASKET | CONTEMPORARY | BEAD | GOLD | KT_14 | 1ct | imgs:3
[22:33:44][PRINCESS] [1329] ? NIV-C28D7AF4BDD154F0 | BASKET | CONTEMPORARY | BEAD | GOLD | KT_14 | 1ct | imgs:3
[22:33:47][PRINCESS] [1330] ? NIV-C28D7AF4BDD154F0 | BASKET | CONTEMPORARY | BEAD | GOLD | KT_14 | 1ct | imgs:3
[22:33:51][PRINCESS] [1331] ? NIV-C28D7AF4BDD154F0 | BASKET | CONTEMPORARY | BEAD | GOLD | KT_14 | 1ct | imgs:3
[22:33:53][PRINCESS] [1332] ? NIV-3D4B7E245A0AB442 | BASKET | CONTEMPORARY | BEAD | GOLD | KT_14 | 1ct | imgs:3
[22:33:56][PRINCESS] [1333] ? NIV-3D4B7E245A0AB442 | BASKET | CONTEMPORARY | BEAD | GOLD | KT_14 | 1ct | imgs:3
[22:33:59][PRINCESS] [1334] ? NIV-3D4B7E245A0AB442 | BASKET | CONTEMPORARY | BEAD | GOLD | KT_14 | 1ct | imgs:3
[22:34:05][PRINCESS] [1335] ? NIV-336F62D51AB84DBF | BASKET | CONTEMPORARY | BEAD | GOLD | KT_18 | 1ct | imgs:3
[22:34:08][PRINCESS] [1336] ? NIV-336F62D51AB84DBF | BASKET | CONTEMPORARY | BEAD | GOLD | KT_18 | 1ct | imgs:3
[22:34:14][PRINCESS] [1337] ? NIV-336F62D51AB84DBF | BASKET | CONTEMPORARY | BEAD | GOLD | KT_18 | 1ct | imgs:3
[22:34:17][PRINCESS] [1338] ? NIV-DD8B4E8207803D99 | BASKET | CONTEMPORARY | BEAD | GOLD | KT_18 | 1ct | imgs:3
[22:34:20][PRINCESS] [1339] ? NIV-DD8B4E8207803D99 | BASKET | CONTEMPORARY | BEAD | GOLD | KT_18 | 1ct | imgs:3
[22:34:26][PRINCESS] [1340] ? NIV-DD8B4E8207803D99 | BASKET | CONTEMPORARY | BEAD | GOLD | KT_18 | 1ct | imgs:3
[22:34:29][PRINCESS] [1341] ? NIV-53A47468BCE6DC99 | BASKET | CONTEMPORARY | BEAD | GOLD | KT_18 | 1ct | imgs:3
[22:34:32][PRINCESS] [1342] ? NIV-53A47468BCE6DC99 | BASKET | CONTEMPORARY | BEAD | GOLD | KT_18 | 1ct | imgs:3
[22:34:38][PRINCESS] [1343] ? NIV-53A47468BCE6DC99 | BASKET | CONTEMPORARY | BEAD | GOLD | KT_18 | 1ct | imgs:3
[22:34:41][PRINCESS] [1344] ? NIV-42101059D4DF4718 | BASKET | CONTEMPORARY | BEAD | PLATINUM | PT_950 | 1ct | imgs:3
[22:34:44][PRINCESS] [1345] ? NIV-CF5482AF48C8D429 | BASKET | CONTEMPORARY | BEAD | GOLD | KT_10 | 1ct | imgs:3
[22:34:50][PRINCESS] [1346] ? NIV-CF5482AF48C8D429 | BASKET | CONTEMPORARY | BEAD | GOLD | KT_10 | 1ct | imgs:3
[22:34:53][PRINCESS] [1347] ? NIV-CF5482AF48C8D429 | BASKET | CONTEMPORARY | BEAD | GOLD | KT_10 | 1ct | imgs:3
[22:34:56][PRINCESS] [1348] ? NIV-F099684C8A379EA3 | BASKET | CONTEMPORARY | BEAD | GOLD | KT_10 | 1ct | imgs:3
[22:34:59][PRINCESS] [1349] ? NIV-F099684C8A379EA3 | BASKET | CONTEMPORARY | BEAD | GOLD | KT_10 | 1ct | imgs:3
[22:35:05][PRINCESS] [1350] ? NIV-F099684C8A379EA3 | BASKET | CONTEMPORARY | BEAD | GOLD | KT_10 | 1ct | imgs:3
[22:35:08][PRINCESS] [1351] ? NIV-CE78FB4BCE8ACB85 | BASKET | CONTEMPORARY | BEAD | GOLD | KT_10 | 1ct | imgs:3
[22:35:11][PRINCESS] [1352] ? NIV-CE78FB4BCE8ACB85 | BASKET | CONTEMPORARY | BEAD | GOLD | KT_10 | 1ct | imgs:3
[22:35:17][PRINCESS] [1353] ? NIV-CE78FB4BCE8ACB85 | BASKET | CONTEMPORARY | BEAD | GOLD | KT_10 | 1ct | imgs:3
[22:35:20][PRINCESS] [1354] ? NIV-F8868EE17476C66A | BASKET | CONTEMPORARY | BEAD | GOLD | KT_14 | 1ct | imgs:3
[22:35:23][PRINCESS] [1355] ? NIV-F8868EE17476C66A | BASKET | CONTEMPORARY | BEAD | GOLD | KT_14 | 1ct | imgs:3
[22:35:29][PRINCESS] [1356] ? NIV-F8868EE17476C66A | BASKET | CONTEMPORARY | BEAD | GOLD | KT_14 | 1ct | imgs:3
[22:35:32][PRINCESS] [1357] ? NIV-1E31525C3AA4997E | BASKET | CONTEMPORARY | BEAD | GOLD | KT_14 | 1ct | imgs:3
[22:35:38][PRINCESS] [1358] ? NIV-1E31525C3AA4997E | BASKET | CONTEMPORARY | BEAD | GOLD | KT_14 | 1ct | imgs:3
[22:35:41][PRINCESS] [1359] ? NIV-1E31525C3AA4997E | BASKET | CONTEMPORARY | BEAD | GOLD | KT_14 | 1ct | imgs:3
[22:35:44][PRINCESS] [1360] ? NIV-A3019C52AFF240E4 | BASKET | CONTEMPORARY | BEAD | GOLD | KT_14 | 1ct | imgs:3
[22:35:48][PRINCESS] [1361] ? NIV-A3019C52AFF240E4 | BASKET | CONTEMPORARY | BEAD | GOLD | KT_14 | 1ct | imgs:3
[22:35:53][PRINCESS] [1362] ? NIV-A3019C52AFF240E4 | BASKET | CONTEMPORARY | BEAD | GOLD | KT_14 | 1ct | imgs:3
[22:35:56][PRINCESS] [1363] ? NIV-44191E9B3531F0B2 | BASKET | CONTEMPORARY | BEAD | GOLD | KT_18 | 1ct | imgs:3
[22:35:59][PRINCESS] [1364] ? NIV-44191E9B3531F0B2 | BASKET | CONTEMPORARY | BEAD | GOLD | KT_18 | 1ct | imgs:3
[22:36:05][PRINCESS] [1365] ? NIV-44191E9B3531F0B2 | BASKET | CONTEMPORARY | BEAD | GOLD | KT_18 | 1ct | imgs:3
[22:36:08][PRINCESS] [1366] ? NIV-2E1E8F17F48EF031 | BASKET | CONTEMPORARY | BEAD | GOLD | KT_18 | 1ct | imgs:3
[22:36:14][PRINCESS] [1367] ? NIV-2E1E8F17F48EF031 | BASKET | CONTEMPORARY | BEAD | GOLD | KT_18 | 1ct | imgs:3
[22:36:17][PRINCESS] [1368] ? NIV-2E1E8F17F48EF031 | BASKET | CONTEMPORARY | BEAD | GOLD | KT_18 | 1ct | imgs:3
[22:36:20][PRINCESS] [1369] ? NIV-C1B17ABFB924E42B | BASKET | CONTEMPORARY | BEAD | GOLD | KT_18 | 1ct | imgs:3
[22:36:23][PRINCESS] [1370] ? NIV-C1B17ABFB924E42B | BASKET | CONTEMPORARY | BEAD | GOLD | KT_18 | 1ct | imgs:3
[22:36:26][PRINCESS] [1371] ? NIV-C1B17ABFB924E42B | BASKET | CONTEMPORARY | BEAD | GOLD | KT_18 | 1ct | imgs:3
[22:36:29][PRINCESS] [1372] ? NIV-2FAB6FE69F48E68C | BASKET | CONTEMPORARY | BEAD | PLATINUM | PT_950 | 1ct | imgs:3
[22:36:35][PRINCESS] [1373] ? NIV-37D8143AF1E04D4C | BASKET | CONTEMPORARY | BEAD | GOLD | KT_10 | 1ct | imgs:3
[22:36:38][PRINCESS] [1374] ? NIV-37D8143AF1E04D4C | BASKET | CONTEMPORARY | BEAD | GOLD | KT_10 | 1ct | imgs:3
[22:36:41][PRINCESS] [1375] ? NIV-37D8143AF1E04D4C | BASKET | CONTEMPORARY | BEAD | GOLD | KT_10 | 1ct | imgs:3
[22:36:44][PRINCESS] [1376] ? NIV-1558DC3159D8DAD0 | BASKET | CONTEMPORARY | BEAD | GOLD | KT_10 | 1ct | imgs:3
[22:36:47][PRINCESS] [1377] ? NIV-1558DC3159D8DAD0 | BASKET | CONTEMPORARY | BEAD | GOLD | KT_10 | 1ct | imgs:3
[22:36:50][PRINCESS] [1378] ? NIV-1558DC3159D8DAD0 | BASKET | CONTEMPORARY | BEAD | GOLD | KT_10 | 1ct | imgs:3
[22:36:53][PRINCESS] [1379] ? NIV-67C12EC9717CF4EF | BASKET | CONTEMPORARY | BEAD | GOLD | KT_10 | 1ct | imgs:3
[22:36:56][PRINCESS] [1380] ? NIV-67C12EC9717CF4EF | BASKET | CONTEMPORARY | BEAD | GOLD | KT_10 | 1ct | imgs:3
[22:36:59][PRINCESS] [1381] ? NIV-67C12EC9717CF4EF | BASKET | CONTEMPORARY | BEAD | GOLD | KT_10 | 1ct | imgs:3
[22:37:09][PRINCESS] [1382] ? NIV-782BBC7F4952049D | BASKET | CONTEMPORARY | BEAD | GOLD | KT_14 | 1ct | imgs:3
[22:37:14][PRINCESS] [1383] ? NIV-782BBC7F4952049D | BASKET | CONTEMPORARY | BEAD | GOLD | KT_14 | 1ct | imgs:3
[22:37:17][PRINCESS] [1384] ? NIV-782BBC7F4952049D | BASKET | CONTEMPORARY | BEAD | GOLD | KT_14 | 1ct | imgs:3
[22:37:20][PRINCESS] [1385] ? NIV-24517437E4934829 | BASKET | CONTEMPORARY | BEAD | GOLD | KT_14 | 1ct | imgs:3
[22:37:23][PRINCESS] [1386] ? NIV-24517437E4934829 | BASKET | CONTEMPORARY | BEAD | GOLD | KT_14 | 1ct | imgs:3
[22:37:29][PRINCESS] [1387] ? NIV-24517437E4934829 | BASKET | CONTEMPORARY | BEAD | GOLD | KT_14 | 1ct | imgs:3
[22:37:32][PRINCESS] [1388] ? NIV-A1F7EB30071BDA0A | BASKET | CONTEMPORARY | BEAD | GOLD | KT_14 | 1ct | imgs:3
[22:37:35][PRINCESS] [1389] ? NIV-A1F7EB30071BDA0A | BASKET | CONTEMPORARY | BEAD | GOLD | KT_14 | 1ct | imgs:3
[22:37:38][PRINCESS] [1390] ? NIV-A1F7EB30071BDA0A | BASKET | CONTEMPORARY | BEAD | GOLD | KT_14 | 1ct | imgs:3
[22:37:44][PRINCESS] [1391] ? NIV-103C488162EB2BA4 | BASKET | CONTEMPORARY | BEAD | GOLD | KT_18 | 1ct | imgs:3
[22:37:47][PRINCESS] [1392] ? NIV-103C488162EB2BA4 | BASKET | CONTEMPORARY | BEAD | GOLD | KT_18 | 1ct | imgs:3
[22:37:50][PRINCESS] [1393] ? NIV-103C488162EB2BA4 | BASKET | CONTEMPORARY | BEAD | GOLD | KT_18 | 1ct | imgs:3
[22:37:53][PRINCESS] [1394] ? NIV-145C2B6902D2FD5C | BASKET | CONTEMPORARY | BEAD | GOLD | KT_18 | 1ct | imgs:3
[22:37:56][PRINCESS] [1395] ? NIV-145C2B6902D2FD5C | BASKET | CONTEMPORARY | BEAD | GOLD | KT_18 | 1ct | imgs:3
[22:38:02][PRINCESS] [1396] ? NIV-145C2B6902D2FD5C | BASKET | CONTEMPORARY | BEAD | GOLD | KT_18 | 1ct | imgs:3
[22:38:05][PRINCESS] [1397] ? NIV-006F81717A0B3543 | BASKET | CONTEMPORARY | BEAD | GOLD | KT_18 | 1ct | imgs:3
[22:38:08][PRINCESS] [1398] ? NIV-006F81717A0B3543 | BASKET | CONTEMPORARY | BEAD | GOLD | KT_18 | 1ct | imgs:3
[22:38:11][PRINCESS] [1399] ? NIV-006F81717A0B3543 | BASKET | CONTEMPORARY | BEAD | GOLD | KT_18 | 1ct | imgs:3
[22:38:14][PRINCESS] [1400] ? NIV-2FB24BBC8C04455D | BASKET | CONTEMPORARY | BEAD | PLATINUM | PT_950 | 1ct | imgs:3
[22:38:20][PRINCESS] [1401] ? NIV-4273BE85B6C08B19 | BASKET | CONTEMPORARY | BEAD | GOLD | KT_10 | 1ct | imgs:3
[22:38:23][PRINCESS] [1402] ? NIV-4273BE85B6C08B19 | BASKET | CONTEMPORARY | BEAD | GOLD | KT_10 | 1ct | imgs:3
[22:38:26][PRINCESS] [1403] ? NIV-4273BE85B6C08B19 | BASKET | CONTEMPORARY | BEAD | GOLD | KT_10 | 1ct | imgs:3
[22:38:29][PRINCESS] [1404] ? NIV-F6FC224FD05339E6 | BASKET | CONTEMPORARY | BEAD | GOLD | KT_10 | 1ct | imgs:3
[22:38:32][PRINCESS] [1405] ? NIV-F6FC224FD05339E6 | BASKET | CONTEMPORARY | BEAD | GOLD | KT_10 | 1ct | imgs:3
[22:38:38][PRINCESS] [1406] ? NIV-F6FC224FD05339E6 | BASKET | CONTEMPORARY | BEAD | GOLD | KT_10 | 1ct | imgs:3
[22:38:41][PRINCESS] [1407] ? NIV-E416A64B00BCF85D | BASKET | CONTEMPORARY | BEAD | GOLD | KT_10 | 1ct | imgs:3
[22:38:45][PRINCESS] [1408] ? NIV-E416A64B00BCF85D | BASKET | CONTEMPORARY | BEAD | GOLD | KT_10 | 1ct | imgs:3
[22:38:50][PRINCESS] [1409] ? NIV-E416A64B00BCF85D | BASKET | CONTEMPORARY | BEAD | GOLD | KT_10 | 1ct | imgs:3
[22:38:53][PRINCESS] [1410] ? NIV-0AD48B220A1BA5BC | BASKET | CONTEMPORARY | BEAD | GOLD | KT_14 | 1ct | imgs:3
[22:38:56][PRINCESS] [1411] ? NIV-0AD48B220A1BA5BC | BASKET | CONTEMPORARY | BEAD | GOLD | KT_14 | 1ct | imgs:3
[22:38:59][PRINCESS] [1412] ? NIV-0AD48B220A1BA5BC | BASKET | CONTEMPORARY | BEAD | GOLD | KT_14 | 1ct | imgs:3
[22:39:02][PRINCESS] [1413] ? NIV-6CE44739568F1AFD | BASKET | CONTEMPORARY | BEAD | GOLD | KT_14 | 1ct | imgs:3
[22:39:08][PRINCESS] [1414] ? NIV-6CE44739568F1AFD | BASKET | CONTEMPORARY | BEAD | GOLD | KT_14 | 1ct | imgs:3
[22:39:11][PRINCESS] [1415] ? NIV-6CE44739568F1AFD | BASKET | CONTEMPORARY | BEAD | GOLD | KT_14 | 1ct | imgs:3
[22:39:14][PRINCESS] [1416] ? NIV-5CEC6B17B64E5148 | BASKET | CONTEMPORARY | BEAD | GOLD | KT_14 | 1ct | imgs:3
[22:39:17][PRINCESS] [1417] ? NIV-5CEC6B17B64E5148 | BASKET | CONTEMPORARY | BEAD | GOLD | KT_14 | 1ct | imgs:3
[22:39:20][PRINCESS] [1418] ? NIV-5CEC6B17B64E5148 | BASKET | CONTEMPORARY | BEAD | GOLD | KT_14 | 1ct | imgs:3
[22:39:23][PRINCESS] [1419] ? NIV-099D316C33277091 | BASKET | CONTEMPORARY | BEAD | GOLD | KT_18 | 1ct | imgs:3
[22:39:29][PRINCESS] [1420] ? NIV-099D316C33277091 | BASKET | CONTEMPORARY | BEAD | GOLD | KT_18 | 1ct | imgs:3
[22:39:32][PRINCESS] [1421] ? NIV-099D316C33277091 | BASKET | CONTEMPORARY | BEAD | GOLD | KT_18 | 1ct | imgs:3
[22:39:35][PRINCESS] [1422] ? NIV-A5DEE7314F9F08FB | BASKET | CONTEMPORARY | BEAD | GOLD | KT_18 | 1ct | imgs:3
[22:39:38][PRINCESS] [1423] ? NIV-A5DEE7314F9F08FB | BASKET | CONTEMPORARY | BEAD | GOLD | KT_18 | 1ct | imgs:3
[22:39:41][PRINCESS]   Re-seleccionando PRINCESS (intento 1)
[22:39:41][PRINCESS]   Boton no encontrado ? recargando configurador...
[22:39:56][PRINCESS]   Re-seleccionando PRINCESS (intento 2)
[22:40:00][PRINCESS] [1424] ? NIV-58D80612BA34FED5 | BASKET | CONTEMPORARY | BEAD | GOLD | KT_18 | 1ct | imgs:3
[22:40:03][PRINCESS] [1425] ? NIV-46DA39283D61D6BC | BASKET | CONTEMPORARY | BEAD | GOLD | KT_18 | 1ct | imgs:3
[22:40:06][PRINCESS] [1426] ? NIV-35370568AF326438 | BASKET | CONTEMPORARY | BEAD | GOLD | KT_18 | 1ct | imgs:3
[22:40:09][PRINCESS] [1427] ? NIV-5A0398DDCC86DF0F | BASKET | CONTEMPORARY | BEAD | GOLD | KT_18 | 1ct | imgs:3
[22:40:12][PRINCESS] [1428] ? NIV-D04C0916386418DA | BASKET | CONTEMPORARY | BEAD | PLATINUM | PT_950 | 1ct | imgs:3
[22:40:18][PRINCESS] [1429] ? NIV-1C69D37EE704B015 | BASKET | CONTEMPORARY | BEAD | GOLD | KT_10 | 1ct | imgs:3
[22:40:21][PRINCESS] [1430] ? NIV-1C69D37EE704B015 | BASKET | CONTEMPORARY | BEAD | GOLD | KT_10 | 1ct | imgs:3
[22:40:27][PRINCESS] [1431] ? NIV-1C69D37EE704B015 | BASKET | CONTEMPORARY | BEAD | GOLD | KT_10 | 1ct | imgs:3
[22:40:30][PRINCESS] [1432] ? NIV-811C46B847CA0732 | BASKET | CONTEMPORARY | BEAD | GOLD | KT_10 | 1ct | imgs:3
[22:40:33][PRINCESS] [1433] ? NIV-811C46B847CA0732 | BASKET | CONTEMPORARY | BEAD | GOLD | KT_10 | 1ct | imgs:3
[22:40:36][PRINCESS] [1434] ? NIV-811C46B847CA0732 | BASKET | CONTEMPORARY | BEAD | GOLD | KT_10 | 1ct | imgs:3
[22:40:39][PRINCESS] [1435] ? NIV-FD765475741E9C80 | BASKET | CONTEMPORARY | BEAD | GOLD | KT_10 | 1ct | imgs:3
[22:40:42][PRINCESS] [1436] ? NIV-FD765475741E9C80 | BASKET | CONTEMPORARY | BEAD | GOLD | KT_10 | 1ct | imgs:3
[22:40:45][PRINCESS] [1437] ? NIV-FD765475741E9C80 | BASKET | CONTEMPORARY | BEAD | GOLD | KT_10 | 1ct | imgs:3
[22:40:51][PRINCESS] [1438] ? NIV-9ACE46542A509E6C | BASKET | CONTEMPORARY | BEAD | GOLD | KT_14 | 1ct | imgs:3
[22:40:54][PRINCESS] [1439] ? NIV-9ACE46542A509E6C | BASKET | CONTEMPORARY | BEAD | GOLD | KT_14 | 1ct | imgs:3
[22:41:00][PRINCESS] [1440] ? NIV-9ACE46542A509E6C | BASKET | CONTEMPORARY | BEAD | GOLD | KT_14 | 1ct | imgs:3
[22:41:03][PRINCESS] [1441] ? NIV-13C385FD9A943A54 | BASKET | CONTEMPORARY | BEAD | GOLD | KT_14 | 1ct | imgs:3
[22:41:06][PRINCESS] [1442] ? NIV-13C385FD9A943A54 | BASKET | CONTEMPORARY | BEAD | GOLD | KT_14 | 1ct | imgs:3
[22:41:09][PRINCESS] [1443] ? NIV-13C385FD9A943A54 | BASKET | CONTEMPORARY | BEAD | GOLD | KT_14 | 1ct | imgs:3
[22:41:12][PRINCESS] [1444] ? NIV-0F1C1E19C9630D17 | BASKET | CONTEMPORARY | BEAD | GOLD | KT_14 | 1ct | imgs:3
[22:41:15][PRINCESS] [1445] ? NIV-0F1C1E19C9630D17 | BASKET | CONTEMPORARY | BEAD | GOLD | KT_14 | 1ct | imgs:3
[22:41:18][PRINCESS] [1446] ? NIV-0F1C1E19C9630D17 | BASKET | CONTEMPORARY | BEAD | GOLD | KT_14 | 1ct | imgs:3
[22:41:24][PRINCESS] [1447] ? NIV-6F3A50B412470C4A | BASKET | CONTEMPORARY | BEAD | GOLD | KT_18 | 1ct | imgs:3
[22:41:27][PRINCESS] [1448] ? NIV-6F3A50B412470C4A | BASKET | CONTEMPORARY | BEAD | GOLD | KT_18 | 1ct | imgs:3
[22:41:30][PRINCESS] [1449] ? NIV-6F3A50B412470C4A | BASKET | CONTEMPORARY | BEAD | GOLD | KT_18 | 1ct | imgs:3
[22:41:33][PRINCESS] [1450] ? NIV-E0A21C19DB07E593 | BASKET | CONTEMPORARY | BEAD | GOLD | KT_18 | 1ct | imgs:3
[22:41:36][PRINCESS] [1451] ? NIV-E0A21C19DB07E593 | BASKET | CONTEMPORARY | BEAD | GOLD | KT_18 | 1ct | imgs:3
[22:41:39][PRINCESS] [1452] ? NIV-E0A21C19DB07E593 | BASKET | CONTEMPORARY | BEAD | GOLD | KT_18 | 1ct | imgs:3
[22:41:42][PRINCESS] [1453] ? NIV-9E85C6E430E88F79 | BASKET | CONTEMPORARY | BEAD | GOLD | KT_18 | 1ct | imgs:3
[22:41:45][PRINCESS] [1454] ? NIV-9E85C6E430E88F79 | BASKET | CONTEMPORARY | BEAD | GOLD | KT_18 | 1ct | imgs:3
[22:41:51][PRINCESS] [1455] ? NIV-9E85C6E430E88F79 | BASKET | CONTEMPORARY | BEAD | GOLD | KT_18 | 1ct | imgs:3
[22:41:54][PRINCESS] [1456] ? NIV-1BCFC959A1DB2708 | BASKET | CONTEMPORARY | BEAD | PLATINUM | PT_950 | 1ct | imgs:3
[22:42:03][PRINCESS] [1457] ? NIV-1EA5064298E50CBB | BASKET | DOUBLE | NONE | GOLD | KT_10 | 1ct | imgs:3
[22:42:09][PRINCESS] [1458] ? NIV-1EA5064298E50CBB | BASKET | DOUBLE | NONE | GOLD | KT_10 | 1ct | imgs:3
[22:42:12][PRINCESS] [1459] ? NIV-1EA5064298E50CBB | BASKET | DOUBLE | NONE | GOLD | KT_10 | 1ct | imgs:3
[22:42:15][PRINCESS] [1460] ? NIV-70052848B8A71041 | BASKET | DOUBLE | NONE | GOLD | KT_10 | 1ct | imgs:3
[22:42:18][PRINCESS] [1461] ? NIV-70052848B8A71041 | BASKET | DOUBLE | NONE | GOLD | KT_10 | 1ct | imgs:3
[22:42:24][PRINCESS] [1462] ? NIV-70052848B8A71041 | BASKET | DOUBLE | NONE | GOLD | KT_10 | 1ct | imgs:3
[22:42:27][PRINCESS] [1463] ? NIV-89B379F8BD7135BE | BASKET | DOUBLE | NONE | GOLD | KT_10 | 1ct | imgs:3
[22:42:30][PRINCESS] [1464] ? NIV-89B379F8BD7135BE | BASKET | DOUBLE | NONE | GOLD | KT_10 | 1ct | imgs:3
[22:42:36][PRINCESS] [1465] ? NIV-89B379F8BD7135BE | BASKET | DOUBLE | NONE | GOLD | KT_10 | 1ct | imgs:3
[22:42:39][PRINCESS] [1466] ? NIV-763DCD40CAB69419 | BASKET | DOUBLE | NONE | GOLD | KT_14 | 1ct | imgs:3
[22:42:42][PRINCESS] [1467] ? NIV-763DCD40CAB69419 | BASKET | DOUBLE | NONE | GOLD | KT_14 | 1ct | imgs:3
[22:42:48][PRINCESS] [1468] ? NIV-763DCD40CAB69419 | BASKET | DOUBLE | NONE | GOLD | KT_14 | 1ct | imgs:3
[22:42:51][PRINCESS] [1469] ? NIV-D43ACF531446AF77 | BASKET | DOUBLE | NONE | GOLD | KT_14 | 1ct | imgs:3
[22:42:54][PRINCESS] [1470] ? NIV-D43ACF531446AF77 | BASKET | DOUBLE | NONE | GOLD | KT_14 | 1ct | imgs:3
[22:43:00][PRINCESS] [1471] ? NIV-D43ACF531446AF77 | BASKET | DOUBLE | NONE | GOLD | KT_14 | 1ct | imgs:3
[22:43:03][PRINCESS] [1472] ? NIV-DB298A5B5ECD04DE | BASKET | DOUBLE | NONE | GOLD | KT_14 | 1ct | imgs:3
[22:43:06][PRINCESS] [1473] ? NIV-DB298A5B5ECD04DE | BASKET | DOUBLE | NONE | GOLD | KT_14 | 1ct | imgs:3
[22:43:09][PRINCESS] [1474] ? NIV-DB298A5B5ECD04DE | BASKET | DOUBLE | NONE | GOLD | KT_14 | 1ct | imgs:3
[22:43:12][PRINCESS] [1475] ? NIV-88F69A3D496BE229 | BASKET | DOUBLE | NONE | GOLD | KT_18 | 1ct | imgs:3
[22:43:18][PRINCESS] [1476] ? NIV-88F69A3D496BE229 | BASKET | DOUBLE | NONE | GOLD | KT_18 | 1ct | imgs:3
[22:43:21][PRINCESS] [1477] ? NIV-88F69A3D496BE229 | BASKET | DOUBLE | NONE | GOLD | KT_18 | 1ct | imgs:3
[22:43:24][PRINCESS] [1478] ? NIV-AAD74337074FDB2B | BASKET | DOUBLE | NONE | GOLD | KT_18 | 1ct | imgs:3
[22:43:27][PRINCESS] [1479] ? NIV-AAD74337074FDB2B | BASKET | DOUBLE | NONE | GOLD | KT_18 | 1ct | imgs:3
[22:43:30][PRINCESS] [1480] ? NIV-AAD74337074FDB2B | BASKET | DOUBLE | NONE | GOLD | KT_18 | 1ct | imgs:3
[22:43:33][PRINCESS] [1481] ? NIV-7586FA69DDE0667C | BASKET | DOUBLE | NONE | GOLD | KT_18 | 1ct | imgs:3
[22:43:36][PRINCESS] [1482] ? NIV-7586FA69DDE0667C | BASKET | DOUBLE | NONE | GOLD | KT_18 | 1ct | imgs:3
[22:43:42][PRINCESS] [1483] ? NIV-7586FA69DDE0667C | BASKET | DOUBLE | NONE | GOLD | KT_18 | 1ct | imgs:3
[22:43:45][PRINCESS] [1484] ? NIV-A0FD415F389A4ECC | BASKET | DOUBLE | NONE | PLATINUM | PT_950 | 1ct | imgs:3
[22:43:48][PRINCESS] [1485] ? NIV-0F2A65877F7D9378 | BASKET | DOUBLE | NONE | GOLD | KT_10 | 1ct | imgs:3
[22:43:54][PRINCESS] [1486] ? NIV-0F2A65877F7D9378 | BASKET | DOUBLE | NONE | GOLD | KT_10 | 1ct | imgs:3
[22:43:57][PRINCESS] [1487] ? NIV-0F2A65877F7D9378 | BASKET | DOUBLE | NONE | GOLD | KT_10 | 1ct | imgs:3
[22:44:00][PRINCESS] [1488] ? NIV-95E6EB00D24E0586 | BASKET | DOUBLE | NONE | GOLD | KT_10 | 1ct | imgs:3
[22:44:03][PRINCESS] [1489] ? NIV-95E6EB00D24E0586 | BASKET | DOUBLE | NONE | GOLD | KT_10 | 1ct | imgs:3
[22:44:09][PRINCESS] [1490] ? NIV-95E6EB00D24E0586 | BASKET | DOUBLE | NONE | GOLD | KT_10 | 1ct | imgs:3
[22:44:12][PRINCESS] [1491] ? NIV-12ACF50FB7ADE2E2 | BASKET | DOUBLE | NONE | GOLD | KT_10 | 1ct | imgs:3
[22:44:15][PRINCESS] [1492] ? NIV-12ACF50FB7ADE2E2 | BASKET | DOUBLE | NONE | GOLD | KT_10 | 1ct | imgs:3
[22:44:21][PRINCESS] [1493] ? NIV-12ACF50FB7ADE2E2 | BASKET | DOUBLE | NONE | GOLD | KT_10 | 1ct | imgs:3
[22:44:24][PRINCESS] [1494] ? NIV-67287593844F72D2 | BASKET | DOUBLE | NONE | GOLD | KT_14 | 1ct | imgs:3
[22:44:27][PRINCESS] [1495] ? NIV-67287593844F72D2 | BASKET | DOUBLE | NONE | GOLD | KT_14 | 1ct | imgs:3
[22:44:33][PRINCESS] [1496] ? NIV-67287593844F72D2 | BASKET | DOUBLE | NONE | GOLD | KT_14 | 1ct | imgs:3
[22:44:36][PRINCESS] [1497] ? NIV-D094FD552D8C87C5 | BASKET | DOUBLE | NONE | GOLD | KT_14 | 1ct | imgs:3
[22:44:39][PRINCESS] [1498] ? NIV-D094FD552D8C87C5 | BASKET | DOUBLE | NONE | GOLD | KT_14 | 1ct | imgs:3
[22:44:45][PRINCESS] [1499] ? NIV-D094FD552D8C87C5 | BASKET | DOUBLE | NONE | GOLD | KT_14 | 1ct | imgs:3
[22:44:48][PRINCESS] [1500] ? NIV-3F7F98CC7D46271E | BASKET | DOUBLE | NONE | GOLD | KT_14 | 1ct | imgs:3
[22:44:51][PRINCESS] [1501] ? NIV-3F7F98CC7D46271E | BASKET | DOUBLE | NONE | GOLD | KT_14 | 1ct | imgs:3
[22:44:54][PRINCESS] [1502] ? NIV-3F7F98CC7D46271E | BASKET | DOUBLE | NONE | GOLD | KT_14 | 1ct | imgs:3
[22:44:57][PRINCESS] [1503] ? NIV-A6E36E385ADD645B | BASKET | DOUBLE | NONE | GOLD | KT_18 | 1ct | imgs:3
[22:45:03][PRINCESS] [1504] ? NIV-A6E36E385ADD645B | BASKET | DOUBLE | NONE | GOLD | KT_18 | 1ct | imgs:3
[22:45:06][PRINCESS] [1505] ? NIV-A6E36E385ADD645B | BASKET | DOUBLE | NONE | GOLD | KT_18 | 1ct | imgs:3
[22:45:09][PRINCESS] [1506] ? NIV-07FFADC827093815 | BASKET | DOUBLE | NONE | GOLD | KT_18 | 1ct | imgs:3
[22:45:12][PRINCESS] [1507] ? NIV-07FFADC827093815 | BASKET | DOUBLE | NONE | GOLD | KT_18 | 1ct | imgs:3
[22:45:18][PRINCESS] [1508] ? NIV-07FFADC827093815 | BASKET | DOUBLE | NONE | GOLD | KT_18 | 1ct | imgs:3
[22:45:21][PRINCESS] [1509] ? NIV-609B650F5188BE6D | BASKET | DOUBLE | NONE | GOLD | KT_18 | 1ct | imgs:3
[22:45:24][PRINCESS] [1510] ? NIV-609B650F5188BE6D | BASKET | DOUBLE | NONE | GOLD | KT_18 | 1ct | imgs:3
[22:45:30][PRINCESS] [1511] ? NIV-609B650F5188BE6D | BASKET | DOUBLE | NONE | GOLD | KT_18 | 1ct | imgs:3
[22:45:33][PRINCESS] [1512] ? NIV-3BF88C374D87D92A | BASKET | DOUBLE | NONE | PLATINUM | PT_950 | 1ct | imgs:3
[22:45:39][PRINCESS] [1513] ? NIV-D64F13EA76F4DEF9 | BASKET | DOUBLE | NONE | GOLD | KT_10 | 1ct | imgs:3
[22:45:42][PRINCESS] [1514] ? NIV-D64F13EA76F4DEF9 | BASKET | DOUBLE | NONE | GOLD | KT_10 | 1ct | imgs:3
[22:45:45][PRINCESS] [1515] ? NIV-D64F13EA76F4DEF9 | BASKET | DOUBLE | NONE | GOLD | KT_10 | 1ct | imgs:3
[22:45:48][PRINCESS] [1516] ? NIV-4891FCD3C8136341 | BASKET | DOUBLE | NONE | GOLD | KT_10 | 1ct | imgs:3
[22:45:51][PRINCESS] [1517] ? NIV-4891FCD3C8136341 | BASKET | DOUBLE | NONE | GOLD | KT_10 | 1ct | imgs:3
[22:45:57][PRINCESS] [1518] ? NIV-4891FCD3C8136341 | BASKET | DOUBLE | NONE | GOLD | KT_10 | 1ct | imgs:3
[22:46:00][PRINCESS] [1519] ? NIV-CFA543AC34C63EED | BASKET | DOUBLE | NONE | GOLD | KT_10 | 1ct | imgs:3
[22:46:03][PRINCESS] [1520] ? NIV-CFA543AC34C63EED | BASKET | DOUBLE | NONE | GOLD | KT_10 | 1ct | imgs:3
[22:46:06][PRINCESS] [1521] ? NIV-CFA543AC34C63EED | BASKET | DOUBLE | NONE | GOLD | KT_10 | 1ct | imgs:3
[22:46:09][PRINCESS] [1522] ? NIV-1F27F530EBEE0000 | BASKET | DOUBLE | NONE | GOLD | KT_14 | 1ct | imgs:3
[22:46:12][PRINCESS] [1523] ? NIV-1F27F530EBEE0000 | BASKET | DOUBLE | NONE | GOLD | KT_14 | 1ct | imgs:3
[22:46:18][PRINCESS] [1524] ? NIV-1F27F530EBEE0000 | BASKET | DOUBLE | NONE | GOLD | KT_14 | 1ct | imgs:3
[22:46:21][PRINCESS] [1525] ? NIV-A521EB223957A504 | BASKET | DOUBLE | NONE | GOLD | KT_14 | 1ct | imgs:3
[22:46:24][PRINCESS] [1526] ? NIV-A521EB223957A504 | BASKET | DOUBLE | NONE | GOLD | KT_14 | 1ct | imgs:3
[22:46:27][PRINCESS] [1527] ? NIV-A521EB223957A504 | BASKET | DOUBLE | NONE | GOLD | KT_14 | 1ct | imgs:3
[22:46:30][PRINCESS] [1528] ? NIV-966185F5C1913E61 | BASKET | DOUBLE | NONE | GOLD | KT_14 | 1ct | imgs:3
[22:46:33][PRINCESS] [1529] ? NIV-966185F5C1913E61 | BASKET | DOUBLE | NONE | GOLD | KT_14 | 1ct | imgs:3
[22:46:39][PRINCESS] [1530] ? NIV-966185F5C1913E61 | BASKET | DOUBLE | NONE | GOLD | KT_14 | 1ct | imgs:3
[22:46:42][PRINCESS] [1531] ? NIV-652D29668EDB40AF | BASKET | DOUBLE | NONE | GOLD | KT_18 | 1ct | imgs:3
[22:46:45][PRINCESS] [1532] ? NIV-652D29668EDB40AF | BASKET | DOUBLE | NONE | GOLD | KT_18 | 1ct | imgs:3
[22:46:48][PRINCESS] [1533] ? NIV-652D29668EDB40AF | BASKET | DOUBLE | NONE | GOLD | KT_18 | 1ct | imgs:3
[22:46:51][PRINCESS] [1534] ? NIV-1500703DC09C1047 | BASKET | DOUBLE | NONE | GOLD | KT_18 | 1ct | imgs:3
[22:46:54][PRINCESS] [1535] ? NIV-1500703DC09C1047 | BASKET | DOUBLE | NONE | GOLD | KT_18 | 1ct | imgs:3
[22:46:57][PRINCESS] [1536] ? NIV-1500703DC09C1047 | BASKET | DOUBLE | NONE | GOLD | KT_18 | 1ct | imgs:3
[22:47:00][PRINCESS] [1537] ? NIV-62738B0C1C714260 | BASKET | DOUBLE | NONE | GOLD | KT_18 | 1ct | imgs:3
[22:47:03][PRINCESS] [1538] ? NIV-62738B0C1C714260 | BASKET | DOUBLE | NONE | GOLD | KT_18 | 1ct | imgs:3
[22:47:09][PRINCESS] [1539] ? NIV-62738B0C1C714260 | BASKET | DOUBLE | NONE | GOLD | KT_18 | 1ct | imgs:3
[22:47:12][PRINCESS] [1540] ? NIV-2585DD0C3A78F569 | BASKET | DOUBLE | NONE | PLATINUM | PT_950 | 1ct | imgs:3
[22:47:18][PRINCESS] [1541] ? NIV-7AAE2D684FA8CADB | BASKET | DOUBLE | NONE | GOLD | KT_10 | 1ct | imgs:3
[22:47:21][PRINCESS] [1542] ? NIV-7AAE2D684FA8CADB | BASKET | DOUBLE | NONE | GOLD | KT_10 | 1ct | imgs:3
[22:47:27][PRINCESS] [1543] ? NIV-7AAE2D684FA8CADB | BASKET | DOUBLE | NONE | GOLD | KT_10 | 1ct | imgs:3
[22:47:30][PRINCESS] [1544] ? NIV-6DEED5EBCF0195B0 | BASKET | DOUBLE | NONE | GOLD | KT_10 | 1ct | imgs:3
[22:47:33][PRINCESS] [1545] ? NIV-6DEED5EBCF0195B0 | BASKET | DOUBLE | NONE | GOLD | KT_10 | 1ct | imgs:3
[22:47:39][PRINCESS] [1546] ? NIV-6DEED5EBCF0195B0 | BASKET | DOUBLE | NONE | GOLD | KT_10 | 1ct | imgs:3
[22:47:42][PRINCESS] [1547] ? NIV-A46FA0EF336971E1 | BASKET | DOUBLE | NONE | GOLD | KT_10 | 1ct | imgs:3
[22:47:45][PRINCESS] [1548] ? NIV-A46FA0EF336971E1 | BASKET | DOUBLE | NONE | GOLD | KT_10 | 1ct | imgs:3
[22:47:51][PRINCESS] [1549] ? NIV-A46FA0EF336971E1 | BASKET | DOUBLE | NONE | GOLD | KT_10 | 1ct | imgs:3
[22:47:54][PRINCESS] [1550] ? NIV-2057B4D649C44746 | BASKET | DOUBLE | NONE | GOLD | KT_14 | 1ct | imgs:3
[22:48:00][PRINCESS] [1551] ? NIV-2057B4D649C44746 | BASKET | DOUBLE | NONE | GOLD | KT_14 | 1ct | imgs:3
[22:48:03][PRINCESS] [1552] ? NIV-2057B4D649C44746 | BASKET | DOUBLE | NONE | GOLD | KT_14 | 1ct | imgs:3
[22:48:06][PRINCESS] [1553] ? NIV-CFC9AFA298D39176 | BASKET | DOUBLE | NONE | GOLD | KT_14 | 1ct | imgs:3
[22:48:09][PRINCESS] [1554] ? NIV-CFC9AFA298D39176 | BASKET | DOUBLE | NONE | GOLD | KT_14 | 1ct | imgs:3
[22:48:12][PRINCESS] [1555] ? NIV-CFC9AFA298D39176 | BASKET | DOUBLE | NONE | GOLD | KT_14 | 1ct | imgs:3
[22:48:15][PRINCESS] [1556] ? NIV-DE055655E605E242 | BASKET | DOUBLE | NONE | GOLD | KT_14 | 1ct | imgs:3
[22:48:18][PRINCESS] [1557] ? NIV-DE055655E605E242 | BASKET | DOUBLE | NONE | GOLD | KT_14 | 1ct | imgs:3
[22:48:21][PRINCESS] [1558] ? NIV-DE055655E605E242 | BASKET | DOUBLE | NONE | GOLD | KT_14 | 1ct | imgs:3
[22:48:25][PRINCESS] [1559] ? NIV-4B06A8291418A7C7 | BASKET | DOUBLE | NONE | GOLD | KT_18 | 1ct | imgs:1
[22:48:30][PRINCESS] [1560] ? NIV-4B06A8291418A7C7 | BASKET | DOUBLE | NONE | GOLD | KT_18 | 1ct | imgs:3
[22:48:33][PRINCESS] [1561] ? NIV-4B06A8291418A7C7 | BASKET | DOUBLE | NONE | GOLD | KT_18 | 1ct | imgs:3
[22:48:36][PRINCESS] [1562] ? NIV-90046A8AC7419227 | BASKET | DOUBLE | NONE | GOLD | KT_18 | 1ct | imgs:3
[22:48:42][PRINCESS] [1563] ? NIV-90046A8AC7419227 | BASKET | DOUBLE | NONE | GOLD | KT_18 | 1ct | imgs:3
[22:48:45][PRINCESS] [1564] ? NIV-90046A8AC7419227 | BASKET | DOUBLE | NONE | GOLD | KT_18 | 1ct | imgs:3
[22:48:48][PRINCESS] [1565] ? NIV-406FC9AF823305CB | BASKET | DOUBLE | NONE | GOLD | KT_18 | 1ct | imgs:3
[22:48:51][PRINCESS] [1566] ? NIV-406FC9AF823305CB | BASKET | DOUBLE | NONE | GOLD | KT_18 | 1ct | imgs:3
[22:48:57][PRINCESS] [1567] ? NIV-406FC9AF823305CB | BASKET | DOUBLE | NONE | GOLD | KT_18 | 1ct | imgs:3
[22:49:00][PRINCESS] [1568] ? NIV-79848141387546E3 | BASKET | DOUBLE | NONE | PLATINUM | PT_950 | 1ct | imgs:3
[22:49:06][PRINCESS] [1569] ? NIV-2EEA647CED8E1F85 | BASKET | DOUBLE | NONE | GOLD | KT_10 | 1ct | imgs:3
[22:49:12][PRINCESS] [1570] ? NIV-2EEA647CED8E1F85 | BASKET | DOUBLE | NONE | GOLD | KT_10 | 1ct | imgs:3
[22:49:15][PRINCESS] [1571] ? NIV-2EEA647CED8E1F85 | BASKET | DOUBLE | NONE | GOLD | KT_10 | 1ct | imgs:3
[22:49:18][PRINCESS] [1572] ? NIV-023282959C337565 | BASKET | DOUBLE | NONE | GOLD | KT_10 | 1ct | imgs:3
[22:49:24][PRINCESS] [1573] ? NIV-023282959C337565 | BASKET | DOUBLE | NONE | GOLD | KT_10 | 1ct | imgs:3
[22:49:27][PRINCESS] [1574] ? NIV-023282959C337565 | BASKET | DOUBLE | NONE | GOLD | KT_10 | 1ct | imgs:3
[22:49:30][PRINCESS] [1575] ? NIV-74BB34B1A08D9BB5 | BASKET | DOUBLE | NONE | GOLD | KT_10 | 1ct | imgs:3
[22:49:33][PRINCESS] [1576] ? NIV-74BB34B1A08D9BB5 | BASKET | DOUBLE | NONE | GOLD | KT_10 | 1ct | imgs:3
[22:49:36][PRINCESS] [1577] ? NIV-74BB34B1A08D9BB5 | BASKET | DOUBLE | NONE | GOLD | KT_10 | 1ct | imgs:3
[22:49:39][PRINCESS] [1578] ? NIV-034B68B501766206 | BASKET | DOUBLE | NONE | GOLD | KT_14 | 1ct | imgs:3
[22:49:45][PRINCESS] [1579] ? NIV-034B68B501766206 | BASKET | DOUBLE | NONE | GOLD | KT_14 | 1ct | imgs:3
[22:49:48][PRINCESS] [1580] ? NIV-034B68B501766206 | BASKET | DOUBLE | NONE | GOLD | KT_14 | 1ct | imgs:3
[22:49:51][PRINCESS] [1581] ? NIV-AE2146234B7A9A22 | BASKET | DOUBLE | NONE | GOLD | KT_14 | 1ct | imgs:1
[22:49:57][PRINCESS] [1582] ? NIV-AE2146234B7A9A22 | BASKET | DOUBLE | NONE | GOLD | KT_14 | 1ct | imgs:3
[22:50:00][PRINCESS] [1583] ? NIV-AE2146234B7A9A22 | BASKET | DOUBLE | NONE | GOLD | KT_14 | 1ct | imgs:3
[22:50:03][PRINCESS] [1584] ? NIV-9F9B2FB564526D96 | BASKET | DOUBLE | NONE | GOLD | KT_14 | 1ct | imgs:3
[22:50:06][PRINCESS] [1585] ? NIV-9F9B2FB564526D96 | BASKET | DOUBLE | NONE | GOLD | KT_14 | 1ct | imgs:3
[22:50:12][PRINCESS] [1586] ? NIV-9F9B2FB564526D96 | BASKET | DOUBLE | NONE | GOLD | KT_14 | 1ct | imgs:3
[22:50:17][PRINCESS] [1587] ? NIV-B8722C84D1564349 | BASKET | DOUBLE | NONE | GOLD | KT_18 | 1ct | imgs:1
[22:50:21][PRINCESS] [1588] ? NIV-B8722C84D1564349 | BASKET | DOUBLE | NONE | GOLD | KT_18 | 1ct | imgs:3
[22:50:27][PRINCESS] [1589] ? NIV-B8722C84D1564349 | BASKET | DOUBLE | NONE | GOLD | KT_18 | 1ct | imgs:3
[22:50:30][PRINCESS] [1590] ? NIV-97847E541DD7CABB | BASKET | DOUBLE | NONE | GOLD | KT_18 | 1ct | imgs:3
[22:50:33][PRINCESS] [1591] ? NIV-97847E541DD7CABB | BASKET | DOUBLE | NONE | GOLD | KT_18 | 1ct | imgs:3
[22:50:39][PRINCESS] [1592] ? NIV-97847E541DD7CABB | BASKET | DOUBLE | NONE | GOLD | KT_18 | 1ct | imgs:3
[22:50:42][PRINCESS] [1593] ? NIV-9E2D44984BF707BD | BASKET | DOUBLE | NONE | GOLD | KT_18 | 1ct | imgs:3
[22:50:45][PRINCESS] [1594] ? NIV-9E2D44984BF707BD | BASKET | DOUBLE | NONE | GOLD | KT_18 | 1ct | imgs:3
[22:50:48][PRINCESS] [1595] ? NIV-9E2D44984BF707BD | BASKET | DOUBLE | NONE | GOLD | KT_18 | 1ct | imgs:3
[22:50:51][PRINCESS] [1596] ? NIV-918933AF75628DB4 | BASKET | DOUBLE | NONE | PLATINUM | PT_950 | 1ct | imgs:3
[22:50:57][PRINCESS] [1597] ? NIV-3AB022BD52F28C57 | BASKET | DOUBLE | NONE | GOLD | KT_10 | 1ct | imgs:3
[22:51:00][PRINCESS] [1598] ? NIV-3AB022BD52F28C57 | BASKET | DOUBLE | NONE | GOLD | KT_10 | 1ct | imgs:3
[22:51:03][PRINCESS] [1599] ? NIV-3AB022BD52F28C57 | BASKET | DOUBLE | NONE | GOLD | KT_10 | 1ct | imgs:3
[22:51:06][PRINCESS] [1600] ? NIV-ED55A020EB45C0C0 | BASKET | DOUBLE | NONE | GOLD | KT_10 | 1ct | imgs:3
[22:51:09][PRINCESS] [1601] ? NIV-ED55A020EB45C0C0 | BASKET | DOUBLE | NONE | GOLD | KT_10 | 1ct | imgs:3
[22:51:12][PRINCESS] [1602] ? NIV-ED55A020EB45C0C0 | BASKET | DOUBLE | NONE | GOLD | KT_10 | 1ct | imgs:3
[22:51:15][PRINCESS] [1603] ? NIV-982D35EE00135B0D | BASKET | DOUBLE | NONE | GOLD | KT_10 | 1ct | imgs:3
[22:51:18][PRINCESS] [1604] ? NIV-982D35EE00135B0D | BASKET | DOUBLE | NONE | GOLD | KT_10 | 1ct | imgs:3
[22:51:24][PRINCESS] [1605] ? NIV-982D35EE00135B0D | BASKET | DOUBLE | NONE | GOLD | KT_10 | 1ct | imgs:3
[22:51:27][PRINCESS] [1606] ? NIV-1F694F3602BFB56D | BASKET | DOUBLE | NONE | GOLD | KT_14 | 1ct | imgs:3
[22:51:33][PRINCESS] [1607] ? NIV-1F694F3602BFB56D | BASKET | DOUBLE | NONE | GOLD | KT_14 | 1ct | imgs:3
[22:51:36][PRINCESS] [1608] ? NIV-1F694F3602BFB56D | BASKET | DOUBLE | NONE | GOLD | KT_14 | 1ct | imgs:3
[22:51:39][PRINCESS] [1609] ? NIV-8337B92201C96384 | BASKET | DOUBLE | NONE | GOLD | KT_14 | 1ct | imgs:3
[22:51:42][PRINCESS] [1610] ? NIV-8337B92201C96384 | BASKET | DOUBLE | NONE | GOLD | KT_14 | 1ct | imgs:3
[22:51:48][PRINCESS] [1611] ? NIV-8337B92201C96384 | BASKET | DOUBLE | NONE | GOLD | KT_14 | 1ct | imgs:3
[22:51:51][PRINCESS] [1612] ? NIV-8A707284C333C8CB | BASKET | DOUBLE | NONE | GOLD | KT_14 | 1ct | imgs:3
[22:51:54][PRINCESS] [1613] ? NIV-8A707284C333C8CB | BASKET | DOUBLE | NONE | GOLD | KT_14 | 1ct | imgs:3
[22:52:00][PRINCESS] [1614] ? NIV-8A707284C333C8CB | BASKET | DOUBLE | NONE | GOLD | KT_14 | 1ct | imgs:3
[22:52:03][PRINCESS] [1615] ? NIV-BD1B9869BBC1EE5B | BASKET | DOUBLE | NONE | GOLD | KT_18 | 1ct | imgs:3
[22:52:06][PRINCESS] [1616] ? NIV-BD1B9869BBC1EE5B | BASKET | DOUBLE | NONE | GOLD | KT_18 | 1ct | imgs:3
[22:52:12][PRINCESS] [1617] ? NIV-BD1B9869BBC1EE5B | BASKET | DOUBLE | NONE | GOLD | KT_18 | 1ct | imgs:3
[22:52:15][PRINCESS] [1618] ? NIV-6E3284DEE9ED4BF1 | BASKET | DOUBLE | NONE | GOLD | KT_18 | 1ct | imgs:3
[22:52:18][PRINCESS] [1619] ? NIV-6E3284DEE9ED4BF1 | BASKET | DOUBLE | NONE | GOLD | KT_18 | 1ct | imgs:3
[22:52:24][PRINCESS] [1620] ? NIV-6E3284DEE9ED4BF1 | BASKET | DOUBLE | NONE | GOLD | KT_18 | 1ct | imgs:3
[22:52:27][PRINCESS] [1621] ? NIV-0C8B903950FD850F | BASKET | DOUBLE | NONE | GOLD | KT_18 | 1ct | imgs:3
[22:52:30][PRINCESS] [1622] ? NIV-0C8B903950FD850F | BASKET | DOUBLE | NONE | GOLD | KT_18 | 1ct | imgs:3
[22:52:36][PRINCESS] [1623] ? NIV-0C8B903950FD850F | BASKET | DOUBLE | NONE | GOLD | KT_18 | 1ct | imgs:3
[22:52:39][PRINCESS] [1624] ? NIV-61FCC8D3B2E4047C | BASKET | DOUBLE | NONE | PLATINUM | PT_950 | 1ct | imgs:3
[22:52:42][PRINCESS] [1625] ? NIV-6A6D5C0629A48056 | BASKET | DOUBLE | NONE | GOLD | KT_10 | 1ct | imgs:3
[22:52:48][PRINCESS] [1626] ? NIV-6A6D5C0629A48056 | BASKET | DOUBLE | NONE | GOLD | KT_10 | 1ct | imgs:3
[22:52:51][PRINCESS] [1627] ? NIV-6A6D5C0629A48056 | BASKET | DOUBLE | NONE | GOLD | KT_10 | 1ct | imgs:3
[22:52:54][PRINCESS] [1628] ? NIV-96FF076C6FAA493F | BASKET | DOUBLE | NONE | GOLD | KT_10 | 1ct | imgs:3
[22:53:00][PRINCESS] [1629] ? NIV-96FF076C6FAA493F | BASKET | DOUBLE | NONE | GOLD | KT_10 | 1ct | imgs:3
[22:53:03][PRINCESS] [1630] ? NIV-96FF076C6FAA493F | BASKET | DOUBLE | NONE | GOLD | KT_10 | 1ct | imgs:3
[22:53:06][PRINCESS] [1631] ? NIV-DBD4D2465663A3DC | BASKET | DOUBLE | NONE | GOLD | KT_10 | 1ct | imgs:3
[22:53:09][PRINCESS] [1632] ? NIV-DBD4D2465663A3DC | BASKET | DOUBLE | NONE | GOLD | KT_10 | 1ct | imgs:3
[22:53:12][PRINCESS] [1633] ? NIV-DBD4D2465663A3DC | BASKET | DOUBLE | NONE | GOLD | KT_10 | 1ct | imgs:3
[22:53:15][PRINCESS] [1634] ? NIV-C479F4EDFB32F01B | BASKET | DOUBLE | NONE | GOLD | KT_14 | 1ct | imgs:3
[22:53:21][PRINCESS] [1635] ? NIV-C479F4EDFB32F01B | BASKET | DOUBLE | NONE | GOLD | KT_14 | 1ct | imgs:3
[22:53:24][PRINCESS] [1636] ? NIV-C479F4EDFB32F01B | BASKET | DOUBLE | NONE | GOLD | KT_14 | 1ct | imgs:3
[22:53:27][PRINCESS] [1637] ? NIV-191A1C69FA452B49 | BASKET | DOUBLE | NONE | GOLD | KT_14 | 1ct | imgs:3
[22:53:30][PRINCESS] [1638] ? NIV-191A1C69FA452B49 | BASKET | DOUBLE | NONE | GOLD | KT_14 | 1ct | imgs:3
[22:53:33][PRINCESS] [1639] ? NIV-191A1C69FA452B49 | BASKET | DOUBLE | NONE | GOLD | KT_14 | 1ct | imgs:3
[22:53:36][PRINCESS] [1640] ? NIV-A891751215A99E79 | BASKET | DOUBLE | NONE | GOLD | KT_14 | 1ct | imgs:3
[22:53:39][PRINCESS] [1641] ? NIV-A891751215A99E79 | BASKET | DOUBLE | NONE | GOLD | KT_14 | 1ct | imgs:3
[22:53:45][PRINCESS] [1642] ? NIV-A891751215A99E79 | BASKET | DOUBLE | NONE | GOLD | KT_14 | 1ct | imgs:3
[22:53:48][PRINCESS] [1643] ? NIV-D6A12DC7E7ACF20A | BASKET | DOUBLE | NONE | GOLD | KT_18 | 1ct | imgs:3
[22:53:51][PRINCESS] [1644] ? NIV-D6A12DC7E7ACF20A | BASKET | DOUBLE | NONE | GOLD | KT_18 | 1ct | imgs:3
[22:53:54][PRINCESS] [1645] ? NIV-D6A12DC7E7ACF20A | BASKET | DOUBLE | NONE | GOLD | KT_18 | 1ct | imgs:3
[22:53:57][PRINCESS] [1646] ? NIV-0E031889453D3A06 | BASKET | DOUBLE | NONE | GOLD | KT_18 | 1ct | imgs:3
[22:54:00][PRINCESS] [1647] ? NIV-0E031889453D3A06 | BASKET | DOUBLE | NONE | GOLD | KT_18 | 1ct | imgs:3
[22:54:06][PRINCESS] [1648] ? NIV-0E031889453D3A06 | BASKET | DOUBLE | NONE | GOLD | KT_18 | 1ct | imgs:3
[22:54:09][PRINCESS] [1649] ? NIV-6CD241D98E410D2F | BASKET | DOUBLE | NONE | GOLD | KT_18 | 1ct | imgs:3
[22:54:12][PRINCESS] [1650] ? NIV-6CD241D98E410D2F | BASKET | DOUBLE | NONE | GOLD | KT_18 | 1ct | imgs:3
[22:54:18][PRINCESS] [1651] ? NIV-6CD241D98E410D2F | BASKET | DOUBLE | NONE | GOLD | KT_18 | 1ct | imgs:3
[22:54:21][PRINCESS] [1652] ? NIV-8A3E11A2C9519C20 | BASKET | DOUBLE | NONE | PLATINUM | PT_950 | 1ct | imgs:3
[22:54:24][PRINCESS] [1653] ? NIV-849A64B10ABE3B13 | BASKET | DOUBLE | NONE | GOLD | KT_10 | 1ct | imgs:3
[22:54:30][PRINCESS] [1654] ? NIV-849A64B10ABE3B13 | BASKET | DOUBLE | NONE | GOLD | KT_10 | 1ct | imgs:3
[22:54:33][PRINCESS] [1655] ? NIV-849A64B10ABE3B13 | BASKET | DOUBLE | NONE | GOLD | KT_10 | 1ct | imgs:3
[22:54:36][PRINCESS] [1656] ? NIV-4904B7E24F679C97 | BASKET | DOUBLE | NONE | GOLD | KT_10 | 1ct | imgs:3
[22:54:42][PRINCESS] [1657] ? NIV-4904B7E24F679C97 | BASKET | DOUBLE | NONE | GOLD | KT_10 | 1ct | imgs:3
[22:54:45][PRINCESS] [1658] ? NIV-4904B7E24F679C97 | BASKET | DOUBLE | NONE | GOLD | KT_10 | 1ct | imgs:3
[22:54:48][PRINCESS] [1659] ? NIV-C92E50155F9FCE1F | BASKET | DOUBLE | NONE | GOLD | KT_10 | 1ct | imgs:3
[22:54:51][PRINCESS] [1660] ? NIV-C92E50155F9FCE1F | BASKET | DOUBLE | NONE | GOLD | KT_10 | 1ct | imgs:3
[22:54:54][PRINCESS] [1661] ? NIV-C92E50155F9FCE1F | BASKET | DOUBLE | NONE | GOLD | KT_10 | 1ct | imgs:3
[22:55:00][PRINCESS] [1662] ? NIV-DAE65E6DD6F231D9 | BASKET | DOUBLE | NONE | GOLD | KT_14 | 1ct | imgs:3
[22:55:03][PRINCESS] [1663] ? NIV-DAE65E6DD6F231D9 | BASKET | DOUBLE | NONE | GOLD | KT_14 | 1ct | imgs:3
[22:55:06][PRINCESS] [1664] ? NIV-DAE65E6DD6F231D9 | BASKET | DOUBLE | NONE | GOLD | KT_14 | 1ct | imgs:3
[22:55:09][PRINCESS] [1665] ? NIV-23C2601BDC56B73C | BASKET | DOUBLE | NONE | GOLD | KT_14 | 1ct | imgs:3
[22:55:12][PRINCESS] [1666] ? NIV-23C2601BDC56B73C | BASKET | DOUBLE | NONE | GOLD | KT_14 | 1ct | imgs:3
[22:55:18][PRINCESS] [1667] ? NIV-23C2601BDC56B73C | BASKET | DOUBLE | NONE | GOLD | KT_14 | 1ct | imgs:3
[22:55:21][PRINCESS] [1668] ? NIV-F4F2F4E94ADA9ABA | BASKET | DOUBLE | NONE | GOLD | KT_14 | 1ct | imgs:3
[22:55:24][PRINCESS] [1669] ? NIV-F4F2F4E94ADA9ABA | BASKET | DOUBLE | NONE | GOLD | KT_14 | 1ct | imgs:3
[22:55:30][PRINCESS] [1670] ? NIV-F4F2F4E94ADA9ABA | BASKET | DOUBLE | NONE | GOLD | KT_14 | 1ct | imgs:3
[22:55:33][PRINCESS] [1671] ? NIV-52D2DCE80A2854D6 | BASKET | DOUBLE | NONE | GOLD | KT_18 | 1ct | imgs:3
[22:55:36][PRINCESS] [1672] ? NIV-52D2DCE80A2854D6 | BASKET | DOUBLE | NONE | GOLD | KT_18 | 1ct | imgs:3
[22:55:42][PRINCESS] [1673] ? NIV-52D2DCE80A2854D6 | BASKET | DOUBLE | NONE | GOLD | KT_18 | 1ct | imgs:3
[22:55:45][PRINCESS] [1674] ? NIV-F7A011AE8BD5F30A | BASKET | DOUBLE | NONE | GOLD | KT_18 | 1ct | imgs:3
[22:55:48][PRINCESS] [1675] ? NIV-F7A011AE8BD5F30A | BASKET | DOUBLE | NONE | GOLD | KT_18 | 1ct | imgs:3
[22:55:51][PRINCESS] [1676] ? NIV-F7A011AE8BD5F30A | BASKET | DOUBLE | NONE | GOLD | KT_18 | 1ct | imgs:3
[22:55:54][PRINCESS] [1677] ? NIV-7490D942F978A571 | BASKET | DOUBLE | NONE | GOLD | KT_18 | 1ct | imgs:3
[22:55:57][PRINCESS] [1678] ? NIV-7490D942F978A571 | BASKET | DOUBLE | NONE | GOLD | KT_18 | 1ct | imgs:3
[22:56:03][PRINCESS] [1679] ? NIV-7490D942F978A571 | BASKET | DOUBLE | NONE | GOLD | KT_18 | 1ct | imgs:3
[22:56:06][PRINCESS] [1680] ? NIV-BBE819FBF9DFFB92 | BASKET | DOUBLE | NONE | PLATINUM | PT_950 | 1ct | imgs:3
[22:56:12][PRINCESS] [1681] ? NIV-F2F4444AD8CE5D54 | BASKET | DOUBLE | U_PAVE | GOLD | KT_10 | 1ct | imgs:3
[22:56:15][PRINCESS] [1682] ? NIV-F2F4444AD8CE5D54 | BASKET | DOUBLE | U_PAVE | GOLD | KT_10 | 1ct | imgs:3
[22:56:21][PRINCESS] [1683] ? NIV-F2F4444AD8CE5D54 | BASKET | DOUBLE | U_PAVE | GOLD | KT_10 | 1ct | imgs:3
[22:56:24][PRINCESS] [1684] ? NIV-E3FEFFC6F777F10E | BASKET | DOUBLE | U_PAVE | GOLD | KT_10 | 1ct | imgs:3
[22:56:27][PRINCESS] [1685] ? NIV-E3FEFFC6F777F10E | BASKET | DOUBLE | U_PAVE | GOLD | KT_10 | 1ct | imgs:3
[22:56:30][PRINCESS] [1686] ? NIV-E3FEFFC6F777F10E | BASKET | DOUBLE | U_PAVE | GOLD | KT_10 | 1ct | imgs:3
[22:56:34][PRINCESS] [1687] ? NIV-9228EF5A24C3BCF2 | BASKET | DOUBLE | U_PAVE | GOLD | KT_10 | 1ct | imgs:3
[22:56:39][PRINCESS] [1688] ? NIV-9228EF5A24C3BCF2 | BASKET | DOUBLE | U_PAVE | GOLD | KT_10 | 1ct | imgs:3
[22:56:42][PRINCESS] [1689] ? NIV-9228EF5A24C3BCF2 | BASKET | DOUBLE | U_PAVE | GOLD | KT_10 | 1ct | imgs:3
[22:56:45][PRINCESS] [1690] ? NIV-226DD8FAF1B81016 | BASKET | DOUBLE | U_PAVE | GOLD | KT_14 | 1ct | imgs:3
[22:56:48][PRINCESS] [1691] ? NIV-226DD8FAF1B81016 | BASKET | DOUBLE | U_PAVE | GOLD | KT_14 | 1ct | imgs:3
[22:56:54][PRINCESS] [1692] ? NIV-226DD8FAF1B81016 | BASKET | DOUBLE | U_PAVE | GOLD | KT_14 | 1ct | imgs:3
[22:56:57][PRINCESS] [1693] ? NIV-271179D872765840 | BASKET | DOUBLE | U_PAVE | GOLD | KT_14 | 1ct | imgs:3
[22:57:03][PRINCESS] [1694] ? NIV-271179D872765840 | BASKET | DOUBLE | U_PAVE | GOLD | KT_14 | 1ct | imgs:3
[22:57:06][PRINCESS] [1695] ? NIV-271179D872765840 | BASKET | DOUBLE | U_PAVE | GOLD | KT_14 | 1ct | imgs:3
[22:57:09][PRINCESS] [1696] ? NIV-0C08CFE00ECB523F | BASKET | DOUBLE | U_PAVE | GOLD | KT_14 | 1ct | imgs:3
[22:57:12][PRINCESS] [1697] ? NIV-0C08CFE00ECB523F | BASKET | DOUBLE | U_PAVE | GOLD | KT_14 | 1ct | imgs:3
[22:57:18][PRINCESS] [1698] ? NIV-0C08CFE00ECB523F | BASKET | DOUBLE | U_PAVE | GOLD | KT_14 | 1ct | imgs:3
[22:57:21][PRINCESS] [1699] ? NIV-98F6577D4A56ECFA | BASKET | DOUBLE | U_PAVE | GOLD | KT_18 | 1ct | imgs:3
[22:57:24][PRINCESS] [1700] ? NIV-98F6577D4A56ECFA | BASKET | DOUBLE | U_PAVE | GOLD | KT_18 | 1ct | imgs:3
[22:57:27][PRINCESS] [1701] ? NIV-98F6577D4A56ECFA | BASKET | DOUBLE | U_PAVE | GOLD | KT_18 | 1ct | imgs:3
[22:57:30][PRINCESS] [1702] ? NIV-1CC4C1636364C43E | BASKET | DOUBLE | U_PAVE | GOLD | KT_18 | 1ct | imgs:3
[22:57:33][PRINCESS] [1703] ? NIV-1CC4C1636364C43E | BASKET | DOUBLE | U_PAVE | GOLD | KT_18 | 1ct | imgs:3
[22:57:39][PRINCESS] [1704] ? NIV-1CC4C1636364C43E | BASKET | DOUBLE | U_PAVE | GOLD | KT_18 | 1ct | imgs:3
[22:57:42][PRINCESS] [1705] ? NIV-746B9DCC2ECD3426 | BASKET | DOUBLE | U_PAVE | GOLD | KT_18 | 1ct | imgs:3
[22:57:45][PRINCESS] [1706] ? NIV-746B9DCC2ECD3426 | BASKET | DOUBLE | U_PAVE | GOLD | KT_18 | 1ct | imgs:3
[22:57:48][PRINCESS] [1707] ? NIV-746B9DCC2ECD3426 | BASKET | DOUBLE | U_PAVE | GOLD | KT_18 | 1ct | imgs:3
[22:57:51][PRINCESS] [1708] ? NIV-7E579CDD33F980D0 | BASKET | DOUBLE | U_PAVE | PLATINUM | PT_950 | 1ct | imgs:3
[22:57:57][PRINCESS] [1709] ? NIV-22C4ED608DD5D164 | BASKET | DOUBLE | U_PAVE | GOLD | KT_10 | 1ct | imgs:3
[22:58:00][PRINCESS] [1710] ? NIV-22C4ED608DD5D164 | BASKET | DOUBLE | U_PAVE | GOLD | KT_10 | 1ct | imgs:3
[22:58:03][PRINCESS] [1711] ? NIV-22C4ED608DD5D164 | BASKET | DOUBLE | U_PAVE | GOLD | KT_10 | 1ct | imgs:3
[22:58:06][PRINCESS] [1712] ? NIV-4CCDDECBA9170201 | BASKET | DOUBLE | U_PAVE | GOLD | KT_10 | 1ct | imgs:3
[22:58:09][PRINCESS] [1713] ? NIV-4CCDDECBA9170201 | BASKET | DOUBLE | U_PAVE | GOLD | KT_10 | 1ct | imgs:3
[22:58:12][PRINCESS] [1714] ? NIV-4CCDDECBA9170201 | BASKET | DOUBLE | U_PAVE | GOLD | KT_10 | 1ct | imgs:3
[22:58:15][PRINCESS] [1715] ? NIV-4AA4AE42B18952FD | BASKET | DOUBLE | U_PAVE | GOLD | KT_10 | 1ct | imgs:3
[22:58:18][PRINCESS] [1716] ? NIV-4AA4AE42B18952FD | BASKET | DOUBLE | U_PAVE | GOLD | KT_10 | 1ct | imgs:3
[22:58:24][PRINCESS] [1717] ? NIV-4AA4AE42B18952FD | BASKET | DOUBLE | U_PAVE | GOLD | KT_10 | 1ct | imgs:3
[22:58:27][PRINCESS] [1718] ? NIV-D567A2164B97889A | BASKET | DOUBLE | U_PAVE | GOLD | KT_14 | 1ct | imgs:3
[22:58:30][PRINCESS] [1719] ? NIV-D567A2164B97889A | BASKET | DOUBLE | U_PAVE | GOLD | KT_14 | 1ct | imgs:3
[22:58:36][PRINCESS] [1720] ? NIV-D567A2164B97889A | BASKET | DOUBLE | U_PAVE | GOLD | KT_14 | 1ct | imgs:3
[22:58:39][PRINCESS] [1721] ? NIV-2A4DF9B770D1AD6F | BASKET | DOUBLE | U_PAVE | GOLD | KT_14 | 1ct | imgs:3
[22:58:42][PRINCESS] [1722] ? NIV-2A4DF9B770D1AD6F | BASKET | DOUBLE | U_PAVE | GOLD | KT_14 | 1ct | imgs:3
[22:58:48][PRINCESS] [1723] ? NIV-2A4DF9B770D1AD6F | BASKET | DOUBLE | U_PAVE | GOLD | KT_14 | 1ct | imgs:3
[22:58:51][PRINCESS] [1724] ? NIV-D201D17307C69BBF | BASKET | DOUBLE | U_PAVE | GOLD | KT_14 | 1ct | imgs:3
[22:58:54][PRINCESS] [1725] ? NIV-D201D17307C69BBF | BASKET | DOUBLE | U_PAVE | GOLD | KT_14 | 1ct | imgs:3
[22:59:00][PRINCESS] [1726] ? NIV-D201D17307C69BBF | BASKET | DOUBLE | U_PAVE | GOLD | KT_14 | 1ct | imgs:3
[22:59:03][PRINCESS] [1727] ? NIV-22AB3606AD239FF8 | BASKET | DOUBLE | U_PAVE | GOLD | KT_18 | 1ct | imgs:3
[22:59:06][PRINCESS] [1728] ? NIV-22AB3606AD239FF8 | BASKET | DOUBLE | U_PAVE | GOLD | KT_18 | 1ct | imgs:3
[22:59:09][PRINCESS] [1729] ? NIV-22AB3606AD239FF8 | BASKET | DOUBLE | U_PAVE | GOLD | KT_18 | 1ct | imgs:3
[22:59:12][PRINCESS] [1730] ? NIV-D495B98D12A86542 | BASKET | DOUBLE | U_PAVE | GOLD | KT_18 | 1ct | imgs:3
[22:59:15][PRINCESS] [1731] ? NIV-D495B98D12A86542 | BASKET | DOUBLE | U_PAVE | GOLD | KT_18 | 1ct | imgs:3
[22:59:18][PRINCESS] [1732] ? NIV-D495B98D12A86542 | BASKET | DOUBLE | U_PAVE | GOLD | KT_18 | 1ct | imgs:3
[22:59:21][PRINCESS] [1733] ? NIV-3878C5577D146C93 | BASKET | DOUBLE | U_PAVE | GOLD | KT_18 | 1ct | imgs:3
[22:59:24][PRINCESS] [1734] ? NIV-3878C5577D146C93 | BASKET | DOUBLE | U_PAVE | GOLD | KT_18 | 1ct | imgs:3
[22:59:30][PRINCESS] [1735] ? NIV-3878C5577D146C93 | BASKET | DOUBLE | U_PAVE | GOLD | KT_18 | 1ct | imgs:3
[22:59:33][PRINCESS] [1736] ? NIV-08294D232843ACA7 | BASKET | DOUBLE | U_PAVE | PLATINUM | PT_950 | 1ct | imgs:3
[22:59:39][PRINCESS] [1737] ? NIV-96E38AB51CA3C7FB | BASKET | DOUBLE | U_PAVE | GOLD | KT_10 | 1ct | imgs:3
[22:59:42][PRINCESS] [1738] ? NIV-96E38AB51CA3C7FB | BASKET | DOUBLE | U_PAVE | GOLD | KT_10 | 1ct | imgs:3
[22:59:45][PRINCESS] [1739] ? NIV-96E38AB51CA3C7FB | BASKET | DOUBLE | U_PAVE | GOLD | KT_10 | 1ct | imgs:3
[22:59:48][PRINCESS] [1740] ? NIV-D56E03D9DBA36F05 | BASKET | DOUBLE | U_PAVE | GOLD | KT_10 | 1ct | imgs:3
[22:59:51][PRINCESS] [1741] ? NIV-D56E03D9DBA36F05 | BASKET | DOUBLE | U_PAVE | GOLD | KT_10 | 1ct | imgs:3
[22:59:57][PRINCESS] [1742] ? NIV-D56E03D9DBA36F05 | BASKET | DOUBLE | U_PAVE | GOLD | KT_10 | 1ct | imgs:3
[23:00:00][PRINCESS] [1743] ? NIV-8A55C4155211E05E | BASKET | DOUBLE | U_PAVE | GOLD | KT_10 | 1ct | imgs:3
[23:00:03][PRINCESS] [1744] ? NIV-8A55C4155211E05E | BASKET | DOUBLE | U_PAVE | GOLD | KT_10 | 1ct | imgs:3
[23:00:06][PRINCESS] [1745] ? NIV-8A55C4155211E05E | BASKET | DOUBLE | U_PAVE | GOLD | KT_10 | 1ct | imgs:3
[23:00:09][PRINCESS] [1746] ? NIV-914A6A0F285A1082 | BASKET | DOUBLE | U_PAVE | GOLD | KT_14 | 1ct | imgs:3
[23:00:15][PRINCESS] [1747] ? NIV-914A6A0F285A1082 | BASKET | DOUBLE | U_PAVE | GOLD | KT_14 | 1ct | imgs:3
[23:00:18][PRINCESS] [1748] ? NIV-914A6A0F285A1082 | BASKET | DOUBLE | U_PAVE | GOLD | KT_14 | 1ct | imgs:3
[23:00:21][PRINCESS] [1749] ? NIV-2D5A620BB6C24EF5 | BASKET | DOUBLE | U_PAVE | GOLD | KT_14 | 1ct | imgs:3
[23:00:24][PRINCESS] [1750] ? NIV-2D5A620BB6C24EF5 | BASKET | DOUBLE | U_PAVE | GOLD | KT_14 | 1ct | imgs:3
[23:00:30][PRINCESS] [1751] ? NIV-2D5A620BB6C24EF5 | BASKET | DOUBLE | U_PAVE | GOLD | KT_14 | 1ct | imgs:3
[23:00:33][PRINCESS] [1752] ? NIV-73D552EFBC59A86D | BASKET | DOUBLE | U_PAVE | GOLD | KT_14 | 1ct | imgs:3
[23:00:36][PRINCESS] [1753] ? NIV-73D552EFBC59A86D | BASKET | DOUBLE | U_PAVE | GOLD | KT_14 | 1ct | imgs:3
[23:00:39][PRINCESS] [1754] ? NIV-73D552EFBC59A86D | BASKET | DOUBLE | U_PAVE | GOLD | KT_14 | 1ct | imgs:3
[23:00:45][PRINCESS] [1755] ? NIV-B7F4F7F6F351913C | BASKET | DOUBLE | U_PAVE | GOLD | KT_18 | 1ct | imgs:3
[23:00:48][PRINCESS] [1756] ? NIV-B7F4F7F6F351913C | BASKET | DOUBLE | U_PAVE | GOLD | KT_18 | 1ct | imgs:3
[23:00:54][PRINCESS] [1757] ? NIV-B7F4F7F6F351913C | BASKET | DOUBLE | U_PAVE | GOLD | KT_18 | 1ct | imgs:3
[23:00:57][PRINCESS] [1758] ? NIV-588F00795D945FA7 | BASKET | DOUBLE | U_PAVE | GOLD | KT_18 | 1ct | imgs:3
[23:01:00][PRINCESS] [1759] ? NIV-588F00795D945FA7 | BASKET | DOUBLE | U_PAVE | GOLD | KT_18 | 1ct | imgs:3
[23:01:06][PRINCESS] [1760] ? NIV-588F00795D945FA7 | BASKET | DOUBLE | U_PAVE | GOLD | KT_18 | 1ct | imgs:3
[23:01:09][PRINCESS] [1761] ? NIV-EFEF7CA7D493411A | BASKET | DOUBLE | U_PAVE | GOLD | KT_18 | 1ct | imgs:3
[23:01:12][PRINCESS] [1762] ? NIV-EFEF7CA7D493411A | BASKET | DOUBLE | U_PAVE | GOLD | KT_18 | 1ct | imgs:3
[23:01:15][PRINCESS] [1763] ? NIV-EFEF7CA7D493411A | BASKET | DOUBLE | U_PAVE | GOLD | KT_18 | 1ct | imgs:3
[23:01:18][PRINCESS] [1764] ? NIV-83649FA4364ADD2D | BASKET | DOUBLE | U_PAVE | PLATINUM | PT_950 | 1ct | imgs:3
[23:01:24][PRINCESS] [1765] ? NIV-3AF3B908218C6A2E | BASKET | DOUBLE | U_PAVE | GOLD | KT_10 | 1ct | imgs:3
[23:01:30][PRINCESS] [1766] ? NIV-3AF3B908218C6A2E | BASKET | DOUBLE | U_PAVE | GOLD | KT_10 | 1ct | imgs:3
[23:01:33][PRINCESS] [1767] ? NIV-3AF3B908218C6A2E | BASKET | DOUBLE | U_PAVE | GOLD | KT_10 | 1ct | imgs:3
[23:01:36][PRINCESS] [1768] ? NIV-A787D2A4AA1C580C | BASKET | DOUBLE | U_PAVE | GOLD | KT_10 | 1ct | imgs:3
[23:01:39][PRINCESS] [1769] ? NIV-A787D2A4AA1C580C | BASKET | DOUBLE | U_PAVE | GOLD | KT_10 | 1ct | imgs:3
[23:01:42][PRINCESS] [1770] ? NIV-A787D2A4AA1C580C | BASKET | DOUBLE | U_PAVE | GOLD | KT_10 | 1ct | imgs:3
[23:01:45][PRINCESS] [1771] ? NIV-1CB727AAFAF95CE5 | BASKET | DOUBLE | U_PAVE | GOLD | KT_10 | 1ct | imgs:3
[23:01:48][PRINCESS] [1772] ? NIV-1CB727AAFAF95CE5 | BASKET | DOUBLE | U_PAVE | GOLD | KT_10 | 1ct | imgs:3
[23:01:51][PRINCESS] [1773] ? NIV-1CB727AAFAF95CE5 | BASKET | DOUBLE | U_PAVE | GOLD | KT_10 | 1ct | imgs:3
[23:01:57][PRINCESS] [1774] ? NIV-BD7BF3B2F26AC9A5 | BASKET | DOUBLE | U_PAVE | GOLD | KT_14 | 1ct | imgs:3
[23:02:00][PRINCESS] [1775] ? NIV-BD7BF3B2F26AC9A5 | BASKET | DOUBLE | U_PAVE | GOLD | KT_14 | 1ct | imgs:3
[23:02:03][PRINCESS] [1776] ? NIV-BD7BF3B2F26AC9A5 | BASKET | DOUBLE | U_PAVE | GOLD | KT_14 | 1ct | imgs:3
[23:02:06][PRINCESS] [1777] ? NIV-F83BA7DB4BACE509 | BASKET | DOUBLE | U_PAVE | GOLD | KT_14 | 1ct | imgs:3
[23:02:12][PRINCESS] [1778] ? NIV-F83BA7DB4BACE509 | BASKET | DOUBLE | U_PAVE | GOLD | KT_14 | 1ct | imgs:3
[23:02:15][PRINCESS] [1779] ? NIV-F83BA7DB4BACE509 | BASKET | DOUBLE | U_PAVE | GOLD | KT_14 | 1ct | imgs:3
[23:02:18][PRINCESS] [1780] ? NIV-9C2E3511D6702049 | BASKET | DOUBLE | U_PAVE | GOLD | KT_14 | 1ct | imgs:3
[23:02:21][PRINCESS] [1781] ? NIV-9C2E3511D6702049 | BASKET | DOUBLE | U_PAVE | GOLD | KT_14 | 1ct | imgs:3
[23:02:24][PRINCESS] [1782] ? NIV-9C2E3511D6702049 | BASKET | DOUBLE | U_PAVE | GOLD | KT_14 | 1ct | imgs:3
[23:02:28][PRINCESS] [1783] ? NIV-72AB4EBC8D1BBBD5 | BASKET | DOUBLE | U_PAVE | GOLD | KT_18 | 1ct | imgs:3
[23:02:33][PRINCESS] [1784] ? NIV-72AB4EBC8D1BBBD5 | BASKET | DOUBLE | U_PAVE | GOLD | KT_18 | 1ct | imgs:3
[23:02:36][PRINCESS] [1785] ? NIV-72AB4EBC8D1BBBD5 | BASKET | DOUBLE | U_PAVE | GOLD | KT_18 | 1ct | imgs:3
[23:02:39][PRINCESS] [1786] ? NIV-AA99B4B1C28B94C3 | BASKET | DOUBLE | U_PAVE | GOLD | KT_18 | 1ct | imgs:3
[23:02:42][PRINCESS] [1787] ? NIV-AA99B4B1C28B94C3 | BASKET | DOUBLE | U_PAVE | GOLD | KT_18 | 1ct | imgs:3
[23:02:48][PRINCESS] [1788] ? NIV-AA99B4B1C28B94C3 | BASKET | DOUBLE | U_PAVE | GOLD | KT_18 | 1ct | imgs:3
[23:02:51][PRINCESS] [1789] ? NIV-17BAACD8A53F6AD9 | BASKET | DOUBLE | U_PAVE | GOLD | KT_18 | 1ct | imgs:3
[23:02:57][PRINCESS] [1790] ? NIV-17BAACD8A53F6AD9 | BASKET | DOUBLE | U_PAVE | GOLD | KT_18 | 1ct | imgs:3
[23:03:00][PRINCESS] [1791] ? NIV-17BAACD8A53F6AD9 | BASKET | DOUBLE | U_PAVE | GOLD | KT_18 | 1ct | imgs:3
[23:03:03][PRINCESS] [1792] ? NIV-32883472F16EA90B | BASKET | DOUBLE | U_PAVE | PLATINUM | PT_950 | 1ct | imgs:3
[23:03:09][PRINCESS] [1793] ? NIV-0596B919E1C28433 | BASKET | DOUBLE | U_PAVE | GOLD | KT_10 | 1ct | imgs:3
[23:03:15][PRINCESS] [1794] ? NIV-0596B919E1C28433 | BASKET | DOUBLE | U_PAVE | GOLD | KT_10 | 1ct | imgs:3
[23:03:18][PRINCESS] [1795] ? NIV-0596B919E1C28433 | BASKET | DOUBLE | U_PAVE | GOLD | KT_10 | 1ct | imgs:3
[23:03:21][PRINCESS] [1796] ? NIV-D92DA6B3F5A692E0 | BASKET | DOUBLE | U_PAVE | GOLD | KT_10 | 1ct | imgs:3
[23:03:24][PRINCESS] [1797] ? NIV-D92DA6B3F5A692E0 | BASKET | DOUBLE | U_PAVE | GOLD | KT_10 | 1ct | imgs:3
[23:03:30][PRINCESS] [1798] ? NIV-D92DA6B3F5A692E0 | BASKET | DOUBLE | U_PAVE | GOLD | KT_10 | 1ct | imgs:3
[23:03:33][PRINCESS] [1799] ? NIV-229E3CB2D58BA41D | BASKET | DOUBLE | U_PAVE | GOLD | KT_10 | 1ct | imgs:3
[23:03:36][PRINCESS] [1800] ? NIV-229E3CB2D58BA41D | BASKET | DOUBLE | U_PAVE | GOLD | KT_10 | 1ct | imgs:3
[23:03:42][PRINCESS] [1801] ? NIV-229E3CB2D58BA41D | BASKET | DOUBLE | U_PAVE | GOLD | KT_10 | 1ct | imgs:3
[23:03:45][PRINCESS] [1802] ? NIV-58024F9362889DAE | BASKET | DOUBLE | U_PAVE | GOLD | KT_14 | 1ct | imgs:3
[23:03:48][PRINCESS] [1803] ? NIV-58024F9362889DAE | BASKET | DOUBLE | U_PAVE | GOLD | KT_14 | 1ct | imgs:3
[23:03:54][PRINCESS] [1804] ? NIV-58024F9362889DAE | BASKET | DOUBLE | U_PAVE | GOLD | KT_14 | 1ct | imgs:3
[23:03:57][PRINCESS] [1805] ? NIV-8631B4738625B61D | BASKET | DOUBLE | U_PAVE | GOLD | KT_14 | 1ct | imgs:3
[23:04:00][PRINCESS] [1806] ? NIV-8631B4738625B61D | BASKET | DOUBLE | U_PAVE | GOLD | KT_14 | 1ct | imgs:3
[23:04:06][PRINCESS] [1807] ? NIV-8631B4738625B61D | BASKET | DOUBLE | U_PAVE | GOLD | KT_14 | 1ct | imgs:3
[23:04:09][PRINCESS] [1808] ? NIV-3AB83C6436F94A02 | BASKET | DOUBLE | U_PAVE | GOLD | KT_14 | 1ct | imgs:3
[23:04:12][PRINCESS] [1809] ? NIV-3AB83C6436F94A02 | BASKET | DOUBLE | U_PAVE | GOLD | KT_14 | 1ct | imgs:3
[23:04:18][PRINCESS] [1810] ? NIV-3AB83C6436F94A02 | BASKET | DOUBLE | U_PAVE | GOLD | KT_14 | 1ct | imgs:3
[23:04:21][PRINCESS] [1811] ? NIV-6C72A63C4F006F2C | BASKET | DOUBLE | U_PAVE | GOLD | KT_18 | 1ct | imgs:3
[23:04:24][PRINCESS] [1812] ? NIV-6C72A63C4F006F2C | BASKET | DOUBLE | U_PAVE | GOLD | KT_18 | 1ct | imgs:3
[23:04:30][PRINCESS] [1813] ? NIV-6C72A63C4F006F2C | BASKET | DOUBLE | U_PAVE | GOLD | KT_18 | 1ct | imgs:3
[23:04:33][PRINCESS] [1814] ? NIV-53AC3A01C497A278 | BASKET | DOUBLE | U_PAVE | GOLD | KT_18 | 1ct | imgs:3
[23:04:36][PRINCESS] [1815] ? NIV-53AC3A01C497A278 | BASKET | DOUBLE | U_PAVE | GOLD | KT_18 | 1ct | imgs:3
[23:04:39][PRINCESS] [1816] ? NIV-53AC3A01C497A278 | BASKET | DOUBLE | U_PAVE | GOLD | KT_18 | 1ct | imgs:3
[23:04:42][PRINCESS] [1817] ? NIV-65F679B6242FB448 | BASKET | DOUBLE | U_PAVE | GOLD | KT_18 | 1ct | imgs:3
[23:04:45][PRINCESS] [1818] ? NIV-65F679B6242FB448 | BASKET | DOUBLE | U_PAVE | GOLD | KT_18 | 1ct | imgs:3
[23:04:48][PRINCESS] [1819] ? NIV-65F679B6242FB448 | BASKET | DOUBLE | U_PAVE | GOLD | KT_18 | 1ct | imgs:3
[23:04:51][PRINCESS] [1820] ? NIV-29BE7BD099FE73FB | BASKET | DOUBLE | U_PAVE | PLATINUM | PT_950 | 1ct | imgs:3
[23:04:57][PRINCESS] [1821] ? NIV-D92A0DD2C415147D | BASKET | DOUBLE | U_PAVE | GOLD | KT_10 | 1ct | imgs:3
[23:05:00][PRINCESS] [1822] ? NIV-D92A0DD2C415147D | BASKET | DOUBLE | U_PAVE | GOLD | KT_10 | 1ct | imgs:3
[23:05:06][PRINCESS] [1823] ? NIV-D92A0DD2C415147D | BASKET | DOUBLE | U_PAVE | GOLD | KT_10 | 1ct | imgs:3
[23:05:09][PRINCESS] [1824] ? NIV-AF6B7D634BF68171 | BASKET | DOUBLE | U_PAVE | GOLD | KT_10 | 1ct | imgs:3
[23:05:15][PRINCESS] [1825] ? NIV-AF6B7D634BF68171 | BASKET | DOUBLE | U_PAVE | GOLD | KT_10 | 1ct | imgs:3
[23:05:18][PRINCESS] [1826] ? NIV-AF6B7D634BF68171 | BASKET | DOUBLE | U_PAVE | GOLD | KT_10 | 1ct | imgs:3
[23:05:21][PRINCESS] [1827] ? NIV-32B8E53D060DC6B2 | BASKET | DOUBLE | U_PAVE | GOLD | KT_10 | 1ct | imgs:3
[23:05:27][PRINCESS] [1828] ? NIV-32B8E53D060DC6B2 | BASKET | DOUBLE | U_PAVE | GOLD | KT_10 | 1ct | imgs:3
[23:05:30][PRINCESS] [1829] ? NIV-32B8E53D060DC6B2 | BASKET | DOUBLE | U_PAVE | GOLD | KT_10 | 1ct | imgs:3
[23:05:36][PRINCESS] [1830] ? NIV-059B2B86A6A9516D | BASKET | DOUBLE | U_PAVE | GOLD | KT_14 | 1ct | imgs:3
[23:05:39][PRINCESS] [1831] ? NIV-059B2B86A6A9516D | BASKET | DOUBLE | U_PAVE | GOLD | KT_14 | 1ct | imgs:3
[23:05:45][PRINCESS] [1832] ? NIV-059B2B86A6A9516D | BASKET | DOUBLE | U_PAVE | GOLD | KT_14 | 1ct | imgs:3
[23:05:48][PRINCESS] [1833] ? NIV-E03D46AC91524F8C | BASKET | DOUBLE | U_PAVE | GOLD | KT_14 | 1ct | imgs:3
[23:05:51][PRINCESS] [1834] ? NIV-E03D46AC91524F8C | BASKET | DOUBLE | U_PAVE | GOLD | KT_14 | 1ct | imgs:3
[23:05:57][PRINCESS] [1835] ? NIV-E03D46AC91524F8C | BASKET | DOUBLE | U_PAVE | GOLD | KT_14 | 1ct | imgs:3
[23:06:00][PRINCESS] [1836] ? NIV-5D85E0915EB39A49 | BASKET | DOUBLE | U_PAVE | GOLD | KT_14 | 1ct | imgs:3
[23:06:03][PRINCESS] [1837] ? NIV-5D85E0915EB39A49 | BASKET | DOUBLE | U_PAVE | GOLD | KT_14 | 1ct | imgs:3
[23:06:06][PRINCESS] [1838] ? NIV-5D85E0915EB39A49 | BASKET | DOUBLE | U_PAVE | GOLD | KT_14 | 1ct | imgs:3
[23:06:12][PRINCESS] [1839] ? NIV-A12A366B3774EB9D | BASKET | DOUBLE | U_PAVE | GOLD | KT_18 | 1ct | imgs:3
[23:06:15][PRINCESS] [1840] ? NIV-A12A366B3774EB9D | BASKET | DOUBLE | U_PAVE | GOLD | KT_18 | 1ct | imgs:3
[23:06:18][PRINCESS] [1841] ? NIV-A12A366B3774EB9D | BASKET | DOUBLE | U_PAVE | GOLD | KT_18 | 1ct | imgs:3
[23:06:21][PRINCESS] [1842] ? NIV-BB120B99B7FFC9C2 | BASKET | DOUBLE | U_PAVE | GOLD | KT_18 | 1ct | imgs:3
[23:06:24][PRINCESS] [1843] ? NIV-BB120B99B7FFC9C2 | BASKET | DOUBLE | U_PAVE | GOLD | KT_18 | 1ct | imgs:3
[23:06:30][PRINCESS] [1844] ? NIV-BB120B99B7FFC9C2 | BASKET | DOUBLE | U_PAVE | GOLD | KT_18 | 1ct | imgs:3
[23:06:33][PRINCESS] [1845] ? NIV-866062AAF6AA9FF6 | BASKET | DOUBLE | U_PAVE | GOLD | KT_18 | 1ct | imgs:3
[23:06:36][PRINCESS] [1846] ? NIV-866062AAF6AA9FF6 | BASKET | DOUBLE | U_PAVE | GOLD | KT_18 | 1ct | imgs:3
[23:06:42][PRINCESS] [1847] ? NIV-866062AAF6AA9FF6 | BASKET | DOUBLE | U_PAVE | GOLD | KT_18 | 1ct | imgs:3
[23:06:45][PRINCESS] [1848] ? NIV-3E59C6B52F5C1E10 | BASKET | DOUBLE | U_PAVE | PLATINUM | PT_950 | 1ct | imgs:3
[23:06:54][PRINCESS] [1849] ? NIV-EC6E4A0E2F887CD7 | BASKET | DOUBLE | U_PAVE | GOLD | KT_10 | 1ct | imgs:3
[23:06:57][PRINCESS] [1850] ? NIV-EC6E4A0E2F887CD7 | BASKET | DOUBLE | U_PAVE | GOLD | KT_10 | 1ct | imgs:3
[23:07:00][PRINCESS] [1851] ? NIV-EC6E4A0E2F887CD7 | BASKET | DOUBLE | U_PAVE | GOLD | KT_10 | 1ct | imgs:3
[23:07:03][PRINCESS] [1852] ? NIV-722ED62098B41CE9 | BASKET | DOUBLE | U_PAVE | GOLD | KT_10 | 1ct | imgs:3
[23:07:06][PRINCESS] [1853] ? NIV-722ED62098B41CE9 | BASKET | DOUBLE | U_PAVE | GOLD | KT_10 | 1ct | imgs:3
[23:07:09][PRINCESS] [1854] ? NIV-722ED62098B41CE9 | BASKET | DOUBLE | U_PAVE | GOLD | KT_10 | 1ct | imgs:3
[23:07:12][PRINCESS] [1855] ? NIV-23CE34A7247D6377 | BASKET | DOUBLE | U_PAVE | GOLD | KT_10 | 1ct | imgs:3
[23:07:15][PRINCESS] [1856] ? NIV-23CE34A7247D6377 | BASKET | DOUBLE | U_PAVE | GOLD | KT_10 | 1ct | imgs:3
[23:07:21][PRINCESS] [1857] ? NIV-23CE34A7247D6377 | BASKET | DOUBLE | U_PAVE | GOLD | KT_10 | 1ct | imgs:3
[23:07:24][PRINCESS] [1858] ? NIV-EE331AB05167E72D | BASKET | DOUBLE | U_PAVE | GOLD | KT_14 | 1ct | imgs:3
[23:07:27][PRINCESS] [1859] ? NIV-EE331AB05167E72D | BASKET | DOUBLE | U_PAVE | GOLD | KT_14 | 1ct | imgs:3
[23:07:33][PRINCESS] [1860] ? NIV-EE331AB05167E72D | BASKET | DOUBLE | U_PAVE | GOLD | KT_14 | 1ct | imgs:3
[23:07:38][PRINCESS] [1861] ? NIV-630BCC18A8CEDD44 | BASKET | DOUBLE | U_PAVE | GOLD | KT_14 | 1ct | imgs:3
[23:07:42][PRINCESS] [1862] ? NIV-630BCC18A8CEDD44 | BASKET | DOUBLE | U_PAVE | GOLD | KT_14 | 1ct | imgs:3
[23:07:45][PRINCESS] [1863] ? NIV-630BCC18A8CEDD44 | BASKET | DOUBLE | U_PAVE | GOLD | KT_14 | 1ct | imgs:3
[23:07:48][PRINCESS] [1864] ? NIV-C49ECDAC233974BC | BASKET | DOUBLE | U_PAVE | GOLD | KT_14 | 1ct | imgs:3
[23:07:51][PRINCESS] [1865] ? NIV-C49ECDAC233974BC | BASKET | DOUBLE | U_PAVE | GOLD | KT_14 | 1ct | imgs:3
[23:07:54][PRINCESS] [1866] ? NIV-C49ECDAC233974BC | BASKET | DOUBLE | U_PAVE | GOLD | KT_14 | 1ct | imgs:3
[23:08:00][PRINCESS] [1867] ? NIV-5B03126F88FF151F | BASKET | DOUBLE | U_PAVE | GOLD | KT_18 | 1ct | imgs:3
[23:08:03][PRINCESS] [1868] ? NIV-5B03126F88FF151F | BASKET | DOUBLE | U_PAVE | GOLD | KT_18 | 1ct | imgs:3
[23:08:06][PRINCESS] [1869] ? NIV-5B03126F88FF151F | BASKET | DOUBLE | U_PAVE | GOLD | KT_18 | 1ct | imgs:3
[23:08:09][PRINCESS] [1870] ? NIV-517028BD46666C45 | BASKET | DOUBLE | U_PAVE | GOLD | KT_18 | 1ct | imgs:3
[23:08:12][PRINCESS] [1871] ? NIV-517028BD46666C45 | BASKET | DOUBLE | U_PAVE | GOLD | KT_18 | 1ct | imgs:3
[23:08:18][PRINCESS] [1872] ? NIV-517028BD46666C45 | BASKET | DOUBLE | U_PAVE | GOLD | KT_18 | 1ct | imgs:3
[23:08:21][PRINCESS] [1873] ? NIV-C3718309977D5F92 | BASKET | DOUBLE | U_PAVE | GOLD | KT_18 | 1ct | imgs:3
[23:08:27][PRINCESS] [1874] ? NIV-C3718309977D5F92 | BASKET | DOUBLE | U_PAVE | GOLD | KT_18 | 1ct | imgs:3
[23:08:30][PRINCESS] [1875] ? NIV-C3718309977D5F92 | BASKET | DOUBLE | U_PAVE | GOLD | KT_18 | 1ct | imgs:3
[23:08:33][PRINCESS] [1876] ? NIV-DC446E25CC3C3E27 | BASKET | DOUBLE | U_PAVE | PLATINUM | PT_950 | 1ct | imgs:3
[23:08:39][PRINCESS] [1877] ? NIV-1E6EDC1A31901FF1 | BASKET | DOUBLE | U_PAVE | GOLD | KT_10 | 1ct | imgs:3
[23:08:45][PRINCESS] [1878] ? NIV-1E6EDC1A31901FF1 | BASKET | DOUBLE | U_PAVE | GOLD | KT_10 | 1ct | imgs:3
[23:08:48][PRINCESS] [1879] ? NIV-1E6EDC1A31901FF1 | BASKET | DOUBLE | U_PAVE | GOLD | KT_10 | 1ct | imgs:3
[23:08:51][PRINCESS] [1880] ? NIV-FE65B3804F1FE933 | BASKET | DOUBLE | U_PAVE | GOLD | KT_10 | 1ct | imgs:3
[23:08:54][PRINCESS] [1881] ? NIV-FE65B3804F1FE933 | BASKET | DOUBLE | U_PAVE | GOLD | KT_10 | 1ct | imgs:3
[23:09:00][PRINCESS] [1882] ? NIV-FE65B3804F1FE933 | BASKET | DOUBLE | U_PAVE | GOLD | KT_10 | 1ct | imgs:3
[23:09:03][PRINCESS] [1883] ? NIV-7CE4E08077E6B9BB | BASKET | DOUBLE | U_PAVE | GOLD | KT_10 | 1ct | imgs:3
[23:09:09][PRINCESS] [1884] ? NIV-7CE4E08077E6B9BB | BASKET | DOUBLE | U_PAVE | GOLD | KT_10 | 1ct | imgs:3
[23:09:12][PRINCESS] [1885] ? NIV-7CE4E08077E6B9BB | BASKET | DOUBLE | U_PAVE | GOLD | KT_10 | 1ct | imgs:3
[23:09:18][PRINCESS] [1886] ? NIV-654249289F54504A | BASKET | DOUBLE | U_PAVE | GOLD | KT_14 | 1ct | imgs:3
[23:09:21][PRINCESS] [1887] ? NIV-654249289F54504A | BASKET | DOUBLE | U_PAVE | GOLD | KT_14 | 1ct | imgs:3
[23:09:24][PRINCESS]   Re-seleccionando PRINCESS (intento 1)
[23:09:24][PRINCESS]   Boton no encontrado ? recargando configurador...
[23:09:41][PRINCESS]   Re-seleccionando PRINCESS (intento 2)
[23:09:43][PRINCESS] [1888] ? NIV-58D80612BA34FED5 | BASKET | DOUBLE | U_PAVE | GOLD | KT_14 | 1ct | imgs:3
[23:09:46][PRINCESS] [1889] ? NIV-7198B0FB30179C7F | BASKET | DOUBLE | U_PAVE | GOLD | KT_14 | 1ct | imgs:3
[23:09:49][PRINCESS] [1890] ? NIV-E2C7AB49DE806B73 | BASKET | DOUBLE | U_PAVE | GOLD | KT_14 | 1ct | imgs:3
[23:09:52][PRINCESS] [1891] ? NIV-6D95AB763D585528 | BASKET | DOUBLE | U_PAVE | GOLD | KT_14 | 1ct | imgs:3
[23:09:55][PRINCESS] [1892] ? NIV-46DA39283D61D6BC | BASKET | DOUBLE | U_PAVE | GOLD | KT_14 | 1ct | imgs:3
[23:09:58][PRINCESS] [1893] ? NIV-35370568AF326438 | BASKET | DOUBLE | U_PAVE | GOLD | KT_14 | 1ct | imgs:3
[23:10:01][PRINCESS] [1894] ? NIV-5A0398DDCC86DF0F | BASKET | DOUBLE | U_PAVE | GOLD | KT_14 | 1ct | imgs:3
[23:10:07][PRINCESS] [1895] ? NIV-AF3BD9263C718FD4 | BASKET | DOUBLE | U_PAVE | GOLD | KT_18 | 1ct | imgs:3
[23:10:10][PRINCESS] [1896] ? NIV-98BF0980C9DD6B7C | BASKET | DOUBLE | U_PAVE | GOLD | KT_18 | 1ct | imgs:3
[23:10:13][PRINCESS] [1897] ? NIV-9B20FC0388DE71FC | BASKET | DOUBLE | U_PAVE | GOLD | KT_18 | 1ct | imgs:3
[23:10:16][PRINCESS] [1898] ? NIV-234DDF6A4230EB27 | BASKET | DOUBLE | U_PAVE | GOLD | KT_18 | 1ct | imgs:3
[23:10:19][PRINCESS] [1899] ? NIV-C195B2FECA12FF6D | BASKET | DOUBLE | U_PAVE | GOLD | KT_18 | 1ct | imgs:3
[23:10:22][PRINCESS] [1900] ? NIV-D523B9E5CDC530B2 | BASKET | DOUBLE | U_PAVE | GOLD | KT_18 | 1ct | imgs:3
[23:10:25][PRINCESS] [1901] ? NIV-8762805492320BC7 | BASKET | DOUBLE | U_PAVE | GOLD | KT_18 | 1ct | imgs:3
[23:10:28][PRINCESS] [1902] ? NIV-6BE6FEA286CDB358 | BASKET | DOUBLE | U_PAVE | GOLD | KT_18 | 1ct | imgs:3
[23:10:31][PRINCESS] [1903] ? NIV-668C33A2C18EE62A | BASKET | DOUBLE | U_PAVE | GOLD | KT_18 | 1ct | imgs:3
[23:10:34][PRINCESS] [1904] ? NIV-D04C0916386418DA | BASKET | DOUBLE | U_PAVE | PLATINUM | PT_950 | 1ct | imgs:3
[23:10:40][PRINCESS] [1905] ? NIV-1C69D37EE704B015 | BASKET | DOUBLE | U_PAVE | GOLD | KT_10 | 1ct | imgs:3
[23:10:43][PRINCESS] [1906] ? NIV-1C69D37EE704B015 | BASKET | DOUBLE | U_PAVE | GOLD | KT_10 | 1ct | imgs:3
[23:10:47][PRINCESS] [1907] ? NIV-1C69D37EE704B015 | BASKET | DOUBLE | U_PAVE | GOLD | KT_10 | 1ct | imgs:3
[23:10:49][PRINCESS] [1908] ? NIV-811C46B847CA0732 | BASKET | DOUBLE | U_PAVE | GOLD | KT_10 | 1ct | imgs:3
[23:10:52][PRINCESS] [1909] ? NIV-811C46B847CA0732 | BASKET | DOUBLE | U_PAVE | GOLD | KT_10 | 1ct | imgs:3
[23:10:58][PRINCESS] [1910] ? NIV-811C46B847CA0732 | BASKET | DOUBLE | U_PAVE | GOLD | KT_10 | 1ct | imgs:3
[23:11:01][PRINCESS] [1911] ? NIV-FD765475741E9C80 | BASKET | DOUBLE | U_PAVE | GOLD | KT_10 | 1ct | imgs:3
[23:11:04][PRINCESS] [1912] ? NIV-FD765475741E9C80 | BASKET | DOUBLE | U_PAVE | GOLD | KT_10 | 1ct | imgs:3
[23:11:10][PRINCESS] [1913] ? NIV-FD765475741E9C80 | BASKET | DOUBLE | U_PAVE | GOLD | KT_10 | 1ct | imgs:3
[23:11:13][PRINCESS] [1914] ? NIV-9ACE46542A509E6C | BASKET | DOUBLE | U_PAVE | GOLD | KT_14 | 1ct | imgs:3
[23:11:16][PRINCESS] [1915] ? NIV-9ACE46542A509E6C | BASKET | DOUBLE | U_PAVE | GOLD | KT_14 | 1ct | imgs:3
[23:11:22][PRINCESS] [1916] ? NIV-9ACE46542A509E6C | BASKET | DOUBLE | U_PAVE | GOLD | KT_14 | 1ct | imgs:3
[23:11:25][PRINCESS] [1917] ? NIV-13C385FD9A943A54 | BASKET | DOUBLE | U_PAVE | GOLD | KT_14 | 1ct | imgs:3
[23:11:28][PRINCESS] [1918] ? NIV-13C385FD9A943A54 | BASKET | DOUBLE | U_PAVE | GOLD | KT_14 | 1ct | imgs:3
[23:11:32][PRINCESS] [1919] ? NIV-13C385FD9A943A54 | BASKET | DOUBLE | U_PAVE | GOLD | KT_14 | 1ct | imgs:3
[23:11:34][PRINCESS] [1920] ? NIV-0F1C1E19C9630D17 | BASKET | DOUBLE | U_PAVE | GOLD | KT_14 | 1ct | imgs:3
[23:11:40][PRINCESS] [1921] ? NIV-0F1C1E19C9630D17 | BASKET | DOUBLE | U_PAVE | GOLD | KT_14 | 1ct | imgs:3
[23:11:43][PRINCESS] [1922] ? NIV-0F1C1E19C9630D17 | BASKET | DOUBLE | U_PAVE | GOLD | KT_14 | 1ct | imgs:3
[23:11:49][PRINCESS] [1923] ? NIV-6F3A50B412470C4A | BASKET | DOUBLE | U_PAVE | GOLD | KT_18 | 1ct | imgs:3
[23:11:52][PRINCESS] [1924] ? NIV-6F3A50B412470C4A | BASKET | DOUBLE | U_PAVE | GOLD | KT_18 | 1ct | imgs:3
[23:11:58][PRINCESS] [1925] ? NIV-6F3A50B412470C4A | BASKET | DOUBLE | U_PAVE | GOLD | KT_18 | 1ct | imgs:3
[23:12:01][PRINCESS] [1926] ? NIV-E0A21C19DB07E593 | BASKET | DOUBLE | U_PAVE | GOLD | KT_18 | 1ct | imgs:3
[23:12:04][PRINCESS] [1927] ? NIV-E0A21C19DB07E593 | BASKET | DOUBLE | U_PAVE | GOLD | KT_18 | 1ct | imgs:3
[23:12:07][PRINCESS] [1928] ? NIV-E0A21C19DB07E593 | BASKET | DOUBLE | U_PAVE | GOLD | KT_18 | 1ct | imgs:3
[23:12:10][PRINCESS] [1929] ? NIV-9E85C6E430E88F79 | BASKET | DOUBLE | U_PAVE | GOLD | KT_18 | 1ct | imgs:3
[23:12:13][PRINCESS] [1930] ? NIV-9E85C6E430E88F79 | BASKET | DOUBLE | U_PAVE | GOLD | KT_18 | 1ct | imgs:3
[23:12:16][PRINCESS] [1931] ? NIV-9E85C6E430E88F79 | BASKET | DOUBLE | U_PAVE | GOLD | KT_18 | 1ct | imgs:3
[23:12:19][PRINCESS] [1932] ? NIV-1BCFC959A1DB2708 | BASKET | DOUBLE | U_PAVE | PLATINUM | PT_950 | 1ct | imgs:3
[23:12:25][PRINCESS] [1933] ? NIV-5AEBE04061C19317 | BASKET | DOUBLE | CHANNEL | GOLD | KT_10 | 1ct | imgs:3
[23:12:28][PRINCESS] [1934] ? NIV-5AEBE04061C19317 | BASKET | DOUBLE | CHANNEL | GOLD | KT_10 | 1ct | imgs:3
[23:12:31][PRINCESS] [1935] ? NIV-5AEBE04061C19317 | BASKET | DOUBLE | CHANNEL | GOLD | KT_10 | 1ct | imgs:3
[23:12:42][PRINCESS] [1936] ??  NIV-5AEBE04061C19317 | BASKET | DOUBLE | CHANNEL | GOLD | KT_10 | 1ct | imgs:0
[23:12:46][PRINCESS] [1937] ? NIV-9443BFCD1DDCA8DF | BASKET | DOUBLE | CHANNEL | GOLD | KT_10 | 1ct | imgs:3
[23:12:50][PRINCESS] [1938] ? NIV-9443BFCD1DDCA8DF | BASKET | DOUBLE | CHANNEL | GOLD | KT_10 | 1ct | imgs:3
[23:12:52][PRINCESS] [1939] ? NIV-34B7A66A30299E42 | BASKET | DOUBLE | CHANNEL | GOLD | KT_10 | 1ct | imgs:3
[23:12:56][PRINCESS] [1940] ? NIV-34B7A66A30299E42 | BASKET | DOUBLE | CHANNEL | GOLD | KT_10 | 1ct | imgs:3
[23:13:01][PRINCESS] [1941] ? NIV-34B7A66A30299E42 | BASKET | DOUBLE | CHANNEL | GOLD | KT_10 | 1ct | imgs:3
[23:13:04][PRINCESS] [1942] ? NIV-9F414FB415131DC1 | BASKET | DOUBLE | CHANNEL | GOLD | KT_14 | 1ct | imgs:3
[23:13:10][PRINCESS] [1943] ? NIV-9F414FB415131DC1 | BASKET | DOUBLE | CHANNEL | GOLD | KT_14 | 1ct | imgs:3
[23:13:13][PRINCESS] [1944] ? NIV-9F414FB415131DC1 | BASKET | DOUBLE | CHANNEL | GOLD | KT_14 | 1ct | imgs:3
[23:13:16][PRINCESS] [1945] ? NIV-C608B620392849AB | BASKET | DOUBLE | CHANNEL | GOLD | KT_14 | 1ct | imgs:3
[23:13:20][PRINCESS] [1946] ? NIV-C608B620392849AB | BASKET | DOUBLE | CHANNEL | GOLD | KT_14 | 1ct | imgs:3
[23:13:25][PRINCESS] [1947] ? NIV-C608B620392849AB | BASKET | DOUBLE | CHANNEL | GOLD | KT_14 | 1ct | imgs:3
[23:13:28][PRINCESS] [1948] ? NIV-C3EFC8D867072E74 | BASKET | DOUBLE | CHANNEL | GOLD | KT_14 | 1ct | imgs:3
[23:13:31][PRINCESS] [1949] ? NIV-C3EFC8D867072E74 | BASKET | DOUBLE | CHANNEL | GOLD | KT_14 | 1ct | imgs:3
[23:13:35][PRINCESS] [1950] ? NIV-C3EFC8D867072E74 | BASKET | DOUBLE | CHANNEL | GOLD | KT_14 | 1ct | imgs:3
[23:13:37][PRINCESS] [1951] ? NIV-E6329D9697BA9603 | BASKET | DOUBLE | CHANNEL | GOLD | KT_18 | 1ct | imgs:3
[23:13:41][PRINCESS] [1952] ? NIV-E6329D9697BA9603 | BASKET | DOUBLE | CHANNEL | GOLD | KT_18 | 1ct | imgs:3
[23:13:46][PRINCESS] [1953] ? NIV-E6329D9697BA9603 | BASKET | DOUBLE | CHANNEL | GOLD | KT_18 | 1ct | imgs:3
[23:13:49][PRINCESS] [1954] ? NIV-F9B4D65ABFCE4ED1 | BASKET | DOUBLE | CHANNEL | GOLD | KT_18 | 1ct | imgs:3
[23:13:52][PRINCESS] [1955] ? NIV-F9B4D65ABFCE4ED1 | BASKET | DOUBLE | CHANNEL | GOLD | KT_18 | 1ct | imgs:3
[23:13:56][PRINCESS] [1956] ? NIV-F9B4D65ABFCE4ED1 | BASKET | DOUBLE | CHANNEL | GOLD | KT_18 | 1ct | imgs:3
[23:13:58][PRINCESS] [1957] ? NIV-AD9C9C94452233BE | BASKET | DOUBLE | CHANNEL | GOLD | KT_18 | 1ct | imgs:3
[23:14:01][PRINCESS] [1958] ? NIV-AD9C9C94452233BE | BASKET | DOUBLE | CHANNEL | GOLD | KT_18 | 1ct | imgs:3
[23:14:05][PRINCESS] [1959] ? NIV-AD9C9C94452233BE | BASKET | DOUBLE | CHANNEL | GOLD | KT_18 | 1ct | imgs:3
[23:14:07][PRINCESS] [1960] ? NIV-AB19B2B8C2349F82 | BASKET | DOUBLE | CHANNEL | PLATINUM | PT_950 | 1ct | imgs:3
[23:14:13][PRINCESS] [1961] ? NIV-A4054173D04F8CFB | BASKET | DOUBLE | CHANNEL | GOLD | KT_10 | 1ct | imgs:3
[23:14:16][PRINCESS] [1962] ? NIV-A4054173D04F8CFB | BASKET | DOUBLE | CHANNEL | GOLD | KT_10 | 1ct | imgs:3
[23:14:19][PRINCESS] [1963] ? NIV-A4054173D04F8CFB | BASKET | DOUBLE | CHANNEL | GOLD | KT_10 | 1ct | imgs:3
[23:14:22][PRINCESS] [1964] ? NIV-FF4C705D1F4BD584 | BASKET | DOUBLE | CHANNEL | GOLD | KT_10 | 1ct | imgs:3
[23:14:25][PRINCESS] [1965] ? NIV-FF4C705D1F4BD584 | BASKET | DOUBLE | CHANNEL | GOLD | KT_10 | 1ct | imgs:3
[23:14:31][PRINCESS] [1966] ? NIV-FF4C705D1F4BD584 | BASKET | DOUBLE | CHANNEL | GOLD | KT_10 | 1ct | imgs:3
[23:14:34][PRINCESS] [1967] ? NIV-DB5F85D861281A07 | BASKET | DOUBLE | CHANNEL | GOLD | KT_10 | 1ct | imgs:3
[23:14:37][PRINCESS] [1968] ? NIV-DB5F85D861281A07 | BASKET | DOUBLE | CHANNEL | GOLD | KT_10 | 1ct | imgs:3
[23:14:41][PRINCESS] [1969] ? NIV-DB5F85D861281A07 | BASKET | DOUBLE | CHANNEL | GOLD | KT_10 | 1ct | imgs:3
[23:14:46][PRINCESS] [1970] ? NIV-2015D0EF8DA03640 | BASKET | DOUBLE | CHANNEL | GOLD | KT_14 | 1ct | imgs:3
[23:14:49][PRINCESS] [1971] ? NIV-2015D0EF8DA03640 | BASKET | DOUBLE | CHANNEL | GOLD | KT_14 | 1ct | imgs:3
[23:14:52][PRINCESS] [1972] ? NIV-2015D0EF8DA03640 | BASKET | DOUBLE | CHANNEL | GOLD | KT_14 | 1ct | imgs:3
[23:14:55][PRINCESS] [1973] ? NIV-079762E09CED5CB9 | BASKET | DOUBLE | CHANNEL | GOLD | KT_14 | 1ct | imgs:3
[23:14:59][PRINCESS] [1974] ? NIV-079762E09CED5CB9 | BASKET | DOUBLE | CHANNEL | GOLD | KT_14 | 1ct | imgs:3
[23:15:04][PRINCESS] [1975] ? NIV-079762E09CED5CB9 | BASKET | DOUBLE | CHANNEL | GOLD | KT_14 | 1ct | imgs:3
[23:15:07][PRINCESS] [1976] ? NIV-99F9B8EB6F8F1AEE | BASKET | DOUBLE | CHANNEL | GOLD | KT_14 | 1ct | imgs:3
[23:15:10][PRINCESS] [1977] ? NIV-99F9B8EB6F8F1AEE | BASKET | DOUBLE | CHANNEL | GOLD | KT_14 | 1ct | imgs:3
[23:15:14][PRINCESS] [1978] ? NIV-99F9B8EB6F8F1AEE | BASKET | DOUBLE | CHANNEL | GOLD | KT_14 | 1ct | imgs:3
[23:15:17][PRINCESS] [1979] ? NIV-BBFC448996988251 | BASKET | DOUBLE | CHANNEL | GOLD | KT_18 | 1ct | imgs:3
[23:15:22][PRINCESS] [1980] ? NIV-BBFC448996988251 | BASKET | DOUBLE | CHANNEL | GOLD | KT_18 | 1ct | imgs:3
[23:15:26][PRINCESS] [1981] ? NIV-BBFC448996988251 | BASKET | DOUBLE | CHANNEL | GOLD | KT_18 | 1ct | imgs:3
[23:15:28][PRINCESS] [1982] ? NIV-4313E5801C83CD89 | BASKET | DOUBLE | CHANNEL | GOLD | KT_18 | 1ct | imgs:3
[23:15:32][PRINCESS] [1983] ? NIV-4313E5801C83CD89 | BASKET | DOUBLE | CHANNEL | GOLD | KT_18 | 1ct | imgs:3
[23:15:37][PRINCESS] [1984] ? NIV-4313E5801C83CD89 | BASKET | DOUBLE | CHANNEL | GOLD | KT_18 | 1ct | imgs:3
[23:15:40][PRINCESS] [1985] ? NIV-E49877E6A5AA6243 | BASKET | DOUBLE | CHANNEL | GOLD | KT_18 | 1ct | imgs:3
[23:15:43][PRINCESS] [1986] ? NIV-E49877E6A5AA6243 | BASKET | DOUBLE | CHANNEL | GOLD | KT_18 | 1ct | imgs:3
[23:15:46][PRINCESS] [1987] ? NIV-E49877E6A5AA6243 | BASKET | DOUBLE | CHANNEL | GOLD | KT_18 | 1ct | imgs:3
[23:15:49][PRINCESS] [1988] ? NIV-758FEC12F7195E7A | BASKET | DOUBLE | CHANNEL | PLATINUM | PT_950 | 1ct | imgs:3
[23:15:55][PRINCESS] [1989] ? NIV-1D2C7FF8180A14B3 | BASKET | DOUBLE | CHANNEL | GOLD | KT_10 | 1ct | imgs:3
[23:15:58][PRINCESS] [1990] ? NIV-1D2C7FF8180A14B3 | BASKET | DOUBLE | CHANNEL | GOLD | KT_10 | 1ct | imgs:3
[23:16:02][PRINCESS] [1991] ? NIV-1D2C7FF8180A14B3 | BASKET | DOUBLE | CHANNEL | GOLD | KT_10 | 1ct | imgs:3
[23:16:04][PRINCESS] [1992] ? NIV-657E37FAD6D83B6A | BASKET | DOUBLE | CHANNEL | GOLD | KT_10 | 1ct | imgs:3
[23:16:07][PRINCESS] [1993] ? NIV-657E37FAD6D83B6A | BASKET | DOUBLE | CHANNEL | GOLD | KT_10 | 1ct | imgs:3
[23:16:10][PRINCESS] [1994] ? NIV-657E37FAD6D83B6A | BASKET | DOUBLE | CHANNEL | GOLD | KT_10 | 1ct | imgs:3
[23:16:13][PRINCESS] [1995] ? NIV-EACFF47C1E38C06C | BASKET | DOUBLE | CHANNEL | GOLD | KT_10 | 1ct | imgs:3
[23:16:17][PRINCESS] [1996] ? NIV-EACFF47C1E38C06C | BASKET | DOUBLE | CHANNEL | GOLD | KT_10 | 1ct | imgs:3
[23:16:22][PRINCESS] [1997] ? NIV-EACFF47C1E38C06C | BASKET | DOUBLE | CHANNEL | GOLD | KT_10 | 1ct | imgs:3
[23:16:25][PRINCESS] [1998] ? NIV-310E43B5FE22AECD | BASKET | DOUBLE | CHANNEL | GOLD | KT_14 | 1ct | imgs:3
[23:16:29][PRINCESS] [1999] ? NIV-310E43B5FE22AECD | BASKET | DOUBLE | CHANNEL | GOLD | KT_14 | 1ct | imgs:3
[23:16:34][PRINCESS] [2000] ? NIV-310E43B5FE22AECD | BASKET | DOUBLE | CHANNEL | GOLD | KT_14 | 1ct | imgs:3
[23:16:37][PRINCESS] [2001] ? NIV-A33D4257172E05F8 | BASKET | DOUBLE | CHANNEL | GOLD | KT_14 | 1ct | imgs:3
[23:16:40][PRINCESS] [2002] ? NIV-A33D4257172E05F8 | BASKET | DOUBLE | CHANNEL | GOLD | KT_14 | 1ct | imgs:3
[23:16:43][PRINCESS] [2003] ? NIV-A33D4257172E05F8 | BASKET | DOUBLE | CHANNEL | GOLD | KT_14 | 1ct | imgs:3
[23:16:46][PRINCESS] [2004] ? NIV-EEFB847D8EEE5F48 | BASKET | DOUBLE | CHANNEL | GOLD | KT_14 | 1ct | imgs:3
[23:16:49][PRINCESS] [2005] ? NIV-EEFB847D8EEE5F48 | BASKET | DOUBLE | CHANNEL | GOLD | KT_14 | 1ct | imgs:3
[23:16:53][PRINCESS] [2006] ? NIV-EEFB847D8EEE5F48 | BASKET | DOUBLE | CHANNEL | GOLD | KT_14 | 1ct | imgs:3
[23:16:58][PRINCESS] [2007] ? NIV-517EB7CBFCAA628D | BASKET | DOUBLE | CHANNEL | GOLD | KT_18 | 1ct | imgs:3
[23:17:01][PRINCESS] [2008] ? NIV-517EB7CBFCAA628D | BASKET | DOUBLE | CHANNEL | GOLD | KT_18 | 1ct | imgs:3
[23:17:05][PRINCESS] [2009] ? NIV-517EB7CBFCAA628D | BASKET | DOUBLE | CHANNEL | GOLD | KT_18 | 1ct | imgs:3
[23:17:07][PRINCESS] [2010] ? NIV-E91DE42F5D96B709 | BASKET | DOUBLE | CHANNEL | GOLD | KT_18 | 1ct | imgs:3
[23:17:10][PRINCESS] [2011] ? NIV-E91DE42F5D96B709 | BASKET | DOUBLE | CHANNEL | GOLD | KT_18 | 1ct | imgs:3
[23:17:14][PRINCESS] [2012] ? NIV-E91DE42F5D96B709 | BASKET | DOUBLE | CHANNEL | GOLD | KT_18 | 1ct | imgs:3
[23:17:16][PRINCESS] [2013] ? NIV-A367A25055412B6B | BASKET | DOUBLE | CHANNEL | GOLD | KT_18 | 1ct | imgs:3
[23:17:22][PRINCESS] [2014] ? NIV-A367A25055412B6B | BASKET | DOUBLE | CHANNEL | GOLD | KT_18 | 1ct | imgs:3
[23:17:25][PRINCESS] [2015] ? NIV-A367A25055412B6B | BASKET | DOUBLE | CHANNEL | GOLD | KT_18 | 1ct | imgs:3
[23:17:28][PRINCESS] [2016] ? NIV-C6828B2479DAF204 | BASKET | DOUBLE | CHANNEL | PLATINUM | PT_950 | 1ct | imgs:3
[23:17:34][PRINCESS] [2017] ? NIV-53A0ADC727B302F7 | BASKET | DOUBLE | CHANNEL | GOLD | KT_10 | 1ct | imgs:3
[23:17:37][PRINCESS] [2018] ? NIV-53A0ADC727B302F7 | BASKET | DOUBLE | CHANNEL | GOLD | KT_10 | 1ct | imgs:3
[23:17:40][PRINCESS] [2019] ? NIV-53A0ADC727B302F7 | BASKET | DOUBLE | CHANNEL | GOLD | KT_10 | 1ct | imgs:3
[23:17:43][PRINCESS] [2020] ? NIV-0C2FD50AFD8BA4CA | BASKET | DOUBLE | CHANNEL | GOLD | KT_10 | 1ct | imgs:3
[23:17:47][PRINCESS] [2021] ? NIV-0C2FD50AFD8BA4CA | BASKET | DOUBLE | CHANNEL | GOLD | KT_10 | 1ct | imgs:3
[23:17:52][PRINCESS] [2022] ? NIV-0C2FD50AFD8BA4CA | BASKET | DOUBLE | CHANNEL | GOLD | KT_10 | 1ct | imgs:3
[23:17:55][PRINCESS] [2023] ? NIV-163D1B7ED7FA91F2 | BASKET | DOUBLE | CHANNEL | GOLD | KT_10 | 1ct | imgs:3
[23:17:59][PRINCESS] [2024] ? NIV-163D1B7ED7FA91F2 | BASKET | DOUBLE | CHANNEL | GOLD | KT_10 | 1ct | imgs:3
[23:18:04][PRINCESS] [2025] ? NIV-163D1B7ED7FA91F2 | BASKET | DOUBLE | CHANNEL | GOLD | KT_10 | 1ct | imgs:3
[23:18:07][PRINCESS] [2026] ? NIV-2FA6E720EFAD17BD | BASKET | DOUBLE | CHANNEL | GOLD | KT_14 | 1ct | imgs:3
[23:18:10][PRINCESS] [2027] ? NIV-2FA6E720EFAD17BD | BASKET | DOUBLE | CHANNEL | GOLD | KT_14 | 1ct | imgs:3
[23:18:13][PRINCESS] [2028] ? NIV-2FA6E720EFAD17BD | BASKET | DOUBLE | CHANNEL | GOLD | KT_14 | 1ct | imgs:3
[23:18:16][PRINCESS] [2029] ? NIV-F2908BE515237C69 | BASKET | DOUBLE | CHANNEL | GOLD | KT_14 | 1ct | imgs:3
[23:18:20][PRINCESS] [2030] ? NIV-F2908BE515237C69 | BASKET | DOUBLE | CHANNEL | GOLD | KT_14 | 1ct | imgs:3
[23:18:25][PRINCESS] [2031] ? NIV-F2908BE515237C69 | BASKET | DOUBLE | CHANNEL | GOLD | KT_14 | 1ct | imgs:3
[23:18:28][PRINCESS] [2032] ? NIV-987D3B6ABE520A49 | BASKET | DOUBLE | CHANNEL | GOLD | KT_14 | 1ct | imgs:3
[23:18:31][PRINCESS] [2033] ? NIV-987D3B6ABE520A49 | BASKET | DOUBLE | CHANNEL | GOLD | KT_14 | 1ct | imgs:3
[23:18:34][PRINCESS] [2034] ? NIV-987D3B6ABE520A49 | BASKET | DOUBLE | CHANNEL | GOLD | KT_14 | 1ct | imgs:3
[23:18:40][PRINCESS] [2035] ? NIV-ADA70E537B8BD910 | BASKET | DOUBLE | CHANNEL | GOLD | KT_18 | 1ct | imgs:3
[23:18:44][PRINCESS] [2036] ? NIV-ADA70E537B8BD910 | BASKET | DOUBLE | CHANNEL | GOLD | KT_18 | 1ct | imgs:3
[23:18:49][PRINCESS] [2037] ? NIV-ADA70E537B8BD910 | BASKET | DOUBLE | CHANNEL | GOLD | KT_18 | 1ct | imgs:3
[23:18:52][PRINCESS] [2038] ? NIV-35938912A797E940 | BASKET | DOUBLE | CHANNEL | GOLD | KT_18 | 1ct | imgs:3
[23:18:58][PRINCESS] [2039] ? NIV-35938912A797E940 | BASKET | DOUBLE | CHANNEL | GOLD | KT_18 | 1ct | imgs:3
[23:19:01][PRINCESS] [2040] ? NIV-35938912A797E940 | BASKET | DOUBLE | CHANNEL | GOLD | KT_18 | 1ct | imgs:3
[23:19:04][PRINCESS] [2041] ? NIV-FB3A11CA4878F9F3 | BASKET | DOUBLE | CHANNEL | GOLD | KT_18 | 1ct | imgs:3
[23:19:07][PRINCESS] [2042] ? NIV-FB3A11CA4878F9F3 | BASKET | DOUBLE | CHANNEL | GOLD | KT_18 | 1ct | imgs:3
[23:19:13][PRINCESS] [2043] ? NIV-FB3A11CA4878F9F3 | BASKET | DOUBLE | CHANNEL | GOLD | KT_18 | 1ct | imgs:3
[23:19:16][PRINCESS] [2044] ? NIV-C2AE53D38EA665ED | BASKET | DOUBLE | CHANNEL | PLATINUM | PT_950 | 1ct | imgs:3
[23:19:22][PRINCESS] [2045] ? NIV-0332585B72BA0BAE | BASKET | DOUBLE | CHANNEL | GOLD | KT_10 | 1ct | imgs:3
[23:19:25][PRINCESS] [2046] ? NIV-0332585B72BA0BAE | BASKET | DOUBLE | CHANNEL | GOLD | KT_10 | 1ct | imgs:3
[23:19:31][PRINCESS] [2047] ? NIV-0332585B72BA0BAE | BASKET | DOUBLE | CHANNEL | GOLD | KT_10 | 1ct | imgs:3
[23:19:34][PRINCESS] [2048] ? NIV-C2F17FB379BB4C38 | BASKET | DOUBLE | CHANNEL | GOLD | KT_10 | 1ct | imgs:3
[23:19:37][PRINCESS] [2049] ? NIV-C2F17FB379BB4C38 | BASKET | DOUBLE | CHANNEL | GOLD | KT_10 | 1ct | imgs:3
[23:19:40][PRINCESS] [2050] ? NIV-C2F17FB379BB4C38 | BASKET | DOUBLE | CHANNEL | GOLD | KT_10 | 1ct | imgs:3
[23:19:43][PRINCESS] [2051] ? NIV-0CC0E445E99EA6CC | BASKET | DOUBLE | CHANNEL | GOLD | KT_10 | 1ct | imgs:3
[23:19:47][PRINCESS] [2052] ? NIV-0CC0E445E99EA6CC | BASKET | DOUBLE | CHANNEL | GOLD | KT_10 | 1ct | imgs:3
[23:19:50][PRINCESS] [2053] ? NIV-0CC0E445E99EA6CC | BASKET | DOUBLE | CHANNEL | GOLD | KT_10 | 1ct | imgs:3
[23:19:55][PRINCESS] [2054] ? NIV-6D1A18C88CD0FEF9 | BASKET | DOUBLE | CHANNEL | GOLD | KT_14 | 1ct | imgs:3
[23:19:58][PRINCESS] [2055] ? NIV-6D1A18C88CD0FEF9 | BASKET | DOUBLE | CHANNEL | GOLD | KT_14 | 1ct | imgs:3
[23:20:02][PRINCESS] [2056] ? NIV-6D1A18C88CD0FEF9 | BASKET | DOUBLE | CHANNEL | GOLD | KT_14 | 1ct | imgs:3
[23:20:04][PRINCESS] [2057] ? NIV-EF2D5FC12B380089 | BASKET | DOUBLE | CHANNEL | GOLD | KT_14 | 1ct | imgs:3
[23:20:07][PRINCESS] [2058] ? NIV-EF2D5FC12B380089 | BASKET | DOUBLE | CHANNEL | GOLD | KT_14 | 1ct | imgs:3
[23:20:13][PRINCESS] [2059] ? NIV-EF2D5FC12B380089 | BASKET | DOUBLE | CHANNEL | GOLD | KT_14 | 1ct | imgs:3
[23:20:16][PRINCESS] [2060] ? NIV-4EC109F99A2A761D | BASKET | DOUBLE | CHANNEL | GOLD | KT_14 | 1ct | imgs:3
[23:20:19][PRINCESS] [2061] ? NIV-4EC109F99A2A761D | BASKET | DOUBLE | CHANNEL | GOLD | KT_14 | 1ct | imgs:3
[23:20:23][PRINCESS] [2062] ? NIV-4EC109F99A2A761D | BASKET | DOUBLE | CHANNEL | GOLD | KT_14 | 1ct | imgs:3
[23:20:28][PRINCESS] [2063] ? NIV-C61705B25055E79E | BASKET | DOUBLE | CHANNEL | GOLD | KT_18 | 1ct | imgs:3
[23:20:32][PRINCESS] [2064] ? NIV-C61705B25055E79E | BASKET | DOUBLE | CHANNEL | GOLD | KT_18 | 1ct | imgs:3
[23:20:37][PRINCESS] [2065] ? NIV-C61705B25055E79E | BASKET | DOUBLE | CHANNEL | GOLD | KT_18 | 1ct | imgs:3
[23:20:40][PRINCESS] [2066] ? NIV-49EC0024A3508344 | BASKET | DOUBLE | CHANNEL | GOLD | KT_18 | 1ct | imgs:3
[23:20:43][PRINCESS] [2067] ? NIV-49EC0024A3508344 | BASKET | DOUBLE | CHANNEL | GOLD | KT_18 | 1ct | imgs:3
[23:20:47][PRINCESS] [2068] ? NIV-49EC0024A3508344 | BASKET | DOUBLE | CHANNEL | GOLD | KT_18 | 1ct | imgs:3
[23:20:49][PRINCESS] [2069] ? NIV-CC33EAEDE1B8A2B5 | BASKET | DOUBLE | CHANNEL | GOLD | KT_18 | 1ct | imgs:3
[23:20:53][PRINCESS] [2070] ? NIV-CC33EAEDE1B8A2B5 | BASKET | DOUBLE | CHANNEL | GOLD | KT_18 | 1ct | imgs:3
[23:20:58][PRINCESS] [2071] ? NIV-CC33EAEDE1B8A2B5 | BASKET | DOUBLE | CHANNEL | GOLD | KT_18 | 1ct | imgs:3
[23:21:01][PRINCESS] [2072] ? NIV-D70B783FFB7EC87A | BASKET | DOUBLE | CHANNEL | PLATINUM | PT_950 | 1ct | imgs:3
[23:21:07][PRINCESS] [2073] ? NIV-424AC9F97AC0E8C6 | BASKET | DOUBLE | CHANNEL | GOLD | KT_10 | 1ct | imgs:3
[23:21:13][PRINCESS] [2074] ? NIV-424AC9F97AC0E8C6 | BASKET | DOUBLE | CHANNEL | GOLD | KT_10 | 1ct | imgs:3
[23:21:17][PRINCESS] [2075] ? NIV-424AC9F97AC0E8C6 | BASKET | DOUBLE | CHANNEL | GOLD | KT_10 | 1ct | imgs:3
[23:21:19][PRINCESS] [2076] ? NIV-F7242CB54B010AB5 | BASKET | DOUBLE | CHANNEL | GOLD | KT_10 | 1ct | imgs:3
[23:21:22][PRINCESS] [2077] ? NIV-F7242CB54B010AB5 | BASKET | DOUBLE | CHANNEL | GOLD | KT_10 | 1ct | imgs:3
[23:21:28][PRINCESS] [2078] ? NIV-F7242CB54B010AB5 | BASKET | DOUBLE | CHANNEL | GOLD | KT_10 | 1ct | imgs:3
[23:21:31][PRINCESS] [2079] ? NIV-27FF8B7C79A09324 | BASKET | DOUBLE | CHANNEL | GOLD | KT_10 | 1ct | imgs:3
[23:21:35][PRINCESS] [2080] ? NIV-27FF8B7C79A09324 | BASKET | DOUBLE | CHANNEL | GOLD | KT_10 | 1ct | imgs:3
[23:21:40][PRINCESS] [2081] ? NIV-27FF8B7C79A09324 | BASKET | DOUBLE | CHANNEL | GOLD | KT_10 | 1ct | imgs:3
[23:21:46][PRINCESS] [2082] ? NIV-A7B16E2BB76D8262 | BASKET | DOUBLE | CHANNEL | GOLD | KT_14 | 1ct | imgs:3
[23:21:49][PRINCESS] [2083] ? NIV-A7B16E2BB76D8262 | BASKET | DOUBLE | CHANNEL | GOLD | KT_14 | 1ct | imgs:3
[23:21:55][PRINCESS] [2084] ? NIV-A7B16E2BB76D8262 | BASKET | DOUBLE | CHANNEL | GOLD | KT_14 | 1ct | imgs:3
[23:21:58][PRINCESS] [2085] ? NIV-2FB5BB7B809817CA | BASKET | DOUBLE | CHANNEL | GOLD | KT_14 | 1ct | imgs:3
[23:22:01][PRINCESS] [2086] ? NIV-2FB5BB7B809817CA | BASKET | DOUBLE | CHANNEL | GOLD | KT_14 | 1ct | imgs:3
[23:22:07][PRINCESS] [2087] ? NIV-2FB5BB7B809817CA | BASKET | DOUBLE | CHANNEL | GOLD | KT_14 | 1ct | imgs:3
[23:22:10][PRINCESS] [2088] ? NIV-DDC4424CC79F7F53 | BASKET | DOUBLE | CHANNEL | GOLD | KT_14 | 1ct | imgs:3
[23:22:14][PRINCESS] [2089] ? NIV-DDC4424CC79F7F53 | BASKET | DOUBLE | CHANNEL | GOLD | KT_14 | 1ct | imgs:3
[23:22:19][PRINCESS] [2090] ? NIV-DDC4424CC79F7F53 | BASKET | DOUBLE | CHANNEL | GOLD | KT_14 | 1ct | imgs:3
[23:22:22][PRINCESS] [2091] ? NIV-BDF9039D418A51B7 | BASKET | DOUBLE | CHANNEL | GOLD | KT_18 | 1ct | imgs:3
[23:22:25][PRINCESS] [2092] ? NIV-BDF9039D418A51B7 | BASKET | DOUBLE | CHANNEL | GOLD | KT_18 | 1ct | imgs:3
[23:22:28][PRINCESS] [2093] ? NIV-BDF9039D418A51B7 | BASKET | DOUBLE | CHANNEL | GOLD | KT_18 | 1ct | imgs:3
[23:22:31][PRINCESS] [2094] ? NIV-C1F77F3ACEC9B510 | BASKET | DOUBLE | CHANNEL | GOLD | KT_18 | 1ct | imgs:3
[23:22:35][PRINCESS] [2095] ? NIV-C1F77F3ACEC9B510 | BASKET | DOUBLE | CHANNEL | GOLD | KT_18 | 1ct | imgs:3
[23:22:40][PRINCESS] [2096] ? NIV-C1F77F3ACEC9B510 | BASKET | DOUBLE | CHANNEL | GOLD | KT_18 | 1ct | imgs:3
[23:22:43][PRINCESS] [2097] ? NIV-17838CF53B85EE8D | BASKET | DOUBLE | CHANNEL | GOLD | KT_18 | 1ct | imgs:3
[23:22:46][PRINCESS] [2098] ? NIV-17838CF53B85EE8D | BASKET | DOUBLE | CHANNEL | GOLD | KT_18 | 1ct | imgs:3
[23:22:50][PRINCESS] [2099] ? NIV-17838CF53B85EE8D | BASKET | DOUBLE | CHANNEL | GOLD | KT_18 | 1ct | imgs:3
[23:22:52][PRINCESS] [2100] ? NIV-CBFBD9546C75E808 | BASKET | DOUBLE | CHANNEL | PLATINUM | PT_950 | 1ct | imgs:3
[23:23:01][PRINCESS] [2101] ? NIV-09647FF5C96915ED | BASKET | DOUBLE | CHANNEL | GOLD | KT_10 | 1ct | imgs:3
[23:23:04][PRINCESS] [2102] ? NIV-09647FF5C96915ED | BASKET | DOUBLE | CHANNEL | GOLD | KT_10 | 1ct | imgs:3
[23:23:10][PRINCESS] [2103] ? NIV-09647FF5C96915ED | BASKET | DOUBLE | CHANNEL | GOLD | KT_10 | 1ct | imgs:3
[23:23:13][PRINCESS] [2104] ? NIV-35A14E6EF93943F2 | BASKET | DOUBLE | CHANNEL | GOLD | KT_10 | 1ct | imgs:3
[23:23:16][PRINCESS] [2105] ? NIV-35A14E6EF93943F2 | BASKET | DOUBLE | CHANNEL | GOLD | KT_10 | 1ct | imgs:3
[23:23:20][PRINCESS] [2106] ? NIV-35A14E6EF93943F2 | BASKET | DOUBLE | CHANNEL | GOLD | KT_10 | 1ct | imgs:3
[23:23:22][PRINCESS] [2107] ? NIV-B5DAEA16CA2B1BC2 | BASKET | DOUBLE | CHANNEL | GOLD | KT_10 | 1ct | imgs:3
[23:23:26][PRINCESS] [2108] ? NIV-B5DAEA16CA2B1BC2 | BASKET | DOUBLE | CHANNEL | GOLD | KT_10 | 1ct | imgs:3
[23:23:31][PRINCESS] [2109] ? NIV-B5DAEA16CA2B1BC2 | BASKET | DOUBLE | CHANNEL | GOLD | KT_10 | 1ct | imgs:3
[23:23:34][PRINCESS] [2110] ? NIV-703278BF2BE02DA3 | BASKET | DOUBLE | CHANNEL | GOLD | KT_14 | 1ct | imgs:3
[23:23:37][PRINCESS] [2111] ? NIV-703278BF2BE02DA3 | BASKET | DOUBLE | CHANNEL | GOLD | KT_14 | 1ct | imgs:3
[23:23:41][PRINCESS] [2112] ? NIV-703278BF2BE02DA3 | BASKET | DOUBLE | CHANNEL | GOLD | KT_14 | 1ct | imgs:3
[23:23:43][PRINCESS] [2113] ? NIV-96AC49664BEC912B | BASKET | DOUBLE | CHANNEL | GOLD | KT_14 | 1ct | imgs:3
[23:23:47][PRINCESS] [2114] ? NIV-96AC49664BEC912B | BASKET | DOUBLE | CHANNEL | GOLD | KT_14 | 1ct | imgs:3
[23:23:52][PRINCESS] [2115] ? NIV-96AC49664BEC912B | BASKET | DOUBLE | CHANNEL | GOLD | KT_14 | 1ct | imgs:3
[23:23:55][PRINCESS] [2116] ? NIV-63355129AB6FDFC7 | BASKET | DOUBLE | CHANNEL | GOLD | KT_14 | 1ct | imgs:3
[23:23:58][PRINCESS] [2117] ? NIV-63355129AB6FDFC7 | BASKET | DOUBLE | CHANNEL | GOLD | KT_14 | 1ct | imgs:3
[23:24:02][PRINCESS] [2118] ? NIV-63355129AB6FDFC7 | BASKET | DOUBLE | CHANNEL | GOLD | KT_14 | 1ct | imgs:3
[23:24:07][PRINCESS] [2119] ? NIV-175623F9586636C7 | BASKET | DOUBLE | CHANNEL | GOLD | KT_18 | 1ct | imgs:3
[23:24:11][PRINCESS] [2120] ? NIV-175623F9586636C7 | BASKET | DOUBLE | CHANNEL | GOLD | KT_18 | 1ct | imgs:3
[23:24:16][PRINCESS] [2121] ? NIV-175623F9586636C7 | BASKET | DOUBLE | CHANNEL | GOLD | KT_18 | 1ct | imgs:3
[23:24:19][PRINCESS] [2122] ? NIV-97C2CCB06E11F6DB | BASKET | DOUBLE | CHANNEL | GOLD | KT_18 | 1ct | imgs:3
[23:24:22][PRINCESS] [2123] ? NIV-97C2CCB06E11F6DB | BASKET | DOUBLE | CHANNEL | GOLD | KT_18 | 1ct | imgs:3
[23:24:26][PRINCESS] [2124] ? NIV-97C2CCB06E11F6DB | BASKET | DOUBLE | CHANNEL | GOLD | KT_18 | 1ct | imgs:3
[23:24:28][PRINCESS] [2125] ? NIV-E193149D1FFAB1DD | BASKET | DOUBLE | CHANNEL | GOLD | KT_18 | 1ct | imgs:3
[23:24:31][PRINCESS] [2126] ? NIV-E193149D1FFAB1DD | BASKET | DOUBLE | CHANNEL | GOLD | KT_18 | 1ct | imgs:3
[23:24:35][PRINCESS] [2127] ? NIV-E193149D1FFAB1DD | BASKET | DOUBLE | CHANNEL | GOLD | KT_18 | 1ct | imgs:3
[23:24:37][PRINCESS] [2128] ? NIV-8D042A1D982245A9 | BASKET | DOUBLE | CHANNEL | PLATINUM | PT_950 | 1ct | imgs:3
[23:24:43][PRINCESS] [2129] ? NIV-6FE7ED3E4A6A708C | BASKET | DOUBLE | CHANNEL | GOLD | KT_10 | 1ct | imgs:3
[23:24:46][PRINCESS] [2130] ? NIV-6FE7ED3E4A6A708C | BASKET | DOUBLE | CHANNEL | GOLD | KT_10 | 1ct | imgs:3
[23:24:50][PRINCESS] [2131] ? NIV-6FE7ED3E4A6A708C | BASKET | DOUBLE | CHANNEL | GOLD | KT_10 | 1ct | imgs:3
[23:24:52][PRINCESS] [2132] ? NIV-C6C5F66AAF67C982 | BASKET | DOUBLE | CHANNEL | GOLD | KT_10 | 1ct | imgs:1
[23:24:55][PRINCESS] [2133] ? NIV-C6C5F66AAF67C982 | BASKET | DOUBLE | CHANNEL | GOLD | KT_10 | 1ct | imgs:3
[23:24:58][PRINCESS] [2134] ? NIV-C6C5F66AAF67C982 | BASKET | DOUBLE | CHANNEL | GOLD | KT_10 | 1ct | imgs:3
[23:25:01][PRINCESS] [2135] ? NIV-A3176D1AE2FC7436 | BASKET | DOUBLE | CHANNEL | GOLD | KT_10 | 1ct | imgs:3
[23:25:04][PRINCESS] [2136] ? NIV-A3176D1AE2FC7436 | BASKET | DOUBLE | CHANNEL | GOLD | KT_10 | 1ct | imgs:3
[23:25:08][PRINCESS] [2137] ? NIV-A3176D1AE2FC7436 | BASKET | DOUBLE | CHANNEL | GOLD | KT_10 | 1ct | imgs:3
[23:25:11][PRINCESS] [2138] ? NIV-98E12286E24C1713 | BASKET | DOUBLE | CHANNEL | GOLD | KT_14 | 1ct | imgs:3
[23:25:16][PRINCESS] [2139] ? NIV-98E12286E24C1713 | BASKET | DOUBLE | CHANNEL | GOLD | KT_14 | 1ct | imgs:3
[23:25:19][PRINCESS] [2140] ? NIV-98E12286E24C1713 | BASKET | DOUBLE | CHANNEL | GOLD | KT_14 | 1ct | imgs:3
[23:25:22][PRINCESS] [2141] ? NIV-1224E0ED53536EFF | BASKET | DOUBLE | CHANNEL | GOLD | KT_14 | 1ct | imgs:3
[23:25:25][PRINCESS] [2142] ? NIV-1224E0ED53536EFF | BASKET | DOUBLE | CHANNEL | GOLD | KT_14 | 1ct | imgs:3
[23:25:28][PRINCESS] [2143] ? NIV-1224E0ED53536EFF | BASKET | DOUBLE | CHANNEL | GOLD | KT_14 | 1ct | imgs:3
[23:25:31][PRINCESS] [2144] ? NIV-5E65866A8FAEC310 | BASKET | DOUBLE | CHANNEL | GOLD | KT_14 | 1ct | imgs:3
[23:25:35][PRINCESS] [2145] ? NIV-5E65866A8FAEC310 | BASKET | DOUBLE | CHANNEL | GOLD | KT_14 | 1ct | imgs:3
[23:25:40][PRINCESS] [2146] ? NIV-5E65866A8FAEC310 | BASKET | DOUBLE | CHANNEL | GOLD | KT_14 | 1ct | imgs:3
[23:25:43][PRINCESS] [2147] ? NIV-076B8FC848B76C01 | BASKET | DOUBLE | CHANNEL | GOLD | KT_18 | 1ct | imgs:3
[23:25:46][PRINCESS] [2148] ? NIV-076B8FC848B76C01 | BASKET | DOUBLE | CHANNEL | GOLD | KT_18 | 1ct | imgs:3
[23:25:50][PRINCESS] [2149] ? NIV-076B8FC848B76C01 | BASKET | DOUBLE | CHANNEL | GOLD | KT_18 | 1ct | imgs:3
[23:25:52][PRINCESS] [2150] ? NIV-5EB509710516131E | BASKET | DOUBLE | CHANNEL | GOLD | KT_18 | 1ct | imgs:3
[23:25:55][PRINCESS] [2151] ? NIV-5EB509710516131E | BASKET | DOUBLE | CHANNEL | GOLD | KT_18 | 1ct | imgs:3
[23:26:01][PRINCESS] [2152] ? NIV-5EB509710516131E | BASKET | DOUBLE | CHANNEL | GOLD | KT_18 | 1ct | imgs:3
[23:26:04][PRINCESS] [2153] ? NIV-9350E85FED8943F0 | BASKET | DOUBLE | CHANNEL | GOLD | KT_18 | 1ct | imgs:3
[23:26:07][PRINCESS] [2154] ? NIV-9350E85FED8943F0 | BASKET | DOUBLE | CHANNEL | GOLD | KT_18 | 1ct | imgs:3
[23:26:11][PRINCESS] [2155] ? NIV-9350E85FED8943F0 | BASKET | DOUBLE | CHANNEL | GOLD | KT_18 | 1ct | imgs:3
[23:26:13][PRINCESS] [2156] ? NIV-9521EAA68FF62720 | BASKET | DOUBLE | CHANNEL | PLATINUM | PT_950 | 1ct | imgs:3
[23:26:19][PRINCESS] [2157] ? NIV-8D9A2D10B0927D1A | BASKET | DOUBLE | CHANNEL | GOLD | KT_10 | 1ct | imgs:3
[23:26:22][PRINCESS] [2158] ? NIV-8D9A2D10B0927D1A | BASKET | DOUBLE | CHANNEL | GOLD | KT_10 | 1ct | imgs:3
[23:26:26][PRINCESS] [2159] ? NIV-8D9A2D10B0927D1A | BASKET | DOUBLE | CHANNEL | GOLD | KT_10 | 1ct | imgs:3
[23:26:28][PRINCESS] [2160] ? NIV-3B466790F80A1A1F | BASKET | DOUBLE | CHANNEL | GOLD | KT_10 | 1ct | imgs:3
[23:26:31][PRINCESS] [2161] ? NIV-3B466790F80A1A1F | BASKET | DOUBLE | CHANNEL | GOLD | KT_10 | 1ct | imgs:3
[23:26:35][PRINCESS] [2162] ? NIV-3B466790F80A1A1F | BASKET | DOUBLE | CHANNEL | GOLD | KT_10 | 1ct | imgs:3
[23:26:37][PRINCESS] [2163] ? NIV-492B8818FDEC6C6D | BASKET | DOUBLE | CHANNEL | GOLD | KT_10 | 1ct | imgs:3
[23:26:41][PRINCESS] [2164] ? NIV-492B8818FDEC6C6D | BASKET | DOUBLE | CHANNEL | GOLD | KT_10 | 1ct | imgs:3
[23:26:46][PRINCESS] [2165] ? NIV-492B8818FDEC6C6D | BASKET | DOUBLE | CHANNEL | GOLD | KT_10 | 1ct | imgs:3
[23:26:49][PRINCESS] [2166] ? NIV-BE5C4A67CA3161D6 | BASKET | DOUBLE | CHANNEL | GOLD | KT_14 | 1ct | imgs:1
[23:26:52][PRINCESS] [2167] ? NIV-BE5C4A67CA3161D6 | BASKET | DOUBLE | CHANNEL | GOLD | KT_14 | 1ct | imgs:3
[23:26:58][PRINCESS] [2168] ? NIV-BE5C4A67CA3161D6 | BASKET | DOUBLE | CHANNEL | GOLD | KT_14 | 1ct | imgs:3
[23:27:01][PRINCESS] [2169] ? NIV-8C2E84F105D33627 | BASKET | DOUBLE | CHANNEL | GOLD | KT_14 | 1ct | imgs:3
[23:27:04][PRINCESS] [2170] ? NIV-8C2E84F105D33627 | BASKET | DOUBLE | CHANNEL | GOLD | KT_14 | 1ct | imgs:3
[23:27:07][PRINCESS] [2171] ? NIV-8C2E84F105D33627 | BASKET | DOUBLE | CHANNEL | GOLD | KT_14 | 1ct | imgs:3
[23:27:10][PRINCESS] [2172] ? NIV-953872235E74EC24 | BASKET | DOUBLE | CHANNEL | GOLD | KT_14 | 1ct | imgs:3
[23:27:13][PRINCESS] [2173] ? NIV-953872235E74EC24 | BASKET | DOUBLE | CHANNEL | GOLD | KT_14 | 1ct | imgs:3
[23:27:16][PRINCESS] [2174] ? NIV-953872235E74EC24 | BASKET | DOUBLE | CHANNEL | GOLD | KT_14 | 1ct | imgs:3
[23:27:19][PRINCESS] [2175] ? NIV-C93FAD129CE08831 | BASKET | DOUBLE | CHANNEL | GOLD | KT_18 | 1ct | imgs:3
[23:27:23][PRINCESS] [2176] ? NIV-C93FAD129CE08831 | BASKET | DOUBLE | CHANNEL | GOLD | KT_18 | 1ct | imgs:3
[23:27:28][PRINCESS] [2177] ? NIV-C93FAD129CE08831 | BASKET | DOUBLE | CHANNEL | GOLD | KT_18 | 1ct | imgs:3
[23:27:31][PRINCESS] [2178] ? NIV-1BCD309091255C39 | BASKET | DOUBLE | CHANNEL | GOLD | KT_18 | 1ct | imgs:3
[23:27:34][PRINCESS] [2179] ? NIV-1BCD309091255C39 | BASKET | DOUBLE | CHANNEL | GOLD | KT_18 | 1ct | imgs:3
[23:27:38][PRINCESS] [2180] ? NIV-1BCD309091255C39 | BASKET | DOUBLE | CHANNEL | GOLD | KT_18 | 1ct | imgs:3
[23:27:40][PRINCESS] [2181] ? NIV-ED87C96A62D9C65B | BASKET | DOUBLE | CHANNEL | GOLD | KT_18 | 1ct | imgs:3
[23:27:43][PRINCESS] [2182] ? NIV-ED87C96A62D9C65B | BASKET | DOUBLE | CHANNEL | GOLD | KT_18 | 1ct | imgs:3
[23:27:49][PRINCESS] [2183] ? NIV-ED87C96A62D9C65B | BASKET | DOUBLE | CHANNEL | GOLD | KT_18 | 1ct | imgs:3
[23:27:52][PRINCESS] [2184] ? NIV-AF4BB359EBFBE287 | BASKET | DOUBLE | CHANNEL | PLATINUM | PT_950 | 1ct | imgs:3
[23:27:58][PRINCESS] [2185] ? NIV-0180CE310F44E86B | BASKET | DOUBLE | CHANNEL | GOLD | KT_10 | 1ct | imgs:3
[23:28:01][PRINCESS] [2186] ? NIV-0180CE310F44E86B | BASKET | DOUBLE | CHANNEL | GOLD | KT_10 | 1ct | imgs:3
[23:28:05][PRINCESS] [2187] ? NIV-0180CE310F44E86B | BASKET | DOUBLE | CHANNEL | GOLD | KT_10 | 1ct | imgs:3
[23:28:07][PRINCESS] [2188] ? NIV-5DF5791F336E3069 | BASKET | DOUBLE | CHANNEL | GOLD | KT_10 | 1ct | imgs:3
[23:28:10][PRINCESS] [2189] ? NIV-5DF5791F336E3069 | BASKET | DOUBLE | CHANNEL | GOLD | KT_10 | 1ct | imgs:3
[23:28:14][PRINCESS] [2190] ? NIV-5DF5791F336E3069 | BASKET | DOUBLE | CHANNEL | GOLD | KT_10 | 1ct | imgs:3
[23:28:16][PRINCESS] [2191] ? NIV-B63EF98A98DC1894 | BASKET | DOUBLE | CHANNEL | GOLD | KT_10 | 1ct | imgs:3
[23:28:19][PRINCESS] [2192] ? NIV-B63EF98A98DC1894 | BASKET | DOUBLE | CHANNEL | GOLD | KT_10 | 1ct | imgs:3
[23:28:23][PRINCESS] [2193] ? NIV-B63EF98A98DC1894 | BASKET | DOUBLE | CHANNEL | GOLD | KT_10 | 1ct | imgs:3
[23:28:25][PRINCESS] [2194] ? NIV-A1E02C061ABFA0BA | BASKET | DOUBLE | CHANNEL | GOLD | KT_14 | 1ct | imgs:3
[23:28:31][PRINCESS] [2195] ? NIV-A1E02C061ABFA0BA | BASKET | DOUBLE | CHANNEL | GOLD | KT_14 | 1ct | imgs:3
[23:28:34][PRINCESS] [2196] ? NIV-A1E02C061ABFA0BA | BASKET | DOUBLE | CHANNEL | GOLD | KT_14 | 1ct | imgs:3
[23:28:37][PRINCESS] [2197] ? NIV-736B74A077D52730 | BASKET | DOUBLE | CHANNEL | GOLD | KT_14 | 1ct | imgs:3
[23:28:40][PRINCESS] [2198] ? NIV-736B74A077D52730 | BASKET | DOUBLE | CHANNEL | GOLD | KT_14 | 1ct | imgs:3
[23:28:44][PRINCESS] [2199] ? NIV-736B74A077D52730 | BASKET | DOUBLE | CHANNEL | GOLD | KT_14 | 1ct | imgs:3
[23:28:46][PRINCESS] [2200] ? NIV-8BAE242EE57C870E | BASKET | DOUBLE | CHANNEL | GOLD | KT_14 | 1ct | imgs:3
[23:28:49][PRINCESS] [2201] ? NIV-8BAE242EE57C870E | BASKET | DOUBLE | CHANNEL | GOLD | KT_14 | 1ct | imgs:3
[23:28:52][PRINCESS] [2202] ? NIV-8BAE242EE57C870E | BASKET | DOUBLE | CHANNEL | GOLD | KT_14 | 1ct | imgs:3
[23:28:58][PRINCESS] [2203] ? NIV-98E6AFADE4065597 | BASKET | DOUBLE | CHANNEL | GOLD | KT_18 | 1ct | imgs:3
[23:29:02][PRINCESS] [2204] ? NIV-98E6AFADE4065597 | BASKET | DOUBLE | CHANNEL | GOLD | KT_18 | 1ct | imgs:3
[23:29:07][PRINCESS] [2205] ? NIV-98E6AFADE4065597 | BASKET | DOUBLE | CHANNEL | GOLD | KT_18 | 1ct | imgs:3
[23:29:10][PRINCESS] [2206] ? NIV-4B24D8227F96D50F | BASKET | DOUBLE | CHANNEL | GOLD | KT_18 | 1ct | imgs:3
[23:29:14][PRINCESS] [2207] ? NIV-4B24D8227F96D50F | BASKET | DOUBLE | CHANNEL | GOLD | KT_18 | 1ct | imgs:3
[23:29:19][PRINCESS] [2208] ? NIV-4B24D8227F96D50F | BASKET | DOUBLE | CHANNEL | GOLD | KT_18 | 1ct | imgs:3
[23:29:22][PRINCESS] [2209] ? NIV-0A49EAADDD833EA5 | BASKET | DOUBLE | CHANNEL | GOLD | KT_18 | 1ct | imgs:3
[23:29:25][PRINCESS] [2210] ? NIV-0A49EAADDD833EA5 | BASKET | DOUBLE | CHANNEL | GOLD | KT_18 | 1ct | imgs:3
[23:29:31][PRINCESS] [2211] ? NIV-0A49EAADDD833EA5 | BASKET | DOUBLE | CHANNEL | GOLD | KT_18 | 1ct | imgs:3
[23:29:34][PRINCESS] [2212] ? NIV-B12D0070240FAB7E | BASKET | DOUBLE | CHANNEL | PLATINUM | PT_950 | 1ct | imgs:3
[23:29:38][PRINCESS] [2213] ? NIV-3BD53BC352310864 | BASKET | DOUBLE | CHANNEL | GOLD | KT_10 | 1ct | imgs:3
[23:29:43][PRINCESS] [2214] ? NIV-3BD53BC352310864 | BASKET | DOUBLE | CHANNEL | GOLD | KT_10 | 1ct | imgs:3
[23:29:46][PRINCESS] [2215] ? NIV-3BD53BC352310864 | BASKET | DOUBLE | CHANNEL | GOLD | KT_10 | 1ct | imgs:3
[23:29:49][PRINCESS] [2216] ? NIV-DEED73A06A8A5FFC | BASKET | DOUBLE | CHANNEL | GOLD | KT_10 | 1ct | imgs:3
[23:29:55][PRINCESS] [2217] ? NIV-DEED73A06A8A5FFC | BASKET | DOUBLE | CHANNEL | GOLD | KT_10 | 1ct | imgs:3
[23:29:58][PRINCESS] [2218] ? NIV-DEED73A06A8A5FFC | BASKET | DOUBLE | CHANNEL | GOLD | KT_10 | 1ct | imgs:3
[23:30:01][PRINCESS] [2219] ? NIV-2DCB4C6431189A1E | BASKET | DOUBLE | CHANNEL | GOLD | KT_10 | 1ct | imgs:3
[23:30:04][PRINCESS] [2220] ? NIV-2DCB4C6431189A1E | BASKET | DOUBLE | CHANNEL | GOLD | KT_10 | 1ct | imgs:3
[23:30:08][PRINCESS] [2221] ? NIV-2DCB4C6431189A1E | BASKET | DOUBLE | CHANNEL | GOLD | KT_10 | 1ct | imgs:3
[23:30:13][PRINCESS] [2222] ? NIV-5836A81E4D177B42 | BASKET | DOUBLE | CHANNEL | GOLD | KT_14 | 1ct | imgs:3
[23:30:17][PRINCESS] [2223] ? NIV-5836A81E4D177B42 | BASKET | DOUBLE | CHANNEL | GOLD | KT_14 | 1ct | imgs:3
[23:30:22][PRINCESS] [2224] ? NIV-5836A81E4D177B42 | BASKET | DOUBLE | CHANNEL | GOLD | KT_14 | 1ct | imgs:3
[23:30:25][PRINCESS] [2225] ? NIV-EA7F9624845F79F4 | BASKET | DOUBLE | CHANNEL | GOLD | KT_14 | 1ct | imgs:3
[23:30:29][PRINCESS] [2226] ? NIV-EA7F9624845F79F4 | BASKET | DOUBLE | CHANNEL | GOLD | KT_14 | 1ct | imgs:3
[23:30:34][PRINCESS] [2227] ? NIV-EA7F9624845F79F4 | BASKET | DOUBLE | CHANNEL | GOLD | KT_14 | 1ct | imgs:3
[23:30:37][PRINCESS] [2228] ? NIV-7EDC1C07D4FE26C6 | BASKET | DOUBLE | CHANNEL | GOLD | KT_14 | 1ct | imgs:3
[23:30:40][PRINCESS] [2229] ? NIV-7EDC1C07D4FE26C6 | BASKET | DOUBLE | CHANNEL | GOLD | KT_14 | 1ct | imgs:3
[23:30:43][PRINCESS] [2230] ? NIV-7EDC1C07D4FE26C6 | BASKET | DOUBLE | CHANNEL | GOLD | KT_14 | 1ct | imgs:3
[23:30:49][PRINCESS] [2231] ? NIV-3DF8EAC380424819 | BASKET | DOUBLE | CHANNEL | GOLD | KT_18 | 1ct | imgs:3
[23:30:52][PRINCESS] [2232] ? NIV-3DF8EAC380424819 | BASKET | DOUBLE | CHANNEL | GOLD | KT_18 | 1ct | imgs:3
[23:30:58][PRINCESS] [2233] ? NIV-3DF8EAC380424819 | BASKET | DOUBLE | CHANNEL | GOLD | KT_18 | 1ct | imgs:3
[23:31:01][PRINCESS] [2234] ? NIV-51BE42A24520AED9 | BASKET | DOUBLE | CHANNEL | GOLD | KT_18 | 1ct | imgs:3
[23:31:04][PRINCESS] [2235] ? NIV-51BE42A24520AED9 | BASKET | DOUBLE | CHANNEL | GOLD | KT_18 | 1ct | imgs:3
[23:31:10][PRINCESS] [2236] ? NIV-51BE42A24520AED9 | BASKET | DOUBLE | CHANNEL | GOLD | KT_18 | 1ct | imgs:3
[23:31:13][PRINCESS] [2237] ? NIV-3BF47CF675FFEDD3 | BASKET | DOUBLE | CHANNEL | GOLD | KT_18 | 1ct | imgs:3
[23:31:16][PRINCESS] [2238] ? NIV-3BF47CF675FFEDD3 | BASKET | DOUBLE | CHANNEL | GOLD | KT_18 | 1ct | imgs:3
[23:31:20][PRINCESS] [2239] ? NIV-3BF47CF675FFEDD3 | BASKET | DOUBLE | CHANNEL | GOLD | KT_18 | 1ct | imgs:3
[23:31:22][PRINCESS] [2240] ? NIV-ACBFD7B662FF63A6 | BASKET | DOUBLE | CHANNEL | PLATINUM | PT_950 | 1ct | imgs:3
[23:31:28][PRINCESS] [2241] ? NIV-16DC8E856597545C | BASKET | DOUBLE | CHANNEL | GOLD | KT_10 | 1ct | imgs:3
[23:31:31][PRINCESS] [2242] ? NIV-16DC8E856597545C | BASKET | DOUBLE | CHANNEL | GOLD | KT_10 | 1ct | imgs:3
[23:31:37][PRINCESS] [2243] ? NIV-16DC8E856597545C | BASKET | DOUBLE | CHANNEL | GOLD | KT_10 | 1ct | imgs:3
[23:31:40][PRINCESS] [2244] ? NIV-2E3855B7C8D1D60B | BASKET | DOUBLE | CHANNEL | GOLD | KT_10 | 1ct | imgs:3
[23:31:44][PRINCESS] [2245] ? NIV-2E3855B7C8D1D60B | BASKET | DOUBLE | CHANNEL | GOLD | KT_10 | 1ct | imgs:3
[23:31:49][PRINCESS] [2246] ? NIV-2E3855B7C8D1D60B | BASKET | DOUBLE | CHANNEL | GOLD | KT_10 | 1ct | imgs:3
[23:31:52][PRINCESS] [2247] ? NIV-DFD6FA02AF93DC66 | BASKET | DOUBLE | CHANNEL | GOLD | KT_10 | 1ct | imgs:3
[23:31:55][PRINCESS] [2248] ? NIV-DFD6FA02AF93DC66 | BASKET | DOUBLE | CHANNEL | GOLD | KT_10 | 1ct | imgs:3
[23:32:01][PRINCESS] [2249] ? NIV-DFD6FA02AF93DC66 | BASKET | DOUBLE | CHANNEL | GOLD | KT_10 | 1ct | imgs:3
[23:32:04][PRINCESS] [2250] ? NIV-EBD79D40C3909F3B | BASKET | DOUBLE | CHANNEL | GOLD | KT_14 | 1ct | imgs:3
[23:32:08][PRINCESS] [2251] ? NIV-EBD79D40C3909F3B | BASKET | DOUBLE | CHANNEL | GOLD | KT_14 | 1ct | imgs:3
[23:32:13][PRINCESS] [2252] ? NIV-EBD79D40C3909F3B | BASKET | DOUBLE | CHANNEL | GOLD | KT_14 | 1ct | imgs:3
[23:32:16][PRINCESS] [2253] ? NIV-FB82834DDC561EA5 | BASKET | DOUBLE | CHANNEL | GOLD | KT_14 | 1ct | imgs:3
[23:32:19][PRINCESS] [2254] ? NIV-FB82834DDC561EA5 | BASKET | DOUBLE | CHANNEL | GOLD | KT_14 | 1ct | imgs:3
[23:32:22][PRINCESS] [2255] ? NIV-FB82834DDC561EA5 | BASKET | DOUBLE | CHANNEL | GOLD | KT_14 | 1ct | imgs:3
[23:32:25][PRINCESS] [2256] ? NIV-1D3E0176596084DE | BASKET | DOUBLE | CHANNEL | GOLD | KT_14 | 1ct | imgs:3
[23:32:28][PRINCESS] [2257] ? NIV-1D3E0176596084DE | BASKET | DOUBLE | CHANNEL | GOLD | KT_14 | 1ct | imgs:3
[23:32:34][PRINCESS] [2258] ? NIV-1D3E0176596084DE | BASKET | DOUBLE | CHANNEL | GOLD | KT_14 | 1ct | imgs:3
[23:32:37][PRINCESS] [2259] ? NIV-FD74592339C7C2E5 | BASKET | DOUBLE | CHANNEL | GOLD | KT_18 | 1ct | imgs:3
[23:32:40][PRINCESS] [2260] ? NIV-FD74592339C7C2E5 | BASKET | DOUBLE | CHANNEL | GOLD | KT_18 | 1ct | imgs:3
[23:32:46][PRINCESS] [2261] ? NIV-FD74592339C7C2E5 | BASKET | DOUBLE | CHANNEL | GOLD | KT_18 | 1ct | imgs:3
[23:32:49][PRINCESS] [2262] ? NIV-550FCF199FE6A0B5 | BASKET | DOUBLE | CHANNEL | GOLD | KT_18 | 1ct | imgs:3
[23:32:53][PRINCESS] [2263] ? NIV-550FCF199FE6A0B5 | BASKET | DOUBLE | CHANNEL | GOLD | KT_18 | 1ct | imgs:3
[23:32:58][PRINCESS] [2264] ? NIV-550FCF199FE6A0B5 | BASKET | DOUBLE | CHANNEL | GOLD | KT_18 | 1ct | imgs:3
[23:33:01][PRINCESS] [2265] ? NIV-6E583FC05A58F6F6 | BASKET | DOUBLE | CHANNEL | GOLD | KT_18 | 1ct | imgs:3
[23:33:04][PRINCESS] [2266] ? NIV-6E583FC05A58F6F6 | BASKET | DOUBLE | CHANNEL | GOLD | KT_18 | 1ct | imgs:3
[23:33:10][PRINCESS] [2267] ? NIV-6E583FC05A58F6F6 | BASKET | DOUBLE | CHANNEL | GOLD | KT_18 | 1ct | imgs:3
[23:33:13][PRINCESS] [2268] ? NIV-AE0B9E78E8153755 | BASKET | DOUBLE | CHANNEL | PLATINUM | PT_950 | 1ct | imgs:3
[23:33:19][PRINCESS] [2269] ? NIV-3118CE41D663B288 | BASKET | DOUBLE | CHANNEL | GOLD | KT_10 | 1ct | imgs:3
[23:33:22][PRINCESS] [2270] ? NIV-3118CE41D663B288 | BASKET | DOUBLE | CHANNEL | GOLD | KT_10 | 1ct | imgs:3
[23:33:28][PRINCESS] [2271] ? NIV-3118CE41D663B288 | BASKET | DOUBLE | CHANNEL | GOLD | KT_10 | 1ct | imgs:3
[23:33:31][PRINCESS] [2272] ? NIV-A9B1A093EF992A29 | BASKET | DOUBLE | CHANNEL | GOLD | KT_10 | 1ct | imgs:3
[23:33:34][PRINCESS] [2273] ? NIV-A9B1A093EF992A29 | BASKET | DOUBLE | CHANNEL | GOLD | KT_10 | 1ct | imgs:3
[23:33:38][PRINCESS] [2274] ? NIV-A9B1A093EF992A29 | BASKET | DOUBLE | CHANNEL | GOLD | KT_10 | 1ct | imgs:3
[23:33:40][PRINCESS] [2275] ? NIV-BC60DADBE86FF36A | BASKET | DOUBLE | CHANNEL | GOLD | KT_10 | 1ct | imgs:3
[23:33:44][PRINCESS] [2276] ? NIV-BC60DADBE86FF36A | BASKET | DOUBLE | CHANNEL | GOLD | KT_10 | 1ct | imgs:3
[23:33:49][PRINCESS] [2277] ? NIV-BC60DADBE86FF36A | BASKET | DOUBLE | CHANNEL | GOLD | KT_10 | 1ct | imgs:3
[23:33:53][PRINCESS] [2278] ? NIV-57BF6BF023A65BAB | BASKET | DOUBLE | CHANNEL | GOLD | KT_14 | 1ct | imgs:3
[23:33:58][PRINCESS] [2279] ? NIV-57BF6BF023A65BAB | BASKET | DOUBLE | CHANNEL | GOLD | KT_14 | 1ct | imgs:3
[23:34:01][PRINCESS] [2280] ? NIV-57BF6BF023A65BAB | BASKET | DOUBLE | CHANNEL | GOLD | KT_14 | 1ct | imgs:3
[23:34:04][PRINCESS] [2281] ? NIV-892B572D3B098C9C | BASKET | DOUBLE | CHANNEL | GOLD | KT_14 | 1ct | imgs:3
[23:34:07][PRINCESS] [2282] ? NIV-892B572D3B098C9C | BASKET | DOUBLE | CHANNEL | GOLD | KT_14 | 1ct | imgs:3
[23:34:13][PRINCESS] [2283] ? NIV-892B572D3B098C9C | BASKET | DOUBLE | CHANNEL | GOLD | KT_14 | 1ct | imgs:3
[23:34:16][PRINCESS] [2284] ? NIV-BE55670354FD7A95 | BASKET | DOUBLE | CHANNEL | GOLD | KT_14 | 1ct | imgs:3
[23:34:19][PRINCESS] [2285] ? NIV-BE55670354FD7A95 | BASKET | DOUBLE | CHANNEL | GOLD | KT_14 | 1ct | imgs:3
[23:34:22][PRINCESS] [2286] ? NIV-BE55670354FD7A95 | BASKET | DOUBLE | CHANNEL | GOLD | KT_14 | 1ct | imgs:3
[23:34:25][PRINCESS] [2287] ? NIV-232424F7C6C23D02 | BASKET | DOUBLE | CHANNEL | GOLD | KT_18 | 1ct | imgs:3
[23:34:29][PRINCESS] [2288] ? NIV-232424F7C6C23D02 | BASKET | DOUBLE | CHANNEL | GOLD | KT_18 | 1ct | imgs:3
[23:34:34][PRINCESS] [2289] ? NIV-232424F7C6C23D02 | BASKET | DOUBLE | CHANNEL | GOLD | KT_18 | 1ct | imgs:3
[23:34:37][PRINCESS] [2290] ? NIV-684629A5362CAF63 | BASKET | DOUBLE | CHANNEL | GOLD | KT_18 | 1ct | imgs:3
[23:34:40][PRINCESS] [2291] ? NIV-684629A5362CAF63 | BASKET | DOUBLE | CHANNEL | GOLD | KT_18 | 1ct | imgs:3
[23:34:44][PRINCESS] [2292] ? NIV-684629A5362CAF63 | BASKET | DOUBLE | CHANNEL | GOLD | KT_18 | 1ct | imgs:3
[23:34:46][PRINCESS] [2293] ? NIV-E5C0DE1D6209B3C3 | BASKET | DOUBLE | CHANNEL | GOLD | KT_18 | 1ct | imgs:3
[23:34:50][PRINCESS] [2294] ? NIV-E5C0DE1D6209B3C3 | BASKET | DOUBLE | CHANNEL | GOLD | KT_18 | 1ct | imgs:3
[23:34:55][PRINCESS] [2295] ? NIV-E5C0DE1D6209B3C3 | BASKET | DOUBLE | CHANNEL | GOLD | KT_18 | 1ct | imgs:3
[23:34:58][PRINCESS] [2296] ? NIV-2BC565B4B22FC3DF | BASKET | DOUBLE | CHANNEL | PLATINUM | PT_950 | 1ct | imgs:3
[23:35:04][PRINCESS] [2297] ? NIV-091C7B5459DA4ED2 | BASKET | DOUBLE | CHANNEL | GOLD | KT_10 | 1ct | imgs:3
[23:35:10][PRINCESS] [2298] ? NIV-091C7B5459DA4ED2 | BASKET | DOUBLE | CHANNEL | GOLD | KT_10 | 1ct | imgs:3
[23:35:14][PRINCESS] [2299] ? NIV-091C7B5459DA4ED2 | BASKET | DOUBLE | CHANNEL | GOLD | KT_10 | 1ct | imgs:3
[23:35:16][PRINCESS] [2300] ? NIV-75179D0DF0803640 | BASKET | DOUBLE | CHANNEL | GOLD | KT_10 | 1ct | imgs:3
[23:35:20][PRINCESS] [2301] ? NIV-75179D0DF0803640 | BASKET | DOUBLE | CHANNEL | GOLD | KT_10 | 1ct | imgs:3
[23:35:25][PRINCESS] [2302] ? NIV-75179D0DF0803640 | BASKET | DOUBLE | CHANNEL | GOLD | KT_10 | 1ct | imgs:3
[23:35:28][PRINCESS] [2303] ? NIV-5B77841741A45541 | BASKET | DOUBLE | CHANNEL | GOLD | KT_10 | 1ct | imgs:3
[23:35:32][PRINCESS] [2304] ? NIV-5B77841741A45541 | BASKET | DOUBLE | CHANNEL | GOLD | KT_10 | 1ct | imgs:3
[23:35:37][PRINCESS] [2305] ? NIV-5B77841741A45541 | BASKET | DOUBLE | CHANNEL | GOLD | KT_10 | 1ct | imgs:3
[23:35:40][PRINCESS] [2306] ? NIV-F33C9DA415F15315 | BASKET | DOUBLE | CHANNEL | GOLD | KT_14 | 1ct | imgs:3
[23:35:44][PRINCESS] [2307] ? NIV-F33C9DA415F15315 | BASKET | DOUBLE | CHANNEL | GOLD | KT_14 | 1ct | imgs:3
[23:35:49][PRINCESS] [2308] ? NIV-F33C9DA415F15315 | BASKET | DOUBLE | CHANNEL | GOLD | KT_14 | 1ct | imgs:3
[23:35:52][PRINCESS] [2309] ? NIV-B5D6D79DA8D978AA | BASKET | DOUBLE | CHANNEL | GOLD | KT_14 | 1ct | imgs:3
[23:35:55][PRINCESS] [2310] ? NIV-B5D6D79DA8D978AA | BASKET | DOUBLE | CHANNEL | GOLD | KT_14 | 1ct | imgs:3
[23:36:01][PRINCESS] [2311] ? NIV-B5D6D79DA8D978AA | BASKET | DOUBLE | CHANNEL | GOLD | KT_14 | 1ct | imgs:3
[23:36:04][PRINCESS] [2312] ? NIV-046A78A1B6E4ED2C | BASKET | DOUBLE | CHANNEL | GOLD | KT_14 | 1ct | imgs:3
[23:36:07][PRINCESS] [2313] ? NIV-046A78A1B6E4ED2C | BASKET | DOUBLE | CHANNEL | GOLD | KT_14 | 1ct | imgs:3
[23:36:13][PRINCESS] [2314] ? NIV-046A78A1B6E4ED2C | BASKET | DOUBLE | CHANNEL | GOLD | KT_14 | 1ct | imgs:3
[23:36:16][PRINCESS] [2315] ? NIV-0B7EFFEA6742E7F6 | BASKET | DOUBLE | CHANNEL | GOLD | KT_18 | 1ct | imgs:3
[23:36:19][PRINCESS] [2316] ? NIV-0B7EFFEA6742E7F6 | BASKET | DOUBLE | CHANNEL | GOLD | KT_18 | 1ct | imgs:3
[23:36:23][PRINCESS] [2317] ? NIV-0B7EFFEA6742E7F6 | BASKET | DOUBLE | CHANNEL | GOLD | KT_18 | 1ct | imgs:3
[23:36:25][PRINCESS] [2318] ? NIV-15445FE54918D78B | BASKET | DOUBLE | CHANNEL | GOLD | KT_18 | 1ct | imgs:3
[23:36:28][PRINCESS] [2319] ? NIV-15445FE54918D78B | BASKET | DOUBLE | CHANNEL | GOLD | KT_18 | 1ct | imgs:3
[23:36:34][PRINCESS] [2320] ? NIV-15445FE54918D78B | BASKET | DOUBLE | CHANNEL | GOLD | KT_18 | 1ct | imgs:3
[23:36:37][PRINCESS] [2321] ? NIV-D3C1BE81FDE5905D | BASKET | DOUBLE | CHANNEL | GOLD | KT_18 | 1ct | imgs:3
[23:36:40][PRINCESS] [2322] ? NIV-D3C1BE81FDE5905D | BASKET | DOUBLE | CHANNEL | GOLD | KT_18 | 1ct | imgs:3
[23:36:46][PRINCESS] [2323] ? NIV-D3C1BE81FDE5905D | BASKET | DOUBLE | CHANNEL | GOLD | KT_18 | 1ct | imgs:3
[23:36:49][PRINCESS] [2324] ? NIV-948928D6C55B1FE6 | BASKET | DOUBLE | CHANNEL | PLATINUM | PT_950 | 1ct | imgs:3
[23:36:55][PRINCESS] [2325] ? NIV-B834B9D31037D7AD | BASKET | DOUBLE | CHANNEL | GOLD | KT_10 | 1ct | imgs:3
[23:36:59][PRINCESS] [2326] ? NIV-B834B9D31037D7AD | BASKET | DOUBLE | CHANNEL | GOLD | KT_10 | 1ct | imgs:3
[23:37:04][PRINCESS] [2327] ? NIV-B834B9D31037D7AD | BASKET | DOUBLE | CHANNEL | GOLD | KT_10 | 1ct | imgs:3
[23:37:08][PRINCESS] [2328] ? NIV-77E9B4CD694E64CB | BASKET | DOUBLE | CHANNEL | GOLD | KT_10 | 1ct | imgs:1
[23:37:13][PRINCESS] [2329] ? NIV-77E9B4CD694E64CB | BASKET | DOUBLE | CHANNEL | GOLD | KT_10 | 1ct | imgs:3
[23:37:16][PRINCESS] [2330] ? NIV-77E9B4CD694E64CB | BASKET | DOUBLE | CHANNEL | GOLD | KT_10 | 1ct | imgs:3
[23:37:19][PRINCESS] [2331] ? NIV-BA26A0D5D98B5492 | BASKET | DOUBLE | CHANNEL | GOLD | KT_10 | 1ct | imgs:3
[23:37:23][PRINCESS] [2332] ? NIV-BA26A0D5D98B5492 | BASKET | DOUBLE | CHANNEL | GOLD | KT_10 | 1ct | imgs:3
[23:37:28][PRINCESS] [2333] ? NIV-BA26A0D5D98B5492 | BASKET | DOUBLE | CHANNEL | GOLD | KT_10 | 1ct | imgs:3
[23:37:31][PRINCESS] [2334] ? NIV-3D5FE4537A890767 | BASKET | DOUBLE | CHANNEL | GOLD | KT_14 | 1ct | imgs:3
[23:37:35][PRINCESS] [2335] ? NIV-3D5FE4537A890767 | BASKET | DOUBLE | CHANNEL | GOLD | KT_14 | 1ct | imgs:3
[23:37:40][PRINCESS] [2336] ? NIV-3D5FE4537A890767 | BASKET | DOUBLE | CHANNEL | GOLD | KT_14 | 1ct | imgs:3
[23:37:43][PRINCESS] [2337] ? NIV-5D4AFE4037052A7F | BASKET | DOUBLE | CHANNEL | GOLD | KT_14 | 1ct | imgs:3
[23:37:47][PRINCESS] [2338] ? NIV-5D4AFE4037052A7F | BASKET | DOUBLE | CHANNEL | GOLD | KT_14 | 1ct | imgs:3
[23:37:52][PRINCESS] [2339] ? NIV-5D4AFE4037052A7F | BASKET | DOUBLE | CHANNEL | GOLD | KT_14 | 1ct | imgs:3
[23:37:55][PRINCESS] [2340] ? NIV-1AB4F06E82D10565 | BASKET | DOUBLE | CHANNEL | GOLD | KT_14 | 1ct | imgs:3
[23:37:58][PRINCESS] [2341] ? NIV-1AB4F06E82D10565 | BASKET | DOUBLE | CHANNEL | GOLD | KT_14 | 1ct | imgs:3
[23:38:02][PRINCESS] [2342] ? NIV-1AB4F06E82D10565 | BASKET | DOUBLE | CHANNEL | GOLD | KT_14 | 1ct | imgs:3
[23:38:04][PRINCESS] [2343] ? NIV-D72725FD15663B73 | BASKET | DOUBLE | CHANNEL | GOLD | KT_18 | 1ct | imgs:3
[23:38:10][PRINCESS] [2344] ? NIV-D72725FD15663B73 | BASKET | DOUBLE | CHANNEL | GOLD | KT_18 | 1ct | imgs:3
[23:38:13][PRINCESS] [2345] ? NIV-D72725FD15663B73 | BASKET | DOUBLE | CHANNEL | GOLD | KT_18 | 1ct | imgs:3
[23:38:16][PRINCESS] [2346] ? NIV-170E6F1AA4590A6E | BASKET | DOUBLE | CHANNEL | GOLD | KT_18 | 1ct | imgs:3
[23:38:19][PRINCESS] [2347] ? NIV-170E6F1AA4590A6E | BASKET | DOUBLE | CHANNEL | GOLD | KT_18 | 1ct | imgs:3
[23:38:23][PRINCESS] [2348] ? NIV-170E6F1AA4590A6E | BASKET | DOUBLE | CHANNEL | GOLD | KT_18 | 1ct | imgs:3
[23:38:25][PRINCESS] [2349] ? NIV-43A5B44367AEED85 | BASKET | DOUBLE | CHANNEL | GOLD | KT_18 | 1ct | imgs:3
[23:38:28][PRINCESS] [2350] ? NIV-43A5B44367AEED85 | BASKET | DOUBLE | CHANNEL | GOLD | KT_18 | 1ct | imgs:3
[23:38:34][PRINCESS] [2351] ? NIV-43A5B44367AEED85 | BASKET | DOUBLE | CHANNEL | GOLD | KT_18 | 1ct | imgs:3
[23:38:37][PRINCESS] [2352] ? NIV-FBB1A9D006700329 | BASKET | DOUBLE | CHANNEL | PLATINUM | PT_950 | 1ct | imgs:3
[23:38:44][PRINCESS] [2353] ? NIV-D180FA9BAF23AF08 | BASKET | DOUBLE | CHANNEL | GOLD | KT_10 | 1ct | imgs:3
[23:38:49][PRINCESS] [2354] ? NIV-D180FA9BAF23AF08 | BASKET | DOUBLE | CHANNEL | GOLD | KT_10 | 1ct | imgs:3
[23:38:52][PRINCESS] [2355] ? NIV-D180FA9BAF23AF08 | BASKET | DOUBLE | CHANNEL | GOLD | KT_10 | 1ct | imgs:3
[23:38:55][PRINCESS] [2356] ? NIV-27445C9B8F5E0A18 | BASKET | DOUBLE | CHANNEL | GOLD | KT_10 | 1ct | imgs:3
[23:38:58][PRINCESS] [2357] ? NIV-27445C9B8F5E0A18 | BASKET | DOUBLE | CHANNEL | GOLD | KT_10 | 1ct | imgs:3
[23:39:02][PRINCESS] [2358] ? NIV-27445C9B8F5E0A18 | BASKET | DOUBLE | CHANNEL | GOLD | KT_10 | 1ct | imgs:3
[23:39:04][PRINCESS] [2359] ? NIV-A45DD71EA42B32C8 | BASKET | DOUBLE | CHANNEL | GOLD | KT_10 | 1ct | imgs:3
[23:39:07][PRINCESS]   Re-seleccionando PRINCESS (intento 1)
[23:39:07][PRINCESS]   Boton no encontrado ? recargando configurador...
[23:39:21][PRINCESS]   Re-seleccionando PRINCESS (intento 2)
[23:39:24][PRINCESS] [2360] ? NIV-58D80612BA34FED5 | BASKET | DOUBLE | CHANNEL | GOLD | KT_10 | 1ct | imgs:3
[23:39:27][PRINCESS] [2361] ? NIV-A9FEEAD73232E242 | BASKET | DOUBLE | CHANNEL | GOLD | KT_10 | 1ct | imgs:3
[23:39:30][PRINCESS] [2362] ? NIV-F34AF5BDF644C07A | BASKET | DOUBLE | CHANNEL | GOLD | KT_14 | 1ct | imgs:3
[23:39:33][PRINCESS] [2363] ? NIV-698B3CA179D651B0 | BASKET | DOUBLE | CHANNEL | GOLD | KT_14 | 1ct | imgs:3
[23:39:36][PRINCESS] [2364] ? NIV-1A11F2CBEEC5597B | BASKET | DOUBLE | CHANNEL | GOLD | KT_14 | 1ct | imgs:3
[23:39:39][PRINCESS] [2365] ? NIV-C060E2A24DD111E7 | BASKET | DOUBLE | CHANNEL | GOLD | KT_14 | 1ct | imgs:3
[23:39:42][PRINCESS] [2366] ? NIV-7838A50580DF5510 | BASKET | DOUBLE | CHANNEL | GOLD | KT_14 | 1ct | imgs:3
[23:39:45][PRINCESS] [2367] ? NIV-B270915ED2F750C3 | BASKET | DOUBLE | CHANNEL | GOLD | KT_14 | 1ct | imgs:3
[23:39:48][PRINCESS] [2368] ? NIV-7DEF84DFB6193FD7 | BASKET | DOUBLE | CHANNEL | GOLD | KT_14 | 1ct | imgs:3
[23:39:51][PRINCESS] [2369] ? NIV-D451A09F79C06A79 | BASKET | DOUBLE | CHANNEL | GOLD | KT_14 | 1ct | imgs:3
[23:39:54][PRINCESS] [2370] ? NIV-2E975135009E6CFF | BASKET | DOUBLE | CHANNEL | GOLD | KT_14 | 1ct | imgs:3
[23:40:00][PRINCESS] [2371] ? NIV-AF3BD9263C718FD4 | BASKET | DOUBLE | CHANNEL | GOLD | KT_18 | 1ct | imgs:3
[23:40:03][PRINCESS] [2372] ? NIV-98BF0980C9DD6B7C | BASKET | DOUBLE | CHANNEL | GOLD | KT_18 | 1ct | imgs:3
[23:40:06][PRINCESS] [2373] ? NIV-9B20FC0388DE71FC | BASKET | DOUBLE | CHANNEL | GOLD | KT_18 | 1ct | imgs:3
[23:40:09][PRINCESS] [2374] ? NIV-234DDF6A4230EB27 | BASKET | DOUBLE | CHANNEL | GOLD | KT_18 | 1ct | imgs:3
[23:40:12][PRINCESS] [2375] ? NIV-C195B2FECA12FF6D | BASKET | DOUBLE | CHANNEL | GOLD | KT_18 | 1ct | imgs:3
[23:40:15][PRINCESS] [2376] ? NIV-D523B9E5CDC530B2 | BASKET | DOUBLE | CHANNEL | GOLD | KT_18 | 1ct | imgs:3
[23:40:18][PRINCESS] [2377] ? NIV-8762805492320BC7 | BASKET | DOUBLE | CHANNEL | GOLD | KT_18 | 1ct | imgs:3
[23:40:21][PRINCESS] [2378] ? NIV-6BE6FEA286CDB358 | BASKET | DOUBLE | CHANNEL | GOLD | KT_18 | 1ct | imgs:3
[23:40:24][PRINCESS] [2379] ? NIV-668C33A2C18EE62A | BASKET | DOUBLE | CHANNEL | GOLD | KT_18 | 1ct | imgs:3
[23:40:27][PRINCESS] [2380] ? NIV-D04C0916386418DA | BASKET | DOUBLE | CHANNEL | PLATINUM | PT_950 | 1ct | imgs:3
[23:40:31][PRINCESS] [2381] ? NIV-3B5703AFD01F4CE6 | BASKET | DOUBLE | CHANNEL | GOLD | KT_10 | 1ct | imgs:3
[23:40:36][PRINCESS] [2382] ? NIV-3B5703AFD01F4CE6 | BASKET | DOUBLE | CHANNEL | GOLD | KT_10 | 1ct | imgs:3
[23:40:39][PRINCESS] [2383] ? NIV-3B5703AFD01F4CE6 | BASKET | DOUBLE | CHANNEL | GOLD | KT_10 | 1ct | imgs:3
[23:40:42][PRINCESS] [2384] ? NIV-49BE38DA37FE3E1A | BASKET | DOUBLE | CHANNEL | GOLD | KT_10 | 1ct | imgs:3
[23:40:45][PRINCESS] [2385] ? NIV-49BE38DA37FE3E1A | BASKET | DOUBLE | CHANNEL | GOLD | KT_10 | 1ct | imgs:3
[23:40:51][PRINCESS] [2386] ? NIV-49BE38DA37FE3E1A | BASKET | DOUBLE | CHANNEL | GOLD | KT_10 | 1ct | imgs:3
[23:40:54][PRINCESS] [2387] ? NIV-884E8B76B5A5204E | BASKET | DOUBLE | CHANNEL | GOLD | KT_10 | 1ct | imgs:3
[23:40:57][PRINCESS] [2388] ? NIV-884E8B76B5A5204E | BASKET | DOUBLE | CHANNEL | GOLD | KT_10 | 1ct | imgs:3
[23:41:01][PRINCESS] [2389] ? NIV-884E8B76B5A5204E | BASKET | DOUBLE | CHANNEL | GOLD | KT_10 | 1ct | imgs:3
[23:41:06][PRINCESS] [2390] ? NIV-2813B1F9A82E3673 | BASKET | DOUBLE | CHANNEL | GOLD | KT_14 | 1ct | imgs:3
[23:41:10][PRINCESS] [2391] ? NIV-2813B1F9A82E3673 | BASKET | DOUBLE | CHANNEL | GOLD | KT_14 | 1ct | imgs:3
[23:41:15][PRINCESS] [2392] ? NIV-2813B1F9A82E3673 | BASKET | DOUBLE | CHANNEL | GOLD | KT_14 | 1ct | imgs:3
[23:41:18][PRINCESS] [2393] ? NIV-7568A7CC0BE4FB9E | BASKET | DOUBLE | CHANNEL | GOLD | KT_14 | 1ct | imgs:3
[23:41:22][PRINCESS] [2394] ? NIV-7568A7CC0BE4FB9E | BASKET | DOUBLE | CHANNEL | GOLD | KT_14 | 1ct | imgs:3
[23:41:27][PRINCESS] [2395] ? NIV-7568A7CC0BE4FB9E | BASKET | DOUBLE | CHANNEL | GOLD | KT_14 | 1ct | imgs:3
[23:41:30][PRINCESS] [2396] ? NIV-97E58758885A7FAA | BASKET | DOUBLE | CHANNEL | GOLD | KT_14 | 1ct | imgs:3
[23:41:34][PRINCESS] [2397] ? NIV-97E58758885A7FAA | BASKET | DOUBLE | CHANNEL | GOLD | KT_14 | 1ct | imgs:3
[23:41:39][PRINCESS] [2398] ? NIV-97E58758885A7FAA | BASKET | DOUBLE | CHANNEL | GOLD | KT_14 | 1ct | imgs:3
[23:41:42][PRINCESS] [2399] ? NIV-EA9DDBFB090D5B80 | BASKET | DOUBLE | CHANNEL | GOLD | KT_18 | 1ct | imgs:3
[23:41:46][PRINCESS] [2400] ? NIV-EA9DDBFB090D5B80 | BASKET | DOUBLE | CHANNEL | GOLD | KT_18 | 1ct | imgs:3
[23:41:51][PRINCESS] [2401] ? NIV-EA9DDBFB090D5B80 | BASKET | DOUBLE | CHANNEL | GOLD | KT_18 | 1ct | imgs:3
[23:41:54][PRINCESS] [2402] ? NIV-996F143EBF14C6A5 | BASKET | DOUBLE | CHANNEL | GOLD | KT_18 | 1ct | imgs:3
[23:41:58][PRINCESS] [2403] ? NIV-996F143EBF14C6A5 | BASKET | DOUBLE | CHANNEL | GOLD | KT_18 | 1ct | imgs:3
[23:42:01][PRINCESS] [2404] ? NIV-996F143EBF14C6A5 | BASKET | DOUBLE | CHANNEL | GOLD | KT_18 | 1ct | imgs:3
[23:42:03][PRINCESS] [2405] ? NIV-832BCF5852C10980 | BASKET | DOUBLE | CHANNEL | GOLD | KT_18 | 1ct | imgs:3
[23:42:09][PRINCESS] [2406] ? NIV-832BCF5852C10980 | BASKET | DOUBLE | CHANNEL | GOLD | KT_18 | 1ct | imgs:3
[23:42:12][PRINCESS] [2407] ? NIV-832BCF5852C10980 | BASKET | DOUBLE | CHANNEL | GOLD | KT_18 | 1ct | imgs:3
[23:42:15][PRINCESS] [2408] ? NIV-EC69098B07D1DDCB | BASKET | DOUBLE | CHANNEL | PLATINUM | PT_950 | 1ct | imgs:3
[23:42:21][PRINCESS] [2409] ? NIV-1C69D37EE704B015 | BASKET | DOUBLE | CHANNEL | GOLD | KT_10 | 1ct | imgs:3
[23:42:25][PRINCESS] [2410] ? NIV-1C69D37EE704B015 | BASKET | DOUBLE | CHANNEL | GOLD | KT_10 | 1ct | imgs:3
[23:42:30][PRINCESS] [2411] ? NIV-1C69D37EE704B015 | BASKET | DOUBLE | CHANNEL | GOLD | KT_10 | 1ct | imgs:3
[23:42:33][PRINCESS] [2412] ? NIV-811C46B847CA0732 | BASKET | DOUBLE | CHANNEL | GOLD | KT_10 | 1ct | imgs:3
[23:42:37][PRINCESS] [2413] ? NIV-811C46B847CA0732 | BASKET | DOUBLE | CHANNEL | GOLD | KT_10 | 1ct | imgs:3
[23:42:42][PRINCESS] [2414] ? NIV-811C46B847CA0732 | BASKET | DOUBLE | CHANNEL | GOLD | KT_10 | 1ct | imgs:3
[23:42:45][PRINCESS] [2415] ? NIV-FD765475741E9C80 | BASKET | DOUBLE | CHANNEL | GOLD | KT_10 | 1ct | imgs:3
[23:42:49][PRINCESS] [2416] ? NIV-FD765475741E9C80 | BASKET | DOUBLE | CHANNEL | GOLD | KT_10 | 1ct | imgs:3
[23:42:54][PRINCESS] [2417] ? NIV-FD765475741E9C80 | BASKET | DOUBLE | CHANNEL | GOLD | KT_10 | 1ct | imgs:3
[23:42:58][PRINCESS] [2418] ? NIV-9ACE46542A509E6C | BASKET | DOUBLE | CHANNEL | GOLD | KT_14 | 1ct | imgs:3
[23:43:03][PRINCESS] [2419] ? NIV-9ACE46542A509E6C | BASKET | DOUBLE | CHANNEL | GOLD | KT_14 | 1ct | imgs:3
[23:43:06][PRINCESS] [2420] ? NIV-9ACE46542A509E6C | BASKET | DOUBLE | CHANNEL | GOLD | KT_14 | 1ct | imgs:3
[23:43:09][PRINCESS] [2421] ? NIV-13C385FD9A943A54 | BASKET | DOUBLE | CHANNEL | GOLD | KT_14 | 1ct | imgs:3
[23:43:12][PRINCESS] [2422] ? NIV-13C385FD9A943A54 | BASKET | DOUBLE | CHANNEL | GOLD | KT_14 | 1ct | imgs:3
[23:43:16][PRINCESS] [2423] ? NIV-13C385FD9A943A54 | BASKET | DOUBLE | CHANNEL | GOLD | KT_14 | 1ct | imgs:3
[23:43:18][PRINCESS] [2424] ? NIV-0F1C1E19C9630D17 | BASKET | DOUBLE | CHANNEL | GOLD | KT_14 | 1ct | imgs:3
[23:43:22][PRINCESS] [2425] ? NIV-0F1C1E19C9630D17 | BASKET | DOUBLE | CHANNEL | GOLD | KT_14 | 1ct | imgs:3
[23:43:25][PRINCESS] [2426] ? NIV-0F1C1E19C9630D17 | BASKET | DOUBLE | CHANNEL | GOLD | KT_14 | 1ct | imgs:3
[23:43:30][PRINCESS] [2427] ? NIV-6F3A50B412470C4A | BASKET | DOUBLE | CHANNEL | GOLD | KT_18 | 1ct | imgs:3
[23:43:34][PRINCESS] [2428] ? NIV-6F3A50B412470C4A | BASKET | DOUBLE | CHANNEL | GOLD | KT_18 | 1ct | imgs:3
[23:43:39][PRINCESS] [2429] ? NIV-6F3A50B412470C4A | BASKET | DOUBLE | CHANNEL | GOLD | KT_18 | 1ct | imgs:3
[23:43:42][PRINCESS] [2430] ? NIV-E0A21C19DB07E593 | BASKET | DOUBLE | CHANNEL | GOLD | KT_18 | 1ct | imgs:3
[23:43:46][PRINCESS] [2431] ? NIV-E0A21C19DB07E593 | BASKET | DOUBLE | CHANNEL | GOLD | KT_18 | 1ct | imgs:3
[23:43:51][PRINCESS] [2432] ? NIV-E0A21C19DB07E593 | BASKET | DOUBLE | CHANNEL | GOLD | KT_18 | 1ct | imgs:3
[23:43:54][PRINCESS] [2433] ? NIV-9E85C6E430E88F79 | BASKET | DOUBLE | CHANNEL | GOLD | KT_18 | 1ct | imgs:3
[23:43:57][PRINCESS] [2434] ? NIV-9E85C6E430E88F79 | BASKET | DOUBLE | CHANNEL | GOLD | KT_18 | 1ct | imgs:3
[23:44:01][PRINCESS] [2435] ? NIV-9E85C6E430E88F79 | BASKET | DOUBLE | CHANNEL | GOLD | KT_18 | 1ct | imgs:3
[23:44:03][PRINCESS] [2436] ? NIV-1BCFC959A1DB2708 | BASKET | DOUBLE | CHANNEL | PLATINUM | PT_950 | 1ct | imgs:3
[23:44:09][PRINCESS] [2437] ? NIV-333626608862CF30 | BASKET | DOUBLE | PRONG | GOLD | KT_10 | 1ct | imgs:3
[23:44:13][PRINCESS] [2438] ? NIV-333626608862CF30 | BASKET | DOUBLE | PRONG | GOLD | KT_10 | 1ct | imgs:3
[23:44:18][PRINCESS] [2439] ? NIV-333626608862CF30 | BASKET | DOUBLE | PRONG | GOLD | KT_10 | 1ct | imgs:3
[23:44:21][PRINCESS] [2440] ? NIV-2936FA59868CE3F7 | BASKET | DOUBLE | PRONG | GOLD | KT_10 | 1ct | imgs:3
[23:44:24][PRINCESS] [2441] ? NIV-2936FA59868CE3F7 | BASKET | DOUBLE | PRONG | GOLD | KT_10 | 1ct | imgs:3
[23:44:28][PRINCESS] [2442] ? NIV-2936FA59868CE3F7 | BASKET | DOUBLE | PRONG | GOLD | KT_10 | 1ct | imgs:3
[23:44:30][PRINCESS] [2443] ? NIV-D931977330351F6B | BASKET | DOUBLE | PRONG | GOLD | KT_10 | 1ct | imgs:3
[23:44:33][PRINCESS] [2444] ? NIV-D931977330351F6B | BASKET | DOUBLE | PRONG | GOLD | KT_10 | 1ct | imgs:3
[23:44:37][PRINCESS] [2445] ? NIV-D931977330351F6B | BASKET | DOUBLE | PRONG | GOLD | KT_10 | 1ct | imgs:3
[23:44:40][PRINCESS] [2446] ? NIV-5FE236038072730A | BASKET | DOUBLE | PRONG | GOLD | KT_14 | 1ct | imgs:3
[23:44:45][PRINCESS] [2447] ? NIV-5FE236038072730A | BASKET | DOUBLE | PRONG | GOLD | KT_14 | 1ct | imgs:3
[23:44:48][PRINCESS] [2448] ? NIV-5FE236038072730A | BASKET | DOUBLE | PRONG | GOLD | KT_14 | 1ct | imgs:3
[23:44:51][PRINCESS] [2449] ? NIV-F497B101543DBAF1 | BASKET | DOUBLE | PRONG | GOLD | KT_14 | 1ct | imgs:3
[23:44:54][PRINCESS] [2450] ? NIV-F497B101543DBAF1 | BASKET | DOUBLE | PRONG | GOLD | KT_14 | 1ct | imgs:3
[23:44:57][PRINCESS] [2451] ? NIV-F497B101543DBAF1 | BASKET | DOUBLE | PRONG | GOLD | KT_14 | 1ct | imgs:3
[23:45:00][PRINCESS] [2452] ? NIV-E23527F51AE9888C | BASKET | DOUBLE | PRONG | GOLD | KT_14 | 1ct | imgs:3
[23:45:03][PRINCESS] [2453] ? NIV-E23527F51AE9888C | BASKET | DOUBLE | PRONG | GOLD | KT_14 | 1ct | imgs:3
[23:45:07][PRINCESS] [2454] ? NIV-E23527F51AE9888C | BASKET | DOUBLE | PRONG | GOLD | KT_14 | 1ct | imgs:3
[23:45:12][PRINCESS] [2455] ? NIV-6839C170BCEEB1FB | BASKET | DOUBLE | PRONG | GOLD | KT_18 | 1ct | imgs:3
[23:45:15][PRINCESS] [2456] ? NIV-6839C170BCEEB1FB | BASKET | DOUBLE | PRONG | GOLD | KT_18 | 1ct | imgs:3
[23:45:19][PRINCESS] [2457] ? NIV-6839C170BCEEB1FB | BASKET | DOUBLE | PRONG | GOLD | KT_18 | 1ct | imgs:3
[23:45:21][PRINCESS] [2458] ? NIV-DED7C0A0E4FFFF21 | BASKET | DOUBLE | PRONG | GOLD | KT_18 | 1ct | imgs:3
[23:45:24][PRINCESS] [2459] ? NIV-DED7C0A0E4FFFF21 | BASKET | DOUBLE | PRONG | GOLD | KT_18 | 1ct | imgs:3
[23:45:27][PRINCESS] [2460] ? NIV-DED7C0A0E4FFFF21 | BASKET | DOUBLE | PRONG | GOLD | KT_18 | 1ct | imgs:3
[23:45:30][PRINCESS] [2461] ? NIV-8A0D964B1EE324F7 | BASKET | DOUBLE | PRONG | GOLD | KT_18 | 1ct | imgs:3
[23:45:33][PRINCESS] [2462] ? NIV-8A0D964B1EE324F7 | BASKET | DOUBLE | PRONG | GOLD | KT_18 | 1ct | imgs:3
[23:45:37][PRINCESS] [2463] ? NIV-8A0D964B1EE324F7 | BASKET | DOUBLE | PRONG | GOLD | KT_18 | 1ct | imgs:3
[23:45:39][PRINCESS] [2464] ? NIV-91F81B54766BC24A | BASKET | DOUBLE | PRONG | PLATINUM | PT_950 | 1ct | imgs:3
[23:45:45][PRINCESS] [2465] ? NIV-55A0F466ACC9E1F8 | BASKET | DOUBLE | PRONG | GOLD | KT_10 | 1ct | imgs:3
[23:45:48][PRINCESS] [2466] ? NIV-55A0F466ACC9E1F8 | BASKET | DOUBLE | PRONG | GOLD | KT_10 | 1ct | imgs:3
[23:45:52][PRINCESS] [2467] ? NIV-55A0F466ACC9E1F8 | BASKET | DOUBLE | PRONG | GOLD | KT_10 | 1ct | imgs:3
[23:45:54][PRINCESS] [2468] ? NIV-8C3AF795927D9907 | BASKET | DOUBLE | PRONG | GOLD | KT_10 | 1ct | imgs:3
[23:45:58][PRINCESS] [2469] ? NIV-8C3AF795927D9907 | BASKET | DOUBLE | PRONG | GOLD | KT_10 | 1ct | imgs:3
[23:46:01][PRINCESS] [2470] ? NIV-8C3AF795927D9907 | BASKET | DOUBLE | PRONG | GOLD | KT_10 | 1ct | imgs:3
[23:46:03][PRINCESS] [2471] ? NIV-B442B8C3FBA2E047 | BASKET | DOUBLE | PRONG | GOLD | KT_10 | 1ct | imgs:3
[23:46:09][PRINCESS] [2472] ? NIV-B442B8C3FBA2E047 | BASKET | DOUBLE | PRONG | GOLD | KT_10 | 1ct | imgs:3
[23:46:12][PRINCESS] [2473] ? NIV-B442B8C3FBA2E047 | BASKET | DOUBLE | PRONG | GOLD | KT_10 | 1ct | imgs:3
[23:46:18][PRINCESS] [2474] ? NIV-B1B601B26257DB92 | BASKET | DOUBLE | PRONG | GOLD | KT_14 | 1ct | imgs:3
[23:46:22][PRINCESS] [2475] ? NIV-B1B601B26257DB92 | BASKET | DOUBLE | PRONG | GOLD | KT_14 | 1ct | imgs:3
[23:46:25][PRINCESS] [2476] ? NIV-B1B601B26257DB92 | BASKET | DOUBLE | PRONG | GOLD | KT_14 | 1ct | imgs:3
[23:46:27][PRINCESS] [2477] ? NIV-541964B9E627DFBB | BASKET | DOUBLE | PRONG | GOLD | KT_14 | 1ct | imgs:3
[23:46:31][PRINCESS] [2478] ? NIV-541964B9E627DFBB | BASKET | DOUBLE | PRONG | GOLD | KT_14 | 1ct | imgs:3
[23:46:36][PRINCESS] [2479] ? NIV-541964B9E627DFBB | BASKET | DOUBLE | PRONG | GOLD | KT_14 | 1ct | imgs:3
[23:46:39][PRINCESS] [2480] ? NIV-8E982E7596F99236 | BASKET | DOUBLE | PRONG | GOLD | KT_14 | 1ct | imgs:3
[23:46:43][PRINCESS] [2481] ? NIV-8E982E7596F99236 | BASKET | DOUBLE | PRONG | GOLD | KT_14 | 1ct | imgs:3
[23:46:48][PRINCESS] [2482] ? NIV-8E982E7596F99236 | BASKET | DOUBLE | PRONG | GOLD | KT_14 | 1ct | imgs:3
[23:46:51][PRINCESS] [2483] ? NIV-C962178599D985A9 | BASKET | DOUBLE | PRONG | GOLD | KT_18 | 1ct | imgs:3
[23:46:55][PRINCESS] [2484] ? NIV-C962178599D985A9 | BASKET | DOUBLE | PRONG | GOLD | KT_18 | 1ct | imgs:3
[23:47:00][PRINCESS] [2485] ? NIV-C962178599D985A9 | BASKET | DOUBLE | PRONG | GOLD | KT_18 | 1ct | imgs:3
[23:47:03][PRINCESS] [2486] ? NIV-3FD9B79EE74E8382 | BASKET | DOUBLE | PRONG | GOLD | KT_18 | 1ct | imgs:3
[23:47:09][PRINCESS] [2487] ? NIV-3FD9B79EE74E8382 | BASKET | DOUBLE | PRONG | GOLD | KT_18 | 1ct | imgs:3
[23:47:12][PRINCESS] [2488] ? NIV-3FD9B79EE74E8382 | BASKET | DOUBLE | PRONG | GOLD | KT_18 | 1ct | imgs:3
[23:47:15][PRINCESS] [2489] ? NIV-E6785FBFD822C0A7 | BASKET | DOUBLE | PRONG | GOLD | KT_18 | 1ct | imgs:3
[23:47:19][PRINCESS] [2490] ? NIV-E6785FBFD822C0A7 | BASKET | DOUBLE | PRONG | GOLD | KT_18 | 1ct | imgs:3
[23:47:24][PRINCESS] [2491] ? NIV-E6785FBFD822C0A7 | BASKET | DOUBLE | PRONG | GOLD | KT_18 | 1ct | imgs:3
[23:47:27][PRINCESS] [2492] ? NIV-14D99CA746354E78 | BASKET | DOUBLE | PRONG | PLATINUM | PT_950 | 1ct | imgs:3
[23:47:33][PRINCESS] [2493] ? NIV-889402FEEE131EDE | BASKET | DOUBLE | PRONG | GOLD | KT_10 | 1ct | imgs:3
[23:47:37][PRINCESS] [2494] ? NIV-889402FEEE131EDE | BASKET | DOUBLE | PRONG | GOLD | KT_10 | 1ct | imgs:3
[23:47:42][PRINCESS] [2495] ? NIV-889402FEEE131EDE | BASKET | DOUBLE | PRONG | GOLD | KT_10 | 1ct | imgs:3
[23:47:45][PRINCESS] [2496] ? NIV-1845E8D5B057D55A | BASKET | DOUBLE | PRONG | GOLD | KT_10 | 1ct | imgs:3
[23:47:49][PRINCESS] [2497] ? NIV-1845E8D5B057D55A | BASKET | DOUBLE | PRONG | GOLD | KT_10 | 1ct | imgs:3
[23:47:54][PRINCESS] [2498] ? NIV-1845E8D5B057D55A | BASKET | DOUBLE | PRONG | GOLD | KT_10 | 1ct | imgs:3
[23:47:57][PRINCESS] [2499] ? NIV-A2E19FB702A00B20 | BASKET | DOUBLE | PRONG | GOLD | KT_10 | 1ct | imgs:3
[23:48:00][PRINCESS] [2500] ? NIV-A2E19FB702A00B20 | BASKET | DOUBLE | PRONG | GOLD | KT_10 | 1ct | imgs:3
[23:48:04][PRINCESS] [2501] ? NIV-A2E19FB702A00B20 | BASKET | DOUBLE | PRONG | GOLD | KT_10 | 1ct | imgs:3
[23:48:07][PRINCESS] [2502] ? NIV-3272B8B674BE348C | BASKET | DOUBLE | PRONG | GOLD | KT_14 | 1ct | imgs:3
[23:48:12][PRINCESS] [2503] ? NIV-3272B8B674BE348C | BASKET | DOUBLE | PRONG | GOLD | KT_14 | 1ct | imgs:3
[23:48:15][PRINCESS] [2504] ? NIV-3272B8B674BE348C | BASKET | DOUBLE | PRONG | GOLD | KT_14 | 1ct | imgs:3
[23:48:18][PRINCESS] [2505] ? NIV-1D968F16E38DB087 | BASKET | DOUBLE | PRONG | GOLD | KT_14 | 1ct | imgs:3
[23:48:22][PRINCESS] [2506] ? NIV-1D968F16E38DB087 | BASKET | DOUBLE | PRONG | GOLD | KT_14 | 1ct | imgs:3
[23:48:27][PRINCESS] [2507] ? NIV-1D968F16E38DB087 | BASKET | DOUBLE | PRONG | GOLD | KT_14 | 1ct | imgs:3
[23:48:30][PRINCESS] [2508] ? NIV-4EE7B1F336F4C5C0 | BASKET | DOUBLE | PRONG | GOLD | KT_14 | 1ct | imgs:3
[23:48:34][PRINCESS] [2509] ? NIV-4EE7B1F336F4C5C0 | BASKET | DOUBLE | PRONG | GOLD | KT_14 | 1ct | imgs:3
[23:48:39][PRINCESS] [2510] ? NIV-4EE7B1F336F4C5C0 | BASKET | DOUBLE | PRONG | GOLD | KT_14 | 1ct | imgs:3
[23:48:45][PRINCESS] [2511] ? NIV-8FFFC4DEF6A0F915 | BASKET | DOUBLE | PRONG | GOLD | KT_18 | 1ct | imgs:3
[23:48:49][PRINCESS] [2512] ? NIV-8FFFC4DEF6A0F915 | BASKET | DOUBLE | PRONG | GOLD | KT_18 | 1ct | imgs:3
[23:48:54][PRINCESS] [2513] ? NIV-8FFFC4DEF6A0F915 | BASKET | DOUBLE | PRONG | GOLD | KT_18 | 1ct | imgs:3
[23:48:57][PRINCESS] [2514] ? NIV-819206DC76047A29 | BASKET | DOUBLE | PRONG | GOLD | KT_18 | 1ct | imgs:3
[23:49:01][PRINCESS] [2515] ? NIV-819206DC76047A29 | BASKET | DOUBLE | PRONG | GOLD | KT_18 | 1ct | imgs:3
[23:49:06][PRINCESS] [2516] ? NIV-819206DC76047A29 | BASKET | DOUBLE | PRONG | GOLD | KT_18 | 1ct | imgs:3
[23:49:09][PRINCESS] [2517] ? NIV-ADB34CD7966173C6 | BASKET | DOUBLE | PRONG | GOLD | KT_18 | 1ct | imgs:3
[23:49:12][PRINCESS] [2518] ? NIV-ADB34CD7966173C6 | BASKET | DOUBLE | PRONG | GOLD | KT_18 | 1ct | imgs:3
[23:49:16][PRINCESS] [2519] ? NIV-ADB34CD7966173C6 | BASKET | DOUBLE | PRONG | GOLD | KT_18 | 1ct | imgs:3
[23:49:18][PRINCESS] [2520] ? NIV-CFD120051D6956FB | BASKET | DOUBLE | PRONG | PLATINUM | PT_950 | 1ct | imgs:3
[23:49:24][PRINCESS] [2521] ? NIV-692BD324E2043967 | BASKET | DOUBLE | PRONG | GOLD | KT_10 | 1ct | imgs:3
[23:49:27][PRINCESS] [2522] ? NIV-692BD324E2043967 | BASKET | DOUBLE | PRONG | GOLD | KT_10 | 1ct | imgs:3
[23:49:33][PRINCESS] [2523] ? NIV-692BD324E2043967 | BASKET | DOUBLE | PRONG | GOLD | KT_10 | 1ct | imgs:3
[23:49:36][PRINCESS] [2524] ? NIV-B5296454E535297A | BASKET | DOUBLE | PRONG | GOLD | KT_10 | 1ct | imgs:3
[23:49:40][PRINCESS] [2525] ? NIV-B5296454E535297A | BASKET | DOUBLE | PRONG | GOLD | KT_10 | 1ct | imgs:3
[23:49:43][PRINCESS] [2526] ? NIV-B5296454E535297A | BASKET | DOUBLE | PRONG | GOLD | KT_10 | 1ct | imgs:3
[23:49:45][PRINCESS] [2527] ? NIV-131DF16716BA8BC6 | BASKET | DOUBLE | PRONG | GOLD | KT_10 | 1ct | imgs:3
[23:49:49][PRINCESS] [2528] ? NIV-131DF16716BA8BC6 | BASKET | DOUBLE | PRONG | GOLD | KT_10 | 1ct | imgs:3
[23:49:54][PRINCESS] [2529] ? NIV-131DF16716BA8BC6 | BASKET | DOUBLE | PRONG | GOLD | KT_10 | 1ct | imgs:3
[23:50:02][PRINCESS] [2530] ? NIV-DD0E57EE223BCC42 | BASKET | DOUBLE | PRONG | GOLD | KT_14 | 1ct | imgs:3
[23:50:06][PRINCESS] [2531] ? NIV-DD0E57EE223BCC42 | BASKET | DOUBLE | PRONG | GOLD | KT_14 | 1ct | imgs:3
[23:50:10][PRINCESS] [2532] ? NIV-DD0E57EE223BCC42 | BASKET | DOUBLE | PRONG | GOLD | KT_14 | 1ct | imgs:3
[23:50:12][PRINCESS] [2533] ? NIV-4E8E170B633B8E48 | BASKET | DOUBLE | PRONG | GOLD | KT_14 | 1ct | imgs:3
[23:50:16][PRINCESS] [2534] ? NIV-4E8E170B633B8E48 | BASKET | DOUBLE | PRONG | GOLD | KT_14 | 1ct | imgs:3
[23:50:21][PRINCESS] [2535] ? NIV-4E8E170B633B8E48 | BASKET | DOUBLE | PRONG | GOLD | KT_14 | 1ct | imgs:3
[23:50:24][PRINCESS] [2536] ? NIV-02084124812474EC | BASKET | DOUBLE | PRONG | GOLD | KT_14 | 1ct | imgs:3
[23:50:28][PRINCESS] [2537] ? NIV-02084124812474EC | BASKET | DOUBLE | PRONG | GOLD | KT_14 | 1ct | imgs:3
[23:50:33][PRINCESS] [2538] ? NIV-02084124812474EC | BASKET | DOUBLE | PRONG | GOLD | KT_14 | 1ct | imgs:3
[23:50:37][PRINCESS] [2539] ? NIV-18FAF7EB8B6BDF9C | BASKET | DOUBLE | PRONG | GOLD | KT_18 | 1ct | imgs:3
[23:50:42][PRINCESS] [2540] ? NIV-18FAF7EB8B6BDF9C | BASKET | DOUBLE | PRONG | GOLD | KT_18 | 1ct | imgs:3
[23:50:45][PRINCESS] [2541] ? NIV-18FAF7EB8B6BDF9C | BASKET | DOUBLE | PRONG | GOLD | KT_18 | 1ct | imgs:3
[23:50:48][PRINCESS] [2542] ? NIV-6ABFF29B75AA1922 | BASKET | DOUBLE | PRONG | GOLD | KT_18 | 1ct | imgs:3
[23:50:51][PRINCESS] [2543] ? NIV-6ABFF29B75AA1922 | BASKET | DOUBLE | PRONG | GOLD | KT_18 | 1ct | imgs:3
[23:50:55][PRINCESS] [2544] ? NIV-6ABFF29B75AA1922 | BASKET | DOUBLE | PRONG | GOLD | KT_18 | 1ct | imgs:3
[23:50:57][PRINCESS] [2545] ? NIV-76A4412ABD0E022F | BASKET | DOUBLE | PRONG | GOLD | KT_18 | 1ct | imgs:3
[23:51:01][PRINCESS] [2546] ? NIV-76A4412ABD0E022F | BASKET | DOUBLE | PRONG | GOLD | KT_18 | 1ct | imgs:3
[23:51:06][PRINCESS] [2547] ? NIV-76A4412ABD0E022F | BASKET | DOUBLE | PRONG | GOLD | KT_18 | 1ct | imgs:3
[23:51:09][PRINCESS] [2548] ? NIV-CF87AC31D483E5B5 | BASKET | DOUBLE | PRONG | PLATINUM | PT_950 | 1ct | imgs:3
[23:51:15][PRINCESS] [2549] ? NIV-F87251F992C2D3E6 | BASKET | DOUBLE | PRONG | GOLD | KT_10 | 1ct | imgs:3
[23:51:18][PRINCESS] [2550] ? NIV-F87251F992C2D3E6 | BASKET | DOUBLE | PRONG | GOLD | KT_10 | 1ct | imgs:3
[23:51:21][PRINCESS] [2551] ? NIV-F87251F992C2D3E6 | BASKET | DOUBLE | PRONG | GOLD | KT_10 | 1ct | imgs:3
[23:51:24][PRINCESS] [2552] ? NIV-A53D8DB54CC8A8DB | BASKET | DOUBLE | PRONG | GOLD | KT_10 | 1ct | imgs:3
[23:51:28][PRINCESS] [2553] ? NIV-A53D8DB54CC8A8DB | BASKET | DOUBLE | PRONG | GOLD | KT_10 | 1ct | imgs:3
[23:51:33][PRINCESS] [2554] ? NIV-A53D8DB54CC8A8DB | BASKET | DOUBLE | PRONG | GOLD | KT_10 | 1ct | imgs:3
[23:51:36][PRINCESS] [2555] ? NIV-F6D916E8443AF30F | BASKET | DOUBLE | PRONG | GOLD | KT_10 | 1ct | imgs:3
[23:51:40][PRINCESS] [2556] ? NIV-F6D916E8443AF30F | BASKET | DOUBLE | PRONG | GOLD | KT_10 | 1ct | imgs:3
[23:51:45][PRINCESS] [2557] ? NIV-F6D916E8443AF30F | BASKET | DOUBLE | PRONG | GOLD | KT_10 | 1ct | imgs:3
[23:51:48][PRINCESS] [2558] ? NIV-56E2D9E0234FD7C8 | BASKET | DOUBLE | PRONG | GOLD | KT_14 | 1ct | imgs:3
[23:51:52][PRINCESS] [2559] ? NIV-56E2D9E0234FD7C8 | BASKET | DOUBLE | PRONG | GOLD | KT_14 | 1ct | imgs:3
[23:51:57][PRINCESS] [2560] ? NIV-56E2D9E0234FD7C8 | BASKET | DOUBLE | PRONG | GOLD | KT_14 | 1ct | imgs:3
[23:52:00][PRINCESS] [2561] ? NIV-C79E40ED845CF7A8 | BASKET | DOUBLE | PRONG | GOLD | KT_14 | 1ct | imgs:3
[23:52:03][PRINCESS] [2562] ? NIV-C79E40ED845CF7A8 | BASKET | DOUBLE | PRONG | GOLD | KT_14 | 1ct | imgs:3
[23:52:09][PRINCESS] [2563] ? NIV-C79E40ED845CF7A8 | BASKET | DOUBLE | PRONG | GOLD | KT_14 | 1ct | imgs:3
[23:52:12][PRINCESS] [2564] ? NIV-5F41BBB0C7101FA6 | BASKET | DOUBLE | PRONG | GOLD | KT_14 | 1ct | imgs:3
[23:52:15][PRINCESS] [2565] ? NIV-5F41BBB0C7101FA6 | BASKET | DOUBLE | PRONG | GOLD | KT_14 | 1ct | imgs:3
[23:52:19][PRINCESS] [2566] ? NIV-5F41BBB0C7101FA6 | BASKET | DOUBLE | PRONG | GOLD | KT_14 | 1ct | imgs:3
[23:52:22][PRINCESS] [2567] ? NIV-6873AF33246FD8FA | BASKET | DOUBLE | PRONG | GOLD | KT_18 | 1ct | imgs:3
[23:52:27][PRINCESS] [2568] ? NIV-6873AF33246FD8FA | BASKET | DOUBLE | PRONG | GOLD | KT_18 | 1ct | imgs:3
[23:52:30][PRINCESS] [2569] ? NIV-6873AF33246FD8FA | BASKET | DOUBLE | PRONG | GOLD | KT_18 | 1ct | imgs:3
[23:52:33][PRINCESS] [2570] ? NIV-21CA3DB37A9F6B58 | BASKET | DOUBLE | PRONG | GOLD | KT_18 | 1ct | imgs:3
[23:52:36][PRINCESS] [2571] ? NIV-21CA3DB37A9F6B58 | BASKET | DOUBLE | PRONG | GOLD | KT_18 | 1ct | imgs:3
[23:52:39][PRINCESS] [2572] ? NIV-21CA3DB37A9F6B58 | BASKET | DOUBLE | PRONG | GOLD | KT_18 | 1ct | imgs:3
[23:52:42][PRINCESS] [2573] ? NIV-70282E5F685F3685 | BASKET | DOUBLE | PRONG | GOLD | KT_18 | 1ct | imgs:3
[23:52:45][PRINCESS] [2574] ? NIV-70282E5F685F3685 | BASKET | DOUBLE | PRONG | GOLD | KT_18 | 1ct | imgs:3
[23:52:51][PRINCESS] [2575] ? NIV-70282E5F685F3685 | BASKET | DOUBLE | PRONG | GOLD | KT_18 | 1ct | imgs:3
[23:52:54][PRINCESS] [2576] ? NIV-9F4C546D771C8A7C | BASKET | DOUBLE | PRONG | PLATINUM | PT_950 | 1ct | imgs:3
[23:53:00][PRINCESS] [2577] ? NIV-F1BB37BB0DC5F714 | BASKET | DOUBLE | PRONG | GOLD | KT_10 | 1ct | imgs:3
[23:53:03][PRINCESS] [2578] ? NIV-F1BB37BB0DC5F714 | BASKET | DOUBLE | PRONG | GOLD | KT_10 | 1ct | imgs:3
[23:53:07][PRINCESS] [2579] ? NIV-F1BB37BB0DC5F714 | BASKET | DOUBLE | PRONG | GOLD | KT_10 | 1ct | imgs:3
[23:53:09][PRINCESS] [2580] ? NIV-CEE9F14A04BBE5FB | BASKET | DOUBLE | PRONG | GOLD | KT_10 | 1ct | imgs:3
[23:53:12][PRINCESS] [2581] ? NIV-CEE9F14A04BBE5FB | BASKET | DOUBLE | PRONG | GOLD | KT_10 | 1ct | imgs:3
[23:53:15][PRINCESS] [2582] ? NIV-CEE9F14A04BBE5FB | BASKET | DOUBLE | PRONG | GOLD | KT_10 | 1ct | imgs:3
[23:53:18][PRINCESS] [2583] ? NIV-202AB3DDE81F7CC7 | BASKET | DOUBLE | PRONG | GOLD | KT_10 | 1ct | imgs:3
[23:53:21][PRINCESS] [2584] ? NIV-202AB3DDE81F7CC7 | BASKET | DOUBLE | PRONG | GOLD | KT_10 | 1ct | imgs:3
[23:53:25][PRINCESS] [2585] ? NIV-202AB3DDE81F7CC7 | BASKET | DOUBLE | PRONG | GOLD | KT_10 | 1ct | imgs:3
[23:53:30][PRINCESS] [2586] ? NIV-8195F2F210626D98 | BASKET | DOUBLE | PRONG | GOLD | KT_14 | 1ct | imgs:3
[23:53:33][PRINCESS] [2587] ? NIV-8195F2F210626D98 | BASKET | DOUBLE | PRONG | GOLD | KT_14 | 1ct | imgs:3
[23:53:37][PRINCESS] [2588] ? NIV-8195F2F210626D98 | BASKET | DOUBLE | PRONG | GOLD | KT_14 | 1ct | imgs:3
[23:53:39][PRINCESS] [2589] ? NIV-4CC9D38B667FCE1A | BASKET | DOUBLE | PRONG | GOLD | KT_14 | 1ct | imgs:3
[23:53:42][PRINCESS] [2590] ? NIV-4CC9D38B667FCE1A | BASKET | DOUBLE | PRONG | GOLD | KT_14 | 1ct | imgs:3
[23:53:45][PRINCESS] [2591] ? NIV-4CC9D38B667FCE1A | BASKET | DOUBLE | PRONG | GOLD | KT_14 | 1ct | imgs:3
[23:53:48][PRINCESS] [2592] ? NIV-FE6B57C38C9D3101 | BASKET | DOUBLE | PRONG | GOLD | KT_14 | 1ct | imgs:3
[23:53:51][PRINCESS] [2593] ? NIV-FE6B57C38C9D3101 | BASKET | DOUBLE | PRONG | GOLD | KT_14 | 1ct | imgs:3
[23:53:54][PRINCESS] [2594] ? NIV-FE6B57C38C9D3101 | BASKET | DOUBLE | PRONG | GOLD | KT_14 | 1ct | imgs:3
[23:53:57][PRINCESS] [2595] ? NIV-7A1BBAD5DDBC2AC1 | BASKET | DOUBLE | PRONG | GOLD | KT_18 | 1ct | imgs:3
[23:54:01][PRINCESS] [2596] ? NIV-7A1BBAD5DDBC2AC1 | BASKET | DOUBLE | PRONG | GOLD | KT_18 | 1ct | imgs:3
[23:54:06][PRINCESS] [2597] ? NIV-7A1BBAD5DDBC2AC1 | BASKET | DOUBLE | PRONG | GOLD | KT_18 | 1ct | imgs:3
[23:54:09][PRINCESS] [2598] ? NIV-91A39030140489B4 | BASKET | DOUBLE | PRONG | GOLD | KT_18 | 1ct | imgs:3
[23:54:12][PRINCESS] [2599] ? NIV-91A39030140489B4 | BASKET | DOUBLE | PRONG | GOLD | KT_18 | 1ct | imgs:3
[23:54:18][PRINCESS] [2600] ? NIV-91A39030140489B4 | BASKET | DOUBLE | PRONG | GOLD | KT_18 | 1ct | imgs:3
[23:54:21][PRINCESS] [2601] ? NIV-D4C0D4E1AB39E760 | BASKET | DOUBLE | PRONG | GOLD | KT_18 | 1ct | imgs:3
[23:54:24][PRINCESS] [2602] ? NIV-D4C0D4E1AB39E760 | BASKET | DOUBLE | PRONG | GOLD | KT_18 | 1ct | imgs:3
[23:54:28][PRINCESS] [2603] ? NIV-D4C0D4E1AB39E760 | BASKET | DOUBLE | PRONG | GOLD | KT_18 | 1ct | imgs:3
[23:54:30][PRINCESS] [2604] ? NIV-614B41CBA77B4A59 | BASKET | DOUBLE | PRONG | PLATINUM | PT_950 | 1ct | imgs:3
[23:54:39][PRINCESS] [2605] ? NIV-59805E964A157A16 | BASKET | DOUBLE | PRONG | GOLD | KT_10 | 1ct | imgs:3
[23:54:42][PRINCESS] [2606] ? NIV-59805E964A157A16 | BASKET | DOUBLE | PRONG | GOLD | KT_10 | 1ct | imgs:3
[23:54:46][PRINCESS] [2607] ? NIV-59805E964A157A16 | BASKET | DOUBLE | PRONG | GOLD | KT_10 | 1ct | imgs:3
[23:54:48][PRINCESS] [2608] ? NIV-3988EFEDFA2FAF5F | BASKET | DOUBLE | PRONG | GOLD | KT_10 | 1ct | imgs:3
[23:54:51][PRINCESS] [2609] ? NIV-3988EFEDFA2FAF5F | BASKET | DOUBLE | PRONG | GOLD | KT_10 | 1ct | imgs:3
[23:54:57][PRINCESS] [2610] ? NIV-3988EFEDFA2FAF5F | BASKET | DOUBLE | PRONG | GOLD | KT_10 | 1ct | imgs:3
[23:55:00][PRINCESS] [2611] ? NIV-7AC068DD41D99545 | BASKET | DOUBLE | PRONG | GOLD | KT_10 | 1ct | imgs:3
[23:55:03][PRINCESS] [2612] ? NIV-7AC068DD41D99545 | BASKET | DOUBLE | PRONG | GOLD | KT_10 | 1ct | imgs:3
[23:55:07][PRINCESS] [2613] ? NIV-7AC068DD41D99545 | BASKET | DOUBLE | PRONG | GOLD | KT_10 | 1ct | imgs:3
[23:55:09][PRINCESS] [2614] ? NIV-0E8C05482AE5E67D | BASKET | DOUBLE | PRONG | GOLD | KT_14 | 1ct | imgs:3
[23:55:12][PRINCESS] [2615] ? NIV-0E8C05482AE5E67D | BASKET | DOUBLE | PRONG | GOLD | KT_14 | 1ct | imgs:3
[23:55:16][PRINCESS] [2616] ? NIV-0E8C05482AE5E67D | BASKET | DOUBLE | PRONG | GOLD | KT_14 | 1ct | imgs:3
[23:55:18][PRINCESS] [2617] ? NIV-DF317485D93A955A | BASKET | DOUBLE | PRONG | GOLD | KT_14 | 1ct | imgs:3
[23:55:21][PRINCESS] [2618] ? NIV-DF317485D93A955A | BASKET | DOUBLE | PRONG | GOLD | KT_14 | 1ct | imgs:3
[23:55:25][PRINCESS] [2619] ? NIV-DF317485D93A955A | BASKET | DOUBLE | PRONG | GOLD | KT_14 | 1ct | imgs:3
[23:55:27][PRINCESS] [2620] ? NIV-48FE46956C3966FC | BASKET | DOUBLE | PRONG | GOLD | KT_14 | 1ct | imgs:3
[23:55:30][PRINCESS] [2621] ? NIV-48FE46956C3966FC | BASKET | DOUBLE | PRONG | GOLD | KT_14 | 1ct | imgs:3
[23:55:33][PRINCESS] [2622] ? NIV-48FE46956C3966FC | BASKET | DOUBLE | PRONG | GOLD | KT_14 | 1ct | imgs:3
[23:55:36][PRINCESS] [2623] ? NIV-EB5CF4D91A94F99A | BASKET | DOUBLE | PRONG | GOLD | KT_18 | 1ct | imgs:3
[23:55:39][PRINCESS] [2624] ? NIV-EB5CF4D91A94F99A | BASKET | DOUBLE | PRONG | GOLD | KT_18 | 1ct | imgs:3
[23:55:43][PRINCESS] [2625] ? NIV-EB5CF4D91A94F99A | BASKET | DOUBLE | PRONG | GOLD | KT_18 | 1ct | imgs:3
[23:55:45][PRINCESS] [2626] ? NIV-FAD44999F27622A7 | BASKET | DOUBLE | PRONG | GOLD | KT_18 | 1ct | imgs:3
[23:55:48][PRINCESS] [2627] ? NIV-FAD44999F27622A7 | BASKET | DOUBLE | PRONG | GOLD | KT_18 | 1ct | imgs:3
[23:55:52][PRINCESS] [2628] ? NIV-FAD44999F27622A7 | BASKET | DOUBLE | PRONG | GOLD | KT_18 | 1ct | imgs:3
[23:55:54][PRINCESS] [2629] ? NIV-C60C21F9A82AEF4D | BASKET | DOUBLE | PRONG | GOLD | KT_18 | 1ct | imgs:3
[23:55:57][PRINCESS] [2630] ? NIV-C60C21F9A82AEF4D | BASKET | DOUBLE | PRONG | GOLD | KT_18 | 1ct | imgs:3
[23:56:01][PRINCESS] [2631] ? NIV-C60C21F9A82AEF4D | BASKET | DOUBLE | PRONG | GOLD | KT_18 | 1ct | imgs:3
[23:56:03][PRINCESS] [2632] ? NIV-4991C5B5E121EF56 | BASKET | DOUBLE | PRONG | PLATINUM | PT_950 | 1ct | imgs:3
[23:56:07][PRINCESS] [2633] ? NIV-56A6510398DF519F | BASKET | DOUBLE | PRONG | GOLD | KT_10 | 1ct | imgs:3
[23:56:12][PRINCESS] [2634] ? NIV-56A6510398DF519F | BASKET | DOUBLE | PRONG | GOLD | KT_10 | 1ct | imgs:3
[23:56:16][PRINCESS] [2635] ? NIV-56A6510398DF519F | BASKET | DOUBLE | PRONG | GOLD | KT_10 | 1ct | imgs:3
[23:56:18][PRINCESS] [2636] ? NIV-68E8C60296DD99BA | BASKET | DOUBLE | PRONG | GOLD | KT_10 | 1ct | imgs:3
[23:56:21][PRINCESS] [2637] ? NIV-68E8C60296DD99BA | BASKET | DOUBLE | PRONG | GOLD | KT_10 | 1ct | imgs:3
[23:56:25][PRINCESS] [2638] ? NIV-68E8C60296DD99BA | BASKET | DOUBLE | PRONG | GOLD | KT_10 | 1ct | imgs:3
[23:56:27][PRINCESS] [2639] ? NIV-06489551B3F6C2AA | BASKET | DOUBLE | PRONG | GOLD | KT_10 | 1ct | imgs:3
[23:56:30][PRINCESS] [2640] ? NIV-06489551B3F6C2AA | BASKET | DOUBLE | PRONG | GOLD | KT_10 | 1ct | imgs:3
[23:56:34][PRINCESS] [2641] ? NIV-06489551B3F6C2AA | BASKET | DOUBLE | PRONG | GOLD | KT_10 | 1ct | imgs:3
[23:56:39][PRINCESS] [2642] ? NIV-9B348E2E80826CA8 | BASKET | DOUBLE | PRONG | GOLD | KT_14 | 1ct | imgs:3
[23:56:42][PRINCESS] [2643] ? NIV-9B348E2E80826CA8 | BASKET | DOUBLE | PRONG | GOLD | KT_14 | 1ct | imgs:3
[23:56:48][PRINCESS] [2644] ? NIV-9B348E2E80826CA8 | BASKET | DOUBLE | PRONG | GOLD | KT_14 | 1ct | imgs:3
[23:56:51][PRINCESS] [2645] ? NIV-0C332FD2A60AAB40 | BASKET | DOUBLE | PRONG | GOLD | KT_14 | 1ct | imgs:3
[23:56:54][PRINCESS] [2646] ? NIV-0C332FD2A60AAB40 | BASKET | DOUBLE | PRONG | GOLD | KT_14 | 1ct | imgs:3
[23:56:58][PRINCESS] [2647] ? NIV-0C332FD2A60AAB40 | BASKET | DOUBLE | PRONG | GOLD | KT_14 | 1ct | imgs:3
[23:57:00][PRINCESS] [2648] ? NIV-6A546EE349C444A5 | BASKET | DOUBLE | PRONG | GOLD | KT_14 | 1ct | imgs:3
[23:57:04][PRINCESS] [2649] ? NIV-6A546EE349C444A5 | BASKET | DOUBLE | PRONG | GOLD | KT_14 | 1ct | imgs:3
[23:57:09][PRINCESS] [2650] ? NIV-6A546EE349C444A5 | BASKET | DOUBLE | PRONG | GOLD | KT_14 | 1ct | imgs:3
[23:57:12][PRINCESS] [2651] ? NIV-8CEF111A3B87EFB8 | BASKET | DOUBLE | PRONG | GOLD | KT_18 | 1ct | imgs:3
[23:57:15][PRINCESS] [2652] ? NIV-8CEF111A3B87EFB8 | BASKET | DOUBLE | PRONG | GOLD | KT_18 | 1ct | imgs:3
[23:57:18][PRINCESS] [2653] ? NIV-8CEF111A3B87EFB8 | BASKET | DOUBLE | PRONG | GOLD | KT_18 | 1ct | imgs:3
[23:57:21][PRINCESS] [2654] ? NIV-49D0B01D8A7126CF | BASKET | DOUBLE | PRONG | GOLD | KT_18 | 1ct | imgs:3
[23:57:25][PRINCESS] [2655] ? NIV-49D0B01D8A7126CF | BASKET | DOUBLE | PRONG | GOLD | KT_18 | 1ct | imgs:3
[23:57:30][PRINCESS] [2656] ? NIV-49D0B01D8A7126CF | BASKET | DOUBLE | PRONG | GOLD | KT_18 | 1ct | imgs:3
[23:57:33][PRINCESS] [2657] ? NIV-62643C977A53A0BA | BASKET | DOUBLE | PRONG | GOLD | KT_18 | 1ct | imgs:3
[23:57:37][PRINCESS] [2658] ? NIV-62643C977A53A0BA | BASKET | DOUBLE | PRONG | GOLD | KT_18 | 1ct | imgs:3
[23:57:40][PRINCESS] [2659] ? NIV-62643C977A53A0BA | BASKET | DOUBLE | PRONG | GOLD | KT_18 | 1ct | imgs:3
[23:57:42][PRINCESS] [2660] ? NIV-B35643ACEF4838AD | BASKET | DOUBLE | PRONG | PLATINUM | PT_950 | 1ct | imgs:3
[23:57:48][PRINCESS] [2661] ? NIV-BC4808169AF131AE | BASKET | DOUBLE | PRONG | GOLD | KT_10 | 1ct | imgs:3
[23:57:51][PRINCESS] [2662] ? NIV-BC4808169AF131AE | BASKET | DOUBLE | PRONG | GOLD | KT_10 | 1ct | imgs:3
[23:57:55][PRINCESS] [2663] ? NIV-BC4808169AF131AE | BASKET | DOUBLE | PRONG | GOLD | KT_10 | 1ct | imgs:3
[23:57:57][PRINCESS] [2664] ? NIV-58F320F993FFCE92 | BASKET | DOUBLE | PRONG | GOLD | KT_10 | 1ct | imgs:3
[23:58:00][PRINCESS] [2665] ? NIV-58F320F993FFCE92 | BASKET | DOUBLE | PRONG | GOLD | KT_10 | 1ct | imgs:3
[23:58:04][PRINCESS] [2666] ? NIV-58F320F993FFCE92 | BASKET | DOUBLE | PRONG | GOLD | KT_10 | 1ct | imgs:3
[23:58:09][PRINCESS] [2667] ? NIV-0D1B27211AA9E17C | BASKET | DOUBLE | PRONG | GOLD | KT_10 | 1ct | imgs:1
[23:58:13][PRINCESS] [2668] ? NIV-0D1B27211AA9E17C | BASKET | DOUBLE | PRONG | GOLD | KT_10 | 1ct | imgs:3
[23:58:18][PRINCESS] [2669] ? NIV-0D1B27211AA9E17C | BASKET | DOUBLE | PRONG | GOLD | KT_10 | 1ct | imgs:3
[23:58:21][PRINCESS] [2670] ? NIV-6FD62065616DF19C | BASKET | DOUBLE | PRONG | GOLD | KT_14 | 1ct | imgs:3
[23:58:25][PRINCESS] [2671] ? NIV-6FD62065616DF19C | BASKET | DOUBLE | PRONG | GOLD | KT_14 | 1ct | imgs:3
[23:58:30][PRINCESS] [2672] ? NIV-6FD62065616DF19C | BASKET | DOUBLE | PRONG | GOLD | KT_14 | 1ct | imgs:3
[23:58:33][PRINCESS] [2673] ? NIV-AA65853E978DF5C9 | BASKET | DOUBLE | PRONG | GOLD | KT_14 | 1ct | imgs:3
[23:58:36][PRINCESS] [2674] ? NIV-AA65853E978DF5C9 | BASKET | DOUBLE | PRONG | GOLD | KT_14 | 1ct | imgs:3
[23:58:40][PRINCESS] [2675] ? NIV-AA65853E978DF5C9 | BASKET | DOUBLE | PRONG | GOLD | KT_14 | 1ct | imgs:3
[23:58:42][PRINCESS] [2676] ? NIV-10356C8380E73FDC | BASKET | DOUBLE | PRONG | GOLD | KT_14 | 1ct | imgs:3
[23:58:45][PRINCESS] [2677] ? NIV-10356C8380E73FDC | BASKET | DOUBLE | PRONG | GOLD | KT_14 | 1ct | imgs:3
[23:58:51][PRINCESS] [2678] ? NIV-10356C8380E73FDC | BASKET | DOUBLE | PRONG | GOLD | KT_14 | 1ct | imgs:3
[23:58:54][PRINCESS] [2679] ? NIV-E2D1E1AD581B39D9 | BASKET | DOUBLE | PRONG | GOLD | KT_18 | 1ct | imgs:3
[23:58:57][PRINCESS] [2680] ? NIV-E2D1E1AD581B39D9 | BASKET | DOUBLE | PRONG | GOLD | KT_18 | 1ct | imgs:3
[23:59:01][PRINCESS] [2681] ? NIV-E2D1E1AD581B39D9 | BASKET | DOUBLE | PRONG | GOLD | KT_18 | 1ct | imgs:3
[23:59:03][PRINCESS] [2682] ? NIV-18A1105D3BE5B960 | BASKET | DOUBLE | PRONG | GOLD | KT_18 | 1ct | imgs:3
[23:59:07][PRINCESS] [2683] ? NIV-18A1105D3BE5B960 | BASKET | DOUBLE | PRONG | GOLD | KT_18 | 1ct | imgs:3
[23:59:12][PRINCESS] [2684] ? NIV-18A1105D3BE5B960 | BASKET | DOUBLE | PRONG | GOLD | KT_18 | 1ct | imgs:3
[23:59:15][PRINCESS] [2685] ? NIV-12E333C3773A3241 | BASKET | DOUBLE | PRONG | GOLD | KT_18 | 1ct | imgs:3
[23:59:18][PRINCESS] [2686] ? NIV-12E333C3773A3241 | BASKET | DOUBLE | PRONG | GOLD | KT_18 | 1ct | imgs:3
[23:59:24][PRINCESS] [2687] ? NIV-12E333C3773A3241 | BASKET | DOUBLE | PRONG | GOLD | KT_18 | 1ct | imgs:3
[23:59:27][PRINCESS] [2688] ? NIV-F916591C75571C4A | BASKET | DOUBLE | PRONG | PLATINUM | PT_950 | 1ct | imgs:3
[23:59:33][PRINCESS] [2689] ? NIV-DE4CCDDB0BD979AA | BASKET | DOUBLE | PRONG | GOLD | KT_10 | 1ct | imgs:3
[23:59:37][PRINCESS] [2690] ? NIV-DE4CCDDB0BD979AA | BASKET | DOUBLE | PRONG | GOLD | KT_10 | 1ct | imgs:3
[23:59:42][PRINCESS] [2691] ? NIV-DE4CCDDB0BD979AA | BASKET | DOUBLE | PRONG | GOLD | KT_10 | 1ct | imgs:3
[23:59:45][PRINCESS] [2692] ? NIV-E440C263D96BB09D | BASKET | DOUBLE | PRONG | GOLD | KT_10 | 1ct | imgs:3
[23:59:48][PRINCESS] [2693] ? NIV-E440C263D96BB09D | BASKET | DOUBLE | PRONG | GOLD | KT_10 | 1ct | imgs:3
[23:59:52][PRINCESS] [2694] ? NIV-E440C263D96BB09D | BASKET | DOUBLE | PRONG | GOLD | KT_10 | 1ct | imgs:3
[23:59:54][PRINCESS] [2695] ? NIV-02F027C649BAEF78 | BASKET | DOUBLE | PRONG | GOLD | KT_10 | 1ct | imgs:3
[23:59:57][PRINCESS] [2696] ? NIV-02F027C649BAEF78 | BASKET | DOUBLE | PRONG | GOLD | KT_10 | 1ct | imgs:3
[00:00:01][PRINCESS] [2697] ? NIV-02F027C649BAEF78 | BASKET | DOUBLE | PRONG | GOLD | KT_10 | 1ct | imgs:3
[00:00:06][PRINCESS] [2698] ? NIV-E79DF32D931E4E2B | BASKET | DOUBLE | PRONG | GOLD | KT_14 | 1ct | imgs:3
[00:00:09][PRINCESS] [2699] ? NIV-E79DF32D931E4E2B | BASKET | DOUBLE | PRONG | GOLD | KT_14 | 1ct | imgs:3
[00:00:13][PRINCESS] [2700] ? NIV-E79DF32D931E4E2B | BASKET | DOUBLE | PRONG | GOLD | KT_14 | 1ct | imgs:3
[00:00:15][PRINCESS] [2701] ? NIV-B1A2E9E5377F4AFA | BASKET | DOUBLE | PRONG | GOLD | KT_14 | 1ct | imgs:3
[00:00:18][PRINCESS] [2702] ? NIV-B1A2E9E5377F4AFA | BASKET | DOUBLE | PRONG | GOLD | KT_14 | 1ct | imgs:3
[00:00:22][PRINCESS] [2703] ? NIV-B1A2E9E5377F4AFA | BASKET | DOUBLE | PRONG | GOLD | KT_14 | 1ct | imgs:3
[00:00:24][PRINCESS] [2704] ? NIV-45D38D210F569821 | BASKET | DOUBLE | PRONG | GOLD | KT_14 | 1ct | imgs:3
[00:00:28][PRINCESS] [2705] ? NIV-45D38D210F569821 | BASKET | DOUBLE | PRONG | GOLD | KT_14 | 1ct | imgs:3
[00:00:33][PRINCESS] [2706] ? NIV-45D38D210F569821 | BASKET | DOUBLE | PRONG | GOLD | KT_14 | 1ct | imgs:3
[00:00:37][PRINCESS] [2707] ? NIV-E2EDC68A18BBBE7B | BASKET | DOUBLE | PRONG | GOLD | KT_18 | 1ct | imgs:3
[00:00:42][PRINCESS] [2708] ? NIV-E2EDC68A18BBBE7B | BASKET | DOUBLE | PRONG | GOLD | KT_18 | 1ct | imgs:3
[00:00:45][PRINCESS] [2709] ? NIV-E2EDC68A18BBBE7B | BASKET | DOUBLE | PRONG | GOLD | KT_18 | 1ct | imgs:3
[00:00:48][PRINCESS] [2710] ? NIV-40679D2E925D8152 | BASKET | DOUBLE | PRONG | GOLD | KT_18 | 1ct | imgs:3
[00:00:51][PRINCESS] [2711] ? NIV-40679D2E925D8152 | BASKET | DOUBLE | PRONG | GOLD | KT_18 | 1ct | imgs:3
[00:00:55][PRINCESS] [2712] ? NIV-40679D2E925D8152 | BASKET | DOUBLE | PRONG | GOLD | KT_18 | 1ct | imgs:3
[00:00:57][PRINCESS] [2713] ? NIV-D0D68D6E638997A8 | BASKET | DOUBLE | PRONG | GOLD | KT_18 | 1ct | imgs:3
[00:01:00][PRINCESS] [2714] ? NIV-D0D68D6E638997A8 | BASKET | DOUBLE | PRONG | GOLD | KT_18 | 1ct | imgs:3
[00:01:06][PRINCESS] [2715] ? NIV-D0D68D6E638997A8 | BASKET | DOUBLE | PRONG | GOLD | KT_18 | 1ct | imgs:3
[00:01:09][PRINCESS] [2716] ? NIV-521627FAE72D0529 | BASKET | DOUBLE | PRONG | PLATINUM | PT_950 | 1ct | imgs:3
[00:01:13][PRINCESS] [2717] ? NIV-B1A2F057D1F6EE49 | BASKET | DOUBLE | PRONG | GOLD | KT_10 | 1ct | imgs:3
[00:01:18][PRINCESS] [2718] ? NIV-B1A2F057D1F6EE49 | BASKET | DOUBLE | PRONG | GOLD | KT_10 | 1ct | imgs:3
[00:01:21][PRINCESS] [2719] ? NIV-B1A2F057D1F6EE49 | BASKET | DOUBLE | PRONG | GOLD | KT_10 | 1ct | imgs:3
[00:01:24][PRINCESS] [2720] ? NIV-C48166198A95469E | BASKET | DOUBLE | PRONG | GOLD | KT_10 | 1ct | imgs:3
[00:01:27][PRINCESS] [2721] ? NIV-C48166198A95469E | BASKET | DOUBLE | PRONG | GOLD | KT_10 | 1ct | imgs:3
[00:01:31][PRINCESS] [2722] ? NIV-C48166198A95469E | BASKET | DOUBLE | PRONG | GOLD | KT_10 | 1ct | imgs:3
[00:01:33][PRINCESS] [2723] ? NIV-95BBFDA887C07FA6 | BASKET | DOUBLE | PRONG | GOLD | KT_10 | 1ct | imgs:3
[00:01:36][PRINCESS] [2724] ? NIV-95BBFDA887C07FA6 | BASKET | DOUBLE | PRONG | GOLD | KT_10 | 1ct | imgs:3
[00:01:40][PRINCESS] [2725] ? NIV-95BBFDA887C07FA6 | BASKET | DOUBLE | PRONG | GOLD | KT_10 | 1ct | imgs:3
[00:01:43][PRINCESS] [2726] ? NIV-DDDD40C657CA0332 | BASKET | DOUBLE | PRONG | GOLD | KT_14 | 1ct | imgs:3
[00:01:48][PRINCESS] [2727] ? NIV-DDDD40C657CA0332 | BASKET | DOUBLE | PRONG | GOLD | KT_14 | 1ct | imgs:3
[00:01:52][PRINCESS] [2728] ? NIV-DDDD40C657CA0332 | BASKET | DOUBLE | PRONG | GOLD | KT_14 | 1ct | imgs:3
[00:01:54][PRINCESS] [2729] ? NIV-4D747E1651C261FD | BASKET | DOUBLE | PRONG | GOLD | KT_14 | 1ct | imgs:3
[00:01:57][PRINCESS] [2730] ? NIV-4D747E1651C261FD | BASKET | DOUBLE | PRONG | GOLD | KT_14 | 1ct | imgs:3
[00:02:01][PRINCESS] [2731] ? NIV-4D747E1651C261FD | BASKET | DOUBLE | PRONG | GOLD | KT_14 | 1ct | imgs:3
[00:02:03][PRINCESS] [2732] ? NIV-F5276A3FBAE10AB0 | BASKET | DOUBLE | PRONG | GOLD | KT_14 | 1ct | imgs:3
[00:02:07][PRINCESS] [2733] ? NIV-F5276A3FBAE10AB0 | BASKET | DOUBLE | PRONG | GOLD | KT_14 | 1ct | imgs:3
[00:02:12][PRINCESS] [2734] ? NIV-F5276A3FBAE10AB0 | BASKET | DOUBLE | PRONG | GOLD | KT_14 | 1ct | imgs:3
[00:02:15][PRINCESS] [2735] ? NIV-92FB86BC44719299 | BASKET | DOUBLE | PRONG | GOLD | KT_18 | 1ct | imgs:3
[00:02:19][PRINCESS] [2736] ? NIV-92FB86BC44719299 | BASKET | DOUBLE | PRONG | GOLD | KT_18 | 1ct | imgs:3
[00:02:24][PRINCESS] [2737] ? NIV-92FB86BC44719299 | BASKET | DOUBLE | PRONG | GOLD | KT_18 | 1ct | imgs:3
[00:02:27][PRINCESS] [2738] ? NIV-4E12B5E930113DAE | BASKET | DOUBLE | PRONG | GOLD | KT_18 | 1ct | imgs:3
[00:02:30][PRINCESS] [2739] ? NIV-4E12B5E930113DAE | BASKET | DOUBLE | PRONG | GOLD | KT_18 | 1ct | imgs:3
[00:02:34][PRINCESS] [2740] ? NIV-4E12B5E930113DAE | BASKET | DOUBLE | PRONG | GOLD | KT_18 | 1ct | imgs:3
[00:02:36][PRINCESS] [2741] ? NIV-F0D16C0F6B739A6C | BASKET | DOUBLE | PRONG | GOLD | KT_18 | 1ct | imgs:3
[00:02:40][PRINCESS] [2742] ? NIV-F0D16C0F6B739A6C | BASKET | DOUBLE | PRONG | GOLD | KT_18 | 1ct | imgs:3
[00:02:45][PRINCESS] [2743] ? NIV-F0D16C0F6B739A6C | BASKET | DOUBLE | PRONG | GOLD | KT_18 | 1ct | imgs:3
[00:02:48][PRINCESS] [2744] ? NIV-34E29933E8E349CD | BASKET | DOUBLE | PRONG | PLATINUM | PT_950 | 1ct | imgs:3
[00:02:54][PRINCESS] [2745] ? NIV-C70A9502284BC77E | BASKET | DOUBLE | PRONG | GOLD | KT_10 | 1ct | imgs:3
[00:02:58][PRINCESS] [2746] ? NIV-C70A9502284BC77E | BASKET | DOUBLE | PRONG | GOLD | KT_10 | 1ct | imgs:3
[00:03:03][PRINCESS] [2747] ? NIV-C70A9502284BC77E | BASKET | DOUBLE | PRONG | GOLD | KT_10 | 1ct | imgs:3
[00:03:06][PRINCESS] [2748] ? NIV-765E5BB2A60FAB94 | BASKET | DOUBLE | PRONG | GOLD | KT_10 | 1ct | imgs:3
[00:03:12][PRINCESS] [2749] ? NIV-765E5BB2A60FAB94 | BASKET | DOUBLE | PRONG | GOLD | KT_10 | 1ct | imgs:3
[00:03:15][PRINCESS] [2750] ? NIV-765E5BB2A60FAB94 | BASKET | DOUBLE | PRONG | GOLD | KT_10 | 1ct | imgs:3
[00:03:18][PRINCESS] [2751] ? NIV-84BEC1DC0CB18B85 | BASKET | DOUBLE | PRONG | GOLD | KT_10 | 1ct | imgs:3
[00:03:22][PRINCESS] [2752] ? NIV-84BEC1DC0CB18B85 | BASKET | DOUBLE | PRONG | GOLD | KT_10 | 1ct | imgs:3
[00:03:25][PRINCESS] [2753] ? NIV-84BEC1DC0CB18B85 | BASKET | DOUBLE | PRONG | GOLD | KT_10 | 1ct | imgs:3
[00:03:27][PRINCESS] [2754] ? NIV-FFE90CAF948C975E | BASKET | DOUBLE | PRONG | GOLD | KT_14 | 1ct | imgs:3
[00:03:31][PRINCESS] [2755] ? NIV-FFE90CAF948C975E | BASKET | DOUBLE | PRONG | GOLD | KT_14 | 1ct | imgs:3
[00:03:36][PRINCESS] [2756] ? NIV-FFE90CAF948C975E | BASKET | DOUBLE | PRONG | GOLD | KT_14 | 1ct | imgs:3
[00:03:39][PRINCESS] [2757] ? NIV-CDD69AB052F699FA | BASKET | DOUBLE | PRONG | GOLD | KT_14 | 1ct | imgs:3
[00:03:43][PRINCESS] [2758] ? NIV-CDD69AB052F699FA | BASKET | DOUBLE | PRONG | GOLD | KT_14 | 1ct | imgs:3
[00:03:48][PRINCESS] [2759] ? NIV-CDD69AB052F699FA | BASKET | DOUBLE | PRONG | GOLD | KT_14 | 1ct | imgs:3
[00:03:51][PRINCESS] [2760] ? NIV-5CD97EC51A2D0BC9 | BASKET | DOUBLE | PRONG | GOLD | KT_14 | 1ct | imgs:3
[00:03:54][PRINCESS] [2761] ? NIV-5CD97EC51A2D0BC9 | BASKET | DOUBLE | PRONG | GOLD | KT_14 | 1ct | imgs:3
[00:03:58][PRINCESS] [2762] ? NIV-5CD97EC51A2D0BC9 | BASKET | DOUBLE | PRONG | GOLD | KT_14 | 1ct | imgs:3
[00:04:01][PRINCESS] [2763] ? NIV-3E7AD5DF19DB3118 | BASKET | DOUBLE | PRONG | GOLD | KT_18 | 1ct | imgs:3
[00:04:06][PRINCESS] [2764] ? NIV-3E7AD5DF19DB3118 | BASKET | DOUBLE | PRONG | GOLD | KT_18 | 1ct | imgs:3
[00:04:09][PRINCESS] [2765] ? NIV-3E7AD5DF19DB3118 | BASKET | DOUBLE | PRONG | GOLD | KT_18 | 1ct | imgs:3
[00:04:12][PRINCESS] [2766] ? NIV-DBC7D1F231BA4788 | BASKET | DOUBLE | PRONG | GOLD | KT_18 | 1ct | imgs:3
[00:04:16][PRINCESS] [2767] ? NIV-DBC7D1F231BA4788 | BASKET | DOUBLE | PRONG | GOLD | KT_18 | 1ct | imgs:3
[00:04:19][PRINCESS] [2768] ? NIV-DBC7D1F231BA4788 | BASKET | DOUBLE | PRONG | GOLD | KT_18 | 1ct | imgs:3
[00:04:21][PRINCESS] [2769] ? NIV-0B3907E7B55C25AD | BASKET | DOUBLE | PRONG | GOLD | KT_18 | 1ct | imgs:3
[00:04:24][PRINCESS] [2770] ? NIV-0B3907E7B55C25AD | BASKET | DOUBLE | PRONG | GOLD | KT_18 | 1ct | imgs:3
[00:04:28][PRINCESS] [2771] ? NIV-0B3907E7B55C25AD | BASKET | DOUBLE | PRONG | GOLD | KT_18 | 1ct | imgs:3
[00:04:30][PRINCESS] [2772] ? NIV-EB8CEA057F68838D | BASKET | DOUBLE | PRONG | PLATINUM | PT_950 | 1ct | imgs:3
[00:04:36][PRINCESS] [2773] ? NIV-907424FB9313C2E4 | BASKET | DOUBLE | PRONG | GOLD | KT_10 | 1ct | imgs:3
[00:04:40][PRINCESS] [2774] ? NIV-907424FB9313C2E4 | BASKET | DOUBLE | PRONG | GOLD | KT_10 | 1ct | imgs:3
[00:04:45][PRINCESS] [2775] ? NIV-907424FB9313C2E4 | BASKET | DOUBLE | PRONG | GOLD | KT_10 | 1ct | imgs:3
[00:04:48][PRINCESS] [2776] ? NIV-4368B100BA51FF17 | BASKET | DOUBLE | PRONG | GOLD | KT_10 | 1ct | imgs:3
[00:04:51][PRINCESS] [2777] ? NIV-4368B100BA51FF17 | BASKET | DOUBLE | PRONG | GOLD | KT_10 | 1ct | imgs:3
[00:04:57][PRINCESS] [2778] ? NIV-4368B100BA51FF17 | BASKET | DOUBLE | PRONG | GOLD | KT_10 | 1ct | imgs:3
[00:05:00][PRINCESS] [2779] ? NIV-53FCBAF2DA58C21E | BASKET | DOUBLE | PRONG | GOLD | KT_10 | 1ct | imgs:3
[00:05:03][PRINCESS] [2780] ? NIV-53FCBAF2DA58C21E | BASKET | DOUBLE | PRONG | GOLD | KT_10 | 1ct | imgs:3
[00:05:06][PRINCESS] [2781] ? NIV-53FCBAF2DA58C21E | BASKET | DOUBLE | PRONG | GOLD | KT_10 | 1ct | imgs:3
[00:05:10][PRINCESS] [2782] ? NIV-40F88A6543A198AB | BASKET | DOUBLE | PRONG | GOLD | KT_14 | 1ct | imgs:3
[00:05:15][PRINCESS] [2783] ? NIV-40F88A6543A198AB | BASKET | DOUBLE | PRONG | GOLD | KT_14 | 1ct | imgs:3
[00:05:19][PRINCESS] [2784] ? NIV-40F88A6543A198AB | BASKET | DOUBLE | PRONG | GOLD | KT_14 | 1ct | imgs:3
[00:05:21][PRINCESS] [2785] ? NIV-93160CD8B25B8BCE | BASKET | DOUBLE | PRONG | GOLD | KT_14 | 1ct | imgs:3
[00:05:25][PRINCESS] [2786] ? NIV-93160CD8B25B8BCE | BASKET | DOUBLE | PRONG | GOLD | KT_14 | 1ct | imgs:3
[00:05:30][PRINCESS] [2787] ? NIV-93160CD8B25B8BCE | BASKET | DOUBLE | PRONG | GOLD | KT_14 | 1ct | imgs:3
[00:05:34][PRINCESS] [2788] ? NIV-33C386F1B6E4E9D6 | BASKET | DOUBLE | PRONG | GOLD | KT_14 | 1ct | imgs:3
[00:05:39][PRINCESS] [2789] ? NIV-33C386F1B6E4E9D6 | BASKET | DOUBLE | PRONG | GOLD | KT_14 | 1ct | imgs:3
[00:05:42][PRINCESS] [2790] ? NIV-33C386F1B6E4E9D6 | BASKET | DOUBLE | PRONG | GOLD | KT_14 | 1ct | imgs:3
[00:05:46][PRINCESS] [2791] ? NIV-5A787EBF3B80B9EA | BASKET | DOUBLE | PRONG | GOLD | KT_18 | 1ct | imgs:3
[00:05:51][PRINCESS] [2792] ? NIV-5A787EBF3B80B9EA | BASKET | DOUBLE | PRONG | GOLD | KT_18 | 1ct | imgs:3
[00:05:54][PRINCESS] [2793] ? NIV-5A787EBF3B80B9EA | BASKET | DOUBLE | PRONG | GOLD | KT_18 | 1ct | imgs:3
[00:05:57][PRINCESS] [2794] ? NIV-16B03B6CC84DA7EF | BASKET | DOUBLE | PRONG | GOLD | KT_18 | 1ct | imgs:3
[00:06:00][PRINCESS] [2795] ? NIV-16B03B6CC84DA7EF | BASKET | DOUBLE | PRONG | GOLD | KT_18 | 1ct | imgs:3
[00:06:04][PRINCESS] [2796] ? NIV-16B03B6CC84DA7EF | BASKET | DOUBLE | PRONG | GOLD | KT_18 | 1ct | imgs:3
[00:06:06][PRINCESS] [2797] ? NIV-351CE1094D80AEF8 | BASKET | DOUBLE | PRONG | GOLD | KT_18 | 1ct | imgs:3
[00:06:09][PRINCESS] [2798] ? NIV-351CE1094D80AEF8 | BASKET | DOUBLE | PRONG | GOLD | KT_18 | 1ct | imgs:3
[00:06:13][PRINCESS] [2799] ? NIV-351CE1094D80AEF8 | BASKET | DOUBLE | PRONG | GOLD | KT_18 | 1ct | imgs:3
[00:06:15][PRINCESS] [2800] ? NIV-6B0D1E798009A64A | BASKET | DOUBLE | PRONG | PLATINUM | PT_950 | 1ct | imgs:3
[00:06:19][PRINCESS] [2801] ? NIV-C6E441C61D5D2E22 | BASKET | DOUBLE | PRONG | GOLD | KT_10 | 1ct | imgs:3
[00:06:24][PRINCESS] [2802] ? NIV-C6E441C61D5D2E22 | BASKET | DOUBLE | PRONG | GOLD | KT_10 | 1ct | imgs:3
[00:06:27][PRINCESS] [2803] ? NIV-C6E441C61D5D2E22 | BASKET | DOUBLE | PRONG | GOLD | KT_10 | 1ct | imgs:3
[00:06:30][PRINCESS] [2804] ? NIV-2A5254A7D0E3D42A | BASKET | DOUBLE | PRONG | GOLD | KT_10 | 1ct | imgs:3
[00:06:33][PRINCESS] [2805] ? NIV-2A5254A7D0E3D42A | BASKET | DOUBLE | PRONG | GOLD | KT_10 | 1ct | imgs:3
[00:06:36][PRINCESS] [2806] ? NIV-2A5254A7D0E3D42A | BASKET | DOUBLE | PRONG | GOLD | KT_10 | 1ct | imgs:3
[00:06:39][PRINCESS] [2807] ? NIV-2E69E30E78405F26 | BASKET | DOUBLE | PRONG | GOLD | KT_10 | 1ct | imgs:3
[00:06:42][PRINCESS] [2808] ? NIV-2E69E30E78405F26 | BASKET | DOUBLE | PRONG | GOLD | KT_10 | 1ct | imgs:3
[00:06:48][PRINCESS] [2809] ? NIV-2E69E30E78405F26 | BASKET | DOUBLE | PRONG | GOLD | KT_10 | 1ct | imgs:3
[00:06:51][PRINCESS] [2810] ? NIV-76F54AE44B0F9079 | BASKET | DOUBLE | PRONG | GOLD | KT_14 | 1ct | imgs:3
[00:06:54][PRINCESS] [2811] ? NIV-76F54AE44B0F9079 | BASKET | DOUBLE | PRONG | GOLD | KT_14 | 1ct | imgs:3
[00:07:00][PRINCESS] [2812] ? NIV-76F54AE44B0F9079 | BASKET | DOUBLE | PRONG | GOLD | KT_14 | 1ct | imgs:3
[00:07:03][PRINCESS] [2813] ? NIV-28DF8888EBC13034 | BASKET | DOUBLE | PRONG | GOLD | KT_14 | 1ct | imgs:3
[00:07:06][PRINCESS] [2814] ? NIV-28DF8888EBC13034 | BASKET | DOUBLE | PRONG | GOLD | KT_14 | 1ct | imgs:3
[00:07:10][PRINCESS] [2815] ? NIV-28DF8888EBC13034 | BASKET | DOUBLE | PRONG | GOLD | KT_14 | 1ct | imgs:3
[00:07:12][PRINCESS] [2816] ? NIV-32F654CA6AE2E125 | BASKET | DOUBLE | PRONG | GOLD | KT_14 | 1ct | imgs:3
[00:07:16][PRINCESS] [2817] ? NIV-32F654CA6AE2E125 | BASKET | DOUBLE | PRONG | GOLD | KT_14 | 1ct | imgs:3
[00:07:21][PRINCESS] [2818] ? NIV-32F654CA6AE2E125 | BASKET | DOUBLE | PRONG | GOLD | KT_14 | 1ct | imgs:3
[00:07:27][PRINCESS] [2819] ? NIV-6E372B8B8805B81E | BASKET | DOUBLE | PRONG | GOLD | KT_18 | 1ct | imgs:3
[00:07:30][PRINCESS] [2820] ? NIV-6E372B8B8805B81E | BASKET | DOUBLE | PRONG | GOLD | KT_18 | 1ct | imgs:3
[00:07:34][PRINCESS] [2821] ? NIV-6E372B8B8805B81E | BASKET | DOUBLE | PRONG | GOLD | KT_18 | 1ct | imgs:3
[00:07:36][PRINCESS] [2822] ? NIV-2B275CBA5F67AD5A | BASKET | DOUBLE | PRONG | GOLD | KT_18 | 1ct | imgs:3
[00:07:39][PRINCESS] [2823] ? NIV-2B275CBA5F67AD5A | BASKET | DOUBLE | PRONG | GOLD | KT_18 | 1ct | imgs:3
[00:07:42][PRINCESS] [2824] ? NIV-2B275CBA5F67AD5A | BASKET | DOUBLE | PRONG | GOLD | KT_18 | 1ct | imgs:3
[00:07:45][PRINCESS] [2825] ? NIV-5514CE6E8D1D320E | BASKET | DOUBLE | PRONG | GOLD | KT_18 | 1ct | imgs:3
[00:07:48][PRINCESS] [2826] ? NIV-5514CE6E8D1D320E | BASKET | DOUBLE | PRONG | GOLD | KT_18 | 1ct | imgs:3
[00:07:51][PRINCESS] [2827] ? NIV-5514CE6E8D1D320E | BASKET | DOUBLE | PRONG | GOLD | KT_18 | 1ct | imgs:3
[00:07:54][PRINCESS] [2828] ? NIV-13944883523182D0 | BASKET | DOUBLE | PRONG | PLATINUM | PT_950 | 1ct | imgs:3
[00:08:00][PRINCESS] [2829] ? NIV-E1454EC626FB4695 | BASKET | DOUBLE | PRONG | GOLD | KT_10 | 1ct | imgs:3
[00:08:04][PRINCESS] [2830] ? NIV-E1454EC626FB4695 | BASKET | DOUBLE | PRONG | GOLD | KT_10 | 1ct | imgs:3
[00:08:09][PRINCESS] [2831] ? NIV-E1454EC626FB4695 | BASKET | DOUBLE | PRONG | GOLD | KT_10 | 1ct | imgs:3
[00:08:12][PRINCESS] [2832] ? NIV-61D18022FD2C2DA9 | BASKET | DOUBLE | PRONG | GOLD | KT_10 | 1ct | imgs:3
[00:08:16][PRINCESS] [2833] ? NIV-61D18022FD2C2DA9 | BASKET | DOUBLE | PRONG | GOLD | KT_10 | 1ct | imgs:3
[00:08:21][PRINCESS] [2834] ? NIV-61D18022FD2C2DA9 | BASKET | DOUBLE | PRONG | GOLD | KT_10 | 1ct | imgs:3
[00:08:24][PRINCESS] [2835] ? NIV-445A3C3A750F8405 | BASKET | DOUBLE | PRONG | GOLD | KT_10 | 1ct | imgs:3
[00:08:27][PRINCESS] [2836] ? NIV-445A3C3A750F8405 | BASKET | DOUBLE | PRONG | GOLD | KT_10 | 1ct | imgs:3
[00:08:31][PRINCESS] [2837] ? NIV-445A3C3A750F8405 | BASKET | DOUBLE | PRONG | GOLD | KT_10 | 1ct | imgs:3
[00:08:41][PRINCESS] [2838] ??  NIV-EDDA656D99246F10 | BASKET | DOUBLE | PRONG | GOLD | KT_14 | 1ct | imgs:0
[00:08:45][PRINCESS] [2839] ? NIV-EDDA656D99246F10 | BASKET | DOUBLE | PRONG | GOLD | KT_14 | 1ct | imgs:3
[00:09:02][PRINCESS] [2840] ??  NIV-EDDA656D99246F10 | BASKET | DOUBLE | PRONG | GOLD | KT_14 | 1ct | imgs:0
[00:09:02][PRINCESS]   Re-seleccionando PRINCESS (intento 1)
[00:09:02][PRINCESS]   Boton no encontrado ? recargando configurador...
[00:09:14][PRINCESS]   Re-seleccionando PRINCESS (intento 2)
[00:09:20][PRINCESS] [2841] ? NIV-7198B0FB30179C7F | BASKET | DOUBLE | PRONG | GOLD | KT_14 | 1ct | imgs:3
[00:09:23][PRINCESS] [2842] ? NIV-E2C7AB49DE806B73 | BASKET | DOUBLE | PRONG | GOLD | KT_14 | 1ct | imgs:3
[00:09:26][PRINCESS] [2843] ? NIV-6D95AB763D585528 | BASKET | DOUBLE | PRONG | GOLD | KT_14 | 1ct | imgs:3
[00:09:29][PRINCESS] [2844] ? NIV-46DA39283D61D6BC | BASKET | DOUBLE | PRONG | GOLD | KT_14 | 1ct | imgs:3
[00:09:32][PRINCESS] [2845] ? NIV-35370568AF326438 | BASKET | DOUBLE | PRONG | GOLD | KT_14 | 1ct | imgs:3
[00:09:35][PRINCESS] [2846] ? NIV-5A0398DDCC86DF0F | BASKET | DOUBLE | PRONG | GOLD | KT_14 | 1ct | imgs:3
[00:09:41][PRINCESS] [2847] ? NIV-AF3BD9263C718FD4 | BASKET | DOUBLE | PRONG | GOLD | KT_18 | 1ct | imgs:3
[00:09:44][PRINCESS] [2848] ? NIV-98BF0980C9DD6B7C | BASKET | DOUBLE | PRONG | GOLD | KT_18 | 1ct | imgs:3
[00:09:47][PRINCESS] [2849] ? NIV-9B20FC0388DE71FC | BASKET | DOUBLE | PRONG | GOLD | KT_18 | 1ct | imgs:3
[00:09:50][PRINCESS] [2850] ? NIV-234DDF6A4230EB27 | BASKET | DOUBLE | PRONG | GOLD | KT_18 | 1ct | imgs:3
[00:09:53][PRINCESS] [2851] ? NIV-C195B2FECA12FF6D | BASKET | DOUBLE | PRONG | GOLD | KT_18 | 1ct | imgs:3
[00:09:56][PRINCESS] [2852] ? NIV-D523B9E5CDC530B2 | BASKET | DOUBLE | PRONG | GOLD | KT_18 | 1ct | imgs:3
[00:09:59][PRINCESS] [2853] ? NIV-8762805492320BC7 | BASKET | DOUBLE | PRONG | GOLD | KT_18 | 1ct | imgs:3
[00:10:02][PRINCESS] [2854] ? NIV-6BE6FEA286CDB358 | BASKET | DOUBLE | PRONG | GOLD | KT_18 | 1ct | imgs:3
[00:10:05][PRINCESS] [2855] ? NIV-668C33A2C18EE62A | BASKET | DOUBLE | PRONG | GOLD | KT_18 | 1ct | imgs:3
[00:10:08][PRINCESS] [2856] ? NIV-D04C0916386418DA | BASKET | DOUBLE | PRONG | PLATINUM | PT_950 | 1ct | imgs:3
[00:10:14][PRINCESS] [2857] ? NIV-391CB0554D292793 | BASKET | DOUBLE | BEAD | GOLD | KT_10 | 1ct | imgs:3
[00:10:17][PRINCESS] [2858] ? NIV-391CB0554D292793 | BASKET | DOUBLE | BEAD | GOLD | KT_10 | 1ct | imgs:3
[00:10:21][PRINCESS] [2859] ? NIV-391CB0554D292793 | BASKET | DOUBLE | BEAD | GOLD | KT_10 | 1ct | imgs:3
[00:10:24][PRINCESS] [2860] ? NIV-70A4F8E17A388014 | BASKET | DOUBLE | BEAD | GOLD | KT_10 | 1ct | imgs:3
[00:10:29][PRINCESS] [2861] ? NIV-70A4F8E17A388014 | BASKET | DOUBLE | BEAD | GOLD | KT_10 | 1ct | imgs:3
[00:10:32][PRINCESS] [2862] ? NIV-70A4F8E17A388014 | BASKET | DOUBLE | BEAD | GOLD | KT_10 | 1ct | imgs:3
[00:10:35][PRINCESS] [2863] ? NIV-C83C385B8419CD4E | BASKET | DOUBLE | BEAD | GOLD | KT_10 | 1ct | imgs:3
[00:10:39][PRINCESS] [2864] ? NIV-C83C385B8419CD4E | BASKET | DOUBLE | BEAD | GOLD | KT_10 | 1ct | imgs:3
[00:10:42][PRINCESS] [2865] ? NIV-C83C385B8419CD4E | BASKET | DOUBLE | BEAD | GOLD | KT_10 | 1ct | imgs:3
[00:10:44][PRINCESS] [2866] ? NIV-BB7AE73869289B57 | BASKET | DOUBLE | BEAD | GOLD | KT_14 | 1ct | imgs:3
[00:10:50][PRINCESS] [2867] ? NIV-BB7AE73869289B57 | BASKET | DOUBLE | BEAD | GOLD | KT_14 | 1ct | imgs:3
[00:10:53][PRINCESS] [2868] ? NIV-BB7AE73869289B57 | BASKET | DOUBLE | BEAD | GOLD | KT_14 | 1ct | imgs:3
[00:10:56][PRINCESS] [2869] ? NIV-BF4AC40795A1E889 | BASKET | DOUBLE | BEAD | GOLD | KT_14 | 1ct | imgs:3
[00:11:02][PRINCESS] [2870] ? NIV-BF4AC40795A1E889 | BASKET | DOUBLE | BEAD | GOLD | KT_14 | 1ct | imgs:3
[00:11:05][PRINCESS] [2871] ? NIV-BF4AC40795A1E889 | BASKET | DOUBLE | BEAD | GOLD | KT_14 | 1ct | imgs:3
[00:11:08][PRINCESS] [2872] ? NIV-2ECB7762C638C830 | BASKET | DOUBLE | BEAD | GOLD | KT_14 | 1ct | imgs:3
[00:11:11][PRINCESS] [2873] ? NIV-2ECB7762C638C830 | BASKET | DOUBLE | BEAD | GOLD | KT_14 | 1ct | imgs:3
[00:11:15][PRINCESS] [2874] ? NIV-2ECB7762C638C830 | BASKET | DOUBLE | BEAD | GOLD | KT_14 | 1ct | imgs:3
[00:11:20][PRINCESS] [2875] ? NIV-E5F96F6EFBE4DCCA | BASKET | DOUBLE | BEAD | GOLD | KT_18 | 1ct | imgs:3
[00:11:23][PRINCESS] [2876] ? NIV-E5F96F6EFBE4DCCA | BASKET | DOUBLE | BEAD | GOLD | KT_18 | 1ct | imgs:3
[00:11:29][PRINCESS] [2877] ? NIV-E5F96F6EFBE4DCCA | BASKET | DOUBLE | BEAD | GOLD | KT_18 | 1ct | imgs:3
[00:11:32][PRINCESS] [2878] ? NIV-0C58899440E9CACF | BASKET | DOUBLE | BEAD | GOLD | KT_18 | 1ct | imgs:3
[00:11:36][PRINCESS] [2879] ? NIV-0C58899440E9CACF | BASKET | DOUBLE | BEAD | GOLD | KT_18 | 1ct | imgs:3
[00:11:41][PRINCESS] [2880] ? NIV-0C58899440E9CACF | BASKET | DOUBLE | BEAD | GOLD | KT_18 | 1ct | imgs:3
[00:11:44][PRINCESS] [2881] ? NIV-710FA59D29217E68 | BASKET | DOUBLE | BEAD | GOLD | KT_18 | 1ct | imgs:3
[00:11:47][PRINCESS] [2882] ? NIV-710FA59D29217E68 | BASKET | DOUBLE | BEAD | GOLD | KT_18 | 1ct | imgs:3
[00:11:53][PRINCESS] [2883] ? NIV-710FA59D29217E68 | BASKET | DOUBLE | BEAD | GOLD | KT_18 | 1ct | imgs:3
[00:11:56][PRINCESS] [2884] ? NIV-00368671662F365F | BASKET | DOUBLE | BEAD | PLATINUM | PT_950 | 1ct | imgs:3
[00:12:02][PRINCESS] [2885] ? NIV-9E2883297E847D3C | BASKET | DOUBLE | BEAD | GOLD | KT_10 | 1ct | imgs:3
[00:12:05][PRINCESS] [2886] ? NIV-9E2883297E847D3C | BASKET | DOUBLE | BEAD | GOLD | KT_10 | 1ct | imgs:3
[00:12:08][PRINCESS] [2887] ? NIV-9E2883297E847D3C | BASKET | DOUBLE | BEAD | GOLD | KT_10 | 1ct | imgs:3
[00:12:11][PRINCESS] [2888] ? NIV-5888497B0291B12D | BASKET | DOUBLE | BEAD | GOLD | KT_10 | 1ct | imgs:3
[00:12:14][PRINCESS] [2889] ? NIV-5888497B0291B12D | BASKET | DOUBLE | BEAD | GOLD | KT_10 | 1ct | imgs:3
[00:12:20][PRINCESS] [2890] ? NIV-5888497B0291B12D | BASKET | DOUBLE | BEAD | GOLD | KT_10 | 1ct | imgs:3
[00:12:23][PRINCESS] [2891] ? NIV-6BB3FF70061208FF | BASKET | DOUBLE | BEAD | GOLD | KT_10 | 1ct | imgs:3
[00:12:26][PRINCESS] [2892] ? NIV-6BB3FF70061208FF | BASKET | DOUBLE | BEAD | GOLD | KT_10 | 1ct | imgs:3
[00:12:29][PRINCESS] [2893] ? NIV-6BB3FF70061208FF | BASKET | DOUBLE | BEAD | GOLD | KT_10 | 1ct | imgs:3
[00:12:32][PRINCESS] [2894] ? NIV-97E9CD23F569AC64 | BASKET | DOUBLE | BEAD | GOLD | KT_14 | 1ct | imgs:3
[00:12:36][PRINCESS] [2895] ? NIV-97E9CD23F569AC64 | BASKET | DOUBLE | BEAD | GOLD | KT_14 | 1ct | imgs:3
[00:12:41][PRINCESS] [2896] ? NIV-97E9CD23F569AC64 | BASKET | DOUBLE | BEAD | GOLD | KT_14 | 1ct | imgs:3
[00:12:44][PRINCESS] [2897] ? NIV-7EA29C85C1C10B4F | BASKET | DOUBLE | BEAD | GOLD | KT_14 | 1ct | imgs:3
[00:12:47][PRINCESS] [2898] ? NIV-7EA29C85C1C10B4F | BASKET | DOUBLE | BEAD | GOLD | KT_14 | 1ct | imgs:3
[00:12:53][PRINCESS] [2899] ? NIV-7EA29C85C1C10B4F | BASKET | DOUBLE | BEAD | GOLD | KT_14 | 1ct | imgs:3
[00:12:56][PRINCESS] [2900] ? NIV-0B8F9A0EF5346842 | BASKET | DOUBLE | BEAD | GOLD | KT_14 | 1ct | imgs:3
[00:12:59][PRINCESS] [2901] ? NIV-0B8F9A0EF5346842 | BASKET | DOUBLE | BEAD | GOLD | KT_14 | 1ct | imgs:3
[00:13:03][PRINCESS] [2902] ? NIV-0B8F9A0EF5346842 | BASKET | DOUBLE | BEAD | GOLD | KT_14 | 1ct | imgs:3
[00:13:08][PRINCESS] [2903] ? NIV-21DA83B2F1E910BC | BASKET | DOUBLE | BEAD | GOLD | KT_18 | 1ct | imgs:3
[00:13:11][PRINCESS] [2904] ? NIV-21DA83B2F1E910BC | BASKET | DOUBLE | BEAD | GOLD | KT_18 | 1ct | imgs:3
[00:13:14][PRINCESS] [2905] ? NIV-21DA83B2F1E910BC | BASKET | DOUBLE | BEAD | GOLD | KT_18 | 1ct | imgs:3
[00:13:17][PRINCESS] [2906] ? NIV-BA65C7BCB729438F | BASKET | DOUBLE | BEAD | GOLD | KT_18 | 1ct | imgs:3
[00:13:20][PRINCESS] [2907] ? NIV-BA65C7BCB729438F | BASKET | DOUBLE | BEAD | GOLD | KT_18 | 1ct | imgs:3
[00:13:24][PRINCESS] [2908] ? NIV-BA65C7BCB729438F | BASKET | DOUBLE | BEAD | GOLD | KT_18 | 1ct | imgs:3
[00:13:26][PRINCESS] [2909] ? NIV-DB8D64EBF0259EB6 | BASKET | DOUBLE | BEAD | GOLD | KT_18 | 1ct | imgs:3
[00:13:29][PRINCESS] [2910] ? NIV-DB8D64EBF0259EB6 | BASKET | DOUBLE | BEAD | GOLD | KT_18 | 1ct | imgs:3
[00:13:33][PRINCESS] [2911] ? NIV-DB8D64EBF0259EB6 | BASKET | DOUBLE | BEAD | GOLD | KT_18 | 1ct | imgs:3
[00:13:35][PRINCESS] [2912] ? NIV-4370C968001B7453 | BASKET | DOUBLE | BEAD | PLATINUM | PT_950 | 1ct | imgs:3
[00:13:41][PRINCESS] [2913] ? NIV-78A2408822D8DB70 | BASKET | DOUBLE | BEAD | GOLD | KT_10 | 1ct | imgs:3
[00:13:44][PRINCESS] [2914] ? NIV-78A2408822D8DB70 | BASKET | DOUBLE | BEAD | GOLD | KT_10 | 1ct | imgs:3
[00:13:50][PRINCESS] [2915] ? NIV-78A2408822D8DB70 | BASKET | DOUBLE | BEAD | GOLD | KT_10 | 1ct | imgs:3
[00:13:53][PRINCESS] [2916] ? NIV-BBB9AFB2066E84F2 | BASKET | DOUBLE | BEAD | GOLD | KT_10 | 1ct | imgs:3
[00:13:56][PRINCESS] [2917] ? NIV-BBB9AFB2066E84F2 | BASKET | DOUBLE | BEAD | GOLD | KT_10 | 1ct | imgs:3
[00:14:02][PRINCESS] [2918] ? NIV-BBB9AFB2066E84F2 | BASKET | DOUBLE | BEAD | GOLD | KT_10 | 1ct | imgs:3
[00:14:05][PRINCESS] [2919] ? NIV-3367C1732D5DC5A3 | BASKET | DOUBLE | BEAD | GOLD | KT_10 | 1ct | imgs:3
[00:14:08][PRINCESS] [2920] ? NIV-3367C1732D5DC5A3 | BASKET | DOUBLE | BEAD | GOLD | KT_10 | 1ct | imgs:3
[00:14:14][PRINCESS] [2921] ? NIV-3367C1732D5DC5A3 | BASKET | DOUBLE | BEAD | GOLD | KT_10 | 1ct | imgs:3
[00:14:17][PRINCESS] [2922] ? NIV-72C2F7EC930EC3FB | BASKET | DOUBLE | BEAD | GOLD | KT_14 | 1ct | imgs:3
[00:14:20][PRINCESS] [2923] ? NIV-72C2F7EC930EC3FB | BASKET | DOUBLE | BEAD | GOLD | KT_14 | 1ct | imgs:3
[00:14:26][PRINCESS] [2924] ? NIV-72C2F7EC930EC3FB | BASKET | DOUBLE | BEAD | GOLD | KT_14 | 1ct | imgs:3
[00:14:29][PRINCESS] [2925] ? NIV-3FFBE4C89D91B7AB | BASKET | DOUBLE | BEAD | GOLD | KT_14 | 1ct | imgs:3
[00:14:32][PRINCESS] [2926] ? NIV-3FFBE4C89D91B7AB | BASKET | DOUBLE | BEAD | GOLD | KT_14 | 1ct | imgs:3
[00:14:35][PRINCESS] [2927] ? NIV-3FFBE4C89D91B7AB | BASKET | DOUBLE | BEAD | GOLD | KT_14 | 1ct | imgs:3
[00:14:38][PRINCESS] [2928] ? NIV-37C33F86CDBDDA19 | BASKET | DOUBLE | BEAD | GOLD | KT_14 | 1ct | imgs:3
[00:14:41][PRINCESS] [2929] ? NIV-37C33F86CDBDDA19 | BASKET | DOUBLE | BEAD | GOLD | KT_14 | 1ct | imgs:3
[00:14:44][PRINCESS] [2930] ? NIV-37C33F86CDBDDA19 | BASKET | DOUBLE | BEAD | GOLD | KT_14 | 1ct | imgs:3
[00:14:48][PRINCESS] [2931] ? NIV-FC4710A8F46C2744 | BASKET | DOUBLE | BEAD | GOLD | KT_18 | 1ct | imgs:3
[00:14:53][PRINCESS] [2932] ? NIV-FC4710A8F46C2744 | BASKET | DOUBLE | BEAD | GOLD | KT_18 | 1ct | imgs:3
[00:14:56][PRINCESS] [2933] ? NIV-FC4710A8F46C2744 | BASKET | DOUBLE | BEAD | GOLD | KT_18 | 1ct | imgs:3
[00:14:59][PRINCESS] [2934] ? NIV-DDB5F96180669E4E | BASKET | DOUBLE | BEAD | GOLD | KT_18 | 1ct | imgs:3
[00:15:02][PRINCESS] [2935] ? NIV-DDB5F96180669E4E | BASKET | DOUBLE | BEAD | GOLD | KT_18 | 1ct | imgs:3
[00:15:05][PRINCESS] [2936] ? NIV-DDB5F96180669E4E | BASKET | DOUBLE | BEAD | GOLD | KT_18 | 1ct | imgs:3
[00:15:08][PRINCESS] [2937] ? NIV-9FE0F57B28534530 | BASKET | DOUBLE | BEAD | GOLD | KT_18 | 1ct | imgs:3
[00:15:11][PRINCESS] [2938] ? NIV-9FE0F57B28534530 | BASKET | DOUBLE | BEAD | GOLD | KT_18 | 1ct | imgs:3
[00:15:14][PRINCESS] [2939] ? NIV-9FE0F57B28534530 | BASKET | DOUBLE | BEAD | GOLD | KT_18 | 1ct | imgs:3
[00:15:17][PRINCESS] [2940] ? NIV-C8563C4F9A7BFB1A | BASKET | DOUBLE | BEAD | PLATINUM | PT_950 | 1ct | imgs:3
[00:15:23][PRINCESS] [2941] ? NIV-E955784AA2A8ABE0 | BASKET | DOUBLE | BEAD | GOLD | KT_10 | 1ct | imgs:3
[00:15:26][PRINCESS] [2942] ? NIV-E955784AA2A8ABE0 | BASKET | DOUBLE | BEAD | GOLD | KT_10 | 1ct | imgs:3
[00:15:32][PRINCESS] [2943] ? NIV-E955784AA2A8ABE0 | BASKET | DOUBLE | BEAD | GOLD | KT_10 | 1ct | imgs:3
[00:15:35][PRINCESS] [2944] ? NIV-C6E53903B299DDC8 | BASKET | DOUBLE | BEAD | GOLD | KT_10 | 1ct | imgs:3
[00:15:38][PRINCESS] [2945] ? NIV-C6E53903B299DDC8 | BASKET | DOUBLE | BEAD | GOLD | KT_10 | 1ct | imgs:3
[00:15:44][PRINCESS] [2946] ? NIV-C6E53903B299DDC8 | BASKET | DOUBLE | BEAD | GOLD | KT_10 | 1ct | imgs:3
[00:15:47][PRINCESS] [2947] ? NIV-32EDCE38DF4E30A9 | BASKET | DOUBLE | BEAD | GOLD | KT_10 | 1ct | imgs:3
[00:15:50][PRINCESS] [2948] ? NIV-32EDCE38DF4E30A9 | BASKET | DOUBLE | BEAD | GOLD | KT_10 | 1ct | imgs:3
[00:15:56][PRINCESS] [2949] ? NIV-32EDCE38DF4E30A9 | BASKET | DOUBLE | BEAD | GOLD | KT_10 | 1ct | imgs:3
[00:15:59][PRINCESS] [2950] ? NIV-F7A655F7F9FE29A6 | BASKET | DOUBLE | BEAD | GOLD | KT_14 | 1ct | imgs:3
[00:16:02][PRINCESS] [2951] ? NIV-F7A655F7F9FE29A6 | BASKET | DOUBLE | BEAD | GOLD | KT_14 | 1ct | imgs:3
[00:16:08][PRINCESS] [2952] ? NIV-F7A655F7F9FE29A6 | BASKET | DOUBLE | BEAD | GOLD | KT_14 | 1ct | imgs:3
[00:16:11][PRINCESS] [2953] ? NIV-7EF1CA43363F5BDB | BASKET | DOUBLE | BEAD | GOLD | KT_14 | 1ct | imgs:3
[00:16:14][PRINCESS] [2954] ? NIV-7EF1CA43363F5BDB | BASKET | DOUBLE | BEAD | GOLD | KT_14 | 1ct | imgs:3
[00:16:17][PRINCESS] [2955] ? NIV-7EF1CA43363F5BDB | BASKET | DOUBLE | BEAD | GOLD | KT_14 | 1ct | imgs:3
[00:16:20][PRINCESS] [2956] ? NIV-B9341BF794249630 | BASKET | DOUBLE | BEAD | GOLD | KT_14 | 1ct | imgs:3
[00:16:23][PRINCESS] [2957] ? NIV-B9341BF794249630 | BASKET | DOUBLE | BEAD | GOLD | KT_14 | 1ct | imgs:3
[00:16:27][PRINCESS] [2958] ? NIV-B9341BF794249630 | BASKET | DOUBLE | BEAD | GOLD | KT_14 | 1ct | imgs:3
[00:16:32][PRINCESS] [2959] ? NIV-2C2C4ED4DA0B3AB1 | BASKET | DOUBLE | BEAD | GOLD | KT_18 | 1ct | imgs:3
[00:16:35][PRINCESS] [2960] ? NIV-2C2C4ED4DA0B3AB1 | BASKET | DOUBLE | BEAD | GOLD | KT_18 | 1ct | imgs:3
[00:16:41][PRINCESS] [2961] ? NIV-2C2C4ED4DA0B3AB1 | BASKET | DOUBLE | BEAD | GOLD | KT_18 | 1ct | imgs:3
[00:16:44][PRINCESS] [2962] ? NIV-6D25FE5E9F588FE9 | BASKET | DOUBLE | BEAD | GOLD | KT_18 | 1ct | imgs:3
[00:16:47][PRINCESS] [2963] ? NIV-6D25FE5E9F588FE9 | BASKET | DOUBLE | BEAD | GOLD | KT_18 | 1ct | imgs:3
[00:16:50][PRINCESS] [2964] ? NIV-6D25FE5E9F588FE9 | BASKET | DOUBLE | BEAD | GOLD | KT_18 | 1ct | imgs:3
[00:16:53][PRINCESS] [2965] ? NIV-C699A77B31CAE612 | BASKET | DOUBLE | BEAD | GOLD | KT_18 | 1ct | imgs:3
[00:16:56][PRINCESS] [2966] ? NIV-C699A77B31CAE612 | BASKET | DOUBLE | BEAD | GOLD | KT_18 | 1ct | imgs:3
[00:17:00][PRINCESS] [2967] ? NIV-C699A77B31CAE612 | BASKET | DOUBLE | BEAD | GOLD | KT_18 | 1ct | imgs:3
[00:17:02][PRINCESS] [2968] ? NIV-DF69C6137E969E7F | BASKET | DOUBLE | BEAD | PLATINUM | PT_950 | 1ct | imgs:3
[00:17:06][PRINCESS] [2969] ? NIV-F6507B6F9119B848 | BASKET | DOUBLE | BEAD | GOLD | KT_10 | 1ct | imgs:3
[00:17:11][PRINCESS] [2970] ? NIV-F6507B6F9119B848 | BASKET | DOUBLE | BEAD | GOLD | KT_10 | 1ct | imgs:3
[00:17:14][PRINCESS] [2971] ? NIV-F6507B6F9119B848 | BASKET | DOUBLE | BEAD | GOLD | KT_10 | 1ct | imgs:3
[00:17:17][PRINCESS] [2972] ? NIV-FA21BAEA7A5BD61F | BASKET | DOUBLE | BEAD | GOLD | KT_10 | 1ct | imgs:3
[00:17:20][PRINCESS] [2973] ? NIV-FA21BAEA7A5BD61F | BASKET | DOUBLE | BEAD | GOLD | KT_10 | 1ct | imgs:3
[00:17:26][PRINCESS] [2974] ? NIV-FA21BAEA7A5BD61F | BASKET | DOUBLE | BEAD | GOLD | KT_10 | 1ct | imgs:3
[00:17:29][PRINCESS] [2975] ? NIV-D4D9473161AE6426 | BASKET | DOUBLE | BEAD | GOLD | KT_10 | 1ct | imgs:3
[00:17:32][PRINCESS] [2976] ? NIV-D4D9473161AE6426 | BASKET | DOUBLE | BEAD | GOLD | KT_10 | 1ct | imgs:3
[00:17:38][PRINCESS] [2977] ? NIV-D4D9473161AE6426 | BASKET | DOUBLE | BEAD | GOLD | KT_10 | 1ct | imgs:3
[00:17:41][PRINCESS] [2978] ? NIV-B90FD04124B47033 | BASKET | DOUBLE | BEAD | GOLD | KT_14 | 1ct | imgs:2
[00:17:47][PRINCESS] [2979] ? NIV-B90FD04124B47033 | BASKET | DOUBLE | BEAD | GOLD | KT_14 | 1ct | imgs:3
[00:17:50][PRINCESS] [2980] ? NIV-B90FD04124B47033 | BASKET | DOUBLE | BEAD | GOLD | KT_14 | 1ct | imgs:3
[00:17:53][PRINCESS] [2981] ? NIV-A49CFFC7028481EA | BASKET | DOUBLE | BEAD | GOLD | KT_14 | 1ct | imgs:3
[00:17:56][PRINCESS] [2982] ? NIV-A49CFFC7028481EA | BASKET | DOUBLE | BEAD | GOLD | KT_14 | 1ct | imgs:3
[00:17:59][PRINCESS] [2983] ? NIV-A49CFFC7028481EA | BASKET | DOUBLE | BEAD | GOLD | KT_14 | 1ct | imgs:3
[00:18:02][PRINCESS] [2984] ? NIV-47393015B00B5E0D | BASKET | DOUBLE | BEAD | GOLD | KT_14 | 1ct | imgs:3
[00:18:06][PRINCESS] [2985] ? NIV-47393015B00B5E0D | BASKET | DOUBLE | BEAD | GOLD | KT_14 | 1ct | imgs:3
[00:18:11][PRINCESS] [2986] ? NIV-47393015B00B5E0D | BASKET | DOUBLE | BEAD | GOLD | KT_14 | 1ct | imgs:3
[00:18:15][PRINCESS] [2987] ? NIV-1A69EB8782CB8533 | BASKET | DOUBLE | BEAD | GOLD | KT_18 | 1ct | imgs:3
[00:18:20][PRINCESS] [2988] ? NIV-1A69EB8782CB8533 | BASKET | DOUBLE | BEAD | GOLD | KT_18 | 1ct | imgs:3
[00:18:24][PRINCESS] [2989] ? NIV-1A69EB8782CB8533 | BASKET | DOUBLE | BEAD | GOLD | KT_18 | 1ct | imgs:3
[00:18:26][PRINCESS] [2990] ? NIV-9DAFFD14EB991E5C | BASKET | DOUBLE | BEAD | GOLD | KT_18 | 1ct | imgs:3
[00:18:29][PRINCESS] [2991] ? NIV-9DAFFD14EB991E5C | BASKET | DOUBLE | BEAD | GOLD | KT_18 | 1ct | imgs:3
[00:18:33][PRINCESS] [2992] ? NIV-9DAFFD14EB991E5C | BASKET | DOUBLE | BEAD | GOLD | KT_18 | 1ct | imgs:3
[00:18:35][PRINCESS] [2993] ? NIV-2771B24185459BB6 | BASKET | DOUBLE | BEAD | GOLD | KT_18 | 1ct | imgs:3
[00:18:38][PRINCESS] [2994] ? NIV-2771B24185459BB6 | BASKET | DOUBLE | BEAD | GOLD | KT_18 | 1ct | imgs:3
[00:18:42][PRINCESS] [2995] ? NIV-2771B24185459BB6 | BASKET | DOUBLE | BEAD | GOLD | KT_18 | 1ct | imgs:3
[00:18:44][PRINCESS] [2996] ? NIV-4C0CE7E7F322BAB3 | BASKET | DOUBLE | BEAD | PLATINUM | PT_950 | 1ct | imgs:3
[00:18:50][PRINCESS] [2997] ? NIV-A3C05DB74F871DAC | BASKET | DOUBLE | BEAD | GOLD | KT_10 | 1ct | imgs:3
[00:18:53][PRINCESS] [2998] ? NIV-A3C05DB74F871DAC | BASKET | DOUBLE | BEAD | GOLD | KT_10 | 1ct | imgs:3
[00:18:59][PRINCESS] [2999] ? NIV-A3C05DB74F871DAC | BASKET | DOUBLE | BEAD | GOLD | KT_10 | 1ct | imgs:3
[00:19:02][PRINCESS] [3000] ? NIV-EB00D7F43FBB1B31 | BASKET | DOUBLE | BEAD | GOLD | KT_10 | 1ct | imgs:3
[00:19:05][PRINCESS] [3001] ? NIV-EB00D7F43FBB1B31 | BASKET | DOUBLE | BEAD | GOLD | KT_10 | 1ct | imgs:3
[00:19:11][PRINCESS] [3002] ? NIV-EB00D7F43FBB1B31 | BASKET | DOUBLE | BEAD | GOLD | KT_10 | 1ct | imgs:3
[00:19:14][PRINCESS] [3003] ? NIV-35D8A970708D729B | BASKET | DOUBLE | BEAD | GOLD | KT_10 | 1ct | imgs:3
[00:19:17][PRINCESS] [3004] ? NIV-35D8A970708D729B | BASKET | DOUBLE | BEAD | GOLD | KT_10 | 1ct | imgs:3
[00:19:23][PRINCESS] [3005] ? NIV-35D8A970708D729B | BASKET | DOUBLE | BEAD | GOLD | KT_10 | 1ct | imgs:3
[00:19:29][PRINCESS] [3006] ? NIV-1BE39E9242178043 | BASKET | DOUBLE | BEAD | GOLD | KT_14 | 1ct | imgs:3
[00:19:32][PRINCESS] [3007] ? NIV-1BE39E9242178043 | BASKET | DOUBLE | BEAD | GOLD | KT_14 | 1ct | imgs:3
[00:19:36][PRINCESS] [3008] ? NIV-1BE39E9242178043 | BASKET | DOUBLE | BEAD | GOLD | KT_14 | 1ct | imgs:3
[00:19:41][PRINCESS] [3009] ? NIV-9832A09254E9D417 | BASKET | DOUBLE | BEAD | GOLD | KT_14 | 1ct | imgs:1
[00:19:44][PRINCESS] [3010] ? NIV-9832A09254E9D417 | BASKET | DOUBLE | BEAD | GOLD | KT_14 | 1ct | imgs:3
[00:19:47][PRINCESS] [3011] ? NIV-9832A09254E9D417 | BASKET | DOUBLE | BEAD | GOLD | KT_14 | 1ct | imgs:3
[00:19:50][PRINCESS] [3012] ? NIV-9A11BC436643CA5D | BASKET | DOUBLE | BEAD | GOLD | KT_14 | 1ct | imgs:3
[00:19:53][PRINCESS] [3013] ? NIV-9A11BC436643CA5D | BASKET | DOUBLE | BEAD | GOLD | KT_14 | 1ct | imgs:3
[00:19:56][PRINCESS] [3014] ? NIV-9A11BC436643CA5D | BASKET | DOUBLE | BEAD | GOLD | KT_14 | 1ct | imgs:3
[00:20:02][PRINCESS] [3015] ? NIV-1A798CC3292303FE | BASKET | DOUBLE | BEAD | GOLD | KT_18 | 1ct | imgs:3
[00:20:05][PRINCESS] [3016] ? NIV-1A798CC3292303FE | BASKET | DOUBLE | BEAD | GOLD | KT_18 | 1ct | imgs:3
[00:20:08][PRINCESS] [3017] ? NIV-1A798CC3292303FE | BASKET | DOUBLE | BEAD | GOLD | KT_18 | 1ct | imgs:3
[00:20:11][PRINCESS] [3018] ? NIV-D8765DAD9F0C8156 | BASKET | DOUBLE | BEAD | GOLD | KT_18 | 1ct | imgs:3
[00:20:14][PRINCESS] [3019] ? NIV-D8765DAD9F0C8156 | BASKET | DOUBLE | BEAD | GOLD | KT_18 | 1ct | imgs:3
[00:20:18][PRINCESS] [3020] ? NIV-D8765DAD9F0C8156 | BASKET | DOUBLE | BEAD | GOLD | KT_18 | 1ct | imgs:3
[00:20:20][PRINCESS] [3021] ? NIV-C180C6EAA0CF540F | BASKET | DOUBLE | BEAD | GOLD | KT_18 | 1ct | imgs:3
[00:20:23][PRINCESS] [3022] ? NIV-C180C6EAA0CF540F | BASKET | DOUBLE | BEAD | GOLD | KT_18 | 1ct | imgs:3
[00:20:29][PRINCESS] [3023] ? NIV-C180C6EAA0CF540F | BASKET | DOUBLE | BEAD | GOLD | KT_18 | 1ct | imgs:3
[00:20:32][PRINCESS] [3024] ? NIV-2036FF85833BE3FC | BASKET | DOUBLE | BEAD | PLATINUM | PT_950 | 1ct | imgs:3
[00:20:41][PRINCESS] [3025] ? NIV-DABE55F907ABA599 | BASKET | DOUBLE | BEAD | GOLD | KT_10 | 1ct | imgs:3
[00:20:47][PRINCESS] [3026] ? NIV-DABE55F907ABA599 | BASKET | DOUBLE | BEAD | GOLD | KT_10 | 1ct | imgs:3
[00:20:50][PRINCESS] [3027] ? NIV-DABE55F907ABA599 | BASKET | DOUBLE | BEAD | GOLD | KT_10 | 1ct | imgs:3
[00:20:53][PRINCESS] [3028] ? NIV-84AF95D1C33440EA | BASKET | DOUBLE | BEAD | GOLD | KT_10 | 1ct | imgs:3
[00:20:56][PRINCESS] [3029] ? NIV-84AF95D1C33440EA | BASKET | DOUBLE | BEAD | GOLD | KT_10 | 1ct | imgs:3
[00:21:02][PRINCESS] [3030] ? NIV-84AF95D1C33440EA | BASKET | DOUBLE | BEAD | GOLD | KT_10 | 1ct | imgs:3
[00:21:05][PRINCESS] [3031] ? NIV-6EBA6A67A4124C27 | BASKET | DOUBLE | BEAD | GOLD | KT_10 | 1ct | imgs:3
[00:21:08][PRINCESS] [3032] ? NIV-6EBA6A67A4124C27 | BASKET | DOUBLE | BEAD | GOLD | KT_10 | 1ct | imgs:3
[00:21:11][PRINCESS] [3033] ? NIV-6EBA6A67A4124C27 | BASKET | DOUBLE | BEAD | GOLD | KT_10 | 1ct | imgs:3
[00:21:17][PRINCESS] [3034] ? NIV-458BB788A356DA85 | BASKET | DOUBLE | BEAD | GOLD | KT_14 | 1ct | imgs:3
[00:21:20][PRINCESS] [3035] ? NIV-458BB788A356DA85 | BASKET | DOUBLE | BEAD | GOLD | KT_14 | 1ct | imgs:3
[00:21:26][PRINCESS] [3036] ? NIV-458BB788A356DA85 | BASKET | DOUBLE | BEAD | GOLD | KT_14 | 1ct | imgs:3
[00:21:29][PRINCESS] [3037] ? NIV-C74F7964A26719B3 | BASKET | DOUBLE | BEAD | GOLD | KT_14 | 1ct | imgs:3
[00:21:32][PRINCESS] [3038] ? NIV-C74F7964A26719B3 | BASKET | DOUBLE | BEAD | GOLD | KT_14 | 1ct | imgs:3
[00:21:38][PRINCESS] [3039] ? NIV-C74F7964A26719B3 | BASKET | DOUBLE | BEAD | GOLD | KT_14 | 1ct | imgs:3
[00:21:41][PRINCESS] [3040] ? NIV-2FFAD1E4C07D1C9E | BASKET | DOUBLE | BEAD | GOLD | KT_14 | 1ct | imgs:3
[00:21:44][PRINCESS] [3041] ? NIV-2FFAD1E4C07D1C9E | BASKET | DOUBLE | BEAD | GOLD | KT_14 | 1ct | imgs:3
[00:21:47][PRINCESS] [3042] ? NIV-2FFAD1E4C07D1C9E | BASKET | DOUBLE | BEAD | GOLD | KT_14 | 1ct | imgs:3
[00:21:51][PRINCESS] [3043] ? NIV-AC04057DBB895C0A | BASKET | DOUBLE | BEAD | GOLD | KT_18 | 1ct | imgs:3
[00:21:56][PRINCESS] [3044] ? NIV-AC04057DBB895C0A | BASKET | DOUBLE | BEAD | GOLD | KT_18 | 1ct | imgs:3
[00:21:59][PRINCESS] [3045] ? NIV-AC04057DBB895C0A | BASKET | DOUBLE | BEAD | GOLD | KT_18 | 1ct | imgs:3
[00:22:02][PRINCESS] [3046] ? NIV-B629875CAC4F8CB3 | BASKET | DOUBLE | BEAD | GOLD | KT_18 | 1ct | imgs:3
[00:22:05][PRINCESS] [3047] ? NIV-B629875CAC4F8CB3 | BASKET | DOUBLE | BEAD | GOLD | KT_18 | 1ct | imgs:3
[00:22:09][PRINCESS] [3048] ? NIV-B629875CAC4F8CB3 | BASKET | DOUBLE | BEAD | GOLD | KT_18 | 1ct | imgs:3
[00:22:11][PRINCESS] [3049] ? NIV-3F68AB0C93BD6F90 | BASKET | DOUBLE | BEAD | GOLD | KT_18 | 1ct | imgs:3
[00:22:14][PRINCESS] [3050] ? NIV-3F68AB0C93BD6F90 | BASKET | DOUBLE | BEAD | GOLD | KT_18 | 1ct | imgs:3
[00:22:17][PRINCESS] [3051] ? NIV-3F68AB0C93BD6F90 | BASKET | DOUBLE | BEAD | GOLD | KT_18 | 1ct | imgs:3
[00:22:20][PRINCESS] [3052] ? NIV-2D006DFC514CA490 | BASKET | DOUBLE | BEAD | PLATINUM | PT_950 | 1ct | imgs:3
[00:22:26][PRINCESS] [3053] ? NIV-05ADA5C3ADF676BE | BASKET | DOUBLE | BEAD | GOLD | KT_10 | 1ct | imgs:3
[00:22:29][PRINCESS] [3054] ? NIV-05ADA5C3ADF676BE | BASKET | DOUBLE | BEAD | GOLD | KT_10 | 1ct | imgs:3
[00:22:32][PRINCESS] [3055] ? NIV-05ADA5C3ADF676BE | BASKET | DOUBLE | BEAD | GOLD | KT_10 | 1ct | imgs:3
[00:22:35][PRINCESS] [3056] ? NIV-D9E9B74C75AE394C | BASKET | DOUBLE | BEAD | GOLD | KT_10 | 1ct | imgs:3
[00:22:38][PRINCESS] [3057] ? NIV-D9E9B74C75AE394C | BASKET | DOUBLE | BEAD | GOLD | KT_10 | 1ct | imgs:3
[00:22:44][PRINCESS] [3058] ? NIV-D9E9B74C75AE394C | BASKET | DOUBLE | BEAD | GOLD | KT_10 | 1ct | imgs:3
[00:22:47][PRINCESS] [3059] ? NIV-C7FD373D9D26882B | BASKET | DOUBLE | BEAD | GOLD | KT_10 | 1ct | imgs:3
[00:22:51][PRINCESS] [3060] ? NIV-C7FD373D9D26882B | BASKET | DOUBLE | BEAD | GOLD | KT_10 | 1ct | imgs:3
[00:22:56][PRINCESS] [3061] ? NIV-C7FD373D9D26882B | BASKET | DOUBLE | BEAD | GOLD | KT_10 | 1ct | imgs:3
[00:22:59][PRINCESS] [3062] ? NIV-26CD4D5984D542E1 | BASKET | DOUBLE | BEAD | GOLD | KT_14 | 1ct | imgs:3
[00:23:02][PRINCESS] [3063] ? NIV-26CD4D5984D542E1 | BASKET | DOUBLE | BEAD | GOLD | KT_14 | 1ct | imgs:3
[00:23:06][PRINCESS] [3064] ? NIV-26CD4D5984D542E1 | BASKET | DOUBLE | BEAD | GOLD | KT_14 | 1ct | imgs:3
[00:23:08][PRINCESS] [3065] ? NIV-D35780C9AA635105 | BASKET | DOUBLE | BEAD | GOLD | KT_14 | 1ct | imgs:3
[00:23:11][PRINCESS] [3066] ? NIV-D35780C9AA635105 | BASKET | DOUBLE | BEAD | GOLD | KT_14 | 1ct | imgs:3
[00:23:15][PRINCESS] [3067] ? NIV-D35780C9AA635105 | BASKET | DOUBLE | BEAD | GOLD | KT_14 | 1ct | imgs:3
[00:23:17][PRINCESS] [3068] ? NIV-3D90B2EE3D244A70 | BASKET | DOUBLE | BEAD | GOLD | KT_14 | 1ct | imgs:3
[00:23:20][PRINCESS] [3069] ? NIV-3D90B2EE3D244A70 | BASKET | DOUBLE | BEAD | GOLD | KT_14 | 1ct | imgs:3
[00:23:23][PRINCESS] [3070] ? NIV-3D90B2EE3D244A70 | BASKET | DOUBLE | BEAD | GOLD | KT_14 | 1ct | imgs:3
[00:23:29][PRINCESS] [3071] ? NIV-EACE23B1EFE9CCCA | BASKET | DOUBLE | BEAD | GOLD | KT_18 | 1ct | imgs:3
[00:23:32][PRINCESS] [3072] ? NIV-EACE23B1EFE9CCCA | BASKET | DOUBLE | BEAD | GOLD | KT_18 | 1ct | imgs:3
[00:23:38][PRINCESS] [3073] ? NIV-EACE23B1EFE9CCCA | BASKET | DOUBLE | BEAD | GOLD | KT_18 | 1ct | imgs:3
[00:23:41][PRINCESS] [3074] ? NIV-7BCE80CC9759EB69 | BASKET | DOUBLE | BEAD | GOLD | KT_18 | 1ct | imgs:3
[00:23:45][PRINCESS] [3075] ? NIV-7BCE80CC9759EB69 | BASKET | DOUBLE | BEAD | GOLD | KT_18 | 1ct | imgs:3
[00:23:50][PRINCESS] [3076] ? NIV-7BCE80CC9759EB69 | BASKET | DOUBLE | BEAD | GOLD | KT_18 | 1ct | imgs:3
[00:23:53][PRINCESS] [3077] ? NIV-E292C9E61D114F8B | BASKET | DOUBLE | BEAD | GOLD | KT_18 | 1ct | imgs:3
[00:23:56][PRINCESS] [3078] ? NIV-E292C9E61D114F8B | BASKET | DOUBLE | BEAD | GOLD | KT_18 | 1ct | imgs:3
[00:24:02][PRINCESS] [3079] ? NIV-E292C9E61D114F8B | BASKET | DOUBLE | BEAD | GOLD | KT_18 | 1ct | imgs:3
[00:24:05][PRINCESS] [3080] ? NIV-3D3F3BECE4322C7B | BASKET | DOUBLE | BEAD | PLATINUM | PT_950 | 1ct | imgs:3
[00:24:11][PRINCESS] [3081] ? NIV-E73C035DA49DE9C3 | BASKET | DOUBLE | BEAD | GOLD | KT_10 | 1ct | imgs:3
[00:24:14][PRINCESS] [3082] ? NIV-E73C035DA49DE9C3 | BASKET | DOUBLE | BEAD | GOLD | KT_10 | 1ct | imgs:3
[00:24:18][PRINCESS] [3083] ? NIV-E73C035DA49DE9C3 | BASKET | DOUBLE | BEAD | GOLD | KT_10 | 1ct | imgs:3
[00:24:21][PRINCESS] [3084] ? NIV-E8D654DD3775B388 | BASKET | DOUBLE | BEAD | GOLD | KT_10 | 1ct | imgs:3
[00:24:26][PRINCESS] [3085] ? NIV-E8D654DD3775B388 | BASKET | DOUBLE | BEAD | GOLD | KT_10 | 1ct | imgs:3
[00:24:29][PRINCESS] [3086] ? NIV-E8D654DD3775B388 | BASKET | DOUBLE | BEAD | GOLD | KT_10 | 1ct | imgs:3
[00:24:32][PRINCESS] [3087] ? NIV-9A4AF05A98FFCE8A | BASKET | DOUBLE | BEAD | GOLD | KT_10 | 1ct | imgs:3
[00:24:35][PRINCESS] [3088] ? NIV-9A4AF05A98FFCE8A | BASKET | DOUBLE | BEAD | GOLD | KT_10 | 1ct | imgs:3
[00:24:39][PRINCESS] [3089] ? NIV-9A4AF05A98FFCE8A | BASKET | DOUBLE | BEAD | GOLD | KT_10 | 1ct | imgs:3
[00:24:41][PRINCESS] [3090] ? NIV-A67593B892D13C22 | BASKET | DOUBLE | BEAD | GOLD | KT_14 | 1ct | imgs:3
[00:24:44][PRINCESS] [3091] ? NIV-A67593B892D13C22 | BASKET | DOUBLE | BEAD | GOLD | KT_14 | 1ct | imgs:3
[00:24:50][PRINCESS] [3092] ? NIV-A67593B892D13C22 | BASKET | DOUBLE | BEAD | GOLD | KT_14 | 1ct | imgs:3
[00:24:53][PRINCESS] [3093] ? NIV-12345923D1D322C3 | BASKET | DOUBLE | BEAD | GOLD | KT_14 | 1ct | imgs:3
[00:24:56][PRINCESS] [3094] ? NIV-12345923D1D322C3 | BASKET | DOUBLE | BEAD | GOLD | KT_14 | 1ct | imgs:3
[00:25:00][PRINCESS] [3095] ? NIV-12345923D1D322C3 | BASKET | DOUBLE | BEAD | GOLD | KT_14 | 1ct | imgs:3
[00:25:02][PRINCESS] [3096] ? NIV-E775533E060BEE4E | BASKET | DOUBLE | BEAD | GOLD | KT_14 | 1ct | imgs:3
[00:25:05][PRINCESS] [3097] ? NIV-E775533E060BEE4E | BASKET | DOUBLE | BEAD | GOLD | KT_14 | 1ct | imgs:3
[00:25:09][PRINCESS] [3098] ? NIV-E775533E060BEE4E | BASKET | DOUBLE | BEAD | GOLD | KT_14 | 1ct | imgs:3
[00:25:14][PRINCESS] [3099] ? NIV-FA2B59172D4D94DE | BASKET | DOUBLE | BEAD | GOLD | KT_18 | 1ct | imgs:3
[00:25:17][PRINCESS] [3100] ? NIV-FA2B59172D4D94DE | BASKET | DOUBLE | BEAD | GOLD | KT_18 | 1ct | imgs:3
[00:25:20][PRINCESS] [3101] ? NIV-FA2B59172D4D94DE | BASKET | DOUBLE | BEAD | GOLD | KT_18 | 1ct | imgs:3
[00:25:23][PRINCESS] [3102] ? NIV-C9AE63387F67044B | BASKET | DOUBLE | BEAD | GOLD | KT_18 | 1ct | imgs:3
[00:25:27][PRINCESS] [3103] ? NIV-C9AE63387F67044B | BASKET | DOUBLE | BEAD | GOLD | KT_18 | 1ct | imgs:3
[00:25:32][PRINCESS] [3104] ? NIV-C9AE63387F67044B | BASKET | DOUBLE | BEAD | GOLD | KT_18 | 1ct | imgs:3
[00:25:35][PRINCESS] [3105] ? NIV-9FF22B406668A65C | BASKET | DOUBLE | BEAD | GOLD | KT_18 | 1ct | imgs:3
[00:25:38][PRINCESS] [3106] ? NIV-9FF22B406668A65C | BASKET | DOUBLE | BEAD | GOLD | KT_18 | 1ct | imgs:3
[00:25:42][PRINCESS] [3107] ? NIV-9FF22B406668A65C | BASKET | DOUBLE | BEAD | GOLD | KT_18 | 1ct | imgs:3
[00:25:44][PRINCESS] [3108] ? NIV-7FA486B0E40A0F5E | BASKET | DOUBLE | BEAD | PLATINUM | PT_950 | 1ct | imgs:3
[00:25:50][PRINCESS] [3109] ? NIV-81C7A7E5105224A1 | BASKET | DOUBLE | BEAD | GOLD | KT_10 | 1ct | imgs:3
[00:25:54][PRINCESS] [3110] ? NIV-81C7A7E5105224A1 | BASKET | DOUBLE | BEAD | GOLD | KT_10 | 1ct | imgs:3
[00:25:59][PRINCESS] [3111] ? NIV-81C7A7E5105224A1 | BASKET | DOUBLE | BEAD | GOLD | KT_10 | 1ct | imgs:3
[00:26:02][PRINCESS] [3112] ? NIV-8CD65ED5984A84A8 | BASKET | DOUBLE | BEAD | GOLD | KT_10 | 1ct | imgs:3
[00:26:05][PRINCESS] [3113] ? NIV-8CD65ED5984A84A8 | BASKET | DOUBLE | BEAD | GOLD | KT_10 | 1ct | imgs:3
[00:26:08][PRINCESS] [3114] ? NIV-8CD65ED5984A84A8 | BASKET | DOUBLE | BEAD | GOLD | KT_10 | 1ct | imgs:3
[00:26:19][PRINCESS] [3115] ??  NIV-8CD65ED5984A84A8 | BASKET | DOUBLE | BEAD | GOLD | KT_10 | 1ct | imgs:0
[00:26:23][PRINCESS] [3116] ? NIV-21D7A66EBA223F36 | BASKET | DOUBLE | BEAD | GOLD | KT_10 | 1ct | imgs:3
[00:26:26][PRINCESS] [3117] ? NIV-21D7A66EBA223F36 | BASKET | DOUBLE | BEAD | GOLD | KT_10 | 1ct | imgs:3
[00:26:30][PRINCESS] [3118] ? NIV-251B52EF3451897B | BASKET | DOUBLE | BEAD | GOLD | KT_14 | 1ct | imgs:3
[00:26:35][PRINCESS] [3119] ? NIV-251B52EF3451897B | BASKET | DOUBLE | BEAD | GOLD | KT_14 | 1ct | imgs:3
[00:26:39][PRINCESS] [3120] ? NIV-251B52EF3451897B | BASKET | DOUBLE | BEAD | GOLD | KT_14 | 1ct | imgs:3
[00:26:41][PRINCESS] [3121] ? NIV-717F071733393E05 | BASKET | DOUBLE | BEAD | GOLD | KT_14 | 1ct | imgs:3
[00:26:44][PRINCESS] [3122] ? NIV-717F071733393E05 | BASKET | DOUBLE | BEAD | GOLD | KT_14 | 1ct | imgs:3
[00:26:48][PRINCESS] [3123] ? NIV-717F071733393E05 | BASKET | DOUBLE | BEAD | GOLD | KT_14 | 1ct | imgs:3
[00:26:50][PRINCESS] [3124] ? NIV-C766CC13DDE47FE1 | BASKET | DOUBLE | BEAD | GOLD | KT_14 | 1ct | imgs:3
[00:26:56][PRINCESS] [3125] ? NIV-C766CC13DDE47FE1 | BASKET | DOUBLE | BEAD | GOLD | KT_14 | 1ct | imgs:3
[00:26:59][PRINCESS] [3126] ? NIV-C766CC13DDE47FE1 | BASKET | DOUBLE | BEAD | GOLD | KT_14 | 1ct | imgs:3
[00:27:02][PRINCESS] [3127] ? NIV-84C8F3DE4D5B5626 | BASKET | DOUBLE | BEAD | GOLD | KT_18 | 1ct | imgs:3
[00:27:05][PRINCESS] [3128] ? NIV-84C8F3DE4D5B5626 | BASKET | DOUBLE | BEAD | GOLD | KT_18 | 1ct | imgs:3
[00:27:11][PRINCESS] [3129] ? NIV-84C8F3DE4D5B5626 | BASKET | DOUBLE | BEAD | GOLD | KT_18 | 1ct | imgs:3
[00:27:14][PRINCESS] [3130] ? NIV-5C33FD36DDC0E960 | BASKET | DOUBLE | BEAD | GOLD | KT_18 | 1ct | imgs:3
[00:27:17][PRINCESS] [3131] ? NIV-5C33FD36DDC0E960 | BASKET | DOUBLE | BEAD | GOLD | KT_18 | 1ct | imgs:3
[00:27:21][PRINCESS] [3132] ? NIV-5C33FD36DDC0E960 | BASKET | DOUBLE | BEAD | GOLD | KT_18 | 1ct | imgs:3
[00:27:23][PRINCESS] [3133] ? NIV-81A9A589DA7DAE0A | BASKET | DOUBLE | BEAD | GOLD | KT_18 | 1ct | imgs:3
[00:27:29][PRINCESS] [3134] ? NIV-81A9A589DA7DAE0A | BASKET | DOUBLE | BEAD | GOLD | KT_18 | 1ct | imgs:3
[00:27:32][PRINCESS] [3135] ? NIV-81A9A589DA7DAE0A | BASKET | DOUBLE | BEAD | GOLD | KT_18 | 1ct | imgs:3
[00:27:35][PRINCESS] [3136] ? NIV-655D42BCBFA3AC56 | BASKET | DOUBLE | BEAD | PLATINUM | PT_950 | 1ct | imgs:3
[00:27:41][PRINCESS] [3137] ? NIV-D1B197CA66269A38 | BASKET | DOUBLE | BEAD | GOLD | KT_10 | 1ct | imgs:3
[00:27:44][PRINCESS] [3138] ? NIV-D1B197CA66269A38 | BASKET | DOUBLE | BEAD | GOLD | KT_10 | 1ct | imgs:3
[00:27:47][PRINCESS] [3139] ? NIV-D1B197CA66269A38 | BASKET | DOUBLE | BEAD | GOLD | KT_10 | 1ct | imgs:3
[00:27:50][PRINCESS] [3140] ? NIV-834251F956B163C1 | BASKET | DOUBLE | BEAD | GOLD | KT_10 | 1ct | imgs:3
[00:27:53][PRINCESS] [3141] ? NIV-834251F956B163C1 | BASKET | DOUBLE | BEAD | GOLD | KT_10 | 1ct | imgs:3
[00:27:57][PRINCESS] [3142] ? NIV-834251F956B163C1 | BASKET | DOUBLE | BEAD | GOLD | KT_10 | 1ct | imgs:3
[00:28:00][PRINCESS] [3143] ? NIV-AAF0A6093F24F887 | BASKET | DOUBLE | BEAD | GOLD | KT_10 | 1ct | imgs:1
[00:28:05][PRINCESS] [3144] ? NIV-AAF0A6093F24F887 | BASKET | DOUBLE | BEAD | GOLD | KT_10 | 1ct | imgs:3
[00:28:08][PRINCESS] [3145] ? NIV-AAF0A6093F24F887 | BASKET | DOUBLE | BEAD | GOLD | KT_10 | 1ct | imgs:3
[00:28:14][PRINCESS] [3146] ? NIV-C988DD03BFC1D67D | BASKET | DOUBLE | BEAD | GOLD | KT_14 | 1ct | imgs:3
[00:28:17][PRINCESS] [3147] ? NIV-C988DD03BFC1D67D | BASKET | DOUBLE | BEAD | GOLD | KT_14 | 1ct | imgs:3
[00:28:23][PRINCESS] [3148] ? NIV-C988DD03BFC1D67D | BASKET | DOUBLE | BEAD | GOLD | KT_14 | 1ct | imgs:3
[00:28:26][PRINCESS] [3149] ? NIV-4C0EEDAA3D0EF1E7 | BASKET | DOUBLE | BEAD | GOLD | KT_14 | 1ct | imgs:3
[00:28:29][PRINCESS] [3150] ? NIV-4C0EEDAA3D0EF1E7 | BASKET | DOUBLE | BEAD | GOLD | KT_14 | 1ct | imgs:3
[00:28:32][PRINCESS] [3151] ? NIV-4C0EEDAA3D0EF1E7 | BASKET | DOUBLE | BEAD | GOLD | KT_14 | 1ct | imgs:3
[00:28:35][PRINCESS] [3152] ? NIV-4A738B0A37D31A9C | BASKET | DOUBLE | BEAD | GOLD | KT_14 | 1ct | imgs:3
[00:28:38][PRINCESS] [3153] ? NIV-4A738B0A37D31A9C | BASKET | DOUBLE | BEAD | GOLD | KT_14 | 1ct | imgs:3
[00:28:41][PRINCESS] [3154] ? NIV-4A738B0A37D31A9C | BASKET | DOUBLE | BEAD | GOLD | KT_14 | 1ct | imgs:3
[00:28:47][PRINCESS] [3155] ? NIV-315E83F6A5B871FB | BASKET | DOUBLE | BEAD | GOLD | KT_18 | 1ct | imgs:3
[00:28:50][PRINCESS] [3156] ? NIV-315E83F6A5B871FB | BASKET | DOUBLE | BEAD | GOLD | KT_18 | 1ct | imgs:3
[00:28:54][PRINCESS] [3157] ? NIV-315E83F6A5B871FB | BASKET | DOUBLE | BEAD | GOLD | KT_18 | 1ct | imgs:3
[00:28:56][PRINCESS] [3158] ? NIV-42DC6AA7308757DD | BASKET | DOUBLE | BEAD | GOLD | KT_18 | 1ct | imgs:3
[00:28:59][PRINCESS] [3159] ? NIV-42DC6AA7308757DD | BASKET | DOUBLE | BEAD | GOLD | KT_18 | 1ct | imgs:3
[00:29:05][PRINCESS] [3160] ? NIV-42DC6AA7308757DD | BASKET | DOUBLE | BEAD | GOLD | KT_18 | 1ct | imgs:3
[00:29:08][PRINCESS] [3161] ? NIV-381316350C9D99CC | BASKET | DOUBLE | BEAD | GOLD | KT_18 | 1ct | imgs:3
[00:29:11][PRINCESS] [3162] ? NIV-381316350C9D99CC | BASKET | DOUBLE | BEAD | GOLD | KT_18 | 1ct | imgs:3
[00:29:15][PRINCESS] [3163] ? NIV-381316350C9D99CC | BASKET | DOUBLE | BEAD | GOLD | KT_18 | 1ct | imgs:3
[00:29:17][PRINCESS] [3164] ? NIV-B37078D342F6F383 | BASKET | DOUBLE | BEAD | PLATINUM | PT_950 | 1ct | imgs:3
[00:29:23][PRINCESS] [3165] ? NIV-69B9E7A98EAA5D1D | BASKET | DOUBLE | BEAD | GOLD | KT_10 | 1ct | imgs:3
[00:29:26][PRINCESS] [3166] ? NIV-69B9E7A98EAA5D1D | BASKET | DOUBLE | BEAD | GOLD | KT_10 | 1ct | imgs:3
[00:29:29][PRINCESS] [3167] ? NIV-69B9E7A98EAA5D1D | BASKET | DOUBLE | BEAD | GOLD | KT_10 | 1ct | imgs:3
[00:29:32][PRINCESS] [3168] ? NIV-564B436B309B91EB | BASKET | DOUBLE | BEAD | GOLD | KT_10 | 1ct | imgs:3
[00:29:35][PRINCESS] [3169] ? NIV-564B436B309B91EB | BASKET | DOUBLE | BEAD | GOLD | KT_10 | 1ct | imgs:3
[00:29:38][PRINCESS] [3170] ? NIV-564B436B309B91EB | BASKET | DOUBLE | BEAD | GOLD | KT_10 | 1ct | imgs:3
[00:29:41][PRINCESS] [3171] ? NIV-59B4B242676FF730 | BASKET | DOUBLE | BEAD | GOLD | KT_10 | 1ct | imgs:3
[00:29:44][PRINCESS] [3172] ? NIV-59B4B242676FF730 | BASKET | DOUBLE | BEAD | GOLD | KT_10 | 1ct | imgs:3
[00:29:47][PRINCESS] [3173] ? NIV-59B4B242676FF730 | BASKET | DOUBLE | BEAD | GOLD | KT_10 | 1ct | imgs:3
[00:29:53][PRINCESS] [3174] ? NIV-084571159C30BEA5 | BASKET | DOUBLE | BEAD | GOLD | KT_14 | 1ct | imgs:3
[00:29:56][PRINCESS] [3175] ? NIV-084571159C30BEA5 | BASKET | DOUBLE | BEAD | GOLD | KT_14 | 1ct | imgs:3
[00:29:59][PRINCESS] [3176] ? NIV-084571159C30BEA5 | BASKET | DOUBLE | BEAD | GOLD | KT_14 | 1ct | imgs:3
[00:30:02][PRINCESS] [3177] ? NIV-DB343D0BBE27DE23 | BASKET | DOUBLE | BEAD | GOLD | KT_14 | 1ct | imgs:3
[00:30:05][PRINCESS] [3178] ? NIV-DB343D0BBE27DE23 | BASKET | DOUBLE | BEAD | GOLD | KT_14 | 1ct | imgs:3
[00:30:09][PRINCESS] [3179] ? NIV-DB343D0BBE27DE23 | BASKET | DOUBLE | BEAD | GOLD | KT_14 | 1ct | imgs:3
[00:30:11][PRINCESS] [3180] ? NIV-43FDB2891925E22E | BASKET | DOUBLE | BEAD | GOLD | KT_14 | 1ct | imgs:3
[00:30:14][PRINCESS] [3181] ? NIV-43FDB2891925E22E | BASKET | DOUBLE | BEAD | GOLD | KT_14 | 1ct | imgs:3
[00:30:18][PRINCESS] [3182] ? NIV-43FDB2891925E22E | BASKET | DOUBLE | BEAD | GOLD | KT_14 | 1ct | imgs:3
[00:30:20][PRINCESS] [3183] ? NIV-ECF257ABE811B148 | BASKET | DOUBLE | BEAD | GOLD | KT_18 | 1ct | imgs:3
[00:30:26][PRINCESS] [3184] ? NIV-ECF257ABE811B148 | BASKET | DOUBLE | BEAD | GOLD | KT_18 | 1ct | imgs:3
[00:30:29][PRINCESS] [3185] ? NIV-ECF257ABE811B148 | BASKET | DOUBLE | BEAD | GOLD | KT_18 | 1ct | imgs:3
[00:30:32][PRINCESS] [3186] ? NIV-8D421BC0D9E3E5B8 | BASKET | DOUBLE | BEAD | GOLD | KT_18 | 1ct | imgs:3
[00:30:38][PRINCESS] [3187] ? NIV-8D421BC0D9E3E5B8 | BASKET | DOUBLE | BEAD | GOLD | KT_18 | 1ct | imgs:3
[00:30:41][PRINCESS] [3188] ? NIV-8D421BC0D9E3E5B8 | BASKET | DOUBLE | BEAD | GOLD | KT_18 | 1ct | imgs:3
[00:30:44][PRINCESS] [3189] ? NIV-1C14814D416C05C2 | BASKET | DOUBLE | BEAD | GOLD | KT_18 | 1ct | imgs:3
[00:30:47][PRINCESS] [3190] ? NIV-1C14814D416C05C2 | BASKET | DOUBLE | BEAD | GOLD | KT_18 | 1ct | imgs:3
[00:30:50][PRINCESS] [3191] ? NIV-1C14814D416C05C2 | BASKET | DOUBLE | BEAD | GOLD | KT_18 | 1ct | imgs:3
[00:30:54][PRINCESS] [3192] ? NIV-54545ECE56C030C7 | BASKET | DOUBLE | BEAD | PLATINUM | PT_950 | 1ct | imgs:3
[00:30:59][PRINCESS] [3193] ? NIV-4A903D5E1D6DCB68 | BASKET | DOUBLE | BEAD | GOLD | KT_10 | 1ct | imgs:3
[00:31:02][PRINCESS] [3194] ? NIV-4A903D5E1D6DCB68 | BASKET | DOUBLE | BEAD | GOLD | KT_10 | 1ct | imgs:3
[00:31:06][PRINCESS] [3195] ? NIV-4A903D5E1D6DCB68 | BASKET | DOUBLE | BEAD | GOLD | KT_10 | 1ct | imgs:3
[00:31:08][PRINCESS] [3196] ? NIV-F183E43EB12BD46B | BASKET | DOUBLE | BEAD | GOLD | KT_10 | 1ct | imgs:3
[00:31:11][PRINCESS] [3197] ? NIV-F183E43EB12BD46B | BASKET | DOUBLE | BEAD | GOLD | KT_10 | 1ct | imgs:3
[00:31:15][PRINCESS] [3198] ? NIV-F183E43EB12BD46B | BASKET | DOUBLE | BEAD | GOLD | KT_10 | 1ct | imgs:3
[00:31:17][PRINCESS] [3199] ? NIV-549ED1555BF532CF | BASKET | DOUBLE | BEAD | GOLD | KT_10 | 1ct | imgs:3
[00:31:20][PRINCESS] [3200] ? NIV-549ED1555BF532CF | BASKET | DOUBLE | BEAD | GOLD | KT_10 | 1ct | imgs:3
[00:31:23][PRINCESS] [3201] ? NIV-549ED1555BF532CF | BASKET | DOUBLE | BEAD | GOLD | KT_10 | 1ct | imgs:3
[00:31:27][PRINCESS] [3202] ? NIV-65F0C4CE9411533D | BASKET | DOUBLE | BEAD | GOLD | KT_14 | 1ct | imgs:3
[00:31:32][PRINCESS] [3203] ? NIV-65F0C4CE9411533D | BASKET | DOUBLE | BEAD | GOLD | KT_14 | 1ct | imgs:3
[00:31:35][PRINCESS] [3204] ? NIV-65F0C4CE9411533D | BASKET | DOUBLE | BEAD | GOLD | KT_14 | 1ct | imgs:3
[00:31:38][PRINCESS] [3205] ? NIV-C50A5C169EAE4481 | BASKET | DOUBLE | BEAD | GOLD | KT_14 | 1ct | imgs:3
[00:31:41][PRINCESS] [3206] ? NIV-C50A5C169EAE4481 | BASKET | DOUBLE | BEAD | GOLD | KT_14 | 1ct | imgs:3
[00:31:47][PRINCESS] [3207] ? NIV-C50A5C169EAE4481 | BASKET | DOUBLE | BEAD | GOLD | KT_14 | 1ct | imgs:3
[00:31:50][PRINCESS] [3208] ? NIV-1BE2E28AA129BF9C | BASKET | DOUBLE | BEAD | GOLD | KT_14 | 1ct | imgs:3
[00:31:53][PRINCESS] [3209] ? NIV-1BE2E28AA129BF9C | BASKET | DOUBLE | BEAD | GOLD | KT_14 | 1ct | imgs:3
[00:31:56][PRINCESS] [3210] ? NIV-1BE2E28AA129BF9C | BASKET | DOUBLE | BEAD | GOLD | KT_14 | 1ct | imgs:3
[00:31:59][PRINCESS] [3211] ? NIV-C259FFF4BA190594 | BASKET | DOUBLE | BEAD | GOLD | KT_18 | 1ct | imgs:3
[00:32:05][PRINCESS] [3212] ? NIV-C259FFF4BA190594 | BASKET | DOUBLE | BEAD | GOLD | KT_18 | 1ct | imgs:3
[00:32:08][PRINCESS] [3213] ? NIV-C259FFF4BA190594 | BASKET | DOUBLE | BEAD | GOLD | KT_18 | 1ct | imgs:3
[00:32:11][PRINCESS] [3214] ? NIV-1B9BCDDE5F30FD77 | BASKET | DOUBLE | BEAD | GOLD | KT_18 | 1ct | imgs:3
[00:32:17][PRINCESS] [3215] ? NIV-1B9BCDDE5F30FD77 | BASKET | DOUBLE | BEAD | GOLD | KT_18 | 1ct | imgs:3
[00:32:21][PRINCESS] [3216] ? NIV-1B9BCDDE5F30FD77 | BASKET | DOUBLE | BEAD | GOLD | KT_18 | 1ct | imgs:3
[00:32:31][PRINCESS] [3217] ??  NIV-1B9BCDDE5F30FD77 | BASKET | DOUBLE | BEAD | GOLD | KT_18 | 1ct | imgs:0
[00:32:37][PRINCESS] [3218] ? NIV-71F96031FC420539 | BASKET | DOUBLE | BEAD | GOLD | KT_18 | 1ct | imgs:1
[00:32:41][PRINCESS] [3219] ? NIV-71F96031FC420539 | BASKET | DOUBLE | BEAD | GOLD | KT_18 | 1ct | imgs:3
[00:32:44][PRINCESS] [3220] ? NIV-4DDC020E6236CCF1 | BASKET | DOUBLE | BEAD | PLATINUM | PT_950 | 1ct | imgs:3
[00:32:50][PRINCESS] [3221] ? NIV-71F968D66C0AB2BE | BASKET | DOUBLE | BEAD | GOLD | KT_10 | 1ct | imgs:3
[00:32:56][PRINCESS] [3222] ? NIV-71F968D66C0AB2BE | BASKET | DOUBLE | BEAD | GOLD | KT_10 | 1ct | imgs:3
[00:32:59][PRINCESS] [3223] ? NIV-71F968D66C0AB2BE | BASKET | DOUBLE | BEAD | GOLD | KT_10 | 1ct | imgs:3
[00:33:03][PRINCESS] [3224] ? NIV-E369EB7C909AFC02 | BASKET | DOUBLE | BEAD | GOLD | KT_10 | 1ct | imgs:3
[00:33:08][PRINCESS] [3225] ? NIV-E369EB7C909AFC02 | BASKET | DOUBLE | BEAD | GOLD | KT_10 | 1ct | imgs:3
[00:33:11][PRINCESS] [3226] ? NIV-E369EB7C909AFC02 | BASKET | DOUBLE | BEAD | GOLD | KT_10 | 1ct | imgs:3
[00:33:14][PRINCESS] [3227] ? NIV-0398BADC62B2D4C3 | BASKET | DOUBLE | BEAD | GOLD | KT_10 | 1ct | imgs:3
[00:33:20][PRINCESS] [3228] ? NIV-0398BADC62B2D4C3 | BASKET | DOUBLE | BEAD | GOLD | KT_10 | 1ct | imgs:3
[00:33:23][PRINCESS] [3229] ? NIV-0398BADC62B2D4C3 | BASKET | DOUBLE | BEAD | GOLD | KT_10 | 1ct | imgs:3
[00:33:26][PRINCESS] [3230] ? NIV-052E0451DD46B5B0 | BASKET | DOUBLE | BEAD | GOLD | KT_14 | 1ct | imgs:3
[00:33:29][PRINCESS] [3231] ? NIV-052E0451DD46B5B0 | BASKET | DOUBLE | BEAD | GOLD | KT_14 | 1ct | imgs:3
[00:33:32][PRINCESS] [3232] ? NIV-052E0451DD46B5B0 | BASKET | DOUBLE | BEAD | GOLD | KT_14 | 1ct | imgs:3
[00:33:35][PRINCESS] [3233] ? NIV-C28D7AF4BDD154F0 | BASKET | DOUBLE | BEAD | GOLD | KT_14 | 1ct | imgs:3
[00:33:38][PRINCESS] [3234] ? NIV-C28D7AF4BDD154F0 | BASKET | DOUBLE | BEAD | GOLD | KT_14 | 1ct | imgs:3
[00:33:42][PRINCESS] [3235] ? NIV-C28D7AF4BDD154F0 | BASKET | DOUBLE | BEAD | GOLD | KT_14 | 1ct | imgs:3
[00:33:44][PRINCESS] [3236] ? NIV-3D4B7E245A0AB442 | BASKET | DOUBLE | BEAD | GOLD | KT_14 | 1ct | imgs:3
[00:33:47][PRINCESS] [3237] ? NIV-3D4B7E245A0AB442 | BASKET | DOUBLE | BEAD | GOLD | KT_14 | 1ct | imgs:3
[00:33:53][PRINCESS] [3238] ? NIV-3D4B7E245A0AB442 | BASKET | DOUBLE | BEAD | GOLD | KT_14 | 1ct | imgs:3
[00:33:56][PRINCESS] [3239] ? NIV-336F62D51AB84DBF | BASKET | DOUBLE | BEAD | GOLD | KT_18 | 1ct | imgs:3
[00:34:00][PRINCESS] [3240] ? NIV-336F62D51AB84DBF | BASKET | DOUBLE | BEAD | GOLD | KT_18 | 1ct | imgs:3
[00:34:05][PRINCESS] [3241] ? NIV-336F62D51AB84DBF | BASKET | DOUBLE | BEAD | GOLD | KT_18 | 1ct | imgs:3
[00:34:08][PRINCESS] [3242] ? NIV-DD8B4E8207803D99 | BASKET | DOUBLE | BEAD | GOLD | KT_18 | 1ct | imgs:3
[00:34:11][PRINCESS] [3243] ? NIV-DD8B4E8207803D99 | BASKET | DOUBLE | BEAD | GOLD | KT_18 | 1ct | imgs:3
[00:34:17][PRINCESS] [3244] ? NIV-DD8B4E8207803D99 | BASKET | DOUBLE | BEAD | GOLD | KT_18 | 1ct | imgs:3
[00:34:20][PRINCESS] [3245] ? NIV-53A47468BCE6DC99 | BASKET | DOUBLE | BEAD | GOLD | KT_18 | 1ct | imgs:3
[00:34:23][PRINCESS] [3246] ? NIV-53A47468BCE6DC99 | BASKET | DOUBLE | BEAD | GOLD | KT_18 | 1ct | imgs:3
[00:34:29][PRINCESS] [3247] ? NIV-53A47468BCE6DC99 | BASKET | DOUBLE | BEAD | GOLD | KT_18 | 1ct | imgs:3
[00:34:32][PRINCESS] [3248] ? NIV-42101059D4DF4718 | BASKET | DOUBLE | BEAD | PLATINUM | PT_950 | 1ct | imgs:3
[00:34:38][PRINCESS] [3249] ? NIV-CF5482AF48C8D429 | BASKET | DOUBLE | BEAD | GOLD | KT_10 | 1ct | imgs:3
[00:34:41][PRINCESS] [3250] ? NIV-CF5482AF48C8D429 | BASKET | DOUBLE | BEAD | GOLD | KT_10 | 1ct | imgs:3
[00:34:47][PRINCESS] [3251] ? NIV-CF5482AF48C8D429 | BASKET | DOUBLE | BEAD | GOLD | KT_10 | 1ct | imgs:3
[00:34:50][PRINCESS] [3252] ? NIV-F099684C8A379EA3 | BASKET | DOUBLE | BEAD | GOLD | KT_10 | 1ct | imgs:3
[00:34:53][PRINCESS] [3253] ? NIV-F099684C8A379EA3 | BASKET | DOUBLE | BEAD | GOLD | KT_10 | 1ct | imgs:3
[00:34:57][PRINCESS] [3254] ? NIV-F099684C8A379EA3 | BASKET | DOUBLE | BEAD | GOLD | KT_10 | 1ct | imgs:3
[00:35:00][PRINCESS] [3255] ? NIV-CE78FB4BCE8ACB85 | BASKET | DOUBLE | BEAD | GOLD | KT_10 | 1ct | imgs:1
[00:35:05][PRINCESS] [3256] ? NIV-CE78FB4BCE8ACB85 | BASKET | DOUBLE | BEAD | GOLD | KT_10 | 1ct | imgs:3
[00:35:08][PRINCESS] [3257] ? NIV-CE78FB4BCE8ACB85 | BASKET | DOUBLE | BEAD | GOLD | KT_10 | 1ct | imgs:3
[00:35:12][PRINCESS] [3258] ? NIV-F8868EE17476C66A | BASKET | DOUBLE | BEAD | GOLD | KT_14 | 1ct | imgs:3
[00:35:17][PRINCESS] [3259] ? NIV-F8868EE17476C66A | BASKET | DOUBLE | BEAD | GOLD | KT_14 | 1ct | imgs:3
[00:35:20][PRINCESS] [3260] ? NIV-F8868EE17476C66A | BASKET | DOUBLE | BEAD | GOLD | KT_14 | 1ct | imgs:3
[00:35:23][PRINCESS] [3261] ? NIV-1E31525C3AA4997E | BASKET | DOUBLE | BEAD | GOLD | KT_14 | 1ct | imgs:3
[00:35:26][PRINCESS] [3262] ? NIV-1E31525C3AA4997E | BASKET | DOUBLE | BEAD | GOLD | KT_14 | 1ct | imgs:3
[00:35:29][PRINCESS] [3263] ? NIV-1E31525C3AA4997E | BASKET | DOUBLE | BEAD | GOLD | KT_14 | 1ct | imgs:3
[00:35:32][PRINCESS] [3264] ? NIV-A3019C52AFF240E4 | BASKET | DOUBLE | BEAD | GOLD | KT_14 | 1ct | imgs:3
[00:35:35][PRINCESS] [3265] ? NIV-A3019C52AFF240E4 | BASKET | DOUBLE | BEAD | GOLD | KT_14 | 1ct | imgs:3
[00:35:39][PRINCESS] [3266] ? NIV-A3019C52AFF240E4 | BASKET | DOUBLE | BEAD | GOLD | KT_14 | 1ct | imgs:3
[00:35:44][PRINCESS] [3267] ? NIV-44191E9B3531F0B2 | BASKET | DOUBLE | BEAD | GOLD | KT_18 | 1ct | imgs:3
[00:35:47][PRINCESS] [3268] ? NIV-44191E9B3531F0B2 | BASKET | DOUBLE | BEAD | GOLD | KT_18 | 1ct | imgs:3
[00:35:50][PRINCESS] [3269] ? NIV-44191E9B3531F0B2 | BASKET | DOUBLE | BEAD | GOLD | KT_18 | 1ct | imgs:3
[00:35:54][PRINCESS] [3270] ? NIV-2E1E8F17F48EF031 | BASKET | DOUBLE | BEAD | GOLD | KT_18 | 1ct | imgs:1
[00:35:59][PRINCESS] [3271] ? NIV-2E1E8F17F48EF031 | BASKET | DOUBLE | BEAD | GOLD | KT_18 | 1ct | imgs:3
[00:36:02][PRINCESS] [3272] ? NIV-2E1E8F17F48EF031 | BASKET | DOUBLE | BEAD | GOLD | KT_18 | 1ct | imgs:3
[00:36:05][PRINCESS] [3273] ? NIV-C1B17ABFB924E42B | BASKET | DOUBLE | BEAD | GOLD | KT_18 | 1ct | imgs:3
[00:36:09][PRINCESS] [3274] ? NIV-C1B17ABFB924E42B | BASKET | DOUBLE | BEAD | GOLD | KT_18 | 1ct | imgs:3
[00:36:14][PRINCESS] [3275] ? NIV-C1B17ABFB924E42B | BASKET | DOUBLE | BEAD | GOLD | KT_18 | 1ct | imgs:3
[00:36:17][PRINCESS] [3276] ? NIV-2FAB6FE69F48E68C | BASKET | DOUBLE | BEAD | PLATINUM | PT_950 | 1ct | imgs:3
[00:36:23][PRINCESS] [3277] ? NIV-37D8143AF1E04D4C | BASKET | DOUBLE | BEAD | GOLD | KT_10 | 1ct | imgs:3
[00:36:26][PRINCESS] [3278] ? NIV-37D8143AF1E04D4C | BASKET | DOUBLE | BEAD | GOLD | KT_10 | 1ct | imgs:3
[00:36:29][PRINCESS] [3279] ? NIV-37D8143AF1E04D4C | BASKET | DOUBLE | BEAD | GOLD | KT_10 | 1ct | imgs:3
[00:36:32][PRINCESS] [3280] ? NIV-1558DC3159D8DAD0 | BASKET | DOUBLE | BEAD | GOLD | KT_10 | 1ct | imgs:3
[00:36:35][PRINCESS] [3281] ? NIV-1558DC3159D8DAD0 | BASKET | DOUBLE | BEAD | GOLD | KT_10 | 1ct | imgs:3
[00:36:41][PRINCESS] [3282] ? NIV-1558DC3159D8DAD0 | BASKET | DOUBLE | BEAD | GOLD | KT_10 | 1ct | imgs:3
[00:36:44][PRINCESS] [3283] ? NIV-67C12EC9717CF4EF | BASKET | DOUBLE | BEAD | GOLD | KT_10 | 1ct | imgs:3
[00:36:48][PRINCESS] [3284] ? NIV-67C12EC9717CF4EF | BASKET | DOUBLE | BEAD | GOLD | KT_10 | 1ct | imgs:3
[00:36:53][PRINCESS] [3285] ? NIV-67C12EC9717CF4EF | BASKET | DOUBLE | BEAD | GOLD | KT_10 | 1ct | imgs:3
[00:36:56][PRINCESS] [3286] ? NIV-782BBC7F4952049D | BASKET | DOUBLE | BEAD | GOLD | KT_14 | 1ct | imgs:3
[00:37:02][PRINCESS] [3287] ? NIV-782BBC7F4952049D | BASKET | DOUBLE | BEAD | GOLD | KT_14 | 1ct | imgs:3
[00:37:05][PRINCESS] [3288] ? NIV-782BBC7F4952049D | BASKET | DOUBLE | BEAD | GOLD | KT_14 | 1ct | imgs:3
[00:37:08][PRINCESS] [3289] ? NIV-24517437E4934829 | BASKET | DOUBLE | BEAD | GOLD | KT_14 | 1ct | imgs:3
[00:37:11][PRINCESS] [3290] ? NIV-24517437E4934829 | BASKET | DOUBLE | BEAD | GOLD | KT_14 | 1ct | imgs:3
[00:37:15][PRINCESS] [3291] ? NIV-24517437E4934829 | BASKET | DOUBLE | BEAD | GOLD | KT_14 | 1ct | imgs:3
[00:37:17][PRINCESS] [3292] ? NIV-A1F7EB30071BDA0A | BASKET | DOUBLE | BEAD | GOLD | KT_14 | 1ct | imgs:3
[00:37:23][PRINCESS] [3293] ? NIV-A1F7EB30071BDA0A | BASKET | DOUBLE | BEAD | GOLD | KT_14 | 1ct | imgs:3
[00:37:26][PRINCESS] [3294] ? NIV-A1F7EB30071BDA0A | BASKET | DOUBLE | BEAD | GOLD | KT_14 | 1ct | imgs:3
[00:37:30][PRINCESS] [3295] ? NIV-103C488162EB2BA4 | BASKET | DOUBLE | BEAD | GOLD | KT_18 | 1ct | imgs:3
[00:37:35][PRINCESS] [3296] ? NIV-103C488162EB2BA4 | BASKET | DOUBLE | BEAD | GOLD | KT_18 | 1ct | imgs:3
[00:37:41][PRINCESS] [3297] ? NIV-103C488162EB2BA4 | BASKET | DOUBLE | BEAD | GOLD | KT_18 | 1ct | imgs:3
[00:37:44][PRINCESS] [3298] ? NIV-145C2B6902D2FD5C | BASKET | DOUBLE | BEAD | GOLD | KT_18 | 1ct | imgs:1
[00:37:48][PRINCESS] [3299] ? NIV-145C2B6902D2FD5C | BASKET | DOUBLE | BEAD | GOLD | KT_18 | 1ct | imgs:3
[00:37:53][PRINCESS] [3300] ? NIV-145C2B6902D2FD5C | BASKET | DOUBLE | BEAD | GOLD | KT_18 | 1ct | imgs:3
[00:37:56][PRINCESS] [3301] ? NIV-006F81717A0B3543 | BASKET | DOUBLE | BEAD | GOLD | KT_18 | 1ct | imgs:3
[00:38:02][PRINCESS] [3302] ? NIV-006F81717A0B3543 | BASKET | DOUBLE | BEAD | GOLD | KT_18 | 1ct | imgs:3
[00:38:05][PRINCESS] [3303] ? NIV-006F81717A0B3543 | BASKET | DOUBLE | BEAD | GOLD | KT_18 | 1ct | imgs:3
[00:38:08][PRINCESS] [3304] ? NIV-2FB24BBC8C04455D | BASKET | DOUBLE | BEAD | PLATINUM | PT_950 | 1ct | imgs:3
[00:38:14][PRINCESS] [3305] ? NIV-4273BE85B6C08B19 | BASKET | DOUBLE | BEAD | GOLD | KT_10 | 1ct | imgs:3
[00:38:17][PRINCESS] [3306] ? NIV-4273BE85B6C08B19 | BASKET | DOUBLE | BEAD | GOLD | KT_10 | 1ct | imgs:3
[00:38:21][PRINCESS] [3307] ? NIV-4273BE85B6C08B19 | BASKET | DOUBLE | BEAD | GOLD | KT_10 | 1ct | imgs:3
[00:38:23][PRINCESS] [3308] ? NIV-F6FC224FD05339E6 | BASKET | DOUBLE | BEAD | GOLD | KT_10 | 1ct | imgs:3
[00:38:26][PRINCESS] [3309] ? NIV-F6FC224FD05339E6 | BASKET | DOUBLE | BEAD | GOLD | KT_10 | 1ct | imgs:3
[00:38:32][PRINCESS] [3310] ? NIV-F6FC224FD05339E6 | BASKET | DOUBLE | BEAD | GOLD | KT_10 | 1ct | imgs:3
[00:38:35][PRINCESS] [3311] ? NIV-E416A64B00BCF85D | BASKET | DOUBLE | BEAD | GOLD | KT_10 | 1ct | imgs:3
[00:38:38][PRINCESS] [3312] ? NIV-E416A64B00BCF85D | BASKET | DOUBLE | BEAD | GOLD | KT_10 | 1ct | imgs:3
[00:38:54][PRINCESS] [3313] ??  NIV-E416A64B00BCF85D | BASKET | DOUBLE | BEAD | GOLD | KT_10 | 1ct | imgs:0
[00:38:54][PRINCESS]   Re-seleccionando PRINCESS (intento 1)
[00:38:54][PRINCESS]   Boton no encontrado ? recargando configurador...
[00:39:08][PRINCESS]   Re-seleccionando PRINCESS (intento 2)
[00:39:11][PRINCESS] [3314] ? NIV-F34AF5BDF644C07A | BASKET | DOUBLE | BEAD | GOLD | KT_14 | 1ct | imgs:3
[00:39:14][PRINCESS] [3315] ? NIV-698B3CA179D651B0 | BASKET | DOUBLE | BEAD | GOLD | KT_14 | 1ct | imgs:3
[00:39:17][PRINCESS] [3316] ? NIV-1A11F2CBEEC5597B | BASKET | DOUBLE | BEAD | GOLD | KT_14 | 1ct | imgs:3
[00:39:20][PRINCESS] [3317] ? NIV-C060E2A24DD111E7 | BASKET | DOUBLE | BEAD | GOLD | KT_14 | 1ct | imgs:3
[00:39:23][PRINCESS] [3318] ? NIV-7838A50580DF5510 | BASKET | DOUBLE | BEAD | GOLD | KT_14 | 1ct | imgs:3
[00:39:26][PRINCESS] [3319] ? NIV-B270915ED2F750C3 | BASKET | DOUBLE | BEAD | GOLD | KT_14 | 1ct | imgs:3
[00:39:34][PRINCESS] [3320] ? NIV-7DEF84DFB6193FD7 | BASKET | DOUBLE | BEAD | GOLD | KT_14 | 1ct | imgs:3
[00:39:38][PRINCESS] [3321] ? NIV-D451A09F79C06A79 | BASKET | DOUBLE | BEAD | GOLD | KT_14 | 1ct | imgs:3
[00:39:41][PRINCESS] [3322] ? NIV-2E975135009E6CFF | BASKET | DOUBLE | BEAD | GOLD | KT_14 | 1ct | imgs:3
[00:39:44][PRINCESS] [3323] ? NIV-AF3BD9263C718FD4 | BASKET | DOUBLE | BEAD | GOLD | KT_18 | 1ct | imgs:3
[00:39:47][PRINCESS] [3324] ? NIV-98BF0980C9DD6B7C | BASKET | DOUBLE | BEAD | GOLD | KT_18 | 1ct | imgs:3
[00:39:50][PRINCESS] [3325] ? NIV-9B20FC0388DE71FC | BASKET | DOUBLE | BEAD | GOLD | KT_18 | 1ct | imgs:3
[00:39:53][PRINCESS] [3326] ? NIV-234DDF6A4230EB27 | BASKET | DOUBLE | BEAD | GOLD | KT_18 | 1ct | imgs:3
[00:39:56][PRINCESS] [3327] ? NIV-C195B2FECA12FF6D | BASKET | DOUBLE | BEAD | GOLD | KT_18 | 1ct | imgs:3
[00:39:59][PRINCESS] [3328] ? NIV-D523B9E5CDC530B2 | BASKET | DOUBLE | BEAD | GOLD | KT_18 | 1ct | imgs:3
[00:40:03][PRINCESS] [3329] ? NIV-8762805492320BC7 | BASKET | DOUBLE | BEAD | GOLD | KT_18 | 1ct | imgs:3
[00:40:05][PRINCESS] [3330] ? NIV-6BE6FEA286CDB358 | BASKET | DOUBLE | BEAD | GOLD | KT_18 | 1ct | imgs:3
[00:40:08][PRINCESS] [3331] ? NIV-668C33A2C18EE62A | BASKET | DOUBLE | BEAD | GOLD | KT_18 | 1ct | imgs:3
[00:40:11][PRINCESS] [3332] ? NIV-D04C0916386418DA | BASKET | DOUBLE | BEAD | PLATINUM | PT_950 | 1ct | imgs:3
[00:40:20][PRINCESS] [3333] ? NIV-1C69D37EE704B015 | BASKET | DOUBLE | BEAD | GOLD | KT_10 | 1ct | imgs:3
[00:40:26][PRINCESS] [3334] ? NIV-1C69D37EE704B015 | BASKET | DOUBLE | BEAD | GOLD | KT_10 | 1ct | imgs:3
[00:40:29][PRINCESS] [3335] ? NIV-1C69D37EE704B015 | BASKET | DOUBLE | BEAD | GOLD | KT_10 | 1ct | imgs:3
[00:40:32][PRINCESS] [3336] ? NIV-811C46B847CA0732 | BASKET | DOUBLE | BEAD | GOLD | KT_10 | 1ct | imgs:3
[00:40:35][PRINCESS] [3337] ? NIV-811C46B847CA0732 | BASKET | DOUBLE | BEAD | GOLD | KT_10 | 1ct | imgs:3
[00:40:41][PRINCESS] [3338] ? NIV-811C46B847CA0732 | BASKET | DOUBLE | BEAD | GOLD | KT_10 | 1ct | imgs:3
[00:40:46][PRINCESS] [3339] ? NIV-FD765475741E9C80 | BASKET | DOUBLE | BEAD | GOLD | KT_10 | 1ct | imgs:3
[00:40:50][PRINCESS] [3340] ? NIV-FD765475741E9C80 | BASKET | DOUBLE | BEAD | GOLD | KT_10 | 1ct | imgs:3
[00:40:53][PRINCESS] [3341] ? NIV-FD765475741E9C80 | BASKET | DOUBLE | BEAD | GOLD | KT_10 | 1ct | imgs:3
[00:40:59][PRINCESS] [3342] ? NIV-9ACE46542A509E6C | BASKET | DOUBLE | BEAD | GOLD | KT_14 | 1ct | imgs:3
[00:41:05][PRINCESS] [3343] ? NIV-9ACE46542A509E6C | BASKET | DOUBLE | BEAD | GOLD | KT_14 | 1ct | imgs:3
[00:41:08][PRINCESS] [3344] ? NIV-9ACE46542A509E6C | BASKET | DOUBLE | BEAD | GOLD | KT_14 | 1ct | imgs:3
[00:41:11][PRINCESS] [3345] ? NIV-13C385FD9A943A54 | BASKET | DOUBLE | BEAD | GOLD | KT_14 | 1ct | imgs:3
[00:41:14][PRINCESS] [3346] ? NIV-13C385FD9A943A54 | BASKET | DOUBLE | BEAD | GOLD | KT_14 | 1ct | imgs:3
[00:41:20][PRINCESS] [3347] ? NIV-13C385FD9A943A54 | BASKET | DOUBLE | BEAD | GOLD | KT_14 | 1ct | imgs:3
[00:41:23][PRINCESS] [3348] ? NIV-0F1C1E19C9630D17 | BASKET | DOUBLE | BEAD | GOLD | KT_14 | 1ct | imgs:3
[00:41:26][PRINCESS] [3349] ? NIV-0F1C1E19C9630D17 | BASKET | DOUBLE | BEAD | GOLD | KT_14 | 1ct | imgs:3
[00:41:32][PRINCESS] [3350] ? NIV-0F1C1E19C9630D17 | BASKET | DOUBLE | BEAD | GOLD | KT_14 | 1ct | imgs:3
[00:41:35][PRINCESS] [3351] ? NIV-6F3A50B412470C4A | BASKET | DOUBLE | BEAD | GOLD | KT_18 | 1ct | imgs:3
[00:41:41][PRINCESS] [3352] ? NIV-6F3A50B412470C4A | BASKET | DOUBLE | BEAD | GOLD | KT_18 | 1ct | imgs:3
[00:41:44][PRINCESS] [3353] ? NIV-6F3A50B412470C4A | BASKET | DOUBLE | BEAD | GOLD | KT_18 | 1ct | imgs:3
[00:41:47][PRINCESS] [3354] ? NIV-E0A21C19DB07E593 | BASKET | DOUBLE | BEAD | GOLD | KT_18 | 1ct | imgs:3
[00:41:50][PRINCESS] [3355] ? NIV-E0A21C19DB07E593 | BASKET | DOUBLE | BEAD | GOLD | KT_18 | 1ct | imgs:3
[00:41:53][PRINCESS] [3356] ? NIV-E0A21C19DB07E593 | BASKET | DOUBLE | BEAD | GOLD | KT_18 | 1ct | imgs:3
[00:41:56][PRINCESS] [3357] ? NIV-9E85C6E430E88F79 | BASKET | DOUBLE | BEAD | GOLD | KT_18 | 1ct | imgs:3
[00:41:59][PRINCESS] [3358] ? NIV-9E85C6E430E88F79 | BASKET | DOUBLE | BEAD | GOLD | KT_18 | 1ct | imgs:3
[00:42:05][PRINCESS] [3359] ? NIV-9E85C6E430E88F79 | BASKET | DOUBLE | BEAD | GOLD | KT_18 | 1ct | imgs:3
[00:42:08][PRINCESS] [3360] ? NIV-1BCFC959A1DB2708 | BASKET | DOUBLE | BEAD | PLATINUM | PT_950 | 1ct | imgs:3
[00:42:14][PRINCESS] [3361] ? NIV-98D2E0D074B6ACF3 | BASKET | DOUBLE_TWIST | NONE | GOLD | KT_10 | 1ct | imgs:3
[00:42:17][PRINCESS] [3362] ? NIV-98D2E0D074B6ACF3 | BASKET | DOUBLE_TWIST | NONE | GOLD | KT_10 | 1ct | imgs:3
[00:42:23][PRINCESS] [3363] ? NIV-98D2E0D074B6ACF3 | BASKET | DOUBLE_TWIST | NONE | GOLD | KT_10 | 1ct | imgs:3
[00:42:26][PRINCESS] [3364] ? NIV-569B6075B9772AF4 | BASKET | DOUBLE_TWIST | NONE | GOLD | KT_10 | 1ct | imgs:3
[00:42:29][PRINCESS] [3365] ? NIV-569B6075B9772AF4 | BASKET | DOUBLE_TWIST | NONE | GOLD | KT_10 | 1ct | imgs:3
[00:42:32][PRINCESS] [3366] ? NIV-569B6075B9772AF4 | BASKET | DOUBLE_TWIST | NONE | GOLD | KT_10 | 1ct | imgs:3
[00:42:35][PRINCESS] [3367] ? NIV-EEEB5ACF4A532DE9 | BASKET | DOUBLE_TWIST | NONE | GOLD | KT_10 | 1ct | imgs:3
[00:42:38][PRINCESS] [3368] ? NIV-EEEB5ACF4A532DE9 | BASKET | DOUBLE_TWIST | NONE | GOLD | KT_10 | 1ct | imgs:3
[00:42:41][PRINCESS] [3369] ? NIV-EEEB5ACF4A532DE9 | BASKET | DOUBLE_TWIST | NONE | GOLD | KT_10 | 1ct | imgs:3
[00:42:47][PRINCESS] [3370] ? NIV-5401DEB0732EB654 | BASKET | DOUBLE_TWIST | NONE | GOLD | KT_14 | 1ct | imgs:1
[00:42:53][PRINCESS] [3371] ? NIV-5401DEB0732EB654 | BASKET | DOUBLE_TWIST | NONE | GOLD | KT_14 | 1ct | imgs:3
[00:42:56][PRINCESS] [3372] ? NIV-5401DEB0732EB654 | BASKET | DOUBLE_TWIST | NONE | GOLD | KT_14 | 1ct | imgs:3
[00:43:02][PRINCESS] [3373] ? NIV-0FE6EDBDC223A0ED | BASKET | DOUBLE_TWIST | NONE | GOLD | KT_14 | 1ct | imgs:1
[00:43:05][PRINCESS] [3374] ? NIV-0FE6EDBDC223A0ED | BASKET | DOUBLE_TWIST | NONE | GOLD | KT_14 | 1ct | imgs:3
[00:43:11][PRINCESS] [3375] ? NIV-0FE6EDBDC223A0ED | BASKET | DOUBLE_TWIST | NONE | GOLD | KT_14 | 1ct | imgs:3
[00:43:14][PRINCESS] [3376] ? NIV-FA968FA390E91DA4 | BASKET | DOUBLE_TWIST | NONE | GOLD | KT_14 | 1ct | imgs:3
[00:43:17][PRINCESS] [3377] ? NIV-FA968FA390E91DA4 | BASKET | DOUBLE_TWIST | NONE | GOLD | KT_14 | 1ct | imgs:3
[00:43:20][PRINCESS] [3378] ? NIV-FA968FA390E91DA4 | BASKET | DOUBLE_TWIST | NONE | GOLD | KT_14 | 1ct | imgs:3
[00:43:27][PRINCESS] [3379] ? NIV-E81554BCE7260C31 | BASKET | DOUBLE_TWIST | NONE | GOLD | KT_18 | 1ct | imgs:1
[00:43:32][PRINCESS] [3380] ? NIV-E81554BCE7260C31 | BASKET | DOUBLE_TWIST | NONE | GOLD | KT_18 | 1ct | imgs:3
[00:43:35][PRINCESS] [3381] ? NIV-E81554BCE7260C31 | BASKET | DOUBLE_TWIST | NONE | GOLD | KT_18 | 1ct | imgs:3
[00:43:38][PRINCESS] [3382] ? NIV-F6B8C2F993F6184E | BASKET | DOUBLE_TWIST | NONE | GOLD | KT_18 | 1ct | imgs:3
[00:43:41][PRINCESS] [3383] ? NIV-F6B8C2F993F6184E | BASKET | DOUBLE_TWIST | NONE | GOLD | KT_18 | 1ct | imgs:3
[00:43:47][PRINCESS] [3384] ? NIV-F6B8C2F993F6184E | BASKET | DOUBLE_TWIST | NONE | GOLD | KT_18 | 1ct | imgs:3
[00:43:50][PRINCESS] [3385] ? NIV-9F284E9D2F7B923D | BASKET | DOUBLE_TWIST | NONE | GOLD | KT_18 | 1ct | imgs:3
[00:43:53][PRINCESS] [3386] ? NIV-9F284E9D2F7B923D | BASKET | DOUBLE_TWIST | NONE | GOLD | KT_18 | 1ct | imgs:3
[00:43:56][PRINCESS] [3387] ? NIV-9F284E9D2F7B923D | BASKET | DOUBLE_TWIST | NONE | GOLD | KT_18 | 1ct | imgs:3
[00:43:59][PRINCESS] [3388] ? NIV-940F9BE6BD90D26C | BASKET | DOUBLE_TWIST | NONE | PLATINUM | PT_950 | 1ct | imgs:3
[00:44:06][PRINCESS] [3389] ? NIV-79AE0BC63165B77C | BASKET | DOUBLE_TWIST | NONE | GOLD | KT_10 | 1ct | imgs:3
[00:44:08][PRINCESS] [3390] ? NIV-9EB47F9895FCEE56 | BASKET | DOUBLE_TWIST | NONE | GOLD | KT_10 | 1ct | imgs:3
[00:44:11][PRINCESS] [3391] ? NIV-1F78E48457570BF5 | BASKET | DOUBLE_TWIST | NONE | GOLD | KT_10 | 1ct | imgs:3
[00:44:16][PRINCESS] [3392] ? NIV-D66EF95036F00195 | BASKET | DOUBLE_TWIST | NONE | GOLD | KT_10 | 1ct | imgs:1
[00:44:20][PRINCESS] [3393] ? NIV-C75A03F1605FC333 | BASKET | DOUBLE_TWIST | NONE | GOLD | KT_10 | 1ct | imgs:3
[00:44:23][PRINCESS] [3394] ? NIV-044F51873885B703 | BASKET | DOUBLE_TWIST | NONE | GOLD | KT_10 | 1ct | imgs:3
[00:44:26][PRINCESS] [3395] ? NIV-8F58B5C660D41970 | BASKET | DOUBLE_TWIST | NONE | GOLD | KT_10 | 1ct | imgs:3
[00:44:29][PRINCESS] [3396] ? NIV-1750840921446726 | BASKET | DOUBLE_TWIST | NONE | GOLD | KT_10 | 1ct | imgs:3
[00:44:32][PRINCESS] [3397] ? NIV-CD6B6AE6C651E5E4 | BASKET | DOUBLE_TWIST | NONE | GOLD | KT_10 | 1ct | imgs:3
[00:44:38][PRINCESS] [3398] ? NIV-526DB074DA5112C2 | BASKET | DOUBLE_TWIST | NONE | GOLD | KT_14 | 1ct | imgs:3
[00:44:41][PRINCESS] [3399] ? NIV-0B98F4F3080F3B45 | BASKET | DOUBLE_TWIST | NONE | GOLD | KT_14 | 1ct | imgs:3
[00:44:44][PRINCESS] [3400] ? NIV-33D0E6C6EBDF7858 | BASKET | DOUBLE_TWIST | NONE | GOLD | KT_14 | 1ct | imgs:3
[00:44:47][PRINCESS] [3401] ? NIV-59AC84F5B1B78B0D | BASKET | DOUBLE_TWIST | NONE | GOLD | KT_14 | 1ct | imgs:2
[00:44:50][PRINCESS] [3402] ? NIV-D6D32E595E9A0AFA | BASKET | DOUBLE_TWIST | NONE | GOLD | KT_14 | 1ct | imgs:3
[00:44:53][PRINCESS] [3403] ? NIV-B2F88BDE2E8C33B3 | BASKET | DOUBLE_TWIST | NONE | GOLD | KT_14 | 1ct | imgs:3
[00:44:56][PRINCESS] [3404] ? NIV-457BA2B5EC390326 | BASKET | DOUBLE_TWIST | NONE | GOLD | KT_14 | 1ct | imgs:3
[00:44:59][PRINCESS] [3405] ? NIV-C186DB42F795AFFF | BASKET | DOUBLE_TWIST | NONE | GOLD | KT_14 | 1ct | imgs:3
[00:45:02][PRINCESS] [3406] ? NIV-C535A2807F70FA61 | BASKET | DOUBLE_TWIST | NONE | GOLD | KT_14 | 1ct | imgs:3
[00:45:05][PRINCESS] [3407] ? NIV-8A1F74415FA178DA | BASKET | DOUBLE_TWIST | NONE | GOLD | KT_18 | 1ct | imgs:3
[00:45:08][PRINCESS] [3408] ? NIV-FA544A0AD3E75B39 | BASKET | DOUBLE_TWIST | NONE | GOLD | KT_18 | 1ct | imgs:3
[00:45:11][PRINCESS] [3409] ? NIV-9B58EDE438B1EAA2 | BASKET | DOUBLE_TWIST | NONE | GOLD | KT_18 | 1ct | imgs:3
[00:45:14][PRINCESS] [3410] ? NIV-07ED8A428C9BC8A9 | BASKET | DOUBLE_TWIST | NONE | GOLD | KT_18 | 1ct | imgs:3
[00:45:17][PRINCESS] [3411] ? NIV-D5CE72B38AB7C973 | BASKET | DOUBLE_TWIST | NONE | GOLD | KT_18 | 1ct | imgs:3
[00:45:20][PRINCESS] [3412] ? NIV-B5C9AF3F44EA3308 | BASKET | DOUBLE_TWIST | NONE | GOLD | KT_18 | 1ct | imgs:3
[00:45:23][PRINCESS] [3413] ? NIV-741C70D6CE314BA4 | BASKET | DOUBLE_TWIST | NONE | GOLD | KT_18 | 1ct | imgs:3
[00:45:26][PRINCESS] [3414] ? NIV-0A44F15B7024FA4F | BASKET | DOUBLE_TWIST | NONE | GOLD | KT_18 | 1ct | imgs:3
[00:45:30][PRINCESS] [3415] ? NIV-E6A7AA3DC3F20CB9 | BASKET | DOUBLE_TWIST | NONE | GOLD | KT_18 | 1ct | imgs:2
[00:45:35][PRINCESS] [3416] ? NIV-1887AC665215DB6F | BASKET | DOUBLE_TWIST | NONE | PLATINUM | PT_950 | 1ct | imgs:3
[00:45:37][PRINCESS]   Re-seleccionando PRINCESS (intento 1)
[00:45:41][PRINCESS] [3417] ? NIV-58D80612BA34FED5 | BASKET | DOUBLE_TWIST | NONE | GOLD | KT_10 | 1ct | imgs:3
[00:45:44][PRINCESS] [3418] ? NIV-C00CC1E1B633A0E6 | BASKET | DOUBLE_TWIST | NONE | GOLD | KT_10 | 1ct | imgs:2
[00:45:47][PRINCESS] [3419] ? NIV-A9FEEAD73232E242 | BASKET | DOUBLE_TWIST | NONE | GOLD | KT_10 | 1ct | imgs:3
[00:45:50][PRINCESS] [3420] ? NIV-7198B0FB30179C7F | BASKET | DOUBLE_TWIST | NONE | GOLD | KT_10 | 1ct | imgs:3
[00:45:55][PRINCESS] [3421] ? NIV-E2C7AB49DE806B73 | BASKET | DOUBLE_TWIST | NONE | GOLD | KT_10 | 1ct | imgs:3
[00:45:59][PRINCESS] [3422] ? NIV-6D95AB763D585528 | BASKET | DOUBLE_TWIST | NONE | GOLD | KT_10 | 1ct | imgs:3
[00:46:02][PRINCESS] [3423] ? NIV-46DA39283D61D6BC | BASKET | DOUBLE_TWIST | NONE | GOLD | KT_10 | 1ct | imgs:3
[00:46:05][PRINCESS] [3424] ? NIV-35370568AF326438 | BASKET | DOUBLE_TWIST | NONE | GOLD | KT_10 | 1ct | imgs:3
[00:46:08][PRINCESS] [3425] ? NIV-5A0398DDCC86DF0F | BASKET | DOUBLE_TWIST | NONE | GOLD | KT_10 | 1ct | imgs:3
[00:46:14][PRINCESS] [3426] ? NIV-F34AF5BDF644C07A | BASKET | DOUBLE_TWIST | NONE | GOLD | KT_14 | 1ct | imgs:3
[00:46:17][PRINCESS] [3427] ? NIV-698B3CA179D651B0 | BASKET | DOUBLE_TWIST | NONE | GOLD | KT_14 | 1ct | imgs:3
[00:46:20][PRINCESS] [3428] ? NIV-1A11F2CBEEC5597B | BASKET | DOUBLE_TWIST | NONE | GOLD | KT_14 | 1ct | imgs:3
[00:46:23][PRINCESS] [3429] ? NIV-C060E2A24DD111E7 | BASKET | DOUBLE_TWIST | NONE | GOLD | KT_14 | 1ct | imgs:3
[00:46:26][PRINCESS] [3430] ? NIV-7838A50580DF5510 | BASKET | DOUBLE_TWIST | NONE | GOLD | KT_14 | 1ct | imgs:3
[00:46:29][PRINCESS] [3431] ? NIV-B270915ED2F750C3 | BASKET | DOUBLE_TWIST | NONE | GOLD | KT_14 | 1ct | imgs:3
[00:46:32][PRINCESS] [3432] ? NIV-7DEF84DFB6193FD7 | BASKET | DOUBLE_TWIST | NONE | GOLD | KT_14 | 1ct | imgs:3
[00:46:35][PRINCESS] [3433] ? NIV-D451A09F79C06A79 | BASKET | DOUBLE_TWIST | NONE | GOLD | KT_14 | 1ct | imgs:3
[00:46:38][PRINCESS] [3434] ? NIV-2E975135009E6CFF | BASKET | DOUBLE_TWIST | NONE | GOLD | KT_14 | 1ct | imgs:3
[00:46:41][PRINCESS] [3435] ? NIV-AF3BD9263C718FD4 | BASKET | DOUBLE_TWIST | NONE | GOLD | KT_18 | 1ct | imgs:3
[00:46:44][PRINCESS] [3436] ? NIV-98BF0980C9DD6B7C | BASKET | DOUBLE_TWIST | NONE | GOLD | KT_18 | 1ct | imgs:3
[00:46:47][PRINCESS] [3437] ? NIV-9B20FC0388DE71FC | BASKET | DOUBLE_TWIST | NONE | GOLD | KT_18 | 1ct | imgs:3
[00:46:50][PRINCESS] [3438] ? NIV-234DDF6A4230EB27 | BASKET | DOUBLE_TWIST | NONE | GOLD | KT_18 | 1ct | imgs:3
[00:46:53][PRINCESS] [3439] ? NIV-C195B2FECA12FF6D | BASKET | DOUBLE_TWIST | NONE | GOLD | KT_18 | 1ct | imgs:3
[00:46:56][PRINCESS] [3440] ? NIV-D523B9E5CDC530B2 | BASKET | DOUBLE_TWIST | NONE | GOLD | KT_18 | 1ct | imgs:3
[00:46:59][PRINCESS] [3441] ? NIV-8762805492320BC7 | BASKET | DOUBLE_TWIST | NONE | GOLD | KT_18 | 1ct | imgs:3
[00:47:02][PRINCESS] [3442] ? NIV-6BE6FEA286CDB358 | BASKET | DOUBLE_TWIST | NONE | GOLD | KT_18 | 1ct | imgs:3
[00:47:05][PRINCESS] [3443] ? NIV-668C33A2C18EE62A | BASKET | DOUBLE_TWIST | NONE | GOLD | KT_18 | 1ct | imgs:3
[00:47:08][PRINCESS] [3444] ? NIV-D04C0916386418DA | BASKET | DOUBLE_TWIST | NONE | PLATINUM | PT_950 | 1ct | imgs:3
[00:47:14][PRINCESS] [3445] ? NIV-B5A802D07FDE33B1 | BASKET | DOUBLE_TWIST | U_PAVE | GOLD | KT_10 | 1ct | imgs:3
[00:47:20][PRINCESS] [3446] ? NIV-B5A802D07FDE33B1 | BASKET | DOUBLE_TWIST | U_PAVE | GOLD | KT_10 | 1ct | imgs:3
[00:47:23][PRINCESS] [3447] ? NIV-B5A802D07FDE33B1 | BASKET | DOUBLE_TWIST | U_PAVE | GOLD | KT_10 | 1ct | imgs:3
[00:47:27][PRINCESS] [3448] ? NIV-8F63055BF4A98EEA | BASKET | DOUBLE_TWIST | U_PAVE | GOLD | KT_10 | 1ct | imgs:2
[00:47:32][PRINCESS] [3449] ? NIV-8F63055BF4A98EEA | BASKET | DOUBLE_TWIST | U_PAVE | GOLD | KT_10 | 1ct | imgs:3
[00:47:35][PRINCESS] [3450] ? NIV-8F63055BF4A98EEA | BASKET | DOUBLE_TWIST | U_PAVE | GOLD | KT_10 | 1ct | imgs:3
[00:47:38][PRINCESS] [3451] ? NIV-DE40695B4ECB19D2 | BASKET | DOUBLE_TWIST | U_PAVE | GOLD | KT_10 | 1ct | imgs:3
[00:47:44][PRINCESS] [3452] ? NIV-DE40695B4ECB19D2 | BASKET | DOUBLE_TWIST | U_PAVE | GOLD | KT_10 | 1ct | imgs:3
[00:47:47][PRINCESS] [3453] ? NIV-DE40695B4ECB19D2 | BASKET | DOUBLE_TWIST | U_PAVE | GOLD | KT_10 | 1ct | imgs:3
[00:47:51][PRINCESS] [3454] ? NIV-0DAA56B4E085E076 | BASKET | DOUBLE_TWIST | U_PAVE | GOLD | KT_14 | 1ct | imgs:2
[00:47:56][PRINCESS] [3455] ? NIV-0DAA56B4E085E076 | BASKET | DOUBLE_TWIST | U_PAVE | GOLD | KT_14 | 1ct | imgs:3
[00:47:59][PRINCESS] [3456] ? NIV-0DAA56B4E085E076 | BASKET | DOUBLE_TWIST | U_PAVE | GOLD | KT_14 | 1ct | imgs:3
[00:48:02][PRINCESS] [3457] ? NIV-BD5D7BD12D8BF571 | BASKET | DOUBLE_TWIST | U_PAVE | GOLD | KT_14 | 1ct | imgs:3
[00:48:05][PRINCESS] [3458] ? NIV-BD5D7BD12D8BF571 | BASKET | DOUBLE_TWIST | U_PAVE | GOLD | KT_14 | 1ct | imgs:3
[00:48:11][PRINCESS] [3459] ? NIV-BD5D7BD12D8BF571 | BASKET | DOUBLE_TWIST | U_PAVE | GOLD | KT_14 | 1ct | imgs:3
[00:48:14][PRINCESS] [3460] ? NIV-E104D2FBBF91EE74 | BASKET | DOUBLE_TWIST | U_PAVE | GOLD | KT_14 | 1ct | imgs:3
[00:48:17][PRINCESS] [3461] ? NIV-E104D2FBBF91EE74 | BASKET | DOUBLE_TWIST | U_PAVE | GOLD | KT_14 | 1ct | imgs:3
[00:48:23][PRINCESS] [3462] ? NIV-E104D2FBBF91EE74 | BASKET | DOUBLE_TWIST | U_PAVE | GOLD | KT_14 | 1ct | imgs:3
[00:48:26][PRINCESS] [3463] ? NIV-F9AB6F799C6BD1AC | BASKET | DOUBLE_TWIST | U_PAVE | GOLD | KT_18 | 1ct | imgs:3
[00:48:29][PRINCESS] [3464] ? NIV-F9AB6F799C6BD1AC | BASKET | DOUBLE_TWIST | U_PAVE | GOLD | KT_18 | 1ct | imgs:3
[00:48:32][PRINCESS] [3465] ? NIV-F9AB6F799C6BD1AC | BASKET | DOUBLE_TWIST | U_PAVE | GOLD | KT_18 | 1ct | imgs:3
[00:48:35][PRINCESS] [3466] ? NIV-1AE21F8AD6BBBF8E | BASKET | DOUBLE_TWIST | U_PAVE | GOLD | KT_18 | 1ct | imgs:2
[00:48:38][PRINCESS] [3467] ? NIV-1AE21F8AD6BBBF8E | BASKET | DOUBLE_TWIST | U_PAVE | GOLD | KT_18 | 1ct | imgs:3
[00:48:44][PRINCESS] [3468] ? NIV-1AE21F8AD6BBBF8E | BASKET | DOUBLE_TWIST | U_PAVE | GOLD | KT_18 | 1ct | imgs:3
[00:48:47][PRINCESS] [3469] ? NIV-AE31D3C3C2D9863B | BASKET | DOUBLE_TWIST | U_PAVE | GOLD | KT_18 | 1ct | imgs:3
[00:48:50][PRINCESS] [3470] ? NIV-AE31D3C3C2D9863B | BASKET | DOUBLE_TWIST | U_PAVE | GOLD | KT_18 | 1ct | imgs:3
[00:48:56][PRINCESS] [3471] ? NIV-AE31D3C3C2D9863B | BASKET | DOUBLE_TWIST | U_PAVE | GOLD | KT_18 | 1ct | imgs:3
[00:48:59][PRINCESS] [3472] ? NIV-89DACE092E62AFEE | BASKET | DOUBLE_TWIST | U_PAVE | PLATINUM | PT_950 | 1ct | imgs:3
[00:49:03][PRINCESS] [3473] ? NIV-F8CBDD69F88A74B5 | BASKET | DOUBLE_TWIST | U_PAVE | GOLD | KT_10 | 1ct | imgs:2
[00:49:08][PRINCESS] [3474] ? NIV-F8CBDD69F88A74B5 | BASKET | DOUBLE_TWIST | U_PAVE | GOLD | KT_10 | 1ct | imgs:3
[00:49:11][PRINCESS] [3475] ? NIV-F8CBDD69F88A74B5 | BASKET | DOUBLE_TWIST | U_PAVE | GOLD | KT_10 | 1ct | imgs:3
[00:49:14][PRINCESS] [3476] ? NIV-DA30F7830852D31A | BASKET | DOUBLE_TWIST | U_PAVE | GOLD | KT_10 | 1ct | imgs:3
[00:49:17][PRINCESS] [3477] ? NIV-DA30F7830852D31A | BASKET | DOUBLE_TWIST | U_PAVE | GOLD | KT_10 | 1ct | imgs:3
[00:49:23][PRINCESS] [3478] ? NIV-DA30F7830852D31A | BASKET | DOUBLE_TWIST | U_PAVE | GOLD | KT_10 | 1ct | imgs:3
[00:49:26][PRINCESS] [3479] ? NIV-A6285106CDAC235C | BASKET | DOUBLE_TWIST | U_PAVE | GOLD | KT_10 | 1ct | imgs:3
[00:49:32][PRINCESS] [3480] ? NIV-A6285106CDAC235C | BASKET | DOUBLE_TWIST | U_PAVE | GOLD | KT_10 | 1ct | imgs:3
[00:49:35][PRINCESS] [3481] ? NIV-A6285106CDAC235C | BASKET | DOUBLE_TWIST | U_PAVE | GOLD | KT_10 | 1ct | imgs:3
[00:49:39][PRINCESS] [3482] ? NIV-A963F687C3452524 | BASKET | DOUBLE_TWIST | U_PAVE | GOLD | KT_14 | 1ct | imgs:2
[00:49:44][PRINCESS] [3483] ? NIV-A963F687C3452524 | BASKET | DOUBLE_TWIST | U_PAVE | GOLD | KT_14 | 1ct | imgs:3
[00:49:47][PRINCESS] [3484] ? NIV-A963F687C3452524 | BASKET | DOUBLE_TWIST | U_PAVE | GOLD | KT_14 | 1ct | imgs:3
[00:49:50][PRINCESS] [3485] ? NIV-D5FADC0DD40AAED6 | BASKET | DOUBLE_TWIST | U_PAVE | GOLD | KT_14 | 1ct | imgs:3
[00:49:53][PRINCESS] [3486] ? NIV-D5FADC0DD40AAED6 | BASKET | DOUBLE_TWIST | U_PAVE | GOLD | KT_14 | 1ct | imgs:3
[00:49:59][PRINCESS] [3487] ? NIV-D5FADC0DD40AAED6 | BASKET | DOUBLE_TWIST | U_PAVE | GOLD | KT_14 | 1ct | imgs:3
[00:50:02][PRINCESS] [3488] ? NIV-040A2FC318C8B135 | BASKET | DOUBLE_TWIST | U_PAVE | GOLD | KT_14 | 1ct | imgs:3
[00:50:05][PRINCESS] [3489] ? NIV-040A2FC318C8B135 | BASKET | DOUBLE_TWIST | U_PAVE | GOLD | KT_14 | 1ct | imgs:3
[00:50:11][PRINCESS] [3490] ? NIV-040A2FC318C8B135 | BASKET | DOUBLE_TWIST | U_PAVE | GOLD | KT_14 | 1ct | imgs:3
[00:50:14][PRINCESS] [3491] ? NIV-C27C26B478DF864C | BASKET | DOUBLE_TWIST | U_PAVE | GOLD | KT_18 | 1ct | imgs:3
[00:50:20][PRINCESS] [3492] ? NIV-C27C26B478DF864C | BASKET | DOUBLE_TWIST | U_PAVE | GOLD | KT_18 | 1ct | imgs:3
[00:50:23][PRINCESS] [3493] ? NIV-C27C26B478DF864C | BASKET | DOUBLE_TWIST | U_PAVE | GOLD | KT_18 | 1ct | imgs:3
[00:50:26][PRINCESS] [3494] ? NIV-E871A16ABE2CD4F7 | BASKET | DOUBLE_TWIST | U_PAVE | GOLD | KT_18 | 1ct | imgs:3
[00:50:29][PRINCESS] [3495] ? NIV-E871A16ABE2CD4F7 | BASKET | DOUBLE_TWIST | U_PAVE | GOLD | KT_18 | 1ct | imgs:3
[00:50:32][PRINCESS] [3496] ? NIV-E871A16ABE2CD4F7 | BASKET | DOUBLE_TWIST | U_PAVE | GOLD | KT_18 | 1ct | imgs:3
[00:50:35][PRINCESS] [3497] ? NIV-3AC7C1810217B20C | BASKET | DOUBLE_TWIST | U_PAVE | GOLD | KT_18 | 1ct | imgs:3
[00:50:38][PRINCESS] [3498] ? NIV-3AC7C1810217B20C | BASKET | DOUBLE_TWIST | U_PAVE | GOLD | KT_18 | 1ct | imgs:3
[00:50:44][PRINCESS] [3499] ? NIV-3AC7C1810217B20C | BASKET | DOUBLE_TWIST | U_PAVE | GOLD | KT_18 | 1ct | imgs:3
[00:50:47][PRINCESS] [3500] ? NIV-56777D0E6D2FE197 | BASKET | DOUBLE_TWIST | U_PAVE | PLATINUM | PT_950 | 1ct | imgs:3
[00:50:50][PRINCESS] [3501] ? NIV-E4648CB462EB1B63 | BASKET | DOUBLE_TWIST | U_PAVE | GOLD | KT_10 | 1ct | imgs:3
[00:50:56][PRINCESS] [3502] ? NIV-E4648CB462EB1B63 | BASKET | DOUBLE_TWIST | U_PAVE | GOLD | KT_10 | 1ct | imgs:3
[00:50:59][PRINCESS] [3503] ? NIV-E4648CB462EB1B63 | BASKET | DOUBLE_TWIST | U_PAVE | GOLD | KT_10 | 1ct | imgs:3
[00:51:02][PRINCESS] [3504] ? NIV-5CD4D8533298D00B | BASKET | DOUBLE_TWIST | U_PAVE | GOLD | KT_10 | 1ct | imgs:3
[00:51:08][PRINCESS] [3505] ? NIV-5CD4D8533298D00B | BASKET | DOUBLE_TWIST | U_PAVE | GOLD | KT_10 | 1ct | imgs:3
[00:51:11][PRINCESS] [3506] ? NIV-5CD4D8533298D00B | BASKET | DOUBLE_TWIST | U_PAVE | GOLD | KT_10 | 1ct | imgs:3
[00:51:14][PRINCESS] [3507] ? NIV-FA10F5AA56A19703 | BASKET | DOUBLE_TWIST | U_PAVE | GOLD | KT_10 | 1ct | imgs:3
[00:51:17][PRINCESS] [3508] ? NIV-FA10F5AA56A19703 | BASKET | DOUBLE_TWIST | U_PAVE | GOLD | KT_10 | 1ct | imgs:3
[00:51:20][PRINCESS] [3509] ? NIV-FA10F5AA56A19703 | BASKET | DOUBLE_TWIST | U_PAVE | GOLD | KT_10 | 1ct | imgs:3
[00:51:26][PRINCESS] [3510] ? NIV-404561B94E438B1A | BASKET | DOUBLE_TWIST | U_PAVE | GOLD | KT_14 | 1ct | imgs:3
[00:51:29][PRINCESS] [3511] ? NIV-404561B94E438B1A | BASKET | DOUBLE_TWIST | U_PAVE | GOLD | KT_14 | 1ct | imgs:3
[00:51:35][PRINCESS] [3512] ? NIV-404561B94E438B1A | BASKET | DOUBLE_TWIST | U_PAVE | GOLD | KT_14 | 1ct | imgs:3
[00:51:38][PRINCESS] [3513] ? NIV-AFED563AD6C6C11F | BASKET | DOUBLE_TWIST | U_PAVE | GOLD | KT_14 | 1ct | imgs:1
[00:51:44][PRINCESS] [3514] ? NIV-AFED563AD6C6C11F | BASKET | DOUBLE_TWIST | U_PAVE | GOLD | KT_14 | 1ct | imgs:3
[00:51:47][PRINCESS] [3515] ? NIV-AFED563AD6C6C11F | BASKET | DOUBLE_TWIST | U_PAVE | GOLD | KT_14 | 1ct | imgs:3
[00:51:50][PRINCESS] [3516] ? NIV-144DC8AB24AE3774 | BASKET | DOUBLE_TWIST | U_PAVE | GOLD | KT_14 | 1ct | imgs:3
[00:51:53][PRINCESS] [3517] ? NIV-144DC8AB24AE3774 | BASKET | DOUBLE_TWIST | U_PAVE | GOLD | KT_14 | 1ct | imgs:3
[00:51:56][PRINCESS] [3518] ? NIV-144DC8AB24AE3774 | BASKET | DOUBLE_TWIST | U_PAVE | GOLD | KT_14 | 1ct | imgs:3
[00:52:03][PRINCESS] [3519] ? NIV-56E8F2F9B1CD2A49 | BASKET | DOUBLE_TWIST | U_PAVE | GOLD | KT_18 | 1ct | imgs:1
[00:52:08][PRINCESS] [3520] ? NIV-56E8F2F9B1CD2A49 | BASKET | DOUBLE_TWIST | U_PAVE | GOLD | KT_18 | 1ct | imgs:3
[00:52:11][PRINCESS] [3521] ? NIV-56E8F2F9B1CD2A49 | BASKET | DOUBLE_TWIST | U_PAVE | GOLD | KT_18 | 1ct | imgs:3
[00:52:14][PRINCESS] [3522] ? NIV-D08AFC26AC7ED8F2 | BASKET | DOUBLE_TWIST | U_PAVE | GOLD | KT_18 | 1ct | imgs:3
[00:52:17][PRINCESS] [3523] ? NIV-D08AFC26AC7ED8F2 | BASKET | DOUBLE_TWIST | U_PAVE | GOLD | KT_18 | 1ct | imgs:3
[00:52:20][PRINCESS] [3524] ? NIV-D08AFC26AC7ED8F2 | BASKET | DOUBLE_TWIST | U_PAVE | GOLD | KT_18 | 1ct | imgs:3
[00:52:24][PRINCESS] [3525] ? NIV-BC9BFA3A19ACE6F3 | BASKET | DOUBLE_TWIST | U_PAVE | GOLD | KT_18 | 1ct | imgs:2
[00:52:29][PRINCESS] [3526] ? NIV-BC9BFA3A19ACE6F3 | BASKET | DOUBLE_TWIST | U_PAVE | GOLD | KT_18 | 1ct | imgs:3
[00:52:32][PRINCESS] [3527] ? NIV-BC9BFA3A19ACE6F3 | BASKET | DOUBLE_TWIST | U_PAVE | GOLD | KT_18 | 1ct | imgs:3
[00:52:36][PRINCESS] [3528] ? NIV-191CAF66FC5AE530 | BASKET | DOUBLE_TWIST | U_PAVE | PLATINUM | PT_950 | 1ct | imgs:3
[00:52:41][PRINCESS] [3529] ? NIV-B8C00A3324E98859 | BASKET | DOUBLE_TWIST | U_PAVE | GOLD | KT_10 | 1ct | imgs:3
[00:52:47][PRINCESS] [3530] ? NIV-B8C00A3324E98859 | BASKET | DOUBLE_TWIST | U_PAVE | GOLD | KT_10 | 1ct | imgs:3
[00:52:50][PRINCESS] [3531] ? NIV-B8C00A3324E98859 | BASKET | DOUBLE_TWIST | U_PAVE | GOLD | KT_10 | 1ct | imgs:3
[00:52:53][PRINCESS] [3532] ? NIV-F3C1988B632D4E9A | BASKET | DOUBLE_TWIST | U_PAVE | GOLD | KT_10 | 1ct | imgs:3
[00:52:59][PRINCESS] [3533] ? NIV-F3C1988B632D4E9A | BASKET | DOUBLE_TWIST | U_PAVE | GOLD | KT_10 | 1ct | imgs:3
[00:53:02][PRINCESS] [3534] ? NIV-F3C1988B632D4E9A | BASKET | DOUBLE_TWIST | U_PAVE | GOLD | KT_10 | 1ct | imgs:3
[00:53:05][PRINCESS] [3535] ? NIV-FC34EE70FB73C946 | BASKET | DOUBLE_TWIST | U_PAVE | GOLD | KT_10 | 1ct | imgs:3
[00:53:11][PRINCESS] [3536] ? NIV-FC34EE70FB73C946 | BASKET | DOUBLE_TWIST | U_PAVE | GOLD | KT_10 | 1ct | imgs:3
[00:53:14][PRINCESS] [3537] ? NIV-FC34EE70FB73C946 | BASKET | DOUBLE_TWIST | U_PAVE | GOLD | KT_10 | 1ct | imgs:3
[00:53:17][PRINCESS] [3538] ? NIV-871CE729DA025DA1 | BASKET | DOUBLE_TWIST | U_PAVE | GOLD | KT_14 | 1ct | imgs:3
[00:53:20][PRINCESS] [3539] ? NIV-871CE729DA025DA1 | BASKET | DOUBLE_TWIST | U_PAVE | GOLD | KT_14 | 1ct | imgs:3
[00:53:26][PRINCESS] [3540] ? NIV-871CE729DA025DA1 | BASKET | DOUBLE_TWIST | U_PAVE | GOLD | KT_14 | 1ct | imgs:3
[00:53:29][PRINCESS] [3541] ? NIV-6426C13DEAC0321F | BASKET | DOUBLE_TWIST | U_PAVE | GOLD | KT_14 | 1ct | imgs:2
[00:53:35][PRINCESS] [3542] ? NIV-6426C13DEAC0321F | BASKET | DOUBLE_TWIST | U_PAVE | GOLD | KT_14 | 1ct | imgs:3
[00:53:38][PRINCESS] [3543] ? NIV-6426C13DEAC0321F | BASKET | DOUBLE_TWIST | U_PAVE | GOLD | KT_14 | 1ct | imgs:3
[00:53:44][PRINCESS] [3544] ? NIV-95863ADC0351729F | BASKET | DOUBLE_TWIST | U_PAVE | GOLD | KT_14 | 1ct | imgs:2
[00:53:47][PRINCESS] [3545] ? NIV-95863ADC0351729F | BASKET | DOUBLE_TWIST | U_PAVE | GOLD | KT_14 | 1ct | imgs:3
[00:53:50][PRINCESS] [3546] ? NIV-95863ADC0351729F | BASKET | DOUBLE_TWIST | U_PAVE | GOLD | KT_14 | 1ct | imgs:3
[00:53:55][PRINCESS] [3547] ? NIV-078BB63BAFD30A96 | BASKET | DOUBLE_TWIST | U_PAVE | GOLD | KT_18 | 1ct | imgs:2
[00:53:59][PRINCESS] [3548] ? NIV-078BB63BAFD30A96 | BASKET | DOUBLE_TWIST | U_PAVE | GOLD | KT_18 | 1ct | imgs:3
[00:54:02][PRINCESS] [3549] ? NIV-078BB63BAFD30A96 | BASKET | DOUBLE_TWIST | U_PAVE | GOLD | KT_18 | 1ct | imgs:3
[00:54:05][PRINCESS] [3550] ? NIV-CE95FF1264EBCBB9 | BASKET | DOUBLE_TWIST | U_PAVE | GOLD | KT_18 | 1ct | imgs:3
[00:54:11][PRINCESS] [3551] ? NIV-CE95FF1264EBCBB9 | BASKET | DOUBLE_TWIST | U_PAVE | GOLD | KT_18 | 1ct | imgs:3
[00:54:14][PRINCESS] [3552] ? NIV-CE95FF1264EBCBB9 | BASKET | DOUBLE_TWIST | U_PAVE | GOLD | KT_18 | 1ct | imgs:3
[00:54:17][PRINCESS] [3553] ? NIV-AE67FCFA2D462FAA | BASKET | DOUBLE_TWIST | U_PAVE | GOLD | KT_18 | 1ct | imgs:3
[00:54:20][PRINCESS] [3554] ? NIV-AE67FCFA2D462FAA | BASKET | DOUBLE_TWIST | U_PAVE | GOLD | KT_18 | 1ct | imgs:3
[00:54:23][PRINCESS] [3555] ? NIV-AE67FCFA2D462FAA | BASKET | DOUBLE_TWIST | U_PAVE | GOLD | KT_18 | 1ct | imgs:3
[00:54:26][PRINCESS] [3556] ? NIV-796A84FE057662CC | BASKET | DOUBLE_TWIST | U_PAVE | PLATINUM | PT_950 | 1ct | imgs:3
[00:54:32][PRINCESS] [3557] ? NIV-07A33D47555F1324 | BASKET | DOUBLE_TWIST | U_PAVE | GOLD | KT_10 | 1ct | imgs:3
[00:54:38][PRINCESS] [3558] ? NIV-07A33D47555F1324 | BASKET | DOUBLE_TWIST | U_PAVE | GOLD | KT_10 | 1ct | imgs:3
[00:54:41][PRINCESS] [3559] ? NIV-07A33D47555F1324 | BASKET | DOUBLE_TWIST | U_PAVE | GOLD | KT_10 | 1ct | imgs:3
[00:54:46][PRINCESS] [3560] ? NIV-FEA2EF5CF7CD03F5 | BASKET | DOUBLE_TWIST | U_PAVE | GOLD | KT_10 | 1ct | imgs:3
[00:54:50][PRINCESS] [3561] ? NIV-FEA2EF5CF7CD03F5 | BASKET | DOUBLE_TWIST | U_PAVE | GOLD | KT_10 | 1ct | imgs:3
[00:54:56][PRINCESS] [3562] ? NIV-FEA2EF5CF7CD03F5 | BASKET | DOUBLE_TWIST | U_PAVE | GOLD | KT_10 | 1ct | imgs:3
[00:54:59][PRINCESS] [3563] ? NIV-C6E58C982A07BD57 | BASKET | DOUBLE_TWIST | U_PAVE | GOLD | KT_10 | 1ct | imgs:3
[00:55:05][PRINCESS] [3564] ? NIV-C6E58C982A07BD57 | BASKET | DOUBLE_TWIST | U_PAVE | GOLD | KT_10 | 1ct | imgs:3
[00:55:08][PRINCESS] [3565] ? NIV-C6E58C982A07BD57 | BASKET | DOUBLE_TWIST | U_PAVE | GOLD | KT_10 | 1ct | imgs:3
[00:55:12][PRINCESS] [3566] ? NIV-E0B34AAA78A64560 | BASKET | DOUBLE_TWIST | U_PAVE | GOLD | KT_14 | 1ct | imgs:2
[00:55:17][PRINCESS] [3567] ? NIV-E0B34AAA78A64560 | BASKET | DOUBLE_TWIST | U_PAVE | GOLD | KT_14 | 1ct | imgs:3
[00:55:20][PRINCESS] [3568] ? NIV-E0B34AAA78A64560 | BASKET | DOUBLE_TWIST | U_PAVE | GOLD | KT_14 | 1ct | imgs:3
[00:55:23][PRINCESS] [3569] ? NIV-59DF7B2BD28ACA60 | BASKET | DOUBLE_TWIST | U_PAVE | GOLD | KT_14 | 1ct | imgs:3
[00:55:29][PRINCESS] [3570] ? NIV-59DF7B2BD28ACA60 | BASKET | DOUBLE_TWIST | U_PAVE | GOLD | KT_14 | 1ct | imgs:3
[00:55:32][PRINCESS] [3571] ? NIV-59DF7B2BD28ACA60 | BASKET | DOUBLE_TWIST | U_PAVE | GOLD | KT_14 | 1ct | imgs:3
[00:55:42][PRINCESS] [3572] ? NIV-E25CD54293FD67CB | BASKET | DOUBLE_TWIST | U_PAVE | GOLD | KT_14 | 1ct | imgs:1
[00:55:47][PRINCESS] [3573] ? NIV-E25CD54293FD67CB | BASKET | DOUBLE_TWIST | U_PAVE | GOLD | KT_14 | 1ct | imgs:3
[00:55:50][PRINCESS] [3574] ? NIV-E25CD54293FD67CB | BASKET | DOUBLE_TWIST | U_PAVE | GOLD | KT_14 | 1ct | imgs:3
[00:55:54][PRINCESS] [3575] ? NIV-B17F371EFF7704D8 | BASKET | DOUBLE_TWIST | U_PAVE | GOLD | KT_18 | 1ct | imgs:2
[00:55:59][PRINCESS] [3576] ? NIV-B17F371EFF7704D8 | BASKET | DOUBLE_TWIST | U_PAVE | GOLD | KT_18 | 1ct | imgs:3
[00:56:02][PRINCESS] [3577] ? NIV-B17F371EFF7704D8 | BASKET | DOUBLE_TWIST | U_PAVE | GOLD | KT_18 | 1ct | imgs:3
[00:56:05][PRINCESS] [3578] ? NIV-4F68FC75B9DECAC0 | BASKET | DOUBLE_TWIST | U_PAVE | GOLD | KT_18 | 1ct | imgs:3
[00:56:08][PRINCESS] [3579] ? NIV-4F68FC75B9DECAC0 | BASKET | DOUBLE_TWIST | U_PAVE | GOLD | KT_18 | 1ct | imgs:3
[00:56:11][PRINCESS] [3580] ? NIV-4F68FC75B9DECAC0 | BASKET | DOUBLE_TWIST | U_PAVE | GOLD | KT_18 | 1ct | imgs:3
[00:56:14][PRINCESS] [3581] ? NIV-CCCDB7101BDC0BC0 | BASKET | DOUBLE_TWIST | U_PAVE | GOLD | KT_18 | 1ct | imgs:3
[00:56:17][PRINCESS] [3582] ? NIV-CCCDB7101BDC0BC0 | BASKET | DOUBLE_TWIST | U_PAVE | GOLD | KT_18 | 1ct | imgs:3
[00:56:23][PRINCESS] [3583] ? NIV-CCCDB7101BDC0BC0 | BASKET | DOUBLE_TWIST | U_PAVE | GOLD | KT_18 | 1ct | imgs:3
[00:56:26][PRINCESS] [3584] ? NIV-454F65D4DD25964D | BASKET | DOUBLE_TWIST | U_PAVE | PLATINUM | PT_950 | 1ct | imgs:3
[00:56:32][PRINCESS] [3585] ? NIV-64ECC71BC1281890 | BASKET | DOUBLE_TWIST | U_PAVE | GOLD | KT_10 | 1ct | imgs:3
[00:56:35][PRINCESS] [3586] ? NIV-64ECC71BC1281890 | BASKET | DOUBLE_TWIST | U_PAVE | GOLD | KT_10 | 1ct | imgs:3
[00:56:38][PRINCESS] [3587] ? NIV-64ECC71BC1281890 | BASKET | DOUBLE_TWIST | U_PAVE | GOLD | KT_10 | 1ct | imgs:3
[00:56:41][PRINCESS] [3588] ? NIV-E261680A16ED92AB | BASKET | DOUBLE_TWIST | U_PAVE | GOLD | KT_10 | 1ct | imgs:3
[00:56:47][PRINCESS] [3589] ? NIV-E261680A16ED92AB | BASKET | DOUBLE_TWIST | U_PAVE | GOLD | KT_10 | 1ct | imgs:3
[00:56:51][PRINCESS] [3590] ? NIV-E261680A16ED92AB | BASKET | DOUBLE_TWIST | U_PAVE | GOLD | KT_10 | 1ct | imgs:3
[00:56:54][PRINCESS] [3591] ? NIV-9B3F49009E1AEC7F | BASKET | DOUBLE_TWIST | U_PAVE | GOLD | KT_10 | 1ct | imgs:2
[00:56:59][PRINCESS] [3592] ? NIV-9B3F49009E1AEC7F | BASKET | DOUBLE_TWIST | U_PAVE | GOLD | KT_10 | 1ct | imgs:3
[00:57:02][PRINCESS] [3593] ? NIV-9B3F49009E1AEC7F | BASKET | DOUBLE_TWIST | U_PAVE | GOLD | KT_10 | 1ct | imgs:3
[00:57:07][PRINCESS] [3594] ? NIV-32C3948E60EC6633 | BASKET | DOUBLE_TWIST | U_PAVE | GOLD | KT_14 | 1ct | imgs:3
[00:57:11][PRINCESS] [3595] ? NIV-32C3948E60EC6633 | BASKET | DOUBLE_TWIST | U_PAVE | GOLD | KT_14 | 1ct | imgs:3
[00:57:17][PRINCESS] [3596] ? NIV-32C3948E60EC6633 | BASKET | DOUBLE_TWIST | U_PAVE | GOLD | KT_14 | 1ct | imgs:3
[00:57:20][PRINCESS] [3597] ? NIV-62ED22921F25E936 | BASKET | DOUBLE_TWIST | U_PAVE | GOLD | KT_14 | 1ct | imgs:3
[00:57:23][PRINCESS] [3598] ? NIV-62ED22921F25E936 | BASKET | DOUBLE_TWIST | U_PAVE | GOLD | KT_14 | 1ct | imgs:3
[00:57:29][PRINCESS] [3599] ? NIV-62ED22921F25E936 | BASKET | DOUBLE_TWIST | U_PAVE | GOLD | KT_14 | 1ct | imgs:3
[00:57:33][PRINCESS] [3600] ? NIV-E9964E58B9177D80 | BASKET | DOUBLE_TWIST | U_PAVE | GOLD | KT_14 | 1ct | imgs:1
[00:57:38][PRINCESS] [3601] ? NIV-E9964E58B9177D80 | BASKET | DOUBLE_TWIST | U_PAVE | GOLD | KT_14 | 1ct | imgs:3
[00:57:41][PRINCESS] [3602] ? NIV-E9964E58B9177D80 | BASKET | DOUBLE_TWIST | U_PAVE | GOLD | KT_14 | 1ct | imgs:3
[00:57:44][PRINCESS] [3603] ? NIV-E6A3E135420A8EA5 | BASKET | DOUBLE_TWIST | U_PAVE | GOLD | KT_18 | 1ct | imgs:3
[00:57:47][PRINCESS] [3604] ? NIV-E6A3E135420A8EA5 | BASKET | DOUBLE_TWIST | U_PAVE | GOLD | KT_18 | 1ct | imgs:3
[00:57:53][PRINCESS] [3605] ? NIV-E6A3E135420A8EA5 | BASKET | DOUBLE_TWIST | U_PAVE | GOLD | KT_18 | 1ct | imgs:3
[00:57:56][PRINCESS] [3606] ? NIV-3EFF81B06AB4E55A | BASKET | DOUBLE_TWIST | U_PAVE | GOLD | KT_18 | 1ct | imgs:3
[00:57:59][PRINCESS] [3607] ? NIV-3EFF81B06AB4E55A | BASKET | DOUBLE_TWIST | U_PAVE | GOLD | KT_18 | 1ct | imgs:3
[00:58:02][PRINCESS] [3608] ? NIV-3EFF81B06AB4E55A | BASKET | DOUBLE_TWIST | U_PAVE | GOLD | KT_18 | 1ct | imgs:3
[00:58:05][PRINCESS] [3609] ? NIV-3CCFE7921E10FE1D | BASKET | DOUBLE_TWIST | U_PAVE | GOLD | KT_18 | 1ct | imgs:3
[00:58:11][PRINCESS] [3610] ? NIV-3CCFE7921E10FE1D | BASKET | DOUBLE_TWIST | U_PAVE | GOLD | KT_18 | 1ct | imgs:3
[00:58:17][PRINCESS] [3611] ? NIV-3CCFE7921E10FE1D | BASKET | DOUBLE_TWIST | U_PAVE | GOLD | KT_18 | 1ct | imgs:3
[00:58:20][PRINCESS] [3612] ? NIV-7CECEB78DFAB75F4 | BASKET | DOUBLE_TWIST | U_PAVE | PLATINUM | PT_950 | 1ct | imgs:3
[00:58:29][PRINCESS] [3613] ? NIV-A6599EAC5208A39C | BASKET | DOUBLE_TWIST | U_PAVE | GOLD | KT_10 | 1ct | imgs:3
[00:58:32][PRINCESS] [3614] ? NIV-A6599EAC5208A39C | BASKET | DOUBLE_TWIST | U_PAVE | GOLD | KT_10 | 1ct | imgs:3
[00:58:38][PRINCESS] [3615] ? NIV-A6599EAC5208A39C | BASKET | DOUBLE_TWIST | U_PAVE | GOLD | KT_10 | 1ct | imgs:3
[00:58:41][PRINCESS] [3616] ? NIV-6D8D3CB12EB47A7D | BASKET | DOUBLE_TWIST | U_PAVE | GOLD | KT_10 | 1ct | imgs:3
[00:58:45][PRINCESS] [3617] ? NIV-6D8D3CB12EB47A7D | BASKET | DOUBLE_TWIST | U_PAVE | GOLD | KT_10 | 1ct | imgs:3
[00:58:50][PRINCESS] [3618] ? NIV-6D8D3CB12EB47A7D | BASKET | DOUBLE_TWIST | U_PAVE | GOLD | KT_10 | 1ct | imgs:3
[00:58:53][PRINCESS] [3619] ? NIV-79838CFC281998FE | BASKET | DOUBLE_TWIST | U_PAVE | GOLD | KT_10 | 1ct | imgs:3
[00:58:56][PRINCESS] [3620] ? NIV-79838CFC281998FE | BASKET | DOUBLE_TWIST | U_PAVE | GOLD | KT_10 | 1ct | imgs:3
[00:59:02][PRINCESS] [3621] ? NIV-79838CFC281998FE | BASKET | DOUBLE_TWIST | U_PAVE | GOLD | KT_10 | 1ct | imgs:3
[00:59:05][PRINCESS] [3622] ? NIV-CE34163F3E93A617 | BASKET | DOUBLE_TWIST | U_PAVE | GOLD | KT_14 | 1ct | imgs:3
[00:59:08][PRINCESS] [3623] ? NIV-CE34163F3E93A617 | BASKET | DOUBLE_TWIST | U_PAVE | GOLD | KT_14 | 1ct | imgs:3
[00:59:14][PRINCESS] [3624] ? NIV-CE34163F3E93A617 | BASKET | DOUBLE_TWIST | U_PAVE | GOLD | KT_14 | 1ct | imgs:3
[00:59:17][PRINCESS] [3625] ? NIV-B68C5C0E1DDF8655 | BASKET | DOUBLE_TWIST | U_PAVE | GOLD | KT_14 | 1ct | imgs:3
[00:59:20][PRINCESS] [3626] ? NIV-B68C5C0E1DDF8655 | BASKET | DOUBLE_TWIST | U_PAVE | GOLD | KT_14 | 1ct | imgs:3
[00:59:23][PRINCESS] [3627] ? NIV-B68C5C0E1DDF8655 | BASKET | DOUBLE_TWIST | U_PAVE | GOLD | KT_14 | 1ct | imgs:3
[00:59:26][PRINCESS] [3628] ? NIV-A7A9F2C859EFBBDB | BASKET | DOUBLE_TWIST | U_PAVE | GOLD | KT_14 | 1ct | imgs:3
[00:59:29][PRINCESS] [3629] ? NIV-A7A9F2C859EFBBDB | BASKET | DOUBLE_TWIST | U_PAVE | GOLD | KT_14 | 1ct | imgs:3
[00:59:32][PRINCESS] [3630] ? NIV-A7A9F2C859EFBBDB | BASKET | DOUBLE_TWIST | U_PAVE | GOLD | KT_14 | 1ct | imgs:3
[00:59:35][PRINCESS] [3631] ? NIV-1E62D34C4E03351E | BASKET | DOUBLE_TWIST | U_PAVE | GOLD | KT_18 | 1ct | imgs:3
[00:59:38][PRINCESS] [3632] ? NIV-1E62D34C4E03351E | BASKET | DOUBLE_TWIST | U_PAVE | GOLD | KT_18 | 1ct | imgs:3
[00:59:44][PRINCESS] [3633] ? NIV-1E62D34C4E03351E | BASKET | DOUBLE_TWIST | U_PAVE | GOLD | KT_18 | 1ct | imgs:3
[00:59:47][PRINCESS] [3634] ? NIV-13715DAADFB93EB6 | BASKET | DOUBLE_TWIST | U_PAVE | GOLD | KT_18 | 1ct | imgs:3
[00:59:50][PRINCESS] [3635] ? NIV-13715DAADFB93EB6 | BASKET | DOUBLE_TWIST | U_PAVE | GOLD | KT_18 | 1ct | imgs:3
[00:59:56][PRINCESS] [3636] ? NIV-13715DAADFB93EB6 | BASKET | DOUBLE_TWIST | U_PAVE | GOLD | KT_18 | 1ct | imgs:3
[00:59:59][PRINCESS] [3637] ? NIV-20D3D8D6F487C018 | BASKET | DOUBLE_TWIST | U_PAVE | GOLD | KT_18 | 1ct | imgs:3
[01:00:02][PRINCESS] [3638] ? NIV-20D3D8D6F487C018 | BASKET | DOUBLE_TWIST | U_PAVE | GOLD | KT_18 | 1ct | imgs:3
[01:00:08][PRINCESS] [3639] ? NIV-20D3D8D6F487C018 | BASKET | DOUBLE_TWIST | U_PAVE | GOLD | KT_18 | 1ct | imgs:3
[01:00:11][PRINCESS] [3640] ? NIV-0066A3C7DC073276 | BASKET | DOUBLE_TWIST | U_PAVE | PLATINUM | PT_950 | 1ct | imgs:3
[01:00:14][PRINCESS] [3641] ? NIV-2AD67E48C6B83F20 | BASKET | DOUBLE_TWIST | U_PAVE | GOLD | KT_10 | 1ct | imgs:3
[01:00:20][PRINCESS] [3642] ? NIV-2AD67E48C6B83F20 | BASKET | DOUBLE_TWIST | U_PAVE | GOLD | KT_10 | 1ct | imgs:3
[01:00:26][PRINCESS] [3643] ? NIV-2AD67E48C6B83F20 | BASKET | DOUBLE_TWIST | U_PAVE | GOLD | KT_10 | 1ct | imgs:3
[01:00:29][PRINCESS] [3644] ? NIV-B3B7EB2DEF95F07A | BASKET | DOUBLE_TWIST | U_PAVE | GOLD | KT_10 | 1ct | imgs:3
[01:00:32][PRINCESS] [3645] ? NIV-B3B7EB2DEF95F07A | BASKET | DOUBLE_TWIST | U_PAVE | GOLD | KT_10 | 1ct | imgs:3
[01:00:38][PRINCESS] [3646] ? NIV-B3B7EB2DEF95F07A | BASKET | DOUBLE_TWIST | U_PAVE | GOLD | KT_10 | 1ct | imgs:3
[01:00:41][PRINCESS] [3647] ? NIV-DFFDDB934C538084 | BASKET | DOUBLE_TWIST | U_PAVE | GOLD | KT_10 | 1ct | imgs:3
[01:00:47][PRINCESS] [3648] ? NIV-DFFDDB934C538084 | BASKET | DOUBLE_TWIST | U_PAVE | GOLD | KT_10 | 1ct | imgs:3
[01:00:50][PRINCESS] [3649] ? NIV-DFFDDB934C538084 | BASKET | DOUBLE_TWIST | U_PAVE | GOLD | KT_10 | 1ct | imgs:3
[01:00:56][PRINCESS] [3650] ? NIV-9C9B2A19AF0B53A7 | BASKET | DOUBLE_TWIST | U_PAVE | GOLD | KT_14 | 1ct | imgs:3
[01:00:59][PRINCESS] [3651] ? NIV-9C9B2A19AF0B53A7 | BASKET | DOUBLE_TWIST | U_PAVE | GOLD | KT_14 | 1ct | imgs:3
[01:01:02][PRINCESS] [3652] ? NIV-9C9B2A19AF0B53A7 | BASKET | DOUBLE_TWIST | U_PAVE | GOLD | KT_14 | 1ct | imgs:3
[01:01:09][PRINCESS] [3653] ? NIV-B5F70368A6E64850 | BASKET | DOUBLE_TWIST | U_PAVE | GOLD | KT_14 | 1ct | imgs:3
[01:01:14][PRINCESS] [3654] ? NIV-B5F70368A6E64850 | BASKET | DOUBLE_TWIST | U_PAVE | GOLD | KT_14 | 1ct | imgs:3
[01:01:17][PRINCESS] [3655] ? NIV-B5F70368A6E64850 | BASKET | DOUBLE_TWIST | U_PAVE | GOLD | KT_14 | 1ct | imgs:3
[01:01:20][PRINCESS] [3656] ? NIV-FAAF4F514666C64F | BASKET | DOUBLE_TWIST | U_PAVE | GOLD | KT_14 | 1ct | imgs:3
[01:01:23][PRINCESS] [3657] ? NIV-FAAF4F514666C64F | BASKET | DOUBLE_TWIST | U_PAVE | GOLD | KT_14 | 1ct | imgs:3
[01:01:26][PRINCESS] [3658] ? NIV-FAAF4F514666C64F | BASKET | DOUBLE_TWIST | U_PAVE | GOLD | KT_14 | 1ct | imgs:3
[01:01:29][PRINCESS] [3659] ? NIV-0B5B0D4C2F392EAB | BASKET | DOUBLE_TWIST | U_PAVE | GOLD | KT_18 | 1ct | imgs:3
[01:01:35][PRINCESS] [3660] ? NIV-0B5B0D4C2F392EAB | BASKET | DOUBLE_TWIST | U_PAVE | GOLD | KT_18 | 1ct | imgs:3
[01:01:38][PRINCESS] [3661] ? NIV-0B5B0D4C2F392EAB | BASKET | DOUBLE_TWIST | U_PAVE | GOLD | KT_18 | 1ct | imgs:3
[01:01:43][PRINCESS] [3662] ? NIV-9FB783957FD73AC4 | BASKET | DOUBLE_TWIST | U_PAVE | GOLD | KT_18 | 1ct | imgs:2
[01:01:47][PRINCESS] [3663] ? NIV-9FB783957FD73AC4 | BASKET | DOUBLE_TWIST | U_PAVE | GOLD | KT_18 | 1ct | imgs:3
[01:01:50][PRINCESS] [3664] ? NIV-9FB783957FD73AC4 | BASKET | DOUBLE_TWIST | U_PAVE | GOLD | KT_18 | 1ct | imgs:3
[01:01:53][PRINCESS] [3665] ? NIV-9E92E8B4376C6838 | BASKET | DOUBLE_TWIST | U_PAVE | GOLD | KT_18 | 1ct | imgs:3
[01:01:56][PRINCESS] [3666] ? NIV-9E92E8B4376C6838 | BASKET | DOUBLE_TWIST | U_PAVE | GOLD | KT_18 | 1ct | imgs:3
[01:02:02][PRINCESS] [3667] ? NIV-9E92E8B4376C6838 | BASKET | DOUBLE_TWIST | U_PAVE | GOLD | KT_18 | 1ct | imgs:3
[01:02:05][PRINCESS] [3668] ? NIV-B4FC807A44FE88E7 | BASKET | DOUBLE_TWIST | U_PAVE | PLATINUM | PT_950 | 1ct | imgs:3
[01:02:11][PRINCESS] [3669] ? NIV-84961BBB01AB7BF4 | BASKET | DOUBLE_TWIST | U_PAVE | GOLD | KT_10 | 1ct | imgs:3
[01:02:17][PRINCESS] [3670] ? NIV-84961BBB01AB7BF4 | BASKET | DOUBLE_TWIST | U_PAVE | GOLD | KT_10 | 1ct | imgs:3
[01:02:23][PRINCESS] [3671] ? NIV-84961BBB01AB7BF4 | BASKET | DOUBLE_TWIST | U_PAVE | GOLD | KT_10 | 1ct | imgs:3
[01:02:26][PRINCESS] [3672] ? NIV-7477832E09662CDF | BASKET | DOUBLE_TWIST | U_PAVE | GOLD | KT_10 | 1ct | imgs:3
[01:02:32][PRINCESS] [3673] ? NIV-7477832E09662CDF | BASKET | DOUBLE_TWIST | U_PAVE | GOLD | KT_10 | 1ct | imgs:3
[01:02:36][PRINCESS] [3674] ? NIV-7477832E09662CDF | BASKET | DOUBLE_TWIST | U_PAVE | GOLD | KT_10 | 1ct | imgs:3
[01:02:38][PRINCESS] [3675] ? NIV-323C63E192633AD4 | BASKET | DOUBLE_TWIST | U_PAVE | GOLD | KT_10 | 1ct | imgs:3
[01:02:41][PRINCESS] [3676] ? NIV-323C63E192633AD4 | BASKET | DOUBLE_TWIST | U_PAVE | GOLD | KT_10 | 1ct | imgs:3
[01:02:47][PRINCESS] [3677] ? NIV-323C63E192633AD4 | BASKET | DOUBLE_TWIST | U_PAVE | GOLD | KT_10 | 1ct | imgs:3
[01:02:50][PRINCESS] [3678] ? NIV-A64343713F996824 | BASKET | DOUBLE_TWIST | U_PAVE | GOLD | KT_14 | 1ct | imgs:3
[01:02:53][PRINCESS] [3679] ? NIV-A64343713F996824 | BASKET | DOUBLE_TWIST | U_PAVE | GOLD | KT_14 | 1ct | imgs:3
[01:02:59][PRINCESS] [3680] ? NIV-A64343713F996824 | BASKET | DOUBLE_TWIST | U_PAVE | GOLD | KT_14 | 1ct | imgs:3
[01:03:02][PRINCESS] [3681] ? NIV-13659A84506F0C20 | BASKET | DOUBLE_TWIST | U_PAVE | GOLD | KT_14 | 1ct | imgs:3
[01:03:05][PRINCESS] [3682] ? NIV-13659A84506F0C20 | BASKET | DOUBLE_TWIST | U_PAVE | GOLD | KT_14 | 1ct | imgs:3
[01:03:11][PRINCESS] [3683] ? NIV-13659A84506F0C20 | BASKET | DOUBLE_TWIST | U_PAVE | GOLD | KT_14 | 1ct | imgs:3
[01:03:15][PRINCESS] [3684] ? NIV-D7F6C1AF03BD05DA | BASKET | DOUBLE_TWIST | U_PAVE | GOLD | KT_14 | 1ct | imgs:1
[01:03:20][PRINCESS] [3685] ? NIV-D7F6C1AF03BD05DA | BASKET | DOUBLE_TWIST | U_PAVE | GOLD | KT_14 | 1ct | imgs:3
[01:03:23][PRINCESS] [3686] ? NIV-D7F6C1AF03BD05DA | BASKET | DOUBLE_TWIST | U_PAVE | GOLD | KT_14 | 1ct | imgs:3
[01:03:26][PRINCESS] [3687] ? NIV-8A3E4E9E772678AB | BASKET | DOUBLE_TWIST | U_PAVE | GOLD | KT_18 | 1ct | imgs:3
[01:03:32][PRINCESS] [3688] ? NIV-8A3E4E9E772678AB | BASKET | DOUBLE_TWIST | U_PAVE | GOLD | KT_18 | 1ct | imgs:3
[01:03:35][PRINCESS] [3689] ? NIV-8A3E4E9E772678AB | BASKET | DOUBLE_TWIST | U_PAVE | GOLD | KT_18 | 1ct | imgs:3
[01:03:38][PRINCESS] [3690] ? NIV-0B52F3F177754016 | BASKET | DOUBLE_TWIST | U_PAVE | GOLD | KT_18 | 1ct | imgs:3
[01:03:41][PRINCESS] [3691] ? NIV-0B52F3F177754016 | BASKET | DOUBLE_TWIST | U_PAVE | GOLD | KT_18 | 1ct | imgs:3
[01:03:45][PRINCESS] [3692] ? NIV-0B52F3F177754016 | BASKET | DOUBLE_TWIST | U_PAVE | GOLD | KT_18 | 1ct | imgs:3
[01:03:48][PRINCESS] [3693] ? NIV-E2E92AF507CE30FC | BASKET | DOUBLE_TWIST | U_PAVE | GOLD | KT_18 | 1ct | imgs:1
[01:03:53][PRINCESS] [3694] ? NIV-E2E92AF507CE30FC | BASKET | DOUBLE_TWIST | U_PAVE | GOLD | KT_18 | 1ct | imgs:3
[01:03:56][PRINCESS] [3695] ? NIV-E2E92AF507CE30FC | BASKET | DOUBLE_TWIST | U_PAVE | GOLD | KT_18 | 1ct | imgs:3
[01:03:59][PRINCESS] [3696] ? NIV-8ED8370CDB62BE74 | BASKET | DOUBLE_TWIST | U_PAVE | PLATINUM | PT_950 | 1ct | imgs:3
[01:04:05][PRINCESS] [3697] ? NIV-9140416EB6370322 | BASKET | DOUBLE_TWIST | U_PAVE | GOLD | KT_10 | 1ct | imgs:3
[01:04:08][PRINCESS] [3698] ? NIV-9140416EB6370322 | BASKET | DOUBLE_TWIST | U_PAVE | GOLD | KT_10 | 1ct | imgs:3
[01:04:11][PRINCESS] [3699] ? NIV-9140416EB6370322 | BASKET | DOUBLE_TWIST | U_PAVE | GOLD | KT_10 | 1ct | imgs:3
[01:04:14][PRINCESS] [3700] ? NIV-037C6906B63C0685 | BASKET | DOUBLE_TWIST | U_PAVE | GOLD | KT_10 | 1ct | imgs:1
[01:04:20][PRINCESS] [3701] ? NIV-037C6906B63C0685 | BASKET | DOUBLE_TWIST | U_PAVE | GOLD | KT_10 | 1ct | imgs:3
[01:04:26][PRINCESS] [3702] ? NIV-037C6906B63C0685 | BASKET | DOUBLE_TWIST | U_PAVE | GOLD | KT_10 | 1ct | imgs:3
[01:04:29][PRINCESS] [3703] ? NIV-A22222B9BDE4AAC3 | BASKET | DOUBLE_TWIST | U_PAVE | GOLD | KT_10 | 1ct | imgs:3
[01:04:32][PRINCESS] [3704] ? NIV-A22222B9BDE4AAC3 | BASKET | DOUBLE_TWIST | U_PAVE | GOLD | KT_10 | 1ct | imgs:3
[01:04:38][PRINCESS] [3705] ? NIV-A22222B9BDE4AAC3 | BASKET | DOUBLE_TWIST | U_PAVE | GOLD | KT_10 | 1ct | imgs:3
[01:04:41][PRINCESS] [3706] ? NIV-E2ADEAEF7C608693 | BASKET | DOUBLE_TWIST | U_PAVE | GOLD | KT_14 | 1ct | imgs:3
[01:04:47][PRINCESS] [3707] ? NIV-E2ADEAEF7C608693 | BASKET | DOUBLE_TWIST | U_PAVE | GOLD | KT_14 | 1ct | imgs:3
[01:04:50][PRINCESS] [3708] ? NIV-E2ADEAEF7C608693 | BASKET | DOUBLE_TWIST | U_PAVE | GOLD | KT_14 | 1ct | imgs:3
[01:04:53][PRINCESS] [3709] ? NIV-D481C87ACF3D3CFF | BASKET | DOUBLE_TWIST | U_PAVE | GOLD | KT_14 | 1ct | imgs:3
[01:04:56][PRINCESS] [3710] ? NIV-D481C87ACF3D3CFF | BASKET | DOUBLE_TWIST | U_PAVE | GOLD | KT_14 | 1ct | imgs:3
[01:05:02][PRINCESS] [3711] ? NIV-D481C87ACF3D3CFF | BASKET | DOUBLE_TWIST | U_PAVE | GOLD | KT_14 | 1ct | imgs:3
[01:05:05][PRINCESS] [3712] ? NIV-13EB0C3831FE61E6 | BASKET | DOUBLE_TWIST | U_PAVE | GOLD | KT_14 | 1ct | imgs:3
[01:05:08][PRINCESS] [3713] ? NIV-13EB0C3831FE61E6 | BASKET | DOUBLE_TWIST | U_PAVE | GOLD | KT_14 | 1ct | imgs:3
[01:05:11][PRINCESS] [3714] ? NIV-13EB0C3831FE61E6 | BASKET | DOUBLE_TWIST | U_PAVE | GOLD | KT_14 | 1ct | imgs:3
[01:05:22][PRINCESS] [3715] ??  NIV-13EB0C3831FE61E6 | BASKET | DOUBLE_TWIST | U_PAVE | GOLD | KT_18 | 1ct | imgs:0
[01:05:26][PRINCESS] [3716] ? NIV-3AAD7F3253BBDC09 | BASKET | DOUBLE_TWIST | U_PAVE | GOLD | KT_18 | 1ct | imgs:3
[01:05:29][PRINCESS] [3717] ? NIV-3AAD7F3253BBDC09 | BASKET | DOUBLE_TWIST | U_PAVE | GOLD | KT_18 | 1ct | imgs:3
[01:05:39][PRINCESS] [3718] ? NIV-7BF2681C79376DE7 | BASKET | DOUBLE_TWIST | U_PAVE | GOLD | KT_18 | 1ct | imgs:3
[01:05:44][PRINCESS] [3719] ? NIV-7BF2681C79376DE7 | BASKET | DOUBLE_TWIST | U_PAVE | GOLD | KT_18 | 1ct | imgs:3
[01:05:47][PRINCESS] [3720] ? NIV-7BF2681C79376DE7 | BASKET | DOUBLE_TWIST | U_PAVE | GOLD | KT_18 | 1ct | imgs:3
[01:05:50][PRINCESS] [3721] ? NIV-7A14F3F505DAC92B | BASKET | DOUBLE_TWIST | U_PAVE | GOLD | KT_18 | 1ct | imgs:3
[01:05:53][PRINCESS] [3722] ? NIV-7A14F3F505DAC92B | BASKET | DOUBLE_TWIST | U_PAVE | GOLD | KT_18 | 1ct | imgs:3
[01:05:56][PRINCESS] [3723] ? NIV-7A14F3F505DAC92B | BASKET | DOUBLE_TWIST | U_PAVE | GOLD | KT_18 | 1ct | imgs:3
[01:06:02][PRINCESS] [3724] ? NIV-1C85E50F81E07A90 | BASKET | DOUBLE_TWIST | U_PAVE | PLATINUM | PT_950 | 1ct | imgs:3
[01:06:07][PRINCESS] [3725] ? NIV-ECDCFED2648D9862 | BASKET | DOUBLE_TWIST | U_PAVE | GOLD | KT_10 | 1ct | imgs:1
[01:06:11][PRINCESS] [3726] ? NIV-ECDCFED2648D9862 | BASKET | DOUBLE_TWIST | U_PAVE | GOLD | KT_10 | 1ct | imgs:3
[01:06:14][PRINCESS] [3727] ? NIV-ECDCFED2648D9862 | BASKET | DOUBLE_TWIST | U_PAVE | GOLD | KT_10 | 1ct | imgs:3
[01:06:18][PRINCESS] [3728] ? NIV-15E7FEC96A695D4B | BASKET | DOUBLE_TWIST | U_PAVE | GOLD | KT_10 | 1ct | imgs:3
[01:06:23][PRINCESS] [3729] ? NIV-15E7FEC96A695D4B | BASKET | DOUBLE_TWIST | U_PAVE | GOLD | KT_10 | 1ct | imgs:3
[01:06:26][PRINCESS] [3730] ? NIV-15E7FEC96A695D4B | BASKET | DOUBLE_TWIST | U_PAVE | GOLD | KT_10 | 1ct | imgs:3
[01:06:37][PRINCESS] [3731] ??  NIV-15E7FEC96A695D4B | BASKET | DOUBLE_TWIST | U_PAVE | GOLD | KT_10 | 1ct | imgs:0
[01:06:49][PRINCESS] [3732] ??  NIV-15E7FEC96A695D4B | BASKET | DOUBLE_TWIST | U_PAVE | GOLD | KT_10 | 1ct | imgs:0
[01:07:01][PRINCESS] [3733] ??  NIV-15E7FEC96A695D4B | BASKET | DOUBLE_TWIST | U_PAVE | GOLD | KT_10 | 1ct | imgs:0
[01:07:09][PRINCESS] [3734] ? NIV-EE427C87D629E49A | BASKET | DOUBLE_TWIST | U_PAVE | GOLD | KT_14 | 1ct | imgs:1
[01:07:14][PRINCESS] [3735] ? NIV-EE427C87D629E49A | BASKET | DOUBLE_TWIST | U_PAVE | GOLD | KT_14 | 1ct | imgs:3
[01:07:17][PRINCESS] [3736] ? NIV-EE427C87D629E49A | BASKET | DOUBLE_TWIST | U_PAVE | GOLD | KT_14 | 1ct | imgs:3
[01:07:20][PRINCESS] [3737] ? NIV-B946BBB210779FF2 | BASKET | DOUBLE_TWIST | U_PAVE | GOLD | KT_14 | 1ct | imgs:3
[01:07:23][PRINCESS] [3738] ? NIV-B946BBB210779FF2 | BASKET | DOUBLE_TWIST | U_PAVE | GOLD | KT_14 | 1ct | imgs:3
[01:07:29][PRINCESS] [3739] ? NIV-B946BBB210779FF2 | BASKET | DOUBLE_TWIST | U_PAVE | GOLD | KT_14 | 1ct | imgs:3
[01:07:40][PRINCESS] [3740] ??  NIV-B946BBB210779FF2 | BASKET | DOUBLE_TWIST | U_PAVE | GOLD | KT_14 | 1ct | imgs:0
[01:07:47][PRINCESS] [3741] ? NIV-435D7C4C01FB1ABE | BASKET | DOUBLE_TWIST | U_PAVE | GOLD | KT_14 | 1ct | imgs:2
[01:07:50][PRINCESS] [3742] ? NIV-435D7C4C01FB1ABE | BASKET | DOUBLE_TWIST | U_PAVE | GOLD | KT_14 | 1ct | imgs:3
[01:07:53][PRINCESS] [3743] ? NIV-907412E350773742 | BASKET | DOUBLE_TWIST | U_PAVE | GOLD | KT_18 | 1ct | imgs:3
[01:07:59][PRINCESS] [3744] ? NIV-907412E350773742 | BASKET | DOUBLE_TWIST | U_PAVE | GOLD | KT_18 | 1ct | imgs:3
[01:08:03][PRINCESS] [3745] ? NIV-907412E350773742 | BASKET | DOUBLE_TWIST | U_PAVE | GOLD | KT_18 | 1ct | imgs:3
[01:08:13][PRINCESS] [3746] ??  NIV-907412E350773742 | BASKET | DOUBLE_TWIST | U_PAVE | GOLD | KT_18 | 1ct | imgs:0
[01:08:21][PRINCESS] [3747] ? NIV-C9BCCE4F42246D18 | BASKET | DOUBLE_TWIST | U_PAVE | GOLD | KT_18 | 1ct | imgs:1
[01:08:26][PRINCESS] [3748] ? NIV-C9BCCE4F42246D18 | BASKET | DOUBLE_TWIST | U_PAVE | GOLD | KT_18 | 1ct | imgs:3
[01:08:29][PRINCESS] [3749] ? NIV-5A97DE41E3DB6971 | BASKET | DOUBLE_TWIST | U_PAVE | GOLD | KT_18 | 1ct | imgs:3
[01:08:32][PRINCESS] [3750] ? NIV-5A97DE41E3DB6971 | BASKET | DOUBLE_TWIST | U_PAVE | GOLD | KT_18 | 1ct | imgs:3
[01:08:35][PRINCESS]   Re-seleccionando PRINCESS (intento 1)
[01:08:35][PRINCESS]   Boton no encontrado ? recargando configurador...
[01:08:55][PRINCESS]   Re-seleccionando PRINCESS (intento 2)
[01:08:57][PRINCESS] [3751] ? NIV-58D80612BA34FED5 | BASKET | DOUBLE_TWIST | U_PAVE | GOLD | KT_18 | 1ct | imgs:3
[01:08:59][PRINCESS] [3752] ? NIV-D04C0916386418DA | BASKET | DOUBLE_TWIST | U_PAVE | PLATINUM | PT_950 | 1ct | imgs:3
[01:09:06][PRINCESS] [3753] ? NIV-1C69D37EE704B015 | BASKET | DOUBLE_TWIST | U_PAVE | GOLD | KT_10 | 1ct | imgs:3
[01:09:11][PRINCESS] [3754] ? NIV-1C69D37EE704B015 | BASKET | DOUBLE_TWIST | U_PAVE | GOLD | KT_10 | 1ct | imgs:3
[01:09:15][PRINCESS] [3755] ? NIV-1C69D37EE704B015 | BASKET | DOUBLE_TWIST | U_PAVE | GOLD | KT_10 | 1ct | imgs:3
[01:09:19][PRINCESS] [3756] ? NIV-811C46B847CA0732 | BASKET | DOUBLE_TWIST | U_PAVE | GOLD | KT_10 | 1ct | imgs:3
[01:09:23][PRINCESS] [3757] ? NIV-811C46B847CA0732 | BASKET | DOUBLE_TWIST | U_PAVE | GOLD | KT_10 | 1ct | imgs:3
[01:09:26][PRINCESS] [3758] ? NIV-811C46B847CA0732 | BASKET | DOUBLE_TWIST | U_PAVE | GOLD | KT_10 | 1ct | imgs:3
[01:09:29][PRINCESS] [3759] ? NIV-FD765475741E9C80 | BASKET | DOUBLE_TWIST | U_PAVE | GOLD | KT_10 | 1ct | imgs:3
[01:09:32][PRINCESS] [3760] ? NIV-FD765475741E9C80 | BASKET | DOUBLE_TWIST | U_PAVE | GOLD | KT_10 | 1ct | imgs:3
[01:09:38][PRINCESS] [3761] ? NIV-FD765475741E9C80 | BASKET | DOUBLE_TWIST | U_PAVE | GOLD | KT_10 | 1ct | imgs:3
[01:09:41][PRINCESS] [3762] ? NIV-9ACE46542A509E6C | BASKET | DOUBLE_TWIST | U_PAVE | GOLD | KT_14 | 1ct | imgs:3
[01:09:45][PRINCESS] [3763] ? NIV-9ACE46542A509E6C | BASKET | DOUBLE_TWIST | U_PAVE | GOLD | KT_14 | 1ct | imgs:3
[01:09:50][PRINCESS] [3764] ? NIV-9ACE46542A509E6C | BASKET | DOUBLE_TWIST | U_PAVE | GOLD | KT_14 | 1ct | imgs:3
[01:09:53][PRINCESS] [3765] ? NIV-13C385FD9A943A54 | BASKET | DOUBLE_TWIST | U_PAVE | GOLD | KT_14 | 1ct | imgs:3
[01:09:56][PRINCESS] [3766] ? NIV-13C385FD9A943A54 | BASKET | DOUBLE_TWIST | U_PAVE | GOLD | KT_14 | 1ct | imgs:3
[01:10:00][PRINCESS] [3767] ? NIV-13C385FD9A943A54 | BASKET | DOUBLE_TWIST | U_PAVE | GOLD | KT_14 | 1ct | imgs:3
[01:10:02][PRINCESS] [3768] ? NIV-0F1C1E19C9630D17 | BASKET | DOUBLE_TWIST | U_PAVE | GOLD | KT_14 | 1ct | imgs:3
[01:10:05][PRINCESS] [3769] ? NIV-0F1C1E19C9630D17 | BASKET | DOUBLE_TWIST | U_PAVE | GOLD | KT_14 | 1ct | imgs:3
[01:10:11][PRINCESS] [3770] ? NIV-0F1C1E19C9630D17 | BASKET | DOUBLE_TWIST | U_PAVE | GOLD | KT_14 | 1ct | imgs:3
[01:10:16][PRINCESS] [3771] ? NIV-6F3A50B412470C4A | BASKET | DOUBLE_TWIST | U_PAVE | GOLD | KT_18 | 1ct | imgs:3
[01:10:20][PRINCESS] [3772] ? NIV-6F3A50B412470C4A | BASKET | DOUBLE_TWIST | U_PAVE | GOLD | KT_18 | 1ct | imgs:3
[01:10:23][PRINCESS] [3773] ? NIV-6F3A50B412470C4A | BASKET | DOUBLE_TWIST | U_PAVE | GOLD | KT_18 | 1ct | imgs:3
[01:10:26][PRINCESS] [3774] ? NIV-E0A21C19DB07E593 | BASKET | DOUBLE_TWIST | U_PAVE | GOLD | KT_18 | 1ct | imgs:3
[01:10:32][PRINCESS] [3775] ? NIV-E0A21C19DB07E593 | BASKET | DOUBLE_TWIST | U_PAVE | GOLD | KT_18 | 1ct | imgs:3
[01:10:38][PRINCESS] [3776] ? NIV-E0A21C19DB07E593 | BASKET | DOUBLE_TWIST | U_PAVE | GOLD | KT_18 | 1ct | imgs:3
[01:10:41][PRINCESS] [3777] ? NIV-9E85C6E430E88F79 | BASKET | DOUBLE_TWIST | U_PAVE | GOLD | KT_18 | 1ct | imgs:3
[01:10:44][PRINCESS] [3778] ? NIV-9E85C6E430E88F79 | BASKET | DOUBLE_TWIST | U_PAVE | GOLD | KT_18 | 1ct | imgs:3
[01:10:48][PRINCESS] [3779] ? NIV-9E85C6E430E88F79 | BASKET | DOUBLE_TWIST | U_PAVE | GOLD | KT_18 | 1ct | imgs:3
[01:10:50][PRINCESS] [3780] ? NIV-1BCFC959A1DB2708 | BASKET | DOUBLE_TWIST | U_PAVE | PLATINUM | PT_950 | 1ct | imgs:3
[01:10:56][PRINCESS] [3781] ? NIV-5AEBE04061C19317 | BASKET | DOUBLE_TWIST | CHANNEL | GOLD | KT_10 | 1ct | imgs:3
[01:11:02][PRINCESS] [3782] ? NIV-5AEBE04061C19317 | BASKET | DOUBLE_TWIST | CHANNEL | GOLD | KT_10 | 1ct | imgs:3
[01:11:05][PRINCESS] [3783] ? NIV-5AEBE04061C19317 | BASKET | DOUBLE_TWIST | CHANNEL | GOLD | KT_10 | 1ct | imgs:3
[01:11:08][PRINCESS] [3784] ? NIV-9443BFCD1DDCA8DF | BASKET | DOUBLE_TWIST | CHANNEL | GOLD | KT_10 | 1ct | imgs:3
[01:11:12][PRINCESS] [3785] ? NIV-9443BFCD1DDCA8DF | BASKET | DOUBLE_TWIST | CHANNEL | GOLD | KT_10 | 1ct | imgs:3
[01:11:17][PRINCESS] [3786] ? NIV-9443BFCD1DDCA8DF | BASKET | DOUBLE_TWIST | CHANNEL | GOLD | KT_10 | 1ct | imgs:3
[01:11:20][PRINCESS] [3787] ? NIV-34B7A66A30299E42 | BASKET | DOUBLE_TWIST | CHANNEL | GOLD | KT_10 | 1ct | imgs:3
[01:11:24][PRINCESS] [3788] ? NIV-34B7A66A30299E42 | BASKET | DOUBLE_TWIST | CHANNEL | GOLD | KT_10 | 1ct | imgs:3
[01:11:29][PRINCESS] [3789] ? NIV-34B7A66A30299E42 | BASKET | DOUBLE_TWIST | CHANNEL | GOLD | KT_10 | 1ct | imgs:3
[01:11:40][PRINCESS] [3790] ? NIV-9F414FB415131DC1 | BASKET | DOUBLE_TWIST | CHANNEL | GOLD | KT_14 | 1ct | imgs:3
[01:11:44][PRINCESS] [3791] ? NIV-9F414FB415131DC1 | BASKET | DOUBLE_TWIST | CHANNEL | GOLD | KT_14 | 1ct | imgs:3
[01:11:48][PRINCESS] [3792] ? NIV-9F414FB415131DC1 | BASKET | DOUBLE_TWIST | CHANNEL | GOLD | KT_14 | 1ct | imgs:3
[01:11:50][PRINCESS] [3793] ? NIV-C608B620392849AB | BASKET | DOUBLE_TWIST | CHANNEL | GOLD | KT_14 | 1ct | imgs:3
[01:11:53][PRINCESS] [3794] ? NIV-C608B620392849AB | BASKET | DOUBLE_TWIST | CHANNEL | GOLD | KT_14 | 1ct | imgs:3
[01:11:56][PRINCESS] [3795] ? NIV-C608B620392849AB | BASKET | DOUBLE_TWIST | CHANNEL | GOLD | KT_14 | 1ct | imgs:3
[01:11:59][PRINCESS] [3796] ? NIV-C3EFC8D867072E74 | BASKET | DOUBLE_TWIST | CHANNEL | GOLD | KT_14 | 1ct | imgs:3
[01:12:02][PRINCESS] [3797] ? NIV-C3EFC8D867072E74 | BASKET | DOUBLE_TWIST | CHANNEL | GOLD | KT_14 | 1ct | imgs:3
[01:12:05][PRINCESS] [3798] ? NIV-C3EFC8D867072E74 | BASKET | DOUBLE_TWIST | CHANNEL | GOLD | KT_14 | 1ct | imgs:3
[01:12:14][PRINCESS] [3799] ? NIV-E6329D9697BA9603 | BASKET | DOUBLE_TWIST | CHANNEL | GOLD | KT_18 | 1ct | imgs:1
[01:12:17][PRINCESS] [3800] ? NIV-E6329D9697BA9603 | BASKET | DOUBLE_TWIST | CHANNEL | GOLD | KT_18 | 1ct | imgs:3
[01:12:20][PRINCESS] [3801] ? NIV-E6329D9697BA9603 | BASKET | DOUBLE_TWIST | CHANNEL | GOLD | KT_18 | 1ct | imgs:3
[01:12:24][PRINCESS] [3802] ? NIV-F9B4D65ABFCE4ED1 | BASKET | DOUBLE_TWIST | CHANNEL | GOLD | KT_18 | 1ct | imgs:3
[01:12:29][PRINCESS] [3803] ? NIV-F9B4D65ABFCE4ED1 | BASKET | DOUBLE_TWIST | CHANNEL | GOLD | KT_18 | 1ct | imgs:3
[01:12:35][PRINCESS] [3804] ? NIV-F9B4D65ABFCE4ED1 | BASKET | DOUBLE_TWIST | CHANNEL | GOLD | KT_18 | 1ct | imgs:3
[01:12:38][PRINCESS] [3805] ? NIV-AD9C9C94452233BE | BASKET | DOUBLE_TWIST | CHANNEL | GOLD | KT_18 | 1ct | imgs:3
[01:12:41][PRINCESS] [3806] ? NIV-AD9C9C94452233BE | BASKET | DOUBLE_TWIST | CHANNEL | GOLD | KT_18 | 1ct | imgs:3
[01:12:47][PRINCESS] [3807] ? NIV-AD9C9C94452233BE | BASKET | DOUBLE_TWIST | CHANNEL | GOLD | KT_18 | 1ct | imgs:3
[01:12:50][PRINCESS] [3808] ? NIV-AB19B2B8C2349F82 | BASKET | DOUBLE_TWIST | CHANNEL | PLATINUM | PT_950 | 1ct | imgs:3
[01:12:56][PRINCESS] [3809] ? NIV-A4054173D04F8CFB | BASKET | DOUBLE_TWIST | CHANNEL | GOLD | KT_10 | 1ct | imgs:1
[01:12:59][PRINCESS] [3810] ? NIV-A4054173D04F8CFB | BASKET | DOUBLE_TWIST | CHANNEL | GOLD | KT_10 | 1ct | imgs:3
[01:13:05][PRINCESS] [3811] ? NIV-A4054173D04F8CFB | BASKET | DOUBLE_TWIST | CHANNEL | GOLD | KT_10 | 1ct | imgs:3
[01:13:13][PRINCESS] [3812] ? NIV-FF4C705D1F4BD584 | BASKET | DOUBLE_TWIST | CHANNEL | GOLD | KT_10 | 1ct | imgs:3
[01:13:17][PRINCESS] [3813] ? NIV-FF4C705D1F4BD584 | BASKET | DOUBLE_TWIST | CHANNEL | GOLD | KT_10 | 1ct | imgs:3
[01:13:23][PRINCESS] [3814] ? NIV-FF4C705D1F4BD584 | BASKET | DOUBLE_TWIST | CHANNEL | GOLD | KT_10 | 1ct | imgs:3
[01:13:26][PRINCESS] [3815] ? NIV-DB5F85D861281A07 | BASKET | DOUBLE_TWIST | CHANNEL | GOLD | KT_10 | 1ct | imgs:3
[01:13:29][PRINCESS] [3816] ? NIV-DB5F85D861281A07 | BASKET | DOUBLE_TWIST | CHANNEL | GOLD | KT_10 | 1ct | imgs:3
[01:13:33][PRINCESS] [3817] ? NIV-DB5F85D861281A07 | BASKET | DOUBLE_TWIST | CHANNEL | GOLD | KT_10 | 1ct | imgs:3
[01:13:35][PRINCESS] [3818] ? NIV-2015D0EF8DA03640 | BASKET | DOUBLE_TWIST | CHANNEL | GOLD | KT_14 | 1ct | imgs:3
[01:13:39][PRINCESS] [3819] ? NIV-2015D0EF8DA03640 | BASKET | DOUBLE_TWIST | CHANNEL | GOLD | KT_14 | 1ct | imgs:3
[01:13:44][PRINCESS] [3820] ? NIV-2015D0EF8DA03640 | BASKET | DOUBLE_TWIST | CHANNEL | GOLD | KT_14 | 1ct | imgs:3
[01:13:47][PRINCESS] [3821] ? NIV-079762E09CED5CB9 | BASKET | DOUBLE_TWIST | CHANNEL | GOLD | KT_14 | 1ct | imgs:3
[01:13:50][PRINCESS] [3822] ? NIV-079762E09CED5CB9 | BASKET | DOUBLE_TWIST | CHANNEL | GOLD | KT_14 | 1ct | imgs:3
[01:13:54][PRINCESS] [3823] ? NIV-079762E09CED5CB9 | BASKET | DOUBLE_TWIST | CHANNEL | GOLD | KT_14 | 1ct | imgs:3
[01:13:56][PRINCESS] [3824] ? NIV-99F9B8EB6F8F1AEE | BASKET | DOUBLE_TWIST | CHANNEL | GOLD | KT_14 | 1ct | imgs:3
[01:13:59][PRINCESS] [3825] ? NIV-99F9B8EB6F8F1AEE | BASKET | DOUBLE_TWIST | CHANNEL | GOLD | KT_14 | 1ct | imgs:3
[01:14:02][PRINCESS] [3826] ? NIV-99F9B8EB6F8F1AEE | BASKET | DOUBLE_TWIST | CHANNEL | GOLD | KT_14 | 1ct | imgs:3
[01:14:05][PRINCESS] [3827] ? NIV-BBFC448996988251 | BASKET | DOUBLE_TWIST | CHANNEL | GOLD | KT_18 | 1ct | imgs:3
[01:14:09][PRINCESS] [3828] ? NIV-BBFC448996988251 | BASKET | DOUBLE_TWIST | CHANNEL | GOLD | KT_18 | 1ct | imgs:3
[01:14:14][PRINCESS] [3829] ? NIV-BBFC448996988251 | BASKET | DOUBLE_TWIST | CHANNEL | GOLD | KT_18 | 1ct | imgs:3
[01:14:17][PRINCESS] [3830] ? NIV-4313E5801C83CD89 | BASKET | DOUBLE_TWIST | CHANNEL | GOLD | KT_18 | 1ct | imgs:3
[01:14:20][PRINCESS] [3831] ? NIV-4313E5801C83CD89 | BASKET | DOUBLE_TWIST | CHANNEL | GOLD | KT_18 | 1ct | imgs:3
[01:14:24][PRINCESS] [3832] ? NIV-4313E5801C83CD89 | BASKET | DOUBLE_TWIST | CHANNEL | GOLD | KT_18 | 1ct | imgs:3
[01:14:26][PRINCESS] [3833] ? NIV-E49877E6A5AA6243 | BASKET | DOUBLE_TWIST | CHANNEL | GOLD | KT_18 | 1ct | imgs:3
[01:14:32][PRINCESS] [3834] ? NIV-E49877E6A5AA6243 | BASKET | DOUBLE_TWIST | CHANNEL | GOLD | KT_18 | 1ct | imgs:3
[01:14:35][PRINCESS] [3835] ? NIV-E49877E6A5AA6243 | BASKET | DOUBLE_TWIST | CHANNEL | GOLD | KT_18 | 1ct | imgs:3
[01:14:38][PRINCESS] [3836] ? NIV-758FEC12F7195E7A | BASKET | DOUBLE_TWIST | CHANNEL | PLATINUM | PT_950 | 1ct | imgs:3
[01:14:43][PRINCESS] [3837] ? NIV-1D2C7FF8180A14B3 | BASKET | DOUBLE_TWIST | CHANNEL | GOLD | KT_10 | 1ct | imgs:1
[01:14:47][PRINCESS] [3838] ? NIV-1D2C7FF8180A14B3 | BASKET | DOUBLE_TWIST | CHANNEL | GOLD | KT_10 | 1ct | imgs:3
[01:14:50][PRINCESS] [3839] ? NIV-1D2C7FF8180A14B3 | BASKET | DOUBLE_TWIST | CHANNEL | GOLD | KT_10 | 1ct | imgs:3
[01:14:53][PRINCESS] [3840] ? NIV-657E37FAD6D83B6A | BASKET | DOUBLE_TWIST | CHANNEL | GOLD | KT_10 | 1ct | imgs:3
[01:14:56][PRINCESS] [3841] ? NIV-657E37FAD6D83B6A | BASKET | DOUBLE_TWIST | CHANNEL | GOLD | KT_10 | 1ct | imgs:3
[01:15:02][PRINCESS] [3842] ? NIV-657E37FAD6D83B6A | BASKET | DOUBLE_TWIST | CHANNEL | GOLD | KT_10 | 1ct | imgs:3
[01:15:05][PRINCESS] [3843] ? NIV-EACFF47C1E38C06C | BASKET | DOUBLE_TWIST | CHANNEL | GOLD | KT_10 | 1ct | imgs:3
[01:15:08][PRINCESS] [3844] ? NIV-EACFF47C1E38C06C | BASKET | DOUBLE_TWIST | CHANNEL | GOLD | KT_10 | 1ct | imgs:3
[01:15:14][PRINCESS] [3845] ? NIV-EACFF47C1E38C06C | BASKET | DOUBLE_TWIST | CHANNEL | GOLD | KT_10 | 1ct | imgs:3
[01:15:20][PRINCESS] [3846] ? NIV-310E43B5FE22AECD | BASKET | DOUBLE_TWIST | CHANNEL | GOLD | KT_14 | 1ct | imgs:3
[01:15:23][PRINCESS] [3847] ? NIV-310E43B5FE22AECD | BASKET | DOUBLE_TWIST | CHANNEL | GOLD | KT_14 | 1ct | imgs:3
[01:15:26][PRINCESS] [3848] ? NIV-310E43B5FE22AECD | BASKET | DOUBLE_TWIST | CHANNEL | GOLD | KT_14 | 1ct | imgs:3
[01:15:29][PRINCESS] [3849] ? NIV-A33D4257172E05F8 | BASKET | DOUBLE_TWIST | CHANNEL | GOLD | KT_14 | 1ct | imgs:3
[01:15:32][PRINCESS] [3850] ? NIV-A33D4257172E05F8 | BASKET | DOUBLE_TWIST | CHANNEL | GOLD | KT_14 | 1ct | imgs:3
[01:15:35][PRINCESS] [3851] ? NIV-A33D4257172E05F8 | BASKET | DOUBLE_TWIST | CHANNEL | GOLD | KT_14 | 1ct | imgs:3
[01:15:38][PRINCESS] [3852] ? NIV-EEFB847D8EEE5F48 | BASKET | DOUBLE_TWIST | CHANNEL | GOLD | KT_14 | 1ct | imgs:3
[01:15:41][PRINCESS] [3853] ? NIV-EEFB847D8EEE5F48 | BASKET | DOUBLE_TWIST | CHANNEL | GOLD | KT_14 | 1ct | imgs:3
[01:15:47][PRINCESS] [3854] ? NIV-EEFB847D8EEE5F48 | BASKET | DOUBLE_TWIST | CHANNEL | GOLD | KT_14 | 1ct | imgs:3
[01:15:50][PRINCESS] [3855] ? NIV-517EB7CBFCAA628D | BASKET | DOUBLE_TWIST | CHANNEL | GOLD | KT_18 | 1ct | imgs:3
[01:15:53][PRINCESS] [3856] ? NIV-517EB7CBFCAA628D | BASKET | DOUBLE_TWIST | CHANNEL | GOLD | KT_18 | 1ct | imgs:3
[01:15:59][PRINCESS] [3857] ? NIV-517EB7CBFCAA628D | BASKET | DOUBLE_TWIST | CHANNEL | GOLD | KT_18 | 1ct | imgs:3
[01:16:03][PRINCESS] [3858] ? NIV-E91DE42F5D96B709 | BASKET | DOUBLE_TWIST | CHANNEL | GOLD | KT_18 | 1ct | imgs:2
[01:16:08][PRINCESS] [3859] ? NIV-E91DE42F5D96B709 | BASKET | DOUBLE_TWIST | CHANNEL | GOLD | KT_18 | 1ct | imgs:3
[01:16:14][PRINCESS] [3860] ? NIV-E91DE42F5D96B709 | BASKET | DOUBLE_TWIST | CHANNEL | GOLD | KT_18 | 1ct | imgs:3
[01:16:17][PRINCESS] [3861] ? NIV-A367A25055412B6B | BASKET | DOUBLE_TWIST | CHANNEL | GOLD | KT_18 | 1ct | imgs:3
[01:16:23][PRINCESS] [3862] ? NIV-A367A25055412B6B | BASKET | DOUBLE_TWIST | CHANNEL | GOLD | KT_18 | 1ct | imgs:3
[01:16:26][PRINCESS] [3863] ? NIV-A367A25055412B6B | BASKET | DOUBLE_TWIST | CHANNEL | GOLD | KT_18 | 1ct | imgs:3
[01:16:29][PRINCESS] [3864] ? NIV-C6828B2479DAF204 | BASKET | DOUBLE_TWIST | CHANNEL | PLATINUM | PT_950 | 1ct | imgs:3
[01:16:35][PRINCESS] [3865] ? NIV-53A0ADC727B302F7 | BASKET | DOUBLE_TWIST | CHANNEL | GOLD | KT_10 | 1ct | imgs:3
[01:16:39][PRINCESS] [3866] ? NIV-53A0ADC727B302F7 | BASKET | DOUBLE_TWIST | CHANNEL | GOLD | KT_10 | 1ct | imgs:3
[01:16:44][PRINCESS] [3867] ? NIV-53A0ADC727B302F7 | BASKET | DOUBLE_TWIST | CHANNEL | GOLD | KT_10 | 1ct | imgs:3
[01:16:47][PRINCESS] [3868] ? NIV-0C2FD50AFD8BA4CA | BASKET | DOUBLE_TWIST | CHANNEL | GOLD | KT_10 | 1ct | imgs:3
[01:16:51][PRINCESS] [3869] ? NIV-0C2FD50AFD8BA4CA | BASKET | DOUBLE_TWIST | CHANNEL | GOLD | KT_10 | 1ct | imgs:3
[01:16:56][PRINCESS] [3870] ? NIV-0C2FD50AFD8BA4CA | BASKET | DOUBLE_TWIST | CHANNEL | GOLD | KT_10 | 1ct | imgs:3
[01:16:59][PRINCESS] [3871] ? NIV-163D1B7ED7FA91F2 | BASKET | DOUBLE_TWIST | CHANNEL | GOLD | KT_10 | 1ct | imgs:3
[01:17:05][PRINCESS] [3872] ? NIV-163D1B7ED7FA91F2 | BASKET | DOUBLE_TWIST | CHANNEL | GOLD | KT_10 | 1ct | imgs:3
[01:17:08][PRINCESS] [3873] ? NIV-163D1B7ED7FA91F2 | BASKET | DOUBLE_TWIST | CHANNEL | GOLD | KT_10 | 1ct | imgs:3
[01:17:11][PRINCESS] [3874] ? NIV-2FA6E720EFAD17BD | BASKET | DOUBLE_TWIST | CHANNEL | GOLD | KT_14 | 1ct | imgs:3
[01:17:17][PRINCESS] [3875] ? NIV-2FA6E720EFAD17BD | BASKET | DOUBLE_TWIST | CHANNEL | GOLD | KT_14 | 1ct | imgs:3
[01:17:20][PRINCESS] [3876] ? NIV-2FA6E720EFAD17BD | BASKET | DOUBLE_TWIST | CHANNEL | GOLD | KT_14 | 1ct | imgs:3
[01:17:26][PRINCESS] [3877] ? NIV-F2908BE515237C69 | BASKET | DOUBLE_TWIST | CHANNEL | GOLD | KT_14 | 1ct | imgs:2
[01:17:32][PRINCESS] [3878] ? NIV-F2908BE515237C69 | BASKET | DOUBLE_TWIST | CHANNEL | GOLD | KT_14 | 1ct | imgs:3
[01:17:36][PRINCESS] [3879] ? NIV-F2908BE515237C69 | BASKET | DOUBLE_TWIST | CHANNEL | GOLD | KT_14 | 1ct | imgs:3
[01:17:38][PRINCESS] [3880] ? NIV-987D3B6ABE520A49 | BASKET | DOUBLE_TWIST | CHANNEL | GOLD | KT_14 | 1ct | imgs:3
[01:17:41][PRINCESS] [3881] ? NIV-987D3B6ABE520A49 | BASKET | DOUBLE_TWIST | CHANNEL | GOLD | KT_14 | 1ct | imgs:3
[01:17:45][PRINCESS] [3882] ? NIV-987D3B6ABE520A49 | BASKET | DOUBLE_TWIST | CHANNEL | GOLD | KT_14 | 1ct | imgs:3
[01:17:47][PRINCESS] [3883] ? NIV-ADA70E537B8BD910 | BASKET | DOUBLE_TWIST | CHANNEL | GOLD | KT_18 | 1ct | imgs:3
[01:17:53][PRINCESS] [3884] ? NIV-ADA70E537B8BD910 | BASKET | DOUBLE_TWIST | CHANNEL | GOLD | KT_18 | 1ct | imgs:3
[01:17:56][PRINCESS] [3885] ? NIV-ADA70E537B8BD910 | BASKET | DOUBLE_TWIST | CHANNEL | GOLD | KT_18 | 1ct | imgs:3
[01:17:59][PRINCESS] [3886] ? NIV-35938912A797E940 | BASKET | DOUBLE_TWIST | CHANNEL | GOLD | KT_18 | 1ct | imgs:3
[01:18:02][PRINCESS] [3887] ? NIV-35938912A797E940 | BASKET | DOUBLE_TWIST | CHANNEL | GOLD | KT_18 | 1ct | imgs:3
[01:18:08][PRINCESS] [3888] ? NIV-35938912A797E940 | BASKET | DOUBLE_TWIST | CHANNEL | GOLD | KT_18 | 1ct | imgs:3
[01:18:14][PRINCESS] [3889] ? NIV-FB3A11CA4878F9F3 | BASKET | DOUBLE_TWIST | CHANNEL | GOLD | KT_18 | 1ct | imgs:3
[01:18:18][PRINCESS] [3890] ? NIV-FB3A11CA4878F9F3 | BASKET | DOUBLE_TWIST | CHANNEL | GOLD | KT_18 | 1ct | imgs:3
[01:18:23][PRINCESS] [3891] ? NIV-FB3A11CA4878F9F3 | BASKET | DOUBLE_TWIST | CHANNEL | GOLD | KT_18 | 1ct | imgs:3
[01:18:26][PRINCESS] [3892] ? NIV-C2AE53D38EA665ED | BASKET | DOUBLE_TWIST | CHANNEL | PLATINUM | PT_950 | 1ct | imgs:3
[01:18:32][PRINCESS] [3893] ? NIV-0332585B72BA0BAE | BASKET | DOUBLE_TWIST | CHANNEL | GOLD | KT_10 | 1ct | imgs:3
[01:18:35][PRINCESS] [3894] ? NIV-0332585B72BA0BAE | BASKET | DOUBLE_TWIST | CHANNEL | GOLD | KT_10 | 1ct | imgs:3
[01:18:41][PRINCESS] [3895] ? NIV-0332585B72BA0BAE | BASKET | DOUBLE_TWIST | CHANNEL | GOLD | KT_10 | 1ct | imgs:3
[01:18:44][PRINCESS] [3896] ? NIV-C2F17FB379BB4C38 | BASKET | DOUBLE_TWIST | CHANNEL | GOLD | KT_10 | 1ct | imgs:3
[01:18:50][PRINCESS] [3897] ? NIV-C2F17FB379BB4C38 | BASKET | DOUBLE_TWIST | CHANNEL | GOLD | KT_10 | 1ct | imgs:3
[01:18:56][PRINCESS] [3898] ? NIV-C2F17FB379BB4C38 | BASKET | DOUBLE_TWIST | CHANNEL | GOLD | KT_10 | 1ct | imgs:3
[01:18:59][PRINCESS] [3899] ? NIV-0CC0E445E99EA6CC | BASKET | DOUBLE_TWIST | CHANNEL | GOLD | KT_10 | 1ct | imgs:3
[01:19:03][PRINCESS] [3900] ? NIV-0CC0E445E99EA6CC | BASKET | DOUBLE_TWIST | CHANNEL | GOLD | KT_10 | 1ct | imgs:3
[01:19:08][PRINCESS] [3901] ? NIV-0CC0E445E99EA6CC | BASKET | DOUBLE_TWIST | CHANNEL | GOLD | KT_10 | 1ct | imgs:3
[01:19:15][PRINCESS] [3902] ? NIV-6D1A18C88CD0FEF9 | BASKET | DOUBLE_TWIST | CHANNEL | GOLD | KT_14 | 1ct | imgs:3
[01:19:20][PRINCESS] [3903] ? NIV-6D1A18C88CD0FEF9 | BASKET | DOUBLE_TWIST | CHANNEL | GOLD | KT_14 | 1ct | imgs:3
[01:19:23][PRINCESS] [3904] ? NIV-6D1A18C88CD0FEF9 | BASKET | DOUBLE_TWIST | CHANNEL | GOLD | KT_14 | 1ct | imgs:3
[01:19:26][PRINCESS] [3905] ? NIV-EF2D5FC12B380089 | BASKET | DOUBLE_TWIST | CHANNEL | GOLD | KT_14 | 1ct | imgs:3
[01:19:29][PRINCESS] [3906] ? NIV-EF2D5FC12B380089 | BASKET | DOUBLE_TWIST | CHANNEL | GOLD | KT_14 | 1ct | imgs:3
[01:19:35][PRINCESS] [3907] ? NIV-EF2D5FC12B380089 | BASKET | DOUBLE_TWIST | CHANNEL | GOLD | KT_14 | 1ct | imgs:3
[01:19:38][PRINCESS] [3908] ? NIV-4EC109F99A2A761D | BASKET | DOUBLE_TWIST | CHANNEL | GOLD | KT_14 | 1ct | imgs:3
[01:19:41][PRINCESS] [3909] ? NIV-4EC109F99A2A761D | BASKET | DOUBLE_TWIST | CHANNEL | GOLD | KT_14 | 1ct | imgs:3
[01:19:47][PRINCESS] [3910] ? NIV-4EC109F99A2A761D | BASKET | DOUBLE_TWIST | CHANNEL | GOLD | KT_14 | 1ct | imgs:3
[01:19:50][PRINCESS] [3911] ? NIV-C61705B25055E79E | BASKET | DOUBLE_TWIST | CHANNEL | GOLD | KT_18 | 1ct | imgs:3
[01:19:53][PRINCESS] [3912] ? NIV-C61705B25055E79E | BASKET | DOUBLE_TWIST | CHANNEL | GOLD | KT_18 | 1ct | imgs:3
[01:19:56][PRINCESS] [3913] ? NIV-C61705B25055E79E | BASKET | DOUBLE_TWIST | CHANNEL | GOLD | KT_18 | 1ct | imgs:3
[01:20:02][PRINCESS] [3914] ? NIV-49EC0024A3508344 | BASKET | DOUBLE_TWIST | CHANNEL | GOLD | KT_18 | 1ct | imgs:2
[01:20:08][PRINCESS] [3915] ? NIV-49EC0024A3508344 | BASKET | DOUBLE_TWIST | CHANNEL | GOLD | KT_18 | 1ct | imgs:3
[01:20:14][PRINCESS] [3916] ? NIV-49EC0024A3508344 | BASKET | DOUBLE_TWIST | CHANNEL | GOLD | KT_18 | 1ct | imgs:3
[01:20:18][PRINCESS] [3917] ? NIV-CC33EAEDE1B8A2B5 | BASKET | DOUBLE_TWIST | CHANNEL | GOLD | KT_18 | 1ct | imgs:2
[01:20:23][PRINCESS] [3918] ? NIV-CC33EAEDE1B8A2B5 | BASKET | DOUBLE_TWIST | CHANNEL | GOLD | KT_18 | 1ct | imgs:3
[01:20:26][PRINCESS] [3919] ? NIV-CC33EAEDE1B8A2B5 | BASKET | DOUBLE_TWIST | CHANNEL | GOLD | KT_18 | 1ct | imgs:3
[01:20:30][PRINCESS] [3920] ? NIV-D70B783FFB7EC87A | BASKET | DOUBLE_TWIST | CHANNEL | PLATINUM | PT_950 | 1ct | imgs:3
[01:20:38][PRINCESS] [3921] ? NIV-424AC9F97AC0E8C6 | BASKET | DOUBLE_TWIST | CHANNEL | GOLD | KT_10 | 1ct | imgs:1
[01:20:41][PRINCESS] [3922] ? NIV-424AC9F97AC0E8C6 | BASKET | DOUBLE_TWIST | CHANNEL | GOLD | KT_10 | 1ct | imgs:3
[01:20:44][PRINCESS] [3923] ? NIV-424AC9F97AC0E8C6 | BASKET | DOUBLE_TWIST | CHANNEL | GOLD | KT_10 | 1ct | imgs:3
[01:20:47][PRINCESS] [3924] ? NIV-F7242CB54B010AB5 | BASKET | DOUBLE_TWIST | CHANNEL | GOLD | KT_10 | 1ct | imgs:3
[01:20:50][PRINCESS] [3925] ? NIV-F7242CB54B010AB5 | BASKET | DOUBLE_TWIST | CHANNEL | GOLD | KT_10 | 1ct | imgs:3
[01:20:56][PRINCESS] [3926] ? NIV-F7242CB54B010AB5 | BASKET | DOUBLE_TWIST | CHANNEL | GOLD | KT_10 | 1ct | imgs:3
[01:21:01][PRINCESS] [3927] ? NIV-27FF8B7C79A09324 | BASKET | DOUBLE_TWIST | CHANNEL | GOLD | KT_10 | 1ct | imgs:3
[01:21:05][PRINCESS] [3928] ? NIV-27FF8B7C79A09324 | BASKET | DOUBLE_TWIST | CHANNEL | GOLD | KT_10 | 1ct | imgs:3
[01:21:08][PRINCESS] [3929] ? NIV-27FF8B7C79A09324 | BASKET | DOUBLE_TWIST | CHANNEL | GOLD | KT_10 | 1ct | imgs:3
[01:21:11][PRINCESS] [3930] ? NIV-A7B16E2BB76D8262 | BASKET | DOUBLE_TWIST | CHANNEL | GOLD | KT_14 | 1ct | imgs:3
[01:21:14][PRINCESS] [3931] ? NIV-A7B16E2BB76D8262 | BASKET | DOUBLE_TWIST | CHANNEL | GOLD | KT_14 | 1ct | imgs:3
[01:21:20][PRINCESS] [3932] ? NIV-A7B16E2BB76D8262 | BASKET | DOUBLE_TWIST | CHANNEL | GOLD | KT_14 | 1ct | imgs:3
[01:21:23][PRINCESS] [3933] ? NIV-2FB5BB7B809817CA | BASKET | DOUBLE_TWIST | CHANNEL | GOLD | KT_14 | 1ct | imgs:3
[01:21:29][PRINCESS] [3934] ? NIV-2FB5BB7B809817CA | BASKET | DOUBLE_TWIST | CHANNEL | GOLD | KT_14 | 1ct | imgs:3
[01:21:32][PRINCESS] [3935] ? NIV-2FB5BB7B809817CA | BASKET | DOUBLE_TWIST | CHANNEL | GOLD | KT_14 | 1ct | imgs:3
[01:21:36][PRINCESS] [3936] ? NIV-DDC4424CC79F7F53 | BASKET | DOUBLE_TWIST | CHANNEL | GOLD | KT_14 | 1ct | imgs:2
[01:21:41][PRINCESS] [3937] ? NIV-DDC4424CC79F7F53 | BASKET | DOUBLE_TWIST | CHANNEL | GOLD | KT_14 | 1ct | imgs:3
[01:21:44][PRINCESS] [3938] ? NIV-DDC4424CC79F7F53 | BASKET | DOUBLE_TWIST | CHANNEL | GOLD | KT_14 | 1ct | imgs:3
[01:21:47][PRINCESS] [3939] ? NIV-BDF9039D418A51B7 | BASKET | DOUBLE_TWIST | CHANNEL | GOLD | KT_18 | 1ct | imgs:3
[01:21:50][PRINCESS] [3940] ? NIV-BDF9039D418A51B7 | BASKET | DOUBLE_TWIST | CHANNEL | GOLD | KT_18 | 1ct | imgs:3
[01:21:53][PRINCESS] [3941] ? NIV-BDF9039D418A51B7 | BASKET | DOUBLE_TWIST | CHANNEL | GOLD | KT_18 | 1ct | imgs:3
[01:21:56][PRINCESS] [3942] ? NIV-C1F77F3ACEC9B510 | BASKET | DOUBLE_TWIST | CHANNEL | GOLD | KT_18 | 1ct | imgs:3
[01:21:59][PRINCESS] [3943] ? NIV-C1F77F3ACEC9B510 | BASKET | DOUBLE_TWIST | CHANNEL | GOLD | KT_18 | 1ct | imgs:3
[01:22:03][PRINCESS] [3944] ? NIV-C1F77F3ACEC9B510 | BASKET | DOUBLE_TWIST | CHANNEL | GOLD | KT_18 | 1ct | imgs:3
[01:22:05][PRINCESS] [3945] ? NIV-17838CF53B85EE8D | BASKET | DOUBLE_TWIST | CHANNEL | GOLD | KT_18 | 1ct | imgs:3
[01:22:08][PRINCESS] [3946] ? NIV-17838CF53B85EE8D | BASKET | DOUBLE_TWIST | CHANNEL | GOLD | KT_18 | 1ct | imgs:3
[01:22:14][PRINCESS] [3947] ? NIV-17838CF53B85EE8D | BASKET | DOUBLE_TWIST | CHANNEL | GOLD | KT_18 | 1ct | imgs:3
[01:22:17][PRINCESS] [3948] ? NIV-CBFBD9546C75E808 | BASKET | DOUBLE_TWIST | CHANNEL | PLATINUM | PT_950 | 1ct | imgs:3
[01:22:26][PRINCESS] [3949] ? NIV-09647FF5C96915ED | BASKET | DOUBLE_TWIST | CHANNEL | GOLD | KT_10 | 1ct | imgs:3
[01:22:29][PRINCESS] [3950] ? NIV-09647FF5C96915ED | BASKET | DOUBLE_TWIST | CHANNEL | GOLD | KT_10 | 1ct | imgs:3
[01:22:32][PRINCESS] [3951] ? NIV-09647FF5C96915ED | BASKET | DOUBLE_TWIST | CHANNEL | GOLD | KT_10 | 1ct | imgs:3
[01:22:35][PRINCESS] [3952] ? NIV-35A14E6EF93943F2 | BASKET | DOUBLE_TWIST | CHANNEL | GOLD | KT_10 | 1ct | imgs:3
[01:22:38][PRINCESS] [3953] ? NIV-35A14E6EF93943F2 | BASKET | DOUBLE_TWIST | CHANNEL | GOLD | KT_10 | 1ct | imgs:3
[01:22:41][PRINCESS] [3954] ? NIV-35A14E6EF93943F2 | BASKET | DOUBLE_TWIST | CHANNEL | GOLD | KT_10 | 1ct | imgs:3
[01:22:44][PRINCESS] [3955] ? NIV-B5DAEA16CA2B1BC2 | BASKET | DOUBLE_TWIST | CHANNEL | GOLD | KT_10 | 1ct | imgs:3
[01:22:47][PRINCESS] [3956] ? NIV-B5DAEA16CA2B1BC2 | BASKET | DOUBLE_TWIST | CHANNEL | GOLD | KT_10 | 1ct | imgs:3
[01:22:51][PRINCESS] [3957] ? NIV-B5DAEA16CA2B1BC2 | BASKET | DOUBLE_TWIST | CHANNEL | GOLD | KT_10 | 1ct | imgs:3
[01:22:53][PRINCESS] [3958] ? NIV-703278BF2BE02DA3 | BASKET | DOUBLE_TWIST | CHANNEL | GOLD | KT_14 | 1ct | imgs:3
[01:22:59][PRINCESS] [3959] ? NIV-703278BF2BE02DA3 | BASKET | DOUBLE_TWIST | CHANNEL | GOLD | KT_14 | 1ct | imgs:3
[01:23:02][PRINCESS] [3960] ? NIV-703278BF2BE02DA3 | BASKET | DOUBLE_TWIST | CHANNEL | GOLD | KT_14 | 1ct | imgs:3
[01:23:05][PRINCESS] [3961] ? NIV-96AC49664BEC912B | BASKET | DOUBLE_TWIST | CHANNEL | GOLD | KT_14 | 1ct | imgs:3
[01:23:08][PRINCESS] [3962] ? NIV-96AC49664BEC912B | BASKET | DOUBLE_TWIST | CHANNEL | GOLD | KT_14 | 1ct | imgs:3
[01:23:11][PRINCESS] [3963] ? NIV-96AC49664BEC912B | BASKET | DOUBLE_TWIST | CHANNEL | GOLD | KT_14 | 1ct | imgs:3
[01:23:14][PRINCESS] [3964] ? NIV-63355129AB6FDFC7 | BASKET | DOUBLE_TWIST | CHANNEL | GOLD | KT_14 | 1ct | imgs:3
[01:23:17][PRINCESS] [3965] ? NIV-63355129AB6FDFC7 | BASKET | DOUBLE_TWIST | CHANNEL | GOLD | KT_14 | 1ct | imgs:3
[01:23:21][PRINCESS] [3966] ? NIV-63355129AB6FDFC7 | BASKET | DOUBLE_TWIST | CHANNEL | GOLD | KT_14 | 1ct | imgs:3
[01:23:23][PRINCESS] [3967] ? NIV-175623F9586636C7 | BASKET | DOUBLE_TWIST | CHANNEL | GOLD | KT_18 | 1ct | imgs:3
[01:23:27][PRINCESS] [3968] ? NIV-175623F9586636C7 | BASKET | DOUBLE_TWIST | CHANNEL | GOLD | KT_18 | 1ct | imgs:3
[01:23:32][PRINCESS] [3969] ? NIV-175623F9586636C7 | BASKET | DOUBLE_TWIST | CHANNEL | GOLD | KT_18 | 1ct | imgs:3
[01:23:35][PRINCESS] [3970] ? NIV-97C2CCB06E11F6DB | BASKET | DOUBLE_TWIST | CHANNEL | GOLD | KT_18 | 1ct | imgs:3
[01:23:38][PRINCESS] [3971] ? NIV-97C2CCB06E11F6DB | BASKET | DOUBLE_TWIST | CHANNEL | GOLD | KT_18 | 1ct | imgs:3
[01:23:44][PRINCESS] [3972] ? NIV-97C2CCB06E11F6DB | BASKET | DOUBLE_TWIST | CHANNEL | GOLD | KT_18 | 1ct | imgs:3
[01:23:47][PRINCESS] [3973] ? NIV-E193149D1FFAB1DD | BASKET | DOUBLE_TWIST | CHANNEL | GOLD | KT_18 | 1ct | imgs:3
[01:23:50][PRINCESS] [3974] ? NIV-E193149D1FFAB1DD | BASKET | DOUBLE_TWIST | CHANNEL | GOLD | KT_18 | 1ct | imgs:3
[01:23:53][PRINCESS] [3975] ? NIV-E193149D1FFAB1DD | BASKET | DOUBLE_TWIST | CHANNEL | GOLD | KT_18 | 1ct | imgs:3
[01:23:56][PRINCESS] [3976] ? NIV-8D042A1D982245A9 | BASKET | DOUBLE_TWIST | CHANNEL | PLATINUM | PT_950 | 1ct | imgs:3
[01:24:02][PRINCESS] [3977] ? NIV-6FE7ED3E4A6A708C | BASKET | DOUBLE_TWIST | CHANNEL | GOLD | KT_10 | 1ct | imgs:3
[01:24:05][PRINCESS] [3978] ? NIV-6FE7ED3E4A6A708C | BASKET | DOUBLE_TWIST | CHANNEL | GOLD | KT_10 | 1ct | imgs:3
[01:24:08][PRINCESS] [3979] ? NIV-6FE7ED3E4A6A708C | BASKET | DOUBLE_TWIST | CHANNEL | GOLD | KT_10 | 1ct | imgs:3
[01:24:11][PRINCESS] [3980] ? NIV-C6C5F66AAF67C982 | BASKET | DOUBLE_TWIST | CHANNEL | GOLD | KT_10 | 1ct | imgs:3
[01:24:14][PRINCESS] [3981] ? NIV-C6C5F66AAF67C982 | BASKET | DOUBLE_TWIST | CHANNEL | GOLD | KT_10 | 1ct | imgs:3
[01:24:17][PRINCESS] [3982] ? NIV-C6C5F66AAF67C982 | BASKET | DOUBLE_TWIST | CHANNEL | GOLD | KT_10 | 1ct | imgs:3
[01:24:20][PRINCESS] [3983] ? NIV-A3176D1AE2FC7436 | BASKET | DOUBLE_TWIST | CHANNEL | GOLD | KT_10 | 1ct | imgs:3
[01:24:26][PRINCESS] [3984] ? NIV-A3176D1AE2FC7436 | BASKET | DOUBLE_TWIST | CHANNEL | GOLD | KT_10 | 1ct | imgs:3
[01:24:32][PRINCESS] [3985] ? NIV-A3176D1AE2FC7436 | BASKET | DOUBLE_TWIST | CHANNEL | GOLD | KT_10 | 1ct | imgs:3
[01:24:35][PRINCESS] [3986] ? NIV-98E12286E24C1713 | BASKET | DOUBLE_TWIST | CHANNEL | GOLD | KT_14 | 1ct | imgs:3
[01:24:41][PRINCESS] [3987] ? NIV-98E12286E24C1713 | BASKET | DOUBLE_TWIST | CHANNEL | GOLD | KT_14 | 1ct | imgs:3
[01:24:47][PRINCESS] [3988] ? NIV-98E12286E24C1713 | BASKET | DOUBLE_TWIST | CHANNEL | GOLD | KT_14 | 1ct | imgs:3
[01:24:50][PRINCESS] [3989] ? NIV-1224E0ED53536EFF | BASKET | DOUBLE_TWIST | CHANNEL | GOLD | KT_14 | 1ct | imgs:3
[01:24:53][PRINCESS] [3990] ? NIV-1224E0ED53536EFF | BASKET | DOUBLE_TWIST | CHANNEL | GOLD | KT_14 | 1ct | imgs:3
[01:24:59][PRINCESS] [3991] ? NIV-1224E0ED53536EFF | BASKET | DOUBLE_TWIST | CHANNEL | GOLD | KT_14 | 1ct | imgs:3
[01:25:02][PRINCESS] [3992] ? NIV-5E65866A8FAEC310 | BASKET | DOUBLE_TWIST | CHANNEL | GOLD | KT_14 | 1ct | imgs:3
[01:25:05][PRINCESS] [3993] ? NIV-5E65866A8FAEC310 | BASKET | DOUBLE_TWIST | CHANNEL | GOLD | KT_14 | 1ct | imgs:3
[01:25:08][PRINCESS] [3994] ? NIV-5E65866A8FAEC310 | BASKET | DOUBLE_TWIST | CHANNEL | GOLD | KT_14 | 1ct | imgs:3
[01:25:11][PRINCESS] [3995] ? NIV-076B8FC848B76C01 | BASKET | DOUBLE_TWIST | CHANNEL | GOLD | KT_18 | 1ct | imgs:3
[01:25:17][PRINCESS] [3996] ? NIV-076B8FC848B76C01 | BASKET | DOUBLE_TWIST | CHANNEL | GOLD | KT_18 | 1ct | imgs:3
[01:25:23][PRINCESS] [3997] ? NIV-076B8FC848B76C01 | BASKET | DOUBLE_TWIST | CHANNEL | GOLD | KT_18 | 1ct | imgs:3
[01:25:26][PRINCESS] [3998] ? NIV-5EB509710516131E | BASKET | DOUBLE_TWIST | CHANNEL | GOLD | KT_18 | 1ct | imgs:3
[01:25:29][PRINCESS] [3999] ? NIV-5EB509710516131E | BASKET | DOUBLE_TWIST | CHANNEL | GOLD | KT_18 | 1ct | imgs:3
[01:25:35][PRINCESS] [4000] ? NIV-5EB509710516131E | BASKET | DOUBLE_TWIST | CHANNEL | GOLD | KT_18 | 1ct | imgs:3
[01:25:38][PRINCESS] [4001] ? NIV-9350E85FED8943F0 | BASKET | DOUBLE_TWIST | CHANNEL | GOLD | KT_18 | 1ct | imgs:3
[01:25:41][PRINCESS] [4002] ? NIV-9350E85FED8943F0 | BASKET | DOUBLE_TWIST | CHANNEL | GOLD | KT_18 | 1ct | imgs:3
[01:25:45][PRINCESS] [4003] ? NIV-9350E85FED8943F0 | BASKET | DOUBLE_TWIST | CHANNEL | GOLD | KT_18 | 1ct | imgs:3
[01:25:47][PRINCESS] [4004] ? NIV-9521EAA68FF62720 | BASKET | DOUBLE_TWIST | CHANNEL | PLATINUM | PT_950 | 1ct | imgs:3
[01:25:53][PRINCESS] [4005] ? NIV-8D9A2D10B0927D1A | BASKET | DOUBLE_TWIST | CHANNEL | GOLD | KT_10 | 1ct | imgs:3
[01:25:57][PRINCESS] [4006] ? NIV-8D9A2D10B0927D1A | BASKET | DOUBLE_TWIST | CHANNEL | GOLD | KT_10 | 1ct | imgs:3
[01:26:02][PRINCESS] [4007] ? NIV-8D9A2D10B0927D1A | BASKET | DOUBLE_TWIST | CHANNEL | GOLD | KT_10 | 1ct | imgs:3
[01:26:05][PRINCESS] [4008] ? NIV-3B466790F80A1A1F | BASKET | DOUBLE_TWIST | CHANNEL | GOLD | KT_10 | 1ct | imgs:3
[01:26:08][PRINCESS] [4009] ? NIV-3B466790F80A1A1F | BASKET | DOUBLE_TWIST | CHANNEL | GOLD | KT_10 | 1ct | imgs:3
[01:26:12][PRINCESS] [4010] ? NIV-3B466790F80A1A1F | BASKET | DOUBLE_TWIST | CHANNEL | GOLD | KT_10 | 1ct | imgs:3
[01:26:14][PRINCESS] [4011] ? NIV-492B8818FDEC6C6D | BASKET | DOUBLE_TWIST | CHANNEL | GOLD | KT_10 | 1ct | imgs:3
[01:26:17][PRINCESS] [4012] ? NIV-492B8818FDEC6C6D | BASKET | DOUBLE_TWIST | CHANNEL | GOLD | KT_10 | 1ct | imgs:3
[01:26:23][PRINCESS] [4013] ? NIV-492B8818FDEC6C6D | BASKET | DOUBLE_TWIST | CHANNEL | GOLD | KT_10 | 1ct | imgs:3
[01:26:26][PRINCESS] [4014] ? NIV-BE5C4A67CA3161D6 | BASKET | DOUBLE_TWIST | CHANNEL | GOLD | KT_14 | 1ct | imgs:3
[01:26:30][PRINCESS] [4015] ? NIV-BE5C4A67CA3161D6 | BASKET | DOUBLE_TWIST | CHANNEL | GOLD | KT_14 | 1ct | imgs:3
[01:26:35][PRINCESS] [4016] ? NIV-BE5C4A67CA3161D6 | BASKET | DOUBLE_TWIST | CHANNEL | GOLD | KT_14 | 1ct | imgs:3
[01:26:38][PRINCESS] [4017] ? NIV-8C2E84F105D33627 | BASKET | DOUBLE_TWIST | CHANNEL | GOLD | KT_14 | 1ct | imgs:3
[01:26:41][PRINCESS] [4018] ? NIV-8C2E84F105D33627 | BASKET | DOUBLE_TWIST | CHANNEL | GOLD | KT_14 | 1ct | imgs:3
[01:26:45][PRINCESS] [4019] ? NIV-8C2E84F105D33627 | BASKET | DOUBLE_TWIST | CHANNEL | GOLD | KT_14 | 1ct | imgs:3
[01:26:47][PRINCESS] [4020] ? NIV-953872235E74EC24 | BASKET | DOUBLE_TWIST | CHANNEL | GOLD | KT_14 | 1ct | imgs:3
[01:26:50][PRINCESS] [4021] ? NIV-953872235E74EC24 | BASKET | DOUBLE_TWIST | CHANNEL | GOLD | KT_14 | 1ct | imgs:3
[01:26:53][PRINCESS] [4022] ? NIV-953872235E74EC24 | BASKET | DOUBLE_TWIST | CHANNEL | GOLD | KT_14 | 1ct | imgs:3
[01:26:56][PRINCESS] [4023] ? NIV-C93FAD129CE08831 | BASKET | DOUBLE_TWIST | CHANNEL | GOLD | KT_18 | 1ct | imgs:3
[01:27:02][PRINCESS] [4024] ? NIV-C93FAD129CE08831 | BASKET | DOUBLE_TWIST | CHANNEL | GOLD | KT_18 | 1ct | imgs:3
[01:27:06][PRINCESS] [4025] ? NIV-C93FAD129CE08831 | BASKET | DOUBLE_TWIST | CHANNEL | GOLD | KT_18 | 1ct | imgs:3
[01:27:08][PRINCESS] [4026] ? NIV-1BCD309091255C39 | BASKET | DOUBLE_TWIST | CHANNEL | GOLD | KT_18 | 1ct | imgs:3
[01:27:11][PRINCESS] [4027] ? NIV-1BCD309091255C39 | BASKET | DOUBLE_TWIST | CHANNEL | GOLD | KT_18 | 1ct | imgs:3
[01:27:15][PRINCESS] [4028] ? NIV-1BCD309091255C39 | BASKET | DOUBLE_TWIST | CHANNEL | GOLD | KT_18 | 1ct | imgs:3
[01:27:17][PRINCESS] [4029] ? NIV-ED87C96A62D9C65B | BASKET | DOUBLE_TWIST | CHANNEL | GOLD | KT_18 | 1ct | imgs:3
[01:27:20][PRINCESS] [4030] ? NIV-ED87C96A62D9C65B | BASKET | DOUBLE_TWIST | CHANNEL | GOLD | KT_18 | 1ct | imgs:3
[01:27:26][PRINCESS] [4031] ? NIV-ED87C96A62D9C65B | BASKET | DOUBLE_TWIST | CHANNEL | GOLD | KT_18 | 1ct | imgs:3
[01:27:29][PRINCESS] [4032] ? NIV-AF4BB359EBFBE287 | BASKET | DOUBLE_TWIST | CHANNEL | PLATINUM | PT_950 | 1ct | imgs:3
[01:27:35][PRINCESS] [4033] ? NIV-0180CE310F44E86B | BASKET | DOUBLE_TWIST | CHANNEL | GOLD | KT_10 | 1ct | imgs:3
[01:27:38][PRINCESS] [4034] ? NIV-0180CE310F44E86B | BASKET | DOUBLE_TWIST | CHANNEL | GOLD | KT_10 | 1ct | imgs:3
[01:27:44][PRINCESS] [4035] ? NIV-0180CE310F44E86B | BASKET | DOUBLE_TWIST | CHANNEL | GOLD | KT_10 | 1ct | imgs:3
[01:27:47][PRINCESS] [4036] ? NIV-5DF5791F336E3069 | BASKET | DOUBLE_TWIST | CHANNEL | GOLD | KT_10 | 1ct | imgs:3
[01:27:50][PRINCESS] [4037] ? NIV-5DF5791F336E3069 | BASKET | DOUBLE_TWIST | CHANNEL | GOLD | KT_10 | 1ct | imgs:3
[01:27:56][PRINCESS] [4038] ? NIV-5DF5791F336E3069 | BASKET | DOUBLE_TWIST | CHANNEL | GOLD | KT_10 | 1ct | imgs:3
[01:27:59][PRINCESS] [4039] ? NIV-B63EF98A98DC1894 | BASKET | DOUBLE_TWIST | CHANNEL | GOLD | KT_10 | 1ct | imgs:3
[01:28:03][PRINCESS] [4040] ? NIV-B63EF98A98DC1894 | BASKET | DOUBLE_TWIST | CHANNEL | GOLD | KT_10 | 1ct | imgs:3
[01:28:08][PRINCESS] [4041] ? NIV-B63EF98A98DC1894 | BASKET | DOUBLE_TWIST | CHANNEL | GOLD | KT_10 | 1ct | imgs:3
[01:28:12][PRINCESS] [4042] ? NIV-A1E02C061ABFA0BA | BASKET | DOUBLE_TWIST | CHANNEL | GOLD | KT_14 | 1ct | imgs:2
[01:28:17][PRINCESS] [4043] ? NIV-A1E02C061ABFA0BA | BASKET | DOUBLE_TWIST | CHANNEL | GOLD | KT_14 | 1ct | imgs:3
[01:28:20][PRINCESS] [4044] ? NIV-A1E02C061ABFA0BA | BASKET | DOUBLE_TWIST | CHANNEL | GOLD | KT_14 | 1ct | imgs:3
[01:28:23][PRINCESS] [4045] ? NIV-736B74A077D52730 | BASKET | DOUBLE_TWIST | CHANNEL | GOLD | KT_14 | 1ct | imgs:3
[01:28:26][PRINCESS] [4046] ? NIV-736B74A077D52730 | BASKET | DOUBLE_TWIST | CHANNEL | GOLD | KT_14 | 1ct | imgs:3
[01:28:32][PRINCESS] [4047] ? NIV-736B74A077D52730 | BASKET | DOUBLE_TWIST | CHANNEL | GOLD | KT_14 | 1ct | imgs:3
[01:28:35][PRINCESS] [4048] ? NIV-8BAE242EE57C870E | BASKET | DOUBLE_TWIST | CHANNEL | GOLD | KT_14 | 1ct | imgs:3
[01:28:38][PRINCESS] [4049] ? NIV-8BAE242EE57C870E | BASKET | DOUBLE_TWIST | CHANNEL | GOLD | KT_14 | 1ct | imgs:3
[01:28:44][PRINCESS] [4050] ? NIV-8BAE242EE57C870E | BASKET | DOUBLE_TWIST | CHANNEL | GOLD | KT_14 | 1ct | imgs:3
[01:28:47][PRINCESS] [4051] ? NIV-98E6AFADE4065597 | BASKET | DOUBLE_TWIST | CHANNEL | GOLD | KT_18 | 1ct | imgs:3
[01:28:50][PRINCESS] [4052] ? NIV-98E6AFADE4065597 | BASKET | DOUBLE_TWIST | CHANNEL | GOLD | KT_18 | 1ct | imgs:3
[01:28:53][PRINCESS] [4053] ? NIV-98E6AFADE4065597 | BASKET | DOUBLE_TWIST | CHANNEL | GOLD | KT_18 | 1ct | imgs:3
[01:28:56][PRINCESS] [4054] ? NIV-4B24D8227F96D50F | BASKET | DOUBLE_TWIST | CHANNEL | GOLD | KT_18 | 1ct | imgs:3
[01:28:59][PRINCESS] [4055] ? NIV-4B24D8227F96D50F | BASKET | DOUBLE_TWIST | CHANNEL | GOLD | KT_18 | 1ct | imgs:3
[01:29:03][PRINCESS] [4056] ? NIV-4B24D8227F96D50F | BASKET | DOUBLE_TWIST | CHANNEL | GOLD | KT_18 | 1ct | imgs:3
[01:29:05][PRINCESS] [4057] ? NIV-0A49EAADDD833EA5 | BASKET | DOUBLE_TWIST | CHANNEL | GOLD | KT_18 | 1ct | imgs:3
[01:29:08][PRINCESS] [4058] ? NIV-0A49EAADDD833EA5 | BASKET | DOUBLE_TWIST | CHANNEL | GOLD | KT_18 | 1ct | imgs:3
[01:29:11][PRINCESS] [4059] ? NIV-0A49EAADDD833EA5 | BASKET | DOUBLE_TWIST | CHANNEL | GOLD | KT_18 | 1ct | imgs:3
[01:29:14][PRINCESS] [4060] ? NIV-B12D0070240FAB7E | BASKET | DOUBLE_TWIST | CHANNEL | PLATINUM | PT_950 | 1ct | imgs:3
[01:29:20][PRINCESS] [4061] ? NIV-3BD53BC352310864 | BASKET | DOUBLE_TWIST | CHANNEL | GOLD | KT_10 | 1ct | imgs:3
[01:29:23][PRINCESS] [4062] ? NIV-3BD53BC352310864 | BASKET | DOUBLE_TWIST | CHANNEL | GOLD | KT_10 | 1ct | imgs:3
[01:29:27][PRINCESS] [4063] ? NIV-3BD53BC352310864 | BASKET | DOUBLE_TWIST | CHANNEL | GOLD | KT_10 | 1ct | imgs:3
[01:29:29][PRINCESS] [4064] ? NIV-DEED73A06A8A5FFC | BASKET | DOUBLE_TWIST | CHANNEL | GOLD | KT_10 | 1ct | imgs:1
[01:29:35][PRINCESS] [4065] ? NIV-DEED73A06A8A5FFC | BASKET | DOUBLE_TWIST | CHANNEL | GOLD | KT_10 | 1ct | imgs:3
[01:29:38][PRINCESS] [4066] ? NIV-DEED73A06A8A5FFC | BASKET | DOUBLE_TWIST | CHANNEL | GOLD | KT_10 | 1ct | imgs:3
[01:29:49][PRINCESS] [4067] ??  NIV-DEED73A06A8A5FFC | BASKET | DOUBLE_TWIST | CHANNEL | GOLD | KT_10 | 1ct | imgs:0
[01:29:53][PRINCESS] [4068] ? NIV-2DCB4C6431189A1E | BASKET | DOUBLE_TWIST | CHANNEL | GOLD | KT_10 | 1ct | imgs:3
[01:29:56][PRINCESS] [4069] ? NIV-2DCB4C6431189A1E | BASKET | DOUBLE_TWIST | CHANNEL | GOLD | KT_10 | 1ct | imgs:3
[01:29:59][PRINCESS] [4070] ? NIV-5836A81E4D177B42 | BASKET | DOUBLE_TWIST | CHANNEL | GOLD | KT_14 | 1ct | imgs:3
[01:30:05][PRINCESS] [4071] ? NIV-5836A81E4D177B42 | BASKET | DOUBLE_TWIST | CHANNEL | GOLD | KT_14 | 1ct | imgs:3
[01:30:08][PRINCESS] [4072] ? NIV-5836A81E4D177B42 | BASKET | DOUBLE_TWIST | CHANNEL | GOLD | KT_14 | 1ct | imgs:3
[01:30:12][PRINCESS] [4073] ? NIV-EA7F9624845F79F4 | BASKET | DOUBLE_TWIST | CHANNEL | GOLD | KT_14 | 1ct | imgs:3
[01:30:17][PRINCESS] [4074] ? NIV-EA7F9624845F79F4 | BASKET | DOUBLE_TWIST | CHANNEL | GOLD | KT_14 | 1ct | imgs:3
[01:30:20][PRINCESS] [4075] ? NIV-EA7F9624845F79F4 | BASKET | DOUBLE_TWIST | CHANNEL | GOLD | KT_14 | 1ct | imgs:3
[01:30:23][PRINCESS] [4076] ? NIV-7EDC1C07D4FE26C6 | BASKET | DOUBLE_TWIST | CHANNEL | GOLD | KT_14 | 1ct | imgs:3
[01:30:26][PRINCESS] [4077] ? NIV-7EDC1C07D4FE26C6 | BASKET | DOUBLE_TWIST | CHANNEL | GOLD | KT_14 | 1ct | imgs:3
[01:30:32][PRINCESS] [4078] ? NIV-7EDC1C07D4FE26C6 | BASKET | DOUBLE_TWIST | CHANNEL | GOLD | KT_14 | 1ct | imgs:3
[01:30:35][PRINCESS] [4079] ? NIV-3DF8EAC380424819 | BASKET | DOUBLE_TWIST | CHANNEL | GOLD | KT_18 | 1ct | imgs:3
[01:30:38][PRINCESS] [4080] ? NIV-3DF8EAC380424819 | BASKET | DOUBLE_TWIST | CHANNEL | GOLD | KT_18 | 1ct | imgs:3
[01:30:42][PRINCESS] [4081] ? NIV-3DF8EAC380424819 | BASKET | DOUBLE_TWIST | CHANNEL | GOLD | KT_18 | 1ct | imgs:3
[01:30:44][PRINCESS] [4082] ? NIV-51BE42A24520AED9 | BASKET | DOUBLE_TWIST | CHANNEL | GOLD | KT_18 | 1ct | imgs:3
[01:30:47][PRINCESS] [4083] ? NIV-51BE42A24520AED9 | BASKET | DOUBLE_TWIST | CHANNEL | GOLD | KT_18 | 1ct | imgs:3
[01:30:53][PRINCESS] [4084] ? NIV-51BE42A24520AED9 | BASKET | DOUBLE_TWIST | CHANNEL | GOLD | KT_18 | 1ct | imgs:3
[01:30:56][PRINCESS] [4085] ? NIV-3BF47CF675FFEDD3 | BASKET | DOUBLE_TWIST | CHANNEL | GOLD | KT_18 | 1ct | imgs:3
[01:30:59][PRINCESS] [4086] ? NIV-3BF47CF675FFEDD3 | BASKET | DOUBLE_TWIST | CHANNEL | GOLD | KT_18 | 1ct | imgs:3
[01:31:03][PRINCESS] [4087] ? NIV-3BF47CF675FFEDD3 | BASKET | DOUBLE_TWIST | CHANNEL | GOLD | KT_18 | 1ct | imgs:3
[01:31:05][PRINCESS] [4088] ? NIV-ACBFD7B662FF63A6 | BASKET | DOUBLE_TWIST | CHANNEL | PLATINUM | PT_950 | 1ct | imgs:3
[01:31:11][PRINCESS] [4089] ? NIV-16DC8E856597545C | BASKET | DOUBLE_TWIST | CHANNEL | GOLD | KT_10 | 1ct | imgs:3
[01:31:17][PRINCESS] [4090] ? NIV-16DC8E856597545C | BASKET | DOUBLE_TWIST | CHANNEL | GOLD | KT_10 | 1ct | imgs:3
[01:31:20][PRINCESS] [4091] ? NIV-16DC8E856597545C | BASKET | DOUBLE_TWIST | CHANNEL | GOLD | KT_10 | 1ct | imgs:3
[01:31:23][PRINCESS] [4092] ? NIV-2E3855B7C8D1D60B | BASKET | DOUBLE_TWIST | CHANNEL | GOLD | KT_10 | 1ct | imgs:3
[01:31:27][PRINCESS] [4093] ? NIV-2E3855B7C8D1D60B | BASKET | DOUBLE_TWIST | CHANNEL | GOLD | KT_10 | 1ct | imgs:3
[01:31:32][PRINCESS] [4094] ? NIV-2E3855B7C8D1D60B | BASKET | DOUBLE_TWIST | CHANNEL | GOLD | KT_10 | 1ct | imgs:3
[01:31:35][PRINCESS] [4095] ? NIV-DFD6FA02AF93DC66 | BASKET | DOUBLE_TWIST | CHANNEL | GOLD | KT_10 | 1ct | imgs:3
[01:31:38][PRINCESS] [4096] ? NIV-DFD6FA02AF93DC66 | BASKET | DOUBLE_TWIST | CHANNEL | GOLD | KT_10 | 1ct | imgs:3
[01:31:42][PRINCESS] [4097] ? NIV-DFD6FA02AF93DC66 | BASKET | DOUBLE_TWIST | CHANNEL | GOLD | KT_10 | 1ct | imgs:3
[01:31:45][PRINCESS] [4098] ? NIV-EBD79D40C3909F3B | BASKET | DOUBLE_TWIST | CHANNEL | GOLD | KT_14 | 1ct | imgs:1
[01:31:50][PRINCESS] [4099] ? NIV-EBD79D40C3909F3B | BASKET | DOUBLE_TWIST | CHANNEL | GOLD | KT_14 | 1ct | imgs:3
[01:31:53][PRINCESS] [4100] ? NIV-EBD79D40C3909F3B | BASKET | DOUBLE_TWIST | CHANNEL | GOLD | KT_14 | 1ct | imgs:3
[01:31:56][PRINCESS] [4101] ? NIV-FB82834DDC561EA5 | BASKET | DOUBLE_TWIST | CHANNEL | GOLD | KT_14 | 1ct | imgs:1
[01:31:59][PRINCESS] [4102] ? NIV-FB82834DDC561EA5 | BASKET | DOUBLE_TWIST | CHANNEL | GOLD | KT_14 | 1ct | imgs:3
[01:32:05][PRINCESS] [4103] ? NIV-FB82834DDC561EA5 | BASKET | DOUBLE_TWIST | CHANNEL | GOLD | KT_14 | 1ct | imgs:3
[01:32:08][PRINCESS] [4104] ? NIV-1D3E0176596084DE | BASKET | DOUBLE_TWIST | CHANNEL | GOLD | KT_14 | 1ct | imgs:3
[01:32:14][PRINCESS] [4105] ? NIV-1D3E0176596084DE | BASKET | DOUBLE_TWIST | CHANNEL | GOLD | KT_14 | 1ct | imgs:3
[01:32:18][PRINCESS] [4106] ? NIV-1D3E0176596084DE | BASKET | DOUBLE_TWIST | CHANNEL | GOLD | KT_14 | 1ct | imgs:3
[01:32:20][PRINCESS] [4107] ? NIV-FD74592339C7C2E5 | BASKET | DOUBLE_TWIST | CHANNEL | GOLD | KT_18 | 1ct | imgs:3
[01:32:26][PRINCESS] [4108] ? NIV-FD74592339C7C2E5 | BASKET | DOUBLE_TWIST | CHANNEL | GOLD | KT_18 | 1ct | imgs:3
[01:32:29][PRINCESS] [4109] ? NIV-FD74592339C7C2E5 | BASKET | DOUBLE_TWIST | CHANNEL | GOLD | KT_18 | 1ct | imgs:3
[01:32:32][PRINCESS] [4110] ? NIV-550FCF199FE6A0B5 | BASKET | DOUBLE_TWIST | CHANNEL | GOLD | KT_18 | 1ct | imgs:3
[01:32:35][PRINCESS] [4111] ? NIV-550FCF199FE6A0B5 | BASKET | DOUBLE_TWIST | CHANNEL | GOLD | KT_18 | 1ct | imgs:3
[01:32:41][PRINCESS] [4112] ? NIV-550FCF199FE6A0B5 | BASKET | DOUBLE_TWIST | CHANNEL | GOLD | KT_18 | 1ct | imgs:3
[01:32:44][PRINCESS] [4113] ? NIV-6E583FC05A58F6F6 | BASKET | DOUBLE_TWIST | CHANNEL | GOLD | KT_18 | 1ct | imgs:3
[01:32:50][PRINCESS] [4114] ? NIV-6E583FC05A58F6F6 | BASKET | DOUBLE_TWIST | CHANNEL | GOLD | KT_18 | 1ct | imgs:3
[01:32:53][PRINCESS] [4115] ? NIV-6E583FC05A58F6F6 | BASKET | DOUBLE_TWIST | CHANNEL | GOLD | KT_18 | 1ct | imgs:3
[01:32:56][PRINCESS] [4116] ? NIV-AE0B9E78E8153755 | BASKET | DOUBLE_TWIST | CHANNEL | PLATINUM | PT_950 | 1ct | imgs:3
[01:33:02][PRINCESS] [4117] ? NIV-3118CE41D663B288 | BASKET | DOUBLE_TWIST | CHANNEL | GOLD | KT_10 | 1ct | imgs:3
[01:33:05][PRINCESS] [4118] ? NIV-3118CE41D663B288 | BASKET | DOUBLE_TWIST | CHANNEL | GOLD | KT_10 | 1ct | imgs:3
[01:33:09][PRINCESS] [4119] ? NIV-3118CE41D663B288 | BASKET | DOUBLE_TWIST | CHANNEL | GOLD | KT_10 | 1ct | imgs:3
[01:33:11][PRINCESS] [4120] ? NIV-A9B1A093EF992A29 | BASKET | DOUBLE_TWIST | CHANNEL | GOLD | KT_10 | 1ct | imgs:3
[01:33:14][PRINCESS] [4121] ? NIV-A9B1A093EF992A29 | BASKET | DOUBLE_TWIST | CHANNEL | GOLD | KT_10 | 1ct | imgs:3
[01:33:17][PRINCESS] [4122] ? NIV-A9B1A093EF992A29 | BASKET | DOUBLE_TWIST | CHANNEL | GOLD | KT_10 | 1ct | imgs:3
[01:33:20][PRINCESS] [4123] ? NIV-BC60DADBE86FF36A | BASKET | DOUBLE_TWIST | CHANNEL | GOLD | KT_10 | 1ct | imgs:3
[01:33:23][PRINCESS] [4124] ? NIV-BC60DADBE86FF36A | BASKET | DOUBLE_TWIST | CHANNEL | GOLD | KT_10 | 1ct | imgs:3
[01:33:29][PRINCESS] [4125] ? NIV-BC60DADBE86FF36A | BASKET | DOUBLE_TWIST | CHANNEL | GOLD | KT_10 | 1ct | imgs:3
[01:33:33][PRINCESS] [4126] ? NIV-57BF6BF023A65BAB | BASKET | DOUBLE_TWIST | CHANNEL | GOLD | KT_14 | 1ct | imgs:2
[01:33:38][PRINCESS] [4127] ? NIV-57BF6BF023A65BAB | BASKET | DOUBLE_TWIST | CHANNEL | GOLD | KT_14 | 1ct | imgs:3
[01:33:44][PRINCESS] [4128] ? NIV-57BF6BF023A65BAB | BASKET | DOUBLE_TWIST | CHANNEL | GOLD | KT_14 | 1ct | imgs:3
[01:33:47][PRINCESS] [4129] ? NIV-892B572D3B098C9C | BASKET | DOUBLE_TWIST | CHANNEL | GOLD | KT_14 | 1ct | imgs:3
[01:33:50][PRINCESS] [4130] ? NIV-892B572D3B098C9C | BASKET | DOUBLE_TWIST | CHANNEL | GOLD | KT_14 | 1ct | imgs:3
[01:33:54][PRINCESS] [4131] ? NIV-892B572D3B098C9C | BASKET | DOUBLE_TWIST | CHANNEL | GOLD | KT_14 | 1ct | imgs:3
[01:33:56][PRINCESS] [4132] ? NIV-BE55670354FD7A95 | BASKET | DOUBLE_TWIST | CHANNEL | GOLD | KT_14 | 1ct | imgs:3
[01:33:59][PRINCESS] [4133] ? NIV-BE55670354FD7A95 | BASKET | DOUBLE_TWIST | CHANNEL | GOLD | KT_14 | 1ct | imgs:3
[01:34:03][PRINCESS] [4134] ? NIV-BE55670354FD7A95 | BASKET | DOUBLE_TWIST | CHANNEL | GOLD | KT_14 | 1ct | imgs:3
[01:34:07][PRINCESS] [4135] ? NIV-232424F7C6C23D02 | BASKET | DOUBLE_TWIST | CHANNEL | GOLD | KT_18 | 1ct | imgs:3
[01:34:11][PRINCESS] [4136] ? NIV-232424F7C6C23D02 | BASKET | DOUBLE_TWIST | CHANNEL | GOLD | KT_18 | 1ct | imgs:3
[01:34:14][PRINCESS] [4137] ? NIV-232424F7C6C23D02 | BASKET | DOUBLE_TWIST | CHANNEL | GOLD | KT_18 | 1ct | imgs:3
[01:34:17][PRINCESS] [4138] ? NIV-684629A5362CAF63 | BASKET | DOUBLE_TWIST | CHANNEL | GOLD | KT_18 | 1ct | imgs:3
[01:34:23][PRINCESS] [4139] ? NIV-684629A5362CAF63 | BASKET | DOUBLE_TWIST | CHANNEL | GOLD | KT_18 | 1ct | imgs:3
[01:34:26][PRINCESS] [4140] ? NIV-684629A5362CAF63 | BASKET | DOUBLE_TWIST | CHANNEL | GOLD | KT_18 | 1ct | imgs:3
[01:34:29][PRINCESS] [4141] ? NIV-E5C0DE1D6209B3C3 | BASKET | DOUBLE_TWIST | CHANNEL | GOLD | KT_18 | 1ct | imgs:3
[01:34:35][PRINCESS] [4142] ? NIV-E5C0DE1D6209B3C3 | BASKET | DOUBLE_TWIST | CHANNEL | GOLD | KT_18 | 1ct | imgs:3
[01:34:38][PRINCESS] [4143] ? NIV-E5C0DE1D6209B3C3 | BASKET | DOUBLE_TWIST | CHANNEL | GOLD | KT_18 | 1ct | imgs:3
[01:34:41][PRINCESS] [4144] ? NIV-2BC565B4B22FC3DF | BASKET | DOUBLE_TWIST | CHANNEL | PLATINUM | PT_950 | 1ct | imgs:3
[01:34:47][PRINCESS] [4145] ? NIV-091C7B5459DA4ED2 | BASKET | DOUBLE_TWIST | CHANNEL | GOLD | KT_10 | 1ct | imgs:3
[01:34:50][PRINCESS] [4146] ? NIV-091C7B5459DA4ED2 | BASKET | DOUBLE_TWIST | CHANNEL | GOLD | KT_10 | 1ct | imgs:3
[01:34:53][PRINCESS] [4147] ? NIV-091C7B5459DA4ED2 | BASKET | DOUBLE_TWIST | CHANNEL | GOLD | KT_10 | 1ct | imgs:3
[01:34:56][PRINCESS] [4148] ? NIV-75179D0DF0803640 | BASKET | DOUBLE_TWIST | CHANNEL | GOLD | KT_10 | 1ct | imgs:3
[01:34:59][PRINCESS] [4149] ? NIV-75179D0DF0803640 | BASKET | DOUBLE_TWIST | CHANNEL | GOLD | KT_10 | 1ct | imgs:3
[01:35:03][PRINCESS] [4150] ? NIV-75179D0DF0803640 | BASKET | DOUBLE_TWIST | CHANNEL | GOLD | KT_10 | 1ct | imgs:3
[01:35:05][PRINCESS] [4151] ? NIV-5B77841741A45541 | BASKET | DOUBLE_TWIST | CHANNEL | GOLD | KT_10 | 1ct | imgs:3
[01:35:08][PRINCESS] [4152] ? NIV-5B77841741A45541 | BASKET | DOUBLE_TWIST | CHANNEL | GOLD | KT_10 | 1ct | imgs:3
[01:35:14][PRINCESS] [4153] ? NIV-5B77841741A45541 | BASKET | DOUBLE_TWIST | CHANNEL | GOLD | KT_10 | 1ct | imgs:3
[01:35:17][PRINCESS] [4154] ? NIV-F33C9DA415F15315 | BASKET | DOUBLE_TWIST | CHANNEL | GOLD | KT_14 | 1ct | imgs:3
[01:35:20][PRINCESS] [4155] ? NIV-F33C9DA415F15315 | BASKET | DOUBLE_TWIST | CHANNEL | GOLD | KT_14 | 1ct | imgs:3
[01:35:24][PRINCESS] [4156] ? NIV-F33C9DA415F15315 | BASKET | DOUBLE_TWIST | CHANNEL | GOLD | KT_14 | 1ct | imgs:3
[01:35:26][PRINCESS] [4157] ? NIV-B5D6D79DA8D978AA | BASKET | DOUBLE_TWIST | CHANNEL | GOLD | KT_14 | 1ct | imgs:3
[01:35:29][PRINCESS] [4158] ? NIV-B5D6D79DA8D978AA | BASKET | DOUBLE_TWIST | CHANNEL | GOLD | KT_14 | 1ct | imgs:3
[01:35:35][PRINCESS] [4159] ? NIV-B5D6D79DA8D978AA | BASKET | DOUBLE_TWIST | CHANNEL | GOLD | KT_14 | 1ct | imgs:3
[01:35:38][PRINCESS] [4160] ? NIV-046A78A1B6E4ED2C | BASKET | DOUBLE_TWIST | CHANNEL | GOLD | KT_14 | 1ct | imgs:3
[01:35:41][PRINCESS] [4161] ? NIV-046A78A1B6E4ED2C | BASKET | DOUBLE_TWIST | CHANNEL | GOLD | KT_14 | 1ct | imgs:3
[01:35:44][PRINCESS] [4162] ? NIV-046A78A1B6E4ED2C | BASKET | DOUBLE_TWIST | CHANNEL | GOLD | KT_14 | 1ct | imgs:3
[01:35:50][PRINCESS] [4163] ? NIV-0B7EFFEA6742E7F6 | BASKET | DOUBLE_TWIST | CHANNEL | GOLD | KT_18 | 1ct | imgs:3
[01:35:53][PRINCESS] [4164] ? NIV-0B7EFFEA6742E7F6 | BASKET | DOUBLE_TWIST | CHANNEL | GOLD | KT_18 | 1ct | imgs:3
[01:35:56][PRINCESS] [4165] ? NIV-0B7EFFEA6742E7F6 | BASKET | DOUBLE_TWIST | CHANNEL | GOLD | KT_18 | 1ct | imgs:3
[01:35:59][PRINCESS] [4166] ? NIV-15445FE54918D78B | BASKET | DOUBLE_TWIST | CHANNEL | GOLD | KT_18 | 1ct | imgs:3
[01:36:02][PRINCESS] [4167] ? NIV-15445FE54918D78B | BASKET | DOUBLE_TWIST | CHANNEL | GOLD | KT_18 | 1ct | imgs:3
[01:36:06][PRINCESS] [4168] ? NIV-15445FE54918D78B | BASKET | DOUBLE_TWIST | CHANNEL | GOLD | KT_18 | 1ct | imgs:3
[01:36:08][PRINCESS] [4169] ? NIV-D3C1BE81FDE5905D | BASKET | DOUBLE_TWIST | CHANNEL | GOLD | KT_18 | 1ct | imgs:3
[01:36:11][PRINCESS] [4170] ? NIV-D3C1BE81FDE5905D | BASKET | DOUBLE_TWIST | CHANNEL | GOLD | KT_18 | 1ct | imgs:3
[01:36:14][PRINCESS] [4171] ? NIV-D3C1BE81FDE5905D | BASKET | DOUBLE_TWIST | CHANNEL | GOLD | KT_18 | 1ct | imgs:3
[01:36:17][PRINCESS] [4172] ? NIV-948928D6C55B1FE6 | BASKET | DOUBLE_TWIST | CHANNEL | PLATINUM | PT_950 | 1ct | imgs:3
[01:36:23][PRINCESS] [4173] ? NIV-B834B9D31037D7AD | BASKET | DOUBLE_TWIST | CHANNEL | GOLD | KT_10 | 1ct | imgs:3
[01:36:29][PRINCESS] [4174] ? NIV-B834B9D31037D7AD | BASKET | DOUBLE_TWIST | CHANNEL | GOLD | KT_10 | 1ct | imgs:3
[01:36:32][PRINCESS] [4175] ? NIV-B834B9D31037D7AD | BASKET | DOUBLE_TWIST | CHANNEL | GOLD | KT_10 | 1ct | imgs:3
[01:36:39][PRINCESS] [4176] ? NIV-77E9B4CD694E64CB | BASKET | DOUBLE_TWIST | CHANNEL | GOLD | KT_10 | 1ct | imgs:3
[01:36:44][PRINCESS] [4177] ? NIV-77E9B4CD694E64CB | BASKET | DOUBLE_TWIST | CHANNEL | GOLD | KT_10 | 1ct | imgs:3
[01:36:47][PRINCESS] [4178] ? NIV-77E9B4CD694E64CB | BASKET | DOUBLE_TWIST | CHANNEL | GOLD | KT_10 | 1ct | imgs:3
[01:36:50][PRINCESS] [4179] ? NIV-BA26A0D5D98B5492 | BASKET | DOUBLE_TWIST | CHANNEL | GOLD | KT_10 | 1ct | imgs:3
[01:36:54][PRINCESS] [4180] ? NIV-BA26A0D5D98B5492 | BASKET | DOUBLE_TWIST | CHANNEL | GOLD | KT_10 | 1ct | imgs:3
[01:36:59][PRINCESS] [4181] ? NIV-BA26A0D5D98B5492 | BASKET | DOUBLE_TWIST | CHANNEL | GOLD | KT_10 | 1ct | imgs:3
[01:37:02][PRINCESS] [4182] ? NIV-3D5FE4537A890767 | BASKET | DOUBLE_TWIST | CHANNEL | GOLD | KT_14 | 1ct | imgs:3
[01:37:05][PRINCESS] [4183] ? NIV-3D5FE4537A890767 | BASKET | DOUBLE_TWIST | CHANNEL | GOLD | KT_14 | 1ct | imgs:3
[01:37:11][PRINCESS] [4184] ? NIV-3D5FE4537A890767 | BASKET | DOUBLE_TWIST | CHANNEL | GOLD | KT_14 | 1ct | imgs:3
[01:37:14][PRINCESS] [4185] ? NIV-5D4AFE4037052A7F | BASKET | DOUBLE_TWIST | CHANNEL | GOLD | KT_14 | 1ct | imgs:3
[01:37:20][PRINCESS] [4186] ? NIV-5D4AFE4037052A7F | BASKET | DOUBLE_TWIST | CHANNEL | GOLD | KT_14 | 1ct | imgs:3
[01:37:23][PRINCESS] [4187] ? NIV-5D4AFE4037052A7F | BASKET | DOUBLE_TWIST | CHANNEL | GOLD | KT_14 | 1ct | imgs:3
[01:37:26][PRINCESS] [4188] ? NIV-1AB4F06E82D10565 | BASKET | DOUBLE_TWIST | CHANNEL | GOLD | KT_14 | 1ct | imgs:3
[01:37:29][PRINCESS] [4189] ? NIV-1AB4F06E82D10565 | BASKET | DOUBLE_TWIST | CHANNEL | GOLD | KT_14 | 1ct | imgs:3
[01:37:32][PRINCESS] [4190] ? NIV-1AB4F06E82D10565 | BASKET | DOUBLE_TWIST | CHANNEL | GOLD | KT_14 | 1ct | imgs:3
[01:37:36][PRINCESS] [4191] ? NIV-D72725FD15663B73 | BASKET | DOUBLE_TWIST | CHANNEL | GOLD | KT_18 | 1ct | imgs:3
[01:37:41][PRINCESS] [4192] ? NIV-D72725FD15663B73 | BASKET | DOUBLE_TWIST | CHANNEL | GOLD | KT_18 | 1ct | imgs:3
[01:37:44][PRINCESS] [4193] ? NIV-D72725FD15663B73 | BASKET | DOUBLE_TWIST | CHANNEL | GOLD | KT_18 | 1ct | imgs:3
[01:37:47][PRINCESS] [4194] ? NIV-170E6F1AA4590A6E | BASKET | DOUBLE_TWIST | CHANNEL | GOLD | KT_18 | 1ct | imgs:3
[01:37:50][PRINCESS] [4195] ? NIV-170E6F1AA4590A6E | BASKET | DOUBLE_TWIST | CHANNEL | GOLD | KT_18 | 1ct | imgs:3
[01:37:54][PRINCESS] [4196] ? NIV-170E6F1AA4590A6E | BASKET | DOUBLE_TWIST | CHANNEL | GOLD | KT_18 | 1ct | imgs:3
[01:37:56][PRINCESS] [4197] ? NIV-43A5B44367AEED85 | BASKET | DOUBLE_TWIST | CHANNEL | GOLD | KT_18 | 1ct | imgs:3
[01:37:59][PRINCESS] [4198] ? NIV-43A5B44367AEED85 | BASKET | DOUBLE_TWIST | CHANNEL | GOLD | KT_18 | 1ct | imgs:3
[01:38:02][PRINCESS] [4199] ? NIV-43A5B44367AEED85 | BASKET | DOUBLE_TWIST | CHANNEL | GOLD | KT_18 | 1ct | imgs:3
[01:38:05][PRINCESS] [4200] ? NIV-FBB1A9D006700329 | BASKET | DOUBLE_TWIST | CHANNEL | PLATINUM | PT_950 | 1ct | imgs:3
[01:38:11][PRINCESS] [4201] ? NIV-D180FA9BAF23AF08 | BASKET | DOUBLE_TWIST | CHANNEL | GOLD | KT_10 | 1ct | imgs:3
[01:38:14][PRINCESS] [4202] ? NIV-D180FA9BAF23AF08 | BASKET | DOUBLE_TWIST | CHANNEL | GOLD | KT_10 | 1ct | imgs:3
[01:38:18][PRINCESS] [4203] ? NIV-D180FA9BAF23AF08 | BASKET | DOUBLE_TWIST | CHANNEL | GOLD | KT_10 | 1ct | imgs:3
[01:38:19][PRINCESS]   click_button error (jewellery-configurator-ring-head-metal-color-option-WHITE_GOLD): ElementHandle.click: Protocol error (DOM.scrollIntoViewIfNeeded): Cannot find context with specified id
Call log:
  - attempting click action
    - scrolling into view if needed

[01:38:19][PRINCESS]   Re-seleccionando PRINCESS (intento 1)
[01:38:19][PRINCESS]   Boton no encontrado ? recargando configurador...
[01:38:34][PRINCESS]   Re-seleccionando PRINCESS (intento 2)
[01:38:37][PRINCESS] [4204] ? NIV-58D80612BA34FED5 | BASKET | DOUBLE_TWIST | CHANNEL | GOLD | KT_10 | 1ct | imgs:3
[01:38:40][PRINCESS] [4205] ? NIV-C00CC1E1B633A0E6 | BASKET | DOUBLE_TWIST | CHANNEL | GOLD | KT_10 | 1ct | imgs:3
[01:38:43][PRINCESS] [4206] ? NIV-A9FEEAD73232E242 | BASKET | DOUBLE_TWIST | CHANNEL | GOLD | KT_10 | 1ct | imgs:3
[01:38:46][PRINCESS] [4207] ? NIV-46DA39283D61D6BC | BASKET | DOUBLE_TWIST | CHANNEL | GOLD | KT_10 | 1ct | imgs:3
[01:38:51][PRINCESS] [4208] ? NIV-35370568AF326438 | BASKET | DOUBLE_TWIST | CHANNEL | GOLD | KT_10 | 1ct | imgs:3
[01:38:55][PRINCESS] [4209] ? NIV-5A0398DDCC86DF0F | BASKET | DOUBLE_TWIST | CHANNEL | GOLD | KT_10 | 1ct | imgs:3
[01:39:04][PRINCESS] [4210] ? NIV-F34AF5BDF644C07A | BASKET | DOUBLE_TWIST | CHANNEL | GOLD | KT_14 | 1ct | imgs:3
[01:39:07][PRINCESS] [4211] ? NIV-698B3CA179D651B0 | BASKET | DOUBLE_TWIST | CHANNEL | GOLD | KT_14 | 1ct | imgs:3
[01:39:11][PRINCESS] [4212] ? NIV-1A11F2CBEEC5597B | BASKET | DOUBLE_TWIST | CHANNEL | GOLD | KT_14 | 1ct | imgs:3
[01:39:16][PRINCESS] [4213] ? NIV-C060E2A24DD111E7 | BASKET | DOUBLE_TWIST | CHANNEL | GOLD | KT_14 | 1ct | imgs:3
[01:39:27][PRINCESS] [4214] ??  NIV-C060E2A24DD111E7 | BASKET | DOUBLE_TWIST | CHANNEL | GOLD | KT_14 | 1ct | imgs:0
[01:39:31][PRINCESS] [4215] ? NIV-B270915ED2F750C3 | BASKET | DOUBLE_TWIST | CHANNEL | GOLD | KT_14 | 1ct | imgs:3
[01:39:34][PRINCESS] [4216] ? NIV-7DEF84DFB6193FD7 | BASKET | DOUBLE_TWIST | CHANNEL | GOLD | KT_14 | 1ct | imgs:3
[01:39:37][PRINCESS] [4217] ? NIV-D451A09F79C06A79 | BASKET | DOUBLE_TWIST | CHANNEL | GOLD | KT_14 | 1ct | imgs:3
[01:39:40][PRINCESS] [4218] ? NIV-2E975135009E6CFF | BASKET | DOUBLE_TWIST | CHANNEL | GOLD | KT_14 | 1ct | imgs:3
[01:39:43][PRINCESS] [4219] ? NIV-AF3BD9263C718FD4 | BASKET | DOUBLE_TWIST | CHANNEL | GOLD | KT_18 | 1ct | imgs:3
[01:39:46][PRINCESS] [4220] ? NIV-98BF0980C9DD6B7C | BASKET | DOUBLE_TWIST | CHANNEL | GOLD | KT_18 | 1ct | imgs:3
[01:39:49][PRINCESS] [4221] ? NIV-9B20FC0388DE71FC | BASKET | DOUBLE_TWIST | CHANNEL | GOLD | KT_18 | 1ct | imgs:3
[01:39:52][PRINCESS] [4222] ? NIV-234DDF6A4230EB27 | BASKET | DOUBLE_TWIST | CHANNEL | GOLD | KT_18 | 1ct | imgs:3
[01:39:55][PRINCESS] [4223] ? NIV-C195B2FECA12FF6D | BASKET | DOUBLE_TWIST | CHANNEL | GOLD | KT_18 | 1ct | imgs:3
[01:39:58][PRINCESS] [4224] ? NIV-D523B9E5CDC530B2 | BASKET | DOUBLE_TWIST | CHANNEL | GOLD | KT_18 | 1ct | imgs:3
[01:40:01][PRINCESS] [4225] ? NIV-8762805492320BC7 | BASKET | DOUBLE_TWIST | CHANNEL | GOLD | KT_18 | 1ct | imgs:3
[01:40:04][PRINCESS] [4226] ? NIV-6BE6FEA286CDB358 | BASKET | DOUBLE_TWIST | CHANNEL | GOLD | KT_18 | 1ct | imgs:3
[01:40:07][PRINCESS] [4227] ? NIV-668C33A2C18EE62A | BASKET | DOUBLE_TWIST | CHANNEL | GOLD | KT_18 | 1ct | imgs:3
[01:40:10][PRINCESS] [4228] ? NIV-D04C0916386418DA | BASKET | DOUBLE_TWIST | CHANNEL | PLATINUM | PT_950 | 1ct | imgs:3
[01:40:16][PRINCESS] [4229] ? NIV-3B5703AFD01F4CE6 | BASKET | DOUBLE_TWIST | CHANNEL | GOLD | KT_10 | 1ct | imgs:3
[01:40:20][PRINCESS] [4230] ? NIV-3B5703AFD01F4CE6 | BASKET | DOUBLE_TWIST | CHANNEL | GOLD | KT_10 | 1ct | imgs:3
[01:40:25][PRINCESS] [4231] ? NIV-3B5703AFD01F4CE6 | BASKET | DOUBLE_TWIST | CHANNEL | GOLD | KT_10 | 1ct | imgs:3
[01:40:28][PRINCESS] [4232] ? NIV-49BE38DA37FE3E1A | BASKET | DOUBLE_TWIST | CHANNEL | GOLD | KT_10 | 1ct | imgs:3
[01:40:32][PRINCESS] [4233] ? NIV-49BE38DA37FE3E1A | BASKET | DOUBLE_TWIST | CHANNEL | GOLD | KT_10 | 1ct | imgs:3
[01:40:37][PRINCESS] [4234] ? NIV-49BE38DA37FE3E1A | BASKET | DOUBLE_TWIST | CHANNEL | GOLD | KT_10 | 1ct | imgs:3
[01:40:40][PRINCESS] [4235] ? NIV-884E8B76B5A5204E | BASKET | DOUBLE_TWIST | CHANNEL | GOLD | KT_10 | 1ct | imgs:3
[01:40:43][PRINCESS] [4236] ? NIV-884E8B76B5A5204E | BASKET | DOUBLE_TWIST | CHANNEL | GOLD | KT_10 | 1ct | imgs:3
[01:40:47][PRINCESS] [4237] ? NIV-884E8B76B5A5204E | BASKET | DOUBLE_TWIST | CHANNEL | GOLD | KT_10 | 1ct | imgs:3
[01:40:53][PRINCESS] [4238] ? NIV-2813B1F9A82E3673 | BASKET | DOUBLE_TWIST | CHANNEL | GOLD | KT_14 | 1ct | imgs:3
[01:40:58][PRINCESS] [4239] ? NIV-2813B1F9A82E3673 | BASKET | DOUBLE_TWIST | CHANNEL | GOLD | KT_14 | 1ct | imgs:3
[01:41:02][PRINCESS] [4240] ? NIV-2813B1F9A82E3673 | BASKET | DOUBLE_TWIST | CHANNEL | GOLD | KT_14 | 1ct | imgs:3
[01:41:04][PRINCESS] [4241] ? NIV-7568A7CC0BE4FB9E | BASKET | DOUBLE_TWIST | CHANNEL | GOLD | KT_14 | 1ct | imgs:3
[01:41:08][PRINCESS] [4242] ? NIV-7568A7CC0BE4FB9E | BASKET | DOUBLE_TWIST | CHANNEL | GOLD | KT_14 | 1ct | imgs:3
[01:41:11][PRINCESS] [4243] ? NIV-7568A7CC0BE4FB9E | BASKET | DOUBLE_TWIST | CHANNEL | GOLD | KT_14 | 1ct | imgs:3
[01:41:13][PRINCESS] [4244] ? NIV-97E58758885A7FAA | BASKET | DOUBLE_TWIST | CHANNEL | GOLD | KT_14 | 1ct | imgs:3
[01:41:16][PRINCESS] [4245] ? NIV-97E58758885A7FAA | BASKET | DOUBLE_TWIST | CHANNEL | GOLD | KT_14 | 1ct | imgs:3
[01:41:20][PRINCESS] [4246] ? NIV-97E58758885A7FAA | BASKET | DOUBLE_TWIST | CHANNEL | GOLD | KT_14 | 1ct | imgs:3
[01:41:22][PRINCESS] [4247] ? NIV-EA9DDBFB090D5B80 | BASKET | DOUBLE_TWIST | CHANNEL | GOLD | KT_18 | 1ct | imgs:3
[01:41:26][PRINCESS] [4248] ? NIV-EA9DDBFB090D5B80 | BASKET | DOUBLE_TWIST | CHANNEL | GOLD | KT_18 | 1ct | imgs:3
[01:41:31][PRINCESS] [4249] ? NIV-EA9DDBFB090D5B80 | BASKET | DOUBLE_TWIST | CHANNEL | GOLD | KT_18 | 1ct | imgs:3
[01:41:35][PRINCESS] [4250] ? NIV-996F143EBF14C6A5 | BASKET | DOUBLE_TWIST | CHANNEL | GOLD | KT_18 | 1ct | imgs:3
[01:41:40][PRINCESS] [4251] ? NIV-996F143EBF14C6A5 | BASKET | DOUBLE_TWIST | CHANNEL | GOLD | KT_18 | 1ct | imgs:3
[01:41:44][PRINCESS] [4252] ? NIV-996F143EBF14C6A5 | BASKET | DOUBLE_TWIST | CHANNEL | GOLD | KT_18 | 1ct | imgs:3
[01:41:47][PRINCESS] [4253] ? NIV-832BCF5852C10980 | BASKET | DOUBLE_TWIST | CHANNEL | GOLD | KT_18 | 1ct | imgs:3
[01:41:52][PRINCESS] [4254] ? NIV-832BCF5852C10980 | BASKET | DOUBLE_TWIST | CHANNEL | GOLD | KT_18 | 1ct | imgs:3
[01:41:56][PRINCESS] [4255] ? NIV-832BCF5852C10980 | BASKET | DOUBLE_TWIST | CHANNEL | GOLD | KT_18 | 1ct | imgs:3
[01:41:58][PRINCESS] [4256] ? NIV-EC69098B07D1DDCB | BASKET | DOUBLE_TWIST | CHANNEL | PLATINUM | PT_950 | 1ct | imgs:3
[01:42:02][PRINCESS] [4257] ? NIV-1C69D37EE704B015 | BASKET | DOUBLE_TWIST | CHANNEL | GOLD | KT_10 | 1ct | imgs:3
[01:42:07][PRINCESS] [4258] ? NIV-1C69D37EE704B015 | BASKET | DOUBLE_TWIST | CHANNEL | GOLD | KT_10 | 1ct | imgs:3
[01:42:11][PRINCESS] [4259] ? NIV-1C69D37EE704B015 | BASKET | DOUBLE_TWIST | CHANNEL | GOLD | KT_10 | 1ct | imgs:3
[01:42:21][PRINCESS] [4260] ??  NIV-1C69D37EE704B015 | BASKET | DOUBLE_TWIST | CHANNEL | GOLD | KT_10 | 1ct | imgs:0
[01:42:33][PRINCESS] [4261] ??  NIV-1C69D37EE704B015 | BASKET | DOUBLE_TWIST | CHANNEL | GOLD | KT_10 | 1ct | imgs:0
[01:42:45][PRINCESS] [4262] ??  NIV-1C69D37EE704B015 | BASKET | DOUBLE_TWIST | CHANNEL | GOLD | KT_10 | 1ct | imgs:0
[01:42:49][PRINCESS] [4263] ? NIV-FD765475741E9C80 | BASKET | DOUBLE_TWIST | CHANNEL | GOLD | KT_10 | 1ct | imgs:3
[01:42:55][PRINCESS] [4264] ? NIV-FD765475741E9C80 | BASKET | DOUBLE_TWIST | CHANNEL | GOLD | KT_10 | 1ct | imgs:3
[01:42:59][PRINCESS] [4265] ? NIV-FD765475741E9C80 | BASKET | DOUBLE_TWIST | CHANNEL | GOLD | KT_10 | 1ct | imgs:3
[01:43:04][PRINCESS] [4266] ? NIV-9ACE46542A509E6C | BASKET | DOUBLE_TWIST | CHANNEL | GOLD | KT_14 | 1ct | imgs:3
[01:43:08][PRINCESS] [4267] ? NIV-9ACE46542A509E6C | BASKET | DOUBLE_TWIST | CHANNEL | GOLD | KT_14 | 1ct | imgs:3
[01:43:13][PRINCESS] [4268] ? NIV-9ACE46542A509E6C | BASKET | DOUBLE_TWIST | CHANNEL | GOLD | KT_14 | 1ct | imgs:3
[01:43:24][PRINCESS] [4269] ??  NIV-9ACE46542A509E6C | BASKET | DOUBLE_TWIST | CHANNEL | GOLD | KT_14 | 1ct | imgs:0
[01:43:36][PRINCESS] [4270] ??  NIV-9ACE46542A509E6C | BASKET | DOUBLE_TWIST | CHANNEL | GOLD | KT_14 | 1ct | imgs:0
[01:43:47][PRINCESS] [4271] ? NIV-13C385FD9A943A54 | BASKET | DOUBLE_TWIST | CHANNEL | GOLD | KT_14 | 1ct | imgs:3
[01:43:49][PRINCESS] [4272] ? NIV-0F1C1E19C9630D17 | BASKET | DOUBLE_TWIST | CHANNEL | GOLD | KT_14 | 1ct | imgs:3
[01:43:52][PRINCESS] [4273] ? NIV-0F1C1E19C9630D17 | BASKET | DOUBLE_TWIST | CHANNEL | GOLD | KT_14 | 1ct | imgs:3
[01:43:56][PRINCESS] [4274] ? NIV-0F1C1E19C9630D17 | BASKET | DOUBLE_TWIST | CHANNEL | GOLD | KT_14 | 1ct | imgs:3
[01:43:59][PRINCESS] [4275] ? NIV-6F3A50B412470C4A | BASKET | DOUBLE_TWIST | CHANNEL | GOLD | KT_18 | 1ct | imgs:3
[01:44:04][PRINCESS] [4276] ? NIV-6F3A50B412470C4A | BASKET | DOUBLE_TWIST | CHANNEL | GOLD | KT_18 | 1ct | imgs:3
[01:44:10][PRINCESS] [4277] ? NIV-6F3A50B412470C4A | BASKET | DOUBLE_TWIST | CHANNEL | GOLD | KT_18 | 1ct | imgs:3
[01:44:13][PRINCESS] [4278] ? NIV-E0A21C19DB07E593 | BASKET | DOUBLE_TWIST | CHANNEL | GOLD | KT_18 | 1ct | imgs:3
[01:44:17][PRINCESS] [4279] ? NIV-E0A21C19DB07E593 | BASKET | DOUBLE_TWIST | CHANNEL | GOLD | KT_18 | 1ct | imgs:3
[01:44:22][PRINCESS] [4280] ? NIV-E0A21C19DB07E593 | BASKET | DOUBLE_TWIST | CHANNEL | GOLD | KT_18 | 1ct | imgs:3
[01:44:25][PRINCESS] [4281] ? NIV-9E85C6E430E88F79 | BASKET | DOUBLE_TWIST | CHANNEL | GOLD | KT_18 | 1ct | imgs:3
[01:44:29][PRINCESS] [4282] ? NIV-9E85C6E430E88F79 | BASKET | DOUBLE_TWIST | CHANNEL | GOLD | KT_18 | 1ct | imgs:3
[01:44:34][PRINCESS] [4283] ? NIV-9E85C6E430E88F79 | BASKET | DOUBLE_TWIST | CHANNEL | GOLD | KT_18 | 1ct | imgs:3
[01:44:37][PRINCESS] [4284] ? NIV-1BCFC959A1DB2708 | BASKET | DOUBLE_TWIST | CHANNEL | PLATINUM | PT_950 | 1ct | imgs:3
[01:44:43][PRINCESS] [4285] ? NIV-333626608862CF30 | BASKET | DOUBLE_TWIST | PRONG | GOLD | KT_10 | 1ct | imgs:3
[01:44:46][PRINCESS] [4286] ? NIV-333626608862CF30 | BASKET | DOUBLE_TWIST | PRONG | GOLD | KT_10 | 1ct | imgs:3
[01:44:50][PRINCESS] [4287] ? NIV-333626608862CF30 | BASKET | DOUBLE_TWIST | PRONG | GOLD | KT_10 | 1ct | imgs:3
[01:44:52][PRINCESS] [4288] ? NIV-2936FA59868CE3F7 | BASKET | DOUBLE_TWIST | PRONG | GOLD | KT_10 | 1ct | imgs:3
[01:44:55][PRINCESS] [4289] ? NIV-2936FA59868CE3F7 | BASKET | DOUBLE_TWIST | PRONG | GOLD | KT_10 | 1ct | imgs:3
[01:44:59][PRINCESS] [4290] ? NIV-2936FA59868CE3F7 | BASKET | DOUBLE_TWIST | PRONG | GOLD | KT_10 | 1ct | imgs:3
[01:45:01][PRINCESS] [4291] ? NIV-D931977330351F6B | BASKET | DOUBLE_TWIST | PRONG | GOLD | KT_10 | 1ct | imgs:3
[01:45:05][PRINCESS] [4292] ? NIV-D931977330351F6B | BASKET | DOUBLE_TWIST | PRONG | GOLD | KT_10 | 1ct | imgs:3
[01:45:10][PRINCESS] [4293] ? NIV-D931977330351F6B | BASKET | DOUBLE_TWIST | PRONG | GOLD | KT_10 | 1ct | imgs:3
[01:45:13][PRINCESS] [4294] ? NIV-5FE236038072730A | BASKET | DOUBLE_TWIST | PRONG | GOLD | KT_14 | 1ct | imgs:3
[01:45:19][PRINCESS] [4295] ? NIV-5FE236038072730A | BASKET | DOUBLE_TWIST | PRONG | GOLD | KT_14 | 1ct | imgs:3
[01:45:22][PRINCESS] [4296] ? NIV-5FE236038072730A | BASKET | DOUBLE_TWIST | PRONG | GOLD | KT_14 | 1ct | imgs:3
[01:45:25][PRINCESS] [4297] ? NIV-F497B101543DBAF1 | BASKET | DOUBLE_TWIST | PRONG | GOLD | KT_14 | 1ct | imgs:3
[01:45:28][PRINCESS] [4298] ? NIV-F497B101543DBAF1 | BASKET | DOUBLE_TWIST | PRONG | GOLD | KT_14 | 1ct | imgs:3
[01:45:32][PRINCESS] [4299] ? NIV-F497B101543DBAF1 | BASKET | DOUBLE_TWIST | PRONG | GOLD | KT_14 | 1ct | imgs:3
[01:45:34][PRINCESS] [4300] ? NIV-E23527F51AE9888C | BASKET | DOUBLE_TWIST | PRONG | GOLD | KT_14 | 1ct | imgs:3
[01:45:38][PRINCESS] [4301] ? NIV-E23527F51AE9888C | BASKET | DOUBLE_TWIST | PRONG | GOLD | KT_14 | 1ct | imgs:3
[01:45:43][PRINCESS] [4302] ? NIV-E23527F51AE9888C | BASKET | DOUBLE_TWIST | PRONG | GOLD | KT_14 | 1ct | imgs:3
[01:45:46][PRINCESS] [4303] ? NIV-6839C170BCEEB1FB | BASKET | DOUBLE_TWIST | PRONG | GOLD | KT_18 | 1ct | imgs:3
[01:45:52][PRINCESS] [4304] ? NIV-6839C170BCEEB1FB | BASKET | DOUBLE_TWIST | PRONG | GOLD | KT_18 | 1ct | imgs:3
[01:45:56][PRINCESS] [4305] ? NIV-6839C170BCEEB1FB | BASKET | DOUBLE_TWIST | PRONG | GOLD | KT_18 | 1ct | imgs:3
[01:45:58][PRINCESS] [4306] ? NIV-DED7C0A0E4FFFF21 | BASKET | DOUBLE_TWIST | PRONG | GOLD | KT_18 | 1ct | imgs:3
[01:46:01][PRINCESS] [4307] ? NIV-DED7C0A0E4FFFF21 | BASKET | DOUBLE_TWIST | PRONG | GOLD | KT_18 | 1ct | imgs:3
[01:46:05][PRINCESS] [4308] ? NIV-DED7C0A0E4FFFF21 | BASKET | DOUBLE_TWIST | PRONG | GOLD | KT_18 | 1ct | imgs:3
[01:46:07][PRINCESS] [4309] ? NIV-8A0D964B1EE324F7 | BASKET | DOUBLE_TWIST | PRONG | GOLD | KT_18 | 1ct | imgs:3
[01:46:10][PRINCESS] [4310] ? NIV-8A0D964B1EE324F7 | BASKET | DOUBLE_TWIST | PRONG | GOLD | KT_18 | 1ct | imgs:3
[01:46:13][PRINCESS] [4311] ? NIV-8A0D964B1EE324F7 | BASKET | DOUBLE_TWIST | PRONG | GOLD | KT_18 | 1ct | imgs:3
[01:46:16][PRINCESS] [4312] ? NIV-91F81B54766BC24A | BASKET | DOUBLE_TWIST | PRONG | PLATINUM | PT_950 | 1ct | imgs:3
[01:46:22][PRINCESS] [4313] ? NIV-55A0F466ACC9E1F8 | BASKET | DOUBLE_TWIST | PRONG | GOLD | KT_10 | 1ct | imgs:3
[01:46:25][PRINCESS] [4314] ? NIV-55A0F466ACC9E1F8 | BASKET | DOUBLE_TWIST | PRONG | GOLD | KT_10 | 1ct | imgs:3
[01:46:29][PRINCESS] [4315] ? NIV-55A0F466ACC9E1F8 | BASKET | DOUBLE_TWIST | PRONG | GOLD | KT_10 | 1ct | imgs:3
[01:46:31][PRINCESS] [4316] ? NIV-8C3AF795927D9907 | BASKET | DOUBLE_TWIST | PRONG | GOLD | KT_10 | 1ct | imgs:3
[01:46:34][PRINCESS] [4317] ? NIV-8C3AF795927D9907 | BASKET | DOUBLE_TWIST | PRONG | GOLD | KT_10 | 1ct | imgs:3
[01:46:38][PRINCESS] [4318] ? NIV-8C3AF795927D9907 | BASKET | DOUBLE_TWIST | PRONG | GOLD | KT_10 | 1ct | imgs:3
[01:46:40][PRINCESS] [4319] ? NIV-B442B8C3FBA2E047 | BASKET | DOUBLE_TWIST | PRONG | GOLD | KT_10 | 1ct | imgs:3
[01:46:43][PRINCESS] [4320] ? NIV-B442B8C3FBA2E047 | BASKET | DOUBLE_TWIST | PRONG | GOLD | KT_10 | 1ct | imgs:3
[01:46:47][PRINCESS] [4321] ? NIV-B442B8C3FBA2E047 | BASKET | DOUBLE_TWIST | PRONG | GOLD | KT_10 | 1ct | imgs:3
[01:46:51][PRINCESS] [4322] ? NIV-B1B601B26257DB92 | BASKET | DOUBLE_TWIST | PRONG | GOLD | KT_14 | 1ct | imgs:2
[01:46:55][PRINCESS] [4323] ? NIV-B1B601B26257DB92 | BASKET | DOUBLE_TWIST | PRONG | GOLD | KT_14 | 1ct | imgs:3
[01:46:59][PRINCESS] [4324] ? NIV-B1B601B26257DB92 | BASKET | DOUBLE_TWIST | PRONG | GOLD | KT_14 | 1ct | imgs:3
[01:47:01][PRINCESS] [4325] ? NIV-541964B9E627DFBB | BASKET | DOUBLE_TWIST | PRONG | GOLD | KT_14 | 1ct | imgs:3
[01:47:05][PRINCESS] [4326] ? NIV-541964B9E627DFBB | BASKET | DOUBLE_TWIST | PRONG | GOLD | KT_14 | 1ct | imgs:3
[01:47:10][PRINCESS] [4327] ? NIV-541964B9E627DFBB | BASKET | DOUBLE_TWIST | PRONG | GOLD | KT_14 | 1ct | imgs:3
[01:47:13][PRINCESS] [4328] ? NIV-8E982E7596F99236 | BASKET | DOUBLE_TWIST | PRONG | GOLD | KT_14 | 1ct | imgs:3
[01:47:17][PRINCESS] [4329] ? NIV-8E982E7596F99236 | BASKET | DOUBLE_TWIST | PRONG | GOLD | KT_14 | 1ct | imgs:3
[01:47:22][PRINCESS] [4330] ? NIV-8E982E7596F99236 | BASKET | DOUBLE_TWIST | PRONG | GOLD | KT_14 | 1ct | imgs:3
[01:47:25][PRINCESS] [4331] ? NIV-C962178599D985A9 | BASKET | DOUBLE_TWIST | PRONG | GOLD | KT_18 | 1ct | imgs:3
[01:47:29][PRINCESS] [4332] ? NIV-C962178599D985A9 | BASKET | DOUBLE_TWIST | PRONG | GOLD | KT_18 | 1ct | imgs:3
[01:47:32][PRINCESS] [4333] ? NIV-C962178599D985A9 | BASKET | DOUBLE_TWIST | PRONG | GOLD | KT_18 | 1ct | imgs:3
[01:47:34][PRINCESS] [4334] ? NIV-3FD9B79EE74E8382 | BASKET | DOUBLE_TWIST | PRONG | GOLD | KT_18 | 1ct | imgs:3
[01:47:37][PRINCESS] [4335] ? NIV-3FD9B79EE74E8382 | BASKET | DOUBLE_TWIST | PRONG | GOLD | KT_18 | 1ct | imgs:3
[01:47:41][PRINCESS] [4336] ? NIV-3FD9B79EE74E8382 | BASKET | DOUBLE_TWIST | PRONG | GOLD | KT_18 | 1ct | imgs:3
[01:47:43][PRINCESS] [4337] ? NIV-E6785FBFD822C0A7 | BASKET | DOUBLE_TWIST | PRONG | GOLD | KT_18 | 1ct | imgs:3
[01:47:46][PRINCESS] [4338] ? NIV-E6785FBFD822C0A7 | BASKET | DOUBLE_TWIST | PRONG | GOLD | KT_18 | 1ct | imgs:3
[01:47:52][PRINCESS] [4339] ? NIV-E6785FBFD822C0A7 | BASKET | DOUBLE_TWIST | PRONG | GOLD | KT_18 | 1ct | imgs:3
[01:47:57][PRINCESS] [4340] ? NIV-14D99CA746354E78 | BASKET | DOUBLE_TWIST | PRONG | PLATINUM | PT_950 | 1ct | imgs:2
[01:48:04][PRINCESS] [4341] ? NIV-889402FEEE131EDE | BASKET | DOUBLE_TWIST | PRONG | GOLD | KT_10 | 1ct | imgs:3
[01:48:08][PRINCESS] [4342] ? NIV-889402FEEE131EDE | BASKET | DOUBLE_TWIST | PRONG | GOLD | KT_10 | 1ct | imgs:3
[01:48:11][PRINCESS] [4343] ? NIV-889402FEEE131EDE | BASKET | DOUBLE_TWIST | PRONG | GOLD | KT_10 | 1ct | imgs:3
[01:48:13][PRINCESS] [4344] ? NIV-1845E8D5B057D55A | BASKET | DOUBLE_TWIST | PRONG | GOLD | KT_10 | 1ct | imgs:3
[01:48:17][PRINCESS] [4345] ? NIV-1845E8D5B057D55A | BASKET | DOUBLE_TWIST | PRONG | GOLD | KT_10 | 1ct | imgs:3
[01:48:22][PRINCESS] [4346] ? NIV-1845E8D5B057D55A | BASKET | DOUBLE_TWIST | PRONG | GOLD | KT_10 | 1ct | imgs:3
[01:48:25][PRINCESS] [4347] ? NIV-A2E19FB702A00B20 | BASKET | DOUBLE_TWIST | PRONG | GOLD | KT_10 | 1ct | imgs:3
[01:48:31][PRINCESS] [4348] ? NIV-A2E19FB702A00B20 | BASKET | DOUBLE_TWIST | PRONG | GOLD | KT_10 | 1ct | imgs:3
[01:48:35][PRINCESS] [4349] ? NIV-A2E19FB702A00B20 | BASKET | DOUBLE_TWIST | PRONG | GOLD | KT_10 | 1ct | imgs:3
[01:48:40][PRINCESS] [4350] ? NIV-3272B8B674BE348C | BASKET | DOUBLE_TWIST | PRONG | GOLD | KT_14 | 1ct | imgs:3
[01:48:44][PRINCESS] [4351] ? NIV-3272B8B674BE348C | BASKET | DOUBLE_TWIST | PRONG | GOLD | KT_14 | 1ct | imgs:3
[01:48:49][PRINCESS] [4352] ? NIV-3272B8B674BE348C | BASKET | DOUBLE_TWIST | PRONG | GOLD | KT_14 | 1ct | imgs:3
[01:48:52][PRINCESS] [4353] ? NIV-1D968F16E38DB087 | BASKET | DOUBLE_TWIST | PRONG | GOLD | KT_14 | 1ct | imgs:3
[01:48:58][PRINCESS] [4354] ? NIV-1D968F16E38DB087 | BASKET | DOUBLE_TWIST | PRONG | GOLD | KT_14 | 1ct | imgs:3
[01:49:02][PRINCESS] [4355] ? NIV-1D968F16E38DB087 | BASKET | DOUBLE_TWIST | PRONG | GOLD | KT_14 | 1ct | imgs:3
[01:49:04][PRINCESS] [4356] ? NIV-4EE7B1F336F4C5C0 | BASKET | DOUBLE_TWIST | PRONG | GOLD | KT_14 | 1ct | imgs:3
[01:49:08][PRINCESS] [4357] ? NIV-4EE7B1F336F4C5C0 | BASKET | DOUBLE_TWIST | PRONG | GOLD | KT_14 | 1ct | imgs:3
[01:49:13][PRINCESS] [4358] ? NIV-4EE7B1F336F4C5C0 | BASKET | DOUBLE_TWIST | PRONG | GOLD | KT_14 | 1ct | imgs:3
[01:49:17][PRINCESS] [4359] ? NIV-8FFFC4DEF6A0F915 | BASKET | DOUBLE_TWIST | PRONG | GOLD | KT_18 | 1ct | imgs:3
[01:49:20][PRINCESS] [4360] ? NIV-8FFFC4DEF6A0F915 | BASKET | DOUBLE_TWIST | PRONG | GOLD | KT_18 | 1ct | imgs:3
[01:49:25][PRINCESS] [4361] ? NIV-8FFFC4DEF6A0F915 | BASKET | DOUBLE_TWIST | PRONG | GOLD | KT_18 | 1ct | imgs:3
[01:49:28][PRINCESS] [4362] ? NIV-819206DC76047A29 | BASKET | DOUBLE_TWIST | PRONG | GOLD | KT_18 | 1ct | imgs:3
[01:49:31][PRINCESS] [4363] ? NIV-819206DC76047A29 | BASKET | DOUBLE_TWIST | PRONG | GOLD | KT_18 | 1ct | imgs:3
[01:49:35][PRINCESS] [4364] ? NIV-819206DC76047A29 | BASKET | DOUBLE_TWIST | PRONG | GOLD | KT_18 | 1ct | imgs:3
[01:49:37][PRINCESS] [4365] ? NIV-ADB34CD7966173C6 | BASKET | DOUBLE_TWIST | PRONG | GOLD | KT_18 | 1ct | imgs:3
[01:49:40][PRINCESS] [4366] ? NIV-ADB34CD7966173C6 | BASKET | DOUBLE_TWIST | PRONG | GOLD | KT_18 | 1ct | imgs:3
[01:49:43][PRINCESS] [4367] ? NIV-ADB34CD7966173C6 | BASKET | DOUBLE_TWIST | PRONG | GOLD | KT_18 | 1ct | imgs:3
[01:49:46][PRINCESS] [4368] ? NIV-CFD120051D6956FB | BASKET | DOUBLE_TWIST | PRONG | PLATINUM | PT_950 | 1ct | imgs:3
[01:49:52][PRINCESS] [4369] ? NIV-692BD324E2043967 | BASKET | DOUBLE_TWIST | PRONG | GOLD | KT_10 | 1ct | imgs:3
[01:49:55][PRINCESS] [4370] ? NIV-692BD324E2043967 | BASKET | DOUBLE_TWIST | PRONG | GOLD | KT_10 | 1ct | imgs:3
[01:49:59][PRINCESS] [4371] ? NIV-692BD324E2043967 | BASKET | DOUBLE_TWIST | PRONG | GOLD | KT_10 | 1ct | imgs:3
[01:50:02][PRINCESS] [4372] ? NIV-B5296454E535297A | BASKET | DOUBLE_TWIST | PRONG | GOLD | KT_10 | 1ct | imgs:3
[01:50:07][PRINCESS] [4373] ? NIV-B5296454E535297A | BASKET | DOUBLE_TWIST | PRONG | GOLD | KT_10 | 1ct | imgs:3
[01:50:11][PRINCESS] [4374] ? NIV-B5296454E535297A | BASKET | DOUBLE_TWIST | PRONG | GOLD | KT_10 | 1ct | imgs:3
[01:50:13][PRINCESS] [4375] ? NIV-131DF16716BA8BC6 | BASKET | DOUBLE_TWIST | PRONG | GOLD | KT_10 | 1ct | imgs:3
[01:50:16][PRINCESS] [4376] ? NIV-131DF16716BA8BC6 | BASKET | DOUBLE_TWIST | PRONG | GOLD | KT_10 | 1ct | imgs:3
[01:50:22][PRINCESS] [4377] ? NIV-131DF16716BA8BC6 | BASKET | DOUBLE_TWIST | PRONG | GOLD | KT_10 | 1ct | imgs:3
[01:50:26][PRINCESS] [4378] ? NIV-DD0E57EE223BCC42 | BASKET | DOUBLE_TWIST | PRONG | GOLD | KT_14 | 1ct | imgs:3
[01:50:31][PRINCESS] [4379] ? NIV-DD0E57EE223BCC42 | BASKET | DOUBLE_TWIST | PRONG | GOLD | KT_14 | 1ct | imgs:3
[01:50:35][PRINCESS] [4380] ? NIV-DD0E57EE223BCC42 | BASKET | DOUBLE_TWIST | PRONG | GOLD | KT_14 | 1ct | imgs:3
[01:50:37][PRINCESS] [4381] ? NIV-4E8E170B633B8E48 | BASKET | DOUBLE_TWIST | PRONG | GOLD | KT_14 | 1ct | imgs:3
[01:50:41][PRINCESS] [4382] ? NIV-4E8E170B633B8E48 | BASKET | DOUBLE_TWIST | PRONG | GOLD | KT_14 | 1ct | imgs:3
[01:50:46][PRINCESS] [4383] ? NIV-4E8E170B633B8E48 | BASKET | DOUBLE_TWIST | PRONG | GOLD | KT_14 | 1ct | imgs:3
[01:50:49][PRINCESS] [4384] ? NIV-02084124812474EC | BASKET | DOUBLE_TWIST | PRONG | GOLD | KT_14 | 1ct | imgs:3
[01:50:52][PRINCESS] [4385] ? NIV-02084124812474EC | BASKET | DOUBLE_TWIST | PRONG | GOLD | KT_14 | 1ct | imgs:3
[01:50:56][PRINCESS] [4386] ? NIV-02084124812474EC | BASKET | DOUBLE_TWIST | PRONG | GOLD | KT_14 | 1ct | imgs:3
[01:50:59][PRINCESS] [4387] ? NIV-18FAF7EB8B6BDF9C | BASKET | DOUBLE_TWIST | PRONG | GOLD | KT_18 | 1ct | imgs:3
[01:51:04][PRINCESS] [4388] ? NIV-18FAF7EB8B6BDF9C | BASKET | DOUBLE_TWIST | PRONG | GOLD | KT_18 | 1ct | imgs:3
[01:51:07][PRINCESS] [4389] ? NIV-18FAF7EB8B6BDF9C | BASKET | DOUBLE_TWIST | PRONG | GOLD | KT_18 | 1ct | imgs:3
[01:51:10][PRINCESS] [4390] ? NIV-6ABFF29B75AA1922 | BASKET | DOUBLE_TWIST | PRONG | GOLD | KT_18 | 1ct | imgs:3
[01:51:16][PRINCESS] [4391] ? NIV-6ABFF29B75AA1922 | BASKET | DOUBLE_TWIST | PRONG | GOLD | KT_18 | 1ct | imgs:3
[01:51:20][PRINCESS] [4392] ? NIV-6ABFF29B75AA1922 | BASKET | DOUBLE_TWIST | PRONG | GOLD | KT_18 | 1ct | imgs:3
[01:51:22][PRINCESS] [4393] ? NIV-76A4412ABD0E022F | BASKET | DOUBLE_TWIST | PRONG | GOLD | KT_18 | 1ct | imgs:3
[01:51:26][PRINCESS] [4394] ? NIV-76A4412ABD0E022F | BASKET | DOUBLE_TWIST | PRONG | GOLD | KT_18 | 1ct | imgs:3
[01:51:29][PRINCESS] [4395] ? NIV-76A4412ABD0E022F | BASKET | DOUBLE_TWIST | PRONG | GOLD | KT_18 | 1ct | imgs:3
[01:51:31][PRINCESS] [4396] ? NIV-CF87AC31D483E5B5 | BASKET | DOUBLE_TWIST | PRONG | PLATINUM | PT_950 | 1ct | imgs:3
[01:51:37][PRINCESS] [4397] ? NIV-F87251F992C2D3E6 | BASKET | DOUBLE_TWIST | PRONG | GOLD | KT_10 | 1ct | imgs:3
[01:51:40][PRINCESS] [4398] ? NIV-F87251F992C2D3E6 | BASKET | DOUBLE_TWIST | PRONG | GOLD | KT_10 | 1ct | imgs:3
[01:51:44][PRINCESS] [4399] ? NIV-F87251F992C2D3E6 | BASKET | DOUBLE_TWIST | PRONG | GOLD | KT_10 | 1ct | imgs:3
[01:51:47][PRINCESS] [4400] ? NIV-A53D8DB54CC8A8DB | BASKET | DOUBLE_TWIST | PRONG | GOLD | KT_10 | 1ct | imgs:1
[01:51:52][PRINCESS] [4401] ? NIV-A53D8DB54CC8A8DB | BASKET | DOUBLE_TWIST | PRONG | GOLD | KT_10 | 1ct | imgs:3
[01:51:56][PRINCESS] [4402] ? NIV-A53D8DB54CC8A8DB | BASKET | DOUBLE_TWIST | PRONG | GOLD | KT_10 | 1ct | imgs:3
[01:51:58][PRINCESS] [4403] ? NIV-F6D916E8443AF30F | BASKET | DOUBLE_TWIST | PRONG | GOLD | KT_10 | 1ct | imgs:3
[01:52:02][PRINCESS] [4404] ? NIV-F6D916E8443AF30F | BASKET | DOUBLE_TWIST | PRONG | GOLD | KT_10 | 1ct | imgs:3
[01:52:07][PRINCESS] [4405] ? NIV-F6D916E8443AF30F | BASKET | DOUBLE_TWIST | PRONG | GOLD | KT_10 | 1ct | imgs:3
[01:52:10][PRINCESS] [4406] ? NIV-56E2D9E0234FD7C8 | BASKET | DOUBLE_TWIST | PRONG | GOLD | KT_14 | 1ct | imgs:3
[01:52:13][PRINCESS] [4407] ? NIV-56E2D9E0234FD7C8 | BASKET | DOUBLE_TWIST | PRONG | GOLD | KT_14 | 1ct | imgs:3
[01:52:17][PRINCESS] [4408] ? NIV-56E2D9E0234FD7C8 | BASKET | DOUBLE_TWIST | PRONG | GOLD | KT_14 | 1ct | imgs:3
[01:52:19][PRINCESS] [4409] ? NIV-C79E40ED845CF7A8 | BASKET | DOUBLE_TWIST | PRONG | GOLD | KT_14 | 1ct | imgs:3
[01:52:22][PRINCESS] [4410] ? NIV-C79E40ED845CF7A8 | BASKET | DOUBLE_TWIST | PRONG | GOLD | KT_14 | 1ct | imgs:3
[01:52:25][PRINCESS] [4411] ? NIV-C79E40ED845CF7A8 | BASKET | DOUBLE_TWIST | PRONG | GOLD | KT_14 | 1ct | imgs:3
[01:52:28][PRINCESS] [4412] ? NIV-5F41BBB0C7101FA6 | BASKET | DOUBLE_TWIST | PRONG | GOLD | KT_14 | 1ct | imgs:3
[01:52:32][PRINCESS] [4413] ? NIV-5F41BBB0C7101FA6 | BASKET | DOUBLE_TWIST | PRONG | GOLD | KT_14 | 1ct | imgs:3
[01:52:37][PRINCESS] [4414] ? NIV-5F41BBB0C7101FA6 | BASKET | DOUBLE_TWIST | PRONG | GOLD | KT_14 | 1ct | imgs:3
[01:52:40][PRINCESS] [4415] ? NIV-6873AF33246FD8FA | BASKET | DOUBLE_TWIST | PRONG | GOLD | KT_18 | 1ct | imgs:3
[01:52:44][PRINCESS] [4416] ? NIV-6873AF33246FD8FA | BASKET | DOUBLE_TWIST | PRONG | GOLD | KT_18 | 1ct | imgs:3
[01:52:49][PRINCESS] [4417] ? NIV-6873AF33246FD8FA | BASKET | DOUBLE_TWIST | PRONG | GOLD | KT_18 | 1ct | imgs:3
[01:52:52][PRINCESS] [4418] ? NIV-21CA3DB37A9F6B58 | BASKET | DOUBLE_TWIST | PRONG | GOLD | KT_18 | 1ct | imgs:3
[01:52:55][PRINCESS] [4419] ? NIV-21CA3DB37A9F6B58 | BASKET | DOUBLE_TWIST | PRONG | GOLD | KT_18 | 1ct | imgs:3
[01:52:59][PRINCESS] [4420] ? NIV-21CA3DB37A9F6B58 | BASKET | DOUBLE_TWIST | PRONG | GOLD | KT_18 | 1ct | imgs:3
[01:53:01][PRINCESS] [4421] ? NIV-70282E5F685F3685 | BASKET | DOUBLE_TWIST | PRONG | GOLD | KT_18 | 1ct | imgs:3
[01:53:05][PRINCESS] [4422] ? NIV-70282E5F685F3685 | BASKET | DOUBLE_TWIST | PRONG | GOLD | KT_18 | 1ct | imgs:3
[01:53:08][PRINCESS] [4423] ? NIV-70282E5F685F3685 | BASKET | DOUBLE_TWIST | PRONG | GOLD | KT_18 | 1ct | imgs:3
[01:53:10][PRINCESS] [4424] ? NIV-9F4C546D771C8A7C | BASKET | DOUBLE_TWIST | PRONG | PLATINUM | PT_950 | 1ct | imgs:3
[01:53:16][PRINCESS] [4425] ? NIV-F1BB37BB0DC5F714 | BASKET | DOUBLE_TWIST | PRONG | GOLD | KT_10 | 1ct | imgs:3
[01:53:19][PRINCESS] [4426] ? NIV-F1BB37BB0DC5F714 | BASKET | DOUBLE_TWIST | PRONG | GOLD | KT_10 | 1ct | imgs:3
[01:53:23][PRINCESS] [4427] ? NIV-F1BB37BB0DC5F714 | BASKET | DOUBLE_TWIST | PRONG | GOLD | KT_10 | 1ct | imgs:3
[01:53:25][PRINCESS] [4428] ? NIV-CEE9F14A04BBE5FB | BASKET | DOUBLE_TWIST | PRONG | GOLD | KT_10 | 1ct | imgs:3
[01:53:29][PRINCESS] [4429] ? NIV-CEE9F14A04BBE5FB | BASKET | DOUBLE_TWIST | PRONG | GOLD | KT_10 | 1ct | imgs:3
[01:53:32][PRINCESS] [4430] ? NIV-CEE9F14A04BBE5FB | BASKET | DOUBLE_TWIST | PRONG | GOLD | KT_10 | 1ct | imgs:3
[01:53:34][PRINCESS] [4431] ? NIV-202AB3DDE81F7CC7 | BASKET | DOUBLE_TWIST | PRONG | GOLD | KT_10 | 1ct | imgs:3
[01:53:38][PRINCESS] [4432] ? NIV-202AB3DDE81F7CC7 | BASKET | DOUBLE_TWIST | PRONG | GOLD | KT_10 | 1ct | imgs:3
[01:53:41][PRINCESS] [4433] ? NIV-202AB3DDE81F7CC7 | BASKET | DOUBLE_TWIST | PRONG | GOLD | KT_10 | 1ct | imgs:3
[01:53:43][PRINCESS] [4434] ? NIV-8195F2F210626D98 | BASKET | DOUBLE_TWIST | PRONG | GOLD | KT_14 | 1ct | imgs:3
[01:53:47][PRINCESS] [4435] ? NIV-8195F2F210626D98 | BASKET | DOUBLE_TWIST | PRONG | GOLD | KT_14 | 1ct | imgs:3
[01:53:52][PRINCESS] [4436] ? NIV-8195F2F210626D98 | BASKET | DOUBLE_TWIST | PRONG | GOLD | KT_14 | 1ct | imgs:3
[01:53:55][PRINCESS] [4437] ? NIV-4CC9D38B667FCE1A | BASKET | DOUBLE_TWIST | PRONG | GOLD | KT_14 | 1ct | imgs:3
[01:53:58][PRINCESS] [4438] ? NIV-4CC9D38B667FCE1A | BASKET | DOUBLE_TWIST | PRONG | GOLD | KT_14 | 1ct | imgs:3
[01:54:02][PRINCESS] [4439] ? NIV-4CC9D38B667FCE1A | BASKET | DOUBLE_TWIST | PRONG | GOLD | KT_14 | 1ct | imgs:3
[01:54:04][PRINCESS] [4440] ? NIV-FE6B57C38C9D3101 | BASKET | DOUBLE_TWIST | PRONG | GOLD | KT_14 | 1ct | imgs:3
[01:54:07][PRINCESS] [4441] ? NIV-FE6B57C38C9D3101 | BASKET | DOUBLE_TWIST | PRONG | GOLD | KT_14 | 1ct | imgs:3
[01:54:10][PRINCESS] [4442] ? NIV-FE6B57C38C9D3101 | BASKET | DOUBLE_TWIST | PRONG | GOLD | KT_14 | 1ct | imgs:3
[01:54:13][PRINCESS] [4443] ? NIV-7A1BBAD5DDBC2AC1 | BASKET | DOUBLE_TWIST | PRONG | GOLD | KT_18 | 1ct | imgs:3
[01:54:19][PRINCESS] [4444] ? NIV-7A1BBAD5DDBC2AC1 | BASKET | DOUBLE_TWIST | PRONG | GOLD | KT_18 | 1ct | imgs:3
[01:54:23][PRINCESS] [4445] ? NIV-7A1BBAD5DDBC2AC1 | BASKET | DOUBLE_TWIST | PRONG | GOLD | KT_18 | 1ct | imgs:3
[01:54:25][PRINCESS] [4446] ? NIV-91A39030140489B4 | BASKET | DOUBLE_TWIST | PRONG | GOLD | KT_18 | 1ct | imgs:3
[01:54:29][PRINCESS] [4447] ? NIV-91A39030140489B4 | BASKET | DOUBLE_TWIST | PRONG | GOLD | KT_18 | 1ct | imgs:3
[01:54:32][PRINCESS] [4448] ? NIV-91A39030140489B4 | BASKET | DOUBLE_TWIST | PRONG | GOLD | KT_18 | 1ct | imgs:3
[01:54:34][PRINCESS] [4449] ? NIV-D4C0D4E1AB39E760 | BASKET | DOUBLE_TWIST | PRONG | GOLD | KT_18 | 1ct | imgs:3
[01:54:40][PRINCESS] [4450] ? NIV-D4C0D4E1AB39E760 | BASKET | DOUBLE_TWIST | PRONG | GOLD | KT_18 | 1ct | imgs:3
[01:54:43][PRINCESS] [4451] ? NIV-D4C0D4E1AB39E760 | BASKET | DOUBLE_TWIST | PRONG | GOLD | KT_18 | 1ct | imgs:3
[01:54:46][PRINCESS] [4452] ? NIV-614B41CBA77B4A59 | BASKET | DOUBLE_TWIST | PRONG | PLATINUM | PT_950 | 1ct | imgs:3
[01:54:55][PRINCESS] [4453] ? NIV-59805E964A157A16 | BASKET | DOUBLE_TWIST | PRONG | GOLD | KT_10 | 1ct | imgs:3
[01:54:58][PRINCESS] [4454] ? NIV-59805E964A157A16 | BASKET | DOUBLE_TWIST | PRONG | GOLD | KT_10 | 1ct | imgs:3
[01:55:04][PRINCESS] [4455] ? NIV-59805E964A157A16 | BASKET | DOUBLE_TWIST | PRONG | GOLD | KT_10 | 1ct | imgs:3
[01:55:07][PRINCESS] [4456] ? NIV-3988EFEDFA2FAF5F | BASKET | DOUBLE_TWIST | PRONG | GOLD | KT_10 | 1ct | imgs:3
[01:55:11][PRINCESS] [4457] ? NIV-3988EFEDFA2FAF5F | BASKET | DOUBLE_TWIST | PRONG | GOLD | KT_10 | 1ct | imgs:3
[01:55:16][PRINCESS] [4458] ? NIV-3988EFEDFA2FAF5F | BASKET | DOUBLE_TWIST | PRONG | GOLD | KT_10 | 1ct | imgs:3
[01:55:19][PRINCESS] [4459] ? NIV-7AC068DD41D99545 | BASKET | DOUBLE_TWIST | PRONG | GOLD | KT_10 | 1ct | imgs:3
[01:55:22][PRINCESS] [4460] ? NIV-7AC068DD41D99545 | BASKET | DOUBLE_TWIST | PRONG | GOLD | KT_10 | 1ct | imgs:3
[01:55:26][PRINCESS] [4461] ? NIV-7AC068DD41D99545 | BASKET | DOUBLE_TWIST | PRONG | GOLD | KT_10 | 1ct | imgs:3
[01:55:31][PRINCESS] [4462] ? NIV-0E8C05482AE5E67D | BASKET | DOUBLE_TWIST | PRONG | GOLD | KT_14 | 1ct | imgs:3
[01:55:35][PRINCESS] [4463] ? NIV-0E8C05482AE5E67D | BASKET | DOUBLE_TWIST | PRONG | GOLD | KT_14 | 1ct | imgs:3
[01:55:40][PRINCESS] [4464] ? NIV-0E8C05482AE5E67D | BASKET | DOUBLE_TWIST | PRONG | GOLD | KT_14 | 1ct | imgs:3
[01:55:43][PRINCESS] [4465] ? NIV-DF317485D93A955A | BASKET | DOUBLE_TWIST | PRONG | GOLD | KT_14 | 1ct | imgs:3
[01:55:47][PRINCESS] [4466] ? NIV-DF317485D93A955A | BASKET | DOUBLE_TWIST | PRONG | GOLD | KT_14 | 1ct | imgs:3
[01:55:52][PRINCESS] [4467] ? NIV-DF317485D93A955A | BASKET | DOUBLE_TWIST | PRONG | GOLD | KT_14 | 1ct | imgs:3
[01:55:55][PRINCESS] [4468] ? NIV-48FE46956C3966FC | BASKET | DOUBLE_TWIST | PRONG | GOLD | KT_14 | 1ct | imgs:3
[01:55:58][PRINCESS] [4469] ? NIV-48FE46956C3966FC | BASKET | DOUBLE_TWIST | PRONG | GOLD | KT_14 | 1ct | imgs:3
[01:56:02][PRINCESS] [4470] ? NIV-48FE46956C3966FC | BASKET | DOUBLE_TWIST | PRONG | GOLD | KT_14 | 1ct | imgs:3
[01:56:05][PRINCESS] [4471] ? NIV-EB5CF4D91A94F99A | BASKET | DOUBLE_TWIST | PRONG | GOLD | KT_18 | 1ct | imgs:3
[01:56:10][PRINCESS] [4472] ? NIV-EB5CF4D91A94F99A | BASKET | DOUBLE_TWIST | PRONG | GOLD | KT_18 | 1ct | imgs:3
[01:56:13][PRINCESS] [4473] ? NIV-EB5CF4D91A94F99A | BASKET | DOUBLE_TWIST | PRONG | GOLD | KT_18 | 1ct | imgs:3
[01:56:16][PRINCESS] [4474] ? NIV-FAD44999F27622A7 | BASKET | DOUBLE_TWIST | PRONG | GOLD | KT_18 | 1ct | imgs:3
[01:56:19][PRINCESS] [4475] ? NIV-FAD44999F27622A7 | BASKET | DOUBLE_TWIST | PRONG | GOLD | KT_18 | 1ct | imgs:3
[01:56:23][PRINCESS] [4476] ? NIV-FAD44999F27622A7 | BASKET | DOUBLE_TWIST | PRONG | GOLD | KT_18 | 1ct | imgs:3
[01:56:25][PRINCESS] [4477] ? NIV-C60C21F9A82AEF4D | BASKET | DOUBLE_TWIST | PRONG | GOLD | KT_18 | 1ct | imgs:3
[01:56:29][PRINCESS] [4478] ? NIV-C60C21F9A82AEF4D | BASKET | DOUBLE_TWIST | PRONG | GOLD | KT_18 | 1ct | imgs:3
[01:56:34][PRINCESS] [4479] ? NIV-C60C21F9A82AEF4D | BASKET | DOUBLE_TWIST | PRONG | GOLD | KT_18 | 1ct | imgs:3
[01:56:37][PRINCESS] [4480] ? NIV-4991C5B5E121EF56 | BASKET | DOUBLE_TWIST | PRONG | PLATINUM | PT_950 | 1ct | imgs:3
[01:56:40][PRINCESS] [4481] ? NIV-56A6510398DF519F | BASKET | DOUBLE_TWIST | PRONG | GOLD | KT_10 | 1ct | imgs:3
[01:56:44][PRINCESS] [4482] ? NIV-56A6510398DF519F | BASKET | DOUBLE_TWIST | PRONG | GOLD | KT_10 | 1ct | imgs:3
[01:56:49][PRINCESS] [4483] ? NIV-56A6510398DF519F | BASKET | DOUBLE_TWIST | PRONG | GOLD | KT_10 | 1ct | imgs:3
[01:56:52][PRINCESS] [4484] ? NIV-68E8C60296DD99BA | BASKET | DOUBLE_TWIST | PRONG | GOLD | KT_10 | 1ct | imgs:3
[01:56:56][PRINCESS] [4485] ? NIV-68E8C60296DD99BA | BASKET | DOUBLE_TWIST | PRONG | GOLD | KT_10 | 1ct | imgs:3
[01:56:59][PRINCESS] [4486] ? NIV-68E8C60296DD99BA | BASKET | DOUBLE_TWIST | PRONG | GOLD | KT_10 | 1ct | imgs:3
[01:57:01][PRINCESS] [4487] ? NIV-06489551B3F6C2AA | BASKET | DOUBLE_TWIST | PRONG | GOLD | KT_10 | 1ct | imgs:3
[01:57:05][PRINCESS] [4488] ? NIV-06489551B3F6C2AA | BASKET | DOUBLE_TWIST | PRONG | GOLD | KT_10 | 1ct | imgs:3
[01:57:08][PRINCESS] [4489] ? NIV-06489551B3F6C2AA | BASKET | DOUBLE_TWIST | PRONG | GOLD | KT_10 | 1ct | imgs:3
[01:57:11][PRINCESS] [4490] ? NIV-9B348E2E80826CA8 | BASKET | DOUBLE_TWIST | PRONG | GOLD | KT_14 | 1ct | imgs:3
[01:57:14][PRINCESS] [4491] ? NIV-9B348E2E80826CA8 | BASKET | DOUBLE_TWIST | PRONG | GOLD | KT_14 | 1ct | imgs:3
[01:57:19][PRINCESS] [4492] ? NIV-9B348E2E80826CA8 | BASKET | DOUBLE_TWIST | PRONG | GOLD | KT_14 | 1ct | imgs:3
[01:57:22][PRINCESS] [4493] ? NIV-0C332FD2A60AAB40 | BASKET | DOUBLE_TWIST | PRONG | GOLD | KT_14 | 1ct | imgs:3
[01:57:28][PRINCESS] [4494] ? NIV-0C332FD2A60AAB40 | BASKET | DOUBLE_TWIST | PRONG | GOLD | KT_14 | 1ct | imgs:3
[01:57:31][PRINCESS] [4495] ? NIV-0C332FD2A60AAB40 | BASKET | DOUBLE_TWIST | PRONG | GOLD | KT_14 | 1ct | imgs:3
[01:57:34][PRINCESS] [4496] ? NIV-6A546EE349C444A5 | BASKET | DOUBLE_TWIST | PRONG | GOLD | KT_14 | 1ct | imgs:3
[01:57:37][PRINCESS] [4497] ? NIV-6A546EE349C444A5 | BASKET | DOUBLE_TWIST | PRONG | GOLD | KT_14 | 1ct | imgs:3
[01:57:41][PRINCESS] [4498] ? NIV-6A546EE349C444A5 | BASKET | DOUBLE_TWIST | PRONG | GOLD | KT_14 | 1ct | imgs:3
[01:57:44][PRINCESS] [4499] ? NIV-8CEF111A3B87EFB8 | BASKET | DOUBLE_TWIST | PRONG | GOLD | KT_18 | 1ct | imgs:3
[01:57:49][PRINCESS] [4500] ? NIV-8CEF111A3B87EFB8 | BASKET | DOUBLE_TWIST | PRONG | GOLD | KT_18 | 1ct | imgs:3
[01:57:52][PRINCESS] [4501] ? NIV-8CEF111A3B87EFB8 | BASKET | DOUBLE_TWIST | PRONG | GOLD | KT_18 | 1ct | imgs:3
[01:57:55][PRINCESS] [4502] ? NIV-49D0B01D8A7126CF | BASKET | DOUBLE_TWIST | PRONG | GOLD | KT_18 | 1ct | imgs:3
[01:58:01][PRINCESS] [4503] ? NIV-49D0B01D8A7126CF | BASKET | DOUBLE_TWIST | PRONG | GOLD | KT_18 | 1ct | imgs:3
[01:58:04][PRINCESS] [4504] ? NIV-49D0B01D8A7126CF | BASKET | DOUBLE_TWIST | PRONG | GOLD | KT_18 | 1ct | imgs:3
[01:58:07][PRINCESS] [4505] ? NIV-62643C977A53A0BA | BASKET | DOUBLE_TWIST | PRONG | GOLD | KT_18 | 1ct | imgs:3
[01:58:10][PRINCESS] [4506] ? NIV-62643C977A53A0BA | BASKET | DOUBLE_TWIST | PRONG | GOLD | KT_18 | 1ct | imgs:3
[01:58:16][PRINCESS] [4507] ? NIV-62643C977A53A0BA | BASKET | DOUBLE_TWIST | PRONG | GOLD | KT_18 | 1ct | imgs:3
[01:58:25][PRINCESS] [4508] ? NIV-B35643ACEF4838AD | BASKET | DOUBLE_TWIST | PRONG | PLATINUM | PT_950 | 1ct | imgs:3
[01:58:29][PRINCESS] [4509] ? NIV-BC4808169AF131AE | BASKET | DOUBLE_TWIST | PRONG | GOLD | KT_10 | 1ct | imgs:3
[01:58:34][PRINCESS] [4510] ? NIV-BC4808169AF131AE | BASKET | DOUBLE_TWIST | PRONG | GOLD | KT_10 | 1ct | imgs:3
[01:58:40][PRINCESS] [4511] ? NIV-BC4808169AF131AE | BASKET | DOUBLE_TWIST | PRONG | GOLD | KT_10 | 1ct | imgs:3
[01:58:43][PRINCESS] [4512] ? NIV-58F320F993FFCE92 | BASKET | DOUBLE_TWIST | PRONG | GOLD | KT_10 | 1ct | imgs:3
[01:58:47][PRINCESS] [4513] ? NIV-58F320F993FFCE92 | BASKET | DOUBLE_TWIST | PRONG | GOLD | KT_10 | 1ct | imgs:3
[01:58:52][PRINCESS] [4514] ? NIV-58F320F993FFCE92 | BASKET | DOUBLE_TWIST | PRONG | GOLD | KT_10 | 1ct | imgs:3
[01:58:55][PRINCESS] [4515] ? NIV-0D1B27211AA9E17C | BASKET | DOUBLE_TWIST | PRONG | GOLD | KT_10 | 1ct | imgs:3
[01:58:58][PRINCESS] [4516] ? NIV-0D1B27211AA9E17C | BASKET | DOUBLE_TWIST | PRONG | GOLD | KT_10 | 1ct | imgs:3
[01:59:02][PRINCESS] [4517] ? NIV-0D1B27211AA9E17C | BASKET | DOUBLE_TWIST | PRONG | GOLD | KT_10 | 1ct | imgs:3
[01:59:05][PRINCESS] [4518] ? NIV-6FD62065616DF19C | BASKET | DOUBLE_TWIST | PRONG | GOLD | KT_14 | 1ct | imgs:3
[01:59:10][PRINCESS] [4519] ? NIV-6FD62065616DF19C | BASKET | DOUBLE_TWIST | PRONG | GOLD | KT_14 | 1ct | imgs:3
[01:59:13][PRINCESS] [4520] ? NIV-6FD62065616DF19C | BASKET | DOUBLE_TWIST | PRONG | GOLD | KT_14 | 1ct | imgs:3
[01:59:16][PRINCESS] [4521] ? NIV-AA65853E978DF5C9 | BASKET | DOUBLE_TWIST | PRONG | GOLD | KT_14 | 1ct | imgs:3
[01:59:19][PRINCESS] [4522] ? NIV-AA65853E978DF5C9 | BASKET | DOUBLE_TWIST | PRONG | GOLD | KT_14 | 1ct | imgs:3
[01:59:23][PRINCESS] [4523] ? NIV-AA65853E978DF5C9 | BASKET | DOUBLE_TWIST | PRONG | GOLD | KT_14 | 1ct | imgs:3
[01:59:26][PRINCESS] [4524] ? NIV-10356C8380E73FDC | BASKET | DOUBLE_TWIST | PRONG | GOLD | KT_14 | 1ct | imgs:3
[01:59:31][PRINCESS] [4525] ? NIV-10356C8380E73FDC | BASKET | DOUBLE_TWIST | PRONG | GOLD | KT_14 | 1ct | imgs:3
[01:59:34][PRINCESS] [4526] ? NIV-10356C8380E73FDC | BASKET | DOUBLE_TWIST | PRONG | GOLD | KT_14 | 1ct | imgs:3
[01:59:38][PRINCESS] [4527] ? NIV-E2D1E1AD581B39D9 | BASKET | DOUBLE_TWIST | PRONG | GOLD | KT_18 | 1ct | imgs:3
[01:59:43][PRINCESS] [4528] ? NIV-E2D1E1AD581B39D9 | BASKET | DOUBLE_TWIST | PRONG | GOLD | KT_18 | 1ct | imgs:3
[01:59:46][PRINCESS] [4529] ? NIV-E2D1E1AD581B39D9 | BASKET | DOUBLE_TWIST | PRONG | GOLD | KT_18 | 1ct | imgs:3
[01:59:49][PRINCESS] [4530] ? NIV-18A1105D3BE5B960 | BASKET | DOUBLE_TWIST | PRONG | GOLD | KT_18 | 1ct | imgs:3
[01:59:53][PRINCESS] [4531] ? NIV-18A1105D3BE5B960 | BASKET | DOUBLE_TWIST | PRONG | GOLD | KT_18 | 1ct | imgs:3
[01:59:58][PRINCESS] [4532] ? NIV-18A1105D3BE5B960 | BASKET | DOUBLE_TWIST | PRONG | GOLD | KT_18 | 1ct | imgs:3
[02:00:01][PRINCESS] [4533] ? NIV-12E333C3773A3241 | BASKET | DOUBLE_TWIST | PRONG | GOLD | KT_18 | 1ct | imgs:3
[02:00:04][PRINCESS] [4534] ? NIV-12E333C3773A3241 | BASKET | DOUBLE_TWIST | PRONG | GOLD | KT_18 | 1ct | imgs:3
[02:00:07][PRINCESS] [4535] ? NIV-12E333C3773A3241 | BASKET | DOUBLE_TWIST | PRONG | GOLD | KT_18 | 1ct | imgs:3
[02:00:10][PRINCESS] [4536] ? NIV-F916591C75571C4A | BASKET | DOUBLE_TWIST | PRONG | PLATINUM | PT_950 | 1ct | imgs:3
[02:00:17][PRINCESS] [4537] ? NIV-DE4CCDDB0BD979AA | BASKET | DOUBLE_TWIST | PRONG | GOLD | KT_10 | 1ct | imgs:3
[02:00:22][PRINCESS] [4538] ? NIV-DE4CCDDB0BD979AA | BASKET | DOUBLE_TWIST | PRONG | GOLD | KT_10 | 1ct | imgs:3
[02:00:25][PRINCESS] [4539] ? NIV-DE4CCDDB0BD979AA | BASKET | DOUBLE_TWIST | PRONG | GOLD | KT_10 | 1ct | imgs:3
[02:00:29][PRINCESS] [4540] ? NIV-E440C263D96BB09D | BASKET | DOUBLE_TWIST | PRONG | GOLD | KT_10 | 1ct | imgs:3
[02:00:34][PRINCESS] [4541] ? NIV-E440C263D96BB09D | BASKET | DOUBLE_TWIST | PRONG | GOLD | KT_10 | 1ct | imgs:3
[02:00:38][PRINCESS] [4542] ? NIV-E440C263D96BB09D | BASKET | DOUBLE_TWIST | PRONG | GOLD | KT_10 | 1ct | imgs:3
[02:00:40][PRINCESS] [4543] ? NIV-02F027C649BAEF78 | BASKET | DOUBLE_TWIST | PRONG | GOLD | KT_10 | 1ct | imgs:3
[02:00:44][PRINCESS] [4544] ? NIV-02F027C649BAEF78 | BASKET | DOUBLE_TWIST | PRONG | GOLD | KT_10 | 1ct | imgs:3
[02:00:49][PRINCESS] [4545] ? NIV-02F027C649BAEF78 | BASKET | DOUBLE_TWIST | PRONG | GOLD | KT_10 | 1ct | imgs:3
[02:00:54][PRINCESS] [4546] ? NIV-E79DF32D931E4E2B | BASKET | DOUBLE_TWIST | PRONG | GOLD | KT_14 | 1ct | imgs:1
[02:00:58][PRINCESS] [4547] ? NIV-E79DF32D931E4E2B | BASKET | DOUBLE_TWIST | PRONG | GOLD | KT_14 | 1ct | imgs:3
[02:01:01][PRINCESS] [4548] ? NIV-E79DF32D931E4E2B | BASKET | DOUBLE_TWIST | PRONG | GOLD | KT_14 | 1ct | imgs:3
[02:01:04][PRINCESS] [4549] ? NIV-B1A2E9E5377F4AFA | BASKET | DOUBLE_TWIST | PRONG | GOLD | KT_14 | 1ct | imgs:3
[02:01:08][PRINCESS] [4550] ? NIV-B1A2E9E5377F4AFA | BASKET | DOUBLE_TWIST | PRONG | GOLD | KT_14 | 1ct | imgs:3
[02:01:11][PRINCESS] [4551] ? NIV-B1A2E9E5377F4AFA | BASKET | DOUBLE_TWIST | PRONG | GOLD | KT_14 | 1ct | imgs:3
[02:01:13][PRINCESS] [4552] ? NIV-45D38D210F569821 | BASKET | DOUBLE_TWIST | PRONG | GOLD | KT_14 | 1ct | imgs:3
[02:01:17][PRINCESS] [4553] ? NIV-45D38D210F569821 | BASKET | DOUBLE_TWIST | PRONG | GOLD | KT_14 | 1ct | imgs:3
[02:01:22][PRINCESS] [4554] ? NIV-45D38D210F569821 | BASKET | DOUBLE_TWIST | PRONG | GOLD | KT_14 | 1ct | imgs:3
[02:01:26][PRINCESS] [4555] ? NIV-E2EDC68A18BBBE7B | BASKET | DOUBLE_TWIST | PRONG | GOLD | KT_18 | 1ct | imgs:1
[02:01:31][PRINCESS] [4556] ? NIV-E2EDC68A18BBBE7B | BASKET | DOUBLE_TWIST | PRONG | GOLD | KT_18 | 1ct | imgs:3
[02:01:34][PRINCESS] [4557] ? NIV-E2EDC68A18BBBE7B | BASKET | DOUBLE_TWIST | PRONG | GOLD | KT_18 | 1ct | imgs:3
[02:01:37][PRINCESS] [4558] ? NIV-40679D2E925D8152 | BASKET | DOUBLE_TWIST | PRONG | GOLD | KT_18 | 1ct | imgs:3
[02:01:41][PRINCESS] [4559] ? NIV-40679D2E925D8152 | BASKET | DOUBLE_TWIST | PRONG | GOLD | KT_18 | 1ct | imgs:3
[02:01:44][PRINCESS] [4560] ? NIV-40679D2E925D8152 | BASKET | DOUBLE_TWIST | PRONG | GOLD | KT_18 | 1ct | imgs:3
[02:01:46][PRINCESS] [4561] ? NIV-D0D68D6E638997A8 | BASKET | DOUBLE_TWIST | PRONG | GOLD | KT_18 | 1ct | imgs:3
[02:01:49][PRINCESS] [4562] ? NIV-D0D68D6E638997A8 | BASKET | DOUBLE_TWIST | PRONG | GOLD | KT_18 | 1ct | imgs:3
[02:01:55][PRINCESS] [4563] ? NIV-D0D68D6E638997A8 | BASKET | DOUBLE_TWIST | PRONG | GOLD | KT_18 | 1ct | imgs:3
[02:01:58][PRINCESS] [4564] ? NIV-521627FAE72D0529 | BASKET | DOUBLE_TWIST | PRONG | PLATINUM | PT_950 | 1ct | imgs:3
[02:02:02][PRINCESS] [4565] ? NIV-B1A2F057D1F6EE49 | BASKET | DOUBLE_TWIST | PRONG | GOLD | KT_10 | 1ct | imgs:3
[02:02:07][PRINCESS] [4566] ? NIV-B1A2F057D1F6EE49 | BASKET | DOUBLE_TWIST | PRONG | GOLD | KT_10 | 1ct | imgs:3
[02:02:11][PRINCESS] [4567] ? NIV-B1A2F057D1F6EE49 | BASKET | DOUBLE_TWIST | PRONG | GOLD | KT_10 | 1ct | imgs:3
[02:02:13][PRINCESS] [4568] ? NIV-C48166198A95469E | BASKET | DOUBLE_TWIST | PRONG | GOLD | KT_10 | 1ct | imgs:3
[02:02:17][PRINCESS] [4569] ? NIV-C48166198A95469E | BASKET | DOUBLE_TWIST | PRONG | GOLD | KT_10 | 1ct | imgs:3
[02:02:22][PRINCESS] [4570] ? NIV-C48166198A95469E | BASKET | DOUBLE_TWIST | PRONG | GOLD | KT_10 | 1ct | imgs:3
[02:02:25][PRINCESS] [4571] ? NIV-95BBFDA887C07FA6 | BASKET | DOUBLE_TWIST | PRONG | GOLD | KT_10 | 1ct | imgs:3
[02:02:28][PRINCESS] [4572] ? NIV-95BBFDA887C07FA6 | BASKET | DOUBLE_TWIST | PRONG | GOLD | KT_10 | 1ct | imgs:3
[02:02:32][PRINCESS] [4573] ? NIV-95BBFDA887C07FA6 | BASKET | DOUBLE_TWIST | PRONG | GOLD | KT_10 | 1ct | imgs:3
[02:02:35][PRINCESS] [4574] ? NIV-DDDD40C657CA0332 | BASKET | DOUBLE_TWIST | PRONG | GOLD | KT_14 | 1ct | imgs:3
[02:02:40][PRINCESS] [4575] ? NIV-DDDD40C657CA0332 | BASKET | DOUBLE_TWIST | PRONG | GOLD | KT_14 | 1ct | imgs:3
[02:02:44][PRINCESS] [4576] ? NIV-DDDD40C657CA0332 | BASKET | DOUBLE_TWIST | PRONG | GOLD | KT_14 | 1ct | imgs:3
[02:02:46][PRINCESS] [4577] ? NIV-4D747E1651C261FD | BASKET | DOUBLE_TWIST | PRONG | GOLD | KT_14 | 1ct | imgs:3
[02:02:50][PRINCESS] [4578] ? NIV-4D747E1651C261FD | BASKET | DOUBLE_TWIST | PRONG | GOLD | KT_14 | 1ct | imgs:3
[02:02:55][PRINCESS] [4579] ? NIV-4D747E1651C261FD | BASKET | DOUBLE_TWIST | PRONG | GOLD | KT_14 | 1ct | imgs:3
[02:02:58][PRINCESS] [4580] ? NIV-F5276A3FBAE10AB0 | BASKET | DOUBLE_TWIST | PRONG | GOLD | KT_14 | 1ct | imgs:3
[02:03:01][PRINCESS] [4581] ? NIV-F5276A3FBAE10AB0 | BASKET | DOUBLE_TWIST | PRONG | GOLD | KT_14 | 1ct | imgs:3
[02:03:05][PRINCESS] [4582] ? NIV-F5276A3FBAE10AB0 | BASKET | DOUBLE_TWIST | PRONG | GOLD | KT_14 | 1ct | imgs:3
[02:03:10][PRINCESS] [4583] ? NIV-92FB86BC44719299 | BASKET | DOUBLE_TWIST | PRONG | GOLD | KT_18 | 1ct | imgs:3
[02:03:13][PRINCESS] [4584] ? NIV-92FB86BC44719299 | BASKET | DOUBLE_TWIST | PRONG | GOLD | KT_18 | 1ct | imgs:3
[02:03:17][PRINCESS] [4585] ? NIV-92FB86BC44719299 | BASKET | DOUBLE_TWIST | PRONG | GOLD | KT_18 | 1ct | imgs:3
[02:03:20][PRINCESS] [4586] ? NIV-4E12B5E930113DAE | BASKET | DOUBLE_TWIST | PRONG | GOLD | KT_18 | 1ct | imgs:1
[02:03:25][PRINCESS] [4587] ? NIV-4E12B5E930113DAE | BASKET | DOUBLE_TWIST | PRONG | GOLD | KT_18 | 1ct | imgs:3
[02:03:28][PRINCESS] [4588] ? NIV-4E12B5E930113DAE | BASKET | DOUBLE_TWIST | PRONG | GOLD | KT_18 | 1ct | imgs:3
[02:03:31][PRINCESS] [4589] ? NIV-F0D16C0F6B739A6C | BASKET | DOUBLE_TWIST | PRONG | GOLD | KT_18 | 1ct | imgs:3
[02:03:35][PRINCESS] [4590] ? NIV-F0D16C0F6B739A6C | BASKET | DOUBLE_TWIST | PRONG | GOLD | KT_18 | 1ct | imgs:3
[02:03:40][PRINCESS] [4591] ? NIV-F0D16C0F6B739A6C | BASKET | DOUBLE_TWIST | PRONG | GOLD | KT_18 | 1ct | imgs:3
[02:03:43][PRINCESS] [4592] ? NIV-34E29933E8E349CD | BASKET | DOUBLE_TWIST | PRONG | PLATINUM | PT_950 | 1ct | imgs:3
[02:03:47][PRINCESS] [4593] ? NIV-C70A9502284BC77E | BASKET | DOUBLE_TWIST | PRONG | GOLD | KT_10 | 1ct | imgs:3
[02:03:52][PRINCESS] [4594] ? NIV-C70A9502284BC77E | BASKET | DOUBLE_TWIST | PRONG | GOLD | KT_10 | 1ct | imgs:3
[02:03:55][PRINCESS] [4595] ? NIV-C70A9502284BC77E | BASKET | DOUBLE_TWIST | PRONG | GOLD | KT_10 | 1ct | imgs:3
[02:03:58][PRINCESS] [4596] ? NIV-765E5BB2A60FAB94 | BASKET | DOUBLE_TWIST | PRONG | GOLD | KT_10 | 1ct | imgs:3
[02:04:01][PRINCESS] [4597] ? NIV-765E5BB2A60FAB94 | BASKET | DOUBLE_TWIST | PRONG | GOLD | KT_10 | 1ct | imgs:3
[02:04:05][PRINCESS] [4598] ? NIV-765E5BB2A60FAB94 | BASKET | DOUBLE_TWIST | PRONG | GOLD | KT_10 | 1ct | imgs:3
[02:04:08][PRINCESS] [4599] ? NIV-84BEC1DC0CB18B85 | BASKET | DOUBLE_TWIST | PRONG | GOLD | KT_10 | 1ct | imgs:3
[02:04:13][PRINCESS] [4600] ? NIV-84BEC1DC0CB18B85 | BASKET | DOUBLE_TWIST | PRONG | GOLD | KT_10 | 1ct | imgs:3
[02:04:16][PRINCESS] [4601] ? NIV-84BEC1DC0CB18B85 | BASKET | DOUBLE_TWIST | PRONG | GOLD | KT_10 | 1ct | imgs:3
[02:04:20][PRINCESS] [4602] ? NIV-FFE90CAF948C975E | BASKET | DOUBLE_TWIST | PRONG | GOLD | KT_14 | 1ct | imgs:3
[02:04:25][PRINCESS] [4603] ? NIV-FFE90CAF948C975E | BASKET | DOUBLE_TWIST | PRONG | GOLD | KT_14 | 1ct | imgs:3
[02:04:31][PRINCESS] [4604] ? NIV-FFE90CAF948C975E | BASKET | DOUBLE_TWIST | PRONG | GOLD | KT_14 | 1ct | imgs:3
[02:04:34][PRINCESS] [4605] ? NIV-CDD69AB052F699FA | BASKET | DOUBLE_TWIST | PRONG | GOLD | KT_14 | 1ct | imgs:3
[02:04:37][PRINCESS] [4606] ? NIV-CDD69AB052F699FA | BASKET | DOUBLE_TWIST | PRONG | GOLD | KT_14 | 1ct | imgs:3
[02:04:41][PRINCESS] [4607] ? NIV-CDD69AB052F699FA | BASKET | DOUBLE_TWIST | PRONG | GOLD | KT_14 | 1ct | imgs:3
[02:04:43][PRINCESS] [4608] ? NIV-5CD97EC51A2D0BC9 | BASKET | DOUBLE_TWIST | PRONG | GOLD | KT_14 | 1ct | imgs:3
[02:04:46][PRINCESS] [4609] ? NIV-5CD97EC51A2D0BC9 | BASKET | DOUBLE_TWIST | PRONG | GOLD | KT_14 | 1ct | imgs:3
[02:04:50][PRINCESS] [4610] ? NIV-5CD97EC51A2D0BC9 | BASKET | DOUBLE_TWIST | PRONG | GOLD | KT_14 | 1ct | imgs:3
[02:04:55][PRINCESS] [4611] ? NIV-3E7AD5DF19DB3118 | BASKET | DOUBLE_TWIST | PRONG | GOLD | KT_18 | 1ct | imgs:3
[02:04:59][PRINCESS] [4612] ? NIV-3E7AD5DF19DB3118 | BASKET | DOUBLE_TWIST | PRONG | GOLD | KT_18 | 1ct | imgs:3
[02:05:04][PRINCESS] [4613] ? NIV-3E7AD5DF19DB3118 | BASKET | DOUBLE_TWIST | PRONG | GOLD | KT_18 | 1ct | imgs:3
[02:05:07][PRINCESS] [4614] ? NIV-DBC7D1F231BA4788 | BASKET | DOUBLE_TWIST | PRONG | GOLD | KT_18 | 1ct | imgs:3
[02:05:10][PRINCESS] [4615] ? NIV-DBC7D1F231BA4788 | BASKET | DOUBLE_TWIST | PRONG | GOLD | KT_18 | 1ct | imgs:3
[02:05:14][PRINCESS] [4616] ? NIV-DBC7D1F231BA4788 | BASKET | DOUBLE_TWIST | PRONG | GOLD | KT_18 | 1ct | imgs:3
[02:05:16][PRINCESS] [4617] ? NIV-0B3907E7B55C25AD | BASKET | DOUBLE_TWIST | PRONG | GOLD | KT_18 | 1ct | imgs:3
[02:05:20][PRINCESS] [4618] ? NIV-0B3907E7B55C25AD | BASKET | DOUBLE_TWIST | PRONG | GOLD | KT_18 | 1ct | imgs:3
[02:05:25][PRINCESS] [4619] ? NIV-0B3907E7B55C25AD | BASKET | DOUBLE_TWIST | PRONG | GOLD | KT_18 | 1ct | imgs:3
[02:05:28][PRINCESS] [4620] ? NIV-EB8CEA057F68838D | BASKET | DOUBLE_TWIST | PRONG | PLATINUM | PT_950 | 1ct | imgs:3
[02:05:34][PRINCESS] [4621] ? NIV-907424FB9313C2E4 | BASKET | DOUBLE_TWIST | PRONG | GOLD | KT_10 | 1ct | imgs:3
[02:05:38][PRINCESS] [4622] ? NIV-907424FB9313C2E4 | BASKET | DOUBLE_TWIST | PRONG | GOLD | KT_10 | 1ct | imgs:3
[02:05:43][PRINCESS] [4623] ? NIV-907424FB9313C2E4 | BASKET | DOUBLE_TWIST | PRONG | GOLD | KT_10 | 1ct | imgs:3
[02:05:46][PRINCESS] [4624] ? NIV-4368B100BA51FF17 | BASKET | DOUBLE_TWIST | PRONG | GOLD | KT_10 | 1ct | imgs:3
[02:05:50][PRINCESS] [4625] ? NIV-4368B100BA51FF17 | BASKET | DOUBLE_TWIST | PRONG | GOLD | KT_10 | 1ct | imgs:3
[02:05:53][PRINCESS] [4626] ? NIV-4368B100BA51FF17 | BASKET | DOUBLE_TWIST | PRONG | GOLD | KT_10 | 1ct | imgs:3
[02:05:55][PRINCESS] [4627] ? NIV-53FCBAF2DA58C21E | BASKET | DOUBLE_TWIST | PRONG | GOLD | KT_10 | 1ct | imgs:3
[02:05:59][PRINCESS] [4628] ? NIV-53FCBAF2DA58C21E | BASKET | DOUBLE_TWIST | PRONG | GOLD | KT_10 | 1ct | imgs:3
[02:06:04][PRINCESS] [4629] ? NIV-53FCBAF2DA58C21E | BASKET | DOUBLE_TWIST | PRONG | GOLD | KT_10 | 1ct | imgs:3
[02:06:07][PRINCESS] [4630] ? NIV-40F88A6543A198AB | BASKET | DOUBLE_TWIST | PRONG | GOLD | KT_14 | 1ct | imgs:3
[02:06:11][PRINCESS] [4631] ? NIV-40F88A6543A198AB | BASKET | DOUBLE_TWIST | PRONG | GOLD | KT_14 | 1ct | imgs:3
[02:06:16][PRINCESS] [4632] ? NIV-40F88A6543A198AB | BASKET | DOUBLE_TWIST | PRONG | GOLD | KT_14 | 1ct | imgs:3
[02:06:19][PRINCESS] [4633] ? NIV-93160CD8B25B8BCE | BASKET | DOUBLE_TWIST | PRONG | GOLD | KT_14 | 1ct | imgs:3
[02:06:22][PRINCESS] [4634] ? NIV-93160CD8B25B8BCE | BASKET | DOUBLE_TWIST | PRONG | GOLD | KT_14 | 1ct | imgs:3
[02:06:26][PRINCESS] [4635] ? NIV-93160CD8B25B8BCE | BASKET | DOUBLE_TWIST | PRONG | GOLD | KT_14 | 1ct | imgs:3
[02:06:28][PRINCESS] [4636] ? NIV-33C386F1B6E4E9D6 | BASKET | DOUBLE_TWIST | PRONG | GOLD | KT_14 | 1ct | imgs:3
[02:06:31][PRINCESS] [4637] ? NIV-33C386F1B6E4E9D6 | BASKET | DOUBLE_TWIST | PRONG | GOLD | KT_14 | 1ct | imgs:3
[02:06:35][PRINCESS] [4638] ? NIV-33C386F1B6E4E9D6 | BASKET | DOUBLE_TWIST | PRONG | GOLD | KT_14 | 1ct | imgs:3
[02:06:38][PRINCESS] [4639] ? NIV-5A787EBF3B80B9EA | BASKET | DOUBLE_TWIST | PRONG | GOLD | KT_18 | 1ct | imgs:3
[02:06:41][PRINCESS] [4640] ? NIV-5A787EBF3B80B9EA | BASKET | DOUBLE_TWIST | PRONG | GOLD | KT_18 | 1ct | imgs:3
[02:06:46][PRINCESS] [4641] ? NIV-5A787EBF3B80B9EA | BASKET | DOUBLE_TWIST | PRONG | GOLD | KT_18 | 1ct | imgs:3
[02:06:49][PRINCESS] [4642] ? NIV-16B03B6CC84DA7EF | BASKET | DOUBLE_TWIST | PRONG | GOLD | KT_18 | 1ct | imgs:3
[02:06:53][PRINCESS] [4643] ? NIV-16B03B6CC84DA7EF | BASKET | DOUBLE_TWIST | PRONG | GOLD | KT_18 | 1ct | imgs:3
[02:06:58][PRINCESS] [4644] ? NIV-16B03B6CC84DA7EF | BASKET | DOUBLE_TWIST | PRONG | GOLD | KT_18 | 1ct | imgs:3
[02:07:01][PRINCESS] [4645] ? NIV-351CE1094D80AEF8 | BASKET | DOUBLE_TWIST | PRONG | GOLD | KT_18 | 1ct | imgs:3
[02:07:04][PRINCESS] [4646] ? NIV-351CE1094D80AEF8 | BASKET | DOUBLE_TWIST | PRONG | GOLD | KT_18 | 1ct | imgs:3
[02:07:08][PRINCESS] [4647] ? NIV-351CE1094D80AEF8 | BASKET | DOUBLE_TWIST | PRONG | GOLD | KT_18 | 1ct | imgs:3
[02:07:10][PRINCESS] [4648] ? NIV-6B0D1E798009A64A | BASKET | DOUBLE_TWIST | PRONG | PLATINUM | PT_950 | 1ct | imgs:3
[02:07:16][PRINCESS] [4649] ? NIV-C6E441C61D5D2E22 | BASKET | DOUBLE_TWIST | PRONG | GOLD | KT_10 | 1ct | imgs:3
[02:07:20][PRINCESS] [4650] ? NIV-C6E441C61D5D2E22 | BASKET | DOUBLE_TWIST | PRONG | GOLD | KT_10 | 1ct | imgs:3
[02:07:25][PRINCESS] [4651] ? NIV-C6E441C61D5D2E22 | BASKET | DOUBLE_TWIST | PRONG | GOLD | KT_10 | 1ct | imgs:3
[02:07:28][PRINCESS] [4652] ? NIV-2A5254A7D0E3D42A | BASKET | DOUBLE_TWIST | PRONG | GOLD | KT_10 | 1ct | imgs:3
[02:07:32][PRINCESS] [4653] ? NIV-2A5254A7D0E3D42A | BASKET | DOUBLE_TWIST | PRONG | GOLD | KT_10 | 1ct | imgs:3
[02:07:35][PRINCESS] [4654] ? NIV-2A5254A7D0E3D42A | BASKET | DOUBLE_TWIST | PRONG | GOLD | KT_10 | 1ct | imgs:3
[02:07:37][PRINCESS] [4655] ? NIV-2E69E30E78405F26 | BASKET | DOUBLE_TWIST | PRONG | GOLD | KT_10 | 1ct | imgs:3
[02:07:41][PRINCESS] [4656] ? NIV-2E69E30E78405F26 | BASKET | DOUBLE_TWIST | PRONG | GOLD | KT_10 | 1ct | imgs:3
[02:07:44][PRINCESS] [4657] ? NIV-2E69E30E78405F26 | BASKET | DOUBLE_TWIST | PRONG | GOLD | KT_10 | 1ct | imgs:3
[02:07:47][PRINCESS] [4658] ? NIV-76F54AE44B0F9079 | BASKET | DOUBLE_TWIST | PRONG | GOLD | KT_14 | 1ct | imgs:3
[02:07:52][PRINCESS] [4659] ? NIV-76F54AE44B0F9079 | BASKET | DOUBLE_TWIST | PRONG | GOLD | KT_14 | 1ct | imgs:3
[02:07:56][PRINCESS] [4660] ? NIV-76F54AE44B0F9079 | BASKET | DOUBLE_TWIST | PRONG | GOLD | KT_14 | 1ct | imgs:3
[02:07:58][PRINCESS] [4661] ? NIV-28DF8888EBC13034 | BASKET | DOUBLE_TWIST | PRONG | GOLD | KT_14 | 1ct | imgs:3
[02:08:11][PRINCESS] [4662] ??  NIV-28DF8888EBC13034 | BASKET | DOUBLE_TWIST | PRONG | GOLD | KT_14 | 1ct | imgs:0
[02:08:11][PRINCESS]   Re-seleccionando PRINCESS (intento 1)
[02:08:11][PRINCESS]   Boton no encontrado ? recargando configurador...
[02:08:23][PRINCESS]   Re-seleccionando PRINCESS (intento 2)
[02:08:26][PRINCESS] [4663] ? NIV-A9FEEAD73232E242 | BASKET | DOUBLE_TWIST | PRONG | GOLD | KT_14 | 1ct | imgs:3
[02:08:29][PRINCESS] [4664] ? NIV-46DA39283D61D6BC | BASKET | DOUBLE_TWIST | PRONG | GOLD | KT_14 | 1ct | imgs:3
[02:08:32][PRINCESS] [4665] ? NIV-35370568AF326438 | BASKET | DOUBLE_TWIST | PRONG | GOLD | KT_14 | 1ct | imgs:3
[02:08:35][PRINCESS] [4666] ? NIV-5A0398DDCC86DF0F | BASKET | DOUBLE_TWIST | PRONG | GOLD | KT_14 | 1ct | imgs:3
[02:08:41][PRINCESS] [4667] ? NIV-AF3BD9263C718FD4 | BASKET | DOUBLE_TWIST | PRONG | GOLD | KT_18 | 1ct | imgs:3
[02:08:44][PRINCESS] [4668] ? NIV-98BF0980C9DD6B7C | BASKET | DOUBLE_TWIST | PRONG | GOLD | KT_18 | 1ct | imgs:3
[02:08:47][PRINCESS] [4669] ? NIV-9B20FC0388DE71FC | BASKET | DOUBLE_TWIST | PRONG | GOLD | KT_18 | 1ct | imgs:3
[02:08:50][PRINCESS] [4670] ? NIV-234DDF6A4230EB27 | BASKET | DOUBLE_TWIST | PRONG | GOLD | KT_18 | 1ct | imgs:3
[02:08:53][PRINCESS] [4671] ? NIV-C195B2FECA12FF6D | BASKET | DOUBLE_TWIST | PRONG | GOLD | KT_18 | 1ct | imgs:3
[02:08:56][PRINCESS] [4672] ? NIV-D523B9E5CDC530B2 | BASKET | DOUBLE_TWIST | PRONG | GOLD | KT_18 | 1ct | imgs:3
[02:08:59][PRINCESS] [4673] ? NIV-8762805492320BC7 | BASKET | DOUBLE_TWIST | PRONG | GOLD | KT_18 | 1ct | imgs:3
[02:09:02][PRINCESS] [4674] ? NIV-6BE6FEA286CDB358 | BASKET | DOUBLE_TWIST | PRONG | GOLD | KT_18 | 1ct | imgs:3
[02:09:05][PRINCESS] [4675] ? NIV-668C33A2C18EE62A | BASKET | DOUBLE_TWIST | PRONG | GOLD | KT_18 | 1ct | imgs:3
[02:09:08][PRINCESS] [4676] ? NIV-D04C0916386418DA | BASKET | DOUBLE_TWIST | PRONG | PLATINUM | PT_950 | 1ct | imgs:3
[02:09:12][PRINCESS] [4677] ? NIV-1C69D37EE704B015 | BASKET | DOUBLE_TWIST | PRONG | GOLD | KT_10 | 1ct | imgs:3
[02:09:17][PRINCESS] [4678] ? NIV-1C69D37EE704B015 | BASKET | DOUBLE_TWIST | PRONG | GOLD | KT_10 | 1ct | imgs:3
[02:09:20][PRINCESS] [4679] ? NIV-1C69D37EE704B015 | BASKET | DOUBLE_TWIST | PRONG | GOLD | KT_10 | 1ct | imgs:3
[02:09:23][PRINCESS] [4680] ? NIV-811C46B847CA0732 | BASKET | DOUBLE_TWIST | PRONG | GOLD | KT_10 | 1ct | imgs:3
[02:09:26][PRINCESS] [4681] ? NIV-811C46B847CA0732 | BASKET | DOUBLE_TWIST | PRONG | GOLD | KT_10 | 1ct | imgs:3
[02:09:30][PRINCESS] [4682] ? NIV-811C46B847CA0732 | BASKET | DOUBLE_TWIST | PRONG | GOLD | KT_10 | 1ct | imgs:3
[02:09:40][PRINCESS] [4683] ? NIV-FD765475741E9C80 | BASKET | DOUBLE_TWIST | PRONG | GOLD | KT_10 | 1ct | imgs:3
[02:09:44][PRINCESS] [4684] ? NIV-FD765475741E9C80 | BASKET | DOUBLE_TWIST | PRONG | GOLD | KT_10 | 1ct | imgs:3
[02:09:47][PRINCESS] [4685] ? NIV-FD765475741E9C80 | BASKET | DOUBLE_TWIST | PRONG | GOLD | KT_10 | 1ct | imgs:3
[02:09:53][PRINCESS] [4686] ? NIV-9ACE46542A509E6C | BASKET | DOUBLE_TWIST | PRONG | GOLD | KT_14 | 1ct | imgs:3
[02:09:59][PRINCESS] [4687] ? NIV-9ACE46542A509E6C | BASKET | DOUBLE_TWIST | PRONG | GOLD | KT_14 | 1ct | imgs:3
[02:10:02][PRINCESS] [4688] ? NIV-9ACE46542A509E6C | BASKET | DOUBLE_TWIST | PRONG | GOLD | KT_14 | 1ct | imgs:3
[02:10:05][PRINCESS] [4689] ? NIV-13C385FD9A943A54 | BASKET | DOUBLE_TWIST | PRONG | GOLD | KT_14 | 1ct | imgs:3
[02:10:08][PRINCESS] [4690] ? NIV-13C385FD9A943A54 | BASKET | DOUBLE_TWIST | PRONG | GOLD | KT_14 | 1ct | imgs:3
[02:10:14][PRINCESS] [4691] ? NIV-13C385FD9A943A54 | BASKET | DOUBLE_TWIST | PRONG | GOLD | KT_14 | 1ct | imgs:3
[02:10:17][PRINCESS] [4692] ? NIV-0F1C1E19C9630D17 | BASKET | DOUBLE_TWIST | PRONG | GOLD | KT_14 | 1ct | imgs:3
[02:10:20][PRINCESS] [4693] ? NIV-0F1C1E19C9630D17 | BASKET | DOUBLE_TWIST | PRONG | GOLD | KT_14 | 1ct | imgs:3
[02:10:23][PRINCESS] [4694] ? NIV-0F1C1E19C9630D17 | BASKET | DOUBLE_TWIST | PRONG | GOLD | KT_14 | 1ct | imgs:3
[02:10:26][PRINCESS] [4695] ? NIV-6F3A50B412470C4A | BASKET | DOUBLE_TWIST | PRONG | GOLD | KT_18 | 1ct | imgs:3
[02:10:32][PRINCESS] [4696] ? NIV-6F3A50B412470C4A | BASKET | DOUBLE_TWIST | PRONG | GOLD | KT_18 | 1ct | imgs:3
[02:10:35][PRINCESS] [4697] ? NIV-6F3A50B412470C4A | BASKET | DOUBLE_TWIST | PRONG | GOLD | KT_18 | 1ct | imgs:3
[02:10:38][PRINCESS] [4698] ? NIV-E0A21C19DB07E593 | BASKET | DOUBLE_TWIST | PRONG | GOLD | KT_18 | 1ct | imgs:3
[02:10:42][PRINCESS] [4699] ? NIV-E0A21C19DB07E593 | BASKET | DOUBLE_TWIST | PRONG | GOLD | KT_18 | 1ct | imgs:3
[02:10:47][PRINCESS] [4700] ? NIV-E0A21C19DB07E593 | BASKET | DOUBLE_TWIST | PRONG | GOLD | KT_18 | 1ct | imgs:3
[02:10:50][PRINCESS] [4701] ? NIV-9E85C6E430E88F79 | BASKET | DOUBLE_TWIST | PRONG | GOLD | KT_18 | 1ct | imgs:3
[02:10:53][PRINCESS] [4702] ? NIV-9E85C6E430E88F79 | BASKET | DOUBLE_TWIST | PRONG | GOLD | KT_18 | 1ct | imgs:3
[02:10:59][PRINCESS] [4703] ? NIV-9E85C6E430E88F79 | BASKET | DOUBLE_TWIST | PRONG | GOLD | KT_18 | 1ct | imgs:3
[02:11:02][PRINCESS] [4704] ? NIV-1BCFC959A1DB2708 | BASKET | DOUBLE_TWIST | PRONG | PLATINUM | PT_950 | 1ct | imgs:3
[02:11:08][PRINCESS] [4705] ? NIV-391CB0554D292793 | BASKET | DOUBLE_TWIST | BEAD | GOLD | KT_10 | 1ct | imgs:3
[02:11:11][PRINCESS] [4706] ? NIV-391CB0554D292793 | BASKET | DOUBLE_TWIST | BEAD | GOLD | KT_10 | 1ct | imgs:3
[02:11:14][PRINCESS] [4707] ? NIV-391CB0554D292793 | BASKET | DOUBLE_TWIST | BEAD | GOLD | KT_10 | 1ct | imgs:3
[02:11:17][PRINCESS] [4708] ? NIV-70A4F8E17A388014 | BASKET | DOUBLE_TWIST | BEAD | GOLD | KT_10 | 1ct | imgs:3
[02:11:21][PRINCESS] [4709] ? NIV-70A4F8E17A388014 | BASKET | DOUBLE_TWIST | BEAD | GOLD | KT_10 | 1ct | imgs:3
[02:11:24][PRINCESS] [4710] ? NIV-70A4F8E17A388014 | BASKET | DOUBLE_TWIST | BEAD | GOLD | KT_10 | 1ct | imgs:3
[02:11:26][PRINCESS] [4711] ? NIV-C83C385B8419CD4E | BASKET | DOUBLE_TWIST | BEAD | GOLD | KT_10 | 1ct | imgs:3
[02:11:30][PRINCESS] [4712] ? NIV-C83C385B8419CD4E | BASKET | DOUBLE_TWIST | BEAD | GOLD | KT_10 | 1ct | imgs:3
[02:11:35][PRINCESS] [4713] ? NIV-C83C385B8419CD4E | BASKET | DOUBLE_TWIST | BEAD | GOLD | KT_10 | 1ct | imgs:3
[02:11:38][PRINCESS] [4714] ? NIV-BB7AE73869289B57 | BASKET | DOUBLE_TWIST | BEAD | GOLD | KT_14 | 1ct | imgs:3
[02:11:41][PRINCESS] [4715] ? NIV-BB7AE73869289B57 | BASKET | DOUBLE_TWIST | BEAD | GOLD | KT_14 | 1ct | imgs:3
[02:11:45][PRINCESS] [4716] ? NIV-BB7AE73869289B57 | BASKET | DOUBLE_TWIST | BEAD | GOLD | KT_14 | 1ct | imgs:3
[02:11:52][PRINCESS] [4717] ? NIV-BF4AC40795A1E889 | BASKET | DOUBLE_TWIST | BEAD | GOLD | KT_14 | 1ct | imgs:1
[02:11:56][PRINCESS] [4718] ? NIV-BF4AC40795A1E889 | BASKET | DOUBLE_TWIST | BEAD | GOLD | KT_14 | 1ct | imgs:3
[02:12:00][PRINCESS] [4719] ? NIV-BF4AC40795A1E889 | BASKET | DOUBLE_TWIST | BEAD | GOLD | KT_14 | 1ct | imgs:3
[02:12:02][PRINCESS] [4720] ? NIV-2ECB7762C638C830 | BASKET | DOUBLE_TWIST | BEAD | GOLD | KT_14 | 1ct | imgs:3
[02:12:05][PRINCESS] [4721] ? NIV-2ECB7762C638C830 | BASKET | DOUBLE_TWIST | BEAD | GOLD | KT_14 | 1ct | imgs:3
[02:12:09][PRINCESS] [4722] ? NIV-2ECB7762C638C830 | BASKET | DOUBLE_TWIST | BEAD | GOLD | KT_14 | 1ct | imgs:3
[02:12:11][PRINCESS] [4723] ? NIV-E5F96F6EFBE4DCCA | BASKET | DOUBLE_TWIST | BEAD | GOLD | KT_18 | 1ct | imgs:3
[02:12:14][PRINCESS] [4724] ? NIV-E5F96F6EFBE4DCCA | BASKET | DOUBLE_TWIST | BEAD | GOLD | KT_18 | 1ct | imgs:3
[02:12:18][PRINCESS] [4725] ? NIV-E5F96F6EFBE4DCCA | BASKET | DOUBLE_TWIST | BEAD | GOLD | KT_18 | 1ct | imgs:3
[02:12:20][PRINCESS] [4726] ? NIV-0C58899440E9CACF | BASKET | DOUBLE_TWIST | BEAD | GOLD | KT_18 | 1ct | imgs:3
[02:12:23][PRINCESS] [4727] ? NIV-0C58899440E9CACF | BASKET | DOUBLE_TWIST | BEAD | GOLD | KT_18 | 1ct | imgs:3
[02:12:27][PRINCESS] [4728] ? NIV-0C58899440E9CACF | BASKET | DOUBLE_TWIST | BEAD | GOLD | KT_18 | 1ct | imgs:3
[02:12:29][PRINCESS] [4729] ? NIV-710FA59D29217E68 | BASKET | DOUBLE_TWIST | BEAD | GOLD | KT_18 | 1ct | imgs:3
[02:12:32][PRINCESS] [4730] ? NIV-710FA59D29217E68 | BASKET | DOUBLE_TWIST | BEAD | GOLD | KT_18 | 1ct | imgs:3
[02:12:38][PRINCESS] [4731] ? NIV-710FA59D29217E68 | BASKET | DOUBLE_TWIST | BEAD | GOLD | KT_18 | 1ct | imgs:3
[02:12:41][PRINCESS] [4732] ? NIV-00368671662F365F | BASKET | DOUBLE_TWIST | BEAD | PLATINUM | PT_950 | 1ct | imgs:3
[02:12:47][PRINCESS] [4733] ? NIV-9E2883297E847D3C | BASKET | DOUBLE_TWIST | BEAD | GOLD | KT_10 | 1ct | imgs:3
[02:12:50][PRINCESS] [4734] ? NIV-9E2883297E847D3C | BASKET | DOUBLE_TWIST | BEAD | GOLD | KT_10 | 1ct | imgs:3
[02:12:54][PRINCESS] [4735] ? NIV-9E2883297E847D3C | BASKET | DOUBLE_TWIST | BEAD | GOLD | KT_10 | 1ct | imgs:3
[02:12:58][PRINCESS] [4736] ? NIV-5888497B0291B12D | BASKET | DOUBLE_TWIST | BEAD | GOLD | KT_10 | 1ct | imgs:3
[02:13:02][PRINCESS] [4737] ? NIV-5888497B0291B12D | BASKET | DOUBLE_TWIST | BEAD | GOLD | KT_10 | 1ct | imgs:3
[02:13:05][PRINCESS] [4738] ? NIV-5888497B0291B12D | BASKET | DOUBLE_TWIST | BEAD | GOLD | KT_10 | 1ct | imgs:3
[02:13:08][PRINCESS] [4739] ? NIV-6BB3FF70061208FF | BASKET | DOUBLE_TWIST | BEAD | GOLD | KT_10 | 1ct | imgs:3
[02:13:11][PRINCESS] [4740] ? NIV-6BB3FF70061208FF | BASKET | DOUBLE_TWIST | BEAD | GOLD | KT_10 | 1ct | imgs:3
[02:13:14][PRINCESS] [4741] ? NIV-6BB3FF70061208FF | BASKET | DOUBLE_TWIST | BEAD | GOLD | KT_10 | 1ct | imgs:3
[02:13:18][PRINCESS] [4742] ? NIV-97E9CD23F569AC64 | BASKET | DOUBLE_TWIST | BEAD | GOLD | KT_14 | 1ct | imgs:3
[02:13:23][PRINCESS] [4743] ? NIV-97E9CD23F569AC64 | BASKET | DOUBLE_TWIST | BEAD | GOLD | KT_14 | 1ct | imgs:3
[02:13:26][PRINCESS] [4744] ? NIV-97E9CD23F569AC64 | BASKET | DOUBLE_TWIST | BEAD | GOLD | KT_14 | 1ct | imgs:3
[02:13:37][PRINCESS] [4745] ??  NIV-97E9CD23F569AC64 | BASKET | DOUBLE_TWIST | BEAD | GOLD | KT_14 | 1ct | imgs:0
[02:13:49][PRINCESS] [4746] ??  NIV-97E9CD23F569AC64 | BASKET | DOUBLE_TWIST | BEAD | GOLD | KT_14 | 1ct | imgs:0
[02:14:01][PRINCESS] [4747] ??  NIV-97E9CD23F569AC64 | BASKET | DOUBLE_TWIST | BEAD | GOLD | KT_14 | 1ct | imgs:0
[02:14:05][PRINCESS] [4748] ? NIV-0B8F9A0EF5346842 | BASKET | DOUBLE_TWIST | BEAD | GOLD | KT_14 | 1ct | imgs:3
[02:14:09][PRINCESS] [4749] ? NIV-0B8F9A0EF5346842 | BASKET | DOUBLE_TWIST | BEAD | GOLD | KT_14 | 1ct | imgs:3
[02:14:12][PRINCESS] [4750] ? NIV-0B8F9A0EF5346842 | BASKET | DOUBLE_TWIST | BEAD | GOLD | KT_14 | 1ct | imgs:3
[02:14:15][PRINCESS] [4751] ? NIV-21DA83B2F1E910BC | BASKET | DOUBLE_TWIST | BEAD | GOLD | KT_18 | 1ct | imgs:3
[02:14:20][PRINCESS] [4752] ? NIV-21DA83B2F1E910BC | BASKET | DOUBLE_TWIST | BEAD | GOLD | KT_18 | 1ct | imgs:3
[02:14:23][PRINCESS] [4753] ? NIV-21DA83B2F1E910BC | BASKET | DOUBLE_TWIST | BEAD | GOLD | KT_18 | 1ct | imgs:3
[02:14:30][PRINCESS] [4754] ? NIV-BA65C7BCB729438F | BASKET | DOUBLE_TWIST | BEAD | GOLD | KT_18 | 1ct | imgs:2
[02:14:35][PRINCESS] [4755] ? NIV-BA65C7BCB729438F | BASKET | DOUBLE_TWIST | BEAD | GOLD | KT_18 | 1ct | imgs:3
[02:14:38][PRINCESS] [4756] ? NIV-BA65C7BCB729438F | BASKET | DOUBLE_TWIST | BEAD | GOLD | KT_18 | 1ct | imgs:3
[02:14:41][PRINCESS] [4757] ? NIV-DB8D64EBF0259EB6 | BASKET | DOUBLE_TWIST | BEAD | GOLD | KT_18 | 1ct | imgs:3
[02:14:47][PRINCESS] [4758] ? NIV-DB8D64EBF0259EB6 | BASKET | DOUBLE_TWIST | BEAD | GOLD | KT_18 | 1ct | imgs:3
[02:14:50][PRINCESS] [4759] ? NIV-DB8D64EBF0259EB6 | BASKET | DOUBLE_TWIST | BEAD | GOLD | KT_18 | 1ct | imgs:3
[02:15:01][PRINCESS] [4760] ??  NIV-DB8D64EBF0259EB6 | BASKET | DOUBLE_TWIST | BEAD | PLATINUM | PT_950 | 1ct | imgs:0
[02:15:05][PRINCESS] [4761] ? NIV-78A2408822D8DB70 | BASKET | DOUBLE_TWIST | BEAD | GOLD | KT_10 | 1ct | imgs:3
[02:15:08][PRINCESS] [4762] ? NIV-78A2408822D8DB70 | BASKET | DOUBLE_TWIST | BEAD | GOLD | KT_10 | 1ct | imgs:3
[02:15:12][PRINCESS] [4763] ? NIV-78A2408822D8DB70 | BASKET | DOUBLE_TWIST | BEAD | GOLD | KT_10 | 1ct | imgs:3
[02:15:14][PRINCESS] [4764] ? NIV-BBB9AFB2066E84F2 | BASKET | DOUBLE_TWIST | BEAD | GOLD | KT_10 | 1ct | imgs:3
[02:15:17][PRINCESS] [4765] ? NIV-BBB9AFB2066E84F2 | BASKET | DOUBLE_TWIST | BEAD | GOLD | KT_10 | 1ct | imgs:3
[02:15:23][PRINCESS] [4766] ? NIV-BBB9AFB2066E84F2 | BASKET | DOUBLE_TWIST | BEAD | GOLD | KT_10 | 1ct | imgs:3
[02:15:26][PRINCESS] [4767] ? NIV-3367C1732D5DC5A3 | BASKET | DOUBLE_TWIST | BEAD | GOLD | KT_10 | 1ct | imgs:3
[02:15:29][PRINCESS] [4768] ? NIV-3367C1732D5DC5A3 | BASKET | DOUBLE_TWIST | BEAD | GOLD | KT_10 | 1ct | imgs:3
[02:15:33][PRINCESS] [4769] ? NIV-3367C1732D5DC5A3 | BASKET | DOUBLE_TWIST | BEAD | GOLD | KT_10 | 1ct | imgs:3
[02:15:38][PRINCESS] [4770] ? NIV-72C2F7EC930EC3FB | BASKET | DOUBLE_TWIST | BEAD | GOLD | KT_14 | 1ct | imgs:3
[02:15:41][PRINCESS] [4771] ? NIV-72C2F7EC930EC3FB | BASKET | DOUBLE_TWIST | BEAD | GOLD | KT_14 | 1ct | imgs:3
[02:15:45][PRINCESS] [4772] ? NIV-72C2F7EC930EC3FB | BASKET | DOUBLE_TWIST | BEAD | GOLD | KT_14 | 1ct | imgs:3
[02:15:47][PRINCESS] [4773] ? NIV-3FFBE4C89D91B7AB | BASKET | DOUBLE_TWIST | BEAD | GOLD | KT_14 | 1ct | imgs:3
[02:15:50][PRINCESS] [4774] ? NIV-3FFBE4C89D91B7AB | BASKET | DOUBLE_TWIST | BEAD | GOLD | KT_14 | 1ct | imgs:3
[02:15:56][PRINCESS] [4775] ? NIV-3FFBE4C89D91B7AB | BASKET | DOUBLE_TWIST | BEAD | GOLD | KT_14 | 1ct | imgs:3
[02:15:59][PRINCESS] [4776] ? NIV-37C33F86CDBDDA19 | BASKET | DOUBLE_TWIST | BEAD | GOLD | KT_14 | 1ct | imgs:3
[02:16:03][PRINCESS] [4777] ? NIV-37C33F86CDBDDA19 | BASKET | DOUBLE_TWIST | BEAD | GOLD | KT_14 | 1ct | imgs:3
[02:16:08][PRINCESS] [4778] ? NIV-37C33F86CDBDDA19 | BASKET | DOUBLE_TWIST | BEAD | GOLD | KT_14 | 1ct | imgs:3
[02:16:11][PRINCESS] [4779] ? NIV-FC4710A8F46C2744 | BASKET | DOUBLE_TWIST | BEAD | GOLD | KT_18 | 1ct | imgs:3
[02:16:14][PRINCESS] [4780] ? NIV-FC4710A8F46C2744 | BASKET | DOUBLE_TWIST | BEAD | GOLD | KT_18 | 1ct | imgs:3
[02:16:18][PRINCESS] [4781] ? NIV-FC4710A8F46C2744 | BASKET | DOUBLE_TWIST | BEAD | GOLD | KT_18 | 1ct | imgs:3
[02:16:20][PRINCESS] [4782] ? NIV-DDB5F96180669E4E | BASKET | DOUBLE_TWIST | BEAD | GOLD | KT_18 | 1ct | imgs:3
[02:16:23][PRINCESS] [4783] ? NIV-DDB5F96180669E4E | BASKET | DOUBLE_TWIST | BEAD | GOLD | KT_18 | 1ct | imgs:3
[02:16:27][PRINCESS] [4784] ? NIV-DDB5F96180669E4E | BASKET | DOUBLE_TWIST | BEAD | GOLD | KT_18 | 1ct | imgs:3
[02:16:29][PRINCESS] [4785] ? NIV-9FE0F57B28534530 | BASKET | DOUBLE_TWIST | BEAD | GOLD | KT_18 | 1ct | imgs:3
[02:16:33][PRINCESS] [4786] ? NIV-9FE0F57B28534530 | BASKET | DOUBLE_TWIST | BEAD | GOLD | KT_18 | 1ct | imgs:3
[02:16:38][PRINCESS] [4787] ? NIV-9FE0F57B28534530 | BASKET | DOUBLE_TWIST | BEAD | GOLD | KT_18 | 1ct | imgs:3
[02:16:41][PRINCESS] [4788] ? NIV-C8563C4F9A7BFB1A | BASKET | DOUBLE_TWIST | BEAD | PLATINUM | PT_950 | 1ct | imgs:3
[02:16:47][PRINCESS] [4789] ? NIV-E955784AA2A8ABE0 | BASKET | DOUBLE_TWIST | BEAD | GOLD | KT_10 | 1ct | imgs:3
[02:16:50][PRINCESS] [4790] ? NIV-E955784AA2A8ABE0 | BASKET | DOUBLE_TWIST | BEAD | GOLD | KT_10 | 1ct | imgs:3
[02:16:56][PRINCESS] [4791] ? NIV-E955784AA2A8ABE0 | BASKET | DOUBLE_TWIST | BEAD | GOLD | KT_10 | 1ct | imgs:3
[02:16:59][PRINCESS] [4792] ? NIV-C6E53903B299DDC8 | BASKET | DOUBLE_TWIST | BEAD | GOLD | KT_10 | 1ct | imgs:3
[02:17:02][PRINCESS] [4793] ? NIV-C6E53903B299DDC8 | BASKET | DOUBLE_TWIST | BEAD | GOLD | KT_10 | 1ct | imgs:3
[02:17:08][PRINCESS] [4794] ? NIV-C6E53903B299DDC8 | BASKET | DOUBLE_TWIST | BEAD | GOLD | KT_10 | 1ct | imgs:3
[02:17:11][PRINCESS] [4795] ? NIV-32EDCE38DF4E30A9 | BASKET | DOUBLE_TWIST | BEAD | GOLD | KT_10 | 1ct | imgs:3
[02:17:15][PRINCESS] [4796] ? NIV-32EDCE38DF4E30A9 | BASKET | DOUBLE_TWIST | BEAD | GOLD | KT_10 | 1ct | imgs:3
[02:17:20][PRINCESS] [4797] ? NIV-32EDCE38DF4E30A9 | BASKET | DOUBLE_TWIST | BEAD | GOLD | KT_10 | 1ct | imgs:3
[02:17:24][PRINCESS] [4798] ? NIV-F7A655F7F9FE29A6 | BASKET | DOUBLE_TWIST | BEAD | GOLD | KT_14 | 1ct | imgs:3
[02:17:29][PRINCESS] [4799] ? NIV-F7A655F7F9FE29A6 | BASKET | DOUBLE_TWIST | BEAD | GOLD | KT_14 | 1ct | imgs:3
[02:17:32][PRINCESS] [4800] ? NIV-F7A655F7F9FE29A6 | BASKET | DOUBLE_TWIST | BEAD | GOLD | KT_14 | 1ct | imgs:3
[02:17:35][PRINCESS] [4801] ? NIV-7EF1CA43363F5BDB | BASKET | DOUBLE_TWIST | BEAD | GOLD | KT_14 | 1ct | imgs:3
[02:17:41][PRINCESS] [4802] ? NIV-7EF1CA43363F5BDB | BASKET | DOUBLE_TWIST | BEAD | GOLD | KT_14 | 1ct | imgs:3
[02:17:44][PRINCESS] [4803] ? NIV-7EF1CA43363F5BDB | BASKET | DOUBLE_TWIST | BEAD | GOLD | KT_14 | 1ct | imgs:3
[02:17:55][PRINCESS] [4804] ??  NIV-7EF1CA43363F5BDB | BASKET | DOUBLE_TWIST | BEAD | GOLD | KT_14 | 1ct | imgs:0
[02:18:00][PRINCESS] [4805] ? NIV-B9341BF794249630 | BASKET | DOUBLE_TWIST | BEAD | GOLD | KT_14 | 1ct | imgs:1
[02:18:05][PRINCESS] [4806] ? NIV-B9341BF794249630 | BASKET | DOUBLE_TWIST | BEAD | GOLD | KT_14 | 1ct | imgs:3
[02:18:09][PRINCESS] [4807] ? NIV-2C2C4ED4DA0B3AB1 | BASKET | DOUBLE_TWIST | BEAD | GOLD | KT_18 | 1ct | imgs:3
[02:18:14][PRINCESS] [4808] ? NIV-2C2C4ED4DA0B3AB1 | BASKET | DOUBLE_TWIST | BEAD | GOLD | KT_18 | 1ct | imgs:3
[02:18:17][PRINCESS] [4809] ? NIV-2C2C4ED4DA0B3AB1 | BASKET | DOUBLE_TWIST | BEAD | GOLD | KT_18 | 1ct | imgs:3
[02:18:20][PRINCESS] [4810] ? NIV-6D25FE5E9F588FE9 | BASKET | DOUBLE_TWIST | BEAD | GOLD | KT_18 | 1ct | imgs:3
[02:18:26][PRINCESS] [4811] ? NIV-6D25FE5E9F588FE9 | BASKET | DOUBLE_TWIST | BEAD | GOLD | KT_18 | 1ct | imgs:3
[02:18:29][PRINCESS] [4812] ? NIV-6D25FE5E9F588FE9 | BASKET | DOUBLE_TWIST | BEAD | GOLD | KT_18 | 1ct | imgs:3
[02:18:32][PRINCESS] [4813] ? NIV-C699A77B31CAE612 | BASKET | DOUBLE_TWIST | BEAD | GOLD | KT_18 | 1ct | imgs:2
[02:18:38][PRINCESS] [4814] ? NIV-C699A77B31CAE612 | BASKET | DOUBLE_TWIST | BEAD | GOLD | KT_18 | 1ct | imgs:3
[02:18:42][PRINCESS] [4815] ? NIV-C699A77B31CAE612 | BASKET | DOUBLE_TWIST | BEAD | GOLD | KT_18 | 1ct | imgs:3
[02:18:44][PRINCESS] [4816] ? NIV-DF69C6137E969E7F | BASKET | DOUBLE_TWIST | BEAD | PLATINUM | PT_950 | 1ct | imgs:3
[02:18:50][PRINCESS] [4817] ? NIV-F6507B6F9119B848 | BASKET | DOUBLE_TWIST | BEAD | GOLD | KT_10 | 1ct | imgs:3
[02:18:53][PRINCESS] [4818] ? NIV-F6507B6F9119B848 | BASKET | DOUBLE_TWIST | BEAD | GOLD | KT_10 | 1ct | imgs:3
[02:18:56][PRINCESS] [4819] ? NIV-F6507B6F9119B848 | BASKET | DOUBLE_TWIST | BEAD | GOLD | KT_10 | 1ct | imgs:3
[02:18:59][PRINCESS] [4820] ? NIV-FA21BAEA7A5BD61F | BASKET | DOUBLE_TWIST | BEAD | GOLD | KT_10 | 1ct | imgs:3
[02:19:03][PRINCESS] [4821] ? NIV-FA21BAEA7A5BD61F | BASKET | DOUBLE_TWIST | BEAD | GOLD | KT_10 | 1ct | imgs:3
[02:19:08][PRINCESS] [4822] ? NIV-FA21BAEA7A5BD61F | BASKET | DOUBLE_TWIST | BEAD | GOLD | KT_10 | 1ct | imgs:3
[02:19:11][PRINCESS] [4823] ? NIV-D4D9473161AE6426 | BASKET | DOUBLE_TWIST | BEAD | GOLD | KT_10 | 1ct | imgs:3
[02:19:17][PRINCESS] [4824] ? NIV-D4D9473161AE6426 | BASKET | DOUBLE_TWIST | BEAD | GOLD | KT_10 | 1ct | imgs:3
[02:19:20][PRINCESS] [4825] ? NIV-D4D9473161AE6426 | BASKET | DOUBLE_TWIST | BEAD | GOLD | KT_10 | 1ct | imgs:3
[02:19:24][PRINCESS] [4826] ? NIV-B90FD04124B47033 | BASKET | DOUBLE_TWIST | BEAD | GOLD | KT_14 | 1ct | imgs:3
[02:19:27][PRINCESS] [4827] ? NIV-B90FD04124B47033 | BASKET | DOUBLE_TWIST | BEAD | GOLD | KT_14 | 1ct | imgs:3
[02:19:32][PRINCESS] [4828] ? NIV-B90FD04124B47033 | BASKET | DOUBLE_TWIST | BEAD | GOLD | KT_14 | 1ct | imgs:3
[02:19:35][PRINCESS] [4829] ? NIV-A49CFFC7028481EA | BASKET | DOUBLE_TWIST | BEAD | GOLD | KT_14 | 1ct | imgs:2
[02:19:39][PRINCESS] [4830] ? NIV-A49CFFC7028481EA | BASKET | DOUBLE_TWIST | BEAD | GOLD | KT_14 | 1ct | imgs:3
[02:19:44][PRINCESS] [4831] ? NIV-A49CFFC7028481EA | BASKET | DOUBLE_TWIST | BEAD | GOLD | KT_14 | 1ct | imgs:3
[02:19:47][PRINCESS] [4832] ? NIV-47393015B00B5E0D | BASKET | DOUBLE_TWIST | BEAD | GOLD | KT_14 | 1ct | imgs:3
[02:19:53][PRINCESS] [4833] ? NIV-47393015B00B5E0D | BASKET | DOUBLE_TWIST | BEAD | GOLD | KT_14 | 1ct | imgs:3
[02:19:57][PRINCESS] [4834] ? NIV-47393015B00B5E0D | BASKET | DOUBLE_TWIST | BEAD | GOLD | KT_14 | 1ct | imgs:3
[02:20:02][PRINCESS] [4835] ? NIV-1A69EB8782CB8533 | BASKET | DOUBLE_TWIST | BEAD | GOLD | KT_18 | 1ct | imgs:3
[02:20:05][PRINCESS] [4836] ? NIV-1A69EB8782CB8533 | BASKET | DOUBLE_TWIST | BEAD | GOLD | KT_18 | 1ct | imgs:3
[02:20:11][PRINCESS] [4837] ? NIV-1A69EB8782CB8533 | BASKET | DOUBLE_TWIST | BEAD | GOLD | KT_18 | 1ct | imgs:3
[02:20:14][PRINCESS] [4838] ? NIV-9DAFFD14EB991E5C | BASKET | DOUBLE_TWIST | BEAD | GOLD | KT_18 | 1ct | imgs:3
[02:20:18][PRINCESS] [4839] ? NIV-9DAFFD14EB991E5C | BASKET | DOUBLE_TWIST | BEAD | GOLD | KT_18 | 1ct | imgs:3
[02:20:23][PRINCESS] [4840] ? NIV-9DAFFD14EB991E5C | BASKET | DOUBLE_TWIST | BEAD | GOLD | KT_18 | 1ct | imgs:3
[02:20:26][PRINCESS] [4841] ? NIV-2771B24185459BB6 | BASKET | DOUBLE_TWIST | BEAD | GOLD | KT_18 | 1ct | imgs:3
[02:20:30][PRINCESS] [4842] ? NIV-2771B24185459BB6 | BASKET | DOUBLE_TWIST | BEAD | GOLD | KT_18 | 1ct | imgs:3
[02:20:35][PRINCESS] [4843] ? NIV-2771B24185459BB6 | BASKET | DOUBLE_TWIST | BEAD | GOLD | KT_18 | 1ct | imgs:3
[02:20:38][PRINCESS] [4844] ? NIV-4C0CE7E7F322BAB3 | BASKET | DOUBLE_TWIST | BEAD | PLATINUM | PT_950 | 1ct | imgs:3
[02:20:42][PRINCESS] [4845] ? NIV-A3C05DB74F871DAC | BASKET | DOUBLE_TWIST | BEAD | GOLD | KT_10 | 1ct | imgs:3
[02:20:47][PRINCESS] [4846] ? NIV-A3C05DB74F871DAC | BASKET | DOUBLE_TWIST | BEAD | GOLD | KT_10 | 1ct | imgs:3
[02:20:50][PRINCESS] [4847] ? NIV-A3C05DB74F871DAC | BASKET | DOUBLE_TWIST | BEAD | GOLD | KT_10 | 1ct | imgs:3
[02:20:53][PRINCESS] [4848] ? NIV-EB00D7F43FBB1B31 | BASKET | DOUBLE_TWIST | BEAD | GOLD | KT_10 | 1ct | imgs:1
[02:20:57][PRINCESS] [4849] ? NIV-EB00D7F43FBB1B31 | BASKET | DOUBLE_TWIST | BEAD | GOLD | KT_10 | 1ct | imgs:3
[02:21:02][PRINCESS] [4850] ? NIV-EB00D7F43FBB1B31 | BASKET | DOUBLE_TWIST | BEAD | GOLD | KT_10 | 1ct | imgs:3
[02:21:05][PRINCESS] [4851] ? NIV-35D8A970708D729B | BASKET | DOUBLE_TWIST | BEAD | GOLD | KT_10 | 1ct | imgs:3
[02:21:08][PRINCESS] [4852] ? NIV-35D8A970708D729B | BASKET | DOUBLE_TWIST | BEAD | GOLD | KT_10 | 1ct | imgs:3
[02:21:12][PRINCESS] [4853] ? NIV-35D8A970708D729B | BASKET | DOUBLE_TWIST | BEAD | GOLD | KT_10 | 1ct | imgs:3
[02:21:17][PRINCESS] [4854] ? NIV-1BE39E9242178043 | BASKET | DOUBLE_TWIST | BEAD | GOLD | KT_14 | 1ct | imgs:3
[02:21:20][PRINCESS] [4855] ? NIV-1BE39E9242178043 | BASKET | DOUBLE_TWIST | BEAD | GOLD | KT_14 | 1ct | imgs:3
[02:21:26][PRINCESS] [4856] ? NIV-1BE39E9242178043 | BASKET | DOUBLE_TWIST | BEAD | GOLD | KT_14 | 1ct | imgs:3
[02:21:29][PRINCESS] [4857] ? NIV-9832A09254E9D417 | BASKET | DOUBLE_TWIST | BEAD | GOLD | KT_14 | 1ct | imgs:3
[02:21:32][PRINCESS] [4858] ? NIV-9832A09254E9D417 | BASKET | DOUBLE_TWIST | BEAD | GOLD | KT_14 | 1ct | imgs:3
[02:21:36][PRINCESS] [4859] ? NIV-9832A09254E9D417 | BASKET | DOUBLE_TWIST | BEAD | GOLD | KT_14 | 1ct | imgs:3
[02:21:38][PRINCESS] [4860] ? NIV-9A11BC436643CA5D | BASKET | DOUBLE_TWIST | BEAD | GOLD | KT_14 | 1ct | imgs:3
[02:21:42][PRINCESS] [4861] ? NIV-9A11BC436643CA5D | BASKET | DOUBLE_TWIST | BEAD | GOLD | KT_14 | 1ct | imgs:3
[02:21:47][PRINCESS] [4862] ? NIV-9A11BC436643CA5D | BASKET | DOUBLE_TWIST | BEAD | GOLD | KT_14 | 1ct | imgs:3
[02:21:50][PRINCESS] [4863] ? NIV-1A798CC3292303FE | BASKET | DOUBLE_TWIST | BEAD | GOLD | KT_18 | 1ct | imgs:3
[02:21:53][PRINCESS] [4864] ? NIV-1A798CC3292303FE | BASKET | DOUBLE_TWIST | BEAD | GOLD | KT_18 | 1ct | imgs:3
[02:21:57][PRINCESS] [4865] ? NIV-1A798CC3292303FE | BASKET | DOUBLE_TWIST | BEAD | GOLD | KT_18 | 1ct | imgs:3
[02:21:59][PRINCESS] [4866] ? NIV-D8765DAD9F0C8156 | BASKET | DOUBLE_TWIST | BEAD | GOLD | KT_18 | 1ct | imgs:3
[02:22:03][PRINCESS] [4867] ? NIV-D8765DAD9F0C8156 | BASKET | DOUBLE_TWIST | BEAD | GOLD | KT_18 | 1ct | imgs:3
[02:22:08][PRINCESS] [4868] ? NIV-D8765DAD9F0C8156 | BASKET | DOUBLE_TWIST | BEAD | GOLD | KT_18 | 1ct | imgs:3
[02:22:11][PRINCESS] [4869] ? NIV-C180C6EAA0CF540F | BASKET | DOUBLE_TWIST | BEAD | GOLD | KT_18 | 1ct | imgs:3
[02:22:14][PRINCESS] [4870] ? NIV-C180C6EAA0CF540F | BASKET | DOUBLE_TWIST | BEAD | GOLD | KT_18 | 1ct | imgs:3
[02:22:18][PRINCESS] [4871] ? NIV-C180C6EAA0CF540F | BASKET | DOUBLE_TWIST | BEAD | GOLD | KT_18 | 1ct | imgs:3
[02:22:20][PRINCESS] [4872] ? NIV-2036FF85833BE3FC | BASKET | DOUBLE_TWIST | BEAD | PLATINUM | PT_950 | 1ct | imgs:3
[02:22:29][PRINCESS] [4873] ? NIV-DABE55F907ABA599 | BASKET | DOUBLE_TWIST | BEAD | GOLD | KT_10 | 1ct | imgs:3
[02:22:33][PRINCESS] [4874] ? NIV-DABE55F907ABA599 | BASKET | DOUBLE_TWIST | BEAD | GOLD | KT_10 | 1ct | imgs:3
[02:22:38][PRINCESS] [4875] ? NIV-DABE55F907ABA599 | BASKET | DOUBLE_TWIST | BEAD | GOLD | KT_10 | 1ct | imgs:3
[02:22:41][PRINCESS] [4876] ? NIV-84AF95D1C33440EA | BASKET | DOUBLE_TWIST | BEAD | GOLD | KT_10 | 1ct | imgs:3
[02:22:45][PRINCESS] [4877] ? NIV-84AF95D1C33440EA | BASKET | DOUBLE_TWIST | BEAD | GOLD | KT_10 | 1ct | imgs:3
[02:22:50][PRINCESS] [4878] ? NIV-84AF95D1C33440EA | BASKET | DOUBLE_TWIST | BEAD | GOLD | KT_10 | 1ct | imgs:3
[02:22:53][PRINCESS] [4879] ? NIV-6EBA6A67A4124C27 | BASKET | DOUBLE_TWIST | BEAD | GOLD | KT_10 | 1ct | imgs:3
[02:22:56][PRINCESS] [4880] ? NIV-6EBA6A67A4124C27 | BASKET | DOUBLE_TWIST | BEAD | GOLD | KT_10 | 1ct | imgs:3
[02:22:59][PRINCESS] [4881] ? NIV-6EBA6A67A4124C27 | BASKET | DOUBLE_TWIST | BEAD | GOLD | KT_10 | 1ct | imgs:3
[02:23:05][PRINCESS] [4882] ? NIV-458BB788A356DA85 | BASKET | DOUBLE_TWIST | BEAD | GOLD | KT_14 | 1ct | imgs:3
[02:23:08][PRINCESS] [4883] ? NIV-458BB788A356DA85 | BASKET | DOUBLE_TWIST | BEAD | GOLD | KT_14 | 1ct | imgs:3
[02:23:12][PRINCESS] [4884] ? NIV-458BB788A356DA85 | BASKET | DOUBLE_TWIST | BEAD | GOLD | KT_14 | 1ct | imgs:3
[02:23:14][PRINCESS] [4885] ? NIV-C74F7964A26719B3 | BASKET | DOUBLE_TWIST | BEAD | GOLD | KT_14 | 1ct | imgs:3
[02:23:18][PRINCESS] [4886] ? NIV-C74F7964A26719B3 | BASKET | DOUBLE_TWIST | BEAD | GOLD | KT_14 | 1ct | imgs:3
[02:23:23][PRINCESS] [4887] ? NIV-C74F7964A26719B3 | BASKET | DOUBLE_TWIST | BEAD | GOLD | KT_14 | 1ct | imgs:3
[02:23:26][PRINCESS] [4888] ? NIV-2FFAD1E4C07D1C9E | BASKET | DOUBLE_TWIST | BEAD | GOLD | KT_14 | 1ct | imgs:3
[02:23:30][PRINCESS] [4889] ? NIV-2FFAD1E4C07D1C9E | BASKET | DOUBLE_TWIST | BEAD | GOLD | KT_14 | 1ct | imgs:3
[02:23:35][PRINCESS] [4890] ? NIV-2FFAD1E4C07D1C9E | BASKET | DOUBLE_TWIST | BEAD | GOLD | KT_14 | 1ct | imgs:3
[02:23:38][PRINCESS] [4891] ? NIV-AC04057DBB895C0A | BASKET | DOUBLE_TWIST | BEAD | GOLD | KT_18 | 1ct | imgs:3
[02:23:41][PRINCESS] [4892] ? NIV-AC04057DBB895C0A | BASKET | DOUBLE_TWIST | BEAD | GOLD | KT_18 | 1ct | imgs:3
[02:23:44][PRINCESS] [4893] ? NIV-AC04057DBB895C0A | BASKET | DOUBLE_TWIST | BEAD | GOLD | KT_18 | 1ct | imgs:3
[02:23:47][PRINCESS] [4894] ? NIV-B629875CAC4F8CB3 | BASKET | DOUBLE_TWIST | BEAD | GOLD | KT_18 | 1ct | imgs:3
[02:23:50][PRINCESS] [4895] ? NIV-B629875CAC4F8CB3 | BASKET | DOUBLE_TWIST | BEAD | GOLD | KT_18 | 1ct | imgs:3
[02:23:54][PRINCESS] [4896] ? NIV-B629875CAC4F8CB3 | BASKET | DOUBLE_TWIST | BEAD | GOLD | KT_18 | 1ct | imgs:3
[02:23:56][PRINCESS] [4897] ? NIV-3F68AB0C93BD6F90 | BASKET | DOUBLE_TWIST | BEAD | GOLD | KT_18 | 1ct | imgs:3
[02:23:59][PRINCESS] [4898] ? NIV-3F68AB0C93BD6F90 | BASKET | DOUBLE_TWIST | BEAD | GOLD | KT_18 | 1ct | imgs:3
[02:24:02][PRINCESS] [4899] ? NIV-3F68AB0C93BD6F90 | BASKET | DOUBLE_TWIST | BEAD | GOLD | KT_18 | 1ct | imgs:3
[02:24:05][PRINCESS] [4900] ? NIV-2D006DFC514CA490 | BASKET | DOUBLE_TWIST | BEAD | PLATINUM | PT_950 | 1ct | imgs:3
[02:24:11][PRINCESS] [4901] ? NIV-05ADA5C3ADF676BE | BASKET | DOUBLE_TWIST | BEAD | GOLD | KT_10 | 1ct | imgs:3
[02:24:14][PRINCESS] [4902] ? NIV-05ADA5C3ADF676BE | BASKET | DOUBLE_TWIST | BEAD | GOLD | KT_10 | 1ct | imgs:3
[02:24:17][PRINCESS] [4903] ? NIV-05ADA5C3ADF676BE | BASKET | DOUBLE_TWIST | BEAD | GOLD | KT_10 | 1ct | imgs:3
[02:24:20][PRINCESS] [4904] ? NIV-D9E9B74C75AE394C | BASKET | DOUBLE_TWIST | BEAD | GOLD | KT_10 | 1ct | imgs:3
[02:24:23][PRINCESS] [4905] ? NIV-D9E9B74C75AE394C | BASKET | DOUBLE_TWIST | BEAD | GOLD | KT_10 | 1ct | imgs:3
[02:24:27][PRINCESS] [4906] ? NIV-D9E9B74C75AE394C | BASKET | DOUBLE_TWIST | BEAD | GOLD | KT_10 | 1ct | imgs:3
[02:24:29][PRINCESS] [4907] ? NIV-C7FD373D9D26882B | BASKET | DOUBLE_TWIST | BEAD | GOLD | KT_10 | 1ct | imgs:3
[02:24:33][PRINCESS] [4908] ? NIV-C7FD373D9D26882B | BASKET | DOUBLE_TWIST | BEAD | GOLD | KT_10 | 1ct | imgs:3
[02:24:36][PRINCESS] [4909] ? NIV-C7FD373D9D26882B | BASKET | DOUBLE_TWIST | BEAD | GOLD | KT_10 | 1ct | imgs:3
[02:24:41][PRINCESS] [4910] ? NIV-26CD4D5984D542E1 | BASKET | DOUBLE_TWIST | BEAD | GOLD | KT_14 | 1ct | imgs:3
[02:24:47][PRINCESS] [4911] ? NIV-26CD4D5984D542E1 | BASKET | DOUBLE_TWIST | BEAD | GOLD | KT_14 | 1ct | imgs:3
[02:24:53][PRINCESS] [4912] ? NIV-26CD4D5984D542E1 | BASKET | DOUBLE_TWIST | BEAD | GOLD | KT_14 | 1ct | imgs:3
[02:24:56][PRINCESS] [4913] ? NIV-D35780C9AA635105 | BASKET | DOUBLE_TWIST | BEAD | GOLD | KT_14 | 1ct | imgs:3
[02:24:59][PRINCESS] [4914] ? NIV-D35780C9AA635105 | BASKET | DOUBLE_TWIST | BEAD | GOLD | KT_14 | 1ct | imgs:3
[02:25:02][PRINCESS] [4915] ? NIV-D35780C9AA635105 | BASKET | DOUBLE_TWIST | BEAD | GOLD | KT_14 | 1ct | imgs:3
[02:25:05][PRINCESS] [4916] ? NIV-3D90B2EE3D244A70 | BASKET | DOUBLE_TWIST | BEAD | GOLD | KT_14 | 1ct | imgs:3
[02:25:08][PRINCESS] [4917] ? NIV-3D90B2EE3D244A70 | BASKET | DOUBLE_TWIST | BEAD | GOLD | KT_14 | 1ct | imgs:3
[02:25:12][PRINCESS] [4918] ? NIV-3D90B2EE3D244A70 | BASKET | DOUBLE_TWIST | BEAD | GOLD | KT_14 | 1ct | imgs:3
[02:25:15][PRINCESS] [4919] ? NIV-EACE23B1EFE9CCCA | BASKET | DOUBLE_TWIST | BEAD | GOLD | KT_18 | 1ct | imgs:3
[02:25:20][PRINCESS] [4920] ? NIV-EACE23B1EFE9CCCA | BASKET | DOUBLE_TWIST | BEAD | GOLD | KT_18 | 1ct | imgs:3
[02:25:23][PRINCESS] [4921] ? NIV-EACE23B1EFE9CCCA | BASKET | DOUBLE_TWIST | BEAD | GOLD | KT_18 | 1ct | imgs:3
[02:25:26][PRINCESS] [4922] ? NIV-7BCE80CC9759EB69 | BASKET | DOUBLE_TWIST | BEAD | GOLD | KT_18 | 1ct | imgs:3
[02:25:29][PRINCESS] [4923] ? NIV-7BCE80CC9759EB69 | BASKET | DOUBLE_TWIST | BEAD | GOLD | KT_18 | 1ct | imgs:3
[02:25:35][PRINCESS] [4924] ? NIV-7BCE80CC9759EB69 | BASKET | DOUBLE_TWIST | BEAD | GOLD | KT_18 | 1ct | imgs:3
[02:25:38][PRINCESS] [4925] ? NIV-E292C9E61D114F8B | BASKET | DOUBLE_TWIST | BEAD | GOLD | KT_18 | 1ct | imgs:3
[02:25:41][PRINCESS] [4926] ? NIV-E292C9E61D114F8B | BASKET | DOUBLE_TWIST | BEAD | GOLD | KT_18 | 1ct | imgs:3
[02:25:47][PRINCESS] [4927] ? NIV-E292C9E61D114F8B | BASKET | DOUBLE_TWIST | BEAD | GOLD | KT_18 | 1ct | imgs:3
[02:25:50][PRINCESS] [4928] ? NIV-3D3F3BECE4322C7B | BASKET | DOUBLE_TWIST | BEAD | PLATINUM | PT_950 | 1ct | imgs:3
[02:25:56][PRINCESS] [4929] ? NIV-E73C035DA49DE9C3 | BASKET | DOUBLE_TWIST | BEAD | GOLD | KT_10 | 1ct | imgs:3
[02:26:00][PRINCESS] [4930] ? NIV-E73C035DA49DE9C3 | BASKET | DOUBLE_TWIST | BEAD | GOLD | KT_10 | 1ct | imgs:3
[02:26:05][PRINCESS] [4931] ? NIV-E73C035DA49DE9C3 | BASKET | DOUBLE_TWIST | BEAD | GOLD | KT_10 | 1ct | imgs:3
[02:26:08][PRINCESS] [4932] ? NIV-E8D654DD3775B388 | BASKET | DOUBLE_TWIST | BEAD | GOLD | KT_10 | 1ct | imgs:3
[02:26:14][PRINCESS] [4933] ? NIV-E8D654DD3775B388 | BASKET | DOUBLE_TWIST | BEAD | GOLD | KT_10 | 1ct | imgs:3
[02:26:17][PRINCESS] [4934] ? NIV-E8D654DD3775B388 | BASKET | DOUBLE_TWIST | BEAD | GOLD | KT_10 | 1ct | imgs:3
[02:26:20][PRINCESS] [4935] ? NIV-9A4AF05A98FFCE8A | BASKET | DOUBLE_TWIST | BEAD | GOLD | KT_10 | 1ct | imgs:3
[02:26:26][PRINCESS] [4936] ? NIV-9A4AF05A98FFCE8A | BASKET | DOUBLE_TWIST | BEAD | GOLD | KT_10 | 1ct | imgs:3
[02:26:29][PRINCESS] [4937] ? NIV-9A4AF05A98FFCE8A | BASKET | DOUBLE_TWIST | BEAD | GOLD | KT_10 | 1ct | imgs:3
[02:26:34][PRINCESS] [4938] ? NIV-A67593B892D13C22 | BASKET | DOUBLE_TWIST | BEAD | GOLD | KT_14 | 1ct | imgs:1
[02:26:38][PRINCESS] [4939] ? NIV-A67593B892D13C22 | BASKET | DOUBLE_TWIST | BEAD | GOLD | KT_14 | 1ct | imgs:3
[02:26:41][PRINCESS] [4940] ? NIV-A67593B892D13C22 | BASKET | DOUBLE_TWIST | BEAD | GOLD | KT_14 | 1ct | imgs:3
[02:26:44][PRINCESS] [4941] ? NIV-12345923D1D322C3 | BASKET | DOUBLE_TWIST | BEAD | GOLD | KT_14 | 1ct | imgs:3
[02:26:48][PRINCESS] [4942] ? NIV-12345923D1D322C3 | BASKET | DOUBLE_TWIST | BEAD | GOLD | KT_14 | 1ct | imgs:3
[02:26:51][PRINCESS] [4943] ? NIV-12345923D1D322C3 | BASKET | DOUBLE_TWIST | BEAD | GOLD | KT_14 | 1ct | imgs:3
[02:26:54][PRINCESS] [4944] ? NIV-E775533E060BEE4E | BASKET | DOUBLE_TWIST | BEAD | GOLD | KT_14 | 1ct | imgs:3
[02:26:59][PRINCESS] [4945] ? NIV-E775533E060BEE4E | BASKET | DOUBLE_TWIST | BEAD | GOLD | KT_14 | 1ct | imgs:3
[02:27:02][PRINCESS] [4946] ? NIV-E775533E060BEE4E | BASKET | DOUBLE_TWIST | BEAD | GOLD | KT_14 | 1ct | imgs:3
[02:27:05][PRINCESS] [4947] ? NIV-FA2B59172D4D94DE | BASKET | DOUBLE_TWIST | BEAD | GOLD | KT_18 | 1ct | imgs:3
[02:27:08][PRINCESS] [4948] ? NIV-FA2B59172D4D94DE | BASKET | DOUBLE_TWIST | BEAD | GOLD | KT_18 | 1ct | imgs:3
[02:27:12][PRINCESS] [4949] ? NIV-FA2B59172D4D94DE | BASKET | DOUBLE_TWIST | BEAD | GOLD | KT_18 | 1ct | imgs:3
[02:27:14][PRINCESS] [4950] ? NIV-C9AE63387F67044B | BASKET | DOUBLE_TWIST | BEAD | GOLD | KT_18 | 1ct | imgs:3
[02:27:18][PRINCESS] [4951] ? NIV-C9AE63387F67044B | BASKET | DOUBLE_TWIST | BEAD | GOLD | KT_18 | 1ct | imgs:3
[02:27:23][PRINCESS] [4952] ? NIV-C9AE63387F67044B | BASKET | DOUBLE_TWIST | BEAD | GOLD | KT_18 | 1ct | imgs:3
[02:27:27][PRINCESS] [4953] ? NIV-9FF22B406668A65C | BASKET | DOUBLE_TWIST | BEAD | GOLD | KT_18 | 1ct | imgs:3
[02:27:32][PRINCESS] [4954] ? NIV-9FF22B406668A65C | BASKET | DOUBLE_TWIST | BEAD | GOLD | KT_18 | 1ct | imgs:3
[02:27:35][PRINCESS] [4955] ? NIV-9FF22B406668A65C | BASKET | DOUBLE_TWIST | BEAD | GOLD | KT_18 | 1ct | imgs:3
[02:27:38][PRINCESS] [4956] ? NIV-7FA486B0E40A0F5E | BASKET | DOUBLE_TWIST | BEAD | PLATINUM | PT_950 | 1ct | imgs:3
[02:27:44][PRINCESS] [4957] ? NIV-81C7A7E5105224A1 | BASKET | DOUBLE_TWIST | BEAD | GOLD | KT_10 | 1ct | imgs:3
[02:27:48][PRINCESS] [4958] ? NIV-81C7A7E5105224A1 | BASKET | DOUBLE_TWIST | BEAD | GOLD | KT_10 | 1ct | imgs:3
[02:27:53][PRINCESS] [4959] ? NIV-81C7A7E5105224A1 | BASKET | DOUBLE_TWIST | BEAD | GOLD | KT_10 | 1ct | imgs:3
[02:27:56][PRINCESS] [4960] ? NIV-8CD65ED5984A84A8 | BASKET | DOUBLE_TWIST | BEAD | GOLD | KT_10 | 1ct | imgs:3
[02:28:00][PRINCESS] [4961] ? NIV-8CD65ED5984A84A8 | BASKET | DOUBLE_TWIST | BEAD | GOLD | KT_10 | 1ct | imgs:3
[02:28:05][PRINCESS] [4962] ? NIV-8CD65ED5984A84A8 | BASKET | DOUBLE_TWIST | BEAD | GOLD | KT_10 | 1ct | imgs:3
[02:28:08][PRINCESS] [4963] ? NIV-21D7A66EBA223F36 | BASKET | DOUBLE_TWIST | BEAD | GOLD | KT_10 | 1ct | imgs:3
[02:28:12][PRINCESS] [4964] ? NIV-21D7A66EBA223F36 | BASKET | DOUBLE_TWIST | BEAD | GOLD | KT_10 | 1ct | imgs:3
[02:28:17][PRINCESS] [4965] ? NIV-21D7A66EBA223F36 | BASKET | DOUBLE_TWIST | BEAD | GOLD | KT_10 | 1ct | imgs:3
[02:28:28][PRINCESS] [4966] ? NIV-251B52EF3451897B | BASKET | DOUBLE_TWIST | BEAD | GOLD | KT_14 | 1ct | imgs:3
[02:28:32][PRINCESS] [4967] ? NIV-251B52EF3451897B | BASKET | DOUBLE_TWIST | BEAD | GOLD | KT_14 | 1ct | imgs:3
[02:28:35][PRINCESS] [4968] ? NIV-251B52EF3451897B | BASKET | DOUBLE_TWIST | BEAD | GOLD | KT_14 | 1ct | imgs:3
[02:28:38][PRINCESS] [4969] ? NIV-717F071733393E05 | BASKET | DOUBLE_TWIST | BEAD | GOLD | KT_14 | 1ct | imgs:3
[02:28:42][PRINCESS] [4970] ? NIV-717F071733393E05 | BASKET | DOUBLE_TWIST | BEAD | GOLD | KT_14 | 1ct | imgs:3
[02:28:47][PRINCESS] [4971] ? NIV-717F071733393E05 | BASKET | DOUBLE_TWIST | BEAD | GOLD | KT_14 | 1ct | imgs:3
[02:28:50][PRINCESS] [4972] ? NIV-C766CC13DDE47FE1 | BASKET | DOUBLE_TWIST | BEAD | GOLD | KT_14 | 1ct | imgs:3
[02:28:54][PRINCESS] [4973] ? NIV-C766CC13DDE47FE1 | BASKET | DOUBLE_TWIST | BEAD | GOLD | KT_14 | 1ct | imgs:3
[02:28:59][PRINCESS] [4974] ? NIV-C766CC13DDE47FE1 | BASKET | DOUBLE_TWIST | BEAD | GOLD | KT_14 | 1ct | imgs:3
[02:29:02][PRINCESS] [4975] ? NIV-84C8F3DE4D5B5626 | BASKET | DOUBLE_TWIST | BEAD | GOLD | KT_18 | 1ct | imgs:3
[02:29:05][PRINCESS] [4976] ? NIV-84C8F3DE4D5B5626 | BASKET | DOUBLE_TWIST | BEAD | GOLD | KT_18 | 1ct | imgs:3
[02:29:09][PRINCESS] [4977] ? NIV-84C8F3DE4D5B5626 | BASKET | DOUBLE_TWIST | BEAD | GOLD | KT_18 | 1ct | imgs:3
[02:29:11][PRINCESS] [4978] ? NIV-5C33FD36DDC0E960 | BASKET | DOUBLE_TWIST | BEAD | GOLD | KT_18 | 1ct | imgs:3
[02:29:14][PRINCESS] [4979] ? NIV-5C33FD36DDC0E960 | BASKET | DOUBLE_TWIST | BEAD | GOLD | KT_18 | 1ct | imgs:3
[02:29:18][PRINCESS] [4980] ? NIV-5C33FD36DDC0E960 | BASKET | DOUBLE_TWIST | BEAD | GOLD | KT_18 | 1ct | imgs:3
[02:29:20][PRINCESS] [4981] ? NIV-81A9A589DA7DAE0A | BASKET | DOUBLE_TWIST | BEAD | GOLD | KT_18 | 1ct | imgs:3
[02:29:23][PRINCESS] [4982] ? NIV-81A9A589DA7DAE0A | BASKET | DOUBLE_TWIST | BEAD | GOLD | KT_18 | 1ct | imgs:3
[02:29:26][PRINCESS] [4983] ? NIV-81A9A589DA7DAE0A | BASKET | DOUBLE_TWIST | BEAD | GOLD | KT_18 | 1ct | imgs:3
[02:29:29][PRINCESS] [4984] ? NIV-655D42BCBFA3AC56 | BASKET | DOUBLE_TWIST | BEAD | PLATINUM | PT_950 | 1ct | imgs:3
[02:29:35][PRINCESS] [4985] ? NIV-D1B197CA66269A38 | BASKET | DOUBLE_TWIST | BEAD | GOLD | KT_10 | 1ct | imgs:3
[02:29:38][PRINCESS] [4986] ? NIV-D1B197CA66269A38 | BASKET | DOUBLE_TWIST | BEAD | GOLD | KT_10 | 1ct | imgs:3
[02:29:44][PRINCESS] [4987] ? NIV-D1B197CA66269A38 | BASKET | DOUBLE_TWIST | BEAD | GOLD | KT_10 | 1ct | imgs:3
[02:29:47][PRINCESS] [4988] ? NIV-834251F956B163C1 | BASKET | DOUBLE_TWIST | BEAD | GOLD | KT_10 | 1ct | imgs:3
[02:29:50][PRINCESS] [4989] ? NIV-834251F956B163C1 | BASKET | DOUBLE_TWIST | BEAD | GOLD | KT_10 | 1ct | imgs:3
[02:29:53][PRINCESS] [4990] ? NIV-834251F956B163C1 | BASKET | DOUBLE_TWIST | BEAD | GOLD | KT_10 | 1ct | imgs:3
[02:29:56][PRINCESS] [4991] ? NIV-AAF0A6093F24F887 | BASKET | DOUBLE_TWIST | BEAD | GOLD | KT_10 | 1ct | imgs:3
[02:29:59][PRINCESS] [4992] ? NIV-AAF0A6093F24F887 | BASKET | DOUBLE_TWIST | BEAD | GOLD | KT_10 | 1ct | imgs:3
[02:30:05][PRINCESS] [4993] ? NIV-AAF0A6093F24F887 | BASKET | DOUBLE_TWIST | BEAD | GOLD | KT_10 | 1ct | imgs:3
[02:30:08][PRINCESS] [4994] ? NIV-C988DD03BFC1D67D | BASKET | DOUBLE_TWIST | BEAD | GOLD | KT_14 | 1ct | imgs:1
[02:30:14][PRINCESS] [4995] ? NIV-C988DD03BFC1D67D | BASKET | DOUBLE_TWIST | BEAD | GOLD | KT_14 | 1ct | imgs:3
[02:30:20][PRINCESS] [4996] ? NIV-C988DD03BFC1D67D | BASKET | DOUBLE_TWIST | BEAD | GOLD | KT_14 | 1ct | imgs:3
[02:30:23][PRINCESS] [4997] ? NIV-4C0EEDAA3D0EF1E7 | BASKET | DOUBLE_TWIST | BEAD | GOLD | KT_14 | 1ct | imgs:3
[02:30:26][PRINCESS] [4998] ? NIV-4C0EEDAA3D0EF1E7 | BASKET | DOUBLE_TWIST | BEAD | GOLD | KT_14 | 1ct | imgs:3
[02:30:32][PRINCESS] [4999] ? NIV-4C0EEDAA3D0EF1E7 | BASKET | DOUBLE_TWIST | BEAD | GOLD | KT_14 | 1ct | imgs:3
[02:30:35][PRINCESS] [5000] ? NIV-4A738B0A37D31A9C | BASKET | DOUBLE_TWIST | BEAD | GOLD | KT_14 | 1ct | imgs:3
[02:30:38][PRINCESS] [5001] ? NIV-4A738B0A37D31A9C | BASKET | DOUBLE_TWIST | BEAD | GOLD | KT_14 | 1ct | imgs:3
[02:30:42][PRINCESS] [5002] ? NIV-4A738B0A37D31A9C | BASKET | DOUBLE_TWIST | BEAD | GOLD | KT_14 | 1ct | imgs:3
[02:30:47][PRINCESS] [5003] ? NIV-315E83F6A5B871FB | BASKET | DOUBLE_TWIST | BEAD | GOLD | KT_18 | 1ct | imgs:3
[02:30:51][PRINCESS] [5004] ? NIV-315E83F6A5B871FB | BASKET | DOUBLE_TWIST | BEAD | GOLD | KT_18 | 1ct | imgs:3
[02:30:56][PRINCESS] [5005] ? NIV-315E83F6A5B871FB | BASKET | DOUBLE_TWIST | BEAD | GOLD | KT_18 | 1ct | imgs:3
[02:30:59][PRINCESS] [5006] ? NIV-42DC6AA7308757DD | BASKET | DOUBLE_TWIST | BEAD | GOLD | KT_18 | 1ct | imgs:3
[02:31:03][PRINCESS] [5007] ? NIV-42DC6AA7308757DD | BASKET | DOUBLE_TWIST | BEAD | GOLD | KT_18 | 1ct | imgs:3
[02:31:08][PRINCESS] [5008] ? NIV-42DC6AA7308757DD | BASKET | DOUBLE_TWIST | BEAD | GOLD | KT_18 | 1ct | imgs:3
[02:31:11][PRINCESS] [5009] ? NIV-381316350C9D99CC | BASKET | DOUBLE_TWIST | BEAD | GOLD | KT_18 | 1ct | imgs:3
[02:31:17][PRINCESS] [5010] ? NIV-381316350C9D99CC | BASKET | DOUBLE_TWIST | BEAD | GOLD | KT_18 | 1ct | imgs:3
[02:31:21][PRINCESS] [5011] ? NIV-381316350C9D99CC | BASKET | DOUBLE_TWIST | BEAD | GOLD | KT_18 | 1ct | imgs:3
[02:31:23][PRINCESS] [5012] ? NIV-B37078D342F6F383 | BASKET | DOUBLE_TWIST | BEAD | PLATINUM | PT_950 | 1ct | imgs:3
[02:31:29][PRINCESS] [5013] ? NIV-69B9E7A98EAA5D1D | BASKET | DOUBLE_TWIST | BEAD | GOLD | KT_10 | 1ct | imgs:3
[02:31:35][PRINCESS] [5014] ? NIV-69B9E7A98EAA5D1D | BASKET | DOUBLE_TWIST | BEAD | GOLD | KT_10 | 1ct | imgs:3
[02:31:38][PRINCESS] [5015] ? NIV-69B9E7A98EAA5D1D | BASKET | DOUBLE_TWIST | BEAD | GOLD | KT_10 | 1ct | imgs:3
[02:31:41][PRINCESS] [5016] ? NIV-564B436B309B91EB | BASKET | DOUBLE_TWIST | BEAD | GOLD | KT_10 | 1ct | imgs:3
[02:31:45][PRINCESS] [5017] ? NIV-564B436B309B91EB | BASKET | DOUBLE_TWIST | BEAD | GOLD | KT_10 | 1ct | imgs:3
[02:31:50][PRINCESS] [5018] ? NIV-564B436B309B91EB | BASKET | DOUBLE_TWIST | BEAD | GOLD | KT_10 | 1ct | imgs:3
[02:31:53][PRINCESS] [5019] ? NIV-59B4B242676FF730 | BASKET | DOUBLE_TWIST | BEAD | GOLD | KT_10 | 1ct | imgs:3
[02:31:56][PRINCESS] [5020] ? NIV-59B4B242676FF730 | BASKET | DOUBLE_TWIST | BEAD | GOLD | KT_10 | 1ct | imgs:3
[02:32:02][PRINCESS] [5021] ? NIV-59B4B242676FF730 | BASKET | DOUBLE_TWIST | BEAD | GOLD | KT_10 | 1ct | imgs:3
[02:32:05][PRINCESS] [5022] ? NIV-084571159C30BEA5 | BASKET | DOUBLE_TWIST | BEAD | GOLD | KT_14 | 1ct | imgs:3
[02:32:08][PRINCESS] [5023] ? NIV-084571159C30BEA5 | BASKET | DOUBLE_TWIST | BEAD | GOLD | KT_14 | 1ct | imgs:3
[02:32:14][PRINCESS] [5024] ? NIV-084571159C30BEA5 | BASKET | DOUBLE_TWIST | BEAD | GOLD | KT_14 | 1ct | imgs:3
[02:32:17][PRINCESS] [5025] ? NIV-DB343D0BBE27DE23 | BASKET | DOUBLE_TWIST | BEAD | GOLD | KT_14 | 1ct | imgs:3
[02:32:20][PRINCESS] [5026] ? NIV-DB343D0BBE27DE23 | BASKET | DOUBLE_TWIST | BEAD | GOLD | KT_14 | 1ct | imgs:3
[02:32:23][PRINCESS] [5027] ? NIV-DB343D0BBE27DE23 | BASKET | DOUBLE_TWIST | BEAD | GOLD | KT_14 | 1ct | imgs:3
[02:32:26][PRINCESS] [5028] ? NIV-43FDB2891925E22E | BASKET | DOUBLE_TWIST | BEAD | GOLD | KT_14 | 1ct | imgs:3
[02:32:30][PRINCESS] [5029] ? NIV-43FDB2891925E22E | BASKET | DOUBLE_TWIST | BEAD | GOLD | KT_14 | 1ct | imgs:3
[02:32:35][PRINCESS] [5030] ? NIV-43FDB2891925E22E | BASKET | DOUBLE_TWIST | BEAD | GOLD | KT_14 | 1ct | imgs:3
[02:32:41][PRINCESS] [5031] ? NIV-ECF257ABE811B148 | BASKET | DOUBLE_TWIST | BEAD | GOLD | KT_18 | 1ct | imgs:3
[02:32:44][PRINCESS] [5032] ? NIV-ECF257ABE811B148 | BASKET | DOUBLE_TWIST | BEAD | GOLD | KT_18 | 1ct | imgs:3
[02:32:48][PRINCESS] [5033] ? NIV-ECF257ABE811B148 | BASKET | DOUBLE_TWIST | BEAD | GOLD | KT_18 | 1ct | imgs:3
[02:32:50][PRINCESS] [5034] ? NIV-8D421BC0D9E3E5B8 | BASKET | DOUBLE_TWIST | BEAD | GOLD | KT_18 | 1ct | imgs:3
[02:32:53][PRINCESS] [5035] ? NIV-8D421BC0D9E3E5B8 | BASKET | DOUBLE_TWIST | BEAD | GOLD | KT_18 | 1ct | imgs:3
[02:32:56][PRINCESS] [5036] ? NIV-8D421BC0D9E3E5B8 | BASKET | DOUBLE_TWIST | BEAD | GOLD | KT_18 | 1ct | imgs:3
[02:32:59][PRINCESS] [5037] ? NIV-1C14814D416C05C2 | BASKET | DOUBLE_TWIST | BEAD | GOLD | KT_18 | 1ct | imgs:3
[02:33:02][PRINCESS] [5038] ? NIV-1C14814D416C05C2 | BASKET | DOUBLE_TWIST | BEAD | GOLD | KT_18 | 1ct | imgs:3
[02:33:06][PRINCESS] [5039] ? NIV-1C14814D416C05C2 | BASKET | DOUBLE_TWIST | BEAD | GOLD | KT_18 | 1ct | imgs:3
[02:33:08][PRINCESS] [5040] ? NIV-54545ECE56C030C7 | BASKET | DOUBLE_TWIST | BEAD | PLATINUM | PT_950 | 1ct | imgs:3
[02:33:14][PRINCESS] [5041] ? NIV-4A903D5E1D6DCB68 | BASKET | DOUBLE_TWIST | BEAD | GOLD | KT_10 | 1ct | imgs:3
[02:33:17][PRINCESS] [5042] ? NIV-4A903D5E1D6DCB68 | BASKET | DOUBLE_TWIST | BEAD | GOLD | KT_10 | 1ct | imgs:3
[02:33:21][PRINCESS] [5043] ? NIV-4A903D5E1D6DCB68 | BASKET | DOUBLE_TWIST | BEAD | GOLD | KT_10 | 1ct | imgs:3
[02:33:23][PRINCESS] [5044] ? NIV-F183E43EB12BD46B | BASKET | DOUBLE_TWIST | BEAD | GOLD | KT_10 | 1ct | imgs:3
[02:33:26][PRINCESS] [5045] ? NIV-F183E43EB12BD46B | BASKET | DOUBLE_TWIST | BEAD | GOLD | KT_10 | 1ct | imgs:3
[02:33:30][PRINCESS] [5046] ? NIV-F183E43EB12BD46B | BASKET | DOUBLE_TWIST | BEAD | GOLD | KT_10 | 1ct | imgs:3
[02:33:32][PRINCESS] [5047] ? NIV-549ED1555BF532CF | BASKET | DOUBLE_TWIST | BEAD | GOLD | KT_10 | 1ct | imgs:3
[02:33:36][PRINCESS] [5048] ? NIV-549ED1555BF532CF | BASKET | DOUBLE_TWIST | BEAD | GOLD | KT_10 | 1ct | imgs:3
[02:33:41][PRINCESS] [5049] ? NIV-549ED1555BF532CF | BASKET | DOUBLE_TWIST | BEAD | GOLD | KT_10 | 1ct | imgs:3
[02:33:44][PRINCESS] [5050] ? NIV-65F0C4CE9411533D | BASKET | DOUBLE_TWIST | BEAD | GOLD | KT_14 | 1ct | imgs:1
[02:33:50][PRINCESS] [5051] ? NIV-65F0C4CE9411533D | BASKET | DOUBLE_TWIST | BEAD | GOLD | KT_14 | 1ct | imgs:3
[02:33:54][PRINCESS] [5052] ? NIV-65F0C4CE9411533D | BASKET | DOUBLE_TWIST | BEAD | GOLD | KT_14 | 1ct | imgs:3
[02:33:56][PRINCESS] [5053] ? NIV-C50A5C169EAE4481 | BASKET | DOUBLE_TWIST | BEAD | GOLD | KT_14 | 1ct | imgs:3
[02:34:00][PRINCESS] [5054] ? NIV-C50A5C169EAE4481 | BASKET | DOUBLE_TWIST | BEAD | GOLD | KT_14 | 1ct | imgs:3
[02:34:05][PRINCESS] [5055] ? NIV-C50A5C169EAE4481 | BASKET | DOUBLE_TWIST | BEAD | GOLD | KT_14 | 1ct | imgs:3
[02:34:08][PRINCESS] [5056] ? NIV-1BE2E28AA129BF9C | BASKET | DOUBLE_TWIST | BEAD | GOLD | KT_14 | 1ct | imgs:3
[02:34:14][PRINCESS] [5057] ? NIV-1BE2E28AA129BF9C | BASKET | DOUBLE_TWIST | BEAD | GOLD | KT_14 | 1ct | imgs:3
[02:34:20][PRINCESS] [5058] ? NIV-1BE2E28AA129BF9C | BASKET | DOUBLE_TWIST | BEAD | GOLD | KT_14 | 1ct | imgs:3
[02:34:25][PRINCESS] [5059] ? NIV-C259FFF4BA190594 | BASKET | DOUBLE_TWIST | BEAD | GOLD | KT_18 | 1ct | imgs:3
[02:34:29][PRINCESS] [5060] ? NIV-C259FFF4BA190594 | BASKET | DOUBLE_TWIST | BEAD | GOLD | KT_18 | 1ct | imgs:3
[02:34:33][PRINCESS] [5061] ? NIV-C259FFF4BA190594 | BASKET | DOUBLE_TWIST | BEAD | GOLD | KT_18 | 1ct | imgs:3
[02:34:35][PRINCESS] [5062] ? NIV-1B9BCDDE5F30FD77 | BASKET | DOUBLE_TWIST | BEAD | GOLD | KT_18 | 1ct | imgs:3
[02:34:38][PRINCESS] [5063] ? NIV-1B9BCDDE5F30FD77 | BASKET | DOUBLE_TWIST | BEAD | GOLD | KT_18 | 1ct | imgs:3
[02:34:44][PRINCESS] [5064] ? NIV-1B9BCDDE5F30FD77 | BASKET | DOUBLE_TWIST | BEAD | GOLD | KT_18 | 1ct | imgs:3
[02:34:47][PRINCESS] [5065] ? NIV-71F96031FC420539 | BASKET | DOUBLE_TWIST | BEAD | GOLD | KT_18 | 1ct | imgs:3
[02:34:50][PRINCESS] [5066] ? NIV-71F96031FC420539 | BASKET | DOUBLE_TWIST | BEAD | GOLD | KT_18 | 1ct | imgs:3
[02:34:54][PRINCESS] [5067] ? NIV-71F96031FC420539 | BASKET | DOUBLE_TWIST | BEAD | GOLD | KT_18 | 1ct | imgs:3
[02:34:56][PRINCESS] [5068] ? NIV-4DDC020E6236CCF1 | BASKET | DOUBLE_TWIST | BEAD | PLATINUM | PT_950 | 1ct | imgs:3
[02:35:02][PRINCESS] [5069] ? NIV-71F968D66C0AB2BE | BASKET | DOUBLE_TWIST | BEAD | GOLD | KT_10 | 1ct | imgs:3
[02:35:06][PRINCESS] [5070] ? NIV-71F968D66C0AB2BE | BASKET | DOUBLE_TWIST | BEAD | GOLD | KT_10 | 1ct | imgs:3
[02:35:11][PRINCESS] [5071] ? NIV-71F968D66C0AB2BE | BASKET | DOUBLE_TWIST | BEAD | GOLD | KT_10 | 1ct | imgs:3
[02:35:14][PRINCESS] [5072] ? NIV-E369EB7C909AFC02 | BASKET | DOUBLE_TWIST | BEAD | GOLD | KT_10 | 1ct | imgs:3
[02:35:18][PRINCESS] [5073] ? NIV-E369EB7C909AFC02 | BASKET | DOUBLE_TWIST | BEAD | GOLD | KT_10 | 1ct | imgs:3
[02:35:23][PRINCESS] [5074] ? NIV-E369EB7C909AFC02 | BASKET | DOUBLE_TWIST | BEAD | GOLD | KT_10 | 1ct | imgs:3
[02:35:26][PRINCESS] [5075] ? NIV-0398BADC62B2D4C3 | BASKET | DOUBLE_TWIST | BEAD | GOLD | KT_10 | 1ct | imgs:3
[02:35:30][PRINCESS] [5076] ? NIV-0398BADC62B2D4C3 | BASKET | DOUBLE_TWIST | BEAD | GOLD | KT_10 | 1ct | imgs:3
[02:35:35][PRINCESS] [5077] ? NIV-0398BADC62B2D4C3 | BASKET | DOUBLE_TWIST | BEAD | GOLD | KT_10 | 1ct | imgs:3
[02:35:38][PRINCESS] [5078] ? NIV-052E0451DD46B5B0 | BASKET | DOUBLE_TWIST | BEAD | GOLD | KT_14 | 1ct | imgs:1
[02:35:44][PRINCESS] [5079] ? NIV-052E0451DD46B5B0 | BASKET | DOUBLE_TWIST | BEAD | GOLD | KT_14 | 1ct | imgs:3
[02:35:47][PRINCESS] [5080] ? NIV-052E0451DD46B5B0 | BASKET | DOUBLE_TWIST | BEAD | GOLD | KT_14 | 1ct | imgs:3
[02:35:50][PRINCESS] [5081] ? NIV-C28D7AF4BDD154F0 | BASKET | DOUBLE_TWIST | BEAD | GOLD | KT_14 | 1ct | imgs:3
[02:35:54][PRINCESS] [5082] ? NIV-C28D7AF4BDD154F0 | BASKET | DOUBLE_TWIST | BEAD | GOLD | KT_14 | 1ct | imgs:3
[02:35:59][PRINCESS] [5083] ? NIV-C28D7AF4BDD154F0 | BASKET | DOUBLE_TWIST | BEAD | GOLD | KT_14 | 1ct | imgs:3
[02:36:02][PRINCESS] [5084] ? NIV-3D4B7E245A0AB442 | BASKET | DOUBLE_TWIST | BEAD | GOLD | KT_14 | 1ct | imgs:3
[02:36:06][PRINCESS] [5085] ? NIV-3D4B7E245A0AB442 | BASKET | DOUBLE_TWIST | BEAD | GOLD | KT_14 | 1ct | imgs:3
[02:36:09][PRINCESS] [5086] ? NIV-3D4B7E245A0AB442 | BASKET | DOUBLE_TWIST | BEAD | GOLD | KT_14 | 1ct | imgs:3
[02:36:14][PRINCESS] [5087] ? NIV-336F62D51AB84DBF | BASKET | DOUBLE_TWIST | BEAD | GOLD | KT_18 | 1ct | imgs:3
[02:36:17][PRINCESS] [5088] ? NIV-336F62D51AB84DBF | BASKET | DOUBLE_TWIST | BEAD | GOLD | KT_18 | 1ct | imgs:3
[02:36:20][PRINCESS] [5089] ? NIV-336F62D51AB84DBF | BASKET | DOUBLE_TWIST | BEAD | GOLD | KT_18 | 1ct | imgs:3
[02:36:23][PRINCESS] [5090] ? NIV-DD8B4E8207803D99 | BASKET | DOUBLE_TWIST | BEAD | GOLD | KT_18 | 1ct | imgs:3
[02:36:26][PRINCESS] [5091] ? NIV-DD8B4E8207803D99 | BASKET | DOUBLE_TWIST | BEAD | GOLD | KT_18 | 1ct | imgs:3
[02:36:29][PRINCESS] [5092] ? NIV-DD8B4E8207803D99 | BASKET | DOUBLE_TWIST | BEAD | GOLD | KT_18 | 1ct | imgs:3
[02:36:32][PRINCESS] [5093] ? NIV-53A47468BCE6DC99 | BASKET | DOUBLE_TWIST | BEAD | GOLD | KT_18 | 1ct | imgs:3
[02:36:35][PRINCESS] [5094] ? NIV-53A47468BCE6DC99 | BASKET | DOUBLE_TWIST | BEAD | GOLD | KT_18 | 1ct | imgs:3
[02:36:39][PRINCESS] [5095] ? NIV-53A47468BCE6DC99 | BASKET | DOUBLE_TWIST | BEAD | GOLD | KT_18 | 1ct | imgs:3
[02:36:41][PRINCESS] [5096] ? NIV-42101059D4DF4718 | BASKET | DOUBLE_TWIST | BEAD | PLATINUM | PT_950 | 1ct | imgs:3
[02:36:45][PRINCESS] [5097] ? NIV-CF5482AF48C8D429 | BASKET | DOUBLE_TWIST | BEAD | GOLD | KT_10 | 1ct | imgs:3
[02:36:50][PRINCESS] [5098] ? NIV-CF5482AF48C8D429 | BASKET | DOUBLE_TWIST | BEAD | GOLD | KT_10 | 1ct | imgs:3
[02:36:53][PRINCESS] [5099] ? NIV-CF5482AF48C8D429 | BASKET | DOUBLE_TWIST | BEAD | GOLD | KT_10 | 1ct | imgs:3
[02:36:56][PRINCESS] [5100] ? NIV-F099684C8A379EA3 | BASKET | DOUBLE_TWIST | BEAD | GOLD | KT_10 | 1ct | imgs:3
[02:36:59][PRINCESS] [5101] ? NIV-F099684C8A379EA3 | BASKET | DOUBLE_TWIST | BEAD | GOLD | KT_10 | 1ct | imgs:3
[02:37:05][PRINCESS] [5102] ? NIV-F099684C8A379EA3 | BASKET | DOUBLE_TWIST | BEAD | GOLD | KT_10 | 1ct | imgs:3
[02:37:08][PRINCESS] [5103] ? NIV-CE78FB4BCE8ACB85 | BASKET | DOUBLE_TWIST | BEAD | GOLD | KT_10 | 1ct | imgs:3
[02:37:14][PRINCESS] [5104] ? NIV-CE78FB4BCE8ACB85 | BASKET | DOUBLE_TWIST | BEAD | GOLD | KT_10 | 1ct | imgs:3
[02:37:18][PRINCESS] [5105] ? NIV-CE78FB4BCE8ACB85 | BASKET | DOUBLE_TWIST | BEAD | GOLD | KT_10 | 1ct | imgs:3
[02:37:23][PRINCESS] [5106] ? NIV-F8868EE17476C66A | BASKET | DOUBLE_TWIST | BEAD | GOLD | KT_14 | 1ct | imgs:3
[02:37:26][PRINCESS] [5107] ? NIV-F8868EE17476C66A | BASKET | DOUBLE_TWIST | BEAD | GOLD | KT_14 | 1ct | imgs:3
[02:37:32][PRINCESS] [5108] ? NIV-F8868EE17476C66A | BASKET | DOUBLE_TWIST | BEAD | GOLD | KT_14 | 1ct | imgs:3
[02:37:35][PRINCESS] [5109] ? NIV-1E31525C3AA4997E | BASKET | DOUBLE_TWIST | BEAD | GOLD | KT_14 | 1ct | imgs:3
[02:37:38][PRINCESS] [5110] ? NIV-1E31525C3AA4997E | BASKET | DOUBLE_TWIST | BEAD | GOLD | KT_14 | 1ct | imgs:3
[02:37:44][PRINCESS] [5111] ? NIV-1E31525C3AA4997E | BASKET | DOUBLE_TWIST | BEAD | GOLD | KT_14 | 1ct | imgs:3
[02:37:47][PRINCESS] [5112] ? NIV-A3019C52AFF240E4 | BASKET | DOUBLE_TWIST | BEAD | GOLD | KT_14 | 1ct | imgs:3
[02:37:50][PRINCESS] [5113] ? NIV-A3019C52AFF240E4 | BASKET | DOUBLE_TWIST | BEAD | GOLD | KT_14 | 1ct | imgs:3
[02:37:53][PRINCESS]   Re-seleccionando PRINCESS (intento 1)
[02:37:53][PRINCESS]   Boton no encontrado ? recargando configurador...
[02:38:08][PRINCESS]   Re-seleccionando PRINCESS (intento 2)
[02:38:11][PRINCESS] [5114] ? NIV-58D80612BA34FED5 | BASKET | DOUBLE_TWIST | BEAD | GOLD | KT_14 | 1ct | imgs:3
[02:38:14][PRINCESS] [5115] ? NIV-AF3BD9263C718FD4 | BASKET | DOUBLE_TWIST | BEAD | GOLD | KT_18 | 1ct | imgs:3
[02:38:17][PRINCESS] [5116] ? NIV-98BF0980C9DD6B7C | BASKET | DOUBLE_TWIST | BEAD | GOLD | KT_18 | 1ct | imgs:3
[02:38:20][PRINCESS] [5117] ? NIV-9B20FC0388DE71FC | BASKET | DOUBLE_TWIST | BEAD | GOLD | KT_18 | 1ct | imgs:3
[02:38:23][PRINCESS] [5118] ? NIV-234DDF6A4230EB27 | BASKET | DOUBLE_TWIST | BEAD | GOLD | KT_18 | 1ct | imgs:3
[02:38:26][PRINCESS] [5119] ? NIV-C195B2FECA12FF6D | BASKET | DOUBLE_TWIST | BEAD | GOLD | KT_18 | 1ct | imgs:3
[02:38:29][PRINCESS] [5120] ? NIV-D523B9E5CDC530B2 | BASKET | DOUBLE_TWIST | BEAD | GOLD | KT_18 | 1ct | imgs:3
[02:38:32][PRINCESS] [5121] ? NIV-8762805492320BC7 | BASKET | DOUBLE_TWIST | BEAD | GOLD | KT_18 | 1ct | imgs:3
[02:38:35][PRINCESS] [5122] ? NIV-6BE6FEA286CDB358 | BASKET | DOUBLE_TWIST | BEAD | GOLD | KT_18 | 1ct | imgs:3
[02:38:38][PRINCESS] [5123] ? NIV-668C33A2C18EE62A | BASKET | DOUBLE_TWIST | BEAD | GOLD | KT_18 | 1ct | imgs:3
[02:38:41][PRINCESS] [5124] ? NIV-D04C0916386418DA | BASKET | DOUBLE_TWIST | BEAD | PLATINUM | PT_950 | 1ct | imgs:3
[02:38:47][PRINCESS] [5125] ? NIV-ED411C1171FC816D | BASKET | HIDDEN_HALO | NONE | GOLD | KT_10 | 1ct | imgs:3
[02:38:53][PRINCESS] [5126] ? NIV-ED411C1171FC816D | BASKET | HIDDEN_HALO | NONE | GOLD | KT_10 | 1ct | imgs:3
[02:38:56][PRINCESS] [5127] ? NIV-ED411C1171FC816D | BASKET | HIDDEN_HALO | NONE | GOLD | KT_10 | 1ct | imgs:3
[02:38:59][PRINCESS] [5128] ? NIV-A022DB92BDCA54EE | BASKET | HIDDEN_HALO | NONE | GOLD | KT_10 | 1ct | imgs:3
[02:39:02][PRINCESS] [5129] ? NIV-A022DB92BDCA54EE | BASKET | HIDDEN_HALO | NONE | GOLD | KT_10 | 1ct | imgs:3
[02:39:08][PRINCESS] [5130] ? NIV-A022DB92BDCA54EE | BASKET | HIDDEN_HALO | NONE | GOLD | KT_10 | 1ct | imgs:3
[02:39:11][PRINCESS] [5131] ? NIV-A58070C2D2BA41E2 | BASKET | HIDDEN_HALO | NONE | GOLD | KT_10 | 1ct | imgs:3
[02:39:14][PRINCESS] [5132] ? NIV-A58070C2D2BA41E2 | BASKET | HIDDEN_HALO | NONE | GOLD | KT_10 | 1ct | imgs:3
[02:39:17][PRINCESS] [5133] ? NIV-A58070C2D2BA41E2 | BASKET | HIDDEN_HALO | NONE | GOLD | KT_10 | 1ct | imgs:3
[02:39:20][PRINCESS] [5134] ? NIV-C2EA524D3ACE2CB7 | BASKET | HIDDEN_HALO | NONE | GOLD | KT_14 | 1ct | imgs:3
[02:39:26][PRINCESS] [5135] ? NIV-C2EA524D3ACE2CB7 | BASKET | HIDDEN_HALO | NONE | GOLD | KT_14 | 1ct | imgs:3
[02:39:29][PRINCESS] [5136] ? NIV-C2EA524D3ACE2CB7 | BASKET | HIDDEN_HALO | NONE | GOLD | KT_14 | 1ct | imgs:3
[02:39:32][PRINCESS] [5137] ? NIV-F5E023D6FAD46E89 | BASKET | HIDDEN_HALO | NONE | GOLD | KT_14 | 1ct | imgs:3
[02:39:35][PRINCESS] [5138] ? NIV-F5E023D6FAD46E89 | BASKET | HIDDEN_HALO | NONE | GOLD | KT_14 | 1ct | imgs:3
[02:39:38][PRINCESS] [5139] ? NIV-F5E023D6FAD46E89 | BASKET | HIDDEN_HALO | NONE | GOLD | KT_14 | 1ct | imgs:3
[02:39:41][PRINCESS] [5140] ? NIV-7D741A4D0D040150 | BASKET | HIDDEN_HALO | NONE | GOLD | KT_14 | 1ct | imgs:1
[02:39:47][PRINCESS] [5141] ? NIV-7D741A4D0D040150 | BASKET | HIDDEN_HALO | NONE | GOLD | KT_14 | 1ct | imgs:3
[02:39:50][PRINCESS] [5142] ? NIV-7D741A4D0D040150 | BASKET | HIDDEN_HALO | NONE | GOLD | KT_14 | 1ct | imgs:3
[02:39:54][PRINCESS] [5143] ? NIV-8A915176F5F40394 | BASKET | HIDDEN_HALO | NONE | GOLD | KT_18 | 1ct | imgs:3
[02:39:59][PRINCESS] [5144] ? NIV-8A915176F5F40394 | BASKET | HIDDEN_HALO | NONE | GOLD | KT_18 | 1ct | imgs:3
[02:40:02][PRINCESS] [5145] ? NIV-8A915176F5F40394 | BASKET | HIDDEN_HALO | NONE | GOLD | KT_18 | 1ct | imgs:3
[02:40:05][PRINCESS] [5146] ? NIV-838F79EA66CE93FB | BASKET | HIDDEN_HALO | NONE | GOLD | KT_18 | 1ct | imgs:3
[02:40:08][PRINCESS] [5147] ? NIV-838F79EA66CE93FB | BASKET | HIDDEN_HALO | NONE | GOLD | KT_18 | 1ct | imgs:3
[02:40:14][PRINCESS] [5148] ? NIV-838F79EA66CE93FB | BASKET | HIDDEN_HALO | NONE | GOLD | KT_18 | 1ct | imgs:3
[02:40:17][PRINCESS] [5149] ? NIV-ED5B6613B0F0CACE | BASKET | HIDDEN_HALO | NONE | GOLD | KT_18 | 1ct | imgs:3
[02:40:20][PRINCESS] [5150] ? NIV-ED5B6613B0F0CACE | BASKET | HIDDEN_HALO | NONE | GOLD | KT_18 | 1ct | imgs:3
[02:40:26][PRINCESS] [5151] ? NIV-ED5B6613B0F0CACE | BASKET | HIDDEN_HALO | NONE | GOLD | KT_18 | 1ct | imgs:3
[02:40:29][PRINCESS] [5152] ? NIV-6D43CAE2C992156A | BASKET | HIDDEN_HALO | NONE | PLATINUM | PT_950 | 1ct | imgs:3
[02:40:35][PRINCESS] [5153] ? NIV-47E3B859B2C4C49F | BASKET | HIDDEN_HALO | NONE | GOLD | KT_10 | 1ct | imgs:3
[02:40:38][PRINCESS] [5154] ? NIV-EAE624F9575DCF17 | BASKET | HIDDEN_HALO | NONE | GOLD | KT_10 | 1ct | imgs:3
[02:40:41][PRINCESS] [5155] ? NIV-56B6F77AD03A02C6 | BASKET | HIDDEN_HALO | NONE | GOLD | KT_10 | 1ct | imgs:3
[02:40:44][PRINCESS] [5156] ? NIV-6DF960B7C0CA92FB | BASKET | HIDDEN_HALO | NONE | GOLD | KT_10 | 1ct | imgs:3
[02:40:47][PRINCESS] [5157] ? NIV-70F3895D9947AA83 | BASKET | HIDDEN_HALO | NONE | GOLD | KT_10 | 1ct | imgs:3
[02:40:50][PRINCESS] [5158] ? NIV-224908D442EAFBB7 | BASKET | HIDDEN_HALO | NONE | GOLD | KT_10 | 1ct | imgs:3
[02:40:53][PRINCESS] [5159] ? NIV-AD851E4BCE7608C8 | BASKET | HIDDEN_HALO | NONE | GOLD | KT_10 | 1ct | imgs:3
[02:40:56][PRINCESS] [5160] ? NIV-993A3524F65BFE70 | BASKET | HIDDEN_HALO | NONE | GOLD | KT_10 | 1ct | imgs:3
[02:40:59][PRINCESS] [5161] ? NIV-3D88729D5999A9DB | BASKET | HIDDEN_HALO | NONE | GOLD | KT_10 | 1ct | imgs:3
[02:41:02][PRINCESS] [5162] ? NIV-1630134E714789C9 | BASKET | HIDDEN_HALO | NONE | GOLD | KT_14 | 1ct | imgs:3
[02:41:05][PRINCESS] [5163] ? NIV-91B57915036B32BD | BASKET | HIDDEN_HALO | NONE | GOLD | KT_14 | 1ct | imgs:3
[02:41:08][PRINCESS] [5164] ? NIV-386F3F315D97EE1E | BASKET | HIDDEN_HALO | NONE | GOLD | KT_14 | 1ct | imgs:2
[02:41:11][PRINCESS] [5165] ? NIV-CE7744419AC45F2D | BASKET | HIDDEN_HALO | NONE | GOLD | KT_14 | 1ct | imgs:3
[02:41:14][PRINCESS] [5166] ? NIV-D7B4600ABD01B000 | BASKET | HIDDEN_HALO | NONE | GOLD | KT_14 | 1ct | imgs:3
[02:41:17][PRINCESS] [5167] ? NIV-E5847B98424EBFC5 | BASKET | HIDDEN_HALO | NONE | GOLD | KT_14 | 1ct | imgs:3
[02:41:20][PRINCESS] [5168] ? NIV-C2324221014DF895 | BASKET | HIDDEN_HALO | NONE | GOLD | KT_14 | 1ct | imgs:3
[02:41:23][PRINCESS] [5169] ? NIV-AE088D3F9C611B61 | BASKET | HIDDEN_HALO | NONE | GOLD | KT_14 | 1ct | imgs:3
[02:41:26][PRINCESS] [5170] ? NIV-772AA1B9EB92B09E | BASKET | HIDDEN_HALO | NONE | GOLD | KT_14 | 1ct | imgs:3
[02:41:29][PRINCESS] [5171] ? NIV-6F845B95D0ED6289 | BASKET | HIDDEN_HALO | NONE | GOLD | KT_18 | 1ct | imgs:3
[02:41:32][PRINCESS] [5172] ? NIV-E79DC490BF32DDE9 | BASKET | HIDDEN_HALO | NONE | GOLD | KT_18 | 1ct | imgs:3
[02:41:35][PRINCESS] [5173] ? NIV-F4505D9784AA874D | BASKET | HIDDEN_HALO | NONE | GOLD | KT_18 | 1ct | imgs:3
[02:41:38][PRINCESS] [5174] ? NIV-960B8CEF0BEC3601 | BASKET | HIDDEN_HALO | NONE | GOLD | KT_18 | 1ct | imgs:3
[02:41:41][PRINCESS] [5175] ? NIV-BE4287CE5EC3EE00 | BASKET | HIDDEN_HALO | NONE | GOLD | KT_18 | 1ct | imgs:1
[02:41:44][PRINCESS] [5176] ? NIV-5E484404ADA443E5 | BASKET | HIDDEN_HALO | NONE | GOLD | KT_18 | 1ct | imgs:3
[02:41:47][PRINCESS] [5177] ? NIV-CDDE76D4F9DBCBEB | BASKET | HIDDEN_HALO | NONE | GOLD | KT_18 | 1ct | imgs:3
[02:41:50][PRINCESS] [5178] ? NIV-E4735401B7C6694D | BASKET | HIDDEN_HALO | NONE | GOLD | KT_18 | 1ct | imgs:3
[02:41:53][PRINCESS] [5179] ? NIV-3E082E2D10004C96 | BASKET | HIDDEN_HALO | NONE | GOLD | KT_18 | 1ct | imgs:3
[02:41:56][PRINCESS] [5180] ? NIV-7B01EE776299CEF2 | BASKET | HIDDEN_HALO | NONE | PLATINUM | PT_950 | 1ct | imgs:3
[02:41:58][PRINCESS]   Re-seleccionando PRINCESS (intento 1)
[02:42:02][PRINCESS] [5181] ? NIV-58D80612BA34FED5 | BASKET | HIDDEN_HALO | NONE | GOLD | KT_10 | 1ct | imgs:3
[02:42:05][PRINCESS] [5182] ? NIV-C00CC1E1B633A0E6 | BASKET | HIDDEN_HALO | NONE | GOLD | KT_10 | 1ct | imgs:3
[02:42:08][PRINCESS] [5183] ? NIV-A9FEEAD73232E242 | BASKET | HIDDEN_HALO | NONE | GOLD | KT_10 | 1ct | imgs:3
[02:42:11][PRINCESS] [5184] ? NIV-7198B0FB30179C7F | BASKET | HIDDEN_HALO | NONE | GOLD | KT_10 | 1ct | imgs:3
[02:42:14][PRINCESS] [5185] ? NIV-E2C7AB49DE806B73 | BASKET | HIDDEN_HALO | NONE | GOLD | KT_10 | 1ct | imgs:3
[02:42:17][PRINCESS] [5186] ? NIV-6D95AB763D585528 | BASKET | HIDDEN_HALO | NONE | GOLD | KT_10 | 1ct | imgs:3
[02:42:20][PRINCESS] [5187] ? NIV-46DA39283D61D6BC | BASKET | HIDDEN_HALO | NONE | GOLD | KT_10 | 1ct | imgs:3
[02:42:23][PRINCESS] [5188] ? NIV-35370568AF326438 | BASKET | HIDDEN_HALO | NONE | GOLD | KT_10 | 1ct | imgs:3
[02:42:26][PRINCESS] [5189] ? NIV-5A0398DDCC86DF0F | BASKET | HIDDEN_HALO | NONE | GOLD | KT_10 | 1ct | imgs:3
[02:42:32][PRINCESS] [5190] ? NIV-F34AF5BDF644C07A | BASKET | HIDDEN_HALO | NONE | GOLD | KT_14 | 1ct | imgs:3
[02:42:35][PRINCESS] [5191] ? NIV-698B3CA179D651B0 | BASKET | HIDDEN_HALO | NONE | GOLD | KT_14 | 1ct | imgs:3
[02:42:38][PRINCESS] [5192] ? NIV-1A11F2CBEEC5597B | BASKET | HIDDEN_HALO | NONE | GOLD | KT_14 | 1ct | imgs:3
[02:42:41][PRINCESS] [5193] ? NIV-C060E2A24DD111E7 | BASKET | HIDDEN_HALO | NONE | GOLD | KT_14 | 1ct | imgs:3
[02:42:44][PRINCESS] [5194] ? NIV-7838A50580DF5510 | BASKET | HIDDEN_HALO | NONE | GOLD | KT_14 | 1ct | imgs:3
[02:42:47][PRINCESS] [5195] ? NIV-B270915ED2F750C3 | BASKET | HIDDEN_HALO | NONE | GOLD | KT_14 | 1ct | imgs:3
[02:42:50][PRINCESS] [5196] ? NIV-7DEF84DFB6193FD7 | BASKET | HIDDEN_HALO | NONE | GOLD | KT_14 | 1ct | imgs:3
[02:42:53][PRINCESS] [5197] ? NIV-D451A09F79C06A79 | BASKET | HIDDEN_HALO | NONE | GOLD | KT_14 | 1ct | imgs:3
[02:42:56][PRINCESS] [5198] ? NIV-2E975135009E6CFF | BASKET | HIDDEN_HALO | NONE | GOLD | KT_14 | 1ct | imgs:3
[02:42:59][PRINCESS] [5199] ? NIV-AF3BD9263C718FD4 | BASKET | HIDDEN_HALO | NONE | GOLD | KT_18 | 1ct | imgs:3
[02:43:02][PRINCESS] [5200] ? NIV-98BF0980C9DD6B7C | BASKET | HIDDEN_HALO | NONE | GOLD | KT_18 | 1ct | imgs:3
[02:43:05][PRINCESS] [5201] ? NIV-9B20FC0388DE71FC | BASKET | HIDDEN_HALO | NONE | GOLD | KT_18 | 1ct | imgs:3
[02:43:08][PRINCESS] [5202] ? NIV-234DDF6A4230EB27 | BASKET | HIDDEN_HALO | NONE | GOLD | KT_18 | 1ct | imgs:3
[02:43:11][PRINCESS] [5203] ? NIV-C195B2FECA12FF6D | BASKET | HIDDEN_HALO | NONE | GOLD | KT_18 | 1ct | imgs:3
[02:43:14][PRINCESS] [5204] ? NIV-D523B9E5CDC530B2 | BASKET | HIDDEN_HALO | NONE | GOLD | KT_18 | 1ct | imgs:3
[02:43:17][PRINCESS] [5205] ? NIV-8762805492320BC7 | BASKET | HIDDEN_HALO | NONE | GOLD | KT_18 | 1ct | imgs:3
[02:43:20][PRINCESS] [5206] ? NIV-6BE6FEA286CDB358 | BASKET | HIDDEN_HALO | NONE | GOLD | KT_18 | 1ct | imgs:3
[02:43:23][PRINCESS] [5207] ? NIV-668C33A2C18EE62A | BASKET | HIDDEN_HALO | NONE | GOLD | KT_18 | 1ct | imgs:3
[02:43:26][PRINCESS] [5208] ? NIV-D04C0916386418DA | BASKET | HIDDEN_HALO | NONE | PLATINUM | PT_950 | 1ct | imgs:3
[02:43:32][PRINCESS] [5209] ? NIV-B5A802D07FDE33B1 | BASKET | HIDDEN_HALO | U_PAVE | GOLD | KT_10 | 1ct | imgs:3
[02:43:35][PRINCESS] [5210] ? NIV-B5A802D07FDE33B1 | BASKET | HIDDEN_HALO | U_PAVE | GOLD | KT_10 | 1ct | imgs:3
[02:43:41][PRINCESS] [5211] ? NIV-B5A802D07FDE33B1 | BASKET | HIDDEN_HALO | U_PAVE | GOLD | KT_10 | 1ct | imgs:3
[02:43:44][PRINCESS] [5212] ? NIV-8F63055BF4A98EEA | BASKET | HIDDEN_HALO | U_PAVE | GOLD | KT_10 | 1ct | imgs:3
[02:43:47][PRINCESS] [5213] ? NIV-8F63055BF4A98EEA | BASKET | HIDDEN_HALO | U_PAVE | GOLD | KT_10 | 1ct | imgs:3
[02:43:53][PRINCESS] [5214] ? NIV-8F63055BF4A98EEA | BASKET | HIDDEN_HALO | U_PAVE | GOLD | KT_10 | 1ct | imgs:3
[02:43:56][PRINCESS] [5215] ? NIV-DE40695B4ECB19D2 | BASKET | HIDDEN_HALO | U_PAVE | GOLD | KT_10 | 1ct | imgs:3
[02:43:59][PRINCESS] [5216] ? NIV-DE40695B4ECB19D2 | BASKET | HIDDEN_HALO | U_PAVE | GOLD | KT_10 | 1ct | imgs:3
[02:44:05][PRINCESS] [5217] ? NIV-DE40695B4ECB19D2 | BASKET | HIDDEN_HALO | U_PAVE | GOLD | KT_10 | 1ct | imgs:3
[02:44:08][PRINCESS] [5218] ? NIV-0DAA56B4E085E076 | BASKET | HIDDEN_HALO | U_PAVE | GOLD | KT_14 | 1ct | imgs:3
[02:44:11][PRINCESS] [5219] ? NIV-0DAA56B4E085E076 | BASKET | HIDDEN_HALO | U_PAVE | GOLD | KT_14 | 1ct | imgs:3
[02:44:17][PRINCESS] [5220] ? NIV-0DAA56B4E085E076 | BASKET | HIDDEN_HALO | U_PAVE | GOLD | KT_14 | 1ct | imgs:3
[02:44:20][PRINCESS] [5221] ? NIV-BD5D7BD12D8BF571 | BASKET | HIDDEN_HALO | U_PAVE | GOLD | KT_14 | 1ct | imgs:3
[02:44:26][PRINCESS] [5222] ? NIV-BD5D7BD12D8BF571 | BASKET | HIDDEN_HALO | U_PAVE | GOLD | KT_14 | 1ct | imgs:3
[02:44:29][PRINCESS] [5223] ? NIV-BD5D7BD12D8BF571 | BASKET | HIDDEN_HALO | U_PAVE | GOLD | KT_14 | 1ct | imgs:3
[02:44:32][PRINCESS] [5224] ? NIV-E104D2FBBF91EE74 | BASKET | HIDDEN_HALO | U_PAVE | GOLD | KT_14 | 1ct | imgs:3
[02:44:38][PRINCESS] [5225] ? NIV-E104D2FBBF91EE74 | BASKET | HIDDEN_HALO | U_PAVE | GOLD | KT_14 | 1ct | imgs:3
[02:44:41][PRINCESS] [5226] ? NIV-E104D2FBBF91EE74 | BASKET | HIDDEN_HALO | U_PAVE | GOLD | KT_14 | 1ct | imgs:3
[02:44:44][PRINCESS] [5227] ? NIV-F9AB6F799C6BD1AC | BASKET | HIDDEN_HALO | U_PAVE | GOLD | KT_18 | 1ct | imgs:3
[02:44:47][PRINCESS] [5228] ? NIV-F9AB6F799C6BD1AC | BASKET | HIDDEN_HALO | U_PAVE | GOLD | KT_18 | 1ct | imgs:3
[02:44:53][PRINCESS] [5229] ? NIV-F9AB6F799C6BD1AC | BASKET | HIDDEN_HALO | U_PAVE | GOLD | KT_18 | 1ct | imgs:3
[02:44:56][PRINCESS] [5230] ? NIV-1AE21F8AD6BBBF8E | BASKET | HIDDEN_HALO | U_PAVE | GOLD | KT_18 | 1ct | imgs:3
[02:44:59][PRINCESS] [5231] ? NIV-1AE21F8AD6BBBF8E | BASKET | HIDDEN_HALO | U_PAVE | GOLD | KT_18 | 1ct | imgs:3
[02:45:05][PRINCESS] [5232] ? NIV-1AE21F8AD6BBBF8E | BASKET | HIDDEN_HALO | U_PAVE | GOLD | KT_18 | 1ct | imgs:3
[02:45:08][PRINCESS] [5233] ? NIV-AE31D3C3C2D9863B | BASKET | HIDDEN_HALO | U_PAVE | GOLD | KT_18 | 1ct | imgs:3
[02:45:11][PRINCESS] [5234] ? NIV-AE31D3C3C2D9863B | BASKET | HIDDEN_HALO | U_PAVE | GOLD | KT_18 | 1ct | imgs:3
[02:45:17][PRINCESS] [5235] ? NIV-AE31D3C3C2D9863B | BASKET | HIDDEN_HALO | U_PAVE | GOLD | KT_18 | 1ct | imgs:3
[02:45:20][PRINCESS] [5236] ? NIV-89DACE092E62AFEE | BASKET | HIDDEN_HALO | U_PAVE | PLATINUM | PT_950 | 1ct | imgs:3
[02:45:26][PRINCESS] [5237] ? NIV-F8CBDD69F88A74B5 | BASKET | HIDDEN_HALO | U_PAVE | GOLD | KT_10 | 1ct | imgs:3
[02:45:29][PRINCESS] [5238] ? NIV-F8CBDD69F88A74B5 | BASKET | HIDDEN_HALO | U_PAVE | GOLD | KT_10 | 1ct | imgs:3
[02:45:35][PRINCESS] [5239] ? NIV-F8CBDD69F88A74B5 | BASKET | HIDDEN_HALO | U_PAVE | GOLD | KT_10 | 1ct | imgs:3
[02:45:38][PRINCESS] [5240] ? NIV-DA30F7830852D31A | BASKET | HIDDEN_HALO | U_PAVE | GOLD | KT_10 | 1ct | imgs:3
[02:45:41][PRINCESS] [5241] ? NIV-DA30F7830852D31A | BASKET | HIDDEN_HALO | U_PAVE | GOLD | KT_10 | 1ct | imgs:3
[02:45:44][PRINCESS] [5242] ? NIV-DA30F7830852D31A | BASKET | HIDDEN_HALO | U_PAVE | GOLD | KT_10 | 1ct | imgs:3
[02:45:47][PRINCESS] [5243] ? NIV-A6285106CDAC235C | BASKET | HIDDEN_HALO | U_PAVE | GOLD | KT_10 | 1ct | imgs:3
[02:45:50][PRINCESS] [5244] ? NIV-A6285106CDAC235C | BASKET | HIDDEN_HALO | U_PAVE | GOLD | KT_10 | 1ct | imgs:3
[02:45:56][PRINCESS] [5245] ? NIV-A6285106CDAC235C | BASKET | HIDDEN_HALO | U_PAVE | GOLD | KT_10 | 1ct | imgs:3
[02:46:03][PRINCESS] [5246] ? NIV-A963F687C3452524 | BASKET | HIDDEN_HALO | U_PAVE | GOLD | KT_14 | 1ct | imgs:1
[02:46:08][PRINCESS] [5247] ? NIV-A963F687C3452524 | BASKET | HIDDEN_HALO | U_PAVE | GOLD | KT_14 | 1ct | imgs:3
[02:46:14][PRINCESS] [5248] ? NIV-A963F687C3452524 | BASKET | HIDDEN_HALO | U_PAVE | GOLD | KT_14 | 1ct | imgs:3
[02:46:17][PRINCESS] [5249] ? NIV-D5FADC0DD40AAED6 | BASKET | HIDDEN_HALO | U_PAVE | GOLD | KT_14 | 1ct | imgs:3
[02:46:20][PRINCESS] [5250] ? NIV-D5FADC0DD40AAED6 | BASKET | HIDDEN_HALO | U_PAVE | GOLD | KT_14 | 1ct | imgs:3
[02:46:26][PRINCESS] [5251] ? NIV-D5FADC0DD40AAED6 | BASKET | HIDDEN_HALO | U_PAVE | GOLD | KT_14 | 1ct | imgs:3
[02:46:29][PRINCESS] [5252] ? NIV-040A2FC318C8B135 | BASKET | HIDDEN_HALO | U_PAVE | GOLD | KT_14 | 1ct | imgs:3
[02:46:32][PRINCESS] [5253] ? NIV-040A2FC318C8B135 | BASKET | HIDDEN_HALO | U_PAVE | GOLD | KT_14 | 1ct | imgs:3
[02:46:38][PRINCESS] [5254] ? NIV-040A2FC318C8B135 | BASKET | HIDDEN_HALO | U_PAVE | GOLD | KT_14 | 1ct | imgs:3
[02:46:43][PRINCESS] [5255] ? NIV-C27C26B478DF864C | BASKET | HIDDEN_HALO | U_PAVE | GOLD | KT_18 | 1ct | imgs:2
[02:46:47][PRINCESS] [5256] ? NIV-C27C26B478DF864C | BASKET | HIDDEN_HALO | U_PAVE | GOLD | KT_18 | 1ct | imgs:3
[02:46:50][PRINCESS] [5257] ? NIV-C27C26B478DF864C | BASKET | HIDDEN_HALO | U_PAVE | GOLD | KT_18 | 1ct | imgs:3
[02:46:53][PRINCESS] [5258] ? NIV-E871A16ABE2CD4F7 | BASKET | HIDDEN_HALO | U_PAVE | GOLD | KT_18 | 1ct | imgs:3
[02:46:56][PRINCESS] [5259] ? NIV-E871A16ABE2CD4F7 | BASKET | HIDDEN_HALO | U_PAVE | GOLD | KT_18 | 1ct | imgs:3
[02:47:02][PRINCESS] [5260] ? NIV-E871A16ABE2CD4F7 | BASKET | HIDDEN_HALO | U_PAVE | GOLD | KT_18 | 1ct | imgs:3
[02:47:05][PRINCESS] [5261] ? NIV-3AC7C1810217B20C | BASKET | HIDDEN_HALO | U_PAVE | GOLD | KT_18 | 1ct | imgs:3
[02:47:08][PRINCESS] [5262] ? NIV-3AC7C1810217B20C | BASKET | HIDDEN_HALO | U_PAVE | GOLD | KT_18 | 1ct | imgs:3
[02:47:11][PRINCESS] [5263] ? NIV-3AC7C1810217B20C | BASKET | HIDDEN_HALO | U_PAVE | GOLD | KT_18 | 1ct | imgs:3
[02:47:14][PRINCESS] [5264] ? NIV-56777D0E6D2FE197 | BASKET | HIDDEN_HALO | U_PAVE | PLATINUM | PT_950 | 1ct | imgs:3
[02:47:20][PRINCESS] [5265] ? NIV-E4648CB462EB1B63 | BASKET | HIDDEN_HALO | U_PAVE | GOLD | KT_10 | 1ct | imgs:3
[02:47:23][PRINCESS] [5266] ? NIV-E4648CB462EB1B63 | BASKET | HIDDEN_HALO | U_PAVE | GOLD | KT_10 | 1ct | imgs:3
[02:47:29][PRINCESS] [5267] ? NIV-E4648CB462EB1B63 | BASKET | HIDDEN_HALO | U_PAVE | GOLD | KT_10 | 1ct | imgs:3
[02:47:32][PRINCESS] [5268] ? NIV-5CD4D8533298D00B | BASKET | HIDDEN_HALO | U_PAVE | GOLD | KT_10 | 1ct | imgs:3
[02:47:35][PRINCESS] [5269] ? NIV-5CD4D8533298D00B | BASKET | HIDDEN_HALO | U_PAVE | GOLD | KT_10 | 1ct | imgs:3
[02:47:41][PRINCESS] [5270] ? NIV-5CD4D8533298D00B | BASKET | HIDDEN_HALO | U_PAVE | GOLD | KT_10 | 1ct | imgs:3
[02:47:44][PRINCESS] [5271] ? NIV-FA10F5AA56A19703 | BASKET | HIDDEN_HALO | U_PAVE | GOLD | KT_10 | 1ct | imgs:3
[02:47:50][PRINCESS] [5272] ? NIV-FA10F5AA56A19703 | BASKET | HIDDEN_HALO | U_PAVE | GOLD | KT_10 | 1ct | imgs:3
[02:47:54][PRINCESS] [5273] ? NIV-FA10F5AA56A19703 | BASKET | HIDDEN_HALO | U_PAVE | GOLD | KT_10 | 1ct | imgs:3
[02:47:59][PRINCESS] [5274] ? NIV-404561B94E438B1A | BASKET | HIDDEN_HALO | U_PAVE | GOLD | KT_14 | 1ct | imgs:3
[02:48:05][PRINCESS] [5275] ? NIV-404561B94E438B1A | BASKET | HIDDEN_HALO | U_PAVE | GOLD | KT_14 | 1ct | imgs:3
[02:48:11][PRINCESS] [5276] ? NIV-404561B94E438B1A | BASKET | HIDDEN_HALO | U_PAVE | GOLD | KT_14 | 1ct | imgs:3
[02:48:14][PRINCESS] [5277] ? NIV-AFED563AD6C6C11F | BASKET | HIDDEN_HALO | U_PAVE | GOLD | KT_14 | 1ct | imgs:3
[02:48:20][PRINCESS] [5278] ? NIV-AFED563AD6C6C11F | BASKET | HIDDEN_HALO | U_PAVE | GOLD | KT_14 | 1ct | imgs:3
[02:48:23][PRINCESS] [5279] ? NIV-AFED563AD6C6C11F | BASKET | HIDDEN_HALO | U_PAVE | GOLD | KT_14 | 1ct | imgs:3
[02:48:26][PRINCESS] [5280] ? NIV-144DC8AB24AE3774 | BASKET | HIDDEN_HALO | U_PAVE | GOLD | KT_14 | 1ct | imgs:3
[02:48:29][PRINCESS] [5281] ? NIV-144DC8AB24AE3774 | BASKET | HIDDEN_HALO | U_PAVE | GOLD | KT_14 | 1ct | imgs:3
[02:48:35][PRINCESS] [5282] ? NIV-144DC8AB24AE3774 | BASKET | HIDDEN_HALO | U_PAVE | GOLD | KT_14 | 1ct | imgs:3
[02:48:38][PRINCESS] [5283] ? NIV-56E8F2F9B1CD2A49 | BASKET | HIDDEN_HALO | U_PAVE | GOLD | KT_18 | 1ct | imgs:3
[02:48:44][PRINCESS] [5284] ? NIV-56E8F2F9B1CD2A49 | BASKET | HIDDEN_HALO | U_PAVE | GOLD | KT_18 | 1ct | imgs:3
[02:48:47][PRINCESS] [5285] ? NIV-56E8F2F9B1CD2A49 | BASKET | HIDDEN_HALO | U_PAVE | GOLD | KT_18 | 1ct | imgs:3
[02:48:50][PRINCESS] [5286] ? NIV-D08AFC26AC7ED8F2 | BASKET | HIDDEN_HALO | U_PAVE | GOLD | KT_18 | 1ct | imgs:3
[02:48:53][PRINCESS] [5287] ? NIV-D08AFC26AC7ED8F2 | BASKET | HIDDEN_HALO | U_PAVE | GOLD | KT_18 | 1ct | imgs:3
[02:48:56][PRINCESS] [5288] ? NIV-D08AFC26AC7ED8F2 | BASKET | HIDDEN_HALO | U_PAVE | GOLD | KT_18 | 1ct | imgs:3
[02:48:59][PRINCESS] [5289] ? NIV-BC9BFA3A19ACE6F3 | BASKET | HIDDEN_HALO | U_PAVE | GOLD | KT_18 | 1ct | imgs:3
[02:49:02][PRINCESS] [5290] ? NIV-BC9BFA3A19ACE6F3 | BASKET | HIDDEN_HALO | U_PAVE | GOLD | KT_18 | 1ct | imgs:3
[02:49:08][PRINCESS] [5291] ? NIV-BC9BFA3A19ACE6F3 | BASKET | HIDDEN_HALO | U_PAVE | GOLD | KT_18 | 1ct | imgs:3
[02:49:11][PRINCESS] [5292] ? NIV-191CAF66FC5AE530 | BASKET | HIDDEN_HALO | U_PAVE | PLATINUM | PT_950 | 1ct | imgs:3
[02:49:17][PRINCESS] [5293] ? NIV-B8C00A3324E98859 | BASKET | HIDDEN_HALO | U_PAVE | GOLD | KT_10 | 1ct | imgs:3
[02:49:20][PRINCESS] [5294] ? NIV-B8C00A3324E98859 | BASKET | HIDDEN_HALO | U_PAVE | GOLD | KT_10 | 1ct | imgs:3
[02:49:26][PRINCESS] [5295] ? NIV-B8C00A3324E98859 | BASKET | HIDDEN_HALO | U_PAVE | GOLD | KT_10 | 1ct | imgs:3
[02:49:29][PRINCESS] [5296] ? NIV-F3C1988B632D4E9A | BASKET | HIDDEN_HALO | U_PAVE | GOLD | KT_10 | 1ct | imgs:3
[02:49:32][PRINCESS] [5297] ? NIV-F3C1988B632D4E9A | BASKET | HIDDEN_HALO | U_PAVE | GOLD | KT_10 | 1ct | imgs:3
[02:49:38][PRINCESS] [5298] ? NIV-F3C1988B632D4E9A | BASKET | HIDDEN_HALO | U_PAVE | GOLD | KT_10 | 1ct | imgs:3
[02:49:41][PRINCESS] [5299] ? NIV-FC34EE70FB73C946 | BASKET | HIDDEN_HALO | U_PAVE | GOLD | KT_10 | 1ct | imgs:3
[02:49:47][PRINCESS] [5300] ? NIV-FC34EE70FB73C946 | BASKET | HIDDEN_HALO | U_PAVE | GOLD | KT_10 | 1ct | imgs:3
[02:49:50][PRINCESS] [5301] ? NIV-FC34EE70FB73C946 | BASKET | HIDDEN_HALO | U_PAVE | GOLD | KT_10 | 1ct | imgs:3
[02:49:56][PRINCESS] [5302] ? NIV-871CE729DA025DA1 | BASKET | HIDDEN_HALO | U_PAVE | GOLD | KT_14 | 1ct | imgs:3
[02:49:59][PRINCESS] [5303] ? NIV-871CE729DA025DA1 | BASKET | HIDDEN_HALO | U_PAVE | GOLD | KT_14 | 1ct | imgs:3
[02:50:05][PRINCESS] [5304] ? NIV-871CE729DA025DA1 | BASKET | HIDDEN_HALO | U_PAVE | GOLD | KT_14 | 1ct | imgs:3
[02:50:08][PRINCESS] [5305] ? NIV-6426C13DEAC0321F | BASKET | HIDDEN_HALO | U_PAVE | GOLD | KT_14 | 1ct | imgs:3
[02:50:12][PRINCESS] [5306] ? NIV-6426C13DEAC0321F | BASKET | HIDDEN_HALO | U_PAVE | GOLD | KT_14 | 1ct | imgs:3
[02:50:17][PRINCESS] [5307] ? NIV-6426C13DEAC0321F | BASKET | HIDDEN_HALO | U_PAVE | GOLD | KT_14 | 1ct | imgs:3
[02:50:20][PRINCESS] [5308] ? NIV-95863ADC0351729F | BASKET | HIDDEN_HALO | U_PAVE | GOLD | KT_14 | 1ct | imgs:3
[02:50:26][PRINCESS] [5309] ? NIV-95863ADC0351729F | BASKET | HIDDEN_HALO | U_PAVE | GOLD | KT_14 | 1ct | imgs:3
[02:50:29][PRINCESS] [5310] ? NIV-95863ADC0351729F | BASKET | HIDDEN_HALO | U_PAVE | GOLD | KT_14 | 1ct | imgs:3
[02:50:35][PRINCESS] [5311] ? NIV-078BB63BAFD30A96 | BASKET | HIDDEN_HALO | U_PAVE | GOLD | KT_18 | 1ct | imgs:3
[02:50:38][PRINCESS] [5312] ? NIV-078BB63BAFD30A96 | BASKET | HIDDEN_HALO | U_PAVE | GOLD | KT_18 | 1ct | imgs:3
[02:50:42][PRINCESS] [5313] ? NIV-078BB63BAFD30A96 | BASKET | HIDDEN_HALO | U_PAVE | GOLD | KT_18 | 1ct | imgs:3
[02:50:44][PRINCESS] [5314] ? NIV-CE95FF1264EBCBB9 | BASKET | HIDDEN_HALO | U_PAVE | GOLD | KT_18 | 1ct | imgs:3
[02:50:50][PRINCESS] [5315] ? NIV-CE95FF1264EBCBB9 | BASKET | HIDDEN_HALO | U_PAVE | GOLD | KT_18 | 1ct | imgs:3
[02:50:53][PRINCESS] [5316] ? NIV-CE95FF1264EBCBB9 | BASKET | HIDDEN_HALO | U_PAVE | GOLD | KT_18 | 1ct | imgs:3
[02:50:56][PRINCESS] [5317] ? NIV-AE67FCFA2D462FAA | BASKET | HIDDEN_HALO | U_PAVE | GOLD | KT_18 | 1ct | imgs:3
[02:50:59][PRINCESS] [5318] ? NIV-AE67FCFA2D462FAA | BASKET | HIDDEN_HALO | U_PAVE | GOLD | KT_18 | 1ct | imgs:3
[02:51:05][PRINCESS] [5319] ? NIV-AE67FCFA2D462FAA | BASKET | HIDDEN_HALO | U_PAVE | GOLD | KT_18 | 1ct | imgs:3
[02:51:08][PRINCESS] [5320] ? NIV-796A84FE057662CC | BASKET | HIDDEN_HALO | U_PAVE | PLATINUM | PT_950 | 1ct | imgs:3
[02:51:11][PRINCESS] [5321] ? NIV-07A33D47555F1324 | BASKET | HIDDEN_HALO | U_PAVE | GOLD | KT_10 | 1ct | imgs:3
[02:51:17][PRINCESS] [5322] ? NIV-07A33D47555F1324 | BASKET | HIDDEN_HALO | U_PAVE | GOLD | KT_10 | 1ct | imgs:3
[02:51:20][PRINCESS] [5323] ? NIV-07A33D47555F1324 | BASKET | HIDDEN_HALO | U_PAVE | GOLD | KT_10 | 1ct | imgs:3
[02:51:23][PRINCESS] [5324] ? NIV-FEA2EF5CF7CD03F5 | BASKET | HIDDEN_HALO | U_PAVE | GOLD | KT_10 | 1ct | imgs:3
[02:51:29][PRINCESS] [5325] ? NIV-FEA2EF5CF7CD03F5 | BASKET | HIDDEN_HALO | U_PAVE | GOLD | KT_10 | 1ct | imgs:3
[02:51:32][PRINCESS] [5326] ? NIV-FEA2EF5CF7CD03F5 | BASKET | HIDDEN_HALO | U_PAVE | GOLD | KT_10 | 1ct | imgs:3
[02:51:35][PRINCESS] [5327] ? NIV-C6E58C982A07BD57 | BASKET | HIDDEN_HALO | U_PAVE | GOLD | KT_10 | 1ct | imgs:3
[02:51:38][PRINCESS] [5328] ? NIV-C6E58C982A07BD57 | BASKET | HIDDEN_HALO | U_PAVE | GOLD | KT_10 | 1ct | imgs:3
[02:51:41][PRINCESS] [5329] ? NIV-C6E58C982A07BD57 | BASKET | HIDDEN_HALO | U_PAVE | GOLD | KT_10 | 1ct | imgs:3
[02:51:44][PRINCESS] [5330] ? NIV-E0B34AAA78A64560 | BASKET | HIDDEN_HALO | U_PAVE | GOLD | KT_14 | 1ct | imgs:3
[02:51:47][PRINCESS] [5331] ? NIV-E0B34AAA78A64560 | BASKET | HIDDEN_HALO | U_PAVE | GOLD | KT_14 | 1ct | imgs:3
[02:51:53][PRINCESS] [5332] ? NIV-E0B34AAA78A64560 | BASKET | HIDDEN_HALO | U_PAVE | GOLD | KT_14 | 1ct | imgs:3
[02:51:56][PRINCESS] [5333] ? NIV-59DF7B2BD28ACA60 | BASKET | HIDDEN_HALO | U_PAVE | GOLD | KT_14 | 1ct | imgs:3
[02:51:59][PRINCESS] [5334] ? NIV-59DF7B2BD28ACA60 | BASKET | HIDDEN_HALO | U_PAVE | GOLD | KT_14 | 1ct | imgs:3
[02:52:02][PRINCESS] [5335] ? NIV-59DF7B2BD28ACA60 | BASKET | HIDDEN_HALO | U_PAVE | GOLD | KT_14 | 1ct | imgs:3
[02:52:05][PRINCESS] [5336] ? NIV-E25CD54293FD67CB | BASKET | HIDDEN_HALO | U_PAVE | GOLD | KT_14 | 1ct | imgs:3
[02:52:08][PRINCESS] [5337] ? NIV-E25CD54293FD67CB | BASKET | HIDDEN_HALO | U_PAVE | GOLD | KT_14 | 1ct | imgs:3
[02:52:11][PRINCESS] [5338] ? NIV-E25CD54293FD67CB | BASKET | HIDDEN_HALO | U_PAVE | GOLD | KT_14 | 1ct | imgs:3
[02:52:14][PRINCESS] [5339] ? NIV-B17F371EFF7704D8 | BASKET | HIDDEN_HALO | U_PAVE | GOLD | KT_18 | 1ct | imgs:3
[02:52:20][PRINCESS] [5340] ? NIV-B17F371EFF7704D8 | BASKET | HIDDEN_HALO | U_PAVE | GOLD | KT_18 | 1ct | imgs:3
[02:52:23][PRINCESS] [5341] ? NIV-B17F371EFF7704D8 | BASKET | HIDDEN_HALO | U_PAVE | GOLD | KT_18 | 1ct | imgs:3
[02:52:26][PRINCESS] [5342] ? NIV-4F68FC75B9DECAC0 | BASKET | HIDDEN_HALO | U_PAVE | GOLD | KT_18 | 1ct | imgs:3
[02:52:29][PRINCESS] [5343] ? NIV-4F68FC75B9DECAC0 | BASKET | HIDDEN_HALO | U_PAVE | GOLD | KT_18 | 1ct | imgs:3
[02:52:35][PRINCESS] [5344] ? NIV-4F68FC75B9DECAC0 | BASKET | HIDDEN_HALO | U_PAVE | GOLD | KT_18 | 1ct | imgs:3
[02:52:38][PRINCESS] [5345] ? NIV-CCCDB7101BDC0BC0 | BASKET | HIDDEN_HALO | U_PAVE | GOLD | KT_18 | 1ct | imgs:3
[02:52:41][PRINCESS] [5346] ? NIV-CCCDB7101BDC0BC0 | BASKET | HIDDEN_HALO | U_PAVE | GOLD | KT_18 | 1ct | imgs:3
[02:52:44][PRINCESS] [5347] ? NIV-CCCDB7101BDC0BC0 | BASKET | HIDDEN_HALO | U_PAVE | GOLD | KT_18 | 1ct | imgs:3
[02:52:47][PRINCESS] [5348] ? NIV-454F65D4DD25964D | BASKET | HIDDEN_HALO | U_PAVE | PLATINUM | PT_950 | 1ct | imgs:3
[02:52:53][PRINCESS] [5349] ? NIV-64ECC71BC1281890 | BASKET | HIDDEN_HALO | U_PAVE | GOLD | KT_10 | 1ct | imgs:3
[02:52:59][PRINCESS] [5350] ? NIV-64ECC71BC1281890 | BASKET | HIDDEN_HALO | U_PAVE | GOLD | KT_10 | 1ct | imgs:3
[02:53:02][PRINCESS] [5351] ? NIV-64ECC71BC1281890 | BASKET | HIDDEN_HALO | U_PAVE | GOLD | KT_10 | 1ct | imgs:3
[02:53:05][PRINCESS] [5352] ? NIV-E261680A16ED92AB | BASKET | HIDDEN_HALO | U_PAVE | GOLD | KT_10 | 1ct | imgs:3
[02:53:08][PRINCESS] [5353] ? NIV-E261680A16ED92AB | BASKET | HIDDEN_HALO | U_PAVE | GOLD | KT_10 | 1ct | imgs:3
[02:53:14][PRINCESS] [5354] ? NIV-E261680A16ED92AB | BASKET | HIDDEN_HALO | U_PAVE | GOLD | KT_10 | 1ct | imgs:3
[02:53:17][PRINCESS] [5355] ? NIV-9B3F49009E1AEC7F | BASKET | HIDDEN_HALO | U_PAVE | GOLD | KT_10 | 1ct | imgs:3
[02:53:20][PRINCESS] [5356] ? NIV-9B3F49009E1AEC7F | BASKET | HIDDEN_HALO | U_PAVE | GOLD | KT_10 | 1ct | imgs:3
[02:53:23][PRINCESS] [5357] ? NIV-9B3F49009E1AEC7F | BASKET | HIDDEN_HALO | U_PAVE | GOLD | KT_10 | 1ct | imgs:3
[02:53:27][PRINCESS] [5358] ? NIV-32C3948E60EC6633 | BASKET | HIDDEN_HALO | U_PAVE | GOLD | KT_14 | 1ct | imgs:1
[02:53:32][PRINCESS] [5359] ? NIV-32C3948E60EC6633 | BASKET | HIDDEN_HALO | U_PAVE | GOLD | KT_14 | 1ct | imgs:3
[02:53:35][PRINCESS] [5360] ? NIV-32C3948E60EC6633 | BASKET | HIDDEN_HALO | U_PAVE | GOLD | KT_14 | 1ct | imgs:3
[02:53:38][PRINCESS] [5361] ? NIV-62ED22921F25E936 | BASKET | HIDDEN_HALO | U_PAVE | GOLD | KT_14 | 1ct | imgs:3
[02:53:41][PRINCESS] [5362] ? NIV-62ED22921F25E936 | BASKET | HIDDEN_HALO | U_PAVE | GOLD | KT_14 | 1ct | imgs:3
[02:53:47][PRINCESS] [5363] ? NIV-62ED22921F25E936 | BASKET | HIDDEN_HALO | U_PAVE | GOLD | KT_14 | 1ct | imgs:3
[02:53:56][PRINCESS] [5364] ? NIV-E9964E58B9177D80 | BASKET | HIDDEN_HALO | U_PAVE | GOLD | KT_14 | 1ct | imgs:3
[02:54:02][PRINCESS] [5365] ? NIV-E9964E58B9177D80 | BASKET | HIDDEN_HALO | U_PAVE | GOLD | KT_14 | 1ct | imgs:3
[02:54:05][PRINCESS] [5366] ? NIV-E9964E58B9177D80 | BASKET | HIDDEN_HALO | U_PAVE | GOLD | KT_14 | 1ct | imgs:3
[02:54:09][PRINCESS] [5367] ? NIV-E6A3E135420A8EA5 | BASKET | HIDDEN_HALO | U_PAVE | GOLD | KT_18 | 1ct | imgs:1
[02:54:14][PRINCESS] [5368] ? NIV-E6A3E135420A8EA5 | BASKET | HIDDEN_HALO | U_PAVE | GOLD | KT_18 | 1ct | imgs:3
[02:54:17][PRINCESS] [5369] ? NIV-E6A3E135420A8EA5 | BASKET | HIDDEN_HALO | U_PAVE | GOLD | KT_18 | 1ct | imgs:3
[02:54:20][PRINCESS] [5370] ? NIV-3EFF81B06AB4E55A | BASKET | HIDDEN_HALO | U_PAVE | GOLD | KT_18 | 1ct | imgs:3
[02:54:23][PRINCESS] [5371] ? NIV-3EFF81B06AB4E55A | BASKET | HIDDEN_HALO | U_PAVE | GOLD | KT_18 | 1ct | imgs:3
[02:54:26][PRINCESS] [5372] ? NIV-3EFF81B06AB4E55A | BASKET | HIDDEN_HALO | U_PAVE | GOLD | KT_18 | 1ct | imgs:3
[02:54:29][PRINCESS] [5373] ? NIV-3CCFE7921E10FE1D | BASKET | HIDDEN_HALO | U_PAVE | GOLD | KT_18 | 1ct | imgs:3
[02:54:32][PRINCESS] [5374] ? NIV-3CCFE7921E10FE1D | BASKET | HIDDEN_HALO | U_PAVE | GOLD | KT_18 | 1ct | imgs:3
[02:54:35][PRINCESS] [5375] ? NIV-3CCFE7921E10FE1D | BASKET | HIDDEN_HALO | U_PAVE | GOLD | KT_18 | 1ct | imgs:3
[02:54:38][PRINCESS] [5376] ? NIV-7CECEB78DFAB75F4 | BASKET | HIDDEN_HALO | U_PAVE | PLATINUM | PT_950 | 1ct | imgs:3
[02:54:47][PRINCESS] [5377] ? NIV-A6599EAC5208A39C | BASKET | HIDDEN_HALO | U_PAVE | GOLD | KT_10 | 1ct | imgs:3
[02:54:50][PRINCESS] [5378] ? NIV-A6599EAC5208A39C | BASKET | HIDDEN_HALO | U_PAVE | GOLD | KT_10 | 1ct | imgs:3
[02:54:56][PRINCESS] [5379] ? NIV-A6599EAC5208A39C | BASKET | HIDDEN_HALO | U_PAVE | GOLD | KT_10 | 1ct | imgs:3
[02:54:59][PRINCESS] [5380] ? NIV-6D8D3CB12EB47A7D | BASKET | HIDDEN_HALO | U_PAVE | GOLD | KT_10 | 1ct | imgs:3
[02:55:02][PRINCESS] [5381] ? NIV-6D8D3CB12EB47A7D | BASKET | HIDDEN_HALO | U_PAVE | GOLD | KT_10 | 1ct | imgs:3
[02:55:05][PRINCESS] [5382] ? NIV-6D8D3CB12EB47A7D | BASKET | HIDDEN_HALO | U_PAVE | GOLD | KT_10 | 1ct | imgs:3
[02:55:08][PRINCESS] [5383] ? NIV-79838CFC281998FE | BASKET | HIDDEN_HALO | U_PAVE | GOLD | KT_10 | 1ct | imgs:3
[02:55:14][PRINCESS] [5384] ? NIV-79838CFC281998FE | BASKET | HIDDEN_HALO | U_PAVE | GOLD | KT_10 | 1ct | imgs:3
[02:55:17][PRINCESS] [5385] ? NIV-79838CFC281998FE | BASKET | HIDDEN_HALO | U_PAVE | GOLD | KT_10 | 1ct | imgs:3
[02:55:20][PRINCESS] [5386] ? NIV-CE34163F3E93A617 | BASKET | HIDDEN_HALO | U_PAVE | GOLD | KT_14 | 1ct | imgs:3
[02:55:23][PRINCESS] [5387] ? NIV-CE34163F3E93A617 | BASKET | HIDDEN_HALO | U_PAVE | GOLD | KT_14 | 1ct | imgs:3
[02:55:29][PRINCESS] [5388] ? NIV-CE34163F3E93A617 | BASKET | HIDDEN_HALO | U_PAVE | GOLD | KT_14 | 1ct | imgs:3
[02:55:40][PRINCESS] [5389] ??  NIV-CE34163F3E93A617 | BASKET | HIDDEN_HALO | U_PAVE | GOLD | KT_14 | 1ct | imgs:0
[02:55:52][PRINCESS] [5390] ??  NIV-CE34163F3E93A617 | BASKET | HIDDEN_HALO | U_PAVE | GOLD | KT_14 | 1ct | imgs:0
[02:56:04][PRINCESS] [5391] ??  NIV-CE34163F3E93A617 | BASKET | HIDDEN_HALO | U_PAVE | GOLD | KT_14 | 1ct | imgs:0
[02:56:08][PRINCESS] [5392] ? NIV-A7A9F2C859EFBBDB | BASKET | HIDDEN_HALO | U_PAVE | GOLD | KT_14 | 1ct | imgs:3
[02:56:11][PRINCESS] [5393] ? NIV-A7A9F2C859EFBBDB | BASKET | HIDDEN_HALO | U_PAVE | GOLD | KT_14 | 1ct | imgs:3
[02:56:14][PRINCESS] [5394] ? NIV-A7A9F2C859EFBBDB | BASKET | HIDDEN_HALO | U_PAVE | GOLD | KT_14 | 1ct | imgs:3
[02:56:17][PRINCESS] [5395] ? NIV-1E62D34C4E03351E | BASKET | HIDDEN_HALO | U_PAVE | GOLD | KT_18 | 1ct | imgs:3
[02:56:20][PRINCESS] [5396] ? NIV-1E62D34C4E03351E | BASKET | HIDDEN_HALO | U_PAVE | GOLD | KT_18 | 1ct | imgs:3
[02:56:26][PRINCESS] [5397] ? NIV-1E62D34C4E03351E | BASKET | HIDDEN_HALO | U_PAVE | GOLD | KT_18 | 1ct | imgs:3
[02:56:29][PRINCESS] [5398] ? NIV-13715DAADFB93EB6 | BASKET | HIDDEN_HALO | U_PAVE | GOLD | KT_18 | 1ct | imgs:3
[02:56:35][PRINCESS] [5399] ? NIV-13715DAADFB93EB6 | BASKET | HIDDEN_HALO | U_PAVE | GOLD | KT_18 | 1ct | imgs:3
[02:56:38][PRINCESS] [5400] ? NIV-13715DAADFB93EB6 | BASKET | HIDDEN_HALO | U_PAVE | GOLD | KT_18 | 1ct | imgs:3
[02:56:41][PRINCESS] [5401] ? NIV-20D3D8D6F487C018 | BASKET | HIDDEN_HALO | U_PAVE | GOLD | KT_18 | 1ct | imgs:3
[02:56:44][PRINCESS] [5402] ? NIV-20D3D8D6F487C018 | BASKET | HIDDEN_HALO | U_PAVE | GOLD | KT_18 | 1ct | imgs:3
[02:56:50][PRINCESS] [5403] ? NIV-20D3D8D6F487C018 | BASKET | HIDDEN_HALO | U_PAVE | GOLD | KT_18 | 1ct | imgs:3
[02:56:53][PRINCESS] [5404] ? NIV-0066A3C7DC073276 | BASKET | HIDDEN_HALO | U_PAVE | PLATINUM | PT_950 | 1ct | imgs:3
[02:56:59][PRINCESS] [5405] ? NIV-2AD67E48C6B83F20 | BASKET | HIDDEN_HALO | U_PAVE | GOLD | KT_10 | 1ct | imgs:3
[02:57:05][PRINCESS] [5406] ? NIV-2AD67E48C6B83F20 | BASKET | HIDDEN_HALO | U_PAVE | GOLD | KT_10 | 1ct | imgs:3
[02:57:08][PRINCESS] [5407] ? NIV-2AD67E48C6B83F20 | BASKET | HIDDEN_HALO | U_PAVE | GOLD | KT_10 | 1ct | imgs:3
[02:57:11][PRINCESS] [5408] ? NIV-B3B7EB2DEF95F07A | BASKET | HIDDEN_HALO | U_PAVE | GOLD | KT_10 | 1ct | imgs:3
[02:57:17][PRINCESS] [5409] ? NIV-B3B7EB2DEF95F07A | BASKET | HIDDEN_HALO | U_PAVE | GOLD | KT_10 | 1ct | imgs:3
[02:57:20][PRINCESS] [5410] ? NIV-B3B7EB2DEF95F07A | BASKET | HIDDEN_HALO | U_PAVE | GOLD | KT_10 | 1ct | imgs:3
[02:57:23][PRINCESS] [5411] ? NIV-DFFDDB934C538084 | BASKET | HIDDEN_HALO | U_PAVE | GOLD | KT_10 | 1ct | imgs:3
[02:57:26][PRINCESS] [5412] ? NIV-DFFDDB934C538084 | BASKET | HIDDEN_HALO | U_PAVE | GOLD | KT_10 | 1ct | imgs:3
[02:57:29][PRINCESS] [5413] ? NIV-DFFDDB934C538084 | BASKET | HIDDEN_HALO | U_PAVE | GOLD | KT_10 | 1ct | imgs:3
[02:57:35][PRINCESS] [5414] ? NIV-9C9B2A19AF0B53A7 | BASKET | HIDDEN_HALO | U_PAVE | GOLD | KT_14 | 1ct | imgs:3
[02:57:41][PRINCESS] [5415] ? NIV-9C9B2A19AF0B53A7 | BASKET | HIDDEN_HALO | U_PAVE | GOLD | KT_14 | 1ct | imgs:3
[02:57:44][PRINCESS] [5416] ? NIV-9C9B2A19AF0B53A7 | BASKET | HIDDEN_HALO | U_PAVE | GOLD | KT_14 | 1ct | imgs:3
[02:57:47][PRINCESS] [5417] ? NIV-B5F70368A6E64850 | BASKET | HIDDEN_HALO | U_PAVE | GOLD | KT_14 | 1ct | imgs:1
[02:57:53][PRINCESS] [5418] ? NIV-B5F70368A6E64850 | BASKET | HIDDEN_HALO | U_PAVE | GOLD | KT_14 | 1ct | imgs:3
[02:57:56][PRINCESS] [5419] ? NIV-B5F70368A6E64850 | BASKET | HIDDEN_HALO | U_PAVE | GOLD | KT_14 | 1ct | imgs:3
[02:57:59][PRINCESS] [5420] ? NIV-FAAF4F514666C64F | BASKET | HIDDEN_HALO | U_PAVE | GOLD | KT_14 | 1ct | imgs:3
[02:58:02][PRINCESS] [5421] ? NIV-FAAF4F514666C64F | BASKET | HIDDEN_HALO | U_PAVE | GOLD | KT_14 | 1ct | imgs:3
[02:58:08][PRINCESS] [5422] ? NIV-FAAF4F514666C64F | BASKET | HIDDEN_HALO | U_PAVE | GOLD | KT_14 | 1ct | imgs:3
[02:58:11][PRINCESS] [5423] ? NIV-0B5B0D4C2F392EAB | BASKET | HIDDEN_HALO | U_PAVE | GOLD | KT_18 | 1ct | imgs:3
[02:58:14][PRINCESS] [5424] ? NIV-0B5B0D4C2F392EAB | BASKET | HIDDEN_HALO | U_PAVE | GOLD | KT_18 | 1ct | imgs:3
[02:58:20][PRINCESS] [5425] ? NIV-0B5B0D4C2F392EAB | BASKET | HIDDEN_HALO | U_PAVE | GOLD | KT_18 | 1ct | imgs:3
[02:58:23][PRINCESS] [5426] ? NIV-9FB783957FD73AC4 | BASKET | HIDDEN_HALO | U_PAVE | GOLD | KT_18 | 1ct | imgs:3
[02:58:29][PRINCESS] [5427] ? NIV-9FB783957FD73AC4 | BASKET | HIDDEN_HALO | U_PAVE | GOLD | KT_18 | 1ct | imgs:3
[02:58:32][PRINCESS] [5428] ? NIV-9FB783957FD73AC4 | BASKET | HIDDEN_HALO | U_PAVE | GOLD | KT_18 | 1ct | imgs:3
[02:58:35][PRINCESS] [5429] ? NIV-9E92E8B4376C6838 | BASKET | HIDDEN_HALO | U_PAVE | GOLD | KT_18 | 1ct | imgs:3
[02:58:41][PRINCESS] [5430] ? NIV-9E92E8B4376C6838 | BASKET | HIDDEN_HALO | U_PAVE | GOLD | KT_18 | 1ct | imgs:3
[02:58:47][PRINCESS] [5431] ? NIV-9E92E8B4376C6838 | BASKET | HIDDEN_HALO | U_PAVE | GOLD | KT_18 | 1ct | imgs:3
[02:58:50][PRINCESS] [5432] ? NIV-B4FC807A44FE88E7 | BASKET | HIDDEN_HALO | U_PAVE | PLATINUM | PT_950 | 1ct | imgs:3
[02:58:56][PRINCESS] [5433] ? NIV-84961BBB01AB7BF4 | BASKET | HIDDEN_HALO | U_PAVE | GOLD | KT_10 | 1ct | imgs:3
[02:58:59][PRINCESS] [5434] ? NIV-84961BBB01AB7BF4 | BASKET | HIDDEN_HALO | U_PAVE | GOLD | KT_10 | 1ct | imgs:3
[02:59:02][PRINCESS] [5435] ? NIV-84961BBB01AB7BF4 | BASKET | HIDDEN_HALO | U_PAVE | GOLD | KT_10 | 1ct | imgs:3
[02:59:05][PRINCESS] [5436] ? NIV-7477832E09662CDF | BASKET | HIDDEN_HALO | U_PAVE | GOLD | KT_10 | 1ct | imgs:3
[02:59:08][PRINCESS] [5437] ? NIV-7477832E09662CDF | BASKET | HIDDEN_HALO | U_PAVE | GOLD | KT_10 | 1ct | imgs:3
[02:59:14][PRINCESS] [5438] ? NIV-7477832E09662CDF | BASKET | HIDDEN_HALO | U_PAVE | GOLD | KT_10 | 1ct | imgs:3
[02:59:17][PRINCESS] [5439] ? NIV-323C63E192633AD4 | BASKET | HIDDEN_HALO | U_PAVE | GOLD | KT_10 | 1ct | imgs:3
[02:59:20][PRINCESS] [5440] ? NIV-323C63E192633AD4 | BASKET | HIDDEN_HALO | U_PAVE | GOLD | KT_10 | 1ct | imgs:3
[02:59:26][PRINCESS] [5441] ? NIV-323C63E192633AD4 | BASKET | HIDDEN_HALO | U_PAVE | GOLD | KT_10 | 1ct | imgs:3
[02:59:29][PRINCESS] [5442] ? NIV-A64343713F996824 | BASKET | HIDDEN_HALO | U_PAVE | GOLD | KT_14 | 1ct | imgs:3
[02:59:32][PRINCESS] [5443] ? NIV-A64343713F996824 | BASKET | HIDDEN_HALO | U_PAVE | GOLD | KT_14 | 1ct | imgs:3
[02:59:38][PRINCESS] [5444] ? NIV-A64343713F996824 | BASKET | HIDDEN_HALO | U_PAVE | GOLD | KT_14 | 1ct | imgs:3
[02:59:41][PRINCESS] [5445] ? NIV-13659A84506F0C20 | BASKET | HIDDEN_HALO | U_PAVE | GOLD | KT_14 | 1ct | imgs:3
[02:59:44][PRINCESS] [5446] ? NIV-13659A84506F0C20 | BASKET | HIDDEN_HALO | U_PAVE | GOLD | KT_14 | 1ct | imgs:3
[02:59:50][PRINCESS] [5447] ? NIV-13659A84506F0C20 | BASKET | HIDDEN_HALO | U_PAVE | GOLD | KT_14 | 1ct | imgs:3
[02:59:53][PRINCESS] [5448] ? NIV-D7F6C1AF03BD05DA | BASKET | HIDDEN_HALO | U_PAVE | GOLD | KT_14 | 1ct | imgs:3
[02:59:56][PRINCESS] [5449] ? NIV-D7F6C1AF03BD05DA | BASKET | HIDDEN_HALO | U_PAVE | GOLD | KT_14 | 1ct | imgs:3
[03:00:02][PRINCESS] [5450] ? NIV-D7F6C1AF03BD05DA | BASKET | HIDDEN_HALO | U_PAVE | GOLD | KT_14 | 1ct | imgs:3
[03:00:05][PRINCESS] [5451] ? NIV-8A3E4E9E772678AB | BASKET | HIDDEN_HALO | U_PAVE | GOLD | KT_18 | 1ct | imgs:3
[03:00:08][PRINCESS] [5452] ? NIV-8A3E4E9E772678AB | BASKET | HIDDEN_HALO | U_PAVE | GOLD | KT_18 | 1ct | imgs:3
[03:00:14][PRINCESS] [5453] ? NIV-8A3E4E9E772678AB | BASKET | HIDDEN_HALO | U_PAVE | GOLD | KT_18 | 1ct | imgs:3
[03:00:17][PRINCESS] [5454] ? NIV-0B52F3F177754016 | BASKET | HIDDEN_HALO | U_PAVE | GOLD | KT_18 | 1ct | imgs:3
[03:00:23][PRINCESS] [5455] ? NIV-0B52F3F177754016 | BASKET | HIDDEN_HALO | U_PAVE | GOLD | KT_18 | 1ct | imgs:3
[03:00:26][PRINCESS] [5456] ? NIV-0B52F3F177754016 | BASKET | HIDDEN_HALO | U_PAVE | GOLD | KT_18 | 1ct | imgs:3
[03:00:29][PRINCESS] [5457] ? NIV-E2E92AF507CE30FC | BASKET | HIDDEN_HALO | U_PAVE | GOLD | KT_18 | 1ct | imgs:3
[03:00:35][PRINCESS] [5458] ? NIV-E2E92AF507CE30FC | BASKET | HIDDEN_HALO | U_PAVE | GOLD | KT_18 | 1ct | imgs:3
[03:00:38][PRINCESS] [5459] ? NIV-E2E92AF507CE30FC | BASKET | HIDDEN_HALO | U_PAVE | GOLD | KT_18 | 1ct | imgs:3
[03:00:41][PRINCESS] [5460] ? NIV-8ED8370CDB62BE74 | BASKET | HIDDEN_HALO | U_PAVE | PLATINUM | PT_950 | 1ct | imgs:3
[03:00:47][PRINCESS] [5461] ? NIV-9140416EB6370322 | BASKET | HIDDEN_HALO | U_PAVE | GOLD | KT_10 | 1ct | imgs:3
[03:00:53][PRINCESS] [5462] ? NIV-9140416EB6370322 | BASKET | HIDDEN_HALO | U_PAVE | GOLD | KT_10 | 1ct | imgs:3
[03:00:59][PRINCESS] [5463] ? NIV-9140416EB6370322 | BASKET | HIDDEN_HALO | U_PAVE | GOLD | KT_10 | 1ct | imgs:3
[03:01:02][PRINCESS] [5464] ? NIV-037C6906B63C0685 | BASKET | HIDDEN_HALO | U_PAVE | GOLD | KT_10 | 1ct | imgs:3
[03:01:05][PRINCESS] [5465] ? NIV-037C6906B63C0685 | BASKET | HIDDEN_HALO | U_PAVE | GOLD | KT_10 | 1ct | imgs:3
[03:01:11][PRINCESS] [5466] ? NIV-037C6906B63C0685 | BASKET | HIDDEN_HALO | U_PAVE | GOLD | KT_10 | 1ct | imgs:3
[03:01:14][PRINCESS] [5467] ? NIV-A22222B9BDE4AAC3 | BASKET | HIDDEN_HALO | U_PAVE | GOLD | KT_10 | 1ct | imgs:3
[03:01:20][PRINCESS] [5468] ? NIV-A22222B9BDE4AAC3 | BASKET | HIDDEN_HALO | U_PAVE | GOLD | KT_10 | 1ct | imgs:3
[03:01:23][PRINCESS] [5469] ? NIV-A22222B9BDE4AAC3 | BASKET | HIDDEN_HALO | U_PAVE | GOLD | KT_10 | 1ct | imgs:3
[03:01:29][PRINCESS] [5470] ? NIV-E2ADEAEF7C608693 | BASKET | HIDDEN_HALO | U_PAVE | GOLD | KT_14 | 1ct | imgs:3
[03:01:35][PRINCESS] [5471] ? NIV-E2ADEAEF7C608693 | BASKET | HIDDEN_HALO | U_PAVE | GOLD | KT_14 | 1ct | imgs:3
[03:01:38][PRINCESS] [5472] ? NIV-E2ADEAEF7C608693 | BASKET | HIDDEN_HALO | U_PAVE | GOLD | KT_14 | 1ct | imgs:3
[03:01:41][PRINCESS] [5473] ? NIV-D481C87ACF3D3CFF | BASKET | HIDDEN_HALO | U_PAVE | GOLD | KT_14 | 1ct | imgs:3
[03:01:44][PRINCESS] [5474] ? NIV-D481C87ACF3D3CFF | BASKET | HIDDEN_HALO | U_PAVE | GOLD | KT_14 | 1ct | imgs:3
[03:01:50][PRINCESS] [5475] ? NIV-D481C87ACF3D3CFF | BASKET | HIDDEN_HALO | U_PAVE | GOLD | KT_14 | 1ct | imgs:3
[03:01:53][PRINCESS] [5476] ? NIV-13EB0C3831FE61E6 | BASKET | HIDDEN_HALO | U_PAVE | GOLD | KT_14 | 1ct | imgs:3
[03:01:59][PRINCESS] [5477] ? NIV-13EB0C3831FE61E6 | BASKET | HIDDEN_HALO | U_PAVE | GOLD | KT_14 | 1ct | imgs:3
[03:02:02][PRINCESS] [5478] ? NIV-13EB0C3831FE61E6 | BASKET | HIDDEN_HALO | U_PAVE | GOLD | KT_14 | 1ct | imgs:3
[03:02:08][PRINCESS] [5479] ? NIV-3AAD7F3253BBDC09 | BASKET | HIDDEN_HALO | U_PAVE | GOLD | KT_18 | 1ct | imgs:3
[03:02:14][PRINCESS] [5480] ? NIV-3AAD7F3253BBDC09 | BASKET | HIDDEN_HALO | U_PAVE | GOLD | KT_18 | 1ct | imgs:3
[03:02:17][PRINCESS] [5481] ? NIV-3AAD7F3253BBDC09 | BASKET | HIDDEN_HALO | U_PAVE | GOLD | KT_18 | 1ct | imgs:3
[03:02:20][PRINCESS] [5482] ? NIV-7BF2681C79376DE7 | BASKET | HIDDEN_HALO | U_PAVE | GOLD | KT_18 | 1ct | imgs:3
[03:02:26][PRINCESS] [5483] ? NIV-7BF2681C79376DE7 | BASKET | HIDDEN_HALO | U_PAVE | GOLD | KT_18 | 1ct | imgs:3
[03:02:29][PRINCESS] [5484] ? NIV-7BF2681C79376DE7 | BASKET | HIDDEN_HALO | U_PAVE | GOLD | KT_18 | 1ct | imgs:3
[03:02:32][PRINCESS] [5485] ? NIV-7A14F3F505DAC92B | BASKET | HIDDEN_HALO | U_PAVE | GOLD | KT_18 | 1ct | imgs:3
[03:02:35][PRINCESS] [5486] ? NIV-7A14F3F505DAC92B | BASKET | HIDDEN_HALO | U_PAVE | GOLD | KT_18 | 1ct | imgs:3
[03:02:38][PRINCESS] [5487] ? NIV-7A14F3F505DAC92B | BASKET | HIDDEN_HALO | U_PAVE | GOLD | KT_18 | 1ct | imgs:3
[03:02:41][PRINCESS] [5488] ? NIV-1C85E50F81E07A90 | BASKET | HIDDEN_HALO | U_PAVE | PLATINUM | PT_950 | 1ct | imgs:3
[03:02:47][PRINCESS] [5489] ? NIV-ECDCFED2648D9862 | BASKET | HIDDEN_HALO | U_PAVE | GOLD | KT_10 | 1ct | imgs:3
[03:02:50][PRINCESS] [5490] ? NIV-ECDCFED2648D9862 | BASKET | HIDDEN_HALO | U_PAVE | GOLD | KT_10 | 1ct | imgs:3
[03:02:53][PRINCESS] [5491] ? NIV-ECDCFED2648D9862 | BASKET | HIDDEN_HALO | U_PAVE | GOLD | KT_10 | 1ct | imgs:3
[03:02:56][PRINCESS] [5492] ? NIV-15E7FEC96A695D4B | BASKET | HIDDEN_HALO | U_PAVE | GOLD | KT_10 | 1ct | imgs:3
[03:02:59][PRINCESS] [5493] ? NIV-15E7FEC96A695D4B | BASKET | HIDDEN_HALO | U_PAVE | GOLD | KT_10 | 1ct | imgs:3
[03:03:02][PRINCESS] [5494] ? NIV-15E7FEC96A695D4B | BASKET | HIDDEN_HALO | U_PAVE | GOLD | KT_10 | 1ct | imgs:3
[03:03:05][PRINCESS] [5495] ? NIV-B8DB85AE0E21703D | BASKET | HIDDEN_HALO | U_PAVE | GOLD | KT_10 | 1ct | imgs:3
[03:03:08][PRINCESS] [5496] ? NIV-B8DB85AE0E21703D | BASKET | HIDDEN_HALO | U_PAVE | GOLD | KT_10 | 1ct | imgs:3
[03:03:14][PRINCESS] [5497] ? NIV-B8DB85AE0E21703D | BASKET | HIDDEN_HALO | U_PAVE | GOLD | KT_10 | 1ct | imgs:3
[03:03:17][PRINCESS] [5498] ? NIV-EE427C87D629E49A | BASKET | HIDDEN_HALO | U_PAVE | GOLD | KT_14 | 1ct | imgs:3
[03:03:20][PRINCESS] [5499] ? NIV-EE427C87D629E49A | BASKET | HIDDEN_HALO | U_PAVE | GOLD | KT_14 | 1ct | imgs:3
[03:03:26][PRINCESS] [5500] ? NIV-EE427C87D629E49A | BASKET | HIDDEN_HALO | U_PAVE | GOLD | KT_14 | 1ct | imgs:3
[03:03:29][PRINCESS] [5501] ? NIV-B946BBB210779FF2 | BASKET | HIDDEN_HALO | U_PAVE | GOLD | KT_14 | 1ct | imgs:3
[03:03:35][PRINCESS] [5502] ? NIV-B946BBB210779FF2 | BASKET | HIDDEN_HALO | U_PAVE | GOLD | KT_14 | 1ct | imgs:3
[03:03:38][PRINCESS] [5503] ? NIV-B946BBB210779FF2 | BASKET | HIDDEN_HALO | U_PAVE | GOLD | KT_14 | 1ct | imgs:3
[03:03:41][PRINCESS] [5504] ? NIV-435D7C4C01FB1ABE | BASKET | HIDDEN_HALO | U_PAVE | GOLD | KT_14 | 1ct | imgs:3
[03:03:44][PRINCESS] [5505] ? NIV-435D7C4C01FB1ABE | BASKET | HIDDEN_HALO | U_PAVE | GOLD | KT_14 | 1ct | imgs:3
[03:03:50][PRINCESS] [5506] ? NIV-435D7C4C01FB1ABE | BASKET | HIDDEN_HALO | U_PAVE | GOLD | KT_14 | 1ct | imgs:3
[03:03:53][PRINCESS] [5507] ? NIV-907412E350773742 | BASKET | HIDDEN_HALO | U_PAVE | GOLD | KT_18 | 1ct | imgs:3
[03:03:59][PRINCESS] [5508] ? NIV-907412E350773742 | BASKET | HIDDEN_HALO | U_PAVE | GOLD | KT_18 | 1ct | imgs:3
[03:04:05][PRINCESS] [5509] ? NIV-907412E350773742 | BASKET | HIDDEN_HALO | U_PAVE | GOLD | KT_18 | 1ct | imgs:3
[03:04:08][PRINCESS] [5510] ? NIV-C9BCCE4F42246D18 | BASKET | HIDDEN_HALO | U_PAVE | GOLD | KT_18 | 1ct | imgs:3
[03:04:11][PRINCESS] [5511] ? NIV-C9BCCE4F42246D18 | BASKET | HIDDEN_HALO | U_PAVE | GOLD | KT_18 | 1ct | imgs:3
[03:04:17][PRINCESS] [5512] ? NIV-C9BCCE4F42246D18 | BASKET | HIDDEN_HALO | U_PAVE | GOLD | KT_18 | 1ct | imgs:3
[03:04:20][PRINCESS] [5513] ? NIV-5A97DE41E3DB6971 | BASKET | HIDDEN_HALO | U_PAVE | GOLD | KT_18 | 1ct | imgs:3
[03:04:23][PRINCESS] [5514] ? NIV-5A97DE41E3DB6971 | BASKET | HIDDEN_HALO | U_PAVE | GOLD | KT_18 | 1ct | imgs:3
[03:04:29][PRINCESS] [5515] ? NIV-5A97DE41E3DB6971 | BASKET | HIDDEN_HALO | U_PAVE | GOLD | KT_18 | 1ct | imgs:3
[03:04:32][PRINCESS] [5516] ? NIV-4D8A648CDAC2C53C | BASKET | HIDDEN_HALO | U_PAVE | PLATINUM | PT_950 | 1ct | imgs:3
[03:04:35][PRINCESS] [5517] ? NIV-9B012EEC42376B76 | BASKET | HIDDEN_HALO | U_PAVE | GOLD | KT_10 | 1ct | imgs:3
[03:04:41][PRINCESS] [5518] ? NIV-9B012EEC42376B76 | BASKET | HIDDEN_HALO | U_PAVE | GOLD | KT_10 | 1ct | imgs:3
[03:04:44][PRINCESS] [5519] ? NIV-9B012EEC42376B76 | BASKET | HIDDEN_HALO | U_PAVE | GOLD | KT_10 | 1ct | imgs:3
[03:04:47][PRINCESS] [5520] ? NIV-BF527EF17B2D42F3 | BASKET | HIDDEN_HALO | U_PAVE | GOLD | KT_10 | 1ct | imgs:3
[03:04:50][PRINCESS] [5521] ? NIV-BF527EF17B2D42F3 | BASKET | HIDDEN_HALO | U_PAVE | GOLD | KT_10 | 1ct | imgs:3
[03:04:53][PRINCESS] [5522] ? NIV-BF527EF17B2D42F3 | BASKET | HIDDEN_HALO | U_PAVE | GOLD | KT_10 | 1ct | imgs:3
[03:04:56][PRINCESS] [5523] ? NIV-22EA9A8B678CE6FE | BASKET | HIDDEN_HALO | U_PAVE | GOLD | KT_10 | 1ct | imgs:3
[03:04:59][PRINCESS] [5524] ? NIV-22EA9A8B678CE6FE | BASKET | HIDDEN_HALO | U_PAVE | GOLD | KT_10 | 1ct | imgs:3
[03:05:05][PRINCESS] [5525] ? NIV-22EA9A8B678CE6FE | BASKET | HIDDEN_HALO | U_PAVE | GOLD | KT_10 | 1ct | imgs:3
[03:05:08][PRINCESS] [5526] ? NIV-ADC7A4E055000400 | BASKET | HIDDEN_HALO | U_PAVE | GOLD | KT_14 | 1ct | imgs:3
[03:05:14][PRINCESS] [5527] ? NIV-ADC7A4E055000400 | BASKET | HIDDEN_HALO | U_PAVE | GOLD | KT_14 | 1ct | imgs:3
[03:05:17][PRINCESS] [5528] ? NIV-ADC7A4E055000400 | BASKET | HIDDEN_HALO | U_PAVE | GOLD | KT_14 | 1ct | imgs:3
[03:05:20][PRINCESS] [5529] ? NIV-FF5165546870C654 | BASKET | HIDDEN_HALO | U_PAVE | GOLD | KT_14 | 1ct | imgs:3
[03:05:23][PRINCESS] [5530] ? NIV-FF5165546870C654 | BASKET | HIDDEN_HALO | U_PAVE | GOLD | KT_14 | 1ct | imgs:3
[03:05:26][PRINCESS] [5531] ? NIV-FF5165546870C654 | BASKET | HIDDEN_HALO | U_PAVE | GOLD | KT_14 | 1ct | imgs:3
[03:05:29][PRINCESS] [5532] ? NIV-BA9F4238C65F8C8D | BASKET | HIDDEN_HALO | U_PAVE | GOLD | KT_14 | 1ct | imgs:3
[03:05:32][PRINCESS] [5533] ? NIV-BA9F4238C65F8C8D | BASKET | HIDDEN_HALO | U_PAVE | GOLD | KT_14 | 1ct | imgs:3
[03:05:35][PRINCESS] [5534] ? NIV-BA9F4238C65F8C8D | BASKET | HIDDEN_HALO | U_PAVE | GOLD | KT_14 | 1ct | imgs:3
[03:05:38][PRINCESS] [5535] ? NIV-B6F5592D0200383D | BASKET | HIDDEN_HALO | U_PAVE | GOLD | KT_18 | 1ct | imgs:3
[03:05:41][PRINCESS] [5536] ? NIV-B6F5592D0200383D | BASKET | HIDDEN_HALO | U_PAVE | GOLD | KT_18 | 1ct | imgs:3
[03:05:47][PRINCESS] [5537] ? NIV-B6F5592D0200383D | BASKET | HIDDEN_HALO | U_PAVE | GOLD | KT_18 | 1ct | imgs:3
[03:05:50][PRINCESS] [5538] ? NIV-D88499C5C6009635 | BASKET | HIDDEN_HALO | U_PAVE | GOLD | KT_18 | 1ct | imgs:3
[03:05:53][PRINCESS] [5539] ? NIV-D88499C5C6009635 | BASKET | HIDDEN_HALO | U_PAVE | GOLD | KT_18 | 1ct | imgs:3
[03:05:56][PRINCESS] [5540] ? NIV-D88499C5C6009635 | BASKET | HIDDEN_HALO | U_PAVE | GOLD | KT_18 | 1ct | imgs:3
[03:05:59][PRINCESS] [5541] ? NIV-B2925C4C70A7A584 | BASKET | HIDDEN_HALO | U_PAVE | GOLD | KT_18 | 1ct | imgs:3
[03:06:02][PRINCESS] [5542] ? NIV-B2925C4C70A7A584 | BASKET | HIDDEN_HALO | U_PAVE | GOLD | KT_18 | 1ct | imgs:3
[03:06:05][PRINCESS] [5543] ? NIV-B2925C4C70A7A584 | BASKET | HIDDEN_HALO | U_PAVE | GOLD | KT_18 | 1ct | imgs:3
[03:06:08][PRINCESS] [5544] ? NIV-87A7D07610F1FA92 | BASKET | HIDDEN_HALO | U_PAVE | PLATINUM | PT_950 | 1ct | imgs:3
[03:06:14][PRINCESS] [5545] ? NIV-DEB2E961D3FE1053 | BASKET | HIDDEN_HALO | U_PAVE | GOLD | KT_10 | 1ct | imgs:3
[03:06:17][PRINCESS] [5546] ? NIV-DEB2E961D3FE1053 | BASKET | HIDDEN_HALO | U_PAVE | GOLD | KT_10 | 1ct | imgs:3
[03:06:23][PRINCESS] [5547] ? NIV-DEB2E961D3FE1053 | BASKET | HIDDEN_HALO | U_PAVE | GOLD | KT_10 | 1ct | imgs:3
[03:06:26][PRINCESS] [5548] ? NIV-6FAA4351A681DC06 | BASKET | HIDDEN_HALO | U_PAVE | GOLD | KT_10 | 1ct | imgs:3
[03:06:29][PRINCESS] [5549] ? NIV-6FAA4351A681DC06 | BASKET | HIDDEN_HALO | U_PAVE | GOLD | KT_10 | 1ct | imgs:3
[03:06:32][PRINCESS] [5550] ? NIV-6FAA4351A681DC06 | BASKET | HIDDEN_HALO | U_PAVE | GOLD | KT_10 | 1ct | imgs:3
[03:06:35][PRINCESS] [5551] ? NIV-A9637F5455BD80D1 | BASKET | HIDDEN_HALO | U_PAVE | GOLD | KT_10 | 1ct | imgs:3
[03:06:38][PRINCESS] [5552] ? NIV-A9637F5455BD80D1 | BASKET | HIDDEN_HALO | U_PAVE | GOLD | KT_10 | 1ct | imgs:3
[03:06:41][PRINCESS] [5553] ? NIV-A9637F5455BD80D1 | BASKET | HIDDEN_HALO | U_PAVE | GOLD | KT_10 | 1ct | imgs:3
[03:06:44][PRINCESS] [5554] ? NIV-410CBC983E493667 | BASKET | HIDDEN_HALO | U_PAVE | GOLD | KT_14 | 1ct | imgs:3
[03:06:50][PRINCESS] [5555] ? NIV-410CBC983E493667 | BASKET | HIDDEN_HALO | U_PAVE | GOLD | KT_14 | 1ct | imgs:3
[03:06:53][PRINCESS] [5556] ? NIV-410CBC983E493667 | BASKET | HIDDEN_HALO | U_PAVE | GOLD | KT_14 | 1ct | imgs:3
[03:06:56][PRINCESS] [5557] ? NIV-FEB93E3872FB852B | BASKET | HIDDEN_HALO | U_PAVE | GOLD | KT_14 | 1ct | imgs:3
[03:06:59][PRINCESS] [5558] ? NIV-FEB93E3872FB852B | BASKET | HIDDEN_HALO | U_PAVE | GOLD | KT_14 | 1ct | imgs:3
[03:07:02][PRINCESS] [5559] ? NIV-FEB93E3872FB852B | BASKET | HIDDEN_HALO | U_PAVE | GOLD | KT_14 | 1ct | imgs:3
[03:07:05][PRINCESS] [5560] ? NIV-B2FC181C20B4A272 | BASKET | HIDDEN_HALO | U_PAVE | GOLD | KT_14 | 1ct | imgs:3
[03:07:08][PRINCESS] [5561] ? NIV-B2FC181C20B4A272 | BASKET | HIDDEN_HALO | U_PAVE | GOLD | KT_14 | 1ct | imgs:3
[03:07:11][PRINCESS] [5562] ? NIV-B2FC181C20B4A272 | BASKET | HIDDEN_HALO | U_PAVE | GOLD | KT_14 | 1ct | imgs:3
[03:07:14][PRINCESS] [5563] ? NIV-3747314136F1D8B0 | BASKET | HIDDEN_HALO | U_PAVE | GOLD | KT_18 | 1ct | imgs:3
[03:07:20][PRINCESS] [5564] ? NIV-3747314136F1D8B0 | BASKET | HIDDEN_HALO | U_PAVE | GOLD | KT_18 | 1ct | imgs:3
[03:07:23][PRINCESS] [5565] ? NIV-3747314136F1D8B0 | BASKET | HIDDEN_HALO | U_PAVE | GOLD | KT_18 | 1ct | imgs:3
[03:07:26][PRINCESS] [5566] ? NIV-D6270744A41CCCA6 | BASKET | HIDDEN_HALO | U_PAVE | GOLD | KT_18 | 1ct | imgs:3
[03:07:29][PRINCESS] [5567] ? NIV-D6270744A41CCCA6 | BASKET | HIDDEN_HALO | U_PAVE | GOLD | KT_18 | 1ct | imgs:3
[03:07:43][PRINCESS] [5568] ??  NIV-D6270744A41CCCA6 | BASKET | HIDDEN_HALO | U_PAVE | GOLD | KT_18 | 1ct | imgs:0
[03:07:43][PRINCESS]   Re-seleccionando PRINCESS (intento 1)
[03:07:43][PRINCESS]   Boton no encontrado ? recargando configurador...
[03:07:59][PRINCESS]   Re-seleccionando PRINCESS (intento 2)
[03:08:03][PRINCESS] [5569] ? NIV-46DA39283D61D6BC | BASKET | HIDDEN_HALO | U_PAVE | GOLD | KT_18 | 1ct | imgs:3
[03:08:06][PRINCESS] [5570] ? NIV-35370568AF326438 | BASKET | HIDDEN_HALO | U_PAVE | GOLD | KT_18 | 1ct | imgs:3
[03:08:09][PRINCESS] [5571] ? NIV-5A0398DDCC86DF0F | BASKET | HIDDEN_HALO | U_PAVE | GOLD | KT_18 | 1ct | imgs:3
[03:08:12][PRINCESS] [5572] ? NIV-D04C0916386418DA | BASKET | HIDDEN_HALO | U_PAVE | PLATINUM | PT_950 | 1ct | imgs:3
[03:08:18][PRINCESS] [5573] ? NIV-3B5703AFD01F4CE6 | BASKET | HIDDEN_HALO | U_PAVE | GOLD | KT_10 | 1ct | imgs:3
[03:08:21][PRINCESS] [5574] ? NIV-3B5703AFD01F4CE6 | BASKET | HIDDEN_HALO | U_PAVE | GOLD | KT_10 | 1ct | imgs:3
[03:08:25][PRINCESS] [5575] ? NIV-3B5703AFD01F4CE6 | BASKET | HIDDEN_HALO | U_PAVE | GOLD | KT_10 | 1ct | imgs:3
[03:08:27][PRINCESS] [5576] ? NIV-49BE38DA37FE3E1A | BASKET | HIDDEN_HALO | U_PAVE | GOLD | KT_10 | 1ct | imgs:3
[03:08:31][PRINCESS] [5577] ? NIV-49BE38DA37FE3E1A | BASKET | HIDDEN_HALO | U_PAVE | GOLD | KT_10 | 1ct | imgs:3
[03:08:34][PRINCESS] [5578] ? NIV-49BE38DA37FE3E1A | BASKET | HIDDEN_HALO | U_PAVE | GOLD | KT_10 | 1ct | imgs:3
[03:08:37][PRINCESS] [5579] ? NIV-884E8B76B5A5204E | BASKET | HIDDEN_HALO | U_PAVE | GOLD | KT_10 | 1ct | imgs:3
[03:08:40][PRINCESS] [5580] ? NIV-884E8B76B5A5204E | BASKET | HIDDEN_HALO | U_PAVE | GOLD | KT_10 | 1ct | imgs:3
[03:08:45][PRINCESS] [5581] ? NIV-884E8B76B5A5204E | BASKET | HIDDEN_HALO | U_PAVE | GOLD | KT_10 | 1ct | imgs:3
[03:08:48][PRINCESS] [5582] ? NIV-2813B1F9A82E3673 | BASKET | HIDDEN_HALO | U_PAVE | GOLD | KT_14 | 1ct | imgs:3
[03:08:52][PRINCESS] [5583] ? NIV-2813B1F9A82E3673 | BASKET | HIDDEN_HALO | U_PAVE | GOLD | KT_14 | 1ct | imgs:3
[03:08:57][PRINCESS] [5584] ? NIV-2813B1F9A82E3673 | BASKET | HIDDEN_HALO | U_PAVE | GOLD | KT_14 | 1ct | imgs:3
[03:09:00][PRINCESS] [5585] ? NIV-7568A7CC0BE4FB9E | BASKET | HIDDEN_HALO | U_PAVE | GOLD | KT_14 | 1ct | imgs:3
[03:09:04][PRINCESS] [5586] ? NIV-7568A7CC0BE4FB9E | BASKET | HIDDEN_HALO | U_PAVE | GOLD | KT_14 | 1ct | imgs:3
[03:09:07][PRINCESS] [5587] ? NIV-7568A7CC0BE4FB9E | BASKET | HIDDEN_HALO | U_PAVE | GOLD | KT_14 | 1ct | imgs:3
[03:09:09][PRINCESS] [5588] ? NIV-97E58758885A7FAA | BASKET | HIDDEN_HALO | U_PAVE | GOLD | KT_14 | 1ct | imgs:3
[03:09:13][PRINCESS] [5589] ? NIV-97E58758885A7FAA | BASKET | HIDDEN_HALO | U_PAVE | GOLD | KT_14 | 1ct | imgs:3
[03:09:18][PRINCESS] [5590] ? NIV-97E58758885A7FAA | BASKET | HIDDEN_HALO | U_PAVE | GOLD | KT_14 | 1ct | imgs:3
[03:09:21][PRINCESS] [5591] ? NIV-EA9DDBFB090D5B80 | BASKET | HIDDEN_HALO | U_PAVE | GOLD | KT_18 | 1ct | imgs:3
[03:09:27][PRINCESS] [5592] ? NIV-EA9DDBFB090D5B80 | BASKET | HIDDEN_HALO | U_PAVE | GOLD | KT_18 | 1ct | imgs:3
[03:09:33][PRINCESS] [5593] ? NIV-EA9DDBFB090D5B80 | BASKET | HIDDEN_HALO | U_PAVE | GOLD | KT_18 | 1ct | imgs:3
[03:09:37][PRINCESS] [5594] ? NIV-996F143EBF14C6A5 | BASKET | HIDDEN_HALO | U_PAVE | GOLD | KT_18 | 1ct | imgs:3
[03:09:40][PRINCESS] [5595] ? NIV-996F143EBF14C6A5 | BASKET | HIDDEN_HALO | U_PAVE | GOLD | KT_18 | 1ct | imgs:3
[03:09:46][PRINCESS] [5596] ? NIV-996F143EBF14C6A5 | BASKET | HIDDEN_HALO | U_PAVE | GOLD | KT_18 | 1ct | imgs:3
[03:09:56][PRINCESS] [5597] ??  NIV-996F143EBF14C6A5 | BASKET | HIDDEN_HALO | U_PAVE | GOLD | KT_18 | 1ct | imgs:0
[03:10:08][PRINCESS] [5598] ??  NIV-996F143EBF14C6A5 | BASKET | HIDDEN_HALO | U_PAVE | GOLD | KT_18 | 1ct | imgs:0
[03:10:13][PRINCESS] [5599] ? NIV-832BCF5852C10980 | BASKET | HIDDEN_HALO | U_PAVE | GOLD | KT_18 | 1ct | imgs:3
[03:10:15][PRINCESS] [5600] ? NIV-EC69098B07D1DDCB | BASKET | HIDDEN_HALO | U_PAVE | PLATINUM | PT_950 | 1ct | imgs:3
[03:10:19][PRINCESS] [5601] ? NIV-1C69D37EE704B015 | BASKET | HIDDEN_HALO | U_PAVE | GOLD | KT_10 | 1ct | imgs:3
[03:10:24][PRINCESS] [5602] ? NIV-1C69D37EE704B015 | BASKET | HIDDEN_HALO | U_PAVE | GOLD | KT_10 | 1ct | imgs:3
[03:10:28][PRINCESS] [5603] ? NIV-1C69D37EE704B015 | BASKET | HIDDEN_HALO | U_PAVE | GOLD | KT_10 | 1ct | imgs:3
[03:10:34][PRINCESS] [5604] ? NIV-811C46B847CA0732 | BASKET | HIDDEN_HALO | U_PAVE | GOLD | KT_10 | 1ct | imgs:2
[03:10:39][PRINCESS] [5605] ? NIV-811C46B847CA0732 | BASKET | HIDDEN_HALO | U_PAVE | GOLD | KT_10 | 1ct | imgs:3
[03:10:43][PRINCESS] [5606] ? NIV-811C46B847CA0732 | BASKET | HIDDEN_HALO | U_PAVE | GOLD | KT_10 | 1ct | imgs:3
[03:10:45][PRINCESS] [5607] ? NIV-FD765475741E9C80 | BASKET | HIDDEN_HALO | U_PAVE | GOLD | KT_10 | 1ct | imgs:3
[03:10:49][PRINCESS] [5608] ? NIV-FD765475741E9C80 | BASKET | HIDDEN_HALO | U_PAVE | GOLD | KT_10 | 1ct | imgs:3
[03:10:52][PRINCESS] [5609] ? NIV-FD765475741E9C80 | BASKET | HIDDEN_HALO | U_PAVE | GOLD | KT_10 | 1ct | imgs:3
[03:10:58][PRINCESS] [5610] ? NIV-9ACE46542A509E6C | BASKET | HIDDEN_HALO | U_PAVE | GOLD | KT_14 | 1ct | imgs:3
[03:11:01][PRINCESS] [5611] ? NIV-9ACE46542A509E6C | BASKET | HIDDEN_HALO | U_PAVE | GOLD | KT_14 | 1ct | imgs:3
[03:11:07][PRINCESS] [5612] ? NIV-9ACE46542A509E6C | BASKET | HIDDEN_HALO | U_PAVE | GOLD | KT_14 | 1ct | imgs:3
[03:11:09][PRINCESS] [5613] ? NIV-13C385FD9A943A54 | BASKET | HIDDEN_HALO | U_PAVE | GOLD | KT_14 | 1ct | imgs:3
[03:11:13][PRINCESS] [5614] ? NIV-13C385FD9A943A54 | BASKET | HIDDEN_HALO | U_PAVE | GOLD | KT_14 | 1ct | imgs:3
[03:11:18][PRINCESS] [5615] ? NIV-13C385FD9A943A54 | BASKET | HIDDEN_HALO | U_PAVE | GOLD | KT_14 | 1ct | imgs:3
[03:11:21][PRINCESS] [5616] ? NIV-0F1C1E19C9630D17 | BASKET | HIDDEN_HALO | U_PAVE | GOLD | KT_14 | 1ct | imgs:3
[03:11:25][PRINCESS] [5617] ? NIV-0F1C1E19C9630D17 | BASKET | HIDDEN_HALO | U_PAVE | GOLD | KT_14 | 1ct | imgs:3
[03:11:30][PRINCESS] [5618] ? NIV-0F1C1E19C9630D17 | BASKET | HIDDEN_HALO | U_PAVE | GOLD | KT_14 | 1ct | imgs:3
[03:11:34][PRINCESS] [5619] ? NIV-6F3A50B412470C4A | BASKET | HIDDEN_HALO | U_PAVE | GOLD | KT_18 | 1ct | imgs:3
[03:11:37][PRINCESS] [5620] ? NIV-6F3A50B412470C4A | BASKET | HIDDEN_HALO | U_PAVE | GOLD | KT_18 | 1ct | imgs:3
[03:11:40][PRINCESS] [5621] ? NIV-6F3A50B412470C4A | BASKET | HIDDEN_HALO | U_PAVE | GOLD | KT_18 | 1ct | imgs:3
[03:11:42][PRINCESS] [5622] ? NIV-E0A21C19DB07E593 | BASKET | HIDDEN_HALO | U_PAVE | GOLD | KT_18 | 1ct | imgs:3
[03:11:46][PRINCESS] [5623] ? NIV-E0A21C19DB07E593 | BASKET | HIDDEN_HALO | U_PAVE | GOLD | KT_18 | 1ct | imgs:3
[03:11:49][PRINCESS] [5624] ? NIV-E0A21C19DB07E593 | BASKET | HIDDEN_HALO | U_PAVE | GOLD | KT_18 | 1ct | imgs:3
[03:11:51][PRINCESS] [5625] ? NIV-9E85C6E430E88F79 | BASKET | HIDDEN_HALO | U_PAVE | GOLD | KT_18 | 1ct | imgs:3
[03:11:55][PRINCESS] [5626] ? NIV-9E85C6E430E88F79 | BASKET | HIDDEN_HALO | U_PAVE | GOLD | KT_18 | 1ct | imgs:3
[03:11:58][PRINCESS] [5627] ? NIV-9E85C6E430E88F79 | BASKET | HIDDEN_HALO | U_PAVE | GOLD | KT_18 | 1ct | imgs:3
[03:12:00][PRINCESS] [5628] ? NIV-1BCFC959A1DB2708 | BASKET | HIDDEN_HALO | U_PAVE | PLATINUM | PT_950 | 1ct | imgs:3
[03:12:06][PRINCESS] [5629] ? NIV-5AEBE04061C19317 | BASKET | HIDDEN_HALO | CHANNEL | GOLD | KT_10 | 1ct | imgs:3
[03:12:10][PRINCESS] [5630] ? NIV-5AEBE04061C19317 | BASKET | HIDDEN_HALO | CHANNEL | GOLD | KT_10 | 1ct | imgs:3
[03:12:13][PRINCESS] [5631] ? NIV-5AEBE04061C19317 | BASKET | HIDDEN_HALO | CHANNEL | GOLD | KT_10 | 1ct | imgs:3
[03:12:15][PRINCESS] [5632] ? NIV-9443BFCD1DDCA8DF | BASKET | HIDDEN_HALO | CHANNEL | GOLD | KT_10 | 1ct | imgs:3
[03:12:19][PRINCESS] [5633] ? NIV-9443BFCD1DDCA8DF | BASKET | HIDDEN_HALO | CHANNEL | GOLD | KT_10 | 1ct | imgs:3
[03:12:22][PRINCESS] [5634] ? NIV-9443BFCD1DDCA8DF | BASKET | HIDDEN_HALO | CHANNEL | GOLD | KT_10 | 1ct | imgs:3
[03:12:24][PRINCESS] [5635] ? NIV-34B7A66A30299E42 | BASKET | HIDDEN_HALO | CHANNEL | GOLD | KT_10 | 1ct | imgs:3
[03:12:28][PRINCESS] [5636] ? NIV-34B7A66A30299E42 | BASKET | HIDDEN_HALO | CHANNEL | GOLD | KT_10 | 1ct | imgs:3
[03:12:31][PRINCESS] [5637] ? NIV-34B7A66A30299E42 | BASKET | HIDDEN_HALO | CHANNEL | GOLD | KT_10 | 1ct | imgs:3
[03:12:34][PRINCESS] [5638] ? NIV-9F414FB415131DC1 | BASKET | HIDDEN_HALO | CHANNEL | GOLD | KT_14 | 1ct | imgs:3
[03:12:37][PRINCESS] [5639] ? NIV-9F414FB415131DC1 | BASKET | HIDDEN_HALO | CHANNEL | GOLD | KT_14 | 1ct | imgs:3
[03:12:42][PRINCESS] [5640] ? NIV-9F414FB415131DC1 | BASKET | HIDDEN_HALO | CHANNEL | GOLD | KT_14 | 1ct | imgs:3
[03:12:45][PRINCESS] [5641] ? NIV-C608B620392849AB | BASKET | HIDDEN_HALO | CHANNEL | GOLD | KT_14 | 1ct | imgs:3
[03:12:49][PRINCESS] [5642] ? NIV-C608B620392849AB | BASKET | HIDDEN_HALO | CHANNEL | GOLD | KT_14 | 1ct | imgs:3
[03:12:54][PRINCESS] [5643] ? NIV-C608B620392849AB | BASKET | HIDDEN_HALO | CHANNEL | GOLD | KT_14 | 1ct | imgs:3
[03:12:57][PRINCESS] [5644] ? NIV-C3EFC8D867072E74 | BASKET | HIDDEN_HALO | CHANNEL | GOLD | KT_14 | 1ct | imgs:3
[03:13:01][PRINCESS] [5645] ? NIV-C3EFC8D867072E74 | BASKET | HIDDEN_HALO | CHANNEL | GOLD | KT_14 | 1ct | imgs:3
[03:13:04][PRINCESS] [5646] ? NIV-C3EFC8D867072E74 | BASKET | HIDDEN_HALO | CHANNEL | GOLD | KT_14 | 1ct | imgs:3
[03:13:07][PRINCESS] [5647] ? NIV-E6329D9697BA9603 | BASKET | HIDDEN_HALO | CHANNEL | GOLD | KT_18 | 1ct | imgs:3
[03:13:12][PRINCESS] [5648] ? NIV-E6329D9697BA9603 | BASKET | HIDDEN_HALO | CHANNEL | GOLD | KT_18 | 1ct | imgs:3
[03:13:16][PRINCESS] [5649] ? NIV-E6329D9697BA9603 | BASKET | HIDDEN_HALO | CHANNEL | GOLD | KT_18 | 1ct | imgs:3
[03:13:18][PRINCESS] [5650] ? NIV-F9B4D65ABFCE4ED1 | BASKET | HIDDEN_HALO | CHANNEL | GOLD | KT_18 | 1ct | imgs:3
[03:13:22][PRINCESS] [5651] ? NIV-F9B4D65ABFCE4ED1 | BASKET | HIDDEN_HALO | CHANNEL | GOLD | KT_18 | 1ct | imgs:3
[03:13:25][PRINCESS] [5652] ? NIV-F9B4D65ABFCE4ED1 | BASKET | HIDDEN_HALO | CHANNEL | GOLD | KT_18 | 1ct | imgs:3
[03:13:27][PRINCESS] [5653] ? NIV-AD9C9C94452233BE | BASKET | HIDDEN_HALO | CHANNEL | GOLD | KT_18 | 1ct | imgs:3
[03:13:33][PRINCESS] [5654] ? NIV-AD9C9C94452233BE | BASKET | HIDDEN_HALO | CHANNEL | GOLD | KT_18 | 1ct | imgs:3
[03:13:37][PRINCESS] [5655] ? NIV-AD9C9C94452233BE | BASKET | HIDDEN_HALO | CHANNEL | GOLD | KT_18 | 1ct | imgs:3
[03:13:39][PRINCESS] [5656] ? NIV-AB19B2B8C2349F82 | BASKET | HIDDEN_HALO | CHANNEL | PLATINUM | PT_950 | 1ct | imgs:3
[03:13:43][PRINCESS] [5657] ? NIV-A4054173D04F8CFB | BASKET | HIDDEN_HALO | CHANNEL | GOLD | KT_10 | 1ct | imgs:3
[03:13:46][PRINCESS] [5658] ? NIV-A4054173D04F8CFB | BASKET | HIDDEN_HALO | CHANNEL | GOLD | KT_10 | 1ct | imgs:3
[03:13:51][PRINCESS] [5659] ? NIV-A4054173D04F8CFB | BASKET | HIDDEN_HALO | CHANNEL | GOLD | KT_10 | 1ct | imgs:3
[03:13:54][PRINCESS] [5660] ? NIV-FF4C705D1F4BD584 | BASKET | HIDDEN_HALO | CHANNEL | GOLD | KT_10 | 1ct | imgs:3
[03:13:58][PRINCESS] [5661] ? NIV-FF4C705D1F4BD584 | BASKET | HIDDEN_HALO | CHANNEL | GOLD | KT_10 | 1ct | imgs:3
[03:14:01][PRINCESS] [5662] ? NIV-FF4C705D1F4BD584 | BASKET | HIDDEN_HALO | CHANNEL | GOLD | KT_10 | 1ct | imgs:3
[03:14:03][PRINCESS] [5663] ? NIV-DB5F85D861281A07 | BASKET | HIDDEN_HALO | CHANNEL | GOLD | KT_10 | 1ct | imgs:3
[03:14:07][PRINCESS] [5664] ? NIV-DB5F85D861281A07 | BASKET | HIDDEN_HALO | CHANNEL | GOLD | KT_10 | 1ct | imgs:3
[03:14:12][PRINCESS] [5665] ? NIV-DB5F85D861281A07 | BASKET | HIDDEN_HALO | CHANNEL | GOLD | KT_10 | 1ct | imgs:3
[03:14:15][PRINCESS] [5666] ? NIV-2015D0EF8DA03640 | BASKET | HIDDEN_HALO | CHANNEL | GOLD | KT_14 | 1ct | imgs:3
[03:14:19][PRINCESS] [5667] ? NIV-2015D0EF8DA03640 | BASKET | HIDDEN_HALO | CHANNEL | GOLD | KT_14 | 1ct | imgs:3
[03:14:24][PRINCESS] [5668] ? NIV-2015D0EF8DA03640 | BASKET | HIDDEN_HALO | CHANNEL | GOLD | KT_14 | 1ct | imgs:3
[03:14:27][PRINCESS] [5669] ? NIV-079762E09CED5CB9 | BASKET | HIDDEN_HALO | CHANNEL | GOLD | KT_14 | 1ct | imgs:3
[03:14:31][PRINCESS] [5670] ? NIV-079762E09CED5CB9 | BASKET | HIDDEN_HALO | CHANNEL | GOLD | KT_14 | 1ct | imgs:3
[03:14:36][PRINCESS] [5671] ? NIV-079762E09CED5CB9 | BASKET | HIDDEN_HALO | CHANNEL | GOLD | KT_14 | 1ct | imgs:3
[03:14:39][PRINCESS] [5672] ? NIV-99F9B8EB6F8F1AEE | BASKET | HIDDEN_HALO | CHANNEL | GOLD | KT_14 | 1ct | imgs:3
[03:14:45][PRINCESS] [5673] ? NIV-99F9B8EB6F8F1AEE | BASKET | HIDDEN_HALO | CHANNEL | GOLD | KT_14 | 1ct | imgs:3
[03:14:51][PRINCESS] [5674] ? NIV-99F9B8EB6F8F1AEE | BASKET | HIDDEN_HALO | CHANNEL | GOLD | KT_14 | 1ct | imgs:3
[03:14:55][PRINCESS] [5675] ? NIV-BBFC448996988251 | BASKET | HIDDEN_HALO | CHANNEL | GOLD | KT_18 | 1ct | imgs:3
[03:15:00][PRINCESS] [5676] ? NIV-BBFC448996988251 | BASKET | HIDDEN_HALO | CHANNEL | GOLD | KT_18 | 1ct | imgs:3
[03:15:04][PRINCESS] [5677] ? NIV-BBFC448996988251 | BASKET | HIDDEN_HALO | CHANNEL | GOLD | KT_18 | 1ct | imgs:3
[03:15:13][PRINCESS] [5678] ? NIV-4313E5801C83CD89 | BASKET | HIDDEN_HALO | CHANNEL | GOLD | KT_18 | 1ct | imgs:1
[03:15:18][PRINCESS] [5679] ? NIV-4313E5801C83CD89 | BASKET | HIDDEN_HALO | CHANNEL | GOLD | KT_18 | 1ct | imgs:3
[03:15:22][PRINCESS] [5680] ? NIV-4313E5801C83CD89 | BASKET | HIDDEN_HALO | CHANNEL | GOLD | KT_18 | 1ct | imgs:3
[03:15:24][PRINCESS] [5681] ? NIV-E49877E6A5AA6243 | BASKET | HIDDEN_HALO | CHANNEL | GOLD | KT_18 | 1ct | imgs:3
[03:15:28][PRINCESS] [5682] ? NIV-E49877E6A5AA6243 | BASKET | HIDDEN_HALO | CHANNEL | GOLD | KT_18 | 1ct | imgs:3
[03:15:31][PRINCESS] [5683] ? NIV-E49877E6A5AA6243 | BASKET | HIDDEN_HALO | CHANNEL | GOLD | KT_18 | 1ct | imgs:3
[03:15:33][PRINCESS] [5684] ? NIV-758FEC12F7195E7A | BASKET | HIDDEN_HALO | CHANNEL | PLATINUM | PT_950 | 1ct | imgs:3
[03:15:39][PRINCESS] [5685] ? NIV-1D2C7FF8180A14B3 | BASKET | HIDDEN_HALO | CHANNEL | GOLD | KT_10 | 1ct | imgs:3
[03:15:43][PRINCESS] [5686] ? NIV-1D2C7FF8180A14B3 | BASKET | HIDDEN_HALO | CHANNEL | GOLD | KT_10 | 1ct | imgs:3
[03:15:46][PRINCESS] [5687] ? NIV-1D2C7FF8180A14B3 | BASKET | HIDDEN_HALO | CHANNEL | GOLD | KT_10 | 1ct | imgs:3
[03:15:48][PRINCESS] [5688] ? NIV-657E37FAD6D83B6A | BASKET | HIDDEN_HALO | CHANNEL | GOLD | KT_10 | 1ct | imgs:3
[03:15:52][PRINCESS] [5689] ? NIV-657E37FAD6D83B6A | BASKET | HIDDEN_HALO | CHANNEL | GOLD | KT_10 | 1ct | imgs:3
[03:15:57][PRINCESS] [5690] ? NIV-657E37FAD6D83B6A | BASKET | HIDDEN_HALO | CHANNEL | GOLD | KT_10 | 1ct | imgs:3
[03:16:00][PRINCESS] [5691] ? NIV-EACFF47C1E38C06C | BASKET | HIDDEN_HALO | CHANNEL | GOLD | KT_10 | 1ct | imgs:3
[03:16:04][PRINCESS] [5692] ? NIV-EACFF47C1E38C06C | BASKET | HIDDEN_HALO | CHANNEL | GOLD | KT_10 | 1ct | imgs:3
[03:16:07][PRINCESS] [5693] ? NIV-EACFF47C1E38C06C | BASKET | HIDDEN_HALO | CHANNEL | GOLD | KT_10 | 1ct | imgs:3
[03:16:12][PRINCESS] [5694] ? NIV-310E43B5FE22AECD | BASKET | HIDDEN_HALO | CHANNEL | GOLD | KT_14 | 1ct | imgs:3
[03:16:16][PRINCESS] [5695] ? NIV-310E43B5FE22AECD | BASKET | HIDDEN_HALO | CHANNEL | GOLD | KT_14 | 1ct | imgs:3
[03:16:19][PRINCESS] [5696] ? NIV-310E43B5FE22AECD | BASKET | HIDDEN_HALO | CHANNEL | GOLD | KT_14 | 1ct | imgs:3
[03:16:21][PRINCESS] [5697] ? NIV-A33D4257172E05F8 | BASKET | HIDDEN_HALO | CHANNEL | GOLD | KT_14 | 1ct | imgs:3
[03:16:25][PRINCESS] [5698] ? NIV-A33D4257172E05F8 | BASKET | HIDDEN_HALO | CHANNEL | GOLD | KT_14 | 1ct | imgs:3
[03:16:30][PRINCESS] [5699] ? NIV-A33D4257172E05F8 | BASKET | HIDDEN_HALO | CHANNEL | GOLD | KT_14 | 1ct | imgs:3
[03:16:34][PRINCESS] [5700] ? NIV-EEFB847D8EEE5F48 | BASKET | HIDDEN_HALO | CHANNEL | GOLD | KT_14 | 1ct | imgs:3
[03:16:37][PRINCESS] [5701] ? NIV-EEFB847D8EEE5F48 | BASKET | HIDDEN_HALO | CHANNEL | GOLD | KT_14 | 1ct | imgs:3
[03:16:42][PRINCESS] [5702] ? NIV-EEFB847D8EEE5F48 | BASKET | HIDDEN_HALO | CHANNEL | GOLD | KT_14 | 1ct | imgs:3
[03:16:45][PRINCESS] [5703] ? NIV-517EB7CBFCAA628D | BASKET | HIDDEN_HALO | CHANNEL | GOLD | KT_18 | 1ct | imgs:3
[03:16:51][PRINCESS] [5704] ? NIV-517EB7CBFCAA628D | BASKET | HIDDEN_HALO | CHANNEL | GOLD | KT_18 | 1ct | imgs:3
[03:16:55][PRINCESS] [5705] ? NIV-517EB7CBFCAA628D | BASKET | HIDDEN_HALO | CHANNEL | GOLD | KT_18 | 1ct | imgs:3
[03:16:57][PRINCESS] [5706] ? NIV-E91DE42F5D96B709 | BASKET | HIDDEN_HALO | CHANNEL | GOLD | KT_18 | 1ct | imgs:3
[03:17:01][PRINCESS] [5707] ? NIV-E91DE42F5D96B709 | BASKET | HIDDEN_HALO | CHANNEL | GOLD | KT_18 | 1ct | imgs:3
[03:17:04][PRINCESS] [5708] ? NIV-E91DE42F5D96B709 | BASKET | HIDDEN_HALO | CHANNEL | GOLD | KT_18 | 1ct | imgs:3
[03:17:06][PRINCESS] [5709] ? NIV-A367A25055412B6B | BASKET | HIDDEN_HALO | CHANNEL | GOLD | KT_18 | 1ct | imgs:3
[03:17:10][PRINCESS] [5710] ? NIV-A367A25055412B6B | BASKET | HIDDEN_HALO | CHANNEL | GOLD | KT_18 | 1ct | imgs:3
[03:17:16][PRINCESS] [5711] ? NIV-A367A25055412B6B | BASKET | HIDDEN_HALO | CHANNEL | GOLD | KT_18 | 1ct | imgs:3
[03:17:18][PRINCESS] [5712] ? NIV-C6828B2479DAF204 | BASKET | HIDDEN_HALO | CHANNEL | PLATINUM | PT_950 | 1ct | imgs:3
[03:17:26][PRINCESS] [5713] ? NIV-53A0ADC727B302F7 | BASKET | HIDDEN_HALO | CHANNEL | GOLD | KT_10 | 1ct | imgs:2
[03:17:30][PRINCESS] [5714] ? NIV-53A0ADC727B302F7 | BASKET | HIDDEN_HALO | CHANNEL | GOLD | KT_10 | 1ct | imgs:3
[03:17:34][PRINCESS] [5715] ? NIV-53A0ADC727B302F7 | BASKET | HIDDEN_HALO | CHANNEL | GOLD | KT_10 | 1ct | imgs:3
[03:17:36][PRINCESS] [5716] ? NIV-0C2FD50AFD8BA4CA | BASKET | HIDDEN_HALO | CHANNEL | GOLD | KT_10 | 1ct | imgs:3
[03:17:40][PRINCESS] [5717] ? NIV-0C2FD50AFD8BA4CA | BASKET | HIDDEN_HALO | CHANNEL | GOLD | KT_10 | 1ct | imgs:3
[03:17:45][PRINCESS] [5718] ? NIV-0C2FD50AFD8BA4CA | BASKET | HIDDEN_HALO | CHANNEL | GOLD | KT_10 | 1ct | imgs:3
[03:17:48][PRINCESS] [5719] ? NIV-163D1B7ED7FA91F2 | BASKET | HIDDEN_HALO | CHANNEL | GOLD | KT_10 | 1ct | imgs:3
[03:17:52][PRINCESS] [5720] ? NIV-163D1B7ED7FA91F2 | BASKET | HIDDEN_HALO | CHANNEL | GOLD | KT_10 | 1ct | imgs:3
[03:17:57][PRINCESS] [5721] ? NIV-163D1B7ED7FA91F2 | BASKET | HIDDEN_HALO | CHANNEL | GOLD | KT_10 | 1ct | imgs:3
[03:18:03][PRINCESS] [5722] ? NIV-2FA6E720EFAD17BD | BASKET | HIDDEN_HALO | CHANNEL | GOLD | KT_14 | 1ct | imgs:3
[03:18:07][PRINCESS] [5723] ? NIV-2FA6E720EFAD17BD | BASKET | HIDDEN_HALO | CHANNEL | GOLD | KT_14 | 1ct | imgs:3
[03:18:12][PRINCESS] [5724] ? NIV-2FA6E720EFAD17BD | BASKET | HIDDEN_HALO | CHANNEL | GOLD | KT_14 | 1ct | imgs:3
[03:18:15][PRINCESS] [5725] ? NIV-F2908BE515237C69 | BASKET | HIDDEN_HALO | CHANNEL | GOLD | KT_14 | 1ct | imgs:3
[03:18:19][PRINCESS] [5726] ? NIV-F2908BE515237C69 | BASKET | HIDDEN_HALO | CHANNEL | GOLD | KT_14 | 1ct | imgs:3
[03:18:24][PRINCESS] [5727] ? NIV-F2908BE515237C69 | BASKET | HIDDEN_HALO | CHANNEL | GOLD | KT_14 | 1ct | imgs:3
[03:18:27][PRINCESS] [5728] ? NIV-987D3B6ABE520A49 | BASKET | HIDDEN_HALO | CHANNEL | GOLD | KT_14 | 1ct | imgs:3
[03:18:31][PRINCESS] [5729] ? NIV-987D3B6ABE520A49 | BASKET | HIDDEN_HALO | CHANNEL | GOLD | KT_14 | 1ct | imgs:3
[03:18:36][PRINCESS] [5730] ? NIV-987D3B6ABE520A49 | BASKET | HIDDEN_HALO | CHANNEL | GOLD | KT_14 | 1ct | imgs:3
[03:18:40][PRINCESS] [5731] ? NIV-ADA70E537B8BD910 | BASKET | HIDDEN_HALO | CHANNEL | GOLD | KT_18 | 1ct | imgs:3
[03:18:43][PRINCESS] [5732] ? NIV-ADA70E537B8BD910 | BASKET | HIDDEN_HALO | CHANNEL | GOLD | KT_18 | 1ct | imgs:3
[03:18:48][PRINCESS] [5733] ? NIV-ADA70E537B8BD910 | BASKET | HIDDEN_HALO | CHANNEL | GOLD | KT_18 | 1ct | imgs:3
[03:18:51][PRINCESS] [5734] ? NIV-35938912A797E940 | BASKET | HIDDEN_HALO | CHANNEL | GOLD | KT_18 | 1ct | imgs:3
[03:18:55][PRINCESS] [5735] ? NIV-35938912A797E940 | BASKET | HIDDEN_HALO | CHANNEL | GOLD | KT_18 | 1ct | imgs:3
[03:18:58][PRINCESS] [5736] ? NIV-35938912A797E940 | BASKET | HIDDEN_HALO | CHANNEL | GOLD | KT_18 | 1ct | imgs:3
[03:19:00][PRINCESS] [5737] ? NIV-FB3A11CA4878F9F3 | BASKET | HIDDEN_HALO | CHANNEL | GOLD | KT_18 | 1ct | imgs:3
[03:19:03][PRINCESS] [5738] ? NIV-FB3A11CA4878F9F3 | BASKET | HIDDEN_HALO | CHANNEL | GOLD | KT_18 | 1ct | imgs:3
[03:19:07][PRINCESS] [5739] ? NIV-FB3A11CA4878F9F3 | BASKET | HIDDEN_HALO | CHANNEL | GOLD | KT_18 | 1ct | imgs:3
[03:19:09][PRINCESS] [5740] ? NIV-C2AE53D38EA665ED | BASKET | HIDDEN_HALO | CHANNEL | PLATINUM | PT_950 | 1ct | imgs:3
[03:19:13][PRINCESS] [5741] ? NIV-0332585B72BA0BAE | BASKET | HIDDEN_HALO | CHANNEL | GOLD | KT_10 | 1ct | imgs:3
[03:19:18][PRINCESS] [5742] ? NIV-0332585B72BA0BAE | BASKET | HIDDEN_HALO | CHANNEL | GOLD | KT_10 | 1ct | imgs:3
[03:19:22][PRINCESS] [5743] ? NIV-0332585B72BA0BAE | BASKET | HIDDEN_HALO | CHANNEL | GOLD | KT_10 | 1ct | imgs:3
[03:19:25][PRINCESS] [5744] ? NIV-C2F17FB379BB4C38 | BASKET | HIDDEN_HALO | CHANNEL | GOLD | KT_10 | 1ct | imgs:3
[03:19:28][PRINCESS] [5745] ? NIV-C2F17FB379BB4C38 | BASKET | HIDDEN_HALO | CHANNEL | GOLD | KT_10 | 1ct | imgs:3
[03:19:33][PRINCESS] [5746] ? NIV-C2F17FB379BB4C38 | BASKET | HIDDEN_HALO | CHANNEL | GOLD | KT_10 | 1ct | imgs:3
[03:19:36][PRINCESS] [5747] ? NIV-0CC0E445E99EA6CC | BASKET | HIDDEN_HALO | CHANNEL | GOLD | KT_10 | 1ct | imgs:3
[03:19:42][PRINCESS] [5748] ? NIV-0CC0E445E99EA6CC | BASKET | HIDDEN_HALO | CHANNEL | GOLD | KT_10 | 1ct | imgs:3
[03:19:48][PRINCESS] [5749] ? NIV-0CC0E445E99EA6CC | BASKET | HIDDEN_HALO | CHANNEL | GOLD | KT_10 | 1ct | imgs:3
[03:19:52][PRINCESS] [5750] ? NIV-6D1A18C88CD0FEF9 | BASKET | HIDDEN_HALO | CHANNEL | GOLD | KT_14 | 1ct | imgs:3
[03:19:57][PRINCESS] [5751] ? NIV-6D1A18C88CD0FEF9 | BASKET | HIDDEN_HALO | CHANNEL | GOLD | KT_14 | 1ct | imgs:3
[03:20:01][PRINCESS] [5752] ? NIV-6D1A18C88CD0FEF9 | BASKET | HIDDEN_HALO | CHANNEL | GOLD | KT_14 | 1ct | imgs:3
[03:20:03][PRINCESS] [5753] ? NIV-EF2D5FC12B380089 | BASKET | HIDDEN_HALO | CHANNEL | GOLD | KT_14 | 1ct | imgs:3
[03:20:07][PRINCESS] [5754] ? NIV-EF2D5FC12B380089 | BASKET | HIDDEN_HALO | CHANNEL | GOLD | KT_14 | 1ct | imgs:3
[03:20:13][PRINCESS] [5755] ? NIV-EF2D5FC12B380089 | BASKET | HIDDEN_HALO | CHANNEL | GOLD | KT_14 | 1ct | imgs:3
[03:20:15][PRINCESS] [5756] ? NIV-4EC109F99A2A761D | BASKET | HIDDEN_HALO | CHANNEL | GOLD | KT_14 | 1ct | imgs:3
[03:20:19][PRINCESS] [5757] ? NIV-4EC109F99A2A761D | BASKET | HIDDEN_HALO | CHANNEL | GOLD | KT_14 | 1ct | imgs:3
[03:20:24][PRINCESS] [5758] ? NIV-4EC109F99A2A761D | BASKET | HIDDEN_HALO | CHANNEL | GOLD | KT_14 | 1ct | imgs:3
[03:20:27][PRINCESS] [5759] ? NIV-C61705B25055E79E | BASKET | HIDDEN_HALO | CHANNEL | GOLD | KT_18 | 1ct | imgs:3
[03:20:31][PRINCESS] [5760] ? NIV-C61705B25055E79E | BASKET | HIDDEN_HALO | CHANNEL | GOLD | KT_18 | 1ct | imgs:3
[03:20:36][PRINCESS] [5761] ? NIV-C61705B25055E79E | BASKET | HIDDEN_HALO | CHANNEL | GOLD | KT_18 | 1ct | imgs:3
[03:20:39][PRINCESS] [5762] ? NIV-49EC0024A3508344 | BASKET | HIDDEN_HALO | CHANNEL | GOLD | KT_18 | 1ct | imgs:3
[03:20:42][PRINCESS] [5763] ? NIV-49EC0024A3508344 | BASKET | HIDDEN_HALO | CHANNEL | GOLD | KT_18 | 1ct | imgs:3
[03:20:46][PRINCESS] [5764] ? NIV-49EC0024A3508344 | BASKET | HIDDEN_HALO | CHANNEL | GOLD | KT_18 | 1ct | imgs:3
[03:20:48][PRINCESS] [5765] ? NIV-CC33EAEDE1B8A2B5 | BASKET | HIDDEN_HALO | CHANNEL | GOLD | KT_18 | 1ct | imgs:3
[03:20:52][PRINCESS] [5766] ? NIV-CC33EAEDE1B8A2B5 | BASKET | HIDDEN_HALO | CHANNEL | GOLD | KT_18 | 1ct | imgs:3
[03:20:55][PRINCESS] [5767] ? NIV-CC33EAEDE1B8A2B5 | BASKET | HIDDEN_HALO | CHANNEL | GOLD | KT_18 | 1ct | imgs:3
[03:20:57][PRINCESS] [5768] ? NIV-D70B783FFB7EC87A | BASKET | HIDDEN_HALO | CHANNEL | PLATINUM | PT_950 | 1ct | imgs:3
[03:21:03][PRINCESS] [5769] ? NIV-424AC9F97AC0E8C6 | BASKET | HIDDEN_HALO | CHANNEL | GOLD | KT_10 | 1ct | imgs:3
[03:21:09][PRINCESS] [5770] ? NIV-424AC9F97AC0E8C6 | BASKET | HIDDEN_HALO | CHANNEL | GOLD | KT_10 | 1ct | imgs:3
[03:21:13][PRINCESS] [5771] ? NIV-424AC9F97AC0E8C6 | BASKET | HIDDEN_HALO | CHANNEL | GOLD | KT_10 | 1ct | imgs:3
[03:21:15][PRINCESS] [5772] ? NIV-F7242CB54B010AB5 | BASKET | HIDDEN_HALO | CHANNEL | GOLD | KT_10 | 1ct | imgs:3
[03:21:19][PRINCESS] [5773] ? NIV-F7242CB54B010AB5 | BASKET | HIDDEN_HALO | CHANNEL | GOLD | KT_10 | 1ct | imgs:3
[03:21:24][PRINCESS] [5774] ? NIV-F7242CB54B010AB5 | BASKET | HIDDEN_HALO | CHANNEL | GOLD | KT_10 | 1ct | imgs:3
[03:21:27][PRINCESS] [5775] ? NIV-27FF8B7C79A09324 | BASKET | HIDDEN_HALO | CHANNEL | GOLD | KT_10 | 1ct | imgs:3
[03:21:31][PRINCESS] [5776] ? NIV-27FF8B7C79A09324 | BASKET | HIDDEN_HALO | CHANNEL | GOLD | KT_10 | 1ct | imgs:3
[03:21:37][PRINCESS] [5777] ? NIV-27FF8B7C79A09324 | BASKET | HIDDEN_HALO | CHANNEL | GOLD | KT_10 | 1ct | imgs:3
[03:21:42][PRINCESS] [5778] ? NIV-A7B16E2BB76D8262 | BASKET | HIDDEN_HALO | CHANNEL | GOLD | KT_14 | 1ct | imgs:3
[03:21:46][PRINCESS] [5779] ? NIV-A7B16E2BB76D8262 | BASKET | HIDDEN_HALO | CHANNEL | GOLD | KT_14 | 1ct | imgs:3
[03:21:49][PRINCESS] [5780] ? NIV-A7B16E2BB76D8262 | BASKET | HIDDEN_HALO | CHANNEL | GOLD | KT_14 | 1ct | imgs:3
[03:21:52][PRINCESS] [5781] ? NIV-2FB5BB7B809817CA | BASKET | HIDDEN_HALO | CHANNEL | GOLD | KT_14 | 1ct | imgs:3
[03:21:55][PRINCESS] [5782] ? NIV-2FB5BB7B809817CA | BASKET | HIDDEN_HALO | CHANNEL | GOLD | KT_14 | 1ct | imgs:3
[03:22:00][PRINCESS] [5783] ? NIV-2FB5BB7B809817CA | BASKET | HIDDEN_HALO | CHANNEL | GOLD | KT_14 | 1ct | imgs:3
[03:22:03][PRINCESS] [5784] ? NIV-DDC4424CC79F7F53 | BASKET | HIDDEN_HALO | CHANNEL | GOLD | KT_14 | 1ct | imgs:3
[03:22:07][PRINCESS] [5785] ? NIV-DDC4424CC79F7F53 | BASKET | HIDDEN_HALO | CHANNEL | GOLD | KT_14 | 1ct | imgs:3
[03:22:12][PRINCESS] [5786] ? NIV-DDC4424CC79F7F53 | BASKET | HIDDEN_HALO | CHANNEL | GOLD | KT_14 | 1ct | imgs:3
[03:22:16][PRINCESS] [5787] ? NIV-BDF9039D418A51B7 | BASKET | HIDDEN_HALO | CHANNEL | GOLD | KT_18 | 1ct | imgs:3
[03:22:19][PRINCESS] [5788] ? NIV-BDF9039D418A51B7 | BASKET | HIDDEN_HALO | CHANNEL | GOLD | KT_18 | 1ct | imgs:3
[03:22:24][PRINCESS] [5789] ? NIV-BDF9039D418A51B7 | BASKET | HIDDEN_HALO | CHANNEL | GOLD | KT_18 | 1ct | imgs:3
[03:22:27][PRINCESS] [5790] ? NIV-C1F77F3ACEC9B510 | BASKET | HIDDEN_HALO | CHANNEL | GOLD | KT_18 | 1ct | imgs:3
[03:22:31][PRINCESS] [5791] ? NIV-C1F77F3ACEC9B510 | BASKET | HIDDEN_HALO | CHANNEL | GOLD | KT_18 | 1ct | imgs:3
[03:22:37][PRINCESS] [5792] ? NIV-C1F77F3ACEC9B510 | BASKET | HIDDEN_HALO | CHANNEL | GOLD | KT_18 | 1ct | imgs:3
[03:22:39][PRINCESS] [5793] ? NIV-17838CF53B85EE8D | BASKET | HIDDEN_HALO | CHANNEL | GOLD | KT_18 | 1ct | imgs:3
[03:22:43][PRINCESS] [5794] ? NIV-17838CF53B85EE8D | BASKET | HIDDEN_HALO | CHANNEL | GOLD | KT_18 | 1ct | imgs:3
[03:22:46][PRINCESS] [5795] ? NIV-17838CF53B85EE8D | BASKET | HIDDEN_HALO | CHANNEL | GOLD | KT_18 | 1ct | imgs:3
[03:22:48][PRINCESS] [5796] ? NIV-CBFBD9546C75E808 | BASKET | HIDDEN_HALO | CHANNEL | PLATINUM | PT_950 | 1ct | imgs:3
[03:22:57][PRINCESS] [5797] ? NIV-09647FF5C96915ED | BASKET | HIDDEN_HALO | CHANNEL | GOLD | KT_10 | 1ct | imgs:3
[03:23:01][PRINCESS] [5798] ? NIV-09647FF5C96915ED | BASKET | HIDDEN_HALO | CHANNEL | GOLD | KT_10 | 1ct | imgs:3
[03:23:06][PRINCESS] [5799] ? NIV-09647FF5C96915ED | BASKET | HIDDEN_HALO | CHANNEL | GOLD | KT_10 | 1ct | imgs:3
[03:23:09][PRINCESS] [5800] ? NIV-35A14E6EF93943F2 | BASKET | HIDDEN_HALO | CHANNEL | GOLD | KT_10 | 1ct | imgs:3
[03:23:13][PRINCESS] [5801] ? NIV-35A14E6EF93943F2 | BASKET | HIDDEN_HALO | CHANNEL | GOLD | KT_10 | 1ct | imgs:3
[03:23:16][PRINCESS] [5802] ? NIV-35A14E6EF93943F2 | BASKET | HIDDEN_HALO | CHANNEL | GOLD | KT_10 | 1ct | imgs:3
[03:23:18][PRINCESS] [5803] ? NIV-B5DAEA16CA2B1BC2 | BASKET | HIDDEN_HALO | CHANNEL | GOLD | KT_10 | 1ct | imgs:3
[03:23:22][PRINCESS] [5804] ? NIV-B5DAEA16CA2B1BC2 | BASKET | HIDDEN_HALO | CHANNEL | GOLD | KT_10 | 1ct | imgs:3
[03:23:25][PRINCESS] [5805] ? NIV-B5DAEA16CA2B1BC2 | BASKET | HIDDEN_HALO | CHANNEL | GOLD | KT_10 | 1ct | imgs:3
[03:23:30][PRINCESS] [5806] ? NIV-703278BF2BE02DA3 | BASKET | HIDDEN_HALO | CHANNEL | GOLD | KT_14 | 1ct | imgs:3
[03:23:34][PRINCESS] [5807] ? NIV-703278BF2BE02DA3 | BASKET | HIDDEN_HALO | CHANNEL | GOLD | KT_14 | 1ct | imgs:3
[03:23:37][PRINCESS] [5808] ? NIV-703278BF2BE02DA3 | BASKET | HIDDEN_HALO | CHANNEL | GOLD | KT_14 | 1ct | imgs:3
[03:23:39][PRINCESS] [5809] ? NIV-96AC49664BEC912B | BASKET | HIDDEN_HALO | CHANNEL | GOLD | KT_14 | 1ct | imgs:3
[03:23:45][PRINCESS] [5810] ? NIV-96AC49664BEC912B | BASKET | HIDDEN_HALO | CHANNEL | GOLD | KT_14 | 1ct | imgs:3
[03:23:49][PRINCESS] [5811] ? NIV-96AC49664BEC912B | BASKET | HIDDEN_HALO | CHANNEL | GOLD | KT_14 | 1ct | imgs:3
[03:23:51][PRINCESS] [5812] ? NIV-63355129AB6FDFC7 | BASKET | HIDDEN_HALO | CHANNEL | GOLD | KT_14 | 1ct | imgs:3
[03:23:55][PRINCESS] [5813] ? NIV-63355129AB6FDFC7 | BASKET | HIDDEN_HALO | CHANNEL | GOLD | KT_14 | 1ct | imgs:3
[03:24:00][PRINCESS] [5814] ? NIV-63355129AB6FDFC7 | BASKET | HIDDEN_HALO | CHANNEL | GOLD | KT_14 | 1ct | imgs:3
[03:24:04][PRINCESS] [5815] ? NIV-175623F9586636C7 | BASKET | HIDDEN_HALO | CHANNEL | GOLD | KT_18 | 1ct | imgs:3
[03:24:10][PRINCESS] [5816] ? NIV-175623F9586636C7 | BASKET | HIDDEN_HALO | CHANNEL | GOLD | KT_18 | 1ct | imgs:3
[03:24:13][PRINCESS] [5817] ? NIV-175623F9586636C7 | BASKET | HIDDEN_HALO | CHANNEL | GOLD | KT_18 | 1ct | imgs:3
[03:24:15][PRINCESS] [5818] ? NIV-97C2CCB06E11F6DB | BASKET | HIDDEN_HALO | CHANNEL | GOLD | KT_18 | 1ct | imgs:3
[03:24:19][PRINCESS] [5819] ? NIV-97C2CCB06E11F6DB | BASKET | HIDDEN_HALO | CHANNEL | GOLD | KT_18 | 1ct | imgs:3
[03:24:24][PRINCESS] [5820] ? NIV-97C2CCB06E11F6DB | BASKET | HIDDEN_HALO | CHANNEL | GOLD | KT_18 | 1ct | imgs:3
[03:24:27][PRINCESS] [5821] ? NIV-E193149D1FFAB1DD | BASKET | HIDDEN_HALO | CHANNEL | GOLD | KT_18 | 1ct | imgs:3
[03:24:31][PRINCESS] [5822] ? NIV-E193149D1FFAB1DD | BASKET | HIDDEN_HALO | CHANNEL | GOLD | KT_18 | 1ct | imgs:3
[03:24:36][PRINCESS] [5823] ? NIV-E193149D1FFAB1DD | BASKET | HIDDEN_HALO | CHANNEL | GOLD | KT_18 | 1ct | imgs:3
[03:24:39][PRINCESS] [5824] ? NIV-8D042A1D982245A9 | BASKET | HIDDEN_HALO | CHANNEL | PLATINUM | PT_950 | 1ct | imgs:3
[03:24:45][PRINCESS] [5825] ? NIV-6FE7ED3E4A6A708C | BASKET | HIDDEN_HALO | CHANNEL | GOLD | KT_10 | 1ct | imgs:3
[03:24:49][PRINCESS] [5826] ? NIV-6FE7ED3E4A6A708C | BASKET | HIDDEN_HALO | CHANNEL | GOLD | KT_10 | 1ct | imgs:3
[03:24:55][PRINCESS] [5827] ? NIV-6FE7ED3E4A6A708C | BASKET | HIDDEN_HALO | CHANNEL | GOLD | KT_10 | 1ct | imgs:3
[03:24:57][PRINCESS] [5828] ? NIV-C6C5F66AAF67C982 | BASKET | HIDDEN_HALO | CHANNEL | GOLD | KT_10 | 1ct | imgs:3
[03:25:01][PRINCESS] [5829] ? NIV-C6C5F66AAF67C982 | BASKET | HIDDEN_HALO | CHANNEL | GOLD | KT_10 | 1ct | imgs:3
[03:25:04][PRINCESS] [5830] ? NIV-C6C5F66AAF67C982 | BASKET | HIDDEN_HALO | CHANNEL | GOLD | KT_10 | 1ct | imgs:3
[03:25:07][PRINCESS] [5831] ? NIV-A3176D1AE2FC7436 | BASKET | HIDDEN_HALO | CHANNEL | GOLD | KT_10 | 1ct | imgs:2
[03:25:12][PRINCESS] [5832] ? NIV-A3176D1AE2FC7436 | BASKET | HIDDEN_HALO | CHANNEL | GOLD | KT_10 | 1ct | imgs:3
[03:25:16][PRINCESS] [5833] ? NIV-A3176D1AE2FC7436 | BASKET | HIDDEN_HALO | CHANNEL | GOLD | KT_10 | 1ct | imgs:3
[03:25:19][PRINCESS] [5834] ? NIV-98E12286E24C1713 | BASKET | HIDDEN_HALO | CHANNEL | GOLD | KT_14 | 1ct | imgs:3
[03:25:24][PRINCESS] [5835] ? NIV-98E12286E24C1713 | BASKET | HIDDEN_HALO | CHANNEL | GOLD | KT_14 | 1ct | imgs:3
[03:25:28][PRINCESS] [5836] ? NIV-98E12286E24C1713 | BASKET | HIDDEN_HALO | CHANNEL | GOLD | KT_14 | 1ct | imgs:3
[03:25:30][PRINCESS] [5837] ? NIV-1224E0ED53536EFF | BASKET | HIDDEN_HALO | CHANNEL | GOLD | KT_14 | 1ct | imgs:3
[03:25:34][PRINCESS] [5838] ? NIV-1224E0ED53536EFF | BASKET | HIDDEN_HALO | CHANNEL | GOLD | KT_14 | 1ct | imgs:3
[03:25:39][PRINCESS] [5839] ? NIV-1224E0ED53536EFF | BASKET | HIDDEN_HALO | CHANNEL | GOLD | KT_14 | 1ct | imgs:3
[03:25:42][PRINCESS] [5840] ? NIV-5E65866A8FAEC310 | BASKET | HIDDEN_HALO | CHANNEL | GOLD | KT_14 | 1ct | imgs:3
[03:25:46][PRINCESS] [5841] ? NIV-5E65866A8FAEC310 | BASKET | HIDDEN_HALO | CHANNEL | GOLD | KT_14 | 1ct | imgs:3
[03:25:49][PRINCESS] [5842] ? NIV-5E65866A8FAEC310 | BASKET | HIDDEN_HALO | CHANNEL | GOLD | KT_14 | 1ct | imgs:3
[03:25:52][PRINCESS] [5843] ? NIV-076B8FC848B76C01 | BASKET | HIDDEN_HALO | CHANNEL | GOLD | KT_18 | 1ct | imgs:3
[03:25:57][PRINCESS] [5844] ? NIV-076B8FC848B76C01 | BASKET | HIDDEN_HALO | CHANNEL | GOLD | KT_18 | 1ct | imgs:3
[03:26:01][PRINCESS] [5845] ? NIV-076B8FC848B76C01 | BASKET | HIDDEN_HALO | CHANNEL | GOLD | KT_18 | 1ct | imgs:3
[03:26:03][PRINCESS] [5846] ? NIV-5EB509710516131E | BASKET | HIDDEN_HALO | CHANNEL | GOLD | KT_18 | 1ct | imgs:3
[03:26:07][PRINCESS] [5847] ? NIV-5EB509710516131E | BASKET | HIDDEN_HALO | CHANNEL | GOLD | KT_18 | 1ct | imgs:3
[03:26:12][PRINCESS] [5848] ? NIV-5EB509710516131E | BASKET | HIDDEN_HALO | CHANNEL | GOLD | KT_18 | 1ct | imgs:3
[03:26:15][PRINCESS] [5849] ? NIV-9350E85FED8943F0 | BASKET | HIDDEN_HALO | CHANNEL | GOLD | KT_18 | 1ct | imgs:3
[03:26:19][PRINCESS] [5850] ? NIV-9350E85FED8943F0 | BASKET | HIDDEN_HALO | CHANNEL | GOLD | KT_18 | 1ct | imgs:3
[03:26:24][PRINCESS] [5851] ? NIV-9350E85FED8943F0 | BASKET | HIDDEN_HALO | CHANNEL | GOLD | KT_18 | 1ct | imgs:3
[03:26:27][PRINCESS] [5852] ? NIV-9521EAA68FF62720 | BASKET | HIDDEN_HALO | CHANNEL | PLATINUM | PT_950 | 1ct | imgs:3
[03:26:33][PRINCESS] [5853] ? NIV-8D9A2D10B0927D1A | BASKET | HIDDEN_HALO | CHANNEL | GOLD | KT_10 | 1ct | imgs:3
[03:26:37][PRINCESS] [5854] ? NIV-8D9A2D10B0927D1A | BASKET | HIDDEN_HALO | CHANNEL | GOLD | KT_10 | 1ct | imgs:3
[03:26:40][PRINCESS] [5855] ? NIV-8D9A2D10B0927D1A | BASKET | HIDDEN_HALO | CHANNEL | GOLD | KT_10 | 1ct | imgs:3
[03:26:42][PRINCESS] [5856] ? NIV-3B466790F80A1A1F | BASKET | HIDDEN_HALO | CHANNEL | GOLD | KT_10 | 1ct | imgs:3
[03:26:46][PRINCESS] [5857] ? NIV-3B466790F80A1A1F | BASKET | HIDDEN_HALO | CHANNEL | GOLD | KT_10 | 1ct | imgs:3
[03:26:52][PRINCESS] [5858] ? NIV-3B466790F80A1A1F | BASKET | HIDDEN_HALO | CHANNEL | GOLD | KT_10 | 1ct | imgs:3
[03:26:54][PRINCESS] [5859] ? NIV-492B8818FDEC6C6D | BASKET | HIDDEN_HALO | CHANNEL | GOLD | KT_10 | 1ct | imgs:3
[03:26:58][PRINCESS] [5860] ? NIV-492B8818FDEC6C6D | BASKET | HIDDEN_HALO | CHANNEL | GOLD | KT_10 | 1ct | imgs:3
[03:27:03][PRINCESS] [5861] ? NIV-492B8818FDEC6C6D | BASKET | HIDDEN_HALO | CHANNEL | GOLD | KT_10 | 1ct | imgs:3
[03:27:07][PRINCESS] [5862] ? NIV-BE5C4A67CA3161D6 | BASKET | HIDDEN_HALO | CHANNEL | GOLD | KT_14 | 1ct | imgs:3
[03:27:10][PRINCESS] [5863] ? NIV-BE5C4A67CA3161D6 | BASKET | HIDDEN_HALO | CHANNEL | GOLD | KT_14 | 1ct | imgs:3
[03:27:15][PRINCESS] [5864] ? NIV-BE5C4A67CA3161D6 | BASKET | HIDDEN_HALO | CHANNEL | GOLD | KT_14 | 1ct | imgs:3
[03:27:18][PRINCESS] [5865] ? NIV-8C2E84F105D33627 | BASKET | HIDDEN_HALO | CHANNEL | GOLD | KT_14 | 1ct | imgs:3
[03:27:22][PRINCESS] [5866] ? NIV-8C2E84F105D33627 | BASKET | HIDDEN_HALO | CHANNEL | GOLD | KT_14 | 1ct | imgs:3
[03:27:27][PRINCESS] [5867] ? NIV-8C2E84F105D33627 | BASKET | HIDDEN_HALO | CHANNEL | GOLD | KT_14 | 1ct | imgs:3
[03:27:30][PRINCESS] [5868] ? NIV-953872235E74EC24 | BASKET | HIDDEN_HALO | CHANNEL | GOLD | KT_14 | 1ct | imgs:3
[03:27:36][PRINCESS] [5869] ? NIV-953872235E74EC24 | BASKET | HIDDEN_HALO | CHANNEL | GOLD | KT_14 | 1ct | imgs:3
[03:27:40][PRINCESS] [5870] ? NIV-953872235E74EC24 | BASKET | HIDDEN_HALO | CHANNEL | GOLD | KT_14 | 1ct | imgs:3
[03:27:45][PRINCESS] [5871] ? NIV-C93FAD129CE08831 | BASKET | HIDDEN_HALO | CHANNEL | GOLD | KT_18 | 1ct | imgs:3
[03:27:49][PRINCESS] [5872] ? NIV-C93FAD129CE08831 | BASKET | HIDDEN_HALO | CHANNEL | GOLD | KT_18 | 1ct | imgs:3
[03:27:52][PRINCESS] [5873] ? NIV-C93FAD129CE08831 | BASKET | HIDDEN_HALO | CHANNEL | GOLD | KT_18 | 1ct | imgs:3
[03:27:54][PRINCESS] [5874] ? NIV-1BCD309091255C39 | BASKET | HIDDEN_HALO | CHANNEL | GOLD | KT_18 | 1ct | imgs:3
[03:27:58][PRINCESS] [5875] ? NIV-1BCD309091255C39 | BASKET | HIDDEN_HALO | CHANNEL | GOLD | KT_18 | 1ct | imgs:3
[03:28:01][PRINCESS] [5876] ? NIV-1BCD309091255C39 | BASKET | HIDDEN_HALO | CHANNEL | GOLD | KT_18 | 1ct | imgs:3
[03:28:04][PRINCESS] [5877] ? NIV-ED87C96A62D9C65B | BASKET | HIDDEN_HALO | CHANNEL | GOLD | KT_18 | 1ct | imgs:3
[03:28:09][PRINCESS] [5878] ? NIV-ED87C96A62D9C65B | BASKET | HIDDEN_HALO | CHANNEL | GOLD | KT_18 | 1ct | imgs:3
[03:28:13][PRINCESS] [5879] ? NIV-ED87C96A62D9C65B | BASKET | HIDDEN_HALO | CHANNEL | GOLD | KT_18 | 1ct | imgs:3
[03:28:15][PRINCESS] [5880] ? NIV-AF4BB359EBFBE287 | BASKET | HIDDEN_HALO | CHANNEL | PLATINUM | PT_950 | 1ct | imgs:3
[03:28:22][PRINCESS] [5881] ? NIV-0180CE310F44E86B | BASKET | HIDDEN_HALO | CHANNEL | GOLD | KT_10 | 1ct | imgs:3
[03:28:27][PRINCESS] [5882] ? NIV-0180CE310F44E86B | BASKET | HIDDEN_HALO | CHANNEL | GOLD | KT_10 | 1ct | imgs:3
[03:28:31][PRINCESS] [5883] ? NIV-0180CE310F44E86B | BASKET | HIDDEN_HALO | CHANNEL | GOLD | KT_10 | 1ct | imgs:3
[03:28:33][PRINCESS] [5884] ? NIV-5DF5791F336E3069 | BASKET | HIDDEN_HALO | CHANNEL | GOLD | KT_10 | 1ct | imgs:3
[03:28:37][PRINCESS] [5885] ? NIV-5DF5791F336E3069 | BASKET | HIDDEN_HALO | CHANNEL | GOLD | KT_10 | 1ct | imgs:3
[03:28:42][PRINCESS] [5886] ? NIV-5DF5791F336E3069 | BASKET | HIDDEN_HALO | CHANNEL | GOLD | KT_10 | 1ct | imgs:3
[03:28:45][PRINCESS] [5887] ? NIV-B63EF98A98DC1894 | BASKET | HIDDEN_HALO | CHANNEL | GOLD | KT_10 | 1ct | imgs:3
[03:28:49][PRINCESS] [5888] ? NIV-B63EF98A98DC1894 | BASKET | HIDDEN_HALO | CHANNEL | GOLD | KT_10 | 1ct | imgs:3
[03:28:55][PRINCESS] [5889] ? NIV-B63EF98A98DC1894 | BASKET | HIDDEN_HALO | CHANNEL | GOLD | KT_10 | 1ct | imgs:3
[03:28:58][PRINCESS] [5890] ? NIV-A1E02C061ABFA0BA | BASKET | HIDDEN_HALO | CHANNEL | GOLD | KT_14 | 1ct | imgs:3
[03:29:01][PRINCESS] [5891] ? NIV-A1E02C061ABFA0BA | BASKET | HIDDEN_HALO | CHANNEL | GOLD | KT_14 | 1ct | imgs:3
[03:29:06][PRINCESS] [5892] ? NIV-A1E02C061ABFA0BA | BASKET | HIDDEN_HALO | CHANNEL | GOLD | KT_14 | 1ct | imgs:3
[03:29:09][PRINCESS] [5893] ? NIV-736B74A077D52730 | BASKET | HIDDEN_HALO | CHANNEL | GOLD | KT_14 | 1ct | imgs:3
[03:29:13][PRINCESS] [5894] ? NIV-736B74A077D52730 | BASKET | HIDDEN_HALO | CHANNEL | GOLD | KT_14 | 1ct | imgs:3
[03:29:16][PRINCESS] [5895] ? NIV-736B74A077D52730 | BASKET | HIDDEN_HALO | CHANNEL | GOLD | KT_14 | 1ct | imgs:3
[03:29:18][PRINCESS] [5896] ? NIV-8BAE242EE57C870E | BASKET | HIDDEN_HALO | CHANNEL | GOLD | KT_14 | 1ct | imgs:3
[03:29:22][PRINCESS] [5897] ? NIV-8BAE242EE57C870E | BASKET | HIDDEN_HALO | CHANNEL | GOLD | KT_14 | 1ct | imgs:3
[03:29:25][PRINCESS] [5898] ? NIV-8BAE242EE57C870E | BASKET | HIDDEN_HALO | CHANNEL | GOLD | KT_14 | 1ct | imgs:3
[03:29:31][PRINCESS] [5899] ? NIV-98E6AFADE4065597 | BASKET | HIDDEN_HALO | CHANNEL | GOLD | KT_18 | 1ct | imgs:3
[03:29:34][PRINCESS] [5900] ? NIV-98E6AFADE4065597 | BASKET | HIDDEN_HALO | CHANNEL | GOLD | KT_18 | 1ct | imgs:3
[03:29:40][PRINCESS] [5901] ? NIV-98E6AFADE4065597 | BASKET | HIDDEN_HALO | CHANNEL | GOLD | KT_18 | 1ct | imgs:3
[03:29:42][PRINCESS] [5902] ? NIV-4B24D8227F96D50F | BASKET | HIDDEN_HALO | CHANNEL | GOLD | KT_18 | 1ct | imgs:3
[03:29:46][PRINCESS] [5903] ? NIV-4B24D8227F96D50F | BASKET | HIDDEN_HALO | CHANNEL | GOLD | KT_18 | 1ct | imgs:3
[03:29:51][PRINCESS] [5904] ? NIV-4B24D8227F96D50F | BASKET | HIDDEN_HALO | CHANNEL | GOLD | KT_18 | 1ct | imgs:3
[03:29:54][PRINCESS] [5905] ? NIV-0A49EAADDD833EA5 | BASKET | HIDDEN_HALO | CHANNEL | GOLD | KT_18 | 1ct | imgs:3
[03:29:58][PRINCESS] [5906] ? NIV-0A49EAADDD833EA5 | BASKET | HIDDEN_HALO | CHANNEL | GOLD | KT_18 | 1ct | imgs:3
[03:30:04][PRINCESS] [5907] ? NIV-0A49EAADDD833EA5 | BASKET | HIDDEN_HALO | CHANNEL | GOLD | KT_18 | 1ct | imgs:3
[03:30:07][PRINCESS] [5908] ? NIV-B12D0070240FAB7E | BASKET | HIDDEN_HALO | CHANNEL | PLATINUM | PT_950 | 1ct | imgs:3
[03:30:13][PRINCESS] [5909] ? NIV-3BD53BC352310864 | BASKET | HIDDEN_HALO | CHANNEL | GOLD | KT_10 | 1ct | imgs:1
[03:30:16][PRINCESS] [5910] ? NIV-3BD53BC352310864 | BASKET | HIDDEN_HALO | CHANNEL | GOLD | KT_10 | 1ct | imgs:3
[03:30:21][PRINCESS] [5911] ? NIV-3BD53BC352310864 | BASKET | HIDDEN_HALO | CHANNEL | GOLD | KT_10 | 1ct | imgs:3
[03:30:24][PRINCESS] [5912] ? NIV-DEED73A06A8A5FFC | BASKET | HIDDEN_HALO | CHANNEL | GOLD | KT_10 | 1ct | imgs:3
[03:30:28][PRINCESS] [5913] ? NIV-DEED73A06A8A5FFC | BASKET | HIDDEN_HALO | CHANNEL | GOLD | KT_10 | 1ct | imgs:3
[03:30:31][PRINCESS] [5914] ? NIV-DEED73A06A8A5FFC | BASKET | HIDDEN_HALO | CHANNEL | GOLD | KT_10 | 1ct | imgs:3
[03:30:34][PRINCESS] [5915] ? NIV-2DCB4C6431189A1E | BASKET | HIDDEN_HALO | CHANNEL | GOLD | KT_10 | 1ct | imgs:2
[03:30:37][PRINCESS] [5916] ? NIV-2DCB4C6431189A1E | BASKET | HIDDEN_HALO | CHANNEL | GOLD | KT_10 | 1ct | imgs:3
[03:30:42][PRINCESS] [5917] ? NIV-2DCB4C6431189A1E | BASKET | HIDDEN_HALO | CHANNEL | GOLD | KT_10 | 1ct | imgs:3
[03:30:48][PRINCESS] [5918] ? NIV-5836A81E4D177B42 | BASKET | HIDDEN_HALO | CHANNEL | GOLD | KT_14 | 1ct | imgs:1
[03:30:55][PRINCESS] [5919] ? NIV-5836A81E4D177B42 | BASKET | HIDDEN_HALO | CHANNEL | GOLD | KT_14 | 1ct | imgs:3
[03:31:00][PRINCESS] [5920] ? NIV-5836A81E4D177B42 | BASKET | HIDDEN_HALO | CHANNEL | GOLD | KT_14 | 1ct | imgs:3
[03:31:06][PRINCESS] [5921] ? NIV-EA7F9624845F79F4 | BASKET | HIDDEN_HALO | CHANNEL | GOLD | KT_14 | 1ct | imgs:1
[03:31:10][PRINCESS] [5922] ? NIV-EA7F9624845F79F4 | BASKET | HIDDEN_HALO | CHANNEL | GOLD | KT_14 | 1ct | imgs:3
[03:31:15][PRINCESS] [5923] ? NIV-EA7F9624845F79F4 | BASKET | HIDDEN_HALO | CHANNEL | GOLD | KT_14 | 1ct | imgs:3
[03:31:19][PRINCESS] [5924] ? NIV-7EDC1C07D4FE26C6 | BASKET | HIDDEN_HALO | CHANNEL | GOLD | KT_14 | 1ct | imgs:3
[03:31:24][PRINCESS] [5925] ? NIV-7EDC1C07D4FE26C6 | BASKET | HIDDEN_HALO | CHANNEL | GOLD | KT_14 | 1ct | imgs:3
[03:31:28][PRINCESS] [5926] ? NIV-7EDC1C07D4FE26C6 | BASKET | HIDDEN_HALO | CHANNEL | GOLD | KT_14 | 1ct | imgs:3
[03:31:33][PRINCESS] [5927] ? NIV-3DF8EAC380424819 | BASKET | HIDDEN_HALO | CHANNEL | GOLD | KT_18 | 1ct | imgs:3
[03:31:39][PRINCESS] [5928] ? NIV-3DF8EAC380424819 | BASKET | HIDDEN_HALO | CHANNEL | GOLD | KT_18 | 1ct | imgs:3
[03:31:45][PRINCESS] [5929] ? NIV-3DF8EAC380424819 | BASKET | HIDDEN_HALO | CHANNEL | GOLD | KT_18 | 1ct | imgs:3
[03:31:49][PRINCESS] [5930] ? NIV-51BE42A24520AED9 | BASKET | HIDDEN_HALO | CHANNEL | GOLD | KT_18 | 1ct | imgs:1
[03:31:54][PRINCESS] [5931] ? NIV-51BE42A24520AED9 | BASKET | HIDDEN_HALO | CHANNEL | GOLD | KT_18 | 1ct | imgs:3
[03:32:00][PRINCESS] [5932] ? NIV-51BE42A24520AED9 | BASKET | HIDDEN_HALO | CHANNEL | GOLD | KT_18 | 1ct | imgs:3
[03:32:03][PRINCESS] [5933] ? NIV-3BF47CF675FFEDD3 | BASKET | HIDDEN_HALO | CHANNEL | GOLD | KT_18 | 1ct | imgs:1
[03:32:07][PRINCESS] [5934] ? NIV-3BF47CF675FFEDD3 | BASKET | HIDDEN_HALO | CHANNEL | GOLD | KT_18 | 1ct | imgs:3
[03:32:12][PRINCESS] [5935] ? NIV-3BF47CF675FFEDD3 | BASKET | HIDDEN_HALO | CHANNEL | GOLD | KT_18 | 1ct | imgs:3
[03:32:15][PRINCESS] [5936] ? NIV-ACBFD7B662FF63A6 | BASKET | HIDDEN_HALO | CHANNEL | PLATINUM | PT_950 | 1ct | imgs:3
[03:32:21][PRINCESS] [5937] ? NIV-16DC8E856597545C | BASKET | HIDDEN_HALO | CHANNEL | GOLD | KT_10 | 1ct | imgs:3
[03:32:27][PRINCESS] [5938] ? NIV-16DC8E856597545C | BASKET | HIDDEN_HALO | CHANNEL | GOLD | KT_10 | 1ct | imgs:3
[03:32:33][PRINCESS] [5939] ? NIV-16DC8E856597545C | BASKET | HIDDEN_HALO | CHANNEL | GOLD | KT_10 | 1ct | imgs:3
[03:32:36][PRINCESS] [5940] ? NIV-2E3855B7C8D1D60B | BASKET | HIDDEN_HALO | CHANNEL | GOLD | KT_10 | 1ct | imgs:3
[03:32:40][PRINCESS] [5941] ? NIV-2E3855B7C8D1D60B | BASKET | HIDDEN_HALO | CHANNEL | GOLD | KT_10 | 1ct | imgs:3
[03:32:43][PRINCESS] [5942] ? NIV-2E3855B7C8D1D60B | BASKET | HIDDEN_HALO | CHANNEL | GOLD | KT_10 | 1ct | imgs:3
[03:32:46][PRINCESS] [5943] ? NIV-DFD6FA02AF93DC66 | BASKET | HIDDEN_HALO | CHANNEL | GOLD | KT_10 | 1ct | imgs:3
[03:32:52][PRINCESS] [5944] ? NIV-DFD6FA02AF93DC66 | BASKET | HIDDEN_HALO | CHANNEL | GOLD | KT_10 | 1ct | imgs:3
[03:32:58][PRINCESS] [5945] ? NIV-DFD6FA02AF93DC66 | BASKET | HIDDEN_HALO | CHANNEL | GOLD | KT_10 | 1ct | imgs:3
[03:33:03][PRINCESS] [5946] ? NIV-EBD79D40C3909F3B | BASKET | HIDDEN_HALO | CHANNEL | GOLD | KT_14 | 1ct | imgs:1
[03:33:09][PRINCESS] [5947] ? NIV-EBD79D40C3909F3B | BASKET | HIDDEN_HALO | CHANNEL | GOLD | KT_14 | 1ct | imgs:3
[03:33:13][PRINCESS] [5948] ? NIV-EBD79D40C3909F3B | BASKET | HIDDEN_HALO | CHANNEL | GOLD | KT_14 | 1ct | imgs:3
[03:33:17][PRINCESS] [5949] ? NIV-FB82834DDC561EA5 | BASKET | HIDDEN_HALO | CHANNEL | GOLD | KT_14 | 1ct | imgs:1
[03:33:22][PRINCESS] [5950] ? NIV-FB82834DDC561EA5 | BASKET | HIDDEN_HALO | CHANNEL | GOLD | KT_14 | 1ct | imgs:3
[03:33:25][PRINCESS] [5951] ? NIV-FB82834DDC561EA5 | BASKET | HIDDEN_HALO | CHANNEL | GOLD | KT_14 | 1ct | imgs:3
[03:33:27][PRINCESS] [5952] ? NIV-1D3E0176596084DE | BASKET | HIDDEN_HALO | CHANNEL | GOLD | KT_14 | 1ct | imgs:3
[03:33:31][PRINCESS] [5953] ? NIV-1D3E0176596084DE | BASKET | HIDDEN_HALO | CHANNEL | GOLD | KT_14 | 1ct | imgs:3
[03:33:36][PRINCESS] [5954] ? NIV-1D3E0176596084DE | BASKET | HIDDEN_HALO | CHANNEL | GOLD | KT_14 | 1ct | imgs:3
[03:33:43][PRINCESS] [5955] ? NIV-FD74592339C7C2E5 | BASKET | HIDDEN_HALO | CHANNEL | GOLD | KT_18 | 1ct | imgs:3
[03:33:46][PRINCESS] [5956] ? NIV-FD74592339C7C2E5 | BASKET | HIDDEN_HALO | CHANNEL | GOLD | KT_18 | 1ct | imgs:3
[03:33:51][PRINCESS] [5957] ? NIV-FD74592339C7C2E5 | BASKET | HIDDEN_HALO | CHANNEL | GOLD | KT_18 | 1ct | imgs:3
[03:33:55][PRINCESS] [5958] ? NIV-550FCF199FE6A0B5 | BASKET | HIDDEN_HALO | CHANNEL | GOLD | KT_18 | 1ct | imgs:3
[03:33:58][PRINCESS] [5959] ? NIV-550FCF199FE6A0B5 | BASKET | HIDDEN_HALO | CHANNEL | GOLD | KT_18 | 1ct | imgs:3
[03:34:03][PRINCESS] [5960] ? NIV-550FCF199FE6A0B5 | BASKET | HIDDEN_HALO | CHANNEL | GOLD | KT_18 | 1ct | imgs:3
[03:34:06][PRINCESS] [5961] ? NIV-6E583FC05A58F6F6 | BASKET | HIDDEN_HALO | CHANNEL | GOLD | KT_18 | 1ct | imgs:3
[03:34:13][PRINCESS] [5962] ? NIV-6E583FC05A58F6F6 | BASKET | HIDDEN_HALO | CHANNEL | GOLD | KT_18 | 1ct | imgs:3
[03:34:19][PRINCESS] [5963] ? NIV-6E583FC05A58F6F6 | BASKET | HIDDEN_HALO | CHANNEL | GOLD | KT_18 | 1ct | imgs:3
[03:34:22][PRINCESS] [5964] ? NIV-AE0B9E78E8153755 | BASKET | HIDDEN_HALO | CHANNEL | PLATINUM | PT_950 | 1ct | imgs:3
[03:34:28][PRINCESS] [5965] ? NIV-3118CE41D663B288 | BASKET | HIDDEN_HALO | CHANNEL | GOLD | KT_10 | 1ct | imgs:3
[03:34:33][PRINCESS] [5966] ? NIV-3118CE41D663B288 | BASKET | HIDDEN_HALO | CHANNEL | GOLD | KT_10 | 1ct | imgs:3
[03:34:39][PRINCESS] [5967] ? NIV-3118CE41D663B288 | BASKET | HIDDEN_HALO | CHANNEL | GOLD | KT_10 | 1ct | imgs:3
[03:34:49][PRINCESS] [5968] ? NIV-A9B1A093EF992A29 | BASKET | HIDDEN_HALO | CHANNEL | GOLD | KT_10 | 1ct | imgs:1
[03:34:55][PRINCESS] [5969] ? NIV-A9B1A093EF992A29 | BASKET | HIDDEN_HALO | CHANNEL | GOLD | KT_10 | 1ct | imgs:3
[03:35:01][PRINCESS] [5970] ? NIV-A9B1A093EF992A29 | BASKET | HIDDEN_HALO | CHANNEL | GOLD | KT_10 | 1ct | imgs:3
[03:35:04][PRINCESS] [5971] ? NIV-BC60DADBE86FF36A | BASKET | HIDDEN_HALO | CHANNEL | GOLD | KT_10 | 1ct | imgs:2
[03:35:09][PRINCESS] [5972] ? NIV-BC60DADBE86FF36A | BASKET | HIDDEN_HALO | CHANNEL | GOLD | KT_10 | 1ct | imgs:3
[03:35:16][PRINCESS] [5973] ? NIV-BC60DADBE86FF36A | BASKET | HIDDEN_HALO | CHANNEL | GOLD | KT_10 | 1ct | imgs:3
[03:35:21][PRINCESS] [5974] ? NIV-57BF6BF023A65BAB | BASKET | HIDDEN_HALO | CHANNEL | GOLD | KT_14 | 1ct | imgs:3
[03:35:28][PRINCESS] [5975] ? NIV-57BF6BF023A65BAB | BASKET | HIDDEN_HALO | CHANNEL | GOLD | KT_14 | 1ct | imgs:3
[03:35:34][PRINCESS] [5976] ? NIV-57BF6BF023A65BAB | BASKET | HIDDEN_HALO | CHANNEL | GOLD | KT_14 | 1ct | imgs:3
[03:35:38][PRINCESS] [5977] ? NIV-892B572D3B098C9C | BASKET | HIDDEN_HALO | CHANNEL | GOLD | KT_14 | 1ct | imgs:3
[03:35:42][PRINCESS] [5978] ? NIV-892B572D3B098C9C | BASKET | HIDDEN_HALO | CHANNEL | GOLD | KT_14 | 1ct | imgs:3
[03:35:46][PRINCESS] [5979] ? NIV-892B572D3B098C9C | BASKET | HIDDEN_HALO | CHANNEL | GOLD | KT_14 | 1ct | imgs:3
[03:35:48][PRINCESS] [5980] ? NIV-BE55670354FD7A95 | BASKET | HIDDEN_HALO | CHANNEL | GOLD | KT_14 | 1ct | imgs:3
[03:35:52][PRINCESS] [5981] ? NIV-BE55670354FD7A95 | BASKET | HIDDEN_HALO | CHANNEL | GOLD | KT_14 | 1ct | imgs:3
[03:35:57][PRINCESS] [5982] ? NIV-BE55670354FD7A95 | BASKET | HIDDEN_HALO | CHANNEL | GOLD | KT_14 | 1ct | imgs:3
[03:36:00][PRINCESS] [5983] ? NIV-232424F7C6C23D02 | BASKET | HIDDEN_HALO | CHANNEL | GOLD | KT_18 | 1ct | imgs:3
[03:36:06][PRINCESS] [5984] ? NIV-232424F7C6C23D02 | BASKET | HIDDEN_HALO | CHANNEL | GOLD | KT_18 | 1ct | imgs:3
[03:36:13][PRINCESS] [5985] ? NIV-232424F7C6C23D02 | BASKET | HIDDEN_HALO | CHANNEL | GOLD | KT_18 | 1ct | imgs:3
[03:36:15][PRINCESS] [5986] ? NIV-684629A5362CAF63 | BASKET | HIDDEN_HALO | CHANNEL | GOLD | KT_18 | 1ct | imgs:3
[03:36:19][PRINCESS] [5987] ? NIV-684629A5362CAF63 | BASKET | HIDDEN_HALO | CHANNEL | GOLD | KT_18 | 1ct | imgs:3
[03:36:22][PRINCESS] [5988] ? NIV-684629A5362CAF63 | BASKET | HIDDEN_HALO | CHANNEL | GOLD | KT_18 | 1ct | imgs:3
[03:36:25][PRINCESS] [5989] ? NIV-E5C0DE1D6209B3C3 | BASKET | HIDDEN_HALO | CHANNEL | GOLD | KT_18 | 1ct | imgs:3
[03:36:31][PRINCESS] [5990] ? NIV-E5C0DE1D6209B3C3 | BASKET | HIDDEN_HALO | CHANNEL | GOLD | KT_18 | 1ct | imgs:3
[03:36:36][PRINCESS] [5991] ? NIV-E5C0DE1D6209B3C3 | BASKET | HIDDEN_HALO | CHANNEL | GOLD | KT_18 | 1ct | imgs:3
[03:36:39][PRINCESS] [5992] ? NIV-2BC565B4B22FC3DF | BASKET | HIDDEN_HALO | CHANNEL | PLATINUM | PT_950 | 1ct | imgs:3
[03:36:46][PRINCESS] [5993] ? NIV-091C7B5459DA4ED2 | BASKET | HIDDEN_HALO | CHANNEL | GOLD | KT_10 | 1ct | imgs:3
[03:36:52][PRINCESS] [5994] ? NIV-091C7B5459DA4ED2 | BASKET | HIDDEN_HALO | CHANNEL | GOLD | KT_10 | 1ct | imgs:3
[03:36:58][PRINCESS] [5995] ? NIV-091C7B5459DA4ED2 | BASKET | HIDDEN_HALO | CHANNEL | GOLD | KT_10 | 1ct | imgs:3
[03:37:02][PRINCESS] [5996] ? NIV-75179D0DF0803640 | BASKET | HIDDEN_HALO | CHANNEL | GOLD | KT_10 | 1ct | imgs:3
[03:37:07][PRINCESS] [5997] ? NIV-75179D0DF0803640 | BASKET | HIDDEN_HALO | CHANNEL | GOLD | KT_10 | 1ct | imgs:3
[03:37:13][PRINCESS] [5998] ? NIV-75179D0DF0803640 | BASKET | HIDDEN_HALO | CHANNEL | GOLD | KT_10 | 1ct | imgs:3
[03:37:15][PRINCESS] [5999] ? NIV-5B77841741A45541 | BASKET | HIDDEN_HALO | CHANNEL | GOLD | KT_10 | 1ct | imgs:3
[03:37:19][PRINCESS] [6000] ? NIV-5B77841741A45541 | BASKET | HIDDEN_HALO | CHANNEL | GOLD | KT_10 | 1ct | imgs:3
[03:37:32][PRINCESS] [6001] ??  NIV-5B77841741A45541 | BASKET | HIDDEN_HALO | CHANNEL | GOLD | KT_10 | 1ct | imgs:0
[03:37:32][PRINCESS]   Re-seleccionando PRINCESS (intento 1)
[03:37:33][PRINCESS]   Boton no encontrado ? recargando configurador...
[03:38:07][PRINCESS]   Re-seleccionando PRINCESS (intento 2)
[03:38:14][PRINCESS] [6002] ? NIV-58D80612BA34FED5 | BASKET | HIDDEN_HALO | CHANNEL | GOLD | KT_14 | 1ct | imgs:1
[03:38:16][PRINCESS] [6003] ? NIV-C00CC1E1B633A0E6 | BASKET | HIDDEN_HALO | CHANNEL | GOLD | KT_14 | 1ct | imgs:3
[03:38:19][PRINCESS] [6004] ? NIV-A9FEEAD73232E242 | BASKET | HIDDEN_HALO | CHANNEL | GOLD | KT_14 | 1ct | imgs:3
[03:38:23][PRINCESS] [6005] ? NIV-7198B0FB30179C7F | BASKET | HIDDEN_HALO | CHANNEL | GOLD | KT_14 | 1ct | imgs:3
[03:38:27][PRINCESS] [6006] ? NIV-E2C7AB49DE806B73 | BASKET | HIDDEN_HALO | CHANNEL | GOLD | KT_14 | 1ct | imgs:1
[03:38:29][PRINCESS] [6007] ? NIV-6D95AB763D585528 | BASKET | HIDDEN_HALO | CHANNEL | GOLD | KT_14 | 1ct | imgs:3
[03:38:34][PRINCESS] [6008] ? NIV-46DA39283D61D6BC | BASKET | HIDDEN_HALO | CHANNEL | GOLD | KT_14 | 1ct | imgs:3
[03:38:37][PRINCESS] [6009] ? NIV-35370568AF326438 | BASKET | HIDDEN_HALO | CHANNEL | GOLD | KT_14 | 1ct | imgs:3
[03:38:40][PRINCESS] [6010] ? NIV-5A0398DDCC86DF0F | BASKET | HIDDEN_HALO | CHANNEL | GOLD | KT_14 | 1ct | imgs:3
[03:38:47][PRINCESS] [6011] ? NIV-AF3BD9263C718FD4 | BASKET | HIDDEN_HALO | CHANNEL | GOLD | KT_18 | 1ct | imgs:1
[03:38:52][PRINCESS] [6012] ? NIV-98BF0980C9DD6B7C | BASKET | HIDDEN_HALO | CHANNEL | GOLD | KT_18 | 1ct | imgs:3
[03:38:55][PRINCESS] [6013] ? NIV-9B20FC0388DE71FC | BASKET | HIDDEN_HALO | CHANNEL | GOLD | KT_18 | 1ct | imgs:3
[03:38:58][PRINCESS] [6014] ? NIV-234DDF6A4230EB27 | BASKET | HIDDEN_HALO | CHANNEL | GOLD | KT_18 | 1ct | imgs:3
[03:39:01][PRINCESS] [6015] ? NIV-C195B2FECA12FF6D | BASKET | HIDDEN_HALO | CHANNEL | GOLD | KT_18 | 1ct | imgs:3
[03:39:05][PRINCESS] [6016] ? NIV-D523B9E5CDC530B2 | BASKET | HIDDEN_HALO | CHANNEL | GOLD | KT_18 | 1ct | imgs:2
[03:39:10][PRINCESS] [6017] ? NIV-8762805492320BC7 | BASKET | HIDDEN_HALO | CHANNEL | GOLD | KT_18 | 1ct | imgs:1
[03:39:14][PRINCESS] [6018] ? NIV-6BE6FEA286CDB358 | BASKET | HIDDEN_HALO | CHANNEL | GOLD | KT_18 | 1ct | imgs:1
[03:39:16][PRINCESS] [6019] ? NIV-668C33A2C18EE62A | BASKET | HIDDEN_HALO | CHANNEL | GOLD | KT_18 | 1ct | imgs:3
[03:39:20][PRINCESS] [6020] ? NIV-D04C0916386418DA | BASKET | HIDDEN_HALO | CHANNEL | PLATINUM | PT_950 | 1ct | imgs:3
[03:39:25][PRINCESS] [6021] ? NIV-1C69D37EE704B015 | BASKET | HIDDEN_HALO | CHANNEL | GOLD | KT_10 | 1ct | imgs:3
[03:39:29][PRINCESS] [6022] ? NIV-1C69D37EE704B015 | BASKET | HIDDEN_HALO | CHANNEL | GOLD | KT_10 | 1ct | imgs:3
[03:39:32][PRINCESS] [6023] ? NIV-1C69D37EE704B015 | BASKET | HIDDEN_HALO | CHANNEL | GOLD | KT_10 | 1ct | imgs:3
[03:39:36][PRINCESS] [6024] ? NIV-811C46B847CA0732 | BASKET | HIDDEN_HALO | CHANNEL | GOLD | KT_10 | 1ct | imgs:3
[03:39:41][PRINCESS] [6025] ? NIV-811C46B847CA0732 | BASKET | HIDDEN_HALO | CHANNEL | GOLD | KT_10 | 1ct | imgs:3
[03:39:46][PRINCESS] [6026] ? NIV-811C46B847CA0732 | BASKET | HIDDEN_HALO | CHANNEL | GOLD | KT_10 | 1ct | imgs:3
[03:39:52][PRINCESS] [6027] ? NIV-FD765475741E9C80 | BASKET | HIDDEN_HALO | CHANNEL | GOLD | KT_10 | 1ct | imgs:3
[03:39:58][PRINCESS] [6028] ? NIV-FD765475741E9C80 | BASKET | HIDDEN_HALO | CHANNEL | GOLD | KT_10 | 1ct | imgs:3
[03:40:02][PRINCESS] [6029] ? NIV-FD765475741E9C80 | BASKET | HIDDEN_HALO | CHANNEL | GOLD | KT_10 | 1ct | imgs:3
[03:40:05][PRINCESS] [6030] ? NIV-9ACE46542A509E6C | BASKET | HIDDEN_HALO | CHANNEL | GOLD | KT_14 | 1ct | imgs:3
[03:40:10][PRINCESS] [6031] ? NIV-9ACE46542A509E6C | BASKET | HIDDEN_HALO | CHANNEL | GOLD | KT_14 | 1ct | imgs:3
[03:40:16][PRINCESS] [6032] ? NIV-9ACE46542A509E6C | BASKET | HIDDEN_HALO | CHANNEL | GOLD | KT_14 | 1ct | imgs:3
[03:40:19][PRINCESS] [6033] ? NIV-13C385FD9A943A54 | BASKET | HIDDEN_HALO | CHANNEL | GOLD | KT_14 | 1ct | imgs:3
[03:40:23][PRINCESS] [6034] ? NIV-13C385FD9A943A54 | BASKET | HIDDEN_HALO | CHANNEL | GOLD | KT_14 | 1ct | imgs:3
[03:40:28][PRINCESS] [6035] ? NIV-13C385FD9A943A54 | BASKET | HIDDEN_HALO | CHANNEL | GOLD | KT_14 | 1ct | imgs:3
[03:40:31][PRINCESS] [6036] ? NIV-0F1C1E19C9630D17 | BASKET | HIDDEN_HALO | CHANNEL | GOLD | KT_14 | 1ct | imgs:3
[03:40:35][PRINCESS] [6037] ? NIV-0F1C1E19C9630D17 | BASKET | HIDDEN_HALO | CHANNEL | GOLD | KT_14 | 1ct | imgs:3
[03:40:40][PRINCESS] [6038] ? NIV-0F1C1E19C9630D17 | BASKET | HIDDEN_HALO | CHANNEL | GOLD | KT_14 | 1ct | imgs:3
[03:40:44][PRINCESS] [6039] ? NIV-6F3A50B412470C4A | BASKET | HIDDEN_HALO | CHANNEL | GOLD | KT_18 | 1ct | imgs:3
[03:40:50][PRINCESS] [6040] ? NIV-6F3A50B412470C4A | BASKET | HIDDEN_HALO | CHANNEL | GOLD | KT_18 | 1ct | imgs:3
[03:40:55][PRINCESS] [6041] ? NIV-6F3A50B412470C4A | BASKET | HIDDEN_HALO | CHANNEL | GOLD | KT_18 | 1ct | imgs:3
[03:40:59][PRINCESS] [6042] ? NIV-E0A21C19DB07E593 | BASKET | HIDDEN_HALO | CHANNEL | GOLD | KT_18 | 1ct | imgs:3
[03:41:04][PRINCESS] [6043] ? NIV-E0A21C19DB07E593 | BASKET | HIDDEN_HALO | CHANNEL | GOLD | KT_18 | 1ct | imgs:3
[03:41:10][PRINCESS] [6044] ? NIV-E0A21C19DB07E593 | BASKET | HIDDEN_HALO | CHANNEL | GOLD | KT_18 | 1ct | imgs:3
[03:41:14][PRINCESS] [6045] ? NIV-9E85C6E430E88F79 | BASKET | HIDDEN_HALO | CHANNEL | GOLD | KT_18 | 1ct | imgs:3
[03:41:19][PRINCESS] [6046] ? NIV-9E85C6E430E88F79 | BASKET | HIDDEN_HALO | CHANNEL | GOLD | KT_18 | 1ct | imgs:3
[03:41:25][PRINCESS] [6047] ? NIV-9E85C6E430E88F79 | BASKET | HIDDEN_HALO | CHANNEL | GOLD | KT_18 | 1ct | imgs:3
[03:41:29][PRINCESS] [6048] ? NIV-1BCFC959A1DB2708 | BASKET | HIDDEN_HALO | CHANNEL | PLATINUM | PT_950 | 1ct | imgs:3
[03:41:40][PRINCESS] [6049] ? NIV-333626608862CF30 | BASKET | HIDDEN_HALO | PRONG | GOLD | KT_10 | 1ct | imgs:3
[03:41:44][PRINCESS] [6050] ? NIV-333626608862CF30 | BASKET | HIDDEN_HALO | PRONG | GOLD | KT_10 | 1ct | imgs:3
[03:41:49][PRINCESS] [6051] ? NIV-333626608862CF30 | BASKET | HIDDEN_HALO | PRONG | GOLD | KT_10 | 1ct | imgs:3
[03:41:52][PRINCESS] [6052] ? NIV-2936FA59868CE3F7 | BASKET | HIDDEN_HALO | PRONG | GOLD | KT_10 | 1ct | imgs:3
[03:41:58][PRINCESS] [6053] ? NIV-2936FA59868CE3F7 | BASKET | HIDDEN_HALO | PRONG | GOLD | KT_10 | 1ct | imgs:3
[03:42:04][PRINCESS] [6054] ? NIV-2936FA59868CE3F7 | BASKET | HIDDEN_HALO | PRONG | GOLD | KT_10 | 1ct | imgs:3
[03:42:08][PRINCESS] [6055] ? NIV-D931977330351F6B | BASKET | HIDDEN_HALO | PRONG | GOLD | KT_10 | 1ct | imgs:3
[03:42:14][PRINCESS] [6056] ? NIV-D931977330351F6B | BASKET | HIDDEN_HALO | PRONG | GOLD | KT_10 | 1ct | imgs:3
[03:42:19][PRINCESS] [6057] ? NIV-D931977330351F6B | BASKET | HIDDEN_HALO | PRONG | GOLD | KT_10 | 1ct | imgs:3
[03:42:22][PRINCESS] [6058] ? NIV-5FE236038072730A | BASKET | HIDDEN_HALO | PRONG | GOLD | KT_14 | 1ct | imgs:3
[03:42:26][PRINCESS] [6059] ? NIV-5FE236038072730A | BASKET | HIDDEN_HALO | PRONG | GOLD | KT_14 | 1ct | imgs:3
[03:42:32][PRINCESS] [6060] ? NIV-5FE236038072730A | BASKET | HIDDEN_HALO | PRONG | GOLD | KT_14 | 1ct | imgs:3
[03:42:34][PRINCESS] [6061] ? NIV-F497B101543DBAF1 | BASKET | HIDDEN_HALO | PRONG | GOLD | KT_14 | 1ct | imgs:3
[03:42:40][PRINCESS] [6062] ? NIV-F497B101543DBAF1 | BASKET | HIDDEN_HALO | PRONG | GOLD | KT_14 | 1ct | imgs:3
[03:42:46][PRINCESS] [6063] ? NIV-F497B101543DBAF1 | BASKET | HIDDEN_HALO | PRONG | GOLD | KT_14 | 1ct | imgs:3
[03:42:51][PRINCESS] [6064] ? NIV-E23527F51AE9888C | BASKET | HIDDEN_HALO | PRONG | GOLD | KT_14 | 1ct | imgs:1
[03:42:56][PRINCESS] [6065] ? NIV-E23527F51AE9888C | BASKET | HIDDEN_HALO | PRONG | GOLD | KT_14 | 1ct | imgs:3
[03:43:01][PRINCESS] [6066] ? NIV-E23527F51AE9888C | BASKET | HIDDEN_HALO | PRONG | GOLD | KT_14 | 1ct | imgs:3
[03:43:05][PRINCESS] [6067] ? NIV-6839C170BCEEB1FB | BASKET | HIDDEN_HALO | PRONG | GOLD | KT_18 | 1ct | imgs:1
[03:43:11][PRINCESS] [6068] ? NIV-6839C170BCEEB1FB | BASKET | HIDDEN_HALO | PRONG | GOLD | KT_18 | 1ct | imgs:3
[03:43:16][PRINCESS] [6069] ? NIV-6839C170BCEEB1FB | BASKET | HIDDEN_HALO | PRONG | GOLD | KT_18 | 1ct | imgs:3
[03:43:19][PRINCESS] [6070] ? NIV-DED7C0A0E4FFFF21 | BASKET | HIDDEN_HALO | PRONG | GOLD | KT_18 | 1ct | imgs:3
[03:43:25][PRINCESS] [6071] ? NIV-DED7C0A0E4FFFF21 | BASKET | HIDDEN_HALO | PRONG | GOLD | KT_18 | 1ct | imgs:3
[03:43:31][PRINCESS] [6072] ? NIV-DED7C0A0E4FFFF21 | BASKET | HIDDEN_HALO | PRONG | GOLD | KT_18 | 1ct | imgs:3
[03:43:34][PRINCESS] [6073] ? NIV-8A0D964B1EE324F7 | BASKET | HIDDEN_HALO | PRONG | GOLD | KT_18 | 1ct | imgs:3
[03:43:38][PRINCESS] [6074] ? NIV-8A0D964B1EE324F7 | BASKET | HIDDEN_HALO | PRONG | GOLD | KT_18 | 1ct | imgs:3
[03:43:44][PRINCESS] [6075] ? NIV-8A0D964B1EE324F7 | BASKET | HIDDEN_HALO | PRONG | GOLD | KT_18 | 1ct | imgs:3
[03:43:47][PRINCESS] [6076] ? NIV-91F81B54766BC24A | BASKET | HIDDEN_HALO | PRONG | PLATINUM | PT_950 | 1ct | imgs:3
[03:43:55][PRINCESS] [6077] ? NIV-55A0F466ACC9E1F8 | BASKET | HIDDEN_HALO | PRONG | GOLD | KT_10 | 1ct | imgs:3
[03:44:02][PRINCESS] [6078] ? NIV-55A0F466ACC9E1F8 | BASKET | HIDDEN_HALO | PRONG | GOLD | KT_10 | 1ct | imgs:3
[03:44:07][PRINCESS] [6079] ? NIV-55A0F466ACC9E1F8 | BASKET | HIDDEN_HALO | PRONG | GOLD | KT_10 | 1ct | imgs:3
[03:44:11][PRINCESS] [6080] ? NIV-8C3AF795927D9907 | BASKET | HIDDEN_HALO | PRONG | GOLD | KT_10 | 1ct | imgs:3
[03:44:17][PRINCESS] [6081] ? NIV-8C3AF795927D9907 | BASKET | HIDDEN_HALO | PRONG | GOLD | KT_10 | 1ct | imgs:3
[03:44:22][PRINCESS] [6082] ? NIV-8C3AF795927D9907 | BASKET | HIDDEN_HALO | PRONG | GOLD | KT_10 | 1ct | imgs:3
[03:44:25][PRINCESS] [6083] ? NIV-B442B8C3FBA2E047 | BASKET | HIDDEN_HALO | PRONG | GOLD | KT_10 | 1ct | imgs:3
[03:44:29][PRINCESS] [6084] ? NIV-B442B8C3FBA2E047 | BASKET | HIDDEN_HALO | PRONG | GOLD | KT_10 | 1ct | imgs:3
[03:44:34][PRINCESS] [6085] ? NIV-B442B8C3FBA2E047 | BASKET | HIDDEN_HALO | PRONG | GOLD | KT_10 | 1ct | imgs:3
[03:44:38][PRINCESS] [6086] ? NIV-B1B601B26257DB92 | BASKET | HIDDEN_HALO | PRONG | GOLD | KT_14 | 1ct | imgs:3
[03:44:43][PRINCESS] [6087] ? NIV-B1B601B26257DB92 | BASKET | HIDDEN_HALO | PRONG | GOLD | KT_14 | 1ct | imgs:3
[03:44:47][PRINCESS] [6088] ? NIV-B1B601B26257DB92 | BASKET | HIDDEN_HALO | PRONG | GOLD | KT_14 | 1ct | imgs:3
[03:44:49][PRINCESS] [6089] ? NIV-541964B9E627DFBB | BASKET | HIDDEN_HALO | PRONG | GOLD | KT_14 | 1ct | imgs:3
[03:44:53][PRINCESS] [6090] ? NIV-541964B9E627DFBB | BASKET | HIDDEN_HALO | PRONG | GOLD | KT_14 | 1ct | imgs:3
[03:44:58][PRINCESS] [6091] ? NIV-541964B9E627DFBB | BASKET | HIDDEN_HALO | PRONG | GOLD | KT_14 | 1ct | imgs:3
[03:45:02][PRINCESS] [6092] ? NIV-8E982E7596F99236 | BASKET | HIDDEN_HALO | PRONG | GOLD | KT_14 | 1ct | imgs:1
[03:45:07][PRINCESS] [6093] ? NIV-8E982E7596F99236 | BASKET | HIDDEN_HALO | PRONG | GOLD | KT_14 | 1ct | imgs:3
[03:45:13][PRINCESS] [6094] ? NIV-8E982E7596F99236 | BASKET | HIDDEN_HALO | PRONG | GOLD | KT_14 | 1ct | imgs:3
[03:45:20][PRINCESS] [6095] ? NIV-C962178599D985A9 | BASKET | HIDDEN_HALO | PRONG | GOLD | KT_18 | 1ct | imgs:3
[03:45:25][PRINCESS] [6096] ? NIV-C962178599D985A9 | BASKET | HIDDEN_HALO | PRONG | GOLD | KT_18 | 1ct | imgs:3
[03:45:28][PRINCESS] [6097] ? NIV-C962178599D985A9 | BASKET | HIDDEN_HALO | PRONG | GOLD | KT_18 | 1ct | imgs:3
[03:45:35][PRINCESS] [6098] ? NIV-3FD9B79EE74E8382 | BASKET | HIDDEN_HALO | PRONG | GOLD | KT_18 | 1ct | imgs:1
[03:45:40][PRINCESS] [6099] ? NIV-3FD9B79EE74E8382 | BASKET | HIDDEN_HALO | PRONG | GOLD | KT_18 | 1ct | imgs:3
[03:45:43][PRINCESS] [6100] ? NIV-3FD9B79EE74E8382 | BASKET | HIDDEN_HALO | PRONG | GOLD | KT_18 | 1ct | imgs:3
[03:45:46][PRINCESS] [6101] ? NIV-E6785FBFD822C0A7 | BASKET | HIDDEN_HALO | PRONG | GOLD | KT_18 | 1ct | imgs:3
[03:45:53][PRINCESS] [6102] ? NIV-E6785FBFD822C0A7 | BASKET | HIDDEN_HALO | PRONG | GOLD | KT_18 | 1ct | imgs:3
[03:45:58][PRINCESS] [6103] ? NIV-E6785FBFD822C0A7 | BASKET | HIDDEN_HALO | PRONG | GOLD | KT_18 | 1ct | imgs:3
[03:46:01][PRINCESS] [6104] ? NIV-14D99CA746354E78 | BASKET | HIDDEN_HALO | PRONG | PLATINUM | PT_950 | 1ct | imgs:3
[03:46:07][PRINCESS] [6105] ? NIV-889402FEEE131EDE | BASKET | HIDDEN_HALO | PRONG | GOLD | KT_10 | 1ct | imgs:3
[03:46:11][PRINCESS] [6106] ? NIV-889402FEEE131EDE | BASKET | HIDDEN_HALO | PRONG | GOLD | KT_10 | 1ct | imgs:3
[03:46:16][PRINCESS] [6107] ? NIV-889402FEEE131EDE | BASKET | HIDDEN_HALO | PRONG | GOLD | KT_10 | 1ct | imgs:3
[03:46:19][PRINCESS] [6108] ? NIV-1845E8D5B057D55A | BASKET | HIDDEN_HALO | PRONG | GOLD | KT_10 | 1ct | imgs:3
[03:46:26][PRINCESS] [6109] ? NIV-1845E8D5B057D55A | BASKET | HIDDEN_HALO | PRONG | GOLD | KT_10 | 1ct | imgs:3
[03:46:31][PRINCESS] [6110] ? NIV-1845E8D5B057D55A | BASKET | HIDDEN_HALO | PRONG | GOLD | KT_10 | 1ct | imgs:3
[03:46:34][PRINCESS] [6111] ? NIV-A2E19FB702A00B20 | BASKET | HIDDEN_HALO | PRONG | GOLD | KT_10 | 1ct | imgs:3
[03:46:41][PRINCESS] [6112] ? NIV-A2E19FB702A00B20 | BASKET | HIDDEN_HALO | PRONG | GOLD | KT_10 | 1ct | imgs:3
[03:46:46][PRINCESS] [6113] ? NIV-A2E19FB702A00B20 | BASKET | HIDDEN_HALO | PRONG | GOLD | KT_10 | 1ct | imgs:3
[03:46:54][PRINCESS] [6114] ? NIV-3272B8B674BE348C | BASKET | HIDDEN_HALO | PRONG | GOLD | KT_14 | 1ct | imgs:1
[03:46:58][PRINCESS] [6115] ? NIV-3272B8B674BE348C | BASKET | HIDDEN_HALO | PRONG | GOLD | KT_14 | 1ct | imgs:3
[03:47:04][PRINCESS] [6116] ? NIV-3272B8B674BE348C | BASKET | HIDDEN_HALO | PRONG | GOLD | KT_14 | 1ct | imgs:3
[03:47:07][PRINCESS] [6117] ? NIV-1D968F16E38DB087 | BASKET | HIDDEN_HALO | PRONG | GOLD | KT_14 | 1ct | imgs:3
[03:47:14][PRINCESS] [6118] ? NIV-1D968F16E38DB087 | BASKET | HIDDEN_HALO | PRONG | GOLD | KT_14 | 1ct | imgs:3
[03:47:19][PRINCESS] [6119] ? NIV-1D968F16E38DB087 | BASKET | HIDDEN_HALO | PRONG | GOLD | KT_14 | 1ct | imgs:3
[03:47:22][PRINCESS] [6120] ? NIV-4EE7B1F336F4C5C0 | BASKET | HIDDEN_HALO | PRONG | GOLD | KT_14 | 1ct | imgs:1
[03:47:29][PRINCESS] [6121] ? NIV-4EE7B1F336F4C5C0 | BASKET | HIDDEN_HALO | PRONG | GOLD | KT_14 | 1ct | imgs:3
[03:47:34][PRINCESS] [6122] ? NIV-4EE7B1F336F4C5C0 | BASKET | HIDDEN_HALO | PRONG | GOLD | KT_14 | 1ct | imgs:3
[03:47:38][PRINCESS] [6123] ? NIV-8FFFC4DEF6A0F915 | BASKET | HIDDEN_HALO | PRONG | GOLD | KT_18 | 1ct | imgs:3
[03:47:43][PRINCESS] [6124] ? NIV-8FFFC4DEF6A0F915 | BASKET | HIDDEN_HALO | PRONG | GOLD | KT_18 | 1ct | imgs:3
[03:47:47][PRINCESS] [6125] ? NIV-8FFFC4DEF6A0F915 | BASKET | HIDDEN_HALO | PRONG | GOLD | KT_18 | 1ct | imgs:3
[03:47:53][PRINCESS] [6126] ? NIV-819206DC76047A29 | BASKET | HIDDEN_HALO | PRONG | GOLD | KT_18 | 1ct | imgs:1
[03:47:58][PRINCESS] [6127] ? NIV-819206DC76047A29 | BASKET | HIDDEN_HALO | PRONG | GOLD | KT_18 | 1ct | imgs:3
[03:48:04][PRINCESS] [6128] ? NIV-819206DC76047A29 | BASKET | HIDDEN_HALO | PRONG | GOLD | KT_18 | 1ct | imgs:3
[03:48:07][PRINCESS] [6129] ? NIV-ADB34CD7966173C6 | BASKET | HIDDEN_HALO | PRONG | GOLD | KT_18 | 1ct | imgs:3
[03:48:10][PRINCESS] [6130] ? NIV-ADB34CD7966173C6 | BASKET | HIDDEN_HALO | PRONG | GOLD | KT_18 | 1ct | imgs:3
[03:48:14][PRINCESS] [6131] ? NIV-ADB34CD7966173C6 | BASKET | HIDDEN_HALO | PRONG | GOLD | KT_18 | 1ct | imgs:3
[03:48:17][PRINCESS] [6132] ? NIV-CFD120051D6956FB | BASKET | HIDDEN_HALO | PRONG | PLATINUM | PT_950 | 1ct | imgs:3
[03:48:25][PRINCESS] [6133] ? NIV-692BD324E2043967 | BASKET | HIDDEN_HALO | PRONG | GOLD | KT_10 | 1ct | imgs:3
[03:48:32][PRINCESS] [6134] ? NIV-692BD324E2043967 | BASKET | HIDDEN_HALO | PRONG | GOLD | KT_10 | 1ct | imgs:3
[03:48:37][PRINCESS] [6135] ? NIV-692BD324E2043967 | BASKET | HIDDEN_HALO | PRONG | GOLD | KT_10 | 1ct | imgs:3
[03:48:40][PRINCESS] [6136] ? NIV-B5296454E535297A | BASKET | HIDDEN_HALO | PRONG | GOLD | KT_10 | 1ct | imgs:1
[03:48:44][PRINCESS] [6137] ? NIV-B5296454E535297A | BASKET | HIDDEN_HALO | PRONG | GOLD | KT_10 | 1ct | imgs:3
[03:48:50][PRINCESS] [6138] ? NIV-B5296454E535297A | BASKET | HIDDEN_HALO | PRONG | GOLD | KT_10 | 1ct | imgs:3
[03:48:53][PRINCESS] [6139] ? NIV-131DF16716BA8BC6 | BASKET | HIDDEN_HALO | PRONG | GOLD | KT_10 | 1ct | imgs:3
[03:48:58][PRINCESS] [6140] ? NIV-131DF16716BA8BC6 | BASKET | HIDDEN_HALO | PRONG | GOLD | KT_10 | 1ct | imgs:3
[03:49:02][PRINCESS] [6141] ? NIV-131DF16716BA8BC6 | BASKET | HIDDEN_HALO | PRONG | GOLD | KT_10 | 1ct | imgs:3
[03:49:05][PRINCESS] [6142] ? NIV-DD0E57EE223BCC42 | BASKET | HIDDEN_HALO | PRONG | GOLD | KT_14 | 1ct | imgs:3
[03:49:10][PRINCESS] [6143] ? NIV-DD0E57EE223BCC42 | BASKET | HIDDEN_HALO | PRONG | GOLD | KT_14 | 1ct | imgs:3
[03:49:16][PRINCESS] [6144] ? NIV-DD0E57EE223BCC42 | BASKET | HIDDEN_HALO | PRONG | GOLD | KT_14 | 1ct | imgs:3
[03:49:19][PRINCESS] [6145] ? NIV-4E8E170B633B8E48 | BASKET | HIDDEN_HALO | PRONG | GOLD | KT_14 | 1ct | imgs:3
[03:49:23][PRINCESS] [6146] ? NIV-4E8E170B633B8E48 | BASKET | HIDDEN_HALO | PRONG | GOLD | KT_14 | 1ct | imgs:3
[03:49:28][PRINCESS] [6147] ? NIV-4E8E170B633B8E48 | BASKET | HIDDEN_HALO | PRONG | GOLD | KT_14 | 1ct | imgs:3
[03:49:32][PRINCESS] [6148] ? NIV-02084124812474EC | BASKET | HIDDEN_HALO | PRONG | GOLD | KT_14 | 1ct | imgs:3
[03:49:35][PRINCESS] [6149] ? NIV-02084124812474EC | BASKET | HIDDEN_HALO | PRONG | GOLD | KT_14 | 1ct | imgs:3
[03:49:40][PRINCESS] [6150] ? NIV-02084124812474EC | BASKET | HIDDEN_HALO | PRONG | GOLD | KT_14 | 1ct | imgs:3
[03:49:44][PRINCESS] [6151] ? NIV-18FAF7EB8B6BDF9C | BASKET | HIDDEN_HALO | PRONG | GOLD | KT_18 | 1ct | imgs:3
[03:49:49][PRINCESS] [6152] ? NIV-18FAF7EB8B6BDF9C | BASKET | HIDDEN_HALO | PRONG | GOLD | KT_18 | 1ct | imgs:3
[03:49:53][PRINCESS] [6153] ? NIV-18FAF7EB8B6BDF9C | BASKET | HIDDEN_HALO | PRONG | GOLD | KT_18 | 1ct | imgs:3
[03:50:03][PRINCESS] [6154] ??  NIV-18FAF7EB8B6BDF9C | BASKET | HIDDEN_HALO | PRONG | GOLD | KT_18 | 1ct | imgs:0
[03:50:11][PRINCESS] [6155] ? NIV-6ABFF29B75AA1922 | BASKET | HIDDEN_HALO | PRONG | GOLD | KT_18 | 1ct | imgs:1
[03:50:16][PRINCESS] [6156] ? NIV-6ABFF29B75AA1922 | BASKET | HIDDEN_HALO | PRONG | GOLD | KT_18 | 1ct | imgs:3
[03:50:28][PRINCESS] [6157] ??  NIV-6ABFF29B75AA1922 | BASKET | HIDDEN_HALO | PRONG | GOLD | KT_18 | 1ct | imgs:0
[03:50:42][PRINCESS] [6158] ??  NIV-6ABFF29B75AA1922 | BASKET | HIDDEN_HALO | PRONG | GOLD | KT_18 | 1ct | imgs:0
[03:50:54][PRINCESS] [6159] ??  NIV-6ABFF29B75AA1922 | BASKET | HIDDEN_HALO | PRONG | GOLD | KT_18 | 1ct | imgs:0
[03:50:59][PRINCESS] [6160] ? NIV-CF87AC31D483E5B5 | BASKET | HIDDEN_HALO | PRONG | PLATINUM | PT_950 | 1ct | imgs:3
[03:51:05][PRINCESS] [6161] ? NIV-F87251F992C2D3E6 | BASKET | HIDDEN_HALO | PRONG | GOLD | KT_10 | 1ct | imgs:1
[03:51:08][PRINCESS] [6162] ? NIV-F87251F992C2D3E6 | BASKET | HIDDEN_HALO | PRONG | GOLD | KT_10 | 1ct | imgs:3
[03:51:13][PRINCESS] [6163] ? NIV-F87251F992C2D3E6 | BASKET | HIDDEN_HALO | PRONG | GOLD | KT_10 | 1ct | imgs:3
[03:51:16][PRINCESS] [6164] ? NIV-A53D8DB54CC8A8DB | BASKET | HIDDEN_HALO | PRONG | GOLD | KT_10 | 1ct | imgs:3
[03:51:22][PRINCESS] [6165] ? NIV-A53D8DB54CC8A8DB | BASKET | HIDDEN_HALO | PRONG | GOLD | KT_10 | 1ct | imgs:3
[03:51:26][PRINCESS] [6166] ? NIV-A53D8DB54CC8A8DB | BASKET | HIDDEN_HALO | PRONG | GOLD | KT_10 | 1ct | imgs:3
[03:51:33][PRINCESS] [6167] ? NIV-F6D916E8443AF30F | BASKET | HIDDEN_HALO | PRONG | GOLD | KT_10 | 1ct | imgs:1
[03:51:37][PRINCESS] [6168] ? NIV-F6D916E8443AF30F | BASKET | HIDDEN_HALO | PRONG | GOLD | KT_10 | 1ct | imgs:3
[03:51:43][PRINCESS] [6169] ? NIV-F6D916E8443AF30F | BASKET | HIDDEN_HALO | PRONG | GOLD | KT_10 | 1ct | imgs:3
[03:51:49][PRINCESS] [6170] ? NIV-56E2D9E0234FD7C8 | BASKET | HIDDEN_HALO | PRONG | GOLD | KT_14 | 1ct | imgs:1
[03:51:53][PRINCESS] [6171] ? NIV-56E2D9E0234FD7C8 | BASKET | HIDDEN_HALO | PRONG | GOLD | KT_14 | 1ct | imgs:3
[03:51:58][PRINCESS] [6172] ? NIV-56E2D9E0234FD7C8 | BASKET | HIDDEN_HALO | PRONG | GOLD | KT_14 | 1ct | imgs:3
[03:52:09][PRINCESS] [6173] ? NIV-C79E40ED845CF7A8 | BASKET | HIDDEN_HALO | PRONG | GOLD | KT_14 | 1ct | imgs:1
[03:52:13][PRINCESS] [6174] ? NIV-C79E40ED845CF7A8 | BASKET | HIDDEN_HALO | PRONG | GOLD | KT_14 | 1ct | imgs:3
[03:52:17][PRINCESS] [6175] ? NIV-C79E40ED845CF7A8 | BASKET | HIDDEN_HALO | PRONG | GOLD | KT_14 | 1ct | imgs:3
[03:52:20][PRINCESS] [6176] ? NIV-5F41BBB0C7101FA6 | BASKET | HIDDEN_HALO | PRONG | GOLD | KT_14 | 1ct | imgs:3
[03:52:25][PRINCESS] [6177] ? NIV-5F41BBB0C7101FA6 | BASKET | HIDDEN_HALO | PRONG | GOLD | KT_14 | 1ct | imgs:3
[03:52:31][PRINCESS] [6178] ? NIV-5F41BBB0C7101FA6 | BASKET | HIDDEN_HALO | PRONG | GOLD | KT_14 | 1ct | imgs:3
[03:52:39][PRINCESS] [6179] ? NIV-6873AF33246FD8FA | BASKET | HIDDEN_HALO | PRONG | GOLD | KT_18 | 1ct | imgs:2
[03:52:43][PRINCESS] [6180] ? NIV-6873AF33246FD8FA | BASKET | HIDDEN_HALO | PRONG | GOLD | KT_18 | 1ct | imgs:3
[03:52:49][PRINCESS] [6181] ? NIV-6873AF33246FD8FA | BASKET | HIDDEN_HALO | PRONG | GOLD | KT_18 | 1ct | imgs:3
[03:52:52][PRINCESS] [6182] ? NIV-21CA3DB37A9F6B58 | BASKET | HIDDEN_HALO | PRONG | GOLD | KT_18 | 1ct | imgs:3
[03:52:58][PRINCESS] [6183] ? NIV-21CA3DB37A9F6B58 | BASKET | HIDDEN_HALO | PRONG | GOLD | KT_18 | 1ct | imgs:3
[03:53:04][PRINCESS] [6184] ? NIV-21CA3DB37A9F6B58 | BASKET | HIDDEN_HALO | PRONG | GOLD | KT_18 | 1ct | imgs:3
[03:53:07][PRINCESS] [6185] ? NIV-70282E5F685F3685 | BASKET | HIDDEN_HALO | PRONG | GOLD | KT_18 | 1ct | imgs:3
[03:53:13][PRINCESS] [6186] ? NIV-70282E5F685F3685 | BASKET | HIDDEN_HALO | PRONG | GOLD | KT_18 | 1ct | imgs:3
[03:53:17][PRINCESS] [6187] ? NIV-70282E5F685F3685 | BASKET | HIDDEN_HALO | PRONG | GOLD | KT_18 | 1ct | imgs:3
[03:53:21][PRINCESS] [6188] ? NIV-9F4C546D771C8A7C | BASKET | HIDDEN_HALO | PRONG | PLATINUM | PT_950 | 1ct | imgs:2
[03:53:25][PRINCESS] [6189] ? NIV-F1BB37BB0DC5F714 | BASKET | HIDDEN_HALO | PRONG | GOLD | KT_10 | 1ct | imgs:3
[03:53:29][PRINCESS] [6190] ? NIV-F1BB37BB0DC5F714 | BASKET | HIDDEN_HALO | PRONG | GOLD | KT_10 | 1ct | imgs:3
[03:53:32][PRINCESS] [6191] ? NIV-F1BB37BB0DC5F714 | BASKET | HIDDEN_HALO | PRONG | GOLD | KT_10 | 1ct | imgs:3
[03:53:35][PRINCESS] [6192] ? NIV-CEE9F14A04BBE5FB | BASKET | HIDDEN_HALO | PRONG | GOLD | KT_10 | 1ct | imgs:3
[03:53:40][PRINCESS] [6193] ? NIV-CEE9F14A04BBE5FB | BASKET | HIDDEN_HALO | PRONG | GOLD | KT_10 | 1ct | imgs:3
[03:53:46][PRINCESS] [6194] ? NIV-CEE9F14A04BBE5FB | BASKET | HIDDEN_HALO | PRONG | GOLD | KT_10 | 1ct | imgs:3
[03:53:54][PRINCESS] [6195] ? NIV-202AB3DDE81F7CC7 | BASKET | HIDDEN_HALO | PRONG | GOLD | KT_10 | 1ct | imgs:1
[03:53:58][PRINCESS] [6196] ? NIV-202AB3DDE81F7CC7 | BASKET | HIDDEN_HALO | PRONG | GOLD | KT_10 | 1ct | imgs:3
[03:54:02][PRINCESS] [6197] ? NIV-202AB3DDE81F7CC7 | BASKET | HIDDEN_HALO | PRONG | GOLD | KT_10 | 1ct | imgs:3
[03:54:08][PRINCESS] [6198] ? NIV-8195F2F210626D98 | BASKET | HIDDEN_HALO | PRONG | GOLD | KT_14 | 1ct | imgs:3
[03:54:13][PRINCESS] [6199] ? NIV-8195F2F210626D98 | BASKET | HIDDEN_HALO | PRONG | GOLD | KT_14 | 1ct | imgs:3
[03:54:19][PRINCESS] [6200] ? NIV-8195F2F210626D98 | BASKET | HIDDEN_HALO | PRONG | GOLD | KT_14 | 1ct | imgs:3
[03:54:22][PRINCESS] [6201] ? NIV-4CC9D38B667FCE1A | BASKET | HIDDEN_HALO | PRONG | GOLD | KT_14 | 1ct | imgs:3
[03:54:26][PRINCESS] [6202] ? NIV-4CC9D38B667FCE1A | BASKET | HIDDEN_HALO | PRONG | GOLD | KT_14 | 1ct | imgs:3
[03:54:29][PRINCESS] [6203] ? NIV-4CC9D38B667FCE1A | BASKET | HIDDEN_HALO | PRONG | GOLD | KT_14 | 1ct | imgs:3
[03:54:32][PRINCESS] [6204] ? NIV-FE6B57C38C9D3101 | BASKET | HIDDEN_HALO | PRONG | GOLD | KT_14 | 1ct | imgs:3
[03:54:37][PRINCESS] [6205] ? NIV-FE6B57C38C9D3101 | BASKET | HIDDEN_HALO | PRONG | GOLD | KT_14 | 1ct | imgs:3
[03:54:43][PRINCESS] [6206] ? NIV-FE6B57C38C9D3101 | BASKET | HIDDEN_HALO | PRONG | GOLD | KT_14 | 1ct | imgs:3
[03:54:49][PRINCESS] [6207] ? NIV-7A1BBAD5DDBC2AC1 | BASKET | HIDDEN_HALO | PRONG | GOLD | KT_18 | 1ct | imgs:3
[03:54:53][PRINCESS] [6208] ? NIV-7A1BBAD5DDBC2AC1 | BASKET | HIDDEN_HALO | PRONG | GOLD | KT_18 | 1ct | imgs:3
[03:55:02][PRINCESS] [6209] ? NIV-7A1BBAD5DDBC2AC1 | BASKET | HIDDEN_HALO | PRONG | GOLD | KT_18 | 1ct | imgs:3
[03:55:05][PRINCESS] [6210] ? NIV-91A39030140489B4 | BASKET | HIDDEN_HALO | PRONG | GOLD | KT_18 | 1ct | imgs:3
[03:55:11][PRINCESS] [6211] ? NIV-91A39030140489B4 | BASKET | HIDDEN_HALO | PRONG | GOLD | KT_18 | 1ct | imgs:3
[03:55:16][PRINCESS] [6212] ? NIV-91A39030140489B4 | BASKET | HIDDEN_HALO | PRONG | GOLD | KT_18 | 1ct | imgs:3
[03:55:19][PRINCESS] [6213] ? NIV-D4C0D4E1AB39E760 | BASKET | HIDDEN_HALO | PRONG | GOLD | KT_18 | 1ct | imgs:3
[03:55:25][PRINCESS] [6214] ? NIV-D4C0D4E1AB39E760 | BASKET | HIDDEN_HALO | PRONG | GOLD | KT_18 | 1ct | imgs:3
[03:55:31][PRINCESS] [6215] ? NIV-D4C0D4E1AB39E760 | BASKET | HIDDEN_HALO | PRONG | GOLD | KT_18 | 1ct | imgs:3
[03:55:34][PRINCESS] [6216] ? NIV-614B41CBA77B4A59 | BASKET | HIDDEN_HALO | PRONG | PLATINUM | PT_950 | 1ct | imgs:3
[03:55:46][PRINCESS] [6217] ? NIV-59805E964A157A16 | BASKET | HIDDEN_HALO | PRONG | GOLD | KT_10 | 1ct | imgs:3
[03:55:50][PRINCESS] [6218] ? NIV-59805E964A157A16 | BASKET | HIDDEN_HALO | PRONG | GOLD | KT_10 | 1ct | imgs:3
[03:55:53][PRINCESS] [6219] ? NIV-59805E964A157A16 | BASKET | HIDDEN_HALO | PRONG | GOLD | KT_10 | 1ct | imgs:3
[03:55:55][PRINCESS] [6220] ? NIV-3988EFEDFA2FAF5F | BASKET | HIDDEN_HALO | PRONG | GOLD | KT_10 | 1ct | imgs:3
[03:55:59][PRINCESS] [6221] ? NIV-3988EFEDFA2FAF5F | BASKET | HIDDEN_HALO | PRONG | GOLD | KT_10 | 1ct | imgs:3
[03:56:05][PRINCESS] [6222] ? NIV-3988EFEDFA2FAF5F | BASKET | HIDDEN_HALO | PRONG | GOLD | KT_10 | 1ct | imgs:3
[03:56:08][PRINCESS] [6223] ? NIV-7AC068DD41D99545 | BASKET | HIDDEN_HALO | PRONG | GOLD | KT_10 | 1ct | imgs:3
[03:56:13][PRINCESS] [6224] ? NIV-7AC068DD41D99545 | BASKET | HIDDEN_HALO | PRONG | GOLD | KT_10 | 1ct | imgs:3
[03:56:19][PRINCESS] [6225] ? NIV-7AC068DD41D99545 | BASKET | HIDDEN_HALO | PRONG | GOLD | KT_10 | 1ct | imgs:3
[03:56:26][PRINCESS] [6226] ? NIV-0E8C05482AE5E67D | BASKET | HIDDEN_HALO | PRONG | GOLD | KT_14 | 1ct | imgs:2
[03:56:31][PRINCESS] [6227] ? NIV-0E8C05482AE5E67D | BASKET | HIDDEN_HALO | PRONG | GOLD | KT_14 | 1ct | imgs:3
[03:56:36][PRINCESS] [6228] ? NIV-0E8C05482AE5E67D | BASKET | HIDDEN_HALO | PRONG | GOLD | KT_14 | 1ct | imgs:3
[03:56:40][PRINCESS] [6229] ? NIV-DF317485D93A955A | BASKET | HIDDEN_HALO | PRONG | GOLD | KT_14 | 1ct | imgs:3
[03:56:44][PRINCESS] [6230] ? NIV-DF317485D93A955A | BASKET | HIDDEN_HALO | PRONG | GOLD | KT_14 | 1ct | imgs:3
[03:56:49][PRINCESS] [6231] ? NIV-DF317485D93A955A | BASKET | HIDDEN_HALO | PRONG | GOLD | KT_14 | 1ct | imgs:3
[03:56:53][PRINCESS] [6232] ? NIV-48FE46956C3966FC | BASKET | HIDDEN_HALO | PRONG | GOLD | KT_14 | 1ct | imgs:3
[03:56:58][PRINCESS] [6233] ? NIV-48FE46956C3966FC | BASKET | HIDDEN_HALO | PRONG | GOLD | KT_14 | 1ct | imgs:3
[03:57:05][PRINCESS] [6234] ? NIV-48FE46956C3966FC | BASKET | HIDDEN_HALO | PRONG | GOLD | KT_14 | 1ct | imgs:3
[03:57:11][PRINCESS] [6235] ? NIV-EB5CF4D91A94F99A | BASKET | HIDDEN_HALO | PRONG | GOLD | KT_18 | 1ct | imgs:3
[03:57:16][PRINCESS] [6236] ? NIV-EB5CF4D91A94F99A | BASKET | HIDDEN_HALO | PRONG | GOLD | KT_18 | 1ct | imgs:3
[03:57:20][PRINCESS] [6237] ? NIV-EB5CF4D91A94F99A | BASKET | HIDDEN_HALO | PRONG | GOLD | KT_18 | 1ct | imgs:3
[03:57:23][PRINCESS] [6238] ? NIV-FAD44999F27622A7 | BASKET | HIDDEN_HALO | PRONG | GOLD | KT_18 | 1ct | imgs:1
[03:57:29][PRINCESS] [6239] ? NIV-FAD44999F27622A7 | BASKET | HIDDEN_HALO | PRONG | GOLD | KT_18 | 1ct | imgs:3
[03:57:34][PRINCESS] [6240] ? NIV-FAD44999F27622A7 | BASKET | HIDDEN_HALO | PRONG | GOLD | KT_18 | 1ct | imgs:3
[03:57:37][PRINCESS] [6241] ? NIV-C60C21F9A82AEF4D | BASKET | HIDDEN_HALO | PRONG | GOLD | KT_18 | 1ct | imgs:3
[03:57:41][PRINCESS] [6242] ? NIV-C60C21F9A82AEF4D | BASKET | HIDDEN_HALO | PRONG | GOLD | KT_18 | 1ct | imgs:3
[03:57:46][PRINCESS] [6243] ? NIV-C60C21F9A82AEF4D | BASKET | HIDDEN_HALO | PRONG | GOLD | KT_18 | 1ct | imgs:3
[03:57:49][PRINCESS] [6244] ? NIV-4991C5B5E121EF56 | BASKET | HIDDEN_HALO | PRONG | PLATINUM | PT_950 | 1ct | imgs:3
[03:57:55][PRINCESS] [6245] ? NIV-56A6510398DF519F | BASKET | HIDDEN_HALO | PRONG | GOLD | KT_10 | 1ct | imgs:3
[03:58:01][PRINCESS] [6246] ? NIV-56A6510398DF519F | BASKET | HIDDEN_HALO | PRONG | GOLD | KT_10 | 1ct | imgs:3
[03:58:07][PRINCESS] [6247] ? NIV-56A6510398DF519F | BASKET | HIDDEN_HALO | PRONG | GOLD | KT_10 | 1ct | imgs:3
[03:58:11][PRINCESS] [6248] ? NIV-68E8C60296DD99BA | BASKET | HIDDEN_HALO | PRONG | GOLD | KT_10 | 1ct | imgs:3
[03:58:16][PRINCESS] [6249] ? NIV-68E8C60296DD99BA | BASKET | HIDDEN_HALO | PRONG | GOLD | KT_10 | 1ct | imgs:3
[03:58:22][PRINCESS] [6250] ? NIV-68E8C60296DD99BA | BASKET | HIDDEN_HALO | PRONG | GOLD | KT_10 | 1ct | imgs:3
[03:58:25][PRINCESS] [6251] ? NIV-06489551B3F6C2AA | BASKET | HIDDEN_HALO | PRONG | GOLD | KT_10 | 1ct | imgs:3
[03:58:29][PRINCESS] [6252] ? NIV-06489551B3F6C2AA | BASKET | HIDDEN_HALO | PRONG | GOLD | KT_10 | 1ct | imgs:3
[03:58:32][PRINCESS] [6253] ? NIV-06489551B3F6C2AA | BASKET | HIDDEN_HALO | PRONG | GOLD | KT_10 | 1ct | imgs:3
[03:58:37][PRINCESS] [6254] ? NIV-9B348E2E80826CA8 | BASKET | HIDDEN_HALO | PRONG | GOLD | KT_14 | 1ct | imgs:3
[03:58:41][PRINCESS] [6255] ? NIV-9B348E2E80826CA8 | BASKET | HIDDEN_HALO | PRONG | GOLD | KT_14 | 1ct | imgs:3
[03:58:47][PRINCESS] [6256] ? NIV-9B348E2E80826CA8 | BASKET | HIDDEN_HALO | PRONG | GOLD | KT_14 | 1ct | imgs:3
[03:58:50][PRINCESS] [6257] ? NIV-0C332FD2A60AAB40 | BASKET | HIDDEN_HALO | PRONG | GOLD | KT_14 | 1ct | imgs:3
[03:58:55][PRINCESS] [6258] ? NIV-0C332FD2A60AAB40 | BASKET | HIDDEN_HALO | PRONG | GOLD | KT_14 | 1ct | imgs:3
[03:58:59][PRINCESS] [6259] ? NIV-0C332FD2A60AAB40 | BASKET | HIDDEN_HALO | PRONG | GOLD | KT_14 | 1ct | imgs:3
[03:59:01][PRINCESS] [6260] ? NIV-6A546EE349C444A5 | BASKET | HIDDEN_HALO | PRONG | GOLD | KT_14 | 1ct | imgs:3
[03:59:05][PRINCESS] [6261] ? NIV-6A546EE349C444A5 | BASKET | HIDDEN_HALO | PRONG | GOLD | KT_14 | 1ct | imgs:3
[03:59:10][PRINCESS] [6262] ? NIV-6A546EE349C444A5 | BASKET | HIDDEN_HALO | PRONG | GOLD | KT_14 | 1ct | imgs:3
[03:59:16][PRINCESS] [6263] ? NIV-8CEF111A3B87EFB8 | BASKET | HIDDEN_HALO | PRONG | GOLD | KT_18 | 1ct | imgs:3
[03:59:20][PRINCESS] [6264] ? NIV-8CEF111A3B87EFB8 | BASKET | HIDDEN_HALO | PRONG | GOLD | KT_18 | 1ct | imgs:3
[03:59:26][PRINCESS] [6265] ? NIV-8CEF111A3B87EFB8 | BASKET | HIDDEN_HALO | PRONG | GOLD | KT_18 | 1ct | imgs:3
[03:59:28][PRINCESS] [6266] ? NIV-49D0B01D8A7126CF | BASKET | HIDDEN_HALO | PRONG | GOLD | KT_18 | 1ct | imgs:3
[03:59:34][PRINCESS] [6267] ? NIV-49D0B01D8A7126CF | BASKET | HIDDEN_HALO | PRONG | GOLD | KT_18 | 1ct | imgs:3
[03:59:40][PRINCESS] [6268] ? NIV-49D0B01D8A7126CF | BASKET | HIDDEN_HALO | PRONG | GOLD | KT_18 | 1ct | imgs:3
[03:59:44][PRINCESS] [6269] ? NIV-62643C977A53A0BA | BASKET | HIDDEN_HALO | PRONG | GOLD | KT_18 | 1ct | imgs:3
[03:59:50][PRINCESS] [6270] ? NIV-62643C977A53A0BA | BASKET | HIDDEN_HALO | PRONG | GOLD | KT_18 | 1ct | imgs:3
[03:59:55][PRINCESS] [6271] ? NIV-62643C977A53A0BA | BASKET | HIDDEN_HALO | PRONG | GOLD | KT_18 | 1ct | imgs:3
[03:59:58][PRINCESS] [6272] ? NIV-B35643ACEF4838AD | BASKET | HIDDEN_HALO | PRONG | PLATINUM | PT_950 | 1ct | imgs:3
[04:00:05][PRINCESS] [6273] ? NIV-BC4808169AF131AE | BASKET | HIDDEN_HALO | PRONG | GOLD | KT_10 | 1ct | imgs:3
[04:00:11][PRINCESS] [6274] ? NIV-BC4808169AF131AE | BASKET | HIDDEN_HALO | PRONG | GOLD | KT_10 | 1ct | imgs:3
[04:00:16][PRINCESS] [6275] ? NIV-BC4808169AF131AE | BASKET | HIDDEN_HALO | PRONG | GOLD | KT_10 | 1ct | imgs:3
[04:00:20][PRINCESS] [6276] ? NIV-58F320F993FFCE92 | BASKET | HIDDEN_HALO | PRONG | GOLD | KT_10 | 1ct | imgs:2
[04:00:25][PRINCESS] [6277] ? NIV-58F320F993FFCE92 | BASKET | HIDDEN_HALO | PRONG | GOLD | KT_10 | 1ct | imgs:3
[04:00:29][PRINCESS] [6278] ? NIV-58F320F993FFCE92 | BASKET | HIDDEN_HALO | PRONG | GOLD | KT_10 | 1ct | imgs:3
[04:00:32][PRINCESS] [6279] ? NIV-0D1B27211AA9E17C | BASKET | HIDDEN_HALO | PRONG | GOLD | KT_10 | 1ct | imgs:3
[04:00:37][PRINCESS] [6280] ? NIV-0D1B27211AA9E17C | BASKET | HIDDEN_HALO | PRONG | GOLD | KT_10 | 1ct | imgs:3
[04:00:43][PRINCESS] [6281] ? NIV-0D1B27211AA9E17C | BASKET | HIDDEN_HALO | PRONG | GOLD | KT_10 | 1ct | imgs:3
[04:00:49][PRINCESS] [6282] ? NIV-6FD62065616DF19C | BASKET | HIDDEN_HALO | PRONG | GOLD | KT_14 | 1ct | imgs:3
[04:00:53][PRINCESS] [6283] ? NIV-6FD62065616DF19C | BASKET | HIDDEN_HALO | PRONG | GOLD | KT_14 | 1ct | imgs:3
[04:00:58][PRINCESS] [6284] ? NIV-6FD62065616DF19C | BASKET | HIDDEN_HALO | PRONG | GOLD | KT_14 | 1ct | imgs:3
[04:01:02][PRINCESS] [6285] ? NIV-AA65853E978DF5C9 | BASKET | HIDDEN_HALO | PRONG | GOLD | KT_14 | 1ct | imgs:3
[04:01:07][PRINCESS] [6286] ? NIV-AA65853E978DF5C9 | BASKET | HIDDEN_HALO | PRONG | GOLD | KT_14 | 1ct | imgs:3
[04:01:11][PRINCESS] [6287] ? NIV-AA65853E978DF5C9 | BASKET | HIDDEN_HALO | PRONG | GOLD | KT_14 | 1ct | imgs:3
[04:01:13][PRINCESS] [6288] ? NIV-10356C8380E73FDC | BASKET | HIDDEN_HALO | PRONG | GOLD | KT_14 | 1ct | imgs:3
[04:01:17][PRINCESS] [6289] ? NIV-10356C8380E73FDC | BASKET | HIDDEN_HALO | PRONG | GOLD | KT_14 | 1ct | imgs:3
[04:01:23][PRINCESS] [6290] ? NIV-10356C8380E73FDC | BASKET | HIDDEN_HALO | PRONG | GOLD | KT_14 | 1ct | imgs:3
[04:01:29][PRINCESS] [6291] ? NIV-E2D1E1AD581B39D9 | BASKET | HIDDEN_HALO | PRONG | GOLD | KT_18 | 1ct | imgs:1
[04:01:34][PRINCESS] [6292] ? NIV-E2D1E1AD581B39D9 | BASKET | HIDDEN_HALO | PRONG | GOLD | KT_18 | 1ct | imgs:3
[04:01:41][PRINCESS] [6293] ? NIV-E2D1E1AD581B39D9 | BASKET | HIDDEN_HALO | PRONG | GOLD | KT_18 | 1ct | imgs:3
[04:01:47][PRINCESS] [6294] ? NIV-18A1105D3BE5B960 | BASKET | HIDDEN_HALO | PRONG | GOLD | KT_18 | 1ct | imgs:1
[04:01:52][PRINCESS] [6295] ? NIV-18A1105D3BE5B960 | BASKET | HIDDEN_HALO | PRONG | GOLD | KT_18 | 1ct | imgs:3
[04:01:58][PRINCESS] [6296] ? NIV-18A1105D3BE5B960 | BASKET | HIDDEN_HALO | PRONG | GOLD | KT_18 | 1ct | imgs:3
[04:02:01][PRINCESS] [6297] ? NIV-12E333C3773A3241 | BASKET | HIDDEN_HALO | PRONG | GOLD | KT_18 | 1ct | imgs:3
[04:02:07][PRINCESS] [6298] ? NIV-12E333C3773A3241 | BASKET | HIDDEN_HALO | PRONG | GOLD | KT_18 | 1ct | imgs:3
[04:02:13][PRINCESS] [6299] ? NIV-12E333C3773A3241 | BASKET | HIDDEN_HALO | PRONG | GOLD | KT_18 | 1ct | imgs:3
[04:02:17][PRINCESS] [6300] ? NIV-F916591C75571C4A | BASKET | HIDDEN_HALO | PRONG | PLATINUM | PT_950 | 1ct | imgs:3
[04:02:29][PRINCESS] [6301] ? NIV-DE4CCDDB0BD979AA | BASKET | HIDDEN_HALO | PRONG | GOLD | KT_10 | 1ct | imgs:1
[04:02:34][PRINCESS] [6302] ? NIV-DE4CCDDB0BD979AA | BASKET | HIDDEN_HALO | PRONG | GOLD | KT_10 | 1ct | imgs:3
[04:02:38][PRINCESS] [6303] ? NIV-DE4CCDDB0BD979AA | BASKET | HIDDEN_HALO | PRONG | GOLD | KT_10 | 1ct | imgs:3
[04:02:40][PRINCESS] [6304] ? NIV-E440C263D96BB09D | BASKET | HIDDEN_HALO | PRONG | GOLD | KT_10 | 1ct | imgs:3
[04:02:44][PRINCESS] [6305] ? NIV-E440C263D96BB09D | BASKET | HIDDEN_HALO | PRONG | GOLD | KT_10 | 1ct | imgs:3
[04:02:49][PRINCESS] [6306] ? NIV-E440C263D96BB09D | BASKET | HIDDEN_HALO | PRONG | GOLD | KT_10 | 1ct | imgs:3
[04:02:52][PRINCESS] [6307] ? NIV-02F027C649BAEF78 | BASKET | HIDDEN_HALO | PRONG | GOLD | KT_10 | 1ct | imgs:3
[04:02:59][PRINCESS] [6308] ? NIV-02F027C649BAEF78 | BASKET | HIDDEN_HALO | PRONG | GOLD | KT_10 | 1ct | imgs:3
[04:03:04][PRINCESS] [6309] ? NIV-02F027C649BAEF78 | BASKET | HIDDEN_HALO | PRONG | GOLD | KT_10 | 1ct | imgs:3
[04:03:11][PRINCESS] [6310] ? NIV-E79DF32D931E4E2B | BASKET | HIDDEN_HALO | PRONG | GOLD | KT_14 | 1ct | imgs:3
[04:03:16][PRINCESS] [6311] ? NIV-E79DF32D931E4E2B | BASKET | HIDDEN_HALO | PRONG | GOLD | KT_14 | 1ct | imgs:3
[04:03:23][PRINCESS] [6312] ? NIV-E79DF32D931E4E2B | BASKET | HIDDEN_HALO | PRONG | GOLD | KT_14 | 1ct | imgs:3
[04:03:27][PRINCESS] [6313] ? NIV-B1A2E9E5377F4AFA | BASKET | HIDDEN_HALO | PRONG | GOLD | KT_14 | 1ct | imgs:3
[04:03:31][PRINCESS] [6314] ? NIV-B1A2E9E5377F4AFA | BASKET | HIDDEN_HALO | PRONG | GOLD | KT_14 | 1ct | imgs:3
[04:03:35][PRINCESS] [6315] ? NIV-B1A2E9E5377F4AFA | BASKET | HIDDEN_HALO | PRONG | GOLD | KT_14 | 1ct | imgs:3
[04:03:38][PRINCESS] [6316] ? NIV-45D38D210F569821 | BASKET | HIDDEN_HALO | PRONG | GOLD | KT_14 | 1ct | imgs:3
[04:03:43][PRINCESS] [6317] ? NIV-45D38D210F569821 | BASKET | HIDDEN_HALO | PRONG | GOLD | KT_14 | 1ct | imgs:3
[04:03:47][PRINCESS] [6318] ? NIV-45D38D210F569821 | BASKET | HIDDEN_HALO | PRONG | GOLD | KT_14 | 1ct | imgs:3
[04:03:54][PRINCESS] [6319] ? NIV-E2EDC68A18BBBE7B | BASKET | HIDDEN_HALO | PRONG | GOLD | KT_18 | 1ct | imgs:3
[04:03:59][PRINCESS] [6320] ? NIV-E2EDC68A18BBBE7B | BASKET | HIDDEN_HALO | PRONG | GOLD | KT_18 | 1ct | imgs:3
[04:04:04][PRINCESS] [6321] ? NIV-E2EDC68A18BBBE7B | BASKET | HIDDEN_HALO | PRONG | GOLD | KT_18 | 1ct | imgs:3
[04:04:10][PRINCESS] [6322] ? NIV-40679D2E925D8152 | BASKET | HIDDEN_HALO | PRONG | GOLD | KT_18 | 1ct | imgs:3
[04:04:14][PRINCESS] [6323] ? NIV-40679D2E925D8152 | BASKET | HIDDEN_HALO | PRONG | GOLD | KT_18 | 1ct | imgs:3
[04:04:20][PRINCESS] [6324] ? NIV-40679D2E925D8152 | BASKET | HIDDEN_HALO | PRONG | GOLD | KT_18 | 1ct | imgs:3
[04:04:23][PRINCESS] [6325] ? NIV-D0D68D6E638997A8 | BASKET | HIDDEN_HALO | PRONG | GOLD | KT_18 | 1ct | imgs:3
[04:04:29][PRINCESS] [6326] ? NIV-D0D68D6E638997A8 | BASKET | HIDDEN_HALO | PRONG | GOLD | KT_18 | 1ct | imgs:3
[04:04:35][PRINCESS] [6327] ? NIV-D0D68D6E638997A8 | BASKET | HIDDEN_HALO | PRONG | GOLD | KT_18 | 1ct | imgs:3
[04:04:39][PRINCESS] [6328] ? NIV-521627FAE72D0529 | BASKET | HIDDEN_HALO | PRONG | PLATINUM | PT_950 | 1ct | imgs:1
[04:04:48][PRINCESS] [6329] ? NIV-B1A2F057D1F6EE49 | BASKET | HIDDEN_HALO | PRONG | GOLD | KT_10 | 1ct | imgs:1
[04:04:52][PRINCESS] [6330] ? NIV-B1A2F057D1F6EE49 | BASKET | HIDDEN_HALO | PRONG | GOLD | KT_10 | 1ct | imgs:3
[04:04:56][PRINCESS] [6331] ? NIV-B1A2F057D1F6EE49 | BASKET | HIDDEN_HALO | PRONG | GOLD | KT_10 | 1ct | imgs:3
[04:05:02][PRINCESS] [6332] ? NIV-C48166198A95469E | BASKET | HIDDEN_HALO | PRONG | GOLD | KT_10 | 1ct | imgs:1
[04:05:07][PRINCESS] [6333] ? NIV-C48166198A95469E | BASKET | HIDDEN_HALO | PRONG | GOLD | KT_10 | 1ct | imgs:3
[04:05:11][PRINCESS] [6334] ? NIV-C48166198A95469E | BASKET | HIDDEN_HALO | PRONG | GOLD | KT_10 | 1ct | imgs:3
[04:05:16][PRINCESS] [6335] ? NIV-95BBFDA887C07FA6 | BASKET | HIDDEN_HALO | PRONG | GOLD | KT_10 | 1ct | imgs:2
[04:05:19][PRINCESS] [6336] ? NIV-95BBFDA887C07FA6 | BASKET | HIDDEN_HALO | PRONG | GOLD | KT_10 | 1ct | imgs:3
[04:05:23][PRINCESS] [6337] ? NIV-95BBFDA887C07FA6 | BASKET | HIDDEN_HALO | PRONG | GOLD | KT_10 | 1ct | imgs:3
[04:05:28][PRINCESS] [6338] ? NIV-DDDD40C657CA0332 | BASKET | HIDDEN_HALO | PRONG | GOLD | KT_14 | 1ct | imgs:3
[04:05:32][PRINCESS] [6339] ? NIV-DDDD40C657CA0332 | BASKET | HIDDEN_HALO | PRONG | GOLD | KT_14 | 1ct | imgs:3
[04:05:35][PRINCESS] [6340] ? NIV-DDDD40C657CA0332 | BASKET | HIDDEN_HALO | PRONG | GOLD | KT_14 | 1ct | imgs:3
[04:05:38][PRINCESS] [6341] ? NIV-4D747E1651C261FD | BASKET | HIDDEN_HALO | PRONG | GOLD | KT_14 | 1ct | imgs:3
[04:05:43][PRINCESS] [6342] ? NIV-4D747E1651C261FD | BASKET | HIDDEN_HALO | PRONG | GOLD | KT_14 | 1ct | imgs:3
[04:05:47][PRINCESS] [6343] ? NIV-4D747E1651C261FD | BASKET | HIDDEN_HALO | PRONG | GOLD | KT_14 | 1ct | imgs:3
[04:05:49][PRINCESS] [6344] ? NIV-F5276A3FBAE10AB0 | BASKET | HIDDEN_HALO | PRONG | GOLD | KT_14 | 1ct | imgs:3
[04:05:53][PRINCESS] [6345] ? NIV-F5276A3FBAE10AB0 | BASKET | HIDDEN_HALO | PRONG | GOLD | KT_14 | 1ct | imgs:3
[04:05:59][PRINCESS] [6346] ? NIV-F5276A3FBAE10AB0 | BASKET | HIDDEN_HALO | PRONG | GOLD | KT_14 | 1ct | imgs:3
[04:06:04][PRINCESS] [6347] ? NIV-92FB86BC44719299 | BASKET | HIDDEN_HALO | PRONG | GOLD | KT_18 | 1ct | imgs:3
[04:06:10][PRINCESS] [6348] ? NIV-92FB86BC44719299 | BASKET | HIDDEN_HALO | PRONG | GOLD | KT_18 | 1ct | imgs:3
[04:06:14][PRINCESS] [6349] ? NIV-92FB86BC44719299 | BASKET | HIDDEN_HALO | PRONG | GOLD | KT_18 | 1ct | imgs:3
[04:06:16][PRINCESS] [6350] ? NIV-4E12B5E930113DAE | BASKET | HIDDEN_HALO | PRONG | GOLD | KT_18 | 1ct | imgs:3
[04:06:23][PRINCESS] [6351] ? NIV-4E12B5E930113DAE | BASKET | HIDDEN_HALO | PRONG | GOLD | KT_18 | 1ct | imgs:3
[04:06:28][PRINCESS] [6352] ? NIV-4E12B5E930113DAE | BASKET | HIDDEN_HALO | PRONG | GOLD | KT_18 | 1ct | imgs:3
[04:06:32][PRINCESS] [6353] ? NIV-F0D16C0F6B739A6C | BASKET | HIDDEN_HALO | PRONG | GOLD | KT_18 | 1ct | imgs:3
[04:06:35][PRINCESS] [6354] ? NIV-F0D16C0F6B739A6C | BASKET | HIDDEN_HALO | PRONG | GOLD | KT_18 | 1ct | imgs:3
[04:06:40][PRINCESS] [6355] ? NIV-F0D16C0F6B739A6C | BASKET | HIDDEN_HALO | PRONG | GOLD | KT_18 | 1ct | imgs:3
[04:06:43][PRINCESS] [6356] ? NIV-34E29933E8E349CD | BASKET | HIDDEN_HALO | PRONG | PLATINUM | PT_950 | 1ct | imgs:3
[04:06:49][PRINCESS] [6357] ? NIV-C70A9502284BC77E | BASKET | HIDDEN_HALO | PRONG | GOLD | KT_10 | 1ct | imgs:1
[04:06:53][PRINCESS] [6358] ? NIV-C70A9502284BC77E | BASKET | HIDDEN_HALO | PRONG | GOLD | KT_10 | 1ct | imgs:3
[04:06:58][PRINCESS] [6359] ? NIV-C70A9502284BC77E | BASKET | HIDDEN_HALO | PRONG | GOLD | KT_10 | 1ct | imgs:3
[04:07:02][PRINCESS] [6360] ? NIV-765E5BB2A60FAB94 | BASKET | HIDDEN_HALO | PRONG | GOLD | KT_10 | 1ct | imgs:3
[04:07:07][PRINCESS] [6361] ? NIV-765E5BB2A60FAB94 | BASKET | HIDDEN_HALO | PRONG | GOLD | KT_10 | 1ct | imgs:3
[04:07:11][PRINCESS] [6362] ? NIV-765E5BB2A60FAB94 | BASKET | HIDDEN_HALO | PRONG | GOLD | KT_10 | 1ct | imgs:3
[04:07:13][PRINCESS] [6363] ? NIV-84BEC1DC0CB18B85 | BASKET | HIDDEN_HALO | PRONG | GOLD | KT_10 | 1ct | imgs:1
[04:07:19][PRINCESS] [6364] ? NIV-84BEC1DC0CB18B85 | BASKET | HIDDEN_HALO | PRONG | GOLD | KT_10 | 1ct | imgs:3
[04:07:22][PRINCESS]   Re-seleccionando PRINCESS (intento 1)
[04:07:22][PRINCESS]   Boton no encontrado ? recargando configurador...
[04:07:47][PRINCESS]   Re-seleccionando PRINCESS (intento 2)
[04:07:51][PRINCESS] [6365] ? NIV-58D80612BA34FED5 | BASKET | HIDDEN_HALO | PRONG | GOLD | KT_10 | 1ct | imgs:3
[04:07:57][PRINCESS] [6366] ? NIV-F34AF5BDF644C07A | BASKET | HIDDEN_HALO | PRONG | GOLD | KT_14 | 1ct | imgs:1
[04:08:08][PRINCESS] [6367] ??  NIV-698B3CA179D651B0 | BASKET | HIDDEN_HALO | PRONG | GOLD | KT_14 | 1ct | imgs:0
[04:08:13][PRINCESS] [6368] ? NIV-1A11F2CBEEC5597B | BASKET | HIDDEN_HALO | PRONG | GOLD | KT_14 | 1ct | imgs:1
[04:08:18][PRINCESS] [6369] ? NIV-C060E2A24DD111E7 | BASKET | HIDDEN_HALO | PRONG | GOLD | KT_14 | 1ct | imgs:3
[04:08:21][PRINCESS] [6370] ? NIV-7838A50580DF5510 | BASKET | HIDDEN_HALO | PRONG | GOLD | KT_14 | 1ct | imgs:3
[04:08:24][PRINCESS] [6371] ? NIV-B270915ED2F750C3 | BASKET | HIDDEN_HALO | PRONG | GOLD | KT_14 | 1ct | imgs:3
[04:08:27][PRINCESS] [6372] ? NIV-7DEF84DFB6193FD7 | BASKET | HIDDEN_HALO | PRONG | GOLD | KT_14 | 1ct | imgs:3
[04:08:30][PRINCESS] [6373] ? NIV-D451A09F79C06A79 | BASKET | HIDDEN_HALO | PRONG | GOLD | KT_14 | 1ct | imgs:3
[04:08:33][PRINCESS] [6374] ? NIV-2E975135009E6CFF | BASKET | HIDDEN_HALO | PRONG | GOLD | KT_14 | 1ct | imgs:3
[04:08:39][PRINCESS] [6375] ? NIV-AF3BD9263C718FD4 | BASKET | HIDDEN_HALO | PRONG | GOLD | KT_18 | 1ct | imgs:3
[04:08:42][PRINCESS] [6376] ? NIV-98BF0980C9DD6B7C | BASKET | HIDDEN_HALO | PRONG | GOLD | KT_18 | 1ct | imgs:3
[04:08:45][PRINCESS] [6377] ? NIV-9B20FC0388DE71FC | BASKET | HIDDEN_HALO | PRONG | GOLD | KT_18 | 1ct | imgs:3
[04:08:56][PRINCESS] [6378] ??  NIV-9B20FC0388DE71FC | BASKET | HIDDEN_HALO | PRONG | GOLD | KT_18 | 1ct | imgs:0
[04:09:05][PRINCESS] [6379] ? NIV-C195B2FECA12FF6D | BASKET | HIDDEN_HALO | PRONG | GOLD | KT_18 | 1ct | imgs:3
[04:09:09][PRINCESS] [6380] ? NIV-D523B9E5CDC530B2 | BASKET | HIDDEN_HALO | PRONG | GOLD | KT_18 | 1ct | imgs:3
[04:09:13][PRINCESS] [6381] ? NIV-8762805492320BC7 | BASKET | HIDDEN_HALO | PRONG | GOLD | KT_18 | 1ct | imgs:3
[04:09:23][PRINCESS] [6382] ??  NIV-8762805492320BC7 | BASKET | HIDDEN_HALO | PRONG | GOLD | KT_18 | 1ct | imgs:0
[04:09:27][PRINCESS] [6383] ? NIV-668C33A2C18EE62A | BASKET | HIDDEN_HALO | PRONG | GOLD | KT_18 | 1ct | imgs:3
[04:09:33][PRINCESS] [6384] ? NIV-D04C0916386418DA | BASKET | HIDDEN_HALO | PRONG | PLATINUM | PT_950 | 1ct | imgs:3
[04:09:41][PRINCESS] [6385] ? NIV-391CB0554D292793 | BASKET | HIDDEN_HALO | BEAD | GOLD | KT_10 | 1ct | imgs:3
[04:09:46][PRINCESS] [6386] ? NIV-391CB0554D292793 | BASKET | HIDDEN_HALO | BEAD | GOLD | KT_10 | 1ct | imgs:3
[04:09:51][PRINCESS] [6387] ? NIV-391CB0554D292793 | BASKET | HIDDEN_HALO | BEAD | GOLD | KT_10 | 1ct | imgs:3
[04:09:54][PRINCESS] [6388] ? NIV-70A4F8E17A388014 | BASKET | HIDDEN_HALO | BEAD | GOLD | KT_10 | 1ct | imgs:3
[04:10:00][PRINCESS] [6389] ? NIV-70A4F8E17A388014 | BASKET | HIDDEN_HALO | BEAD | GOLD | KT_10 | 1ct | imgs:3
[04:10:06][PRINCESS] [6390] ? NIV-70A4F8E17A388014 | BASKET | HIDDEN_HALO | BEAD | GOLD | KT_10 | 1ct | imgs:3
[04:10:09][PRINCESS] [6391] ? NIV-C83C385B8419CD4E | BASKET | HIDDEN_HALO | BEAD | GOLD | KT_10 | 1ct | imgs:1
[04:10:15][PRINCESS] [6392] ? NIV-C83C385B8419CD4E | BASKET | HIDDEN_HALO | BEAD | GOLD | KT_10 | 1ct | imgs:3
[04:10:21][PRINCESS] [6393] ? NIV-C83C385B8419CD4E | BASKET | HIDDEN_HALO | BEAD | GOLD | KT_10 | 1ct | imgs:3
[04:10:27][PRINCESS] [6394] ? NIV-BB7AE73869289B57 | BASKET | HIDDEN_HALO | BEAD | GOLD | KT_14 | 1ct | imgs:3
[04:10:33][PRINCESS] [6395] ? NIV-BB7AE73869289B57 | BASKET | HIDDEN_HALO | BEAD | GOLD | KT_14 | 1ct | imgs:3
[04:10:39][PRINCESS] [6396] ? NIV-BB7AE73869289B57 | BASKET | HIDDEN_HALO | BEAD | GOLD | KT_14 | 1ct | imgs:3
[04:10:42][PRINCESS] [6397] ? NIV-BF4AC40795A1E889 | BASKET | HIDDEN_HALO | BEAD | GOLD | KT_14 | 1ct | imgs:3
[04:10:46][PRINCESS] [6398] ? NIV-BF4AC40795A1E889 | BASKET | HIDDEN_HALO | BEAD | GOLD | KT_14 | 1ct | imgs:3
[04:10:51][PRINCESS] [6399] ? NIV-BF4AC40795A1E889 | BASKET | HIDDEN_HALO | BEAD | GOLD | KT_14 | 1ct | imgs:3
[04:10:54][PRINCESS] [6400] ? NIV-2ECB7762C638C830 | BASKET | HIDDEN_HALO | BEAD | GOLD | KT_14 | 1ct | imgs:3
[04:11:00][PRINCESS] [6401] ? NIV-2ECB7762C638C830 | BASKET | HIDDEN_HALO | BEAD | GOLD | KT_14 | 1ct | imgs:3
[04:11:06][PRINCESS] [6402] ? NIV-2ECB7762C638C830 | BASKET | HIDDEN_HALO | BEAD | GOLD | KT_14 | 1ct | imgs:3
[04:11:14][PRINCESS] [6403] ? NIV-E5F96F6EFBE4DCCA | BASKET | HIDDEN_HALO | BEAD | GOLD | KT_18 | 1ct | imgs:1
[04:11:21][PRINCESS] [6404] ? NIV-E5F96F6EFBE4DCCA | BASKET | HIDDEN_HALO | BEAD | GOLD | KT_18 | 1ct | imgs:3
[04:11:27][PRINCESS] [6405] ? NIV-E5F96F6EFBE4DCCA | BASKET | HIDDEN_HALO | BEAD | GOLD | KT_18 | 1ct | imgs:3
[04:11:30][PRINCESS] [6406] ? NIV-0C58899440E9CACF | BASKET | HIDDEN_HALO | BEAD | GOLD | KT_18 | 1ct | imgs:3
[04:11:34][PRINCESS] [6407] ? NIV-0C58899440E9CACF | BASKET | HIDDEN_HALO | BEAD | GOLD | KT_18 | 1ct | imgs:3
[04:11:39][PRINCESS] [6408] ? NIV-0C58899440E9CACF | BASKET | HIDDEN_HALO | BEAD | GOLD | KT_18 | 1ct | imgs:3
[04:11:42][PRINCESS] [6409] ? NIV-710FA59D29217E68 | BASKET | HIDDEN_HALO | BEAD | GOLD | KT_18 | 1ct | imgs:3
[04:11:48][PRINCESS] [6410] ? NIV-710FA59D29217E68 | BASKET | HIDDEN_HALO | BEAD | GOLD | KT_18 | 1ct | imgs:3
[04:11:54][PRINCESS] [6411] ? NIV-710FA59D29217E68 | BASKET | HIDDEN_HALO | BEAD | GOLD | KT_18 | 1ct | imgs:3
[04:11:57][PRINCESS] [6412] ? NIV-00368671662F365F | BASKET | HIDDEN_HALO | BEAD | PLATINUM | PT_950 | 1ct | imgs:3
[04:12:01][PRINCESS] [6413] ? NIV-9E2883297E847D3C | BASKET | HIDDEN_HALO | BEAD | GOLD | KT_10 | 1ct | imgs:3
[04:12:06][PRINCESS] [6414] ? NIV-9E2883297E847D3C | BASKET | HIDDEN_HALO | BEAD | GOLD | KT_10 | 1ct | imgs:3
[04:12:09][PRINCESS] [6415] ? NIV-9E2883297E847D3C | BASKET | HIDDEN_HALO | BEAD | GOLD | KT_10 | 1ct | imgs:3
[04:12:12][PRINCESS] [6416] ? NIV-5888497B0291B12D | BASKET | HIDDEN_HALO | BEAD | GOLD | KT_10 | 1ct | imgs:3
[04:12:18][PRINCESS] [6417] ? NIV-5888497B0291B12D | BASKET | HIDDEN_HALO | BEAD | GOLD | KT_10 | 1ct | imgs:3
[04:12:21][PRINCESS] [6418] ? NIV-5888497B0291B12D | BASKET | HIDDEN_HALO | BEAD | GOLD | KT_10 | 1ct | imgs:3
[04:12:24][PRINCESS] [6419] ? NIV-6BB3FF70061208FF | BASKET | HIDDEN_HALO | BEAD | GOLD | KT_10 | 1ct | imgs:3
[04:12:30][PRINCESS] [6420] ? NIV-6BB3FF70061208FF | BASKET | HIDDEN_HALO | BEAD | GOLD | KT_10 | 1ct | imgs:3
[04:12:36][PRINCESS] [6421] ? NIV-6BB3FF70061208FF | BASKET | HIDDEN_HALO | BEAD | GOLD | KT_10 | 1ct | imgs:3
[04:12:42][PRINCESS] [6422] ? NIV-97E9CD23F569AC64 | BASKET | HIDDEN_HALO | BEAD | GOLD | KT_14 | 1ct | imgs:3
[04:12:48][PRINCESS] [6423] ? NIV-97E9CD23F569AC64 | BASKET | HIDDEN_HALO | BEAD | GOLD | KT_14 | 1ct | imgs:3
[04:12:54][PRINCESS] [6424] ? NIV-97E9CD23F569AC64 | BASKET | HIDDEN_HALO | BEAD | GOLD | KT_14 | 1ct | imgs:3
[04:12:57][PRINCESS] [6425] ? NIV-7EA29C85C1C10B4F | BASKET | HIDDEN_HALO | BEAD | GOLD | KT_14 | 1ct | imgs:1
[04:13:03][PRINCESS] [6426] ? NIV-7EA29C85C1C10B4F | BASKET | HIDDEN_HALO | BEAD | GOLD | KT_14 | 1ct | imgs:3
[04:13:06][PRINCESS] [6427] ? NIV-7EA29C85C1C10B4F | BASKET | HIDDEN_HALO | BEAD | GOLD | KT_14 | 1ct | imgs:3
[04:13:10][PRINCESS] [6428] ? NIV-0B8F9A0EF5346842 | BASKET | HIDDEN_HALO | BEAD | GOLD | KT_14 | 1ct | imgs:3
[04:13:15][PRINCESS] [6429] ? NIV-0B8F9A0EF5346842 | BASKET | HIDDEN_HALO | BEAD | GOLD | KT_14 | 1ct | imgs:3
[04:13:18][PRINCESS] [6430] ? NIV-0B8F9A0EF5346842 | BASKET | HIDDEN_HALO | BEAD | GOLD | KT_14 | 1ct | imgs:3
[04:13:22][PRINCESS] [6431] ? NIV-21DA83B2F1E910BC | BASKET | HIDDEN_HALO | BEAD | GOLD | KT_18 | 1ct | imgs:1
[04:13:27][PRINCESS] [6432] ? NIV-21DA83B2F1E910BC | BASKET | HIDDEN_HALO | BEAD | GOLD | KT_18 | 1ct | imgs:3
[04:13:33][PRINCESS] [6433] ? NIV-21DA83B2F1E910BC | BASKET | HIDDEN_HALO | BEAD | GOLD | KT_18 | 1ct | imgs:3
[04:13:36][PRINCESS] [6434] ? NIV-BA65C7BCB729438F | BASKET | HIDDEN_HALO | BEAD | GOLD | KT_18 | 1ct | imgs:1
[04:13:42][PRINCESS] [6435] ? NIV-BA65C7BCB729438F | BASKET | HIDDEN_HALO | BEAD | GOLD | KT_18 | 1ct | imgs:3
[04:13:48][PRINCESS] [6436] ? NIV-BA65C7BCB729438F | BASKET | HIDDEN_HALO | BEAD | GOLD | KT_18 | 1ct | imgs:3
[04:13:52][PRINCESS] [6437] ? NIV-DB8D64EBF0259EB6 | BASKET | HIDDEN_HALO | BEAD | GOLD | KT_18 | 1ct | imgs:3
[04:13:57][PRINCESS] [6438] ? NIV-DB8D64EBF0259EB6 | BASKET | HIDDEN_HALO | BEAD | GOLD | KT_18 | 1ct | imgs:3
[04:14:00][PRINCESS] [6439] ? NIV-DB8D64EBF0259EB6 | BASKET | HIDDEN_HALO | BEAD | GOLD | KT_18 | 1ct | imgs:3
[04:14:03][PRINCESS] [6440] ? NIV-4370C968001B7453 | BASKET | HIDDEN_HALO | BEAD | PLATINUM | PT_950 | 1ct | imgs:3
[04:14:09][PRINCESS] [6441] ? NIV-78A2408822D8DB70 | BASKET | HIDDEN_HALO | BEAD | GOLD | KT_10 | 1ct | imgs:3
[04:14:12][PRINCESS] [6442] ? NIV-78A2408822D8DB70 | BASKET | HIDDEN_HALO | BEAD | GOLD | KT_10 | 1ct | imgs:3
[04:14:16][PRINCESS] [6443] ? NIV-78A2408822D8DB70 | BASKET | HIDDEN_HALO | BEAD | GOLD | KT_10 | 1ct | imgs:3
[04:14:18][PRINCESS] [6444] ? NIV-BBB9AFB2066E84F2 | BASKET | HIDDEN_HALO | BEAD | GOLD | KT_10 | 1ct | imgs:3
[04:14:24][PRINCESS] [6445] ? NIV-BBB9AFB2066E84F2 | BASKET | HIDDEN_HALO | BEAD | GOLD | KT_10 | 1ct | imgs:3
[04:14:28][PRINCESS] [6446] ? NIV-BBB9AFB2066E84F2 | BASKET | HIDDEN_HALO | BEAD | GOLD | KT_10 | 1ct | imgs:3
[04:14:31][PRINCESS] [6447] ? NIV-3367C1732D5DC5A3 | BASKET | HIDDEN_HALO | BEAD | GOLD | KT_10 | 1ct | imgs:1
[04:14:36][PRINCESS] [6448] ? NIV-3367C1732D5DC5A3 | BASKET | HIDDEN_HALO | BEAD | GOLD | KT_10 | 1ct | imgs:3
[04:14:42][PRINCESS] [6449] ? NIV-3367C1732D5DC5A3 | BASKET | HIDDEN_HALO | BEAD | GOLD | KT_10 | 1ct | imgs:3
[04:14:48][PRINCESS] [6450] ? NIV-72C2F7EC930EC3FB | BASKET | HIDDEN_HALO | BEAD | GOLD | KT_14 | 1ct | imgs:3
[04:14:54][PRINCESS] [6451] ? NIV-72C2F7EC930EC3FB | BASKET | HIDDEN_HALO | BEAD | GOLD | KT_14 | 1ct | imgs:3
[04:15:00][PRINCESS] [6452] ? NIV-72C2F7EC930EC3FB | BASKET | HIDDEN_HALO | BEAD | GOLD | KT_14 | 1ct | imgs:3
[04:15:03][PRINCESS] [6453] ? NIV-3FFBE4C89D91B7AB | BASKET | HIDDEN_HALO | BEAD | GOLD | KT_14 | 1ct | imgs:3
[04:15:09][PRINCESS] [6454] ? NIV-3FFBE4C89D91B7AB | BASKET | HIDDEN_HALO | BEAD | GOLD | KT_14 | 1ct | imgs:3
[04:15:15][PRINCESS] [6455] ? NIV-3FFBE4C89D91B7AB | BASKET | HIDDEN_HALO | BEAD | GOLD | KT_14 | 1ct | imgs:3
[04:15:18][PRINCESS] [6456] ? NIV-37C33F86CDBDDA19 | BASKET | HIDDEN_HALO | BEAD | GOLD | KT_14 | 1ct | imgs:3
[04:15:24][PRINCESS] [6457] ? NIV-37C33F86CDBDDA19 | BASKET | HIDDEN_HALO | BEAD | GOLD | KT_14 | 1ct | imgs:3
[04:15:27][PRINCESS] [6458] ? NIV-37C33F86CDBDDA19 | BASKET | HIDDEN_HALO | BEAD | GOLD | KT_14 | 1ct | imgs:3
[04:15:31][PRINCESS] [6459] ? NIV-FC4710A8F46C2744 | BASKET | HIDDEN_HALO | BEAD | GOLD | KT_18 | 1ct | imgs:1
[04:15:36][PRINCESS] [6460] ? NIV-FC4710A8F46C2744 | BASKET | HIDDEN_HALO | BEAD | GOLD | KT_18 | 1ct | imgs:3
[04:15:42][PRINCESS] [6461] ? NIV-FC4710A8F46C2744 | BASKET | HIDDEN_HALO | BEAD | GOLD | KT_18 | 1ct | imgs:3
[04:15:53][PRINCESS] [6462] ? NIV-DDB5F96180669E4E | BASKET | HIDDEN_HALO | BEAD | GOLD | KT_18 | 1ct | imgs:3
[04:15:57][PRINCESS] [6463] ? NIV-DDB5F96180669E4E | BASKET | HIDDEN_HALO | BEAD | GOLD | KT_18 | 1ct | imgs:3
[04:16:03][PRINCESS] [6464] ? NIV-DDB5F96180669E4E | BASKET | HIDDEN_HALO | BEAD | GOLD | KT_18 | 1ct | imgs:3
[04:16:07][PRINCESS] [6465] ? NIV-9FE0F57B28534530 | BASKET | HIDDEN_HALO | BEAD | GOLD | KT_18 | 1ct | imgs:1
[04:16:12][PRINCESS] [6466] ? NIV-9FE0F57B28534530 | BASKET | HIDDEN_HALO | BEAD | GOLD | KT_18 | 1ct | imgs:3
[04:16:18][PRINCESS] [6467] ? NIV-9FE0F57B28534530 | BASKET | HIDDEN_HALO | BEAD | GOLD | KT_18 | 1ct | imgs:3
[04:16:24][PRINCESS] [6468] ? NIV-C8563C4F9A7BFB1A | BASKET | HIDDEN_HALO | BEAD | PLATINUM | PT_950 | 1ct | imgs:2
[04:16:30][PRINCESS] [6469] ? NIV-E955784AA2A8ABE0 | BASKET | HIDDEN_HALO | BEAD | GOLD | KT_10 | 1ct | imgs:3
[04:16:36][PRINCESS] [6470] ? NIV-E955784AA2A8ABE0 | BASKET | HIDDEN_HALO | BEAD | GOLD | KT_10 | 1ct | imgs:3
[04:16:39][PRINCESS] [6471] ? NIV-E955784AA2A8ABE0 | BASKET | HIDDEN_HALO | BEAD | GOLD | KT_10 | 1ct | imgs:3
[04:16:42][PRINCESS] [6472] ? NIV-C6E53903B299DDC8 | BASKET | HIDDEN_HALO | BEAD | GOLD | KT_10 | 1ct | imgs:3
[04:16:46][PRINCESS] [6473] ? NIV-C6E53903B299DDC8 | BASKET | HIDDEN_HALO | BEAD | GOLD | KT_10 | 1ct | imgs:3
[04:16:51][PRINCESS] [6474] ? NIV-C6E53903B299DDC8 | BASKET | HIDDEN_HALO | BEAD | GOLD | KT_10 | 1ct | imgs:3
[04:16:54][PRINCESS] [6475] ? NIV-32EDCE38DF4E30A9 | BASKET | HIDDEN_HALO | BEAD | GOLD | KT_10 | 1ct | imgs:1
[04:16:57][PRINCESS] [6476] ? NIV-32EDCE38DF4E30A9 | BASKET | HIDDEN_HALO | BEAD | GOLD | KT_10 | 1ct | imgs:3
[04:17:01][PRINCESS] [6477] ? NIV-32EDCE38DF4E30A9 | BASKET | HIDDEN_HALO | BEAD | GOLD | KT_10 | 1ct | imgs:3
[04:17:04][PRINCESS] [6478] ? NIV-F7A655F7F9FE29A6 | BASKET | HIDDEN_HALO | BEAD | GOLD | KT_14 | 1ct | imgs:1
[04:17:09][PRINCESS] [6479] ? NIV-F7A655F7F9FE29A6 | BASKET | HIDDEN_HALO | BEAD | GOLD | KT_14 | 1ct | imgs:3
[04:17:12][PRINCESS] [6480] ? NIV-F7A655F7F9FE29A6 | BASKET | HIDDEN_HALO | BEAD | GOLD | KT_14 | 1ct | imgs:3
[04:17:15][PRINCESS] [6481] ? NIV-7EF1CA43363F5BDB | BASKET | HIDDEN_HALO | BEAD | GOLD | KT_14 | 1ct | imgs:3
[04:17:19][PRINCESS] [6482] ? NIV-7EF1CA43363F5BDB | BASKET | HIDDEN_HALO | BEAD | GOLD | KT_14 | 1ct | imgs:3
[04:17:24][PRINCESS] [6483] ? NIV-7EF1CA43363F5BDB | BASKET | HIDDEN_HALO | BEAD | GOLD | KT_14 | 1ct | imgs:3
[04:17:30][PRINCESS] [6484] ? NIV-B9341BF794249630 | BASKET | HIDDEN_HALO | BEAD | GOLD | KT_14 | 1ct | imgs:1
[04:17:36][PRINCESS] [6485] ? NIV-B9341BF794249630 | BASKET | HIDDEN_HALO | BEAD | GOLD | KT_14 | 1ct | imgs:3
[04:17:42][PRINCESS] [6486] ? NIV-B9341BF794249630 | BASKET | HIDDEN_HALO | BEAD | GOLD | KT_14 | 1ct | imgs:3
[04:17:48][PRINCESS] [6487] ? NIV-2C2C4ED4DA0B3AB1 | BASKET | HIDDEN_HALO | BEAD | GOLD | KT_18 | 1ct | imgs:3
[04:17:54][PRINCESS] [6488] ? NIV-2C2C4ED4DA0B3AB1 | BASKET | HIDDEN_HALO | BEAD | GOLD | KT_18 | 1ct | imgs:3
[04:18:00][PRINCESS] [6489] ? NIV-2C2C4ED4DA0B3AB1 | BASKET | HIDDEN_HALO | BEAD | GOLD | KT_18 | 1ct | imgs:3
[04:18:08][PRINCESS] [6490] ? NIV-6D25FE5E9F588FE9 | BASKET | HIDDEN_HALO | BEAD | GOLD | KT_18 | 1ct | imgs:2
[04:18:12][PRINCESS] [6491] ? NIV-6D25FE5E9F588FE9 | BASKET | HIDDEN_HALO | BEAD | GOLD | KT_18 | 1ct | imgs:3
[04:18:15][PRINCESS] [6492] ? NIV-6D25FE5E9F588FE9 | BASKET | HIDDEN_HALO | BEAD | GOLD | KT_18 | 1ct | imgs:3
[04:18:26][PRINCESS] [6493] ??  NIV-6D25FE5E9F588FE9 | BASKET | HIDDEN_HALO | BEAD | GOLD | KT_18 | 1ct | imgs:0
[04:18:30][PRINCESS] [6494] ? NIV-C699A77B31CAE612 | BASKET | HIDDEN_HALO | BEAD | GOLD | KT_18 | 1ct | imgs:3
[04:18:34][PRINCESS] [6495] ? NIV-C699A77B31CAE612 | BASKET | HIDDEN_HALO | BEAD | GOLD | KT_18 | 1ct | imgs:3
[04:18:45][PRINCESS] [6496] ??  NIV-C699A77B31CAE612 | BASKET | HIDDEN_HALO | BEAD | PLATINUM | PT_950 | 1ct | imgs:0
[04:18:53][PRINCESS] [6497] ? NIV-F6507B6F9119B848 | BASKET | HIDDEN_HALO | BEAD | GOLD | KT_10 | 1ct | imgs:2
[04:18:57][PRINCESS] [6498] ? NIV-F6507B6F9119B848 | BASKET | HIDDEN_HALO | BEAD | GOLD | KT_10 | 1ct | imgs:3
[04:19:03][PRINCESS] [6499] ? NIV-F6507B6F9119B848 | BASKET | HIDDEN_HALO | BEAD | GOLD | KT_10 | 1ct | imgs:3
[04:19:08][PRINCESS] [6500] ? NIV-FA21BAEA7A5BD61F | BASKET | HIDDEN_HALO | BEAD | GOLD | KT_10 | 1ct | imgs:3
[04:19:12][PRINCESS] [6501] ? NIV-FA21BAEA7A5BD61F | BASKET | HIDDEN_HALO | BEAD | GOLD | KT_10 | 1ct | imgs:3
[04:19:18][PRINCESS] [6502] ? NIV-FA21BAEA7A5BD61F | BASKET | HIDDEN_HALO | BEAD | GOLD | KT_10 | 1ct | imgs:3
[04:19:24][PRINCESS] [6503] ? NIV-D4D9473161AE6426 | BASKET | HIDDEN_HALO | BEAD | GOLD | KT_10 | 1ct | imgs:1
[04:19:30][PRINCESS] [6504] ? NIV-D4D9473161AE6426 | BASKET | HIDDEN_HALO | BEAD | GOLD | KT_10 | 1ct | imgs:3
[04:19:36][PRINCESS] [6505] ? NIV-D4D9473161AE6426 | BASKET | HIDDEN_HALO | BEAD | GOLD | KT_10 | 1ct | imgs:3
[04:19:40][PRINCESS] [6506] ? NIV-B90FD04124B47033 | BASKET | HIDDEN_HALO | BEAD | GOLD | KT_14 | 1ct | imgs:3
[04:19:45][PRINCESS] [6507] ? NIV-B90FD04124B47033 | BASKET | HIDDEN_HALO | BEAD | GOLD | KT_14 | 1ct | imgs:3
[04:19:48][PRINCESS] [6508] ? NIV-B90FD04124B47033 | BASKET | HIDDEN_HALO | BEAD | GOLD | KT_14 | 1ct | imgs:3
[04:19:53][PRINCESS] [6509] ? NIV-A49CFFC7028481EA | BASKET | HIDDEN_HALO | BEAD | GOLD | KT_14 | 1ct | imgs:1
[04:19:58][PRINCESS] [6510] ? NIV-A49CFFC7028481EA | BASKET | HIDDEN_HALO | BEAD | GOLD | KT_14 | 1ct | imgs:3
[04:20:03][PRINCESS] [6511] ? NIV-A49CFFC7028481EA | BASKET | HIDDEN_HALO | BEAD | GOLD | KT_14 | 1ct | imgs:3
[04:20:06][PRINCESS] [6512] ? NIV-47393015B00B5E0D | BASKET | HIDDEN_HALO | BEAD | GOLD | KT_14 | 1ct | imgs:3
[04:20:12][PRINCESS] [6513] ? NIV-47393015B00B5E0D | BASKET | HIDDEN_HALO | BEAD | GOLD | KT_14 | 1ct | imgs:3
[04:20:18][PRINCESS] [6514] ? NIV-47393015B00B5E0D | BASKET | HIDDEN_HALO | BEAD | GOLD | KT_14 | 1ct | imgs:3
[04:20:24][PRINCESS] [6515] ? NIV-1A69EB8782CB8533 | BASKET | HIDDEN_HALO | BEAD | GOLD | KT_18 | 1ct | imgs:3
[04:20:27][PRINCESS] [6516] ? NIV-1A69EB8782CB8533 | BASKET | HIDDEN_HALO | BEAD | GOLD | KT_18 | 1ct | imgs:3
[04:20:31][PRINCESS] [6517] ? NIV-1A69EB8782CB8533 | BASKET | HIDDEN_HALO | BEAD | GOLD | KT_18 | 1ct | imgs:3
[04:20:41][PRINCESS] [6518] ??  NIV-1A69EB8782CB8533 | BASKET | HIDDEN_HALO | BEAD | GOLD | KT_18 | 1ct | imgs:0
[04:20:45][PRINCESS] [6519] ? NIV-9DAFFD14EB991E5C | BASKET | HIDDEN_HALO | BEAD | GOLD | KT_18 | 1ct | imgs:3
[04:20:48][PRINCESS] [6520] ? NIV-9DAFFD14EB991E5C | BASKET | HIDDEN_HALO | BEAD | GOLD | KT_18 | 1ct | imgs:3
[04:20:51][PRINCESS] [6521] ? NIV-2771B24185459BB6 | BASKET | HIDDEN_HALO | BEAD | GOLD | KT_18 | 1ct | imgs:3
[04:20:55][PRINCESS] [6522] ? NIV-2771B24185459BB6 | BASKET | HIDDEN_HALO | BEAD | GOLD | KT_18 | 1ct | imgs:3
[04:21:00][PRINCESS] [6523] ? NIV-2771B24185459BB6 | BASKET | HIDDEN_HALO | BEAD | GOLD | KT_18 | 1ct | imgs:3
[04:21:04][PRINCESS] [6524] ? NIV-4C0CE7E7F322BAB3 | BASKET | HIDDEN_HALO | BEAD | PLATINUM | PT_950 | 1ct | imgs:3
[04:21:09][PRINCESS] [6525] ? NIV-A3C05DB74F871DAC | BASKET | HIDDEN_HALO | BEAD | GOLD | KT_10 | 1ct | imgs:3
[04:21:15][PRINCESS] [6526] ? NIV-A3C05DB74F871DAC | BASKET | HIDDEN_HALO | BEAD | GOLD | KT_10 | 1ct | imgs:3
[04:21:18][PRINCESS] [6527] ? NIV-A3C05DB74F871DAC | BASKET | HIDDEN_HALO | BEAD | GOLD | KT_10 | 1ct | imgs:3
[04:21:21][PRINCESS] [6528] ? NIV-EB00D7F43FBB1B31 | BASKET | HIDDEN_HALO | BEAD | GOLD | KT_10 | 1ct | imgs:3
[04:21:27][PRINCESS] [6529] ? NIV-EB00D7F43FBB1B31 | BASKET | HIDDEN_HALO | BEAD | GOLD | KT_10 | 1ct | imgs:3
[04:21:33][PRINCESS] [6530] ? NIV-EB00D7F43FBB1B31 | BASKET | HIDDEN_HALO | BEAD | GOLD | KT_10 | 1ct | imgs:3
[04:21:36][PRINCESS] [6531] ? NIV-35D8A970708D729B | BASKET | HIDDEN_HALO | BEAD | GOLD | KT_10 | 1ct | imgs:3
[04:21:42][PRINCESS] [6532] ? NIV-35D8A970708D729B | BASKET | HIDDEN_HALO | BEAD | GOLD | KT_10 | 1ct | imgs:3
[04:21:48][PRINCESS] [6533] ? NIV-35D8A970708D729B | BASKET | HIDDEN_HALO | BEAD | GOLD | KT_10 | 1ct | imgs:3
[04:21:54][PRINCESS] [6534] ? NIV-1BE39E9242178043 | BASKET | HIDDEN_HALO | BEAD | GOLD | KT_14 | 1ct | imgs:3
[04:22:00][PRINCESS] [6535] ? NIV-1BE39E9242178043 | BASKET | HIDDEN_HALO | BEAD | GOLD | KT_14 | 1ct | imgs:3
[04:22:03][PRINCESS] [6536] ? NIV-1BE39E9242178043 | BASKET | HIDDEN_HALO | BEAD | GOLD | KT_14 | 1ct | imgs:3
[04:22:06][PRINCESS] [6537] ? NIV-9832A09254E9D417 | BASKET | HIDDEN_HALO | BEAD | GOLD | KT_14 | 1ct | imgs:3
[04:22:09][PRINCESS] [6538] ? NIV-9832A09254E9D417 | BASKET | HIDDEN_HALO | BEAD | GOLD | KT_14 | 1ct | imgs:3
[04:22:15][PRINCESS] [6539] ? NIV-9832A09254E9D417 | BASKET | HIDDEN_HALO | BEAD | GOLD | KT_14 | 1ct | imgs:3
[04:22:18][PRINCESS] [6540] ? NIV-9A11BC436643CA5D | BASKET | HIDDEN_HALO | BEAD | GOLD | KT_14 | 1ct | imgs:3
[04:22:21][PRINCESS] [6541] ? NIV-9A11BC436643CA5D | BASKET | HIDDEN_HALO | BEAD | GOLD | KT_14 | 1ct | imgs:3
[04:22:25][PRINCESS] [6542] ? NIV-9A11BC436643CA5D | BASKET | HIDDEN_HALO | BEAD | GOLD | KT_14 | 1ct | imgs:3
[04:22:30][PRINCESS] [6543] ? NIV-1A798CC3292303FE | BASKET | HIDDEN_HALO | BEAD | GOLD | KT_18 | 1ct | imgs:3
[04:22:36][PRINCESS] [6544] ? NIV-1A798CC3292303FE | BASKET | HIDDEN_HALO | BEAD | GOLD | KT_18 | 1ct | imgs:3
[04:22:42][PRINCESS] [6545] ? NIV-1A798CC3292303FE | BASKET | HIDDEN_HALO | BEAD | GOLD | KT_18 | 1ct | imgs:3
[04:22:47][PRINCESS] [6546] ? NIV-D8765DAD9F0C8156 | BASKET | HIDDEN_HALO | BEAD | GOLD | KT_18 | 1ct | imgs:1
[04:22:51][PRINCESS] [6547] ? NIV-D8765DAD9F0C8156 | BASKET | HIDDEN_HALO | BEAD | GOLD | KT_18 | 1ct | imgs:3
[04:22:54][PRINCESS] [6548] ? NIV-D8765DAD9F0C8156 | BASKET | HIDDEN_HALO | BEAD | GOLD | KT_18 | 1ct | imgs:3
[04:22:57][PRINCESS] [6549] ? NIV-C180C6EAA0CF540F | BASKET | HIDDEN_HALO | BEAD | GOLD | KT_18 | 1ct | imgs:3
[04:23:03][PRINCESS] [6550] ? NIV-C180C6EAA0CF540F | BASKET | HIDDEN_HALO | BEAD | GOLD | KT_18 | 1ct | imgs:3
[04:23:09][PRINCESS] [6551] ? NIV-C180C6EAA0CF540F | BASKET | HIDDEN_HALO | BEAD | GOLD | KT_18 | 1ct | imgs:3
[04:23:12][PRINCESS] [6552] ? NIV-2036FF85833BE3FC | BASKET | HIDDEN_HALO | BEAD | PLATINUM | PT_950 | 1ct | imgs:3
[04:23:21][PRINCESS] [6553] ? NIV-DABE55F907ABA599 | BASKET | HIDDEN_HALO | BEAD | GOLD | KT_10 | 1ct | imgs:3
[04:23:24][PRINCESS] [6554] ? NIV-DABE55F907ABA599 | BASKET | HIDDEN_HALO | BEAD | GOLD | KT_10 | 1ct | imgs:3
[04:23:30][PRINCESS] [6555] ? NIV-DABE55F907ABA599 | BASKET | HIDDEN_HALO | BEAD | GOLD | KT_10 | 1ct | imgs:3
[04:23:40][PRINCESS] [6556] ? NIV-84AF95D1C33440EA | BASKET | HIDDEN_HALO | BEAD | GOLD | KT_10 | 1ct | imgs:1
[04:23:45][PRINCESS] [6557] ? NIV-84AF95D1C33440EA | BASKET | HIDDEN_HALO | BEAD | GOLD | KT_10 | 1ct | imgs:3
[04:23:49][PRINCESS] [6558] ? NIV-84AF95D1C33440EA | BASKET | HIDDEN_HALO | BEAD | GOLD | KT_10 | 1ct | imgs:3
[04:24:00][PRINCESS] [6559] ??  NIV-6EBA6A67A4124C27 | BASKET | HIDDEN_HALO | BEAD | GOLD | KT_10 | 1ct | imgs:0
[04:24:06][PRINCESS] [6560] ? NIV-6EBA6A67A4124C27 | BASKET | HIDDEN_HALO | BEAD | GOLD | KT_10 | 1ct | imgs:3
[04:24:10][PRINCESS] [6561] ? NIV-6EBA6A67A4124C27 | BASKET | HIDDEN_HALO | BEAD | GOLD | KT_10 | 1ct | imgs:3
[04:24:13][PRINCESS] [6562] ? NIV-458BB788A356DA85 | BASKET | HIDDEN_HALO | BEAD | GOLD | KT_14 | 1ct | imgs:3
[04:24:18][PRINCESS] [6563] ? NIV-458BB788A356DA85 | BASKET | HIDDEN_HALO | BEAD | GOLD | KT_14 | 1ct | imgs:3
[04:24:22][PRINCESS] [6564] ? NIV-458BB788A356DA85 | BASKET | HIDDEN_HALO | BEAD | GOLD | KT_14 | 1ct | imgs:3
[04:24:25][PRINCESS] [6565] ? NIV-C74F7964A26719B3 | BASKET | HIDDEN_HALO | BEAD | GOLD | KT_14 | 1ct | imgs:1
[04:24:30][PRINCESS] [6566] ? NIV-C74F7964A26719B3 | BASKET | HIDDEN_HALO | BEAD | GOLD | KT_14 | 1ct | imgs:3
[04:24:34][PRINCESS] [6567] ? NIV-C74F7964A26719B3 | BASKET | HIDDEN_HALO | BEAD | GOLD | KT_14 | 1ct | imgs:3
[04:24:43][PRINCESS] [6568] ? NIV-2FFAD1E4C07D1C9E | BASKET | HIDDEN_HALO | BEAD | GOLD | KT_14 | 1ct | imgs:1
[04:24:48][PRINCESS] [6569] ? NIV-2FFAD1E4C07D1C9E | BASKET | HIDDEN_HALO | BEAD | GOLD | KT_14 | 1ct | imgs:3
[04:24:52][PRINCESS] [6570] ? NIV-2FFAD1E4C07D1C9E | BASKET | HIDDEN_HALO | BEAD | GOLD | KT_14 | 1ct | imgs:3
[04:24:55][PRINCESS] [6571] ? NIV-AC04057DBB895C0A | BASKET | HIDDEN_HALO | BEAD | GOLD | KT_18 | 1ct | imgs:1
[04:25:00][PRINCESS] [6572] ? NIV-AC04057DBB895C0A | BASKET | HIDDEN_HALO | BEAD | GOLD | KT_18 | 1ct | imgs:3
[04:25:06][PRINCESS] [6573] ? NIV-AC04057DBB895C0A | BASKET | HIDDEN_HALO | BEAD | GOLD | KT_18 | 1ct | imgs:3
[04:25:12][PRINCESS] [6574] ? NIV-B629875CAC4F8CB3 | BASKET | HIDDEN_HALO | BEAD | GOLD | KT_18 | 1ct | imgs:1
[04:25:16][PRINCESS] [6575] ? NIV-B629875CAC4F8CB3 | BASKET | HIDDEN_HALO | BEAD | GOLD | KT_18 | 1ct | imgs:3
[04:25:21][PRINCESS] [6576] ? NIV-B629875CAC4F8CB3 | BASKET | HIDDEN_HALO | BEAD | GOLD | KT_18 | 1ct | imgs:3
[04:25:25][PRINCESS] [6577] ? NIV-3F68AB0C93BD6F90 | BASKET | HIDDEN_HALO | BEAD | GOLD | KT_18 | 1ct | imgs:1
[04:25:30][PRINCESS] [6578] ? NIV-3F68AB0C93BD6F90 | BASKET | HIDDEN_HALO | BEAD | GOLD | KT_18 | 1ct | imgs:3
[04:25:36][PRINCESS] [6579] ? NIV-3F68AB0C93BD6F90 | BASKET | HIDDEN_HALO | BEAD | GOLD | KT_18 | 1ct | imgs:3
[04:25:39][PRINCESS] [6580] ? NIV-2D006DFC514CA490 | BASKET | HIDDEN_HALO | BEAD | PLATINUM | PT_950 | 1ct | imgs:3
[04:25:45][PRINCESS] [6581] ? NIV-05ADA5C3ADF676BE | BASKET | HIDDEN_HALO | BEAD | GOLD | KT_10 | 1ct | imgs:1
[04:25:51][PRINCESS] [6582] ? NIV-05ADA5C3ADF676BE | BASKET | HIDDEN_HALO | BEAD | GOLD | KT_10 | 1ct | imgs:3
[04:25:57][PRINCESS] [6583] ? NIV-05ADA5C3ADF676BE | BASKET | HIDDEN_HALO | BEAD | GOLD | KT_10 | 1ct | imgs:3
[04:26:01][PRINCESS] [6584] ? NIV-D9E9B74C75AE394C | BASKET | HIDDEN_HALO | BEAD | GOLD | KT_10 | 1ct | imgs:3
[04:26:06][PRINCESS] [6585] ? NIV-D9E9B74C75AE394C | BASKET | HIDDEN_HALO | BEAD | GOLD | KT_10 | 1ct | imgs:3
[04:26:09][PRINCESS] [6586] ? NIV-D9E9B74C75AE394C | BASKET | HIDDEN_HALO | BEAD | GOLD | KT_10 | 1ct | imgs:3
[04:26:12][PRINCESS] [6587] ? NIV-C7FD373D9D26882B | BASKET | HIDDEN_HALO | BEAD | GOLD | KT_10 | 1ct | imgs:3
[04:26:18][PRINCESS] [6588] ? NIV-C7FD373D9D26882B | BASKET | HIDDEN_HALO | BEAD | GOLD | KT_10 | 1ct | imgs:3
[04:26:24][PRINCESS] [6589] ? NIV-C7FD373D9D26882B | BASKET | HIDDEN_HALO | BEAD | GOLD | KT_10 | 1ct | imgs:3
[04:26:31][PRINCESS] [6590] ? NIV-26CD4D5984D542E1 | BASKET | HIDDEN_HALO | BEAD | GOLD | KT_14 | 1ct | imgs:3
[04:26:36][PRINCESS] [6591] ? NIV-26CD4D5984D542E1 | BASKET | HIDDEN_HALO | BEAD | GOLD | KT_14 | 1ct | imgs:3
[04:26:39][PRINCESS] [6592] ? NIV-26CD4D5984D542E1 | BASKET | HIDDEN_HALO | BEAD | GOLD | KT_14 | 1ct | imgs:3
[04:26:42][PRINCESS] [6593] ? NIV-D35780C9AA635105 | BASKET | HIDDEN_HALO | BEAD | GOLD | KT_14 | 1ct | imgs:3
[04:26:48][PRINCESS] [6594] ? NIV-D35780C9AA635105 | BASKET | HIDDEN_HALO | BEAD | GOLD | KT_14 | 1ct | imgs:3
[04:26:52][PRINCESS] [6595] ? NIV-D35780C9AA635105 | BASKET | HIDDEN_HALO | BEAD | GOLD | KT_14 | 1ct | imgs:3
[04:26:57][PRINCESS] [6596] ? NIV-3D90B2EE3D244A70 | BASKET | HIDDEN_HALO | BEAD | GOLD | KT_14 | 1ct | imgs:3
[04:27:03][PRINCESS] [6597] ? NIV-3D90B2EE3D244A70 | BASKET | HIDDEN_HALO | BEAD | GOLD | KT_14 | 1ct | imgs:3
[04:27:09][PRINCESS] [6598] ? NIV-3D90B2EE3D244A70 | BASKET | HIDDEN_HALO | BEAD | GOLD | KT_14 | 1ct | imgs:3
[04:27:19][PRINCESS] [6599] ? NIV-EACE23B1EFE9CCCA | BASKET | HIDDEN_HALO | BEAD | GOLD | KT_18 | 1ct | imgs:1
[04:27:24][PRINCESS] [6600] ? NIV-EACE23B1EFE9CCCA | BASKET | HIDDEN_HALO | BEAD | GOLD | KT_18 | 1ct | imgs:3
[04:27:30][PRINCESS] [6601] ? NIV-EACE23B1EFE9CCCA | BASKET | HIDDEN_HALO | BEAD | GOLD | KT_18 | 1ct | imgs:3
[04:27:36][PRINCESS] [6602] ? NIV-7BCE80CC9759EB69 | BASKET | HIDDEN_HALO | BEAD | GOLD | KT_18 | 1ct | imgs:2
[04:27:39][PRINCESS] [6603] ? NIV-7BCE80CC9759EB69 | BASKET | HIDDEN_HALO | BEAD | GOLD | KT_18 | 1ct | imgs:3
[04:27:45][PRINCESS] [6604] ? NIV-7BCE80CC9759EB69 | BASKET | HIDDEN_HALO | BEAD | GOLD | KT_18 | 1ct | imgs:3
[04:27:48][PRINCESS] [6605] ? NIV-E292C9E61D114F8B | BASKET | HIDDEN_HALO | BEAD | GOLD | KT_18 | 1ct | imgs:3
[04:27:54][PRINCESS] [6606] ? NIV-E292C9E61D114F8B | BASKET | HIDDEN_HALO | BEAD | GOLD | KT_18 | 1ct | imgs:3
[04:28:00][PRINCESS] [6607] ? NIV-E292C9E61D114F8B | BASKET | HIDDEN_HALO | BEAD | GOLD | KT_18 | 1ct | imgs:3
[04:28:04][PRINCESS] [6608] ? NIV-3D3F3BECE4322C7B | BASKET | HIDDEN_HALO | BEAD | PLATINUM | PT_950 | 1ct | imgs:1
[04:28:09][PRINCESS] [6609] ? NIV-E73C035DA49DE9C3 | BASKET | HIDDEN_HALO | BEAD | GOLD | KT_10 | 1ct | imgs:3
[04:28:15][PRINCESS] [6610] ? NIV-E73C035DA49DE9C3 | BASKET | HIDDEN_HALO | BEAD | GOLD | KT_10 | 1ct | imgs:3
[04:28:18][PRINCESS] [6611] ? NIV-E73C035DA49DE9C3 | BASKET | HIDDEN_HALO | BEAD | GOLD | KT_10 | 1ct | imgs:3
[04:28:21][PRINCESS] [6612] ? NIV-E8D654DD3775B388 | BASKET | HIDDEN_HALO | BEAD | GOLD | KT_10 | 1ct | imgs:3
[04:28:27][PRINCESS] [6613] ? NIV-E8D654DD3775B388 | BASKET | HIDDEN_HALO | BEAD | GOLD | KT_10 | 1ct | imgs:3
[04:28:33][PRINCESS] [6614] ? NIV-E8D654DD3775B388 | BASKET | HIDDEN_HALO | BEAD | GOLD | KT_10 | 1ct | imgs:3
[04:28:36][PRINCESS] [6615] ? NIV-9A4AF05A98FFCE8A | BASKET | HIDDEN_HALO | BEAD | GOLD | KT_10 | 1ct | imgs:3
[04:28:42][PRINCESS] [6616] ? NIV-9A4AF05A98FFCE8A | BASKET | HIDDEN_HALO | BEAD | GOLD | KT_10 | 1ct | imgs:3
[04:28:48][PRINCESS] [6617] ? NIV-9A4AF05A98FFCE8A | BASKET | HIDDEN_HALO | BEAD | GOLD | KT_10 | 1ct | imgs:3
[04:28:53][PRINCESS] [6618] ? NIV-A67593B892D13C22 | BASKET | HIDDEN_HALO | BEAD | GOLD | KT_14 | 1ct | imgs:1
[04:28:57][PRINCESS] [6619] ? NIV-A67593B892D13C22 | BASKET | HIDDEN_HALO | BEAD | GOLD | KT_14 | 1ct | imgs:3
[04:29:03][PRINCESS] [6620] ? NIV-A67593B892D13C22 | BASKET | HIDDEN_HALO | BEAD | GOLD | KT_14 | 1ct | imgs:3
[04:29:08][PRINCESS] [6621] ? NIV-12345923D1D322C3 | BASKET | HIDDEN_HALO | BEAD | GOLD | KT_14 | 1ct | imgs:2
[04:29:12][PRINCESS] [6622] ? NIV-12345923D1D322C3 | BASKET | HIDDEN_HALO | BEAD | GOLD | KT_14 | 1ct | imgs:3
[04:29:15][PRINCESS] [6623] ? NIV-12345923D1D322C3 | BASKET | HIDDEN_HALO | BEAD | GOLD | KT_14 | 1ct | imgs:3
[04:29:18][PRINCESS] [6624] ? NIV-E775533E060BEE4E | BASKET | HIDDEN_HALO | BEAD | GOLD | KT_14 | 1ct | imgs:3
[04:29:21][PRINCESS] [6625] ? NIV-E775533E060BEE4E | BASKET | HIDDEN_HALO | BEAD | GOLD | KT_14 | 1ct | imgs:3
[04:29:24][PRINCESS] [6626] ? NIV-E775533E060BEE4E | BASKET | HIDDEN_HALO | BEAD | GOLD | KT_14 | 1ct | imgs:3
[04:29:30][PRINCESS] [6627] ? NIV-FA2B59172D4D94DE | BASKET | HIDDEN_HALO | BEAD | GOLD | KT_18 | 1ct | imgs:1
[04:29:36][PRINCESS] [6628] ? NIV-FA2B59172D4D94DE | BASKET | HIDDEN_HALO | BEAD | GOLD | KT_18 | 1ct | imgs:3
[04:29:42][PRINCESS] [6629] ? NIV-FA2B59172D4D94DE | BASKET | HIDDEN_HALO | BEAD | GOLD | KT_18 | 1ct | imgs:3
[04:29:45][PRINCESS] [6630] ? NIV-C9AE63387F67044B | BASKET | HIDDEN_HALO | BEAD | GOLD | KT_18 | 1ct | imgs:1
[04:29:51][PRINCESS] [6631] ? NIV-C9AE63387F67044B | BASKET | HIDDEN_HALO | BEAD | GOLD | KT_18 | 1ct | imgs:3
[04:29:57][PRINCESS] [6632] ? NIV-C9AE63387F67044B | BASKET | HIDDEN_HALO | BEAD | GOLD | KT_18 | 1ct | imgs:3
[04:30:01][PRINCESS] [6633] ? NIV-9FF22B406668A65C | BASKET | HIDDEN_HALO | BEAD | GOLD | KT_18 | 1ct | imgs:3
[04:30:06][PRINCESS] [6634] ? NIV-9FF22B406668A65C | BASKET | HIDDEN_HALO | BEAD | GOLD | KT_18 | 1ct | imgs:3
[04:30:09][PRINCESS] [6635] ? NIV-9FF22B406668A65C | BASKET | HIDDEN_HALO | BEAD | GOLD | KT_18 | 1ct | imgs:3
[04:30:12][PRINCESS] [6636] ? NIV-7FA486B0E40A0F5E | BASKET | HIDDEN_HALO | BEAD | PLATINUM | PT_950 | 1ct | imgs:3
[04:30:28][PRINCESS] [6637] ? NIV-81C7A7E5105224A1 | BASKET | HIDDEN_HALO | BEAD | GOLD | KT_10 | 1ct | imgs:1
[04:30:33][PRINCESS] [6638] ? NIV-81C7A7E5105224A1 | BASKET | HIDDEN_HALO | BEAD | GOLD | KT_10 | 1ct | imgs:3
[04:30:37][PRINCESS] [6639] ? NIV-81C7A7E5105224A1 | BASKET | HIDDEN_HALO | BEAD | GOLD | KT_10 | 1ct | imgs:3
[04:30:39][PRINCESS] [6640] ? NIV-8CD65ED5984A84A8 | BASKET | HIDDEN_HALO | BEAD | GOLD | KT_10 | 1ct | imgs:3
[04:30:42][PRINCESS] [6641] ? NIV-8CD65ED5984A84A8 | BASKET | HIDDEN_HALO | BEAD | GOLD | KT_10 | 1ct | imgs:3
[04:30:46][PRINCESS] [6642] ? NIV-8CD65ED5984A84A8 | BASKET | HIDDEN_HALO | BEAD | GOLD | KT_10 | 1ct | imgs:3
[04:30:49][PRINCESS] [6643] ? NIV-21D7A66EBA223F36 | BASKET | HIDDEN_HALO | BEAD | GOLD | KT_10 | 1ct | imgs:3
[04:30:54][PRINCESS] [6644] ? NIV-21D7A66EBA223F36 | BASKET | HIDDEN_HALO | BEAD | GOLD | KT_10 | 1ct | imgs:3
[04:31:00][PRINCESS] [6645] ? NIV-21D7A66EBA223F36 | BASKET | HIDDEN_HALO | BEAD | GOLD | KT_10 | 1ct | imgs:3
[04:31:06][PRINCESS] [6646] ? NIV-251B52EF3451897B | BASKET | HIDDEN_HALO | BEAD | GOLD | KT_14 | 1ct | imgs:3
[04:31:12][PRINCESS] [6647] ? NIV-251B52EF3451897B | BASKET | HIDDEN_HALO | BEAD | GOLD | KT_14 | 1ct | imgs:3
[04:31:18][PRINCESS] [6648] ? NIV-251B52EF3451897B | BASKET | HIDDEN_HALO | BEAD | GOLD | KT_14 | 1ct | imgs:3
[04:31:23][PRINCESS] [6649] ? NIV-717F071733393E05 | BASKET | HIDDEN_HALO | BEAD | GOLD | KT_14 | 1ct | imgs:3
[04:31:27][PRINCESS] [6650] ? NIV-717F071733393E05 | BASKET | HIDDEN_HALO | BEAD | GOLD | KT_14 | 1ct | imgs:3
[04:31:31][PRINCESS] [6651] ? NIV-717F071733393E05 | BASKET | HIDDEN_HALO | BEAD | GOLD | KT_14 | 1ct | imgs:3
[04:31:35][PRINCESS] [6652] ? NIV-C766CC13DDE47FE1 | BASKET | HIDDEN_HALO | BEAD | GOLD | KT_14 | 1ct | imgs:3
[04:31:40][PRINCESS] [6653] ? NIV-C766CC13DDE47FE1 | BASKET | HIDDEN_HALO | BEAD | GOLD | KT_14 | 1ct | imgs:3
[04:31:45][PRINCESS] [6654] ? NIV-C766CC13DDE47FE1 | BASKET | HIDDEN_HALO | BEAD | GOLD | KT_14 | 1ct | imgs:3
[04:31:51][PRINCESS] [6655] ? NIV-84C8F3DE4D5B5626 | BASKET | HIDDEN_HALO | BEAD | GOLD | KT_18 | 1ct | imgs:3
[04:31:54][PRINCESS] [6656] ? NIV-84C8F3DE4D5B5626 | BASKET | HIDDEN_HALO | BEAD | GOLD | KT_18 | 1ct | imgs:3
[04:31:58][PRINCESS] [6657] ? NIV-84C8F3DE4D5B5626 | BASKET | HIDDEN_HALO | BEAD | GOLD | KT_18 | 1ct | imgs:3
[04:32:03][PRINCESS] [6658] ? NIV-5C33FD36DDC0E960 | BASKET | HIDDEN_HALO | BEAD | GOLD | KT_18 | 1ct | imgs:3
[04:32:09][PRINCESS] [6659] ? NIV-5C33FD36DDC0E960 | BASKET | HIDDEN_HALO | BEAD | GOLD | KT_18 | 1ct | imgs:3
[04:32:15][PRINCESS] [6660] ? NIV-5C33FD36DDC0E960 | BASKET | HIDDEN_HALO | BEAD | GOLD | KT_18 | 1ct | imgs:3
[04:32:18][PRINCESS] [6661] ? NIV-81A9A589DA7DAE0A | BASKET | HIDDEN_HALO | BEAD | GOLD | KT_18 | 1ct | imgs:3
[04:32:24][PRINCESS] [6662] ? NIV-81A9A589DA7DAE0A | BASKET | HIDDEN_HALO | BEAD | GOLD | KT_18 | 1ct | imgs:3
[04:32:30][PRINCESS] [6663] ? NIV-81A9A589DA7DAE0A | BASKET | HIDDEN_HALO | BEAD | GOLD | KT_18 | 1ct | imgs:3
[04:32:37][PRINCESS] [6664] ? NIV-655D42BCBFA3AC56 | BASKET | HIDDEN_HALO | BEAD | PLATINUM | PT_950 | 1ct | imgs:1
[04:32:46][PRINCESS] [6665] ? NIV-D1B197CA66269A38 | BASKET | HIDDEN_HALO | BEAD | GOLD | KT_10 | 1ct | imgs:2
[04:32:51][PRINCESS] [6666] ? NIV-D1B197CA66269A38 | BASKET | HIDDEN_HALO | BEAD | GOLD | KT_10 | 1ct | imgs:3
[04:32:55][PRINCESS] [6667] ? NIV-D1B197CA66269A38 | BASKET | HIDDEN_HALO | BEAD | GOLD | KT_10 | 1ct | imgs:3
[04:32:57][PRINCESS] [6668] ? NIV-834251F956B163C1 | BASKET | HIDDEN_HALO | BEAD | GOLD | KT_10 | 1ct | imgs:1
[04:33:03][PRINCESS] [6669] ? NIV-834251F956B163C1 | BASKET | HIDDEN_HALO | BEAD | GOLD | KT_10 | 1ct | imgs:3
[04:33:09][PRINCESS] [6670] ? NIV-834251F956B163C1 | BASKET | HIDDEN_HALO | BEAD | GOLD | KT_10 | 1ct | imgs:3
[04:33:18][PRINCESS] [6671] ? NIV-AAF0A6093F24F887 | BASKET | HIDDEN_HALO | BEAD | GOLD | KT_10 | 1ct | imgs:1
[04:33:24][PRINCESS] [6672] ? NIV-AAF0A6093F24F887 | BASKET | HIDDEN_HALO | BEAD | GOLD | KT_10 | 1ct | imgs:3
[04:33:27][PRINCESS] [6673] ? NIV-AAF0A6093F24F887 | BASKET | HIDDEN_HALO | BEAD | GOLD | KT_10 | 1ct | imgs:3
[04:33:32][PRINCESS] [6674] ? NIV-C988DD03BFC1D67D | BASKET | HIDDEN_HALO | BEAD | GOLD | KT_14 | 1ct | imgs:1
[04:33:37][PRINCESS] [6675] ? NIV-C988DD03BFC1D67D | BASKET | HIDDEN_HALO | BEAD | GOLD | KT_14 | 1ct | imgs:3
[04:33:42][PRINCESS] [6676] ? NIV-C988DD03BFC1D67D | BASKET | HIDDEN_HALO | BEAD | GOLD | KT_14 | 1ct | imgs:3
[04:33:47][PRINCESS] [6677] ? NIV-4C0EEDAA3D0EF1E7 | BASKET | HIDDEN_HALO | BEAD | GOLD | KT_14 | 1ct | imgs:1
[04:33:51][PRINCESS] [6678] ? NIV-4C0EEDAA3D0EF1E7 | BASKET | HIDDEN_HALO | BEAD | GOLD | KT_14 | 1ct | imgs:3
[04:33:54][PRINCESS] [6679] ? NIV-4C0EEDAA3D0EF1E7 | BASKET | HIDDEN_HALO | BEAD | GOLD | KT_14 | 1ct | imgs:3
[04:34:00][PRINCESS] [6680] ? NIV-4A738B0A37D31A9C | BASKET | HIDDEN_HALO | BEAD | GOLD | KT_14 | 1ct | imgs:1
[04:34:04][PRINCESS] [6681] ? NIV-4A738B0A37D31A9C | BASKET | HIDDEN_HALO | BEAD | GOLD | KT_14 | 1ct | imgs:3
[04:34:09][PRINCESS] [6682] ? NIV-4A738B0A37D31A9C | BASKET | HIDDEN_HALO | BEAD | GOLD | KT_14 | 1ct | imgs:3
[04:34:14][PRINCESS] [6683] ? NIV-315E83F6A5B871FB | BASKET | HIDDEN_HALO | BEAD | GOLD | KT_18 | 1ct | imgs:3
[04:34:18][PRINCESS] [6684] ? NIV-315E83F6A5B871FB | BASKET | HIDDEN_HALO | BEAD | GOLD | KT_18 | 1ct | imgs:3
[04:34:21][PRINCESS] [6685] ? NIV-315E83F6A5B871FB | BASKET | HIDDEN_HALO | BEAD | GOLD | KT_18 | 1ct | imgs:3
[04:34:24][PRINCESS] [6686] ? NIV-42DC6AA7308757DD | BASKET | HIDDEN_HALO | BEAD | GOLD | KT_18 | 1ct | imgs:3
[04:34:30][PRINCESS] [6687] ? NIV-42DC6AA7308757DD | BASKET | HIDDEN_HALO | BEAD | GOLD | KT_18 | 1ct | imgs:3
[04:34:36][PRINCESS] [6688] ? NIV-42DC6AA7308757DD | BASKET | HIDDEN_HALO | BEAD | GOLD | KT_18 | 1ct | imgs:3
[04:34:39][PRINCESS] [6689] ? NIV-381316350C9D99CC | BASKET | HIDDEN_HALO | BEAD | GOLD | KT_18 | 1ct | imgs:3
[04:34:43][PRINCESS] [6690] ? NIV-381316350C9D99CC | BASKET | HIDDEN_HALO | BEAD | GOLD | KT_18 | 1ct | imgs:3
[04:34:48][PRINCESS] [6691] ? NIV-381316350C9D99CC | BASKET | HIDDEN_HALO | BEAD | GOLD | KT_18 | 1ct | imgs:3
[04:34:51][PRINCESS] [6692] ? NIV-B37078D342F6F383 | BASKET | HIDDEN_HALO | BEAD | PLATINUM | PT_950 | 1ct | imgs:3
[04:34:57][PRINCESS] [6693] ? NIV-69B9E7A98EAA5D1D | BASKET | HIDDEN_HALO | BEAD | GOLD | KT_10 | 1ct | imgs:3
[04:35:03][PRINCESS] [6694] ? NIV-69B9E7A98EAA5D1D | BASKET | HIDDEN_HALO | BEAD | GOLD | KT_10 | 1ct | imgs:3
[04:35:09][PRINCESS] [6695] ? NIV-69B9E7A98EAA5D1D | BASKET | HIDDEN_HALO | BEAD | GOLD | KT_10 | 1ct | imgs:3
[04:35:20][PRINCESS] [6696] ? NIV-564B436B309B91EB | BASKET | HIDDEN_HALO | BEAD | GOLD | KT_10 | 1ct | imgs:3
[04:35:24][PRINCESS] [6697] ? NIV-564B436B309B91EB | BASKET | HIDDEN_HALO | BEAD | GOLD | KT_10 | 1ct | imgs:3
[04:35:27][PRINCESS] [6698] ? NIV-564B436B309B91EB | BASKET | HIDDEN_HALO | BEAD | GOLD | KT_10 | 1ct | imgs:3
[04:35:38][PRINCESS] [6699] ??  NIV-564B436B309B91EB | BASKET | HIDDEN_HALO | BEAD | GOLD | KT_10 | 1ct | imgs:0
[04:35:50][PRINCESS] [6700] ??  NIV-564B436B309B91EB | BASKET | HIDDEN_HALO | BEAD | GOLD | KT_10 | 1ct | imgs:0
[04:36:02][PRINCESS] [6701] ??  NIV-564B436B309B91EB | BASKET | HIDDEN_HALO | BEAD | GOLD | KT_10 | 1ct | imgs:0
[04:36:06][PRINCESS] [6702] ? NIV-084571159C30BEA5 | BASKET | HIDDEN_HALO | BEAD | GOLD | KT_14 | 1ct | imgs:3
[04:36:10][PRINCESS] [6703] ? NIV-084571159C30BEA5 | BASKET | HIDDEN_HALO | BEAD | GOLD | KT_14 | 1ct | imgs:3
[04:36:15][PRINCESS] [6704] ? NIV-084571159C30BEA5 | BASKET | HIDDEN_HALO | BEAD | GOLD | KT_14 | 1ct | imgs:3
[04:36:18][PRINCESS] [6705] ? NIV-DB343D0BBE27DE23 | BASKET | HIDDEN_HALO | BEAD | GOLD | KT_14 | 1ct | imgs:3
[04:36:21][PRINCESS] [6706] ? NIV-DB343D0BBE27DE23 | BASKET | HIDDEN_HALO | BEAD | GOLD | KT_14 | 1ct | imgs:3
[04:36:27][PRINCESS] [6707] ? NIV-DB343D0BBE27DE23 | BASKET | HIDDEN_HALO | BEAD | GOLD | KT_14 | 1ct | imgs:3
[04:36:30][PRINCESS] [6708] ? NIV-43FDB2891925E22E | BASKET | HIDDEN_HALO | BEAD | GOLD | KT_14 | 1ct | imgs:3
[04:36:33][PRINCESS] [6709] ? NIV-43FDB2891925E22E | BASKET | HIDDEN_HALO | BEAD | GOLD | KT_14 | 1ct | imgs:3
[04:36:37][PRINCESS] [6710] ? NIV-43FDB2891925E22E | BASKET | HIDDEN_HALO | BEAD | GOLD | KT_14 | 1ct | imgs:3
[04:36:42][PRINCESS] [6711] ? NIV-ECF257ABE811B148 | BASKET | HIDDEN_HALO | BEAD | GOLD | KT_18 | 1ct | imgs:1
[04:36:48][PRINCESS] [6712] ? NIV-ECF257ABE811B148 | BASKET | HIDDEN_HALO | BEAD | GOLD | KT_18 | 1ct | imgs:3
[04:36:54][PRINCESS] [6713] ? NIV-ECF257ABE811B148 | BASKET | HIDDEN_HALO | BEAD | GOLD | KT_18 | 1ct | imgs:3
[04:36:58][PRINCESS] [6714] ? NIV-8D421BC0D9E3E5B8 | BASKET | HIDDEN_HALO | BEAD | GOLD | KT_18 | 1ct | imgs:3
[04:37:03][PRINCESS] [6715] ? NIV-8D421BC0D9E3E5B8 | BASKET | HIDDEN_HALO | BEAD | GOLD | KT_18 | 1ct | imgs:3
[04:37:18][PRINCESS] [6716] ??  NIV-8D421BC0D9E3E5B8 | BASKET | HIDDEN_HALO | BEAD | GOLD | KT_18 | 1ct | imgs:0
[04:37:18][PRINCESS]   Re-seleccionando PRINCESS (intento 1)
[04:37:18][PRINCESS]   Boton no encontrado ? recargando configurador...
[04:37:47][PRINCESS]   Re-seleccionando PRINCESS (intento 2)
[04:37:53][PRINCESS] [6717] ? NIV-46DA39283D61D6BC | BASKET | HIDDEN_HALO | BEAD | GOLD | KT_18 | 1ct | imgs:3
[04:37:57][PRINCESS] [6718] ? NIV-35370568AF326438 | BASKET | HIDDEN_HALO | BEAD | GOLD | KT_18 | 1ct | imgs:2
[04:38:07][PRINCESS] [6719] ??  NIV-35370568AF326438 | BASKET | HIDDEN_HALO | BEAD | GOLD | KT_18 | 1ct | imgs:0
[04:38:12][PRINCESS] [6720] ? NIV-D04C0916386418DA | BASKET | HIDDEN_HALO | BEAD | PLATINUM | PT_950 | 1ct | imgs:3
[04:38:28][PRINCESS] [6721] ??  NIV-E4351CB9635EC358 | BASKET | HIDDEN_HALO | PAVE | GOLD | KT_10 | 1ct | imgs:0
[04:38:40][PRINCESS] [6722] ??  NIV-E4351CB9635EC358 | BASKET | HIDDEN_HALO | PAVE | GOLD | KT_10 | 1ct | imgs:0
[04:38:44][PRINCESS] [6723] ? NIV-B7A29F855CAE3DD4 | BASKET | HIDDEN_HALO | PAVE | GOLD | KT_10 | 1ct | imgs:3
[04:38:55][PRINCESS] [6724] ??  NIV-B7A29F855CAE3DD4 | BASKET | HIDDEN_HALO | PAVE | GOLD | KT_10 | 1ct | imgs:0
[04:39:07][PRINCESS] [6725] ??  NIV-B7A29F855CAE3DD4 | BASKET | HIDDEN_HALO | PAVE | GOLD | KT_10 | 1ct | imgs:0
[04:39:19][PRINCESS] [6726] ??  NIV-B7A29F855CAE3DD4 | BASKET | HIDDEN_HALO | PAVE | GOLD | KT_10 | 1ct | imgs:0
[04:39:28][PRINCESS] [6727] ??  NIV-B7A29F855CAE3DD4 | BASKET | HIDDEN_HALO | PAVE | GOLD | KT_10 | 1ct | imgs:0
[04:39:41][PRINCESS] [6728] ? NIV-01149FEDAF6F4D5A | BASKET | HIDDEN_HALO | PAVE | GOLD | KT_10 | 1ct | imgs:3
[04:39:47][PRINCESS] [6729] ? NIV-01149FEDAF6F4D5A | BASKET | HIDDEN_HALO | PAVE | GOLD | KT_10 | 1ct | imgs:3
[04:39:50][PRINCESS] [6730] ? NIV-C69B0A96E65D3F58 | BASKET | HIDDEN_HALO | PAVE | GOLD | KT_14 | 1ct | imgs:3
[04:39:53][PRINCESS] [6731] ? NIV-C69B0A96E65D3F58 | BASKET | HIDDEN_HALO | PAVE | GOLD | KT_14 | 1ct | imgs:3
[04:39:59][PRINCESS] [6732] ? NIV-C69B0A96E65D3F58 | BASKET | HIDDEN_HALO | PAVE | GOLD | KT_14 | 1ct | imgs:3
[04:40:02][PRINCESS] [6733] ? NIV-034032E2CEE3868C | BASKET | HIDDEN_HALO | PAVE | GOLD | KT_14 | 1ct | imgs:3
[04:40:05][PRINCESS] [6734] ? NIV-034032E2CEE3868C | BASKET | HIDDEN_HALO | PAVE | GOLD | KT_14 | 1ct | imgs:3
[04:40:11][PRINCESS] [6735] ? NIV-034032E2CEE3868C | BASKET | HIDDEN_HALO | PAVE | GOLD | KT_14 | 1ct | imgs:3
[04:40:14][PRINCESS] [6736] ? NIV-5BB4173B4B202C57 | BASKET | HIDDEN_HALO | PAVE | GOLD | KT_14 | 1ct | imgs:3
[04:40:17][PRINCESS] [6737] ? NIV-5BB4173B4B202C57 | BASKET | HIDDEN_HALO | PAVE | GOLD | KT_14 | 1ct | imgs:3
[04:40:23][PRINCESS] [6738] ? NIV-5BB4173B4B202C57 | BASKET | HIDDEN_HALO | PAVE | GOLD | KT_14 | 1ct | imgs:3
[04:40:26][PRINCESS] [6739] ? NIV-D5ECCA8659F0A6F6 | BASKET | HIDDEN_HALO | PAVE | GOLD | KT_18 | 1ct | imgs:3
[04:40:29][PRINCESS] [6740] ? NIV-D5ECCA8659F0A6F6 | BASKET | HIDDEN_HALO | PAVE | GOLD | KT_18 | 1ct | imgs:3
[04:40:35][PRINCESS] [6741] ? NIV-D5ECCA8659F0A6F6 | BASKET | HIDDEN_HALO | PAVE | GOLD | KT_18 | 1ct | imgs:3
[04:40:46][PRINCESS] [6742] ??  NIV-D5ECCA8659F0A6F6 | BASKET | HIDDEN_HALO | PAVE | GOLD | KT_18 | 1ct | imgs:0
[04:40:58][PRINCESS] [6743] ??  NIV-D5ECCA8659F0A6F6 | BASKET | HIDDEN_HALO | PAVE | GOLD | KT_18 | 1ct | imgs:0
[04:41:05][PRINCESS] [6744] ? NIV-23703FF4FED4C55E | BASKET | HIDDEN_HALO | PAVE | GOLD | KT_18 | 1ct | imgs:1
[04:41:08][PRINCESS] [6745] ? NIV-A5CF4A650CE3C9FF | BASKET | HIDDEN_HALO | PAVE | GOLD | KT_18 | 1ct | imgs:3
[04:41:11][PRINCESS] [6746] ? NIV-A5CF4A650CE3C9FF | BASKET | HIDDEN_HALO | PAVE | GOLD | KT_18 | 1ct | imgs:3
[04:41:14][PRINCESS] [6747] ? NIV-A5CF4A650CE3C9FF | BASKET | HIDDEN_HALO | PAVE | GOLD | KT_18 | 1ct | imgs:3
[04:41:17][PRINCESS] [6748] ? NIV-E4351CB9635EC358 | BASKET | HIDDEN_HALO | PAVE | PLATINUM | PT_950 | 1ct | imgs:3
[04:41:30][PRINCESS] [6749] ? NIV-A4B53DBAE3F7F940 | BASKET | HIDDEN_HALO | PAVE | GOLD | KT_10 | 1ct | imgs:2
[04:41:35][PRINCESS] [6750] ? NIV-A4B53DBAE3F7F940 | BASKET | HIDDEN_HALO | PAVE | GOLD | KT_10 | 1ct | imgs:3
[04:41:38][PRINCESS] [6751] ? NIV-A4B53DBAE3F7F940 | BASKET | HIDDEN_HALO | PAVE | GOLD | KT_10 | 1ct | imgs:3
[04:41:49][PRINCESS] [6752] ??  NIV-A4B53DBAE3F7F940 | BASKET | HIDDEN_HALO | PAVE | GOLD | KT_10 | 1ct | imgs:0
[04:41:58][PRINCESS] [6753] ? NIV-83160077E6518395 | BASKET | HIDDEN_HALO | PAVE | GOLD | KT_10 | 1ct | imgs:2
[04:42:02][PRINCESS] [6754] ? NIV-83160077E6518395 | BASKET | HIDDEN_HALO | PAVE | GOLD | KT_10 | 1ct | imgs:3
[04:42:05][PRINCESS] [6755] ? NIV-DF62D890A940BD64 | BASKET | HIDDEN_HALO | PAVE | GOLD | KT_10 | 1ct | imgs:3
[04:42:08][PRINCESS] [6756] ? NIV-DF62D890A940BD64 | BASKET | HIDDEN_HALO | PAVE | GOLD | KT_10 | 1ct | imgs:3
[04:42:11][PRINCESS] [6757] ? NIV-DF62D890A940BD64 | BASKET | HIDDEN_HALO | PAVE | GOLD | KT_10 | 1ct | imgs:3
[04:42:17][PRINCESS] [6758] ? NIV-9E5E99FFD01FB98A | BASKET | HIDDEN_HALO | PAVE | GOLD | KT_14 | 1ct | imgs:3
[04:42:20][PRINCESS] [6759] ? NIV-9E5E99FFD01FB98A | BASKET | HIDDEN_HALO | PAVE | GOLD | KT_14 | 1ct | imgs:3
[04:42:26][PRINCESS] [6760] ? NIV-9E5E99FFD01FB98A | BASKET | HIDDEN_HALO | PAVE | GOLD | KT_14 | 1ct | imgs:3
[04:42:29][PRINCESS] [6761] ? NIV-7827F00CE54F448F | BASKET | HIDDEN_HALO | PAVE | GOLD | KT_14 | 1ct | imgs:3
[04:42:32][PRINCESS] [6762] ? NIV-7827F00CE54F448F | BASKET | HIDDEN_HALO | PAVE | GOLD | KT_14 | 1ct | imgs:3
[04:42:35][PRINCESS] [6763] ? NIV-7827F00CE54F448F | BASKET | HIDDEN_HALO | PAVE | GOLD | KT_14 | 1ct | imgs:3
[04:42:38][PRINCESS] [6764] ? NIV-623083DA08AF6317 | BASKET | HIDDEN_HALO | PAVE | GOLD | KT_14 | 1ct | imgs:3
[04:42:44][PRINCESS] [6765] ? NIV-623083DA08AF6317 | BASKET | HIDDEN_HALO | PAVE | GOLD | KT_14 | 1ct | imgs:3
[04:42:50][PRINCESS] [6766] ? NIV-623083DA08AF6317 | BASKET | HIDDEN_HALO | PAVE | GOLD | KT_14 | 1ct | imgs:3
[04:42:56][PRINCESS] [6767] ? NIV-4BD0EBC95963BB3B | BASKET | HIDDEN_HALO | PAVE | GOLD | KT_18 | 1ct | imgs:3
[04:42:59][PRINCESS] [6768] ? NIV-4BD0EBC95963BB3B | BASKET | HIDDEN_HALO | PAVE | GOLD | KT_18 | 1ct | imgs:3
[04:43:02][PRINCESS] [6769] ? NIV-4BD0EBC95963BB3B | BASKET | HIDDEN_HALO | PAVE | GOLD | KT_18 | 1ct | imgs:3
[04:43:09][PRINCESS] [6770] ? NIV-9F55736A79720836 | BASKET | HIDDEN_HALO | PAVE | GOLD | KT_18 | 1ct | imgs:1
[04:43:14][PRINCESS] [6771] ? NIV-9F55736A79720836 | BASKET | HIDDEN_HALO | PAVE | GOLD | KT_18 | 1ct | imgs:3
[04:43:20][PRINCESS] [6772] ? NIV-9F55736A79720836 | BASKET | HIDDEN_HALO | PAVE | GOLD | KT_18 | 1ct | imgs:3
[04:43:23][PRINCESS] [6773] ? NIV-B3358D8F10406CA1 | BASKET | HIDDEN_HALO | PAVE | GOLD | KT_18 | 1ct | imgs:3
[04:43:26][PRINCESS] [6774] ? NIV-B3358D8F10406CA1 | BASKET | HIDDEN_HALO | PAVE | GOLD | KT_18 | 1ct | imgs:3
[04:43:32][PRINCESS] [6775] ? NIV-B3358D8F10406CA1 | BASKET | HIDDEN_HALO | PAVE | GOLD | KT_18 | 1ct | imgs:3
[04:43:35][PRINCESS] [6776] ? NIV-0BCAA5D3FBCDFD6C | BASKET | HIDDEN_HALO | PAVE | PLATINUM | PT_950 | 1ct | imgs:3
[04:43:41][PRINCESS] [6777] ? NIV-9F2FF74A4A0AEB9F | BASKET | HIDDEN_HALO | PAVE | GOLD | KT_10 | 1ct | imgs:3
[04:43:44][PRINCESS] [6778] ? NIV-9F2FF74A4A0AEB9F | BASKET | HIDDEN_HALO | PAVE | GOLD | KT_10 | 1ct | imgs:3
[04:43:47][PRINCESS] [6779] ? NIV-9F2FF74A4A0AEB9F | BASKET | HIDDEN_HALO | PAVE | GOLD | KT_10 | 1ct | imgs:3
[04:43:50][PRINCESS] [6780] ? NIV-BFF7AC695DCDA325 | BASKET | HIDDEN_HALO | PAVE | GOLD | KT_10 | 1ct | imgs:3
[04:43:56][PRINCESS] [6781] ? NIV-BFF7AC695DCDA325 | BASKET | HIDDEN_HALO | PAVE | GOLD | KT_10 | 1ct | imgs:3
[04:44:02][PRINCESS] [6782] ? NIV-BFF7AC695DCDA325 | BASKET | HIDDEN_HALO | PAVE | GOLD | KT_10 | 1ct | imgs:3
[04:44:05][PRINCESS] [6783] ? NIV-F4BD62B9150A2F31 | BASKET | HIDDEN_HALO | PAVE | GOLD | KT_10 | 1ct | imgs:3
[04:44:11][PRINCESS] [6784] ? NIV-F4BD62B9150A2F31 | BASKET | HIDDEN_HALO | PAVE | GOLD | KT_10 | 1ct | imgs:3
[04:44:17][PRINCESS] [6785] ? NIV-F4BD62B9150A2F31 | BASKET | HIDDEN_HALO | PAVE | GOLD | KT_10 | 1ct | imgs:3
[04:44:20][PRINCESS] [6786] ? NIV-E8FF970A357A4B66 | BASKET | HIDDEN_HALO | PAVE | GOLD | KT_14 | 1ct | imgs:1
[04:44:26][PRINCESS] [6787] ? NIV-E8FF970A357A4B66 | BASKET | HIDDEN_HALO | PAVE | GOLD | KT_14 | 1ct | imgs:3
[04:44:29][PRINCESS] [6788] ? NIV-E8FF970A357A4B66 | BASKET | HIDDEN_HALO | PAVE | GOLD | KT_14 | 1ct | imgs:3
[04:44:34][PRINCESS] [6789] ? NIV-865B17B052291C63 | BASKET | HIDDEN_HALO | PAVE | GOLD | KT_14 | 1ct | imgs:1
[04:44:38][PRINCESS] [6790] ? NIV-865B17B052291C63 | BASKET | HIDDEN_HALO | PAVE | GOLD | KT_14 | 1ct | imgs:3
[04:44:44][PRINCESS] [6791] ? NIV-865B17B052291C63 | BASKET | HIDDEN_HALO | PAVE | GOLD | KT_14 | 1ct | imgs:3
[04:44:55][PRINCESS] [6792] ??  NIV-865B17B052291C63 | BASKET | HIDDEN_HALO | PAVE | GOLD | KT_14 | 1ct | imgs:0
[04:45:07][PRINCESS] [6793] ??  NIV-865B17B052291C63 | BASKET | HIDDEN_HALO | PAVE | GOLD | KT_14 | 1ct | imgs:0
[04:45:19][PRINCESS] [6794] ??  NIV-865B17B052291C63 | BASKET | HIDDEN_HALO | PAVE | GOLD | KT_14 | 1ct | imgs:0
[04:45:24][PRINCESS] [6795] ? NIV-21EBA42DADD07A1E | BASKET | HIDDEN_HALO | PAVE | GOLD | KT_18 | 1ct | imgs:1
[04:45:29][PRINCESS] [6796] ? NIV-21EBA42DADD07A1E | BASKET | HIDDEN_HALO | PAVE | GOLD | KT_18 | 1ct | imgs:3
[04:45:35][PRINCESS] [6797] ? NIV-21EBA42DADD07A1E | BASKET | HIDDEN_HALO | PAVE | GOLD | KT_18 | 1ct | imgs:3
[04:45:39][PRINCESS] [6798] ? NIV-112CDA602BCE2B94 | BASKET | HIDDEN_HALO | PAVE | GOLD | KT_18 | 1ct | imgs:1
[04:45:44][PRINCESS] [6799] ? NIV-112CDA602BCE2B94 | BASKET | HIDDEN_HALO | PAVE | GOLD | KT_18 | 1ct | imgs:3
[04:45:50][PRINCESS] [6800] ? NIV-112CDA602BCE2B94 | BASKET | HIDDEN_HALO | PAVE | GOLD | KT_18 | 1ct | imgs:3
[04:46:01][PRINCESS] [6801] ??  NIV-112CDA602BCE2B94 | BASKET | HIDDEN_HALO | PAVE | GOLD | KT_18 | 1ct | imgs:0
[04:46:10][PRINCESS] [6802] ? NIV-FC36FFC7432EA97E | BASKET | HIDDEN_HALO | PAVE | GOLD | KT_18 | 1ct | imgs:2
[04:46:14][PRINCESS] [6803] ? NIV-FC36FFC7432EA97E | BASKET | HIDDEN_HALO | PAVE | GOLD | KT_18 | 1ct | imgs:3
[04:46:17][PRINCESS] [6804] ? NIV-596B8A3A324A6295 | BASKET | HIDDEN_HALO | PAVE | PLATINUM | PT_950 | 1ct | imgs:3
[04:46:31][PRINCESS] [6805] ??  NIV-1D0657FE1927E3A8 | BASKET | HIDDEN_HALO | PAVE | GOLD | KT_10 | 1ct | imgs:0
[04:46:39][PRINCESS] [6806] ? NIV-D30F13E5B2293618 | BASKET | HIDDEN_HALO | PAVE | GOLD | KT_10 | 1ct | imgs:1
[04:46:44][PRINCESS] [6807] ? NIV-D30F13E5B2293618 | BASKET | HIDDEN_HALO | PAVE | GOLD | KT_10 | 1ct | imgs:3
[04:46:47][PRINCESS] [6808] ? NIV-3F82D12E420630D9 | BASKET | HIDDEN_HALO | PAVE | GOLD | KT_10 | 1ct | imgs:3
[04:46:53][PRINCESS] [6809] ? NIV-3F82D12E420630D9 | BASKET | HIDDEN_HALO | PAVE | GOLD | KT_10 | 1ct | imgs:3
[04:46:56][PRINCESS] [6810] ? NIV-3F82D12E420630D9 | BASKET | HIDDEN_HALO | PAVE | GOLD | KT_10 | 1ct | imgs:3
[04:46:59][PRINCESS] [6811] ? NIV-E9DCCDC7576D4130 | BASKET | HIDDEN_HALO | PAVE | GOLD | KT_10 | 1ct | imgs:2
[04:47:05][PRINCESS] [6812] ? NIV-E9DCCDC7576D4130 | BASKET | HIDDEN_HALO | PAVE | GOLD | KT_10 | 1ct | imgs:3
[04:47:08][PRINCESS] [6813] ? NIV-E9DCCDC7576D4130 | BASKET | HIDDEN_HALO | PAVE | GOLD | KT_10 | 1ct | imgs:3
[04:47:11][PRINCESS] [6814] ? NIV-FF6FD6CF505A78FE | BASKET | HIDDEN_HALO | PAVE | GOLD | KT_14 | 1ct | imgs:3
[04:47:17][PRINCESS] [6815] ? NIV-FF6FD6CF505A78FE | BASKET | HIDDEN_HALO | PAVE | GOLD | KT_14 | 1ct | imgs:3
[04:47:23][PRINCESS] [6816] ? NIV-FF6FD6CF505A78FE | BASKET | HIDDEN_HALO | PAVE | GOLD | KT_14 | 1ct | imgs:3
[04:47:26][PRINCESS] [6817] ? NIV-59E9F04E86EDBBFE | BASKET | HIDDEN_HALO | PAVE | GOLD | KT_14 | 1ct | imgs:3
[04:47:32][PRINCESS] [6818] ? NIV-59E9F04E86EDBBFE | BASKET | HIDDEN_HALO | PAVE | GOLD | KT_14 | 1ct | imgs:3
[04:47:38][PRINCESS] [6819] ? NIV-59E9F04E86EDBBFE | BASKET | HIDDEN_HALO | PAVE | GOLD | KT_14 | 1ct | imgs:3
[04:47:41][PRINCESS] [6820] ? NIV-934487B6A8361E3A | BASKET | HIDDEN_HALO | PAVE | GOLD | KT_14 | 1ct | imgs:3
[04:47:44][PRINCESS] [6821] ? NIV-934487B6A8361E3A | BASKET | HIDDEN_HALO | PAVE | GOLD | KT_14 | 1ct | imgs:3
[04:47:50][PRINCESS] [6822] ? NIV-934487B6A8361E3A | BASKET | HIDDEN_HALO | PAVE | GOLD | KT_14 | 1ct | imgs:3
[04:47:58][PRINCESS] [6823] ? NIV-D3FC7C77FEE93C77 | BASKET | HIDDEN_HALO | PAVE | GOLD | KT_18 | 1ct | imgs:1
[04:48:05][PRINCESS] [6824] ? NIV-D3FC7C77FEE93C77 | BASKET | HIDDEN_HALO | PAVE | GOLD | KT_18 | 1ct | imgs:3
[04:48:11][PRINCESS] [6825] ? NIV-D3FC7C77FEE93C77 | BASKET | HIDDEN_HALO | PAVE | GOLD | KT_18 | 1ct | imgs:3
[04:48:15][PRINCESS] [6826] ? NIV-AEF858C777BC9D1E | BASKET | HIDDEN_HALO | PAVE | GOLD | KT_18 | 1ct | imgs:1
[04:48:20][PRINCESS] [6827] ? NIV-AEF858C777BC9D1E | BASKET | HIDDEN_HALO | PAVE | GOLD | KT_18 | 1ct | imgs:3
[04:48:26][PRINCESS] [6828] ? NIV-AEF858C777BC9D1E | BASKET | HIDDEN_HALO | PAVE | GOLD | KT_18 | 1ct | imgs:3
[04:48:29][PRINCESS] [6829] ? NIV-419E66E387FF0EDD | BASKET | HIDDEN_HALO | PAVE | GOLD | KT_18 | 1ct | imgs:3
[04:48:35][PRINCESS] [6830] ? NIV-419E66E387FF0EDD | BASKET | HIDDEN_HALO | PAVE | GOLD | KT_18 | 1ct | imgs:3
[04:48:41][PRINCESS] [6831] ? NIV-419E66E387FF0EDD | BASKET | HIDDEN_HALO | PAVE | GOLD | KT_18 | 1ct | imgs:3
[04:48:44][PRINCESS] [6832] ? NIV-1D0657FE1927E3A8 | BASKET | HIDDEN_HALO | PAVE | PLATINUM | PT_950 | 1ct | imgs:3
[04:48:51][PRINCESS] [6833] ? NIV-FED58FB1D55E0DE8 | BASKET | HIDDEN_HALO | PAVE | GOLD | KT_10 | 1ct | imgs:1
[04:48:56][PRINCESS] [6834] ? NIV-FED58FB1D55E0DE8 | BASKET | HIDDEN_HALO | PAVE | GOLD | KT_10 | 1ct | imgs:3
[04:49:02][PRINCESS] [6835] ? NIV-FED58FB1D55E0DE8 | BASKET | HIDDEN_HALO | PAVE | GOLD | KT_10 | 1ct | imgs:3
[04:49:06][PRINCESS] [6836] ? NIV-420BF17393D28DBC | BASKET | HIDDEN_HALO | PAVE | GOLD | KT_10 | 1ct | imgs:1
[04:49:11][PRINCESS] [6837] ? NIV-420BF17393D28DBC | BASKET | HIDDEN_HALO | PAVE | GOLD | KT_10 | 1ct | imgs:3
[04:49:17][PRINCESS] [6838] ? NIV-420BF17393D28DBC | BASKET | HIDDEN_HALO | PAVE | GOLD | KT_10 | 1ct | imgs:3
[04:49:27][PRINCESS] [6839] ? NIV-458565116941FCB9 | BASKET | HIDDEN_HALO | PAVE | GOLD | KT_10 | 1ct | imgs:1
[04:49:32][PRINCESS] [6840] ? NIV-458565116941FCB9 | BASKET | HIDDEN_HALO | PAVE | GOLD | KT_10 | 1ct | imgs:3
[04:49:35][PRINCESS] [6841] ? NIV-458565116941FCB9 | BASKET | HIDDEN_HALO | PAVE | GOLD | KT_10 | 1ct | imgs:3
[04:49:41][PRINCESS] [6842] ? NIV-F3B96533A9ACED68 | BASKET | HIDDEN_HALO | PAVE | GOLD | KT_14 | 1ct | imgs:3
[04:49:47][PRINCESS] [6843] ? NIV-F3B96533A9ACED68 | BASKET | HIDDEN_HALO | PAVE | GOLD | KT_14 | 1ct | imgs:3
[04:49:53][PRINCESS] [6844] ? NIV-F3B96533A9ACED68 | BASKET | HIDDEN_HALO | PAVE | GOLD | KT_14 | 1ct | imgs:3
[04:49:56][PRINCESS] [6845] ? NIV-EA6213EFF59DE9FA | BASKET | HIDDEN_HALO | PAVE | GOLD | KT_14 | 1ct | imgs:3
[04:50:02][PRINCESS] [6846] ? NIV-EA6213EFF59DE9FA | BASKET | HIDDEN_HALO | PAVE | GOLD | KT_14 | 1ct | imgs:3
[04:50:05][PRINCESS] [6847] ? NIV-EA6213EFF59DE9FA | BASKET | HIDDEN_HALO | PAVE | GOLD | KT_14 | 1ct | imgs:3
[04:50:08][PRINCESS] [6848] ? NIV-14309BDD174ECF97 | BASKET | HIDDEN_HALO | PAVE | GOLD | KT_14 | 1ct | imgs:3
[04:50:11][PRINCESS] [6849] ? NIV-14309BDD174ECF97 | BASKET | HIDDEN_HALO | PAVE | GOLD | KT_14 | 1ct | imgs:3
[04:50:17][PRINCESS] [6850] ? NIV-14309BDD174ECF97 | BASKET | HIDDEN_HALO | PAVE | GOLD | KT_14 | 1ct | imgs:3
[04:50:23][PRINCESS] [6851] ? NIV-C8E946B14470FE23 | BASKET | HIDDEN_HALO | PAVE | GOLD | KT_18 | 1ct | imgs:3
[04:50:29][PRINCESS] [6852] ? NIV-C8E946B14470FE23 | BASKET | HIDDEN_HALO | PAVE | GOLD | KT_18 | 1ct | imgs:3
[04:50:35][PRINCESS] [6853] ? NIV-C8E946B14470FE23 | BASKET | HIDDEN_HALO | PAVE | GOLD | KT_18 | 1ct | imgs:3
[04:50:38][PRINCESS] [6854] ? NIV-1223C601E537F93E | BASKET | HIDDEN_HALO | PAVE | GOLD | KT_18 | 1ct | imgs:3
[04:50:44][PRINCESS] [6855] ? NIV-1223C601E537F93E | BASKET | HIDDEN_HALO | PAVE | GOLD | KT_18 | 1ct | imgs:3
[04:50:50][PRINCESS] [6856] ? NIV-1223C601E537F93E | BASKET | HIDDEN_HALO | PAVE | GOLD | KT_18 | 1ct | imgs:3
[04:50:53][PRINCESS] [6857] ? NIV-6D0ADCF0558B7E04 | BASKET | HIDDEN_HALO | PAVE | GOLD | KT_18 | 1ct | imgs:3
[04:50:59][PRINCESS] [6858] ? NIV-6D0ADCF0558B7E04 | BASKET | HIDDEN_HALO | PAVE | GOLD | KT_18 | 1ct | imgs:3
[04:51:05][PRINCESS] [6859] ? NIV-6D0ADCF0558B7E04 | BASKET | HIDDEN_HALO | PAVE | GOLD | KT_18 | 1ct | imgs:3
[04:51:08][PRINCESS] [6860] ? NIV-45CABFEE318E09DB | BASKET | HIDDEN_HALO | PAVE | PLATINUM | PT_950 | 1ct | imgs:3
[04:51:13][PRINCESS] [6861] ? NIV-582765702E055CE3 | BASKET | HIDDEN_HALO | PAVE | GOLD | KT_10 | 1ct | imgs:1
[04:51:17][PRINCESS] [6862] ? NIV-582765702E055CE3 | BASKET | HIDDEN_HALO | PAVE | GOLD | KT_10 | 1ct | imgs:3
[04:51:23][PRINCESS] [6863] ? NIV-582765702E055CE3 | BASKET | HIDDEN_HALO | PAVE | GOLD | KT_10 | 1ct | imgs:3
[04:51:26][PRINCESS] [6864] ? NIV-F08B4B508166BDA1 | BASKET | HIDDEN_HALO | PAVE | GOLD | KT_10 | 1ct | imgs:2
[04:51:32][PRINCESS] [6865] ? NIV-F08B4B508166BDA1 | BASKET | HIDDEN_HALO | PAVE | GOLD | KT_10 | 1ct | imgs:3
[04:51:35][PRINCESS] [6866] ? NIV-F08B4B508166BDA1 | BASKET | HIDDEN_HALO | PAVE | GOLD | KT_10 | 1ct | imgs:3
[04:51:38][PRINCESS] [6867] ? NIV-DB4CB6DDDEE8EEC3 | BASKET | HIDDEN_HALO | PAVE | GOLD | KT_10 | 1ct | imgs:2
[04:51:44][PRINCESS] [6868] ? NIV-DB4CB6DDDEE8EEC3 | BASKET | HIDDEN_HALO | PAVE | GOLD | KT_10 | 1ct | imgs:3
[04:51:50][PRINCESS] [6869] ? NIV-DB4CB6DDDEE8EEC3 | BASKET | HIDDEN_HALO | PAVE | GOLD | KT_10 | 1ct | imgs:3
[04:51:53][PRINCESS] [6870] ? NIV-B833F7B7B803B321 | BASKET | HIDDEN_HALO | PAVE | GOLD | KT_14 | 1ct | imgs:3
[04:51:59][PRINCESS] [6871] ? NIV-B833F7B7B803B321 | BASKET | HIDDEN_HALO | PAVE | GOLD | KT_14 | 1ct | imgs:3
[04:52:02][PRINCESS] [6872] ? NIV-B833F7B7B803B321 | BASKET | HIDDEN_HALO | PAVE | GOLD | KT_14 | 1ct | imgs:3
[04:52:05][PRINCESS] [6873] ? NIV-C8B126757FB73596 | BASKET | HIDDEN_HALO | PAVE | GOLD | KT_14 | 1ct | imgs:3
[04:52:11][PRINCESS] [6874] ? NIV-C8B126757FB73596 | BASKET | HIDDEN_HALO | PAVE | GOLD | KT_14 | 1ct | imgs:3
[04:52:17][PRINCESS] [6875] ? NIV-C8B126757FB73596 | BASKET | HIDDEN_HALO | PAVE | GOLD | KT_14 | 1ct | imgs:3
[04:52:20][PRINCESS] [6876] ? NIV-832980A68E85CAFD | BASKET | HIDDEN_HALO | PAVE | GOLD | KT_14 | 1ct | imgs:3
[04:52:23][PRINCESS] [6877] ? NIV-832980A68E85CAFD | BASKET | HIDDEN_HALO | PAVE | GOLD | KT_14 | 1ct | imgs:3
[04:52:29][PRINCESS] [6878] ? NIV-832980A68E85CAFD | BASKET | HIDDEN_HALO | PAVE | GOLD | KT_14 | 1ct | imgs:3
[04:52:35][PRINCESS] [6879] ? NIV-D6C2FAB2AB9B3190 | BASKET | HIDDEN_HALO | PAVE | GOLD | KT_18 | 1ct | imgs:3
[04:52:41][PRINCESS] [6880] ? NIV-D6C2FAB2AB9B3190 | BASKET | HIDDEN_HALO | PAVE | GOLD | KT_18 | 1ct | imgs:3
[04:52:47][PRINCESS] [6881] ? NIV-D6C2FAB2AB9B3190 | BASKET | HIDDEN_HALO | PAVE | GOLD | KT_18 | 1ct | imgs:3
[04:52:51][PRINCESS] [6882] ? NIV-2599765F4DED442D | BASKET | HIDDEN_HALO | PAVE | GOLD | KT_18 | 1ct | imgs:1
[04:52:56][PRINCESS] [6883] ? NIV-2599765F4DED442D | BASKET | HIDDEN_HALO | PAVE | GOLD | KT_18 | 1ct | imgs:3
[04:53:02][PRINCESS] [6884] ? NIV-2599765F4DED442D | BASKET | HIDDEN_HALO | PAVE | GOLD | KT_18 | 1ct | imgs:3
[04:53:05][PRINCESS] [6885] ? NIV-FA6D3A2328211212 | BASKET | HIDDEN_HALO | PAVE | GOLD | KT_18 | 1ct | imgs:3
[04:53:08][PRINCESS] [6886] ? NIV-FA6D3A2328211212 | BASKET | HIDDEN_HALO | PAVE | GOLD | KT_18 | 1ct | imgs:3
[04:53:12][PRINCESS] [6887] ? NIV-FA6D3A2328211212 | BASKET | HIDDEN_HALO | PAVE | GOLD | KT_18 | 1ct | imgs:3
[04:53:17][PRINCESS] [6888] ? NIV-643F8CCCF5B19B2B | BASKET | HIDDEN_HALO | PAVE | PLATINUM | PT_950 | 1ct | imgs:3
[04:53:29][PRINCESS] [6889] ? NIV-6AAD9B5E315C6909 | BASKET | HIDDEN_HALO | PAVE | GOLD | KT_10 | 1ct | imgs:3
[04:53:32][PRINCESS] [6890] ? NIV-6AAD9B5E315C6909 | BASKET | HIDDEN_HALO | PAVE | GOLD | KT_10 | 1ct | imgs:3
[04:53:38][PRINCESS] [6891] ? NIV-6AAD9B5E315C6909 | BASKET | HIDDEN_HALO | PAVE | GOLD | KT_10 | 1ct | imgs:3
[04:53:41][PRINCESS] [6892] ? NIV-C1895EAF9CEE8A16 | BASKET | HIDDEN_HALO | PAVE | GOLD | KT_10 | 1ct | imgs:3
[04:53:44][PRINCESS] [6893] ? NIV-C1895EAF9CEE8A16 | BASKET | HIDDEN_HALO | PAVE | GOLD | KT_10 | 1ct | imgs:3
[04:53:47][PRINCESS] [6894] ? NIV-C1895EAF9CEE8A16 | BASKET | HIDDEN_HALO | PAVE | GOLD | KT_10 | 1ct | imgs:3
[04:53:50][PRINCESS] [6895] ? NIV-6B762583CEC19AE5 | BASKET | HIDDEN_HALO | PAVE | GOLD | KT_10 | 1ct | imgs:3
[04:53:56][PRINCESS] [6896] ? NIV-6B762583CEC19AE5 | BASKET | HIDDEN_HALO | PAVE | GOLD | KT_10 | 1ct | imgs:3
[04:54:02][PRINCESS] [6897] ? NIV-6B762583CEC19AE5 | BASKET | HIDDEN_HALO | PAVE | GOLD | KT_10 | 1ct | imgs:3
[04:54:08][PRINCESS] [6898] ? NIV-634F05141A385D1A | BASKET | HIDDEN_HALO | PAVE | GOLD | KT_14 | 1ct | imgs:3
[04:54:11][PRINCESS] [6899] ? NIV-634F05141A385D1A | BASKET | HIDDEN_HALO | PAVE | GOLD | KT_14 | 1ct | imgs:3
[04:54:14][PRINCESS] [6900] ? NIV-634F05141A385D1A | BASKET | HIDDEN_HALO | PAVE | GOLD | KT_14 | 1ct | imgs:3
[04:54:17][PRINCESS] [6901] ? NIV-79B942B2E8EEC774 | BASKET | HIDDEN_HALO | PAVE | GOLD | KT_14 | 1ct | imgs:3
[04:54:20][PRINCESS] [6902] ? NIV-79B942B2E8EEC774 | BASKET | HIDDEN_HALO | PAVE | GOLD | KT_14 | 1ct | imgs:3
[04:54:26][PRINCESS] [6903] ? NIV-79B942B2E8EEC774 | BASKET | HIDDEN_HALO | PAVE | GOLD | KT_14 | 1ct | imgs:3
[04:54:29][PRINCESS] [6904] ? NIV-AA8CD1A69CCF4EEF | BASKET | HIDDEN_HALO | PAVE | GOLD | KT_14 | 1ct | imgs:3
[04:54:32][PRINCESS] [6905] ? NIV-AA8CD1A69CCF4EEF | BASKET | HIDDEN_HALO | PAVE | GOLD | KT_14 | 1ct | imgs:3
[04:54:35][PRINCESS] [6906] ? NIV-AA8CD1A69CCF4EEF | BASKET | HIDDEN_HALO | PAVE | GOLD | KT_14 | 1ct | imgs:3
[04:54:41][PRINCESS] [6907] ? NIV-D8DF63E0F7E73044 | BASKET | HIDDEN_HALO | PAVE | GOLD | KT_18 | 1ct | imgs:3
[04:54:47][PRINCESS] [6908] ? NIV-D8DF63E0F7E73044 | BASKET | HIDDEN_HALO | PAVE | GOLD | KT_18 | 1ct | imgs:3
[04:54:53][PRINCESS] [6909] ? NIV-D8DF63E0F7E73044 | BASKET | HIDDEN_HALO | PAVE | GOLD | KT_18 | 1ct | imgs:3
[04:54:56][PRINCESS] [6910] ? NIV-2578CAE05B6D4EFC | BASKET | HIDDEN_HALO | PAVE | GOLD | KT_18 | 1ct | imgs:3
[04:55:02][PRINCESS] [6911] ? NIV-2578CAE05B6D4EFC | BASKET | HIDDEN_HALO | PAVE | GOLD | KT_18 | 1ct | imgs:3
[04:55:08][PRINCESS] [6912] ? NIV-2578CAE05B6D4EFC | BASKET | HIDDEN_HALO | PAVE | GOLD | KT_18 | 1ct | imgs:3
[04:55:19][PRINCESS] [6913] ??  NIV-2578CAE05B6D4EFC | BASKET | HIDDEN_HALO | PAVE | GOLD | KT_18 | 1ct | imgs:0
[04:55:23][PRINCESS] [6914] ? NIV-38611E2A461ABD3E | BASKET | HIDDEN_HALO | PAVE | GOLD | KT_18 | 1ct | imgs:1
[04:55:29][PRINCESS] [6915] ? NIV-38611E2A461ABD3E | BASKET | HIDDEN_HALO | PAVE | GOLD | KT_18 | 1ct | imgs:3
[04:55:32][PRINCESS] [6916] ? NIV-646084485D08C7E8 | BASKET | HIDDEN_HALO | PAVE | PLATINUM | PT_950 | 1ct | imgs:3
[04:55:38][PRINCESS] [6917] ? NIV-3B6F8AEEDC8D698D | BASKET | HIDDEN_HALO | PAVE | GOLD | KT_10 | 1ct | imgs:3
[04:55:41][PRINCESS] [6918] ? NIV-3B6F8AEEDC8D698D | BASKET | HIDDEN_HALO | PAVE | GOLD | KT_10 | 1ct | imgs:3
[04:55:44][PRINCESS] [6919] ? NIV-3B6F8AEEDC8D698D | BASKET | HIDDEN_HALO | PAVE | GOLD | KT_10 | 1ct | imgs:3
[04:55:51][PRINCESS] [6920] ? NIV-D03AB4CF50D02118 | BASKET | HIDDEN_HALO | PAVE | GOLD | KT_10 | 1ct | imgs:2
[04:55:56][PRINCESS] [6921] ? NIV-D03AB4CF50D02118 | BASKET | HIDDEN_HALO | PAVE | GOLD | KT_10 | 1ct | imgs:3
[04:56:02][PRINCESS] [6922] ? NIV-D03AB4CF50D02118 | BASKET | HIDDEN_HALO | PAVE | GOLD | KT_10 | 1ct | imgs:3
[04:56:07][PRINCESS] [6923] ? NIV-3E479552FFA95903 | BASKET | HIDDEN_HALO | PAVE | GOLD | KT_10 | 1ct | imgs:1
[04:56:11][PRINCESS] [6924] ? NIV-3E479552FFA95903 | BASKET | HIDDEN_HALO | PAVE | GOLD | KT_10 | 1ct | imgs:3
[04:56:17][PRINCESS] [6925] ? NIV-3E479552FFA95903 | BASKET | HIDDEN_HALO | PAVE | GOLD | KT_10 | 1ct | imgs:3
[04:56:23][PRINCESS] [6926] ? NIV-FBB45C7A03C8B3FA | BASKET | HIDDEN_HALO | PAVE | GOLD | KT_14 | 1ct | imgs:1
[04:56:29][PRINCESS] [6927] ? NIV-FBB45C7A03C8B3FA | BASKET | HIDDEN_HALO | PAVE | GOLD | KT_14 | 1ct | imgs:3
[04:56:35][PRINCESS] [6928] ? NIV-FBB45C7A03C8B3FA | BASKET | HIDDEN_HALO | PAVE | GOLD | KT_14 | 1ct | imgs:3
[04:56:40][PRINCESS] [6929] ? NIV-4945BDC60359EE35 | BASKET | HIDDEN_HALO | PAVE | GOLD | KT_14 | 1ct | imgs:1
[04:56:44][PRINCESS] [6930] ? NIV-4945BDC60359EE35 | BASKET | HIDDEN_HALO | PAVE | GOLD | KT_14 | 1ct | imgs:3
[04:56:50][PRINCESS] [6931] ? NIV-4945BDC60359EE35 | BASKET | HIDDEN_HALO | PAVE | GOLD | KT_14 | 1ct | imgs:3
[04:56:53][PRINCESS] [6932] ? NIV-2ECCA13336108B67 | BASKET | HIDDEN_HALO | PAVE | GOLD | KT_14 | 1ct | imgs:3
[04:56:59][PRINCESS] [6933] ? NIV-2ECCA13336108B67 | BASKET | HIDDEN_HALO | PAVE | GOLD | KT_14 | 1ct | imgs:3
[04:57:05][PRINCESS] [6934] ? NIV-2ECCA13336108B67 | BASKET | HIDDEN_HALO | PAVE | GOLD | KT_14 | 1ct | imgs:3
[04:57:11][PRINCESS] [6935] ? NIV-A8BB555F9E9B1128 | BASKET | HIDDEN_HALO | PAVE | GOLD | KT_18 | 1ct | imgs:3
[04:57:14][PRINCESS] [6936] ? NIV-A8BB555F9E9B1128 | BASKET | HIDDEN_HALO | PAVE | GOLD | KT_18 | 1ct | imgs:3
[04:57:17][PRINCESS] [6937] ? NIV-A8BB555F9E9B1128 | BASKET | HIDDEN_HALO | PAVE | GOLD | KT_18 | 1ct | imgs:3
[04:57:20][PRINCESS] [6938] ? NIV-F0EC57C78A5D9B37 | BASKET | HIDDEN_HALO | PAVE | GOLD | KT_18 | 1ct | imgs:3
[04:57:23][PRINCESS] [6939] ? NIV-F0EC57C78A5D9B37 | BASKET | HIDDEN_HALO | PAVE | GOLD | KT_18 | 1ct | imgs:3
[04:57:29][PRINCESS] [6940] ? NIV-F0EC57C78A5D9B37 | BASKET | HIDDEN_HALO | PAVE | GOLD | KT_18 | 1ct | imgs:3
[04:57:32][PRINCESS] [6941] ? NIV-78763EF511ECDB4D | BASKET | HIDDEN_HALO | PAVE | GOLD | KT_18 | 1ct | imgs:3
[04:57:35][PRINCESS] [6942] ? NIV-78763EF511ECDB4D | BASKET | HIDDEN_HALO | PAVE | GOLD | KT_18 | 1ct | imgs:3
[04:57:38][PRINCESS] [6943] ? NIV-78763EF511ECDB4D | BASKET | HIDDEN_HALO | PAVE | GOLD | KT_18 | 1ct | imgs:3
[04:57:41][PRINCESS] [6944] ? NIV-9B9E47377B06494A | BASKET | HIDDEN_HALO | PAVE | PLATINUM | PT_950 | 1ct | imgs:3
[04:57:47][PRINCESS] [6945] ? NIV-7CE4A5467C0FE795 | BASKET | HIDDEN_HALO | PAVE | GOLD | KT_10 | 1ct | imgs:3
[04:57:53][PRINCESS] [6946] ? NIV-7CE4A5467C0FE795 | BASKET | HIDDEN_HALO | PAVE | GOLD | KT_10 | 1ct | imgs:3
[04:57:59][PRINCESS] [6947] ? NIV-7CE4A5467C0FE795 | BASKET | HIDDEN_HALO | PAVE | GOLD | KT_10 | 1ct | imgs:3
[04:58:02][PRINCESS] [6948] ? NIV-4E639FD3693D0FA5 | BASKET | HIDDEN_HALO | PAVE | GOLD | KT_10 | 1ct | imgs:1
[04:58:08][PRINCESS] [6949] ? NIV-4E639FD3693D0FA5 | BASKET | HIDDEN_HALO | PAVE | GOLD | KT_10 | 1ct | imgs:3
[04:58:11][PRINCESS] [6950] ? NIV-4E639FD3693D0FA5 | BASKET | HIDDEN_HALO | PAVE | GOLD | KT_10 | 1ct | imgs:3
[04:58:16][PRINCESS] [6951] ? NIV-69ED013677EBF1A1 | BASKET | HIDDEN_HALO | PAVE | GOLD | KT_10 | 1ct | imgs:1
[04:58:20][PRINCESS] [6952] ? NIV-69ED013677EBF1A1 | BASKET | HIDDEN_HALO | PAVE | GOLD | KT_10 | 1ct | imgs:3
[04:58:23][PRINCESS] [6953] ? NIV-69ED013677EBF1A1 | BASKET | HIDDEN_HALO | PAVE | GOLD | KT_10 | 1ct | imgs:3
[04:58:26][PRINCESS] [6954] ? NIV-10C746BBDD594DC2 | BASKET | HIDDEN_HALO | PAVE | GOLD | KT_14 | 1ct | imgs:3
[04:58:29][PRINCESS] [6955] ? NIV-10C746BBDD594DC2 | BASKET | HIDDEN_HALO | PAVE | GOLD | KT_14 | 1ct | imgs:3
[04:58:32][PRINCESS] [6956] ? NIV-10C746BBDD594DC2 | BASKET | HIDDEN_HALO | PAVE | GOLD | KT_14 | 1ct | imgs:3
[04:58:36][PRINCESS] [6957] ? NIV-53F67C5660422302 | BASKET | HIDDEN_HALO | PAVE | GOLD | KT_14 | 1ct | imgs:1
[04:58:41][PRINCESS] [6958] ? NIV-53F67C5660422302 | BASKET | HIDDEN_HALO | PAVE | GOLD | KT_14 | 1ct | imgs:3
[04:58:47][PRINCESS] [6959] ? NIV-53F67C5660422302 | BASKET | HIDDEN_HALO | PAVE | GOLD | KT_14 | 1ct | imgs:3
[04:58:50][PRINCESS] [6960] ? NIV-BE54A18206133171 | BASKET | HIDDEN_HALO | PAVE | GOLD | KT_14 | 1ct | imgs:3
[04:58:56][PRINCESS] [6961] ? NIV-BE54A18206133171 | BASKET | HIDDEN_HALO | PAVE | GOLD | KT_14 | 1ct | imgs:3
[04:59:02][PRINCESS] [6962] ? NIV-BE54A18206133171 | BASKET | HIDDEN_HALO | PAVE | GOLD | KT_14 | 1ct | imgs:3
[04:59:09][PRINCESS] [6963] ? NIV-C6CC59B1E6A852AE | BASKET | HIDDEN_HALO | PAVE | GOLD | KT_18 | 1ct | imgs:1
[04:59:14][PRINCESS] [6964] ? NIV-C6CC59B1E6A852AE | BASKET | HIDDEN_HALO | PAVE | GOLD | KT_18 | 1ct | imgs:3
[04:59:20][PRINCESS] [6965] ? NIV-C6CC59B1E6A852AE | BASKET | HIDDEN_HALO | PAVE | GOLD | KT_18 | 1ct | imgs:3
[04:59:23][PRINCESS] [6966] ? NIV-1D56C7C338CB31F9 | BASKET | HIDDEN_HALO | PAVE | GOLD | KT_18 | 1ct | imgs:3
[04:59:26][PRINCESS] [6967] ? NIV-1D56C7C338CB31F9 | BASKET | HIDDEN_HALO | PAVE | GOLD | KT_18 | 1ct | imgs:3
[04:59:32][PRINCESS] [6968] ? NIV-1D56C7C338CB31F9 | BASKET | HIDDEN_HALO | PAVE | GOLD | KT_18 | 1ct | imgs:3
[04:59:35][PRINCESS] [6969] ? NIV-5F471B09CDF252A1 | BASKET | HIDDEN_HALO | PAVE | GOLD | KT_18 | 1ct | imgs:3
[04:59:41][PRINCESS] [6970] ? NIV-5F471B09CDF252A1 | BASKET | HIDDEN_HALO | PAVE | GOLD | KT_18 | 1ct | imgs:3
[04:59:47][PRINCESS] [6971] ? NIV-5F471B09CDF252A1 | BASKET | HIDDEN_HALO | PAVE | GOLD | KT_18 | 1ct | imgs:3
[04:59:50][PRINCESS] [6972] ? NIV-E26DC45652014B89 | BASKET | HIDDEN_HALO | PAVE | PLATINUM | PT_950 | 1ct | imgs:3
[04:59:58][PRINCESS] [6973] ? NIV-63A6DA81F8D6CEC5 | BASKET | HIDDEN_HALO | PAVE | GOLD | KT_10 | 1ct | imgs:2
[05:00:02][PRINCESS] [6974] ? NIV-63A6DA81F8D6CEC5 | BASKET | HIDDEN_HALO | PAVE | GOLD | KT_10 | 1ct | imgs:3
[05:00:05][PRINCESS] [6975] ? NIV-63A6DA81F8D6CEC5 | BASKET | HIDDEN_HALO | PAVE | GOLD | KT_10 | 1ct | imgs:3
[05:00:09][PRINCESS] [6976] ? NIV-7FCA63828B9E30F5 | BASKET | HIDDEN_HALO | PAVE | GOLD | KT_10 | 1ct | imgs:3
[05:00:14][PRINCESS] [6977] ? NIV-7FCA63828B9E30F5 | BASKET | HIDDEN_HALO | PAVE | GOLD | KT_10 | 1ct | imgs:3
[05:00:20][PRINCESS] [6978] ? NIV-7FCA63828B9E30F5 | BASKET | HIDDEN_HALO | PAVE | GOLD | KT_10 | 1ct | imgs:3
[05:00:23][PRINCESS] [6979] ? NIV-DB2530519BF9C25A | BASKET | HIDDEN_HALO | PAVE | GOLD | KT_10 | 1ct | imgs:1
[05:00:29][PRINCESS] [6980] ? NIV-DB2530519BF9C25A | BASKET | HIDDEN_HALO | PAVE | GOLD | KT_10 | 1ct | imgs:3
[05:00:32][PRINCESS] [6981] ? NIV-DB2530519BF9C25A | BASKET | HIDDEN_HALO | PAVE | GOLD | KT_10 | 1ct | imgs:3
[05:00:39][PRINCESS] [6982] ? NIV-C21FA3A73E9FFF41 | BASKET | HIDDEN_HALO | PAVE | GOLD | KT_14 | 1ct | imgs:1
[05:00:44][PRINCESS] [6983] ? NIV-C21FA3A73E9FFF41 | BASKET | HIDDEN_HALO | PAVE | GOLD | KT_14 | 1ct | imgs:3
[05:00:50][PRINCESS] [6984] ? NIV-C21FA3A73E9FFF41 | BASKET | HIDDEN_HALO | PAVE | GOLD | KT_14 | 1ct | imgs:3
[05:00:55][PRINCESS] [6985] ? NIV-245C68123B357CEE | BASKET | HIDDEN_HALO | PAVE | GOLD | KT_14 | 1ct | imgs:1
[05:00:59][PRINCESS] [6986] ? NIV-245C68123B357CEE | BASKET | HIDDEN_HALO | PAVE | GOLD | KT_14 | 1ct | imgs:3
[05:01:02][PRINCESS] [6987] ? NIV-245C68123B357CEE | BASKET | HIDDEN_HALO | PAVE | GOLD | KT_14 | 1ct | imgs:3
[05:01:05][PRINCESS] [6988] ? NIV-86E1E19D4337458E | BASKET | HIDDEN_HALO | PAVE | GOLD | KT_14 | 1ct | imgs:3
[05:01:11][PRINCESS] [6989] ? NIV-86E1E19D4337458E | BASKET | HIDDEN_HALO | PAVE | GOLD | KT_14 | 1ct | imgs:3
[05:01:14][PRINCESS] [6990] ? NIV-86E1E19D4337458E | BASKET | HIDDEN_HALO | PAVE | GOLD | KT_14 | 1ct | imgs:3
[05:01:18][PRINCESS] [6991] ? NIV-F86F7870E5669666 | BASKET | HIDDEN_HALO | PAVE | GOLD | KT_18 | 1ct | imgs:1
[05:01:23][PRINCESS] [6992] ? NIV-F86F7870E5669666 | BASKET | HIDDEN_HALO | PAVE | GOLD | KT_18 | 1ct | imgs:3
[05:01:26][PRINCESS] [6993] ? NIV-F86F7870E5669666 | BASKET | HIDDEN_HALO | PAVE | GOLD | KT_18 | 1ct | imgs:3
[05:01:37][PRINCESS] [6994] ??  NIV-F86F7870E5669666 | BASKET | HIDDEN_HALO | PAVE | GOLD | KT_18 | 1ct | imgs:0
[05:01:44][PRINCESS] [6995] ? NIV-97648CE3DCD21DFF | BASKET | HIDDEN_HALO | PAVE | GOLD | KT_18 | 1ct | imgs:3
[05:01:50][PRINCESS] [6996] ? NIV-97648CE3DCD21DFF | BASKET | HIDDEN_HALO | PAVE | GOLD | KT_18 | 1ct | imgs:3
[05:01:53][PRINCESS] [6997] ? NIV-D3FB8AE06E54D07F | BASKET | HIDDEN_HALO | PAVE | GOLD | KT_18 | 1ct | imgs:3
[05:01:59][PRINCESS] [6998] ? NIV-D3FB8AE06E54D07F | BASKET | HIDDEN_HALO | PAVE | GOLD | KT_18 | 1ct | imgs:3
[05:02:05][PRINCESS] [6999] ? NIV-D3FB8AE06E54D07F | BASKET | HIDDEN_HALO | PAVE | GOLD | KT_18 | 1ct | imgs:3
[05:02:10][PRINCESS] [7000] ? NIV-50415CE707E4BC5E | BASKET | HIDDEN_HALO | PAVE | PLATINUM | PT_950 | 1ct | imgs:1
[05:02:17][PRINCESS] [7001] ? NIV-BD0BEE76AC7397BA | BASKET | HIDDEN_HALO | PAVE | GOLD | KT_10 | 1ct | imgs:3
[05:02:23][PRINCESS] [7002] ? NIV-BD0BEE76AC7397BA | BASKET | HIDDEN_HALO | PAVE | GOLD | KT_10 | 1ct | imgs:3
[05:02:26][PRINCESS] [7003] ? NIV-BD0BEE76AC7397BA | BASKET | HIDDEN_HALO | PAVE | GOLD | KT_10 | 1ct | imgs:3
[05:02:37][PRINCESS] [7004] ??  NIV-BD0BEE76AC7397BA | BASKET | HIDDEN_HALO | PAVE | GOLD | KT_10 | 1ct | imgs:0
[05:02:45][PRINCESS] [7005] ? NIV-790E68324C2947FF | BASKET | HIDDEN_HALO | PAVE | GOLD | KT_10 | 1ct | imgs:3
[05:02:50][PRINCESS] [7006] ? NIV-790E68324C2947FF | BASKET | HIDDEN_HALO | PAVE | GOLD | KT_10 | 1ct | imgs:3
[05:02:56][PRINCESS] [7007] ? NIV-4CE7CF5BC30AB093 | BASKET | HIDDEN_HALO | PAVE | GOLD | KT_10 | 1ct | imgs:1
[05:03:02][PRINCESS] [7008] ? NIV-4CE7CF5BC30AB093 | BASKET | HIDDEN_HALO | PAVE | GOLD | KT_10 | 1ct | imgs:3
[05:03:08][PRINCESS] [7009] ? NIV-4CE7CF5BC30AB093 | BASKET | HIDDEN_HALO | PAVE | GOLD | KT_10 | 1ct | imgs:3
[05:03:19][PRINCESS] [7010] ? NIV-6AF3929A443A0266 | BASKET | HIDDEN_HALO | PAVE | GOLD | KT_14 | 1ct | imgs:1
[05:03:23][PRINCESS] [7011] ? NIV-6AF3929A443A0266 | BASKET | HIDDEN_HALO | PAVE | GOLD | KT_14 | 1ct | imgs:3
[05:03:26][PRINCESS] [7012] ? NIV-6AF3929A443A0266 | BASKET | HIDDEN_HALO | PAVE | GOLD | KT_14 | 1ct | imgs:3
[05:03:29][PRINCESS] [7013] ? NIV-83E5045CC5BB432E | BASKET | HIDDEN_HALO | PAVE | GOLD | KT_14 | 1ct | imgs:3
[05:03:35][PRINCESS] [7014] ? NIV-83E5045CC5BB432E | BASKET | HIDDEN_HALO | PAVE | GOLD | KT_14 | 1ct | imgs:3
[05:03:38][PRINCESS] [7015] ? NIV-83E5045CC5BB432E | BASKET | HIDDEN_HALO | PAVE | GOLD | KT_14 | 1ct | imgs:3
[05:03:41][PRINCESS] [7016] ? NIV-32DE9A044FD5D3A4 | BASKET | HIDDEN_HALO | PAVE | GOLD | KT_14 | 1ct | imgs:3
[05:03:44][PRINCESS] [7017] ? NIV-32DE9A044FD5D3A4 | BASKET | HIDDEN_HALO | PAVE | GOLD | KT_14 | 1ct | imgs:3
[05:03:50][PRINCESS] [7018] ? NIV-32DE9A044FD5D3A4 | BASKET | HIDDEN_HALO | PAVE | GOLD | KT_14 | 1ct | imgs:3
[05:03:56][PRINCESS] [7019] ? NIV-DBDE35F530F24C2E | BASKET | HIDDEN_HALO | PAVE | GOLD | KT_18 | 1ct | imgs:1
[05:04:02][PRINCESS] [7020] ? NIV-DBDE35F530F24C2E | BASKET | HIDDEN_HALO | PAVE | GOLD | KT_18 | 1ct | imgs:3
[05:04:08][PRINCESS] [7021] ? NIV-DBDE35F530F24C2E | BASKET | HIDDEN_HALO | PAVE | GOLD | KT_18 | 1ct | imgs:3
[05:04:15][PRINCESS] [7022] ? NIV-AD654D9FC683FE94 | BASKET | HIDDEN_HALO | PAVE | GOLD | KT_18 | 1ct | imgs:1
[05:04:20][PRINCESS] [7023] ? NIV-AD654D9FC683FE94 | BASKET | HIDDEN_HALO | PAVE | GOLD | KT_18 | 1ct | imgs:3
[05:04:26][PRINCESS] [7024] ? NIV-AD654D9FC683FE94 | BASKET | HIDDEN_HALO | PAVE | GOLD | KT_18 | 1ct | imgs:3
[05:04:29][PRINCESS] [7025] ? NIV-D2CC30F0C947E365 | BASKET | HIDDEN_HALO | PAVE | GOLD | KT_18 | 1ct | imgs:2
[05:04:35][PRINCESS] [7026] ? NIV-D2CC30F0C947E365 | BASKET | HIDDEN_HALO | PAVE | GOLD | KT_18 | 1ct | imgs:3
[05:04:41][PRINCESS] [7027] ? NIV-D2CC30F0C947E365 | BASKET | HIDDEN_HALO | PAVE | GOLD | KT_18 | 1ct | imgs:3
[05:04:46][PRINCESS] [7028] ? NIV-3A28E8E1FC6803AA | BASKET | HIDDEN_HALO | PAVE | PLATINUM | PT_950 | 1ct | imgs:2
[05:04:53][PRINCESS] [7029] ? NIV-364F9AEDC308A2D5 | BASKET | HIDDEN_HALO | PAVE | GOLD | KT_10 | 1ct | imgs:3
[05:04:56][PRINCESS] [7030] ? NIV-364F9AEDC308A2D5 | BASKET | HIDDEN_HALO | PAVE | GOLD | KT_10 | 1ct | imgs:3
[05:04:59][PRINCESS] [7031] ? NIV-364F9AEDC308A2D5 | BASKET | HIDDEN_HALO | PAVE | GOLD | KT_10 | 1ct | imgs:3
[05:05:06][PRINCESS] [7032] ? NIV-36E9E907C1AA4BAF | BASKET | HIDDEN_HALO | PAVE | GOLD | KT_10 | 1ct | imgs:1
[05:05:11][PRINCESS] [7033] ? NIV-36E9E907C1AA4BAF | BASKET | HIDDEN_HALO | PAVE | GOLD | KT_10 | 1ct | imgs:3
[05:05:17][PRINCESS] [7034] ? NIV-36E9E907C1AA4BAF | BASKET | HIDDEN_HALO | PAVE | GOLD | KT_10 | 1ct | imgs:3
[05:05:22][PRINCESS] [7035] ? NIV-B8F78973D9DE1E3F | BASKET | HIDDEN_HALO | PAVE | GOLD | KT_10 | 1ct | imgs:1
[05:05:29][PRINCESS] [7036] ? NIV-B8F78973D9DE1E3F | BASKET | HIDDEN_HALO | PAVE | GOLD | KT_10 | 1ct | imgs:3
[05:05:35][PRINCESS] [7037] ? NIV-B8F78973D9DE1E3F | BASKET | HIDDEN_HALO | PAVE | GOLD | KT_10 | 1ct | imgs:3
[05:05:41][PRINCESS] [7038] ? NIV-00EDFA2AC88A3A2F | BASKET | HIDDEN_HALO | PAVE | GOLD | KT_14 | 1ct | imgs:1
[05:05:47][PRINCESS] [7039] ? NIV-00EDFA2AC88A3A2F | BASKET | HIDDEN_HALO | PAVE | GOLD | KT_14 | 1ct | imgs:3
[05:05:50][PRINCESS] [7040] ? NIV-00EDFA2AC88A3A2F | BASKET | HIDDEN_HALO | PAVE | GOLD | KT_14 | 1ct | imgs:3
[05:06:00][PRINCESS] [7041] ? NIV-0FF063F48FFCB860 | BASKET | HIDDEN_HALO | PAVE | GOLD | KT_14 | 1ct | imgs:1
[05:06:05][PRINCESS] [7042] ? NIV-0FF063F48FFCB860 | BASKET | HIDDEN_HALO | PAVE | GOLD | KT_14 | 1ct | imgs:3
[05:06:08][PRINCESS] [7043] ? NIV-0FF063F48FFCB860 | BASKET | HIDDEN_HALO | PAVE | GOLD | KT_14 | 1ct | imgs:3
[05:06:11][PRINCESS] [7044] ? NIV-25280917706274D9 | BASKET | HIDDEN_HALO | PAVE | GOLD | KT_14 | 1ct | imgs:3
[05:06:17][PRINCESS] [7045] ? NIV-25280917706274D9 | BASKET | HIDDEN_HALO | PAVE | GOLD | KT_14 | 1ct | imgs:3
[05:06:23][PRINCESS] [7046] ? NIV-25280917706274D9 | BASKET | HIDDEN_HALO | PAVE | GOLD | KT_14 | 1ct | imgs:3
[05:06:29][PRINCESS] [7047] ? NIV-9129C6502863DE52 | BASKET | HIDDEN_HALO | PAVE | GOLD | KT_18 | 1ct | imgs:3
[05:06:35][PRINCESS] [7048] ? NIV-9129C6502863DE52 | BASKET | HIDDEN_HALO | PAVE | GOLD | KT_18 | 1ct | imgs:3
[05:06:41][PRINCESS] [7049] ? NIV-9129C6502863DE52 | BASKET | HIDDEN_HALO | PAVE | GOLD | KT_18 | 1ct | imgs:3
[05:06:45][PRINCESS] [7050] ? NIV-BABA89D6C7DBA74A | BASKET | HIDDEN_HALO | PAVE | GOLD | KT_18 | 1ct | imgs:1
[05:06:50][PRINCESS] [7051] ? NIV-BABA89D6C7DBA74A | BASKET | HIDDEN_HALO | PAVE | GOLD | KT_18 | 1ct | imgs:3
[05:06:56][PRINCESS] [7052] ? NIV-BABA89D6C7DBA74A | BASKET | HIDDEN_HALO | PAVE | GOLD | KT_18 | 1ct | imgs:3
[05:06:59][PRINCESS] [7053] ? NIV-60F4590CE9A64A7E | BASKET | HIDDEN_HALO | PAVE | GOLD | KT_18 | 1ct | imgs:3
[05:07:05][PRINCESS] [7054] ? NIV-60F4590CE9A64A7E | BASKET | HIDDEN_HALO | PAVE | GOLD | KT_18 | 1ct | imgs:3
[05:07:11][PRINCESS] [7055] ? NIV-60F4590CE9A64A7E | BASKET | HIDDEN_HALO | PAVE | GOLD | KT_18 | 1ct | imgs:3
[05:07:24][PRINCESS] [7056] ??  NIV-9699A897C7C1D00D | BASKET | HIDDEN_HALO | PAVE | PLATINUM | PT_950 | 1ct | imgs:0
[05:07:24][PRINCESS]   Re-seleccionando PRINCESS (intento 1)
[05:07:25][PRINCESS]   Boton no encontrado ? recargando configurador...
[05:07:56][PRINCESS]   Re-seleccionando PRINCESS (intento 2)
[05:08:02][PRINCESS] [7057] ? NIV-27F2253847A1B5F6 | BASKET | KNIFE_EDGE | NONE | GOLD | KT_10 | 1ct | imgs:1
[05:08:05][PRINCESS] [7058] ? NIV-94E0F713A8985F16 | BASKET | KNIFE_EDGE | NONE | GOLD | KT_10 | 1ct | imgs:1
[05:08:12][PRINCESS] [7059] ? NIV-C224183846D1B3C9 | BASKET | KNIFE_EDGE | NONE | GOLD | KT_10 | 1ct | imgs:1
[05:08:17][PRINCESS] [7060] ? NIV-03E7C4F884B925A5 | BASKET | KNIFE_EDGE | NONE | GOLD | KT_10 | 1ct | imgs:3
[05:08:21][PRINCESS] [7061] ? NIV-56DFF8E885D623F4 | BASKET | KNIFE_EDGE | NONE | GOLD | KT_10 | 1ct | imgs:3
[05:08:23][PRINCESS] [7062] ? NIV-B0F14F7B8D25A9CD | BASKET | KNIFE_EDGE | NONE | GOLD | KT_10 | 1ct | imgs:3
[05:08:30][PRINCESS] [7063] ? NIV-173D24D620625B72 | BASKET | KNIFE_EDGE | NONE | GOLD | KT_10 | 1ct | imgs:3
[05:08:33][PRINCESS] [7064] ? NIV-A770FEF28DB1F37F | BASKET | KNIFE_EDGE | NONE | GOLD | KT_10 | 1ct | imgs:2
[05:08:35][PRINCESS] [7065] ? NIV-02D25FF6ACED709F | BASKET | KNIFE_EDGE | NONE | GOLD | KT_10 | 1ct | imgs:3
[05:08:41][PRINCESS] [7066] ? NIV-25296CA2F7D7AD98 | BASKET | KNIFE_EDGE | NONE | GOLD | KT_14 | 1ct | imgs:1
[05:08:44][PRINCESS] [7067] ? NIV-D0E4A79DE43D2C35 | BASKET | KNIFE_EDGE | NONE | GOLD | KT_14 | 1ct | imgs:3
[05:08:48][PRINCESS] [7068] ? NIV-4D200BA789D7BE37 | BASKET | KNIFE_EDGE | NONE | GOLD | KT_14 | 1ct | imgs:1
[05:08:58][PRINCESS] [7069] ? NIV-D19824DE726B7851 | BASKET | KNIFE_EDGE | NONE | GOLD | KT_14 | 1ct | imgs:1
[05:09:07][PRINCESS] [7070] ? NIV-4692300AC0B3A867 | BASKET | KNIFE_EDGE | NONE | GOLD | KT_14 | 1ct | imgs:1
[05:09:10][PRINCESS] [7071] ? NIV-2C4CA0BD99432D39 | BASKET | KNIFE_EDGE | NONE | GOLD | KT_14 | 1ct | imgs:1
[05:09:18][PRINCESS] [7072] ? NIV-181FFC28782FA4C6 | BASKET | KNIFE_EDGE | NONE | GOLD | KT_14 | 1ct | imgs:1
[05:09:29][PRINCESS] [7073] ??  NIV-446BF1B283C13B2A | BASKET | KNIFE_EDGE | NONE | GOLD | KT_14 | 1ct | imgs:0
[05:09:32][PRINCESS] [7074] ? NIV-F6F1D763745B61EE | BASKET | KNIFE_EDGE | NONE | GOLD | KT_14 | 1ct | imgs:3
[05:09:38][PRINCESS] [7075] ? NIV-9395D705FDEFA992 | BASKET | KNIFE_EDGE | NONE | GOLD | KT_18 | 1ct | imgs:1
[05:09:42][PRINCESS] [7076] ? NIV-5AF5DDE35481DDAE | BASKET | KNIFE_EDGE | NONE | GOLD | KT_18 | 1ct | imgs:1
[05:09:48][PRINCESS] [7077] ? NIV-92950D3AFADB75D9 | BASKET | KNIFE_EDGE | NONE | GOLD | KT_18 | 1ct | imgs:1
[05:09:56][PRINCESS] [7078] ? NIV-575E89681CC318B3 | BASKET | KNIFE_EDGE | NONE | GOLD | KT_18 | 1ct | imgs:1
[05:09:59][PRINCESS] [7079] ? NIV-89FEB2562EA26EF0 | BASKET | KNIFE_EDGE | NONE | GOLD | KT_18 | 1ct | imgs:3
[05:10:02][PRINCESS] [7080] ? NIV-AF8E2AFEAE7B36AA | BASKET | KNIFE_EDGE | NONE | GOLD | KT_18 | 1ct | imgs:3
[05:10:08][PRINCESS] [7081] ? NIV-504F4107FBCF490D | BASKET | KNIFE_EDGE | NONE | GOLD | KT_18 | 1ct | imgs:2
[05:10:11][PRINCESS] [7082] ? NIV-FB4A440B8019E0B9 | BASKET | KNIFE_EDGE | NONE | GOLD | KT_18 | 1ct | imgs:3
[05:10:15][PRINCESS] [7083] ? NIV-D529FECA3AB21F36 | BASKET | KNIFE_EDGE | NONE | GOLD | KT_18 | 1ct | imgs:1
[05:10:20][PRINCESS] [7084] ? NIV-FC8B13F147DD3D36 | BASKET | KNIFE_EDGE | NONE | PLATINUM | PT_950 | 1ct | imgs:1
[05:10:28][PRINCESS] [7085] ? NIV-BF892ECD317DD7DB | BASKET | KNIFE_EDGE | U_PAVE | GOLD | KT_10 | 1ct | imgs:1
[05:10:32][PRINCESS] [7086] ? NIV-BF892ECD317DD7DB | BASKET | KNIFE_EDGE | U_PAVE | GOLD | KT_10 | 1ct | imgs:3
[05:10:38][PRINCESS] [7087] ? NIV-BF892ECD317DD7DB | BASKET | KNIFE_EDGE | U_PAVE | GOLD | KT_10 | 1ct | imgs:3
[05:10:42][PRINCESS] [7088] ? NIV-510E7020F8337EF8 | BASKET | KNIFE_EDGE | U_PAVE | GOLD | KT_10 | 1ct | imgs:2
[05:10:47][PRINCESS] [7089] ? NIV-510E7020F8337EF8 | BASKET | KNIFE_EDGE | U_PAVE | GOLD | KT_10 | 1ct | imgs:3
[05:10:53][PRINCESS] [7090] ? NIV-510E7020F8337EF8 | BASKET | KNIFE_EDGE | U_PAVE | GOLD | KT_10 | 1ct | imgs:3
[05:11:04][PRINCESS] [7091] ??  NIV-510E7020F8337EF8 | BASKET | KNIFE_EDGE | U_PAVE | GOLD | KT_10 | 1ct | imgs:0
[05:11:09][PRINCESS] [7092] ? NIV-BE793B42D7262BCD | BASKET | KNIFE_EDGE | U_PAVE | GOLD | KT_10 | 1ct | imgs:3
[05:11:14][PRINCESS] [7093] ? NIV-BE793B42D7262BCD | BASKET | KNIFE_EDGE | U_PAVE | GOLD | KT_10 | 1ct | imgs:3
[05:11:24][PRINCESS] [7094] ? NIV-B84E8A9F8F0A3B11 | BASKET | KNIFE_EDGE | U_PAVE | GOLD | KT_14 | 1ct | imgs:1
[05:11:29][PRINCESS] [7095] ? NIV-B84E8A9F8F0A3B11 | BASKET | KNIFE_EDGE | U_PAVE | GOLD | KT_14 | 1ct | imgs:3
[05:11:35][PRINCESS] [7096] ? NIV-B84E8A9F8F0A3B11 | BASKET | KNIFE_EDGE | U_PAVE | GOLD | KT_14 | 1ct | imgs:3
[05:11:38][PRINCESS] [7097] ? NIV-861FE02133FEB83E | BASKET | KNIFE_EDGE | U_PAVE | GOLD | KT_14 | 1ct | imgs:3
[05:11:41][PRINCESS] [7098] ? NIV-861FE02133FEB83E | BASKET | KNIFE_EDGE | U_PAVE | GOLD | KT_14 | 1ct | imgs:3
[05:11:47][PRINCESS] [7099] ? NIV-861FE02133FEB83E | BASKET | KNIFE_EDGE | U_PAVE | GOLD | KT_14 | 1ct | imgs:3
[05:11:55][PRINCESS] [7100] ? NIV-FA4A9FC6CAE78806 | BASKET | KNIFE_EDGE | U_PAVE | GOLD | KT_14 | 1ct | imgs:1
[05:11:59][PRINCESS] [7101] ? NIV-FA4A9FC6CAE78806 | BASKET | KNIFE_EDGE | U_PAVE | GOLD | KT_14 | 1ct | imgs:3
[05:12:05][PRINCESS] [7102] ? NIV-FA4A9FC6CAE78806 | BASKET | KNIFE_EDGE | U_PAVE | GOLD | KT_14 | 1ct | imgs:3
[05:12:11][PRINCESS] [7103] ? NIV-BBA2A8D31920794E | BASKET | KNIFE_EDGE | U_PAVE | GOLD | KT_18 | 1ct | imgs:1
[05:12:17][PRINCESS] [7104] ? NIV-BBA2A8D31920794E | BASKET | KNIFE_EDGE | U_PAVE | GOLD | KT_18 | 1ct | imgs:3
[05:12:23][PRINCESS] [7105] ? NIV-BBA2A8D31920794E | BASKET | KNIFE_EDGE | U_PAVE | GOLD | KT_18 | 1ct | imgs:3
[05:12:26][PRINCESS] [7106] ? NIV-25617C51301CEFBC | BASKET | KNIFE_EDGE | U_PAVE | GOLD | KT_18 | 1ct | imgs:3
[05:12:30][PRINCESS] [7107] ? NIV-25617C51301CEFBC | BASKET | KNIFE_EDGE | U_PAVE | GOLD | KT_18 | 1ct | imgs:3
[05:12:35][PRINCESS] [7108] ? NIV-25617C51301CEFBC | BASKET | KNIFE_EDGE | U_PAVE | GOLD | KT_18 | 1ct | imgs:3
[05:12:39][PRINCESS] [7109] ? NIV-AA9F6821276E95DD | BASKET | KNIFE_EDGE | U_PAVE | GOLD | KT_18 | 1ct | imgs:2
[05:12:44][PRINCESS] [7110] ? NIV-AA9F6821276E95DD | BASKET | KNIFE_EDGE | U_PAVE | GOLD | KT_18 | 1ct | imgs:3
[05:12:47][PRINCESS] [7111] ? NIV-AA9F6821276E95DD | BASKET | KNIFE_EDGE | U_PAVE | GOLD | KT_18 | 1ct | imgs:3
[05:12:50][PRINCESS] [7112] ? NIV-3E5899775204A226 | BASKET | KNIFE_EDGE | U_PAVE | PLATINUM | PT_950 | 1ct | imgs:3
[05:12:57][PRINCESS] [7113] ? NIV-E76DC791BCF3E945 | BASKET | KNIFE_EDGE | U_PAVE | GOLD | KT_10 | 1ct | imgs:3
[05:13:02][PRINCESS] [7114] ? NIV-E76DC791BCF3E945 | BASKET | KNIFE_EDGE | U_PAVE | GOLD | KT_10 | 1ct | imgs:3
[05:13:06][PRINCESS] [7115] ? NIV-E76DC791BCF3E945 | BASKET | KNIFE_EDGE | U_PAVE | GOLD | KT_10 | 1ct | imgs:3
[05:13:08][PRINCESS] [7116] ? NIV-29CB413F3D90ABDF | BASKET | KNIFE_EDGE | U_PAVE | GOLD | KT_10 | 1ct | imgs:3
[05:13:12][PRINCESS] [7117] ? NIV-29CB413F3D90ABDF | BASKET | KNIFE_EDGE | U_PAVE | GOLD | KT_10 | 1ct | imgs:3
[05:13:17][PRINCESS] [7118] ? NIV-29CB413F3D90ABDF | BASKET | KNIFE_EDGE | U_PAVE | GOLD | KT_10 | 1ct | imgs:3
[05:13:20][PRINCESS] [7119] ? NIV-AE60DE687FA214FA | BASKET | KNIFE_EDGE | U_PAVE | GOLD | KT_10 | 1ct | imgs:3
[05:13:23][PRINCESS] [7120] ? NIV-AE60DE687FA214FA | BASKET | KNIFE_EDGE | U_PAVE | GOLD | KT_10 | 1ct | imgs:3
[05:13:27][PRINCESS] [7121] ? NIV-AE60DE687FA214FA | BASKET | KNIFE_EDGE | U_PAVE | GOLD | KT_10 | 1ct | imgs:3
[05:13:32][PRINCESS] [7122] ? NIV-688534A693119B10 | BASKET | KNIFE_EDGE | U_PAVE | GOLD | KT_14 | 1ct | imgs:3
[05:13:35][PRINCESS] [7123] ? NIV-688534A693119B10 | BASKET | KNIFE_EDGE | U_PAVE | GOLD | KT_14 | 1ct | imgs:3
[05:13:41][PRINCESS] [7124] ? NIV-688534A693119B10 | BASKET | KNIFE_EDGE | U_PAVE | GOLD | KT_14 | 1ct | imgs:3
[05:13:46][PRINCESS] [7125] ? NIV-CD6775FF92B6F4E2 | BASKET | KNIFE_EDGE | U_PAVE | GOLD | KT_14 | 1ct | imgs:1
[05:13:50][PRINCESS] [7126] ? NIV-CD6775FF92B6F4E2 | BASKET | KNIFE_EDGE | U_PAVE | GOLD | KT_14 | 1ct | imgs:3
[05:13:56][PRINCESS] [7127] ? NIV-CD6775FF92B6F4E2 | BASKET | KNIFE_EDGE | U_PAVE | GOLD | KT_14 | 1ct | imgs:3
[05:13:59][PRINCESS] [7128] ? NIV-FC1A308AD57CE3B0 | BASKET | KNIFE_EDGE | U_PAVE | GOLD | KT_14 | 1ct | imgs:3
[05:14:05][PRINCESS] [7129] ? NIV-FC1A308AD57CE3B0 | BASKET | KNIFE_EDGE | U_PAVE | GOLD | KT_14 | 1ct | imgs:3
[05:14:09][PRINCESS] [7130] ? NIV-FC1A308AD57CE3B0 | BASKET | KNIFE_EDGE | U_PAVE | GOLD | KT_14 | 1ct | imgs:3
[05:14:14][PRINCESS] [7131] ? NIV-DA72C807E3577ABE | BASKET | KNIFE_EDGE | U_PAVE | GOLD | KT_18 | 1ct | imgs:3
[05:14:20][PRINCESS] [7132] ? NIV-DA72C807E3577ABE | BASKET | KNIFE_EDGE | U_PAVE | GOLD | KT_18 | 1ct | imgs:3
[05:14:26][PRINCESS] [7133] ? NIV-DA72C807E3577ABE | BASKET | KNIFE_EDGE | U_PAVE | GOLD | KT_18 | 1ct | imgs:3
[05:14:29][PRINCESS] [7134] ? NIV-B0CFC88153F963F0 | BASKET | KNIFE_EDGE | U_PAVE | GOLD | KT_18 | 1ct | imgs:3
[05:14:35][PRINCESS] [7135] ? NIV-B0CFC88153F963F0 | BASKET | KNIFE_EDGE | U_PAVE | GOLD | KT_18 | 1ct | imgs:3
[05:14:41][PRINCESS] [7136] ? NIV-B0CFC88153F963F0 | BASKET | KNIFE_EDGE | U_PAVE | GOLD | KT_18 | 1ct | imgs:3
[05:14:44][PRINCESS] [7137] ? NIV-E86321A990B029F6 | BASKET | KNIFE_EDGE | U_PAVE | GOLD | KT_18 | 1ct | imgs:3
[05:14:48][PRINCESS] [7138] ? NIV-E86321A990B029F6 | BASKET | KNIFE_EDGE | U_PAVE | GOLD | KT_18 | 1ct | imgs:3
[05:14:53][PRINCESS] [7139] ? NIV-E86321A990B029F6 | BASKET | KNIFE_EDGE | U_PAVE | GOLD | KT_18 | 1ct | imgs:3
[05:14:56][PRINCESS] [7140] ? NIV-3DA2CD1C33D6CAD6 | BASKET | KNIFE_EDGE | U_PAVE | PLATINUM | PT_950 | 1ct | imgs:3
[05:15:08][PRINCESS] [7141] ? NIV-311BE268EBADB012 | BASKET | KNIFE_EDGE | U_PAVE | GOLD | KT_10 | 1ct | imgs:3
[05:15:14][PRINCESS] [7142] ? NIV-311BE268EBADB012 | BASKET | KNIFE_EDGE | U_PAVE | GOLD | KT_10 | 1ct | imgs:3
[05:15:20][PRINCESS] [7143] ? NIV-311BE268EBADB012 | BASKET | KNIFE_EDGE | U_PAVE | GOLD | KT_10 | 1ct | imgs:3
[05:15:25][PRINCESS] [7144] ? NIV-2F3E7CE570F1D24B | BASKET | KNIFE_EDGE | U_PAVE | GOLD | KT_10 | 1ct | imgs:2
[05:15:29][PRINCESS] [7145] ? NIV-2F3E7CE570F1D24B | BASKET | KNIFE_EDGE | U_PAVE | GOLD | KT_10 | 1ct | imgs:3
[05:15:32][PRINCESS] [7146] ? NIV-2F3E7CE570F1D24B | BASKET | KNIFE_EDGE | U_PAVE | GOLD | KT_10 | 1ct | imgs:3
[05:15:35][PRINCESS] [7147] ? NIV-CDF19BD5D7A0F4CF | BASKET | KNIFE_EDGE | U_PAVE | GOLD | KT_10 | 1ct | imgs:3
[05:15:39][PRINCESS] [7148] ? NIV-CDF19BD5D7A0F4CF | BASKET | KNIFE_EDGE | U_PAVE | GOLD | KT_10 | 1ct | imgs:3
[05:15:44][PRINCESS] [7149] ? NIV-CDF19BD5D7A0F4CF | BASKET | KNIFE_EDGE | U_PAVE | GOLD | KT_10 | 1ct | imgs:3
[05:15:47][PRINCESS] [7150] ? NIV-50706B5C5CC1805B | BASKET | KNIFE_EDGE | U_PAVE | GOLD | KT_14 | 1ct | imgs:1
[05:15:51][PRINCESS] [7151] ? NIV-50706B5C5CC1805B | BASKET | KNIFE_EDGE | U_PAVE | GOLD | KT_14 | 1ct | imgs:3
[05:15:56][PRINCESS] [7152] ? NIV-50706B5C5CC1805B | BASKET | KNIFE_EDGE | U_PAVE | GOLD | KT_14 | 1ct | imgs:3
[05:16:01][PRINCESS] [7153] ? NIV-4419F93097FCFF4C | BASKET | KNIFE_EDGE | U_PAVE | GOLD | KT_14 | 1ct | imgs:1
[05:16:05][PRINCESS] [7154] ? NIV-4419F93097FCFF4C | BASKET | KNIFE_EDGE | U_PAVE | GOLD | KT_14 | 1ct | imgs:3
[05:16:11][PRINCESS] [7155] ? NIV-4419F93097FCFF4C | BASKET | KNIFE_EDGE | U_PAVE | GOLD | KT_14 | 1ct | imgs:3
[05:16:16][PRINCESS] [7156] ? NIV-B8DB69BD67BC28E5 | BASKET | KNIFE_EDGE | U_PAVE | GOLD | KT_14 | 1ct | imgs:1
[05:16:20][PRINCESS] [7157] ? NIV-B8DB69BD67BC28E5 | BASKET | KNIFE_EDGE | U_PAVE | GOLD | KT_14 | 1ct | imgs:3
[05:16:26][PRINCESS] [7158] ? NIV-B8DB69BD67BC28E5 | BASKET | KNIFE_EDGE | U_PAVE | GOLD | KT_14 | 1ct | imgs:3
[05:16:34][PRINCESS] [7159] ? NIV-72751970304DCC4C | BASKET | KNIFE_EDGE | U_PAVE | GOLD | KT_18 | 1ct | imgs:1
[05:16:38][PRINCESS] [7160] ? NIV-72751970304DCC4C | BASKET | KNIFE_EDGE | U_PAVE | GOLD | KT_18 | 1ct | imgs:3
[05:16:41][PRINCESS] [7161] ? NIV-72751970304DCC4C | BASKET | KNIFE_EDGE | U_PAVE | GOLD | KT_18 | 1ct | imgs:3
[05:16:44][PRINCESS] [7162] ? NIV-E0BD098D5E4341E0 | BASKET | KNIFE_EDGE | U_PAVE | GOLD | KT_18 | 1ct | imgs:3
[05:16:50][PRINCESS] [7163] ? NIV-E0BD098D5E4341E0 | BASKET | KNIFE_EDGE | U_PAVE | GOLD | KT_18 | 1ct | imgs:3
[05:16:56][PRINCESS] [7164] ? NIV-E0BD098D5E4341E0 | BASKET | KNIFE_EDGE | U_PAVE | GOLD | KT_18 | 1ct | imgs:3
[05:16:59][PRINCESS] [7165] ? NIV-855563D5DAC1F753 | BASKET | KNIFE_EDGE | U_PAVE | GOLD | KT_18 | 1ct | imgs:3
[05:17:05][PRINCESS] [7166] ? NIV-855563D5DAC1F753 | BASKET | KNIFE_EDGE | U_PAVE | GOLD | KT_18 | 1ct | imgs:3
[05:17:11][PRINCESS] [7167] ? NIV-855563D5DAC1F753 | BASKET | KNIFE_EDGE | U_PAVE | GOLD | KT_18 | 1ct | imgs:3
[05:17:15][PRINCESS] [7168] ? NIV-6ECFB7D96C04B820 | BASKET | KNIFE_EDGE | U_PAVE | PLATINUM | PT_950 | 1ct | imgs:3
[05:17:23][PRINCESS] [7169] ? NIV-7BE14041FA148B45 | BASKET | KNIFE_EDGE | U_PAVE | GOLD | KT_10 | 1ct | imgs:3
[05:17:27][PRINCESS]   Re-seleccionando PRINCESS (intento 1)
[05:17:27][PRINCESS]   Boton no encontrado ? recargando configurador...
[05:18:03][PRINCESS]   Error recargando: Page.wait_for_selector: Timeout 30000ms exceeded.
Call log:
  - waiting for locator("button[data-automation-id=\"center-stone-shape-PRINCESS\"]") to be visible

[05:18:04][PRINCESS]   Re-seleccionando PRINCESS (intento 2)
[05:18:04][PRINCESS]   Boton no encontrado ? recargando configurador...
[05:18:24][PRINCESS]   Re-seleccionando PRINCESS (intento 3)
[05:18:34][PRINCESS] [7170] ??   | BASKET | KNIFE_EDGE | U_PAVE | GOLD | KT_10 | 1ct | imgs:0
[05:18:38][PRINCESS] [7171] ? NIV-A9FEEAD73232E242 | BASKET | KNIFE_EDGE | U_PAVE | GOLD | KT_10 | 1ct | imgs:3
[05:18:41][PRINCESS] [7172] ? NIV-7198B0FB30179C7F | BASKET | KNIFE_EDGE | U_PAVE | GOLD | KT_10 | 1ct | imgs:3
[05:18:44][PRINCESS] [7173] ? NIV-E2C7AB49DE806B73 | BASKET | KNIFE_EDGE | U_PAVE | GOLD | KT_10 | 1ct | imgs:3
[05:18:50][PRINCESS] [7174] ? NIV-6D95AB763D585528 | BASKET | KNIFE_EDGE | U_PAVE | GOLD | KT_10 | 1ct | imgs:1
[05:18:54][PRINCESS] [7175] ? NIV-46DA39283D61D6BC | BASKET | KNIFE_EDGE | U_PAVE | GOLD | KT_10 | 1ct | imgs:1
[05:18:56][PRINCESS] [7176] ? NIV-35370568AF326438 | BASKET | KNIFE_EDGE | U_PAVE | GOLD | KT_10 | 1ct | imgs:3
[05:18:59][PRINCESS] [7177] ? NIV-5A0398DDCC86DF0F | BASKET | KNIFE_EDGE | U_PAVE | GOLD | KT_10 | 1ct | imgs:3
[05:19:05][PRINCESS] [7178] ? NIV-F34AF5BDF644C07A | BASKET | KNIFE_EDGE | U_PAVE | GOLD | KT_14 | 1ct | imgs:3
[05:19:08][PRINCESS] [7179] ? NIV-698B3CA179D651B0 | BASKET | KNIFE_EDGE | U_PAVE | GOLD | KT_14 | 1ct | imgs:3
[05:19:11][PRINCESS] [7180] ? NIV-1A11F2CBEEC5597B | BASKET | KNIFE_EDGE | U_PAVE | GOLD | KT_14 | 1ct | imgs:3
[05:19:17][PRINCESS] [7181] ? NIV-C060E2A24DD111E7 | BASKET | KNIFE_EDGE | U_PAVE | GOLD | KT_14 | 1ct | imgs:3
[05:19:23][PRINCESS] [7182] ? NIV-7838A50580DF5510 | BASKET | KNIFE_EDGE | U_PAVE | GOLD | KT_14 | 1ct | imgs:1
[05:19:26][PRINCESS] [7183] ? NIV-B270915ED2F750C3 | BASKET | KNIFE_EDGE | U_PAVE | GOLD | KT_14 | 1ct | imgs:3
[05:19:33][PRINCESS] [7184] ? NIV-7DEF84DFB6193FD7 | BASKET | KNIFE_EDGE | U_PAVE | GOLD | KT_14 | 1ct | imgs:1
[05:19:37][PRINCESS] [7185] ? NIV-D451A09F79C06A79 | BASKET | KNIFE_EDGE | U_PAVE | GOLD | KT_14 | 1ct | imgs:1
[05:19:41][PRINCESS] [7186] ? NIV-2E975135009E6CFF | BASKET | KNIFE_EDGE | U_PAVE | GOLD | KT_14 | 1ct | imgs:3
[05:19:50][PRINCESS] [7187] ? NIV-AF3BD9263C718FD4 | BASKET | KNIFE_EDGE | U_PAVE | GOLD | KT_18 | 1ct | imgs:3
[05:19:53][PRINCESS] [7188] ? NIV-98BF0980C9DD6B7C | BASKET | KNIFE_EDGE | U_PAVE | GOLD | KT_18 | 1ct | imgs:1
[05:19:56][PRINCESS] [7189] ? NIV-9B20FC0388DE71FC | BASKET | KNIFE_EDGE | U_PAVE | GOLD | KT_18 | 1ct | imgs:3
[05:19:59][PRINCESS] [7190] ? NIV-234DDF6A4230EB27 | BASKET | KNIFE_EDGE | U_PAVE | GOLD | KT_18 | 1ct | imgs:3
[05:20:04][PRINCESS] [7191] ? NIV-C195B2FECA12FF6D | BASKET | KNIFE_EDGE | U_PAVE | GOLD | KT_18 | 1ct | imgs:2
[05:20:08][PRINCESS] [7192] ? NIV-D523B9E5CDC530B2 | BASKET | KNIFE_EDGE | U_PAVE | GOLD | KT_18 | 1ct | imgs:3
[05:20:11][PRINCESS] [7193] ? NIV-8762805492320BC7 | BASKET | KNIFE_EDGE | U_PAVE | GOLD | KT_18 | 1ct | imgs:1
[05:20:16][PRINCESS] [7194] ? NIV-6BE6FEA286CDB358 | BASKET | KNIFE_EDGE | U_PAVE | GOLD | KT_18 | 1ct | imgs:1
[05:20:20][PRINCESS] [7195] ? NIV-668C33A2C18EE62A | BASKET | KNIFE_EDGE | U_PAVE | GOLD | KT_18 | 1ct | imgs:3
[05:20:25][PRINCESS] [7196] ? NIV-D04C0916386418DA | BASKET | KNIFE_EDGE | U_PAVE | PLATINUM | PT_950 | 1ct | imgs:1
[05:20:34][PRINCESS] [7197] ? NIV-391CB0554D292793 | BASKET | KNIFE_EDGE | BEAD | GOLD | KT_10 | 1ct | imgs:1
[05:20:38][PRINCESS] [7198] ? NIV-391CB0554D292793 | BASKET | KNIFE_EDGE | BEAD | GOLD | KT_10 | 1ct | imgs:3
[05:20:41][PRINCESS] [7199] ? NIV-391CB0554D292793 | BASKET | KNIFE_EDGE | BEAD | GOLD | KT_10 | 1ct | imgs:3
[05:20:46][PRINCESS] [7200] ? NIV-70A4F8E17A388014 | BASKET | KNIFE_EDGE | BEAD | GOLD | KT_10 | 1ct | imgs:1
[05:20:50][PRINCESS] [7201] ? NIV-70A4F8E17A388014 | BASKET | KNIFE_EDGE | BEAD | GOLD | KT_10 | 1ct | imgs:3
[05:20:56][PRINCESS] [7202] ? NIV-70A4F8E17A388014 | BASKET | KNIFE_EDGE | BEAD | GOLD | KT_10 | 1ct | imgs:3
[05:21:05][PRINCESS] [7203] ? NIV-C83C385B8419CD4E | BASKET | KNIFE_EDGE | BEAD | GOLD | KT_10 | 1ct | imgs:3
[05:21:09][PRINCESS] [7204] ? NIV-C83C385B8419CD4E | BASKET | KNIFE_EDGE | BEAD | GOLD | KT_10 | 1ct | imgs:3
[05:21:14][PRINCESS] [7205] ? NIV-C83C385B8419CD4E | BASKET | KNIFE_EDGE | BEAD | GOLD | KT_10 | 1ct | imgs:3
[05:21:23][PRINCESS] [7206] ? NIV-BB7AE73869289B57 | BASKET | KNIFE_EDGE | BEAD | GOLD | KT_14 | 1ct | imgs:1
[05:21:29][PRINCESS] [7207] ? NIV-BB7AE73869289B57 | BASKET | KNIFE_EDGE | BEAD | GOLD | KT_14 | 1ct | imgs:3
[05:21:35][PRINCESS] [7208] ? NIV-BB7AE73869289B57 | BASKET | KNIFE_EDGE | BEAD | GOLD | KT_14 | 1ct | imgs:3
[05:21:39][PRINCESS] [7209] ? NIV-BF4AC40795A1E889 | BASKET | KNIFE_EDGE | BEAD | GOLD | KT_14 | 1ct | imgs:2
[05:21:44][PRINCESS] [7210] ? NIV-BF4AC40795A1E889 | BASKET | KNIFE_EDGE | BEAD | GOLD | KT_14 | 1ct | imgs:3
[05:21:47][PRINCESS] [7211] ? NIV-BF4AC40795A1E889 | BASKET | KNIFE_EDGE | BEAD | GOLD | KT_14 | 1ct | imgs:3
[05:21:53][PRINCESS] [7212] ? NIV-2ECB7762C638C830 | BASKET | KNIFE_EDGE | BEAD | GOLD | KT_14 | 1ct | imgs:2
[05:21:57][PRINCESS] [7213] ? NIV-2ECB7762C638C830 | BASKET | KNIFE_EDGE | BEAD | GOLD | KT_14 | 1ct | imgs:3
[05:22:02][PRINCESS] [7214] ? NIV-2ECB7762C638C830 | BASKET | KNIFE_EDGE | BEAD | GOLD | KT_14 | 1ct | imgs:3
[05:22:13][PRINCESS] [7215] ? NIV-E5F96F6EFBE4DCCA | BASKET | KNIFE_EDGE | BEAD | GOLD | KT_18 | 1ct | imgs:3
[05:22:17][PRINCESS] [7216] ? NIV-E5F96F6EFBE4DCCA | BASKET | KNIFE_EDGE | BEAD | GOLD | KT_18 | 1ct | imgs:3
[05:22:20][PRINCESS] [7217] ? NIV-E5F96F6EFBE4DCCA | BASKET | KNIFE_EDGE | BEAD | GOLD | KT_18 | 1ct | imgs:3
[05:22:24][PRINCESS] [7218] ? NIV-0C58899440E9CACF | BASKET | KNIFE_EDGE | BEAD | GOLD | KT_18 | 1ct | imgs:1
[05:22:29][PRINCESS] [7219] ? NIV-0C58899440E9CACF | BASKET | KNIFE_EDGE | BEAD | GOLD | KT_18 | 1ct | imgs:3
[05:22:35][PRINCESS] [7220] ? NIV-0C58899440E9CACF | BASKET | KNIFE_EDGE | BEAD | GOLD | KT_18 | 1ct | imgs:3
[05:22:42][PRINCESS] [7221] ? NIV-710FA59D29217E68 | BASKET | KNIFE_EDGE | BEAD | GOLD | KT_18 | 1ct | imgs:2
[05:22:47][PRINCESS] [7222] ? NIV-710FA59D29217E68 | BASKET | KNIFE_EDGE | BEAD | GOLD | KT_18 | 1ct | imgs:3
[05:22:50][PRINCESS] [7223] ? NIV-710FA59D29217E68 | BASKET | KNIFE_EDGE | BEAD | GOLD | KT_18 | 1ct | imgs:3
[05:22:56][PRINCESS] [7224] ? NIV-00368671662F365F | BASKET | KNIFE_EDGE | BEAD | PLATINUM | PT_950 | 1ct | imgs:3
[05:23:05][PRINCESS] [7225] ? NIV-9E2883297E847D3C | BASKET | KNIFE_EDGE | BEAD | GOLD | KT_10 | 1ct | imgs:1
[05:23:11][PRINCESS] [7226] ? NIV-9E2883297E847D3C | BASKET | KNIFE_EDGE | BEAD | GOLD | KT_10 | 1ct | imgs:3
[05:23:14][PRINCESS] [7227] ? NIV-9E2883297E847D3C | BASKET | KNIFE_EDGE | BEAD | GOLD | KT_10 | 1ct | imgs:3
[05:23:17][PRINCESS] [7228] ? NIV-5888497B0291B12D | BASKET | KNIFE_EDGE | BEAD | GOLD | KT_10 | 1ct | imgs:3
[05:23:23][PRINCESS] [7229] ? NIV-5888497B0291B12D | BASKET | KNIFE_EDGE | BEAD | GOLD | KT_10 | 1ct | imgs:3
[05:23:26][PRINCESS] [7230] ? NIV-5888497B0291B12D | BASKET | KNIFE_EDGE | BEAD | GOLD | KT_10 | 1ct | imgs:3
[05:23:30][PRINCESS] [7231] ? NIV-6BB3FF70061208FF | BASKET | KNIFE_EDGE | BEAD | GOLD | KT_10 | 1ct | imgs:1
[05:23:35][PRINCESS] [7232] ? NIV-6BB3FF70061208FF | BASKET | KNIFE_EDGE | BEAD | GOLD | KT_10 | 1ct | imgs:3
[05:23:41][PRINCESS] [7233] ? NIV-6BB3FF70061208FF | BASKET | KNIFE_EDGE | BEAD | GOLD | KT_10 | 1ct | imgs:3
[05:23:46][PRINCESS] [7234] ? NIV-97E9CD23F569AC64 | BASKET | KNIFE_EDGE | BEAD | GOLD | KT_14 | 1ct | imgs:1
[05:23:50][PRINCESS] [7235] ? NIV-97E9CD23F569AC64 | BASKET | KNIFE_EDGE | BEAD | GOLD | KT_14 | 1ct | imgs:3
[05:23:53][PRINCESS] [7236] ? NIV-97E9CD23F569AC64 | BASKET | KNIFE_EDGE | BEAD | GOLD | KT_14 | 1ct | imgs:3
[05:24:00][PRINCESS] [7237] ? NIV-7EA29C85C1C10B4F | BASKET | KNIFE_EDGE | BEAD | GOLD | KT_14 | 1ct | imgs:1
[05:24:05][PRINCESS] [7238] ? NIV-7EA29C85C1C10B4F | BASKET | KNIFE_EDGE | BEAD | GOLD | KT_14 | 1ct | imgs:3
[05:24:11][PRINCESS] [7239] ? NIV-7EA29C85C1C10B4F | BASKET | KNIFE_EDGE | BEAD | GOLD | KT_14 | 1ct | imgs:3
[05:24:14][PRINCESS] [7240] ? NIV-0B8F9A0EF5346842 | BASKET | KNIFE_EDGE | BEAD | GOLD | KT_14 | 1ct | imgs:3
[05:24:20][PRINCESS] [7241] ? NIV-0B8F9A0EF5346842 | BASKET | KNIFE_EDGE | BEAD | GOLD | KT_14 | 1ct | imgs:3
[05:24:26][PRINCESS] [7242] ? NIV-0B8F9A0EF5346842 | BASKET | KNIFE_EDGE | BEAD | GOLD | KT_14 | 1ct | imgs:3
[05:24:32][PRINCESS] [7243] ? NIV-21DA83B2F1E910BC | BASKET | KNIFE_EDGE | BEAD | GOLD | KT_18 | 1ct | imgs:1
[05:24:38][PRINCESS] [7244] ? NIV-21DA83B2F1E910BC | BASKET | KNIFE_EDGE | BEAD | GOLD | KT_18 | 1ct | imgs:3
[05:24:42][PRINCESS] [7245] ? NIV-21DA83B2F1E910BC | BASKET | KNIFE_EDGE | BEAD | GOLD | KT_18 | 1ct | imgs:3
[05:24:47][PRINCESS] [7246] ? NIV-BA65C7BCB729438F | BASKET | KNIFE_EDGE | BEAD | GOLD | KT_18 | 1ct | imgs:1
[05:24:53][PRINCESS] [7247] ? NIV-BA65C7BCB729438F | BASKET | KNIFE_EDGE | BEAD | GOLD | KT_18 | 1ct | imgs:3
[05:24:59][PRINCESS] [7248] ? NIV-BA65C7BCB729438F | BASKET | KNIFE_EDGE | BEAD | GOLD | KT_18 | 1ct | imgs:3
[05:25:02][PRINCESS] [7249] ? NIV-DB8D64EBF0259EB6 | BASKET | KNIFE_EDGE | BEAD | GOLD | KT_18 | 1ct | imgs:3
[05:25:06][PRINCESS] [7250] ? NIV-DB8D64EBF0259EB6 | BASKET | KNIFE_EDGE | BEAD | GOLD | KT_18 | 1ct | imgs:3
[05:25:11][PRINCESS] [7251] ? NIV-DB8D64EBF0259EB6 | BASKET | KNIFE_EDGE | BEAD | GOLD | KT_18 | 1ct | imgs:3
[05:25:14][PRINCESS] [7252] ? NIV-4370C968001B7453 | BASKET | KNIFE_EDGE | BEAD | PLATINUM | PT_950 | 1ct | imgs:3
[05:25:21][PRINCESS] [7253] ? NIV-78A2408822D8DB70 | BASKET | KNIFE_EDGE | BEAD | GOLD | KT_10 | 1ct | imgs:1
[05:25:26][PRINCESS] [7254] ? NIV-78A2408822D8DB70 | BASKET | KNIFE_EDGE | BEAD | GOLD | KT_10 | 1ct | imgs:3
[05:25:32][PRINCESS] [7255] ? NIV-78A2408822D8DB70 | BASKET | KNIFE_EDGE | BEAD | GOLD | KT_10 | 1ct | imgs:3
[05:25:37][PRINCESS] [7256] ? NIV-BBB9AFB2066E84F2 | BASKET | KNIFE_EDGE | BEAD | GOLD | KT_10 | 1ct | imgs:3
[05:25:41][PRINCESS] [7257] ? NIV-BBB9AFB2066E84F2 | BASKET | KNIFE_EDGE | BEAD | GOLD | KT_10 | 1ct | imgs:3
[05:25:47][PRINCESS] [7258] ? NIV-BBB9AFB2066E84F2 | BASKET | KNIFE_EDGE | BEAD | GOLD | KT_10 | 1ct | imgs:3
[05:25:55][PRINCESS] [7259] ? NIV-3367C1732D5DC5A3 | BASKET | KNIFE_EDGE | BEAD | GOLD | KT_10 | 1ct | imgs:1
[05:25:59][PRINCESS] [7260] ? NIV-3367C1732D5DC5A3 | BASKET | KNIFE_EDGE | BEAD | GOLD | KT_10 | 1ct | imgs:3
[05:26:03][PRINCESS] [7261] ? NIV-3367C1732D5DC5A3 | BASKET | KNIFE_EDGE | BEAD | GOLD | KT_10 | 1ct | imgs:3
[05:26:08][PRINCESS] [7262] ? NIV-72C2F7EC930EC3FB | BASKET | KNIFE_EDGE | BEAD | GOLD | KT_14 | 1ct | imgs:3
[05:26:14][PRINCESS] [7263] ? NIV-72C2F7EC930EC3FB | BASKET | KNIFE_EDGE | BEAD | GOLD | KT_14 | 1ct | imgs:3
[05:26:18][PRINCESS] [7264] ? NIV-72C2F7EC930EC3FB | BASKET | KNIFE_EDGE | BEAD | GOLD | KT_14 | 1ct | imgs:3
[05:26:20][PRINCESS] [7265] ? NIV-3FFBE4C89D91B7AB | BASKET | KNIFE_EDGE | BEAD | GOLD | KT_14 | 1ct | imgs:3
[05:26:23][PRINCESS] [7266] ? NIV-3FFBE4C89D91B7AB | BASKET | KNIFE_EDGE | BEAD | GOLD | KT_14 | 1ct | imgs:3
[05:26:29][PRINCESS] [7267] ? NIV-3FFBE4C89D91B7AB | BASKET | KNIFE_EDGE | BEAD | GOLD | KT_14 | 1ct | imgs:3
[05:26:32][PRINCESS] [7268] ? NIV-37C33F86CDBDDA19 | BASKET | KNIFE_EDGE | BEAD | GOLD | KT_14 | 1ct | imgs:3
[05:26:38][PRINCESS] [7269] ? NIV-37C33F86CDBDDA19 | BASKET | KNIFE_EDGE | BEAD | GOLD | KT_14 | 1ct | imgs:3
[05:26:44][PRINCESS] [7270] ? NIV-37C33F86CDBDDA19 | BASKET | KNIFE_EDGE | BEAD | GOLD | KT_14 | 1ct | imgs:3
[05:26:58][PRINCESS] [7271] ??  NIV-9FE0F57B28534530 | BASKET | KNIFE_EDGE | BEAD | GOLD | KT_18 | 1ct | imgs:0
[05:27:13][PRINCESS] [7272] ??  NIV-9FE0F57B28534530 | BASKET | KNIFE_EDGE | BEAD | GOLD | KT_18 | 1ct | imgs:0
[05:27:25][PRINCESS] [7273] ??  NIV-9FE0F57B28534530 | BASKET | KNIFE_EDGE | BEAD | GOLD | KT_18 | 1ct | imgs:0
[05:27:34][PRINCESS] [7274] ??  NIV-9FE0F57B28534530 | BASKET | KNIFE_EDGE | BEAD | GOLD | KT_18 | 1ct | imgs:0
[05:27:38][PRINCESS] [7275] ? NIV-DDB5F96180669E4E | BASKET | KNIFE_EDGE | BEAD | GOLD | KT_18 | 1ct | imgs:3
[05:27:44][PRINCESS] [7276] ? NIV-DDB5F96180669E4E | BASKET | KNIFE_EDGE | BEAD | GOLD | KT_18 | 1ct | imgs:3
[05:27:47][PRINCESS] [7277] ? NIV-9FE0F57B28534530 | BASKET | KNIFE_EDGE | BEAD | GOLD | KT_18 | 1ct | imgs:3
[05:27:50][PRINCESS] [7278] ? NIV-9FE0F57B28534530 | BASKET | KNIFE_EDGE | BEAD | GOLD | KT_18 | 1ct | imgs:3
[05:27:56][PRINCESS] [7279] ? NIV-9FE0F57B28534530 | BASKET | KNIFE_EDGE | BEAD | GOLD | KT_18 | 1ct | imgs:3
[05:27:59][PRINCESS] [7280] ? NIV-C8563C4F9A7BFB1A | BASKET | KNIFE_EDGE | BEAD | PLATINUM | PT_950 | 1ct | imgs:3
[05:28:07][PRINCESS] [7281] ? NIV-E955784AA2A8ABE0 | BASKET | KNIFE_EDGE | BEAD | GOLD | KT_10 | 1ct | imgs:1
[05:28:11][PRINCESS] [7282] ? NIV-E955784AA2A8ABE0 | BASKET | KNIFE_EDGE | BEAD | GOLD | KT_10 | 1ct | imgs:3
[05:28:17][PRINCESS] [7283] ? NIV-E955784AA2A8ABE0 | BASKET | KNIFE_EDGE | BEAD | GOLD | KT_10 | 1ct | imgs:3
[05:28:20][PRINCESS] [7284] ? NIV-C6E53903B299DDC8 | BASKET | KNIFE_EDGE | BEAD | GOLD | KT_10 | 1ct | imgs:3
[05:28:26][PRINCESS] [7285] ? NIV-C6E53903B299DDC8 | BASKET | KNIFE_EDGE | BEAD | GOLD | KT_10 | 1ct | imgs:3
[05:28:32][PRINCESS] [7286] ? NIV-C6E53903B299DDC8 | BASKET | KNIFE_EDGE | BEAD | GOLD | KT_10 | 1ct | imgs:3
[05:28:38][PRINCESS] [7287] ? NIV-32EDCE38DF4E30A9 | BASKET | KNIFE_EDGE | BEAD | GOLD | KT_10 | 1ct | imgs:3
[05:28:44][PRINCESS] [7288] ? NIV-32EDCE38DF4E30A9 | BASKET | KNIFE_EDGE | BEAD | GOLD | KT_10 | 1ct | imgs:3
[05:28:50][PRINCESS] [7289] ? NIV-32EDCE38DF4E30A9 | BASKET | KNIFE_EDGE | BEAD | GOLD | KT_10 | 1ct | imgs:3
[05:28:56][PRINCESS] [7290] ? NIV-F7A655F7F9FE29A6 | BASKET | KNIFE_EDGE | BEAD | GOLD | KT_14 | 1ct | imgs:3
[05:28:59][PRINCESS] [7291] ? NIV-F7A655F7F9FE29A6 | BASKET | KNIFE_EDGE | BEAD | GOLD | KT_14 | 1ct | imgs:3
[05:29:05][PRINCESS] [7292] ? NIV-F7A655F7F9FE29A6 | BASKET | KNIFE_EDGE | BEAD | GOLD | KT_14 | 1ct | imgs:3
[05:29:08][PRINCESS] [7293] ? NIV-7EF1CA43363F5BDB | BASKET | KNIFE_EDGE | BEAD | GOLD | KT_14 | 1ct | imgs:3
[05:29:11][PRINCESS] [7294] ? NIV-7EF1CA43363F5BDB | BASKET | KNIFE_EDGE | BEAD | GOLD | KT_14 | 1ct | imgs:3
[05:29:15][PRINCESS] [7295] ? NIV-7EF1CA43363F5BDB | BASKET | KNIFE_EDGE | BEAD | GOLD | KT_14 | 1ct | imgs:3
[05:29:18][PRINCESS] [7296] ? NIV-B9341BF794249630 | BASKET | KNIFE_EDGE | BEAD | GOLD | KT_14 | 1ct | imgs:1
[05:29:23][PRINCESS] [7297] ? NIV-B9341BF794249630 | BASKET | KNIFE_EDGE | BEAD | GOLD | KT_14 | 1ct | imgs:3
[05:29:27][PRINCESS] [7298] ? NIV-B9341BF794249630 | BASKET | KNIFE_EDGE | BEAD | GOLD | KT_14 | 1ct | imgs:3
[05:29:32][PRINCESS] [7299] ? NIV-2C2C4ED4DA0B3AB1 | BASKET | KNIFE_EDGE | BEAD | GOLD | KT_18 | 1ct | imgs:3
[05:29:38][PRINCESS] [7300] ? NIV-2C2C4ED4DA0B3AB1 | BASKET | KNIFE_EDGE | BEAD | GOLD | KT_18 | 1ct | imgs:3
[05:29:44][PRINCESS] [7301] ? NIV-2C2C4ED4DA0B3AB1 | BASKET | KNIFE_EDGE | BEAD | GOLD | KT_18 | 1ct | imgs:3
[05:29:47][PRINCESS] [7302] ? NIV-6D25FE5E9F588FE9 | BASKET | KNIFE_EDGE | BEAD | GOLD | KT_18 | 1ct | imgs:3
[05:29:53][PRINCESS] [7303] ? NIV-6D25FE5E9F588FE9 | BASKET | KNIFE_EDGE | BEAD | GOLD | KT_18 | 1ct | imgs:3
[05:29:56][PRINCESS] [7304] ? NIV-6D25FE5E9F588FE9 | BASKET | KNIFE_EDGE | BEAD | GOLD | KT_18 | 1ct | imgs:3
[05:29:59][PRINCESS] [7305] ? NIV-C699A77B31CAE612 | BASKET | KNIFE_EDGE | BEAD | GOLD | KT_18 | 1ct | imgs:3
[05:30:03][PRINCESS] [7306] ? NIV-C699A77B31CAE612 | BASKET | KNIFE_EDGE | BEAD | GOLD | KT_18 | 1ct | imgs:3
[05:30:08][PRINCESS] [7307] ? NIV-C699A77B31CAE612 | BASKET | KNIFE_EDGE | BEAD | GOLD | KT_18 | 1ct | imgs:3
[05:30:11][PRINCESS] [7308] ? NIV-DF69C6137E969E7F | BASKET | KNIFE_EDGE | BEAD | PLATINUM | PT_950 | 1ct | imgs:3
[05:30:18][PRINCESS] [7309] ? NIV-F6507B6F9119B848 | BASKET | KNIFE_EDGE | BEAD | GOLD | KT_10 | 1ct | imgs:3
[05:30:23][PRINCESS] [7310] ? NIV-F6507B6F9119B848 | BASKET | KNIFE_EDGE | BEAD | GOLD | KT_10 | 1ct | imgs:3
[05:30:29][PRINCESS] [7311] ? NIV-F6507B6F9119B848 | BASKET | KNIFE_EDGE | BEAD | GOLD | KT_10 | 1ct | imgs:3
[05:30:33][PRINCESS] [7312] ? NIV-FA21BAEA7A5BD61F | BASKET | KNIFE_EDGE | BEAD | GOLD | KT_10 | 1ct | imgs:1
[05:30:38][PRINCESS] [7313] ? NIV-FA21BAEA7A5BD61F | BASKET | KNIFE_EDGE | BEAD | GOLD | KT_10 | 1ct | imgs:3
[05:30:44][PRINCESS] [7314] ? NIV-FA21BAEA7A5BD61F | BASKET | KNIFE_EDGE | BEAD | GOLD | KT_10 | 1ct | imgs:3
[05:30:47][PRINCESS] [7315] ? NIV-D4D9473161AE6426 | BASKET | KNIFE_EDGE | BEAD | GOLD | KT_10 | 1ct | imgs:3
[05:30:53][PRINCESS] [7316] ? NIV-D4D9473161AE6426 | BASKET | KNIFE_EDGE | BEAD | GOLD | KT_10 | 1ct | imgs:3
[05:30:59][PRINCESS] [7317] ? NIV-D4D9473161AE6426 | BASKET | KNIFE_EDGE | BEAD | GOLD | KT_10 | 1ct | imgs:3
[05:31:08][PRINCESS] [7318] ? NIV-B90FD04124B47033 | BASKET | KNIFE_EDGE | BEAD | GOLD | KT_14 | 1ct | imgs:3
[05:31:11][PRINCESS] [7319] ? NIV-B90FD04124B47033 | BASKET | KNIFE_EDGE | BEAD | GOLD | KT_14 | 1ct | imgs:3
[05:31:17][PRINCESS] [7320] ? NIV-B90FD04124B47033 | BASKET | KNIFE_EDGE | BEAD | GOLD | KT_14 | 1ct | imgs:3
[05:31:20][PRINCESS] [7321] ? NIV-A49CFFC7028481EA | BASKET | KNIFE_EDGE | BEAD | GOLD | KT_14 | 1ct | imgs:3
[05:31:23][PRINCESS] [7322] ? NIV-A49CFFC7028481EA | BASKET | KNIFE_EDGE | BEAD | GOLD | KT_14 | 1ct | imgs:3
[05:31:26][PRINCESS] [7323] ? NIV-A49CFFC7028481EA | BASKET | KNIFE_EDGE | BEAD | GOLD | KT_14 | 1ct | imgs:3
[05:31:31][PRINCESS] [7324] ? NIV-47393015B00B5E0D | BASKET | KNIFE_EDGE | BEAD | GOLD | KT_14 | 1ct | imgs:1
[05:31:35][PRINCESS] [7325] ? NIV-47393015B00B5E0D | BASKET | KNIFE_EDGE | BEAD | GOLD | KT_14 | 1ct | imgs:3
[05:31:41][PRINCESS] [7326] ? NIV-47393015B00B5E0D | BASKET | KNIFE_EDGE | BEAD | GOLD | KT_14 | 1ct | imgs:3
[05:31:47][PRINCESS] [7327] ? NIV-1A69EB8782CB8533 | BASKET | KNIFE_EDGE | BEAD | GOLD | KT_18 | 1ct | imgs:3
[05:31:53][PRINCESS] [7328] ? NIV-1A69EB8782CB8533 | BASKET | KNIFE_EDGE | BEAD | GOLD | KT_18 | 1ct | imgs:3
[05:31:56][PRINCESS] [7329] ? NIV-1A69EB8782CB8533 | BASKET | KNIFE_EDGE | BEAD | GOLD | KT_18 | 1ct | imgs:3
[05:31:59][PRINCESS] [7330] ? NIV-9DAFFD14EB991E5C | BASKET | KNIFE_EDGE | BEAD | GOLD | KT_18 | 1ct | imgs:3
[05:32:02][PRINCESS] [7331] ? NIV-9DAFFD14EB991E5C | BASKET | KNIFE_EDGE | BEAD | GOLD | KT_18 | 1ct | imgs:3
[05:32:08][PRINCESS] [7332] ? NIV-9DAFFD14EB991E5C | BASKET | KNIFE_EDGE | BEAD | GOLD | KT_18 | 1ct | imgs:3
[05:32:13][PRINCESS] [7333] ? NIV-2771B24185459BB6 | BASKET | KNIFE_EDGE | BEAD | GOLD | KT_18 | 1ct | imgs:1
[05:32:17][PRINCESS] [7334] ? NIV-2771B24185459BB6 | BASKET | KNIFE_EDGE | BEAD | GOLD | KT_18 | 1ct | imgs:3
[05:32:23][PRINCESS] [7335] ? NIV-2771B24185459BB6 | BASKET | KNIFE_EDGE | BEAD | GOLD | KT_18 | 1ct | imgs:3
[05:32:26][PRINCESS] [7336] ? NIV-4C0CE7E7F322BAB3 | BASKET | KNIFE_EDGE | BEAD | PLATINUM | PT_950 | 1ct | imgs:3
[05:32:32][PRINCESS] [7337] ? NIV-A3C05DB74F871DAC | BASKET | KNIFE_EDGE | BEAD | GOLD | KT_10 | 1ct | imgs:3
[05:32:38][PRINCESS] [7338] ? NIV-A3C05DB74F871DAC | BASKET | KNIFE_EDGE | BEAD | GOLD | KT_10 | 1ct | imgs:3
[05:32:41][PRINCESS] [7339] ? NIV-A3C05DB74F871DAC | BASKET | KNIFE_EDGE | BEAD | GOLD | KT_10 | 1ct | imgs:3
[05:32:45][PRINCESS] [7340] ? NIV-EB00D7F43FBB1B31 | BASKET | KNIFE_EDGE | BEAD | GOLD | KT_10 | 1ct | imgs:3
[05:32:50][PRINCESS] [7341] ? NIV-EB00D7F43FBB1B31 | BASKET | KNIFE_EDGE | BEAD | GOLD | KT_10 | 1ct | imgs:3
[05:32:56][PRINCESS] [7342] ? NIV-EB00D7F43FBB1B31 | BASKET | KNIFE_EDGE | BEAD | GOLD | KT_10 | 1ct | imgs:3
[05:32:59][PRINCESS] [7343] ? NIV-35D8A970708D729B | BASKET | KNIFE_EDGE | BEAD | GOLD | KT_10 | 1ct | imgs:3
[05:33:05][PRINCESS] [7344] ? NIV-35D8A970708D729B | BASKET | KNIFE_EDGE | BEAD | GOLD | KT_10 | 1ct | imgs:3
[05:33:08][PRINCESS] [7345] ? NIV-35D8A970708D729B | BASKET | KNIFE_EDGE | BEAD | GOLD | KT_10 | 1ct | imgs:3
[05:33:11][PRINCESS] [7346] ? NIV-1BE39E9242178043 | BASKET | KNIFE_EDGE | BEAD | GOLD | KT_14 | 1ct | imgs:3
[05:33:17][PRINCESS] [7347] ? NIV-1BE39E9242178043 | BASKET | KNIFE_EDGE | BEAD | GOLD | KT_14 | 1ct | imgs:3
[05:33:23][PRINCESS] [7348] ? NIV-1BE39E9242178043 | BASKET | KNIFE_EDGE | BEAD | GOLD | KT_14 | 1ct | imgs:3
[05:33:26][PRINCESS] [7349] ? NIV-9832A09254E9D417 | BASKET | KNIFE_EDGE | BEAD | GOLD | KT_14 | 1ct | imgs:3
[05:33:32][PRINCESS] [7350] ? NIV-9832A09254E9D417 | BASKET | KNIFE_EDGE | BEAD | GOLD | KT_14 | 1ct | imgs:3
[05:33:35][PRINCESS] [7351] ? NIV-9832A09254E9D417 | BASKET | KNIFE_EDGE | BEAD | GOLD | KT_14 | 1ct | imgs:3
[05:33:38][PRINCESS] [7352] ? NIV-9A11BC436643CA5D | BASKET | KNIFE_EDGE | BEAD | GOLD | KT_14 | 1ct | imgs:1
[05:33:44][PRINCESS] [7353] ? NIV-9A11BC436643CA5D | BASKET | KNIFE_EDGE | BEAD | GOLD | KT_14 | 1ct | imgs:3
[05:33:50][PRINCESS] [7354] ? NIV-9A11BC436643CA5D | BASKET | KNIFE_EDGE | BEAD | GOLD | KT_14 | 1ct | imgs:3
[05:33:56][PRINCESS] [7355] ? NIV-1A798CC3292303FE | BASKET | KNIFE_EDGE | BEAD | GOLD | KT_18 | 1ct | imgs:3
[05:34:02][PRINCESS] [7356] ? NIV-1A798CC3292303FE | BASKET | KNIFE_EDGE | BEAD | GOLD | KT_18 | 1ct | imgs:3
[05:34:05][PRINCESS] [7357] ? NIV-1A798CC3292303FE | BASKET | KNIFE_EDGE | BEAD | GOLD | KT_18 | 1ct | imgs:3
[05:34:09][PRINCESS] [7358] ? NIV-D8765DAD9F0C8156 | BASKET | KNIFE_EDGE | BEAD | GOLD | KT_18 | 1ct | imgs:1
[05:34:14][PRINCESS] [7359] ? NIV-D8765DAD9F0C8156 | BASKET | KNIFE_EDGE | BEAD | GOLD | KT_18 | 1ct | imgs:3
[05:34:20][PRINCESS] [7360] ? NIV-D8765DAD9F0C8156 | BASKET | KNIFE_EDGE | BEAD | GOLD | KT_18 | 1ct | imgs:3
[05:34:23][PRINCESS] [7361] ? NIV-C180C6EAA0CF540F | BASKET | KNIFE_EDGE | BEAD | GOLD | KT_18 | 1ct | imgs:3
[05:34:29][PRINCESS] [7362] ? NIV-C180C6EAA0CF540F | BASKET | KNIFE_EDGE | BEAD | GOLD | KT_18 | 1ct | imgs:3
[05:34:35][PRINCESS] [7363] ? NIV-C180C6EAA0CF540F | BASKET | KNIFE_EDGE | BEAD | GOLD | KT_18 | 1ct | imgs:3
[05:34:39][PRINCESS] [7364] ? NIV-2036FF85833BE3FC | BASKET | KNIFE_EDGE | BEAD | PLATINUM | PT_950 | 1ct | imgs:3
[05:34:51][PRINCESS] [7365] ? NIV-DABE55F907ABA599 | BASKET | KNIFE_EDGE | BEAD | GOLD | KT_10 | 1ct | imgs:3
[05:34:56][PRINCESS] [7366] ? NIV-DABE55F907ABA599 | BASKET | KNIFE_EDGE | BEAD | GOLD | KT_10 | 1ct | imgs:3
[05:35:02][PRINCESS] [7367] ? NIV-DABE55F907ABA599 | BASKET | KNIFE_EDGE | BEAD | GOLD | KT_10 | 1ct | imgs:3
[05:35:12][PRINCESS] [7368] ? NIV-84AF95D1C33440EA | BASKET | KNIFE_EDGE | BEAD | GOLD | KT_10 | 1ct | imgs:1
[05:35:17][PRINCESS] [7369] ? NIV-84AF95D1C33440EA | BASKET | KNIFE_EDGE | BEAD | GOLD | KT_10 | 1ct | imgs:3
[05:35:21][PRINCESS] [7370] ? NIV-84AF95D1C33440EA | BASKET | KNIFE_EDGE | BEAD | GOLD | KT_10 | 1ct | imgs:3
[05:35:23][PRINCESS] [7371] ? NIV-6EBA6A67A4124C27 | BASKET | KNIFE_EDGE | BEAD | GOLD | KT_10 | 1ct | imgs:3
[05:35:29][PRINCESS] [7372] ? NIV-6EBA6A67A4124C27 | BASKET | KNIFE_EDGE | BEAD | GOLD | KT_10 | 1ct | imgs:3
[05:35:35][PRINCESS] [7373] ? NIV-6EBA6A67A4124C27 | BASKET | KNIFE_EDGE | BEAD | GOLD | KT_10 | 1ct | imgs:3
[05:35:45][PRINCESS] [7374] ? NIV-458BB788A356DA85 | BASKET | KNIFE_EDGE | BEAD | GOLD | KT_14 | 1ct | imgs:1
[05:35:50][PRINCESS] [7375] ? NIV-458BB788A356DA85 | BASKET | KNIFE_EDGE | BEAD | GOLD | KT_14 | 1ct | imgs:3
[05:35:53][PRINCESS] [7376] ? NIV-458BB788A356DA85 | BASKET | KNIFE_EDGE | BEAD | GOLD | KT_14 | 1ct | imgs:3
[05:35:59][PRINCESS] [7377] ? NIV-C74F7964A26719B3 | BASKET | KNIFE_EDGE | BEAD | GOLD | KT_14 | 1ct | imgs:1
[05:36:05][PRINCESS] [7378] ? NIV-C74F7964A26719B3 | BASKET | KNIFE_EDGE | BEAD | GOLD | KT_14 | 1ct | imgs:3
[05:36:08][PRINCESS] [7379] ? NIV-C74F7964A26719B3 | BASKET | KNIFE_EDGE | BEAD | GOLD | KT_14 | 1ct | imgs:3
[05:36:11][PRINCESS] [7380] ? NIV-2FFAD1E4C07D1C9E | BASKET | KNIFE_EDGE | BEAD | GOLD | KT_14 | 1ct | imgs:3
[05:36:17][PRINCESS] [7381] ? NIV-2FFAD1E4C07D1C9E | BASKET | KNIFE_EDGE | BEAD | GOLD | KT_14 | 1ct | imgs:3
[05:36:20][PRINCESS] [7382] ? NIV-2FFAD1E4C07D1C9E | BASKET | KNIFE_EDGE | BEAD | GOLD | KT_14 | 1ct | imgs:3
[05:36:26][PRINCESS] [7383] ? NIV-AC04057DBB895C0A | BASKET | KNIFE_EDGE | BEAD | GOLD | KT_18 | 1ct | imgs:3
[05:36:32][PRINCESS] [7384] ? NIV-AC04057DBB895C0A | BASKET | KNIFE_EDGE | BEAD | GOLD | KT_18 | 1ct | imgs:3
[05:36:38][PRINCESS] [7385] ? NIV-AC04057DBB895C0A | BASKET | KNIFE_EDGE | BEAD | GOLD | KT_18 | 1ct | imgs:3
[05:36:43][PRINCESS] [7386] ? NIV-B629875CAC4F8CB3 | BASKET | KNIFE_EDGE | BEAD | GOLD | KT_18 | 1ct | imgs:2
[05:36:47][PRINCESS] [7387] ? NIV-B629875CAC4F8CB3 | BASKET | KNIFE_EDGE | BEAD | GOLD | KT_18 | 1ct | imgs:3
[05:36:50][PRINCESS] [7388] ? NIV-B629875CAC4F8CB3 | BASKET | KNIFE_EDGE | BEAD | GOLD | KT_18 | 1ct | imgs:3
[05:36:53][PRINCESS] [7389] ? NIV-3F68AB0C93BD6F90 | BASKET | KNIFE_EDGE | BEAD | GOLD | KT_18 | 1ct | imgs:3
[05:36:59][PRINCESS] [7390] ? NIV-3F68AB0C93BD6F90 | BASKET | KNIFE_EDGE | BEAD | GOLD | KT_18 | 1ct | imgs:3
[05:37:05][PRINCESS] [7391] ? NIV-3F68AB0C93BD6F90 | BASKET | KNIFE_EDGE | BEAD | GOLD | KT_18 | 1ct | imgs:3
[05:37:09][PRINCESS] [7392] ? NIV-2D006DFC514CA490 | BASKET | KNIFE_EDGE | BEAD | PLATINUM | PT_950 | 1ct | imgs:3
[05:37:16][PRINCESS] [7393] ? NIV-05ADA5C3ADF676BE | BASKET | KNIFE_EDGE | BEAD | GOLD | KT_10 | 1ct | imgs:1
[05:37:23][PRINCESS] [7394] ? NIV-05ADA5C3ADF676BE | BASKET | KNIFE_EDGE | BEAD | GOLD | KT_10 | 1ct | imgs:3
[05:37:26][PRINCESS] [7395] ? NIV-05ADA5C3ADF676BE | BASKET | KNIFE_EDGE | BEAD | GOLD | KT_10 | 1ct | imgs:3
[05:37:29][PRINCESS] [7396] ? NIV-D9E9B74C75AE394C | BASKET | KNIFE_EDGE | BEAD | GOLD | KT_10 | 1ct | imgs:3
[05:37:35][PRINCESS] [7397] ? NIV-D9E9B74C75AE394C | BASKET | KNIFE_EDGE | BEAD | GOLD | KT_10 | 1ct | imgs:3
[05:37:41][PRINCESS] [7398] ? NIV-D9E9B74C75AE394C | BASKET | KNIFE_EDGE | BEAD | GOLD | KT_10 | 1ct | imgs:3
[05:37:44][PRINCESS] [7399] ? NIV-C7FD373D9D26882B | BASKET | KNIFE_EDGE | BEAD | GOLD | KT_10 | 1ct | imgs:3
[05:37:47][PRINCESS] [7400] ? NIV-C7FD373D9D26882B | BASKET | KNIFE_EDGE | BEAD | GOLD | KT_10 | 1ct | imgs:3
[05:37:50][PRINCESS] [7401] ? NIV-C7FD373D9D26882B | BASKET | KNIFE_EDGE | BEAD | GOLD | KT_10 | 1ct | imgs:3
[05:38:00][PRINCESS] [7402] ? NIV-26CD4D5984D542E1 | BASKET | KNIFE_EDGE | BEAD | GOLD | KT_14 | 1ct | imgs:1
[05:38:05][PRINCESS] [7403] ? NIV-26CD4D5984D542E1 | BASKET | KNIFE_EDGE | BEAD | GOLD | KT_14 | 1ct | imgs:3
[05:38:11][PRINCESS] [7404] ? NIV-26CD4D5984D542E1 | BASKET | KNIFE_EDGE | BEAD | GOLD | KT_14 | 1ct | imgs:3
[05:38:14][PRINCESS] [7405] ? NIV-D35780C9AA635105 | BASKET | KNIFE_EDGE | BEAD | GOLD | KT_14 | 1ct | imgs:3
[05:38:20][PRINCESS] [7406] ? NIV-D35780C9AA635105 | BASKET | KNIFE_EDGE | BEAD | GOLD | KT_14 | 1ct | imgs:3
[05:38:26][PRINCESS] [7407] ? NIV-D35780C9AA635105 | BASKET | KNIFE_EDGE | BEAD | GOLD | KT_14 | 1ct | imgs:3
[05:38:34][PRINCESS] [7408] ? NIV-3D90B2EE3D244A70 | BASKET | KNIFE_EDGE | BEAD | GOLD | KT_14 | 1ct | imgs:1
[05:38:38][PRINCESS] [7409] ? NIV-3D90B2EE3D244A70 | BASKET | KNIFE_EDGE | BEAD | GOLD | KT_14 | 1ct | imgs:3
[05:38:42][PRINCESS] [7410] ? NIV-3D90B2EE3D244A70 | BASKET | KNIFE_EDGE | BEAD | GOLD | KT_14 | 1ct | imgs:3
[05:38:47][PRINCESS] [7411] ? NIV-EACE23B1EFE9CCCA | BASKET | KNIFE_EDGE | BEAD | GOLD | KT_18 | 1ct | imgs:3
[05:38:50][PRINCESS] [7412] ? NIV-EACE23B1EFE9CCCA | BASKET | KNIFE_EDGE | BEAD | GOLD | KT_18 | 1ct | imgs:3
[05:38:56][PRINCESS] [7413] ? NIV-EACE23B1EFE9CCCA | BASKET | KNIFE_EDGE | BEAD | GOLD | KT_18 | 1ct | imgs:3
[05:38:59][PRINCESS] [7414] ? NIV-7BCE80CC9759EB69 | BASKET | KNIFE_EDGE | BEAD | GOLD | KT_18 | 1ct | imgs:1
[05:39:05][PRINCESS] [7415] ? NIV-7BCE80CC9759EB69 | BASKET | KNIFE_EDGE | BEAD | GOLD | KT_18 | 1ct | imgs:3
[05:39:11][PRINCESS] [7416] ? NIV-7BCE80CC9759EB69 | BASKET | KNIFE_EDGE | BEAD | GOLD | KT_18 | 1ct | imgs:3
[05:39:14][PRINCESS] [7417] ? NIV-E292C9E61D114F8B | BASKET | KNIFE_EDGE | BEAD | GOLD | KT_18 | 1ct | imgs:1
[05:39:20][PRINCESS] [7418] ? NIV-E292C9E61D114F8B | BASKET | KNIFE_EDGE | BEAD | GOLD | KT_18 | 1ct | imgs:3
[05:39:23][PRINCESS] [7419] ? NIV-E292C9E61D114F8B | BASKET | KNIFE_EDGE | BEAD | GOLD | KT_18 | 1ct | imgs:3
[05:39:26][PRINCESS] [7420] ? NIV-3D3F3BECE4322C7B | BASKET | KNIFE_EDGE | BEAD | PLATINUM | PT_950 | 1ct | imgs:3
[05:39:32][PRINCESS] [7421] ? NIV-E73C035DA49DE9C3 | BASKET | KNIFE_EDGE | BEAD | GOLD | KT_10 | 1ct | imgs:3
[05:39:35][PRINCESS] [7422] ? NIV-E73C035DA49DE9C3 | BASKET | KNIFE_EDGE | BEAD | GOLD | KT_10 | 1ct | imgs:3
[05:39:38][PRINCESS] [7423] ? NIV-E73C035DA49DE9C3 | BASKET | KNIFE_EDGE | BEAD | GOLD | KT_10 | 1ct | imgs:3
[05:39:42][PRINCESS] [7424] ? NIV-E8D654DD3775B388 | BASKET | KNIFE_EDGE | BEAD | GOLD | KT_10 | 1ct | imgs:2
[05:39:47][PRINCESS] [7425] ? NIV-E8D654DD3775B388 | BASKET | KNIFE_EDGE | BEAD | GOLD | KT_10 | 1ct | imgs:3
[05:39:50][PRINCESS] [7426] ? NIV-E8D654DD3775B388 | BASKET | KNIFE_EDGE | BEAD | GOLD | KT_10 | 1ct | imgs:3
[05:39:54][PRINCESS] [7427] ? NIV-9A4AF05A98FFCE8A | BASKET | KNIFE_EDGE | BEAD | GOLD | KT_10 | 1ct | imgs:3
[05:39:59][PRINCESS] [7428] ? NIV-9A4AF05A98FFCE8A | BASKET | KNIFE_EDGE | BEAD | GOLD | KT_10 | 1ct | imgs:3
[05:40:03][PRINCESS] [7429] ? NIV-9A4AF05A98FFCE8A | BASKET | KNIFE_EDGE | BEAD | GOLD | KT_10 | 1ct | imgs:3
[05:40:10][PRINCESS] [7430] ? NIV-A67593B892D13C22 | BASKET | KNIFE_EDGE | BEAD | GOLD | KT_14 | 1ct | imgs:1
[05:40:14][PRINCESS] [7431] ? NIV-A67593B892D13C22 | BASKET | KNIFE_EDGE | BEAD | GOLD | KT_14 | 1ct | imgs:3
[05:40:17][PRINCESS] [7432] ? NIV-A67593B892D13C22 | BASKET | KNIFE_EDGE | BEAD | GOLD | KT_14 | 1ct | imgs:3
[05:40:20][PRINCESS] [7433] ? NIV-12345923D1D322C3 | BASKET | KNIFE_EDGE | BEAD | GOLD | KT_14 | 1ct | imgs:3
[05:40:24][PRINCESS] [7434] ? NIV-12345923D1D322C3 | BASKET | KNIFE_EDGE | BEAD | GOLD | KT_14 | 1ct | imgs:3
[05:40:29][PRINCESS] [7435] ? NIV-12345923D1D322C3 | BASKET | KNIFE_EDGE | BEAD | GOLD | KT_14 | 1ct | imgs:3
[05:40:40][PRINCESS] [7436] ? NIV-E775533E060BEE4E | BASKET | KNIFE_EDGE | BEAD | GOLD | KT_14 | 1ct | imgs:1
[05:40:45][PRINCESS] [7437] ? NIV-E775533E060BEE4E | BASKET | KNIFE_EDGE | BEAD | GOLD | KT_14 | 1ct | imgs:3
[05:40:50][PRINCESS] [7438] ? NIV-E775533E060BEE4E | BASKET | KNIFE_EDGE | BEAD | GOLD | KT_14 | 1ct | imgs:3
[05:40:55][PRINCESS] [7439] ? NIV-FA2B59172D4D94DE | BASKET | KNIFE_EDGE | BEAD | GOLD | KT_18 | 1ct | imgs:1
[05:40:59][PRINCESS] [7440] ? NIV-FA2B59172D4D94DE | BASKET | KNIFE_EDGE | BEAD | GOLD | KT_18 | 1ct | imgs:1
[05:41:05][PRINCESS] [7441] ? NIV-FA2B59172D4D94DE | BASKET | KNIFE_EDGE | BEAD | GOLD | KT_18 | 1ct | imgs:3
[05:41:13][PRINCESS] [7442] ? NIV-C9AE63387F67044B | BASKET | KNIFE_EDGE | BEAD | GOLD | KT_18 | 1ct | imgs:1
[05:41:17][PRINCESS] [7443] ? NIV-C9AE63387F67044B | BASKET | KNIFE_EDGE | BEAD | GOLD | KT_18 | 1ct | imgs:3
[05:41:20][PRINCESS] [7444] ? NIV-C9AE63387F67044B | BASKET | KNIFE_EDGE | BEAD | GOLD | KT_18 | 1ct | imgs:3
[05:41:23][PRINCESS] [7445] ? NIV-9FF22B406668A65C | BASKET | KNIFE_EDGE | BEAD | GOLD | KT_18 | 1ct | imgs:3
[05:41:26][PRINCESS] [7446] ? NIV-9FF22B406668A65C | BASKET | KNIFE_EDGE | BEAD | GOLD | KT_18 | 1ct | imgs:3
[05:41:29][PRINCESS] [7447] ? NIV-9FF22B406668A65C | BASKET | KNIFE_EDGE | BEAD | GOLD | KT_18 | 1ct | imgs:3
[05:41:32][PRINCESS] [7448] ? NIV-7FA486B0E40A0F5E | BASKET | KNIFE_EDGE | BEAD | PLATINUM | PT_950 | 1ct | imgs:3
[05:41:44][PRINCESS] [7449] ? NIV-81C7A7E5105224A1 | BASKET | KNIFE_EDGE | BEAD | GOLD | KT_10 | 1ct | imgs:3
[05:41:47][PRINCESS] [7450] ? NIV-81C7A7E5105224A1 | BASKET | KNIFE_EDGE | BEAD | GOLD | KT_10 | 1ct | imgs:3
[05:41:53][PRINCESS] [7451] ? NIV-81C7A7E5105224A1 | BASKET | KNIFE_EDGE | BEAD | GOLD | KT_10 | 1ct | imgs:3
[05:41:58][PRINCESS] [7452] ? NIV-8CD65ED5984A84A8 | BASKET | KNIFE_EDGE | BEAD | GOLD | KT_10 | 1ct | imgs:1
[05:42:03][PRINCESS] [7453] ? NIV-8CD65ED5984A84A8 | BASKET | KNIFE_EDGE | BEAD | GOLD | KT_10 | 1ct | imgs:3
[05:42:08][PRINCESS] [7454] ? NIV-8CD65ED5984A84A8 | BASKET | KNIFE_EDGE | BEAD | GOLD | KT_10 | 1ct | imgs:3
[05:42:14][PRINCESS] [7455] ? NIV-21D7A66EBA223F36 | BASKET | KNIFE_EDGE | BEAD | GOLD | KT_10 | 1ct | imgs:1
[05:42:20][PRINCESS] [7456] ? NIV-21D7A66EBA223F36 | BASKET | KNIFE_EDGE | BEAD | GOLD | KT_10 | 1ct | imgs:3
[05:42:26][PRINCESS] [7457] ? NIV-21D7A66EBA223F36 | BASKET | KNIFE_EDGE | BEAD | GOLD | KT_10 | 1ct | imgs:3
[05:42:32][PRINCESS] [7458] ? NIV-251B52EF3451897B | BASKET | KNIFE_EDGE | BEAD | GOLD | KT_14 | 1ct | imgs:3
[05:42:38][PRINCESS] [7459] ? NIV-251B52EF3451897B | BASKET | KNIFE_EDGE | BEAD | GOLD | KT_14 | 1ct | imgs:3
[05:42:44][PRINCESS] [7460] ? NIV-251B52EF3451897B | BASKET | KNIFE_EDGE | BEAD | GOLD | KT_14 | 1ct | imgs:3
[05:42:47][PRINCESS] [7461] ? NIV-717F071733393E05 | BASKET | KNIFE_EDGE | BEAD | GOLD | KT_14 | 1ct | imgs:1
[05:42:53][PRINCESS] [7462] ? NIV-717F071733393E05 | BASKET | KNIFE_EDGE | BEAD | GOLD | KT_14 | 1ct | imgs:3
[05:42:56][PRINCESS] [7463] ? NIV-717F071733393E05 | BASKET | KNIFE_EDGE | BEAD | GOLD | KT_14 | 1ct | imgs:3
[05:42:59][PRINCESS] [7464] ? NIV-C766CC13DDE47FE1 | BASKET | KNIFE_EDGE | BEAD | GOLD | KT_14 | 1ct | imgs:3
[05:43:05][PRINCESS] [7465] ? NIV-C766CC13DDE47FE1 | BASKET | KNIFE_EDGE | BEAD | GOLD | KT_14 | 1ct | imgs:3
[05:43:11][PRINCESS] [7466] ? NIV-C766CC13DDE47FE1 | BASKET | KNIFE_EDGE | BEAD | GOLD | KT_14 | 1ct | imgs:3
[05:43:17][PRINCESS] [7467] ? NIV-84C8F3DE4D5B5626 | BASKET | KNIFE_EDGE | BEAD | GOLD | KT_18 | 1ct | imgs:3
[05:43:23][PRINCESS] [7468] ? NIV-84C8F3DE4D5B5626 | BASKET | KNIFE_EDGE | BEAD | GOLD | KT_18 | 1ct | imgs:3
[05:43:29][PRINCESS] [7469] ? NIV-84C8F3DE4D5B5626 | BASKET | KNIFE_EDGE | BEAD | GOLD | KT_18 | 1ct | imgs:3
[05:43:32][PRINCESS] [7470] ? NIV-5C33FD36DDC0E960 | BASKET | KNIFE_EDGE | BEAD | GOLD | KT_18 | 1ct | imgs:3
[05:43:35][PRINCESS] [7471] ? NIV-5C33FD36DDC0E960 | BASKET | KNIFE_EDGE | BEAD | GOLD | KT_18 | 1ct | imgs:3
[05:43:39][PRINCESS] [7472] ? NIV-5C33FD36DDC0E960 | BASKET | KNIFE_EDGE | BEAD | GOLD | KT_18 | 1ct | imgs:3
[05:43:43][PRINCESS] [7473] ? NIV-81A9A589DA7DAE0A | BASKET | KNIFE_EDGE | BEAD | GOLD | KT_18 | 1ct | imgs:3
[05:43:47][PRINCESS] [7474] ? NIV-81A9A589DA7DAE0A | BASKET | KNIFE_EDGE | BEAD | GOLD | KT_18 | 1ct | imgs:3
[05:43:53][PRINCESS] [7475] ? NIV-81A9A589DA7DAE0A | BASKET | KNIFE_EDGE | BEAD | GOLD | KT_18 | 1ct | imgs:3
[05:43:56][PRINCESS] [7476] ? NIV-655D42BCBFA3AC56 | BASKET | KNIFE_EDGE | BEAD | PLATINUM | PT_950 | 1ct | imgs:3
[05:44:02][PRINCESS] [7477] ? NIV-D1B197CA66269A38 | BASKET | KNIFE_EDGE | BEAD | GOLD | KT_10 | 1ct | imgs:3
[05:44:08][PRINCESS] [7478] ? NIV-D1B197CA66269A38 | BASKET | KNIFE_EDGE | BEAD | GOLD | KT_10 | 1ct | imgs:3
[05:44:14][PRINCESS] [7479] ? NIV-D1B197CA66269A38 | BASKET | KNIFE_EDGE | BEAD | GOLD | KT_10 | 1ct | imgs:3
[05:44:17][PRINCESS] [7480] ? NIV-834251F956B163C1 | BASKET | KNIFE_EDGE | BEAD | GOLD | KT_10 | 1ct | imgs:3
[05:44:23][PRINCESS] [7481] ? NIV-834251F956B163C1 | BASKET | KNIFE_EDGE | BEAD | GOLD | KT_10 | 1ct | imgs:3
[05:44:26][PRINCESS] [7482] ? NIV-834251F956B163C1 | BASKET | KNIFE_EDGE | BEAD | GOLD | KT_10 | 1ct | imgs:3
[05:44:30][PRINCESS] [7483] ? NIV-AAF0A6093F24F887 | BASKET | KNIFE_EDGE | BEAD | GOLD | KT_10 | 1ct | imgs:1
[05:44:35][PRINCESS] [7484] ? NIV-AAF0A6093F24F887 | BASKET | KNIFE_EDGE | BEAD | GOLD | KT_10 | 1ct | imgs:3
[05:44:38][PRINCESS] [7485] ? NIV-AAF0A6093F24F887 | BASKET | KNIFE_EDGE | BEAD | GOLD | KT_10 | 1ct | imgs:3
[05:44:44][PRINCESS] [7486] ? NIV-C988DD03BFC1D67D | BASKET | KNIFE_EDGE | BEAD | GOLD | KT_14 | 1ct | imgs:1
[05:44:50][PRINCESS] [7487] ? NIV-C988DD03BFC1D67D | BASKET | KNIFE_EDGE | BEAD | GOLD | KT_14 | 1ct | imgs:3
[05:44:56][PRINCESS] [7488] ? NIV-C988DD03BFC1D67D | BASKET | KNIFE_EDGE | BEAD | GOLD | KT_14 | 1ct | imgs:3
[05:45:00][PRINCESS] [7489] ? NIV-4C0EEDAA3D0EF1E7 | BASKET | KNIFE_EDGE | BEAD | GOLD | KT_14 | 1ct | imgs:2
[05:45:05][PRINCESS] [7490] ? NIV-4C0EEDAA3D0EF1E7 | BASKET | KNIFE_EDGE | BEAD | GOLD | KT_14 | 1ct | imgs:3
[05:45:08][PRINCESS] [7491] ? NIV-4C0EEDAA3D0EF1E7 | BASKET | KNIFE_EDGE | BEAD | GOLD | KT_14 | 1ct | imgs:3
[05:45:15][PRINCESS] [7492] ? NIV-4A738B0A37D31A9C | BASKET | KNIFE_EDGE | BEAD | GOLD | KT_14 | 1ct | imgs:1
[05:45:20][PRINCESS] [7493] ? NIV-4A738B0A37D31A9C | BASKET | KNIFE_EDGE | BEAD | GOLD | KT_14 | 1ct | imgs:3
[05:45:26][PRINCESS] [7494] ? NIV-4A738B0A37D31A9C | BASKET | KNIFE_EDGE | BEAD | GOLD | KT_14 | 1ct | imgs:3
[05:45:33][PRINCESS] [7495] ? NIV-315E83F6A5B871FB | BASKET | KNIFE_EDGE | BEAD | GOLD | KT_18 | 1ct | imgs:1
[05:45:38][PRINCESS] [7496] ? NIV-315E83F6A5B871FB | BASKET | KNIFE_EDGE | BEAD | GOLD | KT_18 | 1ct | imgs:3
[05:45:41][PRINCESS] [7497] ? NIV-315E83F6A5B871FB | BASKET | KNIFE_EDGE | BEAD | GOLD | KT_18 | 1ct | imgs:3
[05:45:46][PRINCESS] [7498] ? NIV-42DC6AA7308757DD | BASKET | KNIFE_EDGE | BEAD | GOLD | KT_18 | 1ct | imgs:3
[05:45:50][PRINCESS] [7499] ? NIV-42DC6AA7308757DD | BASKET | KNIFE_EDGE | BEAD | GOLD | KT_18 | 1ct | imgs:3
[05:45:56][PRINCESS] [7500] ? NIV-42DC6AA7308757DD | BASKET | KNIFE_EDGE | BEAD | GOLD | KT_18 | 1ct | imgs:3
[05:46:00][PRINCESS] [7501] ? NIV-381316350C9D99CC | BASKET | KNIFE_EDGE | BEAD | GOLD | KT_18 | 1ct | imgs:1
[05:46:05][PRINCESS] [7502] ? NIV-381316350C9D99CC | BASKET | KNIFE_EDGE | BEAD | GOLD | KT_18 | 1ct | imgs:3
[05:46:08][PRINCESS] [7503] ? NIV-381316350C9D99CC | BASKET | KNIFE_EDGE | BEAD | GOLD | KT_18 | 1ct | imgs:3
[05:46:13][PRINCESS] [7504] ? NIV-B37078D342F6F383 | BASKET | KNIFE_EDGE | BEAD | PLATINUM | PT_950 | 1ct | imgs:1
[05:46:20][PRINCESS] [7505] ? NIV-69B9E7A98EAA5D1D | BASKET | KNIFE_EDGE | BEAD | GOLD | KT_10 | 1ct | imgs:3
[05:46:26][PRINCESS] [7506] ? NIV-69B9E7A98EAA5D1D | BASKET | KNIFE_EDGE | BEAD | GOLD | KT_10 | 1ct | imgs:3
[05:46:32][PRINCESS] [7507] ? NIV-69B9E7A98EAA5D1D | BASKET | KNIFE_EDGE | BEAD | GOLD | KT_10 | 1ct | imgs:3
[05:46:35][PRINCESS] [7508] ? NIV-564B436B309B91EB | BASKET | KNIFE_EDGE | BEAD | GOLD | KT_10 | 1ct | imgs:2
[05:46:38][PRINCESS] [7509] ? NIV-564B436B309B91EB | BASKET | KNIFE_EDGE | BEAD | GOLD | KT_10 | 1ct | imgs:3
[05:46:44][PRINCESS] [7510] ? NIV-564B436B309B91EB | BASKET | KNIFE_EDGE | BEAD | GOLD | KT_10 | 1ct | imgs:3
[05:46:49][PRINCESS] [7511] ? NIV-59B4B242676FF730 | BASKET | KNIFE_EDGE | BEAD | GOLD | KT_10 | 1ct | imgs:1
[05:46:53][PRINCESS] [7512] ? NIV-59B4B242676FF730 | BASKET | KNIFE_EDGE | BEAD | GOLD | KT_10 | 1ct | imgs:3
[05:46:56][PRINCESS] [7513] ? NIV-59B4B242676FF730 | BASKET | KNIFE_EDGE | BEAD | GOLD | KT_10 | 1ct | imgs:3
[05:47:04][PRINCESS] [7514] ? NIV-084571159C30BEA5 | BASKET | KNIFE_EDGE | BEAD | GOLD | KT_14 | 1ct | imgs:3
[05:47:11][PRINCESS] [7515] ? NIV-084571159C30BEA5 | BASKET | KNIFE_EDGE | BEAD | GOLD | KT_14 | 1ct | imgs:3
[05:47:17][PRINCESS] [7516] ? NIV-084571159C30BEA5 | BASKET | KNIFE_EDGE | BEAD | GOLD | KT_14 | 1ct | imgs:3
[05:47:28][PRINCESS] [7517] ??  NIV-084571159C30BEA5 | BASKET | KNIFE_EDGE | BEAD | GOLD | KT_14 | 1ct | imgs:0
[05:47:37][PRINCESS] [7518] ? NIV-DB343D0BBE27DE23 | BASKET | KNIFE_EDGE | BEAD | GOLD | KT_14 | 1ct | imgs:2
[05:47:44][PRINCESS] [7519] ? NIV-DB343D0BBE27DE23 | BASKET | KNIFE_EDGE | BEAD | GOLD | KT_14 | 1ct | imgs:3
[05:47:47][PRINCESS] [7520] ? NIV-43FDB2891925E22E | BASKET | KNIFE_EDGE | BEAD | GOLD | KT_14 | 1ct | imgs:3
[05:47:50][PRINCESS]   Re-seleccionando PRINCESS (intento 1)
[05:47:50][PRINCESS]   Boton no encontrado ? recargando configurador...
[05:48:35][PRINCESS]   Error recargando: Page.wait_for_selector: Timeout 30000ms exceeded.
Call log:
  - waiting for locator("button[data-automation-id=\"center-stone-shape-PRINCESS\"]") to be visible

[05:48:35][PRINCESS]   Re-seleccionando PRINCESS (intento 2)
[05:48:35][PRINCESS]   Boton no encontrado ? recargando configurador...
[05:48:52][PRINCESS]   Re-seleccionando PRINCESS (intento 3)
[05:48:55][PRINCESS] [7521] ? NIV-58D80612BA34FED5 | BASKET | KNIFE_EDGE | BEAD | GOLD | KT_14 | 1ct | imgs:3
[05:48:58][PRINCESS] [7522] ? NIV-A9FEEAD73232E242 | BASKET | KNIFE_EDGE | BEAD | GOLD | KT_14 | 1ct | imgs:3
[05:49:04][PRINCESS] [7523] ? NIV-AF3BD9263C718FD4 | BASKET | KNIFE_EDGE | BEAD | GOLD | KT_18 | 1ct | imgs:3
[05:49:07][PRINCESS] [7524] ? NIV-98BF0980C9DD6B7C | BASKET | KNIFE_EDGE | BEAD | GOLD | KT_18 | 1ct | imgs:3
[05:49:10][PRINCESS] [7525] ? NIV-9B20FC0388DE71FC | BASKET | KNIFE_EDGE | BEAD | GOLD | KT_18 | 1ct | imgs:3
[05:49:16][PRINCESS] [7526] ? NIV-234DDF6A4230EB27 | BASKET | KNIFE_EDGE | BEAD | GOLD | KT_18 | 1ct | imgs:1
[05:49:19][PRINCESS] [7527] ? NIV-C195B2FECA12FF6D | BASKET | KNIFE_EDGE | BEAD | GOLD | KT_18 | 1ct | imgs:3
[05:49:22][PRINCESS] [7528] ? NIV-D523B9E5CDC530B2 | BASKET | KNIFE_EDGE | BEAD | GOLD | KT_18 | 1ct | imgs:3
[05:49:25][PRINCESS] [7529] ? NIV-8762805492320BC7 | BASKET | KNIFE_EDGE | BEAD | GOLD | KT_18 | 1ct | imgs:3
[05:49:28][PRINCESS] [7530] ? NIV-6BE6FEA286CDB358 | BASKET | KNIFE_EDGE | BEAD | GOLD | KT_18 | 1ct | imgs:3
[05:49:31][PRINCESS] [7531] ? NIV-668C33A2C18EE62A | BASKET | KNIFE_EDGE | BEAD | GOLD | KT_18 | 1ct | imgs:3
[05:49:34][PRINCESS] [7532] ? NIV-D04C0916386418DA | BASKET | KNIFE_EDGE | BEAD | PLATINUM | PT_950 | 1ct | imgs:3
[05:49:48][PRINCESS] [7533] ? NIV-B7A29F855CAE3DD4 | BASKET | KNIFE_EDGE | PAVE | GOLD | KT_10 | 1ct | imgs:1
[05:49:52][PRINCESS] [7534] ? NIV-B7A29F855CAE3DD4 | BASKET | KNIFE_EDGE | PAVE | GOLD | KT_10 | 1ct | imgs:3
[05:49:55][PRINCESS] [7535] ? NIV-B7A29F855CAE3DD4 | BASKET | KNIFE_EDGE | PAVE | GOLD | KT_10 | 1ct | imgs:3
[05:50:01][PRINCESS] [7536] ? NIV-89A8DF234FC162E5 | BASKET | KNIFE_EDGE | PAVE | GOLD | KT_10 | 1ct | imgs:1
[05:50:07][PRINCESS] [7537] ? NIV-89A8DF234FC162E5 | BASKET | KNIFE_EDGE | PAVE | GOLD | KT_10 | 1ct | imgs:3
[05:50:13][PRINCESS] [7538] ? NIV-89A8DF234FC162E5 | BASKET | KNIFE_EDGE | PAVE | GOLD | KT_10 | 1ct | imgs:3
[05:50:17][PRINCESS] [7539] ? NIV-01149FEDAF6F4D5A | BASKET | KNIFE_EDGE | PAVE | GOLD | KT_10 | 1ct | imgs:1
[05:50:22][PRINCESS] [7540] ? NIV-01149FEDAF6F4D5A | BASKET | KNIFE_EDGE | PAVE | GOLD | KT_10 | 1ct | imgs:3
[05:50:25][PRINCESS] [7541] ? NIV-01149FEDAF6F4D5A | BASKET | KNIFE_EDGE | PAVE | GOLD | KT_10 | 1ct | imgs:3
[05:50:36][PRINCESS] [7542] ? NIV-C69B0A96E65D3F58 | BASKET | KNIFE_EDGE | PAVE | GOLD | KT_14 | 1ct | imgs:1
[05:50:40][PRINCESS] [7543] ? NIV-C69B0A96E65D3F58 | BASKET | KNIFE_EDGE | PAVE | GOLD | KT_14 | 1ct | imgs:3
[05:50:43][PRINCESS] [7544] ? NIV-C69B0A96E65D3F58 | BASKET | KNIFE_EDGE | PAVE | GOLD | KT_14 | 1ct | imgs:3
[05:50:54][PRINCESS] [7545] ? NIV-034032E2CEE3868C | BASKET | KNIFE_EDGE | PAVE | GOLD | KT_14 | 1ct | imgs:2
[05:50:58][PRINCESS] [7546] ? NIV-034032E2CEE3868C | BASKET | KNIFE_EDGE | PAVE | GOLD | KT_14 | 1ct | imgs:3
[05:51:01][PRINCESS] [7547] ? NIV-034032E2CEE3868C | BASKET | KNIFE_EDGE | PAVE | GOLD | KT_14 | 1ct | imgs:3
[05:51:07][PRINCESS] [7548] ? NIV-5BB4173B4B202C57 | BASKET | KNIFE_EDGE | PAVE | GOLD | KT_14 | 1ct | imgs:1
[05:51:13][PRINCESS] [7549] ? NIV-5BB4173B4B202C57 | BASKET | KNIFE_EDGE | PAVE | GOLD | KT_14 | 1ct | imgs:3
[05:51:19][PRINCESS] [7550] ? NIV-5BB4173B4B202C57 | BASKET | KNIFE_EDGE | PAVE | GOLD | KT_14 | 1ct | imgs:3
[05:51:24][PRINCESS] [7551] ? NIV-D5ECCA8659F0A6F6 | BASKET | KNIFE_EDGE | PAVE | GOLD | KT_18 | 1ct | imgs:1
[05:51:28][PRINCESS] [7552] ? NIV-D5ECCA8659F0A6F6 | BASKET | KNIFE_EDGE | PAVE | GOLD | KT_18 | 1ct | imgs:3
[05:51:34][PRINCESS] [7553] ? NIV-D5ECCA8659F0A6F6 | BASKET | KNIFE_EDGE | PAVE | GOLD | KT_18 | 1ct | imgs:3
[05:51:37][PRINCESS] [7554] ? NIV-23703FF4FED4C55E | BASKET | KNIFE_EDGE | PAVE | GOLD | KT_18 | 1ct | imgs:1
[05:51:43][PRINCESS] [7555] ? NIV-23703FF4FED4C55E | BASKET | KNIFE_EDGE | PAVE | GOLD | KT_18 | 1ct | imgs:3
[05:51:49][PRINCESS] [7556] ? NIV-23703FF4FED4C55E | BASKET | KNIFE_EDGE | PAVE | GOLD | KT_18 | 1ct | imgs:3
[05:51:52][PRINCESS] [7557] ? NIV-A5CF4A650CE3C9FF | BASKET | KNIFE_EDGE | PAVE | GOLD | KT_18 | 1ct | imgs:3
[05:51:58][PRINCESS] [7558] ? NIV-A5CF4A650CE3C9FF | BASKET | KNIFE_EDGE | PAVE | GOLD | KT_18 | 1ct | imgs:3
[05:52:04][PRINCESS] [7559] ? NIV-A5CF4A650CE3C9FF | BASKET | KNIFE_EDGE | PAVE | GOLD | KT_18 | 1ct | imgs:3
[05:52:07][PRINCESS] [7560] ? NIV-E4351CB9635EC358 | BASKET | KNIFE_EDGE | PAVE | PLATINUM | PT_950 | 1ct | imgs:3
[05:52:13][PRINCESS] [7561] ? NIV-A4B53DBAE3F7F940 | BASKET | KNIFE_EDGE | PAVE | GOLD | KT_10 | 1ct | imgs:3
[05:52:19][PRINCESS] [7562] ? NIV-A4B53DBAE3F7F940 | BASKET | KNIFE_EDGE | PAVE | GOLD | KT_10 | 1ct | imgs:3
[05:52:25][PRINCESS] [7563] ? NIV-A4B53DBAE3F7F940 | BASKET | KNIFE_EDGE | PAVE | GOLD | KT_10 | 1ct | imgs:3
[05:52:29][PRINCESS] [7564] ? NIV-83160077E6518395 | BASKET | KNIFE_EDGE | PAVE | GOLD | KT_10 | 1ct | imgs:1
[05:52:34][PRINCESS] [7565] ? NIV-83160077E6518395 | BASKET | KNIFE_EDGE | PAVE | GOLD | KT_10 | 1ct | imgs:3
[05:52:40][PRINCESS] [7566] ? NIV-83160077E6518395 | BASKET | KNIFE_EDGE | PAVE | GOLD | KT_10 | 1ct | imgs:3
[05:52:49][PRINCESS] [7567] ? NIV-DF62D890A940BD64 | BASKET | KNIFE_EDGE | PAVE | GOLD | KT_10 | 1ct | imgs:1
[05:52:55][PRINCESS] [7568] ? NIV-DF62D890A940BD64 | BASKET | KNIFE_EDGE | PAVE | GOLD | KT_10 | 1ct | imgs:3
[05:53:01][PRINCESS] [7569] ? NIV-DF62D890A940BD64 | BASKET | KNIFE_EDGE | PAVE | GOLD | KT_10 | 1ct | imgs:3
[05:53:07][PRINCESS] [7570] ? NIV-9E5E99FFD01FB98A | BASKET | KNIFE_EDGE | PAVE | GOLD | KT_14 | 1ct | imgs:3
[05:53:10][PRINCESS] [7571] ? NIV-9E5E99FFD01FB98A | BASKET | KNIFE_EDGE | PAVE | GOLD | KT_14 | 1ct | imgs:3
[05:53:16][PRINCESS] [7572] ? NIV-9E5E99FFD01FB98A | BASKET | KNIFE_EDGE | PAVE | GOLD | KT_14 | 1ct | imgs:3
[05:53:19][PRINCESS] [7573] ? NIV-7827F00CE54F448F | BASKET | KNIFE_EDGE | PAVE | GOLD | KT_14 | 1ct | imgs:3
[05:53:25][PRINCESS] [7574] ? NIV-7827F00CE54F448F | BASKET | KNIFE_EDGE | PAVE | GOLD | KT_14 | 1ct | imgs:3
[05:53:31][PRINCESS] [7575] ? NIV-7827F00CE54F448F | BASKET | KNIFE_EDGE | PAVE | GOLD | KT_14 | 1ct | imgs:3
[05:53:34][PRINCESS] [7576] ? NIV-623083DA08AF6317 | BASKET | KNIFE_EDGE | PAVE | GOLD | KT_14 | 1ct | imgs:3
[05:53:37][PRINCESS] [7577] ? NIV-623083DA08AF6317 | BASKET | KNIFE_EDGE | PAVE | GOLD | KT_14 | 1ct | imgs:3
[05:53:43][PRINCESS] [7578] ? NIV-623083DA08AF6317 | BASKET | KNIFE_EDGE | PAVE | GOLD | KT_14 | 1ct | imgs:3
[05:53:47][PRINCESS] [7579] ? NIV-4BD0EBC95963BB3B | BASKET | KNIFE_EDGE | PAVE | GOLD | KT_18 | 1ct | imgs:3
[05:53:52][PRINCESS] [7580] ? NIV-4BD0EBC95963BB3B | BASKET | KNIFE_EDGE | PAVE | GOLD | KT_18 | 1ct | imgs:3
[05:53:58][PRINCESS] [7581] ? NIV-4BD0EBC95963BB3B | BASKET | KNIFE_EDGE | PAVE | GOLD | KT_18 | 1ct | imgs:3
[05:54:07][PRINCESS] [7582] ? NIV-9F55736A79720836 | BASKET | KNIFE_EDGE | PAVE | GOLD | KT_18 | 1ct | imgs:1
[05:54:13][PRINCESS] [7583] ? NIV-9F55736A79720836 | BASKET | KNIFE_EDGE | PAVE | GOLD | KT_18 | 1ct | imgs:3
[05:54:19][PRINCESS] [7584] ? NIV-9F55736A79720836 | BASKET | KNIFE_EDGE | PAVE | GOLD | KT_18 | 1ct | imgs:3
[05:54:22][PRINCESS] [7585] ? NIV-B3358D8F10406CA1 | BASKET | KNIFE_EDGE | PAVE | GOLD | KT_18 | 1ct | imgs:3
[05:54:28][PRINCESS] [7586] ? NIV-B3358D8F10406CA1 | BASKET | KNIFE_EDGE | PAVE | GOLD | KT_18 | 1ct | imgs:3
[05:54:34][PRINCESS] [7587] ? NIV-B3358D8F10406CA1 | BASKET | KNIFE_EDGE | PAVE | GOLD | KT_18 | 1ct | imgs:3
[05:54:37][PRINCESS] [7588] ? NIV-0BCAA5D3FBCDFD6C | BASKET | KNIFE_EDGE | PAVE | PLATINUM | PT_950 | 1ct | imgs:3
[05:54:46][PRINCESS] [7589] ? NIV-9F2FF74A4A0AEB9F | BASKET | KNIFE_EDGE | PAVE | GOLD | KT_10 | 1ct | imgs:1
[05:54:52][PRINCESS] [7590] ? NIV-9F2FF74A4A0AEB9F | BASKET | KNIFE_EDGE | PAVE | GOLD | KT_10 | 1ct | imgs:3
[05:54:58][PRINCESS] [7591] ? NIV-9F2FF74A4A0AEB9F | BASKET | KNIFE_EDGE | PAVE | GOLD | KT_10 | 1ct | imgs:3
[05:55:02][PRINCESS] [7592] ? NIV-BFF7AC695DCDA325 | BASKET | KNIFE_EDGE | PAVE | GOLD | KT_10 | 1ct | imgs:2
[05:55:07][PRINCESS] [7593] ? NIV-BFF7AC695DCDA325 | BASKET | KNIFE_EDGE | PAVE | GOLD | KT_10 | 1ct | imgs:3
[05:55:13][PRINCESS] [7594] ? NIV-BFF7AC695DCDA325 | BASKET | KNIFE_EDGE | PAVE | GOLD | KT_10 | 1ct | imgs:3
[05:55:16][PRINCESS] [7595] ? NIV-F4BD62B9150A2F31 | BASKET | KNIFE_EDGE | PAVE | GOLD | KT_10 | 1ct | imgs:1
[05:55:22][PRINCESS] [7596] ? NIV-F4BD62B9150A2F31 | BASKET | KNIFE_EDGE | PAVE | GOLD | KT_10 | 1ct | imgs:3
[05:55:28][PRINCESS] [7597] ? NIV-F4BD62B9150A2F31 | BASKET | KNIFE_EDGE | PAVE | GOLD | KT_10 | 1ct | imgs:3
[05:55:34][PRINCESS] [7598] ? NIV-E8FF970A357A4B66 | BASKET | KNIFE_EDGE | PAVE | GOLD | KT_14 | 1ct | imgs:1
[05:55:40][PRINCESS] [7599] ? NIV-E8FF970A357A4B66 | BASKET | KNIFE_EDGE | PAVE | GOLD | KT_14 | 1ct | imgs:3
[05:55:43][PRINCESS] [7600] ? NIV-E8FF970A357A4B66 | BASKET | KNIFE_EDGE | PAVE | GOLD | KT_14 | 1ct | imgs:3
[05:55:47][PRINCESS] [7601] ? NIV-865B17B052291C63 | BASKET | KNIFE_EDGE | PAVE | GOLD | KT_14 | 1ct | imgs:2
[05:55:52][PRINCESS] [7602] ? NIV-865B17B052291C63 | BASKET | KNIFE_EDGE | PAVE | GOLD | KT_14 | 1ct | imgs:3
[05:55:56][PRINCESS] [7603] ? NIV-865B17B052291C63 | BASKET | KNIFE_EDGE | PAVE | GOLD | KT_14 | 1ct | imgs:3
[05:56:01][PRINCESS] [7604] ? NIV-450F015D1A9DA6B9 | BASKET | KNIFE_EDGE | PAVE | GOLD | KT_14 | 1ct | imgs:3
[05:56:05][PRINCESS] [7605] ? NIV-450F015D1A9DA6B9 | BASKET | KNIFE_EDGE | PAVE | GOLD | KT_14 | 1ct | imgs:3
[05:56:10][PRINCESS] [7606] ? NIV-450F015D1A9DA6B9 | BASKET | KNIFE_EDGE | PAVE | GOLD | KT_14 | 1ct | imgs:3
[05:56:16][PRINCESS] [7607] ? NIV-21EBA42DADD07A1E | BASKET | KNIFE_EDGE | PAVE | GOLD | KT_18 | 1ct | imgs:3
[05:56:22][PRINCESS] [7608] ? NIV-21EBA42DADD07A1E | BASKET | KNIFE_EDGE | PAVE | GOLD | KT_18 | 1ct | imgs:3
[05:56:28][PRINCESS] [7609] ? NIV-21EBA42DADD07A1E | BASKET | KNIFE_EDGE | PAVE | GOLD | KT_18 | 1ct | imgs:3
[05:56:32][PRINCESS] [7610] ? NIV-112CDA602BCE2B94 | BASKET | KNIFE_EDGE | PAVE | GOLD | KT_18 | 1ct | imgs:1
[05:56:37][PRINCESS] [7611] ? NIV-112CDA602BCE2B94 | BASKET | KNIFE_EDGE | PAVE | GOLD | KT_18 | 1ct | imgs:3
[05:56:40][PRINCESS] [7612] ? NIV-112CDA602BCE2B94 | BASKET | KNIFE_EDGE | PAVE | GOLD | KT_18 | 1ct | imgs:3
[05:56:43][PRINCESS] [7613] ? NIV-FC36FFC7432EA97E | BASKET | KNIFE_EDGE | PAVE | GOLD | KT_18 | 1ct | imgs:3
[05:56:46][PRINCESS] [7614] ? NIV-FC36FFC7432EA97E | BASKET | KNIFE_EDGE | PAVE | GOLD | KT_18 | 1ct | imgs:3
[05:56:52][PRINCESS] [7615] ? NIV-FC36FFC7432EA97E | BASKET | KNIFE_EDGE | PAVE | GOLD | KT_18 | 1ct | imgs:3
[05:56:55][PRINCESS] [7616] ? NIV-596B8A3A324A6295 | BASKET | KNIFE_EDGE | PAVE | PLATINUM | PT_950 | 1ct | imgs:3
[05:57:02][PRINCESS] [7617] ? NIV-D30F13E5B2293618 | BASKET | KNIFE_EDGE | PAVE | GOLD | KT_10 | 1ct | imgs:3
[05:57:07][PRINCESS] [7618] ? NIV-D30F13E5B2293618 | BASKET | KNIFE_EDGE | PAVE | GOLD | KT_10 | 1ct | imgs:3
[05:57:13][PRINCESS] [7619] ? NIV-D30F13E5B2293618 | BASKET | KNIFE_EDGE | PAVE | GOLD | KT_10 | 1ct | imgs:3
[05:57:17][PRINCESS] [7620] ? NIV-3F82D12E420630D9 | BASKET | KNIFE_EDGE | PAVE | GOLD | KT_10 | 1ct | imgs:1
[05:57:22][PRINCESS] [7621] ? NIV-3F82D12E420630D9 | BASKET | KNIFE_EDGE | PAVE | GOLD | KT_10 | 1ct | imgs:3
[05:57:26][PRINCESS] [7622] ? NIV-3F82D12E420630D9 | BASKET | KNIFE_EDGE | PAVE | GOLD | KT_10 | 1ct | imgs:3
[05:57:31][PRINCESS] [7623] ? NIV-E9DCCDC7576D4130 | BASKET | KNIFE_EDGE | PAVE | GOLD | KT_10 | 1ct | imgs:3
[05:57:37][PRINCESS] [7624] ? NIV-E9DCCDC7576D4130 | BASKET | KNIFE_EDGE | PAVE | GOLD | KT_10 | 1ct | imgs:3
[05:57:40][PRINCESS] [7625] ? NIV-E9DCCDC7576D4130 | BASKET | KNIFE_EDGE | PAVE | GOLD | KT_10 | 1ct | imgs:3
[05:57:46][PRINCESS] [7626] ? NIV-FF6FD6CF505A78FE | BASKET | KNIFE_EDGE | PAVE | GOLD | KT_14 | 1ct | imgs:1
[05:57:52][PRINCESS] [7627] ? NIV-FF6FD6CF505A78FE | BASKET | KNIFE_EDGE | PAVE | GOLD | KT_14 | 1ct | imgs:3
[05:57:55][PRINCESS] [7628] ? NIV-FF6FD6CF505A78FE | BASKET | KNIFE_EDGE | PAVE | GOLD | KT_14 | 1ct | imgs:3
[05:58:02][PRINCESS] [7629] ? NIV-59E9F04E86EDBBFE | BASKET | KNIFE_EDGE | PAVE | GOLD | KT_14 | 1ct | imgs:1
[05:58:07][PRINCESS] [7630] ? NIV-59E9F04E86EDBBFE | BASKET | KNIFE_EDGE | PAVE | GOLD | KT_14 | 1ct | imgs:3
[05:58:13][PRINCESS] [7631] ? NIV-59E9F04E86EDBBFE | BASKET | KNIFE_EDGE | PAVE | GOLD | KT_14 | 1ct | imgs:3
[05:58:20][PRINCESS] [7632] ? NIV-934487B6A8361E3A | BASKET | KNIFE_EDGE | PAVE | GOLD | KT_14 | 1ct | imgs:3
[05:58:25][PRINCESS] [7633] ? NIV-934487B6A8361E3A | BASKET | KNIFE_EDGE | PAVE | GOLD | KT_14 | 1ct | imgs:3
[05:58:29][PRINCESS] [7634] ? NIV-934487B6A8361E3A | BASKET | KNIFE_EDGE | PAVE | GOLD | KT_14 | 1ct | imgs:3
[05:58:42][PRINCESS] [7635] ??  NIV-D3FC7C77FEE93C77 | BASKET | KNIFE_EDGE | PAVE | GOLD | KT_18 | 1ct | imgs:0
[05:58:46][PRINCESS] [7636] ? NIV-D3FC7C77FEE93C77 | BASKET | KNIFE_EDGE | PAVE | GOLD | KT_18 | 1ct | imgs:3
[05:58:49][PRINCESS] [7637] ? NIV-D3FC7C77FEE93C77 | BASKET | KNIFE_EDGE | PAVE | GOLD | KT_18 | 1ct | imgs:3
[05:58:53][PRINCESS] [7638] ? NIV-AEF858C777BC9D1E | BASKET | KNIFE_EDGE | PAVE | GOLD | KT_18 | 1ct | imgs:1
[05:58:58][PRINCESS] [7639] ? NIV-AEF858C777BC9D1E | BASKET | KNIFE_EDGE | PAVE | GOLD | KT_18 | 1ct | imgs:3
[05:59:01][PRINCESS] [7640] ? NIV-AEF858C777BC9D1E | BASKET | KNIFE_EDGE | PAVE | GOLD | KT_18 | 1ct | imgs:3
[05:59:04][PRINCESS] [7641] ? NIV-419E66E387FF0EDD | BASKET | KNIFE_EDGE | PAVE | GOLD | KT_18 | 1ct | imgs:3
[05:59:10][PRINCESS] [7642] ? NIV-419E66E387FF0EDD | BASKET | KNIFE_EDGE | PAVE | GOLD | KT_18 | 1ct | imgs:3
[05:59:16][PRINCESS] [7643] ? NIV-419E66E387FF0EDD | BASKET | KNIFE_EDGE | PAVE | GOLD | KT_18 | 1ct | imgs:3
[05:59:19][PRINCESS] [7644] ? NIV-1D0657FE1927E3A8 | BASKET | KNIFE_EDGE | PAVE | PLATINUM | PT_950 | 1ct | imgs:3
[05:59:25][PRINCESS] [7645] ? NIV-FED58FB1D55E0DE8 | BASKET | KNIFE_EDGE | PAVE | GOLD | KT_10 | 1ct | imgs:3
[05:59:31][PRINCESS] [7646] ? NIV-FED58FB1D55E0DE8 | BASKET | KNIFE_EDGE | PAVE | GOLD | KT_10 | 1ct | imgs:3
[05:59:37][PRINCESS] [7647] ? NIV-FED58FB1D55E0DE8 | BASKET | KNIFE_EDGE | PAVE | GOLD | KT_10 | 1ct | imgs:3
[05:59:40][PRINCESS] [7648] ? NIV-420BF17393D28DBC | BASKET | KNIFE_EDGE | PAVE | GOLD | KT_10 | 1ct | imgs:3
[05:59:46][PRINCESS] [7649] ? NIV-420BF17393D28DBC | BASKET | KNIFE_EDGE | PAVE | GOLD | KT_10 | 1ct | imgs:3
[05:59:52][PRINCESS] [7650] ? NIV-420BF17393D28DBC | BASKET | KNIFE_EDGE | PAVE | GOLD | KT_10 | 1ct | imgs:3
[05:59:56][PRINCESS] [7651] ? NIV-458565116941FCB9 | BASKET | KNIFE_EDGE | PAVE | GOLD | KT_10 | 1ct | imgs:3
[06:00:01][PRINCESS] [7652] ? NIV-458565116941FCB9 | BASKET | KNIFE_EDGE | PAVE | GOLD | KT_10 | 1ct | imgs:3
[06:00:05][PRINCESS] [7653] ? NIV-458565116941FCB9 | BASKET | KNIFE_EDGE | PAVE | GOLD | KT_10 | 1ct | imgs:3
[06:00:10][PRINCESS] [7654] ? NIV-F3B96533A9ACED68 | BASKET | KNIFE_EDGE | PAVE | GOLD | KT_14 | 1ct | imgs:3
[06:00:13][PRINCESS] [7655] ? NIV-F3B96533A9ACED68 | BASKET | KNIFE_EDGE | PAVE | GOLD | KT_14 | 1ct | imgs:3
[06:00:19][PRINCESS] [7656] ? NIV-F3B96533A9ACED68 | BASKET | KNIFE_EDGE | PAVE | GOLD | KT_14 | 1ct | imgs:3
[06:00:25][PRINCESS] [7657] ? NIV-EA6213EFF59DE9FA | BASKET | KNIFE_EDGE | PAVE | GOLD | KT_14 | 1ct | imgs:1
[06:00:31][PRINCESS] [7658] ? NIV-EA6213EFF59DE9FA | BASKET | KNIFE_EDGE | PAVE | GOLD | KT_14 | 1ct | imgs:3
[06:00:34][PRINCESS] [7659] ? NIV-EA6213EFF59DE9FA | BASKET | KNIFE_EDGE | PAVE | GOLD | KT_14 | 1ct | imgs:3
[06:00:37][PRINCESS] [7660] ? NIV-14309BDD174ECF97 | BASKET | KNIFE_EDGE | PAVE | GOLD | KT_14 | 1ct | imgs:3
[06:00:41][PRINCESS] [7661] ? NIV-14309BDD174ECF97 | BASKET | KNIFE_EDGE | PAVE | GOLD | KT_14 | 1ct | imgs:3
[06:00:46][PRINCESS] [7662] ? NIV-14309BDD174ECF97 | BASKET | KNIFE_EDGE | PAVE | GOLD | KT_14 | 1ct | imgs:3
[06:00:52][PRINCESS] [7663] ? NIV-C8E946B14470FE23 | BASKET | KNIFE_EDGE | PAVE | GOLD | KT_18 | 1ct | imgs:3
[06:00:58][PRINCESS] [7664] ? NIV-C8E946B14470FE23 | BASKET | KNIFE_EDGE | PAVE | GOLD | KT_18 | 1ct | imgs:3
[06:01:04][PRINCESS] [7665] ? NIV-C8E946B14470FE23 | BASKET | KNIFE_EDGE | PAVE | GOLD | KT_18 | 1ct | imgs:3
[06:01:10][PRINCESS] [7666] ? NIV-1223C601E537F93E | BASKET | KNIFE_EDGE | PAVE | GOLD | KT_18 | 1ct | imgs:3
[06:01:16][PRINCESS] [7667] ? NIV-1223C601E537F93E | BASKET | KNIFE_EDGE | PAVE | GOLD | KT_18 | 1ct | imgs:3
[06:01:20][PRINCESS] [7668] ? NIV-1223C601E537F93E | BASKET | KNIFE_EDGE | PAVE | GOLD | KT_18 | 1ct | imgs:3
[06:01:25][PRINCESS] [7669] ? NIV-6D0ADCF0558B7E04 | BASKET | KNIFE_EDGE | PAVE | GOLD | KT_18 | 1ct | imgs:3
[06:01:31][PRINCESS] [7670] ? NIV-6D0ADCF0558B7E04 | BASKET | KNIFE_EDGE | PAVE | GOLD | KT_18 | 1ct | imgs:3
[06:01:34][PRINCESS] [7671] ? NIV-6D0ADCF0558B7E04 | BASKET | KNIFE_EDGE | PAVE | GOLD | KT_18 | 1ct | imgs:3
[06:01:37][PRINCESS] [7672] ? NIV-45CABFEE318E09DB | BASKET | KNIFE_EDGE | PAVE | PLATINUM | PT_950 | 1ct | imgs:3
[06:01:54][PRINCESS] [7673] ??  NIV-45CABFEE318E09DB | BASKET | KNIFE_EDGE | PAVE | GOLD | KT_10 | 1ct | imgs:0
[06:01:58][PRINCESS] [7674] ? NIV-582765702E055CE3 | BASKET | KNIFE_EDGE | PAVE | GOLD | KT_10 | 1ct | imgs:3
[06:02:04][PRINCESS] [7675] ? NIV-582765702E055CE3 | BASKET | KNIFE_EDGE | PAVE | GOLD | KT_10 | 1ct | imgs:3
[06:02:07][PRINCESS] [7676] ? NIV-F08B4B508166BDA1 | BASKET | KNIFE_EDGE | PAVE | GOLD | KT_10 | 1ct | imgs:3
[06:02:13][PRINCESS] [7677] ? NIV-F08B4B508166BDA1 | BASKET | KNIFE_EDGE | PAVE | GOLD | KT_10 | 1ct | imgs:3
[06:02:17][PRINCESS] [7678] ? NIV-F08B4B508166BDA1 | BASKET | KNIFE_EDGE | PAVE | GOLD | KT_10 | 1ct | imgs:3
[06:02:19][PRINCESS] [7679] ? NIV-DB4CB6DDDEE8EEC3 | BASKET | KNIFE_EDGE | PAVE | GOLD | KT_10 | 1ct | imgs:3
[06:02:25][PRINCESS] [7680] ? NIV-DB4CB6DDDEE8EEC3 | BASKET | KNIFE_EDGE | PAVE | GOLD | KT_10 | 1ct | imgs:3
[06:02:31][PRINCESS] [7681] ? NIV-DB4CB6DDDEE8EEC3 | BASKET | KNIFE_EDGE | PAVE | GOLD | KT_10 | 1ct | imgs:3
[06:02:37][PRINCESS] [7682] ? NIV-B833F7B7B803B321 | BASKET | KNIFE_EDGE | PAVE | GOLD | KT_14 | 1ct | imgs:3
[06:02:40][PRINCESS] [7683] ? NIV-B833F7B7B803B321 | BASKET | KNIFE_EDGE | PAVE | GOLD | KT_14 | 1ct | imgs:3
[06:02:46][PRINCESS] [7684] ? NIV-B833F7B7B803B321 | BASKET | KNIFE_EDGE | PAVE | GOLD | KT_14 | 1ct | imgs:3
[06:02:49][PRINCESS] [7685] ? NIV-C8B126757FB73596 | BASKET | KNIFE_EDGE | PAVE | GOLD | KT_14 | 1ct | imgs:3
[06:02:55][PRINCESS] [7686] ? NIV-C8B126757FB73596 | BASKET | KNIFE_EDGE | PAVE | GOLD | KT_14 | 1ct | imgs:3
[06:03:01][PRINCESS] [7687] ? NIV-C8B126757FB73596 | BASKET | KNIFE_EDGE | PAVE | GOLD | KT_14 | 1ct | imgs:3
[06:03:04][PRINCESS] [7688] ? NIV-832980A68E85CAFD | BASKET | KNIFE_EDGE | PAVE | GOLD | KT_14 | 1ct | imgs:3
[06:03:10][PRINCESS] [7689] ? NIV-832980A68E85CAFD | BASKET | KNIFE_EDGE | PAVE | GOLD | KT_14 | 1ct | imgs:3
[06:03:16][PRINCESS] [7690] ? NIV-832980A68E85CAFD | BASKET | KNIFE_EDGE | PAVE | GOLD | KT_14 | 1ct | imgs:3
[06:03:19][PRINCESS] [7691] ? NIV-D6C2FAB2AB9B3190 | BASKET | KNIFE_EDGE | PAVE | GOLD | KT_18 | 1ct | imgs:3
[06:03:25][PRINCESS] [7692] ? NIV-D6C2FAB2AB9B3190 | BASKET | KNIFE_EDGE | PAVE | GOLD | KT_18 | 1ct | imgs:3
[06:03:31][PRINCESS] [7693] ? NIV-D6C2FAB2AB9B3190 | BASKET | KNIFE_EDGE | PAVE | GOLD | KT_18 | 1ct | imgs:3
[06:03:34][PRINCESS] [7694] ? NIV-2599765F4DED442D | BASKET | KNIFE_EDGE | PAVE | GOLD | KT_18 | 1ct | imgs:3
[06:03:40][PRINCESS] [7695] ? NIV-2599765F4DED442D | BASKET | KNIFE_EDGE | PAVE | GOLD | KT_18 | 1ct | imgs:3
[06:03:46][PRINCESS] [7696] ? NIV-2599765F4DED442D | BASKET | KNIFE_EDGE | PAVE | GOLD | KT_18 | 1ct | imgs:3
[06:03:49][PRINCESS] [7697] ? NIV-FA6D3A2328211212 | BASKET | KNIFE_EDGE | PAVE | GOLD | KT_18 | 1ct | imgs:3
[06:03:53][PRINCESS] [7698] ? NIV-FA6D3A2328211212 | BASKET | KNIFE_EDGE | PAVE | GOLD | KT_18 | 1ct | imgs:3
[06:03:58][PRINCESS] [7699] ? NIV-FA6D3A2328211212 | BASKET | KNIFE_EDGE | PAVE | GOLD | KT_18 | 1ct | imgs:3
[06:04:01][PRINCESS] [7700] ? NIV-643F8CCCF5B19B2B | BASKET | KNIFE_EDGE | PAVE | PLATINUM | PT_950 | 1ct | imgs:3
[06:04:13][PRINCESS] [7701] ? NIV-6AAD9B5E315C6909 | BASKET | KNIFE_EDGE | PAVE | GOLD | KT_10 | 1ct | imgs:3
[06:04:16][PRINCESS] [7702] ? NIV-6AAD9B5E315C6909 | BASKET | KNIFE_EDGE | PAVE | GOLD | KT_10 | 1ct | imgs:3
[06:04:22][PRINCESS] [7703] ? NIV-6AAD9B5E315C6909 | BASKET | KNIFE_EDGE | PAVE | GOLD | KT_10 | 1ct | imgs:3
[06:04:27][PRINCESS] [7704] ? NIV-C1895EAF9CEE8A16 | BASKET | KNIFE_EDGE | PAVE | GOLD | KT_10 | 1ct | imgs:1
[06:04:31][PRINCESS] [7705] ? NIV-C1895EAF9CEE8A16 | BASKET | KNIFE_EDGE | PAVE | GOLD | KT_10 | 1ct | imgs:3
[06:04:37][PRINCESS] [7706] ? NIV-C1895EAF9CEE8A16 | BASKET | KNIFE_EDGE | PAVE | GOLD | KT_10 | 1ct | imgs:3
[06:04:42][PRINCESS] [7707] ? NIV-6B762583CEC19AE5 | BASKET | KNIFE_EDGE | PAVE | GOLD | KT_10 | 1ct | imgs:1
[06:04:47][PRINCESS] [7708] ? NIV-6B762583CEC19AE5 | BASKET | KNIFE_EDGE | PAVE | GOLD | KT_10 | 1ct | imgs:3
[06:04:52][PRINCESS] [7709] ? NIV-6B762583CEC19AE5 | BASKET | KNIFE_EDGE | PAVE | GOLD | KT_10 | 1ct | imgs:3
[06:04:58][PRINCESS] [7710] ? NIV-634F05141A385D1A | BASKET | KNIFE_EDGE | PAVE | GOLD | KT_14 | 1ct | imgs:3
[06:05:04][PRINCESS] [7711] ? NIV-634F05141A385D1A | BASKET | KNIFE_EDGE | PAVE | GOLD | KT_14 | 1ct | imgs:3
[06:05:10][PRINCESS] [7712] ? NIV-634F05141A385D1A | BASKET | KNIFE_EDGE | PAVE | GOLD | KT_14 | 1ct | imgs:3
[06:05:13][PRINCESS] [7713] ? NIV-79B942B2E8EEC774 | BASKET | KNIFE_EDGE | PAVE | GOLD | KT_14 | 1ct | imgs:3
[06:05:16][PRINCESS] [7714] ? NIV-79B942B2E8EEC774 | BASKET | KNIFE_EDGE | PAVE | GOLD | KT_14 | 1ct | imgs:3
[06:05:19][PRINCESS] [7715] ? NIV-79B942B2E8EEC774 | BASKET | KNIFE_EDGE | PAVE | GOLD | KT_14 | 1ct | imgs:3
[06:05:22][PRINCESS] [7716] ? NIV-AA8CD1A69CCF4EEF | BASKET | KNIFE_EDGE | PAVE | GOLD | KT_14 | 1ct | imgs:3
[06:05:25][PRINCESS] [7717] ? NIV-AA8CD1A69CCF4EEF | BASKET | KNIFE_EDGE | PAVE | GOLD | KT_14 | 1ct | imgs:3
[06:05:31][PRINCESS] [7718] ? NIV-AA8CD1A69CCF4EEF | BASKET | KNIFE_EDGE | PAVE | GOLD | KT_14 | 1ct | imgs:3
[06:05:38][PRINCESS] [7719] ? NIV-D8DF63E0F7E73044 | BASKET | KNIFE_EDGE | PAVE | GOLD | KT_18 | 1ct | imgs:1
[06:05:43][PRINCESS] [7720] ? NIV-D8DF63E0F7E73044 | BASKET | KNIFE_EDGE | PAVE | GOLD | KT_18 | 1ct | imgs:3
[06:05:46][PRINCESS] [7721] ? NIV-D8DF63E0F7E73044 | BASKET | KNIFE_EDGE | PAVE | GOLD | KT_18 | 1ct | imgs:3
[06:05:49][PRINCESS] [7722] ? NIV-2578CAE05B6D4EFC | BASKET | KNIFE_EDGE | PAVE | GOLD | KT_18 | 1ct | imgs:3
[06:05:53][PRINCESS] [7723] ? NIV-2578CAE05B6D4EFC | BASKET | KNIFE_EDGE | PAVE | GOLD | KT_18 | 1ct | imgs:3
[06:05:58][PRINCESS] [7724] ? NIV-2578CAE05B6D4EFC | BASKET | KNIFE_EDGE | PAVE | GOLD | KT_18 | 1ct | imgs:3
[06:06:01][PRINCESS] [7725] ? NIV-38611E2A461ABD3E | BASKET | KNIFE_EDGE | PAVE | GOLD | KT_18 | 1ct | imgs:3
[06:06:07][PRINCESS] [7726] ? NIV-38611E2A461ABD3E | BASKET | KNIFE_EDGE | PAVE | GOLD | KT_18 | 1ct | imgs:3
[06:06:13][PRINCESS] [7727] ? NIV-38611E2A461ABD3E | BASKET | KNIFE_EDGE | PAVE | GOLD | KT_18 | 1ct | imgs:3
[06:06:16][PRINCESS] [7728] ? NIV-646084485D08C7E8 | BASKET | KNIFE_EDGE | PAVE | PLATINUM | PT_950 | 1ct | imgs:3
[06:06:26][PRINCESS] [7729] ? NIV-3B6F8AEEDC8D698D | BASKET | KNIFE_EDGE | PAVE | GOLD | KT_10 | 1ct | imgs:1
[06:06:31][PRINCESS] [7730] ? NIV-3B6F8AEEDC8D698D | BASKET | KNIFE_EDGE | PAVE | GOLD | KT_10 | 1ct | imgs:3
[06:06:37][PRINCESS] [7731] ? NIV-3B6F8AEEDC8D698D | BASKET | KNIFE_EDGE | PAVE | GOLD | KT_10 | 1ct | imgs:3
[06:06:40][PRINCESS] [7732] ? NIV-D03AB4CF50D02118 | BASKET | KNIFE_EDGE | PAVE | GOLD | KT_10 | 1ct | imgs:3
[06:06:43][PRINCESS] [7733] ? NIV-D03AB4CF50D02118 | BASKET | KNIFE_EDGE | PAVE | GOLD | KT_10 | 1ct | imgs:3
[06:06:46][PRINCESS] [7734] ? NIV-D03AB4CF50D02118 | BASKET | KNIFE_EDGE | PAVE | GOLD | KT_10 | 1ct | imgs:3
[06:06:50][PRINCESS] [7735] ? NIV-3E479552FFA95903 | BASKET | KNIFE_EDGE | PAVE | GOLD | KT_10 | 1ct | imgs:1
[06:06:55][PRINCESS] [7736] ? NIV-3E479552FFA95903 | BASKET | KNIFE_EDGE | PAVE | GOLD | KT_10 | 1ct | imgs:3
[06:06:58][PRINCESS] [7737] ? NIV-3E479552FFA95903 | BASKET | KNIFE_EDGE | PAVE | GOLD | KT_10 | 1ct | imgs:3
[06:07:04][PRINCESS] [7738] ? NIV-FBB45C7A03C8B3FA | BASKET | KNIFE_EDGE | PAVE | GOLD | KT_14 | 1ct | imgs:3
[06:07:10][PRINCESS] [7739] ? NIV-FBB45C7A03C8B3FA | BASKET | KNIFE_EDGE | PAVE | GOLD | KT_14 | 1ct | imgs:3
[06:07:16][PRINCESS] [7740] ? NIV-FBB45C7A03C8B3FA | BASKET | KNIFE_EDGE | PAVE | GOLD | KT_14 | 1ct | imgs:3
[06:07:20][PRINCESS] [7741] ? NIV-4945BDC60359EE35 | BASKET | KNIFE_EDGE | PAVE | GOLD | KT_14 | 1ct | imgs:3
[06:07:25][PRINCESS] [7742] ? NIV-4945BDC60359EE35 | BASKET | KNIFE_EDGE | PAVE | GOLD | KT_14 | 1ct | imgs:3
[06:07:31][PRINCESS] [7743] ? NIV-4945BDC60359EE35 | BASKET | KNIFE_EDGE | PAVE | GOLD | KT_14 | 1ct | imgs:3
[06:07:34][PRINCESS] [7744] ? NIV-2ECCA13336108B67 | BASKET | KNIFE_EDGE | PAVE | GOLD | KT_14 | 1ct | imgs:3
[06:07:37][PRINCESS] [7745] ? NIV-2ECCA13336108B67 | BASKET | KNIFE_EDGE | PAVE | GOLD | KT_14 | 1ct | imgs:3
[06:07:43][PRINCESS] [7746] ? NIV-2ECCA13336108B67 | BASKET | KNIFE_EDGE | PAVE | GOLD | KT_14 | 1ct | imgs:3
[06:07:49][PRINCESS] [7747] ? NIV-A8BB555F9E9B1128 | BASKET | KNIFE_EDGE | PAVE | GOLD | KT_18 | 1ct | imgs:3
[06:07:55][PRINCESS] [7748] ? NIV-A8BB555F9E9B1128 | BASKET | KNIFE_EDGE | PAVE | GOLD | KT_18 | 1ct | imgs:3
[06:08:01][PRINCESS] [7749] ? NIV-A8BB555F9E9B1128 | BASKET | KNIFE_EDGE | PAVE | GOLD | KT_18 | 1ct | imgs:3
[06:08:05][PRINCESS] [7750] ? NIV-F0EC57C78A5D9B37 | BASKET | KNIFE_EDGE | PAVE | GOLD | KT_18 | 1ct | imgs:3
[06:08:10][PRINCESS] [7751] ? NIV-F0EC57C78A5D9B37 | BASKET | KNIFE_EDGE | PAVE | GOLD | KT_18 | 1ct | imgs:3
[06:08:16][PRINCESS] [7752] ? NIV-F0EC57C78A5D9B37 | BASKET | KNIFE_EDGE | PAVE | GOLD | KT_18 | 1ct | imgs:3
[06:08:19][PRINCESS] [7753] ? NIV-78763EF511ECDB4D | BASKET | KNIFE_EDGE | PAVE | GOLD | KT_18 | 1ct | imgs:3
[06:08:25][PRINCESS] [7754] ? NIV-78763EF511ECDB4D | BASKET | KNIFE_EDGE | PAVE | GOLD | KT_18 | 1ct | imgs:3
[06:08:31][PRINCESS] [7755] ? NIV-78763EF511ECDB4D | BASKET | KNIFE_EDGE | PAVE | GOLD | KT_18 | 1ct | imgs:3
[06:08:34][PRINCESS] [7756] ? NIV-9B9E47377B06494A | BASKET | KNIFE_EDGE | PAVE | PLATINUM | PT_950 | 1ct | imgs:3
[06:08:40][PRINCESS] [7757] ? NIV-7CE4A5467C0FE795 | BASKET | KNIFE_EDGE | PAVE | GOLD | KT_10 | 1ct | imgs:3
[06:08:46][PRINCESS] [7758] ? NIV-7CE4A5467C0FE795 | BASKET | KNIFE_EDGE | PAVE | GOLD | KT_10 | 1ct | imgs:3
[06:08:52][PRINCESS] [7759] ? NIV-7CE4A5467C0FE795 | BASKET | KNIFE_EDGE | PAVE | GOLD | KT_10 | 1ct | imgs:3
[06:08:57][PRINCESS] [7760] ? NIV-4E639FD3693D0FA5 | BASKET | KNIFE_EDGE | PAVE | GOLD | KT_10 | 1ct | imgs:3
[06:09:01][PRINCESS] [7761] ? NIV-4E639FD3693D0FA5 | BASKET | KNIFE_EDGE | PAVE | GOLD | KT_10 | 1ct | imgs:3
[06:09:04][PRINCESS] [7762] ? NIV-4E639FD3693D0FA5 | BASKET | KNIFE_EDGE | PAVE | GOLD | KT_10 | 1ct | imgs:3
[06:09:09][PRINCESS] [7763] ? NIV-69ED013677EBF1A1 | BASKET | KNIFE_EDGE | PAVE | GOLD | KT_10 | 1ct | imgs:1
[06:09:13][PRINCESS] [7764] ? NIV-69ED013677EBF1A1 | BASKET | KNIFE_EDGE | PAVE | GOLD | KT_10 | 1ct | imgs:3
[06:09:19][PRINCESS] [7765] ? NIV-69ED013677EBF1A1 | BASKET | KNIFE_EDGE | PAVE | GOLD | KT_10 | 1ct | imgs:3
[06:09:25][PRINCESS] [7766] ? NIV-10C746BBDD594DC2 | BASKET | KNIFE_EDGE | PAVE | GOLD | KT_14 | 1ct | imgs:3
[06:09:28][PRINCESS] [7767] ? NIV-10C746BBDD594DC2 | BASKET | KNIFE_EDGE | PAVE | GOLD | KT_14 | 1ct | imgs:3
[06:09:34][PRINCESS] [7768] ? NIV-10C746BBDD594DC2 | BASKET | KNIFE_EDGE | PAVE | GOLD | KT_14 | 1ct | imgs:3
[06:09:40][PRINCESS] [7769] ? NIV-53F67C5660422302 | BASKET | KNIFE_EDGE | PAVE | GOLD | KT_14 | 1ct | imgs:3
[06:09:46][PRINCESS] [7770] ? NIV-53F67C5660422302 | BASKET | KNIFE_EDGE | PAVE | GOLD | KT_14 | 1ct | imgs:3
[06:09:52][PRINCESS] [7771] ? NIV-53F67C5660422302 | BASKET | KNIFE_EDGE | PAVE | GOLD | KT_14 | 1ct | imgs:3
[06:09:55][PRINCESS] [7772] ? NIV-BE54A18206133171 | BASKET | KNIFE_EDGE | PAVE | GOLD | KT_14 | 1ct | imgs:3
[06:10:01][PRINCESS] [7773] ? NIV-BE54A18206133171 | BASKET | KNIFE_EDGE | PAVE | GOLD | KT_14 | 1ct | imgs:3
[06:10:04][PRINCESS] [7774] ? NIV-BE54A18206133171 | BASKET | KNIFE_EDGE | PAVE | GOLD | KT_14 | 1ct | imgs:3
[06:10:15][PRINCESS] [7775] ??  NIV-C6CC59B1E6A852AE | BASKET | KNIFE_EDGE | PAVE | GOLD | KT_18 | 1ct | imgs:0
[06:10:19][PRINCESS] [7776] ? NIV-C6CC59B1E6A852AE | BASKET | KNIFE_EDGE | PAVE | GOLD | KT_18 | 1ct | imgs:3
[06:10:22][PRINCESS] [7777] ? NIV-C6CC59B1E6A852AE | BASKET | KNIFE_EDGE | PAVE | GOLD | KT_18 | 1ct | imgs:3
[06:10:30][PRINCESS] [7778] ? NIV-1D56C7C338CB31F9 | BASKET | KNIFE_EDGE | PAVE | GOLD | KT_18 | 1ct | imgs:1
[06:10:34][PRINCESS] [7779] ? NIV-1D56C7C338CB31F9 | BASKET | KNIFE_EDGE | PAVE | GOLD | KT_18 | 1ct | imgs:3
[06:10:40][PRINCESS] [7780] ? NIV-1D56C7C338CB31F9 | BASKET | KNIFE_EDGE | PAVE | GOLD | KT_18 | 1ct | imgs:3
[06:10:44][PRINCESS] [7781] ? NIV-5F471B09CDF252A1 | BASKET | KNIFE_EDGE | PAVE | GOLD | KT_18 | 1ct | imgs:3
[06:10:49][PRINCESS] [7782] ? NIV-5F471B09CDF252A1 | BASKET | KNIFE_EDGE | PAVE | GOLD | KT_18 | 1ct | imgs:3
[06:10:55][PRINCESS] [7783] ? NIV-5F471B09CDF252A1 | BASKET | KNIFE_EDGE | PAVE | GOLD | KT_18 | 1ct | imgs:3
[06:10:58][PRINCESS] [7784] ? NIV-E26DC45652014B89 | BASKET | KNIFE_EDGE | PAVE | PLATINUM | PT_950 | 1ct | imgs:3
[06:11:08][PRINCESS] [7785] ? NIV-63A6DA81F8D6CEC5 | BASKET | KNIFE_EDGE | PAVE | GOLD | KT_10 | 1ct | imgs:1
[06:11:13][PRINCESS] [7786] ? NIV-63A6DA81F8D6CEC5 | BASKET | KNIFE_EDGE | PAVE | GOLD | KT_10 | 1ct | imgs:3
[06:11:19][PRINCESS] [7787] ? NIV-63A6DA81F8D6CEC5 | BASKET | KNIFE_EDGE | PAVE | GOLD | KT_10 | 1ct | imgs:3
[06:11:24][PRINCESS] [7788] ? NIV-7FCA63828B9E30F5 | BASKET | KNIFE_EDGE | PAVE | GOLD | KT_10 | 1ct | imgs:1
[06:11:28][PRINCESS] [7789] ? NIV-7FCA63828B9E30F5 | BASKET | KNIFE_EDGE | PAVE | GOLD | KT_10 | 1ct | imgs:3
[06:11:31][PRINCESS] [7790] ? NIV-7FCA63828B9E30F5 | BASKET | KNIFE_EDGE | PAVE | GOLD | KT_10 | 1ct | imgs:3
[06:11:34][PRINCESS] [7791] ? NIV-DB2530519BF9C25A | BASKET | KNIFE_EDGE | PAVE | GOLD | KT_10 | 1ct | imgs:3
[06:11:40][PRINCESS] [7792] ? NIV-DB2530519BF9C25A | BASKET | KNIFE_EDGE | PAVE | GOLD | KT_10 | 1ct | imgs:3
[06:11:46][PRINCESS] [7793] ? NIV-DB2530519BF9C25A | BASKET | KNIFE_EDGE | PAVE | GOLD | KT_10 | 1ct | imgs:3
[06:11:52][PRINCESS] [7794] ? NIV-C21FA3A73E9FFF41 | BASKET | KNIFE_EDGE | PAVE | GOLD | KT_14 | 1ct | imgs:3
[06:11:58][PRINCESS] [7795] ? NIV-C21FA3A73E9FFF41 | BASKET | KNIFE_EDGE | PAVE | GOLD | KT_14 | 1ct | imgs:3
[06:12:04][PRINCESS] [7796] ? NIV-C21FA3A73E9FFF41 | BASKET | KNIFE_EDGE | PAVE | GOLD | KT_14 | 1ct | imgs:3
[06:12:07][PRINCESS] [7797] ? NIV-245C68123B357CEE | BASKET | KNIFE_EDGE | PAVE | GOLD | KT_14 | 1ct | imgs:1
[06:12:13][PRINCESS] [7798] ? NIV-245C68123B357CEE | BASKET | KNIFE_EDGE | PAVE | GOLD | KT_14 | 1ct | imgs:3
[06:12:16][PRINCESS] [7799] ? NIV-245C68123B357CEE | BASKET | KNIFE_EDGE | PAVE | GOLD | KT_14 | 1ct | imgs:3
[06:12:19][PRINCESS] [7800] ? NIV-86E1E19D4337458E | BASKET | KNIFE_EDGE | PAVE | GOLD | KT_14 | 1ct | imgs:3
[06:12:23][PRINCESS] [7801] ? NIV-86E1E19D4337458E | BASKET | KNIFE_EDGE | PAVE | GOLD | KT_14 | 1ct | imgs:3
[06:12:28][PRINCESS] [7802] ? NIV-86E1E19D4337458E | BASKET | KNIFE_EDGE | PAVE | GOLD | KT_14 | 1ct | imgs:3
[06:12:34][PRINCESS] [7803] ? NIV-F86F7870E5669666 | BASKET | KNIFE_EDGE | PAVE | GOLD | KT_18 | 1ct | imgs:3
[06:12:40][PRINCESS] [7804] ? NIV-F86F7870E5669666 | BASKET | KNIFE_EDGE | PAVE | GOLD | KT_18 | 1ct | imgs:3
[06:12:46][PRINCESS] [7805] ? NIV-F86F7870E5669666 | BASKET | KNIFE_EDGE | PAVE | GOLD | KT_18 | 1ct | imgs:3
[06:12:49][PRINCESS] [7806] ? NIV-97648CE3DCD21DFF | BASKET | KNIFE_EDGE | PAVE | GOLD | KT_18 | 1ct | imgs:1
[06:12:55][PRINCESS] [7807] ? NIV-97648CE3DCD21DFF | BASKET | KNIFE_EDGE | PAVE | GOLD | KT_18 | 1ct | imgs:3
[06:13:01][PRINCESS] [7808] ? NIV-97648CE3DCD21DFF | BASKET | KNIFE_EDGE | PAVE | GOLD | KT_18 | 1ct | imgs:3
[06:13:04][PRINCESS] [7809] ? NIV-D3FB8AE06E54D07F | BASKET | KNIFE_EDGE | PAVE | GOLD | KT_18 | 1ct | imgs:3
[06:13:10][PRINCESS] [7810] ? NIV-D3FB8AE06E54D07F | BASKET | KNIFE_EDGE | PAVE | GOLD | KT_18 | 1ct | imgs:3
[06:13:16][PRINCESS] [7811] ? NIV-D3FB8AE06E54D07F | BASKET | KNIFE_EDGE | PAVE | GOLD | KT_18 | 1ct | imgs:3
[06:13:22][PRINCESS] [7812] ? NIV-50415CE707E4BC5E | BASKET | KNIFE_EDGE | PAVE | PLATINUM | PT_950 | 1ct | imgs:3
[06:13:29][PRINCESS] [7813] ? NIV-BD0BEE76AC7397BA | BASKET | KNIFE_EDGE | PAVE | GOLD | KT_10 | 1ct | imgs:3
[06:13:34][PRINCESS] [7814] ? NIV-BD0BEE76AC7397BA | BASKET | KNIFE_EDGE | PAVE | GOLD | KT_10 | 1ct | imgs:3
[06:13:37][PRINCESS] [7815] ? NIV-BD0BEE76AC7397BA | BASKET | KNIFE_EDGE | PAVE | GOLD | KT_10 | 1ct | imgs:3
[06:13:40][PRINCESS] [7816] ? NIV-790E68324C2947FF | BASKET | KNIFE_EDGE | PAVE | GOLD | KT_10 | 1ct | imgs:3
[06:13:44][PRINCESS] [7817] ? NIV-790E68324C2947FF | BASKET | KNIFE_EDGE | PAVE | GOLD | KT_10 | 1ct | imgs:3
[06:13:49][PRINCESS] [7818] ? NIV-790E68324C2947FF | BASKET | KNIFE_EDGE | PAVE | GOLD | KT_10 | 1ct | imgs:3
[06:13:52][PRINCESS] [7819] ? NIV-4CE7CF5BC30AB093 | BASKET | KNIFE_EDGE | PAVE | GOLD | KT_10 | 1ct | imgs:3
[06:13:58][PRINCESS] [7820] ? NIV-4CE7CF5BC30AB093 | BASKET | KNIFE_EDGE | PAVE | GOLD | KT_10 | 1ct | imgs:3
[06:14:01][PRINCESS] [7821] ? NIV-4CE7CF5BC30AB093 | BASKET | KNIFE_EDGE | PAVE | GOLD | KT_10 | 1ct | imgs:3
[06:14:04][PRINCESS] [7822] ? NIV-6AF3929A443A0266 | BASKET | KNIFE_EDGE | PAVE | GOLD | KT_14 | 1ct | imgs:1
[06:14:10][PRINCESS] [7823] ? NIV-6AF3929A443A0266 | BASKET | KNIFE_EDGE | PAVE | GOLD | KT_14 | 1ct | imgs:3
[06:14:16][PRINCESS] [7824] ? NIV-6AF3929A443A0266 | BASKET | KNIFE_EDGE | PAVE | GOLD | KT_14 | 1ct | imgs:3
[06:14:19][PRINCESS] [7825] ? NIV-83E5045CC5BB432E | BASKET | KNIFE_EDGE | PAVE | GOLD | KT_14 | 1ct | imgs:1
[06:14:25][PRINCESS] [7826] ? NIV-83E5045CC5BB432E | BASKET | KNIFE_EDGE | PAVE | GOLD | KT_14 | 1ct | imgs:3
[06:14:28][PRINCESS] [7827] ? NIV-83E5045CC5BB432E | BASKET | KNIFE_EDGE | PAVE | GOLD | KT_14 | 1ct | imgs:3
[06:14:33][PRINCESS] [7828] ? NIV-32DE9A044FD5D3A4 | BASKET | KNIFE_EDGE | PAVE | GOLD | KT_14 | 1ct | imgs:3
[06:14:37][PRINCESS] [7829] ? NIV-32DE9A044FD5D3A4 | BASKET | KNIFE_EDGE | PAVE | GOLD | KT_14 | 1ct | imgs:3
[06:14:40][PRINCESS] [7830] ? NIV-32DE9A044FD5D3A4 | BASKET | KNIFE_EDGE | PAVE | GOLD | KT_14 | 1ct | imgs:3
[06:14:46][PRINCESS] [7831] ? NIV-DBDE35F530F24C2E | BASKET | KNIFE_EDGE | PAVE | GOLD | KT_18 | 1ct | imgs:3
[06:14:49][PRINCESS] [7832] ? NIV-DBDE35F530F24C2E | BASKET | KNIFE_EDGE | PAVE | GOLD | KT_18 | 1ct | imgs:3
[06:14:52][PRINCESS] [7833] ? NIV-DBDE35F530F24C2E | BASKET | KNIFE_EDGE | PAVE | GOLD | KT_18 | 1ct | imgs:3
[06:15:03][PRINCESS] [7834] ??  NIV-DBDE35F530F24C2E | BASKET | KNIFE_EDGE | PAVE | GOLD | KT_18 | 1ct | imgs:0
[06:15:10][PRINCESS] [7835] ? NIV-AD654D9FC683FE94 | BASKET | KNIFE_EDGE | PAVE | GOLD | KT_18 | 1ct | imgs:1
[06:15:16][PRINCESS] [7836] ? NIV-AD654D9FC683FE94 | BASKET | KNIFE_EDGE | PAVE | GOLD | KT_18 | 1ct | imgs:3
[06:15:22][PRINCESS] [7837] ? NIV-D2CC30F0C947E365 | BASKET | KNIFE_EDGE | PAVE | GOLD | KT_18 | 1ct | imgs:3
[06:15:28][PRINCESS] [7838] ? NIV-D2CC30F0C947E365 | BASKET | KNIFE_EDGE | PAVE | GOLD | KT_18 | 1ct | imgs:3
[06:15:34][PRINCESS] [7839] ? NIV-D2CC30F0C947E365 | BASKET | KNIFE_EDGE | PAVE | GOLD | KT_18 | 1ct | imgs:3
[06:15:37][PRINCESS] [7840] ? NIV-3A28E8E1FC6803AA | BASKET | KNIFE_EDGE | PAVE | PLATINUM | PT_950 | 1ct | imgs:3
[06:15:43][PRINCESS] [7841] ? NIV-364F9AEDC308A2D5 | BASKET | KNIFE_EDGE | PAVE | GOLD | KT_10 | 1ct | imgs:1
[06:15:49][PRINCESS] [7842] ? NIV-364F9AEDC308A2D5 | BASKET | KNIFE_EDGE | PAVE | GOLD | KT_10 | 1ct | imgs:3
[06:15:55][PRINCESS] [7843] ? NIV-364F9AEDC308A2D5 | BASKET | KNIFE_EDGE | PAVE | GOLD | KT_10 | 1ct | imgs:3
[06:15:58][PRINCESS] [7844] ? NIV-36E9E907C1AA4BAF | BASKET | KNIFE_EDGE | PAVE | GOLD | KT_10 | 1ct | imgs:3
[06:16:04][PRINCESS] [7845] ? NIV-36E9E907C1AA4BAF | BASKET | KNIFE_EDGE | PAVE | GOLD | KT_10 | 1ct | imgs:3
[06:16:10][PRINCESS] [7846] ? NIV-36E9E907C1AA4BAF | BASKET | KNIFE_EDGE | PAVE | GOLD | KT_10 | 1ct | imgs:3
[06:16:21][PRINCESS] [7847] ??  NIV-36E9E907C1AA4BAF | BASKET | KNIFE_EDGE | PAVE | GOLD | KT_10 | 1ct | imgs:0
[06:16:36][PRINCESS] [7848] ? NIV-B8F78973D9DE1E3F | BASKET | KNIFE_EDGE | PAVE | GOLD | KT_10 | 1ct | imgs:3
[06:16:40][PRINCESS] [7849] ? NIV-B8F78973D9DE1E3F | BASKET | KNIFE_EDGE | PAVE | GOLD | KT_10 | 1ct | imgs:3
[06:16:47][PRINCESS] [7850] ? NIV-00EDFA2AC88A3A2F | BASKET | KNIFE_EDGE | PAVE | GOLD | KT_14 | 1ct | imgs:1
[06:16:52][PRINCESS] [7851] ? NIV-00EDFA2AC88A3A2F | BASKET | KNIFE_EDGE | PAVE | GOLD | KT_14 | 1ct | imgs:3
[06:16:58][PRINCESS] [7852] ? NIV-00EDFA2AC88A3A2F | BASKET | KNIFE_EDGE | PAVE | GOLD | KT_14 | 1ct | imgs:3
[06:17:02][PRINCESS] [7853] ? NIV-0FF063F48FFCB860 | BASKET | KNIFE_EDGE | PAVE | GOLD | KT_14 | 1ct | imgs:1
[06:17:07][PRINCESS] [7854] ? NIV-0FF063F48FFCB860 | BASKET | KNIFE_EDGE | PAVE | GOLD | KT_14 | 1ct | imgs:3
[06:17:13][PRINCESS] [7855] ? NIV-0FF063F48FFCB860 | BASKET | KNIFE_EDGE | PAVE | GOLD | KT_14 | 1ct | imgs:3
[06:17:21][PRINCESS] [7856] ? NIV-25280917706274D9 | BASKET | KNIFE_EDGE | PAVE | GOLD | KT_14 | 1ct | imgs:2
[06:17:25][PRINCESS] [7857] ? NIV-25280917706274D9 | BASKET | KNIFE_EDGE | PAVE | GOLD | KT_14 | 1ct | imgs:3
[06:17:31][PRINCESS] [7858] ? NIV-25280917706274D9 | BASKET | KNIFE_EDGE | PAVE | GOLD | KT_14 | 1ct | imgs:3
[06:17:37][PRINCESS] [7859] ? NIV-9129C6502863DE52 | BASKET | KNIFE_EDGE | PAVE | GOLD | KT_18 | 1ct | imgs:1
[06:17:43][PRINCESS] [7860] ? NIV-9129C6502863DE52 | BASKET | KNIFE_EDGE | PAVE | GOLD | KT_18 | 1ct | imgs:3
[06:17:49][PRINCESS] [7861] ? NIV-9129C6502863DE52 | BASKET | KNIFE_EDGE | PAVE | GOLD | KT_18 | 1ct | imgs:3
[06:17:52][PRINCESS] [7862] ? NIV-BABA89D6C7DBA74A | BASKET | KNIFE_EDGE | PAVE | GOLD | KT_18 | 1ct | imgs:3
[06:17:56][PRINCESS] [7863] ? NIV-BABA89D6C7DBA74A | BASKET | KNIFE_EDGE | PAVE | GOLD | KT_18 | 1ct | imgs:3
[06:18:01][PRINCESS] [7864] ? NIV-BABA89D6C7DBA74A | BASKET | KNIFE_EDGE | PAVE | GOLD | KT_18 | 1ct | imgs:3
[06:18:04][PRINCESS] [7865] ? NIV-60F4590CE9A64A7E | BASKET | KNIFE_EDGE | PAVE | GOLD | KT_18 | 1ct | imgs:3
[06:18:10][PRINCESS] [7866] ? NIV-60F4590CE9A64A7E | BASKET | KNIFE_EDGE | PAVE | GOLD | KT_18 | 1ct | imgs:3
[06:18:17][PRINCESS] [7867] ? NIV-60F4590CE9A64A7E | BASKET | KNIFE_EDGE | PAVE | GOLD | KT_18 | 1ct | imgs:3
[06:18:17][PRINCESS]   Re-seleccionando PRINCESS (intento 1)
[06:18:17][PRINCESS]   Boton no encontrado ? recargando configurador...
[06:18:40][PRINCESS]   Re-seleccionando PRINCESS (intento 2)
[06:18:52][PRINCESS] [7868] ? NIV-E2C7AB49DE806B73 | BASKET | KNIFE_EDGE | PAVE | PLATINUM | PT_950 | 1ct | imgs:3
[06:18:59][PRINCESS] [7869] ? NIV-58D80612BA34FED5 | BASKET | SINGLE | NONE | GOLD | KT_10 | 1ct | imgs:3
[06:19:05][PRINCESS] [7870] ? NIV-58D80612BA34FED5 | BASKET | SINGLE | NONE | GOLD | KT_10 | 1ct | imgs:3
[06:19:08][PRINCESS] [7871] ? NIV-58D80612BA34FED5 | BASKET | SINGLE | NONE | GOLD | KT_10 | 1ct | imgs:3
[06:19:12][PRINCESS] [7872] ? NIV-7198B0FB30179C7F | BASKET | SINGLE | NONE | GOLD | KT_10 | 1ct | imgs:3
[06:19:17][PRINCESS] [7873] ? NIV-7198B0FB30179C7F | BASKET | SINGLE | NONE | GOLD | KT_10 | 1ct | imgs:3
[06:19:23][PRINCESS] [7874] ? NIV-7198B0FB30179C7F | BASKET | SINGLE | NONE | GOLD | KT_10 | 1ct | imgs:3
[06:19:26][PRINCESS] [7875] ? NIV-46DA39283D61D6BC | BASKET | SINGLE | NONE | GOLD | KT_10 | 1ct | imgs:3
[06:19:29][PRINCESS] [7876] ? NIV-46DA39283D61D6BC | BASKET | SINGLE | NONE | GOLD | KT_10 | 1ct | imgs:3
[06:19:33][PRINCESS] [7877] ? NIV-46DA39283D61D6BC | BASKET | SINGLE | NONE | GOLD | KT_10 | 1ct | imgs:3
[06:19:38][PRINCESS] [7878] ? NIV-F34AF5BDF644C07A | BASKET | SINGLE | NONE | GOLD | KT_14 | 1ct | imgs:2
[06:19:42][PRINCESS] [7879] ? NIV-F34AF5BDF644C07A | BASKET | SINGLE | NONE | GOLD | KT_14 | 1ct | imgs:3
[06:19:47][PRINCESS] [7880] ? NIV-F34AF5BDF644C07A | BASKET | SINGLE | NONE | GOLD | KT_14 | 1ct | imgs:3
[06:19:51][PRINCESS] [7881] ? NIV-C060E2A24DD111E7 | BASKET | SINGLE | NONE | GOLD | KT_14 | 1ct | imgs:1
[06:19:56][PRINCESS] [7882] ? NIV-C060E2A24DD111E7 | BASKET | SINGLE | NONE | GOLD | KT_14 | 1ct | imgs:3
[06:19:59][PRINCESS] [7883] ? NIV-C060E2A24DD111E7 | BASKET | SINGLE | NONE | GOLD | KT_14 | 1ct | imgs:3
[06:20:02][PRINCESS] [7884] ? NIV-7DEF84DFB6193FD7 | BASKET | SINGLE | NONE | GOLD | KT_14 | 1ct | imgs:3
[06:20:08][PRINCESS] [7885] ? NIV-7DEF84DFB6193FD7 | BASKET | SINGLE | NONE | GOLD | KT_14 | 1ct | imgs:3
[06:20:11][PRINCESS] [7886] ? NIV-7DEF84DFB6193FD7 | BASKET | SINGLE | NONE | GOLD | KT_14 | 1ct | imgs:3
[06:20:18][PRINCESS] [7887] ? NIV-AF3BD9263C718FD4 | BASKET | SINGLE | NONE | GOLD | KT_18 | 1ct | imgs:3
[06:20:23][PRINCESS] [7888] ? NIV-AF3BD9263C718FD4 | BASKET | SINGLE | NONE | GOLD | KT_18 | 1ct | imgs:3
[06:20:26][PRINCESS] [7889] ? NIV-AF3BD9263C718FD4 | BASKET | SINGLE | NONE | GOLD | KT_18 | 1ct | imgs:3
[06:20:32][PRINCESS] [7890] ? NIV-234DDF6A4230EB27 | BASKET | SINGLE | NONE | GOLD | KT_18 | 1ct | imgs:3
[06:20:38][PRINCESS] [7891] ? NIV-234DDF6A4230EB27 | BASKET | SINGLE | NONE | GOLD | KT_18 | 1ct | imgs:3
[06:20:44][PRINCESS] [7892] ? NIV-234DDF6A4230EB27 | BASKET | SINGLE | NONE | GOLD | KT_18 | 1ct | imgs:3
[06:20:49][PRINCESS] [7893] ? NIV-8762805492320BC7 | BASKET | SINGLE | NONE | GOLD | KT_18 | 1ct | imgs:3
[06:20:53][PRINCESS] [7894] ? NIV-8762805492320BC7 | BASKET | SINGLE | NONE | GOLD | KT_18 | 1ct | imgs:3
[06:20:59][PRINCESS] [7895] ? NIV-8762805492320BC7 | BASKET | SINGLE | NONE | GOLD | KT_18 | 1ct | imgs:3
[06:21:03][PRINCESS] [7896] ? NIV-D04C0916386418DA | BASKET | SINGLE | NONE | PLATINUM | PT_950 | 1ct | imgs:3
[06:21:08][PRINCESS] [7897] ? NIV-3B5703AFD01F4CE6 | BASKET | SINGLE | NONE | GOLD | KT_10 | 1ct | imgs:3
[06:21:14][PRINCESS] [7898] ? NIV-3B5703AFD01F4CE6 | BASKET | SINGLE | NONE | GOLD | KT_10 | 1ct | imgs:3
[06:21:18][PRINCESS] [7899] ? NIV-3B5703AFD01F4CE6 | BASKET | SINGLE | NONE | GOLD | KT_10 | 1ct | imgs:3
[06:21:22][PRINCESS] [7900] ? NIV-49BE38DA37FE3E1A | BASKET | SINGLE | NONE | GOLD | KT_10 | 1ct | imgs:1
[06:21:26][PRINCESS] [7901] ? NIV-49BE38DA37FE3E1A | BASKET | SINGLE | NONE | GOLD | KT_10 | 1ct | imgs:3
[06:21:29][PRINCESS] [7902] ? NIV-49BE38DA37FE3E1A | BASKET | SINGLE | NONE | GOLD | KT_10 | 1ct | imgs:3
[06:21:33][PRINCESS] [7903] ? NIV-884E8B76B5A5204E | BASKET | SINGLE | NONE | GOLD | KT_10 | 1ct | imgs:1
[06:21:39][PRINCESS] [7904] ? NIV-884E8B76B5A5204E | BASKET | SINGLE | NONE | GOLD | KT_10 | 1ct | imgs:3
[06:21:44][PRINCESS] [7905] ? NIV-884E8B76B5A5204E | BASKET | SINGLE | NONE | GOLD | KT_10 | 1ct | imgs:3
[06:21:50][PRINCESS] [7906] ? NIV-2813B1F9A82E3673 | BASKET | SINGLE | NONE | GOLD | KT_14 | 1ct | imgs:1
[06:21:54][PRINCESS] [7907] ? NIV-2813B1F9A82E3673 | BASKET | SINGLE | NONE | GOLD | KT_14 | 1ct | imgs:3
[06:21:59][PRINCESS] [7908] ? NIV-2813B1F9A82E3673 | BASKET | SINGLE | NONE | GOLD | KT_14 | 1ct | imgs:3
[06:22:03][PRINCESS] [7909] ? NIV-7568A7CC0BE4FB9E | BASKET | SINGLE | NONE | GOLD | KT_14 | 1ct | imgs:1
[06:22:08][PRINCESS] [7910] ? NIV-7568A7CC0BE4FB9E | BASKET | SINGLE | NONE | GOLD | KT_14 | 1ct | imgs:3
[06:22:14][PRINCESS] [7911] ? NIV-7568A7CC0BE4FB9E | BASKET | SINGLE | NONE | GOLD | KT_14 | 1ct | imgs:3
[06:22:19][PRINCESS] [7912] ? NIV-97E58758885A7FAA | BASKET | SINGLE | NONE | GOLD | KT_14 | 1ct | imgs:1
[06:22:23][PRINCESS] [7913] ? NIV-97E58758885A7FAA | BASKET | SINGLE | NONE | GOLD | KT_14 | 1ct | imgs:3
[06:22:26][PRINCESS] [7914] ? NIV-97E58758885A7FAA | BASKET | SINGLE | NONE | GOLD | KT_14 | 1ct | imgs:3
[06:22:34][PRINCESS] [7915] ? NIV-EA9DDBFB090D5B80 | BASKET | SINGLE | NONE | GOLD | KT_18 | 1ct | imgs:1
[06:22:38][PRINCESS] [7916] ? NIV-EA9DDBFB090D5B80 | BASKET | SINGLE | NONE | GOLD | KT_18 | 1ct | imgs:3
[06:22:44][PRINCESS] [7917] ? NIV-EA9DDBFB090D5B80 | BASKET | SINGLE | NONE | GOLD | KT_18 | 1ct | imgs:3
[06:22:50][PRINCESS] [7918] ? NIV-996F143EBF14C6A5 | BASKET | SINGLE | NONE | GOLD | KT_18 | 1ct | imgs:3
[06:22:56][PRINCESS] [7919] ? NIV-996F143EBF14C6A5 | BASKET | SINGLE | NONE | GOLD | KT_18 | 1ct | imgs:3
[06:23:02][PRINCESS] [7920] ? NIV-996F143EBF14C6A5 | BASKET | SINGLE | NONE | GOLD | KT_18 | 1ct | imgs:3
[06:23:05][PRINCESS] [7921] ? NIV-832BCF5852C10980 | BASKET | SINGLE | NONE | GOLD | KT_18 | 1ct | imgs:3
[06:23:11][PRINCESS] [7922] ? NIV-832BCF5852C10980 | BASKET | SINGLE | NONE | GOLD | KT_18 | 1ct | imgs:3
[06:23:17][PRINCESS] [7923] ? NIV-832BCF5852C10980 | BASKET | SINGLE | NONE | GOLD | KT_18 | 1ct | imgs:3
[06:23:23][PRINCESS] [7924] ? NIV-EC69098B07D1DDCB | BASKET | SINGLE | NONE | PLATINUM | PT_950 | 1ct | imgs:3
[06:23:29][PRINCESS] [7925] ? NIV-1C69D37EE704B015 | BASKET | SINGLE | NONE | GOLD | KT_10 | 1ct | imgs:3
[06:23:35][PRINCESS] [7926] ? NIV-1C69D37EE704B015 | BASKET | SINGLE | NONE | GOLD | KT_10 | 1ct | imgs:3
[06:23:41][PRINCESS] [7927] ? NIV-1C69D37EE704B015 | BASKET | SINGLE | NONE | GOLD | KT_10 | 1ct | imgs:3
[06:23:44][PRINCESS] [7928] ? NIV-811C46B847CA0732 | BASKET | SINGLE | NONE | GOLD | KT_10 | 1ct | imgs:3
[06:23:50][PRINCESS] [7929] ? NIV-811C46B847CA0732 | BASKET | SINGLE | NONE | GOLD | KT_10 | 1ct | imgs:3
[06:23:56][PRINCESS] [7930] ? NIV-811C46B847CA0732 | BASKET | SINGLE | NONE | GOLD | KT_10 | 1ct | imgs:3
[06:23:59][PRINCESS] [7931] ? NIV-FD765475741E9C80 | BASKET | SINGLE | NONE | GOLD | KT_10 | 1ct | imgs:2
[06:24:05][PRINCESS] [7932] ? NIV-FD765475741E9C80 | BASKET | SINGLE | NONE | GOLD | KT_10 | 1ct | imgs:3
[06:24:11][PRINCESS] [7933] ? NIV-FD765475741E9C80 | BASKET | SINGLE | NONE | GOLD | KT_10 | 1ct | imgs:3
[06:24:14][PRINCESS] [7934] ? NIV-9ACE46542A509E6C | BASKET | SINGLE | NONE | GOLD | KT_14 | 1ct | imgs:3
[06:24:18][PRINCESS] [7935] ? NIV-9ACE46542A509E6C | BASKET | SINGLE | NONE | GOLD | KT_14 | 1ct | imgs:3
[06:24:23][PRINCESS] [7936] ? NIV-9ACE46542A509E6C | BASKET | SINGLE | NONE | GOLD | KT_14 | 1ct | imgs:3
[06:24:26][PRINCESS] [7937] ? NIV-13C385FD9A943A54 | BASKET | SINGLE | NONE | GOLD | KT_14 | 1ct | imgs:3
[06:24:32][PRINCESS] [7938] ? NIV-13C385FD9A943A54 | BASKET | SINGLE | NONE | GOLD | KT_14 | 1ct | imgs:3
[06:24:38][PRINCESS] [7939] ? NIV-13C385FD9A943A54 | BASKET | SINGLE | NONE | GOLD | KT_14 | 1ct | imgs:3
[06:24:41][PRINCESS] [7940] ? NIV-0F1C1E19C9630D17 | BASKET | SINGLE | NONE | GOLD | KT_14 | 1ct | imgs:3
[06:24:45][PRINCESS] [7941] ? NIV-0F1C1E19C9630D17 | BASKET | SINGLE | NONE | GOLD | KT_14 | 1ct | imgs:3
[06:24:50][PRINCESS] [7942] ? NIV-0F1C1E19C9630D17 | BASKET | SINGLE | NONE | GOLD | KT_14 | 1ct | imgs:3
[06:24:54][PRINCESS] [7943] ? NIV-6F3A50B412470C4A | BASKET | SINGLE | NONE | GOLD | KT_18 | 1ct | imgs:1
[06:25:02][PRINCESS] [7944] ? NIV-6F3A50B412470C4A | BASKET | SINGLE | NONE | GOLD | KT_18 | 1ct | imgs:3
[06:25:08][PRINCESS] [7945] ? NIV-6F3A50B412470C4A | BASKET | SINGLE | NONE | GOLD | KT_18 | 1ct | imgs:3
[06:25:17][PRINCESS] [7946] ? NIV-E0A21C19DB07E593 | BASKET | SINGLE | NONE | GOLD | KT_18 | 1ct | imgs:1
[06:25:23][PRINCESS] [7947] ? NIV-E0A21C19DB07E593 | BASKET | SINGLE | NONE | GOLD | KT_18 | 1ct | imgs:3
[06:25:29][PRINCESS] [7948] ? NIV-E0A21C19DB07E593 | BASKET | SINGLE | NONE | GOLD | KT_18 | 1ct | imgs:3
[06:25:32][PRINCESS] [7949] ? NIV-9E85C6E430E88F79 | BASKET | SINGLE | NONE | GOLD | KT_18 | 1ct | imgs:3
[06:25:38][PRINCESS] [7950] ? NIV-9E85C6E430E88F79 | BASKET | SINGLE | NONE | GOLD | KT_18 | 1ct | imgs:3
[06:25:44][PRINCESS] [7951] ? NIV-9E85C6E430E88F79 | BASKET | SINGLE | NONE | GOLD | KT_18 | 1ct | imgs:3
[06:25:47][PRINCESS] [7952] ? NIV-1BCFC959A1DB2708 | BASKET | SINGLE | NONE | PLATINUM | PT_950 | 1ct | imgs:3
[06:25:57][PRINCESS] [7953] ? NIV-B7502929B6D0A6D0 | BASKET | SINGLE | NONE | GOLD | KT_10 | 1ct | imgs:3
[06:26:02][PRINCESS] [7954] ? NIV-B7502929B6D0A6D0 | BASKET | SINGLE | NONE | GOLD | KT_10 | 1ct | imgs:3
[06:26:05][PRINCESS] [7955] ? NIV-B7502929B6D0A6D0 | BASKET | SINGLE | NONE | GOLD | KT_10 | 1ct | imgs:3
[06:26:14][PRINCESS] [7956] ? NIV-F0A28C7C9B0BBBE0 | BASKET | SINGLE | NONE | GOLD | KT_10 | 1ct | imgs:1
[06:26:20][PRINCESS] [7957] ? NIV-F0A28C7C9B0BBBE0 | BASKET | SINGLE | NONE | GOLD | KT_10 | 1ct | imgs:3
[06:26:24][PRINCESS] [7958] ? NIV-F0A28C7C9B0BBBE0 | BASKET | SINGLE | NONE | GOLD | KT_10 | 1ct | imgs:3
[06:26:29][PRINCESS] [7959] ? NIV-B2228E92D25A6395 | BASKET | SINGLE | NONE | GOLD | KT_10 | 1ct | imgs:1
[06:26:35][PRINCESS] [7960] ? NIV-B2228E92D25A6395 | BASKET | SINGLE | NONE | GOLD | KT_10 | 1ct | imgs:3
[06:26:41][PRINCESS] [7961] ? NIV-B2228E92D25A6395 | BASKET | SINGLE | NONE | GOLD | KT_10 | 1ct | imgs:3
[06:26:47][PRINCESS] [7962] ? NIV-CF60906F95A61F91 | BASKET | SINGLE | NONE | GOLD | KT_14 | 1ct | imgs:3
[06:26:53][PRINCESS] [7963] ? NIV-CF60906F95A61F91 | BASKET | SINGLE | NONE | GOLD | KT_14 | 1ct | imgs:3
[06:26:57][PRINCESS] [7964] ? NIV-CF60906F95A61F91 | BASKET | SINGLE | NONE | GOLD | KT_14 | 1ct | imgs:3
[06:26:59][PRINCESS] [7965] ? NIV-A1BCC4789970358D | BASKET | SINGLE | NONE | GOLD | KT_14 | 1ct | imgs:3
[06:27:02][PRINCESS] [7966] ? NIV-A1BCC4789970358D | BASKET | SINGLE | NONE | GOLD | KT_14 | 1ct | imgs:3
[06:27:05][PRINCESS] [7967] ? NIV-A1BCC4789970358D | BASKET | SINGLE | NONE | GOLD | KT_14 | 1ct | imgs:3
[06:27:10][PRINCESS] [7968] ? NIV-83FF9BA085E3EED1 | BASKET | SINGLE | NONE | GOLD | KT_14 | 1ct | imgs:3
[06:27:14][PRINCESS] [7969] ? NIV-83FF9BA085E3EED1 | BASKET | SINGLE | NONE | GOLD | KT_14 | 1ct | imgs:3
[06:27:20][PRINCESS] [7970] ? NIV-83FF9BA085E3EED1 | BASKET | SINGLE | NONE | GOLD | KT_14 | 1ct | imgs:3
[06:27:26][PRINCESS] [7971] ? NIV-6163F0012EEE342B | BASKET | SINGLE | NONE | GOLD | KT_18 | 1ct | imgs:3
[06:27:32][PRINCESS] [7972] ? NIV-6163F0012EEE342B | BASKET | SINGLE | NONE | GOLD | KT_18 | 1ct | imgs:3
[06:27:35][PRINCESS] [7973] ? NIV-6163F0012EEE342B | BASKET | SINGLE | NONE | GOLD | KT_18 | 1ct | imgs:3
[06:27:46][PRINCESS] [7974] ??  NIV-6163F0012EEE342B | BASKET | SINGLE | NONE | GOLD | KT_18 | 1ct | imgs:0
[06:27:55][PRINCESS] [7975] ? NIV-F147B43C2B4B9150 | BASKET | SINGLE | NONE | GOLD | KT_18 | 1ct | imgs:1
[06:27:59][PRINCESS] [7976] ? NIV-F147B43C2B4B9150 | BASKET | SINGLE | NONE | GOLD | KT_18 | 1ct | imgs:3
[06:28:04][PRINCESS] [7977] ? NIV-4D2A06863D299073 | BASKET | SINGLE | NONE | GOLD | KT_18 | 1ct | imgs:1
[06:28:08][PRINCESS] [7978] ? NIV-4D2A06863D299073 | BASKET | SINGLE | NONE | GOLD | KT_18 | 1ct | imgs:3
[06:28:14][PRINCESS] [7979] ? NIV-4D2A06863D299073 | BASKET | SINGLE | NONE | GOLD | KT_18 | 1ct | imgs:3
[06:28:20][PRINCESS] [7980] ? NIV-D2ACA694E3763992 | BASKET | SINGLE | NONE | PLATINUM | PT_950 | 1ct | imgs:1
[06:28:26][PRINCESS] [7981] ? NIV-8B5DA5E0D3195F34 | BASKET | SINGLE | NONE | GOLD | KT_10 | 1ct | imgs:1
[06:28:29][PRINCESS] [7982] ? NIV-8B5DA5E0D3195F34 | BASKET | SINGLE | NONE | GOLD | KT_10 | 1ct | imgs:3
[06:28:35][PRINCESS] [7983] ? NIV-8B5DA5E0D3195F34 | BASKET | SINGLE | NONE | GOLD | KT_10 | 1ct | imgs:3
[06:28:43][PRINCESS] [7984] ? NIV-F5917343EDAAA793 | BASKET | SINGLE | NONE | GOLD | KT_10 | 1ct | imgs:3
[06:28:47][PRINCESS] [7985] ? NIV-F5917343EDAAA793 | BASKET | SINGLE | NONE | GOLD | KT_10 | 1ct | imgs:3
[06:28:50][PRINCESS] [7986] ? NIV-F5917343EDAAA793 | BASKET | SINGLE | NONE | GOLD | KT_10 | 1ct | imgs:3
[06:28:55][PRINCESS] [7987] ? NIV-72725BFFAACFF4A3 | BASKET | SINGLE | NONE | GOLD | KT_10 | 1ct | imgs:1
[06:28:59][PRINCESS] [7988] ? NIV-72725BFFAACFF4A3 | BASKET | SINGLE | NONE | GOLD | KT_10 | 1ct | imgs:3
[06:29:05][PRINCESS] [7989] ? NIV-72725BFFAACFF4A3 | BASKET | SINGLE | NONE | GOLD | KT_10 | 1ct | imgs:3
[06:29:09][PRINCESS] [7990] ? NIV-B54B3FB1CD3ED1DB | BASKET | SINGLE | NONE | GOLD | KT_14 | 1ct | imgs:1
[06:29:14][PRINCESS] [7991] ? NIV-B54B3FB1CD3ED1DB | BASKET | SINGLE | NONE | GOLD | KT_14 | 1ct | imgs:3
[06:29:20][PRINCESS] [7992] ? NIV-B54B3FB1CD3ED1DB | BASKET | SINGLE | NONE | GOLD | KT_14 | 1ct | imgs:3
[06:29:23][PRINCESS] [7993] ? NIV-B0D7C177B88ACF42 | BASKET | SINGLE | NONE | GOLD | KT_14 | 1ct | imgs:3
[06:29:26][PRINCESS] [7994] ? NIV-B0D7C177B88ACF42 | BASKET | SINGLE | NONE | GOLD | KT_14 | 1ct | imgs:3
[06:29:30][PRINCESS] [7995] ? NIV-B0D7C177B88ACF42 | BASKET | SINGLE | NONE | GOLD | KT_14 | 1ct | imgs:3
[06:29:32][PRINCESS] [7996] ? NIV-0C30A69DE05B66BE | BASKET | SINGLE | NONE | GOLD | KT_14 | 1ct | imgs:3
[06:29:38][PRINCESS] [7997] ? NIV-0C30A69DE05B66BE | BASKET | SINGLE | NONE | GOLD | KT_14 | 1ct | imgs:3
[06:29:44][PRINCESS] [7998] ? NIV-0C30A69DE05B66BE | BASKET | SINGLE | NONE | GOLD | KT_14 | 1ct | imgs:3
[06:29:49][PRINCESS] [7999] ? NIV-11EF6FBE00C2604A | BASKET | SINGLE | NONE | GOLD | KT_18 | 1ct | imgs:2
[06:29:53][PRINCESS] [8000] ? NIV-11EF6FBE00C2604A | BASKET | SINGLE | NONE | GOLD | KT_18 | 1ct | imgs:3
[06:30:00][PRINCESS] [8001] ? NIV-11EF6FBE00C2604A | BASKET | SINGLE | NONE | GOLD | KT_18 | 1ct | imgs:3
[06:30:04][PRINCESS] [8002] ? NIV-B836702A52069489 | BASKET | SINGLE | NONE | GOLD | KT_18 | 1ct | imgs:2
[06:30:08][PRINCESS] [8003] ? NIV-B836702A52069489 | BASKET | SINGLE | NONE | GOLD | KT_18 | 1ct | imgs:3
[06:30:14][PRINCESS] [8004] ? NIV-B836702A52069489 | BASKET | SINGLE | NONE | GOLD | KT_18 | 1ct | imgs:3
[06:30:17][PRINCESS] [8005] ? NIV-52EE3ECA79EBD27B | BASKET | SINGLE | NONE | GOLD | KT_18 | 1ct | imgs:3
[06:30:21][PRINCESS] [8006] ? NIV-52EE3ECA79EBD27B | BASKET | SINGLE | NONE | GOLD | KT_18 | 1ct | imgs:3
[06:30:26][PRINCESS] [8007] ? NIV-52EE3ECA79EBD27B | BASKET | SINGLE | NONE | GOLD | KT_18 | 1ct | imgs:3
[06:30:32][PRINCESS] [8008] ? NIV-3706AB0B1662EDD5 | BASKET | SINGLE | NONE | PLATINUM | PT_950 | 1ct | imgs:3
[06:30:39][PRINCESS] [8009] ? NIV-9EBFD74C478CE3F3 | BASKET | SINGLE | NONE | GOLD | KT_10 | 1ct | imgs:2
[06:30:44][PRINCESS] [8010] ? NIV-9EBFD74C478CE3F3 | BASKET | SINGLE | NONE | GOLD | KT_10 | 1ct | imgs:3
[06:30:50][PRINCESS] [8011] ? NIV-9EBFD74C478CE3F3 | BASKET | SINGLE | NONE | GOLD | KT_10 | 1ct | imgs:3
[06:30:53][PRINCESS] [8012] ? NIV-1634E5D4FBE4D0E6 | BASKET | SINGLE | NONE | GOLD | KT_10 | 1ct | imgs:1
[06:30:59][PRINCESS] [8013] ? NIV-1634E5D4FBE4D0E6 | BASKET | SINGLE | NONE | GOLD | KT_10 | 1ct | imgs:3
[06:31:05][PRINCESS] [8014] ? NIV-1634E5D4FBE4D0E6 | BASKET | SINGLE | NONE | GOLD | KT_10 | 1ct | imgs:3
[06:31:08][PRINCESS] [8015] ? NIV-2000F7119B154B8E | BASKET | SINGLE | NONE | GOLD | KT_10 | 1ct | imgs:3
[06:31:14][PRINCESS] [8016] ? NIV-2000F7119B154B8E | BASKET | SINGLE | NONE | GOLD | KT_10 | 1ct | imgs:3
[06:31:20][PRINCESS] [8017] ? NIV-2000F7119B154B8E | BASKET | SINGLE | NONE | GOLD | KT_10 | 1ct | imgs:3
[06:31:26][PRINCESS] [8018] ? NIV-DB3D060D830E0208 | BASKET | SINGLE | NONE | GOLD | KT_14 | 1ct | imgs:3
[06:31:32][PRINCESS] [8019] ? NIV-DB3D060D830E0208 | BASKET | SINGLE | NONE | GOLD | KT_14 | 1ct | imgs:3
[06:31:38][PRINCESS] [8020] ? NIV-DB3D060D830E0208 | BASKET | SINGLE | NONE | GOLD | KT_14 | 1ct | imgs:3
[06:31:41][PRINCESS] [8021] ? NIV-715DA29450879658 | BASKET | SINGLE | NONE | GOLD | KT_14 | 1ct | imgs:1
[06:31:44][PRINCESS] [8022] ? NIV-715DA29450879658 | BASKET | SINGLE | NONE | GOLD | KT_14 | 1ct | imgs:3
[06:31:47][PRINCESS] [8023] ? NIV-715DA29450879658 | BASKET | SINGLE | NONE | GOLD | KT_14 | 1ct | imgs:3
[06:31:51][PRINCESS] [8024] ? NIV-9EEEDB0267944165 | BASKET | SINGLE | NONE | GOLD | KT_14 | 1ct | imgs:3
[06:31:56][PRINCESS] [8025] ? NIV-9EEEDB0267944165 | BASKET | SINGLE | NONE | GOLD | KT_14 | 1ct | imgs:3
[06:32:02][PRINCESS] [8026] ? NIV-9EEEDB0267944165 | BASKET | SINGLE | NONE | GOLD | KT_14 | 1ct | imgs:3
[06:32:06][PRINCESS] [8027] ? NIV-D1C2B096AFFA8701 | BASKET | SINGLE | NONE | GOLD | KT_18 | 1ct | imgs:3
[06:32:11][PRINCESS] [8028] ? NIV-D1C2B096AFFA8701 | BASKET | SINGLE | NONE | GOLD | KT_18 | 1ct | imgs:3
[06:32:17][PRINCESS] [8029] ? NIV-D1C2B096AFFA8701 | BASKET | SINGLE | NONE | GOLD | KT_18 | 1ct | imgs:3
[06:32:20][PRINCESS] [8030] ? NIV-C08FA1C76695217F | BASKET | SINGLE | NONE | GOLD | KT_18 | 1ct | imgs:3
[06:32:26][PRINCESS] [8031] ? NIV-C08FA1C76695217F | BASKET | SINGLE | NONE | GOLD | KT_18 | 1ct | imgs:3
[06:32:32][PRINCESS] [8032] ? NIV-C08FA1C76695217F | BASKET | SINGLE | NONE | GOLD | KT_18 | 1ct | imgs:3
[06:32:35][PRINCESS] [8033] ? NIV-09AB5D328C366A69 | BASKET | SINGLE | NONE | GOLD | KT_18 | 1ct | imgs:3
[06:32:41][PRINCESS] [8034] ? NIV-09AB5D328C366A69 | BASKET | SINGLE | NONE | GOLD | KT_18 | 1ct | imgs:3
[06:32:47][PRINCESS] [8035] ? NIV-09AB5D328C366A69 | BASKET | SINGLE | NONE | GOLD | KT_18 | 1ct | imgs:3
[06:32:50][PRINCESS] [8036] ? NIV-78CD633D5762EBF9 | BASKET | SINGLE | NONE | PLATINUM | PT_950 | 1ct | imgs:3
[06:33:04][PRINCESS] [8037] ??  NIV-78CD633D5762EBF9 | BASKET | SINGLE | NONE | GOLD | KT_10 | 1ct | imgs:0
[06:33:16][PRINCESS] [8038] ??  NIV-78CD633D5762EBF9 | BASKET | SINGLE | NONE | GOLD | KT_10 | 1ct | imgs:0
[06:33:20][PRINCESS] [8039] ? NIV-C818527BBAA68606 | BASKET | SINGLE | NONE | GOLD | KT_10 | 1ct | imgs:3
[06:33:23][PRINCESS] [8040] ? NIV-B55617DB972F1D16 | BASKET | SINGLE | NONE | GOLD | KT_10 | 1ct | imgs:3
[06:33:26][PRINCESS] [8041] ? NIV-B55617DB972F1D16 | BASKET | SINGLE | NONE | GOLD | KT_10 | 1ct | imgs:3
[06:33:32][PRINCESS] [8042] ? NIV-B55617DB972F1D16 | BASKET | SINGLE | NONE | GOLD | KT_10 | 1ct | imgs:3
[06:33:35][PRINCESS] [8043] ? NIV-D4ED94A8C88D56B6 | BASKET | SINGLE | NONE | GOLD | KT_10 | 1ct | imgs:3
[06:33:41][PRINCESS] [8044] ? NIV-D4ED94A8C88D56B6 | BASKET | SINGLE | NONE | GOLD | KT_10 | 1ct | imgs:3
[06:33:47][PRINCESS] [8045] ? NIV-D4ED94A8C88D56B6 | BASKET | SINGLE | NONE | GOLD | KT_10 | 1ct | imgs:3
[06:33:53][PRINCESS] [8046] ? NIV-2D82C299094EC42D | BASKET | SINGLE | NONE | GOLD | KT_14 | 1ct | imgs:3
[06:33:59][PRINCESS] [8047] ? NIV-2D82C299094EC42D | BASKET | SINGLE | NONE | GOLD | KT_14 | 1ct | imgs:3
[06:34:02][PRINCESS] [8048] ? NIV-2D82C299094EC42D | BASKET | SINGLE | NONE | GOLD | KT_14 | 1ct | imgs:3
[06:34:08][PRINCESS] [8049] ? NIV-379C01142D9CD277 | BASKET | SINGLE | NONE | GOLD | KT_14 | 1ct | imgs:1
[06:34:14][PRINCESS] [8050] ? NIV-379C01142D9CD277 | BASKET | SINGLE | NONE | GOLD | KT_14 | 1ct | imgs:3
[06:34:20][PRINCESS] [8051] ? NIV-379C01142D9CD277 | BASKET | SINGLE | NONE | GOLD | KT_14 | 1ct | imgs:3
[06:34:23][PRINCESS] [8052] ? NIV-DE90716B2CB54596 | BASKET | SINGLE | NONE | GOLD | KT_14 | 1ct | imgs:3
[06:34:27][PRINCESS] [8053] ? NIV-DE90716B2CB54596 | BASKET | SINGLE | NONE | GOLD | KT_14 | 1ct | imgs:3
[06:34:32][PRINCESS] [8054] ? NIV-DE90716B2CB54596 | BASKET | SINGLE | NONE | GOLD | KT_14 | 1ct | imgs:3
[06:34:38][PRINCESS] [8055] ? NIV-E8FB0C03BFB706C7 | BASKET | SINGLE | NONE | GOLD | KT_18 | 1ct | imgs:3
[06:34:44][PRINCESS] [8056] ? NIV-E8FB0C03BFB706C7 | BASKET | SINGLE | NONE | GOLD | KT_18 | 1ct | imgs:3
[06:34:50][PRINCESS] [8057] ? NIV-E8FB0C03BFB706C7 | BASKET | SINGLE | NONE | GOLD | KT_18 | 1ct | imgs:3
[06:34:53][PRINCESS] [8058] ? NIV-43F924E4CB089460 | BASKET | SINGLE | NONE | GOLD | KT_18 | 1ct | imgs:3
[06:34:59][PRINCESS] [8059] ? NIV-43F924E4CB089460 | BASKET | SINGLE | NONE | GOLD | KT_18 | 1ct | imgs:3
[06:35:05][PRINCESS] [8060] ? NIV-43F924E4CB089460 | BASKET | SINGLE | NONE | GOLD | KT_18 | 1ct | imgs:3
[06:35:11][PRINCESS] [8061] ? NIV-5A98705FD08BEC72 | BASKET | SINGLE | NONE | GOLD | KT_18 | 1ct | imgs:1
[06:35:17][PRINCESS] [8062] ? NIV-5A98705FD08BEC72 | BASKET | SINGLE | NONE | GOLD | KT_18 | 1ct | imgs:3
[06:35:23][PRINCESS] [8063] ? NIV-5A98705FD08BEC72 | BASKET | SINGLE | NONE | GOLD | KT_18 | 1ct | imgs:3
[06:35:26][PRINCESS] [8064] ? NIV-AD9C7E68A4468462 | BASKET | SINGLE | NONE | PLATINUM | PT_950 | 1ct | imgs:3
[06:35:40][PRINCESS] [8065] ??  NIV-AD9C7E68A4468462 | BASKET | SINGLE | NONE | GOLD | KT_10 | 1ct | imgs:0
[06:35:52][PRINCESS] [8066] ??  NIV-AD9C7E68A4468462 | BASKET | SINGLE | NONE | GOLD | KT_10 | 1ct | imgs:0
[06:36:04][PRINCESS] [8067] ??  NIV-AD9C7E68A4468462 | BASKET | SINGLE | NONE | GOLD | KT_10 | 1ct | imgs:0
[06:36:12][PRINCESS] [8068] ? NIV-EDEED941D07D82CE | BASKET | SINGLE | NONE | GOLD | KT_10 | 1ct | imgs:1
[06:36:17][PRINCESS] [8069] ? NIV-EDEED941D07D82CE | BASKET | SINGLE | NONE | GOLD | KT_10 | 1ct | imgs:3
[06:36:20][PRINCESS] [8070] ? NIV-EDEED941D07D82CE | BASKET | SINGLE | NONE | GOLD | KT_10 | 1ct | imgs:3
[06:36:29][PRINCESS] [8071] ? NIV-1E5634CC3847F67D | BASKET | SINGLE | NONE | GOLD | KT_10 | 1ct | imgs:1
[06:36:35][PRINCESS] [8072] ? NIV-1E5634CC3847F67D | BASKET | SINGLE | NONE | GOLD | KT_10 | 1ct | imgs:3
[06:36:41][PRINCESS] [8073] ? NIV-1E5634CC3847F67D | BASKET | SINGLE | NONE | GOLD | KT_10 | 1ct | imgs:3
[06:36:48][PRINCESS] [8074] ? NIV-998E573DCAC79D79 | BASKET | SINGLE | NONE | GOLD | KT_14 | 1ct | imgs:1
[06:36:53][PRINCESS] [8075] ? NIV-998E573DCAC79D79 | BASKET | SINGLE | NONE | GOLD | KT_14 | 1ct | imgs:3
[06:36:56][PRINCESS] [8076] ? NIV-998E573DCAC79D79 | BASKET | SINGLE | NONE | GOLD | KT_14 | 1ct | imgs:3
[06:37:07][PRINCESS] [8077] ??  NIV-998E573DCAC79D79 | BASKET | SINGLE | NONE | GOLD | KT_14 | 1ct | imgs:0
[06:37:14][PRINCESS] [8078] ? NIV-80ABD732F67E7A3D | BASKET | SINGLE | NONE | GOLD | KT_14 | 1ct | imgs:1
[06:37:20][PRINCESS] [8079] ? NIV-80ABD732F67E7A3D | BASKET | SINGLE | NONE | GOLD | KT_14 | 1ct | imgs:3
[06:37:25][PRINCESS] [8080] ? NIV-888045C693024FAF | BASKET | SINGLE | NONE | GOLD | KT_14 | 1ct | imgs:1
[06:37:29][PRINCESS] [8081] ? NIV-888045C693024FAF | BASKET | SINGLE | NONE | GOLD | KT_14 | 1ct | imgs:3
[06:37:35][PRINCESS] [8082] ? NIV-888045C693024FAF | BASKET | SINGLE | NONE | GOLD | KT_14 | 1ct | imgs:3
[06:37:41][PRINCESS] [8083] ? NIV-E5AF64E07F1D5695 | BASKET | SINGLE | NONE | GOLD | KT_18 | 1ct | imgs:3
[06:37:47][PRINCESS] [8084] ? NIV-E5AF64E07F1D5695 | BASKET | SINGLE | NONE | GOLD | KT_18 | 1ct | imgs:3
[06:37:53][PRINCESS] [8085] ? NIV-E5AF64E07F1D5695 | BASKET | SINGLE | NONE | GOLD | KT_18 | 1ct | imgs:3
[06:37:56][PRINCESS] [8086] ? NIV-DC1D3B2F593A552E | BASKET | SINGLE | NONE | GOLD | KT_18 | 1ct | imgs:3
[06:38:02][PRINCESS] [8087] ? NIV-DC1D3B2F593A552E | BASKET | SINGLE | NONE | GOLD | KT_18 | 1ct | imgs:3
[06:38:08][PRINCESS] [8088] ? NIV-DC1D3B2F593A552E | BASKET | SINGLE | NONE | GOLD | KT_18 | 1ct | imgs:3
[06:38:11][PRINCESS] [8089] ? NIV-0819F2A6F7CAEB7E | BASKET | SINGLE | NONE | GOLD | KT_18 | 1ct | imgs:3
[06:38:17][PRINCESS] [8090] ? NIV-0819F2A6F7CAEB7E | BASKET | SINGLE | NONE | GOLD | KT_18 | 1ct | imgs:3
[06:38:23][PRINCESS] [8091] ? NIV-0819F2A6F7CAEB7E | BASKET | SINGLE | NONE | GOLD | KT_18 | 1ct | imgs:3
[06:38:29][PRINCESS] [8092] ? NIV-06EFCD4DE3610A20 | BASKET | SINGLE | NONE | PLATINUM | PT_950 | 1ct | imgs:3
[06:38:36][PRINCESS] [8093] ? NIV-6A408533F6A45AD0 | BASKET | SINGLE | NONE | GOLD | KT_10 | 1ct | imgs:1
[06:38:41][PRINCESS] [8094] ? NIV-6A408533F6A45AD0 | BASKET | SINGLE | NONE | GOLD | KT_10 | 1ct | imgs:3
[06:38:47][PRINCESS] [8095] ? NIV-6A408533F6A45AD0 | BASKET | SINGLE | NONE | GOLD | KT_10 | 1ct | imgs:3
[06:38:53][PRINCESS] [8096] ? NIV-B88EFB0E9226400D | BASKET | SINGLE | NONE | GOLD | KT_10 | 1ct | imgs:1
[06:38:57][PRINCESS] [8097] ? NIV-B88EFB0E9226400D | BASKET | SINGLE | NONE | GOLD | KT_10 | 1ct | imgs:3
[06:39:02][PRINCESS] [8098] ? NIV-B88EFB0E9226400D | BASKET | SINGLE | NONE | GOLD | KT_10 | 1ct | imgs:3
[06:39:09][PRINCESS] [8099] ? NIV-CCD9EB7466CDF919 | BASKET | SINGLE | NONE | GOLD | KT_10 | 1ct | imgs:1
[06:39:14][PRINCESS] [8100] ? NIV-CCD9EB7466CDF919 | BASKET | SINGLE | NONE | GOLD | KT_10 | 1ct | imgs:3
[06:39:17][PRINCESS] [8101] ? NIV-CCD9EB7466CDF919 | BASKET | SINGLE | NONE | GOLD | KT_10 | 1ct | imgs:3
[06:39:24][PRINCESS] [8102] ? NIV-C0D9BE142BFEF49A | BASKET | SINGLE | NONE | GOLD | KT_14 | 1ct | imgs:1
[06:39:29][PRINCESS] [8103] ? NIV-C0D9BE142BFEF49A | BASKET | SINGLE | NONE | GOLD | KT_14 | 1ct | imgs:3
[06:39:35][PRINCESS] [8104] ? NIV-C0D9BE142BFEF49A | BASKET | SINGLE | NONE | GOLD | KT_14 | 1ct | imgs:3
[06:39:38][PRINCESS] [8105] ? NIV-C9C8A1521D68B77C | BASKET | SINGLE | NONE | GOLD | KT_14 | 1ct | imgs:1
[06:39:44][PRINCESS] [8106] ? NIV-C9C8A1521D68B77C | BASKET | SINGLE | NONE | GOLD | KT_14 | 1ct | imgs:3
[06:39:47][PRINCESS] [8107] ? NIV-C9C8A1521D68B77C | BASKET | SINGLE | NONE | GOLD | KT_14 | 1ct | imgs:3
[06:39:50][PRINCESS] [8108] ? NIV-44D19145A27AF273 | BASKET | SINGLE | NONE | GOLD | KT_14 | 1ct | imgs:1
[06:39:56][PRINCESS] [8109] ? NIV-44D19145A27AF273 | BASKET | SINGLE | NONE | GOLD | KT_14 | 1ct | imgs:3
[06:40:02][PRINCESS] [8110] ? NIV-44D19145A27AF273 | BASKET | SINGLE | NONE | GOLD | KT_14 | 1ct | imgs:3
[06:40:06][PRINCESS] [8111] ? NIV-43521861FBA1CDDB | BASKET | SINGLE | NONE | GOLD | KT_18 | 1ct | imgs:1
[06:40:11][PRINCESS] [8112] ? NIV-43521861FBA1CDDB | BASKET | SINGLE | NONE | GOLD | KT_18 | 1ct | imgs:3
[06:40:17][PRINCESS] [8113] ? NIV-43521861FBA1CDDB | BASKET | SINGLE | NONE | GOLD | KT_18 | 1ct | imgs:3
[06:40:20][PRINCESS] [8114] ? NIV-B12D39FFFAE373C6 | BASKET | SINGLE | NONE | GOLD | KT_18 | 1ct | imgs:3
[06:40:26][PRINCESS] [8115] ? NIV-B12D39FFFAE373C6 | BASKET | SINGLE | NONE | GOLD | KT_18 | 1ct | imgs:3
[06:40:32][PRINCESS] [8116] ? NIV-B12D39FFFAE373C6 | BASKET | SINGLE | NONE | GOLD | KT_18 | 1ct | imgs:3
[06:40:36][PRINCESS] [8117] ? NIV-7EC04DACA0355159 | BASKET | SINGLE | NONE | GOLD | KT_18 | 1ct | imgs:3
[06:40:41][PRINCESS] [8118] ? NIV-7EC04DACA0355159 | BASKET | SINGLE | NONE | GOLD | KT_18 | 1ct | imgs:3
[06:40:44][PRINCESS] [8119] ? NIV-7EC04DACA0355159 | BASKET | SINGLE | NONE | GOLD | KT_18 | 1ct | imgs:3
[06:40:47][PRINCESS] [8120] ? NIV-A517E2EBC5A73F28 | BASKET | SINGLE | NONE | PLATINUM | PT_950 | 1ct | imgs:3
[06:40:56][PRINCESS] [8121] ? NIV-B5A802D07FDE33B1 | BASKET | SINGLE | U_PAVE | GOLD | KT_10 | 1ct | imgs:3
[06:40:59][PRINCESS] [8122] ? NIV-B5A802D07FDE33B1 | BASKET | SINGLE | U_PAVE | GOLD | KT_10 | 1ct | imgs:3
[06:41:05][PRINCESS] [8123] ? NIV-B5A802D07FDE33B1 | BASKET | SINGLE | U_PAVE | GOLD | KT_10 | 1ct | imgs:3
[06:41:09][PRINCESS] [8124] ? NIV-8F63055BF4A98EEA | BASKET | SINGLE | U_PAVE | GOLD | KT_10 | 1ct | imgs:3
[06:41:14][PRINCESS] [8125] ? NIV-8F63055BF4A98EEA | BASKET | SINGLE | U_PAVE | GOLD | KT_10 | 1ct | imgs:3
[06:41:20][PRINCESS] [8126] ? NIV-8F63055BF4A98EEA | BASKET | SINGLE | U_PAVE | GOLD | KT_10 | 1ct | imgs:3
[06:41:23][PRINCESS] [8127] ? NIV-DE40695B4ECB19D2 | BASKET | SINGLE | U_PAVE | GOLD | KT_10 | 1ct | imgs:3
[06:41:26][PRINCESS] [8128] ? NIV-DE40695B4ECB19D2 | BASKET | SINGLE | U_PAVE | GOLD | KT_10 | 1ct | imgs:3
[06:41:32][PRINCESS] [8129] ? NIV-DE40695B4ECB19D2 | BASKET | SINGLE | U_PAVE | GOLD | KT_10 | 1ct | imgs:3
[06:41:39][PRINCESS] [8130] ? NIV-0DAA56B4E085E076 | BASKET | SINGLE | U_PAVE | GOLD | KT_14 | 1ct | imgs:1
[06:41:44][PRINCESS] [8131] ? NIV-0DAA56B4E085E076 | BASKET | SINGLE | U_PAVE | GOLD | KT_14 | 1ct | imgs:3
[06:41:50][PRINCESS] [8132] ? NIV-0DAA56B4E085E076 | BASKET | SINGLE | U_PAVE | GOLD | KT_14 | 1ct | imgs:3
[06:41:53][PRINCESS] [8133] ? NIV-BD5D7BD12D8BF571 | BASKET | SINGLE | U_PAVE | GOLD | KT_14 | 1ct | imgs:3
[06:41:59][PRINCESS] [8134] ? NIV-BD5D7BD12D8BF571 | BASKET | SINGLE | U_PAVE | GOLD | KT_14 | 1ct | imgs:3
[06:42:02][PRINCESS] [8135] ? NIV-BD5D7BD12D8BF571 | BASKET | SINGLE | U_PAVE | GOLD | KT_14 | 1ct | imgs:3
[06:42:05][PRINCESS] [8136] ? NIV-E104D2FBBF91EE74 | BASKET | SINGLE | U_PAVE | GOLD | KT_14 | 1ct | imgs:3
[06:42:08][PRINCESS] [8137] ? NIV-E104D2FBBF91EE74 | BASKET | SINGLE | U_PAVE | GOLD | KT_14 | 1ct | imgs:3
[06:42:14][PRINCESS] [8138] ? NIV-E104D2FBBF91EE74 | BASKET | SINGLE | U_PAVE | GOLD | KT_14 | 1ct | imgs:3
[06:42:20][PRINCESS] [8139] ? NIV-F9AB6F799C6BD1AC | BASKET | SINGLE | U_PAVE | GOLD | KT_18 | 1ct | imgs:3
[06:42:23][PRINCESS] [8140] ? NIV-F9AB6F799C6BD1AC | BASKET | SINGLE | U_PAVE | GOLD | KT_18 | 1ct | imgs:3
[06:42:26][PRINCESS] [8141] ? NIV-F9AB6F799C6BD1AC | BASKET | SINGLE | U_PAVE | GOLD | KT_18 | 1ct | imgs:3
[06:42:32][PRINCESS] [8142] ? NIV-1AE21F8AD6BBBF8E | BASKET | SINGLE | U_PAVE | GOLD | KT_18 | 1ct | imgs:3
[06:42:38][PRINCESS] [8143] ? NIV-1AE21F8AD6BBBF8E | BASKET | SINGLE | U_PAVE | GOLD | KT_18 | 1ct | imgs:3
[06:42:44][PRINCESS] [8144] ? NIV-1AE21F8AD6BBBF8E | BASKET | SINGLE | U_PAVE | GOLD | KT_18 | 1ct | imgs:3
[06:42:47][PRINCESS] [8145] ? NIV-AE31D3C3C2D9863B | BASKET | SINGLE | U_PAVE | GOLD | KT_18 | 1ct | imgs:3
[06:42:50][PRINCESS] [8146] ? NIV-AE31D3C3C2D9863B | BASKET | SINGLE | U_PAVE | GOLD | KT_18 | 1ct | imgs:3
[06:42:53][PRINCESS] [8147] ? NIV-AE31D3C3C2D9863B | BASKET | SINGLE | U_PAVE | GOLD | KT_18 | 1ct | imgs:3
[06:42:56][PRINCESS] [8148] ? NIV-89DACE092E62AFEE | BASKET | SINGLE | U_PAVE | PLATINUM | PT_950 | 1ct | imgs:3
[06:43:02][PRINCESS] [8149] ? NIV-F8CBDD69F88A74B5 | BASKET | SINGLE | U_PAVE | GOLD | KT_10 | 1ct | imgs:3
[06:43:08][PRINCESS] [8150] ? NIV-F8CBDD69F88A74B5 | BASKET | SINGLE | U_PAVE | GOLD | KT_10 | 1ct | imgs:3
[06:43:11][PRINCESS] [8151] ? NIV-F8CBDD69F88A74B5 | BASKET | SINGLE | U_PAVE | GOLD | KT_10 | 1ct | imgs:3
[06:43:14][PRINCESS] [8152] ? NIV-DA30F7830852D31A | BASKET | SINGLE | U_PAVE | GOLD | KT_10 | 1ct | imgs:3
[06:43:17][PRINCESS] [8153] ? NIV-DA30F7830852D31A | BASKET | SINGLE | U_PAVE | GOLD | KT_10 | 1ct | imgs:3
[06:43:23][PRINCESS] [8154] ? NIV-DA30F7830852D31A | BASKET | SINGLE | U_PAVE | GOLD | KT_10 | 1ct | imgs:3
[06:43:30][PRINCESS] [8155] ? NIV-A6285106CDAC235C | BASKET | SINGLE | U_PAVE | GOLD | KT_10 | 1ct | imgs:3
[06:43:35][PRINCESS] [8156] ? NIV-A6285106CDAC235C | BASKET | SINGLE | U_PAVE | GOLD | KT_10 | 1ct | imgs:3
[06:43:41][PRINCESS] [8157] ? NIV-A6285106CDAC235C | BASKET | SINGLE | U_PAVE | GOLD | KT_10 | 1ct | imgs:3
[06:43:44][PRINCESS] [8158] ? NIV-A963F687C3452524 | BASKET | SINGLE | U_PAVE | GOLD | KT_14 | 1ct | imgs:1
[06:43:50][PRINCESS] [8159] ? NIV-A963F687C3452524 | BASKET | SINGLE | U_PAVE | GOLD | KT_14 | 1ct | imgs:3
[06:43:56][PRINCESS] [8160] ? NIV-A963F687C3452524 | BASKET | SINGLE | U_PAVE | GOLD | KT_14 | 1ct | imgs:3
[06:43:59][PRINCESS] [8161] ? NIV-D5FADC0DD40AAED6 | BASKET | SINGLE | U_PAVE | GOLD | KT_14 | 1ct | imgs:3
[06:44:05][PRINCESS] [8162] ? NIV-D5FADC0DD40AAED6 | BASKET | SINGLE | U_PAVE | GOLD | KT_14 | 1ct | imgs:3
[06:44:11][PRINCESS] [8163] ? NIV-D5FADC0DD40AAED6 | BASKET | SINGLE | U_PAVE | GOLD | KT_14 | 1ct | imgs:3
[06:44:18][PRINCESS] [8164] ? NIV-040A2FC318C8B135 | BASKET | SINGLE | U_PAVE | GOLD | KT_14 | 1ct | imgs:1
[06:44:24][PRINCESS] [8165] ? NIV-040A2FC318C8B135 | BASKET | SINGLE | U_PAVE | GOLD | KT_14 | 1ct | imgs:3
[06:44:29][PRINCESS] [8166] ? NIV-040A2FC318C8B135 | BASKET | SINGLE | U_PAVE | GOLD | KT_14 | 1ct | imgs:3
[06:44:35][PRINCESS] [8167] ? NIV-C27C26B478DF864C | BASKET | SINGLE | U_PAVE | GOLD | KT_18 | 1ct | imgs:3
[06:44:38][PRINCESS] [8168] ? NIV-C27C26B478DF864C | BASKET | SINGLE | U_PAVE | GOLD | KT_18 | 1ct | imgs:3
[06:44:44][PRINCESS] [8169] ? NIV-C27C26B478DF864C | BASKET | SINGLE | U_PAVE | GOLD | KT_18 | 1ct | imgs:3
[06:44:47][PRINCESS] [8170] ? NIV-E871A16ABE2CD4F7 | BASKET | SINGLE | U_PAVE | GOLD | KT_18 | 1ct | imgs:3
[06:44:53][PRINCESS] [8171] ? NIV-E871A16ABE2CD4F7 | BASKET | SINGLE | U_PAVE | GOLD | KT_18 | 1ct | imgs:3
[06:44:59][PRINCESS] [8172] ? NIV-E871A16ABE2CD4F7 | BASKET | SINGLE | U_PAVE | GOLD | KT_18 | 1ct | imgs:3
[06:45:03][PRINCESS] [8173] ? NIV-3AC7C1810217B20C | BASKET | SINGLE | U_PAVE | GOLD | KT_18 | 1ct | imgs:3
[06:45:08][PRINCESS] [8174] ? NIV-3AC7C1810217B20C | BASKET | SINGLE | U_PAVE | GOLD | KT_18 | 1ct | imgs:3
[06:45:14][PRINCESS] [8175] ? NIV-3AC7C1810217B20C | BASKET | SINGLE | U_PAVE | GOLD | KT_18 | 1ct | imgs:3
[06:45:20][PRINCESS] [8176] ? NIV-56777D0E6D2FE197 | BASKET | SINGLE | U_PAVE | PLATINUM | PT_950 | 1ct | imgs:1
[06:45:33][PRINCESS] [8177] ? NIV-E4648CB462EB1B63 | BASKET | SINGLE | U_PAVE | GOLD | KT_10 | 1ct | imgs:1
[06:45:38][PRINCESS] [8178] ? NIV-E4648CB462EB1B63 | BASKET | SINGLE | U_PAVE | GOLD | KT_10 | 1ct | imgs:3
[06:45:41][PRINCESS] [8179] ? NIV-E4648CB462EB1B63 | BASKET | SINGLE | U_PAVE | GOLD | KT_10 | 1ct | imgs:3
[06:45:46][PRINCESS] [8180] ? NIV-5CD4D8533298D00B | BASKET | SINGLE | U_PAVE | GOLD | KT_10 | 1ct | imgs:2
[06:45:51][PRINCESS] [8181] ? NIV-5CD4D8533298D00B | BASKET | SINGLE | U_PAVE | GOLD | KT_10 | 1ct | imgs:3
[06:45:56][PRINCESS] [8182] ? NIV-5CD4D8533298D00B | BASKET | SINGLE | U_PAVE | GOLD | KT_10 | 1ct | imgs:3
[06:46:01][PRINCESS] [8183] ? NIV-FA10F5AA56A19703 | BASKET | SINGLE | U_PAVE | GOLD | KT_10 | 1ct | imgs:1
[06:46:05][PRINCESS] [8184] ? NIV-FA10F5AA56A19703 | BASKET | SINGLE | U_PAVE | GOLD | KT_10 | 1ct | imgs:3
[06:46:09][PRINCESS] [8185] ? NIV-FA10F5AA56A19703 | BASKET | SINGLE | U_PAVE | GOLD | KT_10 | 1ct | imgs:3
[06:46:22][PRINCESS] [8186] ??  NIV-404561B94E438B1A | BASKET | SINGLE | U_PAVE | GOLD | KT_14 | 1ct | imgs:0
[06:46:26][PRINCESS] [8187] ? NIV-404561B94E438B1A | BASKET | SINGLE | U_PAVE | GOLD | KT_14 | 1ct | imgs:3
[06:46:32][PRINCESS] [8188] ? NIV-404561B94E438B1A | BASKET | SINGLE | U_PAVE | GOLD | KT_14 | 1ct | imgs:3
[06:46:37][PRINCESS] [8189] ? NIV-AFED563AD6C6C11F | BASKET | SINGLE | U_PAVE | GOLD | KT_14 | 1ct | imgs:1
[06:46:42][PRINCESS] [8190] ? NIV-AFED563AD6C6C11F | BASKET | SINGLE | U_PAVE | GOLD | KT_14 | 1ct | imgs:3
[06:46:47][PRINCESS] [8191] ? NIV-AFED563AD6C6C11F | BASKET | SINGLE | U_PAVE | GOLD | KT_14 | 1ct | imgs:3
[06:46:56][PRINCESS] [8192] ? NIV-144DC8AB24AE3774 | BASKET | SINGLE | U_PAVE | GOLD | KT_14 | 1ct | imgs:3
[06:47:02][PRINCESS] [8193] ? NIV-144DC8AB24AE3774 | BASKET | SINGLE | U_PAVE | GOLD | KT_14 | 1ct | imgs:3
[06:47:08][PRINCESS] [8194] ? NIV-144DC8AB24AE3774 | BASKET | SINGLE | U_PAVE | GOLD | KT_14 | 1ct | imgs:3
[06:47:14][PRINCESS] [8195] ? NIV-56E8F2F9B1CD2A49 | BASKET | SINGLE | U_PAVE | GOLD | KT_18 | 1ct | imgs:1
[06:47:20][PRINCESS] [8196] ? NIV-56E8F2F9B1CD2A49 | BASKET | SINGLE | U_PAVE | GOLD | KT_18 | 1ct | imgs:3
[06:47:24][PRINCESS] [8197] ? NIV-56E8F2F9B1CD2A49 | BASKET | SINGLE | U_PAVE | GOLD | KT_18 | 1ct | imgs:3
[06:47:29][PRINCESS] [8198] ? NIV-D08AFC26AC7ED8F2 | BASKET | SINGLE | U_PAVE | GOLD | KT_18 | 1ct | imgs:3
[06:47:33][PRINCESS] [8199] ? NIV-D08AFC26AC7ED8F2 | BASKET | SINGLE | U_PAVE | GOLD | KT_18 | 1ct | imgs:3
[06:47:38][PRINCESS] [8200] ? NIV-D08AFC26AC7ED8F2 | BASKET | SINGLE | U_PAVE | GOLD | KT_18 | 1ct | imgs:3
[06:47:41][PRINCESS] [8201] ? NIV-BC9BFA3A19ACE6F3 | BASKET | SINGLE | U_PAVE | GOLD | KT_18 | 1ct | imgs:3
[06:47:47][PRINCESS] [8202] ? NIV-BC9BFA3A19ACE6F3 | BASKET | SINGLE | U_PAVE | GOLD | KT_18 | 1ct | imgs:3
[06:47:53][PRINCESS] [8203] ? NIV-BC9BFA3A19ACE6F3 | BASKET | SINGLE | U_PAVE | GOLD | KT_18 | 1ct | imgs:3
[06:47:56][PRINCESS] [8204] ? NIV-191CAF66FC5AE530 | BASKET | SINGLE | U_PAVE | PLATINUM | PT_950 | 1ct | imgs:3
[06:48:02][PRINCESS] [8205] ? NIV-B8C00A3324E98859 | BASKET | SINGLE | U_PAVE | GOLD | KT_10 | 1ct | imgs:3
[06:48:05][PRINCESS]   Re-seleccionando PRINCESS (intento 1)
[06:48:05][PRINCESS]   Boton no encontrado ? recargando configurador...
[06:48:37][PRINCESS]   Re-seleccionando PRINCESS (intento 2)
[06:48:40][PRINCESS] [8206] ? NIV-58D80612BA34FED5 | BASKET | SINGLE | U_PAVE | GOLD | KT_10 | 1ct | imgs:3
[06:48:43][PRINCESS] [8207] ? NIV-A9FEEAD73232E242 | BASKET | SINGLE | U_PAVE | GOLD | KT_10 | 1ct | imgs:3
[06:48:49][PRINCESS] [8208] ? NIV-7198B0FB30179C7F | BASKET | SINGLE | U_PAVE | GOLD | KT_10 | 1ct | imgs:1
[06:48:53][PRINCESS] [8209] ? NIV-E2C7AB49DE806B73 | BASKET | SINGLE | U_PAVE | GOLD | KT_10 | 1ct | imgs:1
[06:48:59][PRINCESS] [8210] ? NIV-6D95AB763D585528 | BASKET | SINGLE | U_PAVE | GOLD | KT_10 | 1ct | imgs:1
[06:49:05][PRINCESS] [8211] ? NIV-46DA39283D61D6BC | BASKET | SINGLE | U_PAVE | GOLD | KT_10 | 1ct | imgs:1
[06:49:15][PRINCESS] [8212] ? NIV-35370568AF326438 | BASKET | SINGLE | U_PAVE | GOLD | KT_10 | 1ct | imgs:1
[06:49:20][PRINCESS] [8213] ? NIV-5A0398DDCC86DF0F | BASKET | SINGLE | U_PAVE | GOLD | KT_10 | 1ct | imgs:3
[06:49:28][PRINCESS] [8214] ? NIV-F34AF5BDF644C07A | BASKET | SINGLE | U_PAVE | GOLD | KT_14 | 1ct | imgs:1
[06:49:33][PRINCESS] [8215] ? NIV-698B3CA179D651B0 | BASKET | SINGLE | U_PAVE | GOLD | KT_14 | 1ct | imgs:1
[06:49:37][PRINCESS] [8216] ? NIV-1A11F2CBEEC5597B | BASKET | SINGLE | U_PAVE | GOLD | KT_14 | 1ct | imgs:1
[06:49:42][PRINCESS] [8217] ? NIV-C060E2A24DD111E7 | BASKET | SINGLE | U_PAVE | GOLD | KT_14 | 1ct | imgs:1
[06:49:46][PRINCESS] [8218] ? NIV-7838A50580DF5510 | BASKET | SINGLE | U_PAVE | GOLD | KT_14 | 1ct | imgs:1
[06:49:53][PRINCESS] [8219] ? NIV-B270915ED2F750C3 | BASKET | SINGLE | U_PAVE | GOLD | KT_14 | 1ct | imgs:1
[06:49:58][PRINCESS] [8220] ? NIV-7DEF84DFB6193FD7 | BASKET | SINGLE | U_PAVE | GOLD | KT_14 | 1ct | imgs:3
[06:50:01][PRINCESS] [8221] ? NIV-D451A09F79C06A79 | BASKET | SINGLE | U_PAVE | GOLD | KT_14 | 1ct | imgs:3
[06:50:04][PRINCESS] [8222] ? NIV-2E975135009E6CFF | BASKET | SINGLE | U_PAVE | GOLD | KT_14 | 1ct | imgs:3
[06:50:18][PRINCESS] [8223] ??  NIV-AF3BD9263C718FD4 | BASKET | SINGLE | U_PAVE | GOLD | KT_18 | 1ct | imgs:0
[06:50:27][PRINCESS] [8224] ? NIV-98BF0980C9DD6B7C | BASKET | SINGLE | U_PAVE | GOLD | KT_18 | 1ct | imgs:1
[06:50:39][PRINCESS] [8225] ??  NIV-98BF0980C9DD6B7C | BASKET | SINGLE | U_PAVE | GOLD | KT_18 | 1ct | imgs:0
[06:50:51][PRINCESS] [8226] ??  NIV-98BF0980C9DD6B7C | BASKET | SINGLE | U_PAVE | GOLD | KT_18 | 1ct | imgs:0
[06:51:01][PRINCESS] [8227] ??  NIV-C195B2FECA12FF6D | BASKET | SINGLE | U_PAVE | GOLD | KT_18 | 1ct | imgs:0
[06:51:12][PRINCESS] [8228] ??  NIV-C195B2FECA12FF6D | BASKET | SINGLE | U_PAVE | GOLD | KT_18 | 1ct | imgs:0
[06:51:24][PRINCESS] [8229] ??  NIV-668C33A2C18EE62A | BASKET | SINGLE | U_PAVE | GOLD | KT_18 | 1ct | imgs:0
[06:51:34][PRINCESS] [8230] ??  NIV-668C33A2C18EE62A | BASKET | SINGLE | U_PAVE | GOLD | KT_18 | 1ct | imgs:0
[06:51:37][PRINCESS] [8231] ? NIV-668C33A2C18EE62A | BASKET | SINGLE | U_PAVE | GOLD | KT_18 | 1ct | imgs:3
[06:51:48][PRINCESS] [8232] ??  NIV-668C33A2C18EE62A | BASKET | SINGLE | U_PAVE | PLATINUM | PT_950 | 1ct | imgs:0
[06:52:03][PRINCESS] [8233] ??  NIV-668C33A2C18EE62A | BASKET | SINGLE | U_PAVE | GOLD | KT_10 | 1ct | imgs:0
[06:52:15][PRINCESS] [8234] ??  NIV-668C33A2C18EE62A | BASKET | SINGLE | U_PAVE | GOLD | KT_10 | 1ct | imgs:0
[06:52:27][PRINCESS] [8235] ??  NIV-668C33A2C18EE62A | BASKET | SINGLE | U_PAVE | GOLD | KT_10 | 1ct | imgs:0
[06:52:39][PRINCESS] [8236] ??  NIV-668C33A2C18EE62A | BASKET | SINGLE | U_PAVE | GOLD | KT_10 | 1ct | imgs:0
[06:52:51][PRINCESS] [8237] ??  NIV-49BE38DA37FE3E1A | BASKET | SINGLE | U_PAVE | GOLD | KT_10 | 1ct | imgs:0
[06:53:03][PRINCESS] [8238] ??  NIV-49BE38DA37FE3E1A | BASKET | SINGLE | U_PAVE | GOLD | KT_10 | 1ct | imgs:0
[06:53:15][PRINCESS] [8239] ??  NIV-49BE38DA37FE3E1A | BASKET | SINGLE | U_PAVE | GOLD | KT_10 | 1ct | imgs:0
[06:53:27][PRINCESS] [8240] ??  NIV-49BE38DA37FE3E1A | BASKET | SINGLE | U_PAVE | GOLD | KT_10 | 1ct | imgs:0
[06:53:39][PRINCESS] [8241] ??  NIV-884E8B76B5A5204E | BASKET | SINGLE | U_PAVE | GOLD | KT_10 | 1ct | imgs:0
[06:53:51][PRINCESS] [8242] ??  NIV-884E8B76B5A5204E | BASKET | SINGLE | U_PAVE | GOLD | KT_14 | 1ct | imgs:0
[06:54:03][PRINCESS] [8243] ??  NIV-2813B1F9A82E3673 | BASKET | SINGLE | U_PAVE | GOLD | KT_14 | 1ct | imgs:0
[06:54:07][PRINCESS] [8244] ? NIV-2813B1F9A82E3673 | BASKET | SINGLE | U_PAVE | GOLD | KT_14 | 1ct | imgs:3
[06:54:18][PRINCESS] [8245] ??  NIV-2813B1F9A82E3673 | BASKET | SINGLE | U_PAVE | GOLD | KT_14 | 1ct | imgs:0
[06:54:30][PRINCESS] [8246] ??  NIV-2813B1F9A82E3673 | BASKET | SINGLE | U_PAVE | GOLD | KT_14 | 1ct | imgs:0
[06:54:42][PRINCESS] [8247] ??  NIV-7568A7CC0BE4FB9E | BASKET | SINGLE | U_PAVE | GOLD | KT_14 | 1ct | imgs:0
[06:54:54][PRINCESS] [8248] ??  NIV-7568A7CC0BE4FB9E | BASKET | SINGLE | U_PAVE | GOLD | KT_14 | 1ct | imgs:0
[06:55:06][PRINCESS] [8249] ??  NIV-97E58758885A7FAA | BASKET | SINGLE | U_PAVE | GOLD | KT_14 | 1ct | imgs:0
[06:55:10][PRINCESS] [8250] ? NIV-97E58758885A7FAA | BASKET | SINGLE | U_PAVE | GOLD | KT_14 | 1ct | imgs:1
