[21:08:55][PEAR] Retomando ? 85 ya hechos
[21:08:55][PEAR] Iniciando worker para PEAR
[21:08:58][PEAR] Cargando configurador...
[21:09:21][PEAR] Configurador listo ? seleccionando PEAR
[21:09:23][PEAR] Seleccionando ROUND como base...
[21:09:24][PEAR] DEBUG btn PEAR: {'disabled': False, 'ariaDisabled': None, 'ariaPressed': 'false', 'classes': 'MuiButtonBase-root MuiToggleButtonGroup-grouped MuiToggleButtonGroup-groupedHori', 'visible': True}
[21:09:24][PEAR]   Re-seleccionando PEAR (intento 1)
[21:09:25][PEAR] Comenzando scrape DOM-driven...
[21:09:28][PEAR]   Re-seleccionando PEAR (intento 1)
[21:12:33][PEAR]   Re-seleccionando PEAR (intento 1)
[21:12:33][PEAR]   Boton no encontrado ? recargando configurador...
[21:12:50][PEAR]   Re-seleccionando PEAR (intento 2)
[21:12:53][PEAR] [86] ? NIV-D5C0F85B48F232CE | BASKET | CONTEMPORARY | U_PAVE | GOLD | KT_10 | 1ct | imgs:3
[21:12:56][PEAR] [87] ? NIV-564AABB91BF56BF5 | BASKET | CONTEMPORARY | U_PAVE | GOLD | KT_10 | 1ct | imgs:3
[21:12:59][PEAR] [88] ? NIV-F90800C7F479B426 | BASKET | CONTEMPORARY | U_PAVE | GOLD | KT_10 | 1ct | imgs:3
[21:13:02][PEAR] [89] ? NIV-E9C5A8C18A98309E | BASKET | CONTEMPORARY | U_PAVE | GOLD | KT_10 | 1ct | imgs:3
[21:13:12][PEAR] [90] ? NIV-CA91397730759503 | BASKET | CONTEMPORARY | U_PAVE | GOLD | KT_10 | 1ct | imgs:1
[21:13:17][PEAR] [91] ? NIV-201813E54AAD676E | BASKET | CONTEMPORARY | U_PAVE | GOLD | KT_10 | 1ct | imgs:3
[21:13:20][PEAR] [92] ? NIV-560ECFDD33105F86 | BASKET | CONTEMPORARY | U_PAVE | GOLD | KT_10 | 1ct | imgs:3
[21:13:23][PEAR] [93] ? NIV-F0569425E60661CF | BASKET | CONTEMPORARY | U_PAVE | GOLD | KT_10 | 1ct | imgs:3
[21:13:26][PEAR] [94] ? NIV-638B37285FE6198E | BASKET | CONTEMPORARY | U_PAVE | GOLD | KT_14 | 1ct | imgs:3
[21:13:29][PEAR] [95] ? NIV-1815078B47B84782 | BASKET | CONTEMPORARY | U_PAVE | GOLD | KT_14 | 1ct | imgs:3
[21:13:32][PEAR] [96] ? NIV-AC6B232A224D37FA | BASKET | CONTEMPORARY | U_PAVE | GOLD | KT_14 | 1ct | imgs:3
[21:13:43][PEAR] [97] ??  NIV-AC6B232A224D37FA | BASKET | CONTEMPORARY | U_PAVE | GOLD | KT_14 | 1ct | imgs:0
[21:13:44][PEAR] [98] ? NIV-D57EB831DCE834E8 | BASKET | CONTEMPORARY | U_PAVE | GOLD | KT_14 | 1ct | imgs:3
[21:13:47][PEAR] [99] ? NIV-A1E303B7255D44D5 | BASKET | CONTEMPORARY | U_PAVE | GOLD | KT_14 | 1ct | imgs:3
[21:13:50][PEAR] [100] ? NIV-99D5B34079E5026A | BASKET | CONTEMPORARY | U_PAVE | GOLD | KT_14 | 1ct | imgs:3
[21:13:55][PEAR] [101] ? NIV-C6DC6C40DFD35C78 | BASKET | CONTEMPORARY | U_PAVE | GOLD | KT_14 | 1ct | imgs:1
[21:13:56][PEAR] [102] ? NIV-2C26E2EFE9A956DF | BASKET | CONTEMPORARY | U_PAVE | GOLD | KT_14 | 1ct | imgs:3
[21:14:01][PEAR] [103] ? NIV-AABD95B950B34DF1 | BASKET | CONTEMPORARY | U_PAVE | GOLD | KT_18 | 1ct | imgs:1
[21:14:02][PEAR] [104] ? NIV-89E0F50132F79B32 | BASKET | CONTEMPORARY | U_PAVE | GOLD | KT_18 | 1ct | imgs:3
[21:14:05][PEAR] [105] ? NIV-C175F6C1D9DECDAB | BASKET | CONTEMPORARY | U_PAVE | GOLD | KT_18 | 1ct | imgs:3
[21:14:08][PEAR] [106] ? NIV-3856082831231231 | BASKET | CONTEMPORARY | U_PAVE | GOLD | KT_18 | 1ct | imgs:3
[21:14:11][PEAR] [107] ? NIV-FE6898A5C1792CC1 | BASKET | CONTEMPORARY | U_PAVE | GOLD | KT_18 | 1ct | imgs:3
[21:14:14][PEAR] [108] ? NIV-87E99FDAFFF17281 | BASKET | CONTEMPORARY | U_PAVE | GOLD | KT_18 | 1ct | imgs:3
[21:14:17][PEAR] [109] ? NIV-853B5380A5203887 | BASKET | CONTEMPORARY | U_PAVE | GOLD | KT_18 | 1ct | imgs:3
[21:14:20][PEAR] [110] ? NIV-79B08F9F0CE078D3 | BASKET | CONTEMPORARY | U_PAVE | GOLD | KT_18 | 1ct | imgs:3
[21:14:23][PEAR] [111] ? NIV-2B5A34D8091A2722 | BASKET | CONTEMPORARY | U_PAVE | GOLD | KT_18 | 1ct | imgs:3
[21:14:26][PEAR] [112] ? NIV-3580C704CD6D41A8 | BASKET | CONTEMPORARY | U_PAVE | PLATINUM | PT_950 | 1ct | imgs:3
[21:14:32][PEAR] [113] ? NIV-7960F8A556F19160 | BASKET | CONTEMPORARY | CHANNEL | GOLD | KT_10 | 1ct | imgs:3
[21:14:35][PEAR] [114] ? NIV-7960F8A556F19160 | BASKET | CONTEMPORARY | CHANNEL | GOLD | KT_10 | 1ct | imgs:3
[21:14:38][PEAR] [115] ? NIV-7960F8A556F19160 | BASKET | CONTEMPORARY | CHANNEL | GOLD | KT_10 | 1ct | imgs:3
[21:14:41][PEAR] [116] ? NIV-6E8ADC3E5F5E7481 | BASKET | CONTEMPORARY | CHANNEL | GOLD | KT_10 | 1ct | imgs:3
[21:14:44][PEAR] [117] ? NIV-6E8ADC3E5F5E7481 | BASKET | CONTEMPORARY | CHANNEL | GOLD | KT_10 | 1ct | imgs:3
[21:14:47][PEAR] [118] ? NIV-6E8ADC3E5F5E7481 | BASKET | CONTEMPORARY | CHANNEL | GOLD | KT_10 | 1ct | imgs:3
[21:14:50][PEAR] [119] ? NIV-94BBB908B345FE42 | BASKET | CONTEMPORARY | CHANNEL | GOLD | KT_10 | 1ct | imgs:3
[21:14:53][PEAR] [120] ? NIV-94BBB908B345FE42 | BASKET | CONTEMPORARY | CHANNEL | GOLD | KT_10 | 1ct | imgs:3
[21:14:56][PEAR] [121] ? NIV-94BBB908B345FE42 | BASKET | CONTEMPORARY | CHANNEL | GOLD | KT_10 | 1ct | imgs:3
[21:14:59][PEAR] [122] ? NIV-DEBD3C8D3A0C0437 | BASKET | CONTEMPORARY | CHANNEL | GOLD | KT_14 | 1ct | imgs:3
[21:15:02][PEAR] [123] ? NIV-DEBD3C8D3A0C0437 | BASKET | CONTEMPORARY | CHANNEL | GOLD | KT_14 | 1ct | imgs:3
[21:15:06][PEAR] [124] ? NIV-DEBD3C8D3A0C0437 | BASKET | CONTEMPORARY | CHANNEL | GOLD | KT_14 | 1ct | imgs:3
[21:15:08][PEAR] [125] ? NIV-85B503DB26A91A51 | BASKET | CONTEMPORARY | CHANNEL | GOLD | KT_14 | 1ct | imgs:3
[21:15:11][PEAR] [126] ? NIV-85B503DB26A91A51 | BASKET | CONTEMPORARY | CHANNEL | GOLD | KT_14 | 1ct | imgs:3
[21:15:14][PEAR] [127] ? NIV-85B503DB26A91A51 | BASKET | CONTEMPORARY | CHANNEL | GOLD | KT_14 | 1ct | imgs:3
[21:15:17][PEAR] [128] ? NIV-DAAC84E890CDDA21 | BASKET | CONTEMPORARY | CHANNEL | GOLD | KT_14 | 1ct | imgs:3
[21:15:20][PEAR] [129] ? NIV-DAAC84E890CDDA21 | BASKET | CONTEMPORARY | CHANNEL | GOLD | KT_14 | 1ct | imgs:3
[21:15:26][PEAR] [130] ? NIV-DAAC84E890CDDA21 | BASKET | CONTEMPORARY | CHANNEL | GOLD | KT_14 | 1ct | imgs:3
[21:15:29][PEAR] [131] ? NIV-F2E9D5990DB63B68 | BASKET | CONTEMPORARY | CHANNEL | GOLD | KT_18 | 1ct | imgs:3
[21:15:32][PEAR] [132] ? NIV-F2E9D5990DB63B68 | BASKET | CONTEMPORARY | CHANNEL | GOLD | KT_18 | 1ct | imgs:3
[21:15:35][PEAR] [133] ? NIV-F2E9D5990DB63B68 | BASKET | CONTEMPORARY | CHANNEL | GOLD | KT_18 | 1ct | imgs:3
[21:15:38][PEAR] [134] ? NIV-EE5B76C542D62A60 | BASKET | CONTEMPORARY | CHANNEL | GOLD | KT_18 | 1ct | imgs:3
[21:15:41][PEAR] [135] ? NIV-EE5B76C542D62A60 | BASKET | CONTEMPORARY | CHANNEL | GOLD | KT_18 | 1ct | imgs:3
[21:15:44][PEAR] [136] ? NIV-EE5B76C542D62A60 | BASKET | CONTEMPORARY | CHANNEL | GOLD | KT_18 | 1ct | imgs:3
[21:15:47][PEAR] [137] ? NIV-D3A2A31CCD9372D2 | BASKET | CONTEMPORARY | CHANNEL | GOLD | KT_18 | 1ct | imgs:3
[21:15:50][PEAR] [138] ? NIV-D3A2A31CCD9372D2 | BASKET | CONTEMPORARY | CHANNEL | GOLD | KT_18 | 1ct | imgs:3
[21:15:53][PEAR] [139] ? NIV-D3A2A31CCD9372D2 | BASKET | CONTEMPORARY | CHANNEL | GOLD | KT_18 | 1ct | imgs:3
[21:15:56][PEAR] [140] ? NIV-66C2E6FF0A276EA0 | BASKET | CONTEMPORARY | CHANNEL | PLATINUM | PT_950 | 1ct | imgs:3
[21:15:59][PEAR] [141] ? NIV-CDC2E287441227CD | BASKET | CONTEMPORARY | CHANNEL | GOLD | KT_10 | 1ct | imgs:3
[21:16:02][PEAR] [142] ? NIV-CDC2E287441227CD | BASKET | CONTEMPORARY | CHANNEL | GOLD | KT_10 | 1ct | imgs:3
[21:16:08][PEAR] [143] ? NIV-CDC2E287441227CD | BASKET | CONTEMPORARY | CHANNEL | GOLD | KT_10 | 1ct | imgs:3
[21:16:11][PEAR] [144] ? NIV-FBA1ECBF0D106DF1 | BASKET | CONTEMPORARY | CHANNEL | GOLD | KT_10 | 1ct | imgs:3
[21:16:14][PEAR] [145] ? NIV-FBA1ECBF0D106DF1 | BASKET | CONTEMPORARY | CHANNEL | GOLD | KT_10 | 1ct | imgs:3
[21:16:17][PEAR] [146] ? NIV-FBA1ECBF0D106DF1 | BASKET | CONTEMPORARY | CHANNEL | GOLD | KT_10 | 1ct | imgs:3
[21:16:20][PEAR] [147] ? NIV-5C8D753386BD7A1C | BASKET | CONTEMPORARY | CHANNEL | GOLD | KT_10 | 1ct | imgs:2
[21:16:26][PEAR] [148] ? NIV-5C8D753386BD7A1C | BASKET | CONTEMPORARY | CHANNEL | GOLD | KT_10 | 1ct | imgs:3
[21:16:29][PEAR] [149] ? NIV-5C8D753386BD7A1C | BASKET | CONTEMPORARY | CHANNEL | GOLD | KT_10 | 1ct | imgs:3
[21:16:35][PEAR] [150] ? NIV-E151BA26FCF37631 | BASKET | CONTEMPORARY | CHANNEL | GOLD | KT_14 | 1ct | imgs:3
[21:16:41][PEAR] [151] ? NIV-E151BA26FCF37631 | BASKET | CONTEMPORARY | CHANNEL | GOLD | KT_14 | 1ct | imgs:3
[21:16:44][PEAR] [152] ? NIV-E151BA26FCF37631 | BASKET | CONTEMPORARY | CHANNEL | GOLD | KT_14 | 1ct | imgs:3
[21:16:47][PEAR] [153] ? NIV-2335AF20E0FCDBD8 | BASKET | CONTEMPORARY | CHANNEL | GOLD | KT_14 | 1ct | imgs:3
[21:16:50][PEAR] [154] ? NIV-2335AF20E0FCDBD8 | BASKET | CONTEMPORARY | CHANNEL | GOLD | KT_14 | 1ct | imgs:3
[21:16:53][PEAR] [155] ? NIV-2335AF20E0FCDBD8 | BASKET | CONTEMPORARY | CHANNEL | GOLD | KT_14 | 1ct | imgs:3
[21:16:56][PEAR] [156] ? NIV-0215BD6AA50A0385 | BASKET | CONTEMPORARY | CHANNEL | GOLD | KT_14 | 1ct | imgs:3
[21:16:59][PEAR] [157] ? NIV-0215BD6AA50A0385 | BASKET | CONTEMPORARY | CHANNEL | GOLD | KT_14 | 1ct | imgs:3
[21:17:02][PEAR] [158] ? NIV-0215BD6AA50A0385 | BASKET | CONTEMPORARY | CHANNEL | GOLD | KT_14 | 1ct | imgs:3
[21:17:05][PEAR] [159] ? NIV-6EACF32DA93C53DA | BASKET | CONTEMPORARY | CHANNEL | GOLD | KT_18 | 1ct | imgs:3
[21:17:08][PEAR] [160] ? NIV-6EACF32DA93C53DA | BASKET | CONTEMPORARY | CHANNEL | GOLD | KT_18 | 1ct | imgs:3
[21:17:11][PEAR] [161] ? NIV-6EACF32DA93C53DA | BASKET | CONTEMPORARY | CHANNEL | GOLD | KT_18 | 1ct | imgs:3
[21:17:14][PEAR] [162] ? NIV-C9956206BB2CD0B3 | BASKET | CONTEMPORARY | CHANNEL | GOLD | KT_18 | 1ct | imgs:3
[21:17:17][PEAR] [163] ? NIV-C9956206BB2CD0B3 | BASKET | CONTEMPORARY | CHANNEL | GOLD | KT_18 | 1ct | imgs:3
[21:17:20][PEAR] [164] ? NIV-C9956206BB2CD0B3 | BASKET | CONTEMPORARY | CHANNEL | GOLD | KT_18 | 1ct | imgs:3
[21:17:23][PEAR] [165] ? NIV-A08CBBD04A96E430 | BASKET | CONTEMPORARY | CHANNEL | GOLD | KT_18 | 1ct | imgs:3
[21:17:26][PEAR] [166] ? NIV-A08CBBD04A96E430 | BASKET | CONTEMPORARY | CHANNEL | GOLD | KT_18 | 1ct | imgs:3
[21:17:29][PEAR] [167] ? NIV-A08CBBD04A96E430 | BASKET | CONTEMPORARY | CHANNEL | GOLD | KT_18 | 1ct | imgs:3
[21:17:32][PEAR] [168] ? NIV-D21ED44BF24D7224 | BASKET | CONTEMPORARY | CHANNEL | PLATINUM | PT_950 | 1ct | imgs:3
[21:17:36][PEAR] [169] ? NIV-87A0C81ABC6E41DA | BASKET | CONTEMPORARY | CHANNEL | GOLD | KT_10 | 1ct | imgs:3
[21:17:41][PEAR] [170] ? NIV-87A0C81ABC6E41DA | BASKET | CONTEMPORARY | CHANNEL | GOLD | KT_10 | 1ct | imgs:3
[21:17:44][PEAR] [171] ? NIV-87A0C81ABC6E41DA | BASKET | CONTEMPORARY | CHANNEL | GOLD | KT_10 | 1ct | imgs:3
[21:17:47][PEAR] [172] ? NIV-D77AB393291BCB8A | BASKET | CONTEMPORARY | CHANNEL | GOLD | KT_10 | 1ct | imgs:3
[21:17:50][PEAR] [173] ? NIV-D77AB393291BCB8A | BASKET | CONTEMPORARY | CHANNEL | GOLD | KT_10 | 1ct | imgs:3
[21:17:53][PEAR] [174] ? NIV-D77AB393291BCB8A | BASKET | CONTEMPORARY | CHANNEL | GOLD | KT_10 | 1ct | imgs:3
[21:17:56][PEAR] [175] ? NIV-08BD5A2EE93D77AD | BASKET | CONTEMPORARY | CHANNEL | GOLD | KT_10 | 1ct | imgs:3
[21:17:59][PEAR] [176] ? NIV-08BD5A2EE93D77AD | BASKET | CONTEMPORARY | CHANNEL | GOLD | KT_10 | 1ct | imgs:3
[21:18:02][PEAR] [177] ? NIV-08BD5A2EE93D77AD | BASKET | CONTEMPORARY | CHANNEL | GOLD | KT_10 | 1ct | imgs:3
[21:18:05][PEAR] [178] ? NIV-A8DFD1EFEF846ADF | BASKET | CONTEMPORARY | CHANNEL | GOLD | KT_14 | 1ct | imgs:3
[21:18:08][PEAR] [179] ? NIV-A8DFD1EFEF846ADF | BASKET | CONTEMPORARY | CHANNEL | GOLD | KT_14 | 1ct | imgs:3
[21:18:14][PEAR] [180] ? NIV-A8DFD1EFEF846ADF | BASKET | CONTEMPORARY | CHANNEL | GOLD | KT_14 | 1ct | imgs:3
[21:18:17][PEAR] [181] ? NIV-FE91CF737630F764 | BASKET | CONTEMPORARY | CHANNEL | GOLD | KT_14 | 1ct | imgs:3
[21:18:20][PEAR] [182] ? NIV-FE91CF737630F764 | BASKET | CONTEMPORARY | CHANNEL | GOLD | KT_14 | 1ct | imgs:3
[21:18:23][PEAR] [183] ? NIV-FE91CF737630F764 | BASKET | CONTEMPORARY | CHANNEL | GOLD | KT_14 | 1ct | imgs:3
[21:18:26][PEAR] [184] ? NIV-8627605297B02D89 | BASKET | CONTEMPORARY | CHANNEL | GOLD | KT_14 | 1ct | imgs:3
[21:18:29][PEAR] [185] ? NIV-8627605297B02D89 | BASKET | CONTEMPORARY | CHANNEL | GOLD | KT_14 | 1ct | imgs:3
[21:18:35][PEAR] [186] ? NIV-8627605297B02D89 | BASKET | CONTEMPORARY | CHANNEL | GOLD | KT_14 | 1ct | imgs:3
[21:18:38][PEAR] [187] ? NIV-F23474CAC2268F53 | BASKET | CONTEMPORARY | CHANNEL | GOLD | KT_18 | 1ct | imgs:3
[21:18:41][PEAR] [188] ? NIV-F23474CAC2268F53 | BASKET | CONTEMPORARY | CHANNEL | GOLD | KT_18 | 1ct | imgs:3
[21:18:44][PEAR] [189] ? NIV-F23474CAC2268F53 | BASKET | CONTEMPORARY | CHANNEL | GOLD | KT_18 | 1ct | imgs:3
[21:18:47][PEAR] [190] ? NIV-83B857494FEC05CA | BASKET | CONTEMPORARY | CHANNEL | GOLD | KT_18 | 1ct | imgs:3
[21:18:50][PEAR] [191] ? NIV-83B857494FEC05CA | BASKET | CONTEMPORARY | CHANNEL | GOLD | KT_18 | 1ct | imgs:3
[21:18:53][PEAR] [192] ? NIV-83B857494FEC05CA | BASKET | CONTEMPORARY | CHANNEL | GOLD | KT_18 | 1ct | imgs:3
[21:18:56][PEAR] [193] ? NIV-63B1AFDFF8E8232B | BASKET | CONTEMPORARY | CHANNEL | GOLD | KT_18 | 1ct | imgs:3
[21:18:59][PEAR] [194] ? NIV-63B1AFDFF8E8232B | BASKET | CONTEMPORARY | CHANNEL | GOLD | KT_18 | 1ct | imgs:3
[21:19:05][PEAR] [195] ? NIV-63B1AFDFF8E8232B | BASKET | CONTEMPORARY | CHANNEL | GOLD | KT_18 | 1ct | imgs:3
[21:19:08][PEAR] [196] ? NIV-7DCCBC654EF56796 | BASKET | CONTEMPORARY | CHANNEL | PLATINUM | PT_950 | 1ct | imgs:3
[21:19:14][PEAR] [197] ? NIV-0249E01E010B766A | BASKET | CONTEMPORARY | CHANNEL | GOLD | KT_10 | 1ct | imgs:3
[21:19:17][PEAR] [198] ? NIV-0249E01E010B766A | BASKET | CONTEMPORARY | CHANNEL | GOLD | KT_10 | 1ct | imgs:3
[21:19:23][PEAR] [199] ? NIV-0249E01E010B766A | BASKET | CONTEMPORARY | CHANNEL | GOLD | KT_10 | 1ct | imgs:3
[21:19:26][PEAR] [200] ? NIV-F9657567958032DB | BASKET | CONTEMPORARY | CHANNEL | GOLD | KT_10 | 1ct | imgs:3
[21:19:29][PEAR] [201] ? NIV-F9657567958032DB | BASKET | CONTEMPORARY | CHANNEL | GOLD | KT_10 | 1ct | imgs:3
[21:19:32][PEAR] [202] ? NIV-F9657567958032DB | BASKET | CONTEMPORARY | CHANNEL | GOLD | KT_10 | 1ct | imgs:3
[21:19:35][PEAR] [203] ? NIV-25090B304E62BE36 | BASKET | CONTEMPORARY | CHANNEL | GOLD | KT_10 | 1ct | imgs:3
[21:19:38][PEAR] [204] ? NIV-25090B304E62BE36 | BASKET | CONTEMPORARY | CHANNEL | GOLD | KT_10 | 1ct | imgs:3
[21:19:41][PEAR] [205] ? NIV-25090B304E62BE36 | BASKET | CONTEMPORARY | CHANNEL | GOLD | KT_10 | 1ct | imgs:3
[21:19:47][PEAR] [206] ? NIV-10767073252AF496 | BASKET | CONTEMPORARY | CHANNEL | GOLD | KT_14 | 1ct | imgs:3
[21:19:50][PEAR] [207] ? NIV-10767073252AF496 | BASKET | CONTEMPORARY | CHANNEL | GOLD | KT_14 | 1ct | imgs:3
[21:19:53][PEAR] [208] ? NIV-10767073252AF496 | BASKET | CONTEMPORARY | CHANNEL | GOLD | KT_14 | 1ct | imgs:3
[21:19:56][PEAR] [209] ? NIV-2B6C6ED640CD7EB5 | BASKET | CONTEMPORARY | CHANNEL | GOLD | KT_14 | 1ct | imgs:3
[21:20:00][PEAR] [210] ? NIV-2B6C6ED640CD7EB5 | BASKET | CONTEMPORARY | CHANNEL | GOLD | KT_14 | 1ct | imgs:3
[21:20:05][PEAR] [211] ? NIV-2B6C6ED640CD7EB5 | BASKET | CONTEMPORARY | CHANNEL | GOLD | KT_14 | 1ct | imgs:3
[21:20:08][PEAR] [212] ? NIV-1FC865F267F39AF7 | BASKET | CONTEMPORARY | CHANNEL | GOLD | KT_14 | 1ct | imgs:3
[21:20:14][PEAR] [213] ? NIV-1FC865F267F39AF7 | BASKET | CONTEMPORARY | CHANNEL | GOLD | KT_14 | 1ct | imgs:3
[21:20:17][PEAR] [214] ? NIV-1FC865F267F39AF7 | BASKET | CONTEMPORARY | CHANNEL | GOLD | KT_14 | 1ct | imgs:3
[21:20:21][PEAR] [215] ? NIV-10D42DC2DD7A4BC9 | BASKET | CONTEMPORARY | CHANNEL | GOLD | KT_18 | 1ct | imgs:1
[21:20:26][PEAR] [216] ? NIV-10D42DC2DD7A4BC9 | BASKET | CONTEMPORARY | CHANNEL | GOLD | KT_18 | 1ct | imgs:3
[21:20:29][PEAR] [217] ? NIV-10D42DC2DD7A4BC9 | BASKET | CONTEMPORARY | CHANNEL | GOLD | KT_18 | 1ct | imgs:3
[21:20:32][PEAR] [218] ? NIV-44BE951073578C5A | BASKET | CONTEMPORARY | CHANNEL | GOLD | KT_18 | 1ct | imgs:3
[21:20:35][PEAR] [219] ? NIV-44BE951073578C5A | BASKET | CONTEMPORARY | CHANNEL | GOLD | KT_18 | 1ct | imgs:3
[21:20:38][PEAR] [220] ? NIV-44BE951073578C5A | BASKET | CONTEMPORARY | CHANNEL | GOLD | KT_18 | 1ct | imgs:3
[21:20:41][PEAR] [221] ? NIV-D186AAE6F49A1D87 | BASKET | CONTEMPORARY | CHANNEL | GOLD | KT_18 | 1ct | imgs:3
[21:20:47][PEAR] [222] ? NIV-D186AAE6F49A1D87 | BASKET | CONTEMPORARY | CHANNEL | GOLD | KT_18 | 1ct | imgs:3
[21:20:50][PEAR] [223] ? NIV-D186AAE6F49A1D87 | BASKET | CONTEMPORARY | CHANNEL | GOLD | KT_18 | 1ct | imgs:3
[21:20:54][PEAR] [224] ? NIV-06402D93B9E6FAFA | BASKET | CONTEMPORARY | CHANNEL | PLATINUM | PT_950 | 1ct | imgs:3
[21:20:59][PEAR] [225] ? NIV-D3F14222DFE943B6 | BASKET | CONTEMPORARY | CHANNEL | GOLD | KT_10 | 1ct | imgs:3
[21:21:05][PEAR] [226] ? NIV-D3F14222DFE943B6 | BASKET | CONTEMPORARY | CHANNEL | GOLD | KT_10 | 1ct | imgs:3
[21:21:11][PEAR] [227] ? NIV-D3F14222DFE943B6 | BASKET | CONTEMPORARY | CHANNEL | GOLD | KT_10 | 1ct | imgs:3
[21:21:16][PEAR] [228] ? NIV-635B708086093E66 | BASKET | CONTEMPORARY | CHANNEL | GOLD | KT_10 | 1ct | imgs:1
[21:21:20][PEAR] [229] ? NIV-635B708086093E66 | BASKET | CONTEMPORARY | CHANNEL | GOLD | KT_10 | 1ct | imgs:3
[21:21:23][PEAR] [230] ? NIV-635B708086093E66 | BASKET | CONTEMPORARY | CHANNEL | GOLD | KT_10 | 1ct | imgs:3
[21:21:26][PEAR] [231] ? NIV-8227152D3DB249CC | BASKET | CONTEMPORARY | CHANNEL | GOLD | KT_10 | 1ct | imgs:3
[21:21:29][PEAR] [232] ? NIV-8227152D3DB249CC | BASKET | CONTEMPORARY | CHANNEL | GOLD | KT_10 | 1ct | imgs:3
[21:21:35][PEAR] [233] ? NIV-8227152D3DB249CC | BASKET | CONTEMPORARY | CHANNEL | GOLD | KT_10 | 1ct | imgs:3
[21:21:38][PEAR] [234] ? NIV-19040E8E92A691DC | BASKET | CONTEMPORARY | CHANNEL | GOLD | KT_14 | 1ct | imgs:3
[21:21:41][PEAR] [235] ? NIV-19040E8E92A691DC | BASKET | CONTEMPORARY | CHANNEL | GOLD | KT_14 | 1ct | imgs:3
[21:21:47][PEAR] [236] ? NIV-19040E8E92A691DC | BASKET | CONTEMPORARY | CHANNEL | GOLD | KT_14 | 1ct | imgs:3
[21:21:50][PEAR] [237] ? NIV-383C6A387F143FD8 | BASKET | CONTEMPORARY | CHANNEL | GOLD | KT_14 | 1ct | imgs:3
[21:21:53][PEAR] [238] ? NIV-383C6A387F143FD8 | BASKET | CONTEMPORARY | CHANNEL | GOLD | KT_14 | 1ct | imgs:3
[21:21:59][PEAR] [239] ? NIV-383C6A387F143FD8 | BASKET | CONTEMPORARY | CHANNEL | GOLD | KT_14 | 1ct | imgs:3
[21:22:02][PEAR] [240] ? NIV-1FAC42DA8388EDC5 | BASKET | CONTEMPORARY | CHANNEL | GOLD | KT_14 | 1ct | imgs:3
[21:22:05][PEAR] [241] ? NIV-1FAC42DA8388EDC5 | BASKET | CONTEMPORARY | CHANNEL | GOLD | KT_14 | 1ct | imgs:3
[21:22:08][PEAR] [242] ? NIV-1FAC42DA8388EDC5 | BASKET | CONTEMPORARY | CHANNEL | GOLD | KT_14 | 1ct | imgs:3
[21:22:12][PEAR] [243] ? NIV-5D08D85599322C83 | BASKET | CONTEMPORARY | CHANNEL | GOLD | KT_18 | 1ct | imgs:1
[21:22:17][PEAR] [244] ? NIV-5D08D85599322C83 | BASKET | CONTEMPORARY | CHANNEL | GOLD | KT_18 | 1ct | imgs:3
[21:22:23][PEAR] [245] ? NIV-5D08D85599322C83 | BASKET | CONTEMPORARY | CHANNEL | GOLD | KT_18 | 1ct | imgs:3
[21:22:26][PEAR] [246] ? NIV-AD51CE790E2EEF09 | BASKET | CONTEMPORARY | CHANNEL | GOLD | KT_18 | 1ct | imgs:3
[21:22:30][PEAR] [247] ? NIV-AD51CE790E2EEF09 | BASKET | CONTEMPORARY | CHANNEL | GOLD | KT_18 | 1ct | imgs:3
[21:22:35][PEAR] [248] ? NIV-AD51CE790E2EEF09 | BASKET | CONTEMPORARY | CHANNEL | GOLD | KT_18 | 1ct | imgs:3
[21:22:38][PEAR] [249] ? NIV-A943F47212BAC3B4 | BASKET | CONTEMPORARY | CHANNEL | GOLD | KT_18 | 1ct | imgs:3
[21:22:44][PEAR] [250] ? NIV-A943F47212BAC3B4 | BASKET | CONTEMPORARY | CHANNEL | GOLD | KT_18 | 1ct | imgs:3
[21:22:50][PEAR] [251] ? NIV-A943F47212BAC3B4 | BASKET | CONTEMPORARY | CHANNEL | GOLD | KT_18 | 1ct | imgs:3
[21:22:56][PEAR] [252] ? NIV-2232B5C3B3E17E1F | BASKET | CONTEMPORARY | CHANNEL | PLATINUM | PT_950 | 1ct | imgs:1
[21:23:07][PEAR] [253] ? NIV-929E95C88C2CCB73 | BASKET | CONTEMPORARY | CHANNEL | GOLD | KT_10 | 1ct | imgs:2
[21:23:11][PEAR] [254] ? NIV-929E95C88C2CCB73 | BASKET | CONTEMPORARY | CHANNEL | GOLD | KT_10 | 1ct | imgs:3
[21:23:17][PEAR] [255] ? NIV-929E95C88C2CCB73 | BASKET | CONTEMPORARY | CHANNEL | GOLD | KT_10 | 1ct | imgs:3
[21:23:20][PEAR] [256] ? NIV-49A24A6C653F5E8E | BASKET | CONTEMPORARY | CHANNEL | GOLD | KT_10 | 1ct | imgs:3
[21:23:26][PEAR] [257] ? NIV-49A24A6C653F5E8E | BASKET | CONTEMPORARY | CHANNEL | GOLD | KT_10 | 1ct | imgs:3
[21:23:29][PEAR] [258] ? NIV-49A24A6C653F5E8E | BASKET | CONTEMPORARY | CHANNEL | GOLD | KT_10 | 1ct | imgs:3
[21:23:38][PEAR] [259] ? NIV-CA0D93313E6506F8 | BASKET | CONTEMPORARY | CHANNEL | GOLD | KT_10 | 1ct | imgs:1
[21:23:44][PEAR] [260] ? NIV-CA0D93313E6506F8 | BASKET | CONTEMPORARY | CHANNEL | GOLD | KT_10 | 1ct | imgs:3
[21:23:47][PEAR] [261] ? NIV-CA0D93313E6506F8 | BASKET | CONTEMPORARY | CHANNEL | GOLD | KT_10 | 1ct | imgs:3
[21:23:56][PEAR] [262] ? NIV-429220200F7E1A8E | BASKET | CONTEMPORARY | CHANNEL | GOLD | KT_14 | 1ct | imgs:1
[21:23:59][PEAR] [263] ? NIV-429220200F7E1A8E | BASKET | CONTEMPORARY | CHANNEL | GOLD | KT_14 | 1ct | imgs:3
[21:24:05][PEAR] [264] ? NIV-429220200F7E1A8E | BASKET | CONTEMPORARY | CHANNEL | GOLD | KT_14 | 1ct | imgs:3
[21:24:08][PEAR] [265] ? NIV-762D46B38C3753A8 | BASKET | CONTEMPORARY | CHANNEL | GOLD | KT_14 | 1ct | imgs:1
[21:24:11][PEAR] [266] ? NIV-762D46B38C3753A8 | BASKET | CONTEMPORARY | CHANNEL | GOLD | KT_14 | 1ct | imgs:3
[21:24:17][PEAR] [267] ? NIV-762D46B38C3753A8 | BASKET | CONTEMPORARY | CHANNEL | GOLD | KT_14 | 1ct | imgs:3
[21:24:20][PEAR] [268] ? NIV-D9ACA9A068AC9C58 | BASKET | CONTEMPORARY | CHANNEL | GOLD | KT_14 | 1ct | imgs:3
[21:24:23][PEAR] [269] ? NIV-D9ACA9A068AC9C58 | BASKET | CONTEMPORARY | CHANNEL | GOLD | KT_14 | 1ct | imgs:3
[21:24:29][PEAR] [270] ? NIV-D9ACA9A068AC9C58 | BASKET | CONTEMPORARY | CHANNEL | GOLD | KT_14 | 1ct | imgs:3
[21:24:32][PEAR] [271] ? NIV-BCE7F0912DB58FD0 | BASKET | CONTEMPORARY | CHANNEL | GOLD | KT_18 | 1ct | imgs:3
[21:24:38][PEAR] [272] ? NIV-BCE7F0912DB58FD0 | BASKET | CONTEMPORARY | CHANNEL | GOLD | KT_18 | 1ct | imgs:3
[21:24:41][PEAR] [273] ? NIV-BCE7F0912DB58FD0 | BASKET | CONTEMPORARY | CHANNEL | GOLD | KT_18 | 1ct | imgs:3
[21:24:44][PEAR] [274] ? NIV-FDC7C8C9BF3A490D | BASKET | CONTEMPORARY | CHANNEL | GOLD | KT_18 | 1ct | imgs:3
[21:24:47][PEAR] [275] ? NIV-FDC7C8C9BF3A490D | BASKET | CONTEMPORARY | CHANNEL | GOLD | KT_18 | 1ct | imgs:3
[21:24:53][PEAR] [276] ? NIV-FDC7C8C9BF3A490D | BASKET | CONTEMPORARY | CHANNEL | GOLD | KT_18 | 1ct | imgs:3
[21:24:56][PEAR] [277] ? NIV-A930BEAD60C289E5 | BASKET | CONTEMPORARY | CHANNEL | GOLD | KT_18 | 1ct | imgs:3
[21:24:59][PEAR] [278] ? NIV-A930BEAD60C289E5 | BASKET | CONTEMPORARY | CHANNEL | GOLD | KT_18 | 1ct | imgs:3
[21:25:05][PEAR] [279] ? NIV-A930BEAD60C289E5 | BASKET | CONTEMPORARY | CHANNEL | GOLD | KT_18 | 1ct | imgs:3
[21:25:08][PEAR] [280] ? NIV-A795C490A581F7B7 | BASKET | CONTEMPORARY | CHANNEL | PLATINUM | PT_950 | 1ct | imgs:3
[21:25:17][PEAR] [281] ? NIV-99AB1B49E0D41887 | BASKET | CONTEMPORARY | CHANNEL | GOLD | KT_10 | 1ct | imgs:3
[21:25:20][PEAR] [282] ? NIV-99AB1B49E0D41887 | BASKET | CONTEMPORARY | CHANNEL | GOLD | KT_10 | 1ct | imgs:3
[21:25:26][PEAR] [283] ? NIV-99AB1B49E0D41887 | BASKET | CONTEMPORARY | CHANNEL | GOLD | KT_10 | 1ct | imgs:3
[21:25:29][PEAR] [284] ? NIV-F4D3BEE0C4121151 | BASKET | CONTEMPORARY | CHANNEL | GOLD | KT_10 | 1ct | imgs:3
[21:25:32][PEAR] [285] ? NIV-F4D3BEE0C4121151 | BASKET | CONTEMPORARY | CHANNEL | GOLD | KT_10 | 1ct | imgs:3
[21:25:38][PEAR] [286] ? NIV-F4D3BEE0C4121151 | BASKET | CONTEMPORARY | CHANNEL | GOLD | KT_10 | 1ct | imgs:3
[21:25:41][PEAR] [287] ? NIV-6B3D1B4BED36F81B | BASKET | CONTEMPORARY | CHANNEL | GOLD | KT_10 | 1ct | imgs:3
[21:25:44][PEAR] [288] ? NIV-6B3D1B4BED36F81B | BASKET | CONTEMPORARY | CHANNEL | GOLD | KT_10 | 1ct | imgs:3
[21:25:47][PEAR] [289] ? NIV-6B3D1B4BED36F81B | BASKET | CONTEMPORARY | CHANNEL | GOLD | KT_10 | 1ct | imgs:3
[21:25:50][PEAR] [290] ? NIV-2318D089F96C0A2C | BASKET | CONTEMPORARY | CHANNEL | GOLD | KT_14 | 1ct | imgs:3
[21:25:56][PEAR] [291] ? NIV-2318D089F96C0A2C | BASKET | CONTEMPORARY | CHANNEL | GOLD | KT_14 | 1ct | imgs:3
[21:25:59][PEAR] [292] ? NIV-2318D089F96C0A2C | BASKET | CONTEMPORARY | CHANNEL | GOLD | KT_14 | 1ct | imgs:3
[21:26:02][PEAR] [293] ? NIV-D672ECDACC64B5FF | BASKET | CONTEMPORARY | CHANNEL | GOLD | KT_14 | 1ct | imgs:3
[21:26:05][PEAR] [294] ? NIV-D672ECDACC64B5FF | BASKET | CONTEMPORARY | CHANNEL | GOLD | KT_14 | 1ct | imgs:3
[21:26:11][PEAR] [295] ? NIV-D672ECDACC64B5FF | BASKET | CONTEMPORARY | CHANNEL | GOLD | KT_14 | 1ct | imgs:3
[21:26:14][PEAR] [296] ? NIV-A64D38CC875C074C | BASKET | CONTEMPORARY | CHANNEL | GOLD | KT_14 | 1ct | imgs:3
[21:26:20][PEAR] [297] ? NIV-A64D38CC875C074C | BASKET | CONTEMPORARY | CHANNEL | GOLD | KT_14 | 1ct | imgs:3
[21:26:23][PEAR] [298] ? NIV-A64D38CC875C074C | BASKET | CONTEMPORARY | CHANNEL | GOLD | KT_14 | 1ct | imgs:3
[21:26:26][PEAR] [299] ? NIV-9719386E6AFEBDF8 | BASKET | CONTEMPORARY | CHANNEL | GOLD | KT_18 | 1ct | imgs:3
[21:26:32][PEAR] [300] ? NIV-9719386E6AFEBDF8 | BASKET | CONTEMPORARY | CHANNEL | GOLD | KT_18 | 1ct | imgs:3
[21:26:35][PEAR] [301] ? NIV-9719386E6AFEBDF8 | BASKET | CONTEMPORARY | CHANNEL | GOLD | KT_18 | 1ct | imgs:3
[21:26:38][PEAR] [302] ? NIV-9FD0640375C61634 | BASKET | CONTEMPORARY | CHANNEL | GOLD | KT_18 | 1ct | imgs:3
[21:26:41][PEAR] [303] ? NIV-9FD0640375C61634 | BASKET | CONTEMPORARY | CHANNEL | GOLD | KT_18 | 1ct | imgs:3
[21:26:47][PEAR] [304] ? NIV-9FD0640375C61634 | BASKET | CONTEMPORARY | CHANNEL | GOLD | KT_18 | 1ct | imgs:3
[21:26:50][PEAR] [305] ? NIV-1B261146752AFC8F | BASKET | CONTEMPORARY | CHANNEL | GOLD | KT_18 | 1ct | imgs:3
[21:26:56][PEAR] [306] ? NIV-1B261146752AFC8F | BASKET | CONTEMPORARY | CHANNEL | GOLD | KT_18 | 1ct | imgs:3
[21:27:02][PEAR] [307] ? NIV-1B261146752AFC8F | BASKET | CONTEMPORARY | CHANNEL | GOLD | KT_18 | 1ct | imgs:3
[21:27:05][PEAR] [308] ? NIV-6CD2960F24C74292 | BASKET | CONTEMPORARY | CHANNEL | PLATINUM | PT_950 | 1ct | imgs:3
[21:27:11][PEAR] [309] ? NIV-BDA02F4AFEB65C16 | BASKET | CONTEMPORARY | CHANNEL | GOLD | KT_10 | 1ct | imgs:1
[21:27:17][PEAR] [310] ? NIV-BDA02F4AFEB65C16 | BASKET | CONTEMPORARY | CHANNEL | GOLD | KT_10 | 1ct | imgs:3
[21:27:20][PEAR] [311] ? NIV-BDA02F4AFEB65C16 | BASKET | CONTEMPORARY | CHANNEL | GOLD | KT_10 | 1ct | imgs:3
[21:27:23][PEAR] [312] ? NIV-F16D192459760908 | BASKET | CONTEMPORARY | CHANNEL | GOLD | KT_10 | 1ct | imgs:3
[21:27:27][PEAR] [313] ? NIV-F16D192459760908 | BASKET | CONTEMPORARY | CHANNEL | GOLD | KT_10 | 1ct | imgs:3
[21:27:32][PEAR] [314] ? NIV-F16D192459760908 | BASKET | CONTEMPORARY | CHANNEL | GOLD | KT_10 | 1ct | imgs:3
[21:27:35][PEAR] [315] ? NIV-884E6181EE7BD64C | BASKET | CONTEMPORARY | CHANNEL | GOLD | KT_10 | 1ct | imgs:3
[21:27:38][PEAR] [316] ? NIV-884E6181EE7BD64C | BASKET | CONTEMPORARY | CHANNEL | GOLD | KT_10 | 1ct | imgs:3
[21:27:42][PEAR] [317] ? NIV-884E6181EE7BD64C | BASKET | CONTEMPORARY | CHANNEL | GOLD | KT_10 | 1ct | imgs:3
[21:27:44][PEAR] [318] ? NIV-62CCE1218339A122 | BASKET | CONTEMPORARY | CHANNEL | GOLD | KT_14 | 1ct | imgs:2
[21:27:50][PEAR] [319] ? NIV-62CCE1218339A122 | BASKET | CONTEMPORARY | CHANNEL | GOLD | KT_14 | 1ct | imgs:3
[21:27:53][PEAR] [320] ? NIV-62CCE1218339A122 | BASKET | CONTEMPORARY | CHANNEL | GOLD | KT_14 | 1ct | imgs:3
[21:27:56][PEAR] [321] ? NIV-97362DF09D5BB485 | BASKET | CONTEMPORARY | CHANNEL | GOLD | KT_14 | 1ct | imgs:3
[21:27:59][PEAR] [322] ? NIV-97362DF09D5BB485 | BASKET | CONTEMPORARY | CHANNEL | GOLD | KT_14 | 1ct | imgs:3
[21:28:02][PEAR] [323] ? NIV-97362DF09D5BB485 | BASKET | CONTEMPORARY | CHANNEL | GOLD | KT_14 | 1ct | imgs:3
[21:28:05][PEAR] [324] ? NIV-72EFA0207B54226B | BASKET | CONTEMPORARY | CHANNEL | GOLD | KT_14 | 1ct | imgs:3
[21:28:11][PEAR] [325] ? NIV-72EFA0207B54226B | BASKET | CONTEMPORARY | CHANNEL | GOLD | KT_14 | 1ct | imgs:3
[21:28:14][PEAR] [326] ? NIV-72EFA0207B54226B | BASKET | CONTEMPORARY | CHANNEL | GOLD | KT_14 | 1ct | imgs:3
[21:28:18][PEAR] [327] ? NIV-10E8E7F6F8E44918 | BASKET | CONTEMPORARY | CHANNEL | GOLD | KT_18 | 1ct | imgs:2
[21:28:23][PEAR] [328] ? NIV-10E8E7F6F8E44918 | BASKET | CONTEMPORARY | CHANNEL | GOLD | KT_18 | 1ct | imgs:3
[21:28:26][PEAR] [329] ? NIV-10E8E7F6F8E44918 | BASKET | CONTEMPORARY | CHANNEL | GOLD | KT_18 | 1ct | imgs:3
[21:28:29][PEAR] [330] ? NIV-6102409D5352992E | BASKET | CONTEMPORARY | CHANNEL | GOLD | KT_18 | 1ct | imgs:3
[21:28:32][PEAR] [331] ? NIV-6102409D5352992E | BASKET | CONTEMPORARY | CHANNEL | GOLD | KT_18 | 1ct | imgs:3
[21:28:35][PEAR] [332] ? NIV-6102409D5352992E | BASKET | CONTEMPORARY | CHANNEL | GOLD | KT_18 | 1ct | imgs:3
[21:28:38][PEAR] [333] ? NIV-DF94F095BD4BC0D4 | BASKET | CONTEMPORARY | CHANNEL | GOLD | KT_18 | 1ct | imgs:3
[21:28:41][PEAR] [334] ? NIV-DF94F095BD4BC0D4 | BASKET | CONTEMPORARY | CHANNEL | GOLD | KT_18 | 1ct | imgs:3
[21:28:47][PEAR] [335] ? NIV-DF94F095BD4BC0D4 | BASKET | CONTEMPORARY | CHANNEL | GOLD | KT_18 | 1ct | imgs:3
[21:28:50][PEAR] [336] ? NIV-8DB1EBC88B235CE6 | BASKET | CONTEMPORARY | CHANNEL | PLATINUM | PT_950 | 1ct | imgs:3
[21:28:56][PEAR] [337] ? NIV-AE40BD4923877D89 | BASKET | CONTEMPORARY | CHANNEL | GOLD | KT_10 | 1ct | imgs:3
[21:28:59][PEAR] [338] ? NIV-AE40BD4923877D89 | BASKET | CONTEMPORARY | CHANNEL | GOLD | KT_10 | 1ct | imgs:3
[21:29:02][PEAR] [339] ? NIV-AE40BD4923877D89 | BASKET | CONTEMPORARY | CHANNEL | GOLD | KT_10 | 1ct | imgs:3
[21:29:05][PEAR] [340] ? NIV-5836D3EB72DDDB2B | BASKET | CONTEMPORARY | CHANNEL | GOLD | KT_10 | 1ct | imgs:3
[21:29:08][PEAR] [341] ? NIV-5836D3EB72DDDB2B | BASKET | CONTEMPORARY | CHANNEL | GOLD | KT_10 | 1ct | imgs:3
[21:29:11][PEAR] [342] ? NIV-5836D3EB72DDDB2B | BASKET | CONTEMPORARY | CHANNEL | GOLD | KT_10 | 1ct | imgs:3
[21:29:14][PEAR] [343] ? NIV-8C8E572E90ECC285 | BASKET | CONTEMPORARY | CHANNEL | GOLD | KT_10 | 1ct | imgs:3
[21:29:20][PEAR] [344] ? NIV-8C8E572E90ECC285 | BASKET | CONTEMPORARY | CHANNEL | GOLD | KT_10 | 1ct | imgs:3
[21:29:23][PEAR] [345] ? NIV-8C8E572E90ECC285 | BASKET | CONTEMPORARY | CHANNEL | GOLD | KT_10 | 1ct | imgs:3
[21:29:26][PEAR] [346] ? NIV-94762A4652719BA8 | BASKET | CONTEMPORARY | CHANNEL | GOLD | KT_14 | 1ct | imgs:3
[21:29:30][PEAR] [347] ? NIV-94762A4652719BA8 | BASKET | CONTEMPORARY | CHANNEL | GOLD | KT_14 | 1ct | imgs:3
[21:29:35][PEAR] [348] ? NIV-94762A4652719BA8 | BASKET | CONTEMPORARY | CHANNEL | GOLD | KT_14 | 1ct | imgs:3
[21:29:38][PEAR] [349] ? NIV-5EAE752E37D34701 | BASKET | CONTEMPORARY | CHANNEL | GOLD | KT_14 | 1ct | imgs:3
[21:29:44][PEAR] [350] ? NIV-5EAE752E37D34701 | BASKET | CONTEMPORARY | CHANNEL | GOLD | KT_14 | 1ct | imgs:3
[21:29:47][PEAR] [351] ? NIV-5EAE752E37D34701 | BASKET | CONTEMPORARY | CHANNEL | GOLD | KT_14 | 1ct | imgs:3
[21:29:50][PEAR] [352] ? NIV-9CDE64C67AC69C25 | BASKET | CONTEMPORARY | CHANNEL | GOLD | KT_14 | 1ct | imgs:3
[21:29:53][PEAR] [353] ? NIV-9CDE64C67AC69C25 | BASKET | CONTEMPORARY | CHANNEL | GOLD | KT_14 | 1ct | imgs:3
[21:29:56][PEAR] [354] ? NIV-9CDE64C67AC69C25 | BASKET | CONTEMPORARY | CHANNEL | GOLD | KT_14 | 1ct | imgs:3
[21:29:59][PEAR] [355] ? NIV-5AC978F04DB51636 | BASKET | CONTEMPORARY | CHANNEL | GOLD | KT_18 | 1ct | imgs:3
[21:30:02][PEAR] [356] ? NIV-5AC978F04DB51636 | BASKET | CONTEMPORARY | CHANNEL | GOLD | KT_18 | 1ct | imgs:3
[21:30:08][PEAR] [357] ? NIV-5AC978F04DB51636 | BASKET | CONTEMPORARY | CHANNEL | GOLD | KT_18 | 1ct | imgs:3
[21:30:11][PEAR] [358] ? NIV-92285F0D6681E0D4 | BASKET | CONTEMPORARY | CHANNEL | GOLD | KT_18 | 1ct | imgs:3
[21:30:14][PEAR] [359] ? NIV-92285F0D6681E0D4 | BASKET | CONTEMPORARY | CHANNEL | GOLD | KT_18 | 1ct | imgs:3
[21:30:20][PEAR] [360] ? NIV-92285F0D6681E0D4 | BASKET | CONTEMPORARY | CHANNEL | GOLD | KT_18 | 1ct | imgs:3
[21:30:26][PEAR] [361] ? NIV-F8F1E6FCA89593CD | BASKET | CONTEMPORARY | CHANNEL | GOLD | KT_18 | 1ct | imgs:3
[21:30:29][PEAR] [362] ? NIV-F8F1E6FCA89593CD | BASKET | CONTEMPORARY | CHANNEL | GOLD | KT_18 | 1ct | imgs:3
[21:30:32][PEAR] [363] ? NIV-F8F1E6FCA89593CD | BASKET | CONTEMPORARY | CHANNEL | GOLD | KT_18 | 1ct | imgs:3
[21:30:35][PEAR] [364] ? NIV-7D1CD06C23D76ACD | BASKET | CONTEMPORARY | CHANNEL | PLATINUM | PT_950 | 1ct | imgs:3
[21:30:44][PEAR] [365] ? NIV-B2967BAB53E6F70C | BASKET | CONTEMPORARY | CHANNEL | GOLD | KT_10 | 1ct | imgs:3
[21:30:47][PEAR] [366] ? NIV-B2967BAB53E6F70C | BASKET | CONTEMPORARY | CHANNEL | GOLD | KT_10 | 1ct | imgs:3
[21:30:50][PEAR] [367] ? NIV-B2967BAB53E6F70C | BASKET | CONTEMPORARY | CHANNEL | GOLD | KT_10 | 1ct | imgs:3
[21:30:53][PEAR] [368] ? NIV-38CA17E3DCE931BC | BASKET | CONTEMPORARY | CHANNEL | GOLD | KT_10 | 1ct | imgs:1
[21:30:59][PEAR] [369] ? NIV-38CA17E3DCE931BC | BASKET | CONTEMPORARY | CHANNEL | GOLD | KT_10 | 1ct | imgs:3
[21:31:03][PEAR] [370] ? NIV-38CA17E3DCE931BC | BASKET | CONTEMPORARY | CHANNEL | GOLD | KT_10 | 1ct | imgs:3
[21:31:05][PEAR] [371] ? NIV-4DE1DEDD66098BAC | BASKET | CONTEMPORARY | CHANNEL | GOLD | KT_10 | 1ct | imgs:3
[21:31:11][PEAR] [372] ? NIV-4DE1DEDD66098BAC | BASKET | CONTEMPORARY | CHANNEL | GOLD | KT_10 | 1ct | imgs:3
[21:31:14][PEAR] [373] ? NIV-4DE1DEDD66098BAC | BASKET | CONTEMPORARY | CHANNEL | GOLD | KT_10 | 1ct | imgs:3
[21:31:20][PEAR] [374] ? NIV-74F3FB75F65DA738 | BASKET | CONTEMPORARY | CHANNEL | GOLD | KT_14 | 1ct | imgs:3
[21:31:26][PEAR] [375] ? NIV-74F3FB75F65DA738 | BASKET | CONTEMPORARY | CHANNEL | GOLD | KT_14 | 1ct | imgs:3
[21:31:29][PEAR] [376] ? NIV-74F3FB75F65DA738 | BASKET | CONTEMPORARY | CHANNEL | GOLD | KT_14 | 1ct | imgs:3
[21:31:32][PEAR] [377] ? NIV-96817BB904A9FDCD | BASKET | CONTEMPORARY | CHANNEL | GOLD | KT_14 | 1ct | imgs:3
[21:31:35][PEAR] [378] ? NIV-96817BB904A9FDCD | BASKET | CONTEMPORARY | CHANNEL | GOLD | KT_14 | 1ct | imgs:3
[21:31:38][PEAR] [379] ? NIV-96817BB904A9FDCD | BASKET | CONTEMPORARY | CHANNEL | GOLD | KT_14 | 1ct | imgs:3
[21:31:41][PEAR] [380] ? NIV-4D52A026E37B838D | BASKET | CONTEMPORARY | CHANNEL | GOLD | KT_14 | 1ct | imgs:3
[21:31:44][PEAR] [381] ? NIV-4D52A026E37B838D | BASKET | CONTEMPORARY | CHANNEL | GOLD | KT_14 | 1ct | imgs:3
[21:31:47][PEAR] [382] ? NIV-4D52A026E37B838D | BASKET | CONTEMPORARY | CHANNEL | GOLD | KT_14 | 1ct | imgs:3
[21:31:51][PEAR] [383] ? NIV-AF758180F97B4630 | BASKET | CONTEMPORARY | CHANNEL | GOLD | KT_18 | 1ct | imgs:1
[21:31:56][PEAR] [384] ? NIV-AF758180F97B4630 | BASKET | CONTEMPORARY | CHANNEL | GOLD | KT_18 | 1ct | imgs:3
[21:31:59][PEAR] [385] ? NIV-AF758180F97B4630 | BASKET | CONTEMPORARY | CHANNEL | GOLD | KT_18 | 1ct | imgs:3
[21:32:02][PEAR] [386] ? NIV-80A06CF5ACC8A079 | BASKET | CONTEMPORARY | CHANNEL | GOLD | KT_18 | 1ct | imgs:3
[21:32:08][PEAR] [387] ? NIV-80A06CF5ACC8A079 | BASKET | CONTEMPORARY | CHANNEL | GOLD | KT_18 | 1ct | imgs:3
[21:32:11][PEAR] [388] ? NIV-80A06CF5ACC8A079 | BASKET | CONTEMPORARY | CHANNEL | GOLD | KT_18 | 1ct | imgs:3
[21:32:14][PEAR] [389] ? NIV-DD382A3F73F052CB | BASKET | CONTEMPORARY | CHANNEL | GOLD | KT_18 | 1ct | imgs:3
[21:32:20][PEAR] [390] ? NIV-DD382A3F73F052CB | BASKET | CONTEMPORARY | CHANNEL | GOLD | KT_18 | 1ct | imgs:3
[21:32:24][PEAR] [391] ? NIV-DD382A3F73F052CB | BASKET | CONTEMPORARY | CHANNEL | GOLD | KT_18 | 1ct | imgs:3
[21:32:26][PEAR] [392] ? NIV-F9BBC5063AFCAC88 | BASKET | CONTEMPORARY | CHANNEL | PLATINUM | PT_950 | 1ct | imgs:3
[21:32:32][PEAR] [393] ? NIV-F1C461EFA4C67DFC | BASKET | CONTEMPORARY | CHANNEL | GOLD | KT_10 | 1ct | imgs:3
[21:32:36][PEAR] [394] ? NIV-F1C461EFA4C67DFC | BASKET | CONTEMPORARY | CHANNEL | GOLD | KT_10 | 1ct | imgs:3
[21:32:41][PEAR] [395] ? NIV-F1C461EFA4C67DFC | BASKET | CONTEMPORARY | CHANNEL | GOLD | KT_10 | 1ct | imgs:3
[21:32:44][PEAR] [396] ? NIV-758CA88EA48FF56F | BASKET | CONTEMPORARY | CHANNEL | GOLD | KT_10 | 1ct | imgs:3
[21:32:47][PEAR] [397] ? NIV-758CA88EA48FF56F | BASKET | CONTEMPORARY | CHANNEL | GOLD | KT_10 | 1ct | imgs:3
[21:32:53][PEAR] [398] ? NIV-758CA88EA48FF56F | BASKET | CONTEMPORARY | CHANNEL | GOLD | KT_10 | 1ct | imgs:3
[21:32:56][PEAR] [399] ? NIV-5289015434049C29 | BASKET | CONTEMPORARY | CHANNEL | GOLD | KT_10 | 1ct | imgs:3
[21:32:59][PEAR] [400] ? NIV-5289015434049C29 | BASKET | CONTEMPORARY | CHANNEL | GOLD | KT_10 | 1ct | imgs:3
[21:33:02][PEAR] [401] ? NIV-5289015434049C29 | BASKET | CONTEMPORARY | CHANNEL | GOLD | KT_10 | 1ct | imgs:3
[21:33:06][PEAR] [402] ? NIV-7CFCBAF3055C6321 | BASKET | CONTEMPORARY | CHANNEL | GOLD | KT_14 | 1ct | imgs:1
[21:33:11][PEAR] [403] ? NIV-7CFCBAF3055C6321 | BASKET | CONTEMPORARY | CHANNEL | GOLD | KT_14 | 1ct | imgs:3
[21:33:14][PEAR] [404] ? NIV-7CFCBAF3055C6321 | BASKET | CONTEMPORARY | CHANNEL | GOLD | KT_14 | 1ct | imgs:3
[21:33:17][PEAR] [405] ? NIV-52D19EBDA6169843 | BASKET | CONTEMPORARY | CHANNEL | GOLD | KT_14 | 1ct | imgs:2
[21:33:23][PEAR] [406] ? NIV-52D19EBDA6169843 | BASKET | CONTEMPORARY | CHANNEL | GOLD | KT_14 | 1ct | imgs:3
[21:33:29][PEAR] [407] ? NIV-52D19EBDA6169843 | BASKET | CONTEMPORARY | CHANNEL | GOLD | KT_14 | 1ct | imgs:3
[21:33:32][PEAR] [408] ? NIV-25EFECBBE1B42B8B | BASKET | CONTEMPORARY | CHANNEL | GOLD | KT_14 | 1ct | imgs:3
[21:33:35][PEAR] [409] ? NIV-25EFECBBE1B42B8B | BASKET | CONTEMPORARY | CHANNEL | GOLD | KT_14 | 1ct | imgs:3
[21:33:41][PEAR] [410] ? NIV-25EFECBBE1B42B8B | BASKET | CONTEMPORARY | CHANNEL | GOLD | KT_14 | 1ct | imgs:3
[21:33:44][PEAR] [411] ? NIV-55F93F0D5CF61CC7 | BASKET | CONTEMPORARY | CHANNEL | GOLD | KT_18 | 1ct | imgs:3
[21:33:47][PEAR] [412] ? NIV-55F93F0D5CF61CC7 | BASKET | CONTEMPORARY | CHANNEL | GOLD | KT_18 | 1ct | imgs:3
[21:33:51][PEAR] [413] ? NIV-55F93F0D5CF61CC7 | BASKET | CONTEMPORARY | CHANNEL | GOLD | KT_18 | 1ct | imgs:3
[21:33:53][PEAR] [414] ? NIV-4F2416DF2B496276 | BASKET | CONTEMPORARY | CHANNEL | GOLD | KT_18 | 1ct | imgs:3
[21:33:56][PEAR] [415] ? NIV-4F2416DF2B496276 | BASKET | CONTEMPORARY | CHANNEL | GOLD | KT_18 | 1ct | imgs:3
[21:34:00][PEAR] [416] ? NIV-4F2416DF2B496276 | BASKET | CONTEMPORARY | CHANNEL | GOLD | KT_18 | 1ct | imgs:3
[21:34:02][PEAR] [417] ? NIV-F656598F3AD5EF62 | BASKET | CONTEMPORARY | CHANNEL | GOLD | KT_18 | 1ct | imgs:3
[21:34:05][PEAR] [418] ? NIV-F656598F3AD5EF62 | BASKET | CONTEMPORARY | CHANNEL | GOLD | KT_18 | 1ct | imgs:3
[21:34:11][PEAR] [419] ? NIV-F656598F3AD5EF62 | BASKET | CONTEMPORARY | CHANNEL | GOLD | KT_18 | 1ct | imgs:3
[21:34:14][PEAR] [420] ? NIV-E10B77ABF14D3F4A | BASKET | CONTEMPORARY | CHANNEL | PLATINUM | PT_950 | 1ct | imgs:3
[21:34:20][PEAR] [421] ? NIV-C2ECF3B90A7FB6DF | BASKET | CONTEMPORARY | CHANNEL | GOLD | KT_10 | 1ct | imgs:3
[21:34:23][PEAR] [422] ? NIV-C2ECF3B90A7FB6DF | BASKET | CONTEMPORARY | CHANNEL | GOLD | KT_10 | 1ct | imgs:3
[21:34:26][PEAR] [423] ? NIV-C2ECF3B90A7FB6DF | BASKET | CONTEMPORARY | CHANNEL | GOLD | KT_10 | 1ct | imgs:3
[21:34:29][PEAR] [424] ? NIV-11521D69B68CC7AB | BASKET | CONTEMPORARY | CHANNEL | GOLD | KT_10 | 1ct | imgs:3
[21:34:32][PEAR] [425] ? NIV-11521D69B68CC7AB | BASKET | CONTEMPORARY | CHANNEL | GOLD | KT_10 | 1ct | imgs:3
[21:34:36][PEAR] [426] ? NIV-11521D69B68CC7AB | BASKET | CONTEMPORARY | CHANNEL | GOLD | KT_10 | 1ct | imgs:3
[21:34:38][PEAR] [427] ? NIV-95BAC14929656FC4 | BASKET | CONTEMPORARY | CHANNEL | GOLD | KT_10 | 1ct | imgs:3
[21:34:41][PEAR] [428] ? NIV-95BAC14929656FC4 | BASKET | CONTEMPORARY | CHANNEL | GOLD | KT_10 | 1ct | imgs:3
[21:34:44][PEAR] [429] ? NIV-95BAC14929656FC4 | BASKET | CONTEMPORARY | CHANNEL | GOLD | KT_10 | 1ct | imgs:3
[21:34:47][PEAR] [430] ? NIV-CFD4525800394926 | BASKET | CONTEMPORARY | CHANNEL | GOLD | KT_14 | 1ct | imgs:3
[21:34:50][PEAR] [431] ? NIV-CFD4525800394926 | BASKET | CONTEMPORARY | CHANNEL | GOLD | KT_14 | 1ct | imgs:3
[21:34:56][PEAR] [432] ? NIV-CFD4525800394926 | BASKET | CONTEMPORARY | CHANNEL | GOLD | KT_14 | 1ct | imgs:3
[21:34:59][PEAR] [433] ? NIV-789F1104B1D1837D | BASKET | CONTEMPORARY | CHANNEL | GOLD | KT_14 | 1ct | imgs:3
[21:35:02][PEAR] [434] ? NIV-789F1104B1D1837D | BASKET | CONTEMPORARY | CHANNEL | GOLD | KT_14 | 1ct | imgs:3
[21:35:05][PEAR] [435] ? NIV-789F1104B1D1837D | BASKET | CONTEMPORARY | CHANNEL | GOLD | KT_14 | 1ct | imgs:3
[21:35:08][PEAR] [436] ? NIV-50EEF58E2B308D3F | BASKET | CONTEMPORARY | CHANNEL | GOLD | KT_14 | 1ct | imgs:3
[21:35:11][PEAR] [437] ? NIV-50EEF58E2B308D3F | BASKET | CONTEMPORARY | CHANNEL | GOLD | KT_14 | 1ct | imgs:3
[21:35:14][PEAR] [438] ? NIV-50EEF58E2B308D3F | BASKET | CONTEMPORARY | CHANNEL | GOLD | KT_14 | 1ct | imgs:3
[21:35:20][PEAR] [439] ? NIV-33372C7541C79CD7 | BASKET | CONTEMPORARY | CHANNEL | GOLD | KT_18 | 1ct | imgs:3
[21:35:26][PEAR] [440] ? NIV-33372C7541C79CD7 | BASKET | CONTEMPORARY | CHANNEL | GOLD | KT_18 | 1ct | imgs:3
[21:35:29][PEAR] [441] ? NIV-33372C7541C79CD7 | BASKET | CONTEMPORARY | CHANNEL | GOLD | KT_18 | 1ct | imgs:3
[21:35:32][PEAR] [442] ? NIV-022C287DFA223749 | BASKET | CONTEMPORARY | CHANNEL | GOLD | KT_18 | 1ct | imgs:3
[21:35:35][PEAR] [443] ? NIV-022C287DFA223749 | BASKET | CONTEMPORARY | CHANNEL | GOLD | KT_18 | 1ct | imgs:3
[21:35:38][PEAR] [444] ? NIV-022C287DFA223749 | BASKET | CONTEMPORARY | CHANNEL | GOLD | KT_18 | 1ct | imgs:3
[21:35:44][PEAR] [445] ? NIV-56AAC1EFDBA50AEA | BASKET | CONTEMPORARY | CHANNEL | GOLD | KT_18 | 1ct | imgs:3
[21:35:47][PEAR] [446] ? NIV-56AAC1EFDBA50AEA | BASKET | CONTEMPORARY | CHANNEL | GOLD | KT_18 | 1ct | imgs:3
[21:35:51][PEAR] [447] ? NIV-56AAC1EFDBA50AEA | BASKET | CONTEMPORARY | CHANNEL | GOLD | KT_18 | 1ct | imgs:3
[21:35:53][PEAR] [448] ? NIV-BB694904C29DD808 | BASKET | CONTEMPORARY | CHANNEL | PLATINUM | PT_950 | 1ct | imgs:3
[21:35:59][PEAR] [449] ? NIV-1044A37962F09E9B | BASKET | CONTEMPORARY | CHANNEL | GOLD | KT_10 | 1ct | imgs:3
[21:36:02][PEAR] [450] ? NIV-1044A37962F09E9B | BASKET | CONTEMPORARY | CHANNEL | GOLD | KT_10 | 1ct | imgs:3
[21:36:08][PEAR] [451] ? NIV-1044A37962F09E9B | BASKET | CONTEMPORARY | CHANNEL | GOLD | KT_10 | 1ct | imgs:3
[21:36:11][PEAR] [452] ? NIV-4AAEB25F1B430C6F | BASKET | CONTEMPORARY | CHANNEL | GOLD | KT_10 | 1ct | imgs:3
[21:36:15][PEAR] [453] ? NIV-4AAEB25F1B430C6F | BASKET | CONTEMPORARY | CHANNEL | GOLD | KT_10 | 1ct | imgs:3
[21:36:20][PEAR] [454] ? NIV-4AAEB25F1B430C6F | BASKET | CONTEMPORARY | CHANNEL | GOLD | KT_10 | 1ct | imgs:3
[21:36:23][PEAR] [455] ? NIV-7CCFC7235C29DB84 | BASKET | CONTEMPORARY | CHANNEL | GOLD | KT_10 | 1ct | imgs:3
[21:36:26][PEAR] [456] ? NIV-7CCFC7235C29DB84 | BASKET | CONTEMPORARY | CHANNEL | GOLD | KT_10 | 1ct | imgs:3
[21:36:32][PEAR] [457] ? NIV-7CCFC7235C29DB84 | BASKET | CONTEMPORARY | CHANNEL | GOLD | KT_10 | 1ct | imgs:3
[21:36:35][PEAR] [458] ? NIV-4D05C3974211A090 | BASKET | CONTEMPORARY | CHANNEL | GOLD | KT_14 | 1ct | imgs:1
[21:36:41][PEAR] [459] ? NIV-4D05C3974211A090 | BASKET | CONTEMPORARY | CHANNEL | GOLD | KT_14 | 1ct | imgs:3
[21:36:44][PEAR] [460] ? NIV-4D05C3974211A090 | BASKET | CONTEMPORARY | CHANNEL | GOLD | KT_14 | 1ct | imgs:3
[21:36:47][PEAR] [461] ? NIV-7F12E02EDADCC889 | BASKET | CONTEMPORARY | CHANNEL | GOLD | KT_14 | 1ct | imgs:3
[21:36:50][PEAR] [462] ? NIV-7F12E02EDADCC889 | BASKET | CONTEMPORARY | CHANNEL | GOLD | KT_14 | 1ct | imgs:3
[21:36:56][PEAR] [463] ? NIV-7F12E02EDADCC889 | BASKET | CONTEMPORARY | CHANNEL | GOLD | KT_14 | 1ct | imgs:3
[21:36:59][PEAR] [464] ? NIV-2D002718E9EC7C7C | BASKET | CONTEMPORARY | CHANNEL | GOLD | KT_14 | 1ct | imgs:3
[21:37:02][PEAR] [465] ? NIV-2D002718E9EC7C7C | BASKET | CONTEMPORARY | CHANNEL | GOLD | KT_14 | 1ct | imgs:3
[21:37:05][PEAR] [466] ? NIV-2D002718E9EC7C7C | BASKET | CONTEMPORARY | CHANNEL | GOLD | KT_14 | 1ct | imgs:3
[21:37:08][PEAR] [467] ? NIV-878BFD9D5F97A1CE | BASKET | CONTEMPORARY | CHANNEL | GOLD | KT_18 | 1ct | imgs:3
[21:37:14][PEAR] [468] ? NIV-878BFD9D5F97A1CE | BASKET | CONTEMPORARY | CHANNEL | GOLD | KT_18 | 1ct | imgs:3
[21:37:17][PEAR] [469] ? NIV-878BFD9D5F97A1CE | BASKET | CONTEMPORARY | CHANNEL | GOLD | KT_18 | 1ct | imgs:3
[21:37:20][PEAR] [470] ? NIV-1CB6197BB9E8F49B | BASKET | CONTEMPORARY | CHANNEL | GOLD | KT_18 | 1ct | imgs:3
[21:37:23][PEAR] [471] ? NIV-1CB6197BB9E8F49B | BASKET | CONTEMPORARY | CHANNEL | GOLD | KT_18 | 1ct | imgs:3
[21:37:29][PEAR] [472] ? NIV-1CB6197BB9E8F49B | BASKET | CONTEMPORARY | CHANNEL | GOLD | KT_18 | 1ct | imgs:3
[21:37:32][PEAR] [473] ? NIV-E6F266F3C83146B1 | BASKET | CONTEMPORARY | CHANNEL | GOLD | KT_18 | 1ct | imgs:3
[21:37:35][PEAR] [474] ? NIV-E6F266F3C83146B1 | BASKET | CONTEMPORARY | CHANNEL | GOLD | KT_18 | 1ct | imgs:3
[21:37:41][PEAR] [475] ? NIV-E6F266F3C83146B1 | BASKET | CONTEMPORARY | CHANNEL | GOLD | KT_18 | 1ct | imgs:3
[21:37:44][PEAR] [476] ? NIV-8AEF11C5C87DA5A8 | BASKET | CONTEMPORARY | CHANNEL | PLATINUM | PT_950 | 1ct | imgs:3
[21:37:50][PEAR] [477] ? NIV-4EC4A9AA03B34D44 | BASKET | CONTEMPORARY | CHANNEL | GOLD | KT_10 | 1ct | imgs:3
[21:37:54][PEAR] [478] ? NIV-4EC4A9AA03B34D44 | BASKET | CONTEMPORARY | CHANNEL | GOLD | KT_10 | 1ct | imgs:3
[21:37:59][PEAR] [479] ? NIV-4EC4A9AA03B34D44 | BASKET | CONTEMPORARY | CHANNEL | GOLD | KT_10 | 1ct | imgs:3
[21:38:02][PEAR] [480] ? NIV-9364451A3E285CD4 | BASKET | CONTEMPORARY | CHANNEL | GOLD | KT_10 | 1ct | imgs:1
[21:38:08][PEAR] [481] ? NIV-9364451A3E285CD4 | BASKET | CONTEMPORARY | CHANNEL | GOLD | KT_10 | 1ct | imgs:3
[21:38:11][PEAR] [482] ? NIV-9364451A3E285CD4 | BASKET | CONTEMPORARY | CHANNEL | GOLD | KT_10 | 1ct | imgs:3
[21:38:14][PEAR] [483] ? NIV-CA1CDC1D804AA836 | BASKET | CONTEMPORARY | CHANNEL | GOLD | KT_10 | 1ct | imgs:3
[21:38:17][PEAR] [484] ? NIV-CA1CDC1D804AA836 | BASKET | CONTEMPORARY | CHANNEL | GOLD | KT_10 | 1ct | imgs:3
[21:38:20][PEAR] [485] ? NIV-CA1CDC1D804AA836 | BASKET | CONTEMPORARY | CHANNEL | GOLD | KT_10 | 1ct | imgs:3
[21:38:26][PEAR] [486] ? NIV-038FF8A4B3A50FBE | BASKET | CONTEMPORARY | CHANNEL | GOLD | KT_14 | 1ct | imgs:3
[21:38:32][PEAR] [487] ? NIV-038FF8A4B3A50FBE | BASKET | CONTEMPORARY | CHANNEL | GOLD | KT_14 | 1ct | imgs:3
[21:38:35][PEAR] [488] ? NIV-038FF8A4B3A50FBE | BASKET | CONTEMPORARY | CHANNEL | GOLD | KT_14 | 1ct | imgs:3
[21:38:38][PEAR] [489] ? NIV-5BE3990B10019E29 | BASKET | CONTEMPORARY | CHANNEL | GOLD | KT_14 | 1ct | imgs:3
[21:38:41][PEAR] [490] ? NIV-5BE3990B10019E29 | BASKET | CONTEMPORARY | CHANNEL | GOLD | KT_14 | 1ct | imgs:3
[21:38:47][PEAR] [491] ? NIV-5BE3990B10019E29 | BASKET | CONTEMPORARY | CHANNEL | GOLD | KT_14 | 1ct | imgs:3
[21:38:50][PEAR] [492] ? NIV-DC4F30CB7EC40610 | BASKET | CONTEMPORARY | CHANNEL | GOLD | KT_14 | 1ct | imgs:3
[21:38:53][PEAR] [493] ? NIV-DC4F30CB7EC40610 | BASKET | CONTEMPORARY | CHANNEL | GOLD | KT_14 | 1ct | imgs:3
[21:38:56][PEAR] [494] ? NIV-DC4F30CB7EC40610 | BASKET | CONTEMPORARY | CHANNEL | GOLD | KT_14 | 1ct | imgs:3
[21:39:02][PEAR] [495] ? NIV-775CE9B5E9378C87 | BASKET | CONTEMPORARY | CHANNEL | GOLD | KT_18 | 1ct | imgs:3
[21:39:05][PEAR] [496] ? NIV-775CE9B5E9378C87 | BASKET | CONTEMPORARY | CHANNEL | GOLD | KT_18 | 1ct | imgs:3
[21:39:11][PEAR] [497] ? NIV-775CE9B5E9378C87 | BASKET | CONTEMPORARY | CHANNEL | GOLD | KT_18 | 1ct | imgs:3
[21:39:14][PEAR] [498] ? NIV-158F8F2CF066B32C | BASKET | CONTEMPORARY | CHANNEL | GOLD | KT_18 | 1ct | imgs:3
[21:39:18][PEAR] [499] ? NIV-158F8F2CF066B32C | BASKET | CONTEMPORARY | CHANNEL | GOLD | KT_18 | 1ct | imgs:3
[21:39:23][PEAR] [500] ? NIV-158F8F2CF066B32C | BASKET | CONTEMPORARY | CHANNEL | GOLD | KT_18 | 1ct | imgs:3
[21:39:26][PEAR] [501] ? NIV-0AF6D77F2ED45245 | BASKET | CONTEMPORARY | CHANNEL | GOLD | KT_18 | 1ct | imgs:3
[21:39:29][PEAR] [502] ? NIV-0AF6D77F2ED45245 | BASKET | CONTEMPORARY | CHANNEL | GOLD | KT_18 | 1ct | imgs:3
[21:39:35][PEAR] [503] ? NIV-0AF6D77F2ED45245 | BASKET | CONTEMPORARY | CHANNEL | GOLD | KT_18 | 1ct | imgs:3
[21:39:38][PEAR] [504] ? NIV-44CB4717366F6A6C | BASKET | CONTEMPORARY | CHANNEL | PLATINUM | PT_950 | 1ct | imgs:3
[21:39:44][PEAR] [505] ? NIV-C75A4CA6944107CA | BASKET | CONTEMPORARY | CHANNEL | GOLD | KT_10 | 1ct | imgs:3
[21:39:47][PEAR] [506] ? NIV-C75A4CA6944107CA | BASKET | CONTEMPORARY | CHANNEL | GOLD | KT_10 | 1ct | imgs:3
[21:39:53][PEAR] [507] ? NIV-C75A4CA6944107CA | BASKET | CONTEMPORARY | CHANNEL | GOLD | KT_10 | 1ct | imgs:3
[21:39:57][PEAR] [508] ? NIV-83892817737AB04A | BASKET | CONTEMPORARY | CHANNEL | GOLD | KT_10 | 1ct | imgs:1
[21:40:02][PEAR] [509] ? NIV-83892817737AB04A | BASKET | CONTEMPORARY | CHANNEL | GOLD | KT_10 | 1ct | imgs:3
[21:40:05][PEAR] [510] ? NIV-83892817737AB04A | BASKET | CONTEMPORARY | CHANNEL | GOLD | KT_10 | 1ct | imgs:3
[21:40:08][PEAR] [511] ? NIV-13E34A74547BED5F | BASKET | CONTEMPORARY | CHANNEL | GOLD | KT_10 | 1ct | imgs:3
[21:40:14][PEAR] [512] ? NIV-13E34A74547BED5F | BASKET | CONTEMPORARY | CHANNEL | GOLD | KT_10 | 1ct | imgs:3
[21:40:17][PEAR] [513] ? NIV-13E34A74547BED5F | BASKET | CONTEMPORARY | CHANNEL | GOLD | KT_10 | 1ct | imgs:3
[21:40:23][PEAR] [514] ? NIV-B5B9AB702DA59CB5 | BASKET | CONTEMPORARY | CHANNEL | GOLD | KT_14 | 1ct | imgs:3
[21:40:29][PEAR] [515] ? NIV-B5B9AB702DA59CB5 | BASKET | CONTEMPORARY | CHANNEL | GOLD | KT_14 | 1ct | imgs:3
[21:40:35][PEAR] [516] ? NIV-B5B9AB702DA59CB5 | BASKET | CONTEMPORARY | CHANNEL | GOLD | KT_14 | 1ct | imgs:3
[21:40:38][PEAR] [517] ? NIV-A341E9D390E9DF69 | BASKET | CONTEMPORARY | CHANNEL | GOLD | KT_14 | 1ct | imgs:3
[21:40:44][PEAR] [518] ? NIV-A341E9D390E9DF69 | BASKET | CONTEMPORARY | CHANNEL | GOLD | KT_14 | 1ct | imgs:3
[21:40:47][PEAR] [519] ? NIV-A341E9D390E9DF69 | BASKET | CONTEMPORARY | CHANNEL | GOLD | KT_14 | 1ct | imgs:3
[21:40:50][PEAR] [520] ? NIV-E43C2A60436B9847 | BASKET | CONTEMPORARY | CHANNEL | GOLD | KT_14 | 1ct | imgs:3
[21:40:53][PEAR] [521] ? NIV-E43C2A60436B9847 | BASKET | CONTEMPORARY | CHANNEL | GOLD | KT_14 | 1ct | imgs:3
[21:40:59][PEAR] [522] ? NIV-E43C2A60436B9847 | BASKET | CONTEMPORARY | CHANNEL | GOLD | KT_14 | 1ct | imgs:3
[21:41:02][PEAR] [523] ? NIV-ADAFF71D51FEC4BE | BASKET | CONTEMPORARY | CHANNEL | GOLD | KT_18 | 1ct | imgs:3
[21:41:05][PEAR] [524] ? NIV-ADAFF71D51FEC4BE | BASKET | CONTEMPORARY | CHANNEL | GOLD | KT_18 | 1ct | imgs:3
[21:41:09][PEAR] [525] ? NIV-ADAFF71D51FEC4BE | BASKET | CONTEMPORARY | CHANNEL | GOLD | KT_18 | 1ct | imgs:3
[21:41:12][PEAR] [526] ? NIV-16A6F0244A27B25E | BASKET | CONTEMPORARY | CHANNEL | GOLD | KT_18 | 1ct | imgs:3
[21:41:17][PEAR] [527] ? NIV-16A6F0244A27B25E | BASKET | CONTEMPORARY | CHANNEL | GOLD | KT_18 | 1ct | imgs:3
[21:41:20][PEAR] [528] ? NIV-16A6F0244A27B25E | BASKET | CONTEMPORARY | CHANNEL | GOLD | KT_18 | 1ct | imgs:3
[21:41:23][PEAR] [529] ? NIV-A8C35F91AD42633E | BASKET | CONTEMPORARY | CHANNEL | GOLD | KT_18 | 1ct | imgs:3
[21:41:26][PEAR] [530] ? NIV-A8C35F91AD42633E | BASKET | CONTEMPORARY | CHANNEL | GOLD | KT_18 | 1ct | imgs:3
[21:41:29][PEAR] [531] ? NIV-A8C35F91AD42633E | BASKET | CONTEMPORARY | CHANNEL | GOLD | KT_18 | 1ct | imgs:3
[21:41:32][PEAR] [532] ? NIV-2F3A902226523E3C | BASKET | CONTEMPORARY | CHANNEL | PLATINUM | PT_950 | 1ct | imgs:3
[21:41:38][PEAR] [533] ? NIV-0864012D2AE0C12D | BASKET | CONTEMPORARY | CHANNEL | GOLD | KT_10 | 1ct | imgs:3
[21:41:44][PEAR] [534] ? NIV-0864012D2AE0C12D | BASKET | CONTEMPORARY | CHANNEL | GOLD | KT_10 | 1ct | imgs:3
[21:41:47][PEAR] [535] ? NIV-0864012D2AE0C12D | BASKET | CONTEMPORARY | CHANNEL | GOLD | KT_10 | 1ct | imgs:3
[21:41:50][PEAR] [536] ? NIV-B812D0B9ECFAEC98 | BASKET | CONTEMPORARY | CHANNEL | GOLD | KT_10 | 1ct | imgs:3
[21:41:53][PEAR] [537] ? NIV-B812D0B9ECFAEC98 | BASKET | CONTEMPORARY | CHANNEL | GOLD | KT_10 | 1ct | imgs:3
[21:41:59][PEAR] [538] ? NIV-B812D0B9ECFAEC98 | BASKET | CONTEMPORARY | CHANNEL | GOLD | KT_10 | 1ct | imgs:3
[21:42:02][PEAR] [539] ? NIV-4FF2E11297663833 | BASKET | CONTEMPORARY | CHANNEL | GOLD | KT_10 | 1ct | imgs:3
[21:42:08][PEAR] [540] ? NIV-4FF2E11297663833 | BASKET | CONTEMPORARY | CHANNEL | GOLD | KT_10 | 1ct | imgs:3
[21:42:12][PEAR] [541] ? NIV-4FF2E11297663833 | BASKET | CONTEMPORARY | CHANNEL | GOLD | KT_10 | 1ct | imgs:3
[21:42:17][PEAR] [542] ? NIV-C867EF7104E053DE | BASKET | CONTEMPORARY | CHANNEL | GOLD | KT_14 | 1ct | imgs:3
[21:42:18][PEAR]   click_button error (jewellery-configurator-mounting-metal-color-option-WHITE_GOLD): ElementHandle.get_attribute: Execution context was destroyed, most likely because of a navigation
Call log:
  - waiting for locator(":scope")

[21:42:18][PEAR]   Re-seleccionando PEAR (intento 1)
[21:42:18][PEAR]   Boton no encontrado ? recargando configurador...
[21:42:36][PEAR]   Re-seleccionando PEAR (intento 2)
[21:42:39][PEAR] [543] ? NIV-D5C0F85B48F232CE | BASKET | CONTEMPORARY | CHANNEL | GOLD | KT_14 | 1ct | imgs:3
[21:42:42][PEAR] [544] ? NIV-564AABB91BF56BF5 | BASKET | CONTEMPORARY | CHANNEL | GOLD | KT_14 | 1ct | imgs:3
[21:42:45][PEAR] [545] ? NIV-F90800C7F479B426 | BASKET | CONTEMPORARY | CHANNEL | GOLD | KT_14 | 1ct | imgs:3
[21:42:48][PEAR] [546] ? NIV-E9C5A8C18A98309E | BASKET | CONTEMPORARY | CHANNEL | GOLD | KT_14 | 1ct | imgs:3
[21:42:51][PEAR] [547] ? NIV-CA91397730759503 | BASKET | CONTEMPORARY | CHANNEL | GOLD | KT_14 | 1ct | imgs:3
[21:42:54][PEAR] [548] ? NIV-201813E54AAD676E | BASKET | CONTEMPORARY | CHANNEL | GOLD | KT_14 | 1ct | imgs:3
[21:42:57][PEAR] [549] ? NIV-560ECFDD33105F86 | BASKET | CONTEMPORARY | CHANNEL | GOLD | KT_14 | 1ct | imgs:3
[21:43:00][PEAR] [550] ? NIV-F0569425E60661CF | BASKET | CONTEMPORARY | CHANNEL | GOLD | KT_14 | 1ct | imgs:3
[21:43:06][PEAR] [551] ? NIV-AABD95B950B34DF1 | BASKET | CONTEMPORARY | CHANNEL | GOLD | KT_18 | 1ct | imgs:3
[21:43:09][PEAR] [552] ? NIV-89E0F50132F79B32 | BASKET | CONTEMPORARY | CHANNEL | GOLD | KT_18 | 1ct | imgs:3
[21:43:11][PEAR] [553] ? NIV-C175F6C1D9DECDAB | BASKET | CONTEMPORARY | CHANNEL | GOLD | KT_18 | 1ct | imgs:3
[21:43:15][PEAR] [554] ? NIV-3856082831231231 | BASKET | CONTEMPORARY | CHANNEL | GOLD | KT_18 | 1ct | imgs:3
[21:43:18][PEAR] [555] ? NIV-FE6898A5C1792CC1 | BASKET | CONTEMPORARY | CHANNEL | GOLD | KT_18 | 1ct | imgs:3
[21:43:21][PEAR] [556] ? NIV-87E99FDAFFF17281 | BASKET | CONTEMPORARY | CHANNEL | GOLD | KT_18 | 1ct | imgs:3
[21:43:23][PEAR] [557] ? NIV-853B5380A5203887 | BASKET | CONTEMPORARY | CHANNEL | GOLD | KT_18 | 1ct | imgs:3
[21:43:27][PEAR] [558] ? NIV-79B08F9F0CE078D3 | BASKET | CONTEMPORARY | CHANNEL | GOLD | KT_18 | 1ct | imgs:3
[21:43:30][PEAR] [559] ? NIV-2B5A34D8091A2722 | BASKET | CONTEMPORARY | CHANNEL | GOLD | KT_18 | 1ct | imgs:3
[21:43:33][PEAR] [560] ? NIV-3580C704CD6D41A8 | BASKET | CONTEMPORARY | CHANNEL | PLATINUM | PT_950 | 1ct | imgs:3
[21:43:39][PEAR] [561] ? NIV-A936D1859088DB60 | BASKET | CONTEMPORARY | CHANNEL | GOLD | KT_10 | 1ct | imgs:3
[21:43:42][PEAR] [562] ? NIV-A936D1859088DB60 | BASKET | CONTEMPORARY | CHANNEL | GOLD | KT_10 | 1ct | imgs:3
[21:43:48][PEAR] [563] ? NIV-A936D1859088DB60 | BASKET | CONTEMPORARY | CHANNEL | GOLD | KT_10 | 1ct | imgs:3
[21:43:51][PEAR] [564] ? NIV-94C7C51E4D1CC93D | BASKET | CONTEMPORARY | CHANNEL | GOLD | KT_10 | 1ct | imgs:3
[21:43:54][PEAR] [565] ? NIV-94C7C51E4D1CC93D | BASKET | CONTEMPORARY | CHANNEL | GOLD | KT_10 | 1ct | imgs:3
[21:44:00][PEAR] [566] ? NIV-94C7C51E4D1CC93D | BASKET | CONTEMPORARY | CHANNEL | GOLD | KT_10 | 1ct | imgs:3
[21:44:02][PEAR] [567] ? NIV-3DB007614317E24C | BASKET | CONTEMPORARY | CHANNEL | GOLD | KT_10 | 1ct | imgs:3
[21:44:06][PEAR] [568] ? NIV-3DB007614317E24C | BASKET | CONTEMPORARY | CHANNEL | GOLD | KT_10 | 1ct | imgs:3
[21:44:09][PEAR] [569] ? NIV-3DB007614317E24C | BASKET | CONTEMPORARY | CHANNEL | GOLD | KT_10 | 1ct | imgs:3
[21:44:15][PEAR] [570] ? NIV-77EC7911408F5819 | BASKET | CONTEMPORARY | CHANNEL | GOLD | KT_14 | 1ct | imgs:3
[21:44:18][PEAR] [571] ? NIV-77EC7911408F5819 | BASKET | CONTEMPORARY | CHANNEL | GOLD | KT_14 | 1ct | imgs:3
[21:44:24][PEAR] [572] ? NIV-77EC7911408F5819 | BASKET | CONTEMPORARY | CHANNEL | GOLD | KT_14 | 1ct | imgs:3
[21:44:27][PEAR] [573] ? NIV-1F27B9D79A304694 | BASKET | CONTEMPORARY | CHANNEL | GOLD | KT_14 | 1ct | imgs:3
[21:44:30][PEAR] [574] ? NIV-1F27B9D79A304694 | BASKET | CONTEMPORARY | CHANNEL | GOLD | KT_14 | 1ct | imgs:3
[21:44:35][PEAR] [575] ? NIV-1F27B9D79A304694 | BASKET | CONTEMPORARY | CHANNEL | GOLD | KT_14 | 1ct | imgs:3
[21:44:39][PEAR] [576] ? NIV-1007CC3401629C83 | BASKET | CONTEMPORARY | CHANNEL | GOLD | KT_14 | 1ct | imgs:3
[21:44:42][PEAR] [577] ? NIV-1007CC3401629C83 | BASKET | CONTEMPORARY | CHANNEL | GOLD | KT_14 | 1ct | imgs:3
[21:44:45][PEAR] [578] ? NIV-1007CC3401629C83 | BASKET | CONTEMPORARY | CHANNEL | GOLD | KT_14 | 1ct | imgs:3
[21:44:51][PEAR] [579] ? NIV-B368F0DE1225E525 | BASKET | CONTEMPORARY | CHANNEL | GOLD | KT_18 | 1ct | imgs:3
[21:44:54][PEAR] [580] ? NIV-B368F0DE1225E525 | BASKET | CONTEMPORARY | CHANNEL | GOLD | KT_18 | 1ct | imgs:3
[21:45:00][PEAR] [581] ? NIV-B368F0DE1225E525 | BASKET | CONTEMPORARY | CHANNEL | GOLD | KT_18 | 1ct | imgs:3
[21:45:03][PEAR] [582] ? NIV-E92643FD43447484 | BASKET | CONTEMPORARY | CHANNEL | GOLD | KT_18 | 1ct | imgs:3
[21:45:06][PEAR] [583] ? NIV-E92643FD43447484 | BASKET | CONTEMPORARY | CHANNEL | GOLD | KT_18 | 1ct | imgs:3
[21:45:09][PEAR] [584] ? NIV-E92643FD43447484 | BASKET | CONTEMPORARY | CHANNEL | GOLD | KT_18 | 1ct | imgs:3
[21:45:12][PEAR] [585] ? NIV-20F83B2DACF83713 | BASKET | CONTEMPORARY | CHANNEL | GOLD | KT_18 | 1ct | imgs:3
[21:45:17][PEAR] [586] ? NIV-20F83B2DACF83713 | BASKET | CONTEMPORARY | CHANNEL | GOLD | KT_18 | 1ct | imgs:3
[21:45:21][PEAR] [587] ? NIV-20F83B2DACF83713 | BASKET | CONTEMPORARY | CHANNEL | GOLD | KT_18 | 1ct | imgs:3
[21:45:23][PEAR] [588] ? NIV-AC2E4E8364C250A8 | BASKET | CONTEMPORARY | CHANNEL | PLATINUM | PT_950 | 1ct | imgs:3
[21:45:27][PEAR] [589] ? NIV-74AED66FDACF512C | BASKET | CONTEMPORARY | CHANNEL | GOLD | KT_10 | 1ct | imgs:3
[21:45:32][PEAR] [590] ? NIV-74AED66FDACF512C | BASKET | CONTEMPORARY | CHANNEL | GOLD | KT_10 | 1ct | imgs:3
[21:45:39][PEAR] [591] ? NIV-74AED66FDACF512C | BASKET | CONTEMPORARY | CHANNEL | GOLD | KT_10 | 1ct | imgs:3
[21:45:42][PEAR] [592] ? NIV-D955E591A46055C4 | BASKET | CONTEMPORARY | CHANNEL | GOLD | KT_10 | 1ct | imgs:3
[21:45:45][PEAR] [593] ? NIV-D955E591A46055C4 | BASKET | CONTEMPORARY | CHANNEL | GOLD | KT_10 | 1ct | imgs:3
[21:45:48][PEAR] [594] ? NIV-D955E591A46055C4 | BASKET | CONTEMPORARY | CHANNEL | GOLD | KT_10 | 1ct | imgs:3
[21:45:50][PEAR] [595] ? NIV-C1050C0AD02DB593 | BASKET | CONTEMPORARY | CHANNEL | GOLD | KT_10 | 1ct | imgs:3
[21:45:54][PEAR] [596] ? NIV-C1050C0AD02DB593 | BASKET | CONTEMPORARY | CHANNEL | GOLD | KT_10 | 1ct | imgs:3
[21:45:57][PEAR] [597] ? NIV-C1050C0AD02DB593 | BASKET | CONTEMPORARY | CHANNEL | GOLD | KT_10 | 1ct | imgs:3
[21:46:00][PEAR] [598] ? NIV-2CB954A1C83D6368 | BASKET | CONTEMPORARY | CHANNEL | GOLD | KT_14 | 1ct | imgs:3
[21:46:03][PEAR] [599] ? NIV-2CB954A1C83D6368 | BASKET | CONTEMPORARY | CHANNEL | GOLD | KT_14 | 1ct | imgs:3
[21:46:08][PEAR] [600] ? NIV-2CB954A1C83D6368 | BASKET | CONTEMPORARY | CHANNEL | GOLD | KT_14 | 1ct | imgs:3
[21:46:12][PEAR] [601] ? NIV-C8F61AC79C0D7A5F | BASKET | CONTEMPORARY | CHANNEL | GOLD | KT_14 | 1ct | imgs:3
[21:46:18][PEAR] [602] ? NIV-C8F61AC79C0D7A5F | BASKET | CONTEMPORARY | CHANNEL | GOLD | KT_14 | 1ct | imgs:3
[21:46:23][PEAR] [603] ? NIV-C8F61AC79C0D7A5F | BASKET | CONTEMPORARY | CHANNEL | GOLD | KT_14 | 1ct | imgs:3
[21:46:26][PEAR] [604] ? NIV-DD06738375118ED2 | BASKET | CONTEMPORARY | CHANNEL | GOLD | KT_14 | 1ct | imgs:3
[21:46:30][PEAR] [605] ? NIV-DD06738375118ED2 | BASKET | CONTEMPORARY | CHANNEL | GOLD | KT_14 | 1ct | imgs:3
[21:46:33][PEAR] [606] ? NIV-DD06738375118ED2 | BASKET | CONTEMPORARY | CHANNEL | GOLD | KT_14 | 1ct | imgs:3
[21:46:36][PEAR] [607] ? NIV-7DE91347E461A405 | BASKET | CONTEMPORARY | CHANNEL | GOLD | KT_18 | 1ct | imgs:3
[21:46:39][PEAR] [608] ? NIV-7DE91347E461A405 | BASKET | CONTEMPORARY | CHANNEL | GOLD | KT_18 | 1ct | imgs:3
[21:46:42][PEAR] [609] ? NIV-7DE91347E461A405 | BASKET | CONTEMPORARY | CHANNEL | GOLD | KT_18 | 1ct | imgs:3
[21:46:44][PEAR] [610] ? NIV-1BD27927E3929A3E | BASKET | CONTEMPORARY | CHANNEL | GOLD | KT_18 | 1ct | imgs:3
[21:46:48][PEAR] [611] ? NIV-1BD27927E3929A3E | BASKET | CONTEMPORARY | CHANNEL | GOLD | KT_18 | 1ct | imgs:3
[21:46:51][PEAR] [612] ? NIV-1BD27927E3929A3E | BASKET | CONTEMPORARY | CHANNEL | GOLD | KT_18 | 1ct | imgs:3
[21:46:54][PEAR] [613] ? NIV-3D06FBF6A303AE56 | BASKET | CONTEMPORARY | CHANNEL | GOLD | KT_18 | 1ct | imgs:3
[21:47:00][PEAR] [614] ? NIV-3D06FBF6A303AE56 | BASKET | CONTEMPORARY | CHANNEL | GOLD | KT_18 | 1ct | imgs:3
[21:47:03][PEAR] [615] ? NIV-3D06FBF6A303AE56 | BASKET | CONTEMPORARY | CHANNEL | GOLD | KT_18 | 1ct | imgs:3
[21:47:06][PEAR] [616] ? NIV-D7C968CC9F7C5936 | BASKET | CONTEMPORARY | CHANNEL | PLATINUM | PT_950 | 1ct | imgs:3
[21:47:15][PEAR] [617] ? NIV-0D7568D1ECC79C95 | BASKET | CONTEMPORARY | PRONG | GOLD | KT_10 | 1ct | imgs:3
[21:47:18][PEAR] [618] ? NIV-0D7568D1ECC79C95 | BASKET | CONTEMPORARY | PRONG | GOLD | KT_10 | 1ct | imgs:3
[21:47:21][PEAR] [619] ? NIV-0D7568D1ECC79C95 | BASKET | CONTEMPORARY | PRONG | GOLD | KT_10 | 1ct | imgs:3
[21:47:23][PEAR] [620] ? NIV-08C1CE1575D3D189 | BASKET | CONTEMPORARY | PRONG | GOLD | KT_10 | 1ct | imgs:3
[21:47:27][PEAR] [621] ? NIV-08C1CE1575D3D189 | BASKET | CONTEMPORARY | PRONG | GOLD | KT_10 | 1ct | imgs:3
[21:47:33][PEAR] [622] ? NIV-08C1CE1575D3D189 | BASKET | CONTEMPORARY | PRONG | GOLD | KT_10 | 1ct | imgs:3
[21:47:36][PEAR] [623] ? NIV-CF7C24070BC8F658 | BASKET | CONTEMPORARY | PRONG | GOLD | KT_10 | 1ct | imgs:3
[21:47:39][PEAR] [624] ? NIV-CF7C24070BC8F658 | BASKET | CONTEMPORARY | PRONG | GOLD | KT_10 | 1ct | imgs:3
[21:47:44][PEAR] [625] ? NIV-CF7C24070BC8F658 | BASKET | CONTEMPORARY | PRONG | GOLD | KT_10 | 1ct | imgs:3
[21:47:48][PEAR] [626] ? NIV-DC6C06C102FF994B | BASKET | CONTEMPORARY | PRONG | GOLD | KT_14 | 1ct | imgs:3
[21:47:51][PEAR] [627] ? NIV-DC6C06C102FF994B | BASKET | CONTEMPORARY | PRONG | GOLD | KT_14 | 1ct | imgs:3
[21:47:57][PEAR] [628] ? NIV-DC6C06C102FF994B | BASKET | CONTEMPORARY | PRONG | GOLD | KT_14 | 1ct | imgs:3
[21:48:00][PEAR] [629] ? NIV-E236023F093270D7 | BASKET | CONTEMPORARY | PRONG | GOLD | KT_14 | 1ct | imgs:3
[21:48:03][PEAR] [630] ? NIV-E236023F093270D7 | BASKET | CONTEMPORARY | PRONG | GOLD | KT_14 | 1ct | imgs:3
[21:48:08][PEAR] [631] ? NIV-E236023F093270D7 | BASKET | CONTEMPORARY | PRONG | GOLD | KT_14 | 1ct | imgs:3
[21:48:12][PEAR] [632] ? NIV-F354C325E0745FF6 | BASKET | CONTEMPORARY | PRONG | GOLD | KT_14 | 1ct | imgs:3
[21:48:15][PEAR] [633] ? NIV-F354C325E0745FF6 | BASKET | CONTEMPORARY | PRONG | GOLD | KT_14 | 1ct | imgs:3
[21:48:20][PEAR] [634] ? NIV-F354C325E0745FF6 | BASKET | CONTEMPORARY | PRONG | GOLD | KT_14 | 1ct | imgs:3
[21:48:24][PEAR] [635] ? NIV-C7A135D1FC76C8B0 | BASKET | CONTEMPORARY | PRONG | GOLD | KT_18 | 1ct | imgs:3
[21:48:27][PEAR] [636] ? NIV-C7A135D1FC76C8B0 | BASKET | CONTEMPORARY | PRONG | GOLD | KT_18 | 1ct | imgs:3
[21:48:33][PEAR] [637] ? NIV-C7A135D1FC76C8B0 | BASKET | CONTEMPORARY | PRONG | GOLD | KT_18 | 1ct | imgs:3
[21:48:36][PEAR] [638] ? NIV-4B125B8369F027F6 | BASKET | CONTEMPORARY | PRONG | GOLD | KT_18 | 1ct | imgs:3
[21:48:42][PEAR] [639] ? NIV-4B125B8369F027F6 | BASKET | CONTEMPORARY | PRONG | GOLD | KT_18 | 1ct | imgs:3
[21:48:45][PEAR] [640] ? NIV-4B125B8369F027F6 | BASKET | CONTEMPORARY | PRONG | GOLD | KT_18 | 1ct | imgs:3
[21:48:48][PEAR] [641] ? NIV-7B97A4873CBB339C | BASKET | CONTEMPORARY | PRONG | GOLD | KT_18 | 1ct | imgs:3
[21:48:54][PEAR] [642] ? NIV-7B97A4873CBB339C | BASKET | CONTEMPORARY | PRONG | GOLD | KT_18 | 1ct | imgs:3
[21:48:57][PEAR] [643] ? NIV-7B97A4873CBB339C | BASKET | CONTEMPORARY | PRONG | GOLD | KT_18 | 1ct | imgs:3
[21:49:00][PEAR] [644] ? NIV-EAD2174D57959A58 | BASKET | CONTEMPORARY | PRONG | PLATINUM | PT_950 | 1ct | imgs:3
[21:49:06][PEAR] [645] ? NIV-A1AE41B2851772C2 | BASKET | CONTEMPORARY | PRONG | GOLD | KT_10 | 1ct | imgs:3
[21:49:12][PEAR] [646] ? NIV-A1AE41B2851772C2 | BASKET | CONTEMPORARY | PRONG | GOLD | KT_10 | 1ct | imgs:3
[21:49:15][PEAR] [647] ? NIV-A1AE41B2851772C2 | BASKET | CONTEMPORARY | PRONG | GOLD | KT_10 | 1ct | imgs:3
[21:49:17][PEAR] [648] ? NIV-E0BA467E2F4FFC6D | BASKET | CONTEMPORARY | PRONG | GOLD | KT_10 | 1ct | imgs:3
[21:49:21][PEAR] [649] ? NIV-E0BA467E2F4FFC6D | BASKET | CONTEMPORARY | PRONG | GOLD | KT_10 | 1ct | imgs:3
[21:49:24][PEAR] [650] ? NIV-E0BA467E2F4FFC6D | BASKET | CONTEMPORARY | PRONG | GOLD | KT_10 | 1ct | imgs:3
[21:49:27][PEAR] [651] ? NIV-124F7928C00D65A4 | BASKET | CONTEMPORARY | PRONG | GOLD | KT_10 | 1ct | imgs:3
[21:49:30][PEAR] [652] ? NIV-124F7928C00D65A4 | BASKET | CONTEMPORARY | PRONG | GOLD | KT_10 | 1ct | imgs:3
[21:49:33][PEAR] [653] ? NIV-124F7928C00D65A4 | BASKET | CONTEMPORARY | PRONG | GOLD | KT_10 | 1ct | imgs:3
[21:49:36][PEAR] [654] ? NIV-D1BF58B9BC90E368 | BASKET | CONTEMPORARY | PRONG | GOLD | KT_14 | 1ct | imgs:3
[21:49:42][PEAR] [655] ? NIV-D1BF58B9BC90E368 | BASKET | CONTEMPORARY | PRONG | GOLD | KT_14 | 1ct | imgs:3
[21:49:45][PEAR] [656] ? NIV-D1BF58B9BC90E368 | BASKET | CONTEMPORARY | PRONG | GOLD | KT_14 | 1ct | imgs:3
[21:49:48][PEAR] [657] ? NIV-014238FCEF6766D4 | BASKET | CONTEMPORARY | PRONG | GOLD | KT_14 | 1ct | imgs:3
[21:49:51][PEAR] [658] ? NIV-014238FCEF6766D4 | BASKET | CONTEMPORARY | PRONG | GOLD | KT_14 | 1ct | imgs:3
[21:49:57][PEAR] [659] ? NIV-014238FCEF6766D4 | BASKET | CONTEMPORARY | PRONG | GOLD | KT_14 | 1ct | imgs:3
[21:49:59][PEAR] [660] ? NIV-CC793516DCADBF8D | BASKET | CONTEMPORARY | PRONG | GOLD | KT_14 | 1ct | imgs:3
[21:50:03][PEAR] [661] ? NIV-CC793516DCADBF8D | BASKET | CONTEMPORARY | PRONG | GOLD | KT_14 | 1ct | imgs:3
[21:50:06][PEAR] [662] ? NIV-CC793516DCADBF8D | BASKET | CONTEMPORARY | PRONG | GOLD | KT_14 | 1ct | imgs:3
[21:50:11][PEAR] [663] ? NIV-9665B00C54988737 | BASKET | CONTEMPORARY | PRONG | GOLD | KT_18 | 1ct | imgs:3
[21:50:15][PEAR] [664] ? NIV-9665B00C54988737 | BASKET | CONTEMPORARY | PRONG | GOLD | KT_18 | 1ct | imgs:3
[21:50:21][PEAR] [665] ? NIV-9665B00C54988737 | BASKET | CONTEMPORARY | PRONG | GOLD | KT_18 | 1ct | imgs:3
[21:50:24][PEAR] [666] ? NIV-B8AB9456013CB1F5 | BASKET | CONTEMPORARY | PRONG | GOLD | KT_18 | 1ct | imgs:3
[21:50:27][PEAR] [667] ? NIV-B8AB9456013CB1F5 | BASKET | CONTEMPORARY | PRONG | GOLD | KT_18 | 1ct | imgs:3
[21:50:33][PEAR] [668] ? NIV-B8AB9456013CB1F5 | BASKET | CONTEMPORARY | PRONG | GOLD | KT_18 | 1ct | imgs:3
[21:50:36][PEAR] [669] ? NIV-DCDA56EFB0D11187 | BASKET | CONTEMPORARY | PRONG | GOLD | KT_18 | 1ct | imgs:3
[21:50:39][PEAR] [670] ? NIV-DCDA56EFB0D11187 | BASKET | CONTEMPORARY | PRONG | GOLD | KT_18 | 1ct | imgs:3
[21:50:44][PEAR] [671] ? NIV-DCDA56EFB0D11187 | BASKET | CONTEMPORARY | PRONG | GOLD | KT_18 | 1ct | imgs:3
[21:50:48][PEAR] [672] ? NIV-435F9B380A88C9A9 | BASKET | CONTEMPORARY | PRONG | PLATINUM | PT_950 | 1ct | imgs:3
[21:50:51][PEAR] [673] ? NIV-63A846D5468CFE68 | BASKET | CONTEMPORARY | PRONG | GOLD | KT_10 | 1ct | imgs:3
[21:50:57][PEAR] [674] ? NIV-63A846D5468CFE68 | BASKET | CONTEMPORARY | PRONG | GOLD | KT_10 | 1ct | imgs:3
[21:51:00][PEAR] [675] ? NIV-63A846D5468CFE68 | BASKET | CONTEMPORARY | PRONG | GOLD | KT_10 | 1ct | imgs:3
[21:51:03][PEAR] [676] ? NIV-1321CF1258DD60FB | BASKET | CONTEMPORARY | PRONG | GOLD | KT_10 | 1ct | imgs:3
[21:51:06][PEAR] [677] ? NIV-1321CF1258DD60FB | BASKET | CONTEMPORARY | PRONG | GOLD | KT_10 | 1ct | imgs:3
[21:51:12][PEAR] [678] ? NIV-1321CF1258DD60FB | BASKET | CONTEMPORARY | PRONG | GOLD | KT_10 | 1ct | imgs:3
[21:51:15][PEAR] [679] ? NIV-21E7562DBBA14775 | BASKET | CONTEMPORARY | PRONG | GOLD | KT_10 | 1ct | imgs:3
[21:51:18][PEAR] [680] ? NIV-21E7562DBBA14775 | BASKET | CONTEMPORARY | PRONG | GOLD | KT_10 | 1ct | imgs:3
[21:51:24][PEAR] [681] ? NIV-21E7562DBBA14775 | BASKET | CONTEMPORARY | PRONG | GOLD | KT_10 | 1ct | imgs:3
[21:51:27][PEAR] [682] ? NIV-5FD58CA7CD02E7F7 | BASKET | CONTEMPORARY | PRONG | GOLD | KT_14 | 1ct | imgs:3
[21:51:30][PEAR] [683] ? NIV-5FD58CA7CD02E7F7 | BASKET | CONTEMPORARY | PRONG | GOLD | KT_14 | 1ct | imgs:3
[21:51:36][PEAR] [684] ? NIV-5FD58CA7CD02E7F7 | BASKET | CONTEMPORARY | PRONG | GOLD | KT_14 | 1ct | imgs:3
[21:51:40][PEAR] [685] ? NIV-66C6F7AC51BF5FE2 | BASKET | CONTEMPORARY | PRONG | GOLD | KT_14 | 1ct | imgs:3
[21:51:45][PEAR] [686] ? NIV-66C6F7AC51BF5FE2 | BASKET | CONTEMPORARY | PRONG | GOLD | KT_14 | 1ct | imgs:3
[21:51:48][PEAR] [687] ? NIV-66C6F7AC51BF5FE2 | BASKET | CONTEMPORARY | PRONG | GOLD | KT_14 | 1ct | imgs:3
[21:51:51][PEAR] [688] ? NIV-C2B860FABC27A08B | BASKET | CONTEMPORARY | PRONG | GOLD | KT_14 | 1ct | imgs:3
[21:51:54][PEAR] [689] ? NIV-C2B860FABC27A08B | BASKET | CONTEMPORARY | PRONG | GOLD | KT_14 | 1ct | imgs:3
[21:52:00][PEAR] [690] ? NIV-C2B860FABC27A08B | BASKET | CONTEMPORARY | PRONG | GOLD | KT_14 | 1ct | imgs:3
[21:52:03][PEAR] [691] ? NIV-87AFB3DA724CC7FB | BASKET | CONTEMPORARY | PRONG | GOLD | KT_18 | 1ct | imgs:2
[21:52:06][PEAR] [692] ? NIV-87AFB3DA724CC7FB | BASKET | CONTEMPORARY | PRONG | GOLD | KT_18 | 1ct | imgs:3
[21:52:12][PEAR] [693] ? NIV-87AFB3DA724CC7FB | BASKET | CONTEMPORARY | PRONG | GOLD | KT_18 | 1ct | imgs:3
[21:52:15][PEAR] [694] ? NIV-14833D20F94651E4 | BASKET | CONTEMPORARY | PRONG | GOLD | KT_18 | 1ct | imgs:3
[21:52:18][PEAR] [695] ? NIV-14833D20F94651E4 | BASKET | CONTEMPORARY | PRONG | GOLD | KT_18 | 1ct | imgs:3
[21:52:21][PEAR] [696] ? NIV-14833D20F94651E4 | BASKET | CONTEMPORARY | PRONG | GOLD | KT_18 | 1ct | imgs:3
[21:52:23][PEAR] [697] ? NIV-9385241FD029B12C | BASKET | CONTEMPORARY | PRONG | GOLD | KT_18 | 1ct | imgs:3
[21:52:27][PEAR] [698] ? NIV-9385241FD029B12C | BASKET | CONTEMPORARY | PRONG | GOLD | KT_18 | 1ct | imgs:3
[21:52:30][PEAR] [699] ? NIV-9385241FD029B12C | BASKET | CONTEMPORARY | PRONG | GOLD | KT_18 | 1ct | imgs:3
[21:52:33][PEAR] [700] ? NIV-6AB26C51646480D1 | BASKET | CONTEMPORARY | PRONG | PLATINUM | PT_950 | 1ct | imgs:3
[21:52:39][PEAR] [701] ? NIV-826274E85D6D383D | BASKET | CONTEMPORARY | PRONG | GOLD | KT_10 | 1ct | imgs:3
[21:52:42][PEAR] [702] ? NIV-826274E85D6D383D | BASKET | CONTEMPORARY | PRONG | GOLD | KT_10 | 1ct | imgs:3
[21:52:47][PEAR] [703] ? NIV-826274E85D6D383D | BASKET | CONTEMPORARY | PRONG | GOLD | KT_10 | 1ct | imgs:3
[21:52:50][PEAR] [704] ? NIV-D2BC15B23DB81027 | BASKET | CONTEMPORARY | PRONG | GOLD | KT_10 | 1ct | imgs:3
[21:52:57][PEAR] [705] ? NIV-D2BC15B23DB81027 | BASKET | CONTEMPORARY | PRONG | GOLD | KT_10 | 1ct | imgs:3
[21:53:00][PEAR] [706] ? NIV-D2BC15B23DB81027 | BASKET | CONTEMPORARY | PRONG | GOLD | KT_10 | 1ct | imgs:3
[21:53:03][PEAR] [707] ? NIV-E54E0B92C31A9633 | BASKET | CONTEMPORARY | PRONG | GOLD | KT_10 | 1ct | imgs:3
[21:53:06][PEAR] [708] ? NIV-E54E0B92C31A9633 | BASKET | CONTEMPORARY | PRONG | GOLD | KT_10 | 1ct | imgs:3
[21:53:09][PEAR] [709] ? NIV-E54E0B92C31A9633 | BASKET | CONTEMPORARY | PRONG | GOLD | KT_10 | 1ct | imgs:3
[21:53:12][PEAR] [710] ? NIV-C478198165730D45 | BASKET | CONTEMPORARY | PRONG | GOLD | KT_14 | 1ct | imgs:3
[21:53:18][PEAR] [711] ? NIV-C478198165730D45 | BASKET | CONTEMPORARY | PRONG | GOLD | KT_14 | 1ct | imgs:3
[21:53:21][PEAR] [712] ? NIV-C478198165730D45 | BASKET | CONTEMPORARY | PRONG | GOLD | KT_14 | 1ct | imgs:3
[21:53:23][PEAR] [713] ? NIV-F0B5B1ADEE531CC7 | BASKET | CONTEMPORARY | PRONG | GOLD | KT_14 | 1ct | imgs:3
[21:53:27][PEAR] [714] ? NIV-F0B5B1ADEE531CC7 | BASKET | CONTEMPORARY | PRONG | GOLD | KT_14 | 1ct | imgs:3
[21:53:30][PEAR] [715] ? NIV-F0B5B1ADEE531CC7 | BASKET | CONTEMPORARY | PRONG | GOLD | KT_14 | 1ct | imgs:3
[21:53:33][PEAR] [716] ? NIV-5756B34DBDC41CB3 | BASKET | CONTEMPORARY | PRONG | GOLD | KT_14 | 1ct | imgs:3
[21:53:36][PEAR] [717] ? NIV-5756B34DBDC41CB3 | BASKET | CONTEMPORARY | PRONG | GOLD | KT_14 | 1ct | imgs:3
[21:53:39][PEAR] [718] ? NIV-5756B34DBDC41CB3 | BASKET | CONTEMPORARY | PRONG | GOLD | KT_14 | 1ct | imgs:3
[21:53:42][PEAR] [719] ? NIV-0E2D208FC6125B47 | BASKET | CONTEMPORARY | PRONG | GOLD | KT_18 | 1ct | imgs:3
[21:53:45][PEAR] [720] ? NIV-0E2D208FC6125B47 | BASKET | CONTEMPORARY | PRONG | GOLD | KT_18 | 1ct | imgs:3
[21:53:51][PEAR] [721] ? NIV-0E2D208FC6125B47 | BASKET | CONTEMPORARY | PRONG | GOLD | KT_18 | 1ct | imgs:3
[21:53:54][PEAR] [722] ? NIV-F82DC9FAFB6593EA | BASKET | CONTEMPORARY | PRONG | GOLD | KT_18 | 1ct | imgs:3
[21:53:57][PEAR] [723] ? NIV-F82DC9FAFB6593EA | BASKET | CONTEMPORARY | PRONG | GOLD | KT_18 | 1ct | imgs:3
[21:54:03][PEAR] [724] ? NIV-F82DC9FAFB6593EA | BASKET | CONTEMPORARY | PRONG | GOLD | KT_18 | 1ct | imgs:3
[21:54:06][PEAR] [725] ? NIV-91CABA70FA6C5D65 | BASKET | CONTEMPORARY | PRONG | GOLD | KT_18 | 1ct | imgs:3
[21:54:09][PEAR] [726] ? NIV-91CABA70FA6C5D65 | BASKET | CONTEMPORARY | PRONG | GOLD | KT_18 | 1ct | imgs:3
[21:54:12][PEAR] [727] ? NIV-91CABA70FA6C5D65 | BASKET | CONTEMPORARY | PRONG | GOLD | KT_18 | 1ct | imgs:3
[21:54:15][PEAR] [728] ? NIV-3776818594EB5661 | BASKET | CONTEMPORARY | PRONG | PLATINUM | PT_950 | 1ct | imgs:3
[21:54:18][PEAR] [729] ? NIV-84E15ACCDEBE902A | BASKET | CONTEMPORARY | PRONG | GOLD | KT_10 | 1ct | imgs:3
[21:54:21][PEAR] [730] ? NIV-84E15ACCDEBE902A | BASKET | CONTEMPORARY | PRONG | GOLD | KT_10 | 1ct | imgs:3
[21:54:27][PEAR] [731] ? NIV-84E15ACCDEBE902A | BASKET | CONTEMPORARY | PRONG | GOLD | KT_10 | 1ct | imgs:3
[21:54:29][PEAR] [732] ? NIV-C74D4EDE47D143B3 | BASKET | CONTEMPORARY | PRONG | GOLD | KT_10 | 1ct | imgs:3
[21:54:33][PEAR] [733] ? NIV-C74D4EDE47D143B3 | BASKET | CONTEMPORARY | PRONG | GOLD | KT_10 | 1ct | imgs:3
[21:54:36][PEAR] [734] ? NIV-C74D4EDE47D143B3 | BASKET | CONTEMPORARY | PRONG | GOLD | KT_10 | 1ct | imgs:3
[21:54:39][PEAR] [735] ? NIV-A02F62D5C89456A2 | BASKET | CONTEMPORARY | PRONG | GOLD | KT_10 | 1ct | imgs:3
[21:54:42][PEAR] [736] ? NIV-A02F62D5C89456A2 | BASKET | CONTEMPORARY | PRONG | GOLD | KT_10 | 1ct | imgs:3
[21:54:45][PEAR] [737] ? NIV-A02F62D5C89456A2 | BASKET | CONTEMPORARY | PRONG | GOLD | KT_10 | 1ct | imgs:3
[21:54:48][PEAR] [738] ? NIV-00F4D58AAD78F8EC | BASKET | CONTEMPORARY | PRONG | GOLD | KT_14 | 1ct | imgs:3
[21:54:51][PEAR] [739] ? NIV-00F4D58AAD78F8EC | BASKET | CONTEMPORARY | PRONG | GOLD | KT_14 | 1ct | imgs:3
[21:54:57][PEAR] [740] ? NIV-00F4D58AAD78F8EC | BASKET | CONTEMPORARY | PRONG | GOLD | KT_14 | 1ct | imgs:3
[21:54:59][PEAR] [741] ? NIV-254B36C0F179DD2C | BASKET | CONTEMPORARY | PRONG | GOLD | KT_14 | 1ct | imgs:3
[21:55:03][PEAR] [742] ? NIV-254B36C0F179DD2C | BASKET | CONTEMPORARY | PRONG | GOLD | KT_14 | 1ct | imgs:3
[21:55:06][PEAR] [743] ? NIV-254B36C0F179DD2C | BASKET | CONTEMPORARY | PRONG | GOLD | KT_14 | 1ct | imgs:3
[21:55:09][PEAR] [744] ? NIV-174632726A0469C0 | BASKET | CONTEMPORARY | PRONG | GOLD | KT_14 | 1ct | imgs:3
[21:55:12][PEAR] [745] ? NIV-174632726A0469C0 | BASKET | CONTEMPORARY | PRONG | GOLD | KT_14 | 1ct | imgs:3
[21:55:15][PEAR] [746] ? NIV-174632726A0469C0 | BASKET | CONTEMPORARY | PRONG | GOLD | KT_14 | 1ct | imgs:3
[21:55:18][PEAR] [747] ? NIV-B3C0B7E0BC49EFB2 | BASKET | CONTEMPORARY | PRONG | GOLD | KT_18 | 1ct | imgs:3
[21:55:21][PEAR] [748] ? NIV-B3C0B7E0BC49EFB2 | BASKET | CONTEMPORARY | PRONG | GOLD | KT_18 | 1ct | imgs:3
[21:55:26][PEAR] [749] ? NIV-B3C0B7E0BC49EFB2 | BASKET | CONTEMPORARY | PRONG | GOLD | KT_18 | 1ct | imgs:3
[21:55:30][PEAR] [750] ? NIV-F1D9F9DB587C05FD | BASKET | CONTEMPORARY | PRONG | GOLD | KT_18 | 1ct | imgs:3
[21:55:35][PEAR] [751] ? NIV-F1D9F9DB587C05FD | BASKET | CONTEMPORARY | PRONG | GOLD | KT_18 | 1ct | imgs:3
[21:55:39][PEAR] [752] ? NIV-F1D9F9DB587C05FD | BASKET | CONTEMPORARY | PRONG | GOLD | KT_18 | 1ct | imgs:3
[21:55:42][PEAR] [753] ? NIV-210928E59F9C5CAE | BASKET | CONTEMPORARY | PRONG | GOLD | KT_18 | 1ct | imgs:3
[21:55:45][PEAR] [754] ? NIV-210928E59F9C5CAE | BASKET | CONTEMPORARY | PRONG | GOLD | KT_18 | 1ct | imgs:3
[21:55:48][PEAR] [755] ? NIV-210928E59F9C5CAE | BASKET | CONTEMPORARY | PRONG | GOLD | KT_18 | 1ct | imgs:3
[21:55:51][PEAR] [756] ? NIV-F003D68508B57480 | BASKET | CONTEMPORARY | PRONG | PLATINUM | PT_950 | 1ct | imgs:3
[21:55:54][PEAR] [757] ? NIV-BD7F97EDA7A7126A | BASKET | CONTEMPORARY | PRONG | GOLD | KT_10 | 1ct | imgs:3
[21:55:59][PEAR] [758] ? NIV-BD7F97EDA7A7126A | BASKET | CONTEMPORARY | PRONG | GOLD | KT_10 | 1ct | imgs:3
[21:56:03][PEAR] [759] ? NIV-BD7F97EDA7A7126A | BASKET | CONTEMPORARY | PRONG | GOLD | KT_10 | 1ct | imgs:3
[21:56:06][PEAR] [760] ? NIV-93631A5ECE30297A | BASKET | CONTEMPORARY | PRONG | GOLD | KT_10 | 1ct | imgs:3
[21:56:09][PEAR] [761] ? NIV-93631A5ECE30297A | BASKET | CONTEMPORARY | PRONG | GOLD | KT_10 | 1ct | imgs:3
[21:56:12][PEAR] [762] ? NIV-93631A5ECE30297A | BASKET | CONTEMPORARY | PRONG | GOLD | KT_10 | 1ct | imgs:3
[21:56:15][PEAR] [763] ? NIV-86E2275D763CA18F | BASKET | CONTEMPORARY | PRONG | GOLD | KT_10 | 1ct | imgs:3
[21:56:18][PEAR] [764] ? NIV-86E2275D763CA18F | BASKET | CONTEMPORARY | PRONG | GOLD | KT_10 | 1ct | imgs:3
[21:56:21][PEAR] [765] ? NIV-86E2275D763CA18F | BASKET | CONTEMPORARY | PRONG | GOLD | KT_10 | 1ct | imgs:3
[21:56:24][PEAR] [766] ? NIV-03DBCD335F3AB836 | BASKET | CONTEMPORARY | PRONG | GOLD | KT_14 | 1ct | imgs:3
[21:56:27][PEAR] [767] ? NIV-03DBCD335F3AB836 | BASKET | CONTEMPORARY | PRONG | GOLD | KT_14 | 1ct | imgs:3
[21:56:32][PEAR] [768] ? NIV-03DBCD335F3AB836 | BASKET | CONTEMPORARY | PRONG | GOLD | KT_14 | 1ct | imgs:3
[21:56:36][PEAR] [769] ? NIV-CFC79E8CD887345D | BASKET | CONTEMPORARY | PRONG | GOLD | KT_14 | 1ct | imgs:3
[21:56:39][PEAR] [770] ? NIV-CFC79E8CD887345D | BASKET | CONTEMPORARY | PRONG | GOLD | KT_14 | 1ct | imgs:3
[21:56:42][PEAR] [771] ? NIV-CFC79E8CD887345D | BASKET | CONTEMPORARY | PRONG | GOLD | KT_14 | 1ct | imgs:3
[21:56:44][PEAR] [772] ? NIV-8D8DB1EB26020D4A | BASKET | CONTEMPORARY | PRONG | GOLD | KT_14 | 1ct | imgs:3
[21:56:48][PEAR] [773] ? NIV-8D8DB1EB26020D4A | BASKET | CONTEMPORARY | PRONG | GOLD | KT_14 | 1ct | imgs:3
[21:56:54][PEAR] [774] ? NIV-8D8DB1EB26020D4A | BASKET | CONTEMPORARY | PRONG | GOLD | KT_14 | 1ct | imgs:3
[21:56:56][PEAR] [775] ? NIV-9116A051BD983A3A | BASKET | CONTEMPORARY | PRONG | GOLD | KT_18 | 1ct | imgs:3
[21:57:00][PEAR] [776] ? NIV-9116A051BD983A3A | BASKET | CONTEMPORARY | PRONG | GOLD | KT_18 | 1ct | imgs:3
[21:57:03][PEAR] [777] ? NIV-9116A051BD983A3A | BASKET | CONTEMPORARY | PRONG | GOLD | KT_18 | 1ct | imgs:3
[21:57:06][PEAR] [778] ? NIV-B486645701A9888E | BASKET | CONTEMPORARY | PRONG | GOLD | KT_18 | 1ct | imgs:3
[21:57:09][PEAR] [779] ? NIV-B486645701A9888E | BASKET | CONTEMPORARY | PRONG | GOLD | KT_18 | 1ct | imgs:3
[21:57:12][PEAR] [780] ? NIV-B486645701A9888E | BASKET | CONTEMPORARY | PRONG | GOLD | KT_18 | 1ct | imgs:3
[21:57:14][PEAR] [781] ? NIV-AF5A16544BA65DCF | BASKET | CONTEMPORARY | PRONG | GOLD | KT_18 | 1ct | imgs:3
[21:57:18][PEAR] [782] ? NIV-AF5A16544BA65DCF | BASKET | CONTEMPORARY | PRONG | GOLD | KT_18 | 1ct | imgs:3
[21:57:24][PEAR] [783] ? NIV-AF5A16544BA65DCF | BASKET | CONTEMPORARY | PRONG | GOLD | KT_18 | 1ct | imgs:3
[21:57:27][PEAR] [784] ? NIV-94C45D7C325E983F | BASKET | CONTEMPORARY | PRONG | PLATINUM | PT_950 | 1ct | imgs:3
[21:57:35][PEAR] [785] ? NIV-7A936719719AE820 | BASKET | CONTEMPORARY | PRONG | GOLD | KT_10 | 1ct | imgs:3
[21:57:39][PEAR] [786] ? NIV-7A936719719AE820 | BASKET | CONTEMPORARY | PRONG | GOLD | KT_10 | 1ct | imgs:3
[21:57:42][PEAR] [787] ? NIV-7A936719719AE820 | BASKET | CONTEMPORARY | PRONG | GOLD | KT_10 | 1ct | imgs:3
[21:57:44][PEAR] [788] ? NIV-2B0978353168DAF3 | BASKET | CONTEMPORARY | PRONG | GOLD | KT_10 | 1ct | imgs:3
[21:57:48][PEAR] [789] ? NIV-2B0978353168DAF3 | BASKET | CONTEMPORARY | PRONG | GOLD | KT_10 | 1ct | imgs:3
[21:57:51][PEAR] [790] ? NIV-2B0978353168DAF3 | BASKET | CONTEMPORARY | PRONG | GOLD | KT_10 | 1ct | imgs:3
[21:57:54][PEAR] [791] ? NIV-445A89AB6FA3E717 | BASKET | CONTEMPORARY | PRONG | GOLD | KT_10 | 1ct | imgs:3
[21:57:57][PEAR] [792] ? NIV-445A89AB6FA3E717 | BASKET | CONTEMPORARY | PRONG | GOLD | KT_10 | 1ct | imgs:3
[21:58:00][PEAR] [793] ? NIV-445A89AB6FA3E717 | BASKET | CONTEMPORARY | PRONG | GOLD | KT_10 | 1ct | imgs:3
[21:58:03][PEAR] [794] ? NIV-9FFDE7ABFB9EA950 | BASKET | CONTEMPORARY | PRONG | GOLD | KT_14 | 1ct | imgs:1
[21:58:08][PEAR] [795] ? NIV-9FFDE7ABFB9EA950 | BASKET | CONTEMPORARY | PRONG | GOLD | KT_14 | 1ct | imgs:3
[21:58:12][PEAR] [796] ? NIV-9FFDE7ABFB9EA950 | BASKET | CONTEMPORARY | PRONG | GOLD | KT_14 | 1ct | imgs:3
[21:58:15][PEAR] [797] ? NIV-4B1EBDDD01FBE654 | BASKET | CONTEMPORARY | PRONG | GOLD | KT_14 | 1ct | imgs:3
[21:58:18][PEAR] [798] ? NIV-4B1EBDDD01FBE654 | BASKET | CONTEMPORARY | PRONG | GOLD | KT_14 | 1ct | imgs:3
[21:58:21][PEAR] [799] ? NIV-4B1EBDDD01FBE654 | BASKET | CONTEMPORARY | PRONG | GOLD | KT_14 | 1ct | imgs:3
[21:58:24][PEAR] [800] ? NIV-803E34E53A6C86FF | BASKET | CONTEMPORARY | PRONG | GOLD | KT_14 | 1ct | imgs:3
[21:58:27][PEAR] [801] ? NIV-803E34E53A6C86FF | BASKET | CONTEMPORARY | PRONG | GOLD | KT_14 | 1ct | imgs:3
[21:58:30][PEAR] [802] ? NIV-803E34E53A6C86FF | BASKET | CONTEMPORARY | PRONG | GOLD | KT_14 | 1ct | imgs:3
[21:58:33][PEAR] [803] ? NIV-58990CAD9DF48A50 | BASKET | CONTEMPORARY | PRONG | GOLD | KT_18 | 1ct | imgs:3
[21:58:39][PEAR] [804] ? NIV-58990CAD9DF48A50 | BASKET | CONTEMPORARY | PRONG | GOLD | KT_18 | 1ct | imgs:3
[21:58:42][PEAR] [805] ? NIV-58990CAD9DF48A50 | BASKET | CONTEMPORARY | PRONG | GOLD | KT_18 | 1ct | imgs:3
[21:58:44][PEAR] [806] ? NIV-2C3C942997635DBD | BASKET | CONTEMPORARY | PRONG | GOLD | KT_18 | 1ct | imgs:3
[21:58:48][PEAR] [807] ? NIV-2C3C942997635DBD | BASKET | CONTEMPORARY | PRONG | GOLD | KT_18 | 1ct | imgs:3
[21:58:51][PEAR] [808] ? NIV-2C3C942997635DBD | BASKET | CONTEMPORARY | PRONG | GOLD | KT_18 | 1ct | imgs:3
[21:58:54][PEAR] [809] ? NIV-A66ECB2103243EF7 | BASKET | CONTEMPORARY | PRONG | GOLD | KT_18 | 1ct | imgs:3
[21:58:57][PEAR] [810] ? NIV-A66ECB2103243EF7 | BASKET | CONTEMPORARY | PRONG | GOLD | KT_18 | 1ct | imgs:3
[21:59:03][PEAR] [811] ? NIV-A66ECB2103243EF7 | BASKET | CONTEMPORARY | PRONG | GOLD | KT_18 | 1ct | imgs:3
[21:59:06][PEAR] [812] ? NIV-2206067D04595458 | BASKET | CONTEMPORARY | PRONG | PLATINUM | PT_950 | 1ct | imgs:3
[21:59:12][PEAR] [813] ? NIV-2926875095871F7E | BASKET | CONTEMPORARY | PRONG | GOLD | KT_10 | 1ct | imgs:3
[21:59:15][PEAR] [814] ? NIV-2926875095871F7E | BASKET | CONTEMPORARY | PRONG | GOLD | KT_10 | 1ct | imgs:3
[21:59:18][PEAR] [815] ? NIV-2926875095871F7E | BASKET | CONTEMPORARY | PRONG | GOLD | KT_10 | 1ct | imgs:3
[21:59:21][PEAR] [816] ? NIV-9E572AD4FD7099C5 | BASKET | CONTEMPORARY | PRONG | GOLD | KT_10 | 1ct | imgs:3
[21:59:27][PEAR] [817] ? NIV-9E572AD4FD7099C5 | BASKET | CONTEMPORARY | PRONG | GOLD | KT_10 | 1ct | imgs:3
[21:59:30][PEAR] [818] ? NIV-9E572AD4FD7099C5 | BASKET | CONTEMPORARY | PRONG | GOLD | KT_10 | 1ct | imgs:3
[21:59:33][PEAR] [819] ? NIV-4A758AC576F163A8 | BASKET | CONTEMPORARY | PRONG | GOLD | KT_10 | 1ct | imgs:3
[21:59:36][PEAR] [820] ? NIV-4A758AC576F163A8 | BASKET | CONTEMPORARY | PRONG | GOLD | KT_10 | 1ct | imgs:3
[21:59:39][PEAR] [821] ? NIV-4A758AC576F163A8 | BASKET | CONTEMPORARY | PRONG | GOLD | KT_10 | 1ct | imgs:3
[21:59:45][PEAR] [822] ? NIV-31742DD7DEE32E72 | BASKET | CONTEMPORARY | PRONG | GOLD | KT_14 | 1ct | imgs:3
[21:59:48][PEAR] [823] ? NIV-31742DD7DEE32E72 | BASKET | CONTEMPORARY | PRONG | GOLD | KT_14 | 1ct | imgs:3
[21:59:53][PEAR] [824] ? NIV-31742DD7DEE32E72 | BASKET | CONTEMPORARY | PRONG | GOLD | KT_14 | 1ct | imgs:3
[21:59:57][PEAR] [825] ? NIV-A9EEE432077782A9 | BASKET | CONTEMPORARY | PRONG | GOLD | KT_14 | 1ct | imgs:3
[22:00:00][PEAR] [826] ? NIV-A9EEE432077782A9 | BASKET | CONTEMPORARY | PRONG | GOLD | KT_14 | 1ct | imgs:3
[22:00:03][PEAR] [827] ? NIV-A9EEE432077782A9 | BASKET | CONTEMPORARY | PRONG | GOLD | KT_14 | 1ct | imgs:3
[22:00:05][PEAR] [828] ? NIV-5FAD9815AB03F71D | BASKET | CONTEMPORARY | PRONG | GOLD | KT_14 | 1ct | imgs:3
[22:00:09][PEAR] [829] ? NIV-5FAD9815AB03F71D | BASKET | CONTEMPORARY | PRONG | GOLD | KT_14 | 1ct | imgs:3
[22:00:12][PEAR] [830] ? NIV-5FAD9815AB03F71D | BASKET | CONTEMPORARY | PRONG | GOLD | KT_14 | 1ct | imgs:3
[22:00:15][PEAR] [831] ? NIV-CC736BD9B37C1A27 | BASKET | CONTEMPORARY | PRONG | GOLD | KT_18 | 1ct | imgs:3
[22:00:18][PEAR] [832] ? NIV-CC736BD9B37C1A27 | BASKET | CONTEMPORARY | PRONG | GOLD | KT_18 | 1ct | imgs:3
[22:00:24][PEAR] [833] ? NIV-CC736BD9B37C1A27 | BASKET | CONTEMPORARY | PRONG | GOLD | KT_18 | 1ct | imgs:3
[22:00:27][PEAR] [834] ? NIV-855F478941046BA3 | BASKET | CONTEMPORARY | PRONG | GOLD | KT_18 | 1ct | imgs:3
[22:00:30][PEAR] [835] ? NIV-855F478941046BA3 | BASKET | CONTEMPORARY | PRONG | GOLD | KT_18 | 1ct | imgs:3
[22:00:33][PEAR] [836] ? NIV-855F478941046BA3 | BASKET | CONTEMPORARY | PRONG | GOLD | KT_18 | 1ct | imgs:3
[22:00:36][PEAR] [837] ? NIV-1609D2472F2F721B | BASKET | CONTEMPORARY | PRONG | GOLD | KT_18 | 1ct | imgs:3
[22:00:41][PEAR] [838] ? NIV-1609D2472F2F721B | BASKET | CONTEMPORARY | PRONG | GOLD | KT_18 | 1ct | imgs:3
[22:00:45][PEAR] [839] ? NIV-1609D2472F2F721B | BASKET | CONTEMPORARY | PRONG | GOLD | KT_18 | 1ct | imgs:3
[22:00:48][PEAR] [840] ? NIV-887328CAB9FE9F5F | BASKET | CONTEMPORARY | PRONG | PLATINUM | PT_950 | 1ct | imgs:3
[22:00:51][PEAR] [841] ? NIV-DA06C48164790874 | BASKET | CONTEMPORARY | PRONG | GOLD | KT_10 | 1ct | imgs:3
[22:00:57][PEAR] [842] ? NIV-DA06C48164790874 | BASKET | CONTEMPORARY | PRONG | GOLD | KT_10 | 1ct | imgs:3
[22:01:00][PEAR] [843] ? NIV-DA06C48164790874 | BASKET | CONTEMPORARY | PRONG | GOLD | KT_10 | 1ct | imgs:3
[22:01:02][PEAR] [844] ? NIV-51514DFA931DE28A | BASKET | CONTEMPORARY | PRONG | GOLD | KT_10 | 1ct | imgs:3
[22:01:06][PEAR] [845] ? NIV-51514DFA931DE28A | BASKET | CONTEMPORARY | PRONG | GOLD | KT_10 | 1ct | imgs:3
[22:01:09][PEAR] [846] ? NIV-51514DFA931DE28A | BASKET | CONTEMPORARY | PRONG | GOLD | KT_10 | 1ct | imgs:3
[22:01:12][PEAR] [847] ? NIV-E6B5060C57F8B4BB | BASKET | CONTEMPORARY | PRONG | GOLD | KT_10 | 1ct | imgs:3
[22:01:15][PEAR] [848] ? NIV-E6B5060C57F8B4BB | BASKET | CONTEMPORARY | PRONG | GOLD | KT_10 | 1ct | imgs:3
[22:01:20][PEAR] [849] ? NIV-E6B5060C57F8B4BB | BASKET | CONTEMPORARY | PRONG | GOLD | KT_10 | 1ct | imgs:3
[22:01:23][PEAR] [850] ? NIV-5DD92618653EF29C | BASKET | CONTEMPORARY | PRONG | GOLD | KT_14 | 1ct | imgs:3
[22:01:27][PEAR] [851] ? NIV-5DD92618653EF29C | BASKET | CONTEMPORARY | PRONG | GOLD | KT_14 | 1ct | imgs:3
[22:01:33][PEAR] [852] ? NIV-5DD92618653EF29C | BASKET | CONTEMPORARY | PRONG | GOLD | KT_14 | 1ct | imgs:3
[22:01:35][PEAR] [853] ? NIV-34C8AFC43B289D66 | BASKET | CONTEMPORARY | PRONG | GOLD | KT_14 | 1ct | imgs:3
[22:01:39][PEAR] [854] ? NIV-34C8AFC43B289D66 | BASKET | CONTEMPORARY | PRONG | GOLD | KT_14 | 1ct | imgs:3
[22:01:42][PEAR] [855] ? NIV-34C8AFC43B289D66 | BASKET | CONTEMPORARY | PRONG | GOLD | KT_14 | 1ct | imgs:3
[22:01:45][PEAR] [856] ? NIV-F2B37580B0BE74B6 | BASKET | CONTEMPORARY | PRONG | GOLD | KT_14 | 1ct | imgs:3
[22:01:48][PEAR] [857] ? NIV-F2B37580B0BE74B6 | BASKET | CONTEMPORARY | PRONG | GOLD | KT_14 | 1ct | imgs:3
[22:01:54][PEAR] [858] ? NIV-F2B37580B0BE74B6 | BASKET | CONTEMPORARY | PRONG | GOLD | KT_14 | 1ct | imgs:3
[22:01:57][PEAR] [859] ? NIV-8CB3D07E930262B4 | BASKET | CONTEMPORARY | PRONG | GOLD | KT_18 | 1ct | imgs:3
[22:02:02][PEAR] [860] ? NIV-8CB3D07E930262B4 | BASKET | CONTEMPORARY | PRONG | GOLD | KT_18 | 1ct | imgs:3
[22:02:06][PEAR] [861] ? NIV-8CB3D07E930262B4 | BASKET | CONTEMPORARY | PRONG | GOLD | KT_18 | 1ct | imgs:3
[22:02:08][PEAR] [862] ? NIV-A4C4A65880C0CEF1 | BASKET | CONTEMPORARY | PRONG | GOLD | KT_18 | 1ct | imgs:3
[22:02:12][PEAR] [863] ? NIV-A4C4A65880C0CEF1 | BASKET | CONTEMPORARY | PRONG | GOLD | KT_18 | 1ct | imgs:3
[22:02:15][PEAR] [864] ? NIV-A4C4A65880C0CEF1 | BASKET | CONTEMPORARY | PRONG | GOLD | KT_18 | 1ct | imgs:3
[22:02:18][PEAR] [865] ? NIV-EA377B76E9A72A5F | BASKET | CONTEMPORARY | PRONG | GOLD | KT_18 | 1ct | imgs:3
[22:02:24][PEAR] [866] ? NIV-EA377B76E9A72A5F | BASKET | CONTEMPORARY | PRONG | GOLD | KT_18 | 1ct | imgs:3
[22:02:27][PEAR] [867] ? NIV-EA377B76E9A72A5F | BASKET | CONTEMPORARY | PRONG | GOLD | KT_18 | 1ct | imgs:3
[22:02:30][PEAR] [868] ? NIV-B15A79CF29B32755 | BASKET | CONTEMPORARY | PRONG | PLATINUM | PT_950 | 1ct | imgs:3
[22:02:36][PEAR] [869] ? NIV-1F1E587946C0A81A | BASKET | CONTEMPORARY | PRONG | GOLD | KT_10 | 1ct | imgs:3
[22:02:39][PEAR] [870] ? NIV-1F1E587946C0A81A | BASKET | CONTEMPORARY | PRONG | GOLD | KT_10 | 1ct | imgs:3
[22:02:45][PEAR] [871] ? NIV-1F1E587946C0A81A | BASKET | CONTEMPORARY | PRONG | GOLD | KT_10 | 1ct | imgs:3
[22:02:48][PEAR] [872] ? NIV-2C6FDB94576D5C72 | BASKET | CONTEMPORARY | PRONG | GOLD | KT_10 | 1ct | imgs:3
[22:02:51][PEAR] [873] ? NIV-2C6FDB94576D5C72 | BASKET | CONTEMPORARY | PRONG | GOLD | KT_10 | 1ct | imgs:3
[22:02:57][PEAR] [874] ? NIV-2C6FDB94576D5C72 | BASKET | CONTEMPORARY | PRONG | GOLD | KT_10 | 1ct | imgs:3
[22:03:00][PEAR] [875] ? NIV-85427CC6D695F7F7 | BASKET | CONTEMPORARY | PRONG | GOLD | KT_10 | 1ct | imgs:3
[22:03:05][PEAR] [876] ? NIV-85427CC6D695F7F7 | BASKET | CONTEMPORARY | PRONG | GOLD | KT_10 | 1ct | imgs:3
[22:03:09][PEAR] [877] ? NIV-85427CC6D695F7F7 | BASKET | CONTEMPORARY | PRONG | GOLD | KT_10 | 1ct | imgs:3
[22:03:12][PEAR] [878] ? NIV-EB64CB651FAF02D5 | BASKET | CONTEMPORARY | PRONG | GOLD | KT_14 | 1ct | imgs:3
[22:03:15][PEAR] [879] ? NIV-EB64CB651FAF02D5 | BASKET | CONTEMPORARY | PRONG | GOLD | KT_14 | 1ct | imgs:3
[22:03:20][PEAR] [880] ? NIV-EB64CB651FAF02D5 | BASKET | CONTEMPORARY | PRONG | GOLD | KT_14 | 1ct | imgs:3
[22:03:23][PEAR] [881] ? NIV-C1445FB6FB7364ED | BASKET | CONTEMPORARY | PRONG | GOLD | KT_14 | 1ct | imgs:3
[22:03:27][PEAR] [882] ? NIV-C1445FB6FB7364ED | BASKET | CONTEMPORARY | PRONG | GOLD | KT_14 | 1ct | imgs:3
[22:03:30][PEAR] [883] ? NIV-C1445FB6FB7364ED | BASKET | CONTEMPORARY | PRONG | GOLD | KT_14 | 1ct | imgs:3
[22:03:32][PEAR] [884] ? NIV-7F2D92B7F2D3C8D9 | BASKET | CONTEMPORARY | PRONG | GOLD | KT_14 | 1ct | imgs:3
[22:03:36][PEAR] [885] ? NIV-7F2D92B7F2D3C8D9 | BASKET | CONTEMPORARY | PRONG | GOLD | KT_14 | 1ct | imgs:3
[22:03:39][PEAR] [886] ? NIV-7F2D92B7F2D3C8D9 | BASKET | CONTEMPORARY | PRONG | GOLD | KT_14 | 1ct | imgs:3
[22:03:42][PEAR] [887] ? NIV-4B0C20D3E2C4B980 | BASKET | CONTEMPORARY | PRONG | GOLD | KT_18 | 1ct | imgs:1
[22:03:45][PEAR] [888] ? NIV-4B0C20D3E2C4B980 | BASKET | CONTEMPORARY | PRONG | GOLD | KT_18 | 1ct | imgs:3
[22:03:51][PEAR] [889] ? NIV-4B0C20D3E2C4B980 | BASKET | CONTEMPORARY | PRONG | GOLD | KT_18 | 1ct | imgs:3
[22:03:53][PEAR] [890] ? NIV-9EFF9714BD383BCE | BASKET | CONTEMPORARY | PRONG | GOLD | KT_18 | 1ct | imgs:3
[22:03:57][PEAR] [891] ? NIV-9EFF9714BD383BCE | BASKET | CONTEMPORARY | PRONG | GOLD | KT_18 | 1ct | imgs:3
[22:04:00][PEAR] [892] ? NIV-9EFF9714BD383BCE | BASKET | CONTEMPORARY | PRONG | GOLD | KT_18 | 1ct | imgs:3
[22:04:02][PEAR] [893] ? NIV-268CA9B62E8C2495 | BASKET | CONTEMPORARY | PRONG | GOLD | KT_18 | 1ct | imgs:3
[22:04:06][PEAR] [894] ? NIV-268CA9B62E8C2495 | BASKET | CONTEMPORARY | PRONG | GOLD | KT_18 | 1ct | imgs:3
[22:04:09][PEAR] [895] ? NIV-268CA9B62E8C2495 | BASKET | CONTEMPORARY | PRONG | GOLD | KT_18 | 1ct | imgs:3
[22:04:20][PEAR] [896] ??  NIV-268CA9B62E8C2495 | BASKET | CONTEMPORARY | PRONG | PLATINUM | PT_950 | 1ct | imgs:0
[22:04:32][PEAR] [897] ??  NIV-268CA9B62E8C2495 | BASKET | CONTEMPORARY | PRONG | GOLD | KT_10 | 1ct | imgs:0
[22:04:42][PEAR] [898] ? NIV-3708FF2114F3DFCA | BASKET | CONTEMPORARY | PRONG | GOLD | KT_10 | 1ct | imgs:2
[22:04:48][PEAR] [899] ? NIV-3708FF2114F3DFCA | BASKET | CONTEMPORARY | PRONG | GOLD | KT_10 | 1ct | imgs:3
[22:04:51][PEAR] [900] ? NIV-9F28EE1DD70FB961 | BASKET | CONTEMPORARY | PRONG | GOLD | KT_10 | 1ct | imgs:1
[22:04:56][PEAR] [901] ? NIV-9F28EE1DD70FB961 | BASKET | CONTEMPORARY | PRONG | GOLD | KT_10 | 1ct | imgs:3
[22:05:00][PEAR] [902] ? NIV-9F28EE1DD70FB961 | BASKET | CONTEMPORARY | PRONG | GOLD | KT_10 | 1ct | imgs:3
[22:05:03][PEAR] [903] ? NIV-A5D692227DD50374 | BASKET | CONTEMPORARY | PRONG | GOLD | KT_10 | 1ct | imgs:3
[22:05:09][PEAR] [904] ? NIV-A5D692227DD50374 | BASKET | CONTEMPORARY | PRONG | GOLD | KT_10 | 1ct | imgs:3
[22:05:12][PEAR] [905] ? NIV-A5D692227DD50374 | BASKET | CONTEMPORARY | PRONG | GOLD | KT_10 | 1ct | imgs:3
[22:05:15][PEAR] [906] ? NIV-7421181B9DEE4BFC | BASKET | CONTEMPORARY | PRONG | GOLD | KT_14 | 1ct | imgs:3
[22:05:21][PEAR] [907] ? NIV-7421181B9DEE4BFC | BASKET | CONTEMPORARY | PRONG | GOLD | KT_14 | 1ct | imgs:3
[22:05:24][PEAR] [908] ? NIV-7421181B9DEE4BFC | BASKET | CONTEMPORARY | PRONG | GOLD | KT_14 | 1ct | imgs:3
[22:05:27][PEAR] [909] ? NIV-6C3A1D2991C7F69A | BASKET | CONTEMPORARY | PRONG | GOLD | KT_14 | 1ct | imgs:1
[22:05:30][PEAR] [910] ? NIV-6C3A1D2991C7F69A | BASKET | CONTEMPORARY | PRONG | GOLD | KT_14 | 1ct | imgs:3
[22:05:36][PEAR] [911] ? NIV-6C3A1D2991C7F69A | BASKET | CONTEMPORARY | PRONG | GOLD | KT_14 | 1ct | imgs:3
[22:05:39][PEAR] [912] ? NIV-AFA0D5A3ACA651D0 | BASKET | CONTEMPORARY | PRONG | GOLD | KT_14 | 1ct | imgs:3
[22:05:42][PEAR] [913] ? NIV-AFA0D5A3ACA651D0 | BASKET | CONTEMPORARY | PRONG | GOLD | KT_14 | 1ct | imgs:3
[22:05:47][PEAR] [914] ? NIV-AFA0D5A3ACA651D0 | BASKET | CONTEMPORARY | PRONG | GOLD | KT_14 | 1ct | imgs:3
[22:05:51][PEAR] [915] ? NIV-EDFBA525F90FBEF7 | BASKET | CONTEMPORARY | PRONG | GOLD | KT_18 | 1ct | imgs:3
[22:05:54][PEAR] [916] ? NIV-EDFBA525F90FBEF7 | BASKET | CONTEMPORARY | PRONG | GOLD | KT_18 | 1ct | imgs:3
[22:06:00][PEAR] [917] ? NIV-EDFBA525F90FBEF7 | BASKET | CONTEMPORARY | PRONG | GOLD | KT_18 | 1ct | imgs:3
[22:06:03][PEAR] [918] ? NIV-9CCFDE461FA35F16 | BASKET | CONTEMPORARY | PRONG | GOLD | KT_18 | 1ct | imgs:3
[22:06:06][PEAR] [919] ? NIV-9CCFDE461FA35F16 | BASKET | CONTEMPORARY | PRONG | GOLD | KT_18 | 1ct | imgs:3
[22:06:11][PEAR] [920] ? NIV-9CCFDE461FA35F16 | BASKET | CONTEMPORARY | PRONG | GOLD | KT_18 | 1ct | imgs:3
[22:06:15][PEAR] [921] ? NIV-457708B5B1FC826A | BASKET | CONTEMPORARY | PRONG | GOLD | KT_18 | 1ct | imgs:3
[22:06:18][PEAR] [922] ? NIV-457708B5B1FC826A | BASKET | CONTEMPORARY | PRONG | GOLD | KT_18 | 1ct | imgs:3
[22:06:23][PEAR] [923] ? NIV-457708B5B1FC826A | BASKET | CONTEMPORARY | PRONG | GOLD | KT_18 | 1ct | imgs:3
[22:06:26][PEAR] [924] ? NIV-C5C0620DCAB58A47 | BASKET | CONTEMPORARY | PRONG | PLATINUM | PT_950 | 1ct | imgs:3
[22:06:33][PEAR] [925] ? NIV-A905F791B6D0791D | BASKET | CONTEMPORARY | PRONG | GOLD | KT_10 | 1ct | imgs:3
[22:06:36][PEAR] [926] ? NIV-A905F791B6D0791D | BASKET | CONTEMPORARY | PRONG | GOLD | KT_10 | 1ct | imgs:3
[22:06:42][PEAR] [927] ? NIV-A905F791B6D0791D | BASKET | CONTEMPORARY | PRONG | GOLD | KT_10 | 1ct | imgs:3
[22:06:44][PEAR] [928] ? NIV-051C91FC28180035 | BASKET | CONTEMPORARY | PRONG | GOLD | KT_10 | 1ct | imgs:3
[22:06:48][PEAR] [929] ? NIV-051C91FC28180035 | BASKET | CONTEMPORARY | PRONG | GOLD | KT_10 | 1ct | imgs:3
[22:06:51][PEAR] [930] ? NIV-051C91FC28180035 | BASKET | CONTEMPORARY | PRONG | GOLD | KT_10 | 1ct | imgs:3
[22:06:54][PEAR] [931] ? NIV-09A2FCA518926D00 | BASKET | CONTEMPORARY | PRONG | GOLD | KT_10 | 1ct | imgs:3
[22:06:57][PEAR] [932] ? NIV-09A2FCA518926D00 | BASKET | CONTEMPORARY | PRONG | GOLD | KT_10 | 1ct | imgs:3
[22:07:03][PEAR] [933] ? NIV-09A2FCA518926D00 | BASKET | CONTEMPORARY | PRONG | GOLD | KT_10 | 1ct | imgs:3
[22:07:06][PEAR] [934] ? NIV-2C22945416714DD9 | BASKET | CONTEMPORARY | PRONG | GOLD | KT_14 | 1ct | imgs:3
[22:07:11][PEAR] [935] ? NIV-2C22945416714DD9 | BASKET | CONTEMPORARY | PRONG | GOLD | KT_14 | 1ct | imgs:3
[22:07:15][PEAR] [936] ? NIV-2C22945416714DD9 | BASKET | CONTEMPORARY | PRONG | GOLD | KT_14 | 1ct | imgs:3
[22:07:18][PEAR] [937] ? NIV-AB1268823D00E529 | BASKET | CONTEMPORARY | PRONG | GOLD | KT_14 | 1ct | imgs:3
[22:07:21][PEAR] [938] ? NIV-AB1268823D00E529 | BASKET | CONTEMPORARY | PRONG | GOLD | KT_14 | 1ct | imgs:3
[22:07:26][PEAR] [939] ? NIV-AB1268823D00E529 | BASKET | CONTEMPORARY | PRONG | GOLD | KT_14 | 1ct | imgs:3
[22:07:30][PEAR] [940] ? NIV-CA90DA0BD90C7A6D | BASKET | CONTEMPORARY | PRONG | GOLD | KT_14 | 1ct | imgs:3
[22:07:33][PEAR] [941] ? NIV-CA90DA0BD90C7A6D | BASKET | CONTEMPORARY | PRONG | GOLD | KT_14 | 1ct | imgs:3
[22:07:38][PEAR] [942] ? NIV-CA90DA0BD90C7A6D | BASKET | CONTEMPORARY | PRONG | GOLD | KT_14 | 1ct | imgs:3
[22:07:41][PEAR] [943] ? NIV-DBDE2B2C3F68C609 | BASKET | CONTEMPORARY | PRONG | GOLD | KT_18 | 1ct | imgs:3
[22:07:45][PEAR] [944] ? NIV-DBDE2B2C3F68C609 | BASKET | CONTEMPORARY | PRONG | GOLD | KT_18 | 1ct | imgs:3
[22:07:50][PEAR] [945] ? NIV-DBDE2B2C3F68C609 | BASKET | CONTEMPORARY | PRONG | GOLD | KT_18 | 1ct | imgs:3
[22:07:54][PEAR] [946] ? NIV-597ADBA73D224C00 | BASKET | CONTEMPORARY | PRONG | GOLD | KT_18 | 1ct | imgs:3
[22:07:57][PEAR] [947] ? NIV-597ADBA73D224C00 | BASKET | CONTEMPORARY | PRONG | GOLD | KT_18 | 1ct | imgs:3
[22:08:03][PEAR] [948] ? NIV-597ADBA73D224C00 | BASKET | CONTEMPORARY | PRONG | GOLD | KT_18 | 1ct | imgs:3
[22:08:06][PEAR] [949] ? NIV-8250C7830A09222A | BASKET | CONTEMPORARY | PRONG | GOLD | KT_18 | 1ct | imgs:3
[22:08:09][PEAR] [950] ? NIV-8250C7830A09222A | BASKET | CONTEMPORARY | PRONG | GOLD | KT_18 | 1ct | imgs:3
[22:08:12][PEAR] [951] ? NIV-8250C7830A09222A | BASKET | CONTEMPORARY | PRONG | GOLD | KT_18 | 1ct | imgs:3
[22:08:15][PEAR] [952] ? NIV-B6BD4E79EBFE55F9 | BASKET | CONTEMPORARY | PRONG | PLATINUM | PT_950 | 1ct | imgs:3
[22:08:20][PEAR] [953] ? NIV-1C8D04ED12094EF7 | BASKET | CONTEMPORARY | PRONG | GOLD | KT_10 | 1ct | imgs:3
[22:08:27][PEAR] [954] ? NIV-1C8D04ED12094EF7 | BASKET | CONTEMPORARY | PRONG | GOLD | KT_10 | 1ct | imgs:3
[22:08:30][PEAR] [955] ? NIV-1C8D04ED12094EF7 | BASKET | CONTEMPORARY | PRONG | GOLD | KT_10 | 1ct | imgs:3
[22:08:32][PEAR] [956] ? NIV-97EFE9F446BAC7B9 | BASKET | CONTEMPORARY | PRONG | GOLD | KT_10 | 1ct | imgs:3
[22:08:36][PEAR] [957] ? NIV-97EFE9F446BAC7B9 | BASKET | CONTEMPORARY | PRONG | GOLD | KT_10 | 1ct | imgs:3
[22:08:39][PEAR] [958] ? NIV-97EFE9F446BAC7B9 | BASKET | CONTEMPORARY | PRONG | GOLD | KT_10 | 1ct | imgs:3
[22:08:42][PEAR] [959] ? NIV-BEA3FDBE0E919AA1 | BASKET | CONTEMPORARY | PRONG | GOLD | KT_10 | 1ct | imgs:3
[22:08:45][PEAR] [960] ? NIV-BEA3FDBE0E919AA1 | BASKET | CONTEMPORARY | PRONG | GOLD | KT_10 | 1ct | imgs:3
[22:08:51][PEAR] [961] ? NIV-BEA3FDBE0E919AA1 | BASKET | CONTEMPORARY | PRONG | GOLD | KT_10 | 1ct | imgs:3
[22:08:54][PEAR] [962] ? NIV-8BAEE1367B2AE176 | BASKET | CONTEMPORARY | PRONG | GOLD | KT_14 | 1ct | imgs:3
[22:09:00][PEAR] [963] ? NIV-8BAEE1367B2AE176 | BASKET | CONTEMPORARY | PRONG | GOLD | KT_14 | 1ct | imgs:3
[22:09:03][PEAR] [964] ? NIV-8BAEE1367B2AE176 | BASKET | CONTEMPORARY | PRONG | GOLD | KT_14 | 1ct | imgs:3
[22:09:05][PEAR] [965] ? NIV-D7420EE518BF1CA3 | BASKET | CONTEMPORARY | PRONG | GOLD | KT_14 | 1ct | imgs:3
[22:09:09][PEAR] [966] ? NIV-D7420EE518BF1CA3 | BASKET | CONTEMPORARY | PRONG | GOLD | KT_14 | 1ct | imgs:3
[22:09:15][PEAR] [967] ? NIV-D7420EE518BF1CA3 | BASKET | CONTEMPORARY | PRONG | GOLD | KT_14 | 1ct | imgs:3
[22:09:18][PEAR] [968] ? NIV-4F848BA700101A88 | BASKET | CONTEMPORARY | PRONG | GOLD | KT_14 | 1ct | imgs:3
[22:09:21][PEAR] [969] ? NIV-4F848BA700101A88 | BASKET | CONTEMPORARY | PRONG | GOLD | KT_14 | 1ct | imgs:3
[22:09:27][PEAR] [970] ? NIV-4F848BA700101A88 | BASKET | CONTEMPORARY | PRONG | GOLD | KT_14 | 1ct | imgs:3
[22:09:30][PEAR] [971] ? NIV-6836B969D7F5C281 | BASKET | CONTEMPORARY | PRONG | GOLD | KT_18 | 1ct | imgs:3
[22:09:33][PEAR] [972] ? NIV-6836B969D7F5C281 | BASKET | CONTEMPORARY | PRONG | GOLD | KT_18 | 1ct | imgs:3
[22:09:39][PEAR] [973] ? NIV-6836B969D7F5C281 | BASKET | CONTEMPORARY | PRONG | GOLD | KT_18 | 1ct | imgs:3
[22:09:42][PEAR] [974] ? NIV-1F7D965A3C473140 | BASKET | CONTEMPORARY | PRONG | GOLD | KT_18 | 1ct | imgs:3
[22:09:45][PEAR] [975] ? NIV-1F7D965A3C473140 | BASKET | CONTEMPORARY | PRONG | GOLD | KT_18 | 1ct | imgs:3
[22:09:48][PEAR] [976] ? NIV-1F7D965A3C473140 | BASKET | CONTEMPORARY | PRONG | GOLD | KT_18 | 1ct | imgs:3
[22:09:51][PEAR] [977] ? NIV-AE9A9ACE46D839B1 | BASKET | CONTEMPORARY | PRONG | GOLD | KT_18 | 1ct | imgs:2
[22:09:56][PEAR] [978] ? NIV-AE9A9ACE46D839B1 | BASKET | CONTEMPORARY | PRONG | GOLD | KT_18 | 1ct | imgs:3
[22:10:00][PEAR] [979] ? NIV-AE9A9ACE46D839B1 | BASKET | CONTEMPORARY | PRONG | GOLD | KT_18 | 1ct | imgs:3
[22:10:03][PEAR] [980] ? NIV-09E2B315D727EDAA | BASKET | CONTEMPORARY | PRONG | PLATINUM | PT_950 | 1ct | imgs:3
[22:10:09][PEAR] [981] ? NIV-57227133726BC7D8 | BASKET | CONTEMPORARY | PRONG | GOLD | KT_10 | 1ct | imgs:3
[22:10:12][PEAR] [982] ? NIV-57227133726BC7D8 | BASKET | CONTEMPORARY | PRONG | GOLD | KT_10 | 1ct | imgs:3
[22:10:18][PEAR] [983] ? NIV-57227133726BC7D8 | BASKET | CONTEMPORARY | PRONG | GOLD | KT_10 | 1ct | imgs:3
[22:10:20][PEAR] [984] ? NIV-CE7566FD121DE8C1 | BASKET | CONTEMPORARY | PRONG | GOLD | KT_10 | 1ct | imgs:3
[22:10:24][PEAR] [985] ? NIV-CE7566FD121DE8C1 | BASKET | CONTEMPORARY | PRONG | GOLD | KT_10 | 1ct | imgs:3
[22:10:27][PEAR] [986] ? NIV-CE7566FD121DE8C1 | BASKET | CONTEMPORARY | PRONG | GOLD | KT_10 | 1ct | imgs:3
[22:10:30][PEAR] [987] ? NIV-DD2368C458E59806 | BASKET | CONTEMPORARY | PRONG | GOLD | KT_10 | 1ct | imgs:3
[22:10:33][PEAR] [988] ? NIV-DD2368C458E59806 | BASKET | CONTEMPORARY | PRONG | GOLD | KT_10 | 1ct | imgs:3
[22:10:36][PEAR] [989] ? NIV-DD2368C458E59806 | BASKET | CONTEMPORARY | PRONG | GOLD | KT_10 | 1ct | imgs:3
[22:10:39][PEAR] [990] ? NIV-19376715F572D14B | BASKET | CONTEMPORARY | PRONG | GOLD | KT_14 | 1ct | imgs:3
[22:10:42][PEAR] [991] ? NIV-19376715F572D14B | BASKET | CONTEMPORARY | PRONG | GOLD | KT_14 | 1ct | imgs:3
[22:10:47][PEAR] [992] ? NIV-19376715F572D14B | BASKET | CONTEMPORARY | PRONG | GOLD | KT_14 | 1ct | imgs:3
[22:10:50][PEAR] [993] ? NIV-4C498283FC127E2E | BASKET | CONTEMPORARY | PRONG | GOLD | KT_14 | 1ct | imgs:3
[22:10:54][PEAR] [994] ? NIV-4C498283FC127E2E | BASKET | CONTEMPORARY | PRONG | GOLD | KT_14 | 1ct | imgs:3
[22:11:00][PEAR] [995] ? NIV-4C498283FC127E2E | BASKET | CONTEMPORARY | PRONG | GOLD | KT_14 | 1ct | imgs:3
[22:11:03][PEAR] [996] ? NIV-B29F834F1758DD32 | BASKET | CONTEMPORARY | PRONG | GOLD | KT_14 | 1ct | imgs:3
[22:11:06][PEAR] [997] ? NIV-B29F834F1758DD32 | BASKET | CONTEMPORARY | PRONG | GOLD | KT_14 | 1ct | imgs:3
[22:11:09][PEAR] [998] ? NIV-B29F834F1758DD32 | BASKET | CONTEMPORARY | PRONG | GOLD | KT_14 | 1ct | imgs:3
[22:11:12][PEAR] [999] ? NIV-A1918426CB2C5F6E | BASKET | CONTEMPORARY | PRONG | GOLD | KT_18 | 1ct | imgs:3
[22:11:15][PEAR] [1000] ? NIV-A1918426CB2C5F6E | BASKET | CONTEMPORARY | PRONG | GOLD | KT_18 | 1ct | imgs:3
[22:11:21][PEAR] [1001] ? NIV-A1918426CB2C5F6E | BASKET | CONTEMPORARY | PRONG | GOLD | KT_18 | 1ct | imgs:3
[22:11:23][PEAR] [1002] ? NIV-27101850BE7EABD0 | BASKET | CONTEMPORARY | PRONG | GOLD | KT_18 | 1ct | imgs:3
[22:11:27][PEAR] [1003] ? NIV-27101850BE7EABD0 | BASKET | CONTEMPORARY | PRONG | GOLD | KT_18 | 1ct | imgs:3
[22:11:33][PEAR] [1004] ? NIV-27101850BE7EABD0 | BASKET | CONTEMPORARY | PRONG | GOLD | KT_18 | 1ct | imgs:3
[22:11:36][PEAR] [1005] ? NIV-FC2734EE217CEB86 | BASKET | CONTEMPORARY | PRONG | GOLD | KT_18 | 1ct | imgs:3
[22:11:39][PEAR] [1006] ? NIV-FC2734EE217CEB86 | BASKET | CONTEMPORARY | PRONG | GOLD | KT_18 | 1ct | imgs:3
[22:11:44][PEAR] [1007] ? NIV-FC2734EE217CEB86 | BASKET | CONTEMPORARY | PRONG | GOLD | KT_18 | 1ct | imgs:3
[22:11:48][PEAR] [1008] ? NIV-2C2E50368B01A038 | BASKET | CONTEMPORARY | PRONG | PLATINUM | PT_950 | 1ct | imgs:3
[22:11:54][PEAR] [1009] ? NIV-6AAB1F7FC5368682 | BASKET | CONTEMPORARY | PRONG | GOLD | KT_10 | 1ct | imgs:3
[22:11:57][PEAR] [1010] ? NIV-6AAB1F7FC5368682 | BASKET | CONTEMPORARY | PRONG | GOLD | KT_10 | 1ct | imgs:3
[22:12:01][PEAR]   Re-seleccionando PEAR (intento 1)
[22:12:01][PEAR]   Boton no encontrado ? recargando configurador...
[22:12:17][PEAR]   Re-seleccionando PEAR (intento 2)
[22:12:20][PEAR] [1011] ? NIV-D5C0F85B48F232CE | BASKET | CONTEMPORARY | PRONG | GOLD | KT_10 | 1ct | imgs:3
[22:12:23][PEAR] [1012] ? NIV-F90800C7F479B426 | BASKET | CONTEMPORARY | PRONG | GOLD | KT_10 | 1ct | imgs:3
[22:12:26][PEAR] [1013] ? NIV-E9C5A8C18A98309E | BASKET | CONTEMPORARY | PRONG | GOLD | KT_10 | 1ct | imgs:3
[22:12:29][PEAR] [1014] ? NIV-CA91397730759503 | BASKET | CONTEMPORARY | PRONG | GOLD | KT_10 | 1ct | imgs:3
[22:12:32][PEAR] [1015] ? NIV-201813E54AAD676E | BASKET | CONTEMPORARY | PRONG | GOLD | KT_10 | 1ct | imgs:3
[22:12:35][PEAR] [1016] ? NIV-560ECFDD33105F86 | BASKET | CONTEMPORARY | PRONG | GOLD | KT_10 | 1ct | imgs:3
[22:12:38][PEAR] [1017] ? NIV-F0569425E60661CF | BASKET | CONTEMPORARY | PRONG | GOLD | KT_10 | 1ct | imgs:3
[22:12:41][PEAR] [1018] ? NIV-638B37285FE6198E | BASKET | CONTEMPORARY | PRONG | GOLD | KT_14 | 1ct | imgs:3
[22:12:44][PEAR] [1019] ? NIV-1815078B47B84782 | BASKET | CONTEMPORARY | PRONG | GOLD | KT_14 | 1ct | imgs:3
[22:12:47][PEAR] [1020] ? NIV-AC6B232A224D37FA | BASKET | CONTEMPORARY | PRONG | GOLD | KT_14 | 1ct | imgs:3
[22:12:50][PEAR] [1021] ? NIV-4FF03D3E2E598AFF | BASKET | CONTEMPORARY | PRONG | GOLD | KT_14 | 1ct | imgs:3
[22:12:53][PEAR] [1022] ? NIV-D57EB831DCE834E8 | BASKET | CONTEMPORARY | PRONG | GOLD | KT_14 | 1ct | imgs:3
[22:12:56][PEAR] [1023] ? NIV-A1E303B7255D44D5 | BASKET | CONTEMPORARY | PRONG | GOLD | KT_14 | 1ct | imgs:3
[22:12:59][PEAR] [1024] ? NIV-99D5B34079E5026A | BASKET | CONTEMPORARY | PRONG | GOLD | KT_14 | 1ct | imgs:3
[22:13:02][PEAR] [1025] ? NIV-C6DC6C40DFD35C78 | BASKET | CONTEMPORARY | PRONG | GOLD | KT_14 | 1ct | imgs:3
[22:13:05][PEAR] [1026] ? NIV-2C26E2EFE9A956DF | BASKET | CONTEMPORARY | PRONG | GOLD | KT_14 | 1ct | imgs:3
[22:13:08][PEAR] [1027] ? NIV-AABD95B950B34DF1 | BASKET | CONTEMPORARY | PRONG | GOLD | KT_18 | 1ct | imgs:3
[22:13:11][PEAR] [1028] ? NIV-89E0F50132F79B32 | BASKET | CONTEMPORARY | PRONG | GOLD | KT_18 | 1ct | imgs:3
[22:13:14][PEAR] [1029] ? NIV-C175F6C1D9DECDAB | BASKET | CONTEMPORARY | PRONG | GOLD | KT_18 | 1ct | imgs:3
[22:13:17][PEAR] [1030] ? NIV-3856082831231231 | BASKET | CONTEMPORARY | PRONG | GOLD | KT_18 | 1ct | imgs:3
[22:13:20][PEAR] [1031] ? NIV-FE6898A5C1792CC1 | BASKET | CONTEMPORARY | PRONG | GOLD | KT_18 | 1ct | imgs:3
[22:13:23][PEAR] [1032] ? NIV-87E99FDAFFF17281 | BASKET | CONTEMPORARY | PRONG | GOLD | KT_18 | 1ct | imgs:3
[22:13:26][PEAR] [1033] ? NIV-853B5380A5203887 | BASKET | CONTEMPORARY | PRONG | GOLD | KT_18 | 1ct | imgs:3
[22:13:29][PEAR] [1034] ? NIV-79B08F9F0CE078D3 | BASKET | CONTEMPORARY | PRONG | GOLD | KT_18 | 1ct | imgs:3
[22:13:32][PEAR] [1035] ? NIV-2B5A34D8091A2722 | BASKET | CONTEMPORARY | PRONG | GOLD | KT_18 | 1ct | imgs:3
[22:13:35][PEAR] [1036] ? NIV-3580C704CD6D41A8 | BASKET | CONTEMPORARY | PRONG | PLATINUM | PT_950 | 1ct | imgs:3
[22:13:41][PEAR] [1037] ? NIV-4D4E2285F7377E17 | BASKET | CONTEMPORARY | BEAD | GOLD | KT_10 | 1ct | imgs:3
[22:13:44][PEAR] [1038] ? NIV-4D4E2285F7377E17 | BASKET | CONTEMPORARY | BEAD | GOLD | KT_10 | 1ct | imgs:3
[22:13:47][PEAR] [1039] ? NIV-4D4E2285F7377E17 | BASKET | CONTEMPORARY | BEAD | GOLD | KT_10 | 1ct | imgs:3
[22:13:50][PEAR] [1040] ? NIV-EFAC0C7F8740A887 | BASKET | CONTEMPORARY | BEAD | GOLD | KT_10 | 1ct | imgs:3
[22:13:53][PEAR] [1041] ? NIV-EFAC0C7F8740A887 | BASKET | CONTEMPORARY | BEAD | GOLD | KT_10 | 1ct | imgs:3
[22:13:59][PEAR] [1042] ? NIV-EFAC0C7F8740A887 | BASKET | CONTEMPORARY | BEAD | GOLD | KT_10 | 1ct | imgs:3
[22:14:02][PEAR] [1043] ? NIV-1741FA8C01F2D72B | BASKET | CONTEMPORARY | BEAD | GOLD | KT_10 | 1ct | imgs:3
[22:14:05][PEAR] [1044] ? NIV-1741FA8C01F2D72B | BASKET | CONTEMPORARY | BEAD | GOLD | KT_10 | 1ct | imgs:3
[22:14:11][PEAR] [1045] ? NIV-1741FA8C01F2D72B | BASKET | CONTEMPORARY | BEAD | GOLD | KT_10 | 1ct | imgs:3
[22:14:14][PEAR] [1046] ? NIV-E08CF2D6EC5E6466 | BASKET | CONTEMPORARY | BEAD | GOLD | KT_14 | 1ct | imgs:3
[22:14:17][PEAR] [1047] ? NIV-E08CF2D6EC5E6466 | BASKET | CONTEMPORARY | BEAD | GOLD | KT_14 | 1ct | imgs:3
[22:14:20][PEAR] [1048] ? NIV-E08CF2D6EC5E6466 | BASKET | CONTEMPORARY | BEAD | GOLD | KT_14 | 1ct | imgs:3
[22:14:23][PEAR] [1049] ? NIV-9F75ECE3B8D99600 | BASKET | CONTEMPORARY | BEAD | GOLD | KT_14 | 1ct | imgs:3
[22:14:26][PEAR] [1050] ? NIV-9F75ECE3B8D99600 | BASKET | CONTEMPORARY | BEAD | GOLD | KT_14 | 1ct | imgs:3
[22:14:29][PEAR] [1051] ? NIV-9F75ECE3B8D99600 | BASKET | CONTEMPORARY | BEAD | GOLD | KT_14 | 1ct | imgs:3
[22:14:32][PEAR] [1052] ? NIV-FAD0EECB8EFEF170 | BASKET | CONTEMPORARY | BEAD | GOLD | KT_14 | 1ct | imgs:3
[22:14:35][PEAR] [1053] ? NIV-FAD0EECB8EFEF170 | BASKET | CONTEMPORARY | BEAD | GOLD | KT_14 | 1ct | imgs:3
[22:14:38][PEAR] [1054] ? NIV-FAD0EECB8EFEF170 | BASKET | CONTEMPORARY | BEAD | GOLD | KT_14 | 1ct | imgs:3
[22:14:44][PEAR] [1055] ? NIV-0340FB5A708B621B | BASKET | CONTEMPORARY | BEAD | GOLD | KT_18 | 1ct | imgs:3
[22:14:47][PEAR] [1056] ? NIV-0340FB5A708B621B | BASKET | CONTEMPORARY | BEAD | GOLD | KT_18 | 1ct | imgs:3
[22:14:50][PEAR] [1057] ? NIV-0340FB5A708B621B | BASKET | CONTEMPORARY | BEAD | GOLD | KT_18 | 1ct | imgs:3
[22:14:53][PEAR] [1058] ? NIV-00DC743A48B199C7 | BASKET | CONTEMPORARY | BEAD | GOLD | KT_18 | 1ct | imgs:3
[22:14:56][PEAR] [1059] ? NIV-00DC743A48B199C7 | BASKET | CONTEMPORARY | BEAD | GOLD | KT_18 | 1ct | imgs:3
[22:15:02][PEAR] [1060] ? NIV-00DC743A48B199C7 | BASKET | CONTEMPORARY | BEAD | GOLD | KT_18 | 1ct | imgs:3
[22:15:05][PEAR] [1061] ? NIV-C45640AB50970818 | BASKET | CONTEMPORARY | BEAD | GOLD | KT_18 | 1ct | imgs:3
[22:15:08][PEAR] [1062] ? NIV-C45640AB50970818 | BASKET | CONTEMPORARY | BEAD | GOLD | KT_18 | 1ct | imgs:3
[22:15:11][PEAR] [1063] ? NIV-C45640AB50970818 | BASKET | CONTEMPORARY | BEAD | GOLD | KT_18 | 1ct | imgs:3
[22:15:14][PEAR] [1064] ? NIV-8C8D98F6E3CDEFF1 | BASKET | CONTEMPORARY | BEAD | PLATINUM | PT_950 | 1ct | imgs:3
[22:15:17][PEAR] [1065] ? NIV-8C4C3428845B12DB | BASKET | CONTEMPORARY | BEAD | GOLD | KT_10 | 1ct | imgs:3
[22:15:23][PEAR] [1066] ? NIV-8C4C3428845B12DB | BASKET | CONTEMPORARY | BEAD | GOLD | KT_10 | 1ct | imgs:3
[22:15:26][PEAR] [1067] ? NIV-8C4C3428845B12DB | BASKET | CONTEMPORARY | BEAD | GOLD | KT_10 | 1ct | imgs:3
[22:15:29][PEAR] [1068] ? NIV-12DB08FA42B9F941 | BASKET | CONTEMPORARY | BEAD | GOLD | KT_10 | 1ct | imgs:3
[22:15:32][PEAR] [1069] ? NIV-12DB08FA42B9F941 | BASKET | CONTEMPORARY | BEAD | GOLD | KT_10 | 1ct | imgs:3
[22:15:35][PEAR] [1070] ? NIV-12DB08FA42B9F941 | BASKET | CONTEMPORARY | BEAD | GOLD | KT_10 | 1ct | imgs:3
[22:15:38][PEAR] [1071] ? NIV-476E9FA874C9F77D | BASKET | CONTEMPORARY | BEAD | GOLD | KT_10 | 1ct | imgs:3
[22:15:41][PEAR] [1072] ? NIV-476E9FA874C9F77D | BASKET | CONTEMPORARY | BEAD | GOLD | KT_10 | 1ct | imgs:3
[22:15:47][PEAR] [1073] ? NIV-476E9FA874C9F77D | BASKET | CONTEMPORARY | BEAD | GOLD | KT_10 | 1ct | imgs:3
[22:15:55][PEAR] [1074] ? NIV-AB007BA3A496F4EC | BASKET | CONTEMPORARY | BEAD | GOLD | KT_14 | 1ct | imgs:2
[22:15:59][PEAR] [1075] ? NIV-AB007BA3A496F4EC | BASKET | CONTEMPORARY | BEAD | GOLD | KT_14 | 1ct | imgs:3
[22:16:05][PEAR] [1076] ? NIV-AB007BA3A496F4EC | BASKET | CONTEMPORARY | BEAD | GOLD | KT_14 | 1ct | imgs:3
[22:16:08][PEAR] [1077] ? NIV-B2CDEA342850A7DD | BASKET | CONTEMPORARY | BEAD | GOLD | KT_14 | 1ct | imgs:3
[22:16:11][PEAR] [1078] ? NIV-B2CDEA342850A7DD | BASKET | CONTEMPORARY | BEAD | GOLD | KT_14 | 1ct | imgs:3
[22:16:17][PEAR] [1079] ? NIV-B2CDEA342850A7DD | BASKET | CONTEMPORARY | BEAD | GOLD | KT_14 | 1ct | imgs:3
[22:16:20][PEAR] [1080] ? NIV-4C1947C60EAF501B | BASKET | CONTEMPORARY | BEAD | GOLD | KT_14 | 1ct | imgs:3
[22:16:26][PEAR] [1081] ? NIV-4C1947C60EAF501B | BASKET | CONTEMPORARY | BEAD | GOLD | KT_14 | 1ct | imgs:3
[22:16:29][PEAR] [1082] ? NIV-4C1947C60EAF501B | BASKET | CONTEMPORARY | BEAD | GOLD | KT_14 | 1ct | imgs:3
[22:16:35][PEAR] [1083] ? NIV-826A5C83EA627AB1 | BASKET | CONTEMPORARY | BEAD | GOLD | KT_18 | 1ct | imgs:3
[22:16:38][PEAR] [1084] ? NIV-826A5C83EA627AB1 | BASKET | CONTEMPORARY | BEAD | GOLD | KT_18 | 1ct | imgs:3
[22:16:41][PEAR] [1085] ? NIV-826A5C83EA627AB1 | BASKET | CONTEMPORARY | BEAD | GOLD | KT_18 | 1ct | imgs:3
[22:16:46][PEAR] [1086] ? NIV-678E10DF233D0517 | BASKET | CONTEMPORARY | BEAD | GOLD | KT_18 | 1ct | imgs:1
[22:16:50][PEAR] [1087] ? NIV-678E10DF233D0517 | BASKET | CONTEMPORARY | BEAD | GOLD | KT_18 | 1ct | imgs:3
[22:16:56][PEAR] [1088] ? NIV-678E10DF233D0517 | BASKET | CONTEMPORARY | BEAD | GOLD | KT_18 | 1ct | imgs:3
[22:16:59][PEAR] [1089] ? NIV-4F0A58E8445B4B55 | BASKET | CONTEMPORARY | BEAD | GOLD | KT_18 | 1ct | imgs:3
[22:17:02][PEAR] [1090] ? NIV-4F0A58E8445B4B55 | BASKET | CONTEMPORARY | BEAD | GOLD | KT_18 | 1ct | imgs:3
[22:17:08][PEAR] [1091] ? NIV-4F0A58E8445B4B55 | BASKET | CONTEMPORARY | BEAD | GOLD | KT_18 | 1ct | imgs:3
[22:17:11][PEAR] [1092] ? NIV-2E094D48ABC90E76 | BASKET | CONTEMPORARY | BEAD | PLATINUM | PT_950 | 1ct | imgs:3
[22:17:17][PEAR] [1093] ? NIV-1D72BAA052996CC4 | BASKET | CONTEMPORARY | BEAD | GOLD | KT_10 | 1ct | imgs:3
[22:17:20][PEAR] [1094] ? NIV-1D72BAA052996CC4 | BASKET | CONTEMPORARY | BEAD | GOLD | KT_10 | 1ct | imgs:3
[22:17:26][PEAR] [1095] ? NIV-1D72BAA052996CC4 | BASKET | CONTEMPORARY | BEAD | GOLD | KT_10 | 1ct | imgs:3
[22:17:29][PEAR] [1096] ? NIV-C14436DF0E66BA59 | BASKET | CONTEMPORARY | BEAD | GOLD | KT_10 | 1ct | imgs:3
[22:17:32][PEAR] [1097] ? NIV-C14436DF0E66BA59 | BASKET | CONTEMPORARY | BEAD | GOLD | KT_10 | 1ct | imgs:3
[22:17:38][PEAR] [1098] ? NIV-C14436DF0E66BA59 | BASKET | CONTEMPORARY | BEAD | GOLD | KT_10 | 1ct | imgs:3
[22:17:41][PEAR] [1099] ? NIV-F0904DE438B8852A | BASKET | CONTEMPORARY | BEAD | GOLD | KT_10 | 1ct | imgs:3
[22:17:44][PEAR] [1100] ? NIV-F0904DE438B8852A | BASKET | CONTEMPORARY | BEAD | GOLD | KT_10 | 1ct | imgs:3
[22:17:50][PEAR] [1101] ? NIV-F0904DE438B8852A | BASKET | CONTEMPORARY | BEAD | GOLD | KT_10 | 1ct | imgs:3
[22:17:53][PEAR] [1102] ? NIV-69054F7EDF401A94 | BASKET | CONTEMPORARY | BEAD | GOLD | KT_14 | 1ct | imgs:3
[22:17:57][PEAR] [1103] ? NIV-69054F7EDF401A94 | BASKET | CONTEMPORARY | BEAD | GOLD | KT_14 | 1ct | imgs:3
[22:18:02][PEAR] [1104] ? NIV-69054F7EDF401A94 | BASKET | CONTEMPORARY | BEAD | GOLD | KT_14 | 1ct | imgs:3
[22:18:05][PEAR] [1105] ? NIV-8D9905213AAEBB9D | BASKET | CONTEMPORARY | BEAD | GOLD | KT_14 | 1ct | imgs:3
[22:18:11][PEAR] [1106] ? NIV-8D9905213AAEBB9D | BASKET | CONTEMPORARY | BEAD | GOLD | KT_14 | 1ct | imgs:3
[22:18:14][PEAR] [1107] ? NIV-8D9905213AAEBB9D | BASKET | CONTEMPORARY | BEAD | GOLD | KT_14 | 1ct | imgs:3
[22:18:17][PEAR] [1108] ? NIV-17572AB15EFAD8F5 | BASKET | CONTEMPORARY | BEAD | GOLD | KT_14 | 1ct | imgs:3
[22:18:20][PEAR] [1109] ? NIV-17572AB15EFAD8F5 | BASKET | CONTEMPORARY | BEAD | GOLD | KT_14 | 1ct | imgs:3
[22:18:26][PEAR] [1110] ? NIV-17572AB15EFAD8F5 | BASKET | CONTEMPORARY | BEAD | GOLD | KT_14 | 1ct | imgs:3
[22:18:29][PEAR] [1111] ? NIV-5165785B424DDC61 | BASKET | CONTEMPORARY | BEAD | GOLD | KT_18 | 1ct | imgs:3
[22:18:32][PEAR] [1112] ? NIV-5165785B424DDC61 | BASKET | CONTEMPORARY | BEAD | GOLD | KT_18 | 1ct | imgs:3
[22:18:38][PEAR] [1113] ? NIV-5165785B424DDC61 | BASKET | CONTEMPORARY | BEAD | GOLD | KT_18 | 1ct | imgs:3
[22:18:41][PEAR] [1114] ? NIV-ED0CDAA69471041D | BASKET | CONTEMPORARY | BEAD | GOLD | KT_18 | 1ct | imgs:3
[22:18:44][PEAR] [1115] ? NIV-ED0CDAA69471041D | BASKET | CONTEMPORARY | BEAD | GOLD | KT_18 | 1ct | imgs:3
[22:18:47][PEAR] [1116] ? NIV-ED0CDAA69471041D | BASKET | CONTEMPORARY | BEAD | GOLD | KT_18 | 1ct | imgs:3
[22:18:50][PEAR] [1117] ? NIV-D7A25E377534E163 | BASKET | CONTEMPORARY | BEAD | GOLD | KT_18 | 1ct | imgs:3
[22:18:53][PEAR] [1118] ? NIV-D7A25E377534E163 | BASKET | CONTEMPORARY | BEAD | GOLD | KT_18 | 1ct | imgs:3
[22:18:56][PEAR] [1119] ? NIV-D7A25E377534E163 | BASKET | CONTEMPORARY | BEAD | GOLD | KT_18 | 1ct | imgs:3
[22:18:59][PEAR] [1120] ? NIV-E48877322E26656C | BASKET | CONTEMPORARY | BEAD | PLATINUM | PT_950 | 1ct | imgs:2
[22:19:05][PEAR] [1121] ? NIV-C5483D867BE5FD88 | BASKET | CONTEMPORARY | BEAD | GOLD | KT_10 | 1ct | imgs:3
[22:19:11][PEAR] [1122] ? NIV-C5483D867BE5FD88 | BASKET | CONTEMPORARY | BEAD | GOLD | KT_10 | 1ct | imgs:3
[22:19:14][PEAR] [1123] ? NIV-C5483D867BE5FD88 | BASKET | CONTEMPORARY | BEAD | GOLD | KT_10 | 1ct | imgs:3
[22:19:17][PEAR] [1124] ? NIV-DE10627A71D6EB7A | BASKET | CONTEMPORARY | BEAD | GOLD | KT_10 | 1ct | imgs:3
[22:19:20][PEAR] [1125] ? NIV-DE10627A71D6EB7A | BASKET | CONTEMPORARY | BEAD | GOLD | KT_10 | 1ct | imgs:3
[22:19:23][PEAR] [1126] ? NIV-DE10627A71D6EB7A | BASKET | CONTEMPORARY | BEAD | GOLD | KT_10 | 1ct | imgs:3
[22:19:26][PEAR] [1127] ? NIV-6CA70A8B54BC0E5F | BASKET | CONTEMPORARY | BEAD | GOLD | KT_10 | 1ct | imgs:3
[22:19:29][PEAR] [1128] ? NIV-6CA70A8B54BC0E5F | BASKET | CONTEMPORARY | BEAD | GOLD | KT_10 | 1ct | imgs:3
[22:19:35][PEAR] [1129] ? NIV-6CA70A8B54BC0E5F | BASKET | CONTEMPORARY | BEAD | GOLD | KT_10 | 1ct | imgs:3
[22:19:38][PEAR] [1130] ? NIV-EAE027D46EC224D9 | BASKET | CONTEMPORARY | BEAD | GOLD | KT_14 | 1ct | imgs:3
[22:19:41][PEAR] [1131] ? NIV-EAE027D46EC224D9 | BASKET | CONTEMPORARY | BEAD | GOLD | KT_14 | 1ct | imgs:3
[22:19:44][PEAR] [1132] ? NIV-EAE027D46EC224D9 | BASKET | CONTEMPORARY | BEAD | GOLD | KT_14 | 1ct | imgs:3
[22:19:47][PEAR] [1133] ? NIV-D39A095232BD53EC | BASKET | CONTEMPORARY | BEAD | GOLD | KT_14 | 1ct | imgs:1
[22:19:53][PEAR] [1134] ? NIV-D39A095232BD53EC | BASKET | CONTEMPORARY | BEAD | GOLD | KT_14 | 1ct | imgs:3
[22:19:59][PEAR] [1135] ? NIV-D39A095232BD53EC | BASKET | CONTEMPORARY | BEAD | GOLD | KT_14 | 1ct | imgs:3
[22:20:02][PEAR] [1136] ? NIV-3CD63820DEC7A913 | BASKET | CONTEMPORARY | BEAD | GOLD | KT_14 | 1ct | imgs:3
[22:20:05][PEAR] [1137] ? NIV-3CD63820DEC7A913 | BASKET | CONTEMPORARY | BEAD | GOLD | KT_14 | 1ct | imgs:3
[22:20:08][PEAR] [1138] ? NIV-3CD63820DEC7A913 | BASKET | CONTEMPORARY | BEAD | GOLD | KT_14 | 1ct | imgs:3
[22:20:11][PEAR] [1139] ? NIV-A595C743029608AE | BASKET | CONTEMPORARY | BEAD | GOLD | KT_18 | 1ct | imgs:3
[22:20:14][PEAR] [1140] ? NIV-A595C743029608AE | BASKET | CONTEMPORARY | BEAD | GOLD | KT_18 | 1ct | imgs:3
[22:20:20][PEAR] [1141] ? NIV-A595C743029608AE | BASKET | CONTEMPORARY | BEAD | GOLD | KT_18 | 1ct | imgs:3
[22:20:23][PEAR] [1142] ? NIV-0062BBC5B50651D6 | BASKET | CONTEMPORARY | BEAD | GOLD | KT_18 | 1ct | imgs:3
[22:20:26][PEAR] [1143] ? NIV-0062BBC5B50651D6 | BASKET | CONTEMPORARY | BEAD | GOLD | KT_18 | 1ct | imgs:3
[22:20:32][PEAR] [1144] ? NIV-0062BBC5B50651D6 | BASKET | CONTEMPORARY | BEAD | GOLD | KT_18 | 1ct | imgs:3
[22:20:35][PEAR] [1145] ? NIV-97ADBE3CB216F801 | BASKET | CONTEMPORARY | BEAD | GOLD | KT_18 | 1ct | imgs:3
[22:20:38][PEAR] [1146] ? NIV-97ADBE3CB216F801 | BASKET | CONTEMPORARY | BEAD | GOLD | KT_18 | 1ct | imgs:3
[22:20:44][PEAR] [1147] ? NIV-97ADBE3CB216F801 | BASKET | CONTEMPORARY | BEAD | GOLD | KT_18 | 1ct | imgs:3
[22:20:47][PEAR] [1148] ? NIV-83AE89D899BC4F4E | BASKET | CONTEMPORARY | BEAD | PLATINUM | PT_950 | 1ct | imgs:3
[22:20:53][PEAR] [1149] ? NIV-C6AC7E9E5826B391 | BASKET | CONTEMPORARY | BEAD | GOLD | KT_10 | 1ct | imgs:3
[22:20:56][PEAR] [1150] ? NIV-C6AC7E9E5826B391 | BASKET | CONTEMPORARY | BEAD | GOLD | KT_10 | 1ct | imgs:3
[22:21:02][PEAR] [1151] ? NIV-C6AC7E9E5826B391 | BASKET | CONTEMPORARY | BEAD | GOLD | KT_10 | 1ct | imgs:3
[22:21:05][PEAR] [1152] ? NIV-C5F58D9582E55F94 | BASKET | CONTEMPORARY | BEAD | GOLD | KT_10 | 1ct | imgs:3
[22:21:08][PEAR] [1153] ? NIV-C5F58D9582E55F94 | BASKET | CONTEMPORARY | BEAD | GOLD | KT_10 | 1ct | imgs:3
[22:21:11][PEAR] [1154] ? NIV-C5F58D9582E55F94 | BASKET | CONTEMPORARY | BEAD | GOLD | KT_10 | 1ct | imgs:3
[22:21:14][PEAR] [1155] ? NIV-BADBA428AE90D5B4 | BASKET | CONTEMPORARY | BEAD | GOLD | KT_10 | 1ct | imgs:3
[22:21:17][PEAR] [1156] ? NIV-BADBA428AE90D5B4 | BASKET | CONTEMPORARY | BEAD | GOLD | KT_10 | 1ct | imgs:3
[22:21:20][PEAR] [1157] ? NIV-BADBA428AE90D5B4 | BASKET | CONTEMPORARY | BEAD | GOLD | KT_10 | 1ct | imgs:3
[22:21:23][PEAR] [1158] ? NIV-B5C91F765D3145CA | BASKET | CONTEMPORARY | BEAD | GOLD | KT_14 | 1ct | imgs:3
[22:21:29][PEAR] [1159] ? NIV-B5C91F765D3145CA | BASKET | CONTEMPORARY | BEAD | GOLD | KT_14 | 1ct | imgs:3
[22:21:32][PEAR] [1160] ? NIV-B5C91F765D3145CA | BASKET | CONTEMPORARY | BEAD | GOLD | KT_14 | 1ct | imgs:3
[22:21:35][PEAR] [1161] ? NIV-4407F4585D3A01CD | BASKET | CONTEMPORARY | BEAD | GOLD | KT_14 | 1ct | imgs:3
[22:21:38][PEAR] [1162] ? NIV-4407F4585D3A01CD | BASKET | CONTEMPORARY | BEAD | GOLD | KT_14 | 1ct | imgs:3
[22:21:44][PEAR] [1163] ? NIV-4407F4585D3A01CD | BASKET | CONTEMPORARY | BEAD | GOLD | KT_14 | 1ct | imgs:3
[22:21:47][PEAR] [1164] ? NIV-3BDBB563B6412125 | BASKET | CONTEMPORARY | BEAD | GOLD | KT_14 | 1ct | imgs:3
[22:21:50][PEAR] [1165] ? NIV-3BDBB563B6412125 | BASKET | CONTEMPORARY | BEAD | GOLD | KT_14 | 1ct | imgs:3
[22:21:56][PEAR] [1166] ? NIV-3BDBB563B6412125 | BASKET | CONTEMPORARY | BEAD | GOLD | KT_14 | 1ct | imgs:3
[22:21:59][PEAR] [1167] ? NIV-2312DA101425EC14 | BASKET | CONTEMPORARY | BEAD | GOLD | KT_18 | 1ct | imgs:3
[22:22:02][PEAR] [1168] ? NIV-2312DA101425EC14 | BASKET | CONTEMPORARY | BEAD | GOLD | KT_18 | 1ct | imgs:3
[22:22:08][PEAR] [1169] ? NIV-2312DA101425EC14 | BASKET | CONTEMPORARY | BEAD | GOLD | KT_18 | 1ct | imgs:3
[22:22:11][PEAR] [1170] ? NIV-9DBF12FE941788FE | BASKET | CONTEMPORARY | BEAD | GOLD | KT_18 | 1ct | imgs:3
[22:22:14][PEAR] [1171] ? NIV-9DBF12FE941788FE | BASKET | CONTEMPORARY | BEAD | GOLD | KT_18 | 1ct | imgs:3
[22:22:17][PEAR] [1172] ? NIV-9DBF12FE941788FE | BASKET | CONTEMPORARY | BEAD | GOLD | KT_18 | 1ct | imgs:3
[22:22:20][PEAR] [1173] ? NIV-6682C47AB405BE81 | BASKET | CONTEMPORARY | BEAD | GOLD | KT_18 | 1ct | imgs:3
[22:22:23][PEAR] [1174] ? NIV-6682C47AB405BE81 | BASKET | CONTEMPORARY | BEAD | GOLD | KT_18 | 1ct | imgs:3
[22:22:26][PEAR] [1175] ? NIV-6682C47AB405BE81 | BASKET | CONTEMPORARY | BEAD | GOLD | KT_18 | 1ct | imgs:3
[22:22:29][PEAR] [1176] ? NIV-803A228ABD4CDE22 | BASKET | CONTEMPORARY | BEAD | PLATINUM | PT_950 | 1ct | imgs:3
[22:22:32][PEAR] [1177] ? NIV-7DB4B074AC30B149 | BASKET | CONTEMPORARY | BEAD | GOLD | KT_10 | 1ct | imgs:3
[22:22:35][PEAR] [1178] ? NIV-7DB4B074AC30B149 | BASKET | CONTEMPORARY | BEAD | GOLD | KT_10 | 1ct | imgs:3
[22:22:41][PEAR] [1179] ? NIV-7DB4B074AC30B149 | BASKET | CONTEMPORARY | BEAD | GOLD | KT_10 | 1ct | imgs:3
[22:22:44][PEAR] [1180] ? NIV-09397DCFD250888E | BASKET | CONTEMPORARY | BEAD | GOLD | KT_10 | 1ct | imgs:3
[22:22:47][PEAR] [1181] ? NIV-09397DCFD250888E | BASKET | CONTEMPORARY | BEAD | GOLD | KT_10 | 1ct | imgs:3
[22:22:53][PEAR] [1182] ? NIV-09397DCFD250888E | BASKET | CONTEMPORARY | BEAD | GOLD | KT_10 | 1ct | imgs:3
[22:22:56][PEAR] [1183] ? NIV-60EE3281109A50A6 | BASKET | CONTEMPORARY | BEAD | GOLD | KT_10 | 1ct | imgs:3
[22:22:59][PEAR] [1184] ? NIV-60EE3281109A50A6 | BASKET | CONTEMPORARY | BEAD | GOLD | KT_10 | 1ct | imgs:3
[22:23:02][PEAR] [1185] ? NIV-60EE3281109A50A6 | BASKET | CONTEMPORARY | BEAD | GOLD | KT_10 | 1ct | imgs:3
[22:23:05][PEAR] [1186] ? NIV-670E7C87617EF791 | BASKET | CONTEMPORARY | BEAD | GOLD | KT_14 | 1ct | imgs:3
[22:23:11][PEAR] [1187] ? NIV-670E7C87617EF791 | BASKET | CONTEMPORARY | BEAD | GOLD | KT_14 | 1ct | imgs:3
[22:23:14][PEAR] [1188] ? NIV-670E7C87617EF791 | BASKET | CONTEMPORARY | BEAD | GOLD | KT_14 | 1ct | imgs:3
[22:23:17][PEAR] [1189] ? NIV-1B7489B31E2B0FC9 | BASKET | CONTEMPORARY | BEAD | GOLD | KT_14 | 1ct | imgs:3
[22:23:20][PEAR] [1190] ? NIV-1B7489B31E2B0FC9 | BASKET | CONTEMPORARY | BEAD | GOLD | KT_14 | 1ct | imgs:3
[22:23:23][PEAR] [1191] ? NIV-1B7489B31E2B0FC9 | BASKET | CONTEMPORARY | BEAD | GOLD | KT_14 | 1ct | imgs:3
[22:23:26][PEAR] [1192] ? NIV-649BEC595A37D22E | BASKET | CONTEMPORARY | BEAD | GOLD | KT_14 | 1ct | imgs:3
[22:23:29][PEAR] [1193] ? NIV-649BEC595A37D22E | BASKET | CONTEMPORARY | BEAD | GOLD | KT_14 | 1ct | imgs:3
[22:23:32][PEAR] [1194] ? NIV-649BEC595A37D22E | BASKET | CONTEMPORARY | BEAD | GOLD | KT_14 | 1ct | imgs:3
[22:23:35][PEAR] [1195] ? NIV-0848361771818297 | BASKET | CONTEMPORARY | BEAD | GOLD | KT_18 | 1ct | imgs:3
[22:23:38][PEAR] [1196] ? NIV-0848361771818297 | BASKET | CONTEMPORARY | BEAD | GOLD | KT_18 | 1ct | imgs:3
[22:23:41][PEAR] [1197] ? NIV-0848361771818297 | BASKET | CONTEMPORARY | BEAD | GOLD | KT_18 | 1ct | imgs:3
[22:23:44][PEAR] [1198] ? NIV-F6E024013168BF33 | BASKET | CONTEMPORARY | BEAD | GOLD | KT_18 | 1ct | imgs:3
[22:23:47][PEAR] [1199] ? NIV-F6E024013168BF33 | BASKET | CONTEMPORARY | BEAD | GOLD | KT_18 | 1ct | imgs:3
[22:23:50][PEAR] [1200] ? NIV-F6E024013168BF33 | BASKET | CONTEMPORARY | BEAD | GOLD | KT_18 | 1ct | imgs:3
[22:23:54][PEAR] [1201] ? NIV-0C94A673FEB83E0B | BASKET | CONTEMPORARY | BEAD | GOLD | KT_18 | 1ct | imgs:1
[22:23:59][PEAR] [1202] ? NIV-0C94A673FEB83E0B | BASKET | CONTEMPORARY | BEAD | GOLD | KT_18 | 1ct | imgs:3
[22:24:02][PEAR] [1203] ? NIV-0C94A673FEB83E0B | BASKET | CONTEMPORARY | BEAD | GOLD | KT_18 | 1ct | imgs:3
[22:24:05][PEAR] [1204] ? NIV-FB605E1AAD007FF1 | BASKET | CONTEMPORARY | BEAD | PLATINUM | PT_950 | 1ct | imgs:3
[22:24:14][PEAR] [1205] ? NIV-38F4D20E67356F2F | BASKET | CONTEMPORARY | BEAD | GOLD | KT_10 | 1ct | imgs:3
[22:24:17][PEAR] [1206] ? NIV-38F4D20E67356F2F | BASKET | CONTEMPORARY | BEAD | GOLD | KT_10 | 1ct | imgs:3
[22:24:23][PEAR] [1207] ? NIV-38F4D20E67356F2F | BASKET | CONTEMPORARY | BEAD | GOLD | KT_10 | 1ct | imgs:3
[22:24:26][PEAR] [1208] ? NIV-1B986D32B7BF0175 | BASKET | CONTEMPORARY | BEAD | GOLD | KT_10 | 1ct | imgs:3
[22:24:29][PEAR] [1209] ? NIV-1B986D32B7BF0175 | BASKET | CONTEMPORARY | BEAD | GOLD | KT_10 | 1ct | imgs:3
[22:24:35][PEAR] [1210] ? NIV-1B986D32B7BF0175 | BASKET | CONTEMPORARY | BEAD | GOLD | KT_10 | 1ct | imgs:3
[22:24:38][PEAR] [1211] ? NIV-E8381173326692D9 | BASKET | CONTEMPORARY | BEAD | GOLD | KT_10 | 1ct | imgs:3
[22:24:41][PEAR] [1212] ? NIV-E8381173326692D9 | BASKET | CONTEMPORARY | BEAD | GOLD | KT_10 | 1ct | imgs:3
[22:24:44][PEAR] [1213] ? NIV-E8381173326692D9 | BASKET | CONTEMPORARY | BEAD | GOLD | KT_10 | 1ct | imgs:3
[22:24:50][PEAR] [1214] ? NIV-C48C5619618D4919 | BASKET | CONTEMPORARY | BEAD | GOLD | KT_14 | 1ct | imgs:3
[22:24:53][PEAR] [1215] ? NIV-C48C5619618D4919 | BASKET | CONTEMPORARY | BEAD | GOLD | KT_14 | 1ct | imgs:3
[22:24:59][PEAR] [1216] ? NIV-C48C5619618D4919 | BASKET | CONTEMPORARY | BEAD | GOLD | KT_14 | 1ct | imgs:3
[22:25:02][PEAR] [1217] ? NIV-CFE78CCA3E3A95C3 | BASKET | CONTEMPORARY | BEAD | GOLD | KT_14 | 1ct | imgs:3
[22:25:05][PEAR] [1218] ? NIV-CFE78CCA3E3A95C3 | BASKET | CONTEMPORARY | BEAD | GOLD | KT_14 | 1ct | imgs:3
[22:25:08][PEAR] [1219] ? NIV-CFE78CCA3E3A95C3 | BASKET | CONTEMPORARY | BEAD | GOLD | KT_14 | 1ct | imgs:3
[22:25:11][PEAR] [1220] ? NIV-97962A1F6DF145AF | BASKET | CONTEMPORARY | BEAD | GOLD | KT_14 | 1ct | imgs:3
[22:25:14][PEAR] [1221] ? NIV-97962A1F6DF145AF | BASKET | CONTEMPORARY | BEAD | GOLD | KT_14 | 1ct | imgs:3
[22:25:17][PEAR] [1222] ? NIV-97962A1F6DF145AF | BASKET | CONTEMPORARY | BEAD | GOLD | KT_14 | 1ct | imgs:3
[22:25:23][PEAR] [1223] ? NIV-FDBBAFE04B1DFF55 | BASKET | CONTEMPORARY | BEAD | GOLD | KT_18 | 1ct | imgs:3
[22:25:26][PEAR] [1224] ? NIV-FDBBAFE04B1DFF55 | BASKET | CONTEMPORARY | BEAD | GOLD | KT_18 | 1ct | imgs:3
[22:25:32][PEAR] [1225] ? NIV-FDBBAFE04B1DFF55 | BASKET | CONTEMPORARY | BEAD | GOLD | KT_18 | 1ct | imgs:3
[22:25:35][PEAR] [1226] ? NIV-BFB92DCF5919173A | BASKET | CONTEMPORARY | BEAD | GOLD | KT_18 | 1ct | imgs:3
[22:25:38][PEAR] [1227] ? NIV-BFB92DCF5919173A | BASKET | CONTEMPORARY | BEAD | GOLD | KT_18 | 1ct | imgs:3
[22:25:41][PEAR] [1228] ? NIV-BFB92DCF5919173A | BASKET | CONTEMPORARY | BEAD | GOLD | KT_18 | 1ct | imgs:3
[22:25:44][PEAR] [1229] ? NIV-96CF425490D48E6D | BASKET | CONTEMPORARY | BEAD | GOLD | KT_18 | 1ct | imgs:3
[22:25:47][PEAR] [1230] ? NIV-96CF425490D48E6D | BASKET | CONTEMPORARY | BEAD | GOLD | KT_18 | 1ct | imgs:3
[22:25:53][PEAR] [1231] ? NIV-96CF425490D48E6D | BASKET | CONTEMPORARY | BEAD | GOLD | KT_18 | 1ct | imgs:3
[22:25:56][PEAR] [1232] ? NIV-EF64DD162B7AC0D2 | BASKET | CONTEMPORARY | BEAD | PLATINUM | PT_950 | 1ct | imgs:3
[22:26:02][PEAR] [1233] ? NIV-0E1AB0280AC9E0B2 | BASKET | CONTEMPORARY | BEAD | GOLD | KT_10 | 1ct | imgs:3
[22:26:05][PEAR] [1234] ? NIV-0E1AB0280AC9E0B2 | BASKET | CONTEMPORARY | BEAD | GOLD | KT_10 | 1ct | imgs:3
[22:26:08][PEAR] [1235] ? NIV-0E1AB0280AC9E0B2 | BASKET | CONTEMPORARY | BEAD | GOLD | KT_10 | 1ct | imgs:3
[22:26:19][PEAR] [1236] ??  NIV-0E1AB0280AC9E0B2 | BASKET | CONTEMPORARY | BEAD | GOLD | KT_10 | 1ct | imgs:0
[22:26:23][PEAR] [1237] ? NIV-747CCFFA57CF07E9 | BASKET | CONTEMPORARY | BEAD | GOLD | KT_10 | 1ct | imgs:3
[22:26:26][PEAR] [1238] ? NIV-747CCFFA57CF07E9 | BASKET | CONTEMPORARY | BEAD | GOLD | KT_10 | 1ct | imgs:3
[22:26:35][PEAR] [1239] ? NIV-D8B335E7031B7B33 | BASKET | CONTEMPORARY | BEAD | GOLD | KT_10 | 1ct | imgs:1
[22:26:38][PEAR] [1240] ? NIV-D8B335E7031B7B33 | BASKET | CONTEMPORARY | BEAD | GOLD | KT_10 | 1ct | imgs:3
[22:26:44][PEAR] [1241] ? NIV-D8B335E7031B7B33 | BASKET | CONTEMPORARY | BEAD | GOLD | KT_10 | 1ct | imgs:3
[22:26:47][PEAR] [1242] ? NIV-C793C0F1A1BC65C7 | BASKET | CONTEMPORARY | BEAD | GOLD | KT_14 | 1ct | imgs:3
[22:26:50][PEAR] [1243] ? NIV-C793C0F1A1BC65C7 | BASKET | CONTEMPORARY | BEAD | GOLD | KT_14 | 1ct | imgs:3
[22:26:53][PEAR] [1244] ? NIV-C793C0F1A1BC65C7 | BASKET | CONTEMPORARY | BEAD | GOLD | KT_14 | 1ct | imgs:3
[22:27:03][PEAR] [1245] ? NIV-BBEC16208E5E571B | BASKET | CONTEMPORARY | BEAD | GOLD | KT_14 | 1ct | imgs:1
[22:27:08][PEAR] [1246] ? NIV-BBEC16208E5E571B | BASKET | CONTEMPORARY | BEAD | GOLD | KT_14 | 1ct | imgs:3
[22:27:11][PEAR] [1247] ? NIV-BBEC16208E5E571B | BASKET | CONTEMPORARY | BEAD | GOLD | KT_14 | 1ct | imgs:3
[22:27:14][PEAR] [1248] ? NIV-9503AB80D82655C2 | BASKET | CONTEMPORARY | BEAD | GOLD | KT_14 | 1ct | imgs:3
[22:27:17][PEAR] [1249] ? NIV-9503AB80D82655C2 | BASKET | CONTEMPORARY | BEAD | GOLD | KT_14 | 1ct | imgs:3
[22:27:20][PEAR] [1250] ? NIV-9503AB80D82655C2 | BASKET | CONTEMPORARY | BEAD | GOLD | KT_14 | 1ct | imgs:3
[22:27:26][PEAR] [1251] ? NIV-831476F93BDD4971 | BASKET | CONTEMPORARY | BEAD | GOLD | KT_18 | 1ct | imgs:3
[22:27:29][PEAR] [1252] ? NIV-831476F93BDD4971 | BASKET | CONTEMPORARY | BEAD | GOLD | KT_18 | 1ct | imgs:3
[22:27:32][PEAR] [1253] ? NIV-831476F93BDD4971 | BASKET | CONTEMPORARY | BEAD | GOLD | KT_18 | 1ct | imgs:3
[22:27:35][PEAR] [1254] ? NIV-DE2348D25A1FC047 | BASKET | CONTEMPORARY | BEAD | GOLD | KT_18 | 1ct | imgs:3
[22:27:38][PEAR] [1255] ? NIV-DE2348D25A1FC047 | BASKET | CONTEMPORARY | BEAD | GOLD | KT_18 | 1ct | imgs:3
[22:27:41][PEAR] [1256] ? NIV-DE2348D25A1FC047 | BASKET | CONTEMPORARY | BEAD | GOLD | KT_18 | 1ct | imgs:3
[22:27:44][PEAR] [1257] ? NIV-F7AAB9714B3F9573 | BASKET | CONTEMPORARY | BEAD | GOLD | KT_18 | 1ct | imgs:3
[22:27:47][PEAR] [1258] ? NIV-F7AAB9714B3F9573 | BASKET | CONTEMPORARY | BEAD | GOLD | KT_18 | 1ct | imgs:3
[22:27:50][PEAR] [1259] ? NIV-F7AAB9714B3F9573 | BASKET | CONTEMPORARY | BEAD | GOLD | KT_18 | 1ct | imgs:3
[22:27:53][PEAR] [1260] ? NIV-41C1A2AA6E19D774 | BASKET | CONTEMPORARY | BEAD | PLATINUM | PT_950 | 1ct | imgs:3
[22:27:59][PEAR] [1261] ? NIV-D3F7BE7350E6D2E6 | BASKET | CONTEMPORARY | BEAD | GOLD | KT_10 | 1ct | imgs:3
[22:28:02][PEAR] [1262] ? NIV-D3F7BE7350E6D2E6 | BASKET | CONTEMPORARY | BEAD | GOLD | KT_10 | 1ct | imgs:3
[22:28:05][PEAR] [1263] ? NIV-D3F7BE7350E6D2E6 | BASKET | CONTEMPORARY | BEAD | GOLD | KT_10 | 1ct | imgs:3
[22:28:08][PEAR] [1264] ? NIV-65369F4A216EEDA0 | BASKET | CONTEMPORARY | BEAD | GOLD | KT_10 | 1ct | imgs:3
[22:28:11][PEAR] [1265] ? NIV-65369F4A216EEDA0 | BASKET | CONTEMPORARY | BEAD | GOLD | KT_10 | 1ct | imgs:3
[22:28:17][PEAR] [1266] ? NIV-65369F4A216EEDA0 | BASKET | CONTEMPORARY | BEAD | GOLD | KT_10 | 1ct | imgs:3
[22:28:20][PEAR] [1267] ? NIV-C7867DD33473A73C | BASKET | CONTEMPORARY | BEAD | GOLD | KT_10 | 1ct | imgs:3
[22:28:23][PEAR] [1268] ? NIV-C7867DD33473A73C | BASKET | CONTEMPORARY | BEAD | GOLD | KT_10 | 1ct | imgs:3
[22:28:26][PEAR] [1269] ? NIV-C7867DD33473A73C | BASKET | CONTEMPORARY | BEAD | GOLD | KT_10 | 1ct | imgs:3
[22:28:32][PEAR] [1270] ? NIV-9540B262DA5EF0C7 | BASKET | CONTEMPORARY | BEAD | GOLD | KT_14 | 1ct | imgs:3
[22:28:35][PEAR] [1271] ? NIV-9540B262DA5EF0C7 | BASKET | CONTEMPORARY | BEAD | GOLD | KT_14 | 1ct | imgs:3
[22:28:38][PEAR] [1272] ? NIV-9540B262DA5EF0C7 | BASKET | CONTEMPORARY | BEAD | GOLD | KT_14 | 1ct | imgs:3
[22:28:41][PEAR] [1273] ? NIV-9CE55A2D9B910897 | BASKET | CONTEMPORARY | BEAD | GOLD | KT_14 | 1ct | imgs:3
[22:28:44][PEAR] [1274] ? NIV-9CE55A2D9B910897 | BASKET | CONTEMPORARY | BEAD | GOLD | KT_14 | 1ct | imgs:3
[22:28:50][PEAR] [1275] ? NIV-9CE55A2D9B910897 | BASKET | CONTEMPORARY | BEAD | GOLD | KT_14 | 1ct | imgs:3
[22:28:53][PEAR] [1276] ? NIV-44AAFC6E9DE1F6DB | BASKET | CONTEMPORARY | BEAD | GOLD | KT_14 | 1ct | imgs:3
[22:28:56][PEAR] [1277] ? NIV-44AAFC6E9DE1F6DB | BASKET | CONTEMPORARY | BEAD | GOLD | KT_14 | 1ct | imgs:3
[22:28:59][PEAR] [1278] ? NIV-44AAFC6E9DE1F6DB | BASKET | CONTEMPORARY | BEAD | GOLD | KT_14 | 1ct | imgs:3
[22:29:02][PEAR] [1279] ? NIV-3A461D41156B9B12 | BASKET | CONTEMPORARY | BEAD | GOLD | KT_18 | 1ct | imgs:3
[22:29:05][PEAR] [1280] ? NIV-3A461D41156B9B12 | BASKET | CONTEMPORARY | BEAD | GOLD | KT_18 | 1ct | imgs:3
[22:29:11][PEAR] [1281] ? NIV-3A461D41156B9B12 | BASKET | CONTEMPORARY | BEAD | GOLD | KT_18 | 1ct | imgs:3
[22:29:14][PEAR] [1282] ? NIV-FD0015006D67E5C0 | BASKET | CONTEMPORARY | BEAD | GOLD | KT_18 | 1ct | imgs:3
[22:29:17][PEAR] [1283] ? NIV-FD0015006D67E5C0 | BASKET | CONTEMPORARY | BEAD | GOLD | KT_18 | 1ct | imgs:3
[22:29:23][PEAR] [1284] ? NIV-FD0015006D67E5C0 | BASKET | CONTEMPORARY | BEAD | GOLD | KT_18 | 1ct | imgs:3
[22:29:26][PEAR] [1285] ? NIV-1DB694A9051A8C82 | BASKET | CONTEMPORARY | BEAD | GOLD | KT_18 | 1ct | imgs:3
[22:29:29][PEAR] [1286] ? NIV-1DB694A9051A8C82 | BASKET | CONTEMPORARY | BEAD | GOLD | KT_18 | 1ct | imgs:3
[22:29:32][PEAR] [1287] ? NIV-1DB694A9051A8C82 | BASKET | CONTEMPORARY | BEAD | GOLD | KT_18 | 1ct | imgs:3
[22:29:35][PEAR] [1288] ? NIV-A2F19D00A3285CE3 | BASKET | CONTEMPORARY | BEAD | PLATINUM | PT_950 | 1ct | imgs:3
[22:29:41][PEAR] [1289] ? NIV-25721A6FE4FAF30E | BASKET | CONTEMPORARY | BEAD | GOLD | KT_10 | 1ct | imgs:3
[22:29:47][PEAR] [1290] ? NIV-25721A6FE4FAF30E | BASKET | CONTEMPORARY | BEAD | GOLD | KT_10 | 1ct | imgs:3
[22:29:50][PEAR] [1291] ? NIV-25721A6FE4FAF30E | BASKET | CONTEMPORARY | BEAD | GOLD | KT_10 | 1ct | imgs:3
[22:29:53][PEAR] [1292] ? NIV-462C73BBCB6A3CF1 | BASKET | CONTEMPORARY | BEAD | GOLD | KT_10 | 1ct | imgs:3
[22:29:56][PEAR] [1293] ? NIV-462C73BBCB6A3CF1 | BASKET | CONTEMPORARY | BEAD | GOLD | KT_10 | 1ct | imgs:3
[22:29:59][PEAR] [1294] ? NIV-462C73BBCB6A3CF1 | BASKET | CONTEMPORARY | BEAD | GOLD | KT_10 | 1ct | imgs:3
[22:30:02][PEAR] [1295] ? NIV-4F9BA96F6B63F7F8 | BASKET | CONTEMPORARY | BEAD | GOLD | KT_10 | 1ct | imgs:3
[22:30:05][PEAR] [1296] ? NIV-4F9BA96F6B63F7F8 | BASKET | CONTEMPORARY | BEAD | GOLD | KT_10 | 1ct | imgs:3
[22:30:08][PEAR] [1297] ? NIV-4F9BA96F6B63F7F8 | BASKET | CONTEMPORARY | BEAD | GOLD | KT_10 | 1ct | imgs:3
[22:30:11][PEAR] [1298] ? NIV-12D66645EA8F45FE | BASKET | CONTEMPORARY | BEAD | GOLD | KT_14 | 1ct | imgs:3
[22:30:14][PEAR] [1299] ? NIV-12D66645EA8F45FE | BASKET | CONTEMPORARY | BEAD | GOLD | KT_14 | 1ct | imgs:3
[22:30:20][PEAR] [1300] ? NIV-12D66645EA8F45FE | BASKET | CONTEMPORARY | BEAD | GOLD | KT_14 | 1ct | imgs:3
[22:30:23][PEAR] [1301] ? NIV-2742DDA9A8F58D63 | BASKET | CONTEMPORARY | BEAD | GOLD | KT_14 | 1ct | imgs:3
[22:30:26][PEAR] [1302] ? NIV-2742DDA9A8F58D63 | BASKET | CONTEMPORARY | BEAD | GOLD | KT_14 | 1ct | imgs:3
[22:30:32][PEAR] [1303] ? NIV-2742DDA9A8F58D63 | BASKET | CONTEMPORARY | BEAD | GOLD | KT_14 | 1ct | imgs:3
[22:30:35][PEAR] [1304] ? NIV-BC10F4470CBF9314 | BASKET | CONTEMPORARY | BEAD | GOLD | KT_14 | 1ct | imgs:3
[22:30:38][PEAR] [1305] ? NIV-BC10F4470CBF9314 | BASKET | CONTEMPORARY | BEAD | GOLD | KT_14 | 1ct | imgs:3
[22:30:41][PEAR] [1306] ? NIV-BC10F4470CBF9314 | BASKET | CONTEMPORARY | BEAD | GOLD | KT_14 | 1ct | imgs:3
[22:30:44][PEAR] [1307] ? NIV-7F0ED7A736398D88 | BASKET | CONTEMPORARY | BEAD | GOLD | KT_18 | 1ct | imgs:3
[22:30:47][PEAR] [1308] ? NIV-7F0ED7A736398D88 | BASKET | CONTEMPORARY | BEAD | GOLD | KT_18 | 1ct | imgs:3
[22:30:53][PEAR] [1309] ? NIV-7F0ED7A736398D88 | BASKET | CONTEMPORARY | BEAD | GOLD | KT_18 | 1ct | imgs:3
[22:30:56][PEAR] [1310] ? NIV-FC8548642A572841 | BASKET | CONTEMPORARY | BEAD | GOLD | KT_18 | 1ct | imgs:3
[22:30:59][PEAR] [1311] ? NIV-FC8548642A572841 | BASKET | CONTEMPORARY | BEAD | GOLD | KT_18 | 1ct | imgs:3
[22:31:05][PEAR] [1312] ? NIV-FC8548642A572841 | BASKET | CONTEMPORARY | BEAD | GOLD | KT_18 | 1ct | imgs:3
[22:31:08][PEAR] [1313] ? NIV-A973D53C791FF43D | BASKET | CONTEMPORARY | BEAD | GOLD | KT_18 | 1ct | imgs:3
[22:31:11][PEAR] [1314] ? NIV-A973D53C791FF43D | BASKET | CONTEMPORARY | BEAD | GOLD | KT_18 | 1ct | imgs:3
[22:31:17][PEAR] [1315] ? NIV-A973D53C791FF43D | BASKET | CONTEMPORARY | BEAD | GOLD | KT_18 | 1ct | imgs:3
[22:31:20][PEAR] [1316] ? NIV-7BA51E0C451612DD | BASKET | CONTEMPORARY | BEAD | PLATINUM | PT_950 | 1ct | imgs:3
[22:31:26][PEAR] [1317] ? NIV-4FC01C4D1F13194A | BASKET | CONTEMPORARY | BEAD | GOLD | KT_10 | 1ct | imgs:3
[22:31:29][PEAR] [1318] ? NIV-4FC01C4D1F13194A | BASKET | CONTEMPORARY | BEAD | GOLD | KT_10 | 1ct | imgs:3
[22:31:35][PEAR] [1319] ? NIV-4FC01C4D1F13194A | BASKET | CONTEMPORARY | BEAD | GOLD | KT_10 | 1ct | imgs:3
[22:31:38][PEAR] [1320] ? NIV-DCA8F2B51223C792 | BASKET | CONTEMPORARY | BEAD | GOLD | KT_10 | 1ct | imgs:3
[22:31:41][PEAR] [1321] ? NIV-DCA8F2B51223C792 | BASKET | CONTEMPORARY | BEAD | GOLD | KT_10 | 1ct | imgs:3
[22:31:47][PEAR] [1322] ? NIV-DCA8F2B51223C792 | BASKET | CONTEMPORARY | BEAD | GOLD | KT_10 | 1ct | imgs:3
[22:31:50][PEAR] [1323] ? NIV-4EA6B896870030BF | BASKET | CONTEMPORARY | BEAD | GOLD | KT_10 | 1ct | imgs:3
[22:31:53][PEAR] [1324] ? NIV-4EA6B896870030BF | BASKET | CONTEMPORARY | BEAD | GOLD | KT_10 | 1ct | imgs:3
[22:31:59][PEAR] [1325] ? NIV-4EA6B896870030BF | BASKET | CONTEMPORARY | BEAD | GOLD | KT_10 | 1ct | imgs:3
[22:32:02][PEAR] [1326] ? NIV-E49D26376D9301BC | BASKET | CONTEMPORARY | BEAD | GOLD | KT_14 | 1ct | imgs:3
[22:32:05][PEAR] [1327] ? NIV-E49D26376D9301BC | BASKET | CONTEMPORARY | BEAD | GOLD | KT_14 | 1ct | imgs:3
[22:32:08][PEAR] [1328] ? NIV-E49D26376D9301BC | BASKET | CONTEMPORARY | BEAD | GOLD | KT_14 | 1ct | imgs:3
[22:32:11][PEAR] [1329] ? NIV-1AD01E8A3B518084 | BASKET | CONTEMPORARY | BEAD | GOLD | KT_14 | 1ct | imgs:3
[22:32:14][PEAR] [1330] ? NIV-1AD01E8A3B518084 | BASKET | CONTEMPORARY | BEAD | GOLD | KT_14 | 1ct | imgs:3
[22:32:20][PEAR] [1331] ? NIV-1AD01E8A3B518084 | BASKET | CONTEMPORARY | BEAD | GOLD | KT_14 | 1ct | imgs:3
[22:32:23][PEAR] [1332] ? NIV-0E20A212E3352251 | BASKET | CONTEMPORARY | BEAD | GOLD | KT_14 | 1ct | imgs:3
[22:32:26][PEAR] [1333] ? NIV-0E20A212E3352251 | BASKET | CONTEMPORARY | BEAD | GOLD | KT_14 | 1ct | imgs:3
[22:32:29][PEAR] [1334] ? NIV-0E20A212E3352251 | BASKET | CONTEMPORARY | BEAD | GOLD | KT_14 | 1ct | imgs:3
[22:32:32][PEAR] [1335] ? NIV-A3425DEFAC631146 | BASKET | CONTEMPORARY | BEAD | GOLD | KT_18 | 1ct | imgs:3
[22:32:38][PEAR] [1336] ? NIV-A3425DEFAC631146 | BASKET | CONTEMPORARY | BEAD | GOLD | KT_18 | 1ct | imgs:3
[22:32:41][PEAR] [1337] ? NIV-A3425DEFAC631146 | BASKET | CONTEMPORARY | BEAD | GOLD | KT_18 | 1ct | imgs:3
[22:32:44][PEAR] [1338] ? NIV-DAD516AC5F4C6BCA | BASKET | CONTEMPORARY | BEAD | GOLD | KT_18 | 1ct | imgs:3
[22:32:47][PEAR] [1339] ? NIV-DAD516AC5F4C6BCA | BASKET | CONTEMPORARY | BEAD | GOLD | KT_18 | 1ct | imgs:3
[22:32:50][PEAR] [1340] ? NIV-DAD516AC5F4C6BCA | BASKET | CONTEMPORARY | BEAD | GOLD | KT_18 | 1ct | imgs:3
[22:33:01][PEAR] [1341] ??  NIV-DAD516AC5F4C6BCA | BASKET | CONTEMPORARY | BEAD | GOLD | KT_18 | 1ct | imgs:0
[22:33:05][PEAR] [1342] ? NIV-601A0CE684068BB1 | BASKET | CONTEMPORARY | BEAD | GOLD | KT_18 | 1ct | imgs:3
[22:33:08][PEAR] [1343] ? NIV-601A0CE684068BB1 | BASKET | CONTEMPORARY | BEAD | GOLD | KT_18 | 1ct | imgs:3
[22:33:11][PEAR] [1344] ? NIV-779FBF3C9F386901 | BASKET | CONTEMPORARY | BEAD | PLATINUM | PT_950 | 1ct | imgs:3
[22:33:17][PEAR] [1345] ? NIV-F88058C7188EAE19 | BASKET | CONTEMPORARY | BEAD | GOLD | KT_10 | 1ct | imgs:3
[22:33:20][PEAR] [1346] ? NIV-F88058C7188EAE19 | BASKET | CONTEMPORARY | BEAD | GOLD | KT_10 | 1ct | imgs:3
[22:33:23][PEAR] [1347] ? NIV-F88058C7188EAE19 | BASKET | CONTEMPORARY | BEAD | GOLD | KT_10 | 1ct | imgs:3
[22:33:26][PEAR] [1348] ? NIV-66D054AA63237111 | BASKET | CONTEMPORARY | BEAD | GOLD | KT_10 | 1ct | imgs:3
[22:33:32][PEAR] [1349] ? NIV-66D054AA63237111 | BASKET | CONTEMPORARY | BEAD | GOLD | KT_10 | 1ct | imgs:3
[22:33:35][PEAR] [1350] ? NIV-66D054AA63237111 | BASKET | CONTEMPORARY | BEAD | GOLD | KT_10 | 1ct | imgs:3
[22:33:38][PEAR] [1351] ? NIV-F5BC9045AFE5692E | BASKET | CONTEMPORARY | BEAD | GOLD | KT_10 | 1ct | imgs:3
[22:33:44][PEAR] [1352] ? NIV-F5BC9045AFE5692E | BASKET | CONTEMPORARY | BEAD | GOLD | KT_10 | 1ct | imgs:3
[22:33:47][PEAR] [1353] ? NIV-F5BC9045AFE5692E | BASKET | CONTEMPORARY | BEAD | GOLD | KT_10 | 1ct | imgs:3
[22:33:53][PEAR] [1354] ? NIV-63B4201CF413D980 | BASKET | CONTEMPORARY | BEAD | GOLD | KT_14 | 1ct | imgs:3
[22:33:56][PEAR] [1355] ? NIV-63B4201CF413D980 | BASKET | CONTEMPORARY | BEAD | GOLD | KT_14 | 1ct | imgs:3
[22:33:59][PEAR] [1356] ? NIV-63B4201CF413D980 | BASKET | CONTEMPORARY | BEAD | GOLD | KT_14 | 1ct | imgs:3
[22:34:02][PEAR] [1357] ? NIV-C4FE7A5073BE743E | BASKET | CONTEMPORARY | BEAD | GOLD | KT_14 | 1ct | imgs:3
[22:34:05][PEAR] [1358] ? NIV-C4FE7A5073BE743E | BASKET | CONTEMPORARY | BEAD | GOLD | KT_14 | 1ct | imgs:3
[22:34:11][PEAR] [1359] ? NIV-C4FE7A5073BE743E | BASKET | CONTEMPORARY | BEAD | GOLD | KT_14 | 1ct | imgs:3
[22:34:14][PEAR] [1360] ? NIV-FCC69F72727418F9 | BASKET | CONTEMPORARY | BEAD | GOLD | KT_14 | 1ct | imgs:3
[22:34:17][PEAR] [1361] ? NIV-FCC69F72727418F9 | BASKET | CONTEMPORARY | BEAD | GOLD | KT_14 | 1ct | imgs:3
[22:34:20][PEAR] [1362] ? NIV-FCC69F72727418F9 | BASKET | CONTEMPORARY | BEAD | GOLD | KT_14 | 1ct | imgs:3
[22:34:23][PEAR] [1363] ? NIV-A60D7B44A8AA7412 | BASKET | CONTEMPORARY | BEAD | GOLD | KT_18 | 1ct | imgs:3
[22:34:26][PEAR] [1364] ? NIV-A60D7B44A8AA7412 | BASKET | CONTEMPORARY | BEAD | GOLD | KT_18 | 1ct | imgs:3
[22:34:32][PEAR] [1365] ? NIV-A60D7B44A8AA7412 | BASKET | CONTEMPORARY | BEAD | GOLD | KT_18 | 1ct | imgs:3
[22:34:35][PEAR] [1366] ? NIV-ECECAC22CAC4A195 | BASKET | CONTEMPORARY | BEAD | GOLD | KT_18 | 1ct | imgs:3
[22:34:38][PEAR] [1367] ? NIV-ECECAC22CAC4A195 | BASKET | CONTEMPORARY | BEAD | GOLD | KT_18 | 1ct | imgs:3
[22:34:44][PEAR] [1368] ? NIV-ECECAC22CAC4A195 | BASKET | CONTEMPORARY | BEAD | GOLD | KT_18 | 1ct | imgs:3
[22:34:47][PEAR] [1369] ? NIV-B86FE6D01286411A | BASKET | CONTEMPORARY | BEAD | GOLD | KT_18 | 1ct | imgs:3
[22:34:50][PEAR] [1370] ? NIV-B86FE6D01286411A | BASKET | CONTEMPORARY | BEAD | GOLD | KT_18 | 1ct | imgs:3
[22:34:53][PEAR] [1371] ? NIV-B86FE6D01286411A | BASKET | CONTEMPORARY | BEAD | GOLD | KT_18 | 1ct | imgs:3
[22:34:56][PEAR] [1372] ? NIV-BAB6DA66F21520B5 | BASKET | CONTEMPORARY | BEAD | PLATINUM | PT_950 | 1ct | imgs:3
[22:35:02][PEAR] [1373] ? NIV-B48B067A021101EE | BASKET | CONTEMPORARY | BEAD | GOLD | KT_10 | 1ct | imgs:3
[22:35:05][PEAR] [1374] ? NIV-B48B067A021101EE | BASKET | CONTEMPORARY | BEAD | GOLD | KT_10 | 1ct | imgs:3
[22:35:11][PEAR] [1375] ? NIV-B48B067A021101EE | BASKET | CONTEMPORARY | BEAD | GOLD | KT_10 | 1ct | imgs:3
[22:35:14][PEAR] [1376] ? NIV-71AD8033A3886D71 | BASKET | CONTEMPORARY | BEAD | GOLD | KT_10 | 1ct | imgs:3
[22:35:17][PEAR] [1377] ? NIV-71AD8033A3886D71 | BASKET | CONTEMPORARY | BEAD | GOLD | KT_10 | 1ct | imgs:3
[22:35:20][PEAR] [1378] ? NIV-71AD8033A3886D71 | BASKET | CONTEMPORARY | BEAD | GOLD | KT_10 | 1ct | imgs:3
[22:35:23][PEAR] [1379] ? NIV-BCEC29767B1BF57A | BASKET | CONTEMPORARY | BEAD | GOLD | KT_10 | 1ct | imgs:3
[22:35:26][PEAR] [1380] ? NIV-BCEC29767B1BF57A | BASKET | CONTEMPORARY | BEAD | GOLD | KT_10 | 1ct | imgs:3
[22:35:29][PEAR] [1381] ? NIV-BCEC29767B1BF57A | BASKET | CONTEMPORARY | BEAD | GOLD | KT_10 | 1ct | imgs:3
[22:35:35][PEAR] [1382] ? NIV-3989A6676A18F6A4 | BASKET | CONTEMPORARY | BEAD | GOLD | KT_14 | 1ct | imgs:3
[22:35:41][PEAR] [1383] ? NIV-3989A6676A18F6A4 | BASKET | CONTEMPORARY | BEAD | GOLD | KT_14 | 1ct | imgs:3
[22:35:44][PEAR] [1384] ? NIV-3989A6676A18F6A4 | BASKET | CONTEMPORARY | BEAD | GOLD | KT_14 | 1ct | imgs:3
[22:35:47][PEAR] [1385] ? NIV-368407B11E9EC81C | BASKET | CONTEMPORARY | BEAD | GOLD | KT_14 | 1ct | imgs:3
[22:35:50][PEAR] [1386] ? NIV-368407B11E9EC81C | BASKET | CONTEMPORARY | BEAD | GOLD | KT_14 | 1ct | imgs:3
[22:35:56][PEAR] [1387] ? NIV-368407B11E9EC81C | BASKET | CONTEMPORARY | BEAD | GOLD | KT_14 | 1ct | imgs:3
[22:35:59][PEAR] [1388] ? NIV-71063E0156EC6A95 | BASKET | CONTEMPORARY | BEAD | GOLD | KT_14 | 1ct | imgs:3
[22:36:02][PEAR] [1389] ? NIV-71063E0156EC6A95 | BASKET | CONTEMPORARY | BEAD | GOLD | KT_14 | 1ct | imgs:3
[22:36:08][PEAR] [1390] ? NIV-71063E0156EC6A95 | BASKET | CONTEMPORARY | BEAD | GOLD | KT_14 | 1ct | imgs:3
[22:36:11][PEAR] [1391] ? NIV-EC94ADD70F47EF91 | BASKET | CONTEMPORARY | BEAD | GOLD | KT_18 | 1ct | imgs:3
[22:36:17][PEAR] [1392] ? NIV-EC94ADD70F47EF91 | BASKET | CONTEMPORARY | BEAD | GOLD | KT_18 | 1ct | imgs:3
[22:36:20][PEAR] [1393] ? NIV-EC94ADD70F47EF91 | BASKET | CONTEMPORARY | BEAD | GOLD | KT_18 | 1ct | imgs:3
[22:36:23][PEAR] [1394] ? NIV-A84531B27529EBFA | BASKET | CONTEMPORARY | BEAD | GOLD | KT_18 | 1ct | imgs:3
[22:36:26][PEAR] [1395] ? NIV-A84531B27529EBFA | BASKET | CONTEMPORARY | BEAD | GOLD | KT_18 | 1ct | imgs:3
[22:36:29][PEAR] [1396] ? NIV-A84531B27529EBFA | BASKET | CONTEMPORARY | BEAD | GOLD | KT_18 | 1ct | imgs:3
[22:36:32][PEAR] [1397] ? NIV-A51AA063A87190C7 | BASKET | CONTEMPORARY | BEAD | GOLD | KT_18 | 1ct | imgs:3
[22:36:35][PEAR] [1398] ? NIV-A51AA063A87190C7 | BASKET | CONTEMPORARY | BEAD | GOLD | KT_18 | 1ct | imgs:3
[22:36:38][PEAR] [1399] ? NIV-A51AA063A87190C7 | BASKET | CONTEMPORARY | BEAD | GOLD | KT_18 | 1ct | imgs:3
[22:36:41][PEAR] [1400] ? NIV-CC7558545FBF6BC3 | BASKET | CONTEMPORARY | BEAD | PLATINUM | PT_950 | 1ct | imgs:3
[22:36:47][PEAR] [1401] ? NIV-ED33A01C398C5141 | BASKET | CONTEMPORARY | BEAD | GOLD | KT_10 | 1ct | imgs:3
[22:36:50][PEAR] [1402] ? NIV-ED33A01C398C5141 | BASKET | CONTEMPORARY | BEAD | GOLD | KT_10 | 1ct | imgs:3
[22:36:56][PEAR] [1403] ? NIV-ED33A01C398C5141 | BASKET | CONTEMPORARY | BEAD | GOLD | KT_10 | 1ct | imgs:3
[22:36:59][PEAR] [1404] ? NIV-6F12AF6F12EE3DDC | BASKET | CONTEMPORARY | BEAD | GOLD | KT_10 | 1ct | imgs:3
[22:37:02][PEAR] [1405] ? NIV-6F12AF6F12EE3DDC | BASKET | CONTEMPORARY | BEAD | GOLD | KT_10 | 1ct | imgs:3
[22:37:08][PEAR] [1406] ? NIV-6F12AF6F12EE3DDC | BASKET | CONTEMPORARY | BEAD | GOLD | KT_10 | 1ct | imgs:3
[22:37:11][PEAR] [1407] ? NIV-CA832510B6B08D13 | BASKET | CONTEMPORARY | BEAD | GOLD | KT_10 | 1ct | imgs:3
[22:37:14][PEAR] [1408] ? NIV-CA832510B6B08D13 | BASKET | CONTEMPORARY | BEAD | GOLD | KT_10 | 1ct | imgs:3
[22:37:17][PEAR] [1409] ? NIV-CA832510B6B08D13 | BASKET | CONTEMPORARY | BEAD | GOLD | KT_10 | 1ct | imgs:3
[22:37:20][PEAR] [1410] ? NIV-2845505FDA8E3350 | BASKET | CONTEMPORARY | BEAD | GOLD | KT_14 | 1ct | imgs:3
[22:37:26][PEAR] [1411] ? NIV-2845505FDA8E3350 | BASKET | CONTEMPORARY | BEAD | GOLD | KT_14 | 1ct | imgs:3
[22:37:29][PEAR] [1412] ? NIV-2845505FDA8E3350 | BASKET | CONTEMPORARY | BEAD | GOLD | KT_14 | 1ct | imgs:3
[22:37:32][PEAR] [1413] ? NIV-937B3EFB977BEDD4 | BASKET | CONTEMPORARY | BEAD | GOLD | KT_14 | 1ct | imgs:3
[22:37:35][PEAR] [1414] ? NIV-937B3EFB977BEDD4 | BASKET | CONTEMPORARY | BEAD | GOLD | KT_14 | 1ct | imgs:3
[22:37:38][PEAR] [1415] ? NIV-937B3EFB977BEDD4 | BASKET | CONTEMPORARY | BEAD | GOLD | KT_14 | 1ct | imgs:3
[22:37:41][PEAR] [1416] ? NIV-EA15AC8EF9912D05 | BASKET | CONTEMPORARY | BEAD | GOLD | KT_14 | 1ct | imgs:3
[22:37:44][PEAR] [1417] ? NIV-EA15AC8EF9912D05 | BASKET | CONTEMPORARY | BEAD | GOLD | KT_14 | 1ct | imgs:3
[22:37:50][PEAR] [1418] ? NIV-EA15AC8EF9912D05 | BASKET | CONTEMPORARY | BEAD | GOLD | KT_14 | 1ct | imgs:3
[22:37:53][PEAR] [1419] ? NIV-DABC33BB34CB5B1B | BASKET | CONTEMPORARY | BEAD | GOLD | KT_18 | 1ct | imgs:3
[22:37:59][PEAR] [1420] ? NIV-DABC33BB34CB5B1B | BASKET | CONTEMPORARY | BEAD | GOLD | KT_18 | 1ct | imgs:3
[22:38:02][PEAR] [1421] ? NIV-DABC33BB34CB5B1B | BASKET | CONTEMPORARY | BEAD | GOLD | KT_18 | 1ct | imgs:3
[22:38:05][PEAR] [1422] ? NIV-3C2EF084C0479068 | BASKET | CONTEMPORARY | BEAD | GOLD | KT_18 | 1ct | imgs:3
[22:38:08][PEAR] [1423] ? NIV-3C2EF084C0479068 | BASKET | CONTEMPORARY | BEAD | GOLD | KT_18 | 1ct | imgs:3
[22:38:14][PEAR] [1424] ? NIV-3C2EF084C0479068 | BASKET | CONTEMPORARY | BEAD | GOLD | KT_18 | 1ct | imgs:3
[22:38:17][PEAR] [1425] ? NIV-E5B2D118323791A0 | BASKET | CONTEMPORARY | BEAD | GOLD | KT_18 | 1ct | imgs:3
[22:38:20][PEAR] [1426] ? NIV-E5B2D118323791A0 | BASKET | CONTEMPORARY | BEAD | GOLD | KT_18 | 1ct | imgs:3
[22:38:23][PEAR] [1427] ? NIV-E5B2D118323791A0 | BASKET | CONTEMPORARY | BEAD | GOLD | KT_18 | 1ct | imgs:3
[22:38:26][PEAR] [1428] ? NIV-1947B3825074711E | BASKET | CONTEMPORARY | BEAD | PLATINUM | PT_950 | 1ct | imgs:3
[22:38:32][PEAR] [1429] ? NIV-5438F7518B2E78BF | BASKET | CONTEMPORARY | BEAD | GOLD | KT_10 | 1ct | imgs:3
[22:38:35][PEAR] [1430] ? NIV-5438F7518B2E78BF | BASKET | CONTEMPORARY | BEAD | GOLD | KT_10 | 1ct | imgs:3
[22:38:41][PEAR] [1431] ? NIV-5438F7518B2E78BF | BASKET | CONTEMPORARY | BEAD | GOLD | KT_10 | 1ct | imgs:3
[22:38:44][PEAR] [1432] ? NIV-1A0067EEDFB7D55F | BASKET | CONTEMPORARY | BEAD | GOLD | KT_10 | 1ct | imgs:3
[22:38:50][PEAR] [1433] ? NIV-1A0067EEDFB7D55F | BASKET | CONTEMPORARY | BEAD | GOLD | KT_10 | 1ct | imgs:3
[22:38:53][PEAR] [1434] ? NIV-1A0067EEDFB7D55F | BASKET | CONTEMPORARY | BEAD | GOLD | KT_10 | 1ct | imgs:3
[22:38:56][PEAR] [1435] ? NIV-D5BC5F8838A326AC | BASKET | CONTEMPORARY | BEAD | GOLD | KT_10 | 1ct | imgs:3
[22:38:59][PEAR] [1436] ? NIV-D5BC5F8838A326AC | BASKET | CONTEMPORARY | BEAD | GOLD | KT_10 | 1ct | imgs:3
[22:39:02][PEAR] [1437] ? NIV-D5BC5F8838A326AC | BASKET | CONTEMPORARY | BEAD | GOLD | KT_10 | 1ct | imgs:3
[22:39:05][PEAR] [1438] ? NIV-00F1BC33671290AC | BASKET | CONTEMPORARY | BEAD | GOLD | KT_14 | 1ct | imgs:3
[22:39:11][PEAR] [1439] ? NIV-00F1BC33671290AC | BASKET | CONTEMPORARY | BEAD | GOLD | KT_14 | 1ct | imgs:3
[22:39:14][PEAR] [1440] ? NIV-00F1BC33671290AC | BASKET | CONTEMPORARY | BEAD | GOLD | KT_14 | 1ct | imgs:3
[22:39:17][PEAR] [1441] ? NIV-71E930A23B3D53FC | BASKET | CONTEMPORARY | BEAD | GOLD | KT_14 | 1ct | imgs:3
[22:39:20][PEAR] [1442] ? NIV-71E930A23B3D53FC | BASKET | CONTEMPORARY | BEAD | GOLD | KT_14 | 1ct | imgs:3
[22:39:23][PEAR] [1443] ? NIV-71E930A23B3D53FC | BASKET | CONTEMPORARY | BEAD | GOLD | KT_14 | 1ct | imgs:3
[22:39:26][PEAR] [1444] ? NIV-6B2554A7F478B2B4 | BASKET | CONTEMPORARY | BEAD | GOLD | KT_14 | 1ct | imgs:3
[22:39:32][PEAR] [1445] ? NIV-6B2554A7F478B2B4 | BASKET | CONTEMPORARY | BEAD | GOLD | KT_14 | 1ct | imgs:3
[22:39:35][PEAR] [1446] ? NIV-6B2554A7F478B2B4 | BASKET | CONTEMPORARY | BEAD | GOLD | KT_14 | 1ct | imgs:3
[22:39:38][PEAR] [1447] ? NIV-833E7C668EBC4405 | BASKET | CONTEMPORARY | BEAD | GOLD | KT_18 | 1ct | imgs:3
[22:39:44][PEAR] [1448] ? NIV-833E7C668EBC4405 | BASKET | CONTEMPORARY | BEAD | GOLD | KT_18 | 1ct | imgs:3
[22:39:50][PEAR] [1449] ? NIV-833E7C668EBC4405 | BASKET | CONTEMPORARY | BEAD | GOLD | KT_18 | 1ct | imgs:3
[22:39:53][PEAR] [1450] ? NIV-42CA7F98CFE225C5 | BASKET | CONTEMPORARY | BEAD | GOLD | KT_18 | 1ct | imgs:3
[22:39:56][PEAR] [1451] ? NIV-42CA7F98CFE225C5 | BASKET | CONTEMPORARY | BEAD | GOLD | KT_18 | 1ct | imgs:3
[22:40:02][PEAR] [1452] ? NIV-42CA7F98CFE225C5 | BASKET | CONTEMPORARY | BEAD | GOLD | KT_18 | 1ct | imgs:3
[22:40:05][PEAR] [1453] ? NIV-BF2B4350085EA2B9 | BASKET | CONTEMPORARY | BEAD | GOLD | KT_18 | 1ct | imgs:3
[22:40:08][PEAR] [1454] ? NIV-BF2B4350085EA2B9 | BASKET | CONTEMPORARY | BEAD | GOLD | KT_18 | 1ct | imgs:3
[22:40:11][PEAR] [1455] ? NIV-BF2B4350085EA2B9 | BASKET | CONTEMPORARY | BEAD | GOLD | KT_18 | 1ct | imgs:3
[22:40:14][PEAR] [1456] ? NIV-22083D46607B1036 | BASKET | CONTEMPORARY | BEAD | PLATINUM | PT_950 | 1ct | imgs:3
[22:40:20][PEAR] [1457] ? NIV-27F48FA3C40EF4AA | BASKET | CONTEMPORARY | BEAD | GOLD | KT_10 | 1ct | imgs:3
[22:40:23][PEAR] [1458] ? NIV-27F48FA3C40EF4AA | BASKET | CONTEMPORARY | BEAD | GOLD | KT_10 | 1ct | imgs:3
[22:40:27][PEAR] [1459] ? NIV-27F48FA3C40EF4AA | BASKET | CONTEMPORARY | BEAD | GOLD | KT_10 | 1ct | imgs:3
[22:40:29][PEAR] [1460] ? NIV-A6539B7C60E52669 | BASKET | CONTEMPORARY | BEAD | GOLD | KT_10 | 1ct | imgs:3
[22:40:32][PEAR] [1461] ? NIV-A6539B7C60E52669 | BASKET | CONTEMPORARY | BEAD | GOLD | KT_10 | 1ct | imgs:3
[22:40:38][PEAR] [1462] ? NIV-A6539B7C60E52669 | BASKET | CONTEMPORARY | BEAD | GOLD | KT_10 | 1ct | imgs:3
[22:40:41][PEAR] [1463] ? NIV-0536F3C608FB41D0 | BASKET | CONTEMPORARY | BEAD | GOLD | KT_10 | 1ct | imgs:3
[22:40:44][PEAR] [1464] ? NIV-0536F3C608FB41D0 | BASKET | CONTEMPORARY | BEAD | GOLD | KT_10 | 1ct | imgs:3
[22:40:47][PEAR] [1465] ? NIV-0536F3C608FB41D0 | BASKET | CONTEMPORARY | BEAD | GOLD | KT_10 | 1ct | imgs:3
[22:40:53][PEAR] [1466] ? NIV-02D3895C2FAB5076 | BASKET | CONTEMPORARY | BEAD | GOLD | KT_14 | 1ct | imgs:3
[22:40:56][PEAR] [1467] ? NIV-02D3895C2FAB5076 | BASKET | CONTEMPORARY | BEAD | GOLD | KT_14 | 1ct | imgs:3
[22:40:59][PEAR] [1468] ? NIV-02D3895C2FAB5076 | BASKET | CONTEMPORARY | BEAD | GOLD | KT_14 | 1ct | imgs:3
[22:41:02][PEAR] [1469] ? NIV-DD894406124DF167 | BASKET | CONTEMPORARY | BEAD | GOLD | KT_14 | 1ct | imgs:3
[22:41:05][PEAR] [1470] ? NIV-DD894406124DF167 | BASKET | CONTEMPORARY | BEAD | GOLD | KT_14 | 1ct | imgs:3
[22:41:08][PEAR] [1471] ? NIV-DD894406124DF167 | BASKET | CONTEMPORARY | BEAD | GOLD | KT_14 | 1ct | imgs:3
[22:41:11][PEAR] [1472] ? NIV-0189366D19640A89 | BASKET | CONTEMPORARY | BEAD | GOLD | KT_14 | 1ct | imgs:3
[22:41:14][PEAR] [1473] ? NIV-0189366D19640A89 | BASKET | CONTEMPORARY | BEAD | GOLD | KT_14 | 1ct | imgs:3
[22:41:17][PEAR] [1474] ? NIV-0189366D19640A89 | BASKET | CONTEMPORARY | BEAD | GOLD | KT_14 | 1ct | imgs:3
[22:41:23][PEAR] [1475] ? NIV-8C8545457B575454 | BASKET | CONTEMPORARY | BEAD | GOLD | KT_18 | 1ct | imgs:3
[22:41:26][PEAR] [1476] ? NIV-8C8545457B575454 | BASKET | CONTEMPORARY | BEAD | GOLD | KT_18 | 1ct | imgs:3
[22:41:29][PEAR] [1477] ? NIV-8C8545457B575454 | BASKET | CONTEMPORARY | BEAD | GOLD | KT_18 | 1ct | imgs:3
[22:41:32][PEAR] [1478] ? NIV-FF3D31E04A24A949 | BASKET | CONTEMPORARY | BEAD | GOLD | KT_18 | 1ct | imgs:3
[22:41:35][PEAR] [1479] ? NIV-FF3D31E04A24A949 | BASKET | CONTEMPORARY | BEAD | GOLD | KT_18 | 1ct | imgs:3
[22:41:38][PEAR] [1480] ? NIV-FF3D31E04A24A949 | BASKET | CONTEMPORARY | BEAD | GOLD | KT_18 | 1ct | imgs:3
[22:41:41][PEAR] [1481] ? NIV-F9D3916077570564 | BASKET | CONTEMPORARY | BEAD | GOLD | KT_18 | 1ct | imgs:3
[22:41:44][PEAR]   click_button error (jewellery-configurator-mounting-metal-color-option-WHITE_GOLD): Page.query_selector: Protocol error (DOM.describeNode): Cannot find context with specified id
[22:41:44][PEAR]   Re-seleccionando PEAR (intento 1)
[22:41:44][PEAR]   Boton no encontrado ? recargando configurador...
[22:41:59][PEAR]   Re-seleccionando PEAR (intento 2)
[22:42:02][PEAR] [1482] ? NIV-D5C0F85B48F232CE | BASKET | CONTEMPORARY | BEAD | GOLD | KT_18 | 1ct | imgs:3
[22:42:08][PEAR] [1483] ? NIV-564AABB91BF56BF5 | BASKET | CONTEMPORARY | BEAD | GOLD | KT_18 | 1ct | imgs:3
[22:42:11][PEAR] [1484] ? NIV-3580C704CD6D41A8 | BASKET | CONTEMPORARY | BEAD | PLATINUM | PT_950 | 1ct | imgs:3
[22:42:17][PEAR] [1485] ? NIV-A936D1859088DB60 | BASKET | CONTEMPORARY | BEAD | GOLD | KT_10 | 1ct | imgs:3
[22:42:20][PEAR] [1486] ? NIV-A936D1859088DB60 | BASKET | CONTEMPORARY | BEAD | GOLD | KT_10 | 1ct | imgs:3
[22:42:26][PEAR] [1487] ? NIV-A936D1859088DB60 | BASKET | CONTEMPORARY | BEAD | GOLD | KT_10 | 1ct | imgs:3
[22:42:29][PEAR] [1488] ? NIV-94C7C51E4D1CC93D | BASKET | CONTEMPORARY | BEAD | GOLD | KT_10 | 1ct | imgs:3
[22:42:32][PEAR] [1489] ? NIV-94C7C51E4D1CC93D | BASKET | CONTEMPORARY | BEAD | GOLD | KT_10 | 1ct | imgs:3
[22:42:35][PEAR] [1490] ? NIV-94C7C51E4D1CC93D | BASKET | CONTEMPORARY | BEAD | GOLD | KT_10 | 1ct | imgs:3
[22:42:38][PEAR] [1491] ? NIV-3DB007614317E24C | BASKET | CONTEMPORARY | BEAD | GOLD | KT_10 | 1ct | imgs:3
[22:42:41][PEAR] [1492] ? NIV-3DB007614317E24C | BASKET | CONTEMPORARY | BEAD | GOLD | KT_10 | 1ct | imgs:3
[22:42:44][PEAR] [1493] ? NIV-3DB007614317E24C | BASKET | CONTEMPORARY | BEAD | GOLD | KT_10 | 1ct | imgs:3
[22:42:47][PEAR] [1494] ? NIV-77EC7911408F5819 | BASKET | CONTEMPORARY | BEAD | GOLD | KT_14 | 1ct | imgs:3
[22:42:50][PEAR] [1495] ? NIV-77EC7911408F5819 | BASKET | CONTEMPORARY | BEAD | GOLD | KT_14 | 1ct | imgs:3
[22:42:56][PEAR] [1496] ? NIV-77EC7911408F5819 | BASKET | CONTEMPORARY | BEAD | GOLD | KT_14 | 1ct | imgs:3
[22:42:59][PEAR] [1497] ? NIV-1F27B9D79A304694 | BASKET | CONTEMPORARY | BEAD | GOLD | KT_14 | 1ct | imgs:3
[22:43:02][PEAR] [1498] ? NIV-1F27B9D79A304694 | BASKET | CONTEMPORARY | BEAD | GOLD | KT_14 | 1ct | imgs:3
[22:43:08][PEAR] [1499] ? NIV-1F27B9D79A304694 | BASKET | CONTEMPORARY | BEAD | GOLD | KT_14 | 1ct | imgs:3
[22:43:11][PEAR] [1500] ? NIV-1007CC3401629C83 | BASKET | CONTEMPORARY | BEAD | GOLD | KT_14 | 1ct | imgs:3
[22:43:14][PEAR] [1501] ? NIV-1007CC3401629C83 | BASKET | CONTEMPORARY | BEAD | GOLD | KT_14 | 1ct | imgs:3
[22:43:17][PEAR] [1502] ? NIV-1007CC3401629C83 | BASKET | CONTEMPORARY | BEAD | GOLD | KT_14 | 1ct | imgs:3
[22:43:20][PEAR] [1503] ? NIV-B368F0DE1225E525 | BASKET | CONTEMPORARY | BEAD | GOLD | KT_18 | 1ct | imgs:3
[22:43:26][PEAR] [1504] ? NIV-B368F0DE1225E525 | BASKET | CONTEMPORARY | BEAD | GOLD | KT_18 | 1ct | imgs:3
[22:43:29][PEAR] [1505] ? NIV-B368F0DE1225E525 | BASKET | CONTEMPORARY | BEAD | GOLD | KT_18 | 1ct | imgs:3
[22:43:32][PEAR] [1506] ? NIV-E92643FD43447484 | BASKET | CONTEMPORARY | BEAD | GOLD | KT_18 | 1ct | imgs:3
[22:43:35][PEAR] [1507] ? NIV-E92643FD43447484 | BASKET | CONTEMPORARY | BEAD | GOLD | KT_18 | 1ct | imgs:3
[22:43:38][PEAR] [1508] ? NIV-E92643FD43447484 | BASKET | CONTEMPORARY | BEAD | GOLD | KT_18 | 1ct | imgs:3
[22:43:41][PEAR] [1509] ? NIV-20F83B2DACF83713 | BASKET | CONTEMPORARY | BEAD | GOLD | KT_18 | 1ct | imgs:3
[22:43:44][PEAR] [1510] ? NIV-20F83B2DACF83713 | BASKET | CONTEMPORARY | BEAD | GOLD | KT_18 | 1ct | imgs:3
[22:43:50][PEAR] [1511] ? NIV-20F83B2DACF83713 | BASKET | CONTEMPORARY | BEAD | GOLD | KT_18 | 1ct | imgs:3
[22:43:53][PEAR] [1512] ? NIV-AC2E4E8364C250A8 | BASKET | CONTEMPORARY | BEAD | PLATINUM | PT_950 | 1ct | imgs:3
[22:43:59][PEAR] [1513] ? NIV-74AED66FDACF512C | BASKET | CONTEMPORARY | BEAD | GOLD | KT_10 | 1ct | imgs:3
[22:44:02][PEAR] [1514] ? NIV-74AED66FDACF512C | BASKET | CONTEMPORARY | BEAD | GOLD | KT_10 | 1ct | imgs:3
[22:44:05][PEAR] [1515] ? NIV-74AED66FDACF512C | BASKET | CONTEMPORARY | BEAD | GOLD | KT_10 | 1ct | imgs:3
[22:44:08][PEAR] [1516] ? NIV-D955E591A46055C4 | BASKET | CONTEMPORARY | BEAD | GOLD | KT_10 | 1ct | imgs:3
[22:44:14][PEAR] [1517] ? NIV-D955E591A46055C4 | BASKET | CONTEMPORARY | BEAD | GOLD | KT_10 | 1ct | imgs:3
[22:44:17][PEAR] [1518] ? NIV-D955E591A46055C4 | BASKET | CONTEMPORARY | BEAD | GOLD | KT_10 | 1ct | imgs:3
[22:44:20][PEAR] [1519] ? NIV-C1050C0AD02DB593 | BASKET | CONTEMPORARY | BEAD | GOLD | KT_10 | 1ct | imgs:3
[22:44:23][PEAR] [1520] ? NIV-C1050C0AD02DB593 | BASKET | CONTEMPORARY | BEAD | GOLD | KT_10 | 1ct | imgs:3
[22:44:26][PEAR] [1521] ? NIV-C1050C0AD02DB593 | BASKET | CONTEMPORARY | BEAD | GOLD | KT_10 | 1ct | imgs:3
[22:44:30][PEAR] [1522] ? NIV-2CB954A1C83D6368 | BASKET | CONTEMPORARY | BEAD | GOLD | KT_14 | 1ct | imgs:3
[22:44:35][PEAR] [1523] ? NIV-2CB954A1C83D6368 | BASKET | CONTEMPORARY | BEAD | GOLD | KT_14 | 1ct | imgs:3
[22:44:38][PEAR] [1524] ? NIV-2CB954A1C83D6368 | BASKET | CONTEMPORARY | BEAD | GOLD | KT_14 | 1ct | imgs:3
[22:44:41][PEAR] [1525] ? NIV-C8F61AC79C0D7A5F | BASKET | CONTEMPORARY | BEAD | GOLD | KT_14 | 1ct | imgs:3
[22:44:44][PEAR] [1526] ? NIV-C8F61AC79C0D7A5F | BASKET | CONTEMPORARY | BEAD | GOLD | KT_14 | 1ct | imgs:3
[22:44:47][PEAR] [1527] ? NIV-C8F61AC79C0D7A5F | BASKET | CONTEMPORARY | BEAD | GOLD | KT_14 | 1ct | imgs:3
[22:44:50][PEAR] [1528] ? NIV-DD06738375118ED2 | BASKET | CONTEMPORARY | BEAD | GOLD | KT_14 | 1ct | imgs:3
[22:44:53][PEAR] [1529] ? NIV-DD06738375118ED2 | BASKET | CONTEMPORARY | BEAD | GOLD | KT_14 | 1ct | imgs:3
[22:44:56][PEAR] [1530] ? NIV-DD06738375118ED2 | BASKET | CONTEMPORARY | BEAD | GOLD | KT_14 | 1ct | imgs:3
[22:44:59][PEAR] [1531] ? NIV-7DE91347E461A405 | BASKET | CONTEMPORARY | BEAD | GOLD | KT_18 | 1ct | imgs:3
[22:45:05][PEAR] [1532] ? NIV-7DE91347E461A405 | BASKET | CONTEMPORARY | BEAD | GOLD | KT_18 | 1ct | imgs:3
[22:45:08][PEAR] [1533] ? NIV-7DE91347E461A405 | BASKET | CONTEMPORARY | BEAD | GOLD | KT_18 | 1ct | imgs:3
[22:45:11][PEAR] [1534] ? NIV-1BD27927E3929A3E | BASKET | CONTEMPORARY | BEAD | GOLD | KT_18 | 1ct | imgs:3
[22:45:14][PEAR] [1535] ? NIV-1BD27927E3929A3E | BASKET | CONTEMPORARY | BEAD | GOLD | KT_18 | 1ct | imgs:3
[22:45:20][PEAR] [1536] ? NIV-1BD27927E3929A3E | BASKET | CONTEMPORARY | BEAD | GOLD | KT_18 | 1ct | imgs:3
[22:45:23][PEAR] [1537] ? NIV-3D06FBF6A303AE56 | BASKET | CONTEMPORARY | BEAD | GOLD | KT_18 | 1ct | imgs:3
[22:45:26][PEAR] [1538] ? NIV-3D06FBF6A303AE56 | BASKET | CONTEMPORARY | BEAD | GOLD | KT_18 | 1ct | imgs:3
[22:45:32][PEAR] [1539] ? NIV-3D06FBF6A303AE56 | BASKET | CONTEMPORARY | BEAD | GOLD | KT_18 | 1ct | imgs:3
[22:45:35][PEAR] [1540] ? NIV-D7C968CC9F7C5936 | BASKET | CONTEMPORARY | BEAD | PLATINUM | PT_950 | 1ct | imgs:3
[22:45:44][PEAR] [1541] ? NIV-4787D2022411BDB4 | BASKET | DOUBLE | NONE | GOLD | KT_10 | 1ct | imgs:3
[22:45:47][PEAR] [1542] ? NIV-4787D2022411BDB4 | BASKET | DOUBLE | NONE | GOLD | KT_10 | 1ct | imgs:3
[22:45:50][PEAR] [1543] ? NIV-4787D2022411BDB4 | BASKET | DOUBLE | NONE | GOLD | KT_10 | 1ct | imgs:3
[22:45:53][PEAR] [1544] ? NIV-5AB39FF28E5C6F5C | BASKET | DOUBLE | NONE | GOLD | KT_10 | 1ct | imgs:3
[22:45:56][PEAR] [1545] ? NIV-5AB39FF28E5C6F5C | BASKET | DOUBLE | NONE | GOLD | KT_10 | 1ct | imgs:3
[22:45:59][PEAR] [1546] ? NIV-5AB39FF28E5C6F5C | BASKET | DOUBLE | NONE | GOLD | KT_10 | 1ct | imgs:3
[22:46:02][PEAR] [1547] ? NIV-15B29F0B2F3E870C | BASKET | DOUBLE | NONE | GOLD | KT_10 | 1ct | imgs:3
[22:46:05][PEAR] [1548] ? NIV-15B29F0B2F3E870C | BASKET | DOUBLE | NONE | GOLD | KT_10 | 1ct | imgs:3
[22:46:08][PEAR] [1549] ? NIV-15B29F0B2F3E870C | BASKET | DOUBLE | NONE | GOLD | KT_10 | 1ct | imgs:3
[22:46:11][PEAR] [1550] ? NIV-43FB08CAAABA9D3D | BASKET | DOUBLE | NONE | GOLD | KT_14 | 1ct | imgs:3
[22:46:14][PEAR] [1551] ? NIV-43FB08CAAABA9D3D | BASKET | DOUBLE | NONE | GOLD | KT_14 | 1ct | imgs:3
[22:46:20][PEAR] [1552] ? NIV-43FB08CAAABA9D3D | BASKET | DOUBLE | NONE | GOLD | KT_14 | 1ct | imgs:3
[22:46:23][PEAR] [1553] ? NIV-EF8A8E9045DA9C5C | BASKET | DOUBLE | NONE | GOLD | KT_14 | 1ct | imgs:3
[22:46:26][PEAR] [1554] ? NIV-EF8A8E9045DA9C5C | BASKET | DOUBLE | NONE | GOLD | KT_14 | 1ct | imgs:3
[22:46:29][PEAR] [1555] ? NIV-EF8A8E9045DA9C5C | BASKET | DOUBLE | NONE | GOLD | KT_14 | 1ct | imgs:3
[22:46:32][PEAR] [1556] ? NIV-94062D28C06DE299 | BASKET | DOUBLE | NONE | GOLD | KT_14 | 1ct | imgs:3
[22:46:35][PEAR] [1557] ? NIV-94062D28C06DE299 | BASKET | DOUBLE | NONE | GOLD | KT_14 | 1ct | imgs:3
[22:46:38][PEAR] [1558] ? NIV-94062D28C06DE299 | BASKET | DOUBLE | NONE | GOLD | KT_14 | 1ct | imgs:3
[22:46:41][PEAR] [1559] ? NIV-09586362CF99914B | BASKET | DOUBLE | NONE | GOLD | KT_18 | 1ct | imgs:3
[22:46:47][PEAR] [1560] ? NIV-09586362CF99914B | BASKET | DOUBLE | NONE | GOLD | KT_18 | 1ct | imgs:3
[22:46:50][PEAR] [1561] ? NIV-09586362CF99914B | BASKET | DOUBLE | NONE | GOLD | KT_18 | 1ct | imgs:3
[22:46:53][PEAR] [1562] ? NIV-1460614BB9A99873 | BASKET | DOUBLE | NONE | GOLD | KT_18 | 1ct | imgs:3
[22:46:56][PEAR] [1563] ? NIV-1460614BB9A99873 | BASKET | DOUBLE | NONE | GOLD | KT_18 | 1ct | imgs:3
[22:47:02][PEAR] [1564] ? NIV-1460614BB9A99873 | BASKET | DOUBLE | NONE | GOLD | KT_18 | 1ct | imgs:3
[22:47:05][PEAR] [1565] ? NIV-784C7E6AA3B42EC3 | BASKET | DOUBLE | NONE | GOLD | KT_18 | 1ct | imgs:3
[22:47:08][PEAR] [1566] ? NIV-784C7E6AA3B42EC3 | BASKET | DOUBLE | NONE | GOLD | KT_18 | 1ct | imgs:3
[22:47:11][PEAR] [1567] ? NIV-784C7E6AA3B42EC3 | BASKET | DOUBLE | NONE | GOLD | KT_18 | 1ct | imgs:3
[22:47:14][PEAR] [1568] ? NIV-536224B812692FD1 | BASKET | DOUBLE | NONE | PLATINUM | PT_950 | 1ct | imgs:3
[22:47:20][PEAR] [1569] ? NIV-05A0F211B984144E | BASKET | DOUBLE | NONE | GOLD | KT_10 | 1ct | imgs:3
[22:47:23][PEAR] [1570] ? NIV-05A0F211B984144E | BASKET | DOUBLE | NONE | GOLD | KT_10 | 1ct | imgs:3
[22:47:29][PEAR] [1571] ? NIV-05A0F211B984144E | BASKET | DOUBLE | NONE | GOLD | KT_10 | 1ct | imgs:3
[22:47:32][PEAR] [1572] ? NIV-29CF815B5A98379D | BASKET | DOUBLE | NONE | GOLD | KT_10 | 1ct | imgs:3
[22:47:35][PEAR] [1573] ? NIV-29CF815B5A98379D | BASKET | DOUBLE | NONE | GOLD | KT_10 | 1ct | imgs:3
[22:47:38][PEAR] [1574] ? NIV-29CF815B5A98379D | BASKET | DOUBLE | NONE | GOLD | KT_10 | 1ct | imgs:3
[22:47:41][PEAR] [1575] ? NIV-A595259846976537 | BASKET | DOUBLE | NONE | GOLD | KT_10 | 1ct | imgs:3
[22:47:44][PEAR] [1576] ? NIV-A595259846976537 | BASKET | DOUBLE | NONE | GOLD | KT_10 | 1ct | imgs:3
[22:47:50][PEAR] [1577] ? NIV-A595259846976537 | BASKET | DOUBLE | NONE | GOLD | KT_10 | 1ct | imgs:3
[22:47:56][PEAR] [1578] ? NIV-FB2D8FAB6F51459E | BASKET | DOUBLE | NONE | GOLD | KT_14 | 1ct | imgs:3
[22:48:02][PEAR] [1579] ? NIV-FB2D8FAB6F51459E | BASKET | DOUBLE | NONE | GOLD | KT_14 | 1ct | imgs:3
[22:48:05][PEAR] [1580] ? NIV-FB2D8FAB6F51459E | BASKET | DOUBLE | NONE | GOLD | KT_14 | 1ct | imgs:3
[22:48:08][PEAR] [1581] ? NIV-908A553551557D7D | BASKET | DOUBLE | NONE | GOLD | KT_14 | 1ct | imgs:3
[22:48:11][PEAR] [1582] ? NIV-908A553551557D7D | BASKET | DOUBLE | NONE | GOLD | KT_14 | 1ct | imgs:3
[22:48:17][PEAR] [1583] ? NIV-908A553551557D7D | BASKET | DOUBLE | NONE | GOLD | KT_14 | 1ct | imgs:3
[22:48:20][PEAR] [1584] ? NIV-2F9C8D4C02C65488 | BASKET | DOUBLE | NONE | GOLD | KT_14 | 1ct | imgs:3
[22:48:23][PEAR] [1585] ? NIV-2F9C8D4C02C65488 | BASKET | DOUBLE | NONE | GOLD | KT_14 | 1ct | imgs:3
[22:48:29][PEAR] [1586] ? NIV-2F9C8D4C02C65488 | BASKET | DOUBLE | NONE | GOLD | KT_14 | 1ct | imgs:3
[22:48:32][PEAR] [1587] ? NIV-1C2F270544AFFDD9 | BASKET | DOUBLE | NONE | GOLD | KT_18 | 1ct | imgs:3
[22:48:35][PEAR] [1588] ? NIV-1C2F270544AFFDD9 | BASKET | DOUBLE | NONE | GOLD | KT_18 | 1ct | imgs:3
[22:48:41][PEAR] [1589] ? NIV-1C2F270544AFFDD9 | BASKET | DOUBLE | NONE | GOLD | KT_18 | 1ct | imgs:3
[22:48:44][PEAR] [1590] ? NIV-B2188F90257952ED | BASKET | DOUBLE | NONE | GOLD | KT_18 | 1ct | imgs:3
[22:48:50][PEAR] [1591] ? NIV-B2188F90257952ED | BASKET | DOUBLE | NONE | GOLD | KT_18 | 1ct | imgs:3
[22:48:53][PEAR] [1592] ? NIV-B2188F90257952ED | BASKET | DOUBLE | NONE | GOLD | KT_18 | 1ct | imgs:3
[22:48:56][PEAR] [1593] ? NIV-ACBAFD264E6D7DCF | BASKET | DOUBLE | NONE | GOLD | KT_18 | 1ct | imgs:3
[22:48:59][PEAR] [1594] ? NIV-ACBAFD264E6D7DCF | BASKET | DOUBLE | NONE | GOLD | KT_18 | 1ct | imgs:3
[22:49:02][PEAR] [1595] ? NIV-ACBAFD264E6D7DCF | BASKET | DOUBLE | NONE | GOLD | KT_18 | 1ct | imgs:3
[22:49:05][PEAR] [1596] ? NIV-DED62D96A9D9FE10 | BASKET | DOUBLE | NONE | PLATINUM | PT_950 | 1ct | imgs:3
[22:49:11][PEAR] [1597] ? NIV-61088CAC1BC6BE0F | BASKET | DOUBLE | NONE | GOLD | KT_10 | 1ct | imgs:3
[22:49:14][PEAR] [1598] ? NIV-61088CAC1BC6BE0F | BASKET | DOUBLE | NONE | GOLD | KT_10 | 1ct | imgs:3
[22:49:20][PEAR] [1599] ? NIV-61088CAC1BC6BE0F | BASKET | DOUBLE | NONE | GOLD | KT_10 | 1ct | imgs:3
[22:49:23][PEAR] [1600] ? NIV-3EFEBF3EC0784EC8 | BASKET | DOUBLE | NONE | GOLD | KT_10 | 1ct | imgs:3
[22:49:26][PEAR] [1601] ? NIV-3EFEBF3EC0784EC8 | BASKET | DOUBLE | NONE | GOLD | KT_10 | 1ct | imgs:3
[22:49:29][PEAR] [1602] ? NIV-3EFEBF3EC0784EC8 | BASKET | DOUBLE | NONE | GOLD | KT_10 | 1ct | imgs:3
[22:49:32][PEAR] [1603] ? NIV-394EE23FD68974BD | BASKET | DOUBLE | NONE | GOLD | KT_10 | 1ct | imgs:3
[22:49:35][PEAR] [1604] ? NIV-394EE23FD68974BD | BASKET | DOUBLE | NONE | GOLD | KT_10 | 1ct | imgs:3
[22:49:38][PEAR] [1605] ? NIV-394EE23FD68974BD | BASKET | DOUBLE | NONE | GOLD | KT_10 | 1ct | imgs:3
[22:49:41][PEAR] [1606] ? NIV-CBF07919007FB433 | BASKET | DOUBLE | NONE | GOLD | KT_14 | 1ct | imgs:3
[22:49:47][PEAR] [1607] ? NIV-CBF07919007FB433 | BASKET | DOUBLE | NONE | GOLD | KT_14 | 1ct | imgs:3
[22:49:50][PEAR] [1608] ? NIV-CBF07919007FB433 | BASKET | DOUBLE | NONE | GOLD | KT_14 | 1ct | imgs:3
[22:49:54][PEAR] [1609] ? NIV-21D72E1A68BAAC44 | BASKET | DOUBLE | NONE | GOLD | KT_14 | 1ct | imgs:3
[22:49:59][PEAR] [1610] ? NIV-21D72E1A68BAAC44 | BASKET | DOUBLE | NONE | GOLD | KT_14 | 1ct | imgs:3
[22:50:02][PEAR] [1611] ? NIV-21D72E1A68BAAC44 | BASKET | DOUBLE | NONE | GOLD | KT_14 | 1ct | imgs:3
[22:50:05][PEAR] [1612] ? NIV-7FC88E0A2F362F65 | BASKET | DOUBLE | NONE | GOLD | KT_14 | 1ct | imgs:3
[22:50:08][PEAR] [1613] ? NIV-7FC88E0A2F362F65 | BASKET | DOUBLE | NONE | GOLD | KT_14 | 1ct | imgs:3
[22:50:12][PEAR] [1614] ? NIV-7FC88E0A2F362F65 | BASKET | DOUBLE | NONE | GOLD | KT_14 | 1ct | imgs:3
[22:50:17][PEAR] [1615] ? NIV-A22B86F863E1A116 | BASKET | DOUBLE | NONE | GOLD | KT_18 | 1ct | imgs:3
[22:50:20][PEAR] [1616] ? NIV-A22B86F863E1A116 | BASKET | DOUBLE | NONE | GOLD | KT_18 | 1ct | imgs:3
[22:50:26][PEAR] [1617] ? NIV-A22B86F863E1A116 | BASKET | DOUBLE | NONE | GOLD | KT_18 | 1ct | imgs:3
[22:50:29][PEAR] [1618] ? NIV-6C8B2AD3639C6409 | BASKET | DOUBLE | NONE | GOLD | KT_18 | 1ct | imgs:3
[22:50:32][PEAR] [1619] ? NIV-6C8B2AD3639C6409 | BASKET | DOUBLE | NONE | GOLD | KT_18 | 1ct | imgs:3
[22:50:36][PEAR] [1620] ? NIV-6C8B2AD3639C6409 | BASKET | DOUBLE | NONE | GOLD | KT_18 | 1ct | imgs:3
[22:50:38][PEAR] [1621] ? NIV-D9E5246A4078103E | BASKET | DOUBLE | NONE | GOLD | KT_18 | 1ct | imgs:3
[22:50:41][PEAR] [1622] ? NIV-D9E5246A4078103E | BASKET | DOUBLE | NONE | GOLD | KT_18 | 1ct | imgs:3
[22:50:47][PEAR] [1623] ? NIV-D9E5246A4078103E | BASKET | DOUBLE | NONE | GOLD | KT_18 | 1ct | imgs:3
[22:50:50][PEAR] [1624] ? NIV-431D358BF72BEFA7 | BASKET | DOUBLE | NONE | PLATINUM | PT_950 | 1ct | imgs:3
[22:50:56][PEAR] [1625] ? NIV-11306611CEDE2A9F | BASKET | DOUBLE | NONE | GOLD | KT_10 | 1ct | imgs:3
[22:50:59][PEAR] [1626] ? NIV-11306611CEDE2A9F | BASKET | DOUBLE | NONE | GOLD | KT_10 | 1ct | imgs:3
[22:51:02][PEAR] [1627] ? NIV-11306611CEDE2A9F | BASKET | DOUBLE | NONE | GOLD | KT_10 | 1ct | imgs:3
[22:51:05][PEAR] [1628] ? NIV-5717545A1DBF7838 | BASKET | DOUBLE | NONE | GOLD | KT_10 | 1ct | imgs:3
[22:51:08][PEAR] [1629] ? NIV-5717545A1DBF7838 | BASKET | DOUBLE | NONE | GOLD | KT_10 | 1ct | imgs:3
[22:51:11][PEAR] [1630] ? NIV-5717545A1DBF7838 | BASKET | DOUBLE | NONE | GOLD | KT_10 | 1ct | imgs:3
[22:51:14][PEAR] [1631] ? NIV-9D1D88ED60886F83 | BASKET | DOUBLE | NONE | GOLD | KT_10 | 1ct | imgs:3
[22:51:17][PEAR] [1632] ? NIV-9D1D88ED60886F83 | BASKET | DOUBLE | NONE | GOLD | KT_10 | 1ct | imgs:3
[22:51:20][PEAR] [1633] ? NIV-9D1D88ED60886F83 | BASKET | DOUBLE | NONE | GOLD | KT_10 | 1ct | imgs:3
[22:51:26][PEAR] [1634] ? NIV-AB20B083E76054C2 | BASKET | DOUBLE | NONE | GOLD | KT_14 | 1ct | imgs:3
[22:51:32][PEAR] [1635] ? NIV-AB20B083E76054C2 | BASKET | DOUBLE | NONE | GOLD | KT_14 | 1ct | imgs:3
[22:51:35][PEAR] [1636] ? NIV-AB20B083E76054C2 | BASKET | DOUBLE | NONE | GOLD | KT_14 | 1ct | imgs:3
[22:51:38][PEAR] [1637] ? NIV-24EC42CE3A271E45 | BASKET | DOUBLE | NONE | GOLD | KT_14 | 1ct | imgs:3
[22:51:44][PEAR] [1638] ? NIV-24EC42CE3A271E45 | BASKET | DOUBLE | NONE | GOLD | KT_14 | 1ct | imgs:3
[22:51:47][PEAR] [1639] ? NIV-24EC42CE3A271E45 | BASKET | DOUBLE | NONE | GOLD | KT_14 | 1ct | imgs:3
[22:51:50][PEAR] [1640] ? NIV-5987B3DFFF7FA5BB | BASKET | DOUBLE | NONE | GOLD | KT_14 | 1ct | imgs:3
[22:51:53][PEAR] [1641] ? NIV-5987B3DFFF7FA5BB | BASKET | DOUBLE | NONE | GOLD | KT_14 | 1ct | imgs:3
[22:51:56][PEAR] [1642] ? NIV-5987B3DFFF7FA5BB | BASKET | DOUBLE | NONE | GOLD | KT_14 | 1ct | imgs:3
[22:51:59][PEAR] [1643] ? NIV-1A804AC3C1F95BCF | BASKET | DOUBLE | NONE | GOLD | KT_18 | 1ct | imgs:3
[22:52:02][PEAR] [1644] ? NIV-1A804AC3C1F95BCF | BASKET | DOUBLE | NONE | GOLD | KT_18 | 1ct | imgs:3
[22:52:08][PEAR] [1645] ? NIV-1A804AC3C1F95BCF | BASKET | DOUBLE | NONE | GOLD | KT_18 | 1ct | imgs:3
[22:52:12][PEAR] [1646] ? NIV-06883F5F3A37A652 | BASKET | DOUBLE | NONE | GOLD | KT_18 | 1ct | imgs:1
[22:52:17][PEAR] [1647] ? NIV-06883F5F3A37A652 | BASKET | DOUBLE | NONE | GOLD | KT_18 | 1ct | imgs:3
[22:52:20][PEAR] [1648] ? NIV-06883F5F3A37A652 | BASKET | DOUBLE | NONE | GOLD | KT_18 | 1ct | imgs:3
[22:52:23][PEAR] [1649] ? NIV-D9517BDEBC994DCF | BASKET | DOUBLE | NONE | GOLD | KT_18 | 1ct | imgs:3
[22:52:26][PEAR] [1650] ? NIV-D9517BDEBC994DCF | BASKET | DOUBLE | NONE | GOLD | KT_18 | 1ct | imgs:3
[22:52:29][PEAR] [1651] ? NIV-D9517BDEBC994DCF | BASKET | DOUBLE | NONE | GOLD | KT_18 | 1ct | imgs:3
[22:52:32][PEAR] [1652] ? NIV-11F99E20B3BC03DB | BASKET | DOUBLE | NONE | PLATINUM | PT_950 | 1ct | imgs:3
[22:52:38][PEAR] [1653] ? NIV-29E6AAD8903041D7 | BASKET | DOUBLE | NONE | GOLD | KT_10 | 1ct | imgs:3
[22:52:41][PEAR] [1654] ? NIV-29E6AAD8903041D7 | BASKET | DOUBLE | NONE | GOLD | KT_10 | 1ct | imgs:3
[22:52:47][PEAR] [1655] ? NIV-29E6AAD8903041D7 | BASKET | DOUBLE | NONE | GOLD | KT_10 | 1ct | imgs:3
[22:52:50][PEAR] [1656] ? NIV-AF096F27774B38EC | BASKET | DOUBLE | NONE | GOLD | KT_10 | 1ct | imgs:3
[22:52:53][PEAR] [1657] ? NIV-AF096F27774B38EC | BASKET | DOUBLE | NONE | GOLD | KT_10 | 1ct | imgs:3
[22:52:56][PEAR] [1658] ? NIV-AF096F27774B38EC | BASKET | DOUBLE | NONE | GOLD | KT_10 | 1ct | imgs:3
[22:52:59][PEAR] [1659] ? NIV-C85C26495CD31E2D | BASKET | DOUBLE | NONE | GOLD | KT_10 | 1ct | imgs:3
[22:53:02][PEAR] [1660] ? NIV-C85C26495CD31E2D | BASKET | DOUBLE | NONE | GOLD | KT_10 | 1ct | imgs:3
[22:53:08][PEAR] [1661] ? NIV-C85C26495CD31E2D | BASKET | DOUBLE | NONE | GOLD | KT_10 | 1ct | imgs:3
[22:53:11][PEAR] [1662] ? NIV-C14857C4DD797AC6 | BASKET | DOUBLE | NONE | GOLD | KT_14 | 1ct | imgs:3
[22:53:14][PEAR] [1663] ? NIV-C14857C4DD797AC6 | BASKET | DOUBLE | NONE | GOLD | KT_14 | 1ct | imgs:3
[22:53:20][PEAR] [1664] ? NIV-C14857C4DD797AC6 | BASKET | DOUBLE | NONE | GOLD | KT_14 | 1ct | imgs:3
[22:53:23][PEAR] [1665] ? NIV-5316482812461B61 | BASKET | DOUBLE | NONE | GOLD | KT_14 | 1ct | imgs:3
[22:53:26][PEAR] [1666] ? NIV-5316482812461B61 | BASKET | DOUBLE | NONE | GOLD | KT_14 | 1ct | imgs:3
[22:53:29][PEAR] [1667] ? NIV-5316482812461B61 | BASKET | DOUBLE | NONE | GOLD | KT_14 | 1ct | imgs:3
[22:53:32][PEAR] [1668] ? NIV-03C9EA77AD0DF084 | BASKET | DOUBLE | NONE | GOLD | KT_14 | 1ct | imgs:3
[22:53:35][PEAR] [1669] ? NIV-03C9EA77AD0DF084 | BASKET | DOUBLE | NONE | GOLD | KT_14 | 1ct | imgs:3
[22:53:38][PEAR] [1670] ? NIV-03C9EA77AD0DF084 | BASKET | DOUBLE | NONE | GOLD | KT_14 | 1ct | imgs:3
[22:53:44][PEAR] [1671] ? NIV-79AF1DD5752EA3AD | BASKET | DOUBLE | NONE | GOLD | KT_18 | 1ct | imgs:3
[22:53:47][PEAR] [1672] ? NIV-79AF1DD5752EA3AD | BASKET | DOUBLE | NONE | GOLD | KT_18 | 1ct | imgs:3
[22:53:50][PEAR] [1673] ? NIV-79AF1DD5752EA3AD | BASKET | DOUBLE | NONE | GOLD | KT_18 | 1ct | imgs:3
[22:53:53][PEAR] [1674] ? NIV-BE53595BA7C8D0C6 | BASKET | DOUBLE | NONE | GOLD | KT_18 | 1ct | imgs:3
[22:53:56][PEAR] [1675] ? NIV-BE53595BA7C8D0C6 | BASKET | DOUBLE | NONE | GOLD | KT_18 | 1ct | imgs:3
[22:54:02][PEAR] [1676] ? NIV-BE53595BA7C8D0C6 | BASKET | DOUBLE | NONE | GOLD | KT_18 | 1ct | imgs:3
[22:54:05][PEAR] [1677] ? NIV-1B9008DA6650799E | BASKET | DOUBLE | NONE | GOLD | KT_18 | 1ct | imgs:3
[22:54:08][PEAR] [1678] ? NIV-1B9008DA6650799E | BASKET | DOUBLE | NONE | GOLD | KT_18 | 1ct | imgs:3
[22:54:11][PEAR] [1679] ? NIV-1B9008DA6650799E | BASKET | DOUBLE | NONE | GOLD | KT_18 | 1ct | imgs:3
[22:54:14][PEAR] [1680] ? NIV-074C934148DFAF9E | BASKET | DOUBLE | NONE | PLATINUM | PT_950 | 1ct | imgs:3
[22:54:20][PEAR] [1681] ? NIV-DBF6D602F022B25E | BASKET | DOUBLE | NONE | GOLD | KT_10 | 1ct | imgs:3
[22:54:23][PEAR] [1682] ? NIV-DBF6D602F022B25E | BASKET | DOUBLE | NONE | GOLD | KT_10 | 1ct | imgs:3
[22:54:26][PEAR] [1683] ? NIV-DBF6D602F022B25E | BASKET | DOUBLE | NONE | GOLD | KT_10 | 1ct | imgs:3
[22:54:29][PEAR] [1684] ? NIV-B42AA4471B520C94 | BASKET | DOUBLE | NONE | GOLD | KT_10 | 1ct | imgs:3
[22:54:32][PEAR] [1685] ? NIV-B42AA4471B520C94 | BASKET | DOUBLE | NONE | GOLD | KT_10 | 1ct | imgs:3
[22:54:35][PEAR] [1686] ? NIV-B42AA4471B520C94 | BASKET | DOUBLE | NONE | GOLD | KT_10 | 1ct | imgs:3
[22:54:38][PEAR] [1687] ? NIV-1F95812A4825290A | BASKET | DOUBLE | NONE | GOLD | KT_10 | 1ct | imgs:3
[22:54:44][PEAR] [1688] ? NIV-1F95812A4825290A | BASKET | DOUBLE | NONE | GOLD | KT_10 | 1ct | imgs:3
[22:54:47][PEAR] [1689] ? NIV-1F95812A4825290A | BASKET | DOUBLE | NONE | GOLD | KT_10 | 1ct | imgs:3
[22:54:50][PEAR] [1690] ? NIV-9121FACE7587B57C | BASKET | DOUBLE | NONE | GOLD | KT_14 | 1ct | imgs:3
[22:54:56][PEAR] [1691] ? NIV-9121FACE7587B57C | BASKET | DOUBLE | NONE | GOLD | KT_14 | 1ct | imgs:3
[22:54:59][PEAR] [1692] ? NIV-9121FACE7587B57C | BASKET | DOUBLE | NONE | GOLD | KT_14 | 1ct | imgs:3
[22:55:02][PEAR] [1693] ? NIV-04E44C31FEC36CD7 | BASKET | DOUBLE | NONE | GOLD | KT_14 | 1ct | imgs:3
[22:55:05][PEAR] [1694] ? NIV-04E44C31FEC36CD7 | BASKET | DOUBLE | NONE | GOLD | KT_14 | 1ct | imgs:3
[22:55:08][PEAR] [1695] ? NIV-04E44C31FEC36CD7 | BASKET | DOUBLE | NONE | GOLD | KT_14 | 1ct | imgs:3
[22:55:11][PEAR] [1696] ? NIV-F9D2A6ABF07B53DC | BASKET | DOUBLE | NONE | GOLD | KT_14 | 1ct | imgs:3
[22:55:14][PEAR] [1697] ? NIV-F9D2A6ABF07B53DC | BASKET | DOUBLE | NONE | GOLD | KT_14 | 1ct | imgs:3
[22:55:17][PEAR] [1698] ? NIV-F9D2A6ABF07B53DC | BASKET | DOUBLE | NONE | GOLD | KT_14 | 1ct | imgs:3
[22:55:20][PEAR] [1699] ? NIV-CA631B8F77701AA0 | BASKET | DOUBLE | NONE | GOLD | KT_18 | 1ct | imgs:3
[22:55:23][PEAR] [1700] ? NIV-CA631B8F77701AA0 | BASKET | DOUBLE | NONE | GOLD | KT_18 | 1ct | imgs:3
[22:55:29][PEAR] [1701] ? NIV-CA631B8F77701AA0 | BASKET | DOUBLE | NONE | GOLD | KT_18 | 1ct | imgs:3
[22:55:32][PEAR] [1702] ? NIV-F7D1EE9E80CFCAE8 | BASKET | DOUBLE | NONE | GOLD | KT_18 | 1ct | imgs:3
[22:55:35][PEAR] [1703] ? NIV-F7D1EE9E80CFCAE8 | BASKET | DOUBLE | NONE | GOLD | KT_18 | 1ct | imgs:3
[22:55:41][PEAR] [1704] ? NIV-F7D1EE9E80CFCAE8 | BASKET | DOUBLE | NONE | GOLD | KT_18 | 1ct | imgs:3
[22:55:44][PEAR] [1705] ? NIV-D12550ED5D82A05A | BASKET | DOUBLE | NONE | GOLD | KT_18 | 1ct | imgs:3
[22:55:47][PEAR] [1706] ? NIV-D12550ED5D82A05A | BASKET | DOUBLE | NONE | GOLD | KT_18 | 1ct | imgs:3
[22:55:50][PEAR] [1707] ? NIV-D12550ED5D82A05A | BASKET | DOUBLE | NONE | GOLD | KT_18 | 1ct | imgs:3
[22:55:53][PEAR] [1708] ? NIV-947F171CCD0A2D4A | BASKET | DOUBLE | NONE | PLATINUM | PT_950 | 1ct | imgs:3
[22:55:59][PEAR] [1709] ? NIV-9E459695F57E397D | BASKET | DOUBLE | NONE | GOLD | KT_10 | 1ct | imgs:3
[22:56:02][PEAR] [1710] ? NIV-9E459695F57E397D | BASKET | DOUBLE | NONE | GOLD | KT_10 | 1ct | imgs:3
[22:56:08][PEAR] [1711] ? NIV-9E459695F57E397D | BASKET | DOUBLE | NONE | GOLD | KT_10 | 1ct | imgs:3
[22:56:11][PEAR] [1712] ? NIV-CC1BE949DF7E0FD0 | BASKET | DOUBLE | NONE | GOLD | KT_10 | 1ct | imgs:3
[22:56:14][PEAR] [1713] ? NIV-CC1BE949DF7E0FD0 | BASKET | DOUBLE | NONE | GOLD | KT_10 | 1ct | imgs:3
[22:56:17][PEAR] [1714] ? NIV-CC1BE949DF7E0FD0 | BASKET | DOUBLE | NONE | GOLD | KT_10 | 1ct | imgs:3
[22:56:20][PEAR] [1715] ? NIV-161F468846C19B97 | BASKET | DOUBLE | NONE | GOLD | KT_10 | 1ct | imgs:3
[22:56:23][PEAR] [1716] ? NIV-161F468846C19B97 | BASKET | DOUBLE | NONE | GOLD | KT_10 | 1ct | imgs:3
[22:56:29][PEAR] [1717] ? NIV-161F468846C19B97 | BASKET | DOUBLE | NONE | GOLD | KT_10 | 1ct | imgs:3
[22:56:32][PEAR] [1718] ? NIV-F57B2EBCE0C33E3D | BASKET | DOUBLE | NONE | GOLD | KT_14 | 1ct | imgs:3
[22:56:35][PEAR] [1719] ? NIV-F57B2EBCE0C33E3D | BASKET | DOUBLE | NONE | GOLD | KT_14 | 1ct | imgs:3
[22:56:38][PEAR] [1720] ? NIV-F57B2EBCE0C33E3D | BASKET | DOUBLE | NONE | GOLD | KT_14 | 1ct | imgs:3
[22:56:41][PEAR] [1721] ? NIV-8B54E0266A9FADDA | BASKET | DOUBLE | NONE | GOLD | KT_14 | 1ct | imgs:3
[22:56:44][PEAR] [1722] ? NIV-8B54E0266A9FADDA | BASKET | DOUBLE | NONE | GOLD | KT_14 | 1ct | imgs:3
[22:56:47][PEAR] [1723] ? NIV-8B54E0266A9FADDA | BASKET | DOUBLE | NONE | GOLD | KT_14 | 1ct | imgs:3
[22:56:50][PEAR] [1724] ? NIV-B7B31F626FB420EF | BASKET | DOUBLE | NONE | GOLD | KT_14 | 1ct | imgs:3
[22:56:53][PEAR] [1725] ? NIV-B7B31F626FB420EF | BASKET | DOUBLE | NONE | GOLD | KT_14 | 1ct | imgs:3
[22:56:56][PEAR] [1726] ? NIV-B7B31F626FB420EF | BASKET | DOUBLE | NONE | GOLD | KT_14 | 1ct | imgs:3
[22:56:59][PEAR] [1727] ? NIV-499C644E9E221135 | BASKET | DOUBLE | NONE | GOLD | KT_18 | 1ct | imgs:3
[22:57:02][PEAR] [1728] ? NIV-499C644E9E221135 | BASKET | DOUBLE | NONE | GOLD | KT_18 | 1ct | imgs:3
[22:57:05][PEAR] [1729] ? NIV-499C644E9E221135 | BASKET | DOUBLE | NONE | GOLD | KT_18 | 1ct | imgs:3
[22:57:08][PEAR] [1730] ? NIV-4711D6305BC2AC50 | BASKET | DOUBLE | NONE | GOLD | KT_18 | 1ct | imgs:3
[22:57:11][PEAR] [1731] ? NIV-4711D6305BC2AC50 | BASKET | DOUBLE | NONE | GOLD | KT_18 | 1ct | imgs:3
[22:57:14][PEAR] [1732] ? NIV-4711D6305BC2AC50 | BASKET | DOUBLE | NONE | GOLD | KT_18 | 1ct | imgs:3
[22:57:17][PEAR] [1733] ? NIV-AB8F00902F6F7994 | BASKET | DOUBLE | NONE | GOLD | KT_18 | 1ct | imgs:3
[22:57:20][PEAR] [1734] ? NIV-AB8F00902F6F7994 | BASKET | DOUBLE | NONE | GOLD | KT_18 | 1ct | imgs:3
[22:57:26][PEAR] [1735] ? NIV-AB8F00902F6F7994 | BASKET | DOUBLE | NONE | GOLD | KT_18 | 1ct | imgs:3
[22:57:29][PEAR] [1736] ? NIV-3EBCC86A832C6237 | BASKET | DOUBLE | NONE | PLATINUM | PT_950 | 1ct | imgs:3
[22:57:35][PEAR] [1737] ? NIV-945CEA0C4EAB9AE8 | BASKET | DOUBLE | NONE | GOLD | KT_10 | 1ct | imgs:3
[22:57:38][PEAR] [1738] ? NIV-945CEA0C4EAB9AE8 | BASKET | DOUBLE | NONE | GOLD | KT_10 | 1ct | imgs:3
[22:57:41][PEAR] [1739] ? NIV-945CEA0C4EAB9AE8 | BASKET | DOUBLE | NONE | GOLD | KT_10 | 1ct | imgs:3
[22:57:44][PEAR] [1740] ? NIV-D18E23E6C3359384 | BASKET | DOUBLE | NONE | GOLD | KT_10 | 1ct | imgs:3
[22:57:47][PEAR] [1741] ? NIV-D18E23E6C3359384 | BASKET | DOUBLE | NONE | GOLD | KT_10 | 1ct | imgs:3
[22:57:50][PEAR] [1742] ? NIV-D18E23E6C3359384 | BASKET | DOUBLE | NONE | GOLD | KT_10 | 1ct | imgs:3
[22:57:53][PEAR] [1743] ? NIV-50E817B83898AAA7 | BASKET | DOUBLE | NONE | GOLD | KT_10 | 1ct | imgs:3
[22:57:56][PEAR] [1744] ? NIV-50E817B83898AAA7 | BASKET | DOUBLE | NONE | GOLD | KT_10 | 1ct | imgs:3
[22:57:59][PEAR] [1745] ? NIV-50E817B83898AAA7 | BASKET | DOUBLE | NONE | GOLD | KT_10 | 1ct | imgs:3
[22:58:10][PEAR] [1746] ??  NIV-50E817B83898AAA7 | BASKET | DOUBLE | NONE | GOLD | KT_14 | 1ct | imgs:0
[22:58:14][PEAR] [1747] ? NIV-F4EC93F9F8FD7115 | BASKET | DOUBLE | NONE | GOLD | KT_14 | 1ct | imgs:3
[22:58:17][PEAR] [1748] ? NIV-F4EC93F9F8FD7115 | BASKET | DOUBLE | NONE | GOLD | KT_14 | 1ct | imgs:3
[22:58:20][PEAR] [1749] ? NIV-A68AD831DE26A343 | BASKET | DOUBLE | NONE | GOLD | KT_14 | 1ct | imgs:2
[22:58:26][PEAR] [1750] ? NIV-A68AD831DE26A343 | BASKET | DOUBLE | NONE | GOLD | KT_14 | 1ct | imgs:3
[22:58:29][PEAR] [1751] ? NIV-A68AD831DE26A343 | BASKET | DOUBLE | NONE | GOLD | KT_14 | 1ct | imgs:3
[22:58:32][PEAR] [1752] ? NIV-68B80A01D42B8C5F | BASKET | DOUBLE | NONE | GOLD | KT_14 | 1ct | imgs:3
[22:58:35][PEAR] [1753] ? NIV-68B80A01D42B8C5F | BASKET | DOUBLE | NONE | GOLD | KT_14 | 1ct | imgs:3
[22:58:38][PEAR] [1754] ? NIV-68B80A01D42B8C5F | BASKET | DOUBLE | NONE | GOLD | KT_14 | 1ct | imgs:3
[22:58:41][PEAR] [1755] ? NIV-86E1E51863C3AE73 | BASKET | DOUBLE | NONE | GOLD | KT_18 | 1ct | imgs:3
[22:58:44][PEAR] [1756] ? NIV-86E1E51863C3AE73 | BASKET | DOUBLE | NONE | GOLD | KT_18 | 1ct | imgs:3
[22:58:50][PEAR] [1757] ? NIV-86E1E51863C3AE73 | BASKET | DOUBLE | NONE | GOLD | KT_18 | 1ct | imgs:3
[22:58:53][PEAR] [1758] ? NIV-CD8B718A13B1E0B4 | BASKET | DOUBLE | NONE | GOLD | KT_18 | 1ct | imgs:3
[22:58:56][PEAR] [1759] ? NIV-CD8B718A13B1E0B4 | BASKET | DOUBLE | NONE | GOLD | KT_18 | 1ct | imgs:3
[22:59:02][PEAR] [1760] ? NIV-CD8B718A13B1E0B4 | BASKET | DOUBLE | NONE | GOLD | KT_18 | 1ct | imgs:3
[22:59:05][PEAR] [1761] ? NIV-675F7B469984FE9D | BASKET | DOUBLE | NONE | GOLD | KT_18 | 1ct | imgs:3
[22:59:08][PEAR] [1762] ? NIV-675F7B469984FE9D | BASKET | DOUBLE | NONE | GOLD | KT_18 | 1ct | imgs:3
[22:59:11][PEAR] [1763] ? NIV-675F7B469984FE9D | BASKET | DOUBLE | NONE | GOLD | KT_18 | 1ct | imgs:3
[22:59:14][PEAR] [1764] ? NIV-B11C76E803B7E06B | BASKET | DOUBLE | NONE | PLATINUM | PT_950 | 1ct | imgs:3
[22:59:20][PEAR] [1765] ? NIV-B01EB78BAE27271A | BASKET | DOUBLE | U_PAVE | GOLD | KT_10 | 1ct | imgs:3
[22:59:23][PEAR] [1766] ? NIV-B01EB78BAE27271A | BASKET | DOUBLE | U_PAVE | GOLD | KT_10 | 1ct | imgs:3
[22:59:29][PEAR] [1767] ? NIV-B01EB78BAE27271A | BASKET | DOUBLE | U_PAVE | GOLD | KT_10 | 1ct | imgs:3
[22:59:32][PEAR] [1768] ? NIV-FF704D42CD8D55D7 | BASKET | DOUBLE | U_PAVE | GOLD | KT_10 | 1ct | imgs:3
[22:59:35][PEAR] [1769] ? NIV-FF704D42CD8D55D7 | BASKET | DOUBLE | U_PAVE | GOLD | KT_10 | 1ct | imgs:3
[22:59:41][PEAR] [1770] ? NIV-FF704D42CD8D55D7 | BASKET | DOUBLE | U_PAVE | GOLD | KT_10 | 1ct | imgs:3
[22:59:44][PEAR] [1771] ? NIV-4096D4B68A41CE62 | BASKET | DOUBLE | U_PAVE | GOLD | KT_10 | 1ct | imgs:3
[22:59:47][PEAR] [1772] ? NIV-4096D4B68A41CE62 | BASKET | DOUBLE | U_PAVE | GOLD | KT_10 | 1ct | imgs:3
[22:59:50][PEAR] [1773] ? NIV-4096D4B68A41CE62 | BASKET | DOUBLE | U_PAVE | GOLD | KT_10 | 1ct | imgs:3
[22:59:53][PEAR] [1774] ? NIV-820D42F2786E50A7 | BASKET | DOUBLE | U_PAVE | GOLD | KT_14 | 1ct | imgs:3
[22:59:59][PEAR] [1775] ? NIV-820D42F2786E50A7 | BASKET | DOUBLE | U_PAVE | GOLD | KT_14 | 1ct | imgs:3
[23:00:02][PEAR] [1776] ? NIV-820D42F2786E50A7 | BASKET | DOUBLE | U_PAVE | GOLD | KT_14 | 1ct | imgs:3
[23:00:05][PEAR] [1777] ? NIV-D5B959894AECD740 | BASKET | DOUBLE | U_PAVE | GOLD | KT_14 | 1ct | imgs:3
[23:00:08][PEAR] [1778] ? NIV-D5B959894AECD740 | BASKET | DOUBLE | U_PAVE | GOLD | KT_14 | 1ct | imgs:3
[23:00:11][PEAR] [1779] ? NIV-D5B959894AECD740 | BASKET | DOUBLE | U_PAVE | GOLD | KT_14 | 1ct | imgs:3
[23:00:14][PEAR] [1780] ? NIV-D55EA4DB207DD038 | BASKET | DOUBLE | U_PAVE | GOLD | KT_14 | 1ct | imgs:3
[23:00:17][PEAR] [1781] ? NIV-D55EA4DB207DD038 | BASKET | DOUBLE | U_PAVE | GOLD | KT_14 | 1ct | imgs:3
[23:00:20][PEAR] [1782] ? NIV-D55EA4DB207DD038 | BASKET | DOUBLE | U_PAVE | GOLD | KT_14 | 1ct | imgs:3
[23:00:23][PEAR] [1783] ? NIV-909B34E3D807E956 | BASKET | DOUBLE | U_PAVE | GOLD | KT_18 | 1ct | imgs:3
[23:00:26][PEAR] [1784] ? NIV-909B34E3D807E956 | BASKET | DOUBLE | U_PAVE | GOLD | KT_18 | 1ct | imgs:3
[23:00:32][PEAR] [1785] ? NIV-909B34E3D807E956 | BASKET | DOUBLE | U_PAVE | GOLD | KT_18 | 1ct | imgs:3
[23:00:35][PEAR] [1786] ? NIV-170BD9775604D7C9 | BASKET | DOUBLE | U_PAVE | GOLD | KT_18 | 1ct | imgs:3
[23:00:38][PEAR] [1787] ? NIV-170BD9775604D7C9 | BASKET | DOUBLE | U_PAVE | GOLD | KT_18 | 1ct | imgs:3
[23:00:44][PEAR] [1788] ? NIV-170BD9775604D7C9 | BASKET | DOUBLE | U_PAVE | GOLD | KT_18 | 1ct | imgs:3
[23:00:47][PEAR] [1789] ? NIV-C9E18F382392F79C | BASKET | DOUBLE | U_PAVE | GOLD | KT_18 | 1ct | imgs:3
[23:00:50][PEAR] [1790] ? NIV-C9E18F382392F79C | BASKET | DOUBLE | U_PAVE | GOLD | KT_18 | 1ct | imgs:3
[23:00:53][PEAR] [1791] ? NIV-C9E18F382392F79C | BASKET | DOUBLE | U_PAVE | GOLD | KT_18 | 1ct | imgs:3
[23:00:56][PEAR] [1792] ? NIV-61BB85A642A483AF | BASKET | DOUBLE | U_PAVE | PLATINUM | PT_950 | 1ct | imgs:3
[23:00:59][PEAR] [1793] ? NIV-1CBF4BB6B3DEF060 | BASKET | DOUBLE | U_PAVE | GOLD | KT_10 | 1ct | imgs:3
[23:01:05][PEAR] [1794] ? NIV-1CBF4BB6B3DEF060 | BASKET | DOUBLE | U_PAVE | GOLD | KT_10 | 1ct | imgs:3
[23:01:08][PEAR] [1795] ? NIV-1CBF4BB6B3DEF060 | BASKET | DOUBLE | U_PAVE | GOLD | KT_10 | 1ct | imgs:3
[23:01:11][PEAR] [1796] ? NIV-B063103B1C110D57 | BASKET | DOUBLE | U_PAVE | GOLD | KT_10 | 1ct | imgs:3
[23:01:14][PEAR] [1797] ? NIV-B063103B1C110D57 | BASKET | DOUBLE | U_PAVE | GOLD | KT_10 | 1ct | imgs:3
[23:01:20][PEAR] [1798] ? NIV-B063103B1C110D57 | BASKET | DOUBLE | U_PAVE | GOLD | KT_10 | 1ct | imgs:3
[23:01:23][PEAR] [1799] ? NIV-B189AD35AA202E87 | BASKET | DOUBLE | U_PAVE | GOLD | KT_10 | 1ct | imgs:3
[23:01:26][PEAR] [1800] ? NIV-B189AD35AA202E87 | BASKET | DOUBLE | U_PAVE | GOLD | KT_10 | 1ct | imgs:3
[23:01:32][PEAR] [1801] ? NIV-B189AD35AA202E87 | BASKET | DOUBLE | U_PAVE | GOLD | KT_10 | 1ct | imgs:3
[23:01:35][PEAR] [1802] ? NIV-4882BC449D5EB1E8 | BASKET | DOUBLE | U_PAVE | GOLD | KT_14 | 1ct | imgs:3
[23:01:38][PEAR] [1803] ? NIV-4882BC449D5EB1E8 | BASKET | DOUBLE | U_PAVE | GOLD | KT_14 | 1ct | imgs:3
[23:01:41][PEAR] [1804] ? NIV-4882BC449D5EB1E8 | BASKET | DOUBLE | U_PAVE | GOLD | KT_14 | 1ct | imgs:3
[23:01:44][PEAR] [1805] ? NIV-9C971C82AA4818BF | BASKET | DOUBLE | U_PAVE | GOLD | KT_14 | 1ct | imgs:3
[23:01:47][PEAR] [1806] ? NIV-9C971C82AA4818BF | BASKET | DOUBLE | U_PAVE | GOLD | KT_14 | 1ct | imgs:3
[23:01:50][PEAR] [1807] ? NIV-9C971C82AA4818BF | BASKET | DOUBLE | U_PAVE | GOLD | KT_14 | 1ct | imgs:3
[23:01:53][PEAR] [1808] ? NIV-0DFE93F935BF4320 | BASKET | DOUBLE | U_PAVE | GOLD | KT_14 | 1ct | imgs:3
[23:01:56][PEAR] [1809] ? NIV-0DFE93F935BF4320 | BASKET | DOUBLE | U_PAVE | GOLD | KT_14 | 1ct | imgs:3
[23:02:02][PEAR] [1810] ? NIV-0DFE93F935BF4320 | BASKET | DOUBLE | U_PAVE | GOLD | KT_14 | 1ct | imgs:3
[23:02:05][PEAR] [1811] ? NIV-F034E7DDB7CDB4E3 | BASKET | DOUBLE | U_PAVE | GOLD | KT_18 | 1ct | imgs:3
[23:02:08][PEAR] [1812] ? NIV-F034E7DDB7CDB4E3 | BASKET | DOUBLE | U_PAVE | GOLD | KT_18 | 1ct | imgs:3
[23:02:11][PEAR] [1813] ? NIV-F034E7DDB7CDB4E3 | BASKET | DOUBLE | U_PAVE | GOLD | KT_18 | 1ct | imgs:3
[23:02:14][PEAR] [1814] ? NIV-8571E8622367D840 | BASKET | DOUBLE | U_PAVE | GOLD | KT_18 | 1ct | imgs:3
[23:02:17][PEAR] [1815] ? NIV-8571E8622367D840 | BASKET | DOUBLE | U_PAVE | GOLD | KT_18 | 1ct | imgs:3
[23:02:20][PEAR] [1816] ? NIV-8571E8622367D840 | BASKET | DOUBLE | U_PAVE | GOLD | KT_18 | 1ct | imgs:3
[23:02:23][PEAR] [1817] ? NIV-3B9C431D84D006DA | BASKET | DOUBLE | U_PAVE | GOLD | KT_18 | 1ct | imgs:3
[23:02:26][PEAR] [1818] ? NIV-3B9C431D84D006DA | BASKET | DOUBLE | U_PAVE | GOLD | KT_18 | 1ct | imgs:3
[23:02:32][PEAR] [1819] ? NIV-3B9C431D84D006DA | BASKET | DOUBLE | U_PAVE | GOLD | KT_18 | 1ct | imgs:3
[23:02:35][PEAR] [1820] ? NIV-7402D05D4AC3FCD9 | BASKET | DOUBLE | U_PAVE | PLATINUM | PT_950 | 1ct | imgs:3
[23:02:38][PEAR] [1821] ? NIV-10CEB15BFB636280 | BASKET | DOUBLE | U_PAVE | GOLD | KT_10 | 1ct | imgs:3
[23:02:44][PEAR] [1822] ? NIV-10CEB15BFB636280 | BASKET | DOUBLE | U_PAVE | GOLD | KT_10 | 1ct | imgs:3
[23:02:47][PEAR] [1823] ? NIV-10CEB15BFB636280 | BASKET | DOUBLE | U_PAVE | GOLD | KT_10 | 1ct | imgs:3
[23:02:50][PEAR] [1824] ? NIV-DE169C621B02F8EF | BASKET | DOUBLE | U_PAVE | GOLD | KT_10 | 1ct | imgs:3
[23:02:54][PEAR] [1825] ? NIV-DE169C621B02F8EF | BASKET | DOUBLE | U_PAVE | GOLD | KT_10 | 1ct | imgs:3
[23:02:59][PEAR] [1826] ? NIV-DE169C621B02F8EF | BASKET | DOUBLE | U_PAVE | GOLD | KT_10 | 1ct | imgs:3
[23:03:09][PEAR] [1827] ? NIV-01B8F3243BBFA14D | BASKET | DOUBLE | U_PAVE | GOLD | KT_10 | 1ct | imgs:3
[23:03:14][PEAR] [1828] ? NIV-01B8F3243BBFA14D | BASKET | DOUBLE | U_PAVE | GOLD | KT_10 | 1ct | imgs:3
[23:03:17][PEAR] [1829] ? NIV-01B8F3243BBFA14D | BASKET | DOUBLE | U_PAVE | GOLD | KT_10 | 1ct | imgs:3
[23:03:20][PEAR] [1830] ? NIV-38A35F2EC3DE41BB | BASKET | DOUBLE | U_PAVE | GOLD | KT_14 | 1ct | imgs:3
[23:03:26][PEAR] [1831] ? NIV-38A35F2EC3DE41BB | BASKET | DOUBLE | U_PAVE | GOLD | KT_14 | 1ct | imgs:3
[23:03:29][PEAR] [1832] ? NIV-38A35F2EC3DE41BB | BASKET | DOUBLE | U_PAVE | GOLD | KT_14 | 1ct | imgs:3
[23:03:32][PEAR] [1833] ? NIV-DBAFC24B09B2B066 | BASKET | DOUBLE | U_PAVE | GOLD | KT_14 | 1ct | imgs:3
[23:03:38][PEAR] [1834] ? NIV-DBAFC24B09B2B066 | BASKET | DOUBLE | U_PAVE | GOLD | KT_14 | 1ct | imgs:3
[23:03:41][PEAR] [1835] ? NIV-DBAFC24B09B2B066 | BASKET | DOUBLE | U_PAVE | GOLD | KT_14 | 1ct | imgs:3
[23:03:44][PEAR] [1836] ? NIV-03332898BAFB0D08 | BASKET | DOUBLE | U_PAVE | GOLD | KT_14 | 1ct | imgs:3
[23:03:47][PEAR] [1837] ? NIV-03332898BAFB0D08 | BASKET | DOUBLE | U_PAVE | GOLD | KT_14 | 1ct | imgs:3
[23:03:53][PEAR] [1838] ? NIV-03332898BAFB0D08 | BASKET | DOUBLE | U_PAVE | GOLD | KT_14 | 1ct | imgs:3
[23:03:56][PEAR] [1839] ? NIV-A0EBAB73CBBF846F | BASKET | DOUBLE | U_PAVE | GOLD | KT_18 | 1ct | imgs:3
[23:03:59][PEAR] [1840] ? NIV-A0EBAB73CBBF846F | BASKET | DOUBLE | U_PAVE | GOLD | KT_18 | 1ct | imgs:3
[23:04:05][PEAR] [1841] ? NIV-A0EBAB73CBBF846F | BASKET | DOUBLE | U_PAVE | GOLD | KT_18 | 1ct | imgs:3
[23:04:08][PEAR] [1842] ? NIV-292999BDAEE53102 | BASKET | DOUBLE | U_PAVE | GOLD | KT_18 | 1ct | imgs:3
[23:04:11][PEAR] [1843] ? NIV-292999BDAEE53102 | BASKET | DOUBLE | U_PAVE | GOLD | KT_18 | 1ct | imgs:3
[23:04:14][PEAR] [1844] ? NIV-292999BDAEE53102 | BASKET | DOUBLE | U_PAVE | GOLD | KT_18 | 1ct | imgs:3
[23:04:17][PEAR] [1845] ? NIV-47B676248EDDAB2B | BASKET | DOUBLE | U_PAVE | GOLD | KT_18 | 1ct | imgs:3
[23:04:20][PEAR] [1846] ? NIV-47B676248EDDAB2B | BASKET | DOUBLE | U_PAVE | GOLD | KT_18 | 1ct | imgs:3
[23:04:23][PEAR] [1847] ? NIV-47B676248EDDAB2B | BASKET | DOUBLE | U_PAVE | GOLD | KT_18 | 1ct | imgs:3
[23:04:26][PEAR] [1848] ? NIV-417297F4CDA38BCB | BASKET | DOUBLE | U_PAVE | PLATINUM | PT_950 | 1ct | imgs:3
[23:04:32][PEAR] [1849] ? NIV-DAAC0EBA25B37BB4 | BASKET | DOUBLE | U_PAVE | GOLD | KT_10 | 1ct | imgs:3
[23:04:35][PEAR] [1850] ? NIV-DAAC0EBA25B37BB4 | BASKET | DOUBLE | U_PAVE | GOLD | KT_10 | 1ct | imgs:3
[23:04:41][PEAR] [1851] ? NIV-DAAC0EBA25B37BB4 | BASKET | DOUBLE | U_PAVE | GOLD | KT_10 | 1ct | imgs:3
[23:04:44][PEAR] [1852] ? NIV-AB126FCDAB5AC90D | BASKET | DOUBLE | U_PAVE | GOLD | KT_10 | 1ct | imgs:3
[23:04:47][PEAR] [1853] ? NIV-AB126FCDAB5AC90D | BASKET | DOUBLE | U_PAVE | GOLD | KT_10 | 1ct | imgs:3
[23:04:50][PEAR] [1854] ? NIV-AB126FCDAB5AC90D | BASKET | DOUBLE | U_PAVE | GOLD | KT_10 | 1ct | imgs:3
[23:04:53][PEAR] [1855] ? NIV-0FFC67E6C2E91EA6 | BASKET | DOUBLE | U_PAVE | GOLD | KT_10 | 1ct | imgs:3
[23:04:56][PEAR] [1856] ? NIV-0FFC67E6C2E91EA6 | BASKET | DOUBLE | U_PAVE | GOLD | KT_10 | 1ct | imgs:3
[23:04:59][PEAR] [1857] ? NIV-0FFC67E6C2E91EA6 | BASKET | DOUBLE | U_PAVE | GOLD | KT_10 | 1ct | imgs:3
[23:05:03][PEAR] [1858] ? NIV-F1045CAF6EDC7874 | BASKET | DOUBLE | U_PAVE | GOLD | KT_14 | 1ct | imgs:3
[23:05:08][PEAR] [1859] ? NIV-F1045CAF6EDC7874 | BASKET | DOUBLE | U_PAVE | GOLD | KT_14 | 1ct | imgs:3
[23:05:11][PEAR] [1860] ? NIV-F1045CAF6EDC7874 | BASKET | DOUBLE | U_PAVE | GOLD | KT_14 | 1ct | imgs:3
[23:05:14][PEAR] [1861] ? NIV-67FA12C0C739362A | BASKET | DOUBLE | U_PAVE | GOLD | KT_14 | 1ct | imgs:3
[23:05:17][PEAR] [1862] ? NIV-67FA12C0C739362A | BASKET | DOUBLE | U_PAVE | GOLD | KT_14 | 1ct | imgs:3
[23:05:20][PEAR] [1863] ? NIV-67FA12C0C739362A | BASKET | DOUBLE | U_PAVE | GOLD | KT_14 | 1ct | imgs:3
[23:05:23][PEAR] [1864] ? NIV-890B93415E8D8BEB | BASKET | DOUBLE | U_PAVE | GOLD | KT_14 | 1ct | imgs:3
[23:05:26][PEAR] [1865] ? NIV-890B93415E8D8BEB | BASKET | DOUBLE | U_PAVE | GOLD | KT_14 | 1ct | imgs:3
[23:05:32][PEAR] [1866] ? NIV-890B93415E8D8BEB | BASKET | DOUBLE | U_PAVE | GOLD | KT_14 | 1ct | imgs:3
[23:05:35][PEAR] [1867] ? NIV-628DE9767B190E8A | BASKET | DOUBLE | U_PAVE | GOLD | KT_18 | 1ct | imgs:1
[23:05:41][PEAR] [1868] ? NIV-628DE9767B190E8A | BASKET | DOUBLE | U_PAVE | GOLD | KT_18 | 1ct | imgs:3
[23:05:44][PEAR] [1869] ? NIV-628DE9767B190E8A | BASKET | DOUBLE | U_PAVE | GOLD | KT_18 | 1ct | imgs:3
[23:05:47][PEAR] [1870] ? NIV-5DA664AB8D67BA76 | BASKET | DOUBLE | U_PAVE | GOLD | KT_18 | 1ct | imgs:3
[23:05:50][PEAR] [1871] ? NIV-5DA664AB8D67BA76 | BASKET | DOUBLE | U_PAVE | GOLD | KT_18 | 1ct | imgs:3
[23:05:53][PEAR] [1872] ? NIV-5DA664AB8D67BA76 | BASKET | DOUBLE | U_PAVE | GOLD | KT_18 | 1ct | imgs:3
[23:05:56][PEAR] [1873] ? NIV-5956C184A3501869 | BASKET | DOUBLE | U_PAVE | GOLD | KT_18 | 1ct | imgs:3
[23:05:59][PEAR] [1874] ? NIV-5956C184A3501869 | BASKET | DOUBLE | U_PAVE | GOLD | KT_18 | 1ct | imgs:3
[23:06:02][PEAR] [1875] ? NIV-5956C184A3501869 | BASKET | DOUBLE | U_PAVE | GOLD | KT_18 | 1ct | imgs:3
[23:06:05][PEAR] [1876] ? NIV-49A1A4C222A0C1A3 | BASKET | DOUBLE | U_PAVE | PLATINUM | PT_950 | 1ct | imgs:3
[23:06:11][PEAR] [1877] ? NIV-4CD793BF54BABCBA | BASKET | DOUBLE | U_PAVE | GOLD | KT_10 | 1ct | imgs:3
[23:06:14][PEAR] [1878] ? NIV-4CD793BF54BABCBA | BASKET | DOUBLE | U_PAVE | GOLD | KT_10 | 1ct | imgs:3
[23:06:17][PEAR] [1879] ? NIV-4CD793BF54BABCBA | BASKET | DOUBLE | U_PAVE | GOLD | KT_10 | 1ct | imgs:3
[23:06:20][PEAR] [1880] ? NIV-26B8DB32CBD983CA | BASKET | DOUBLE | U_PAVE | GOLD | KT_10 | 1ct | imgs:3
[23:06:26][PEAR] [1881] ? NIV-26B8DB32CBD983CA | BASKET | DOUBLE | U_PAVE | GOLD | KT_10 | 1ct | imgs:3
[23:06:29][PEAR] [1882] ? NIV-26B8DB32CBD983CA | BASKET | DOUBLE | U_PAVE | GOLD | KT_10 | 1ct | imgs:3
[23:06:32][PEAR] [1883] ? NIV-061E355B4EF769EB | BASKET | DOUBLE | U_PAVE | GOLD | KT_10 | 1ct | imgs:3
[23:06:35][PEAR] [1884] ? NIV-061E355B4EF769EB | BASKET | DOUBLE | U_PAVE | GOLD | KT_10 | 1ct | imgs:3
[23:06:41][PEAR] [1885] ? NIV-061E355B4EF769EB | BASKET | DOUBLE | U_PAVE | GOLD | KT_10 | 1ct | imgs:3
[23:06:44][PEAR] [1886] ? NIV-E6967223CB46146A | BASKET | DOUBLE | U_PAVE | GOLD | KT_14 | 1ct | imgs:3
[23:06:47][PEAR] [1887] ? NIV-E6967223CB46146A | BASKET | DOUBLE | U_PAVE | GOLD | KT_14 | 1ct | imgs:3
[23:06:53][PEAR] [1888] ? NIV-E6967223CB46146A | BASKET | DOUBLE | U_PAVE | GOLD | KT_14 | 1ct | imgs:3
[23:06:56][PEAR] [1889] ? NIV-98724C8BD070F63E | BASKET | DOUBLE | U_PAVE | GOLD | KT_14 | 1ct | imgs:3
[23:06:59][PEAR] [1890] ? NIV-98724C8BD070F63E | BASKET | DOUBLE | U_PAVE | GOLD | KT_14 | 1ct | imgs:3
[23:07:05][PEAR] [1891] ? NIV-98724C8BD070F63E | BASKET | DOUBLE | U_PAVE | GOLD | KT_14 | 1ct | imgs:3
[23:07:08][PEAR] [1892] ? NIV-EB842E7C2F726535 | BASKET | DOUBLE | U_PAVE | GOLD | KT_14 | 1ct | imgs:3
[23:07:11][PEAR] [1893] ? NIV-EB842E7C2F726535 | BASKET | DOUBLE | U_PAVE | GOLD | KT_14 | 1ct | imgs:3
[23:07:14][PEAR] [1894] ? NIV-EB842E7C2F726535 | BASKET | DOUBLE | U_PAVE | GOLD | KT_14 | 1ct | imgs:3
[23:07:20][PEAR] [1895] ? NIV-F4EC7DEC2C4A74B1 | BASKET | DOUBLE | U_PAVE | GOLD | KT_18 | 1ct | imgs:3
[23:07:23][PEAR] [1896] ? NIV-F4EC7DEC2C4A74B1 | BASKET | DOUBLE | U_PAVE | GOLD | KT_18 | 1ct | imgs:3
[23:07:26][PEAR] [1897] ? NIV-F4EC7DEC2C4A74B1 | BASKET | DOUBLE | U_PAVE | GOLD | KT_18 | 1ct | imgs:3
[23:07:31][PEAR] [1898] ? NIV-2E7864A131F5DC41 | BASKET | DOUBLE | U_PAVE | GOLD | KT_18 | 1ct | imgs:1
[23:07:35][PEAR] [1899] ? NIV-2E7864A131F5DC41 | BASKET | DOUBLE | U_PAVE | GOLD | KT_18 | 1ct | imgs:3
[23:07:41][PEAR] [1900] ? NIV-2E7864A131F5DC41 | BASKET | DOUBLE | U_PAVE | GOLD | KT_18 | 1ct | imgs:3
[23:07:44][PEAR] [1901] ? NIV-9FD5ED931D3987A4 | BASKET | DOUBLE | U_PAVE | GOLD | KT_18 | 1ct | imgs:3
[23:07:47][PEAR] [1902] ? NIV-9FD5ED931D3987A4 | BASKET | DOUBLE | U_PAVE | GOLD | KT_18 | 1ct | imgs:3
[23:07:50][PEAR] [1903] ? NIV-9FD5ED931D3987A4 | BASKET | DOUBLE | U_PAVE | GOLD | KT_18 | 1ct | imgs:3
[23:07:53][PEAR] [1904] ? NIV-BB650C52FE97E150 | BASKET | DOUBLE | U_PAVE | PLATINUM | PT_950 | 1ct | imgs:3
[23:07:59][PEAR] [1905] ? NIV-A610F1356D58A5C2 | BASKET | DOUBLE | U_PAVE | GOLD | KT_10 | 1ct | imgs:3
[23:08:02][PEAR] [1906] ? NIV-A610F1356D58A5C2 | BASKET | DOUBLE | U_PAVE | GOLD | KT_10 | 1ct | imgs:3
[23:08:08][PEAR] [1907] ? NIV-A610F1356D58A5C2 | BASKET | DOUBLE | U_PAVE | GOLD | KT_10 | 1ct | imgs:3
[23:08:11][PEAR] [1908] ? NIV-0861B62C06415F7B | BASKET | DOUBLE | U_PAVE | GOLD | KT_10 | 1ct | imgs:3
[23:08:14][PEAR] [1909] ? NIV-0861B62C06415F7B | BASKET | DOUBLE | U_PAVE | GOLD | KT_10 | 1ct | imgs:3
[23:08:17][PEAR] [1910] ? NIV-0861B62C06415F7B | BASKET | DOUBLE | U_PAVE | GOLD | KT_10 | 1ct | imgs:3
[23:08:20][PEAR] [1911] ? NIV-E76A3F5A36A842BA | BASKET | DOUBLE | U_PAVE | GOLD | KT_10 | 1ct | imgs:3
[23:08:23][PEAR] [1912] ? NIV-E76A3F5A36A842BA | BASKET | DOUBLE | U_PAVE | GOLD | KT_10 | 1ct | imgs:3
[23:08:29][PEAR] [1913] ? NIV-E76A3F5A36A842BA | BASKET | DOUBLE | U_PAVE | GOLD | KT_10 | 1ct | imgs:3
[23:08:32][PEAR] [1914] ? NIV-3696B90499EE5F12 | BASKET | DOUBLE | U_PAVE | GOLD | KT_14 | 1ct | imgs:3
[23:08:38][PEAR] [1915] ? NIV-3696B90499EE5F12 | BASKET | DOUBLE | U_PAVE | GOLD | KT_14 | 1ct | imgs:3
[23:08:41][PEAR] [1916] ? NIV-3696B90499EE5F12 | BASKET | DOUBLE | U_PAVE | GOLD | KT_14 | 1ct | imgs:3
[23:08:44][PEAR] [1917] ? NIV-6E93103A4B5A69A3 | BASKET | DOUBLE | U_PAVE | GOLD | KT_14 | 1ct | imgs:3
[23:08:47][PEAR] [1918] ? NIV-6E93103A4B5A69A3 | BASKET | DOUBLE | U_PAVE | GOLD | KT_14 | 1ct | imgs:3
[23:08:50][PEAR] [1919] ? NIV-6E93103A4B5A69A3 | BASKET | DOUBLE | U_PAVE | GOLD | KT_14 | 1ct | imgs:3
[23:08:53][PEAR] [1920] ? NIV-9219C197172D7D1F | BASKET | DOUBLE | U_PAVE | GOLD | KT_14 | 1ct | imgs:3
[23:08:56][PEAR] [1921] ? NIV-9219C197172D7D1F | BASKET | DOUBLE | U_PAVE | GOLD | KT_14 | 1ct | imgs:3
[23:09:02][PEAR] [1922] ? NIV-9219C197172D7D1F | BASKET | DOUBLE | U_PAVE | GOLD | KT_14 | 1ct | imgs:3
[23:09:05][PEAR] [1923] ? NIV-1E76870B946B9001 | BASKET | DOUBLE | U_PAVE | GOLD | KT_18 | 1ct | imgs:3
[23:09:08][PEAR] [1924] ? NIV-1E76870B946B9001 | BASKET | DOUBLE | U_PAVE | GOLD | KT_18 | 1ct | imgs:3
[23:09:11][PEAR] [1925] ? NIV-1E76870B946B9001 | BASKET | DOUBLE | U_PAVE | GOLD | KT_18 | 1ct | imgs:3
[23:09:14][PEAR] [1926] ? NIV-3167E4D511EC170C | BASKET | DOUBLE | U_PAVE | GOLD | KT_18 | 1ct | imgs:3
[23:09:17][PEAR] [1927] ? NIV-3167E4D511EC170C | BASKET | DOUBLE | U_PAVE | GOLD | KT_18 | 1ct | imgs:3
[23:09:20][PEAR] [1928] ? NIV-3167E4D511EC170C | BASKET | DOUBLE | U_PAVE | GOLD | KT_18 | 1ct | imgs:3
[23:09:23][PEAR] [1929] ? NIV-920A7D602C475755 | BASKET | DOUBLE | U_PAVE | GOLD | KT_18 | 1ct | imgs:3
[23:09:26][PEAR] [1930] ? NIV-920A7D602C475755 | BASKET | DOUBLE | U_PAVE | GOLD | KT_18 | 1ct | imgs:3
[23:09:32][PEAR] [1931] ? NIV-920A7D602C475755 | BASKET | DOUBLE | U_PAVE | GOLD | KT_18 | 1ct | imgs:3
[23:09:35][PEAR] [1932] ? NIV-9B38BA5A863EE2AE | BASKET | DOUBLE | U_PAVE | PLATINUM | PT_950 | 1ct | imgs:3
[23:09:44][PEAR] [1933] ? NIV-C8DA24DBC02224D5 | BASKET | DOUBLE | U_PAVE | GOLD | KT_10 | 1ct | imgs:3
[23:09:47][PEAR] [1934] ? NIV-C8DA24DBC02224D5 | BASKET | DOUBLE | U_PAVE | GOLD | KT_10 | 1ct | imgs:3
[23:09:53][PEAR] [1935] ? NIV-C8DA24DBC02224D5 | BASKET | DOUBLE | U_PAVE | GOLD | KT_10 | 1ct | imgs:3
[23:09:56][PEAR] [1936] ? NIV-EF1F4AE11EE57994 | BASKET | DOUBLE | U_PAVE | GOLD | KT_10 | 1ct | imgs:3
[23:09:59][PEAR] [1937] ? NIV-EF1F4AE11EE57994 | BASKET | DOUBLE | U_PAVE | GOLD | KT_10 | 1ct | imgs:3
[23:10:02][PEAR] [1938] ? NIV-EF1F4AE11EE57994 | BASKET | DOUBLE | U_PAVE | GOLD | KT_10 | 1ct | imgs:3
[23:10:05][PEAR] [1939] ? NIV-34EBB4BDFEF6D290 | BASKET | DOUBLE | U_PAVE | GOLD | KT_10 | 1ct | imgs:3
[23:10:08][PEAR] [1940] ? NIV-34EBB4BDFEF6D290 | BASKET | DOUBLE | U_PAVE | GOLD | KT_10 | 1ct | imgs:3
[23:10:11][PEAR] [1941] ? NIV-34EBB4BDFEF6D290 | BASKET | DOUBLE | U_PAVE | GOLD | KT_10 | 1ct | imgs:3
[23:10:17][PEAR] [1942] ? NIV-1E220B9028C594B9 | BASKET | DOUBLE | U_PAVE | GOLD | KT_14 | 1ct | imgs:3
[23:10:20][PEAR] [1943] ? NIV-1E220B9028C594B9 | BASKET | DOUBLE | U_PAVE | GOLD | KT_14 | 1ct | imgs:3
[23:10:23][PEAR] [1944] ? NIV-1E220B9028C594B9 | BASKET | DOUBLE | U_PAVE | GOLD | KT_14 | 1ct | imgs:3
[23:10:26][PEAR] [1945] ? NIV-F11EC20751E911CB | BASKET | DOUBLE | U_PAVE | GOLD | KT_14 | 1ct | imgs:3
[23:10:29][PEAR] [1946] ? NIV-F11EC20751E911CB | BASKET | DOUBLE | U_PAVE | GOLD | KT_14 | 1ct | imgs:3
[23:10:35][PEAR] [1947] ? NIV-F11EC20751E911CB | BASKET | DOUBLE | U_PAVE | GOLD | KT_14 | 1ct | imgs:3
[23:10:38][PEAR] [1948] ? NIV-317F84F16F562AD4 | BASKET | DOUBLE | U_PAVE | GOLD | KT_14 | 1ct | imgs:3
[23:10:41][PEAR] [1949] ? NIV-317F84F16F562AD4 | BASKET | DOUBLE | U_PAVE | GOLD | KT_14 | 1ct | imgs:3
[23:10:47][PEAR] [1950] ? NIV-317F84F16F562AD4 | BASKET | DOUBLE | U_PAVE | GOLD | KT_14 | 1ct | imgs:3
[23:10:50][PEAR] [1951] ? NIV-68C7F5DA4E5D4BA7 | BASKET | DOUBLE | U_PAVE | GOLD | KT_18 | 1ct | imgs:3
[23:10:53][PEAR] [1952] ? NIV-68C7F5DA4E5D4BA7 | BASKET | DOUBLE | U_PAVE | GOLD | KT_18 | 1ct | imgs:3
[23:10:59][PEAR] [1953] ? NIV-68C7F5DA4E5D4BA7 | BASKET | DOUBLE | U_PAVE | GOLD | KT_18 | 1ct | imgs:3
[23:11:02][PEAR] [1954] ? NIV-0D0CD324480D8B25 | BASKET | DOUBLE | U_PAVE | GOLD | KT_18 | 1ct | imgs:3
[23:11:05][PEAR] [1955] ? NIV-0D0CD324480D8B25 | BASKET | DOUBLE | U_PAVE | GOLD | KT_18 | 1ct | imgs:3
[23:11:08][PEAR] [1956] ? NIV-0D0CD324480D8B25 | BASKET | DOUBLE | U_PAVE | GOLD | KT_18 | 1ct | imgs:3
[23:11:11][PEAR] [1957] ? NIV-B626590C8DC955D9 | BASKET | DOUBLE | U_PAVE | GOLD | KT_18 | 1ct | imgs:3
[23:11:14][PEAR] [1958] ? NIV-B626590C8DC955D9 | BASKET | DOUBLE | U_PAVE | GOLD | KT_18 | 1ct | imgs:3
[23:11:17][PEAR] [1959] ? NIV-B626590C8DC955D9 | BASKET | DOUBLE | U_PAVE | GOLD | KT_18 | 1ct | imgs:3
[23:11:20][PEAR] [1960] ? NIV-68F683A8E2EEA969 | BASKET | DOUBLE | U_PAVE | PLATINUM | PT_950 | 1ct | imgs:3
[23:11:35][PEAR] [1961] ??  NIV-4B7903AB37E6ABF7 | BASKET | DOUBLE | U_PAVE | GOLD | KT_10 | 1ct | imgs:0
[23:11:35][PEAR]   Re-seleccionando PEAR (intento 1)
[23:11:35][PEAR]   Boton no encontrado ? recargando configurador...
[23:11:46][PEAR]   Re-seleccionando PEAR (intento 2)
[23:11:51][PEAR] [1962] ? NIV-7DA8D455A2AE5958 | BASKET | DOUBLE | U_PAVE | GOLD | KT_10 | 1ct | imgs:3
[23:11:53][PEAR] [1963] ? NIV-564AABB91BF56BF5 | BASKET | DOUBLE | U_PAVE | GOLD | KT_10 | 1ct | imgs:3
[23:11:59][PEAR] [1964] ? NIV-F90800C7F479B426 | BASKET | DOUBLE | U_PAVE | GOLD | KT_10 | 1ct | imgs:3
[23:12:02][PEAR] [1965] ? NIV-E9C5A8C18A98309E | BASKET | DOUBLE | U_PAVE | GOLD | KT_10 | 1ct | imgs:3
[23:12:04][PEAR] [1966] ? NIV-CA91397730759503 | BASKET | DOUBLE | U_PAVE | GOLD | KT_10 | 1ct | imgs:3
[23:12:08][PEAR] [1967] ? NIV-201813E54AAD676E | BASKET | DOUBLE | U_PAVE | GOLD | KT_10 | 1ct | imgs:3
[23:12:11][PEAR] [1968] ? NIV-560ECFDD33105F86 | BASKET | DOUBLE | U_PAVE | GOLD | KT_10 | 1ct | imgs:3
[23:12:13][PEAR] [1969] ? NIV-F0569425E60661CF | BASKET | DOUBLE | U_PAVE | GOLD | KT_10 | 1ct | imgs:3
[23:12:17][PEAR] [1970] ? NIV-638B37285FE6198E | BASKET | DOUBLE | U_PAVE | GOLD | KT_14 | 1ct | imgs:3
[23:12:19][PEAR] [1971] ? NIV-1815078B47B84782 | BASKET | DOUBLE | U_PAVE | GOLD | KT_14 | 1ct | imgs:3
[23:12:22][PEAR] [1972] ? NIV-AC6B232A224D37FA | BASKET | DOUBLE | U_PAVE | GOLD | KT_14 | 1ct | imgs:3
[23:12:25][PEAR] [1973] ? NIV-4FF03D3E2E598AFF | BASKET | DOUBLE | U_PAVE | GOLD | KT_14 | 1ct | imgs:3
[23:12:28][PEAR] [1974] ? NIV-D57EB831DCE834E8 | BASKET | DOUBLE | U_PAVE | GOLD | KT_14 | 1ct | imgs:3
[23:12:31][PEAR] [1975] ? NIV-A1E303B7255D44D5 | BASKET | DOUBLE | U_PAVE | GOLD | KT_14 | 1ct | imgs:3
[23:12:43][PEAR] [1976] ??  NIV-2C26E2EFE9A956DF | BASKET | DOUBLE | U_PAVE | GOLD | KT_14 | 1ct | imgs:0
[23:12:44][PEAR] [1977] ? NIV-C6DC6C40DFD35C78 | BASKET | DOUBLE | U_PAVE | GOLD | KT_14 | 1ct | imgs:1
[23:12:47][PEAR] [1978] ? NIV-2C26E2EFE9A956DF | BASKET | DOUBLE | U_PAVE | GOLD | KT_14 | 1ct | imgs:3
[23:12:53][PEAR] [1979] ? NIV-AABD95B950B34DF1 | BASKET | DOUBLE | U_PAVE | GOLD | KT_18 | 1ct | imgs:3
[23:12:55][PEAR] [1980] ? NIV-89E0F50132F79B32 | BASKET | DOUBLE | U_PAVE | GOLD | KT_18 | 1ct | imgs:3
[23:12:58][PEAR] [1981] ? NIV-C175F6C1D9DECDAB | BASKET | DOUBLE | U_PAVE | GOLD | KT_18 | 1ct | imgs:3
[23:13:02][PEAR] [1982] ? NIV-3856082831231231 | BASKET | DOUBLE | U_PAVE | GOLD | KT_18 | 1ct | imgs:3
[23:13:05][PEAR] [1983] ? NIV-FE6898A5C1792CC1 | BASKET | DOUBLE | U_PAVE | GOLD | KT_18 | 1ct | imgs:3
[23:13:07][PEAR] [1984] ? NIV-87E99FDAFFF17281 | BASKET | DOUBLE | U_PAVE | GOLD | KT_18 | 1ct | imgs:3
[23:13:10][PEAR] [1985] ? NIV-853B5380A5203887 | BASKET | DOUBLE | U_PAVE | GOLD | KT_18 | 1ct | imgs:3
[23:13:14][PEAR] [1986] ? NIV-79B08F9F0CE078D3 | BASKET | DOUBLE | U_PAVE | GOLD | KT_18 | 1ct | imgs:3
[23:13:16][PEAR] [1987] ? NIV-2B5A34D8091A2722 | BASKET | DOUBLE | U_PAVE | GOLD | KT_18 | 1ct | imgs:3
[23:13:19][PEAR] [1988] ? NIV-3580C704CD6D41A8 | BASKET | DOUBLE | U_PAVE | PLATINUM | PT_950 | 1ct | imgs:3
[23:13:26][PEAR] [1989] ? NIV-74AED66FDACF512C | BASKET | DOUBLE | U_PAVE | GOLD | KT_10 | 1ct | imgs:3
[23:13:29][PEAR] [1990] ? NIV-74AED66FDACF512C | BASKET | DOUBLE | U_PAVE | GOLD | KT_10 | 1ct | imgs:3
[23:13:34][PEAR] [1991] ? NIV-74AED66FDACF512C | BASKET | DOUBLE | U_PAVE | GOLD | KT_10 | 1ct | imgs:3
[23:13:37][PEAR] [1992] ? NIV-D955E591A46055C4 | BASKET | DOUBLE | U_PAVE | GOLD | KT_10 | 1ct | imgs:3
[23:13:41][PEAR] [1993] ? NIV-D955E591A46055C4 | BASKET | DOUBLE | U_PAVE | GOLD | KT_10 | 1ct | imgs:3
[23:13:44][PEAR] [1994] ? NIV-D955E591A46055C4 | BASKET | DOUBLE | U_PAVE | GOLD | KT_10 | 1ct | imgs:3
[23:13:47][PEAR] [1995] ? NIV-C1050C0AD02DB593 | BASKET | DOUBLE | U_PAVE | GOLD | KT_10 | 1ct | imgs:3
[23:13:50][PEAR] [1996] ? NIV-C1050C0AD02DB593 | BASKET | DOUBLE | U_PAVE | GOLD | KT_10 | 1ct | imgs:3
[23:13:56][PEAR] [1997] ? NIV-C1050C0AD02DB593 | BASKET | DOUBLE | U_PAVE | GOLD | KT_10 | 1ct | imgs:3
[23:13:59][PEAR] [1998] ? NIV-2CB954A1C83D6368 | BASKET | DOUBLE | U_PAVE | GOLD | KT_14 | 1ct | imgs:3
[23:14:02][PEAR] [1999] ? NIV-2CB954A1C83D6368 | BASKET | DOUBLE | U_PAVE | GOLD | KT_14 | 1ct | imgs:3
[23:14:05][PEAR] [2000] ? NIV-2CB954A1C83D6368 | BASKET | DOUBLE | U_PAVE | GOLD | KT_14 | 1ct | imgs:3
[23:14:07][PEAR] [2001] ? NIV-C8F61AC79C0D7A5F | BASKET | DOUBLE | U_PAVE | GOLD | KT_14 | 1ct | imgs:3
[23:14:11][PEAR] [2002] ? NIV-C8F61AC79C0D7A5F | BASKET | DOUBLE | U_PAVE | GOLD | KT_14 | 1ct | imgs:3
[23:14:14][PEAR] [2003] ? NIV-C8F61AC79C0D7A5F | BASKET | DOUBLE | U_PAVE | GOLD | KT_14 | 1ct | imgs:3
[23:14:17][PEAR] [2004] ? NIV-DD06738375118ED2 | BASKET | DOUBLE | U_PAVE | GOLD | KT_14 | 1ct | imgs:3
[23:14:20][PEAR] [2005] ? NIV-DD06738375118ED2 | BASKET | DOUBLE | U_PAVE | GOLD | KT_14 | 1ct | imgs:3
[23:14:26][PEAR] [2006] ? NIV-DD06738375118ED2 | BASKET | DOUBLE | U_PAVE | GOLD | KT_14 | 1ct | imgs:3
[23:14:29][PEAR] [2007] ? NIV-7DE91347E461A405 | BASKET | DOUBLE | U_PAVE | GOLD | KT_18 | 1ct | imgs:3
[23:14:32][PEAR] [2008] ? NIV-7DE91347E461A405 | BASKET | DOUBLE | U_PAVE | GOLD | KT_18 | 1ct | imgs:3
[23:14:37][PEAR] [2009] ? NIV-7DE91347E461A405 | BASKET | DOUBLE | U_PAVE | GOLD | KT_18 | 1ct | imgs:3
[23:14:41][PEAR] [2010] ? NIV-1BD27927E3929A3E | BASKET | DOUBLE | U_PAVE | GOLD | KT_18 | 1ct | imgs:3
[23:14:44][PEAR] [2011] ? NIV-1BD27927E3929A3E | BASKET | DOUBLE | U_PAVE | GOLD | KT_18 | 1ct | imgs:3
[23:14:49][PEAR] [2012] ? NIV-1BD27927E3929A3E | BASKET | DOUBLE | U_PAVE | GOLD | KT_18 | 1ct | imgs:3
[23:14:52][PEAR] [2013] ? NIV-3D06FBF6A303AE56 | BASKET | DOUBLE | U_PAVE | GOLD | KT_18 | 1ct | imgs:3
[23:14:56][PEAR] [2014] ? NIV-3D06FBF6A303AE56 | BASKET | DOUBLE | U_PAVE | GOLD | KT_18 | 1ct | imgs:3
[23:15:01][PEAR] [2015] ? NIV-3D06FBF6A303AE56 | BASKET | DOUBLE | U_PAVE | GOLD | KT_18 | 1ct | imgs:3
[23:15:04][PEAR] [2016] ? NIV-D7C968CC9F7C5936 | BASKET | DOUBLE | U_PAVE | PLATINUM | PT_950 | 1ct | imgs:3
[23:15:10][PEAR] [2017] ? NIV-7960F8A556F19160 | BASKET | DOUBLE | CHANNEL | GOLD | KT_10 | 1ct | imgs:3
[23:15:14][PEAR] [2018] ? NIV-7960F8A556F19160 | BASKET | DOUBLE | CHANNEL | GOLD | KT_10 | 1ct | imgs:3
[23:15:17][PEAR] [2019] ? NIV-7960F8A556F19160 | BASKET | DOUBLE | CHANNEL | GOLD | KT_10 | 1ct | imgs:3
[23:15:20][PEAR] [2020] ? NIV-6E8ADC3E5F5E7481 | BASKET | DOUBLE | CHANNEL | GOLD | KT_10 | 1ct | imgs:3
[23:15:23][PEAR] [2021] ? NIV-6E8ADC3E5F5E7481 | BASKET | DOUBLE | CHANNEL | GOLD | KT_10 | 1ct | imgs:3
[23:15:28][PEAR] [2022] ? NIV-6E8ADC3E5F5E7481 | BASKET | DOUBLE | CHANNEL | GOLD | KT_10 | 1ct | imgs:3
[23:15:32][PEAR] [2023] ? NIV-94BBB908B345FE42 | BASKET | DOUBLE | CHANNEL | GOLD | KT_10 | 1ct | imgs:3
[23:15:35][PEAR] [2024] ? NIV-94BBB908B345FE42 | BASKET | DOUBLE | CHANNEL | GOLD | KT_10 | 1ct | imgs:3
[23:15:40][PEAR] [2025] ? NIV-94BBB908B345FE42 | BASKET | DOUBLE | CHANNEL | GOLD | KT_10 | 1ct | imgs:3
[23:15:44][PEAR] [2026] ? NIV-DEBD3C8D3A0C0437 | BASKET | DOUBLE | CHANNEL | GOLD | KT_14 | 1ct | imgs:3
[23:15:47][PEAR] [2027] ? NIV-DEBD3C8D3A0C0437 | BASKET | DOUBLE | CHANNEL | GOLD | KT_14 | 1ct | imgs:3
[23:15:53][PEAR] [2028] ? NIV-DEBD3C8D3A0C0437 | BASKET | DOUBLE | CHANNEL | GOLD | KT_14 | 1ct | imgs:3
[23:15:55][PEAR] [2029] ? NIV-85B503DB26A91A51 | BASKET | DOUBLE | CHANNEL | GOLD | KT_14 | 1ct | imgs:3
[23:15:59][PEAR] [2030] ? NIV-85B503DB26A91A51 | BASKET | DOUBLE | CHANNEL | GOLD | KT_14 | 1ct | imgs:3
[23:16:02][PEAR] [2031] ? NIV-85B503DB26A91A51 | BASKET | DOUBLE | CHANNEL | GOLD | KT_14 | 1ct | imgs:3
[23:16:05][PEAR] [2032] ? NIV-DAAC84E890CDDA21 | BASKET | DOUBLE | CHANNEL | GOLD | KT_14 | 1ct | imgs:3
[23:16:08][PEAR] [2033] ? NIV-DAAC84E890CDDA21 | BASKET | DOUBLE | CHANNEL | GOLD | KT_14 | 1ct | imgs:3
[23:16:13][PEAR] [2034] ? NIV-DAAC84E890CDDA21 | BASKET | DOUBLE | CHANNEL | GOLD | KT_14 | 1ct | imgs:3
[23:16:17][PEAR] [2035] ? NIV-F2E9D5990DB63B68 | BASKET | DOUBLE | CHANNEL | GOLD | KT_18 | 1ct | imgs:3
[23:16:20][PEAR] [2036] ? NIV-F2E9D5990DB63B68 | BASKET | DOUBLE | CHANNEL | GOLD | KT_18 | 1ct | imgs:3
[23:16:23][PEAR] [2037] ? NIV-F2E9D5990DB63B68 | BASKET | DOUBLE | CHANNEL | GOLD | KT_18 | 1ct | imgs:3
[23:16:25][PEAR] [2038] ? NIV-EE5B76C542D62A60 | BASKET | DOUBLE | CHANNEL | GOLD | KT_18 | 1ct | imgs:3
[23:16:29][PEAR] [2039] ? NIV-EE5B76C542D62A60 | BASKET | DOUBLE | CHANNEL | GOLD | KT_18 | 1ct | imgs:3
[23:16:32][PEAR] [2040] ? NIV-EE5B76C542D62A60 | BASKET | DOUBLE | CHANNEL | GOLD | KT_18 | 1ct | imgs:3
[23:16:34][PEAR] [2041] ? NIV-D3A2A31CCD9372D2 | BASKET | DOUBLE | CHANNEL | GOLD | KT_18 | 1ct | imgs:3
[23:16:38][PEAR] [2042] ? NIV-D3A2A31CCD9372D2 | BASKET | DOUBLE | CHANNEL | GOLD | KT_18 | 1ct | imgs:3
[23:16:41][PEAR] [2043] ? NIV-D3A2A31CCD9372D2 | BASKET | DOUBLE | CHANNEL | GOLD | KT_18 | 1ct | imgs:3
[23:16:43][PEAR] [2044] ? NIV-66C2E6FF0A276EA0 | BASKET | DOUBLE | CHANNEL | PLATINUM | PT_950 | 1ct | imgs:3
[23:16:49][PEAR] [2045] ? NIV-CDC2E287441227CD | BASKET | DOUBLE | CHANNEL | GOLD | KT_10 | 1ct | imgs:3
[23:16:53][PEAR] [2046] ? NIV-CDC2E287441227CD | BASKET | DOUBLE | CHANNEL | GOLD | KT_10 | 1ct | imgs:3
[23:16:58][PEAR] [2047] ? NIV-CDC2E287441227CD | BASKET | DOUBLE | CHANNEL | GOLD | KT_10 | 1ct | imgs:3
[23:17:01][PEAR] [2048] ? NIV-FBA1ECBF0D106DF1 | BASKET | DOUBLE | CHANNEL | GOLD | KT_10 | 1ct | imgs:3
[23:17:05][PEAR] [2049] ? NIV-FBA1ECBF0D106DF1 | BASKET | DOUBLE | CHANNEL | GOLD | KT_10 | 1ct | imgs:3
[23:17:08][PEAR] [2050] ? NIV-FBA1ECBF0D106DF1 | BASKET | DOUBLE | CHANNEL | GOLD | KT_10 | 1ct | imgs:3
[23:17:11][PEAR] [2051] ? NIV-5C8D753386BD7A1C | BASKET | DOUBLE | CHANNEL | GOLD | KT_10 | 1ct | imgs:3
[23:17:14][PEAR] [2052] ? NIV-5C8D753386BD7A1C | BASKET | DOUBLE | CHANNEL | GOLD | KT_10 | 1ct | imgs:3
[23:17:19][PEAR] [2053] ? NIV-5C8D753386BD7A1C | BASKET | DOUBLE | CHANNEL | GOLD | KT_10 | 1ct | imgs:3
[23:17:22][PEAR] [2054] ? NIV-E151BA26FCF37631 | BASKET | DOUBLE | CHANNEL | GOLD | KT_14 | 1ct | imgs:3
[23:17:26][PEAR] [2055] ? NIV-E151BA26FCF37631 | BASKET | DOUBLE | CHANNEL | GOLD | KT_14 | 1ct | imgs:3
[23:17:29][PEAR] [2056] ? NIV-E151BA26FCF37631 | BASKET | DOUBLE | CHANNEL | GOLD | KT_14 | 1ct | imgs:3
[23:17:32][PEAR] [2057] ? NIV-2335AF20E0FCDBD8 | BASKET | DOUBLE | CHANNEL | GOLD | KT_14 | 1ct | imgs:3
[23:17:35][PEAR] [2058] ? NIV-2335AF20E0FCDBD8 | BASKET | DOUBLE | CHANNEL | GOLD | KT_14 | 1ct | imgs:3
[23:17:38][PEAR] [2059] ? NIV-2335AF20E0FCDBD8 | BASKET | DOUBLE | CHANNEL | GOLD | KT_14 | 1ct | imgs:3
[23:17:40][PEAR] [2060] ? NIV-0215BD6AA50A0385 | BASKET | DOUBLE | CHANNEL | GOLD | KT_14 | 1ct | imgs:3
[23:17:44][PEAR] [2061] ? NIV-0215BD6AA50A0385 | BASKET | DOUBLE | CHANNEL | GOLD | KT_14 | 1ct | imgs:3
[23:17:49][PEAR] [2062] ? NIV-0215BD6AA50A0385 | BASKET | DOUBLE | CHANNEL | GOLD | KT_14 | 1ct | imgs:3
[23:17:53][PEAR] [2063] ? NIV-6EACF32DA93C53DA | BASKET | DOUBLE | CHANNEL | GOLD | KT_18 | 1ct | imgs:3
[23:17:56][PEAR] [2064] ? NIV-6EACF32DA93C53DA | BASKET | DOUBLE | CHANNEL | GOLD | KT_18 | 1ct | imgs:3
[23:17:59][PEAR] [2065] ? NIV-6EACF32DA93C53DA | BASKET | DOUBLE | CHANNEL | GOLD | KT_18 | 1ct | imgs:3
[23:18:01][PEAR] [2066] ? NIV-C9956206BB2CD0B3 | BASKET | DOUBLE | CHANNEL | GOLD | KT_18 | 1ct | imgs:3
[23:18:05][PEAR] [2067] ? NIV-C9956206BB2CD0B3 | BASKET | DOUBLE | CHANNEL | GOLD | KT_18 | 1ct | imgs:3
[23:18:08][PEAR] [2068] ? NIV-C9956206BB2CD0B3 | BASKET | DOUBLE | CHANNEL | GOLD | KT_18 | 1ct | imgs:3
[23:18:11][PEAR] [2069] ? NIV-A08CBBD04A96E430 | BASKET | DOUBLE | CHANNEL | GOLD | KT_18 | 1ct | imgs:3
[23:18:14][PEAR] [2070] ? NIV-A08CBBD04A96E430 | BASKET | DOUBLE | CHANNEL | GOLD | KT_18 | 1ct | imgs:3
[23:18:19][PEAR] [2071] ? NIV-A08CBBD04A96E430 | BASKET | DOUBLE | CHANNEL | GOLD | KT_18 | 1ct | imgs:3
[23:18:22][PEAR] [2072] ? NIV-D21ED44BF24D7224 | BASKET | DOUBLE | CHANNEL | PLATINUM | PT_950 | 1ct | imgs:3
[23:18:26][PEAR] [2073] ? NIV-87A0C81ABC6E41DA | BASKET | DOUBLE | CHANNEL | GOLD | KT_10 | 1ct | imgs:3
[23:18:31][PEAR] [2074] ? NIV-87A0C81ABC6E41DA | BASKET | DOUBLE | CHANNEL | GOLD | KT_10 | 1ct | imgs:3
[23:18:35][PEAR] [2075] ? NIV-87A0C81ABC6E41DA | BASKET | DOUBLE | CHANNEL | GOLD | KT_10 | 1ct | imgs:3
[23:18:38][PEAR] [2076] ? NIV-D77AB393291BCB8A | BASKET | DOUBLE | CHANNEL | GOLD | KT_10 | 1ct | imgs:1
[23:18:44][PEAR] [2077] ? NIV-D77AB393291BCB8A | BASKET | DOUBLE | CHANNEL | GOLD | KT_10 | 1ct | imgs:3
[23:18:47][PEAR] [2078] ? NIV-D77AB393291BCB8A | BASKET | DOUBLE | CHANNEL | GOLD | KT_10 | 1ct | imgs:3
[23:18:50][PEAR] [2079] ? NIV-08BD5A2EE93D77AD | BASKET | DOUBLE | CHANNEL | GOLD | KT_10 | 1ct | imgs:3
[23:18:53][PEAR] [2080] ? NIV-08BD5A2EE93D77AD | BASKET | DOUBLE | CHANNEL | GOLD | KT_10 | 1ct | imgs:3
[23:18:58][PEAR] [2081] ? NIV-08BD5A2EE93D77AD | BASKET | DOUBLE | CHANNEL | GOLD | KT_10 | 1ct | imgs:3
[23:19:02][PEAR] [2082] ? NIV-A8DFD1EFEF846ADF | BASKET | DOUBLE | CHANNEL | GOLD | KT_14 | 1ct | imgs:3
[23:19:05][PEAR] [2083] ? NIV-A8DFD1EFEF846ADF | BASKET | DOUBLE | CHANNEL | GOLD | KT_14 | 1ct | imgs:3
[23:19:11][PEAR] [2084] ? NIV-A8DFD1EFEF846ADF | BASKET | DOUBLE | CHANNEL | GOLD | KT_14 | 1ct | imgs:3
[23:19:13][PEAR] [2085] ? NIV-FE91CF737630F764 | BASKET | DOUBLE | CHANNEL | GOLD | KT_14 | 1ct | imgs:3
[23:19:17][PEAR] [2086] ? NIV-FE91CF737630F764 | BASKET | DOUBLE | CHANNEL | GOLD | KT_14 | 1ct | imgs:3
[23:19:22][PEAR] [2087] ? NIV-FE91CF737630F764 | BASKET | DOUBLE | CHANNEL | GOLD | KT_14 | 1ct | imgs:3
[23:19:25][PEAR] [2088] ? NIV-8627605297B02D89 | BASKET | DOUBLE | CHANNEL | GOLD | KT_14 | 1ct | imgs:3
[23:19:30][PEAR] [2089] ? NIV-8627605297B02D89 | BASKET | DOUBLE | CHANNEL | GOLD | KT_14 | 1ct | imgs:3
[23:19:34][PEAR] [2090] ? NIV-8627605297B02D89 | BASKET | DOUBLE | CHANNEL | GOLD | KT_14 | 1ct | imgs:3
[23:19:38][PEAR] [2091] ? NIV-F23474CAC2268F53 | BASKET | DOUBLE | CHANNEL | GOLD | KT_18 | 1ct | imgs:3
[23:19:43][PEAR] [2092] ? NIV-F23474CAC2268F53 | BASKET | DOUBLE | CHANNEL | GOLD | KT_18 | 1ct | imgs:3
[23:19:47][PEAR] [2093] ? NIV-F23474CAC2268F53 | BASKET | DOUBLE | CHANNEL | GOLD | KT_18 | 1ct | imgs:3
[23:19:49][PEAR] [2094] ? NIV-83B857494FEC05CA | BASKET | DOUBLE | CHANNEL | GOLD | KT_18 | 1ct | imgs:3
[23:19:53][PEAR] [2095] ? NIV-83B857494FEC05CA | BASKET | DOUBLE | CHANNEL | GOLD | KT_18 | 1ct | imgs:3
[23:19:59][PEAR] [2096] ? NIV-83B857494FEC05CA | BASKET | DOUBLE | CHANNEL | GOLD | KT_18 | 1ct | imgs:3
[23:20:02][PEAR] [2097] ? NIV-63B1AFDFF8E8232B | BASKET | DOUBLE | CHANNEL | GOLD | KT_18 | 1ct | imgs:3
[23:20:05][PEAR] [2098] ? NIV-63B1AFDFF8E8232B | BASKET | DOUBLE | CHANNEL | GOLD | KT_18 | 1ct | imgs:3
[23:20:10][PEAR] [2099] ? NIV-63B1AFDFF8E8232B | BASKET | DOUBLE | CHANNEL | GOLD | KT_18 | 1ct | imgs:3
[23:20:14][PEAR] [2100] ? NIV-7DCCBC654EF56796 | BASKET | DOUBLE | CHANNEL | PLATINUM | PT_950 | 1ct | imgs:3
[23:20:20][PEAR] [2101] ? NIV-0249E01E010B766A | BASKET | DOUBLE | CHANNEL | GOLD | KT_10 | 1ct | imgs:3
[23:20:23][PEAR] [2102] ? NIV-0249E01E010B766A | BASKET | DOUBLE | CHANNEL | GOLD | KT_10 | 1ct | imgs:3
[23:20:28][PEAR] [2103] ? NIV-0249E01E010B766A | BASKET | DOUBLE | CHANNEL | GOLD | KT_10 | 1ct | imgs:3
[23:20:31][PEAR] [2104] ? NIV-F9657567958032DB | BASKET | DOUBLE | CHANNEL | GOLD | KT_10 | 1ct | imgs:3
[23:20:35][PEAR] [2105] ? NIV-F9657567958032DB | BASKET | DOUBLE | CHANNEL | GOLD | KT_10 | 1ct | imgs:3
[23:20:38][PEAR] [2106] ? NIV-F9657567958032DB | BASKET | DOUBLE | CHANNEL | GOLD | KT_10 | 1ct | imgs:3
[23:20:40][PEAR] [2107] ? NIV-25090B304E62BE36 | BASKET | DOUBLE | CHANNEL | GOLD | KT_10 | 1ct | imgs:3
[23:20:44][PEAR] [2108] ? NIV-25090B304E62BE36 | BASKET | DOUBLE | CHANNEL | GOLD | KT_10 | 1ct | imgs:3
[23:20:47][PEAR] [2109] ? NIV-25090B304E62BE36 | BASKET | DOUBLE | CHANNEL | GOLD | KT_10 | 1ct | imgs:3
[23:20:50][PEAR] [2110] ? NIV-10767073252AF496 | BASKET | DOUBLE | CHANNEL | GOLD | KT_14 | 1ct | imgs:3
[23:20:55][PEAR] [2111] ? NIV-10767073252AF496 | BASKET | DOUBLE | CHANNEL | GOLD | KT_14 | 1ct | imgs:3
[23:20:59][PEAR] [2112] ? NIV-10767073252AF496 | BASKET | DOUBLE | CHANNEL | GOLD | KT_14 | 1ct | imgs:3
[23:21:02][PEAR] [2113] ? NIV-2B6C6ED640CD7EB5 | BASKET | DOUBLE | CHANNEL | GOLD | KT_14 | 1ct | imgs:1
[23:21:08][PEAR] [2114] ? NIV-2B6C6ED640CD7EB5 | BASKET | DOUBLE | CHANNEL | GOLD | KT_14 | 1ct | imgs:3
[23:21:11][PEAR] [2115] ? NIV-2B6C6ED640CD7EB5 | BASKET | DOUBLE | CHANNEL | GOLD | KT_14 | 1ct | imgs:3
[23:21:14][PEAR] [2116] ? NIV-1FC865F267F39AF7 | BASKET | DOUBLE | CHANNEL | GOLD | KT_14 | 1ct | imgs:3
[23:21:20][PEAR] [2117] ? NIV-1FC865F267F39AF7 | BASKET | DOUBLE | CHANNEL | GOLD | KT_14 | 1ct | imgs:3
[23:21:23][PEAR] [2118] ? NIV-1FC865F267F39AF7 | BASKET | DOUBLE | CHANNEL | GOLD | KT_14 | 1ct | imgs:3
[23:21:26][PEAR] [2119] ? NIV-10D42DC2DD7A4BC9 | BASKET | DOUBLE | CHANNEL | GOLD | KT_18 | 1ct | imgs:3
[23:21:31][PEAR] [2120] ? NIV-10D42DC2DD7A4BC9 | BASKET | DOUBLE | CHANNEL | GOLD | KT_18 | 1ct | imgs:3
[23:21:35][PEAR] [2121] ? NIV-10D42DC2DD7A4BC9 | BASKET | DOUBLE | CHANNEL | GOLD | KT_18 | 1ct | imgs:3
[23:21:37][PEAR] [2122] ? NIV-44BE951073578C5A | BASKET | DOUBLE | CHANNEL | GOLD | KT_18 | 1ct | imgs:3
[23:21:41][PEAR] [2123] ? NIV-44BE951073578C5A | BASKET | DOUBLE | CHANNEL | GOLD | KT_18 | 1ct | imgs:3
[23:21:46][PEAR] [2124] ? NIV-44BE951073578C5A | BASKET | DOUBLE | CHANNEL | GOLD | KT_18 | 1ct | imgs:3
[23:21:49][PEAR] [2125] ? NIV-D186AAE6F49A1D87 | BASKET | DOUBLE | CHANNEL | GOLD | KT_18 | 1ct | imgs:3
[23:21:53][PEAR] [2126] ? NIV-D186AAE6F49A1D87 | BASKET | DOUBLE | CHANNEL | GOLD | KT_18 | 1ct | imgs:3
[23:21:56][PEAR] [2127] ? NIV-D186AAE6F49A1D87 | BASKET | DOUBLE | CHANNEL | GOLD | KT_18 | 1ct | imgs:3
[23:21:59][PEAR] [2128] ? NIV-06402D93B9E6FAFA | BASKET | DOUBLE | CHANNEL | PLATINUM | PT_950 | 1ct | imgs:3
[23:22:04][PEAR] [2129] ? NIV-D3F14222DFE943B6 | BASKET | DOUBLE | CHANNEL | GOLD | KT_10 | 1ct | imgs:3
[23:22:08][PEAR] [2130] ? NIV-D3F14222DFE943B6 | BASKET | DOUBLE | CHANNEL | GOLD | KT_10 | 1ct | imgs:3
[23:22:13][PEAR] [2131] ? NIV-D3F14222DFE943B6 | BASKET | DOUBLE | CHANNEL | GOLD | KT_10 | 1ct | imgs:3
[23:22:16][PEAR] [2132] ? NIV-635B708086093E66 | BASKET | DOUBLE | CHANNEL | GOLD | KT_10 | 1ct | imgs:3
[23:22:20][PEAR] [2133] ? NIV-635B708086093E66 | BASKET | DOUBLE | CHANNEL | GOLD | KT_10 | 1ct | imgs:3
[23:22:23][PEAR] [2134] ? NIV-635B708086093E66 | BASKET | DOUBLE | CHANNEL | GOLD | KT_10 | 1ct | imgs:3
[23:22:25][PEAR] [2135] ? NIV-8227152D3DB249CC | BASKET | DOUBLE | CHANNEL | GOLD | KT_10 | 1ct | imgs:3
[23:22:29][PEAR] [2136] ? NIV-8227152D3DB249CC | BASKET | DOUBLE | CHANNEL | GOLD | KT_10 | 1ct | imgs:3
[23:22:35][PEAR] [2137] ? NIV-8227152D3DB249CC | BASKET | DOUBLE | CHANNEL | GOLD | KT_10 | 1ct | imgs:3
[23:22:38][PEAR] [2138] ? NIV-19040E8E92A691DC | BASKET | DOUBLE | CHANNEL | GOLD | KT_14 | 1ct | imgs:3
[23:22:41][PEAR] [2139] ? NIV-19040E8E92A691DC | BASKET | DOUBLE | CHANNEL | GOLD | KT_14 | 1ct | imgs:3
[23:22:46][PEAR] [2140] ? NIV-19040E8E92A691DC | BASKET | DOUBLE | CHANNEL | GOLD | KT_14 | 1ct | imgs:3
[23:22:49][PEAR] [2141] ? NIV-383C6A387F143FD8 | BASKET | DOUBLE | CHANNEL | GOLD | KT_14 | 1ct | imgs:3
[23:22:53][PEAR] [2142] ? NIV-383C6A387F143FD8 | BASKET | DOUBLE | CHANNEL | GOLD | KT_14 | 1ct | imgs:3
[23:22:56][PEAR] [2143] ? NIV-383C6A387F143FD8 | BASKET | DOUBLE | CHANNEL | GOLD | KT_14 | 1ct | imgs:3
[23:22:58][PEAR] [2144] ? NIV-1FAC42DA8388EDC5 | BASKET | DOUBLE | CHANNEL | GOLD | KT_14 | 1ct | imgs:3
[23:23:02][PEAR] [2145] ? NIV-1FAC42DA8388EDC5 | BASKET | DOUBLE | CHANNEL | GOLD | KT_14 | 1ct | imgs:3
[23:23:05][PEAR] [2146] ? NIV-1FAC42DA8388EDC5 | BASKET | DOUBLE | CHANNEL | GOLD | KT_14 | 1ct | imgs:3
[23:23:08][PEAR] [2147] ? NIV-5D08D85599322C83 | BASKET | DOUBLE | CHANNEL | GOLD | KT_18 | 1ct | imgs:3
[23:23:13][PEAR] [2148] ? NIV-5D08D85599322C83 | BASKET | DOUBLE | CHANNEL | GOLD | KT_18 | 1ct | imgs:3
[23:23:17][PEAR] [2149] ? NIV-5D08D85599322C83 | BASKET | DOUBLE | CHANNEL | GOLD | KT_18 | 1ct | imgs:3
[23:23:19][PEAR] [2150] ? NIV-AD51CE790E2EEF09 | BASKET | DOUBLE | CHANNEL | GOLD | KT_18 | 1ct | imgs:3
[23:23:23][PEAR] [2151] ? NIV-AD51CE790E2EEF09 | BASKET | DOUBLE | CHANNEL | GOLD | KT_18 | 1ct | imgs:3
[23:23:29][PEAR] [2152] ? NIV-AD51CE790E2EEF09 | BASKET | DOUBLE | CHANNEL | GOLD | KT_18 | 1ct | imgs:3
[23:23:32][PEAR] [2153] ? NIV-A943F47212BAC3B4 | BASKET | DOUBLE | CHANNEL | GOLD | KT_18 | 1ct | imgs:3
[23:23:35][PEAR] [2154] ? NIV-A943F47212BAC3B4 | BASKET | DOUBLE | CHANNEL | GOLD | KT_18 | 1ct | imgs:3
[23:23:38][PEAR] [2155] ? NIV-A943F47212BAC3B4 | BASKET | DOUBLE | CHANNEL | GOLD | KT_18 | 1ct | imgs:3
[23:23:40][PEAR] [2156] ? NIV-2232B5C3B3E17E1F | BASKET | DOUBLE | CHANNEL | PLATINUM | PT_950 | 1ct | imgs:3
[23:23:47][PEAR] [2157] ? NIV-929E95C88C2CCB73 | BASKET | DOUBLE | CHANNEL | GOLD | KT_10 | 1ct | imgs:3
[23:23:50][PEAR] [2158] ? NIV-929E95C88C2CCB73 | BASKET | DOUBLE | CHANNEL | GOLD | KT_10 | 1ct | imgs:3
[23:23:56][PEAR] [2159] ? NIV-929E95C88C2CCB73 | BASKET | DOUBLE | CHANNEL | GOLD | KT_10 | 1ct | imgs:3
[23:23:59][PEAR] [2160] ? NIV-49A24A6C653F5E8E | BASKET | DOUBLE | CHANNEL | GOLD | KT_10 | 1ct | imgs:3
[23:24:02][PEAR] [2161] ? NIV-49A24A6C653F5E8E | BASKET | DOUBLE | CHANNEL | GOLD | KT_10 | 1ct | imgs:3
[23:24:07][PEAR] [2162] ? NIV-49A24A6C653F5E8E | BASKET | DOUBLE | CHANNEL | GOLD | KT_10 | 1ct | imgs:3
[23:24:10][PEAR] [2163] ? NIV-CA0D93313E6506F8 | BASKET | DOUBLE | CHANNEL | GOLD | KT_10 | 1ct | imgs:3
[23:24:14][PEAR] [2164] ? NIV-CA0D93313E6506F8 | BASKET | DOUBLE | CHANNEL | GOLD | KT_10 | 1ct | imgs:3
[23:24:17][PEAR] [2165] ? NIV-CA0D93313E6506F8 | BASKET | DOUBLE | CHANNEL | GOLD | KT_10 | 1ct | imgs:3
[23:24:22][PEAR] [2166] ? NIV-429220200F7E1A8E | BASKET | DOUBLE | CHANNEL | GOLD | KT_14 | 1ct | imgs:3
[23:24:26][PEAR] [2167] ? NIV-429220200F7E1A8E | BASKET | DOUBLE | CHANNEL | GOLD | KT_14 | 1ct | imgs:3
[23:24:31][PEAR] [2168] ? NIV-429220200F7E1A8E | BASKET | DOUBLE | CHANNEL | GOLD | KT_14 | 1ct | imgs:3
[23:24:34][PEAR] [2169] ? NIV-762D46B38C3753A8 | BASKET | DOUBLE | CHANNEL | GOLD | KT_14 | 1ct | imgs:3
[23:24:38][PEAR] [2170] ? NIV-762D46B38C3753A8 | BASKET | DOUBLE | CHANNEL | GOLD | KT_14 | 1ct | imgs:3
[23:24:41][PEAR] [2171] ? NIV-762D46B38C3753A8 | BASKET | DOUBLE | CHANNEL | GOLD | KT_14 | 1ct | imgs:3
[23:24:43][PEAR] [2172] ? NIV-D9ACA9A068AC9C58 | BASKET | DOUBLE | CHANNEL | GOLD | KT_14 | 1ct | imgs:3
[23:24:47][PEAR] [2173] ? NIV-D9ACA9A068AC9C58 | BASKET | DOUBLE | CHANNEL | GOLD | KT_14 | 1ct | imgs:3
[23:24:50][PEAR] [2174] ? NIV-D9ACA9A068AC9C58 | BASKET | DOUBLE | CHANNEL | GOLD | KT_14 | 1ct | imgs:3
[23:24:53][PEAR] [2175] ? NIV-BCE7F0912DB58FD0 | BASKET | DOUBLE | CHANNEL | GOLD | KT_18 | 1ct | imgs:3
[23:24:56][PEAR] [2176] ? NIV-BCE7F0912DB58FD0 | BASKET | DOUBLE | CHANNEL | GOLD | KT_18 | 1ct | imgs:3
[23:25:01][PEAR] [2177] ? NIV-BCE7F0912DB58FD0 | BASKET | DOUBLE | CHANNEL | GOLD | KT_18 | 1ct | imgs:3
[23:25:08][PEAR] [2178] ? NIV-FDC7C8C9BF3A490D | BASKET | DOUBLE | CHANNEL | GOLD | KT_18 | 1ct | imgs:3
[23:25:13][PEAR] [2179] ? NIV-FDC7C8C9BF3A490D | BASKET | DOUBLE | CHANNEL | GOLD | KT_18 | 1ct | imgs:3
[23:25:17][PEAR] [2180] ? NIV-FDC7C8C9BF3A490D | BASKET | DOUBLE | CHANNEL | GOLD | KT_18 | 1ct | imgs:3
[23:25:19][PEAR] [2181] ? NIV-A930BEAD60C289E5 | BASKET | DOUBLE | CHANNEL | GOLD | KT_18 | 1ct | imgs:3
[23:25:23][PEAR] [2182] ? NIV-A930BEAD60C289E5 | BASKET | DOUBLE | CHANNEL | GOLD | KT_18 | 1ct | imgs:3
[23:25:26][PEAR] [2183] ? NIV-A930BEAD60C289E5 | BASKET | DOUBLE | CHANNEL | GOLD | KT_18 | 1ct | imgs:3
[23:25:28][PEAR] [2184] ? NIV-A795C490A581F7B7 | BASKET | DOUBLE | CHANNEL | PLATINUM | PT_950 | 1ct | imgs:3
[23:25:37][PEAR] [2185] ? NIV-99AB1B49E0D41887 | BASKET | DOUBLE | CHANNEL | GOLD | KT_10 | 1ct | imgs:3
[23:25:41][PEAR] [2186] ? NIV-99AB1B49E0D41887 | BASKET | DOUBLE | CHANNEL | GOLD | KT_10 | 1ct | imgs:3
[23:25:44][PEAR] [2187] ? NIV-99AB1B49E0D41887 | BASKET | DOUBLE | CHANNEL | GOLD | KT_10 | 1ct | imgs:3
[23:25:46][PEAR] [2188] ? NIV-F4D3BEE0C4121151 | BASKET | DOUBLE | CHANNEL | GOLD | KT_10 | 1ct | imgs:3
[23:25:50][PEAR] [2189] ? NIV-F4D3BEE0C4121151 | BASKET | DOUBLE | CHANNEL | GOLD | KT_10 | 1ct | imgs:3
[23:25:53][PEAR] [2190] ? NIV-F4D3BEE0C4121151 | BASKET | DOUBLE | CHANNEL | GOLD | KT_10 | 1ct | imgs:3
[23:25:56][PEAR] [2191] ? NIV-6B3D1B4BED36F81B | BASKET | DOUBLE | CHANNEL | GOLD | KT_10 | 1ct | imgs:3
[23:25:59][PEAR] [2192] ? NIV-6B3D1B4BED36F81B | BASKET | DOUBLE | CHANNEL | GOLD | KT_10 | 1ct | imgs:3
[23:26:05][PEAR] [2193] ? NIV-6B3D1B4BED36F81B | BASKET | DOUBLE | CHANNEL | GOLD | KT_10 | 1ct | imgs:3
[23:26:08][PEAR] [2194] ? NIV-2318D089F96C0A2C | BASKET | DOUBLE | CHANNEL | GOLD | KT_14 | 1ct | imgs:3
[23:26:11][PEAR] [2195] ? NIV-2318D089F96C0A2C | BASKET | DOUBLE | CHANNEL | GOLD | KT_14 | 1ct | imgs:3
[23:26:17][PEAR] [2196] ? NIV-2318D089F96C0A2C | BASKET | DOUBLE | CHANNEL | GOLD | KT_14 | 1ct | imgs:3
[23:26:20][PEAR] [2197] ? NIV-D672ECDACC64B5FF | BASKET | DOUBLE | CHANNEL | GOLD | KT_14 | 1ct | imgs:3
[23:26:23][PEAR] [2198] ? NIV-D672ECDACC64B5FF | BASKET | DOUBLE | CHANNEL | GOLD | KT_14 | 1ct | imgs:3
[23:26:26][PEAR] [2199] ? NIV-D672ECDACC64B5FF | BASKET | DOUBLE | CHANNEL | GOLD | KT_14 | 1ct | imgs:3
[23:26:28][PEAR] [2200] ? NIV-A64D38CC875C074C | BASKET | DOUBLE | CHANNEL | GOLD | KT_14 | 1ct | imgs:3
[23:26:32][PEAR] [2201] ? NIV-A64D38CC875C074C | BASKET | DOUBLE | CHANNEL | GOLD | KT_14 | 1ct | imgs:3
[23:26:35][PEAR] [2202] ? NIV-A64D38CC875C074C | BASKET | DOUBLE | CHANNEL | GOLD | KT_14 | 1ct | imgs:3
[23:26:40][PEAR] [2203] ? NIV-9719386E6AFEBDF8 | BASKET | DOUBLE | CHANNEL | GOLD | KT_18 | 1ct | imgs:3
[23:26:44][PEAR] [2204] ? NIV-9719386E6AFEBDF8 | BASKET | DOUBLE | CHANNEL | GOLD | KT_18 | 1ct | imgs:3
[23:26:47][PEAR] [2205] ? NIV-9719386E6AFEBDF8 | BASKET | DOUBLE | CHANNEL | GOLD | KT_18 | 1ct | imgs:3
[23:26:50][PEAR] [2206] ? NIV-9FD0640375C61634 | BASKET | DOUBLE | CHANNEL | GOLD | KT_18 | 1ct | imgs:1
[23:26:53][PEAR] [2207] ? NIV-9FD0640375C61634 | BASKET | DOUBLE | CHANNEL | GOLD | KT_18 | 1ct | imgs:3
[23:26:56][PEAR] [2208] ? NIV-9FD0640375C61634 | BASKET | DOUBLE | CHANNEL | GOLD | KT_18 | 1ct | imgs:3
[23:26:59][PEAR] [2209] ? NIV-1B261146752AFC8F | BASKET | DOUBLE | CHANNEL | GOLD | KT_18 | 1ct | imgs:3
[23:27:02][PEAR] [2210] ? NIV-1B261146752AFC8F | BASKET | DOUBLE | CHANNEL | GOLD | KT_18 | 1ct | imgs:3
[23:27:05][PEAR] [2211] ? NIV-1B261146752AFC8F | BASKET | DOUBLE | CHANNEL | GOLD | KT_18 | 1ct | imgs:3
[23:27:07][PEAR] [2212] ? NIV-6CD2960F24C74292 | BASKET | DOUBLE | CHANNEL | PLATINUM | PT_950 | 1ct | imgs:3
[23:27:13][PEAR] [2213] ? NIV-BDA02F4AFEB65C16 | BASKET | DOUBLE | CHANNEL | GOLD | KT_10 | 1ct | imgs:3
[23:27:17][PEAR] [2214] ? NIV-BDA02F4AFEB65C16 | BASKET | DOUBLE | CHANNEL | GOLD | KT_10 | 1ct | imgs:3
[23:27:20][PEAR] [2215] ? NIV-BDA02F4AFEB65C16 | BASKET | DOUBLE | CHANNEL | GOLD | KT_10 | 1ct | imgs:3
[23:27:22][PEAR] [2216] ? NIV-F16D192459760908 | BASKET | DOUBLE | CHANNEL | GOLD | KT_10 | 1ct | imgs:3
[23:27:26][PEAR] [2217] ? NIV-F16D192459760908 | BASKET | DOUBLE | CHANNEL | GOLD | KT_10 | 1ct | imgs:3
[23:27:29][PEAR] [2218] ? NIV-F16D192459760908 | BASKET | DOUBLE | CHANNEL | GOLD | KT_10 | 1ct | imgs:3
[23:27:32][PEAR] [2219] ? NIV-884E6181EE7BD64C | BASKET | DOUBLE | CHANNEL | GOLD | KT_10 | 1ct | imgs:3
[23:27:35][PEAR] [2220] ? NIV-884E6181EE7BD64C | BASKET | DOUBLE | CHANNEL | GOLD | KT_10 | 1ct | imgs:3
[23:27:38][PEAR] [2221] ? NIV-884E6181EE7BD64C | BASKET | DOUBLE | CHANNEL | GOLD | KT_10 | 1ct | imgs:3
[23:27:44][PEAR] [2222] ? NIV-62CCE1218339A122 | BASKET | DOUBLE | CHANNEL | GOLD | KT_14 | 1ct | imgs:3
[23:27:49][PEAR] [2223] ? NIV-62CCE1218339A122 | BASKET | DOUBLE | CHANNEL | GOLD | KT_14 | 1ct | imgs:3
[23:27:53][PEAR] [2224] ? NIV-62CCE1218339A122 | BASKET | DOUBLE | CHANNEL | GOLD | KT_14 | 1ct | imgs:3
[23:27:56][PEAR] [2225] ? NIV-97362DF09D5BB485 | BASKET | DOUBLE | CHANNEL | GOLD | KT_14 | 1ct | imgs:3
[23:27:59][PEAR] [2226] ? NIV-97362DF09D5BB485 | BASKET | DOUBLE | CHANNEL | GOLD | KT_14 | 1ct | imgs:3
[23:28:05][PEAR] [2227] ? NIV-97362DF09D5BB485 | BASKET | DOUBLE | CHANNEL | GOLD | KT_14 | 1ct | imgs:3
[23:28:08][PEAR] [2228] ? NIV-72EFA0207B54226B | BASKET | DOUBLE | CHANNEL | GOLD | KT_14 | 1ct | imgs:3
[23:28:11][PEAR] [2229] ? NIV-72EFA0207B54226B | BASKET | DOUBLE | CHANNEL | GOLD | KT_14 | 1ct | imgs:3
[23:28:16][PEAR] [2230] ? NIV-72EFA0207B54226B | BASKET | DOUBLE | CHANNEL | GOLD | KT_14 | 1ct | imgs:3
[23:28:19][PEAR] [2231] ? NIV-10E8E7F6F8E44918 | BASKET | DOUBLE | CHANNEL | GOLD | KT_18 | 1ct | imgs:3
[23:28:23][PEAR] [2232] ? NIV-10E8E7F6F8E44918 | BASKET | DOUBLE | CHANNEL | GOLD | KT_18 | 1ct | imgs:3
[23:28:26][PEAR] [2233] ? NIV-10E8E7F6F8E44918 | BASKET | DOUBLE | CHANNEL | GOLD | KT_18 | 1ct | imgs:3
[23:28:28][PEAR] [2234] ? NIV-6102409D5352992E | BASKET | DOUBLE | CHANNEL | GOLD | KT_18 | 1ct | imgs:3
[23:28:32][PEAR] [2235] ? NIV-6102409D5352992E | BASKET | DOUBLE | CHANNEL | GOLD | KT_18 | 1ct | imgs:3
[23:28:37][PEAR] [2236] ? NIV-6102409D5352992E | BASKET | DOUBLE | CHANNEL | GOLD | KT_18 | 1ct | imgs:3
[23:28:40][PEAR] [2237] ? NIV-DF94F095BD4BC0D4 | BASKET | DOUBLE | CHANNEL | GOLD | KT_18 | 1ct | imgs:3
[23:28:44][PEAR] [2238] ? NIV-DF94F095BD4BC0D4 | BASKET | DOUBLE | CHANNEL | GOLD | KT_18 | 1ct | imgs:3
[23:28:49][PEAR] [2239] ? NIV-DF94F095BD4BC0D4 | BASKET | DOUBLE | CHANNEL | GOLD | KT_18 | 1ct | imgs:3
[23:28:52][PEAR] [2240] ? NIV-8DB1EBC88B235CE6 | BASKET | DOUBLE | CHANNEL | PLATINUM | PT_950 | 1ct | imgs:3
[23:28:58][PEAR] [2241] ? NIV-AE40BD4923877D89 | BASKET | DOUBLE | CHANNEL | GOLD | KT_10 | 1ct | imgs:3
[23:29:02][PEAR] [2242] ? NIV-AE40BD4923877D89 | BASKET | DOUBLE | CHANNEL | GOLD | KT_10 | 1ct | imgs:3
[23:29:08][PEAR] [2243] ? NIV-AE40BD4923877D89 | BASKET | DOUBLE | CHANNEL | GOLD | KT_10 | 1ct | imgs:3
[23:29:10][PEAR] [2244] ? NIV-5836D3EB72DDDB2B | BASKET | DOUBLE | CHANNEL | GOLD | KT_10 | 1ct | imgs:3
[23:29:14][PEAR] [2245] ? NIV-5836D3EB72DDDB2B | BASKET | DOUBLE | CHANNEL | GOLD | KT_10 | 1ct | imgs:3
[23:29:19][PEAR] [2246] ? NIV-5836D3EB72DDDB2B | BASKET | DOUBLE | CHANNEL | GOLD | KT_10 | 1ct | imgs:3
[23:29:22][PEAR] [2247] ? NIV-8C8E572E90ECC285 | BASKET | DOUBLE | CHANNEL | GOLD | KT_10 | 1ct | imgs:3
[23:29:28][PEAR] [2248] ? NIV-8C8E572E90ECC285 | BASKET | DOUBLE | CHANNEL | GOLD | KT_10 | 1ct | imgs:3
[23:29:32][PEAR] [2249] ? NIV-8C8E572E90ECC285 | BASKET | DOUBLE | CHANNEL | GOLD | KT_10 | 1ct | imgs:3
[23:29:35][PEAR] [2250] ? NIV-94762A4652719BA8 | BASKET | DOUBLE | CHANNEL | GOLD | KT_14 | 1ct | imgs:3
[23:29:41][PEAR] [2251] ? NIV-94762A4652719BA8 | BASKET | DOUBLE | CHANNEL | GOLD | KT_14 | 1ct | imgs:3
[23:29:44][PEAR] [2252] ? NIV-94762A4652719BA8 | BASKET | DOUBLE | CHANNEL | GOLD | KT_14 | 1ct | imgs:3
[23:29:46][PEAR] [2253] ? NIV-5EAE752E37D34701 | BASKET | DOUBLE | CHANNEL | GOLD | KT_14 | 1ct | imgs:3
[23:29:50][PEAR] [2254] ? NIV-5EAE752E37D34701 | BASKET | DOUBLE | CHANNEL | GOLD | KT_14 | 1ct | imgs:3
[23:29:53][PEAR] [2255] ? NIV-5EAE752E37D34701 | BASKET | DOUBLE | CHANNEL | GOLD | KT_14 | 1ct | imgs:3
[23:29:56][PEAR] [2256] ? NIV-9CDE64C67AC69C25 | BASKET | DOUBLE | CHANNEL | GOLD | KT_14 | 1ct | imgs:3
[23:29:59][PEAR] [2257] ? NIV-9CDE64C67AC69C25 | BASKET | DOUBLE | CHANNEL | GOLD | KT_14 | 1ct | imgs:3
[23:30:04][PEAR] [2258] ? NIV-9CDE64C67AC69C25 | BASKET | DOUBLE | CHANNEL | GOLD | KT_14 | 1ct | imgs:3
[23:30:08][PEAR] [2259] ? NIV-5AC978F04DB51636 | BASKET | DOUBLE | CHANNEL | GOLD | KT_18 | 1ct | imgs:3
[23:30:11][PEAR] [2260] ? NIV-5AC978F04DB51636 | BASKET | DOUBLE | CHANNEL | GOLD | KT_18 | 1ct | imgs:3
[23:30:16][PEAR] [2261] ? NIV-5AC978F04DB51636 | BASKET | DOUBLE | CHANNEL | GOLD | KT_18 | 1ct | imgs:3
[23:30:19][PEAR] [2262] ? NIV-92285F0D6681E0D4 | BASKET | DOUBLE | CHANNEL | GOLD | KT_18 | 1ct | imgs:3
[23:30:23][PEAR] [2263] ? NIV-92285F0D6681E0D4 | BASKET | DOUBLE | CHANNEL | GOLD | KT_18 | 1ct | imgs:3
[23:30:26][PEAR] [2264] ? NIV-92285F0D6681E0D4 | BASKET | DOUBLE | CHANNEL | GOLD | KT_18 | 1ct | imgs:3
[23:30:29][PEAR] [2265] ? NIV-F8F1E6FCA89593CD | BASKET | DOUBLE | CHANNEL | GOLD | KT_18 | 1ct | imgs:3
[23:30:32][PEAR] [2266] ? NIV-F8F1E6FCA89593CD | BASKET | DOUBLE | CHANNEL | GOLD | KT_18 | 1ct | imgs:3
[23:30:37][PEAR] [2267] ? NIV-F8F1E6FCA89593CD | BASKET | DOUBLE | CHANNEL | GOLD | KT_18 | 1ct | imgs:3
[23:30:40][PEAR] [2268] ? NIV-7D1CD06C23D76ACD | BASKET | DOUBLE | CHANNEL | PLATINUM | PT_950 | 1ct | imgs:3
[23:30:49][PEAR] [2269] ? NIV-B2967BAB53E6F70C | BASKET | DOUBLE | CHANNEL | GOLD | KT_10 | 1ct | imgs:3
[23:30:53][PEAR] [2270] ? NIV-B2967BAB53E6F70C | BASKET | DOUBLE | CHANNEL | GOLD | KT_10 | 1ct | imgs:3
[23:30:58][PEAR] [2271] ? NIV-B2967BAB53E6F70C | BASKET | DOUBLE | CHANNEL | GOLD | KT_10 | 1ct | imgs:3
[23:31:01][PEAR] [2272] ? NIV-38CA17E3DCE931BC | BASKET | DOUBLE | CHANNEL | GOLD | KT_10 | 1ct | imgs:3
[23:31:05][PEAR] [2273] ? NIV-38CA17E3DCE931BC | BASKET | DOUBLE | CHANNEL | GOLD | KT_10 | 1ct | imgs:3
[23:31:11][PEAR] [2274] ? NIV-38CA17E3DCE931BC | BASKET | DOUBLE | CHANNEL | GOLD | KT_10 | 1ct | imgs:3
[23:31:14][PEAR] [2275] ? NIV-4DE1DEDD66098BAC | BASKET | DOUBLE | CHANNEL | GOLD | KT_10 | 1ct | imgs:3
[23:31:17][PEAR] [2276] ? NIV-4DE1DEDD66098BAC | BASKET | DOUBLE | CHANNEL | GOLD | KT_10 | 1ct | imgs:3
[23:31:20][PEAR] [2277] ? NIV-4DE1DEDD66098BAC | BASKET | DOUBLE | CHANNEL | GOLD | KT_10 | 1ct | imgs:3
[23:31:23][PEAR] [2278] ? NIV-74F3FB75F65DA738 | BASKET | DOUBLE | CHANNEL | GOLD | KT_14 | 1ct | imgs:3
[23:31:26][PEAR] [2279] ? NIV-74F3FB75F65DA738 | BASKET | DOUBLE | CHANNEL | GOLD | KT_14 | 1ct | imgs:3
[23:31:32][PEAR] [2280] ? NIV-74F3FB75F65DA738 | BASKET | DOUBLE | CHANNEL | GOLD | KT_14 | 1ct | imgs:3
[23:31:35][PEAR] [2281] ? NIV-96817BB904A9FDCD | BASKET | DOUBLE | CHANNEL | GOLD | KT_14 | 1ct | imgs:3
[23:31:40][PEAR] [2282] ? NIV-96817BB904A9FDCD | BASKET | DOUBLE | CHANNEL | GOLD | KT_14 | 1ct | imgs:3
[23:31:44][PEAR] [2283] ? NIV-96817BB904A9FDCD | BASKET | DOUBLE | CHANNEL | GOLD | KT_14 | 1ct | imgs:3
[23:31:46][PEAR] [2284] ? NIV-4D52A026E37B838D | BASKET | DOUBLE | CHANNEL | GOLD | KT_14 | 1ct | imgs:3
[23:31:50][PEAR] [2285] ? NIV-4D52A026E37B838D | BASKET | DOUBLE | CHANNEL | GOLD | KT_14 | 1ct | imgs:3
[23:31:53][PEAR] [2286] ? NIV-4D52A026E37B838D | BASKET | DOUBLE | CHANNEL | GOLD | KT_14 | 1ct | imgs:3
[23:31:56][PEAR] [2287] ? NIV-AF758180F97B4630 | BASKET | DOUBLE | CHANNEL | GOLD | KT_18 | 1ct | imgs:3
[23:31:59][PEAR] [2288] ? NIV-AF758180F97B4630 | BASKET | DOUBLE | CHANNEL | GOLD | KT_18 | 1ct | imgs:3
[23:32:05][PEAR] [2289] ? NIV-AF758180F97B4630 | BASKET | DOUBLE | CHANNEL | GOLD | KT_18 | 1ct | imgs:3
[23:32:08][PEAR] [2290] ? NIV-80A06CF5ACC8A079 | BASKET | DOUBLE | CHANNEL | GOLD | KT_18 | 1ct | imgs:3
[23:32:11][PEAR] [2291] ? NIV-80A06CF5ACC8A079 | BASKET | DOUBLE | CHANNEL | GOLD | KT_18 | 1ct | imgs:3
[23:32:14][PEAR] [2292] ? NIV-80A06CF5ACC8A079 | BASKET | DOUBLE | CHANNEL | GOLD | KT_18 | 1ct | imgs:3
[23:32:17][PEAR] [2293] ? NIV-DD382A3F73F052CB | BASKET | DOUBLE | CHANNEL | GOLD | KT_18 | 1ct | imgs:3
[23:32:20][PEAR] [2294] ? NIV-DD382A3F73F052CB | BASKET | DOUBLE | CHANNEL | GOLD | KT_18 | 1ct | imgs:3
[23:32:25][PEAR] [2295] ? NIV-DD382A3F73F052CB | BASKET | DOUBLE | CHANNEL | GOLD | KT_18 | 1ct | imgs:3
[23:32:29][PEAR] [2296] ? NIV-F9BBC5063AFCAC88 | BASKET | DOUBLE | CHANNEL | PLATINUM | PT_950 | 1ct | imgs:3
[23:32:33][PEAR] [2297] ? NIV-F1C461EFA4C67DFC | BASKET | DOUBLE | CHANNEL | GOLD | KT_10 | 1ct | imgs:3
[23:32:37][PEAR] [2298] ? NIV-F1C461EFA4C67DFC | BASKET | DOUBLE | CHANNEL | GOLD | KT_10 | 1ct | imgs:3
[23:32:41][PEAR] [2299] ? NIV-F1C461EFA4C67DFC | BASKET | DOUBLE | CHANNEL | GOLD | KT_10 | 1ct | imgs:3
[23:32:44][PEAR] [2300] ? NIV-758CA88EA48FF56F | BASKET | DOUBLE | CHANNEL | GOLD | KT_10 | 1ct | imgs:3
[23:32:47][PEAR] [2301] ? NIV-758CA88EA48FF56F | BASKET | DOUBLE | CHANNEL | GOLD | KT_10 | 1ct | imgs:3
[23:32:53][PEAR] [2302] ? NIV-758CA88EA48FF56F | BASKET | DOUBLE | CHANNEL | GOLD | KT_10 | 1ct | imgs:3
[23:32:56][PEAR] [2303] ? NIV-5289015434049C29 | BASKET | DOUBLE | CHANNEL | GOLD | KT_10 | 1ct | imgs:3
[23:32:59][PEAR] [2304] ? NIV-5289015434049C29 | BASKET | DOUBLE | CHANNEL | GOLD | KT_10 | 1ct | imgs:3
[23:33:02][PEAR] [2305] ? NIV-5289015434049C29 | BASKET | DOUBLE | CHANNEL | GOLD | KT_10 | 1ct | imgs:3
[23:33:05][PEAR] [2306] ? NIV-7CFCBAF3055C6321 | BASKET | DOUBLE | CHANNEL | GOLD | KT_14 | 1ct | imgs:3
[23:33:11][PEAR] [2307] ? NIV-7CFCBAF3055C6321 | BASKET | DOUBLE | CHANNEL | GOLD | KT_14 | 1ct | imgs:3
[23:33:14][PEAR] [2308] ? NIV-7CFCBAF3055C6321 | BASKET | DOUBLE | CHANNEL | GOLD | KT_14 | 1ct | imgs:3
[23:33:19][PEAR] [2309] ? NIV-52D19EBDA6169843 | BASKET | DOUBLE | CHANNEL | GOLD | KT_14 | 1ct | imgs:1
[23:33:23][PEAR] [2310] ? NIV-52D19EBDA6169843 | BASKET | DOUBLE | CHANNEL | GOLD | KT_14 | 1ct | imgs:3
[23:33:26][PEAR] [2311] ? NIV-52D19EBDA6169843 | BASKET | DOUBLE | CHANNEL | GOLD | KT_14 | 1ct | imgs:3
[23:33:29][PEAR] [2312] ? NIV-25EFECBBE1B42B8B | BASKET | DOUBLE | CHANNEL | GOLD | KT_14 | 1ct | imgs:3
[23:33:34][PEAR] [2313] ? NIV-25EFECBBE1B42B8B | BASKET | DOUBLE | CHANNEL | GOLD | KT_14 | 1ct | imgs:3
[23:33:38][PEAR] [2314] ? NIV-25EFECBBE1B42B8B | BASKET | DOUBLE | CHANNEL | GOLD | KT_14 | 1ct | imgs:3
[23:33:43][PEAR] [2315] ? NIV-55F93F0D5CF61CC7 | BASKET | DOUBLE | CHANNEL | GOLD | KT_18 | 1ct | imgs:3
[23:33:47][PEAR] [2316] ? NIV-55F93F0D5CF61CC7 | BASKET | DOUBLE | CHANNEL | GOLD | KT_18 | 1ct | imgs:3
[23:33:53][PEAR] [2317] ? NIV-55F93F0D5CF61CC7 | BASKET | DOUBLE | CHANNEL | GOLD | KT_18 | 1ct | imgs:3
[23:33:55][PEAR] [2318] ? NIV-4F2416DF2B496276 | BASKET | DOUBLE | CHANNEL | GOLD | KT_18 | 1ct | imgs:3
[23:33:59][PEAR] [2319] ? NIV-4F2416DF2B496276 | BASKET | DOUBLE | CHANNEL | GOLD | KT_18 | 1ct | imgs:3
[23:34:02][PEAR] [2320] ? NIV-4F2416DF2B496276 | BASKET | DOUBLE | CHANNEL | GOLD | KT_18 | 1ct | imgs:3
[23:34:04][PEAR] [2321] ? NIV-F656598F3AD5EF62 | BASKET | DOUBLE | CHANNEL | GOLD | KT_18 | 1ct | imgs:3
[23:34:08][PEAR] [2322] ? NIV-F656598F3AD5EF62 | BASKET | DOUBLE | CHANNEL | GOLD | KT_18 | 1ct | imgs:3
[23:34:11][PEAR] [2323] ? NIV-F656598F3AD5EF62 | BASKET | DOUBLE | CHANNEL | GOLD | KT_18 | 1ct | imgs:3
[23:34:14][PEAR] [2324] ? NIV-E10B77ABF14D3F4A | BASKET | DOUBLE | CHANNEL | PLATINUM | PT_950 | 1ct | imgs:3
[23:34:17][PEAR] [2325] ? NIV-C2ECF3B90A7FB6DF | BASKET | DOUBLE | CHANNEL | GOLD | KT_10 | 1ct | imgs:3
[23:34:20][PEAR] [2326] ? NIV-C2ECF3B90A7FB6DF | BASKET | DOUBLE | CHANNEL | GOLD | KT_10 | 1ct | imgs:3
[23:34:26][PEAR] [2327] ? NIV-C2ECF3B90A7FB6DF | BASKET | DOUBLE | CHANNEL | GOLD | KT_10 | 1ct | imgs:3
[23:34:29][PEAR] [2328] ? NIV-11521D69B68CC7AB | BASKET | DOUBLE | CHANNEL | GOLD | KT_10 | 1ct | imgs:3
[23:34:32][PEAR] [2329] ? NIV-11521D69B68CC7AB | BASKET | DOUBLE | CHANNEL | GOLD | KT_10 | 1ct | imgs:3
[23:34:35][PEAR] [2330] ? NIV-11521D69B68CC7AB | BASKET | DOUBLE | CHANNEL | GOLD | KT_10 | 1ct | imgs:3
[23:34:37][PEAR] [2331] ? NIV-95BAC14929656FC4 | BASKET | DOUBLE | CHANNEL | GOLD | KT_10 | 1ct | imgs:3
[23:34:41][PEAR] [2332] ? NIV-95BAC14929656FC4 | BASKET | DOUBLE | CHANNEL | GOLD | KT_10 | 1ct | imgs:3
[23:34:47][PEAR] [2333] ? NIV-95BAC14929656FC4 | BASKET | DOUBLE | CHANNEL | GOLD | KT_10 | 1ct | imgs:3
[23:34:50][PEAR] [2334] ? NIV-CFD4525800394926 | BASKET | DOUBLE | CHANNEL | GOLD | KT_14 | 1ct | imgs:3
[23:34:56][PEAR] [2335] ? NIV-CFD4525800394926 | BASKET | DOUBLE | CHANNEL | GOLD | KT_14 | 1ct | imgs:3
[23:35:01][PEAR] [2336] ? NIV-CFD4525800394926 | BASKET | DOUBLE | CHANNEL | GOLD | KT_14 | 1ct | imgs:3
[23:35:05][PEAR] [2337] ? NIV-789F1104B1D1837D | BASKET | DOUBLE | CHANNEL | GOLD | KT_14 | 1ct | imgs:3
[23:35:10][PEAR] [2338] ? NIV-789F1104B1D1837D | BASKET | DOUBLE | CHANNEL | GOLD | KT_14 | 1ct | imgs:3
[23:35:14][PEAR] [2339] ? NIV-789F1104B1D1837D | BASKET | DOUBLE | CHANNEL | GOLD | KT_14 | 1ct | imgs:3
[23:35:17][PEAR] [2340] ? NIV-50EEF58E2B308D3F | BASKET | DOUBLE | CHANNEL | GOLD | KT_14 | 1ct | imgs:3
[23:35:22][PEAR] [2341] ? NIV-50EEF58E2B308D3F | BASKET | DOUBLE | CHANNEL | GOLD | KT_14 | 1ct | imgs:3
[23:35:26][PEAR] [2342] ? NIV-50EEF58E2B308D3F | BASKET | DOUBLE | CHANNEL | GOLD | KT_14 | 1ct | imgs:3
[23:35:32][PEAR] [2343] ? NIV-33372C7541C79CD7 | BASKET | DOUBLE | CHANNEL | GOLD | KT_18 | 1ct | imgs:3
[23:35:38][PEAR] [2344] ? NIV-33372C7541C79CD7 | BASKET | DOUBLE | CHANNEL | GOLD | KT_18 | 1ct | imgs:3
[23:35:41][PEAR] [2345] ? NIV-33372C7541C79CD7 | BASKET | DOUBLE | CHANNEL | GOLD | KT_18 | 1ct | imgs:3
[23:35:44][PEAR] [2346] ? NIV-022C287DFA223749 | BASKET | DOUBLE | CHANNEL | GOLD | KT_18 | 1ct | imgs:3
[23:35:47][PEAR] [2347] ? NIV-022C287DFA223749 | BASKET | DOUBLE | CHANNEL | GOLD | KT_18 | 1ct | imgs:3
[23:35:53][PEAR] [2348] ? NIV-022C287DFA223749 | BASKET | DOUBLE | CHANNEL | GOLD | KT_18 | 1ct | imgs:3
[23:35:56][PEAR] [2349] ? NIV-56AAC1EFDBA50AEA | BASKET | DOUBLE | CHANNEL | GOLD | KT_18 | 1ct | imgs:3
[23:35:59][PEAR] [2350] ? NIV-56AAC1EFDBA50AEA | BASKET | DOUBLE | CHANNEL | GOLD | KT_18 | 1ct | imgs:3
[23:36:05][PEAR] [2351] ? NIV-56AAC1EFDBA50AEA | BASKET | DOUBLE | CHANNEL | GOLD | KT_18 | 1ct | imgs:3
[23:36:07][PEAR] [2352] ? NIV-BB694904C29DD808 | BASKET | DOUBLE | CHANNEL | PLATINUM | PT_950 | 1ct | imgs:3
[23:36:14][PEAR] [2353] ? NIV-1044A37962F09E9B | BASKET | DOUBLE | CHANNEL | GOLD | KT_10 | 1ct | imgs:3
[23:36:17][PEAR] [2354] ? NIV-1044A37962F09E9B | BASKET | DOUBLE | CHANNEL | GOLD | KT_10 | 1ct | imgs:3
[23:36:20][PEAR] [2355] ? NIV-1044A37962F09E9B | BASKET | DOUBLE | CHANNEL | GOLD | KT_10 | 1ct | imgs:3
[23:36:22][PEAR] [2356] ? NIV-4AAEB25F1B430C6F | BASKET | DOUBLE | CHANNEL | GOLD | KT_10 | 1ct | imgs:3
[23:36:26][PEAR] [2357] ? NIV-4AAEB25F1B430C6F | BASKET | DOUBLE | CHANNEL | GOLD | KT_10 | 1ct | imgs:3
[23:36:29][PEAR] [2358] ? NIV-4AAEB25F1B430C6F | BASKET | DOUBLE | CHANNEL | GOLD | KT_10 | 1ct | imgs:3
[23:36:32][PEAR] [2359] ? NIV-7CCFC7235C29DB84 | BASKET | DOUBLE | CHANNEL | GOLD | KT_10 | 1ct | imgs:3
[23:36:35][PEAR] [2360] ? NIV-7CCFC7235C29DB84 | BASKET | DOUBLE | CHANNEL | GOLD | KT_10 | 1ct | imgs:3
[23:36:40][PEAR] [2361] ? NIV-7CCFC7235C29DB84 | BASKET | DOUBLE | CHANNEL | GOLD | KT_10 | 1ct | imgs:3
[23:36:43][PEAR] [2362] ? NIV-4D05C3974211A090 | BASKET | DOUBLE | CHANNEL | GOLD | KT_14 | 1ct | imgs:3
[23:36:47][PEAR] [2363] ? NIV-4D05C3974211A090 | BASKET | DOUBLE | CHANNEL | GOLD | KT_14 | 1ct | imgs:3
[23:36:50][PEAR] [2364] ? NIV-4D05C3974211A090 | BASKET | DOUBLE | CHANNEL | GOLD | KT_14 | 1ct | imgs:3
[23:36:53][PEAR] [2365] ? NIV-7F12E02EDADCC889 | BASKET | DOUBLE | CHANNEL | GOLD | KT_14 | 1ct | imgs:3
[23:36:56][PEAR] [2366] ? NIV-7F12E02EDADCC889 | BASKET | DOUBLE | CHANNEL | GOLD | KT_14 | 1ct | imgs:3
[23:37:01][PEAR] [2367] ? NIV-7F12E02EDADCC889 | BASKET | DOUBLE | CHANNEL | GOLD | KT_14 | 1ct | imgs:3
[23:37:05][PEAR] [2368] ? NIV-2D002718E9EC7C7C | BASKET | DOUBLE | CHANNEL | GOLD | KT_14 | 1ct | imgs:3
[23:37:08][PEAR] [2369] ? NIV-2D002718E9EC7C7C | BASKET | DOUBLE | CHANNEL | GOLD | KT_14 | 1ct | imgs:3
[23:37:14][PEAR] [2370] ? NIV-2D002718E9EC7C7C | BASKET | DOUBLE | CHANNEL | GOLD | KT_14 | 1ct | imgs:3
[23:37:17][PEAR] [2371] ? NIV-878BFD9D5F97A1CE | BASKET | DOUBLE | CHANNEL | GOLD | KT_18 | 1ct | imgs:3
[23:37:23][PEAR] [2372] ? NIV-878BFD9D5F97A1CE | BASKET | DOUBLE | CHANNEL | GOLD | KT_18 | 1ct | imgs:3
[23:37:26][PEAR] [2373] ? NIV-878BFD9D5F97A1CE | BASKET | DOUBLE | CHANNEL | GOLD | KT_18 | 1ct | imgs:3
[23:37:29][PEAR] [2374] ? NIV-1CB6197BB9E8F49B | BASKET | DOUBLE | CHANNEL | GOLD | KT_18 | 1ct | imgs:3
[23:37:32][PEAR] [2375] ? NIV-1CB6197BB9E8F49B | BASKET | DOUBLE | CHANNEL | GOLD | KT_18 | 1ct | imgs:3
[23:37:37][PEAR] [2376] ? NIV-1CB6197BB9E8F49B | BASKET | DOUBLE | CHANNEL | GOLD | KT_18 | 1ct | imgs:3
[23:37:40][PEAR] [2377] ? NIV-E6F266F3C83146B1 | BASKET | DOUBLE | CHANNEL | GOLD | KT_18 | 1ct | imgs:3
[23:37:44][PEAR] [2378] ? NIV-E6F266F3C83146B1 | BASKET | DOUBLE | CHANNEL | GOLD | KT_18 | 1ct | imgs:3
[23:37:50][PEAR] [2379] ? NIV-E6F266F3C83146B1 | BASKET | DOUBLE | CHANNEL | GOLD | KT_18 | 1ct | imgs:3
[23:37:53][PEAR] [2380] ? NIV-8AEF11C5C87DA5A8 | BASKET | DOUBLE | CHANNEL | PLATINUM | PT_950 | 1ct | imgs:3
[23:37:58][PEAR] [2381] ? NIV-4EC4A9AA03B34D44 | BASKET | DOUBLE | CHANNEL | GOLD | KT_10 | 1ct | imgs:3
[23:38:02][PEAR] [2382] ? NIV-4EC4A9AA03B34D44 | BASKET | DOUBLE | CHANNEL | GOLD | KT_10 | 1ct | imgs:3
[23:38:05][PEAR] [2383] ? NIV-4EC4A9AA03B34D44 | BASKET | DOUBLE | CHANNEL | GOLD | KT_10 | 1ct | imgs:3
[23:38:07][PEAR] [2384] ? NIV-9364451A3E285CD4 | BASKET | DOUBLE | CHANNEL | GOLD | KT_10 | 1ct | imgs:3
[23:38:11][PEAR] [2385] ? NIV-9364451A3E285CD4 | BASKET | DOUBLE | CHANNEL | GOLD | KT_10 | 1ct | imgs:3
[23:38:14][PEAR] [2386] ? NIV-9364451A3E285CD4 | BASKET | DOUBLE | CHANNEL | GOLD | KT_10 | 1ct | imgs:3
[23:38:17][PEAR] [2387] ? NIV-CA1CDC1D804AA836 | BASKET | DOUBLE | CHANNEL | GOLD | KT_10 | 1ct | imgs:3
[23:38:20][PEAR] [2388] ? NIV-CA1CDC1D804AA836 | BASKET | DOUBLE | CHANNEL | GOLD | KT_10 | 1ct | imgs:3
[23:38:25][PEAR] [2389] ? NIV-CA1CDC1D804AA836 | BASKET | DOUBLE | CHANNEL | GOLD | KT_10 | 1ct | imgs:3
[23:38:29][PEAR] [2390] ? NIV-038FF8A4B3A50FBE | BASKET | DOUBLE | CHANNEL | GOLD | KT_14 | 1ct | imgs:3
[23:38:32][PEAR] [2391] ? NIV-038FF8A4B3A50FBE | BASKET | DOUBLE | CHANNEL | GOLD | KT_14 | 1ct | imgs:3
[23:38:38][PEAR] [2392] ? NIV-038FF8A4B3A50FBE | BASKET | DOUBLE | CHANNEL | GOLD | KT_14 | 1ct | imgs:3
[23:38:41][PEAR] [2393] ? NIV-5BE3990B10019E29 | BASKET | DOUBLE | CHANNEL | GOLD | KT_14 | 1ct | imgs:3
[23:38:44][PEAR] [2394] ? NIV-5BE3990B10019E29 | BASKET | DOUBLE | CHANNEL | GOLD | KT_14 | 1ct | imgs:3
[23:38:50][PEAR] [2395] ? NIV-5BE3990B10019E29 | BASKET | DOUBLE | CHANNEL | GOLD | KT_14 | 1ct | imgs:3
[23:38:53][PEAR] [2396] ? NIV-DC4F30CB7EC40610 | BASKET | DOUBLE | CHANNEL | GOLD | KT_14 | 1ct | imgs:3
[23:38:56][PEAR] [2397] ? NIV-DC4F30CB7EC40610 | BASKET | DOUBLE | CHANNEL | GOLD | KT_14 | 1ct | imgs:3
[23:38:59][PEAR] [2398] ? NIV-DC4F30CB7EC40610 | BASKET | DOUBLE | CHANNEL | GOLD | KT_14 | 1ct | imgs:3
[23:39:02][PEAR] [2399] ? NIV-775CE9B5E9378C87 | BASKET | DOUBLE | CHANNEL | GOLD | KT_18 | 1ct | imgs:3
[23:39:07][PEAR] [2400] ? NIV-775CE9B5E9378C87 | BASKET | DOUBLE | CHANNEL | GOLD | KT_18 | 1ct | imgs:3
[23:39:11][PEAR] [2401] ? NIV-775CE9B5E9378C87 | BASKET | DOUBLE | CHANNEL | GOLD | KT_18 | 1ct | imgs:3
[23:39:14][PEAR] [2402] ? NIV-158F8F2CF066B32C | BASKET | DOUBLE | CHANNEL | GOLD | KT_18 | 1ct | imgs:3
[23:39:19][PEAR] [2403] ? NIV-158F8F2CF066B32C | BASKET | DOUBLE | CHANNEL | GOLD | KT_18 | 1ct | imgs:3
[23:39:23][PEAR] [2404] ? NIV-158F8F2CF066B32C | BASKET | DOUBLE | CHANNEL | GOLD | KT_18 | 1ct | imgs:3
[23:39:26][PEAR] [2405] ? NIV-0AF6D77F2ED45245 | BASKET | DOUBLE | CHANNEL | GOLD | KT_18 | 1ct | imgs:3
[23:39:29][PEAR] [2406] ? NIV-0AF6D77F2ED45245 | BASKET | DOUBLE | CHANNEL | GOLD | KT_18 | 1ct | imgs:3
[23:39:34][PEAR] [2407] ? NIV-0AF6D77F2ED45245 | BASKET | DOUBLE | CHANNEL | GOLD | KT_18 | 1ct | imgs:3
[23:39:38][PEAR] [2408] ? NIV-44CB4717366F6A6C | BASKET | DOUBLE | CHANNEL | PLATINUM | PT_950 | 1ct | imgs:3
[23:39:43][PEAR] [2409] ? NIV-C75A4CA6944107CA | BASKET | DOUBLE | CHANNEL | GOLD | KT_10 | 1ct | imgs:3
[23:39:47][PEAR] [2410] ? NIV-C75A4CA6944107CA | BASKET | DOUBLE | CHANNEL | GOLD | KT_10 | 1ct | imgs:3
[23:39:53][PEAR] [2411] ? NIV-C75A4CA6944107CA | BASKET | DOUBLE | CHANNEL | GOLD | KT_10 | 1ct | imgs:3
[23:39:55][PEAR] [2412] ? NIV-83892817737AB04A | BASKET | DOUBLE | CHANNEL | GOLD | KT_10 | 1ct | imgs:3
[23:39:59][PEAR] [2413] ? NIV-83892817737AB04A | BASKET | DOUBLE | CHANNEL | GOLD | KT_10 | 1ct | imgs:3
[23:40:05][PEAR] [2414] ? NIV-83892817737AB04A | BASKET | DOUBLE | CHANNEL | GOLD | KT_10 | 1ct | imgs:3
[23:40:07][PEAR] [2415] ? NIV-13E34A74547BED5F | BASKET | DOUBLE | CHANNEL | GOLD | KT_10 | 1ct | imgs:3
[23:40:11][PEAR] [2416] ? NIV-13E34A74547BED5F | BASKET | DOUBLE | CHANNEL | GOLD | KT_10 | 1ct | imgs:3
[23:40:14][PEAR] [2417] ? NIV-13E34A74547BED5F | BASKET | DOUBLE | CHANNEL | GOLD | KT_10 | 1ct | imgs:3
[23:40:17][PEAR] [2418] ? NIV-B5B9AB702DA59CB5 | BASKET | DOUBLE | CHANNEL | GOLD | KT_14 | 1ct | imgs:3
[23:40:23][PEAR] [2419] ? NIV-B5B9AB702DA59CB5 | BASKET | DOUBLE | CHANNEL | GOLD | KT_14 | 1ct | imgs:3
[23:40:26][PEAR] [2420] ? NIV-B5B9AB702DA59CB5 | BASKET | DOUBLE | CHANNEL | GOLD | KT_14 | 1ct | imgs:3
[23:40:28][PEAR] [2421] ? NIV-A341E9D390E9DF69 | BASKET | DOUBLE | CHANNEL | GOLD | KT_14 | 1ct | imgs:3
[23:40:32][PEAR] [2422] ? NIV-A341E9D390E9DF69 | BASKET | DOUBLE | CHANNEL | GOLD | KT_14 | 1ct | imgs:3
[23:40:35][PEAR] [2423] ? NIV-A341E9D390E9DF69 | BASKET | DOUBLE | CHANNEL | GOLD | KT_14 | 1ct | imgs:3
[23:40:38][PEAR] [2424] ? NIV-E43C2A60436B9847 | BASKET | DOUBLE | CHANNEL | GOLD | KT_14 | 1ct | imgs:3
[23:40:41][PEAR] [2425] ? NIV-E43C2A60436B9847 | BASKET | DOUBLE | CHANNEL | GOLD | KT_14 | 1ct | imgs:3
[23:40:44][PEAR] [2426] ? NIV-E43C2A60436B9847 | BASKET | DOUBLE | CHANNEL | GOLD | KT_14 | 1ct | imgs:3
[23:40:47][PEAR] [2427] ? NIV-ADAFF71D51FEC4BE | BASKET | DOUBLE | CHANNEL | GOLD | KT_18 | 1ct | imgs:3
[23:40:53][PEAR] [2428] ? NIV-ADAFF71D51FEC4BE | BASKET | DOUBLE | CHANNEL | GOLD | KT_18 | 1ct | imgs:3
[23:40:59][PEAR] [2429] ? NIV-ADAFF71D51FEC4BE | BASKET | DOUBLE | CHANNEL | GOLD | KT_18 | 1ct | imgs:3
[23:41:02][PEAR] [2430] ? NIV-16A6F0244A27B25E | BASKET | DOUBLE | CHANNEL | GOLD | KT_18 | 1ct | imgs:3
[23:41:08][PEAR] [2431] ? NIV-16A6F0244A27B25E | BASKET | DOUBLE | CHANNEL | GOLD | KT_18 | 1ct | imgs:3
[23:41:11][PEAR] [2432] ? NIV-16A6F0244A27B25E | BASKET | DOUBLE | CHANNEL | GOLD | KT_18 | 1ct | imgs:3
[23:41:14][PEAR] [2433] ? NIV-A8C35F91AD42633E | BASKET | DOUBLE | CHANNEL | GOLD | KT_18 | 1ct | imgs:3
[23:41:17][PEAR]   Re-seleccionando PEAR (intento 1)
[23:41:17][PEAR]   Boton no encontrado ? recargando configurador...
[23:41:30][PEAR]   Re-seleccionando PEAR (intento 2)
[23:41:35][PEAR] [2434] ? NIV-D5C0F85B48F232CE | BASKET | DOUBLE | CHANNEL | GOLD | KT_18 | 1ct | imgs:3
[23:41:39][PEAR] [2435] ? NIV-564AABB91BF56BF5 | BASKET | DOUBLE | CHANNEL | GOLD | KT_18 | 1ct | imgs:3
[23:41:42][PEAR] [2436] ? NIV-3580C704CD6D41A8 | BASKET | DOUBLE | CHANNEL | PLATINUM | PT_950 | 1ct | imgs:3
[23:41:48][PEAR] [2437] ? NIV-0D7568D1ECC79C95 | BASKET | DOUBLE | PRONG | GOLD | KT_10 | 1ct | imgs:3
[23:41:51][PEAR] [2438] ? NIV-0D7568D1ECC79C95 | BASKET | DOUBLE | PRONG | GOLD | KT_10 | 1ct | imgs:3
[23:41:55][PEAR] [2439] ? NIV-0D7568D1ECC79C95 | BASKET | DOUBLE | PRONG | GOLD | KT_10 | 1ct | imgs:3
[23:41:57][PEAR] [2440] ? NIV-08C1CE1575D3D189 | BASKET | DOUBLE | PRONG | GOLD | KT_10 | 1ct | imgs:3
[23:42:00][PEAR] [2441] ? NIV-08C1CE1575D3D189 | BASKET | DOUBLE | PRONG | GOLD | KT_10 | 1ct | imgs:3
[23:42:04][PEAR] [2442] ? NIV-08C1CE1575D3D189 | BASKET | DOUBLE | PRONG | GOLD | KT_10 | 1ct | imgs:3
[23:42:06][PEAR] [2443] ? NIV-CF7C24070BC8F658 | BASKET | DOUBLE | PRONG | GOLD | KT_10 | 1ct | imgs:3
[23:42:09][PEAR] [2444] ? NIV-CF7C24070BC8F658 | BASKET | DOUBLE | PRONG | GOLD | KT_10 | 1ct | imgs:3
[23:42:15][PEAR] [2445] ? NIV-CF7C24070BC8F658 | BASKET | DOUBLE | PRONG | GOLD | KT_10 | 1ct | imgs:3
[23:42:22][PEAR] [2446] ? NIV-DC6C06C102FF994B | BASKET | DOUBLE | PRONG | GOLD | KT_14 | 1ct | imgs:2
[23:42:27][PEAR] [2447] ? NIV-DC6C06C102FF994B | BASKET | DOUBLE | PRONG | GOLD | KT_14 | 1ct | imgs:3
[23:42:30][PEAR] [2448] ? NIV-DC6C06C102FF994B | BASKET | DOUBLE | PRONG | GOLD | KT_14 | 1ct | imgs:3
[23:42:33][PEAR] [2449] ? NIV-E236023F093270D7 | BASKET | DOUBLE | PRONG | GOLD | KT_14 | 1ct | imgs:3
[23:42:37][PEAR] [2450] ? NIV-E236023F093270D7 | BASKET | DOUBLE | PRONG | GOLD | KT_14 | 1ct | imgs:3
[23:42:42][PEAR] [2451] ? NIV-E236023F093270D7 | BASKET | DOUBLE | PRONG | GOLD | KT_14 | 1ct | imgs:3
[23:42:45][PEAR] [2452] ? NIV-F354C325E0745FF6 | BASKET | DOUBLE | PRONG | GOLD | KT_14 | 1ct | imgs:3
[23:42:49][PEAR] [2453] ? NIV-F354C325E0745FF6 | BASKET | DOUBLE | PRONG | GOLD | KT_14 | 1ct | imgs:3
[23:42:54][PEAR] [2454] ? NIV-F354C325E0745FF6 | BASKET | DOUBLE | PRONG | GOLD | KT_14 | 1ct | imgs:3
[23:42:58][PEAR] [2455] ? NIV-C7A135D1FC76C8B0 | BASKET | DOUBLE | PRONG | GOLD | KT_18 | 1ct | imgs:3
[23:43:03][PEAR] [2456] ? NIV-C7A135D1FC76C8B0 | BASKET | DOUBLE | PRONG | GOLD | KT_18 | 1ct | imgs:3
[23:43:06][PEAR] [2457] ? NIV-C7A135D1FC76C8B0 | BASKET | DOUBLE | PRONG | GOLD | KT_18 | 1ct | imgs:3
[23:43:17][PEAR] [2458] ??  NIV-C7A135D1FC76C8B0 | BASKET | DOUBLE | PRONG | GOLD | KT_18 | 1ct | imgs:0
[23:43:29][PEAR] [2459] ??  NIV-C7A135D1FC76C8B0 | BASKET | DOUBLE | PRONG | GOLD | KT_18 | 1ct | imgs:0
[23:43:40][PEAR] [2460] ? NIV-4B125B8369F027F6 | BASKET | DOUBLE | PRONG | GOLD | KT_18 | 1ct | imgs:1
[23:43:42][PEAR] [2461] ? NIV-7B97A4873CBB339C | BASKET | DOUBLE | PRONG | GOLD | KT_18 | 1ct | imgs:3
[23:43:46][PEAR] [2462] ? NIV-7B97A4873CBB339C | BASKET | DOUBLE | PRONG | GOLD | KT_18 | 1ct | imgs:3
[23:43:51][PEAR] [2463] ? NIV-7B97A4873CBB339C | BASKET | DOUBLE | PRONG | GOLD | KT_18 | 1ct | imgs:3
[23:44:02][PEAR] [2464] ??  NIV-7B97A4873CBB339C | BASKET | DOUBLE | PRONG | PLATINUM | PT_950 | 1ct | imgs:0
[23:44:06][PEAR] [2465] ? NIV-A1AE41B2851772C2 | BASKET | DOUBLE | PRONG | GOLD | KT_10 | 1ct | imgs:3
[23:44:10][PEAR] [2466] ? NIV-A1AE41B2851772C2 | BASKET | DOUBLE | PRONG | GOLD | KT_10 | 1ct | imgs:3
[23:44:15][PEAR] [2467] ? NIV-A1AE41B2851772C2 | BASKET | DOUBLE | PRONG | GOLD | KT_10 | 1ct | imgs:3
[23:44:18][PEAR] [2468] ? NIV-E0BA467E2F4FFC6D | BASKET | DOUBLE | PRONG | GOLD | KT_10 | 1ct | imgs:3
[23:44:21][PEAR] [2469] ? NIV-E0BA467E2F4FFC6D | BASKET | DOUBLE | PRONG | GOLD | KT_10 | 1ct | imgs:3
[23:44:25][PEAR] [2470] ? NIV-E0BA467E2F4FFC6D | BASKET | DOUBLE | PRONG | GOLD | KT_10 | 1ct | imgs:3
[23:44:27][PEAR] [2471] ? NIV-124F7928C00D65A4 | BASKET | DOUBLE | PRONG | GOLD | KT_10 | 1ct | imgs:3
[23:44:30][PEAR] [2472] ? NIV-124F7928C00D65A4 | BASKET | DOUBLE | PRONG | GOLD | KT_10 | 1ct | imgs:3
[23:44:34][PEAR] [2473] ? NIV-124F7928C00D65A4 | BASKET | DOUBLE | PRONG | GOLD | KT_10 | 1ct | imgs:3
[23:44:37][PEAR] [2474] ? NIV-D1BF58B9BC90E368 | BASKET | DOUBLE | PRONG | GOLD | KT_14 | 1ct | imgs:3
[23:44:40][PEAR] [2475] ? NIV-D1BF58B9BC90E368 | BASKET | DOUBLE | PRONG | GOLD | KT_14 | 1ct | imgs:3
[23:44:45][PEAR] [2476] ? NIV-D1BF58B9BC90E368 | BASKET | DOUBLE | PRONG | GOLD | KT_14 | 1ct | imgs:3
[23:44:48][PEAR] [2477] ? NIV-014238FCEF6766D4 | BASKET | DOUBLE | PRONG | GOLD | KT_14 | 1ct | imgs:3
[23:44:51][PEAR] [2478] ? NIV-014238FCEF6766D4 | BASKET | DOUBLE | PRONG | GOLD | KT_14 | 1ct | imgs:3
[23:44:55][PEAR] [2479] ? NIV-014238FCEF6766D4 | BASKET | DOUBLE | PRONG | GOLD | KT_14 | 1ct | imgs:3
[23:44:57][PEAR] [2480] ? NIV-CC793516DCADBF8D | BASKET | DOUBLE | PRONG | GOLD | KT_14 | 1ct | imgs:3
[23:45:00][PEAR] [2481] ? NIV-CC793516DCADBF8D | BASKET | DOUBLE | PRONG | GOLD | KT_14 | 1ct | imgs:3
[23:45:04][PEAR] [2482] ? NIV-CC793516DCADBF8D | BASKET | DOUBLE | PRONG | GOLD | KT_14 | 1ct | imgs:3
[23:45:07][PEAR] [2483] ? NIV-9665B00C54988737 | BASKET | DOUBLE | PRONG | GOLD | KT_18 | 1ct | imgs:3
[23:45:10][PEAR] [2484] ? NIV-9665B00C54988737 | BASKET | DOUBLE | PRONG | GOLD | KT_18 | 1ct | imgs:3
[23:45:15][PEAR] [2485] ? NIV-9665B00C54988737 | BASKET | DOUBLE | PRONG | GOLD | KT_18 | 1ct | imgs:3
[23:45:18][PEAR] [2486] ? NIV-B8AB9456013CB1F5 | BASKET | DOUBLE | PRONG | GOLD | KT_18 | 1ct | imgs:3
[23:45:21][PEAR] [2487] ? NIV-B8AB9456013CB1F5 | BASKET | DOUBLE | PRONG | GOLD | KT_18 | 1ct | imgs:3
[23:45:25][PEAR] [2488] ? NIV-B8AB9456013CB1F5 | BASKET | DOUBLE | PRONG | GOLD | KT_18 | 1ct | imgs:3
[23:45:27][PEAR] [2489] ? NIV-DCDA56EFB0D11187 | BASKET | DOUBLE | PRONG | GOLD | KT_18 | 1ct | imgs:3
[23:45:30][PEAR] [2490] ? NIV-DCDA56EFB0D11187 | BASKET | DOUBLE | PRONG | GOLD | KT_18 | 1ct | imgs:3
[23:45:34][PEAR] [2491] ? NIV-DCDA56EFB0D11187 | BASKET | DOUBLE | PRONG | GOLD | KT_18 | 1ct | imgs:3
[23:45:36][PEAR] [2492] ? NIV-435F9B380A88C9A9 | BASKET | DOUBLE | PRONG | PLATINUM | PT_950 | 1ct | imgs:3
[23:45:44][PEAR] [2493] ? NIV-63A846D5468CFE68 | BASKET | DOUBLE | PRONG | GOLD | KT_10 | 1ct | imgs:3
[23:45:48][PEAR] [2494] ? NIV-63A846D5468CFE68 | BASKET | DOUBLE | PRONG | GOLD | KT_10 | 1ct | imgs:3
[23:45:51][PEAR] [2495] ? NIV-63A846D5468CFE68 | BASKET | DOUBLE | PRONG | GOLD | KT_10 | 1ct | imgs:3
[23:45:54][PEAR] [2496] ? NIV-1321CF1258DD60FB | BASKET | DOUBLE | PRONG | GOLD | KT_10 | 1ct | imgs:3
[23:45:58][PEAR] [2497] ? NIV-1321CF1258DD60FB | BASKET | DOUBLE | PRONG | GOLD | KT_10 | 1ct | imgs:3
[23:46:01][PEAR] [2498] ? NIV-1321CF1258DD60FB | BASKET | DOUBLE | PRONG | GOLD | KT_10 | 1ct | imgs:3
[23:46:03][PEAR] [2499] ? NIV-21E7562DBBA14775 | BASKET | DOUBLE | PRONG | GOLD | KT_10 | 1ct | imgs:3
[23:46:06][PEAR] [2500] ? NIV-21E7562DBBA14775 | BASKET | DOUBLE | PRONG | GOLD | KT_10 | 1ct | imgs:3
[23:46:10][PEAR] [2501] ? NIV-21E7562DBBA14775 | BASKET | DOUBLE | PRONG | GOLD | KT_10 | 1ct | imgs:3
[23:46:13][PEAR] [2502] ? NIV-5FD58CA7CD02E7F7 | BASKET | DOUBLE | PRONG | GOLD | KT_14 | 1ct | imgs:3
[23:46:18][PEAR] [2503] ? NIV-5FD58CA7CD02E7F7 | BASKET | DOUBLE | PRONG | GOLD | KT_14 | 1ct | imgs:3
[23:46:22][PEAR] [2504] ? NIV-5FD58CA7CD02E7F7 | BASKET | DOUBLE | PRONG | GOLD | KT_14 | 1ct | imgs:3
[23:46:24][PEAR] [2505] ? NIV-66C6F7AC51BF5FE2 | BASKET | DOUBLE | PRONG | GOLD | KT_14 | 1ct | imgs:3
[23:46:27][PEAR] [2506] ? NIV-66C6F7AC51BF5FE2 | BASKET | DOUBLE | PRONG | GOLD | KT_14 | 1ct | imgs:3
[23:46:30][PEAR] [2507] ? NIV-66C6F7AC51BF5FE2 | BASKET | DOUBLE | PRONG | GOLD | KT_14 | 1ct | imgs:3
[23:46:33][PEAR] [2508] ? NIV-C2B860FABC27A08B | BASKET | DOUBLE | PRONG | GOLD | KT_14 | 1ct | imgs:3
[23:46:36][PEAR] [2509] ? NIV-C2B860FABC27A08B | BASKET | DOUBLE | PRONG | GOLD | KT_14 | 1ct | imgs:3
[23:46:40][PEAR] [2510] ? NIV-C2B860FABC27A08B | BASKET | DOUBLE | PRONG | GOLD | KT_14 | 1ct | imgs:3
[23:46:45][PEAR] [2511] ? NIV-87AFB3DA724CC7FB | BASKET | DOUBLE | PRONG | GOLD | KT_18 | 1ct | imgs:3
[23:46:48][PEAR] [2512] ? NIV-87AFB3DA724CC7FB | BASKET | DOUBLE | PRONG | GOLD | KT_18 | 1ct | imgs:3
[23:46:54][PEAR] [2513] ? NIV-87AFB3DA724CC7FB | BASKET | DOUBLE | PRONG | GOLD | KT_18 | 1ct | imgs:3
[23:46:57][PEAR] [2514] ? NIV-14833D20F94651E4 | BASKET | DOUBLE | PRONG | GOLD | KT_18 | 1ct | imgs:3
[23:47:00][PEAR] [2515] ? NIV-14833D20F94651E4 | BASKET | DOUBLE | PRONG | GOLD | KT_18 | 1ct | imgs:3
[23:47:06][PEAR] [2516] ? NIV-14833D20F94651E4 | BASKET | DOUBLE | PRONG | GOLD | KT_18 | 1ct | imgs:3
[23:47:09][PEAR] [2517] ? NIV-9385241FD029B12C | BASKET | DOUBLE | PRONG | GOLD | KT_18 | 1ct | imgs:3
[23:47:12][PEAR] [2518] ? NIV-9385241FD029B12C | BASKET | DOUBLE | PRONG | GOLD | KT_18 | 1ct | imgs:3
[23:47:18][PEAR] [2519] ? NIV-9385241FD029B12C | BASKET | DOUBLE | PRONG | GOLD | KT_18 | 1ct | imgs:3
[23:47:21][PEAR] [2520] ? NIV-6AB26C51646480D1 | BASKET | DOUBLE | PRONG | PLATINUM | PT_950 | 1ct | imgs:3
[23:47:27][PEAR] [2521] ? NIV-826274E85D6D383D | BASKET | DOUBLE | PRONG | GOLD | KT_10 | 1ct | imgs:3
[23:47:30][PEAR] [2522] ? NIV-826274E85D6D383D | BASKET | DOUBLE | PRONG | GOLD | KT_10 | 1ct | imgs:3
[23:47:34][PEAR] [2523] ? NIV-826274E85D6D383D | BASKET | DOUBLE | PRONG | GOLD | KT_10 | 1ct | imgs:3
[23:47:36][PEAR] [2524] ? NIV-D2BC15B23DB81027 | BASKET | DOUBLE | PRONG | GOLD | KT_10 | 1ct | imgs:3
[23:47:42][PEAR] [2525] ? NIV-D2BC15B23DB81027 | BASKET | DOUBLE | PRONG | GOLD | KT_10 | 1ct | imgs:3
[23:47:45][PEAR] [2526] ? NIV-D2BC15B23DB81027 | BASKET | DOUBLE | PRONG | GOLD | KT_10 | 1ct | imgs:3
[23:47:48][PEAR] [2527] ? NIV-E54E0B92C31A9633 | BASKET | DOUBLE | PRONG | GOLD | KT_10 | 1ct | imgs:3
[23:47:52][PEAR] [2528] ? NIV-E54E0B92C31A9633 | BASKET | DOUBLE | PRONG | GOLD | KT_10 | 1ct | imgs:3
[23:47:57][PEAR] [2529] ? NIV-E54E0B92C31A9633 | BASKET | DOUBLE | PRONG | GOLD | KT_10 | 1ct | imgs:3
[23:48:00][PEAR] [2530] ? NIV-C478198165730D45 | BASKET | DOUBLE | PRONG | GOLD | KT_14 | 1ct | imgs:3
[23:48:04][PEAR] [2531] ? NIV-C478198165730D45 | BASKET | DOUBLE | PRONG | GOLD | KT_14 | 1ct | imgs:3
[23:48:09][PEAR] [2532] ? NIV-C478198165730D45 | BASKET | DOUBLE | PRONG | GOLD | KT_14 | 1ct | imgs:3
[23:48:12][PEAR] [2533] ? NIV-F0B5B1ADEE531CC7 | BASKET | DOUBLE | PRONG | GOLD | KT_14 | 1ct | imgs:3
[23:48:15][PEAR] [2534] ? NIV-F0B5B1ADEE531CC7 | BASKET | DOUBLE | PRONG | GOLD | KT_14 | 1ct | imgs:3
[23:48:19][PEAR] [2535] ? NIV-F0B5B1ADEE531CC7 | BASKET | DOUBLE | PRONG | GOLD | KT_14 | 1ct | imgs:3
[23:48:21][PEAR] [2536] ? NIV-5756B34DBDC41CB3 | BASKET | DOUBLE | PRONG | GOLD | KT_14 | 1ct | imgs:3
[23:48:25][PEAR] [2537] ? NIV-5756B34DBDC41CB3 | BASKET | DOUBLE | PRONG | GOLD | KT_14 | 1ct | imgs:3
[23:48:28][PEAR] [2538] ? NIV-5756B34DBDC41CB3 | BASKET | DOUBLE | PRONG | GOLD | KT_14 | 1ct | imgs:3
[23:48:33][PEAR] [2539] ? NIV-0E2D208FC6125B47 | BASKET | DOUBLE | PRONG | GOLD | KT_18 | 1ct | imgs:3
[23:48:36][PEAR] [2540] ? NIV-0E2D208FC6125B47 | BASKET | DOUBLE | PRONG | GOLD | KT_18 | 1ct | imgs:3
[23:48:42][PEAR] [2541] ? NIV-0E2D208FC6125B47 | BASKET | DOUBLE | PRONG | GOLD | KT_18 | 1ct | imgs:3
[23:48:45][PEAR] [2542] ? NIV-F82DC9FAFB6593EA | BASKET | DOUBLE | PRONG | GOLD | KT_18 | 1ct | imgs:3
[23:48:49][PEAR] [2543] ? NIV-F82DC9FAFB6593EA | BASKET | DOUBLE | PRONG | GOLD | KT_18 | 1ct | imgs:3
[23:48:54][PEAR] [2544] ? NIV-F82DC9FAFB6593EA | BASKET | DOUBLE | PRONG | GOLD | KT_18 | 1ct | imgs:3
[23:48:57][PEAR] [2545] ? NIV-91CABA70FA6C5D65 | BASKET | DOUBLE | PRONG | GOLD | KT_18 | 1ct | imgs:3
[23:49:01][PEAR] [2546] ? NIV-91CABA70FA6C5D65 | BASKET | DOUBLE | PRONG | GOLD | KT_18 | 1ct | imgs:3
[23:49:06][PEAR] [2547] ? NIV-91CABA70FA6C5D65 | BASKET | DOUBLE | PRONG | GOLD | KT_18 | 1ct | imgs:3
[23:49:09][PEAR] [2548] ? NIV-3776818594EB5661 | BASKET | DOUBLE | PRONG | PLATINUM | PT_950 | 1ct | imgs:3
[23:49:13][PEAR] [2549] ? NIV-84E15ACCDEBE902A | BASKET | DOUBLE | PRONG | GOLD | KT_10 | 1ct | imgs:3
[23:49:18][PEAR] [2550] ? NIV-84E15ACCDEBE902A | BASKET | DOUBLE | PRONG | GOLD | KT_10 | 1ct | imgs:3
[23:49:22][PEAR] [2551] ? NIV-84E15ACCDEBE902A | BASKET | DOUBLE | PRONG | GOLD | KT_10 | 1ct | imgs:3
[23:49:24][PEAR] [2552] ? NIV-C74D4EDE47D143B3 | BASKET | DOUBLE | PRONG | GOLD | KT_10 | 1ct | imgs:3
[23:49:27][PEAR] [2553] ? NIV-C74D4EDE47D143B3 | BASKET | DOUBLE | PRONG | GOLD | KT_10 | 1ct | imgs:3
[23:49:33][PEAR] [2554] ? NIV-C74D4EDE47D143B3 | BASKET | DOUBLE | PRONG | GOLD | KT_10 | 1ct | imgs:3
[23:49:36][PEAR] [2555] ? NIV-A02F62D5C89456A2 | BASKET | DOUBLE | PRONG | GOLD | KT_10 | 1ct | imgs:3
[23:49:40][PEAR] [2556] ? NIV-A02F62D5C89456A2 | BASKET | DOUBLE | PRONG | GOLD | KT_10 | 1ct | imgs:3
[23:49:45][PEAR] [2557] ? NIV-A02F62D5C89456A2 | BASKET | DOUBLE | PRONG | GOLD | KT_10 | 1ct | imgs:3
[23:49:48][PEAR] [2558] ? NIV-00F4D58AAD78F8EC | BASKET | DOUBLE | PRONG | GOLD | KT_14 | 1ct | imgs:3
[23:49:52][PEAR] [2559] ? NIV-00F4D58AAD78F8EC | BASKET | DOUBLE | PRONG | GOLD | KT_14 | 1ct | imgs:3
[23:49:57][PEAR] [2560] ? NIV-00F4D58AAD78F8EC | BASKET | DOUBLE | PRONG | GOLD | KT_14 | 1ct | imgs:3
[23:50:00][PEAR] [2561] ? NIV-254B36C0F179DD2C | BASKET | DOUBLE | PRONG | GOLD | KT_14 | 1ct | imgs:3
[23:50:03][PEAR] [2562] ? NIV-254B36C0F179DD2C | BASKET | DOUBLE | PRONG | GOLD | KT_14 | 1ct | imgs:3
[23:50:07][PEAR] [2563] ? NIV-254B36C0F179DD2C | BASKET | DOUBLE | PRONG | GOLD | KT_14 | 1ct | imgs:3
[23:50:09][PEAR] [2564] ? NIV-174632726A0469C0 | BASKET | DOUBLE | PRONG | GOLD | KT_14 | 1ct | imgs:3
[23:50:12][PEAR] [2565] ? NIV-174632726A0469C0 | BASKET | DOUBLE | PRONG | GOLD | KT_14 | 1ct | imgs:3
[23:50:15][PEAR] [2566] ? NIV-174632726A0469C0 | BASKET | DOUBLE | PRONG | GOLD | KT_14 | 1ct | imgs:3
[23:50:21][PEAR] [2567] ? NIV-B3C0B7E0BC49EFB2 | BASKET | DOUBLE | PRONG | GOLD | KT_18 | 1ct | imgs:3
[23:50:25][PEAR] [2568] ? NIV-B3C0B7E0BC49EFB2 | BASKET | DOUBLE | PRONG | GOLD | KT_18 | 1ct | imgs:3
[23:50:30][PEAR] [2569] ? NIV-B3C0B7E0BC49EFB2 | BASKET | DOUBLE | PRONG | GOLD | KT_18 | 1ct | imgs:3
[23:50:33][PEAR] [2570] ? NIV-F1D9F9DB587C05FD | BASKET | DOUBLE | PRONG | GOLD | KT_18 | 1ct | imgs:3
[23:50:36][PEAR] [2571] ? NIV-F1D9F9DB587C05FD | BASKET | DOUBLE | PRONG | GOLD | KT_18 | 1ct | imgs:3
[23:50:40][PEAR] [2572] ? NIV-F1D9F9DB587C05FD | BASKET | DOUBLE | PRONG | GOLD | KT_18 | 1ct | imgs:3
[23:50:42][PEAR] [2573] ? NIV-210928E59F9C5CAE | BASKET | DOUBLE | PRONG | GOLD | KT_18 | 1ct | imgs:3
[23:50:45][PEAR] [2574] ? NIV-210928E59F9C5CAE | BASKET | DOUBLE | PRONG | GOLD | KT_18 | 1ct | imgs:3
[23:50:49][PEAR] [2575] ? NIV-210928E59F9C5CAE | BASKET | DOUBLE | PRONG | GOLD | KT_18 | 1ct | imgs:3
[23:50:51][PEAR] [2576] ? NIV-F003D68508B57480 | BASKET | DOUBLE | PRONG | PLATINUM | PT_950 | 1ct | imgs:3
[23:50:55][PEAR] [2577] ? NIV-BD7F97EDA7A7126A | BASKET | DOUBLE | PRONG | GOLD | KT_10 | 1ct | imgs:3
[23:51:00][PEAR] [2578] ? NIV-BD7F97EDA7A7126A | BASKET | DOUBLE | PRONG | GOLD | KT_10 | 1ct | imgs:3
[23:51:06][PEAR] [2579] ? NIV-BD7F97EDA7A7126A | BASKET | DOUBLE | PRONG | GOLD | KT_10 | 1ct | imgs:3
[23:51:09][PEAR] [2580] ? NIV-93631A5ECE30297A | BASKET | DOUBLE | PRONG | GOLD | KT_10 | 1ct | imgs:3
[23:51:13][PEAR] [2581] ? NIV-93631A5ECE30297A | BASKET | DOUBLE | PRONG | GOLD | KT_10 | 1ct | imgs:3
[23:51:18][PEAR] [2582] ? NIV-93631A5ECE30297A | BASKET | DOUBLE | PRONG | GOLD | KT_10 | 1ct | imgs:3
[23:51:21][PEAR] [2583] ? NIV-86E2275D763CA18F | BASKET | DOUBLE | PRONG | GOLD | KT_10 | 1ct | imgs:3
[23:51:24][PEAR] [2584] ? NIV-86E2275D763CA18F | BASKET | DOUBLE | PRONG | GOLD | KT_10 | 1ct | imgs:3
[23:51:28][PEAR] [2585] ? NIV-86E2275D763CA18F | BASKET | DOUBLE | PRONG | GOLD | KT_10 | 1ct | imgs:3
[23:51:33][PEAR] [2586] ? NIV-03DBCD335F3AB836 | BASKET | DOUBLE | PRONG | GOLD | KT_14 | 1ct | imgs:3
[23:51:37][PEAR] [2587] ? NIV-03DBCD335F3AB836 | BASKET | DOUBLE | PRONG | GOLD | KT_14 | 1ct | imgs:3
[23:51:42][PEAR] [2588] ? NIV-03DBCD335F3AB836 | BASKET | DOUBLE | PRONG | GOLD | KT_14 | 1ct | imgs:3
[23:51:45][PEAR] [2589] ? NIV-CFC79E8CD887345D | BASKET | DOUBLE | PRONG | GOLD | KT_14 | 1ct | imgs:3
[23:51:49][PEAR] [2590] ? NIV-CFC79E8CD887345D | BASKET | DOUBLE | PRONG | GOLD | KT_14 | 1ct | imgs:3
[23:51:54][PEAR] [2591] ? NIV-CFC79E8CD887345D | BASKET | DOUBLE | PRONG | GOLD | KT_14 | 1ct | imgs:3
[23:51:57][PEAR] [2592] ? NIV-8D8DB1EB26020D4A | BASKET | DOUBLE | PRONG | GOLD | KT_14 | 1ct | imgs:3
[23:52:00][PEAR] [2593] ? NIV-8D8DB1EB26020D4A | BASKET | DOUBLE | PRONG | GOLD | KT_14 | 1ct | imgs:3
[23:52:04][PEAR] [2594] ? NIV-8D8DB1EB26020D4A | BASKET | DOUBLE | PRONG | GOLD | KT_14 | 1ct | imgs:3
[23:52:09][PEAR] [2595] ? NIV-9116A051BD983A3A | BASKET | DOUBLE | PRONG | GOLD | KT_18 | 1ct | imgs:3
[23:52:13][PEAR] [2596] ? NIV-9116A051BD983A3A | BASKET | DOUBLE | PRONG | GOLD | KT_18 | 1ct | imgs:3
[23:52:18][PEAR] [2597] ? NIV-9116A051BD983A3A | BASKET | DOUBLE | PRONG | GOLD | KT_18 | 1ct | imgs:3
[23:52:21][PEAR] [2598] ? NIV-B486645701A9888E | BASKET | DOUBLE | PRONG | GOLD | KT_18 | 1ct | imgs:3
[23:52:24][PEAR] [2599] ? NIV-B486645701A9888E | BASKET | DOUBLE | PRONG | GOLD | KT_18 | 1ct | imgs:3
[23:52:28][PEAR] [2600] ? NIV-B486645701A9888E | BASKET | DOUBLE | PRONG | GOLD | KT_18 | 1ct | imgs:3
[23:52:30][PEAR] [2601] ? NIV-AF5A16544BA65DCF | BASKET | DOUBLE | PRONG | GOLD | KT_18 | 1ct | imgs:3
[23:52:33][PEAR] [2602] ? NIV-AF5A16544BA65DCF | BASKET | DOUBLE | PRONG | GOLD | KT_18 | 1ct | imgs:3
[23:52:36][PEAR] [2603] ? NIV-AF5A16544BA65DCF | BASKET | DOUBLE | PRONG | GOLD | KT_18 | 1ct | imgs:3
[23:52:39][PEAR] [2604] ? NIV-94C45D7C325E983F | BASKET | DOUBLE | PRONG | PLATINUM | PT_950 | 1ct | imgs:3
[23:52:48][PEAR] [2605] ? NIV-7A936719719AE820 | BASKET | DOUBLE | PRONG | GOLD | KT_10 | 1ct | imgs:3
[23:52:51][PEAR] [2606] ? NIV-7A936719719AE820 | BASKET | DOUBLE | PRONG | GOLD | KT_10 | 1ct | imgs:3
[23:52:57][PEAR] [2607] ? NIV-7A936719719AE820 | BASKET | DOUBLE | PRONG | GOLD | KT_10 | 1ct | imgs:3
[23:53:00][PEAR] [2608] ? NIV-2B0978353168DAF3 | BASKET | DOUBLE | PRONG | GOLD | KT_10 | 1ct | imgs:3
[23:53:03][PEAR] [2609] ? NIV-2B0978353168DAF3 | BASKET | DOUBLE | PRONG | GOLD | KT_10 | 1ct | imgs:3
[23:53:07][PEAR] [2610] ? NIV-2B0978353168DAF3 | BASKET | DOUBLE | PRONG | GOLD | KT_10 | 1ct | imgs:3
[23:53:09][PEAR] [2611] ? NIV-445A89AB6FA3E717 | BASKET | DOUBLE | PRONG | GOLD | KT_10 | 1ct | imgs:3
[23:53:12][PEAR] [2612] ? NIV-445A89AB6FA3E717 | BASKET | DOUBLE | PRONG | GOLD | KT_10 | 1ct | imgs:3
[23:53:15][PEAR] [2613] ? NIV-445A89AB6FA3E717 | BASKET | DOUBLE | PRONG | GOLD | KT_10 | 1ct | imgs:3
[23:53:19][PEAR] [2614] ? NIV-9FFDE7ABFB9EA950 | BASKET | DOUBLE | PRONG | GOLD | KT_14 | 1ct | imgs:3
[23:53:22][PEAR] [2615] ? NIV-9FFDE7ABFB9EA950 | BASKET | DOUBLE | PRONG | GOLD | KT_14 | 1ct | imgs:3
[23:53:27][PEAR] [2616] ? NIV-9FFDE7ABFB9EA950 | BASKET | DOUBLE | PRONG | GOLD | KT_14 | 1ct | imgs:3
[23:53:30][PEAR] [2617] ? NIV-4B1EBDDD01FBE654 | BASKET | DOUBLE | PRONG | GOLD | KT_14 | 1ct | imgs:3
[23:53:33][PEAR] [2618] ? NIV-4B1EBDDD01FBE654 | BASKET | DOUBLE | PRONG | GOLD | KT_14 | 1ct | imgs:3
[23:53:37][PEAR] [2619] ? NIV-4B1EBDDD01FBE654 | BASKET | DOUBLE | PRONG | GOLD | KT_14 | 1ct | imgs:3
[23:53:39][PEAR] [2620] ? NIV-803E34E53A6C86FF | BASKET | DOUBLE | PRONG | GOLD | KT_14 | 1ct | imgs:3
[23:53:42][PEAR] [2621] ? NIV-803E34E53A6C86FF | BASKET | DOUBLE | PRONG | GOLD | KT_14 | 1ct | imgs:3
[23:53:46][PEAR] [2622] ? NIV-803E34E53A6C86FF | BASKET | DOUBLE | PRONG | GOLD | KT_14 | 1ct | imgs:3
[23:53:51][PEAR] [2623] ? NIV-58990CAD9DF48A50 | BASKET | DOUBLE | PRONG | GOLD | KT_18 | 1ct | imgs:3
[23:53:54][PEAR] [2624] ? NIV-58990CAD9DF48A50 | BASKET | DOUBLE | PRONG | GOLD | KT_18 | 1ct | imgs:3
[23:53:58][PEAR] [2625] ? NIV-58990CAD9DF48A50 | BASKET | DOUBLE | PRONG | GOLD | KT_18 | 1ct | imgs:3
[23:54:00][PEAR] [2626] ? NIV-2C3C942997635DBD | BASKET | DOUBLE | PRONG | GOLD | KT_18 | 1ct | imgs:3
[23:54:06][PEAR] [2627] ? NIV-2C3C942997635DBD | BASKET | DOUBLE | PRONG | GOLD | KT_18 | 1ct | imgs:3
[23:54:09][PEAR] [2628] ? NIV-2C3C942997635DBD | BASKET | DOUBLE | PRONG | GOLD | KT_18 | 1ct | imgs:3
[23:54:12][PEAR] [2629] ? NIV-A66ECB2103243EF7 | BASKET | DOUBLE | PRONG | GOLD | KT_18 | 1ct | imgs:3
[23:54:15][PEAR] [2630] ? NIV-A66ECB2103243EF7 | BASKET | DOUBLE | PRONG | GOLD | KT_18 | 1ct | imgs:3
[23:54:19][PEAR] [2631] ? NIV-A66ECB2103243EF7 | BASKET | DOUBLE | PRONG | GOLD | KT_18 | 1ct | imgs:3
[23:54:21][PEAR] [2632] ? NIV-2206067D04595458 | BASKET | DOUBLE | PRONG | PLATINUM | PT_950 | 1ct | imgs:3
[23:54:27][PEAR] [2633] ? NIV-2926875095871F7E | BASKET | DOUBLE | PRONG | GOLD | KT_10 | 1ct | imgs:3
[23:54:30][PEAR] [2634] ? NIV-2926875095871F7E | BASKET | DOUBLE | PRONG | GOLD | KT_10 | 1ct | imgs:3
[23:54:34][PEAR] [2635] ? NIV-2926875095871F7E | BASKET | DOUBLE | PRONG | GOLD | KT_10 | 1ct | imgs:3
[23:54:36][PEAR] [2636] ? NIV-9E572AD4FD7099C5 | BASKET | DOUBLE | PRONG | GOLD | KT_10 | 1ct | imgs:3
[23:54:39][PEAR] [2637] ? NIV-9E572AD4FD7099C5 | BASKET | DOUBLE | PRONG | GOLD | KT_10 | 1ct | imgs:3
[23:54:43][PEAR] [2638] ? NIV-9E572AD4FD7099C5 | BASKET | DOUBLE | PRONG | GOLD | KT_10 | 1ct | imgs:3
[23:54:45][PEAR] [2639] ? NIV-4A758AC576F163A8 | BASKET | DOUBLE | PRONG | GOLD | KT_10 | 1ct | imgs:3
[23:54:48][PEAR] [2640] ? NIV-4A758AC576F163A8 | BASKET | DOUBLE | PRONG | GOLD | KT_10 | 1ct | imgs:3
[23:54:51][PEAR] [2641] ? NIV-4A758AC576F163A8 | BASKET | DOUBLE | PRONG | GOLD | KT_10 | 1ct | imgs:3
[23:54:57][PEAR] [2642] ? NIV-31742DD7DEE32E72 | BASKET | DOUBLE | PRONG | GOLD | KT_14 | 1ct | imgs:3
[23:55:00][PEAR] [2643] ? NIV-31742DD7DEE32E72 | BASKET | DOUBLE | PRONG | GOLD | KT_14 | 1ct | imgs:3
[23:55:04][PEAR] [2644] ? NIV-31742DD7DEE32E72 | BASKET | DOUBLE | PRONG | GOLD | KT_14 | 1ct | imgs:3
[23:55:06][PEAR] [2645] ? NIV-A9EEE432077782A9 | BASKET | DOUBLE | PRONG | GOLD | KT_14 | 1ct | imgs:3
[23:55:09][PEAR] [2646] ? NIV-A9EEE432077782A9 | BASKET | DOUBLE | PRONG | GOLD | KT_14 | 1ct | imgs:3
[23:55:12][PEAR] [2647] ? NIV-A9EEE432077782A9 | BASKET | DOUBLE | PRONG | GOLD | KT_14 | 1ct | imgs:3
[23:55:15][PEAR] [2648] ? NIV-5FAD9815AB03F71D | BASKET | DOUBLE | PRONG | GOLD | KT_14 | 1ct | imgs:3
[23:55:18][PEAR] [2649] ? NIV-5FAD9815AB03F71D | BASKET | DOUBLE | PRONG | GOLD | KT_14 | 1ct | imgs:3
[23:55:22][PEAR] [2650] ? NIV-5FAD9815AB03F71D | BASKET | DOUBLE | PRONG | GOLD | KT_14 | 1ct | imgs:3
[23:55:25][PEAR] [2651] ? NIV-CC736BD9B37C1A27 | BASKET | DOUBLE | PRONG | GOLD | KT_18 | 1ct | imgs:3
[23:55:28][PEAR] [2652] ? NIV-CC736BD9B37C1A27 | BASKET | DOUBLE | PRONG | GOLD | KT_18 | 1ct | imgs:3
[23:55:33][PEAR] [2653] ? NIV-CC736BD9B37C1A27 | BASKET | DOUBLE | PRONG | GOLD | KT_18 | 1ct | imgs:3
[23:55:36][PEAR] [2654] ? NIV-855F478941046BA3 | BASKET | DOUBLE | PRONG | GOLD | KT_18 | 1ct | imgs:3
[23:55:39][PEAR] [2655] ? NIV-855F478941046BA3 | BASKET | DOUBLE | PRONG | GOLD | KT_18 | 1ct | imgs:3
[23:55:43][PEAR] [2656] ? NIV-855F478941046BA3 | BASKET | DOUBLE | PRONG | GOLD | KT_18 | 1ct | imgs:3
[23:55:45][PEAR] [2657] ? NIV-1609D2472F2F721B | BASKET | DOUBLE | PRONG | GOLD | KT_18 | 1ct | imgs:3
[23:55:48][PEAR] [2658] ? NIV-1609D2472F2F721B | BASKET | DOUBLE | PRONG | GOLD | KT_18 | 1ct | imgs:3
[23:55:52][PEAR] [2659] ? NIV-1609D2472F2F721B | BASKET | DOUBLE | PRONG | GOLD | KT_18 | 1ct | imgs:3
[23:55:54][PEAR] [2660] ? NIV-887328CAB9FE9F5F | BASKET | DOUBLE | PRONG | PLATINUM | PT_950 | 1ct | imgs:3
[23:56:00][PEAR] [2661] ? NIV-DA06C48164790874 | BASKET | DOUBLE | PRONG | GOLD | KT_10 | 1ct | imgs:3
[23:56:03][PEAR] [2662] ? NIV-DA06C48164790874 | BASKET | DOUBLE | PRONG | GOLD | KT_10 | 1ct | imgs:3
[23:56:07][PEAR] [2663] ? NIV-DA06C48164790874 | BASKET | DOUBLE | PRONG | GOLD | KT_10 | 1ct | imgs:3
[23:56:09][PEAR] [2664] ? NIV-51514DFA931DE28A | BASKET | DOUBLE | PRONG | GOLD | KT_10 | 1ct | imgs:3
[23:56:13][PEAR] [2665] ? NIV-51514DFA931DE28A | BASKET | DOUBLE | PRONG | GOLD | KT_10 | 1ct | imgs:3
[23:56:18][PEAR] [2666] ? NIV-51514DFA931DE28A | BASKET | DOUBLE | PRONG | GOLD | KT_10 | 1ct | imgs:3
[23:56:21][PEAR] [2667] ? NIV-E6B5060C57F8B4BB | BASKET | DOUBLE | PRONG | GOLD | KT_10 | 1ct | imgs:3
[23:56:25][PEAR] [2668] ? NIV-E6B5060C57F8B4BB | BASKET | DOUBLE | PRONG | GOLD | KT_10 | 1ct | imgs:3
[23:56:30][PEAR] [2669] ? NIV-E6B5060C57F8B4BB | BASKET | DOUBLE | PRONG | GOLD | KT_10 | 1ct | imgs:3
[23:56:33][PEAR] [2670] ? NIV-5DD92618653EF29C | BASKET | DOUBLE | PRONG | GOLD | KT_14 | 1ct | imgs:3
[23:56:36][PEAR] [2671] ? NIV-5DD92618653EF29C | BASKET | DOUBLE | PRONG | GOLD | KT_14 | 1ct | imgs:3
[23:56:40][PEAR] [2672] ? NIV-5DD92618653EF29C | BASKET | DOUBLE | PRONG | GOLD | KT_14 | 1ct | imgs:3
[23:56:48][PEAR] [2673] ? NIV-34C8AFC43B289D66 | BASKET | DOUBLE | PRONG | GOLD | KT_14 | 1ct | imgs:3
[23:56:51][PEAR] [2674] ? NIV-34C8AFC43B289D66 | BASKET | DOUBLE | PRONG | GOLD | KT_14 | 1ct | imgs:3
[23:56:54][PEAR] [2675] ? NIV-34C8AFC43B289D66 | BASKET | DOUBLE | PRONG | GOLD | KT_14 | 1ct | imgs:3
[23:56:57][PEAR] [2676] ? NIV-F2B37580B0BE74B6 | BASKET | DOUBLE | PRONG | GOLD | KT_14 | 1ct | imgs:3
[23:57:03][PEAR] [2677] ? NIV-F2B37580B0BE74B6 | BASKET | DOUBLE | PRONG | GOLD | KT_14 | 1ct | imgs:3
[23:57:07][PEAR] [2678] ? NIV-F2B37580B0BE74B6 | BASKET | DOUBLE | PRONG | GOLD | KT_14 | 1ct | imgs:3
[23:57:10][PEAR] [2679] ? NIV-8CB3D07E930262B4 | BASKET | DOUBLE | PRONG | GOLD | KT_18 | 1ct | imgs:3
[23:57:15][PEAR] [2680] ? NIV-8CB3D07E930262B4 | BASKET | DOUBLE | PRONG | GOLD | KT_18 | 1ct | imgs:3
[23:57:18][PEAR] [2681] ? NIV-8CB3D07E930262B4 | BASKET | DOUBLE | PRONG | GOLD | KT_18 | 1ct | imgs:3
[23:57:21][PEAR] [2682] ? NIV-A4C4A65880C0CEF1 | BASKET | DOUBLE | PRONG | GOLD | KT_18 | 1ct | imgs:3
[23:57:25][PEAR] [2683] ? NIV-A4C4A65880C0CEF1 | BASKET | DOUBLE | PRONG | GOLD | KT_18 | 1ct | imgs:3
[23:57:30][PEAR] [2684] ? NIV-A4C4A65880C0CEF1 | BASKET | DOUBLE | PRONG | GOLD | KT_18 | 1ct | imgs:3
[23:57:33][PEAR] [2685] ? NIV-EA377B76E9A72A5F | BASKET | DOUBLE | PRONG | GOLD | KT_18 | 1ct | imgs:3
[23:57:36][PEAR] [2686] ? NIV-EA377B76E9A72A5F | BASKET | DOUBLE | PRONG | GOLD | KT_18 | 1ct | imgs:3
[23:57:40][PEAR] [2687] ? NIV-EA377B76E9A72A5F | BASKET | DOUBLE | PRONG | GOLD | KT_18 | 1ct | imgs:3
[23:57:42][PEAR] [2688] ? NIV-B15A79CF29B32755 | BASKET | DOUBLE | PRONG | PLATINUM | PT_950 | 1ct | imgs:3
[23:57:49][PEAR] [2689] ? NIV-1F1E587946C0A81A | BASKET | DOUBLE | PRONG | GOLD | KT_10 | 1ct | imgs:3
[23:57:54][PEAR] [2690] ? NIV-1F1E587946C0A81A | BASKET | DOUBLE | PRONG | GOLD | KT_10 | 1ct | imgs:3
[23:57:58][PEAR] [2691] ? NIV-1F1E587946C0A81A | BASKET | DOUBLE | PRONG | GOLD | KT_10 | 1ct | imgs:3
[23:58:00][PEAR] [2692] ? NIV-2C6FDB94576D5C72 | BASKET | DOUBLE | PRONG | GOLD | KT_10 | 1ct | imgs:3
[23:58:03][PEAR] [2693] ? NIV-2C6FDB94576D5C72 | BASKET | DOUBLE | PRONG | GOLD | KT_10 | 1ct | imgs:3
[23:58:06][PEAR] [2694] ? NIV-2C6FDB94576D5C72 | BASKET | DOUBLE | PRONG | GOLD | KT_10 | 1ct | imgs:3
[23:58:09][PEAR] [2695] ? NIV-85427CC6D695F7F7 | BASKET | DOUBLE | PRONG | GOLD | KT_10 | 1ct | imgs:3
[23:58:15][PEAR] [2696] ? NIV-85427CC6D695F7F7 | BASKET | DOUBLE | PRONG | GOLD | KT_10 | 1ct | imgs:3
[23:58:18][PEAR] [2697] ? NIV-85427CC6D695F7F7 | BASKET | DOUBLE | PRONG | GOLD | KT_10 | 1ct | imgs:3
[23:58:22][PEAR] [2698] ? NIV-EB64CB651FAF02D5 | BASKET | DOUBLE | PRONG | GOLD | KT_14 | 1ct | imgs:3
[23:58:27][PEAR] [2699] ? NIV-EB64CB651FAF02D5 | BASKET | DOUBLE | PRONG | GOLD | KT_14 | 1ct | imgs:3
[23:58:31][PEAR] [2700] ? NIV-EB64CB651FAF02D5 | BASKET | DOUBLE | PRONG | GOLD | KT_14 | 1ct | imgs:3
[23:58:37][PEAR] [2701] ? NIV-C1445FB6FB7364ED | BASKET | DOUBLE | PRONG | GOLD | KT_14 | 1ct | imgs:2
[23:58:42][PEAR] [2702] ? NIV-C1445FB6FB7364ED | BASKET | DOUBLE | PRONG | GOLD | KT_14 | 1ct | imgs:3
[23:58:45][PEAR] [2703] ? NIV-C1445FB6FB7364ED | BASKET | DOUBLE | PRONG | GOLD | KT_14 | 1ct | imgs:3
[23:58:48][PEAR] [2704] ? NIV-7F2D92B7F2D3C8D9 | BASKET | DOUBLE | PRONG | GOLD | KT_14 | 1ct | imgs:3
[23:58:52][PEAR] [2705] ? NIV-7F2D92B7F2D3C8D9 | BASKET | DOUBLE | PRONG | GOLD | KT_14 | 1ct | imgs:3
[23:58:57][PEAR] [2706] ? NIV-7F2D92B7F2D3C8D9 | BASKET | DOUBLE | PRONG | GOLD | KT_14 | 1ct | imgs:3
[23:59:01][PEAR] [2707] ? NIV-4B0C20D3E2C4B980 | BASKET | DOUBLE | PRONG | GOLD | KT_18 | 1ct | imgs:3
[23:59:06][PEAR] [2708] ? NIV-4B0C20D3E2C4B980 | BASKET | DOUBLE | PRONG | GOLD | KT_18 | 1ct | imgs:3
[23:59:09][PEAR] [2709] ? NIV-4B0C20D3E2C4B980 | BASKET | DOUBLE | PRONG | GOLD | KT_18 | 1ct | imgs:3
[23:59:12][PEAR] [2710] ? NIV-9EFF9714BD383BCE | BASKET | DOUBLE | PRONG | GOLD | KT_18 | 1ct | imgs:3
[23:59:16][PEAR] [2711] ? NIV-9EFF9714BD383BCE | BASKET | DOUBLE | PRONG | GOLD | KT_18 | 1ct | imgs:3
[23:59:21][PEAR] [2712] ? NIV-9EFF9714BD383BCE | BASKET | DOUBLE | PRONG | GOLD | KT_18 | 1ct | imgs:3
[23:59:24][PEAR] [2713] ? NIV-268CA9B62E8C2495 | BASKET | DOUBLE | PRONG | GOLD | KT_18 | 1ct | imgs:3
[23:59:27][PEAR] [2714] ? NIV-268CA9B62E8C2495 | BASKET | DOUBLE | PRONG | GOLD | KT_18 | 1ct | imgs:3
[23:59:33][PEAR] [2715] ? NIV-268CA9B62E8C2495 | BASKET | DOUBLE | PRONG | GOLD | KT_18 | 1ct | imgs:3
[23:59:36][PEAR] [2716] ? NIV-2AEE8427F1AB08D3 | BASKET | DOUBLE | PRONG | PLATINUM | PT_950 | 1ct | imgs:3
[23:59:40][PEAR] [2717] ? NIV-3708FF2114F3DFCA | BASKET | DOUBLE | PRONG | GOLD | KT_10 | 1ct | imgs:3
[23:59:45][PEAR] [2718] ? NIV-3708FF2114F3DFCA | BASKET | DOUBLE | PRONG | GOLD | KT_10 | 1ct | imgs:3
[23:59:48][PEAR] [2719] ? NIV-3708FF2114F3DFCA | BASKET | DOUBLE | PRONG | GOLD | KT_10 | 1ct | imgs:3
[23:59:51][PEAR] [2720] ? NIV-9F28EE1DD70FB961 | BASKET | DOUBLE | PRONG | GOLD | KT_10 | 1ct | imgs:3
[23:59:54][PEAR] [2721] ? NIV-9F28EE1DD70FB961 | BASKET | DOUBLE | PRONG | GOLD | KT_10 | 1ct | imgs:3
[23:59:58][PEAR] [2722] ? NIV-9F28EE1DD70FB961 | BASKET | DOUBLE | PRONG | GOLD | KT_10 | 1ct | imgs:3
[00:00:00][PEAR] [2723] ? NIV-A5D692227DD50374 | BASKET | DOUBLE | PRONG | GOLD | KT_10 | 1ct | imgs:3
[00:00:04][PEAR] [2724] ? NIV-A5D692227DD50374 | BASKET | DOUBLE | PRONG | GOLD | KT_10 | 1ct | imgs:3
[00:00:09][PEAR] [2725] ? NIV-A5D692227DD50374 | BASKET | DOUBLE | PRONG | GOLD | KT_10 | 1ct | imgs:3
[00:00:12][PEAR] [2726] ? NIV-7421181B9DEE4BFC | BASKET | DOUBLE | PRONG | GOLD | KT_14 | 1ct | imgs:3
[00:00:15][PEAR] [2727] ? NIV-7421181B9DEE4BFC | BASKET | DOUBLE | PRONG | GOLD | KT_14 | 1ct | imgs:3
[00:00:21][PEAR] [2728] ? NIV-7421181B9DEE4BFC | BASKET | DOUBLE | PRONG | GOLD | KT_14 | 1ct | imgs:3
[00:00:28][PEAR] [2729] ? NIV-6C3A1D2991C7F69A | BASKET | DOUBLE | PRONG | GOLD | KT_14 | 1ct | imgs:3
[00:00:33][PEAR] [2730] ? NIV-6C3A1D2991C7F69A | BASKET | DOUBLE | PRONG | GOLD | KT_14 | 1ct | imgs:3
[00:00:37][PEAR] [2731] ? NIV-6C3A1D2991C7F69A | BASKET | DOUBLE | PRONG | GOLD | KT_14 | 1ct | imgs:3
[00:00:39][PEAR] [2732] ? NIV-AFA0D5A3ACA651D0 | BASKET | DOUBLE | PRONG | GOLD | KT_14 | 1ct | imgs:3
[00:00:42][PEAR] [2733] ? NIV-AFA0D5A3ACA651D0 | BASKET | DOUBLE | PRONG | GOLD | KT_14 | 1ct | imgs:3
[00:00:45][PEAR] [2734] ? NIV-AFA0D5A3ACA651D0 | BASKET | DOUBLE | PRONG | GOLD | KT_14 | 1ct | imgs:3
[00:00:49][PEAR] [2735] ? NIV-EDFBA525F90FBEF7 | BASKET | DOUBLE | PRONG | GOLD | KT_18 | 1ct | imgs:1
[00:00:54][PEAR] [2736] ? NIV-EDFBA525F90FBEF7 | BASKET | DOUBLE | PRONG | GOLD | KT_18 | 1ct | imgs:3
[00:00:58][PEAR] [2737] ? NIV-EDFBA525F90FBEF7 | BASKET | DOUBLE | PRONG | GOLD | KT_18 | 1ct | imgs:3
[00:01:00][PEAR] [2738] ? NIV-9CCFDE461FA35F16 | BASKET | DOUBLE | PRONG | GOLD | KT_18 | 1ct | imgs:3
[00:01:03][PEAR] [2739] ? NIV-9CCFDE461FA35F16 | BASKET | DOUBLE | PRONG | GOLD | KT_18 | 1ct | imgs:3
[00:01:07][PEAR] [2740] ? NIV-9CCFDE461FA35F16 | BASKET | DOUBLE | PRONG | GOLD | KT_18 | 1ct | imgs:3
[00:01:09][PEAR] [2741] ? NIV-457708B5B1FC826A | BASKET | DOUBLE | PRONG | GOLD | KT_18 | 1ct | imgs:3
[00:01:13][PEAR] [2742] ? NIV-457708B5B1FC826A | BASKET | DOUBLE | PRONG | GOLD | KT_18 | 1ct | imgs:3
[00:01:18][PEAR] [2743] ? NIV-457708B5B1FC826A | BASKET | DOUBLE | PRONG | GOLD | KT_18 | 1ct | imgs:3
[00:01:21][PEAR] [2744] ? NIV-C5C0620DCAB58A47 | BASKET | DOUBLE | PRONG | PLATINUM | PT_950 | 1ct | imgs:3
[00:01:27][PEAR] [2745] ? NIV-A905F791B6D0791D | BASKET | DOUBLE | PRONG | GOLD | KT_10 | 1ct | imgs:3
[00:01:31][PEAR] [2746] ? NIV-A905F791B6D0791D | BASKET | DOUBLE | PRONG | GOLD | KT_10 | 1ct | imgs:3
[00:01:36][PEAR] [2747] ? NIV-A905F791B6D0791D | BASKET | DOUBLE | PRONG | GOLD | KT_10 | 1ct | imgs:3
[00:01:39][PEAR] [2748] ? NIV-051C91FC28180035 | BASKET | DOUBLE | PRONG | GOLD | KT_10 | 1ct | imgs:3
[00:01:45][PEAR] [2749] ? NIV-051C91FC28180035 | BASKET | DOUBLE | PRONG | GOLD | KT_10 | 1ct | imgs:3
[00:01:51][PEAR] [2750] ? NIV-051C91FC28180035 | BASKET | DOUBLE | PRONG | GOLD | KT_10 | 1ct | imgs:3
[00:01:54][PEAR] [2751] ? NIV-09A2FCA518926D00 | BASKET | DOUBLE | PRONG | GOLD | KT_10 | 1ct | imgs:3
[00:01:57][PEAR] [2752] ? NIV-09A2FCA518926D00 | BASKET | DOUBLE | PRONG | GOLD | KT_10 | 1ct | imgs:3
[00:02:01][PEAR] [2753] ? NIV-09A2FCA518926D00 | BASKET | DOUBLE | PRONG | GOLD | KT_10 | 1ct | imgs:3
[00:02:06][PEAR] [2754] ? NIV-2C22945416714DD9 | BASKET | DOUBLE | PRONG | GOLD | KT_14 | 1ct | imgs:3
[00:02:09][PEAR] [2755] ? NIV-2C22945416714DD9 | BASKET | DOUBLE | PRONG | GOLD | KT_14 | 1ct | imgs:3
[00:02:13][PEAR] [2756] ? NIV-2C22945416714DD9 | BASKET | DOUBLE | PRONG | GOLD | KT_14 | 1ct | imgs:3
[00:02:15][PEAR] [2757] ? NIV-AB1268823D00E529 | BASKET | DOUBLE | PRONG | GOLD | KT_14 | 1ct | imgs:3
[00:02:21][PEAR] [2758] ? NIV-AB1268823D00E529 | BASKET | DOUBLE | PRONG | GOLD | KT_14 | 1ct | imgs:3
[00:02:24][PEAR] [2759] ? NIV-AB1268823D00E529 | BASKET | DOUBLE | PRONG | GOLD | KT_14 | 1ct | imgs:3
[00:02:27][PEAR] [2760] ? NIV-CA90DA0BD90C7A6D | BASKET | DOUBLE | PRONG | GOLD | KT_14 | 1ct | imgs:3
[00:02:33][PEAR] [2761] ? NIV-CA90DA0BD90C7A6D | BASKET | DOUBLE | PRONG | GOLD | KT_14 | 1ct | imgs:3
[00:02:37][PEAR] [2762] ? NIV-CA90DA0BD90C7A6D | BASKET | DOUBLE | PRONG | GOLD | KT_14 | 1ct | imgs:3
[00:02:42][PEAR] [2763] ? NIV-DBDE2B2C3F68C609 | BASKET | DOUBLE | PRONG | GOLD | KT_18 | 1ct | imgs:3
[00:02:46][PEAR] [2764] ? NIV-DBDE2B2C3F68C609 | BASKET | DOUBLE | PRONG | GOLD | KT_18 | 1ct | imgs:3
[00:02:51][PEAR] [2765] ? NIV-DBDE2B2C3F68C609 | BASKET | DOUBLE | PRONG | GOLD | KT_18 | 1ct | imgs:3
[00:02:54][PEAR] [2766] ? NIV-597ADBA73D224C00 | BASKET | DOUBLE | PRONG | GOLD | KT_18 | 1ct | imgs:3
[00:02:57][PEAR] [2767] ? NIV-597ADBA73D224C00 | BASKET | DOUBLE | PRONG | GOLD | KT_18 | 1ct | imgs:3
[00:03:01][PEAR] [2768] ? NIV-597ADBA73D224C00 | BASKET | DOUBLE | PRONG | GOLD | KT_18 | 1ct | imgs:3
[00:03:03][PEAR] [2769] ? NIV-8250C7830A09222A | BASKET | DOUBLE | PRONG | GOLD | KT_18 | 1ct | imgs:3
[00:03:07][PEAR] [2770] ? NIV-8250C7830A09222A | BASKET | DOUBLE | PRONG | GOLD | KT_18 | 1ct | imgs:3
[00:03:12][PEAR] [2771] ? NIV-8250C7830A09222A | BASKET | DOUBLE | PRONG | GOLD | KT_18 | 1ct | imgs:3
[00:03:15][PEAR] [2772] ? NIV-B6BD4E79EBFE55F9 | BASKET | DOUBLE | PRONG | PLATINUM | PT_950 | 1ct | imgs:3
[00:03:21][PEAR] [2773] ? NIV-1C8D04ED12094EF7 | BASKET | DOUBLE | PRONG | GOLD | KT_10 | 1ct | imgs:3
[00:03:24][PEAR] [2774] ? NIV-1C8D04ED12094EF7 | BASKET | DOUBLE | PRONG | GOLD | KT_10 | 1ct | imgs:3
[00:03:30][PEAR] [2775] ? NIV-1C8D04ED12094EF7 | BASKET | DOUBLE | PRONG | GOLD | KT_10 | 1ct | imgs:3
[00:03:33][PEAR] [2776] ? NIV-97EFE9F446BAC7B9 | BASKET | DOUBLE | PRONG | GOLD | KT_10 | 1ct | imgs:3
[00:03:36][PEAR] [2777] ? NIV-97EFE9F446BAC7B9 | BASKET | DOUBLE | PRONG | GOLD | KT_10 | 1ct | imgs:3
[00:03:40][PEAR] [2778] ? NIV-97EFE9F446BAC7B9 | BASKET | DOUBLE | PRONG | GOLD | KT_10 | 1ct | imgs:3
[00:03:42][PEAR] [2779] ? NIV-BEA3FDBE0E919AA1 | BASKET | DOUBLE | PRONG | GOLD | KT_10 | 1ct | imgs:3
[00:03:45][PEAR] [2780] ? NIV-BEA3FDBE0E919AA1 | BASKET | DOUBLE | PRONG | GOLD | KT_10 | 1ct | imgs:3
[00:03:51][PEAR] [2781] ? NIV-BEA3FDBE0E919AA1 | BASKET | DOUBLE | PRONG | GOLD | KT_10 | 1ct | imgs:3
[00:03:54][PEAR] [2782] ? NIV-8BAEE1367B2AE176 | BASKET | DOUBLE | PRONG | GOLD | KT_14 | 1ct | imgs:3
[00:03:58][PEAR] [2783] ? NIV-8BAEE1367B2AE176 | BASKET | DOUBLE | PRONG | GOLD | KT_14 | 1ct | imgs:3
[00:04:01][PEAR] [2784] ? NIV-8BAEE1367B2AE176 | BASKET | DOUBLE | PRONG | GOLD | KT_14 | 1ct | imgs:3
[00:04:03][PEAR] [2785] ? NIV-D7420EE518BF1CA3 | BASKET | DOUBLE | PRONG | GOLD | KT_14 | 1ct | imgs:3
[00:04:06][PEAR] [2786] ? NIV-D7420EE518BF1CA3 | BASKET | DOUBLE | PRONG | GOLD | KT_14 | 1ct | imgs:3
[00:04:10][PEAR] [2787] ? NIV-D7420EE518BF1CA3 | BASKET | DOUBLE | PRONG | GOLD | KT_14 | 1ct | imgs:3
[00:04:12][PEAR] [2788] ? NIV-4F848BA700101A88 | BASKET | DOUBLE | PRONG | GOLD | KT_14 | 1ct | imgs:3
[00:04:15][PEAR] [2789] ? NIV-4F848BA700101A88 | BASKET | DOUBLE | PRONG | GOLD | KT_14 | 1ct | imgs:3
[00:04:19][PEAR] [2790] ? NIV-4F848BA700101A88 | BASKET | DOUBLE | PRONG | GOLD | KT_14 | 1ct | imgs:3
[00:04:22][PEAR] [2791] ? NIV-6836B969D7F5C281 | BASKET | DOUBLE | PRONG | GOLD | KT_18 | 1ct | imgs:3
[00:04:27][PEAR] [2792] ? NIV-6836B969D7F5C281 | BASKET | DOUBLE | PRONG | GOLD | KT_18 | 1ct | imgs:3
[00:04:31][PEAR] [2793] ? NIV-6836B969D7F5C281 | BASKET | DOUBLE | PRONG | GOLD | KT_18 | 1ct | imgs:3
[00:04:34][PEAR] [2794] ? NIV-1F7D965A3C473140 | BASKET | DOUBLE | PRONG | GOLD | KT_18 | 1ct | imgs:3
[00:04:39][PEAR] [2795] ? NIV-1F7D965A3C473140 | BASKET | DOUBLE | PRONG | GOLD | KT_18 | 1ct | imgs:3
[00:04:43][PEAR] [2796] ? NIV-1F7D965A3C473140 | BASKET | DOUBLE | PRONG | GOLD | KT_18 | 1ct | imgs:3
[00:04:45][PEAR] [2797] ? NIV-AE9A9ACE46D839B1 | BASKET | DOUBLE | PRONG | GOLD | KT_18 | 1ct | imgs:3
[00:04:48][PEAR] [2798] ? NIV-AE9A9ACE46D839B1 | BASKET | DOUBLE | PRONG | GOLD | KT_18 | 1ct | imgs:3
[00:04:54][PEAR] [2799] ? NIV-AE9A9ACE46D839B1 | BASKET | DOUBLE | PRONG | GOLD | KT_18 | 1ct | imgs:3
[00:04:57][PEAR] [2800] ? NIV-09E2B315D727EDAA | BASKET | DOUBLE | PRONG | PLATINUM | PT_950 | 1ct | imgs:3
[00:05:03][PEAR] [2801] ? NIV-57227133726BC7D8 | BASKET | DOUBLE | PRONG | GOLD | KT_10 | 1ct | imgs:3
[00:05:06][PEAR] [2802] ? NIV-57227133726BC7D8 | BASKET | DOUBLE | PRONG | GOLD | KT_10 | 1ct | imgs:3
[00:05:09][PEAR] [2803] ? NIV-57227133726BC7D8 | BASKET | DOUBLE | PRONG | GOLD | KT_10 | 1ct | imgs:3
[00:05:12][PEAR] [2804] ? NIV-CE7566FD121DE8C1 | BASKET | DOUBLE | PRONG | GOLD | KT_10 | 1ct | imgs:3
[00:05:15][PEAR] [2805] ? NIV-CE7566FD121DE8C1 | BASKET | DOUBLE | PRONG | GOLD | KT_10 | 1ct | imgs:3
[00:05:21][PEAR] [2806] ? NIV-CE7566FD121DE8C1 | BASKET | DOUBLE | PRONG | GOLD | KT_10 | 1ct | imgs:3
[00:05:24][PEAR] [2807] ? NIV-DD2368C458E59806 | BASKET | DOUBLE | PRONG | GOLD | KT_10 | 1ct | imgs:3
[00:05:27][PEAR] [2808] ? NIV-DD2368C458E59806 | BASKET | DOUBLE | PRONG | GOLD | KT_10 | 1ct | imgs:3
[00:05:34][PEAR] [2809] ? NIV-DD2368C458E59806 | BASKET | DOUBLE | PRONG | GOLD | KT_10 | 1ct | imgs:3
[00:05:39][PEAR] [2810] ? NIV-19376715F572D14B | BASKET | DOUBLE | PRONG | GOLD | KT_14 | 1ct | imgs:3
[00:05:42][PEAR] [2811] ? NIV-19376715F572D14B | BASKET | DOUBLE | PRONG | GOLD | KT_14 | 1ct | imgs:3
[00:05:46][PEAR] [2812] ? NIV-19376715F572D14B | BASKET | DOUBLE | PRONG | GOLD | KT_14 | 1ct | imgs:3
[00:05:48][PEAR] [2813] ? NIV-4C498283FC127E2E | BASKET | DOUBLE | PRONG | GOLD | KT_14 | 1ct | imgs:3
[00:05:51][PEAR] [2814] ? NIV-4C498283FC127E2E | BASKET | DOUBLE | PRONG | GOLD | KT_14 | 1ct | imgs:3
[00:05:54][PEAR] [2815] ? NIV-4C498283FC127E2E | BASKET | DOUBLE | PRONG | GOLD | KT_14 | 1ct | imgs:3
[00:05:57][PEAR] [2816] ? NIV-B29F834F1758DD32 | BASKET | DOUBLE | PRONG | GOLD | KT_14 | 1ct | imgs:3
[00:06:00][PEAR] [2817] ? NIV-B29F834F1758DD32 | BASKET | DOUBLE | PRONG | GOLD | KT_14 | 1ct | imgs:3
[00:06:04][PEAR] [2818] ? NIV-B29F834F1758DD32 | BASKET | DOUBLE | PRONG | GOLD | KT_14 | 1ct | imgs:3
[00:06:07][PEAR] [2819] ? NIV-A1918426CB2C5F6E | BASKET | DOUBLE | PRONG | GOLD | KT_18 | 1ct | imgs:3
[00:06:12][PEAR] [2820] ? NIV-A1918426CB2C5F6E | BASKET | DOUBLE | PRONG | GOLD | KT_18 | 1ct | imgs:3
[00:06:16][PEAR] [2821] ? NIV-A1918426CB2C5F6E | BASKET | DOUBLE | PRONG | GOLD | KT_18 | 1ct | imgs:3
[00:06:18][PEAR] [2822] ? NIV-27101850BE7EABD0 | BASKET | DOUBLE | PRONG | GOLD | KT_18 | 1ct | imgs:3
[00:06:21][PEAR] [2823] ? NIV-27101850BE7EABD0 | BASKET | DOUBLE | PRONG | GOLD | KT_18 | 1ct | imgs:3
[00:06:25][PEAR] [2824] ? NIV-27101850BE7EABD0 | BASKET | DOUBLE | PRONG | GOLD | KT_18 | 1ct | imgs:3
[00:06:27][PEAR] [2825] ? NIV-FC2734EE217CEB86 | BASKET | DOUBLE | PRONG | GOLD | KT_18 | 1ct | imgs:3
[00:06:31][PEAR] [2826] ? NIV-FC2734EE217CEB86 | BASKET | DOUBLE | PRONG | GOLD | KT_18 | 1ct | imgs:3
[00:06:36][PEAR] [2827] ? NIV-FC2734EE217CEB86 | BASKET | DOUBLE | PRONG | GOLD | KT_18 | 1ct | imgs:3
[00:06:39][PEAR] [2828] ? NIV-2C2E50368B01A038 | BASKET | DOUBLE | PRONG | PLATINUM | PT_950 | 1ct | imgs:3
[00:06:43][PEAR] [2829] ? NIV-6AAB1F7FC5368682 | BASKET | DOUBLE | PRONG | GOLD | KT_10 | 1ct | imgs:3
[00:06:48][PEAR] [2830] ? NIV-6AAB1F7FC5368682 | BASKET | DOUBLE | PRONG | GOLD | KT_10 | 1ct | imgs:3
[00:06:51][PEAR] [2831] ? NIV-6AAB1F7FC5368682 | BASKET | DOUBLE | PRONG | GOLD | KT_10 | 1ct | imgs:3
[00:06:54][PEAR] [2832] ? NIV-10AFE93FA9332D0A | BASKET | DOUBLE | PRONG | GOLD | KT_10 | 1ct | imgs:3
[00:06:57][PEAR] [2833] ? NIV-10AFE93FA9332D0A | BASKET | DOUBLE | PRONG | GOLD | KT_10 | 1ct | imgs:3
[00:07:01][PEAR] [2834] ? NIV-10AFE93FA9332D0A | BASKET | DOUBLE | PRONG | GOLD | KT_10 | 1ct | imgs:3
[00:07:03][PEAR] [2835] ? NIV-B465BCC5A8E90C6D | BASKET | DOUBLE | PRONG | GOLD | KT_10 | 1ct | imgs:3
[00:07:07][PEAR] [2836] ? NIV-B465BCC5A8E90C6D | BASKET | DOUBLE | PRONG | GOLD | KT_10 | 1ct | imgs:3
[00:07:12][PEAR] [2837] ? NIV-B465BCC5A8E90C6D | BASKET | DOUBLE | PRONG | GOLD | KT_10 | 1ct | imgs:3
[00:07:15][PEAR] [2838] ? NIV-10F31204C1221D47 | BASKET | DOUBLE | PRONG | GOLD | KT_14 | 1ct | imgs:3
[00:07:18][PEAR] [2839] ? NIV-10F31204C1221D47 | BASKET | DOUBLE | PRONG | GOLD | KT_14 | 1ct | imgs:3
[00:07:22][PEAR] [2840] ? NIV-10F31204C1221D47 | BASKET | DOUBLE | PRONG | GOLD | KT_14 | 1ct | imgs:3
[00:07:27][PEAR] [2841] ? NIV-89723F4D10C6AB7D | BASKET | DOUBLE | PRONG | GOLD | KT_14 | 1ct | imgs:3
[00:07:30][PEAR] [2842] ? NIV-89723F4D10C6AB7D | BASKET | DOUBLE | PRONG | GOLD | KT_14 | 1ct | imgs:3
[00:07:34][PEAR] [2843] ? NIV-89723F4D10C6AB7D | BASKET | DOUBLE | PRONG | GOLD | KT_14 | 1ct | imgs:3
[00:07:36][PEAR] [2844] ? NIV-8E7ABF88DFED1A8C | BASKET | DOUBLE | PRONG | GOLD | KT_14 | 1ct | imgs:3
[00:07:39][PEAR] [2845] ? NIV-8E7ABF88DFED1A8C | BASKET | DOUBLE | PRONG | GOLD | KT_14 | 1ct | imgs:3
[00:07:42][PEAR] [2846] ? NIV-8E7ABF88DFED1A8C | BASKET | DOUBLE | PRONG | GOLD | KT_14 | 1ct | imgs:3
[00:07:45][PEAR] [2847] ? NIV-C0B8E3A010005ACB | BASKET | DOUBLE | PRONG | GOLD | KT_18 | 1ct | imgs:3
[00:07:48][PEAR] [2848] ? NIV-C0B8E3A010005ACB | BASKET | DOUBLE | PRONG | GOLD | KT_18 | 1ct | imgs:3
[00:07:52][PEAR] [2849] ? NIV-C0B8E3A010005ACB | BASKET | DOUBLE | PRONG | GOLD | KT_18 | 1ct | imgs:3
[00:07:54][PEAR] [2850] ? NIV-742B6BD78543D5C4 | BASKET | DOUBLE | PRONG | GOLD | KT_18 | 1ct | imgs:3
[00:08:00][PEAR] [2851] ? NIV-742B6BD78543D5C4 | BASKET | DOUBLE | PRONG | GOLD | KT_18 | 1ct | imgs:3
[00:08:04][PEAR] [2852] ? NIV-742B6BD78543D5C4 | BASKET | DOUBLE | PRONG | GOLD | KT_18 | 1ct | imgs:3
[00:08:06][PEAR] [2853] ? NIV-962BFC7E65661A07 | BASKET | DOUBLE | PRONG | GOLD | KT_18 | 1ct | imgs:3
[00:08:10][PEAR] [2854] ? NIV-962BFC7E65661A07 | BASKET | DOUBLE | PRONG | GOLD | KT_18 | 1ct | imgs:3
[00:08:15][PEAR] [2855] ? NIV-962BFC7E65661A07 | BASKET | DOUBLE | PRONG | GOLD | KT_18 | 1ct | imgs:3
[00:08:18][PEAR] [2856] ? NIV-324687857E2AA9D2 | BASKET | DOUBLE | PRONG | PLATINUM | PT_950 | 1ct | imgs:3
[00:08:24][PEAR] [2857] ? NIV-0A1E41CED0854703 | BASKET | DOUBLE | PRONG | GOLD | KT_10 | 1ct | imgs:3
[00:08:27][PEAR] [2858] ? NIV-0A1E41CED0854703 | BASKET | DOUBLE | PRONG | GOLD | KT_10 | 1ct | imgs:3
[00:08:31][PEAR] [2859] ? NIV-0A1E41CED0854703 | BASKET | DOUBLE | PRONG | GOLD | KT_10 | 1ct | imgs:3
[00:08:41][PEAR] [2860] ??  NIV-A0CB5EFC5B17E7ED | BASKET | DOUBLE | PRONG | GOLD | KT_10 | 1ct | imgs:0
[00:08:45][PEAR] [2861] ? NIV-A0CB5EFC5B17E7ED | BASKET | DOUBLE | PRONG | GOLD | KT_10 | 1ct | imgs:3
[00:08:48][PEAR] [2862] ? NIV-A0CB5EFC5B17E7ED | BASKET | DOUBLE | PRONG | GOLD | KT_10 | 1ct | imgs:3
[00:08:51][PEAR] [2863] ? NIV-B550912A213AE2E6 | BASKET | DOUBLE | PRONG | GOLD | KT_10 | 1ct | imgs:3
[00:08:55][PEAR] [2864] ? NIV-B550912A213AE2E6 | BASKET | DOUBLE | PRONG | GOLD | KT_10 | 1ct | imgs:3
[00:09:00][PEAR] [2865] ? NIV-B550912A213AE2E6 | BASKET | DOUBLE | PRONG | GOLD | KT_10 | 1ct | imgs:3
[00:09:03][PEAR] [2866] ? NIV-2387FE55BB339F3C | BASKET | DOUBLE | PRONG | GOLD | KT_14 | 1ct | imgs:3
[00:09:06][PEAR] [2867] ? NIV-2387FE55BB339F3C | BASKET | DOUBLE | PRONG | GOLD | KT_14 | 1ct | imgs:3
[00:09:10][PEAR] [2868] ? NIV-2387FE55BB339F3C | BASKET | DOUBLE | PRONG | GOLD | KT_14 | 1ct | imgs:3
[00:09:12][PEAR] [2869] ? NIV-2D862BD917878A48 | BASKET | DOUBLE | PRONG | GOLD | KT_14 | 1ct | imgs:3
[00:09:16][PEAR] [2870] ? NIV-2D862BD917878A48 | BASKET | DOUBLE | PRONG | GOLD | KT_14 | 1ct | imgs:3
[00:09:21][PEAR] [2871] ? NIV-2D862BD917878A48 | BASKET | DOUBLE | PRONG | GOLD | KT_14 | 1ct | imgs:3
[00:09:24][PEAR] [2872] ? NIV-814BC2AF37CB0357 | BASKET | DOUBLE | PRONG | GOLD | KT_14 | 1ct | imgs:3
[00:09:27][PEAR] [2873] ? NIV-814BC2AF37CB0357 | BASKET | DOUBLE | PRONG | GOLD | KT_14 | 1ct | imgs:3
[00:09:33][PEAR] [2874] ? NIV-814BC2AF37CB0357 | BASKET | DOUBLE | PRONG | GOLD | KT_14 | 1ct | imgs:3
[00:09:37][PEAR] [2875] ? NIV-53AD322C53E235DE | BASKET | DOUBLE | PRONG | GOLD | KT_18 | 1ct | imgs:3
[00:09:42][PEAR] [2876] ? NIV-53AD322C53E235DE | BASKET | DOUBLE | PRONG | GOLD | KT_18 | 1ct | imgs:3
[00:09:45][PEAR] [2877] ? NIV-53AD322C53E235DE | BASKET | DOUBLE | PRONG | GOLD | KT_18 | 1ct | imgs:3
[00:09:48][PEAR] [2878] ? NIV-0CCF9920AAABF614 | BASKET | DOUBLE | PRONG | GOLD | KT_18 | 1ct | imgs:3
[00:09:54][PEAR] [2879] ? NIV-0CCF9920AAABF614 | BASKET | DOUBLE | PRONG | GOLD | KT_18 | 1ct | imgs:3
[00:09:57][PEAR] [2880] ? NIV-0CCF9920AAABF614 | BASKET | DOUBLE | PRONG | GOLD | KT_18 | 1ct | imgs:3
[00:10:00][PEAR] [2881] ? NIV-3E043DB41D4ACA9E | BASKET | DOUBLE | PRONG | GOLD | KT_18 | 1ct | imgs:3
[00:10:03][PEAR] [2882] ? NIV-3E043DB41D4ACA9E | BASKET | DOUBLE | PRONG | GOLD | KT_18 | 1ct | imgs:3
[00:10:07][PEAR] [2883] ? NIV-3E043DB41D4ACA9E | BASKET | DOUBLE | PRONG | GOLD | KT_18 | 1ct | imgs:3
[00:10:09][PEAR] [2884] ? NIV-D3D9BAB80266E2A3 | BASKET | DOUBLE | PRONG | PLATINUM | PT_950 | 1ct | imgs:3
[00:10:13][PEAR] [2885] ? NIV-03EB617DC092CFB5 | BASKET | DOUBLE | PRONG | GOLD | KT_10 | 1ct | imgs:3
[00:10:18][PEAR] [2886] ? NIV-03EB617DC092CFB5 | BASKET | DOUBLE | PRONG | GOLD | KT_10 | 1ct | imgs:3
[00:10:22][PEAR] [2887] ? NIV-03EB617DC092CFB5 | BASKET | DOUBLE | PRONG | GOLD | KT_10 | 1ct | imgs:3
[00:10:24][PEAR] [2888] ? NIV-A426556B574B46B8 | BASKET | DOUBLE | PRONG | GOLD | KT_10 | 1ct | imgs:3
[00:10:28][PEAR] [2889] ? NIV-A426556B574B46B8 | BASKET | DOUBLE | PRONG | GOLD | KT_10 | 1ct | imgs:3
[00:10:33][PEAR] [2890] ? NIV-A426556B574B46B8 | BASKET | DOUBLE | PRONG | GOLD | KT_10 | 1ct | imgs:3
[00:10:36][PEAR] [2891] ? NIV-5ECD4E27B1388B4B | BASKET | DOUBLE | PRONG | GOLD | KT_10 | 1ct | imgs:3
[00:10:39][PEAR] [2892] ? NIV-5ECD4E27B1388B4B | BASKET | DOUBLE | PRONG | GOLD | KT_10 | 1ct | imgs:3
[00:10:43][PEAR] [2893] ? NIV-5ECD4E27B1388B4B | BASKET | DOUBLE | PRONG | GOLD | KT_10 | 1ct | imgs:3
[00:10:46][PEAR] [2894] ? NIV-9D37F61110C8148D | BASKET | DOUBLE | PRONG | GOLD | KT_14 | 1ct | imgs:3
[00:10:51][PEAR] [2895] ? NIV-9D37F61110C8148D | BASKET | DOUBLE | PRONG | GOLD | KT_14 | 1ct | imgs:3
[00:10:54][PEAR] [2896] ? NIV-9D37F61110C8148D | BASKET | DOUBLE | PRONG | GOLD | KT_14 | 1ct | imgs:3
[00:11:06][PEAR] [2897] ? NIV-C8F00280001BA7E4 | BASKET | DOUBLE | PRONG | GOLD | KT_14 | 1ct | imgs:1
[00:11:06][PEAR]   Re-seleccionando PEAR (intento 1)
[00:11:06][PEAR]   Boton no encontrado ? recargando configurador...
[00:11:17][PEAR]   Re-seleccionando PEAR (intento 2)
[00:11:20][PEAR] [2898] ? NIV-7DA8D455A2AE5958 | BASKET | DOUBLE | PRONG | GOLD | KT_14 | 1ct | imgs:3
[00:11:23][PEAR] [2899] ? NIV-564AABB91BF56BF5 | BASKET | DOUBLE | PRONG | GOLD | KT_14 | 1ct | imgs:3
[00:11:26][PEAR] [2900] ? NIV-201813E54AAD676E | BASKET | DOUBLE | PRONG | GOLD | KT_14 | 1ct | imgs:3
[00:11:29][PEAR] [2901] ? NIV-560ECFDD33105F86 | BASKET | DOUBLE | PRONG | GOLD | KT_14 | 1ct | imgs:3
[00:11:32][PEAR] [2902] ? NIV-F0569425E60661CF | BASKET | DOUBLE | PRONG | GOLD | KT_14 | 1ct | imgs:3
[00:11:35][PEAR] [2903] ? NIV-AABD95B950B34DF1 | BASKET | DOUBLE | PRONG | GOLD | KT_18 | 1ct | imgs:3
[00:11:38][PEAR] [2904] ? NIV-89E0F50132F79B32 | BASKET | DOUBLE | PRONG | GOLD | KT_18 | 1ct | imgs:3
[00:11:41][PEAR] [2905] ? NIV-C175F6C1D9DECDAB | BASKET | DOUBLE | PRONG | GOLD | KT_18 | 1ct | imgs:3
[00:11:44][PEAR] [2906] ? NIV-3856082831231231 | BASKET | DOUBLE | PRONG | GOLD | KT_18 | 1ct | imgs:3
[00:11:47][PEAR] [2907] ? NIV-FE6898A5C1792CC1 | BASKET | DOUBLE | PRONG | GOLD | KT_18 | 1ct | imgs:3
[00:11:50][PEAR] [2908] ? NIV-87E99FDAFFF17281 | BASKET | DOUBLE | PRONG | GOLD | KT_18 | 1ct | imgs:3
[00:11:53][PEAR] [2909] ? NIV-853B5380A5203887 | BASKET | DOUBLE | PRONG | GOLD | KT_18 | 1ct | imgs:3
[00:11:56][PEAR] [2910] ? NIV-79B08F9F0CE078D3 | BASKET | DOUBLE | PRONG | GOLD | KT_18 | 1ct | imgs:3
[00:11:59][PEAR] [2911] ? NIV-2B5A34D8091A2722 | BASKET | DOUBLE | PRONG | GOLD | KT_18 | 1ct | imgs:3
[00:12:02][PEAR] [2912] ? NIV-3580C704CD6D41A8 | BASKET | DOUBLE | PRONG | PLATINUM | PT_950 | 1ct | imgs:3
[00:12:05][PEAR] [2913] ? NIV-74AED66FDACF512C | BASKET | DOUBLE | PRONG | GOLD | KT_10 | 1ct | imgs:3
[00:12:11][PEAR] [2914] ? NIV-74AED66FDACF512C | BASKET | DOUBLE | PRONG | GOLD | KT_10 | 1ct | imgs:3
[00:12:14][PEAR] [2915] ? NIV-74AED66FDACF512C | BASKET | DOUBLE | PRONG | GOLD | KT_10 | 1ct | imgs:3
[00:12:17][PEAR] [2916] ? NIV-D955E591A46055C4 | BASKET | DOUBLE | PRONG | GOLD | KT_10 | 1ct | imgs:3
[00:12:21][PEAR] [2917] ? NIV-D955E591A46055C4 | BASKET | DOUBLE | PRONG | GOLD | KT_10 | 1ct | imgs:3
[00:12:26][PEAR] [2918] ? NIV-D955E591A46055C4 | BASKET | DOUBLE | PRONG | GOLD | KT_10 | 1ct | imgs:3
[00:12:29][PEAR] [2919] ? NIV-C1050C0AD02DB593 | BASKET | DOUBLE | PRONG | GOLD | KT_10 | 1ct | imgs:3
[00:12:32][PEAR] [2920] ? NIV-C1050C0AD02DB593 | BASKET | DOUBLE | PRONG | GOLD | KT_10 | 1ct | imgs:3
[00:12:36][PEAR] [2921] ? NIV-C1050C0AD02DB593 | BASKET | DOUBLE | PRONG | GOLD | KT_10 | 1ct | imgs:3
[00:12:39][PEAR] [2922] ? NIV-2CB954A1C83D6368 | BASKET | DOUBLE | PRONG | GOLD | KT_14 | 1ct | imgs:3
[00:12:44][PEAR] [2923] ? NIV-2CB954A1C83D6368 | BASKET | DOUBLE | PRONG | GOLD | KT_14 | 1ct | imgs:3
[00:12:47][PEAR] [2924] ? NIV-2CB954A1C83D6368 | BASKET | DOUBLE | PRONG | GOLD | KT_14 | 1ct | imgs:3
[00:12:50][PEAR] [2925] ? NIV-C8F61AC79C0D7A5F | BASKET | DOUBLE | PRONG | GOLD | KT_14 | 1ct | imgs:3
[00:12:53][PEAR] [2926] ? NIV-C8F61AC79C0D7A5F | BASKET | DOUBLE | PRONG | GOLD | KT_14 | 1ct | imgs:3
[00:12:57][PEAR] [2927] ? NIV-C8F61AC79C0D7A5F | BASKET | DOUBLE | PRONG | GOLD | KT_14 | 1ct | imgs:3
[00:12:59][PEAR] [2928] ? NIV-DD06738375118ED2 | BASKET | DOUBLE | PRONG | GOLD | KT_14 | 1ct | imgs:3
[00:13:02][PEAR] [2929] ? NIV-DD06738375118ED2 | BASKET | DOUBLE | PRONG | GOLD | KT_14 | 1ct | imgs:3
[00:13:06][PEAR] [2930] ? NIV-DD06738375118ED2 | BASKET | DOUBLE | PRONG | GOLD | KT_14 | 1ct | imgs:3
[00:13:09][PEAR] [2931] ? NIV-7DE91347E461A405 | BASKET | DOUBLE | PRONG | GOLD | KT_18 | 1ct | imgs:3
[00:13:14][PEAR] [2932] ? NIV-7DE91347E461A405 | BASKET | DOUBLE | PRONG | GOLD | KT_18 | 1ct | imgs:3
[00:13:17][PEAR] [2933] ? NIV-7DE91347E461A405 | BASKET | DOUBLE | PRONG | GOLD | KT_18 | 1ct | imgs:3
[00:13:20][PEAR] [2934] ? NIV-1BD27927E3929A3E | BASKET | DOUBLE | PRONG | GOLD | KT_18 | 1ct | imgs:3
[00:13:23][PEAR] [2935] ? NIV-1BD27927E3929A3E | BASKET | DOUBLE | PRONG | GOLD | KT_18 | 1ct | imgs:3
[00:13:29][PEAR] [2936] ? NIV-1BD27927E3929A3E | BASKET | DOUBLE | PRONG | GOLD | KT_18 | 1ct | imgs:3
[00:13:32][PEAR] [2937] ? NIV-3D06FBF6A303AE56 | BASKET | DOUBLE | PRONG | GOLD | KT_18 | 1ct | imgs:3
[00:13:35][PEAR] [2938] ? NIV-3D06FBF6A303AE56 | BASKET | DOUBLE | PRONG | GOLD | KT_18 | 1ct | imgs:3
[00:13:38][PEAR] [2939] ? NIV-3D06FBF6A303AE56 | BASKET | DOUBLE | PRONG | GOLD | KT_18 | 1ct | imgs:3
[00:13:41][PEAR] [2940] ? NIV-D7C968CC9F7C5936 | BASKET | DOUBLE | PRONG | PLATINUM | PT_950 | 1ct | imgs:3
[00:13:47][PEAR] [2941] ? NIV-4D4E2285F7377E17 | BASKET | DOUBLE | BEAD | GOLD | KT_10 | 1ct | imgs:3
[00:13:50][PEAR] [2942] ? NIV-4D4E2285F7377E17 | BASKET | DOUBLE | BEAD | GOLD | KT_10 | 1ct | imgs:3
[00:13:54][PEAR] [2943] ? NIV-4D4E2285F7377E17 | BASKET | DOUBLE | BEAD | GOLD | KT_10 | 1ct | imgs:3
[00:13:56][PEAR] [2944] ? NIV-EFAC0C7F8740A887 | BASKET | DOUBLE | BEAD | GOLD | KT_10 | 1ct | imgs:3
[00:13:59][PEAR] [2945] ? NIV-EFAC0C7F8740A887 | BASKET | DOUBLE | BEAD | GOLD | KT_10 | 1ct | imgs:3
[00:14:02][PEAR] [2946] ? NIV-EFAC0C7F8740A887 | BASKET | DOUBLE | BEAD | GOLD | KT_10 | 1ct | imgs:3
[00:14:05][PEAR] [2947] ? NIV-1741FA8C01F2D72B | BASKET | DOUBLE | BEAD | GOLD | KT_10 | 1ct | imgs:3
[00:14:09][PEAR] [2948] ? NIV-1741FA8C01F2D72B | BASKET | DOUBLE | BEAD | GOLD | KT_10 | 1ct | imgs:3
[00:14:14][PEAR] [2949] ? NIV-1741FA8C01F2D72B | BASKET | DOUBLE | BEAD | GOLD | KT_10 | 1ct | imgs:3
[00:14:17][PEAR] [2950] ? NIV-E08CF2D6EC5E6466 | BASKET | DOUBLE | BEAD | GOLD | KT_14 | 1ct | imgs:3
[00:14:20][PEAR] [2951] ? NIV-E08CF2D6EC5E6466 | BASKET | DOUBLE | BEAD | GOLD | KT_14 | 1ct | imgs:3
[00:14:26][PEAR] [2952] ? NIV-E08CF2D6EC5E6466 | BASKET | DOUBLE | BEAD | GOLD | KT_14 | 1ct | imgs:3
[00:14:29][PEAR] [2953] ? NIV-9F75ECE3B8D99600 | BASKET | DOUBLE | BEAD | GOLD | KT_14 | 1ct | imgs:3
[00:14:32][PEAR] [2954] ? NIV-9F75ECE3B8D99600 | BASKET | DOUBLE | BEAD | GOLD | KT_14 | 1ct | imgs:3
[00:14:36][PEAR] [2955] ? NIV-9F75ECE3B8D99600 | BASKET | DOUBLE | BEAD | GOLD | KT_14 | 1ct | imgs:3
[00:14:38][PEAR] [2956] ? NIV-FAD0EECB8EFEF170 | BASKET | DOUBLE | BEAD | GOLD | KT_14 | 1ct | imgs:3
[00:14:41][PEAR] [2957] ? NIV-FAD0EECB8EFEF170 | BASKET | DOUBLE | BEAD | GOLD | KT_14 | 1ct | imgs:3
[00:14:44][PEAR] [2958] ? NIV-FAD0EECB8EFEF170 | BASKET | DOUBLE | BEAD | GOLD | KT_14 | 1ct | imgs:3
[00:14:48][PEAR] [2959] ? NIV-0340FB5A708B621B | BASKET | DOUBLE | BEAD | GOLD | KT_18 | 1ct | imgs:3
[00:14:53][PEAR] [2960] ? NIV-0340FB5A708B621B | BASKET | DOUBLE | BEAD | GOLD | KT_18 | 1ct | imgs:3
[00:14:57][PEAR] [2961] ? NIV-0340FB5A708B621B | BASKET | DOUBLE | BEAD | GOLD | KT_18 | 1ct | imgs:3
[00:14:59][PEAR] [2962] ? NIV-00DC743A48B199C7 | BASKET | DOUBLE | BEAD | GOLD | KT_18 | 1ct | imgs:3
[00:15:02][PEAR] [2963] ? NIV-00DC743A48B199C7 | BASKET | DOUBLE | BEAD | GOLD | KT_18 | 1ct | imgs:3
[00:15:05][PEAR] [2964] ? NIV-00DC743A48B199C7 | BASKET | DOUBLE | BEAD | GOLD | KT_18 | 1ct | imgs:3
[00:15:08][PEAR] [2965] ? NIV-C45640AB50970818 | BASKET | DOUBLE | BEAD | GOLD | KT_18 | 1ct | imgs:3
[00:15:11][PEAR] [2966] ? NIV-C45640AB50970818 | BASKET | DOUBLE | BEAD | GOLD | KT_18 | 1ct | imgs:3
[00:15:14][PEAR] [2967] ? NIV-C45640AB50970818 | BASKET | DOUBLE | BEAD | GOLD | KT_18 | 1ct | imgs:3
[00:15:17][PEAR] [2968] ? NIV-8C8D98F6E3CDEFF1 | BASKET | DOUBLE | BEAD | PLATINUM | PT_950 | 1ct | imgs:3
[00:15:23][PEAR] [2969] ? NIV-8C4C3428845B12DB | BASKET | DOUBLE | BEAD | GOLD | KT_10 | 1ct | imgs:3
[00:15:26][PEAR] [2970] ? NIV-8C4C3428845B12DB | BASKET | DOUBLE | BEAD | GOLD | KT_10 | 1ct | imgs:3
[00:15:30][PEAR] [2971] ? NIV-8C4C3428845B12DB | BASKET | DOUBLE | BEAD | GOLD | KT_10 | 1ct | imgs:3
[00:15:32][PEAR] [2972] ? NIV-12DB08FA42B9F941 | BASKET | DOUBLE | BEAD | GOLD | KT_10 | 1ct | imgs:3
[00:15:36][PEAR] [2973] ? NIV-12DB08FA42B9F941 | BASKET | DOUBLE | BEAD | GOLD | KT_10 | 1ct | imgs:3
[00:15:41][PEAR] [2974] ? NIV-12DB08FA42B9F941 | BASKET | DOUBLE | BEAD | GOLD | KT_10 | 1ct | imgs:3
[00:15:44][PEAR] [2975] ? NIV-476E9FA874C9F77D | BASKET | DOUBLE | BEAD | GOLD | KT_10 | 1ct | imgs:3
[00:15:47][PEAR] [2976] ? NIV-476E9FA874C9F77D | BASKET | DOUBLE | BEAD | GOLD | KT_10 | 1ct | imgs:3
[00:15:51][PEAR] [2977] ? NIV-476E9FA874C9F77D | BASKET | DOUBLE | BEAD | GOLD | KT_10 | 1ct | imgs:3
[00:15:56][PEAR] [2978] ? NIV-AB007BA3A496F4EC | BASKET | DOUBLE | BEAD | GOLD | KT_14 | 1ct | imgs:3
[00:15:59][PEAR] [2979] ? NIV-AB007BA3A496F4EC | BASKET | DOUBLE | BEAD | GOLD | KT_14 | 1ct | imgs:3
[00:16:03][PEAR] [2980] ? NIV-AB007BA3A496F4EC | BASKET | DOUBLE | BEAD | GOLD | KT_14 | 1ct | imgs:3
[00:16:05][PEAR] [2981] ? NIV-B2CDEA342850A7DD | BASKET | DOUBLE | BEAD | GOLD | KT_14 | 1ct | imgs:3
[00:16:08][PEAR] [2982] ? NIV-B2CDEA342850A7DD | BASKET | DOUBLE | BEAD | GOLD | KT_14 | 1ct | imgs:3
[00:16:14][PEAR] [2983] ? NIV-B2CDEA342850A7DD | BASKET | DOUBLE | BEAD | GOLD | KT_14 | 1ct | imgs:3
[00:16:17][PEAR] [2984] ? NIV-4C1947C60EAF501B | BASKET | DOUBLE | BEAD | GOLD | KT_14 | 1ct | imgs:3
[00:16:20][PEAR] [2985] ? NIV-4C1947C60EAF501B | BASKET | DOUBLE | BEAD | GOLD | KT_14 | 1ct | imgs:3
[00:16:23][PEAR] [2986] ? NIV-4C1947C60EAF501B | BASKET | DOUBLE | BEAD | GOLD | KT_14 | 1ct | imgs:3
[00:16:27][PEAR] [2987] ? NIV-826A5C83EA627AB1 | BASKET | DOUBLE | BEAD | GOLD | KT_18 | 1ct | imgs:3
[00:16:32][PEAR] [2988] ? NIV-826A5C83EA627AB1 | BASKET | DOUBLE | BEAD | GOLD | KT_18 | 1ct | imgs:3
[00:16:35][PEAR] [2989] ? NIV-826A5C83EA627AB1 | BASKET | DOUBLE | BEAD | GOLD | KT_18 | 1ct | imgs:3
[00:16:38][PEAR] [2990] ? NIV-678E10DF233D0517 | BASKET | DOUBLE | BEAD | GOLD | KT_18 | 1ct | imgs:3
[00:16:42][PEAR] [2991] ? NIV-678E10DF233D0517 | BASKET | DOUBLE | BEAD | GOLD | KT_18 | 1ct | imgs:3
[00:16:47][PEAR] [2992] ? NIV-678E10DF233D0517 | BASKET | DOUBLE | BEAD | GOLD | KT_18 | 1ct | imgs:3
[00:16:50][PEAR] [2993] ? NIV-4F0A58E8445B4B55 | BASKET | DOUBLE | BEAD | GOLD | KT_18 | 1ct | imgs:3
[00:16:53][PEAR] [2994] ? NIV-4F0A58E8445B4B55 | BASKET | DOUBLE | BEAD | GOLD | KT_18 | 1ct | imgs:3
[00:16:57][PEAR] [2995] ? NIV-4F0A58E8445B4B55 | BASKET | DOUBLE | BEAD | GOLD | KT_18 | 1ct | imgs:3
[00:16:59][PEAR] [2996] ? NIV-2E094D48ABC90E76 | BASKET | DOUBLE | BEAD | PLATINUM | PT_950 | 1ct | imgs:3
[00:17:05][PEAR] [2997] ? NIV-1D72BAA052996CC4 | BASKET | DOUBLE | BEAD | GOLD | KT_10 | 1ct | imgs:3
[00:17:09][PEAR] [2998] ? NIV-1D72BAA052996CC4 | BASKET | DOUBLE | BEAD | GOLD | KT_10 | 1ct | imgs:3
[00:17:14][PEAR] [2999] ? NIV-1D72BAA052996CC4 | BASKET | DOUBLE | BEAD | GOLD | KT_10 | 1ct | imgs:3
[00:17:17][PEAR] [3000] ? NIV-C14436DF0E66BA59 | BASKET | DOUBLE | BEAD | GOLD | KT_10 | 1ct | imgs:3
[00:17:21][PEAR] [3001] ? NIV-C14436DF0E66BA59 | BASKET | DOUBLE | BEAD | GOLD | KT_10 | 1ct | imgs:3
[00:17:26][PEAR] [3002] ? NIV-C14436DF0E66BA59 | BASKET | DOUBLE | BEAD | GOLD | KT_10 | 1ct | imgs:3
[00:17:29][PEAR] [3003] ? NIV-F0904DE438B8852A | BASKET | DOUBLE | BEAD | GOLD | KT_10 | 1ct | imgs:3
[00:17:32][PEAR] [3004] ? NIV-F0904DE438B8852A | BASKET | DOUBLE | BEAD | GOLD | KT_10 | 1ct | imgs:3
[00:17:38][PEAR] [3005] ? NIV-F0904DE438B8852A | BASKET | DOUBLE | BEAD | GOLD | KT_10 | 1ct | imgs:3
[00:17:42][PEAR] [3006] ? NIV-69054F7EDF401A94 | BASKET | DOUBLE | BEAD | GOLD | KT_14 | 1ct | imgs:3
[00:17:47][PEAR] [3007] ? NIV-69054F7EDF401A94 | BASKET | DOUBLE | BEAD | GOLD | KT_14 | 1ct | imgs:3
[00:17:50][PEAR] [3008] ? NIV-69054F7EDF401A94 | BASKET | DOUBLE | BEAD | GOLD | KT_14 | 1ct | imgs:3
[00:17:53][PEAR] [3009] ? NIV-8D9905213AAEBB9D | BASKET | DOUBLE | BEAD | GOLD | KT_14 | 1ct | imgs:3
[00:17:56][PEAR] [3010] ? NIV-8D9905213AAEBB9D | BASKET | DOUBLE | BEAD | GOLD | KT_14 | 1ct | imgs:3
[00:18:00][PEAR] [3011] ? NIV-8D9905213AAEBB9D | BASKET | DOUBLE | BEAD | GOLD | KT_14 | 1ct | imgs:3
[00:18:02][PEAR] [3012] ? NIV-17572AB15EFAD8F5 | BASKET | DOUBLE | BEAD | GOLD | KT_14 | 1ct | imgs:3
[00:18:08][PEAR] [3013] ? NIV-17572AB15EFAD8F5 | BASKET | DOUBLE | BEAD | GOLD | KT_14 | 1ct | imgs:3
[00:18:11][PEAR] [3014] ? NIV-17572AB15EFAD8F5 | BASKET | DOUBLE | BEAD | GOLD | KT_14 | 1ct | imgs:3
[00:18:15][PEAR] [3015] ? NIV-5165785B424DDC61 | BASKET | DOUBLE | BEAD | GOLD | KT_18 | 1ct | imgs:1
[00:18:20][PEAR] [3016] ? NIV-5165785B424DDC61 | BASKET | DOUBLE | BEAD | GOLD | KT_18 | 1ct | imgs:3
[00:18:24][PEAR] [3017] ? NIV-5165785B424DDC61 | BASKET | DOUBLE | BEAD | GOLD | KT_18 | 1ct | imgs:3
[00:18:26][PEAR] [3018] ? NIV-ED0CDAA69471041D | BASKET | DOUBLE | BEAD | GOLD | KT_18 | 1ct | imgs:3
[00:18:29][PEAR] [3019] ? NIV-ED0CDAA69471041D | BASKET | DOUBLE | BEAD | GOLD | KT_18 | 1ct | imgs:3
[00:18:33][PEAR] [3020] ? NIV-ED0CDAA69471041D | BASKET | DOUBLE | BEAD | GOLD | KT_18 | 1ct | imgs:3
[00:18:35][PEAR] [3021] ? NIV-D7A25E377534E163 | BASKET | DOUBLE | BEAD | GOLD | KT_18 | 1ct | imgs:3
[00:18:38][PEAR] [3022] ? NIV-D7A25E377534E163 | BASKET | DOUBLE | BEAD | GOLD | KT_18 | 1ct | imgs:3
[00:18:42][PEAR] [3023] ? NIV-D7A25E377534E163 | BASKET | DOUBLE | BEAD | GOLD | KT_18 | 1ct | imgs:3
[00:18:44][PEAR] [3024] ? NIV-E48877322E26656C | BASKET | DOUBLE | BEAD | PLATINUM | PT_950 | 1ct | imgs:3
[00:18:50][PEAR] [3025] ? NIV-C5483D867BE5FD88 | BASKET | DOUBLE | BEAD | GOLD | KT_10 | 1ct | imgs:3
[00:18:54][PEAR] [3026] ? NIV-C5483D867BE5FD88 | BASKET | DOUBLE | BEAD | GOLD | KT_10 | 1ct | imgs:3
[00:18:59][PEAR] [3027] ? NIV-C5483D867BE5FD88 | BASKET | DOUBLE | BEAD | GOLD | KT_10 | 1ct | imgs:3
[00:19:02][PEAR] [3028] ? NIV-DE10627A71D6EB7A | BASKET | DOUBLE | BEAD | GOLD | KT_10 | 1ct | imgs:3
[00:19:05][PEAR] [3029] ? NIV-DE10627A71D6EB7A | BASKET | DOUBLE | BEAD | GOLD | KT_10 | 1ct | imgs:3
[00:19:11][PEAR] [3030] ? NIV-DE10627A71D6EB7A | BASKET | DOUBLE | BEAD | GOLD | KT_10 | 1ct | imgs:3
[00:19:14][PEAR] [3031] ? NIV-6CA70A8B54BC0E5F | BASKET | DOUBLE | BEAD | GOLD | KT_10 | 1ct | imgs:3
[00:19:17][PEAR] [3032] ? NIV-6CA70A8B54BC0E5F | BASKET | DOUBLE | BEAD | GOLD | KT_10 | 1ct | imgs:3
[00:19:21][PEAR] [3033] ? NIV-6CA70A8B54BC0E5F | BASKET | DOUBLE | BEAD | GOLD | KT_10 | 1ct | imgs:3
[00:19:26][PEAR] [3034] ? NIV-EAE027D46EC224D9 | BASKET | DOUBLE | BEAD | GOLD | KT_14 | 1ct | imgs:3
[00:19:29][PEAR] [3035] ? NIV-EAE027D46EC224D9 | BASKET | DOUBLE | BEAD | GOLD | KT_14 | 1ct | imgs:3
[00:19:33][PEAR] [3036] ? NIV-EAE027D46EC224D9 | BASKET | DOUBLE | BEAD | GOLD | KT_14 | 1ct | imgs:3
[00:19:35][PEAR] [3037] ? NIV-D39A095232BD53EC | BASKET | DOUBLE | BEAD | GOLD | KT_14 | 1ct | imgs:3
[00:19:38][PEAR] [3038] ? NIV-D39A095232BD53EC | BASKET | DOUBLE | BEAD | GOLD | KT_14 | 1ct | imgs:3
[00:19:42][PEAR] [3039] ? NIV-D39A095232BD53EC | BASKET | DOUBLE | BEAD | GOLD | KT_14 | 1ct | imgs:3
[00:19:44][PEAR] [3040] ? NIV-3CD63820DEC7A913 | BASKET | DOUBLE | BEAD | GOLD | KT_14 | 1ct | imgs:3
[00:19:47][PEAR] [3041] ? NIV-3CD63820DEC7A913 | BASKET | DOUBLE | BEAD | GOLD | KT_14 | 1ct | imgs:3
[00:19:50][PEAR] [3042] ? NIV-3CD63820DEC7A913 | BASKET | DOUBLE | BEAD | GOLD | KT_14 | 1ct | imgs:3
[00:19:53][PEAR] [3043] ? NIV-A595C743029608AE | BASKET | DOUBLE | BEAD | GOLD | KT_18 | 1ct | imgs:3
[00:19:59][PEAR] [3044] ? NIV-A595C743029608AE | BASKET | DOUBLE | BEAD | GOLD | KT_18 | 1ct | imgs:3
[00:20:02][PEAR] [3045] ? NIV-A595C743029608AE | BASKET | DOUBLE | BEAD | GOLD | KT_18 | 1ct | imgs:3
[00:20:05][PEAR] [3046] ? NIV-0062BBC5B50651D6 | BASKET | DOUBLE | BEAD | GOLD | KT_18 | 1ct | imgs:3
[00:20:08][PEAR] [3047] ? NIV-0062BBC5B50651D6 | BASKET | DOUBLE | BEAD | GOLD | KT_18 | 1ct | imgs:3
[00:20:12][PEAR] [3048] ? NIV-0062BBC5B50651D6 | BASKET | DOUBLE | BEAD | GOLD | KT_18 | 1ct | imgs:3
[00:20:14][PEAR] [3049] ? NIV-97ADBE3CB216F801 | BASKET | DOUBLE | BEAD | GOLD | KT_18 | 1ct | imgs:3
[00:20:17][PEAR] [3050] ? NIV-97ADBE3CB216F801 | BASKET | DOUBLE | BEAD | GOLD | KT_18 | 1ct | imgs:3
[00:20:23][PEAR] [3051] ? NIV-97ADBE3CB216F801 | BASKET | DOUBLE | BEAD | GOLD | KT_18 | 1ct | imgs:3
[00:20:26][PEAR] [3052] ? NIV-83AE89D899BC4F4E | BASKET | DOUBLE | BEAD | PLATINUM | PT_950 | 1ct | imgs:3
[00:20:30][PEAR] [3053] ? NIV-C6AC7E9E5826B391 | BASKET | DOUBLE | BEAD | GOLD | KT_10 | 1ct | imgs:3
[00:20:35][PEAR] [3054] ? NIV-C6AC7E9E5826B391 | BASKET | DOUBLE | BEAD | GOLD | KT_10 | 1ct | imgs:3
[00:20:38][PEAR] [3055] ? NIV-C6AC7E9E5826B391 | BASKET | DOUBLE | BEAD | GOLD | KT_10 | 1ct | imgs:3
[00:20:41][PEAR] [3056] ? NIV-C5F58D9582E55F94 | BASKET | DOUBLE | BEAD | GOLD | KT_10 | 1ct | imgs:3
[00:20:47][PEAR] [3057] ? NIV-C5F58D9582E55F94 | BASKET | DOUBLE | BEAD | GOLD | KT_10 | 1ct | imgs:3
[00:20:50][PEAR] [3058] ? NIV-C5F58D9582E55F94 | BASKET | DOUBLE | BEAD | GOLD | KT_10 | 1ct | imgs:3
[00:20:53][PEAR] [3059] ? NIV-BADBA428AE90D5B4 | BASKET | DOUBLE | BEAD | GOLD | KT_10 | 1ct | imgs:3
[00:20:56][PEAR] [3060] ? NIV-BADBA428AE90D5B4 | BASKET | DOUBLE | BEAD | GOLD | KT_10 | 1ct | imgs:3
[00:21:02][PEAR] [3061] ? NIV-BADBA428AE90D5B4 | BASKET | DOUBLE | BEAD | GOLD | KT_10 | 1ct | imgs:3
[00:21:05][PEAR] [3062] ? NIV-B5C91F765D3145CA | BASKET | DOUBLE | BEAD | GOLD | KT_14 | 1ct | imgs:3
[00:21:08][PEAR] [3063] ? NIV-B5C91F765D3145CA | BASKET | DOUBLE | BEAD | GOLD | KT_14 | 1ct | imgs:3
[00:21:11][PEAR] [3064] ? NIV-B5C91F765D3145CA | BASKET | DOUBLE | BEAD | GOLD | KT_14 | 1ct | imgs:3
[00:21:14][PEAR] [3065] ? NIV-4407F4585D3A01CD | BASKET | DOUBLE | BEAD | GOLD | KT_14 | 1ct | imgs:3
[00:21:18][PEAR] [3066] ? NIV-4407F4585D3A01CD | BASKET | DOUBLE | BEAD | GOLD | KT_14 | 1ct | imgs:3
[00:21:23][PEAR] [3067] ? NIV-4407F4585D3A01CD | BASKET | DOUBLE | BEAD | GOLD | KT_14 | 1ct | imgs:3
[00:21:26][PEAR] [3068] ? NIV-3BDBB563B6412125 | BASKET | DOUBLE | BEAD | GOLD | KT_14 | 1ct | imgs:3
[00:21:32][PEAR] [3069] ? NIV-3BDBB563B6412125 | BASKET | DOUBLE | BEAD | GOLD | KT_14 | 1ct | imgs:3
[00:21:35][PEAR] [3070] ? NIV-3BDBB563B6412125 | BASKET | DOUBLE | BEAD | GOLD | KT_14 | 1ct | imgs:3
[00:21:38][PEAR] [3071] ? NIV-2312DA101425EC14 | BASKET | DOUBLE | BEAD | GOLD | KT_18 | 1ct | imgs:3
[00:21:42][PEAR] [3072] ? NIV-2312DA101425EC14 | BASKET | DOUBLE | BEAD | GOLD | KT_18 | 1ct | imgs:3
[00:21:47][PEAR] [3073] ? NIV-2312DA101425EC14 | BASKET | DOUBLE | BEAD | GOLD | KT_18 | 1ct | imgs:3
[00:21:50][PEAR] [3074] ? NIV-9DBF12FE941788FE | BASKET | DOUBLE | BEAD | GOLD | KT_18 | 1ct | imgs:3
[00:21:53][PEAR] [3075] ? NIV-9DBF12FE941788FE | BASKET | DOUBLE | BEAD | GOLD | KT_18 | 1ct | imgs:3
[00:21:56][PEAR] [3076] ? NIV-9DBF12FE941788FE | BASKET | DOUBLE | BEAD | GOLD | KT_18 | 1ct | imgs:3
[00:21:59][PEAR] [3077] ? NIV-6682C47AB405BE81 | BASKET | DOUBLE | BEAD | GOLD | KT_18 | 1ct | imgs:3
[00:22:02][PEAR] [3078] ? NIV-6682C47AB405BE81 | BASKET | DOUBLE | BEAD | GOLD | KT_18 | 1ct | imgs:3
[00:22:05][PEAR] [3079] ? NIV-6682C47AB405BE81 | BASKET | DOUBLE | BEAD | GOLD | KT_18 | 1ct | imgs:3
[00:22:08][PEAR] [3080] ? NIV-803A228ABD4CDE22 | BASKET | DOUBLE | BEAD | PLATINUM | PT_950 | 1ct | imgs:3
[00:22:12][PEAR] [3081] ? NIV-7DB4B074AC30B149 | BASKET | DOUBLE | BEAD | GOLD | KT_10 | 1ct | imgs:3
[00:22:17][PEAR] [3082] ? NIV-7DB4B074AC30B149 | BASKET | DOUBLE | BEAD | GOLD | KT_10 | 1ct | imgs:3
[00:22:20][PEAR] [3083] ? NIV-7DB4B074AC30B149 | BASKET | DOUBLE | BEAD | GOLD | KT_10 | 1ct | imgs:3
[00:22:23][PEAR] [3084] ? NIV-09397DCFD250888E | BASKET | DOUBLE | BEAD | GOLD | KT_10 | 1ct | imgs:3
[00:22:26][PEAR] [3085] ? NIV-09397DCFD250888E | BASKET | DOUBLE | BEAD | GOLD | KT_10 | 1ct | imgs:3
[00:22:30][PEAR] [3086] ? NIV-09397DCFD250888E | BASKET | DOUBLE | BEAD | GOLD | KT_10 | 1ct | imgs:3
[00:22:32][PEAR] [3087] ? NIV-60EE3281109A50A6 | BASKET | DOUBLE | BEAD | GOLD | KT_10 | 1ct | imgs:3
[00:22:35][PEAR] [3088] ? NIV-60EE3281109A50A6 | BASKET | DOUBLE | BEAD | GOLD | KT_10 | 1ct | imgs:3
[00:22:38][PEAR] [3089] ? NIV-60EE3281109A50A6 | BASKET | DOUBLE | BEAD | GOLD | KT_10 | 1ct | imgs:3
[00:22:42][PEAR] [3090] ? NIV-670E7C87617EF791 | BASKET | DOUBLE | BEAD | GOLD | KT_14 | 1ct | imgs:3
[00:22:47][PEAR] [3091] ? NIV-670E7C87617EF791 | BASKET | DOUBLE | BEAD | GOLD | KT_14 | 1ct | imgs:3
[00:22:51][PEAR] [3092] ? NIV-670E7C87617EF791 | BASKET | DOUBLE | BEAD | GOLD | KT_14 | 1ct | imgs:3
[00:22:53][PEAR] [3093] ? NIV-1B7489B31E2B0FC9 | BASKET | DOUBLE | BEAD | GOLD | KT_14 | 1ct | imgs:3
[00:22:56][PEAR] [3094] ? NIV-1B7489B31E2B0FC9 | BASKET | DOUBLE | BEAD | GOLD | KT_14 | 1ct | imgs:3
[00:23:02][PEAR] [3095] ? NIV-1B7489B31E2B0FC9 | BASKET | DOUBLE | BEAD | GOLD | KT_14 | 1ct | imgs:3
[00:23:05][PEAR] [3096] ? NIV-649BEC595A37D22E | BASKET | DOUBLE | BEAD | GOLD | KT_14 | 1ct | imgs:3
[00:23:08][PEAR] [3097] ? NIV-649BEC595A37D22E | BASKET | DOUBLE | BEAD | GOLD | KT_14 | 1ct | imgs:3
[00:23:12][PEAR] [3098] ? NIV-649BEC595A37D22E | BASKET | DOUBLE | BEAD | GOLD | KT_14 | 1ct | imgs:3
[00:23:17][PEAR] [3099] ? NIV-0848361771818297 | BASKET | DOUBLE | BEAD | GOLD | KT_18 | 1ct | imgs:3
[00:23:20][PEAR] [3100] ? NIV-0848361771818297 | BASKET | DOUBLE | BEAD | GOLD | KT_18 | 1ct | imgs:3
[00:23:23][PEAR] [3101] ? NIV-0848361771818297 | BASKET | DOUBLE | BEAD | GOLD | KT_18 | 1ct | imgs:3
[00:23:27][PEAR] [3102] ? NIV-F6E024013168BF33 | BASKET | DOUBLE | BEAD | GOLD | KT_18 | 1ct | imgs:3
[00:23:32][PEAR] [3103] ? NIV-F6E024013168BF33 | BASKET | DOUBLE | BEAD | GOLD | KT_18 | 1ct | imgs:3
[00:23:36][PEAR] [3104] ? NIV-F6E024013168BF33 | BASKET | DOUBLE | BEAD | GOLD | KT_18 | 1ct | imgs:3
[00:23:38][PEAR] [3105] ? NIV-0C94A673FEB83E0B | BASKET | DOUBLE | BEAD | GOLD | KT_18 | 1ct | imgs:3
[00:23:41][PEAR] [3106] ? NIV-0C94A673FEB83E0B | BASKET | DOUBLE | BEAD | GOLD | KT_18 | 1ct | imgs:3
[00:23:45][PEAR] [3107] ? NIV-0C94A673FEB83E0B | BASKET | DOUBLE | BEAD | GOLD | KT_18 | 1ct | imgs:3
[00:23:47][PEAR] [3108] ? NIV-FB605E1AAD007FF1 | BASKET | DOUBLE | BEAD | PLATINUM | PT_950 | 1ct | imgs:3
[00:23:56][PEAR] [3109] ? NIV-38F4D20E67356F2F | BASKET | DOUBLE | BEAD | GOLD | KT_10 | 1ct | imgs:3
[00:23:59][PEAR] [3110] ? NIV-38F4D20E67356F2F | BASKET | DOUBLE | BEAD | GOLD | KT_10 | 1ct | imgs:3
[00:24:05][PEAR] [3111] ? NIV-38F4D20E67356F2F | BASKET | DOUBLE | BEAD | GOLD | KT_10 | 1ct | imgs:3
[00:24:08][PEAR] [3112] ? NIV-1B986D32B7BF0175 | BASKET | DOUBLE | BEAD | GOLD | KT_10 | 1ct | imgs:3
[00:24:14][PEAR] [3113] ? NIV-1B986D32B7BF0175 | BASKET | DOUBLE | BEAD | GOLD | KT_10 | 1ct | imgs:3
[00:24:17][PEAR] [3114] ? NIV-1B986D32B7BF0175 | BASKET | DOUBLE | BEAD | GOLD | KT_10 | 1ct | imgs:3
[00:24:20][PEAR] [3115] ? NIV-E8381173326692D9 | BASKET | DOUBLE | BEAD | GOLD | KT_10 | 1ct | imgs:3
[00:24:26][PEAR] [3116] ? NIV-E8381173326692D9 | BASKET | DOUBLE | BEAD | GOLD | KT_10 | 1ct | imgs:3
[00:24:29][PEAR] [3117] ? NIV-E8381173326692D9 | BASKET | DOUBLE | BEAD | GOLD | KT_10 | 1ct | imgs:3
[00:24:33][PEAR] [3118] ? NIV-C48C5619618D4919 | BASKET | DOUBLE | BEAD | GOLD | KT_14 | 1ct | imgs:3
[00:24:38][PEAR] [3119] ? NIV-C48C5619618D4919 | BASKET | DOUBLE | BEAD | GOLD | KT_14 | 1ct | imgs:3
[00:24:41][PEAR] [3120] ? NIV-C48C5619618D4919 | BASKET | DOUBLE | BEAD | GOLD | KT_14 | 1ct | imgs:3
[00:24:44][PEAR] [3121] ? NIV-CFE78CCA3E3A95C3 | BASKET | DOUBLE | BEAD | GOLD | KT_14 | 1ct | imgs:3
[00:24:47][PEAR] [3122] ? NIV-CFE78CCA3E3A95C3 | BASKET | DOUBLE | BEAD | GOLD | KT_14 | 1ct | imgs:3
[00:24:53][PEAR] [3123] ? NIV-CFE78CCA3E3A95C3 | BASKET | DOUBLE | BEAD | GOLD | KT_14 | 1ct | imgs:3
[00:24:56][PEAR] [3124] ? NIV-97962A1F6DF145AF | BASKET | DOUBLE | BEAD | GOLD | KT_14 | 1ct | imgs:3
[00:24:59][PEAR] [3125] ? NIV-97962A1F6DF145AF | BASKET | DOUBLE | BEAD | GOLD | KT_14 | 1ct | imgs:3
[00:25:02][PEAR] [3126] ? NIV-97962A1F6DF145AF | BASKET | DOUBLE | BEAD | GOLD | KT_14 | 1ct | imgs:3
[00:25:05][PEAR] [3127] ? NIV-FDBBAFE04B1DFF55 | BASKET | DOUBLE | BEAD | GOLD | KT_18 | 1ct | imgs:3
[00:25:09][PEAR] [3128] ? NIV-FDBBAFE04B1DFF55 | BASKET | DOUBLE | BEAD | GOLD | KT_18 | 1ct | imgs:3
[00:25:14][PEAR] [3129] ? NIV-FDBBAFE04B1DFF55 | BASKET | DOUBLE | BEAD | GOLD | KT_18 | 1ct | imgs:3
[00:25:17][PEAR] [3130] ? NIV-BFB92DCF5919173A | BASKET | DOUBLE | BEAD | GOLD | KT_18 | 1ct | imgs:3
[00:25:20][PEAR] [3131] ? NIV-BFB92DCF5919173A | BASKET | DOUBLE | BEAD | GOLD | KT_18 | 1ct | imgs:3
[00:25:26][PEAR] [3132] ? NIV-BFB92DCF5919173A | BASKET | DOUBLE | BEAD | GOLD | KT_18 | 1ct | imgs:3
[00:25:29][PEAR] [3133] ? NIV-96CF425490D48E6D | BASKET | DOUBLE | BEAD | GOLD | KT_18 | 1ct | imgs:3
[00:25:32][PEAR] [3134] ? NIV-96CF425490D48E6D | BASKET | DOUBLE | BEAD | GOLD | KT_18 | 1ct | imgs:3
[00:25:38][PEAR] [3135] ? NIV-96CF425490D48E6D | BASKET | DOUBLE | BEAD | GOLD | KT_18 | 1ct | imgs:3
[00:25:41][PEAR] [3136] ? NIV-EF64DD162B7AC0D2 | BASKET | DOUBLE | BEAD | PLATINUM | PT_950 | 1ct | imgs:3
[00:25:47][PEAR] [3137] ? NIV-0E1AB0280AC9E0B2 | BASKET | DOUBLE | BEAD | GOLD | KT_10 | 1ct | imgs:3
[00:25:51][PEAR] [3138] ? NIV-0E1AB0280AC9E0B2 | BASKET | DOUBLE | BEAD | GOLD | KT_10 | 1ct | imgs:3
[00:25:56][PEAR] [3139] ? NIV-0E1AB0280AC9E0B2 | BASKET | DOUBLE | BEAD | GOLD | KT_10 | 1ct | imgs:3
[00:25:59][PEAR] [3140] ? NIV-747CCFFA57CF07E9 | BASKET | DOUBLE | BEAD | GOLD | KT_10 | 1ct | imgs:3
[00:26:02][PEAR] [3141] ? NIV-747CCFFA57CF07E9 | BASKET | DOUBLE | BEAD | GOLD | KT_10 | 1ct | imgs:3
[00:26:08][PEAR] [3142] ? NIV-747CCFFA57CF07E9 | BASKET | DOUBLE | BEAD | GOLD | KT_10 | 1ct | imgs:3
[00:26:19][PEAR] [3143] ??  NIV-747CCFFA57CF07E9 | BASKET | DOUBLE | BEAD | GOLD | KT_10 | 1ct | imgs:0
[00:26:23][PEAR] [3144] ? NIV-D8B335E7031B7B33 | BASKET | DOUBLE | BEAD | GOLD | KT_10 | 1ct | imgs:3
[00:26:26][PEAR] [3145] ? NIV-D8B335E7031B7B33 | BASKET | DOUBLE | BEAD | GOLD | KT_10 | 1ct | imgs:3
[00:26:29][PEAR] [3146] ? NIV-C793C0F1A1BC65C7 | BASKET | DOUBLE | BEAD | GOLD | KT_14 | 1ct | imgs:3
[00:26:35][PEAR] [3147] ? NIV-C793C0F1A1BC65C7 | BASKET | DOUBLE | BEAD | GOLD | KT_14 | 1ct | imgs:3
[00:26:38][PEAR] [3148] ? NIV-C793C0F1A1BC65C7 | BASKET | DOUBLE | BEAD | GOLD | KT_14 | 1ct | imgs:3
[00:26:41][PEAR] [3149] ? NIV-BBEC16208E5E571B | BASKET | DOUBLE | BEAD | GOLD | KT_14 | 1ct | imgs:3
[00:26:44][PEAR] [3150] ? NIV-BBEC16208E5E571B | BASKET | DOUBLE | BEAD | GOLD | KT_14 | 1ct | imgs:3
[00:26:47][PEAR] [3151] ? NIV-BBEC16208E5E571B | BASKET | DOUBLE | BEAD | GOLD | KT_14 | 1ct | imgs:3
[00:26:50][PEAR] [3152] ? NIV-9503AB80D82655C2 | BASKET | DOUBLE | BEAD | GOLD | KT_14 | 1ct | imgs:3
[00:26:54][PEAR] [3153] ? NIV-9503AB80D82655C2 | BASKET | DOUBLE | BEAD | GOLD | KT_14 | 1ct | imgs:3
[00:26:59][PEAR] [3154] ? NIV-9503AB80D82655C2 | BASKET | DOUBLE | BEAD | GOLD | KT_14 | 1ct | imgs:3
[00:27:02][PEAR] [3155] ? NIV-831476F93BDD4971 | BASKET | DOUBLE | BEAD | GOLD | KT_18 | 1ct | imgs:3
[00:27:05][PEAR] [3156] ? NIV-831476F93BDD4971 | BASKET | DOUBLE | BEAD | GOLD | KT_18 | 1ct | imgs:3
[00:27:09][PEAR] [3157] ? NIV-831476F93BDD4971 | BASKET | DOUBLE | BEAD | GOLD | KT_18 | 1ct | imgs:3
[00:27:11][PEAR] [3158] ? NIV-DE2348D25A1FC047 | BASKET | DOUBLE | BEAD | GOLD | KT_18 | 1ct | imgs:3
[00:27:14][PEAR] [3159] ? NIV-DE2348D25A1FC047 | BASKET | DOUBLE | BEAD | GOLD | KT_18 | 1ct | imgs:3
[00:27:17][PEAR] [3160] ? NIV-DE2348D25A1FC047 | BASKET | DOUBLE | BEAD | GOLD | KT_18 | 1ct | imgs:3
[00:27:20][PEAR] [3161] ? NIV-F7AAB9714B3F9573 | BASKET | DOUBLE | BEAD | GOLD | KT_18 | 1ct | imgs:3
[00:27:26][PEAR] [3162] ? NIV-F7AAB9714B3F9573 | BASKET | DOUBLE | BEAD | GOLD | KT_18 | 1ct | imgs:3
[00:27:29][PEAR] [3163] ? NIV-F7AAB9714B3F9573 | BASKET | DOUBLE | BEAD | GOLD | KT_18 | 1ct | imgs:3
[00:27:32][PEAR] [3164] ? NIV-41C1A2AA6E19D774 | BASKET | DOUBLE | BEAD | PLATINUM | PT_950 | 1ct | imgs:3
[00:27:38][PEAR] [3165] ? NIV-D3F7BE7350E6D2E6 | BASKET | DOUBLE | BEAD | GOLD | KT_10 | 1ct | imgs:3
[00:27:44][PEAR] [3166] ? NIV-D3F7BE7350E6D2E6 | BASKET | DOUBLE | BEAD | GOLD | KT_10 | 1ct | imgs:3
[00:27:47][PEAR] [3167] ? NIV-D3F7BE7350E6D2E6 | BASKET | DOUBLE | BEAD | GOLD | KT_10 | 1ct | imgs:3
[00:27:50][PEAR] [3168] ? NIV-65369F4A216EEDA0 | BASKET | DOUBLE | BEAD | GOLD | KT_10 | 1ct | imgs:3
[00:27:53][PEAR] [3169] ? NIV-65369F4A216EEDA0 | BASKET | DOUBLE | BEAD | GOLD | KT_10 | 1ct | imgs:3
[00:27:57][PEAR] [3170] ? NIV-65369F4A216EEDA0 | BASKET | DOUBLE | BEAD | GOLD | KT_10 | 1ct | imgs:3
[00:27:59][PEAR] [3171] ? NIV-C7867DD33473A73C | BASKET | DOUBLE | BEAD | GOLD | KT_10 | 1ct | imgs:3
[00:28:05][PEAR] [3172] ? NIV-C7867DD33473A73C | BASKET | DOUBLE | BEAD | GOLD | KT_10 | 1ct | imgs:3
[00:28:08][PEAR] [3173] ? NIV-C7867DD33473A73C | BASKET | DOUBLE | BEAD | GOLD | KT_10 | 1ct | imgs:3
[00:28:14][PEAR] [3174] ? NIV-9540B262DA5EF0C7 | BASKET | DOUBLE | BEAD | GOLD | KT_14 | 1ct | imgs:3
[00:28:17][PEAR] [3175] ? NIV-9540B262DA5EF0C7 | BASKET | DOUBLE | BEAD | GOLD | KT_14 | 1ct | imgs:3
[00:28:23][PEAR] [3176] ? NIV-9540B262DA5EF0C7 | BASKET | DOUBLE | BEAD | GOLD | KT_14 | 1ct | imgs:3
[00:28:26][PEAR] [3177] ? NIV-9CE55A2D9B910897 | BASKET | DOUBLE | BEAD | GOLD | KT_14 | 1ct | imgs:3
[00:28:29][PEAR] [3178] ? NIV-9CE55A2D9B910897 | BASKET | DOUBLE | BEAD | GOLD | KT_14 | 1ct | imgs:3
[00:28:32][PEAR] [3179] ? NIV-9CE55A2D9B910897 | BASKET | DOUBLE | BEAD | GOLD | KT_14 | 1ct | imgs:3
[00:28:35][PEAR] [3180] ? NIV-44AAFC6E9DE1F6DB | BASKET | DOUBLE | BEAD | GOLD | KT_14 | 1ct | imgs:3
[00:28:38][PEAR] [3181] ? NIV-44AAFC6E9DE1F6DB | BASKET | DOUBLE | BEAD | GOLD | KT_14 | 1ct | imgs:3
[00:28:42][PEAR] [3182] ? NIV-44AAFC6E9DE1F6DB | BASKET | DOUBLE | BEAD | GOLD | KT_14 | 1ct | imgs:3
[00:28:47][PEAR] [3183] ? NIV-3A461D41156B9B12 | BASKET | DOUBLE | BEAD | GOLD | KT_18 | 1ct | imgs:3
[00:28:50][PEAR] [3184] ? NIV-3A461D41156B9B12 | BASKET | DOUBLE | BEAD | GOLD | KT_18 | 1ct | imgs:3
[00:28:54][PEAR] [3185] ? NIV-3A461D41156B9B12 | BASKET | DOUBLE | BEAD | GOLD | KT_18 | 1ct | imgs:3
[00:28:56][PEAR] [3186] ? NIV-FD0015006D67E5C0 | BASKET | DOUBLE | BEAD | GOLD | KT_18 | 1ct | imgs:3
[00:28:59][PEAR] [3187] ? NIV-FD0015006D67E5C0 | BASKET | DOUBLE | BEAD | GOLD | KT_18 | 1ct | imgs:3
[00:29:05][PEAR] [3188] ? NIV-FD0015006D67E5C0 | BASKET | DOUBLE | BEAD | GOLD | KT_18 | 1ct | imgs:3
[00:29:13][PEAR] [3189] ? NIV-1DB694A9051A8C82 | BASKET | DOUBLE | BEAD | GOLD | KT_18 | 1ct | imgs:3
[00:29:17][PEAR] [3190] ? NIV-1DB694A9051A8C82 | BASKET | DOUBLE | BEAD | GOLD | KT_18 | 1ct | imgs:3
[00:29:23][PEAR] [3191] ? NIV-1DB694A9051A8C82 | BASKET | DOUBLE | BEAD | GOLD | KT_18 | 1ct | imgs:3
[00:29:26][PEAR] [3192] ? NIV-A2F19D00A3285CE3 | BASKET | DOUBLE | BEAD | PLATINUM | PT_950 | 1ct | imgs:3
[00:29:32][PEAR] [3193] ? NIV-25721A6FE4FAF30E | BASKET | DOUBLE | BEAD | GOLD | KT_10 | 1ct | imgs:3
[00:29:35][PEAR] [3194] ? NIV-25721A6FE4FAF30E | BASKET | DOUBLE | BEAD | GOLD | KT_10 | 1ct | imgs:3
[00:29:39][PEAR] [3195] ? NIV-25721A6FE4FAF30E | BASKET | DOUBLE | BEAD | GOLD | KT_10 | 1ct | imgs:3
[00:29:41][PEAR] [3196] ? NIV-462C73BBCB6A3CF1 | BASKET | DOUBLE | BEAD | GOLD | KT_10 | 1ct | imgs:3
[00:29:44][PEAR] [3197] ? NIV-462C73BBCB6A3CF1 | BASKET | DOUBLE | BEAD | GOLD | KT_10 | 1ct | imgs:3
[00:29:47][PEAR] [3198] ? NIV-462C73BBCB6A3CF1 | BASKET | DOUBLE | BEAD | GOLD | KT_10 | 1ct | imgs:3
[00:29:50][PEAR] [3199] ? NIV-4F9BA96F6B63F7F8 | BASKET | DOUBLE | BEAD | GOLD | KT_10 | 1ct | imgs:3
[00:29:54][PEAR] [3200] ? NIV-4F9BA96F6B63F7F8 | BASKET | DOUBLE | BEAD | GOLD | KT_10 | 1ct | imgs:3
[00:29:59][PEAR] [3201] ? NIV-4F9BA96F6B63F7F8 | BASKET | DOUBLE | BEAD | GOLD | KT_10 | 1ct | imgs:3
[00:30:02][PEAR] [3202] ? NIV-12D66645EA8F45FE | BASKET | DOUBLE | BEAD | GOLD | KT_14 | 1ct | imgs:3
[00:30:08][PEAR] [3203] ? NIV-12D66645EA8F45FE | BASKET | DOUBLE | BEAD | GOLD | KT_14 | 1ct | imgs:3
[00:30:11][PEAR] [3204] ? NIV-12D66645EA8F45FE | BASKET | DOUBLE | BEAD | GOLD | KT_14 | 1ct | imgs:3
[00:30:14][PEAR] [3205] ? NIV-2742DDA9A8F58D63 | BASKET | DOUBLE | BEAD | GOLD | KT_14 | 1ct | imgs:3
[00:30:17][PEAR] [3206] ? NIV-2742DDA9A8F58D63 | BASKET | DOUBLE | BEAD | GOLD | KT_14 | 1ct | imgs:3
[00:30:20][PEAR] [3207] ? NIV-2742DDA9A8F58D63 | BASKET | DOUBLE | BEAD | GOLD | KT_14 | 1ct | imgs:3
[00:30:23][PEAR] [3208] ? NIV-BC10F4470CBF9314 | BASKET | DOUBLE | BEAD | GOLD | KT_14 | 1ct | imgs:3
[00:30:26][PEAR] [3209] ? NIV-BC10F4470CBF9314 | BASKET | DOUBLE | BEAD | GOLD | KT_14 | 1ct | imgs:3
[00:30:29][PEAR] [3210] ? NIV-BC10F4470CBF9314 | BASKET | DOUBLE | BEAD | GOLD | KT_14 | 1ct | imgs:3
[00:30:32][PEAR] [3211] ? NIV-7F0ED7A736398D88 | BASKET | DOUBLE | BEAD | GOLD | KT_18 | 1ct | imgs:3
[00:30:35][PEAR] [3212] ? NIV-7F0ED7A736398D88 | BASKET | DOUBLE | BEAD | GOLD | KT_18 | 1ct | imgs:3
[00:30:41][PEAR] [3213] ? NIV-7F0ED7A736398D88 | BASKET | DOUBLE | BEAD | GOLD | KT_18 | 1ct | imgs:3
[00:30:44][PEAR] [3214] ? NIV-FC8548642A572841 | BASKET | DOUBLE | BEAD | GOLD | KT_18 | 1ct | imgs:3
[00:30:47][PEAR] [3215] ? NIV-FC8548642A572841 | BASKET | DOUBLE | BEAD | GOLD | KT_18 | 1ct | imgs:3
[00:30:53][PEAR] [3216] ? NIV-FC8548642A572841 | BASKET | DOUBLE | BEAD | GOLD | KT_18 | 1ct | imgs:3
[00:30:56][PEAR] [3217] ? NIV-A973D53C791FF43D | BASKET | DOUBLE | BEAD | GOLD | KT_18 | 1ct | imgs:3
[00:30:59][PEAR] [3218] ? NIV-A973D53C791FF43D | BASKET | DOUBLE | BEAD | GOLD | KT_18 | 1ct | imgs:3
[00:31:03][PEAR] [3219] ? NIV-A973D53C791FF43D | BASKET | DOUBLE | BEAD | GOLD | KT_18 | 1ct | imgs:3
[00:31:05][PEAR] [3220] ? NIV-7BA51E0C451612DD | BASKET | DOUBLE | BEAD | PLATINUM | PT_950 | 1ct | imgs:3
[00:31:11][PEAR] [3221] ? NIV-4FC01C4D1F13194A | BASKET | DOUBLE | BEAD | GOLD | KT_10 | 1ct | imgs:3
[00:31:14][PEAR] [3222] ? NIV-4FC01C4D1F13194A | BASKET | DOUBLE | BEAD | GOLD | KT_10 | 1ct | imgs:3
[00:31:20][PEAR] [3223] ? NIV-4FC01C4D1F13194A | BASKET | DOUBLE | BEAD | GOLD | KT_10 | 1ct | imgs:3
[00:31:23][PEAR] [3224] ? NIV-DCA8F2B51223C792 | BASKET | DOUBLE | BEAD | GOLD | KT_10 | 1ct | imgs:3
[00:31:29][PEAR] [3225] ? NIV-DCA8F2B51223C792 | BASKET | DOUBLE | BEAD | GOLD | KT_10 | 1ct | imgs:3
[00:31:32][PEAR] [3226] ? NIV-DCA8F2B51223C792 | BASKET | DOUBLE | BEAD | GOLD | KT_10 | 1ct | imgs:3
[00:31:35][PEAR] [3227] ? NIV-4EA6B896870030BF | BASKET | DOUBLE | BEAD | GOLD | KT_10 | 1ct | imgs:3
[00:31:39][PEAR] [3228] ? NIV-4EA6B896870030BF | BASKET | DOUBLE | BEAD | GOLD | KT_10 | 1ct | imgs:3
[00:31:44][PEAR] [3229] ? NIV-4EA6B896870030BF | BASKET | DOUBLE | BEAD | GOLD | KT_10 | 1ct | imgs:3
[00:31:47][PEAR] [3230] ? NIV-E49D26376D9301BC | BASKET | DOUBLE | BEAD | GOLD | KT_14 | 1ct | imgs:3
[00:31:51][PEAR] [3231] ? NIV-E49D26376D9301BC | BASKET | DOUBLE | BEAD | GOLD | KT_14 | 1ct | imgs:3
[00:31:56][PEAR] [3232] ? NIV-E49D26376D9301BC | BASKET | DOUBLE | BEAD | GOLD | KT_14 | 1ct | imgs:3
[00:31:59][PEAR] [3233] ? NIV-1AD01E8A3B518084 | BASKET | DOUBLE | BEAD | GOLD | KT_14 | 1ct | imgs:3
[00:32:02][PEAR] [3234] ? NIV-1AD01E8A3B518084 | BASKET | DOUBLE | BEAD | GOLD | KT_14 | 1ct | imgs:3
[00:32:08][PEAR] [3235] ? NIV-1AD01E8A3B518084 | BASKET | DOUBLE | BEAD | GOLD | KT_14 | 1ct | imgs:3
[00:32:11][PEAR] [3236] ? NIV-0E20A212E3352251 | BASKET | DOUBLE | BEAD | GOLD | KT_14 | 1ct | imgs:3
[00:32:17][PEAR] [3237] ? NIV-0E20A212E3352251 | BASKET | DOUBLE | BEAD | GOLD | KT_14 | 1ct | imgs:3
[00:32:21][PEAR] [3238] ? NIV-0E20A212E3352251 | BASKET | DOUBLE | BEAD | GOLD | KT_14 | 1ct | imgs:3
[00:32:27][PEAR] [3239] ? NIV-A3425DEFAC631146 | BASKET | DOUBLE | BEAD | GOLD | KT_18 | 1ct | imgs:3
[00:32:32][PEAR] [3240] ? NIV-A3425DEFAC631146 | BASKET | DOUBLE | BEAD | GOLD | KT_18 | 1ct | imgs:3
[00:32:38][PEAR] [3241] ? NIV-A3425DEFAC631146 | BASKET | DOUBLE | BEAD | GOLD | KT_18 | 1ct | imgs:3
[00:32:45][PEAR] [3242] ? NIV-DAD516AC5F4C6BCA | BASKET | DOUBLE | BEAD | GOLD | KT_18 | 1ct | imgs:1
[00:32:50][PEAR] [3243] ? NIV-DAD516AC5F4C6BCA | BASKET | DOUBLE | BEAD | GOLD | KT_18 | 1ct | imgs:3
[00:32:56][PEAR] [3244] ? NIV-DAD516AC5F4C6BCA | BASKET | DOUBLE | BEAD | GOLD | KT_18 | 1ct | imgs:3
[00:32:59][PEAR] [3245] ? NIV-601A0CE684068BB1 | BASKET | DOUBLE | BEAD | GOLD | KT_18 | 1ct | imgs:2
[00:33:02][PEAR] [3246] ? NIV-601A0CE684068BB1 | BASKET | DOUBLE | BEAD | GOLD | KT_18 | 1ct | imgs:3
[00:33:08][PEAR] [3247] ? NIV-601A0CE684068BB1 | BASKET | DOUBLE | BEAD | GOLD | KT_18 | 1ct | imgs:3
[00:33:11][PEAR] [3248] ? NIV-779FBF3C9F386901 | BASKET | DOUBLE | BEAD | PLATINUM | PT_950 | 1ct | imgs:3
[00:33:17][PEAR] [3249] ? NIV-F88058C7188EAE19 | BASKET | DOUBLE | BEAD | GOLD | KT_10 | 1ct | imgs:3
[00:33:21][PEAR] [3250] ? NIV-F88058C7188EAE19 | BASKET | DOUBLE | BEAD | GOLD | KT_10 | 1ct | imgs:3
[00:33:26][PEAR] [3251] ? NIV-F88058C7188EAE19 | BASKET | DOUBLE | BEAD | GOLD | KT_10 | 1ct | imgs:3
[00:33:29][PEAR] [3252] ? NIV-66D054AA63237111 | BASKET | DOUBLE | BEAD | GOLD | KT_10 | 1ct | imgs:3
[00:33:32][PEAR] [3253] ? NIV-66D054AA63237111 | BASKET | DOUBLE | BEAD | GOLD | KT_10 | 1ct | imgs:3
[00:33:36][PEAR] [3254] ? NIV-66D054AA63237111 | BASKET | DOUBLE | BEAD | GOLD | KT_10 | 1ct | imgs:3
[00:33:38][PEAR] [3255] ? NIV-F5BC9045AFE5692E | BASKET | DOUBLE | BEAD | GOLD | KT_10 | 1ct | imgs:1
[00:33:42][PEAR] [3256] ? NIV-F5BC9045AFE5692E | BASKET | DOUBLE | BEAD | GOLD | KT_10 | 1ct | imgs:3
[00:33:47][PEAR] [3257] ? NIV-F5BC9045AFE5692E | BASKET | DOUBLE | BEAD | GOLD | KT_10 | 1ct | imgs:3
[00:33:50][PEAR] [3258] ? NIV-63B4201CF413D980 | BASKET | DOUBLE | BEAD | GOLD | KT_14 | 1ct | imgs:3
[00:33:53][PEAR] [3259] ? NIV-63B4201CF413D980 | BASKET | DOUBLE | BEAD | GOLD | KT_14 | 1ct | imgs:3
[00:33:57][PEAR] [3260] ? NIV-63B4201CF413D980 | BASKET | DOUBLE | BEAD | GOLD | KT_14 | 1ct | imgs:3
[00:33:59][PEAR] [3261] ? NIV-C4FE7A5073BE743E | BASKET | DOUBLE | BEAD | GOLD | KT_14 | 1ct | imgs:3
[00:34:02][PEAR] [3262] ? NIV-C4FE7A5073BE743E | BASKET | DOUBLE | BEAD | GOLD | KT_14 | 1ct | imgs:3
[00:34:05][PEAR] [3263] ? NIV-C4FE7A5073BE743E | BASKET | DOUBLE | BEAD | GOLD | KT_14 | 1ct | imgs:3
[00:34:08][PEAR] [3264] ? NIV-FCC69F72727418F9 | BASKET | DOUBLE | BEAD | GOLD | KT_14 | 1ct | imgs:3
[00:34:12][PEAR] [3265] ? NIV-FCC69F72727418F9 | BASKET | DOUBLE | BEAD | GOLD | KT_14 | 1ct | imgs:3
[00:34:17][PEAR] [3266] ? NIV-FCC69F72727418F9 | BASKET | DOUBLE | BEAD | GOLD | KT_14 | 1ct | imgs:3
[00:34:20][PEAR] [3267] ? NIV-A60D7B44A8AA7412 | BASKET | DOUBLE | BEAD | GOLD | KT_18 | 1ct | imgs:3
[00:34:24][PEAR] [3268] ? NIV-A60D7B44A8AA7412 | BASKET | DOUBLE | BEAD | GOLD | KT_18 | 1ct | imgs:3
[00:34:29][PEAR] [3269] ? NIV-A60D7B44A8AA7412 | BASKET | DOUBLE | BEAD | GOLD | KT_18 | 1ct | imgs:3
[00:34:32][PEAR] [3270] ? NIV-ECECAC22CAC4A195 | BASKET | DOUBLE | BEAD | GOLD | KT_18 | 1ct | imgs:3
[00:34:36][PEAR] [3271] ? NIV-ECECAC22CAC4A195 | BASKET | DOUBLE | BEAD | GOLD | KT_18 | 1ct | imgs:3
[00:34:41][PEAR] [3272] ? NIV-ECECAC22CAC4A195 | BASKET | DOUBLE | BEAD | GOLD | KT_18 | 1ct | imgs:3
[00:34:44][PEAR] [3273] ? NIV-B86FE6D01286411A | BASKET | DOUBLE | BEAD | GOLD | KT_18 | 1ct | imgs:3
[00:34:47][PEAR] [3274] ? NIV-B86FE6D01286411A | BASKET | DOUBLE | BEAD | GOLD | KT_18 | 1ct | imgs:3
[00:34:50][PEAR] [3275] ? NIV-B86FE6D01286411A | BASKET | DOUBLE | BEAD | GOLD | KT_18 | 1ct | imgs:3
[00:34:53][PEAR] [3276] ? NIV-BAB6DA66F21520B5 | BASKET | DOUBLE | BEAD | PLATINUM | PT_950 | 1ct | imgs:3
[00:34:59][PEAR] [3277] ? NIV-B48B067A021101EE | BASKET | DOUBLE | BEAD | GOLD | KT_10 | 1ct | imgs:3
[00:35:02][PEAR] [3278] ? NIV-B48B067A021101EE | BASKET | DOUBLE | BEAD | GOLD | KT_10 | 1ct | imgs:3
[00:35:05][PEAR] [3279] ? NIV-B48B067A021101EE | BASKET | DOUBLE | BEAD | GOLD | KT_10 | 1ct | imgs:3
[00:35:08][PEAR] [3280] ? NIV-71AD8033A3886D71 | BASKET | DOUBLE | BEAD | GOLD | KT_10 | 1ct | imgs:3
[00:35:12][PEAR] [3281] ? NIV-71AD8033A3886D71 | BASKET | DOUBLE | BEAD | GOLD | KT_10 | 1ct | imgs:3
[00:35:17][PEAR] [3282] ? NIV-71AD8033A3886D71 | BASKET | DOUBLE | BEAD | GOLD | KT_10 | 1ct | imgs:3
[00:35:20][PEAR] [3283] ? NIV-BCEC29767B1BF57A | BASKET | DOUBLE | BEAD | GOLD | KT_10 | 1ct | imgs:3
[00:35:23][PEAR] [3284] ? NIV-BCEC29767B1BF57A | BASKET | DOUBLE | BEAD | GOLD | KT_10 | 1ct | imgs:3
[00:35:29][PEAR] [3285] ? NIV-BCEC29767B1BF57A | BASKET | DOUBLE | BEAD | GOLD | KT_10 | 1ct | imgs:3
[00:35:32][PEAR] [3286] ? NIV-3989A6676A18F6A4 | BASKET | DOUBLE | BEAD | GOLD | KT_14 | 1ct | imgs:3
[00:35:35][PEAR] [3287] ? NIV-3989A6676A18F6A4 | BASKET | DOUBLE | BEAD | GOLD | KT_14 | 1ct | imgs:3
[00:35:39][PEAR] [3288] ? NIV-3989A6676A18F6A4 | BASKET | DOUBLE | BEAD | GOLD | KT_14 | 1ct | imgs:3
[00:35:41][PEAR] [3289] ? NIV-368407B11E9EC81C | BASKET | DOUBLE | BEAD | GOLD | KT_14 | 1ct | imgs:3
[00:35:44][PEAR] [3290] ? NIV-368407B11E9EC81C | BASKET | DOUBLE | BEAD | GOLD | KT_14 | 1ct | imgs:3
[00:35:47][PEAR] [3291] ? NIV-368407B11E9EC81C | BASKET | DOUBLE | BEAD | GOLD | KT_14 | 1ct | imgs:3
[00:35:50][PEAR] [3292] ? NIV-71063E0156EC6A95 | BASKET | DOUBLE | BEAD | GOLD | KT_14 | 1ct | imgs:3
[00:35:53][PEAR] [3293] ? NIV-71063E0156EC6A95 | BASKET | DOUBLE | BEAD | GOLD | KT_14 | 1ct | imgs:3
[00:35:56][PEAR] [3294] ? NIV-71063E0156EC6A95 | BASKET | DOUBLE | BEAD | GOLD | KT_14 | 1ct | imgs:3
[00:35:59][PEAR] [3295] ? NIV-EC94ADD70F47EF91 | BASKET | DOUBLE | BEAD | GOLD | KT_18 | 1ct | imgs:3
[00:36:02][PEAR] [3296] ? NIV-EC94ADD70F47EF91 | BASKET | DOUBLE | BEAD | GOLD | KT_18 | 1ct | imgs:3
[00:36:08][PEAR] [3297] ? NIV-EC94ADD70F47EF91 | BASKET | DOUBLE | BEAD | GOLD | KT_18 | 1ct | imgs:3
[00:36:11][PEAR] [3298] ? NIV-A84531B27529EBFA | BASKET | DOUBLE | BEAD | GOLD | KT_18 | 1ct | imgs:3
[00:36:15][PEAR] [3299] ? NIV-A84531B27529EBFA | BASKET | DOUBLE | BEAD | GOLD | KT_18 | 1ct | imgs:3
[00:36:18][PEAR] [3300] ? NIV-A84531B27529EBFA | BASKET | DOUBLE | BEAD | GOLD | KT_18 | 1ct | imgs:3
[00:36:20][PEAR] [3301] ? NIV-A51AA063A87190C7 | BASKET | DOUBLE | BEAD | GOLD | KT_18 | 1ct | imgs:3
[00:36:23][PEAR] [3302] ? NIV-A51AA063A87190C7 | BASKET | DOUBLE | BEAD | GOLD | KT_18 | 1ct | imgs:3
[00:36:27][PEAR] [3303] ? NIV-A51AA063A87190C7 | BASKET | DOUBLE | BEAD | GOLD | KT_18 | 1ct | imgs:3
[00:36:29][PEAR] [3304] ? NIV-CC7558545FBF6BC3 | BASKET | DOUBLE | BEAD | PLATINUM | PT_950 | 1ct | imgs:3
[00:36:35][PEAR] [3305] ? NIV-ED33A01C398C5141 | BASKET | DOUBLE | BEAD | GOLD | KT_10 | 1ct | imgs:3
[00:36:38][PEAR] [3306] ? NIV-ED33A01C398C5141 | BASKET | DOUBLE | BEAD | GOLD | KT_10 | 1ct | imgs:3
[00:36:44][PEAR] [3307] ? NIV-ED33A01C398C5141 | BASKET | DOUBLE | BEAD | GOLD | KT_10 | 1ct | imgs:3
[00:36:49][PEAR] [3308] ? NIV-6F12AF6F12EE3DDC | BASKET | DOUBLE | BEAD | GOLD | KT_10 | 1ct | imgs:2
[00:36:53][PEAR] [3309] ? NIV-6F12AF6F12EE3DDC | BASKET | DOUBLE | BEAD | GOLD | KT_10 | 1ct | imgs:3
[00:36:57][PEAR] [3310] ? NIV-6F12AF6F12EE3DDC | BASKET | DOUBLE | BEAD | GOLD | KT_10 | 1ct | imgs:3
[00:36:59][PEAR] [3311] ? NIV-CA832510B6B08D13 | BASKET | DOUBLE | BEAD | GOLD | KT_10 | 1ct | imgs:3
[00:37:03][PEAR] [3312] ? NIV-CA832510B6B08D13 | BASKET | DOUBLE | BEAD | GOLD | KT_10 | 1ct | imgs:3
[00:37:08][PEAR] [3313] ? NIV-CA832510B6B08D13 | BASKET | DOUBLE | BEAD | GOLD | KT_10 | 1ct | imgs:3
[00:37:11][PEAR] [3314] ? NIV-2845505FDA8E3350 | BASKET | DOUBLE | BEAD | GOLD | KT_14 | 1ct | imgs:3
[00:37:15][PEAR] [3315] ? NIV-2845505FDA8E3350 | BASKET | DOUBLE | BEAD | GOLD | KT_14 | 1ct | imgs:3
[00:37:20][PEAR] [3316] ? NIV-2845505FDA8E3350 | BASKET | DOUBLE | BEAD | GOLD | KT_14 | 1ct | imgs:3
[00:37:23][PEAR] [3317] ? NIV-937B3EFB977BEDD4 | BASKET | DOUBLE | BEAD | GOLD | KT_14 | 1ct | imgs:3
[00:37:26][PEAR] [3318] ? NIV-937B3EFB977BEDD4 | BASKET | DOUBLE | BEAD | GOLD | KT_14 | 1ct | imgs:3
[00:37:30][PEAR] [3319] ? NIV-937B3EFB977BEDD4 | BASKET | DOUBLE | BEAD | GOLD | KT_14 | 1ct | imgs:3
[00:37:37][PEAR] [3320] ? NIV-EA15AC8EF9912D05 | BASKET | DOUBLE | BEAD | GOLD | KT_14 | 1ct | imgs:3
[00:37:41][PEAR] [3321] ? NIV-EA15AC8EF9912D05 | BASKET | DOUBLE | BEAD | GOLD | KT_14 | 1ct | imgs:3
[00:37:44][PEAR] [3322] ? NIV-EA15AC8EF9912D05 | BASKET | DOUBLE | BEAD | GOLD | KT_14 | 1ct | imgs:3
[00:37:47][PEAR] [3323] ? NIV-DABC33BB34CB5B1B | BASKET | DOUBLE | BEAD | GOLD | KT_18 | 1ct | imgs:3
[00:37:53][PEAR] [3324] ? NIV-DABC33BB34CB5B1B | BASKET | DOUBLE | BEAD | GOLD | KT_18 | 1ct | imgs:3
[00:37:56][PEAR] [3325] ? NIV-DABC33BB34CB5B1B | BASKET | DOUBLE | BEAD | GOLD | KT_18 | 1ct | imgs:3
[00:37:59][PEAR] [3326] ? NIV-3C2EF084C0479068 | BASKET | DOUBLE | BEAD | GOLD | KT_18 | 1ct | imgs:3
[00:38:05][PEAR] [3327] ? NIV-3C2EF084C0479068 | BASKET | DOUBLE | BEAD | GOLD | KT_18 | 1ct | imgs:3
[00:38:08][PEAR] [3328] ? NIV-3C2EF084C0479068 | BASKET | DOUBLE | BEAD | GOLD | KT_18 | 1ct | imgs:3
[00:38:11][PEAR] [3329] ? NIV-E5B2D118323791A0 | BASKET | DOUBLE | BEAD | GOLD | KT_18 | 1ct | imgs:3
[00:38:14][PEAR] [3330] ? NIV-E5B2D118323791A0 | BASKET | DOUBLE | BEAD | GOLD | KT_18 | 1ct | imgs:3
[00:38:20][PEAR] [3331] ? NIV-E5B2D118323791A0 | BASKET | DOUBLE | BEAD | GOLD | KT_18 | 1ct | imgs:3
[00:38:23][PEAR] [3332] ? NIV-1947B3825074711E | BASKET | DOUBLE | BEAD | PLATINUM | PT_950 | 1ct | imgs:3
[00:38:30][PEAR] [3333] ? NIV-5438F7518B2E78BF | BASKET | DOUBLE | BEAD | GOLD | KT_10 | 1ct | imgs:1
[00:38:35][PEAR] [3334] ? NIV-5438F7518B2E78BF | BASKET | DOUBLE | BEAD | GOLD | KT_10 | 1ct | imgs:3
[00:38:38][PEAR] [3335] ? NIV-5438F7518B2E78BF | BASKET | DOUBLE | BEAD | GOLD | KT_10 | 1ct | imgs:3
[00:38:41][PEAR] [3336] ? NIV-1A0067EEDFB7D55F | BASKET | DOUBLE | BEAD | GOLD | KT_10 | 1ct | imgs:3
[00:38:44][PEAR] [3337] ? NIV-1A0067EEDFB7D55F | BASKET | DOUBLE | BEAD | GOLD | KT_10 | 1ct | imgs:3
[00:38:50][PEAR] [3338] ? NIV-1A0067EEDFB7D55F | BASKET | DOUBLE | BEAD | GOLD | KT_10 | 1ct | imgs:3
[00:38:53][PEAR] [3339] ? NIV-D5BC5F8838A326AC | BASKET | DOUBLE | BEAD | GOLD | KT_10 | 1ct | imgs:3
[00:38:57][PEAR] [3340] ? NIV-D5BC5F8838A326AC | BASKET | DOUBLE | BEAD | GOLD | KT_10 | 1ct | imgs:3
[00:39:02][PEAR] [3341] ? NIV-D5BC5F8838A326AC | BASKET | DOUBLE | BEAD | GOLD | KT_10 | 1ct | imgs:3
[00:39:05][PEAR] [3342] ? NIV-00F1BC33671290AC | BASKET | DOUBLE | BEAD | GOLD | KT_14 | 1ct | imgs:3
[00:39:09][PEAR] [3343] ? NIV-00F1BC33671290AC | BASKET | DOUBLE | BEAD | GOLD | KT_14 | 1ct | imgs:3
[00:39:14][PEAR] [3344] ? NIV-00F1BC33671290AC | BASKET | DOUBLE | BEAD | GOLD | KT_14 | 1ct | imgs:3
[00:39:17][PEAR] [3345] ? NIV-71E930A23B3D53FC | BASKET | DOUBLE | BEAD | GOLD | KT_14 | 1ct | imgs:3
[00:39:23][PEAR] [3346] ? NIV-71E930A23B3D53FC | BASKET | DOUBLE | BEAD | GOLD | KT_14 | 1ct | imgs:3
[00:39:27][PEAR] [3347] ? NIV-71E930A23B3D53FC | BASKET | DOUBLE | BEAD | GOLD | KT_14 | 1ct | imgs:3
[00:39:29][PEAR] [3348] ? NIV-6B2554A7F478B2B4 | BASKET | DOUBLE | BEAD | GOLD | KT_14 | 1ct | imgs:3
[00:39:33][PEAR] [3349] ? NIV-6B2554A7F478B2B4 | BASKET | DOUBLE | BEAD | GOLD | KT_14 | 1ct | imgs:3
[00:39:38][PEAR] [3350] ? NIV-6B2554A7F478B2B4 | BASKET | DOUBLE | BEAD | GOLD | KT_14 | 1ct | imgs:3
[00:39:41][PEAR] [3351] ? NIV-833E7C668EBC4405 | BASKET | DOUBLE | BEAD | GOLD | KT_18 | 1ct | imgs:3
[00:39:47][PEAR] [3352] ? NIV-833E7C668EBC4405 | BASKET | DOUBLE | BEAD | GOLD | KT_18 | 1ct | imgs:3
[00:39:50][PEAR] [3353] ? NIV-833E7C668EBC4405 | BASKET | DOUBLE | BEAD | GOLD | KT_18 | 1ct | imgs:3
[00:39:53][PEAR] [3354] ? NIV-42CA7F98CFE225C5 | BASKET | DOUBLE | BEAD | GOLD | KT_18 | 1ct | imgs:3
[00:39:56][PEAR] [3355] ? NIV-42CA7F98CFE225C5 | BASKET | DOUBLE | BEAD | GOLD | KT_18 | 1ct | imgs:3
[00:40:02][PEAR] [3356] ? NIV-42CA7F98CFE225C5 | BASKET | DOUBLE | BEAD | GOLD | KT_18 | 1ct | imgs:3
[00:40:05][PEAR] [3357] ? NIV-BF2B4350085EA2B9 | BASKET | DOUBLE | BEAD | GOLD | KT_18 | 1ct | imgs:3
[00:40:08][PEAR] [3358] ? NIV-BF2B4350085EA2B9 | BASKET | DOUBLE | BEAD | GOLD | KT_18 | 1ct | imgs:3
[00:40:12][PEAR] [3359] ? NIV-BF2B4350085EA2B9 | BASKET | DOUBLE | BEAD | GOLD | KT_18 | 1ct | imgs:3
[00:40:14][PEAR] [3360] ? NIV-22083D46607B1036 | BASKET | DOUBLE | BEAD | PLATINUM | PT_950 | 1ct | imgs:3
[00:40:20][PEAR] [3361] ? NIV-27F48FA3C40EF4AA | BASKET | DOUBLE | BEAD | GOLD | KT_10 | 1ct | imgs:3
[00:40:26][PEAR] [3362] ? NIV-27F48FA3C40EF4AA | BASKET | DOUBLE | BEAD | GOLD | KT_10 | 1ct | imgs:3
[00:40:29][PEAR] [3363] ? NIV-27F48FA3C40EF4AA | BASKET | DOUBLE | BEAD | GOLD | KT_10 | 1ct | imgs:3
[00:40:32][PEAR] [3364] ? NIV-A6539B7C60E52669 | BASKET | DOUBLE | BEAD | GOLD | KT_10 | 1ct | imgs:3
[00:40:35][PEAR] [3365] ? NIV-A6539B7C60E52669 | BASKET | DOUBLE | BEAD | GOLD | KT_10 | 1ct | imgs:3
[00:40:41][PEAR] [3366] ? NIV-A6539B7C60E52669 | BASKET | DOUBLE | BEAD | GOLD | KT_10 | 1ct | imgs:3
[00:40:44][PEAR] [3367] ? NIV-0536F3C608FB41D0 | BASKET | DOUBLE | BEAD | GOLD | KT_10 | 1ct | imgs:3
[00:40:48][PEAR]   Re-seleccionando PEAR (intento 1)
[00:40:48][PEAR]   Boton no encontrado ? recargando configurador...
[00:41:03][PEAR]   Re-seleccionando PEAR (intento 2)
[00:41:06][PEAR] [3368] ? NIV-D5C0F85B48F232CE | BASKET | DOUBLE | BEAD | GOLD | KT_10 | 1ct | imgs:3
[00:41:08][PEAR] [3369] ? NIV-564AABB91BF56BF5 | BASKET | DOUBLE | BEAD | GOLD | KT_10 | 1ct | imgs:3
[00:41:12][PEAR] [3370] ? NIV-638B37285FE6198E | BASKET | DOUBLE | BEAD | GOLD | KT_14 | 1ct | imgs:1
[00:41:16][PEAR] [3371] ? NIV-1815078B47B84782 | BASKET | DOUBLE | BEAD | GOLD | KT_14 | 1ct | imgs:1
[00:41:18][PEAR] [3372] ? NIV-AC6B232A224D37FA | BASKET | DOUBLE | BEAD | GOLD | KT_14 | 1ct | imgs:3
[00:41:21][PEAR] [3373] ? NIV-4FF03D3E2E598AFF | BASKET | DOUBLE | BEAD | GOLD | KT_14 | 1ct | imgs:3
[00:41:25][PEAR] [3374] ? NIV-D57EB831DCE834E8 | BASKET | DOUBLE | BEAD | GOLD | KT_14 | 1ct | imgs:3
[00:41:26][PEAR] [3375] ? NIV-A1E303B7255D44D5 | BASKET | DOUBLE | BEAD | GOLD | KT_14 | 1ct | imgs:1
[00:41:30][PEAR] [3376] ? NIV-99D5B34079E5026A | BASKET | DOUBLE | BEAD | GOLD | KT_14 | 1ct | imgs:3
[00:41:36][PEAR] [3377] ? NIV-C6DC6C40DFD35C78 | BASKET | DOUBLE | BEAD | GOLD | KT_14 | 1ct | imgs:3
[00:41:38][PEAR] [3378] ? NIV-2C26E2EFE9A956DF | BASKET | DOUBLE | BEAD | GOLD | KT_14 | 1ct | imgs:3
[00:41:41][PEAR] [3379] ? NIV-AABD95B950B34DF1 | BASKET | DOUBLE | BEAD | GOLD | KT_18 | 1ct | imgs:3
[00:41:44][PEAR] [3380] ? NIV-89E0F50132F79B32 | BASKET | DOUBLE | BEAD | GOLD | KT_18 | 1ct | imgs:3
[00:41:47][PEAR] [3381] ? NIV-C175F6C1D9DECDAB | BASKET | DOUBLE | BEAD | GOLD | KT_18 | 1ct | imgs:3
[00:41:50][PEAR] [3382] ? NIV-3856082831231231 | BASKET | DOUBLE | BEAD | GOLD | KT_18 | 1ct | imgs:3
[00:41:53][PEAR] [3383] ? NIV-FE6898A5C1792CC1 | BASKET | DOUBLE | BEAD | GOLD | KT_18 | 1ct | imgs:3
[00:41:57][PEAR] [3384] ? NIV-87E99FDAFFF17281 | BASKET | DOUBLE | BEAD | GOLD | KT_18 | 1ct | imgs:3
[00:42:02][PEAR] [3385] ? NIV-853B5380A5203887 | BASKET | DOUBLE | BEAD | GOLD | KT_18 | 1ct | imgs:3
[00:42:05][PEAR] [3386] ? NIV-79B08F9F0CE078D3 | BASKET | DOUBLE | BEAD | GOLD | KT_18 | 1ct | imgs:3
[00:42:08][PEAR] [3387] ? NIV-2B5A34D8091A2722 | BASKET | DOUBLE | BEAD | GOLD | KT_18 | 1ct | imgs:3
[00:42:11][PEAR] [3388] ? NIV-3580C704CD6D41A8 | BASKET | DOUBLE | BEAD | PLATINUM | PT_950 | 1ct | imgs:3
[00:42:17][PEAR] [3389] ? NIV-A936D1859088DB60 | BASKET | DOUBLE | BEAD | GOLD | KT_10 | 1ct | imgs:3
[00:42:20][PEAR] [3390] ? NIV-A936D1859088DB60 | BASKET | DOUBLE | BEAD | GOLD | KT_10 | 1ct | imgs:3
[00:42:23][PEAR] [3391] ? NIV-A936D1859088DB60 | BASKET | DOUBLE | BEAD | GOLD | KT_10 | 1ct | imgs:3
[00:42:27][PEAR] [3392] ? NIV-94C7C51E4D1CC93D | BASKET | DOUBLE | BEAD | GOLD | KT_10 | 1ct | imgs:3
[00:42:32][PEAR] [3393] ? NIV-94C7C51E4D1CC93D | BASKET | DOUBLE | BEAD | GOLD | KT_10 | 1ct | imgs:3
[00:42:36][PEAR] [3394] ? NIV-94C7C51E4D1CC93D | BASKET | DOUBLE | BEAD | GOLD | KT_10 | 1ct | imgs:3
[00:42:38][PEAR] [3395] ? NIV-3DB007614317E24C | BASKET | DOUBLE | BEAD | GOLD | KT_10 | 1ct | imgs:3
[00:42:41][PEAR] [3396] ? NIV-3DB007614317E24C | BASKET | DOUBLE | BEAD | GOLD | KT_10 | 1ct | imgs:3
[00:42:47][PEAR] [3397] ? NIV-3DB007614317E24C | BASKET | DOUBLE | BEAD | GOLD | KT_10 | 1ct | imgs:3
[00:42:51][PEAR] [3398] ? NIV-77EC7911408F5819 | BASKET | DOUBLE | BEAD | GOLD | KT_14 | 1ct | imgs:3
[00:42:56][PEAR] [3399] ? NIV-77EC7911408F5819 | BASKET | DOUBLE | BEAD | GOLD | KT_14 | 1ct | imgs:3
[00:43:02][PEAR] [3400] ? NIV-77EC7911408F5819 | BASKET | DOUBLE | BEAD | GOLD | KT_14 | 1ct | imgs:3
[00:43:05][PEAR] [3401] ? NIV-1F27B9D79A304694 | BASKET | DOUBLE | BEAD | GOLD | KT_14 | 1ct | imgs:3
[00:43:08][PEAR] [3402] ? NIV-1F27B9D79A304694 | BASKET | DOUBLE | BEAD | GOLD | KT_14 | 1ct | imgs:3
[00:43:12][PEAR] [3403] ? NIV-1F27B9D79A304694 | BASKET | DOUBLE | BEAD | GOLD | KT_14 | 1ct | imgs:3
[00:43:14][PEAR] [3404] ? NIV-1007CC3401629C83 | BASKET | DOUBLE | BEAD | GOLD | KT_14 | 1ct | imgs:3
[00:43:17][PEAR] [3405] ? NIV-1007CC3401629C83 | BASKET | DOUBLE | BEAD | GOLD | KT_14 | 1ct | imgs:3
[00:43:20][PEAR] [3406] ? NIV-1007CC3401629C83 | BASKET | DOUBLE | BEAD | GOLD | KT_14 | 1ct | imgs:3
[00:43:24][PEAR] [3407] ? NIV-B368F0DE1225E525 | BASKET | DOUBLE | BEAD | GOLD | KT_18 | 1ct | imgs:3
[00:43:29][PEAR] [3408] ? NIV-B368F0DE1225E525 | BASKET | DOUBLE | BEAD | GOLD | KT_18 | 1ct | imgs:3
[00:43:32][PEAR] [3409] ? NIV-B368F0DE1225E525 | BASKET | DOUBLE | BEAD | GOLD | KT_18 | 1ct | imgs:3
[00:43:35][PEAR] [3410] ? NIV-E92643FD43447484 | BASKET | DOUBLE | BEAD | GOLD | KT_18 | 1ct | imgs:3
[00:43:38][PEAR] [3411] ? NIV-E92643FD43447484 | BASKET | DOUBLE | BEAD | GOLD | KT_18 | 1ct | imgs:3
[00:43:41][PEAR] [3412] ? NIV-E92643FD43447484 | BASKET | DOUBLE | BEAD | GOLD | KT_18 | 1ct | imgs:3
[00:43:44][PEAR] [3413] ? NIV-20F83B2DACF83713 | BASKET | DOUBLE | BEAD | GOLD | KT_18 | 1ct | imgs:3
[00:43:47][PEAR] [3414] ? NIV-20F83B2DACF83713 | BASKET | DOUBLE | BEAD | GOLD | KT_18 | 1ct | imgs:3
[00:43:50][PEAR] [3415] ? NIV-20F83B2DACF83713 | BASKET | DOUBLE | BEAD | GOLD | KT_18 | 1ct | imgs:3
[00:43:53][PEAR] [3416] ? NIV-AC2E4E8364C250A8 | BASKET | DOUBLE | BEAD | PLATINUM | PT_950 | 1ct | imgs:3
[00:43:59][PEAR] [3417] ? NIV-74AED66FDACF512C | BASKET | DOUBLE | BEAD | GOLD | KT_10 | 1ct | imgs:3
[00:44:02][PEAR] [3418] ? NIV-74AED66FDACF512C | BASKET | DOUBLE | BEAD | GOLD | KT_10 | 1ct | imgs:3
[00:44:05][PEAR] [3419] ? NIV-74AED66FDACF512C | BASKET | DOUBLE | BEAD | GOLD | KT_10 | 1ct | imgs:3
[00:44:08][PEAR] [3420] ? NIV-D955E591A46055C4 | BASKET | DOUBLE | BEAD | GOLD | KT_10 | 1ct | imgs:3
[00:44:14][PEAR] [3421] ? NIV-D955E591A46055C4 | BASKET | DOUBLE | BEAD | GOLD | KT_10 | 1ct | imgs:3
[00:44:17][PEAR] [3422] ? NIV-D955E591A46055C4 | BASKET | DOUBLE | BEAD | GOLD | KT_10 | 1ct | imgs:3
[00:44:20][PEAR] [3423] ? NIV-C1050C0AD02DB593 | BASKET | DOUBLE | BEAD | GOLD | KT_10 | 1ct | imgs:3
[00:44:23][PEAR] [3424] ? NIV-C1050C0AD02DB593 | BASKET | DOUBLE | BEAD | GOLD | KT_10 | 1ct | imgs:3
[00:44:27][PEAR] [3425] ? NIV-C1050C0AD02DB593 | BASKET | DOUBLE | BEAD | GOLD | KT_10 | 1ct | imgs:3
[00:44:29][PEAR] [3426] ? NIV-2CB954A1C83D6368 | BASKET | DOUBLE | BEAD | GOLD | KT_14 | 1ct | imgs:3
[00:44:35][PEAR] [3427] ? NIV-2CB954A1C83D6368 | BASKET | DOUBLE | BEAD | GOLD | KT_14 | 1ct | imgs:3
[00:44:38][PEAR] [3428] ? NIV-2CB954A1C83D6368 | BASKET | DOUBLE | BEAD | GOLD | KT_14 | 1ct | imgs:3
[00:44:41][PEAR] [3429] ? NIV-C8F61AC79C0D7A5F | BASKET | DOUBLE | BEAD | GOLD | KT_14 | 1ct | imgs:3
[00:44:44][PEAR] [3430] ? NIV-C8F61AC79C0D7A5F | BASKET | DOUBLE | BEAD | GOLD | KT_14 | 1ct | imgs:3
[00:44:48][PEAR] [3431] ? NIV-C8F61AC79C0D7A5F | BASKET | DOUBLE | BEAD | GOLD | KT_14 | 1ct | imgs:3
[00:44:50][PEAR] [3432] ? NIV-DD06738375118ED2 | BASKET | DOUBLE | BEAD | GOLD | KT_14 | 1ct | imgs:3
[00:44:54][PEAR] [3433] ? NIV-DD06738375118ED2 | BASKET | DOUBLE | BEAD | GOLD | KT_14 | 1ct | imgs:3
[00:44:59][PEAR] [3434] ? NIV-DD06738375118ED2 | BASKET | DOUBLE | BEAD | GOLD | KT_14 | 1ct | imgs:3
[00:45:02][PEAR] [3435] ? NIV-7DE91347E461A405 | BASKET | DOUBLE | BEAD | GOLD | KT_18 | 1ct | imgs:3
[00:45:05][PEAR] [3436] ? NIV-7DE91347E461A405 | BASKET | DOUBLE | BEAD | GOLD | KT_18 | 1ct | imgs:3
[00:45:11][PEAR] [3437] ? NIV-7DE91347E461A405 | BASKET | DOUBLE | BEAD | GOLD | KT_18 | 1ct | imgs:3
[00:45:18][PEAR] [3438] ? NIV-1BD27927E3929A3E | BASKET | DOUBLE | BEAD | GOLD | KT_18 | 1ct | imgs:3
[00:45:23][PEAR] [3439] ? NIV-1BD27927E3929A3E | BASKET | DOUBLE | BEAD | GOLD | KT_18 | 1ct | imgs:3
[00:45:26][PEAR] [3440] ? NIV-1BD27927E3929A3E | BASKET | DOUBLE | BEAD | GOLD | KT_18 | 1ct | imgs:3
[00:45:29][PEAR] [3441] ? NIV-3D06FBF6A303AE56 | BASKET | DOUBLE | BEAD | GOLD | KT_18 | 1ct | imgs:3
[00:45:35][PEAR] [3442] ? NIV-3D06FBF6A303AE56 | BASKET | DOUBLE | BEAD | GOLD | KT_18 | 1ct | imgs:3
[00:45:41][PEAR] [3443] ? NIV-3D06FBF6A303AE56 | BASKET | DOUBLE | BEAD | GOLD | KT_18 | 1ct | imgs:3
[00:45:44][PEAR] [3444] ? NIV-D7C968CC9F7C5936 | BASKET | DOUBLE | BEAD | PLATINUM | PT_950 | 1ct | imgs:3
[00:45:50][PEAR] [3445] ? NIV-651B3CFBE60804E0 | BASKET | DOUBLE_TWIST | NONE | GOLD | KT_10 | 1ct | imgs:3
[00:45:53][PEAR] [3446] ? NIV-651B3CFBE60804E0 | BASKET | DOUBLE_TWIST | NONE | GOLD | KT_10 | 1ct | imgs:3
[00:45:57][PEAR] [3447] ? NIV-651B3CFBE60804E0 | BASKET | DOUBLE_TWIST | NONE | GOLD | KT_10 | 1ct | imgs:3
[00:46:01][PEAR] [3448] ? NIV-D61BFF73DFF004F2 | BASKET | DOUBLE_TWIST | NONE | GOLD | KT_10 | 1ct | imgs:2
[00:46:05][PEAR] [3449] ? NIV-D61BFF73DFF004F2 | BASKET | DOUBLE_TWIST | NONE | GOLD | KT_10 | 1ct | imgs:3
[00:46:08][PEAR] [3450] ? NIV-D61BFF73DFF004F2 | BASKET | DOUBLE_TWIST | NONE | GOLD | KT_10 | 1ct | imgs:3
[00:46:11][PEAR] [3451] ? NIV-C6B0903AA27700A5 | BASKET | DOUBLE_TWIST | NONE | GOLD | KT_10 | 1ct | imgs:3
[00:46:14][PEAR] [3452] ? NIV-C6B0903AA27700A5 | BASKET | DOUBLE_TWIST | NONE | GOLD | KT_10 | 1ct | imgs:3
[00:46:17][PEAR] [3453] ? NIV-C6B0903AA27700A5 | BASKET | DOUBLE_TWIST | NONE | GOLD | KT_10 | 1ct | imgs:3
[00:46:20][PEAR] [3454] ? NIV-8D1681AC2394E7C5 | BASKET | DOUBLE_TWIST | NONE | GOLD | KT_14 | 1ct | imgs:3
[00:46:23][PEAR] [3455] ? NIV-8D1681AC2394E7C5 | BASKET | DOUBLE_TWIST | NONE | GOLD | KT_14 | 1ct | imgs:3
[00:46:29][PEAR] [3456] ? NIV-8D1681AC2394E7C5 | BASKET | DOUBLE_TWIST | NONE | GOLD | KT_14 | 1ct | imgs:3
[00:46:32][PEAR] [3457] ? NIV-13FD440D8D051FCF | BASKET | DOUBLE_TWIST | NONE | GOLD | KT_14 | 1ct | imgs:3
[00:46:38][PEAR] [3458] ? NIV-13FD440D8D051FCF | BASKET | DOUBLE_TWIST | NONE | GOLD | KT_14 | 1ct | imgs:3
[00:46:41][PEAR] [3459] ? NIV-13FD440D8D051FCF | BASKET | DOUBLE_TWIST | NONE | GOLD | KT_14 | 1ct | imgs:3
[00:46:44][PEAR] [3460] ? NIV-43BCB44B1FC5A916 | BASKET | DOUBLE_TWIST | NONE | GOLD | KT_14 | 1ct | imgs:3
[00:46:50][PEAR] [3461] ? NIV-43BCB44B1FC5A916 | BASKET | DOUBLE_TWIST | NONE | GOLD | KT_14 | 1ct | imgs:3
[00:46:53][PEAR] [3462] ? NIV-43BCB44B1FC5A916 | BASKET | DOUBLE_TWIST | NONE | GOLD | KT_14 | 1ct | imgs:3
[00:46:56][PEAR] [3463] ? NIV-0AB2C8649F4F11BA | BASKET | DOUBLE_TWIST | NONE | GOLD | KT_18 | 1ct | imgs:3
[00:47:02][PEAR] [3464] ? NIV-0AB2C8649F4F11BA | BASKET | DOUBLE_TWIST | NONE | GOLD | KT_18 | 1ct | imgs:3
[00:47:06][PEAR] [3465] ? NIV-0AB2C8649F4F11BA | BASKET | DOUBLE_TWIST | NONE | GOLD | KT_18 | 1ct | imgs:3
[00:47:08][PEAR] [3466] ? NIV-BC8CB3C0364DAEAB | BASKET | DOUBLE_TWIST | NONE | GOLD | KT_18 | 1ct | imgs:3
[00:47:11][PEAR] [3467] ? NIV-BC8CB3C0364DAEAB | BASKET | DOUBLE_TWIST | NONE | GOLD | KT_18 | 1ct | imgs:3
[00:47:17][PEAR] [3468] ? NIV-BC8CB3C0364DAEAB | BASKET | DOUBLE_TWIST | NONE | GOLD | KT_18 | 1ct | imgs:3
[00:47:24][PEAR] [3469] ? NIV-A3A7C83B7CFA9CFB | BASKET | DOUBLE_TWIST | NONE | GOLD | KT_18 | 1ct | imgs:2
[00:47:29][PEAR] [3470] ? NIV-A3A7C83B7CFA9CFB | BASKET | DOUBLE_TWIST | NONE | GOLD | KT_18 | 1ct | imgs:3
[00:47:32][PEAR] [3471] ? NIV-A3A7C83B7CFA9CFB | BASKET | DOUBLE_TWIST | NONE | GOLD | KT_18 | 1ct | imgs:3
[00:47:35][PEAR] [3472] ? NIV-31C9F2647AE0D13D | BASKET | DOUBLE_TWIST | NONE | PLATINUM | PT_950 | 1ct | imgs:3
[00:47:41][PEAR] [3473] ? NIV-D7A1FFE84AD020EA | BASKET | DOUBLE_TWIST | NONE | GOLD | KT_10 | 1ct | imgs:3
[00:47:44][PEAR] [3474] ? NIV-E6D3E2325A937136 | BASKET | DOUBLE_TWIST | NONE | GOLD | KT_10 | 1ct | imgs:3
[00:47:47][PEAR] [3475] ? NIV-E20FD711B1855C57 | BASKET | DOUBLE_TWIST | NONE | GOLD | KT_10 | 1ct | imgs:3
[00:47:50][PEAR] [3476] ? NIV-42604D860789FF52 | BASKET | DOUBLE_TWIST | NONE | GOLD | KT_10 | 1ct | imgs:3
[00:47:53][PEAR] [3477] ? NIV-90415EFE3CB70352 | BASKET | DOUBLE_TWIST | NONE | GOLD | KT_10 | 1ct | imgs:3
[00:47:56][PEAR] [3478] ? NIV-207947E495051F82 | BASKET | DOUBLE_TWIST | NONE | GOLD | KT_10 | 1ct | imgs:3
[00:47:59][PEAR] [3479] ? NIV-B31B9E193A8358F8 | BASKET | DOUBLE_TWIST | NONE | GOLD | KT_10 | 1ct | imgs:3
[00:48:02][PEAR] [3480] ? NIV-40A5ED0C3841EDB1 | BASKET | DOUBLE_TWIST | NONE | GOLD | KT_10 | 1ct | imgs:3
[00:48:05][PEAR] [3481] ? NIV-62251B0D505BD701 | BASKET | DOUBLE_TWIST | NONE | GOLD | KT_10 | 1ct | imgs:3
[00:48:11][PEAR] [3482] ? NIV-28A51A25D116B70F | BASKET | DOUBLE_TWIST | NONE | GOLD | KT_14 | 1ct | imgs:3
[00:48:14][PEAR] [3483] ? NIV-899A92E85BAB2801 | BASKET | DOUBLE_TWIST | NONE | GOLD | KT_14 | 1ct | imgs:3
[00:48:17][PEAR] [3484] ? NIV-4C682CE56577CDD6 | BASKET | DOUBLE_TWIST | NONE | GOLD | KT_14 | 1ct | imgs:3
[00:48:20][PEAR] [3485] ? NIV-AD52F197E3967E76 | BASKET | DOUBLE_TWIST | NONE | GOLD | KT_14 | 1ct | imgs:3
[00:48:23][PEAR] [3486] ? NIV-0963939CD9CDEA40 | BASKET | DOUBLE_TWIST | NONE | GOLD | KT_14 | 1ct | imgs:3
[00:48:26][PEAR] [3487] ? NIV-E5ADFE23BBAA6ABB | BASKET | DOUBLE_TWIST | NONE | GOLD | KT_14 | 1ct | imgs:3
[00:48:29][PEAR] [3488] ? NIV-443DC30120185909 | BASKET | DOUBLE_TWIST | NONE | GOLD | KT_14 | 1ct | imgs:1
[00:48:32][PEAR] [3489] ? NIV-3406CDC9C7BB53D1 | BASKET | DOUBLE_TWIST | NONE | GOLD | KT_14 | 1ct | imgs:1
[00:48:35][PEAR] [3490] ? NIV-F917456E810A46E3 | BASKET | DOUBLE_TWIST | NONE | GOLD | KT_14 | 1ct | imgs:3
[00:48:38][PEAR] [3491] ? NIV-12D9BF4685C48E24 | BASKET | DOUBLE_TWIST | NONE | GOLD | KT_18 | 1ct | imgs:2
[00:48:41][PEAR] [3492] ? NIV-D55C622C49A65F28 | BASKET | DOUBLE_TWIST | NONE | GOLD | KT_18 | 1ct | imgs:3
[00:48:44][PEAR] [3493] ? NIV-EBDAAC00442D8FA8 | BASKET | DOUBLE_TWIST | NONE | GOLD | KT_18 | 1ct | imgs:3
[00:48:47][PEAR] [3494] ? NIV-A50418A45B0B8A05 | BASKET | DOUBLE_TWIST | NONE | GOLD | KT_18 | 1ct | imgs:3
[00:48:50][PEAR] [3495] ? NIV-136557D750F2ED18 | BASKET | DOUBLE_TWIST | NONE | GOLD | KT_18 | 1ct | imgs:3
[00:48:53][PEAR] [3496] ? NIV-75C4E920CD3321FE | BASKET | DOUBLE_TWIST | NONE | GOLD | KT_18 | 1ct | imgs:3
[00:48:56][PEAR] [3497] ? NIV-3FEB51309DD6A32E | BASKET | DOUBLE_TWIST | NONE | GOLD | KT_18 | 1ct | imgs:3
[00:48:59][PEAR] [3498] ? NIV-481E09CCB789EF86 | BASKET | DOUBLE_TWIST | NONE | GOLD | KT_18 | 1ct | imgs:3
[00:49:02][PEAR] [3499] ? NIV-4D450E8D7687B8EA | BASKET | DOUBLE_TWIST | NONE | GOLD | KT_18 | 1ct | imgs:3
[00:49:05][PEAR] [3500] ? NIV-3E95AB2562361373 | BASKET | DOUBLE_TWIST | NONE | PLATINUM | PT_950 | 1ct | imgs:3
[00:49:08][PEAR]   Re-seleccionando PEAR (intento 1)
[00:49:11][PEAR] [3501] ? NIV-D5C0F85B48F232CE | BASKET | DOUBLE_TWIST | NONE | GOLD | KT_10 | 1ct | imgs:3
[00:49:14][PEAR] [3502] ? NIV-7DA8D455A2AE5958 | BASKET | DOUBLE_TWIST | NONE | GOLD | KT_10 | 1ct | imgs:3
[00:49:17][PEAR] [3503] ? NIV-564AABB91BF56BF5 | BASKET | DOUBLE_TWIST | NONE | GOLD | KT_10 | 1ct | imgs:3
[00:49:22][PEAR] [3504] ? NIV-F90800C7F479B426 | BASKET | DOUBLE_TWIST | NONE | GOLD | KT_10 | 1ct | imgs:2
[00:49:28][PEAR] [3505] ? NIV-E9C5A8C18A98309E | BASKET | DOUBLE_TWIST | NONE | GOLD | KT_10 | 1ct | imgs:3
[00:49:36][PEAR] [3506] ? NIV-CA91397730759503 | BASKET | DOUBLE_TWIST | NONE | GOLD | KT_10 | 1ct | imgs:1
[00:49:38][PEAR] [3507] ? NIV-201813E54AAD676E | BASKET | DOUBLE_TWIST | NONE | GOLD | KT_10 | 1ct | imgs:3
[00:49:41][PEAR] [3508] ? NIV-560ECFDD33105F86 | BASKET | DOUBLE_TWIST | NONE | GOLD | KT_10 | 1ct | imgs:3
[00:49:44][PEAR] [3509] ? NIV-F0569425E60661CF | BASKET | DOUBLE_TWIST | NONE | GOLD | KT_10 | 1ct | imgs:3
[00:49:47][PEAR] [3510] ? NIV-638B37285FE6198E | BASKET | DOUBLE_TWIST | NONE | GOLD | KT_14 | 1ct | imgs:3
[00:49:50][PEAR] [3511] ? NIV-1815078B47B84782 | BASKET | DOUBLE_TWIST | NONE | GOLD | KT_14 | 1ct | imgs:3
[00:49:53][PEAR] [3512] ? NIV-AC6B232A224D37FA | BASKET | DOUBLE_TWIST | NONE | GOLD | KT_14 | 1ct | imgs:3
[00:49:56][PEAR] [3513] ? NIV-4FF03D3E2E598AFF | BASKET | DOUBLE_TWIST | NONE | GOLD | KT_14 | 1ct | imgs:3
[00:49:59][PEAR] [3514] ? NIV-D57EB831DCE834E8 | BASKET | DOUBLE_TWIST | NONE | GOLD | KT_14 | 1ct | imgs:3
[00:50:02][PEAR] [3515] ? NIV-A1E303B7255D44D5 | BASKET | DOUBLE_TWIST | NONE | GOLD | KT_14 | 1ct | imgs:3
[00:50:05][PEAR] [3516] ? NIV-99D5B34079E5026A | BASKET | DOUBLE_TWIST | NONE | GOLD | KT_14 | 1ct | imgs:3
[00:50:08][PEAR] [3517] ? NIV-C6DC6C40DFD35C78 | BASKET | DOUBLE_TWIST | NONE | GOLD | KT_14 | 1ct | imgs:3
[00:50:11][PEAR] [3518] ? NIV-2C26E2EFE9A956DF | BASKET | DOUBLE_TWIST | NONE | GOLD | KT_14 | 1ct | imgs:3
[00:50:15][PEAR] [3519] ? NIV-AABD95B950B34DF1 | BASKET | DOUBLE_TWIST | NONE | GOLD | KT_18 | 1ct | imgs:3
[00:50:17][PEAR] [3520] ? NIV-89E0F50132F79B32 | BASKET | DOUBLE_TWIST | NONE | GOLD | KT_18 | 1ct | imgs:3
[00:50:20][PEAR] [3521] ? NIV-C175F6C1D9DECDAB | BASKET | DOUBLE_TWIST | NONE | GOLD | KT_18 | 1ct | imgs:3
[00:50:23][PEAR] [3522] ? NIV-3856082831231231 | BASKET | DOUBLE_TWIST | NONE | GOLD | KT_18 | 1ct | imgs:3
[00:50:26][PEAR] [3523] ? NIV-FE6898A5C1792CC1 | BASKET | DOUBLE_TWIST | NONE | GOLD | KT_18 | 1ct | imgs:3
[00:50:29][PEAR] [3524] ? NIV-87E99FDAFFF17281 | BASKET | DOUBLE_TWIST | NONE | GOLD | KT_18 | 1ct | imgs:3
[00:50:32][PEAR] [3525] ? NIV-853B5380A5203887 | BASKET | DOUBLE_TWIST | NONE | GOLD | KT_18 | 1ct | imgs:3
[00:50:35][PEAR] [3526] ? NIV-79B08F9F0CE078D3 | BASKET | DOUBLE_TWIST | NONE | GOLD | KT_18 | 1ct | imgs:3
[00:50:38][PEAR] [3527] ? NIV-2B5A34D8091A2722 | BASKET | DOUBLE_TWIST | NONE | GOLD | KT_18 | 1ct | imgs:3
[00:50:41][PEAR] [3528] ? NIV-3580C704CD6D41A8 | BASKET | DOUBLE_TWIST | NONE | PLATINUM | PT_950 | 1ct | imgs:3
[00:50:47][PEAR] [3529] ? NIV-E1F91533DAFBB975 | BASKET | DOUBLE_TWIST | U_PAVE | GOLD | KT_10 | 1ct | imgs:3
[00:50:50][PEAR] [3530] ? NIV-E1F91533DAFBB975 | BASKET | DOUBLE_TWIST | U_PAVE | GOLD | KT_10 | 1ct | imgs:3
[00:50:56][PEAR] [3531] ? NIV-E1F91533DAFBB975 | BASKET | DOUBLE_TWIST | U_PAVE | GOLD | KT_10 | 1ct | imgs:3
[00:50:59][PEAR] [3532] ? NIV-E6ED010ABBE19275 | BASKET | DOUBLE_TWIST | U_PAVE | GOLD | KT_10 | 1ct | imgs:3
[00:51:03][PEAR] [3533] ? NIV-E6ED010ABBE19275 | BASKET | DOUBLE_TWIST | U_PAVE | GOLD | KT_10 | 1ct | imgs:3
[00:51:08][PEAR] [3534] ? NIV-E6ED010ABBE19275 | BASKET | DOUBLE_TWIST | U_PAVE | GOLD | KT_10 | 1ct | imgs:3
[00:51:11][PEAR] [3535] ? NIV-753478465E057727 | BASKET | DOUBLE_TWIST | U_PAVE | GOLD | KT_10 | 1ct | imgs:3
[00:51:15][PEAR] [3536] ? NIV-753478465E057727 | BASKET | DOUBLE_TWIST | U_PAVE | GOLD | KT_10 | 1ct | imgs:3
[00:51:20][PEAR] [3537] ? NIV-753478465E057727 | BASKET | DOUBLE_TWIST | U_PAVE | GOLD | KT_10 | 1ct | imgs:3
[00:51:23][PEAR] [3538] ? NIV-773959254FBE0E7D | BASKET | DOUBLE_TWIST | U_PAVE | GOLD | KT_14 | 1ct | imgs:3
[00:51:26][PEAR] [3539] ? NIV-773959254FBE0E7D | BASKET | DOUBLE_TWIST | U_PAVE | GOLD | KT_14 | 1ct | imgs:3
[00:51:32][PEAR] [3540] ? NIV-773959254FBE0E7D | BASKET | DOUBLE_TWIST | U_PAVE | GOLD | KT_14 | 1ct | imgs:3
[00:51:38][PEAR] [3541] ? NIV-9FA11E0A3FC97F0D | BASKET | DOUBLE_TWIST | U_PAVE | GOLD | KT_14 | 1ct | imgs:2
[00:51:42][PEAR] [3542] ? NIV-9FA11E0A3FC97F0D | BASKET | DOUBLE_TWIST | U_PAVE | GOLD | KT_14 | 1ct | imgs:3
[00:51:47][PEAR] [3543] ? NIV-9FA11E0A3FC97F0D | BASKET | DOUBLE_TWIST | U_PAVE | GOLD | KT_14 | 1ct | imgs:3
[00:51:50][PEAR] [3544] ? NIV-653A1D4F48EB89F1 | BASKET | DOUBLE_TWIST | U_PAVE | GOLD | KT_14 | 1ct | imgs:3
[00:51:53][PEAR] [3545] ? NIV-653A1D4F48EB89F1 | BASKET | DOUBLE_TWIST | U_PAVE | GOLD | KT_14 | 1ct | imgs:3
[00:51:59][PEAR] [3546] ? NIV-653A1D4F48EB89F1 | BASKET | DOUBLE_TWIST | U_PAVE | GOLD | KT_14 | 1ct | imgs:3
[00:52:05][PEAR] [3547] ? NIV-4072B6ED9D797C00 | BASKET | DOUBLE_TWIST | U_PAVE | GOLD | KT_18 | 1ct | imgs:3
[00:52:11][PEAR] [3548] ? NIV-4072B6ED9D797C00 | BASKET | DOUBLE_TWIST | U_PAVE | GOLD | KT_18 | 1ct | imgs:3
[00:52:14][PEAR] [3549] ? NIV-4072B6ED9D797C00 | BASKET | DOUBLE_TWIST | U_PAVE | GOLD | KT_18 | 1ct | imgs:3
[00:52:24][PEAR] [3550] ? NIV-4421A377762DD47E | BASKET | DOUBLE_TWIST | U_PAVE | GOLD | KT_18 | 1ct | imgs:2
[00:52:29][PEAR] [3551] ? NIV-4421A377762DD47E | BASKET | DOUBLE_TWIST | U_PAVE | GOLD | KT_18 | 1ct | imgs:3
[00:52:32][PEAR] [3552] ? NIV-4421A377762DD47E | BASKET | DOUBLE_TWIST | U_PAVE | GOLD | KT_18 | 1ct | imgs:3
[00:52:35][PEAR] [3553] ? NIV-E81B5BE34F346FFB | BASKET | DOUBLE_TWIST | U_PAVE | GOLD | KT_18 | 1ct | imgs:3
[00:52:41][PEAR] [3554] ? NIV-E81B5BE34F346FFB | BASKET | DOUBLE_TWIST | U_PAVE | GOLD | KT_18 | 1ct | imgs:3
[00:52:44][PEAR] [3555] ? NIV-E81B5BE34F346FFB | BASKET | DOUBLE_TWIST | U_PAVE | GOLD | KT_18 | 1ct | imgs:3
[00:52:47][PEAR] [3556] ? NIV-51F4E3E9CB7F1E82 | BASKET | DOUBLE_TWIST | U_PAVE | PLATINUM | PT_950 | 1ct | imgs:3
[00:52:58][PEAR] [3557] ? NIV-CE44156DBA4A1D3C | BASKET | DOUBLE_TWIST | U_PAVE | GOLD | KT_10 | 1ct | imgs:1
[00:53:02][PEAR] [3558] ? NIV-CE44156DBA4A1D3C | BASKET | DOUBLE_TWIST | U_PAVE | GOLD | KT_10 | 1ct | imgs:3
[00:53:06][PEAR] [3559] ? NIV-CE44156DBA4A1D3C | BASKET | DOUBLE_TWIST | U_PAVE | GOLD | KT_10 | 1ct | imgs:3
[00:53:08][PEAR] [3560] ? NIV-0B57A2A2CF6D980C | BASKET | DOUBLE_TWIST | U_PAVE | GOLD | KT_10 | 1ct | imgs:3
[00:53:12][PEAR] [3561] ? NIV-0B57A2A2CF6D980C | BASKET | DOUBLE_TWIST | U_PAVE | GOLD | KT_10 | 1ct | imgs:3
[00:53:17][PEAR] [3562] ? NIV-0B57A2A2CF6D980C | BASKET | DOUBLE_TWIST | U_PAVE | GOLD | KT_10 | 1ct | imgs:3
[00:53:20][PEAR] [3563] ? NIV-D8765ADA300EEFE6 | BASKET | DOUBLE_TWIST | U_PAVE | GOLD | KT_10 | 1ct | imgs:3
[00:53:26][PEAR] [3564] ? NIV-D8765ADA300EEFE6 | BASKET | DOUBLE_TWIST | U_PAVE | GOLD | KT_10 | 1ct | imgs:3
[00:53:29][PEAR] [3565] ? NIV-D8765ADA300EEFE6 | BASKET | DOUBLE_TWIST | U_PAVE | GOLD | KT_10 | 1ct | imgs:3
[00:53:33][PEAR] [3566] ? NIV-D06F249DBC8EA385 | BASKET | DOUBLE_TWIST | U_PAVE | GOLD | KT_14 | 1ct | imgs:3
[00:53:38][PEAR] [3567] ? NIV-D06F249DBC8EA385 | BASKET | DOUBLE_TWIST | U_PAVE | GOLD | KT_14 | 1ct | imgs:3
[00:53:41][PEAR] [3568] ? NIV-D06F249DBC8EA385 | BASKET | DOUBLE_TWIST | U_PAVE | GOLD | KT_14 | 1ct | imgs:3
[00:53:48][PEAR] [3569] ? NIV-8E5B975A672F2535 | BASKET | DOUBLE_TWIST | U_PAVE | GOLD | KT_14 | 1ct | imgs:3
[00:53:53][PEAR] [3570] ? NIV-8E5B975A672F2535 | BASKET | DOUBLE_TWIST | U_PAVE | GOLD | KT_14 | 1ct | imgs:3
[00:53:56][PEAR] [3571] ? NIV-8E5B975A672F2535 | BASKET | DOUBLE_TWIST | U_PAVE | GOLD | KT_14 | 1ct | imgs:3
[00:53:59][PEAR] [3572] ? NIV-251FC52B6B0C3685 | BASKET | DOUBLE_TWIST | U_PAVE | GOLD | KT_14 | 1ct | imgs:3
[00:54:05][PEAR] [3573] ? NIV-251FC52B6B0C3685 | BASKET | DOUBLE_TWIST | U_PAVE | GOLD | KT_14 | 1ct | imgs:3
[00:54:08][PEAR] [3574] ? NIV-251FC52B6B0C3685 | BASKET | DOUBLE_TWIST | U_PAVE | GOLD | KT_14 | 1ct | imgs:3
[00:54:11][PEAR] [3575] ? NIV-48C9CE59785570D9 | BASKET | DOUBLE_TWIST | U_PAVE | GOLD | KT_18 | 1ct | imgs:3
[00:54:15][PEAR] [3576] ? NIV-48C9CE59785570D9 | BASKET | DOUBLE_TWIST | U_PAVE | GOLD | KT_18 | 1ct | imgs:3
[00:54:20][PEAR] [3577] ? NIV-48C9CE59785570D9 | BASKET | DOUBLE_TWIST | U_PAVE | GOLD | KT_18 | 1ct | imgs:3
[00:54:23][PEAR] [3578] ? NIV-B6C4A4944102A69E | BASKET | DOUBLE_TWIST | U_PAVE | GOLD | KT_18 | 1ct | imgs:3
[00:54:26][PEAR] [3579] ? NIV-B6C4A4944102A69E | BASKET | DOUBLE_TWIST | U_PAVE | GOLD | KT_18 | 1ct | imgs:3
[00:54:29][PEAR] [3580] ? NIV-B6C4A4944102A69E | BASKET | DOUBLE_TWIST | U_PAVE | GOLD | KT_18 | 1ct | imgs:3
[00:54:35][PEAR] [3581] ? NIV-CD884FE59FAAAA5D | BASKET | DOUBLE_TWIST | U_PAVE | GOLD | KT_18 | 1ct | imgs:3
[00:54:39][PEAR] [3582] ? NIV-CD884FE59FAAAA5D | BASKET | DOUBLE_TWIST | U_PAVE | GOLD | KT_18 | 1ct | imgs:3
[00:54:44][PEAR] [3583] ? NIV-CD884FE59FAAAA5D | BASKET | DOUBLE_TWIST | U_PAVE | GOLD | KT_18 | 1ct | imgs:3
[00:54:47][PEAR] [3584] ? NIV-3776B1F1BE3E2D3E | BASKET | DOUBLE_TWIST | U_PAVE | PLATINUM | PT_950 | 1ct | imgs:3
[00:54:53][PEAR] [3585] ? NIV-0E863382163A7312 | BASKET | DOUBLE_TWIST | U_PAVE | GOLD | KT_10 | 1ct | imgs:3
[00:54:57][PEAR] [3586] ? NIV-0E863382163A7312 | BASKET | DOUBLE_TWIST | U_PAVE | GOLD | KT_10 | 1ct | imgs:3
[00:55:02][PEAR] [3587] ? NIV-0E863382163A7312 | BASKET | DOUBLE_TWIST | U_PAVE | GOLD | KT_10 | 1ct | imgs:3
[00:55:07][PEAR] [3588] ? NIV-23FD2001EFE1F100 | BASKET | DOUBLE_TWIST | U_PAVE | GOLD | KT_10 | 1ct | imgs:2
[00:55:11][PEAR] [3589] ? NIV-23FD2001EFE1F100 | BASKET | DOUBLE_TWIST | U_PAVE | GOLD | KT_10 | 1ct | imgs:3
[00:55:14][PEAR] [3590] ? NIV-23FD2001EFE1F100 | BASKET | DOUBLE_TWIST | U_PAVE | GOLD | KT_10 | 1ct | imgs:3
[00:55:19][PEAR] [3591] ? NIV-7D47943E6B239D3F | BASKET | DOUBLE_TWIST | U_PAVE | GOLD | KT_10 | 1ct | imgs:3
[00:55:23][PEAR] [3592] ? NIV-7D47943E6B239D3F | BASKET | DOUBLE_TWIST | U_PAVE | GOLD | KT_10 | 1ct | imgs:3
[00:55:27][PEAR] [3593] ? NIV-7D47943E6B239D3F | BASKET | DOUBLE_TWIST | U_PAVE | GOLD | KT_10 | 1ct | imgs:3
[00:55:32][PEAR] [3594] ? NIV-446203AC38C182D4 | BASKET | DOUBLE_TWIST | U_PAVE | GOLD | KT_14 | 1ct | imgs:3
[00:55:36][PEAR] [3595] ? NIV-446203AC38C182D4 | BASKET | DOUBLE_TWIST | U_PAVE | GOLD | KT_14 | 1ct | imgs:3
[00:55:41][PEAR] [3596] ? NIV-446203AC38C182D4 | BASKET | DOUBLE_TWIST | U_PAVE | GOLD | KT_14 | 1ct | imgs:3
[00:55:44][PEAR] [3597] ? NIV-FEA770F496DD9DFC | BASKET | DOUBLE_TWIST | U_PAVE | GOLD | KT_14 | 1ct | imgs:3
[00:55:47][PEAR] [3598] ? NIV-FEA770F496DD9DFC | BASKET | DOUBLE_TWIST | U_PAVE | GOLD | KT_14 | 1ct | imgs:3
[00:55:50][PEAR] [3599] ? NIV-FEA770F496DD9DFC | BASKET | DOUBLE_TWIST | U_PAVE | GOLD | KT_14 | 1ct | imgs:3
[00:55:53][PEAR] [3600] ? NIV-680B8D825086E77F | BASKET | DOUBLE_TWIST | U_PAVE | GOLD | KT_14 | 1ct | imgs:3
[00:55:59][PEAR] [3601] ? NIV-680B8D825086E77F | BASKET | DOUBLE_TWIST | U_PAVE | GOLD | KT_14 | 1ct | imgs:3
[00:56:02][PEAR] [3602] ? NIV-680B8D825086E77F | BASKET | DOUBLE_TWIST | U_PAVE | GOLD | KT_14 | 1ct | imgs:3
[00:56:08][PEAR] [3603] ? NIV-11501C287E7F840A | BASKET | DOUBLE_TWIST | U_PAVE | GOLD | KT_18 | 1ct | imgs:3
[00:56:11][PEAR] [3604] ? NIV-11501C287E7F840A | BASKET | DOUBLE_TWIST | U_PAVE | GOLD | KT_18 | 1ct | imgs:3
[00:56:17][PEAR] [3605] ? NIV-11501C287E7F840A | BASKET | DOUBLE_TWIST | U_PAVE | GOLD | KT_18 | 1ct | imgs:3
[00:56:24][PEAR] [3606] ? NIV-0138A6A250A5CAFB | BASKET | DOUBLE_TWIST | U_PAVE | GOLD | KT_18 | 1ct | imgs:1
[00:56:29][PEAR] [3607] ? NIV-0138A6A250A5CAFB | BASKET | DOUBLE_TWIST | U_PAVE | GOLD | KT_18 | 1ct | imgs:3
[00:56:32][PEAR] [3608] ? NIV-0138A6A250A5CAFB | BASKET | DOUBLE_TWIST | U_PAVE | GOLD | KT_18 | 1ct | imgs:3
[00:56:35][PEAR] [3609] ? NIV-341081783E8E1234 | BASKET | DOUBLE_TWIST | U_PAVE | GOLD | KT_18 | 1ct | imgs:3
[00:56:38][PEAR] [3610] ? NIV-341081783E8E1234 | BASKET | DOUBLE_TWIST | U_PAVE | GOLD | KT_18 | 1ct | imgs:3
[00:56:42][PEAR] [3611] ? NIV-341081783E8E1234 | BASKET | DOUBLE_TWIST | U_PAVE | GOLD | KT_18 | 1ct | imgs:3
[00:56:44][PEAR] [3612] ? NIV-F143CFEDF5E896BB | BASKET | DOUBLE_TWIST | U_PAVE | PLATINUM | PT_950 | 1ct | imgs:3
[00:56:58][PEAR] [3613] ??  NIV-F143CFEDF5E896BB | BASKET | DOUBLE_TWIST | U_PAVE | GOLD | KT_10 | 1ct | imgs:0
[00:57:02][PEAR] [3614] ? NIV-1AC3C4EBA75F0EFF | BASKET | DOUBLE_TWIST | U_PAVE | GOLD | KT_10 | 1ct | imgs:3
[00:57:05][PEAR] [3615] ? NIV-1AC3C4EBA75F0EFF | BASKET | DOUBLE_TWIST | U_PAVE | GOLD | KT_10 | 1ct | imgs:3
[00:57:08][PEAR] [3616] ? NIV-45D965AD8B190E6B | BASKET | DOUBLE_TWIST | U_PAVE | GOLD | KT_10 | 1ct | imgs:2
[00:57:11][PEAR] [3617] ? NIV-45D965AD8B190E6B | BASKET | DOUBLE_TWIST | U_PAVE | GOLD | KT_10 | 1ct | imgs:3
[00:57:15][PEAR] [3618] ? NIV-45D965AD8B190E6B | BASKET | DOUBLE_TWIST | U_PAVE | GOLD | KT_10 | 1ct | imgs:3
[00:57:17][PEAR] [3619] ? NIV-49AF7EC1FD97D56D | BASKET | DOUBLE_TWIST | U_PAVE | GOLD | KT_10 | 1ct | imgs:3
[00:57:20][PEAR] [3620] ? NIV-49AF7EC1FD97D56D | BASKET | DOUBLE_TWIST | U_PAVE | GOLD | KT_10 | 1ct | imgs:3
[00:57:24][PEAR] [3621] ? NIV-49AF7EC1FD97D56D | BASKET | DOUBLE_TWIST | U_PAVE | GOLD | KT_10 | 1ct | imgs:3
[00:57:29][PEAR] [3622] ? NIV-6D5B326A9D1B4841 | BASKET | DOUBLE_TWIST | U_PAVE | GOLD | KT_14 | 1ct | imgs:3
[00:57:32][PEAR] [3623] ? NIV-6D5B326A9D1B4841 | BASKET | DOUBLE_TWIST | U_PAVE | GOLD | KT_14 | 1ct | imgs:3
[00:57:39][PEAR] [3624] ? NIV-6D5B326A9D1B4841 | BASKET | DOUBLE_TWIST | U_PAVE | GOLD | KT_14 | 1ct | imgs:3
[00:57:47][PEAR] [3625] ? NIV-DA09E4368FF32F11 | BASKET | DOUBLE_TWIST | U_PAVE | GOLD | KT_14 | 1ct | imgs:1
[00:57:53][PEAR] [3626] ? NIV-DA09E4368FF32F11 | BASKET | DOUBLE_TWIST | U_PAVE | GOLD | KT_14 | 1ct | imgs:3
[00:57:56][PEAR] [3627] ? NIV-DA09E4368FF32F11 | BASKET | DOUBLE_TWIST | U_PAVE | GOLD | KT_14 | 1ct | imgs:3
[00:57:59][PEAR] [3628] ? NIV-421FAE6D02C0BC3D | BASKET | DOUBLE_TWIST | U_PAVE | GOLD | KT_14 | 1ct | imgs:3
[00:58:02][PEAR] [3629] ? NIV-421FAE6D02C0BC3D | BASKET | DOUBLE_TWIST | U_PAVE | GOLD | KT_14 | 1ct | imgs:3
[00:58:06][PEAR] [3630] ? NIV-421FAE6D02C0BC3D | BASKET | DOUBLE_TWIST | U_PAVE | GOLD | KT_14 | 1ct | imgs:3
[00:58:14][PEAR] [3631] ? NIV-F51740614EB75826 | BASKET | DOUBLE_TWIST | U_PAVE | GOLD | KT_18 | 1ct | imgs:3
[00:58:17][PEAR] [3632] ? NIV-F51740614EB75826 | BASKET | DOUBLE_TWIST | U_PAVE | GOLD | KT_18 | 1ct | imgs:3
[00:58:20][PEAR] [3633] ? NIV-F51740614EB75826 | BASKET | DOUBLE_TWIST | U_PAVE | GOLD | KT_18 | 1ct | imgs:3
[00:58:24][PEAR] [3634] ? NIV-24F91AC1D1D2DBC5 | BASKET | DOUBLE_TWIST | U_PAVE | GOLD | KT_18 | 1ct | imgs:1
[00:58:29][PEAR] [3635] ? NIV-24F91AC1D1D2DBC5 | BASKET | DOUBLE_TWIST | U_PAVE | GOLD | KT_18 | 1ct | imgs:3
[00:58:32][PEAR] [3636] ? NIV-24F91AC1D1D2DBC5 | BASKET | DOUBLE_TWIST | U_PAVE | GOLD | KT_18 | 1ct | imgs:3
[00:58:35][PEAR] [3637] ? NIV-A548D5ACE8D808A6 | BASKET | DOUBLE_TWIST | U_PAVE | GOLD | KT_18 | 1ct | imgs:3
[00:58:38][PEAR] [3638] ? NIV-A548D5ACE8D808A6 | BASKET | DOUBLE_TWIST | U_PAVE | GOLD | KT_18 | 1ct | imgs:3
[00:58:45][PEAR] [3639] ? NIV-A548D5ACE8D808A6 | BASKET | DOUBLE_TWIST | U_PAVE | GOLD | KT_18 | 1ct | imgs:3
[00:58:47][PEAR] [3640] ? NIV-3363BB13BFB13161 | BASKET | DOUBLE_TWIST | U_PAVE | PLATINUM | PT_950 | 1ct | imgs:3
[00:58:53][PEAR] [3641] ? NIV-B6C89203ABC648B9 | BASKET | DOUBLE_TWIST | U_PAVE | GOLD | KT_10 | 1ct | imgs:3
[00:58:57][PEAR] [3642] ? NIV-B6C89203ABC648B9 | BASKET | DOUBLE_TWIST | U_PAVE | GOLD | KT_10 | 1ct | imgs:3
[00:59:02][PEAR] [3643] ? NIV-B6C89203ABC648B9 | BASKET | DOUBLE_TWIST | U_PAVE | GOLD | KT_10 | 1ct | imgs:3
[00:59:05][PEAR] [3644] ? NIV-82555B65834345D5 | BASKET | DOUBLE_TWIST | U_PAVE | GOLD | KT_10 | 1ct | imgs:3
[00:59:08][PEAR] [3645] ? NIV-82555B65834345D5 | BASKET | DOUBLE_TWIST | U_PAVE | GOLD | KT_10 | 1ct | imgs:3
[00:59:11][PEAR] [3646] ? NIV-82555B65834345D5 | BASKET | DOUBLE_TWIST | U_PAVE | GOLD | KT_10 | 1ct | imgs:3
[00:59:18][PEAR] [3647] ? NIV-CA3C8568C07F76A3 | BASKET | DOUBLE_TWIST | U_PAVE | GOLD | KT_10 | 1ct | imgs:1
[00:59:23][PEAR] [3648] ? NIV-CA3C8568C07F76A3 | BASKET | DOUBLE_TWIST | U_PAVE | GOLD | KT_10 | 1ct | imgs:3
[00:59:26][PEAR] [3649] ? NIV-CA3C8568C07F76A3 | BASKET | DOUBLE_TWIST | U_PAVE | GOLD | KT_10 | 1ct | imgs:3
[00:59:32][PEAR] [3650] ? NIV-4BA71C77A34691B2 | BASKET | DOUBLE_TWIST | U_PAVE | GOLD | KT_14 | 1ct | imgs:3
[00:59:35][PEAR] [3651] ? NIV-4BA71C77A34691B2 | BASKET | DOUBLE_TWIST | U_PAVE | GOLD | KT_14 | 1ct | imgs:3
[00:59:39][PEAR] [3652] ? NIV-4BA71C77A34691B2 | BASKET | DOUBLE_TWIST | U_PAVE | GOLD | KT_14 | 1ct | imgs:3
[00:59:41][PEAR] [3653] ? NIV-BA9468163231A8C1 | BASKET | DOUBLE_TWIST | U_PAVE | GOLD | KT_14 | 1ct | imgs:1
[00:59:47][PEAR] [3654] ? NIV-BA9468163231A8C1 | BASKET | DOUBLE_TWIST | U_PAVE | GOLD | KT_14 | 1ct | imgs:3
[00:59:50][PEAR] [3655] ? NIV-BA9468163231A8C1 | BASKET | DOUBLE_TWIST | U_PAVE | GOLD | KT_14 | 1ct | imgs:3
[00:59:53][PEAR] [3656] ? NIV-CF667267AA34C1DC | BASKET | DOUBLE_TWIST | U_PAVE | GOLD | KT_14 | 1ct | imgs:3
[00:59:59][PEAR] [3657] ? NIV-CF667267AA34C1DC | BASKET | DOUBLE_TWIST | U_PAVE | GOLD | KT_14 | 1ct | imgs:3
[01:00:02][PEAR] [3658] ? NIV-CF667267AA34C1DC | BASKET | DOUBLE_TWIST | U_PAVE | GOLD | KT_14 | 1ct | imgs:3
[01:00:05][PEAR] [3659] ? NIV-E6E5231484C5794D | BASKET | DOUBLE_TWIST | U_PAVE | GOLD | KT_18 | 1ct | imgs:3
[01:00:08][PEAR] [3660] ? NIV-E6E5231484C5794D | BASKET | DOUBLE_TWIST | U_PAVE | GOLD | KT_18 | 1ct | imgs:3
[01:00:12][PEAR] [3661] ? NIV-E6E5231484C5794D | BASKET | DOUBLE_TWIST | U_PAVE | GOLD | KT_18 | 1ct | imgs:3
[01:00:14][PEAR] [3662] ? NIV-956B1043CE4914D8 | BASKET | DOUBLE_TWIST | U_PAVE | GOLD | KT_18 | 1ct | imgs:3
[01:00:17][PEAR] [3663] ? NIV-956B1043CE4914D8 | BASKET | DOUBLE_TWIST | U_PAVE | GOLD | KT_18 | 1ct | imgs:3
[01:00:23][PEAR] [3664] ? NIV-956B1043CE4914D8 | BASKET | DOUBLE_TWIST | U_PAVE | GOLD | KT_18 | 1ct | imgs:3
[01:00:27][PEAR] [3665] ? NIV-7B3F2064466B392D | BASKET | DOUBLE_TWIST | U_PAVE | GOLD | KT_18 | 1ct | imgs:1
[01:00:32][PEAR] [3666] ? NIV-7B3F2064466B392D | BASKET | DOUBLE_TWIST | U_PAVE | GOLD | KT_18 | 1ct | imgs:3
[01:00:35][PEAR] [3667] ? NIV-7B3F2064466B392D | BASKET | DOUBLE_TWIST | U_PAVE | GOLD | KT_18 | 1ct | imgs:3
[01:00:38][PEAR] [3668] ? NIV-8C102477281EB201 | BASKET | DOUBLE_TWIST | U_PAVE | PLATINUM | PT_950 | 1ct | imgs:3
[01:00:42][PEAR] [3669] ? NIV-D0C9CC236DB6D7E6 | BASKET | DOUBLE_TWIST | U_PAVE | GOLD | KT_10 | 1ct | imgs:3
[01:00:47][PEAR] [3670] ? NIV-D0C9CC236DB6D7E6 | BASKET | DOUBLE_TWIST | U_PAVE | GOLD | KT_10 | 1ct | imgs:3
[01:00:51][PEAR] [3671] ? NIV-D0C9CC236DB6D7E6 | BASKET | DOUBLE_TWIST | U_PAVE | GOLD | KT_10 | 1ct | imgs:3
[01:00:53][PEAR] [3672] ? NIV-5980C57FFCB49F78 | BASKET | DOUBLE_TWIST | U_PAVE | GOLD | KT_10 | 1ct | imgs:1
[01:00:57][PEAR] [3673] ? NIV-5980C57FFCB49F78 | BASKET | DOUBLE_TWIST | U_PAVE | GOLD | KT_10 | 1ct | imgs:3
[01:01:02][PEAR] [3674] ? NIV-5980C57FFCB49F78 | BASKET | DOUBLE_TWIST | U_PAVE | GOLD | KT_10 | 1ct | imgs:3
[01:01:05][PEAR] [3675] ? NIV-920E7A1D02E34682 | BASKET | DOUBLE_TWIST | U_PAVE | GOLD | KT_10 | 1ct | imgs:3
[01:01:08][PEAR] [3676] ? NIV-920E7A1D02E34682 | BASKET | DOUBLE_TWIST | U_PAVE | GOLD | KT_10 | 1ct | imgs:3
[01:01:14][PEAR] [3677] ? NIV-920E7A1D02E34682 | BASKET | DOUBLE_TWIST | U_PAVE | GOLD | KT_10 | 1ct | imgs:3
[01:01:17][PEAR] [3678] ? NIV-C30A6C7B607885F7 | BASKET | DOUBLE_TWIST | U_PAVE | GOLD | KT_14 | 1ct | imgs:3
[01:01:23][PEAR] [3679] ? NIV-C30A6C7B607885F7 | BASKET | DOUBLE_TWIST | U_PAVE | GOLD | KT_14 | 1ct | imgs:3
[01:01:26][PEAR] [3680] ? NIV-C30A6C7B607885F7 | BASKET | DOUBLE_TWIST | U_PAVE | GOLD | KT_14 | 1ct | imgs:3
[01:01:29][PEAR] [3681] ? NIV-A0F5B1FC8BEFC2E9 | BASKET | DOUBLE_TWIST | U_PAVE | GOLD | KT_14 | 1ct | imgs:3
[01:01:32][PEAR] [3682] ? NIV-A0F5B1FC8BEFC2E9 | BASKET | DOUBLE_TWIST | U_PAVE | GOLD | KT_14 | 1ct | imgs:3
[01:01:38][PEAR] [3683] ? NIV-A0F5B1FC8BEFC2E9 | BASKET | DOUBLE_TWIST | U_PAVE | GOLD | KT_14 | 1ct | imgs:3
[01:01:41][PEAR] [3684] ? NIV-3F87F456D9633E79 | BASKET | DOUBLE_TWIST | U_PAVE | GOLD | KT_14 | 1ct | imgs:3
[01:01:47][PEAR] [3685] ? NIV-3F87F456D9633E79 | BASKET | DOUBLE_TWIST | U_PAVE | GOLD | KT_14 | 1ct | imgs:3
[01:01:50][PEAR] [3686] ? NIV-3F87F456D9633E79 | BASKET | DOUBLE_TWIST | U_PAVE | GOLD | KT_14 | 1ct | imgs:3
[01:01:56][PEAR] [3687] ? NIV-A2846C1FE7E44103 | BASKET | DOUBLE_TWIST | U_PAVE | GOLD | KT_18 | 1ct | imgs:3
[01:01:59][PEAR] [3688] ? NIV-A2846C1FE7E44103 | BASKET | DOUBLE_TWIST | U_PAVE | GOLD | KT_18 | 1ct | imgs:3
[01:02:05][PEAR] [3689] ? NIV-A2846C1FE7E44103 | BASKET | DOUBLE_TWIST | U_PAVE | GOLD | KT_18 | 1ct | imgs:3
[01:02:10][PEAR] [3690] ? NIV-4A8F7A54931DD6CC | BASKET | DOUBLE_TWIST | U_PAVE | GOLD | KT_18 | 1ct | imgs:1
[01:02:14][PEAR] [3691] ? NIV-4A8F7A54931DD6CC | BASKET | DOUBLE_TWIST | U_PAVE | GOLD | KT_18 | 1ct | imgs:3
[01:02:17][PEAR] [3692] ? NIV-4A8F7A54931DD6CC | BASKET | DOUBLE_TWIST | U_PAVE | GOLD | KT_18 | 1ct | imgs:3
[01:02:20][PEAR] [3693] ? NIV-D72888CF78B4E8F5 | BASKET | DOUBLE_TWIST | U_PAVE | GOLD | KT_18 | 1ct | imgs:3
[01:02:23][PEAR] [3694] ? NIV-D72888CF78B4E8F5 | BASKET | DOUBLE_TWIST | U_PAVE | GOLD | KT_18 | 1ct | imgs:3
[01:02:26][PEAR] [3695] ? NIV-D72888CF78B4E8F5 | BASKET | DOUBLE_TWIST | U_PAVE | GOLD | KT_18 | 1ct | imgs:3
[01:02:29][PEAR] [3696] ? NIV-878BC97279832840 | BASKET | DOUBLE_TWIST | U_PAVE | PLATINUM | PT_950 | 1ct | imgs:2
[01:02:38][PEAR] [3697] ? NIV-9C00327D87313351 | BASKET | DOUBLE_TWIST | U_PAVE | GOLD | KT_10 | 1ct | imgs:3
[01:02:42][PEAR] [3698] ? NIV-9C00327D87313351 | BASKET | DOUBLE_TWIST | U_PAVE | GOLD | KT_10 | 1ct | imgs:3
[01:02:47][PEAR] [3699] ? NIV-9C00327D87313351 | BASKET | DOUBLE_TWIST | U_PAVE | GOLD | KT_10 | 1ct | imgs:3
[01:02:52][PEAR] [3700] ? NIV-3F735AF7FA3B2FAC | BASKET | DOUBLE_TWIST | U_PAVE | GOLD | KT_10 | 1ct | imgs:2
[01:02:56][PEAR] [3701] ? NIV-3F735AF7FA3B2FAC | BASKET | DOUBLE_TWIST | U_PAVE | GOLD | KT_10 | 1ct | imgs:3
[01:02:59][PEAR] [3702] ? NIV-3F735AF7FA3B2FAC | BASKET | DOUBLE_TWIST | U_PAVE | GOLD | KT_10 | 1ct | imgs:3
[01:03:04][PEAR] [3703] ? NIV-100779F474CECF91 | BASKET | DOUBLE_TWIST | U_PAVE | GOLD | KT_10 | 1ct | imgs:3
[01:03:08][PEAR] [3704] ? NIV-100779F474CECF91 | BASKET | DOUBLE_TWIST | U_PAVE | GOLD | KT_10 | 1ct | imgs:3
[01:03:12][PEAR] [3705] ? NIV-100779F474CECF91 | BASKET | DOUBLE_TWIST | U_PAVE | GOLD | KT_10 | 1ct | imgs:3
[01:03:14][PEAR] [3706] ? NIV-1769374916D7C134 | BASKET | DOUBLE_TWIST | U_PAVE | GOLD | KT_14 | 1ct | imgs:3
[01:03:20][PEAR] [3707] ? NIV-1769374916D7C134 | BASKET | DOUBLE_TWIST | U_PAVE | GOLD | KT_14 | 1ct | imgs:3
[01:03:23][PEAR] [3708] ? NIV-1769374916D7C134 | BASKET | DOUBLE_TWIST | U_PAVE | GOLD | KT_14 | 1ct | imgs:3
[01:03:26][PEAR] [3709] ? NIV-ADF211FA31F877C9 | BASKET | DOUBLE_TWIST | U_PAVE | GOLD | KT_14 | 1ct | imgs:3
[01:03:32][PEAR] [3710] ? NIV-ADF211FA31F877C9 | BASKET | DOUBLE_TWIST | U_PAVE | GOLD | KT_14 | 1ct | imgs:3
[01:03:35][PEAR] [3711] ? NIV-ADF211FA31F877C9 | BASKET | DOUBLE_TWIST | U_PAVE | GOLD | KT_14 | 1ct | imgs:3
[01:03:41][PEAR] [3712] ? NIV-207B8D7C3924B7CD | BASKET | DOUBLE_TWIST | U_PAVE | GOLD | KT_14 | 1ct | imgs:3
[01:03:47][PEAR] [3713] ? NIV-207B8D7C3924B7CD | BASKET | DOUBLE_TWIST | U_PAVE | GOLD | KT_14 | 1ct | imgs:3
[01:03:51][PEAR] [3714] ? NIV-207B8D7C3924B7CD | BASKET | DOUBLE_TWIST | U_PAVE | GOLD | KT_14 | 1ct | imgs:3
[01:03:56][PEAR] [3715] ? NIV-C9F3195480BDEF25 | BASKET | DOUBLE_TWIST | U_PAVE | GOLD | KT_18 | 1ct | imgs:3
[01:03:59][PEAR] [3716] ? NIV-C9F3195480BDEF25 | BASKET | DOUBLE_TWIST | U_PAVE | GOLD | KT_18 | 1ct | imgs:3
[01:04:05][PEAR] [3717] ? NIV-C9F3195480BDEF25 | BASKET | DOUBLE_TWIST | U_PAVE | GOLD | KT_18 | 1ct | imgs:3
[01:04:08][PEAR] [3718] ? NIV-898B7CF3B7D58DB2 | BASKET | DOUBLE_TWIST | U_PAVE | GOLD | KT_18 | 1ct | imgs:3
[01:04:11][PEAR] [3719] ? NIV-898B7CF3B7D58DB2 | BASKET | DOUBLE_TWIST | U_PAVE | GOLD | KT_18 | 1ct | imgs:3
[01:04:17][PEAR] [3720] ? NIV-898B7CF3B7D58DB2 | BASKET | DOUBLE_TWIST | U_PAVE | GOLD | KT_18 | 1ct | imgs:3
[01:04:20][PEAR] [3721] ? NIV-60101F6FB9F52A06 | BASKET | DOUBLE_TWIST | U_PAVE | GOLD | KT_18 | 1ct | imgs:3
[01:04:24][PEAR] [3722] ? NIV-60101F6FB9F52A06 | BASKET | DOUBLE_TWIST | U_PAVE | GOLD | KT_18 | 1ct | imgs:3
[01:04:29][PEAR] [3723] ? NIV-60101F6FB9F52A06 | BASKET | DOUBLE_TWIST | U_PAVE | GOLD | KT_18 | 1ct | imgs:3
[01:04:32][PEAR] [3724] ? NIV-BBAF44D07D9A1A81 | BASKET | DOUBLE_TWIST | U_PAVE | PLATINUM | PT_950 | 1ct | imgs:3
[01:04:38][PEAR] [3725] ? NIV-3EB890BA45234BAA | BASKET | DOUBLE_TWIST | U_PAVE | GOLD | KT_10 | 1ct | imgs:3
[01:04:42][PEAR] [3726] ? NIV-3EB890BA45234BAA | BASKET | DOUBLE_TWIST | U_PAVE | GOLD | KT_10 | 1ct | imgs:3
[01:04:47][PEAR] [3727] ? NIV-3EB890BA45234BAA | BASKET | DOUBLE_TWIST | U_PAVE | GOLD | KT_10 | 1ct | imgs:3
[01:04:50][PEAR] [3728] ? NIV-9EA3E51F7791C381 | BASKET | DOUBLE_TWIST | U_PAVE | GOLD | KT_10 | 1ct | imgs:3
[01:04:53][PEAR] [3729] ? NIV-9EA3E51F7791C381 | BASKET | DOUBLE_TWIST | U_PAVE | GOLD | KT_10 | 1ct | imgs:3
[01:04:57][PEAR] [3730] ? NIV-9EA3E51F7791C381 | BASKET | DOUBLE_TWIST | U_PAVE | GOLD | KT_10 | 1ct | imgs:3
[01:05:07][PEAR] [3731] ? NIV-6A0E975F48DF175E | BASKET | DOUBLE_TWIST | U_PAVE | GOLD | KT_10 | 1ct | imgs:3
[01:05:11][PEAR] [3732] ? NIV-6A0E975F48DF175E | BASKET | DOUBLE_TWIST | U_PAVE | GOLD | KT_10 | 1ct | imgs:3
[01:05:14][PEAR] [3733] ? NIV-6A0E975F48DF175E | BASKET | DOUBLE_TWIST | U_PAVE | GOLD | KT_10 | 1ct | imgs:3
[01:05:18][PEAR] [3734] ? NIV-A5E3A6C6A278490A | BASKET | DOUBLE_TWIST | U_PAVE | GOLD | KT_14 | 1ct | imgs:3
[01:05:23][PEAR] [3735] ? NIV-A5E3A6C6A278490A | BASKET | DOUBLE_TWIST | U_PAVE | GOLD | KT_14 | 1ct | imgs:3
[01:05:26][PEAR] [3736] ? NIV-A5E3A6C6A278490A | BASKET | DOUBLE_TWIST | U_PAVE | GOLD | KT_14 | 1ct | imgs:3
[01:05:30][PEAR] [3737] ? NIV-3FE82F046E5ED1DB | BASKET | DOUBLE_TWIST | U_PAVE | GOLD | KT_14 | 1ct | imgs:1
[01:05:35][PEAR] [3738] ? NIV-3FE82F046E5ED1DB | BASKET | DOUBLE_TWIST | U_PAVE | GOLD | KT_14 | 1ct | imgs:3
[01:05:41][PEAR] [3739] ? NIV-3FE82F046E5ED1DB | BASKET | DOUBLE_TWIST | U_PAVE | GOLD | KT_14 | 1ct | imgs:3
[01:05:44][PEAR] [3740] ? NIV-3EC97B1F5B2631B1 | BASKET | DOUBLE_TWIST | U_PAVE | GOLD | KT_14 | 1ct | imgs:3
[01:05:48][PEAR] [3741] ? NIV-3EC97B1F5B2631B1 | BASKET | DOUBLE_TWIST | U_PAVE | GOLD | KT_14 | 1ct | imgs:3
[01:05:53][PEAR] [3742] ? NIV-3EC97B1F5B2631B1 | BASKET | DOUBLE_TWIST | U_PAVE | GOLD | KT_14 | 1ct | imgs:3
[01:05:58][PEAR] [3743] ? NIV-29A08AEBF316CECC | BASKET | DOUBLE_TWIST | U_PAVE | GOLD | KT_18 | 1ct | imgs:3
[01:06:02][PEAR] [3744] ? NIV-29A08AEBF316CECC | BASKET | DOUBLE_TWIST | U_PAVE | GOLD | KT_18 | 1ct | imgs:3
[01:06:05][PEAR] [3745] ? NIV-29A08AEBF316CECC | BASKET | DOUBLE_TWIST | U_PAVE | GOLD | KT_18 | 1ct | imgs:3
[01:06:08][PEAR] [3746] ? NIV-92A1107095C4F966 | BASKET | DOUBLE_TWIST | U_PAVE | GOLD | KT_18 | 1ct | imgs:3
[01:06:11][PEAR] [3747] ? NIV-92A1107095C4F966 | BASKET | DOUBLE_TWIST | U_PAVE | GOLD | KT_18 | 1ct | imgs:3
[01:06:17][PEAR] [3748] ? NIV-92A1107095C4F966 | BASKET | DOUBLE_TWIST | U_PAVE | GOLD | KT_18 | 1ct | imgs:3
[01:06:28][PEAR] [3749] ??  NIV-92A1107095C4F966 | BASKET | DOUBLE_TWIST | U_PAVE | GOLD | KT_18 | 1ct | imgs:0
[01:06:34][PEAR] [3750] ? NIV-5BD1D10D1B7FC6C9 | BASKET | DOUBLE_TWIST | U_PAVE | GOLD | KT_18 | 1ct | imgs:3
[01:06:38][PEAR] [3751] ? NIV-5BD1D10D1B7FC6C9 | BASKET | DOUBLE_TWIST | U_PAVE | GOLD | KT_18 | 1ct | imgs:3
[01:06:46][PEAR] [3752] ? NIV-D7BAF6624554D402 | BASKET | DOUBLE_TWIST | U_PAVE | PLATINUM | PT_950 | 1ct | imgs:2
[01:06:51][PEAR] [3753] ? NIV-54B0DDF9702BE17E | BASKET | DOUBLE_TWIST | U_PAVE | GOLD | KT_10 | 1ct | imgs:3
[01:06:56][PEAR] [3754] ? NIV-54B0DDF9702BE17E | BASKET | DOUBLE_TWIST | U_PAVE | GOLD | KT_10 | 1ct | imgs:3
[01:06:59][PEAR] [3755] ? NIV-54B0DDF9702BE17E | BASKET | DOUBLE_TWIST | U_PAVE | GOLD | KT_10 | 1ct | imgs:3
[01:07:10][PEAR] [3756] ??  NIV-54B0DDF9702BE17E | BASKET | DOUBLE_TWIST | U_PAVE | GOLD | KT_10 | 1ct | imgs:0
[01:07:18][PEAR] [3757] ? NIV-F2187E459C9FF766 | BASKET | DOUBLE_TWIST | U_PAVE | GOLD | KT_10 | 1ct | imgs:3
[01:07:23][PEAR] [3758] ? NIV-F2187E459C9FF766 | BASKET | DOUBLE_TWIST | U_PAVE | GOLD | KT_10 | 1ct | imgs:3
[01:07:34][PEAR] [3759] ??  NIV-F2187E459C9FF766 | BASKET | DOUBLE_TWIST | U_PAVE | GOLD | KT_10 | 1ct | imgs:0
[01:07:38][PEAR] [3760] ? NIV-CC130FFA9A29A1DB | BASKET | DOUBLE_TWIST | U_PAVE | GOLD | KT_10 | 1ct | imgs:3
[01:07:44][PEAR] [3761] ? NIV-CC130FFA9A29A1DB | BASKET | DOUBLE_TWIST | U_PAVE | GOLD | KT_10 | 1ct | imgs:3
[01:07:58][PEAR] [3762] ??  NIV-CC130FFA9A29A1DB | BASKET | DOUBLE_TWIST | U_PAVE | GOLD | KT_14 | 1ct | imgs:0
[01:08:03][PEAR] [3763] ? NIV-487103EF1A6B4969 | BASKET | DOUBLE_TWIST | U_PAVE | GOLD | KT_14 | 1ct | imgs:3
[01:08:08][PEAR] [3764] ? NIV-487103EF1A6B4969 | BASKET | DOUBLE_TWIST | U_PAVE | GOLD | KT_14 | 1ct | imgs:3
[01:08:19][PEAR] [3765] ??  NIV-487103EF1A6B4969 | BASKET | DOUBLE_TWIST | U_PAVE | GOLD | KT_14 | 1ct | imgs:0
[01:08:31][PEAR] [3766] ??  NIV-487103EF1A6B4969 | BASKET | DOUBLE_TWIST | U_PAVE | GOLD | KT_14 | 1ct | imgs:0
[01:08:40][PEAR] [3767] ? NIV-C5BD127A78E9B819 | BASKET | DOUBLE_TWIST | U_PAVE | GOLD | KT_14 | 1ct | imgs:3
[01:08:42][PEAR] [3768] ? NIV-7A77C7E30DEB1A9B | BASKET | DOUBLE_TWIST | U_PAVE | GOLD | KT_14 | 1ct | imgs:3
[01:08:47][PEAR] [3769] ? NIV-7A77C7E30DEB1A9B | BASKET | DOUBLE_TWIST | U_PAVE | GOLD | KT_14 | 1ct | imgs:3
[01:08:50][PEAR] [3770] ? NIV-7A77C7E30DEB1A9B | BASKET | DOUBLE_TWIST | U_PAVE | GOLD | KT_14 | 1ct | imgs:3
[01:08:57][PEAR] [3771] ? NIV-42E2C97252C5D259 | BASKET | DOUBLE_TWIST | U_PAVE | GOLD | KT_18 | 1ct | imgs:2
[01:09:02][PEAR] [3772] ? NIV-42E2C97252C5D259 | BASKET | DOUBLE_TWIST | U_PAVE | GOLD | KT_18 | 1ct | imgs:3
[01:09:05][PEAR] [3773] ? NIV-42E2C97252C5D259 | BASKET | DOUBLE_TWIST | U_PAVE | GOLD | KT_18 | 1ct | imgs:3
[01:09:08][PEAR] [3774] ? NIV-5F0D5201D0F24B21 | BASKET | DOUBLE_TWIST | U_PAVE | GOLD | KT_18 | 1ct | imgs:3
[01:09:11][PEAR] [3775] ? NIV-5F0D5201D0F24B21 | BASKET | DOUBLE_TWIST | U_PAVE | GOLD | KT_18 | 1ct | imgs:3
[01:09:17][PEAR] [3776] ? NIV-5F0D5201D0F24B21 | BASKET | DOUBLE_TWIST | U_PAVE | GOLD | KT_18 | 1ct | imgs:3
[01:09:20][PEAR] [3777] ? NIV-3A8EE1708521AC8E | BASKET | DOUBLE_TWIST | U_PAVE | GOLD | KT_18 | 1ct | imgs:3
[01:09:23][PEAR] [3778] ? NIV-3A8EE1708521AC8E | BASKET | DOUBLE_TWIST | U_PAVE | GOLD | KT_18 | 1ct | imgs:3
[01:09:26][PEAR] [3779] ? NIV-3A8EE1708521AC8E | BASKET | DOUBLE_TWIST | U_PAVE | GOLD | KT_18 | 1ct | imgs:3
[01:09:29][PEAR] [3780] ? NIV-5D42DEF754B3636D | BASKET | DOUBLE_TWIST | U_PAVE | PLATINUM | PT_950 | 1ct | imgs:3
[01:09:35][PEAR] [3781] ? NIV-F9A7C29DC89B0EB8 | BASKET | DOUBLE_TWIST | U_PAVE | GOLD | KT_10 | 1ct | imgs:3
[01:09:39][PEAR] [3782] ? NIV-F9A7C29DC89B0EB8 | BASKET | DOUBLE_TWIST | U_PAVE | GOLD | KT_10 | 1ct | imgs:3
[01:09:44][PEAR] [3783] ? NIV-F9A7C29DC89B0EB8 | BASKET | DOUBLE_TWIST | U_PAVE | GOLD | KT_10 | 1ct | imgs:3
[01:09:47][PEAR] [3784] ? NIV-7990B3FB0C66AE06 | BASKET | DOUBLE_TWIST | U_PAVE | GOLD | KT_10 | 1ct | imgs:3
[01:09:50][PEAR] [3785] ? NIV-7990B3FB0C66AE06 | BASKET | DOUBLE_TWIST | U_PAVE | GOLD | KT_10 | 1ct | imgs:3
[01:09:53][PEAR] [3786] ? NIV-7990B3FB0C66AE06 | BASKET | DOUBLE_TWIST | U_PAVE | GOLD | KT_10 | 1ct | imgs:3
[01:09:56][PEAR] [3787] ? NIV-39F0408457EABC77 | BASKET | DOUBLE_TWIST | U_PAVE | GOLD | KT_10 | 1ct | imgs:3
[01:09:59][PEAR] [3788] ? NIV-39F0408457EABC77 | BASKET | DOUBLE_TWIST | U_PAVE | GOLD | KT_10 | 1ct | imgs:3
[01:10:02][PEAR] [3789] ? NIV-39F0408457EABC77 | BASKET | DOUBLE_TWIST | U_PAVE | GOLD | KT_10 | 1ct | imgs:3
[01:10:05][PEAR] [3790] ? NIV-C7E7750031619C28 | BASKET | DOUBLE_TWIST | U_PAVE | GOLD | KT_14 | 1ct | imgs:3
[01:10:08][PEAR] [3791] ? NIV-C7E7750031619C28 | BASKET | DOUBLE_TWIST | U_PAVE | GOLD | KT_14 | 1ct | imgs:3
[01:10:14][PEAR] [3792] ? NIV-C7E7750031619C28 | BASKET | DOUBLE_TWIST | U_PAVE | GOLD | KT_14 | 1ct | imgs:3
[01:10:17][PEAR] [3793] ? NIV-E5855E57A0761C8F | BASKET | DOUBLE_TWIST | U_PAVE | GOLD | KT_14 | 1ct | imgs:3
[01:10:20][PEAR] [3794] ? NIV-E5855E57A0761C8F | BASKET | DOUBLE_TWIST | U_PAVE | GOLD | KT_14 | 1ct | imgs:3
[01:10:23][PEAR] [3795] ? NIV-E5855E57A0761C8F | BASKET | DOUBLE_TWIST | U_PAVE | GOLD | KT_14 | 1ct | imgs:3
[01:10:26][PEAR] [3796] ? NIV-03676C7B868F7B40 | BASKET | DOUBLE_TWIST | U_PAVE | GOLD | KT_14 | 1ct | imgs:3
[01:10:29][PEAR]   Re-seleccionando PEAR (intento 1)
[01:10:29][PEAR]   Boton no encontrado ? recargando configurador...
[01:10:48][PEAR]   Re-seleccionando PEAR (intento 2)
[01:10:51][PEAR] [3797] ? NIV-D5C0F85B48F232CE | BASKET | DOUBLE_TWIST | U_PAVE | GOLD | KT_14 | 1ct | imgs:3
[01:10:54][PEAR] [3798] ? NIV-564AABB91BF56BF5 | BASKET | DOUBLE_TWIST | U_PAVE | GOLD | KT_14 | 1ct | imgs:3
[01:10:57][PEAR] [3799] ? NIV-AABD95B950B34DF1 | BASKET | DOUBLE_TWIST | U_PAVE | GOLD | KT_18 | 1ct | imgs:3
[01:11:03][PEAR] [3800] ? NIV-89E0F50132F79B32 | BASKET | DOUBLE_TWIST | U_PAVE | GOLD | KT_18 | 1ct | imgs:3
[01:11:06][PEAR] [3801] ? NIV-C175F6C1D9DECDAB | BASKET | DOUBLE_TWIST | U_PAVE | GOLD | KT_18 | 1ct | imgs:3
[01:11:09][PEAR] [3802] ? NIV-3856082831231231 | BASKET | DOUBLE_TWIST | U_PAVE | GOLD | KT_18 | 1ct | imgs:3
[01:11:12][PEAR] [3803] ? NIV-FE6898A5C1792CC1 | BASKET | DOUBLE_TWIST | U_PAVE | GOLD | KT_18 | 1ct | imgs:3
[01:11:15][PEAR] [3804] ? NIV-87E99FDAFFF17281 | BASKET | DOUBLE_TWIST | U_PAVE | GOLD | KT_18 | 1ct | imgs:3
[01:11:18][PEAR] [3805] ? NIV-853B5380A5203887 | BASKET | DOUBLE_TWIST | U_PAVE | GOLD | KT_18 | 1ct | imgs:3
[01:11:21][PEAR] [3806] ? NIV-79B08F9F0CE078D3 | BASKET | DOUBLE_TWIST | U_PAVE | GOLD | KT_18 | 1ct | imgs:3
[01:11:24][PEAR] [3807] ? NIV-2B5A34D8091A2722 | BASKET | DOUBLE_TWIST | U_PAVE | GOLD | KT_18 | 1ct | imgs:3
[01:11:27][PEAR] [3808] ? NIV-3580C704CD6D41A8 | BASKET | DOUBLE_TWIST | U_PAVE | PLATINUM | PT_950 | 1ct | imgs:3
[01:11:33][PEAR] [3809] ? NIV-A936D1859088DB60 | BASKET | DOUBLE_TWIST | U_PAVE | GOLD | KT_10 | 1ct | imgs:3
[01:11:39][PEAR] [3810] ? NIV-A936D1859088DB60 | BASKET | DOUBLE_TWIST | U_PAVE | GOLD | KT_10 | 1ct | imgs:3
[01:11:42][PEAR] [3811] ? NIV-A936D1859088DB60 | BASKET | DOUBLE_TWIST | U_PAVE | GOLD | KT_10 | 1ct | imgs:3
[01:11:45][PEAR] [3812] ? NIV-94C7C51E4D1CC93D | BASKET | DOUBLE_TWIST | U_PAVE | GOLD | KT_10 | 1ct | imgs:3
[01:11:48][PEAR] [3813] ? NIV-94C7C51E4D1CC93D | BASKET | DOUBLE_TWIST | U_PAVE | GOLD | KT_10 | 1ct | imgs:3
[01:11:54][PEAR] [3814] ? NIV-94C7C51E4D1CC93D | BASKET | DOUBLE_TWIST | U_PAVE | GOLD | KT_10 | 1ct | imgs:3
[01:11:57][PEAR] [3815] ? NIV-3DB007614317E24C | BASKET | DOUBLE_TWIST | U_PAVE | GOLD | KT_10 | 1ct | imgs:3
[01:12:00][PEAR] [3816] ? NIV-3DB007614317E24C | BASKET | DOUBLE_TWIST | U_PAVE | GOLD | KT_10 | 1ct | imgs:3
[01:12:03][PEAR] [3817] ? NIV-3DB007614317E24C | BASKET | DOUBLE_TWIST | U_PAVE | GOLD | KT_10 | 1ct | imgs:3
[01:12:06][PEAR] [3818] ? NIV-77EC7911408F5819 | BASKET | DOUBLE_TWIST | U_PAVE | GOLD | KT_14 | 1ct | imgs:3
[01:12:12][PEAR] [3819] ? NIV-77EC7911408F5819 | BASKET | DOUBLE_TWIST | U_PAVE | GOLD | KT_14 | 1ct | imgs:3
[01:12:15][PEAR] [3820] ? NIV-77EC7911408F5819 | BASKET | DOUBLE_TWIST | U_PAVE | GOLD | KT_14 | 1ct | imgs:3
[01:12:18][PEAR] [3821] ? NIV-1F27B9D79A304694 | BASKET | DOUBLE_TWIST | U_PAVE | GOLD | KT_14 | 1ct | imgs:3
[01:12:21][PEAR] [3822] ? NIV-1F27B9D79A304694 | BASKET | DOUBLE_TWIST | U_PAVE | GOLD | KT_14 | 1ct | imgs:3
[01:12:24][PEAR] [3823] ? NIV-1F27B9D79A304694 | BASKET | DOUBLE_TWIST | U_PAVE | GOLD | KT_14 | 1ct | imgs:3
[01:12:27][PEAR] [3824] ? NIV-1007CC3401629C83 | BASKET | DOUBLE_TWIST | U_PAVE | GOLD | KT_14 | 1ct | imgs:3
[01:12:30][PEAR] [3825] ? NIV-1007CC3401629C83 | BASKET | DOUBLE_TWIST | U_PAVE | GOLD | KT_14 | 1ct | imgs:3
[01:12:36][PEAR] [3826] ? NIV-1007CC3401629C83 | BASKET | DOUBLE_TWIST | U_PAVE | GOLD | KT_14 | 1ct | imgs:3
[01:12:40][PEAR] [3827] ? NIV-B368F0DE1225E525 | BASKET | DOUBLE_TWIST | U_PAVE | GOLD | KT_18 | 1ct | imgs:3
[01:12:45][PEAR] [3828] ? NIV-B368F0DE1225E525 | BASKET | DOUBLE_TWIST | U_PAVE | GOLD | KT_18 | 1ct | imgs:3
[01:12:48][PEAR] [3829] ? NIV-B368F0DE1225E525 | BASKET | DOUBLE_TWIST | U_PAVE | GOLD | KT_18 | 1ct | imgs:3
[01:12:51][PEAR] [3830] ? NIV-E92643FD43447484 | BASKET | DOUBLE_TWIST | U_PAVE | GOLD | KT_18 | 1ct | imgs:3
[01:12:57][PEAR] [3831] ? NIV-E92643FD43447484 | BASKET | DOUBLE_TWIST | U_PAVE | GOLD | KT_18 | 1ct | imgs:3
[01:13:00][PEAR] [3832] ? NIV-E92643FD43447484 | BASKET | DOUBLE_TWIST | U_PAVE | GOLD | KT_18 | 1ct | imgs:3
[01:13:03][PEAR] [3833] ? NIV-20F83B2DACF83713 | BASKET | DOUBLE_TWIST | U_PAVE | GOLD | KT_18 | 1ct | imgs:3
[01:13:06][PEAR] [3834] ? NIV-20F83B2DACF83713 | BASKET | DOUBLE_TWIST | U_PAVE | GOLD | KT_18 | 1ct | imgs:3
[01:13:09][PEAR] [3835] ? NIV-20F83B2DACF83713 | BASKET | DOUBLE_TWIST | U_PAVE | GOLD | KT_18 | 1ct | imgs:3
[01:13:12][PEAR] [3836] ? NIV-AC2E4E8364C250A8 | BASKET | DOUBLE_TWIST | U_PAVE | PLATINUM | PT_950 | 1ct | imgs:3
[01:13:18][PEAR] [3837] ? NIV-74AED66FDACF512C | BASKET | DOUBLE_TWIST | U_PAVE | GOLD | KT_10 | 1ct | imgs:3
[01:13:21][PEAR] [3838] ? NIV-74AED66FDACF512C | BASKET | DOUBLE_TWIST | U_PAVE | GOLD | KT_10 | 1ct | imgs:3
[01:13:27][PEAR] [3839] ? NIV-74AED66FDACF512C | BASKET | DOUBLE_TWIST | U_PAVE | GOLD | KT_10 | 1ct | imgs:3
[01:13:30][PEAR] [3840] ? NIV-D955E591A46055C4 | BASKET | DOUBLE_TWIST | U_PAVE | GOLD | KT_10 | 1ct | imgs:3
[01:13:33][PEAR] [3841] ? NIV-D955E591A46055C4 | BASKET | DOUBLE_TWIST | U_PAVE | GOLD | KT_10 | 1ct | imgs:3
[01:13:39][PEAR] [3842] ? NIV-D955E591A46055C4 | BASKET | DOUBLE_TWIST | U_PAVE | GOLD | KT_10 | 1ct | imgs:3
[01:13:42][PEAR] [3843] ? NIV-C1050C0AD02DB593 | BASKET | DOUBLE_TWIST | U_PAVE | GOLD | KT_10 | 1ct | imgs:3
[01:13:48][PEAR] [3844] ? NIV-C1050C0AD02DB593 | BASKET | DOUBLE_TWIST | U_PAVE | GOLD | KT_10 | 1ct | imgs:3
[01:13:51][PEAR] [3845] ? NIV-C1050C0AD02DB593 | BASKET | DOUBLE_TWIST | U_PAVE | GOLD | KT_10 | 1ct | imgs:3
[01:13:58][PEAR] [3846] ? NIV-2CB954A1C83D6368 | BASKET | DOUBLE_TWIST | U_PAVE | GOLD | KT_14 | 1ct | imgs:3
[01:14:03][PEAR] [3847] ? NIV-2CB954A1C83D6368 | BASKET | DOUBLE_TWIST | U_PAVE | GOLD | KT_14 | 1ct | imgs:3
[01:14:06][PEAR] [3848] ? NIV-2CB954A1C83D6368 | BASKET | DOUBLE_TWIST | U_PAVE | GOLD | KT_14 | 1ct | imgs:3
[01:14:09][PEAR] [3849] ? NIV-C8F61AC79C0D7A5F | BASKET | DOUBLE_TWIST | U_PAVE | GOLD | KT_14 | 1ct | imgs:3
[01:14:13][PEAR] [3850] ? NIV-C8F61AC79C0D7A5F | BASKET | DOUBLE_TWIST | U_PAVE | GOLD | KT_14 | 1ct | imgs:3
[01:14:18][PEAR] [3851] ? NIV-C8F61AC79C0D7A5F | BASKET | DOUBLE_TWIST | U_PAVE | GOLD | KT_14 | 1ct | imgs:3
[01:14:21][PEAR] [3852] ? NIV-DD06738375118ED2 | BASKET | DOUBLE_TWIST | U_PAVE | GOLD | KT_14 | 1ct | imgs:3
[01:14:24][PEAR] [3853] ? NIV-DD06738375118ED2 | BASKET | DOUBLE_TWIST | U_PAVE | GOLD | KT_14 | 1ct | imgs:3
[01:14:27][PEAR] [3854] ? NIV-DD06738375118ED2 | BASKET | DOUBLE_TWIST | U_PAVE | GOLD | KT_14 | 1ct | imgs:3
[01:14:33][PEAR] [3855] ? NIV-7DE91347E461A405 | BASKET | DOUBLE_TWIST | U_PAVE | GOLD | KT_18 | 1ct | imgs:3
[01:14:36][PEAR] [3856] ? NIV-7DE91347E461A405 | BASKET | DOUBLE_TWIST | U_PAVE | GOLD | KT_18 | 1ct | imgs:3
[01:14:42][PEAR] [3857] ? NIV-7DE91347E461A405 | BASKET | DOUBLE_TWIST | U_PAVE | GOLD | KT_18 | 1ct | imgs:3
[01:14:45][PEAR] [3858] ? NIV-1BD27927E3929A3E | BASKET | DOUBLE_TWIST | U_PAVE | GOLD | KT_18 | 1ct | imgs:3
[01:14:48][PEAR] [3859] ? NIV-1BD27927E3929A3E | BASKET | DOUBLE_TWIST | U_PAVE | GOLD | KT_18 | 1ct | imgs:3
[01:14:54][PEAR] [3860] ? NIV-1BD27927E3929A3E | BASKET | DOUBLE_TWIST | U_PAVE | GOLD | KT_18 | 1ct | imgs:3
[01:14:57][PEAR] [3861] ? NIV-3D06FBF6A303AE56 | BASKET | DOUBLE_TWIST | U_PAVE | GOLD | KT_18 | 1ct | imgs:3
[01:15:00][PEAR] [3862] ? NIV-3D06FBF6A303AE56 | BASKET | DOUBLE_TWIST | U_PAVE | GOLD | KT_18 | 1ct | imgs:3
[01:15:06][PEAR] [3863] ? NIV-3D06FBF6A303AE56 | BASKET | DOUBLE_TWIST | U_PAVE | GOLD | KT_18 | 1ct | imgs:3
[01:15:09][PEAR] [3864] ? NIV-D7C968CC9F7C5936 | BASKET | DOUBLE_TWIST | U_PAVE | PLATINUM | PT_950 | 1ct | imgs:3
[01:15:15][PEAR] [3865] ? NIV-7960F8A556F19160 | BASKET | DOUBLE_TWIST | CHANNEL | GOLD | KT_10 | 1ct | imgs:1
[01:15:18][PEAR] [3866] ? NIV-7960F8A556F19160 | BASKET | DOUBLE_TWIST | CHANNEL | GOLD | KT_10 | 1ct | imgs:3
[01:15:24][PEAR] [3867] ? NIV-7960F8A556F19160 | BASKET | DOUBLE_TWIST | CHANNEL | GOLD | KT_10 | 1ct | imgs:3
[01:15:27][PEAR] [3868] ? NIV-6E8ADC3E5F5E7481 | BASKET | DOUBLE_TWIST | CHANNEL | GOLD | KT_10 | 1ct | imgs:3
[01:15:30][PEAR] [3869] ? NIV-6E8ADC3E5F5E7481 | BASKET | DOUBLE_TWIST | CHANNEL | GOLD | KT_10 | 1ct | imgs:3
[01:15:33][PEAR] [3870] ? NIV-6E8ADC3E5F5E7481 | BASKET | DOUBLE_TWIST | CHANNEL | GOLD | KT_10 | 1ct | imgs:3
[01:15:36][PEAR] [3871] ? NIV-94BBB908B345FE42 | BASKET | DOUBLE_TWIST | CHANNEL | GOLD | KT_10 | 1ct | imgs:2
[01:15:42][PEAR] [3872] ? NIV-94BBB908B345FE42 | BASKET | DOUBLE_TWIST | CHANNEL | GOLD | KT_10 | 1ct | imgs:3
[01:15:45][PEAR] [3873] ? NIV-94BBB908B345FE42 | BASKET | DOUBLE_TWIST | CHANNEL | GOLD | KT_10 | 1ct | imgs:3
[01:15:50][PEAR] [3874] ? NIV-DEBD3C8D3A0C0437 | BASKET | DOUBLE_TWIST | CHANNEL | GOLD | KT_14 | 1ct | imgs:2
[01:15:54][PEAR] [3875] ? NIV-DEBD3C8D3A0C0437 | BASKET | DOUBLE_TWIST | CHANNEL | GOLD | KT_14 | 1ct | imgs:3
[01:15:57][PEAR] [3876] ? NIV-DEBD3C8D3A0C0437 | BASKET | DOUBLE_TWIST | CHANNEL | GOLD | KT_14 | 1ct | imgs:3
[01:16:00][PEAR] [3877] ? NIV-85B503DB26A91A51 | BASKET | DOUBLE_TWIST | CHANNEL | GOLD | KT_14 | 1ct | imgs:3
[01:16:03][PEAR] [3878] ? NIV-85B503DB26A91A51 | BASKET | DOUBLE_TWIST | CHANNEL | GOLD | KT_14 | 1ct | imgs:3
[01:16:06][PEAR] [3879] ? NIV-85B503DB26A91A51 | BASKET | DOUBLE_TWIST | CHANNEL | GOLD | KT_14 | 1ct | imgs:3
[01:16:11][PEAR] [3880] ? NIV-DAAC84E890CDDA21 | BASKET | DOUBLE_TWIST | CHANNEL | GOLD | KT_14 | 1ct | imgs:3
[01:16:15][PEAR] [3881] ? NIV-DAAC84E890CDDA21 | BASKET | DOUBLE_TWIST | CHANNEL | GOLD | KT_14 | 1ct | imgs:3
[01:16:18][PEAR] [3882] ? NIV-DAAC84E890CDDA21 | BASKET | DOUBLE_TWIST | CHANNEL | GOLD | KT_14 | 1ct | imgs:3
[01:16:26][PEAR] [3883] ? NIV-F2E9D5990DB63B68 | BASKET | DOUBLE_TWIST | CHANNEL | GOLD | KT_18 | 1ct | imgs:1
[01:16:30][PEAR] [3884] ? NIV-F2E9D5990DB63B68 | BASKET | DOUBLE_TWIST | CHANNEL | GOLD | KT_18 | 1ct | imgs:3
[01:16:33][PEAR] [3885] ? NIV-F2E9D5990DB63B68 | BASKET | DOUBLE_TWIST | CHANNEL | GOLD | KT_18 | 1ct | imgs:3
[01:16:36][PEAR] [3886] ? NIV-EE5B76C542D62A60 | BASKET | DOUBLE_TWIST | CHANNEL | GOLD | KT_18 | 1ct | imgs:3
[01:16:39][PEAR] [3887] ? NIV-EE5B76C542D62A60 | BASKET | DOUBLE_TWIST | CHANNEL | GOLD | KT_18 | 1ct | imgs:3
[01:16:45][PEAR] [3888] ? NIV-EE5B76C542D62A60 | BASKET | DOUBLE_TWIST | CHANNEL | GOLD | KT_18 | 1ct | imgs:3
[01:16:48][PEAR] [3889] ? NIV-D3A2A31CCD9372D2 | BASKET | DOUBLE_TWIST | CHANNEL | GOLD | KT_18 | 1ct | imgs:3
[01:16:51][PEAR] [3890] ? NIV-D3A2A31CCD9372D2 | BASKET | DOUBLE_TWIST | CHANNEL | GOLD | KT_18 | 1ct | imgs:3
[01:16:54][PEAR] [3891] ? NIV-D3A2A31CCD9372D2 | BASKET | DOUBLE_TWIST | CHANNEL | GOLD | KT_18 | 1ct | imgs:3
[01:16:57][PEAR] [3892] ? NIV-66C2E6FF0A276EA0 | BASKET | DOUBLE_TWIST | CHANNEL | PLATINUM | PT_950 | 1ct | imgs:3
[01:17:03][PEAR] [3893] ? NIV-CDC2E287441227CD | BASKET | DOUBLE_TWIST | CHANNEL | GOLD | KT_10 | 1ct | imgs:3
[01:17:06][PEAR] [3894] ? NIV-CDC2E287441227CD | BASKET | DOUBLE_TWIST | CHANNEL | GOLD | KT_10 | 1ct | imgs:3
[01:17:09][PEAR] [3895] ? NIV-CDC2E287441227CD | BASKET | DOUBLE_TWIST | CHANNEL | GOLD | KT_10 | 1ct | imgs:3
[01:17:12][PEAR] [3896] ? NIV-FBA1ECBF0D106DF1 | BASKET | DOUBLE_TWIST | CHANNEL | GOLD | KT_10 | 1ct | imgs:3
[01:17:15][PEAR] [3897] ? NIV-FBA1ECBF0D106DF1 | BASKET | DOUBLE_TWIST | CHANNEL | GOLD | KT_10 | 1ct | imgs:3
[01:17:18][PEAR] [3898] ? NIV-FBA1ECBF0D106DF1 | BASKET | DOUBLE_TWIST | CHANNEL | GOLD | KT_10 | 1ct | imgs:3
[01:17:21][PEAR] [3899] ? NIV-5C8D753386BD7A1C | BASKET | DOUBLE_TWIST | CHANNEL | GOLD | KT_10 | 1ct | imgs:3
[01:17:27][PEAR] [3900] ? NIV-5C8D753386BD7A1C | BASKET | DOUBLE_TWIST | CHANNEL | GOLD | KT_10 | 1ct | imgs:3
[01:17:30][PEAR] [3901] ? NIV-5C8D753386BD7A1C | BASKET | DOUBLE_TWIST | CHANNEL | GOLD | KT_10 | 1ct | imgs:3
[01:17:33][PEAR] [3902] ? NIV-E151BA26FCF37631 | BASKET | DOUBLE_TWIST | CHANNEL | GOLD | KT_14 | 1ct | imgs:1
[01:17:36][PEAR] [3903] ? NIV-E151BA26FCF37631 | BASKET | DOUBLE_TWIST | CHANNEL | GOLD | KT_14 | 1ct | imgs:3
[01:17:39][PEAR] [3904] ? NIV-E151BA26FCF37631 | BASKET | DOUBLE_TWIST | CHANNEL | GOLD | KT_14 | 1ct | imgs:3
[01:17:42][PEAR] [3905] ? NIV-2335AF20E0FCDBD8 | BASKET | DOUBLE_TWIST | CHANNEL | GOLD | KT_14 | 1ct | imgs:3
[01:17:45][PEAR] [3906] ? NIV-2335AF20E0FCDBD8 | BASKET | DOUBLE_TWIST | CHANNEL | GOLD | KT_14 | 1ct | imgs:3
[01:17:48][PEAR] [3907] ? NIV-2335AF20E0FCDBD8 | BASKET | DOUBLE_TWIST | CHANNEL | GOLD | KT_14 | 1ct | imgs:3
[01:17:57][PEAR] [3908] ? NIV-0215BD6AA50A0385 | BASKET | DOUBLE_TWIST | CHANNEL | GOLD | KT_14 | 1ct | imgs:1
[01:18:03][PEAR] [3909] ? NIV-0215BD6AA50A0385 | BASKET | DOUBLE_TWIST | CHANNEL | GOLD | KT_14 | 1ct | imgs:3
[01:18:06][PEAR] [3910] ? NIV-0215BD6AA50A0385 | BASKET | DOUBLE_TWIST | CHANNEL | GOLD | KT_14 | 1ct | imgs:3
[01:18:12][PEAR] [3911] ? NIV-6EACF32DA93C53DA | BASKET | DOUBLE_TWIST | CHANNEL | GOLD | KT_18 | 1ct | imgs:3
[01:18:15][PEAR] [3912] ? NIV-6EACF32DA93C53DA | BASKET | DOUBLE_TWIST | CHANNEL | GOLD | KT_18 | 1ct | imgs:3
[01:18:21][PEAR] [3913] ? NIV-6EACF32DA93C53DA | BASKET | DOUBLE_TWIST | CHANNEL | GOLD | KT_18 | 1ct | imgs:3
[01:18:25][PEAR] [3914] ? NIV-C9956206BB2CD0B3 | BASKET | DOUBLE_TWIST | CHANNEL | GOLD | KT_18 | 1ct | imgs:3
[01:18:30][PEAR] [3915] ? NIV-C9956206BB2CD0B3 | BASKET | DOUBLE_TWIST | CHANNEL | GOLD | KT_18 | 1ct | imgs:3
[01:18:36][PEAR] [3916] ? NIV-C9956206BB2CD0B3 | BASKET | DOUBLE_TWIST | CHANNEL | GOLD | KT_18 | 1ct | imgs:3
[01:18:39][PEAR] [3917] ? NIV-A08CBBD04A96E430 | BASKET | DOUBLE_TWIST | CHANNEL | GOLD | KT_18 | 1ct | imgs:3
[01:18:42][PEAR] [3918] ? NIV-A08CBBD04A96E430 | BASKET | DOUBLE_TWIST | CHANNEL | GOLD | KT_18 | 1ct | imgs:3
[01:18:48][PEAR] [3919] ? NIV-A08CBBD04A96E430 | BASKET | DOUBLE_TWIST | CHANNEL | GOLD | KT_18 | 1ct | imgs:3
[01:18:51][PEAR] [3920] ? NIV-D21ED44BF24D7224 | BASKET | DOUBLE_TWIST | CHANNEL | PLATINUM | PT_950 | 1ct | imgs:3
[01:18:57][PEAR] [3921] ? NIV-87A0C81ABC6E41DA | BASKET | DOUBLE_TWIST | CHANNEL | GOLD | KT_10 | 1ct | imgs:3
[01:19:00][PEAR] [3922] ? NIV-87A0C81ABC6E41DA | BASKET | DOUBLE_TWIST | CHANNEL | GOLD | KT_10 | 1ct | imgs:3
[01:19:06][PEAR] [3923] ? NIV-87A0C81ABC6E41DA | BASKET | DOUBLE_TWIST | CHANNEL | GOLD | KT_10 | 1ct | imgs:3
[01:19:16][PEAR] [3924] ? NIV-D77AB393291BCB8A | BASKET | DOUBLE_TWIST | CHANNEL | GOLD | KT_10 | 1ct | imgs:3
[01:19:21][PEAR] [3925] ? NIV-D77AB393291BCB8A | BASKET | DOUBLE_TWIST | CHANNEL | GOLD | KT_10 | 1ct | imgs:3
[01:19:24][PEAR] [3926] ? NIV-D77AB393291BCB8A | BASKET | DOUBLE_TWIST | CHANNEL | GOLD | KT_10 | 1ct | imgs:3
[01:19:27][PEAR] [3927] ? NIV-08BD5A2EE93D77AD | BASKET | DOUBLE_TWIST | CHANNEL | GOLD | KT_10 | 1ct | imgs:3
[01:19:30][PEAR] [3928] ? NIV-08BD5A2EE93D77AD | BASKET | DOUBLE_TWIST | CHANNEL | GOLD | KT_10 | 1ct | imgs:3
[01:19:36][PEAR] [3929] ? NIV-08BD5A2EE93D77AD | BASKET | DOUBLE_TWIST | CHANNEL | GOLD | KT_10 | 1ct | imgs:3
[01:19:39][PEAR] [3930] ? NIV-A8DFD1EFEF846ADF | BASKET | DOUBLE_TWIST | CHANNEL | GOLD | KT_14 | 1ct | imgs:3
[01:19:42][PEAR] [3931] ? NIV-A8DFD1EFEF846ADF | BASKET | DOUBLE_TWIST | CHANNEL | GOLD | KT_14 | 1ct | imgs:3
[01:19:45][PEAR] [3932] ? NIV-A8DFD1EFEF846ADF | BASKET | DOUBLE_TWIST | CHANNEL | GOLD | KT_14 | 1ct | imgs:3
[01:19:48][PEAR] [3933] ? NIV-FE91CF737630F764 | BASKET | DOUBLE_TWIST | CHANNEL | GOLD | KT_14 | 1ct | imgs:3
[01:19:51][PEAR] [3934] ? NIV-FE91CF737630F764 | BASKET | DOUBLE_TWIST | CHANNEL | GOLD | KT_14 | 1ct | imgs:3
[01:19:54][PEAR] [3935] ? NIV-FE91CF737630F764 | BASKET | DOUBLE_TWIST | CHANNEL | GOLD | KT_14 | 1ct | imgs:3
[01:19:57][PEAR] [3936] ? NIV-8627605297B02D89 | BASKET | DOUBLE_TWIST | CHANNEL | GOLD | KT_14 | 1ct | imgs:3
[01:20:03][PEAR] [3937] ? NIV-8627605297B02D89 | BASKET | DOUBLE_TWIST | CHANNEL | GOLD | KT_14 | 1ct | imgs:3
[01:20:06][PEAR] [3938] ? NIV-8627605297B02D89 | BASKET | DOUBLE_TWIST | CHANNEL | GOLD | KT_14 | 1ct | imgs:3
[01:20:09][PEAR] [3939] ? NIV-F23474CAC2268F53 | BASKET | DOUBLE_TWIST | CHANNEL | GOLD | KT_18 | 1ct | imgs:3
[01:20:15][PEAR] [3940] ? NIV-F23474CAC2268F53 | BASKET | DOUBLE_TWIST | CHANNEL | GOLD | KT_18 | 1ct | imgs:3
[01:20:21][PEAR] [3941] ? NIV-F23474CAC2268F53 | BASKET | DOUBLE_TWIST | CHANNEL | GOLD | KT_18 | 1ct | imgs:3
[01:20:24][PEAR] [3942] ? NIV-83B857494FEC05CA | BASKET | DOUBLE_TWIST | CHANNEL | GOLD | KT_18 | 1ct | imgs:3
[01:20:27][PEAR] [3943] ? NIV-83B857494FEC05CA | BASKET | DOUBLE_TWIST | CHANNEL | GOLD | KT_18 | 1ct | imgs:3
[01:20:30][PEAR] [3944] ? NIV-83B857494FEC05CA | BASKET | DOUBLE_TWIST | CHANNEL | GOLD | KT_18 | 1ct | imgs:3
[01:20:33][PEAR] [3945] ? NIV-63B1AFDFF8E8232B | BASKET | DOUBLE_TWIST | CHANNEL | GOLD | KT_18 | 1ct | imgs:2
[01:20:39][PEAR] [3946] ? NIV-63B1AFDFF8E8232B | BASKET | DOUBLE_TWIST | CHANNEL | GOLD | KT_18 | 1ct | imgs:3
[01:20:42][PEAR] [3947] ? NIV-63B1AFDFF8E8232B | BASKET | DOUBLE_TWIST | CHANNEL | GOLD | KT_18 | 1ct | imgs:3
[01:20:45][PEAR] [3948] ? NIV-7DCCBC654EF56796 | BASKET | DOUBLE_TWIST | CHANNEL | PLATINUM | PT_950 | 1ct | imgs:3
[01:20:51][PEAR] [3949] ? NIV-0249E01E010B766A | BASKET | DOUBLE_TWIST | CHANNEL | GOLD | KT_10 | 1ct | imgs:3
[01:20:54][PEAR] [3950] ? NIV-0249E01E010B766A | BASKET | DOUBLE_TWIST | CHANNEL | GOLD | KT_10 | 1ct | imgs:3
[01:21:00][PEAR] [3951] ? NIV-0249E01E010B766A | BASKET | DOUBLE_TWIST | CHANNEL | GOLD | KT_10 | 1ct | imgs:3
[01:21:03][PEAR] [3952] ? NIV-F9657567958032DB | BASKET | DOUBLE_TWIST | CHANNEL | GOLD | KT_10 | 1ct | imgs:2
[01:21:09][PEAR] [3953] ? NIV-F9657567958032DB | BASKET | DOUBLE_TWIST | CHANNEL | GOLD | KT_10 | 1ct | imgs:3
[01:21:12][PEAR] [3954] ? NIV-F9657567958032DB | BASKET | DOUBLE_TWIST | CHANNEL | GOLD | KT_10 | 1ct | imgs:3
[01:21:15][PEAR] [3955] ? NIV-25090B304E62BE36 | BASKET | DOUBLE_TWIST | CHANNEL | GOLD | KT_10 | 1ct | imgs:3
[01:21:21][PEAR] [3956] ? NIV-25090B304E62BE36 | BASKET | DOUBLE_TWIST | CHANNEL | GOLD | KT_10 | 1ct | imgs:3
[01:21:24][PEAR] [3957] ? NIV-25090B304E62BE36 | BASKET | DOUBLE_TWIST | CHANNEL | GOLD | KT_10 | 1ct | imgs:3
[01:21:32][PEAR] [3958] ? NIV-10767073252AF496 | BASKET | DOUBLE_TWIST | CHANNEL | GOLD | KT_14 | 1ct | imgs:3
[01:21:36][PEAR] [3959] ? NIV-10767073252AF496 | BASKET | DOUBLE_TWIST | CHANNEL | GOLD | KT_14 | 1ct | imgs:3
[01:21:42][PEAR] [3960] ? NIV-10767073252AF496 | BASKET | DOUBLE_TWIST | CHANNEL | GOLD | KT_14 | 1ct | imgs:3
[01:21:48][PEAR] [3961] ? NIV-2B6C6ED640CD7EB5 | BASKET | DOUBLE_TWIST | CHANNEL | GOLD | KT_14 | 1ct | imgs:2
[01:21:51][PEAR] [3962] ? NIV-2B6C6ED640CD7EB5 | BASKET | DOUBLE_TWIST | CHANNEL | GOLD | KT_14 | 1ct | imgs:3
[01:21:57][PEAR] [3963] ? NIV-2B6C6ED640CD7EB5 | BASKET | DOUBLE_TWIST | CHANNEL | GOLD | KT_14 | 1ct | imgs:3
[01:22:00][PEAR] [3964] ? NIV-1FC865F267F39AF7 | BASKET | DOUBLE_TWIST | CHANNEL | GOLD | KT_14 | 1ct | imgs:3
[01:22:03][PEAR] [3965] ? NIV-1FC865F267F39AF7 | BASKET | DOUBLE_TWIST | CHANNEL | GOLD | KT_14 | 1ct | imgs:3
[01:22:06][PEAR] [3966] ? NIV-1FC865F267F39AF7 | BASKET | DOUBLE_TWIST | CHANNEL | GOLD | KT_14 | 1ct | imgs:3
[01:22:11][PEAR] [3967] ? NIV-10D42DC2DD7A4BC9 | BASKET | DOUBLE_TWIST | CHANNEL | GOLD | KT_18 | 1ct | imgs:1
[01:22:15][PEAR] [3968] ? NIV-10D42DC2DD7A4BC9 | BASKET | DOUBLE_TWIST | CHANNEL | GOLD | KT_18 | 1ct | imgs:3
[01:22:18][PEAR] [3969] ? NIV-10D42DC2DD7A4BC9 | BASKET | DOUBLE_TWIST | CHANNEL | GOLD | KT_18 | 1ct | imgs:3
[01:22:21][PEAR] [3970] ? NIV-44BE951073578C5A | BASKET | DOUBLE_TWIST | CHANNEL | GOLD | KT_18 | 1ct | imgs:3
[01:22:24][PEAR] [3971] ? NIV-44BE951073578C5A | BASKET | DOUBLE_TWIST | CHANNEL | GOLD | KT_18 | 1ct | imgs:3
[01:22:27][PEAR] [3972] ? NIV-44BE951073578C5A | BASKET | DOUBLE_TWIST | CHANNEL | GOLD | KT_18 | 1ct | imgs:3
[01:22:30][PEAR] [3973] ? NIV-D186AAE6F49A1D87 | BASKET | DOUBLE_TWIST | CHANNEL | GOLD | KT_18 | 1ct | imgs:3
[01:22:33][PEAR] [3974] ? NIV-D186AAE6F49A1D87 | BASKET | DOUBLE_TWIST | CHANNEL | GOLD | KT_18 | 1ct | imgs:3
[01:22:39][PEAR] [3975] ? NIV-D186AAE6F49A1D87 | BASKET | DOUBLE_TWIST | CHANNEL | GOLD | KT_18 | 1ct | imgs:3
[01:22:42][PEAR] [3976] ? NIV-06402D93B9E6FAFA | BASKET | DOUBLE_TWIST | CHANNEL | PLATINUM | PT_950 | 1ct | imgs:3
[01:22:45][PEAR] [3977] ? NIV-D3F14222DFE943B6 | BASKET | DOUBLE_TWIST | CHANNEL | GOLD | KT_10 | 1ct | imgs:3
[01:22:48][PEAR] [3978] ? NIV-D3F14222DFE943B6 | BASKET | DOUBLE_TWIST | CHANNEL | GOLD | KT_10 | 1ct | imgs:3
[01:22:54][PEAR] [3979] ? NIV-D3F14222DFE943B6 | BASKET | DOUBLE_TWIST | CHANNEL | GOLD | KT_10 | 1ct | imgs:3
[01:22:57][PEAR] [3980] ? NIV-635B708086093E66 | BASKET | DOUBLE_TWIST | CHANNEL | GOLD | KT_10 | 1ct | imgs:3
[01:23:00][PEAR] [3981] ? NIV-635B708086093E66 | BASKET | DOUBLE_TWIST | CHANNEL | GOLD | KT_10 | 1ct | imgs:3
[01:23:06][PEAR] [3982] ? NIV-635B708086093E66 | BASKET | DOUBLE_TWIST | CHANNEL | GOLD | KT_10 | 1ct | imgs:3
[01:23:09][PEAR] [3983] ? NIV-8227152D3DB249CC | BASKET | DOUBLE_TWIST | CHANNEL | GOLD | KT_10 | 1ct | imgs:3
[01:23:12][PEAR] [3984] ? NIV-8227152D3DB249CC | BASKET | DOUBLE_TWIST | CHANNEL | GOLD | KT_10 | 1ct | imgs:3
[01:23:15][PEAR] [3985] ? NIV-8227152D3DB249CC | BASKET | DOUBLE_TWIST | CHANNEL | GOLD | KT_10 | 1ct | imgs:3
[01:23:18][PEAR] [3986] ? NIV-19040E8E92A691DC | BASKET | DOUBLE_TWIST | CHANNEL | GOLD | KT_14 | 1ct | imgs:3
[01:23:21][PEAR] [3987] ? NIV-19040E8E92A691DC | BASKET | DOUBLE_TWIST | CHANNEL | GOLD | KT_14 | 1ct | imgs:3
[01:23:27][PEAR] [3988] ? NIV-19040E8E92A691DC | BASKET | DOUBLE_TWIST | CHANNEL | GOLD | KT_14 | 1ct | imgs:3
[01:23:30][PEAR] [3989] ? NIV-383C6A387F143FD8 | BASKET | DOUBLE_TWIST | CHANNEL | GOLD | KT_14 | 1ct | imgs:3
[01:23:33][PEAR] [3990] ? NIV-383C6A387F143FD8 | BASKET | DOUBLE_TWIST | CHANNEL | GOLD | KT_14 | 1ct | imgs:3
[01:23:39][PEAR] [3991] ? NIV-383C6A387F143FD8 | BASKET | DOUBLE_TWIST | CHANNEL | GOLD | KT_14 | 1ct | imgs:3
[01:23:42][PEAR] [3992] ? NIV-1FAC42DA8388EDC5 | BASKET | DOUBLE_TWIST | CHANNEL | GOLD | KT_14 | 1ct | imgs:3
[01:23:45][PEAR] [3993] ? NIV-1FAC42DA8388EDC5 | BASKET | DOUBLE_TWIST | CHANNEL | GOLD | KT_14 | 1ct | imgs:3
[01:23:48][PEAR] [3994] ? NIV-1FAC42DA8388EDC5 | BASKET | DOUBLE_TWIST | CHANNEL | GOLD | KT_14 | 1ct | imgs:3
[01:23:54][PEAR] [3995] ? NIV-5D08D85599322C83 | BASKET | DOUBLE_TWIST | CHANNEL | GOLD | KT_18 | 1ct | imgs:3
[01:23:57][PEAR] [3996] ? NIV-5D08D85599322C83 | BASKET | DOUBLE_TWIST | CHANNEL | GOLD | KT_18 | 1ct | imgs:3
[01:24:00][PEAR] [3997] ? NIV-5D08D85599322C83 | BASKET | DOUBLE_TWIST | CHANNEL | GOLD | KT_18 | 1ct | imgs:3
[01:24:03][PEAR] [3998] ? NIV-AD51CE790E2EEF09 | BASKET | DOUBLE_TWIST | CHANNEL | GOLD | KT_18 | 1ct | imgs:3
[01:24:06][PEAR] [3999] ? NIV-AD51CE790E2EEF09 | BASKET | DOUBLE_TWIST | CHANNEL | GOLD | KT_18 | 1ct | imgs:3
[01:24:12][PEAR] [4000] ? NIV-AD51CE790E2EEF09 | BASKET | DOUBLE_TWIST | CHANNEL | GOLD | KT_18 | 1ct | imgs:3
[01:24:15][PEAR] [4001] ? NIV-A943F47212BAC3B4 | BASKET | DOUBLE_TWIST | CHANNEL | GOLD | KT_18 | 1ct | imgs:3
[01:24:18][PEAR] [4002] ? NIV-A943F47212BAC3B4 | BASKET | DOUBLE_TWIST | CHANNEL | GOLD | KT_18 | 1ct | imgs:3
[01:24:21][PEAR] [4003] ? NIV-A943F47212BAC3B4 | BASKET | DOUBLE_TWIST | CHANNEL | GOLD | KT_18 | 1ct | imgs:3
[01:24:24][PEAR] [4004] ? NIV-2232B5C3B3E17E1F | BASKET | DOUBLE_TWIST | CHANNEL | PLATINUM | PT_950 | 1ct | imgs:3
[01:24:30][PEAR] [4005] ? NIV-929E95C88C2CCB73 | BASKET | DOUBLE_TWIST | CHANNEL | GOLD | KT_10 | 1ct | imgs:3
[01:24:33][PEAR] [4006] ? NIV-929E95C88C2CCB73 | BASKET | DOUBLE_TWIST | CHANNEL | GOLD | KT_10 | 1ct | imgs:3
[01:24:39][PEAR] [4007] ? NIV-929E95C88C2CCB73 | BASKET | DOUBLE_TWIST | CHANNEL | GOLD | KT_10 | 1ct | imgs:3
[01:24:42][PEAR] [4008] ? NIV-49A24A6C653F5E8E | BASKET | DOUBLE_TWIST | CHANNEL | GOLD | KT_10 | 1ct | imgs:3
[01:24:45][PEAR] [4009] ? NIV-49A24A6C653F5E8E | BASKET | DOUBLE_TWIST | CHANNEL | GOLD | KT_10 | 1ct | imgs:3
[01:24:48][PEAR] [4010] ? NIV-49A24A6C653F5E8E | BASKET | DOUBLE_TWIST | CHANNEL | GOLD | KT_10 | 1ct | imgs:3
[01:24:51][PEAR] [4011] ? NIV-CA0D93313E6506F8 | BASKET | DOUBLE_TWIST | CHANNEL | GOLD | KT_10 | 1ct | imgs:1
[01:24:54][PEAR] [4012] ? NIV-CA0D93313E6506F8 | BASKET | DOUBLE_TWIST | CHANNEL | GOLD | KT_10 | 1ct | imgs:3
[01:25:00][PEAR] [4013] ? NIV-CA0D93313E6506F8 | BASKET | DOUBLE_TWIST | CHANNEL | GOLD | KT_10 | 1ct | imgs:3
[01:25:03][PEAR] [4014] ? NIV-429220200F7E1A8E | BASKET | DOUBLE_TWIST | CHANNEL | GOLD | KT_14 | 1ct | imgs:3
[01:25:09][PEAR] [4015] ? NIV-429220200F7E1A8E | BASKET | DOUBLE_TWIST | CHANNEL | GOLD | KT_14 | 1ct | imgs:3
[01:25:12][PEAR] [4016] ? NIV-429220200F7E1A8E | BASKET | DOUBLE_TWIST | CHANNEL | GOLD | KT_14 | 1ct | imgs:3
[01:25:15][PEAR] [4017] ? NIV-762D46B38C3753A8 | BASKET | DOUBLE_TWIST | CHANNEL | GOLD | KT_14 | 1ct | imgs:3
[01:25:18][PEAR] [4018] ? NIV-762D46B38C3753A8 | BASKET | DOUBLE_TWIST | CHANNEL | GOLD | KT_14 | 1ct | imgs:3
[01:25:24][PEAR] [4019] ? NIV-762D46B38C3753A8 | BASKET | DOUBLE_TWIST | CHANNEL | GOLD | KT_14 | 1ct | imgs:3
[01:25:27][PEAR] [4020] ? NIV-D9ACA9A068AC9C58 | BASKET | DOUBLE_TWIST | CHANNEL | GOLD | KT_14 | 1ct | imgs:3
[01:25:30][PEAR] [4021] ? NIV-D9ACA9A068AC9C58 | BASKET | DOUBLE_TWIST | CHANNEL | GOLD | KT_14 | 1ct | imgs:3
[01:25:36][PEAR] [4022] ? NIV-D9ACA9A068AC9C58 | BASKET | DOUBLE_TWIST | CHANNEL | GOLD | KT_14 | 1ct | imgs:3
[01:25:39][PEAR] [4023] ? NIV-BCE7F0912DB58FD0 | BASKET | DOUBLE_TWIST | CHANNEL | GOLD | KT_18 | 1ct | imgs:3
[01:25:45][PEAR] [4024] ? NIV-BCE7F0912DB58FD0 | BASKET | DOUBLE_TWIST | CHANNEL | GOLD | KT_18 | 1ct | imgs:3
[01:25:48][PEAR] [4025] ? NIV-BCE7F0912DB58FD0 | BASKET | DOUBLE_TWIST | CHANNEL | GOLD | KT_18 | 1ct | imgs:3
[01:25:52][PEAR] [4026] ? NIV-FDC7C8C9BF3A490D | BASKET | DOUBLE_TWIST | CHANNEL | GOLD | KT_18 | 1ct | imgs:1
[01:25:57][PEAR] [4027] ? NIV-FDC7C8C9BF3A490D | BASKET | DOUBLE_TWIST | CHANNEL | GOLD | KT_18 | 1ct | imgs:3
[01:26:00][PEAR] [4028] ? NIV-FDC7C8C9BF3A490D | BASKET | DOUBLE_TWIST | CHANNEL | GOLD | KT_18 | 1ct | imgs:3
[01:26:03][PEAR] [4029] ? NIV-A930BEAD60C289E5 | BASKET | DOUBLE_TWIST | CHANNEL | GOLD | KT_18 | 1ct | imgs:3
[01:26:06][PEAR] [4030] ? NIV-A930BEAD60C289E5 | BASKET | DOUBLE_TWIST | CHANNEL | GOLD | KT_18 | 1ct | imgs:3
[01:26:12][PEAR] [4031] ? NIV-A930BEAD60C289E5 | BASKET | DOUBLE_TWIST | CHANNEL | GOLD | KT_18 | 1ct | imgs:3
[01:26:15][PEAR] [4032] ? NIV-A795C490A581F7B7 | BASKET | DOUBLE_TWIST | CHANNEL | PLATINUM | PT_950 | 1ct | imgs:3
[01:26:24][PEAR] [4033] ? NIV-99AB1B49E0D41887 | BASKET | DOUBLE_TWIST | CHANNEL | GOLD | KT_10 | 1ct | imgs:3
[01:26:27][PEAR] [4034] ? NIV-99AB1B49E0D41887 | BASKET | DOUBLE_TWIST | CHANNEL | GOLD | KT_10 | 1ct | imgs:3
[01:26:33][PEAR] [4035] ? NIV-99AB1B49E0D41887 | BASKET | DOUBLE_TWIST | CHANNEL | GOLD | KT_10 | 1ct | imgs:3
[01:26:36][PEAR] [4036] ? NIV-F4D3BEE0C4121151 | BASKET | DOUBLE_TWIST | CHANNEL | GOLD | KT_10 | 1ct | imgs:3
[01:26:39][PEAR] [4037] ? NIV-F4D3BEE0C4121151 | BASKET | DOUBLE_TWIST | CHANNEL | GOLD | KT_10 | 1ct | imgs:3
[01:26:42][PEAR] [4038] ? NIV-F4D3BEE0C4121151 | BASKET | DOUBLE_TWIST | CHANNEL | GOLD | KT_10 | 1ct | imgs:3
[01:26:45][PEAR] [4039] ? NIV-6B3D1B4BED36F81B | BASKET | DOUBLE_TWIST | CHANNEL | GOLD | KT_10 | 1ct | imgs:3
[01:26:48][PEAR] [4040] ? NIV-6B3D1B4BED36F81B | BASKET | DOUBLE_TWIST | CHANNEL | GOLD | KT_10 | 1ct | imgs:3
[01:26:51][PEAR] [4041] ? NIV-6B3D1B4BED36F81B | BASKET | DOUBLE_TWIST | CHANNEL | GOLD | KT_10 | 1ct | imgs:3
[01:26:54][PEAR] [4042] ? NIV-2318D089F96C0A2C | BASKET | DOUBLE_TWIST | CHANNEL | GOLD | KT_14 | 1ct | imgs:3
[01:26:57][PEAR] [4043] ? NIV-2318D089F96C0A2C | BASKET | DOUBLE_TWIST | CHANNEL | GOLD | KT_14 | 1ct | imgs:3
[01:27:03][PEAR] [4044] ? NIV-2318D089F96C0A2C | BASKET | DOUBLE_TWIST | CHANNEL | GOLD | KT_14 | 1ct | imgs:3
[01:27:06][PEAR] [4045] ? NIV-D672ECDACC64B5FF | BASKET | DOUBLE_TWIST | CHANNEL | GOLD | KT_14 | 1ct | imgs:2
[01:27:09][PEAR] [4046] ? NIV-D672ECDACC64B5FF | BASKET | DOUBLE_TWIST | CHANNEL | GOLD | KT_14 | 1ct | imgs:3
[01:27:15][PEAR] [4047] ? NIV-D672ECDACC64B5FF | BASKET | DOUBLE_TWIST | CHANNEL | GOLD | KT_14 | 1ct | imgs:3
[01:27:18][PEAR] [4048] ? NIV-A64D38CC875C074C | BASKET | DOUBLE_TWIST | CHANNEL | GOLD | KT_14 | 1ct | imgs:3
[01:27:21][PEAR] [4049] ? NIV-A64D38CC875C074C | BASKET | DOUBLE_TWIST | CHANNEL | GOLD | KT_14 | 1ct | imgs:3
[01:27:24][PEAR] [4050] ? NIV-A64D38CC875C074C | BASKET | DOUBLE_TWIST | CHANNEL | GOLD | KT_14 | 1ct | imgs:3
[01:27:27][PEAR] [4051] ? NIV-9719386E6AFEBDF8 | BASKET | DOUBLE_TWIST | CHANNEL | GOLD | KT_18 | 1ct | imgs:3
[01:27:31][PEAR] [4052] ? NIV-9719386E6AFEBDF8 | BASKET | DOUBLE_TWIST | CHANNEL | GOLD | KT_18 | 1ct | imgs:3
[01:27:36][PEAR] [4053] ? NIV-9719386E6AFEBDF8 | BASKET | DOUBLE_TWIST | CHANNEL | GOLD | KT_18 | 1ct | imgs:3
[01:27:39][PEAR] [4054] ? NIV-9FD0640375C61634 | BASKET | DOUBLE_TWIST | CHANNEL | GOLD | KT_18 | 1ct | imgs:3
[01:27:42][PEAR] [4055] ? NIV-9FD0640375C61634 | BASKET | DOUBLE_TWIST | CHANNEL | GOLD | KT_18 | 1ct | imgs:3
[01:27:46][PEAR] [4056] ? NIV-9FD0640375C61634 | BASKET | DOUBLE_TWIST | CHANNEL | GOLD | KT_18 | 1ct | imgs:3
[01:27:48][PEAR] [4057] ? NIV-1B261146752AFC8F | BASKET | DOUBLE_TWIST | CHANNEL | GOLD | KT_18 | 1ct | imgs:3
[01:27:51][PEAR] [4058] ? NIV-1B261146752AFC8F | BASKET | DOUBLE_TWIST | CHANNEL | GOLD | KT_18 | 1ct | imgs:3
[01:27:55][PEAR] [4059] ? NIV-1B261146752AFC8F | BASKET | DOUBLE_TWIST | CHANNEL | GOLD | KT_18 | 1ct | imgs:3
[01:28:00][PEAR] [4060] ? NIV-6CD2960F24C74292 | BASKET | DOUBLE_TWIST | CHANNEL | PLATINUM | PT_950 | 1ct | imgs:3
[01:28:06][PEAR] [4061] ? NIV-BDA02F4AFEB65C16 | BASKET | DOUBLE_TWIST | CHANNEL | GOLD | KT_10 | 1ct | imgs:3
[01:28:10][PEAR] [4062] ? NIV-BDA02F4AFEB65C16 | BASKET | DOUBLE_TWIST | CHANNEL | GOLD | KT_10 | 1ct | imgs:3
[01:28:15][PEAR] [4063] ? NIV-BDA02F4AFEB65C16 | BASKET | DOUBLE_TWIST | CHANNEL | GOLD | KT_10 | 1ct | imgs:3
[01:28:18][PEAR] [4064] ? NIV-F16D192459760908 | BASKET | DOUBLE_TWIST | CHANNEL | GOLD | KT_10 | 1ct | imgs:3
[01:28:21][PEAR] [4065] ? NIV-F16D192459760908 | BASKET | DOUBLE_TWIST | CHANNEL | GOLD | KT_10 | 1ct | imgs:3
[01:28:24][PEAR] [4066] ? NIV-F16D192459760908 | BASKET | DOUBLE_TWIST | CHANNEL | GOLD | KT_10 | 1ct | imgs:3
[01:28:27][PEAR] [4067] ? NIV-884E6181EE7BD64C | BASKET | DOUBLE_TWIST | CHANNEL | GOLD | KT_10 | 1ct | imgs:3
[01:28:30][PEAR] [4068] ? NIV-884E6181EE7BD64C | BASKET | DOUBLE_TWIST | CHANNEL | GOLD | KT_10 | 1ct | imgs:3
[01:28:36][PEAR] [4069] ? NIV-884E6181EE7BD64C | BASKET | DOUBLE_TWIST | CHANNEL | GOLD | KT_10 | 1ct | imgs:3
[01:28:39][PEAR] [4070] ? NIV-62CCE1218339A122 | BASKET | DOUBLE_TWIST | CHANNEL | GOLD | KT_14 | 1ct | imgs:3
[01:28:42][PEAR] [4071] ? NIV-62CCE1218339A122 | BASKET | DOUBLE_TWIST | CHANNEL | GOLD | KT_14 | 1ct | imgs:3
[01:28:45][PEAR] [4072] ? NIV-62CCE1218339A122 | BASKET | DOUBLE_TWIST | CHANNEL | GOLD | KT_14 | 1ct | imgs:3
[01:28:48][PEAR] [4073] ? NIV-97362DF09D5BB485 | BASKET | DOUBLE_TWIST | CHANNEL | GOLD | KT_14 | 1ct | imgs:3
[01:28:51][PEAR] [4074] ? NIV-97362DF09D5BB485 | BASKET | DOUBLE_TWIST | CHANNEL | GOLD | KT_14 | 1ct | imgs:3
[01:28:54][PEAR] [4075] ? NIV-97362DF09D5BB485 | BASKET | DOUBLE_TWIST | CHANNEL | GOLD | KT_14 | 1ct | imgs:3
[01:28:57][PEAR] [4076] ? NIV-72EFA0207B54226B | BASKET | DOUBLE_TWIST | CHANNEL | GOLD | KT_14 | 1ct | imgs:3
[01:29:00][PEAR] [4077] ? NIV-72EFA0207B54226B | BASKET | DOUBLE_TWIST | CHANNEL | GOLD | KT_14 | 1ct | imgs:3
[01:29:06][PEAR] [4078] ? NIV-72EFA0207B54226B | BASKET | DOUBLE_TWIST | CHANNEL | GOLD | KT_14 | 1ct | imgs:3
[01:29:09][PEAR] [4079] ? NIV-10E8E7F6F8E44918 | BASKET | DOUBLE_TWIST | CHANNEL | GOLD | KT_18 | 1ct | imgs:3
[01:29:12][PEAR] [4080] ? NIV-10E8E7F6F8E44918 | BASKET | DOUBLE_TWIST | CHANNEL | GOLD | KT_18 | 1ct | imgs:3
[01:29:18][PEAR] [4081] ? NIV-10E8E7F6F8E44918 | BASKET | DOUBLE_TWIST | CHANNEL | GOLD | KT_18 | 1ct | imgs:3
[01:29:21][PEAR] [4082] ? NIV-6102409D5352992E | BASKET | DOUBLE_TWIST | CHANNEL | GOLD | KT_18 | 1ct | imgs:3
[01:29:24][PEAR] [4083] ? NIV-6102409D5352992E | BASKET | DOUBLE_TWIST | CHANNEL | GOLD | KT_18 | 1ct | imgs:3
[01:29:30][PEAR] [4084] ? NIV-6102409D5352992E | BASKET | DOUBLE_TWIST | CHANNEL | GOLD | KT_18 | 1ct | imgs:3
[01:29:33][PEAR] [4085] ? NIV-DF94F095BD4BC0D4 | BASKET | DOUBLE_TWIST | CHANNEL | GOLD | KT_18 | 1ct | imgs:3
[01:29:36][PEAR] [4086] ? NIV-DF94F095BD4BC0D4 | BASKET | DOUBLE_TWIST | CHANNEL | GOLD | KT_18 | 1ct | imgs:3
[01:29:39][PEAR] [4087] ? NIV-DF94F095BD4BC0D4 | BASKET | DOUBLE_TWIST | CHANNEL | GOLD | KT_18 | 1ct | imgs:3
[01:29:42][PEAR] [4088] ? NIV-8DB1EBC88B235CE6 | BASKET | DOUBLE_TWIST | CHANNEL | PLATINUM | PT_950 | 1ct | imgs:3
[01:29:48][PEAR] [4089] ? NIV-AE40BD4923877D89 | BASKET | DOUBLE_TWIST | CHANNEL | GOLD | KT_10 | 1ct | imgs:3
[01:29:51][PEAR] [4090] ? NIV-AE40BD4923877D89 | BASKET | DOUBLE_TWIST | CHANNEL | GOLD | KT_10 | 1ct | imgs:3
[01:29:57][PEAR] [4091] ? NIV-AE40BD4923877D89 | BASKET | DOUBLE_TWIST | CHANNEL | GOLD | KT_10 | 1ct | imgs:3
[01:30:02][PEAR] [4092] ? NIV-5836D3EB72DDDB2B | BASKET | DOUBLE_TWIST | CHANNEL | GOLD | KT_10 | 1ct | imgs:3
[01:30:06][PEAR] [4093] ? NIV-5836D3EB72DDDB2B | BASKET | DOUBLE_TWIST | CHANNEL | GOLD | KT_10 | 1ct | imgs:3
[01:30:09][PEAR] [4094] ? NIV-5836D3EB72DDDB2B | BASKET | DOUBLE_TWIST | CHANNEL | GOLD | KT_10 | 1ct | imgs:3
[01:30:12][PEAR] [4095] ? NIV-8C8E572E90ECC285 | BASKET | DOUBLE_TWIST | CHANNEL | GOLD | KT_10 | 1ct | imgs:3
[01:30:18][PEAR] [4096] ? NIV-8C8E572E90ECC285 | BASKET | DOUBLE_TWIST | CHANNEL | GOLD | KT_10 | 1ct | imgs:3
[01:30:21][PEAR] [4097] ? NIV-8C8E572E90ECC285 | BASKET | DOUBLE_TWIST | CHANNEL | GOLD | KT_10 | 1ct | imgs:3
[01:30:27][PEAR] [4098] ? NIV-94762A4652719BA8 | BASKET | DOUBLE_TWIST | CHANNEL | GOLD | KT_14 | 1ct | imgs:3
[01:30:30][PEAR] [4099] ? NIV-94762A4652719BA8 | BASKET | DOUBLE_TWIST | CHANNEL | GOLD | KT_14 | 1ct | imgs:3
[01:30:36][PEAR] [4100] ? NIV-94762A4652719BA8 | BASKET | DOUBLE_TWIST | CHANNEL | GOLD | KT_14 | 1ct | imgs:3
[01:30:39][PEAR] [4101] ? NIV-5EAE752E37D34701 | BASKET | DOUBLE_TWIST | CHANNEL | GOLD | KT_14 | 1ct | imgs:3
[01:30:42][PEAR] [4102] ? NIV-5EAE752E37D34701 | BASKET | DOUBLE_TWIST | CHANNEL | GOLD | KT_14 | 1ct | imgs:3
[01:30:45][PEAR] [4103] ? NIV-5EAE752E37D34701 | BASKET | DOUBLE_TWIST | CHANNEL | GOLD | KT_14 | 1ct | imgs:3
[01:30:48][PEAR] [4104] ? NIV-9CDE64C67AC69C25 | BASKET | DOUBLE_TWIST | CHANNEL | GOLD | KT_14 | 1ct | imgs:3
[01:30:51][PEAR] [4105] ? NIV-9CDE64C67AC69C25 | BASKET | DOUBLE_TWIST | CHANNEL | GOLD | KT_14 | 1ct | imgs:3
[01:30:57][PEAR] [4106] ? NIV-9CDE64C67AC69C25 | BASKET | DOUBLE_TWIST | CHANNEL | GOLD | KT_14 | 1ct | imgs:3
[01:31:01][PEAR] [4107] ? NIV-5AC978F04DB51636 | BASKET | DOUBLE_TWIST | CHANNEL | GOLD | KT_18 | 1ct | imgs:1
[01:31:06][PEAR] [4108] ? NIV-5AC978F04DB51636 | BASKET | DOUBLE_TWIST | CHANNEL | GOLD | KT_18 | 1ct | imgs:3
[01:31:09][PEAR] [4109] ? NIV-5AC978F04DB51636 | BASKET | DOUBLE_TWIST | CHANNEL | GOLD | KT_18 | 1ct | imgs:3
[01:31:12][PEAR] [4110] ? NIV-92285F0D6681E0D4 | BASKET | DOUBLE_TWIST | CHANNEL | GOLD | KT_18 | 1ct | imgs:3
[01:31:15][PEAR] [4111] ? NIV-92285F0D6681E0D4 | BASKET | DOUBLE_TWIST | CHANNEL | GOLD | KT_18 | 1ct | imgs:3
[01:31:18][PEAR] [4112] ? NIV-92285F0D6681E0D4 | BASKET | DOUBLE_TWIST | CHANNEL | GOLD | KT_18 | 1ct | imgs:3
[01:31:21][PEAR] [4113] ? NIV-F8F1E6FCA89593CD | BASKET | DOUBLE_TWIST | CHANNEL | GOLD | KT_18 | 1ct | imgs:3
[01:31:25][PEAR] [4114] ? NIV-F8F1E6FCA89593CD | BASKET | DOUBLE_TWIST | CHANNEL | GOLD | KT_18 | 1ct | imgs:3
[01:31:30][PEAR] [4115] ? NIV-F8F1E6FCA89593CD | BASKET | DOUBLE_TWIST | CHANNEL | GOLD | KT_18 | 1ct | imgs:3
[01:31:33][PEAR] [4116] ? NIV-7D1CD06C23D76ACD | BASKET | DOUBLE_TWIST | CHANNEL | PLATINUM | PT_950 | 1ct | imgs:3
[01:31:39][PEAR] [4117] ? NIV-B2967BAB53E6F70C | BASKET | DOUBLE_TWIST | CHANNEL | GOLD | KT_10 | 1ct | imgs:3
[01:31:42][PEAR] [4118] ? NIV-B2967BAB53E6F70C | BASKET | DOUBLE_TWIST | CHANNEL | GOLD | KT_10 | 1ct | imgs:3
[01:31:48][PEAR] [4119] ? NIV-B2967BAB53E6F70C | BASKET | DOUBLE_TWIST | CHANNEL | GOLD | KT_10 | 1ct | imgs:3
[01:31:51][PEAR] [4120] ? NIV-38CA17E3DCE931BC | BASKET | DOUBLE_TWIST | CHANNEL | GOLD | KT_10 | 1ct | imgs:3
[01:31:57][PEAR] [4121] ? NIV-38CA17E3DCE931BC | BASKET | DOUBLE_TWIST | CHANNEL | GOLD | KT_10 | 1ct | imgs:3
[01:32:00][PEAR] [4122] ? NIV-38CA17E3DCE931BC | BASKET | DOUBLE_TWIST | CHANNEL | GOLD | KT_10 | 1ct | imgs:3
[01:32:03][PEAR] [4123] ? NIV-4DE1DEDD66098BAC | BASKET | DOUBLE_TWIST | CHANNEL | GOLD | KT_10 | 1ct | imgs:3
[01:32:06][PEAR] [4124] ? NIV-4DE1DEDD66098BAC | BASKET | DOUBLE_TWIST | CHANNEL | GOLD | KT_10 | 1ct | imgs:3
[01:32:09][PEAR] [4125] ? NIV-4DE1DEDD66098BAC | BASKET | DOUBLE_TWIST | CHANNEL | GOLD | KT_10 | 1ct | imgs:3
[01:32:12][PEAR] [4126] ? NIV-74F3FB75F65DA738 | BASKET | DOUBLE_TWIST | CHANNEL | GOLD | KT_14 | 1ct | imgs:3
[01:32:15][PEAR] [4127] ? NIV-74F3FB75F65DA738 | BASKET | DOUBLE_TWIST | CHANNEL | GOLD | KT_14 | 1ct | imgs:3
[01:32:21][PEAR] [4128] ? NIV-74F3FB75F65DA738 | BASKET | DOUBLE_TWIST | CHANNEL | GOLD | KT_14 | 1ct | imgs:3
[01:32:24][PEAR] [4129] ? NIV-96817BB904A9FDCD | BASKET | DOUBLE_TWIST | CHANNEL | GOLD | KT_14 | 1ct | imgs:3
[01:32:27][PEAR] [4130] ? NIV-96817BB904A9FDCD | BASKET | DOUBLE_TWIST | CHANNEL | GOLD | KT_14 | 1ct | imgs:3
[01:32:33][PEAR] [4131] ? NIV-96817BB904A9FDCD | BASKET | DOUBLE_TWIST | CHANNEL | GOLD | KT_14 | 1ct | imgs:3
[01:32:36][PEAR] [4132] ? NIV-4D52A026E37B838D | BASKET | DOUBLE_TWIST | CHANNEL | GOLD | KT_14 | 1ct | imgs:3
[01:32:39][PEAR] [4133] ? NIV-4D52A026E37B838D | BASKET | DOUBLE_TWIST | CHANNEL | GOLD | KT_14 | 1ct | imgs:3
[01:32:45][PEAR] [4134] ? NIV-4D52A026E37B838D | BASKET | DOUBLE_TWIST | CHANNEL | GOLD | KT_14 | 1ct | imgs:3
[01:32:48][PEAR] [4135] ? NIV-AF758180F97B4630 | BASKET | DOUBLE_TWIST | CHANNEL | GOLD | KT_18 | 1ct | imgs:3
[01:32:54][PEAR] [4136] ? NIV-AF758180F97B4630 | BASKET | DOUBLE_TWIST | CHANNEL | GOLD | KT_18 | 1ct | imgs:3
[01:32:57][PEAR] [4137] ? NIV-AF758180F97B4630 | BASKET | DOUBLE_TWIST | CHANNEL | GOLD | KT_18 | 1ct | imgs:3
[01:33:00][PEAR] [4138] ? NIV-80A06CF5ACC8A079 | BASKET | DOUBLE_TWIST | CHANNEL | GOLD | KT_18 | 1ct | imgs:1
[01:33:06][PEAR] [4139] ? NIV-80A06CF5ACC8A079 | BASKET | DOUBLE_TWIST | CHANNEL | GOLD | KT_18 | 1ct | imgs:3
[01:33:09][PEAR] [4140] ? NIV-80A06CF5ACC8A079 | BASKET | DOUBLE_TWIST | CHANNEL | GOLD | KT_18 | 1ct | imgs:3
[01:33:12][PEAR] [4141] ? NIV-DD382A3F73F052CB | BASKET | DOUBLE_TWIST | CHANNEL | GOLD | KT_18 | 1ct | imgs:1
[01:33:15][PEAR] [4142] ? NIV-DD382A3F73F052CB | BASKET | DOUBLE_TWIST | CHANNEL | GOLD | KT_18 | 1ct | imgs:3
[01:33:18][PEAR] [4143] ? NIV-DD382A3F73F052CB | BASKET | DOUBLE_TWIST | CHANNEL | GOLD | KT_18 | 1ct | imgs:3
[01:33:21][PEAR] [4144] ? NIV-F9BBC5063AFCAC88 | BASKET | DOUBLE_TWIST | CHANNEL | PLATINUM | PT_950 | 1ct | imgs:3
[01:33:24][PEAR] [4145] ? NIV-F1C461EFA4C67DFC | BASKET | DOUBLE_TWIST | CHANNEL | GOLD | KT_10 | 1ct | imgs:3
[01:33:30][PEAR] [4146] ? NIV-F1C461EFA4C67DFC | BASKET | DOUBLE_TWIST | CHANNEL | GOLD | KT_10 | 1ct | imgs:3
[01:33:33][PEAR] [4147] ? NIV-F1C461EFA4C67DFC | BASKET | DOUBLE_TWIST | CHANNEL | GOLD | KT_10 | 1ct | imgs:3
[01:33:36][PEAR] [4148] ? NIV-758CA88EA48FF56F | BASKET | DOUBLE_TWIST | CHANNEL | GOLD | KT_10 | 1ct | imgs:3
[01:33:39][PEAR] [4149] ? NIV-758CA88EA48FF56F | BASKET | DOUBLE_TWIST | CHANNEL | GOLD | KT_10 | 1ct | imgs:3
[01:33:42][PEAR] [4150] ? NIV-758CA88EA48FF56F | BASKET | DOUBLE_TWIST | CHANNEL | GOLD | KT_10 | 1ct | imgs:3
[01:33:45][PEAR] [4151] ? NIV-5289015434049C29 | BASKET | DOUBLE_TWIST | CHANNEL | GOLD | KT_10 | 1ct | imgs:3
[01:33:48][PEAR] [4152] ? NIV-5289015434049C29 | BASKET | DOUBLE_TWIST | CHANNEL | GOLD | KT_10 | 1ct | imgs:3
[01:33:54][PEAR] [4153] ? NIV-5289015434049C29 | BASKET | DOUBLE_TWIST | CHANNEL | GOLD | KT_10 | 1ct | imgs:3
[01:33:57][PEAR] [4154] ? NIV-7CFCBAF3055C6321 | BASKET | DOUBLE_TWIST | CHANNEL | GOLD | KT_14 | 1ct | imgs:3
[01:34:00][PEAR] [4155] ? NIV-7CFCBAF3055C6321 | BASKET | DOUBLE_TWIST | CHANNEL | GOLD | KT_14 | 1ct | imgs:3
[01:34:06][PEAR] [4156] ? NIV-7CFCBAF3055C6321 | BASKET | DOUBLE_TWIST | CHANNEL | GOLD | KT_14 | 1ct | imgs:3
[01:34:09][PEAR] [4157] ? NIV-52D19EBDA6169843 | BASKET | DOUBLE_TWIST | CHANNEL | GOLD | KT_14 | 1ct | imgs:3
[01:34:12][PEAR] [4158] ? NIV-52D19EBDA6169843 | BASKET | DOUBLE_TWIST | CHANNEL | GOLD | KT_14 | 1ct | imgs:3
[01:34:15][PEAR] [4159] ? NIV-52D19EBDA6169843 | BASKET | DOUBLE_TWIST | CHANNEL | GOLD | KT_14 | 1ct | imgs:3
[01:34:18][PEAR] [4160] ? NIV-25EFECBBE1B42B8B | BASKET | DOUBLE_TWIST | CHANNEL | GOLD | KT_14 | 1ct | imgs:3
[01:34:24][PEAR] [4161] ? NIV-25EFECBBE1B42B8B | BASKET | DOUBLE_TWIST | CHANNEL | GOLD | KT_14 | 1ct | imgs:3
[01:34:27][PEAR] [4162] ? NIV-25EFECBBE1B42B8B | BASKET | DOUBLE_TWIST | CHANNEL | GOLD | KT_14 | 1ct | imgs:3
[01:34:33][PEAR] [4163] ? NIV-55F93F0D5CF61CC7 | BASKET | DOUBLE_TWIST | CHANNEL | GOLD | KT_18 | 1ct | imgs:3
[01:34:36][PEAR] [4164] ? NIV-55F93F0D5CF61CC7 | BASKET | DOUBLE_TWIST | CHANNEL | GOLD | KT_18 | 1ct | imgs:3
[01:34:42][PEAR] [4165] ? NIV-55F93F0D5CF61CC7 | BASKET | DOUBLE_TWIST | CHANNEL | GOLD | KT_18 | 1ct | imgs:3
[01:34:45][PEAR] [4166] ? NIV-4F2416DF2B496276 | BASKET | DOUBLE_TWIST | CHANNEL | GOLD | KT_18 | 1ct | imgs:3
[01:34:51][PEAR] [4167] ? NIV-4F2416DF2B496276 | BASKET | DOUBLE_TWIST | CHANNEL | GOLD | KT_18 | 1ct | imgs:3
[01:34:54][PEAR] [4168] ? NIV-4F2416DF2B496276 | BASKET | DOUBLE_TWIST | CHANNEL | GOLD | KT_18 | 1ct | imgs:3
[01:34:57][PEAR] [4169] ? NIV-F656598F3AD5EF62 | BASKET | DOUBLE_TWIST | CHANNEL | GOLD | KT_18 | 1ct | imgs:3
[01:35:00][PEAR] [4170] ? NIV-F656598F3AD5EF62 | BASKET | DOUBLE_TWIST | CHANNEL | GOLD | KT_18 | 1ct | imgs:3
[01:35:06][PEAR] [4171] ? NIV-F656598F3AD5EF62 | BASKET | DOUBLE_TWIST | CHANNEL | GOLD | KT_18 | 1ct | imgs:3
[01:35:09][PEAR] [4172] ? NIV-E10B77ABF14D3F4A | BASKET | DOUBLE_TWIST | CHANNEL | PLATINUM | PT_950 | 1ct | imgs:3
[01:35:15][PEAR] [4173] ? NIV-C2ECF3B90A7FB6DF | BASKET | DOUBLE_TWIST | CHANNEL | GOLD | KT_10 | 1ct | imgs:3
[01:35:18][PEAR] [4174] ? NIV-C2ECF3B90A7FB6DF | BASKET | DOUBLE_TWIST | CHANNEL | GOLD | KT_10 | 1ct | imgs:3
[01:35:21][PEAR] [4175] ? NIV-C2ECF3B90A7FB6DF | BASKET | DOUBLE_TWIST | CHANNEL | GOLD | KT_10 | 1ct | imgs:3
[01:35:24][PEAR] [4176] ? NIV-11521D69B68CC7AB | BASKET | DOUBLE_TWIST | CHANNEL | GOLD | KT_10 | 1ct | imgs:3
[01:35:27][PEAR] [4177] ? NIV-11521D69B68CC7AB | BASKET | DOUBLE_TWIST | CHANNEL | GOLD | KT_10 | 1ct | imgs:3
[01:35:33][PEAR] [4178] ? NIV-11521D69B68CC7AB | BASKET | DOUBLE_TWIST | CHANNEL | GOLD | KT_10 | 1ct | imgs:3
[01:35:39][PEAR] [4179] ? NIV-95BAC14929656FC4 | BASKET | DOUBLE_TWIST | CHANNEL | GOLD | KT_10 | 1ct | imgs:3
[01:35:45][PEAR] [4180] ? NIV-95BAC14929656FC4 | BASKET | DOUBLE_TWIST | CHANNEL | GOLD | KT_10 | 1ct | imgs:3
[01:35:51][PEAR] [4181] ? NIV-95BAC14929656FC4 | BASKET | DOUBLE_TWIST | CHANNEL | GOLD | KT_10 | 1ct | imgs:3
[01:35:54][PEAR] [4182] ? NIV-CFD4525800394926 | BASKET | DOUBLE_TWIST | CHANNEL | GOLD | KT_14 | 1ct | imgs:3
[01:35:57][PEAR] [4183] ? NIV-CFD4525800394926 | BASKET | DOUBLE_TWIST | CHANNEL | GOLD | KT_14 | 1ct | imgs:3
[01:36:03][PEAR] [4184] ? NIV-CFD4525800394926 | BASKET | DOUBLE_TWIST | CHANNEL | GOLD | KT_14 | 1ct | imgs:3
[01:36:06][PEAR] [4185] ? NIV-789F1104B1D1837D | BASKET | DOUBLE_TWIST | CHANNEL | GOLD | KT_14 | 1ct | imgs:3
[01:36:09][PEAR] [4186] ? NIV-789F1104B1D1837D | BASKET | DOUBLE_TWIST | CHANNEL | GOLD | KT_14 | 1ct | imgs:3
[01:36:12][PEAR] [4187] ? NIV-789F1104B1D1837D | BASKET | DOUBLE_TWIST | CHANNEL | GOLD | KT_14 | 1ct | imgs:3
[01:36:15][PEAR] [4188] ? NIV-50EEF58E2B308D3F | BASKET | DOUBLE_TWIST | CHANNEL | GOLD | KT_14 | 1ct | imgs:3
[01:36:18][PEAR] [4189] ? NIV-50EEF58E2B308D3F | BASKET | DOUBLE_TWIST | CHANNEL | GOLD | KT_14 | 1ct | imgs:3
[01:36:21][PEAR] [4190] ? NIV-50EEF58E2B308D3F | BASKET | DOUBLE_TWIST | CHANNEL | GOLD | KT_14 | 1ct | imgs:3
[01:36:27][PEAR] [4191] ? NIV-33372C7541C79CD7 | BASKET | DOUBLE_TWIST | CHANNEL | GOLD | KT_18 | 1ct | imgs:3
[01:36:33][PEAR] [4192] ? NIV-33372C7541C79CD7 | BASKET | DOUBLE_TWIST | CHANNEL | GOLD | KT_18 | 1ct | imgs:3
[01:36:36][PEAR] [4193] ? NIV-33372C7541C79CD7 | BASKET | DOUBLE_TWIST | CHANNEL | GOLD | KT_18 | 1ct | imgs:3
[01:36:39][PEAR] [4194] ? NIV-022C287DFA223749 | BASKET | DOUBLE_TWIST | CHANNEL | GOLD | KT_18 | 1ct | imgs:3
[01:36:42][PEAR] [4195] ? NIV-022C287DFA223749 | BASKET | DOUBLE_TWIST | CHANNEL | GOLD | KT_18 | 1ct | imgs:3
[01:36:45][PEAR] [4196] ? NIV-022C287DFA223749 | BASKET | DOUBLE_TWIST | CHANNEL | GOLD | KT_18 | 1ct | imgs:3
[01:36:48][PEAR] [4197] ? NIV-56AAC1EFDBA50AEA | BASKET | DOUBLE_TWIST | CHANNEL | GOLD | KT_18 | 1ct | imgs:3
[01:36:51][PEAR] [4198] ? NIV-56AAC1EFDBA50AEA | BASKET | DOUBLE_TWIST | CHANNEL | GOLD | KT_18 | 1ct | imgs:3
[01:36:54][PEAR] [4199] ? NIV-56AAC1EFDBA50AEA | BASKET | DOUBLE_TWIST | CHANNEL | GOLD | KT_18 | 1ct | imgs:3
[01:36:57][PEAR] [4200] ? NIV-BB694904C29DD808 | BASKET | DOUBLE_TWIST | CHANNEL | PLATINUM | PT_950 | 1ct | imgs:3
[01:37:03][PEAR] [4201] ? NIV-1044A37962F09E9B | BASKET | DOUBLE_TWIST | CHANNEL | GOLD | KT_10 | 1ct | imgs:3
[01:37:06][PEAR] [4202] ? NIV-1044A37962F09E9B | BASKET | DOUBLE_TWIST | CHANNEL | GOLD | KT_10 | 1ct | imgs:3
[01:37:09][PEAR] [4203] ? NIV-1044A37962F09E9B | BASKET | DOUBLE_TWIST | CHANNEL | GOLD | KT_10 | 1ct | imgs:3
[01:37:12][PEAR] [4204] ? NIV-4AAEB25F1B430C6F | BASKET | DOUBLE_TWIST | CHANNEL | GOLD | KT_10 | 1ct | imgs:3
[01:37:18][PEAR] [4205] ? NIV-4AAEB25F1B430C6F | BASKET | DOUBLE_TWIST | CHANNEL | GOLD | KT_10 | 1ct | imgs:3
[01:37:21][PEAR] [4206] ? NIV-4AAEB25F1B430C6F | BASKET | DOUBLE_TWIST | CHANNEL | GOLD | KT_10 | 1ct | imgs:3
[01:37:25][PEAR] [4207] ? NIV-7CCFC7235C29DB84 | BASKET | DOUBLE_TWIST | CHANNEL | GOLD | KT_10 | 1ct | imgs:2
[01:37:30][PEAR] [4208] ? NIV-7CCFC7235C29DB84 | BASKET | DOUBLE_TWIST | CHANNEL | GOLD | KT_10 | 1ct | imgs:3
[01:37:33][PEAR] [4209] ? NIV-7CCFC7235C29DB84 | BASKET | DOUBLE_TWIST | CHANNEL | GOLD | KT_10 | 1ct | imgs:3
[01:37:36][PEAR] [4210] ? NIV-4D05C3974211A090 | BASKET | DOUBLE_TWIST | CHANNEL | GOLD | KT_14 | 1ct | imgs:2
[01:37:42][PEAR] [4211] ? NIV-4D05C3974211A090 | BASKET | DOUBLE_TWIST | CHANNEL | GOLD | KT_14 | 1ct | imgs:3
[01:37:45][PEAR] [4212] ? NIV-4D05C3974211A090 | BASKET | DOUBLE_TWIST | CHANNEL | GOLD | KT_14 | 1ct | imgs:3
[01:37:48][PEAR] [4213] ? NIV-7F12E02EDADCC889 | BASKET | DOUBLE_TWIST | CHANNEL | GOLD | KT_14 | 1ct | imgs:3
[01:37:51][PEAR] [4214] ? NIV-7F12E02EDADCC889 | BASKET | DOUBLE_TWIST | CHANNEL | GOLD | KT_14 | 1ct | imgs:3
[01:37:57][PEAR] [4215] ? NIV-7F12E02EDADCC889 | BASKET | DOUBLE_TWIST | CHANNEL | GOLD | KT_14 | 1ct | imgs:3
[01:38:00][PEAR] [4216] ? NIV-2D002718E9EC7C7C | BASKET | DOUBLE_TWIST | CHANNEL | GOLD | KT_14 | 1ct | imgs:3
[01:38:03][PEAR] [4217] ? NIV-2D002718E9EC7C7C | BASKET | DOUBLE_TWIST | CHANNEL | GOLD | KT_14 | 1ct | imgs:3
[01:38:06][PEAR] [4218] ? NIV-2D002718E9EC7C7C | BASKET | DOUBLE_TWIST | CHANNEL | GOLD | KT_14 | 1ct | imgs:3
[01:38:09][PEAR] [4219] ? NIV-878BFD9D5F97A1CE | BASKET | DOUBLE_TWIST | CHANNEL | GOLD | KT_18 | 1ct | imgs:3
[01:38:12][PEAR] [4220] ? NIV-878BFD9D5F97A1CE | BASKET | DOUBLE_TWIST | CHANNEL | GOLD | KT_18 | 1ct | imgs:3
[01:38:18][PEAR] [4221] ? NIV-878BFD9D5F97A1CE | BASKET | DOUBLE_TWIST | CHANNEL | GOLD | KT_18 | 1ct | imgs:3
[01:38:21][PEAR] [4222] ? NIV-1CB6197BB9E8F49B | BASKET | DOUBLE_TWIST | CHANNEL | GOLD | KT_18 | 1ct | imgs:3
[01:38:27][PEAR] [4223] ? NIV-1CB6197BB9E8F49B | BASKET | DOUBLE_TWIST | CHANNEL | GOLD | KT_18 | 1ct | imgs:3
[01:38:33][PEAR] [4224] ? NIV-1CB6197BB9E8F49B | BASKET | DOUBLE_TWIST | CHANNEL | GOLD | KT_18 | 1ct | imgs:3
[01:38:36][PEAR] [4225] ? NIV-E6F266F3C83146B1 | BASKET | DOUBLE_TWIST | CHANNEL | GOLD | KT_18 | 1ct | imgs:3
[01:38:42][PEAR] [4226] ? NIV-E6F266F3C83146B1 | BASKET | DOUBLE_TWIST | CHANNEL | GOLD | KT_18 | 1ct | imgs:3
[01:38:45][PEAR] [4227] ? NIV-E6F266F3C83146B1 | BASKET | DOUBLE_TWIST | CHANNEL | GOLD | KT_18 | 1ct | imgs:3
[01:38:48][PEAR] [4228] ? NIV-8AEF11C5C87DA5A8 | BASKET | DOUBLE_TWIST | CHANNEL | PLATINUM | PT_950 | 1ct | imgs:3
[01:38:54][PEAR] [4229] ? NIV-4EC4A9AA03B34D44 | BASKET | DOUBLE_TWIST | CHANNEL | GOLD | KT_10 | 1ct | imgs:3
[01:38:57][PEAR] [4230] ? NIV-4EC4A9AA03B34D44 | BASKET | DOUBLE_TWIST | CHANNEL | GOLD | KT_10 | 1ct | imgs:3
[01:39:00][PEAR] [4231] ? NIV-4EC4A9AA03B34D44 | BASKET | DOUBLE_TWIST | CHANNEL | GOLD | KT_10 | 1ct | imgs:3
[01:39:05][PEAR] [4232] ? NIV-9364451A3E285CD4 | BASKET | DOUBLE_TWIST | CHANNEL | GOLD | KT_10 | 1ct | imgs:1
[01:39:09][PEAR] [4233] ? NIV-9364451A3E285CD4 | BASKET | DOUBLE_TWIST | CHANNEL | GOLD | KT_10 | 1ct | imgs:3
[01:39:12][PEAR] [4234] ? NIV-9364451A3E285CD4 | BASKET | DOUBLE_TWIST | CHANNEL | GOLD | KT_10 | 1ct | imgs:3
[01:39:16][PEAR] [4235] ? NIV-CA1CDC1D804AA836 | BASKET | DOUBLE_TWIST | CHANNEL | GOLD | KT_10 | 1ct | imgs:1
[01:39:21][PEAR] [4236] ? NIV-CA1CDC1D804AA836 | BASKET | DOUBLE_TWIST | CHANNEL | GOLD | KT_10 | 1ct | imgs:3
[01:39:27][PEAR] [4237] ? NIV-CA1CDC1D804AA836 | BASKET | DOUBLE_TWIST | CHANNEL | GOLD | KT_10 | 1ct | imgs:3
[01:39:30][PEAR] [4238] ? NIV-038FF8A4B3A50FBE | BASKET | DOUBLE_TWIST | CHANNEL | GOLD | KT_14 | 1ct | imgs:3
[01:39:36][PEAR] [4239] ? NIV-038FF8A4B3A50FBE | BASKET | DOUBLE_TWIST | CHANNEL | GOLD | KT_14 | 1ct | imgs:3
[01:39:39][PEAR] [4240] ? NIV-038FF8A4B3A50FBE | BASKET | DOUBLE_TWIST | CHANNEL | GOLD | KT_14 | 1ct | imgs:3
[01:39:42][PEAR] [4241] ? NIV-5BE3990B10019E29 | BASKET | DOUBLE_TWIST | CHANNEL | GOLD | KT_14 | 1ct | imgs:3
[01:39:45][PEAR] [4242] ? NIV-5BE3990B10019E29 | BASKET | DOUBLE_TWIST | CHANNEL | GOLD | KT_14 | 1ct | imgs:3
[01:39:51][PEAR] [4243] ? NIV-5BE3990B10019E29 | BASKET | DOUBLE_TWIST | CHANNEL | GOLD | KT_14 | 1ct | imgs:3
[01:39:54][PEAR] [4244] ? NIV-DC4F30CB7EC40610 | BASKET | DOUBLE_TWIST | CHANNEL | GOLD | KT_14 | 1ct | imgs:3
[01:39:57][PEAR] [4245] ? NIV-DC4F30CB7EC40610 | BASKET | DOUBLE_TWIST | CHANNEL | GOLD | KT_14 | 1ct | imgs:3
[01:40:00][PEAR] [4246] ? NIV-DC4F30CB7EC40610 | BASKET | DOUBLE_TWIST | CHANNEL | GOLD | KT_14 | 1ct | imgs:3
[01:40:03][PEAR] [4247] ? NIV-775CE9B5E9378C87 | BASKET | DOUBLE_TWIST | CHANNEL | GOLD | KT_18 | 1ct | imgs:3
[01:40:09][PEAR] [4248] ? NIV-775CE9B5E9378C87 | BASKET | DOUBLE_TWIST | CHANNEL | GOLD | KT_18 | 1ct | imgs:3
[01:40:12][PEAR]   click_button error (jewellery-configurator-mounting-metal-color-option-ROSE_GOLD): Page.query_selector: Unable to adopt element handle from a different document
[01:40:12][PEAR]   Re-seleccionando PEAR (intento 1)
[01:40:12][PEAR]   Boton no encontrado ? recargando configurador...
[01:40:28][PEAR]   Re-seleccionando PEAR (intento 2)
[01:40:30][PEAR] [4249] ? NIV-D5C0F85B48F232CE | BASKET | DOUBLE_TWIST | CHANNEL | GOLD | KT_18 | 1ct | imgs:3
[01:40:33][PEAR] [4250] ? NIV-F90800C7F479B426 | BASKET | DOUBLE_TWIST | CHANNEL | GOLD | KT_18 | 1ct | imgs:3
[01:40:36][PEAR] [4251] ? NIV-E9C5A8C18A98309E | BASKET | DOUBLE_TWIST | CHANNEL | GOLD | KT_18 | 1ct | imgs:3
[01:40:39][PEAR] [4252] ? NIV-CA91397730759503 | BASKET | DOUBLE_TWIST | CHANNEL | GOLD | KT_18 | 1ct | imgs:3
[01:40:42][PEAR] [4253] ? NIV-201813E54AAD676E | BASKET | DOUBLE_TWIST | CHANNEL | GOLD | KT_18 | 1ct | imgs:3
[01:40:45][PEAR] [4254] ? NIV-560ECFDD33105F86 | BASKET | DOUBLE_TWIST | CHANNEL | GOLD | KT_18 | 1ct | imgs:3
[01:40:48][PEAR] [4255] ? NIV-F0569425E60661CF | BASKET | DOUBLE_TWIST | CHANNEL | GOLD | KT_18 | 1ct | imgs:3
[01:40:51][PEAR] [4256] ? NIV-3580C704CD6D41A8 | BASKET | DOUBLE_TWIST | CHANNEL | PLATINUM | PT_950 | 1ct | imgs:3
[01:40:57][PEAR] [4257] ? NIV-74AED66FDACF512C | BASKET | DOUBLE_TWIST | CHANNEL | GOLD | KT_10 | 1ct | imgs:3
[01:41:00][PEAR] [4258] ? NIV-74AED66FDACF512C | BASKET | DOUBLE_TWIST | CHANNEL | GOLD | KT_10 | 1ct | imgs:3
[01:41:04][PEAR] [4259] ? NIV-74AED66FDACF512C | BASKET | DOUBLE_TWIST | CHANNEL | GOLD | KT_10 | 1ct | imgs:3
[01:41:06][PEAR] [4260] ? NIV-D955E591A46055C4 | BASKET | DOUBLE_TWIST | CHANNEL | GOLD | KT_10 | 1ct | imgs:3
[01:41:12][PEAR] [4261] ? NIV-D955E591A46055C4 | BASKET | DOUBLE_TWIST | CHANNEL | GOLD | KT_10 | 1ct | imgs:3
[01:41:16][PEAR] [4262] ? NIV-D955E591A46055C4 | BASKET | DOUBLE_TWIST | CHANNEL | GOLD | KT_10 | 1ct | imgs:3
[01:41:19][PEAR] [4263] ? NIV-C1050C0AD02DB593 | BASKET | DOUBLE_TWIST | CHANNEL | GOLD | KT_10 | 1ct | imgs:3
[01:41:22][PEAR] [4264] ? NIV-C1050C0AD02DB593 | BASKET | DOUBLE_TWIST | CHANNEL | GOLD | KT_10 | 1ct | imgs:3
[01:41:25][PEAR] [4265] ? NIV-C1050C0AD02DB593 | BASKET | DOUBLE_TWIST | CHANNEL | GOLD | KT_10 | 1ct | imgs:3
[01:41:28][PEAR] [4266] ? NIV-2CB954A1C83D6368 | BASKET | DOUBLE_TWIST | CHANNEL | GOLD | KT_14 | 1ct | imgs:3
[01:41:33][PEAR] [4267] ? NIV-2CB954A1C83D6368 | BASKET | DOUBLE_TWIST | CHANNEL | GOLD | KT_14 | 1ct | imgs:3
[01:41:37][PEAR] [4268] ? NIV-2CB954A1C83D6368 | BASKET | DOUBLE_TWIST | CHANNEL | GOLD | KT_14 | 1ct | imgs:3
[01:41:42][PEAR] [4269] ? NIV-C8F61AC79C0D7A5F | BASKET | DOUBLE_TWIST | CHANNEL | GOLD | KT_14 | 1ct | imgs:3
[01:41:46][PEAR] [4270] ? NIV-C8F61AC79C0D7A5F | BASKET | DOUBLE_TWIST | CHANNEL | GOLD | KT_14 | 1ct | imgs:3
[01:41:49][PEAR] [4271] ? NIV-C8F61AC79C0D7A5F | BASKET | DOUBLE_TWIST | CHANNEL | GOLD | KT_14 | 1ct | imgs:3
[01:41:54][PEAR] [4272] ? NIV-DD06738375118ED2 | BASKET | DOUBLE_TWIST | CHANNEL | GOLD | KT_14 | 1ct | imgs:3
[01:41:58][PEAR] [4273] ? NIV-DD06738375118ED2 | BASKET | DOUBLE_TWIST | CHANNEL | GOLD | KT_14 | 1ct | imgs:3
[01:42:03][PEAR] [4274] ? NIV-DD06738375118ED2 | BASKET | DOUBLE_TWIST | CHANNEL | GOLD | KT_14 | 1ct | imgs:3
[01:42:06][PEAR] [4275] ? NIV-7DE91347E461A405 | BASKET | DOUBLE_TWIST | CHANNEL | GOLD | KT_18 | 1ct | imgs:3
[01:42:10][PEAR] [4276] ? NIV-7DE91347E461A405 | BASKET | DOUBLE_TWIST | CHANNEL | GOLD | KT_18 | 1ct | imgs:3
[01:42:15][PEAR] [4277] ? NIV-7DE91347E461A405 | BASKET | DOUBLE_TWIST | CHANNEL | GOLD | KT_18 | 1ct | imgs:3
[01:42:18][PEAR] [4278] ? NIV-1BD27927E3929A3E | BASKET | DOUBLE_TWIST | CHANNEL | GOLD | KT_18 | 1ct | imgs:3
[01:42:22][PEAR] [4279] ? NIV-1BD27927E3929A3E | BASKET | DOUBLE_TWIST | CHANNEL | GOLD | KT_18 | 1ct | imgs:3
[01:42:27][PEAR] [4280] ? NIV-1BD27927E3929A3E | BASKET | DOUBLE_TWIST | CHANNEL | GOLD | KT_18 | 1ct | imgs:3
[01:42:30][PEAR] [4281] ? NIV-3D06FBF6A303AE56 | BASKET | DOUBLE_TWIST | CHANNEL | GOLD | KT_18 | 1ct | imgs:3
[01:42:36][PEAR] [4282] ? NIV-3D06FBF6A303AE56 | BASKET | DOUBLE_TWIST | CHANNEL | GOLD | KT_18 | 1ct | imgs:3
[01:42:39][PEAR] [4283] ? NIV-3D06FBF6A303AE56 | BASKET | DOUBLE_TWIST | CHANNEL | GOLD | KT_18 | 1ct | imgs:3
[01:42:42][PEAR] [4284] ? NIV-D7C968CC9F7C5936 | BASKET | DOUBLE_TWIST | CHANNEL | PLATINUM | PT_950 | 1ct | imgs:3
[01:42:49][PEAR] [4285] ? NIV-0D7568D1ECC79C95 | BASKET | DOUBLE_TWIST | PRONG | GOLD | KT_10 | 1ct | imgs:3
[01:42:54][PEAR] [4286] ? NIV-0D7568D1ECC79C95 | BASKET | DOUBLE_TWIST | PRONG | GOLD | KT_10 | 1ct | imgs:3
[01:42:58][PEAR] [4287] ? NIV-0D7568D1ECC79C95 | BASKET | DOUBLE_TWIST | PRONG | GOLD | KT_10 | 1ct | imgs:3
[01:43:00][PEAR] [4288] ? NIV-08C1CE1575D3D189 | BASKET | DOUBLE_TWIST | PRONG | GOLD | KT_10 | 1ct | imgs:3
[01:43:04][PEAR] [4289] ? NIV-08C1CE1575D3D189 | BASKET | DOUBLE_TWIST | PRONG | GOLD | KT_10 | 1ct | imgs:3
[01:43:09][PEAR] [4290] ? NIV-08C1CE1575D3D189 | BASKET | DOUBLE_TWIST | PRONG | GOLD | KT_10 | 1ct | imgs:3
[01:43:12][PEAR] [4291] ? NIV-CF7C24070BC8F658 | BASKET | DOUBLE_TWIST | PRONG | GOLD | KT_10 | 1ct | imgs:3
[01:43:16][PEAR] [4292] ? NIV-CF7C24070BC8F658 | BASKET | DOUBLE_TWIST | PRONG | GOLD | KT_10 | 1ct | imgs:3
[01:43:21][PEAR] [4293] ? NIV-CF7C24070BC8F658 | BASKET | DOUBLE_TWIST | PRONG | GOLD | KT_10 | 1ct | imgs:3
[01:43:24][PEAR] [4294] ? NIV-DC6C06C102FF994B | BASKET | DOUBLE_TWIST | PRONG | GOLD | KT_14 | 1ct | imgs:3
[01:43:28][PEAR] [4295] ? NIV-DC6C06C102FF994B | BASKET | DOUBLE_TWIST | PRONG | GOLD | KT_14 | 1ct | imgs:3
[01:43:33][PEAR] [4296] ? NIV-DC6C06C102FF994B | BASKET | DOUBLE_TWIST | PRONG | GOLD | KT_14 | 1ct | imgs:3
[01:43:36][PEAR] [4297] ? NIV-E236023F093270D7 | BASKET | DOUBLE_TWIST | PRONG | GOLD | KT_14 | 1ct | imgs:3
[01:43:40][PEAR] [4298] ? NIV-E236023F093270D7 | BASKET | DOUBLE_TWIST | PRONG | GOLD | KT_14 | 1ct | imgs:3
[01:43:45][PEAR] [4299] ? NIV-E236023F093270D7 | BASKET | DOUBLE_TWIST | PRONG | GOLD | KT_14 | 1ct | imgs:3
[01:43:48][PEAR] [4300] ? NIV-F354C325E0745FF6 | BASKET | DOUBLE_TWIST | PRONG | GOLD | KT_14 | 1ct | imgs:3
[01:43:52][PEAR] [4301] ? NIV-F354C325E0745FF6 | BASKET | DOUBLE_TWIST | PRONG | GOLD | KT_14 | 1ct | imgs:3
[01:43:55][PEAR] [4302] ? NIV-F354C325E0745FF6 | BASKET | DOUBLE_TWIST | PRONG | GOLD | KT_14 | 1ct | imgs:3
[01:43:58][PEAR] [4303] ? NIV-C7A135D1FC76C8B0 | BASKET | DOUBLE_TWIST | PRONG | GOLD | KT_18 | 1ct | imgs:3
[01:44:01][PEAR] [4304] ? NIV-C7A135D1FC76C8B0 | BASKET | DOUBLE_TWIST | PRONG | GOLD | KT_18 | 1ct | imgs:3
[01:44:06][PEAR] [4305] ? NIV-C7A135D1FC76C8B0 | BASKET | DOUBLE_TWIST | PRONG | GOLD | KT_18 | 1ct | imgs:3
[01:44:09][PEAR] [4306] ? NIV-4B125B8369F027F6 | BASKET | DOUBLE_TWIST | PRONG | GOLD | KT_18 | 1ct | imgs:3
[01:44:13][PEAR] [4307] ? NIV-4B125B8369F027F6 | BASKET | DOUBLE_TWIST | PRONG | GOLD | KT_18 | 1ct | imgs:3
[01:44:16][PEAR] [4308] ? NIV-4B125B8369F027F6 | BASKET | DOUBLE_TWIST | PRONG | GOLD | KT_18 | 1ct | imgs:3
[01:44:18][PEAR] [4309] ? NIV-7B97A4873CBB339C | BASKET | DOUBLE_TWIST | PRONG | GOLD | KT_18 | 1ct | imgs:3
[01:44:22][PEAR] [4310] ? NIV-7B97A4873CBB339C | BASKET | DOUBLE_TWIST | PRONG | GOLD | KT_18 | 1ct | imgs:3
[01:44:25][PEAR] [4311] ? NIV-7B97A4873CBB339C | BASKET | DOUBLE_TWIST | PRONG | GOLD | KT_18 | 1ct | imgs:3
[01:44:27][PEAR] [4312] ? NIV-EAD2174D57959A58 | BASKET | DOUBLE_TWIST | PRONG | PLATINUM | PT_950 | 1ct | imgs:3
[01:44:33][PEAR] [4313] ? NIV-A1AE41B2851772C2 | BASKET | DOUBLE_TWIST | PRONG | GOLD | KT_10 | 1ct | imgs:3
[01:44:37][PEAR] [4314] ? NIV-A1AE41B2851772C2 | BASKET | DOUBLE_TWIST | PRONG | GOLD | KT_10 | 1ct | imgs:3
[01:44:40][PEAR] [4315] ? NIV-A1AE41B2851772C2 | BASKET | DOUBLE_TWIST | PRONG | GOLD | KT_10 | 1ct | imgs:3
[01:44:42][PEAR] [4316] ? NIV-E0BA467E2F4FFC6D | BASKET | DOUBLE_TWIST | PRONG | GOLD | KT_10 | 1ct | imgs:3
[01:44:45][PEAR] [4317] ? NIV-E0BA467E2F4FFC6D | BASKET | DOUBLE_TWIST | PRONG | GOLD | KT_10 | 1ct | imgs:3
[01:44:49][PEAR] [4318] ? NIV-E0BA467E2F4FFC6D | BASKET | DOUBLE_TWIST | PRONG | GOLD | KT_10 | 1ct | imgs:3
[01:44:51][PEAR] [4319] ? NIV-124F7928C00D65A4 | BASKET | DOUBLE_TWIST | PRONG | GOLD | KT_10 | 1ct | imgs:3
[01:44:55][PEAR] [4320] ? NIV-124F7928C00D65A4 | BASKET | DOUBLE_TWIST | PRONG | GOLD | KT_10 | 1ct | imgs:3
[01:44:58][PEAR] [4321] ? NIV-124F7928C00D65A4 | BASKET | DOUBLE_TWIST | PRONG | GOLD | KT_10 | 1ct | imgs:3
[01:45:01][PEAR] [4322] ? NIV-D1BF58B9BC90E368 | BASKET | DOUBLE_TWIST | PRONG | GOLD | KT_14 | 1ct | imgs:3
[01:45:06][PEAR] [4323] ? NIV-D1BF58B9BC90E368 | BASKET | DOUBLE_TWIST | PRONG | GOLD | KT_14 | 1ct | imgs:3
[01:45:09][PEAR] [4324] ? NIV-D1BF58B9BC90E368 | BASKET | DOUBLE_TWIST | PRONG | GOLD | KT_14 | 1ct | imgs:3
[01:45:12][PEAR] [4325] ? NIV-014238FCEF6766D4 | BASKET | DOUBLE_TWIST | PRONG | GOLD | KT_14 | 1ct | imgs:3
[01:45:16][PEAR] [4326] ? NIV-014238FCEF6766D4 | BASKET | DOUBLE_TWIST | PRONG | GOLD | KT_14 | 1ct | imgs:3
[01:45:21][PEAR] [4327] ? NIV-014238FCEF6766D4 | BASKET | DOUBLE_TWIST | PRONG | GOLD | KT_14 | 1ct | imgs:3
[01:45:24][PEAR] [4328] ? NIV-CC793516DCADBF8D | BASKET | DOUBLE_TWIST | PRONG | GOLD | KT_14 | 1ct | imgs:3
[01:45:28][PEAR] [4329] ? NIV-CC793516DCADBF8D | BASKET | DOUBLE_TWIST | PRONG | GOLD | KT_14 | 1ct | imgs:3
[01:45:31][PEAR] [4330] ? NIV-CC793516DCADBF8D | BASKET | DOUBLE_TWIST | PRONG | GOLD | KT_14 | 1ct | imgs:3
[01:45:36][PEAR] [4331] ? NIV-9665B00C54988737 | BASKET | DOUBLE_TWIST | PRONG | GOLD | KT_18 | 1ct | imgs:3
[01:45:40][PEAR] [4332] ? NIV-9665B00C54988737 | BASKET | DOUBLE_TWIST | PRONG | GOLD | KT_18 | 1ct | imgs:3
[01:45:43][PEAR] [4333] ? NIV-9665B00C54988737 | BASKET | DOUBLE_TWIST | PRONG | GOLD | KT_18 | 1ct | imgs:3
[01:45:46][PEAR] [4334] ? NIV-B8AB9456013CB1F5 | BASKET | DOUBLE_TWIST | PRONG | GOLD | KT_18 | 1ct | imgs:3
[01:45:49][PEAR] [4335] ? NIV-B8AB9456013CB1F5 | BASKET | DOUBLE_TWIST | PRONG | GOLD | KT_18 | 1ct | imgs:3
[01:45:52][PEAR] [4336] ? NIV-B8AB9456013CB1F5 | BASKET | DOUBLE_TWIST | PRONG | GOLD | KT_18 | 1ct | imgs:3
[01:45:54][PEAR] [4337] ? NIV-DCDA56EFB0D11187 | BASKET | DOUBLE_TWIST | PRONG | GOLD | KT_18 | 1ct | imgs:3
[01:45:58][PEAR] [4338] ? NIV-DCDA56EFB0D11187 | BASKET | DOUBLE_TWIST | PRONG | GOLD | KT_18 | 1ct | imgs:3
[01:46:01][PEAR] [4339] ? NIV-DCDA56EFB0D11187 | BASKET | DOUBLE_TWIST | PRONG | GOLD | KT_18 | 1ct | imgs:3
[01:46:03][PEAR] [4340] ? NIV-435F9B380A88C9A9 | BASKET | DOUBLE_TWIST | PRONG | PLATINUM | PT_950 | 1ct | imgs:3
[01:46:09][PEAR] [4341] ? NIV-63A846D5468CFE68 | BASKET | DOUBLE_TWIST | PRONG | GOLD | KT_10 | 1ct | imgs:3
[01:46:13][PEAR] [4342] ? NIV-63A846D5468CFE68 | BASKET | DOUBLE_TWIST | PRONG | GOLD | KT_10 | 1ct | imgs:3
[01:46:18][PEAR] [4343] ? NIV-63A846D5468CFE68 | BASKET | DOUBLE_TWIST | PRONG | GOLD | KT_10 | 1ct | imgs:3
[01:46:21][PEAR] [4344] ? NIV-1321CF1258DD60FB | BASKET | DOUBLE_TWIST | PRONG | GOLD | KT_10 | 1ct | imgs:3
[01:46:25][PEAR] [4345] ? NIV-1321CF1258DD60FB | BASKET | DOUBLE_TWIST | PRONG | GOLD | KT_10 | 1ct | imgs:3
[01:46:30][PEAR] [4346] ? NIV-1321CF1258DD60FB | BASKET | DOUBLE_TWIST | PRONG | GOLD | KT_10 | 1ct | imgs:3
[01:46:33][PEAR] [4347] ? NIV-21E7562DBBA14775 | BASKET | DOUBLE_TWIST | PRONG | GOLD | KT_10 | 1ct | imgs:3
[01:46:36][PEAR] [4348] ? NIV-21E7562DBBA14775 | BASKET | DOUBLE_TWIST | PRONG | GOLD | KT_10 | 1ct | imgs:3
[01:46:42][PEAR] [4349] ? NIV-21E7562DBBA14775 | BASKET | DOUBLE_TWIST | PRONG | GOLD | KT_10 | 1ct | imgs:3
[01:46:45][PEAR] [4350] ? NIV-5FD58CA7CD02E7F7 | BASKET | DOUBLE_TWIST | PRONG | GOLD | KT_14 | 1ct | imgs:3
[01:46:49][PEAR] [4351] ? NIV-5FD58CA7CD02E7F7 | BASKET | DOUBLE_TWIST | PRONG | GOLD | KT_14 | 1ct | imgs:3
[01:46:52][PEAR] [4352] ? NIV-5FD58CA7CD02E7F7 | BASKET | DOUBLE_TWIST | PRONG | GOLD | KT_14 | 1ct | imgs:3
[01:46:55][PEAR] [4353] ? NIV-66C6F7AC51BF5FE2 | BASKET | DOUBLE_TWIST | PRONG | GOLD | KT_14 | 1ct | imgs:3
[01:47:00][PEAR] [4354] ? NIV-66C6F7AC51BF5FE2 | BASKET | DOUBLE_TWIST | PRONG | GOLD | KT_14 | 1ct | imgs:3
[01:47:04][PEAR] [4355] ? NIV-66C6F7AC51BF5FE2 | BASKET | DOUBLE_TWIST | PRONG | GOLD | KT_14 | 1ct | imgs:3
[01:47:06][PEAR] [4356] ? NIV-C2B860FABC27A08B | BASKET | DOUBLE_TWIST | PRONG | GOLD | KT_14 | 1ct | imgs:3
[01:47:10][PEAR] [4357] ? NIV-C2B860FABC27A08B | BASKET | DOUBLE_TWIST | PRONG | GOLD | KT_14 | 1ct | imgs:3
[01:47:15][PEAR] [4358] ? NIV-C2B860FABC27A08B | BASKET | DOUBLE_TWIST | PRONG | GOLD | KT_14 | 1ct | imgs:3
[01:47:18][PEAR] [4359] ? NIV-87AFB3DA724CC7FB | BASKET | DOUBLE_TWIST | PRONG | GOLD | KT_18 | 1ct | imgs:3
[01:47:22][PEAR] [4360] ? NIV-87AFB3DA724CC7FB | BASKET | DOUBLE_TWIST | PRONG | GOLD | KT_18 | 1ct | imgs:3
[01:47:27][PEAR] [4361] ? NIV-87AFB3DA724CC7FB | BASKET | DOUBLE_TWIST | PRONG | GOLD | KT_18 | 1ct | imgs:3
[01:47:30][PEAR] [4362] ? NIV-14833D20F94651E4 | BASKET | DOUBLE_TWIST | PRONG | GOLD | KT_18 | 1ct | imgs:3
[01:47:34][PEAR] [4363] ? NIV-14833D20F94651E4 | BASKET | DOUBLE_TWIST | PRONG | GOLD | KT_18 | 1ct | imgs:3
[01:47:37][PEAR] [4364] ? NIV-14833D20F94651E4 | BASKET | DOUBLE_TWIST | PRONG | GOLD | KT_18 | 1ct | imgs:3
[01:47:47][PEAR] [4365] ??  NIV-14833D20F94651E4 | BASKET | DOUBLE_TWIST | PRONG | GOLD | KT_18 | 1ct | imgs:0
[01:47:52][PEAR] [4366] ? NIV-9385241FD029B12C | BASKET | DOUBLE_TWIST | PRONG | GOLD | KT_18 | 1ct | imgs:1
[01:47:57][PEAR] [4367] ? NIV-9385241FD029B12C | BASKET | DOUBLE_TWIST | PRONG | GOLD | KT_18 | 1ct | imgs:3
[01:48:00][PEAR] [4368] ? NIV-6AB26C51646480D1 | BASKET | DOUBLE_TWIST | PRONG | PLATINUM | PT_950 | 1ct | imgs:3
[01:48:06][PEAR] [4369] ? NIV-826274E85D6D383D | BASKET | DOUBLE_TWIST | PRONG | GOLD | KT_10 | 1ct | imgs:3
[01:48:12][PEAR] [4370] ? NIV-826274E85D6D383D | BASKET | DOUBLE_TWIST | PRONG | GOLD | KT_10 | 1ct | imgs:3
[01:48:18][PEAR] [4371] ? NIV-826274E85D6D383D | BASKET | DOUBLE_TWIST | PRONG | GOLD | KT_10 | 1ct | imgs:3
[01:48:21][PEAR] [4372] ? NIV-D2BC15B23DB81027 | BASKET | DOUBLE_TWIST | PRONG | GOLD | KT_10 | 1ct | imgs:3
[01:48:25][PEAR] [4373] ? NIV-D2BC15B23DB81027 | BASKET | DOUBLE_TWIST | PRONG | GOLD | KT_10 | 1ct | imgs:3
[01:48:30][PEAR] [4374] ? NIV-D2BC15B23DB81027 | BASKET | DOUBLE_TWIST | PRONG | GOLD | KT_10 | 1ct | imgs:3
[01:48:33][PEAR] [4375] ? NIV-E54E0B92C31A9633 | BASKET | DOUBLE_TWIST | PRONG | GOLD | KT_10 | 1ct | imgs:3
[01:48:39][PEAR] [4376] ? NIV-E54E0B92C31A9633 | BASKET | DOUBLE_TWIST | PRONG | GOLD | KT_10 | 1ct | imgs:3
[01:48:43][PEAR] [4377] ? NIV-E54E0B92C31A9633 | BASKET | DOUBLE_TWIST | PRONG | GOLD | KT_10 | 1ct | imgs:3
[01:48:46][PEAR] [4378] ? NIV-C478198165730D45 | BASKET | DOUBLE_TWIST | PRONG | GOLD | KT_14 | 1ct | imgs:3
[01:48:49][PEAR] [4379] ? NIV-C478198165730D45 | BASKET | DOUBLE_TWIST | PRONG | GOLD | KT_14 | 1ct | imgs:3
[01:48:54][PEAR] [4380] ? NIV-C478198165730D45 | BASKET | DOUBLE_TWIST | PRONG | GOLD | KT_14 | 1ct | imgs:3
[01:48:57][PEAR] [4381] ? NIV-F0B5B1ADEE531CC7 | BASKET | DOUBLE_TWIST | PRONG | GOLD | KT_14 | 1ct | imgs:3
[01:49:01][PEAR] [4382] ? NIV-F0B5B1ADEE531CC7 | BASKET | DOUBLE_TWIST | PRONG | GOLD | KT_14 | 1ct | imgs:3
[01:49:06][PEAR] [4383] ? NIV-F0B5B1ADEE531CC7 | BASKET | DOUBLE_TWIST | PRONG | GOLD | KT_14 | 1ct | imgs:3
[01:49:09][PEAR] [4384] ? NIV-5756B34DBDC41CB3 | BASKET | DOUBLE_TWIST | PRONG | GOLD | KT_14 | 1ct | imgs:3
[01:49:15][PEAR] [4385] ? NIV-5756B34DBDC41CB3 | BASKET | DOUBLE_TWIST | PRONG | GOLD | KT_14 | 1ct | imgs:3
[01:49:21][PEAR] [4386] ? NIV-5756B34DBDC41CB3 | BASKET | DOUBLE_TWIST | PRONG | GOLD | KT_14 | 1ct | imgs:3
[01:49:25][PEAR] [4387] ? NIV-0E2D208FC6125B47 | BASKET | DOUBLE_TWIST | PRONG | GOLD | KT_18 | 1ct | imgs:3
[01:49:30][PEAR] [4388] ? NIV-0E2D208FC6125B47 | BASKET | DOUBLE_TWIST | PRONG | GOLD | KT_18 | 1ct | imgs:3
[01:49:34][PEAR] [4389] ? NIV-0E2D208FC6125B47 | BASKET | DOUBLE_TWIST | PRONG | GOLD | KT_18 | 1ct | imgs:3
[01:49:36][PEAR] [4390] ? NIV-F82DC9FAFB6593EA | BASKET | DOUBLE_TWIST | PRONG | GOLD | KT_18 | 1ct | imgs:3
[01:49:40][PEAR] [4391] ? NIV-F82DC9FAFB6593EA | BASKET | DOUBLE_TWIST | PRONG | GOLD | KT_18 | 1ct | imgs:3
[01:49:45][PEAR] [4392] ? NIV-F82DC9FAFB6593EA | BASKET | DOUBLE_TWIST | PRONG | GOLD | KT_18 | 1ct | imgs:3
[01:49:48][PEAR] [4393] ? NIV-91CABA70FA6C5D65 | BASKET | DOUBLE_TWIST | PRONG | GOLD | KT_18 | 1ct | imgs:3
[01:49:52][PEAR] [4394] ? NIV-91CABA70FA6C5D65 | BASKET | DOUBLE_TWIST | PRONG | GOLD | KT_18 | 1ct | imgs:3
[01:49:57][PEAR] [4395] ? NIV-91CABA70FA6C5D65 | BASKET | DOUBLE_TWIST | PRONG | GOLD | KT_18 | 1ct | imgs:3
[01:50:04][PEAR] [4396] ? NIV-3776818594EB5661 | BASKET | DOUBLE_TWIST | PRONG | PLATINUM | PT_950 | 1ct | imgs:1
[01:50:09][PEAR] [4397] ? NIV-84E15ACCDEBE902A | BASKET | DOUBLE_TWIST | PRONG | GOLD | KT_10 | 1ct | imgs:3
[01:50:13][PEAR] [4398] ? NIV-84E15ACCDEBE902A | BASKET | DOUBLE_TWIST | PRONG | GOLD | KT_10 | 1ct | imgs:3
[01:50:18][PEAR] [4399] ? NIV-84E15ACCDEBE902A | BASKET | DOUBLE_TWIST | PRONG | GOLD | KT_10 | 1ct | imgs:3
[01:50:21][PEAR] [4400] ? NIV-C74D4EDE47D143B3 | BASKET | DOUBLE_TWIST | PRONG | GOLD | KT_10 | 1ct | imgs:3
[01:50:27][PEAR] [4401] ? NIV-C74D4EDE47D143B3 | BASKET | DOUBLE_TWIST | PRONG | GOLD | KT_10 | 1ct | imgs:3
[01:50:31][PEAR] [4402] ? NIV-C74D4EDE47D143B3 | BASKET | DOUBLE_TWIST | PRONG | GOLD | KT_10 | 1ct | imgs:3
[01:50:33][PEAR] [4403] ? NIV-A02F62D5C89456A2 | BASKET | DOUBLE_TWIST | PRONG | GOLD | KT_10 | 1ct | imgs:3
[01:50:37][PEAR] [4404] ? NIV-A02F62D5C89456A2 | BASKET | DOUBLE_TWIST | PRONG | GOLD | KT_10 | 1ct | imgs:3
[01:50:42][PEAR] [4405] ? NIV-A02F62D5C89456A2 | BASKET | DOUBLE_TWIST | PRONG | GOLD | KT_10 | 1ct | imgs:3
[01:50:46][PEAR] [4406] ? NIV-00F4D58AAD78F8EC | BASKET | DOUBLE_TWIST | PRONG | GOLD | KT_14 | 1ct | imgs:3
[01:50:51][PEAR] [4407] ? NIV-00F4D58AAD78F8EC | BASKET | DOUBLE_TWIST | PRONG | GOLD | KT_14 | 1ct | imgs:3
[01:50:55][PEAR] [4408] ? NIV-00F4D58AAD78F8EC | BASKET | DOUBLE_TWIST | PRONG | GOLD | KT_14 | 1ct | imgs:3
[01:50:58][PEAR] [4409] ? NIV-254B36C0F179DD2C | BASKET | DOUBLE_TWIST | PRONG | GOLD | KT_14 | 1ct | imgs:3
[01:51:03][PEAR] [4410] ? NIV-254B36C0F179DD2C | BASKET | DOUBLE_TWIST | PRONG | GOLD | KT_14 | 1ct | imgs:3
[01:51:07][PEAR] [4411] ? NIV-254B36C0F179DD2C | BASKET | DOUBLE_TWIST | PRONG | GOLD | KT_14 | 1ct | imgs:3
[01:51:09][PEAR] [4412] ? NIV-174632726A0469C0 | BASKET | DOUBLE_TWIST | PRONG | GOLD | KT_14 | 1ct | imgs:3
[01:51:15][PEAR] [4413] ? NIV-174632726A0469C0 | BASKET | DOUBLE_TWIST | PRONG | GOLD | KT_14 | 1ct | imgs:3
[01:51:19][PEAR] [4414] ? NIV-174632726A0469C0 | BASKET | DOUBLE_TWIST | PRONG | GOLD | KT_14 | 1ct | imgs:3
[01:51:24][PEAR] [4415] ? NIV-B3C0B7E0BC49EFB2 | BASKET | DOUBLE_TWIST | PRONG | GOLD | KT_18 | 1ct | imgs:3
[01:51:28][PEAR] [4416] ? NIV-B3C0B7E0BC49EFB2 | BASKET | DOUBLE_TWIST | PRONG | GOLD | KT_18 | 1ct | imgs:3
[01:51:33][PEAR] [4417] ? NIV-B3C0B7E0BC49EFB2 | BASKET | DOUBLE_TWIST | PRONG | GOLD | KT_18 | 1ct | imgs:3
[01:51:36][PEAR] [4418] ? NIV-F1D9F9DB587C05FD | BASKET | DOUBLE_TWIST | PRONG | GOLD | KT_18 | 1ct | imgs:3
[01:51:40][PEAR] [4419] ? NIV-F1D9F9DB587C05FD | BASKET | DOUBLE_TWIST | PRONG | GOLD | KT_18 | 1ct | imgs:3
[01:51:43][PEAR] [4420] ? NIV-F1D9F9DB587C05FD | BASKET | DOUBLE_TWIST | PRONG | GOLD | KT_18 | 1ct | imgs:3
[01:51:46][PEAR] [4421] ? NIV-210928E59F9C5CAE | BASKET | DOUBLE_TWIST | PRONG | GOLD | KT_18 | 1ct | imgs:3
[01:51:51][PEAR] [4422] ? NIV-210928E59F9C5CAE | BASKET | DOUBLE_TWIST | PRONG | GOLD | KT_18 | 1ct | imgs:3
[01:51:55][PEAR] [4423] ? NIV-210928E59F9C5CAE | BASKET | DOUBLE_TWIST | PRONG | GOLD | KT_18 | 1ct | imgs:3
[01:51:57][PEAR] [4424] ? NIV-F003D68508B57480 | BASKET | DOUBLE_TWIST | PRONG | PLATINUM | PT_950 | 1ct | imgs:3
[01:52:01][PEAR] [4425] ? NIV-BD7F97EDA7A7126A | BASKET | DOUBLE_TWIST | PRONG | GOLD | KT_10 | 1ct | imgs:3
[01:52:06][PEAR] [4426] ? NIV-BD7F97EDA7A7126A | BASKET | DOUBLE_TWIST | PRONG | GOLD | KT_10 | 1ct | imgs:3
[01:52:10][PEAR] [4427] ? NIV-BD7F97EDA7A7126A | BASKET | DOUBLE_TWIST | PRONG | GOLD | KT_10 | 1ct | imgs:3
[01:52:12][PEAR] [4428] ? NIV-93631A5ECE30297A | BASKET | DOUBLE_TWIST | PRONG | GOLD | KT_10 | 1ct | imgs:3
[01:52:16][PEAR] [4429] ? NIV-93631A5ECE30297A | BASKET | DOUBLE_TWIST | PRONG | GOLD | KT_10 | 1ct | imgs:3
[01:52:21][PEAR] [4430] ? NIV-93631A5ECE30297A | BASKET | DOUBLE_TWIST | PRONG | GOLD | KT_10 | 1ct | imgs:3
[01:52:24][PEAR] [4431] ? NIV-86E2275D763CA18F | BASKET | DOUBLE_TWIST | PRONG | GOLD | KT_10 | 1ct | imgs:3
[01:52:28][PEAR] [4432] ? NIV-86E2275D763CA18F | BASKET | DOUBLE_TWIST | PRONG | GOLD | KT_10 | 1ct | imgs:3
[01:52:33][PEAR] [4433] ? NIV-86E2275D763CA18F | BASKET | DOUBLE_TWIST | PRONG | GOLD | KT_10 | 1ct | imgs:3
[01:52:36][PEAR] [4434] ? NIV-03DBCD335F3AB836 | BASKET | DOUBLE_TWIST | PRONG | GOLD | KT_14 | 1ct | imgs:3
[01:52:42][PEAR] [4435] ? NIV-03DBCD335F3AB836 | BASKET | DOUBLE_TWIST | PRONG | GOLD | KT_14 | 1ct | imgs:3
[01:52:46][PEAR] [4436] ? NIV-03DBCD335F3AB836 | BASKET | DOUBLE_TWIST | PRONG | GOLD | KT_14 | 1ct | imgs:3
[01:52:48][PEAR] [4437] ? NIV-CFC79E8CD887345D | BASKET | DOUBLE_TWIST | PRONG | GOLD | KT_14 | 1ct | imgs:3
[01:52:54][PEAR] [4438] ? NIV-CFC79E8CD887345D | BASKET | DOUBLE_TWIST | PRONG | GOLD | KT_14 | 1ct | imgs:3
[01:52:58][PEAR] [4439] ? NIV-CFC79E8CD887345D | BASKET | DOUBLE_TWIST | PRONG | GOLD | KT_14 | 1ct | imgs:3
[01:53:00][PEAR] [4440] ? NIV-8D8DB1EB26020D4A | BASKET | DOUBLE_TWIST | PRONG | GOLD | KT_14 | 1ct | imgs:3
[01:53:06][PEAR] [4441] ? NIV-8D8DB1EB26020D4A | BASKET | DOUBLE_TWIST | PRONG | GOLD | KT_14 | 1ct | imgs:3
[01:53:10][PEAR] [4442] ? NIV-8D8DB1EB26020D4A | BASKET | DOUBLE_TWIST | PRONG | GOLD | KT_14 | 1ct | imgs:3
[01:53:15][PEAR] [4443] ? NIV-9116A051BD983A3A | BASKET | DOUBLE_TWIST | PRONG | GOLD | KT_18 | 1ct | imgs:3
[01:53:19][PEAR] [4444] ? NIV-9116A051BD983A3A | BASKET | DOUBLE_TWIST | PRONG | GOLD | KT_18 | 1ct | imgs:3
[01:53:22][PEAR] [4445] ? NIV-9116A051BD983A3A | BASKET | DOUBLE_TWIST | PRONG | GOLD | KT_18 | 1ct | imgs:3
[01:53:24][PEAR] [4446] ? NIV-B486645701A9888E | BASKET | DOUBLE_TWIST | PRONG | GOLD | KT_18 | 1ct | imgs:3
[01:53:28][PEAR] [4447] ? NIV-B486645701A9888E | BASKET | DOUBLE_TWIST | PRONG | GOLD | KT_18 | 1ct | imgs:3
[01:53:33][PEAR] [4448] ? NIV-B486645701A9888E | BASKET | DOUBLE_TWIST | PRONG | GOLD | KT_18 | 1ct | imgs:3
[01:53:36][PEAR] [4449] ? NIV-AF5A16544BA65DCF | BASKET | DOUBLE_TWIST | PRONG | GOLD | KT_18 | 1ct | imgs:3
[01:53:40][PEAR] [4450] ? NIV-AF5A16544BA65DCF | BASKET | DOUBLE_TWIST | PRONG | GOLD | KT_18 | 1ct | imgs:3
[01:53:43][PEAR] [4451] ? NIV-AF5A16544BA65DCF | BASKET | DOUBLE_TWIST | PRONG | GOLD | KT_18 | 1ct | imgs:3
[01:53:45][PEAR] [4452] ? NIV-94C45D7C325E983F | BASKET | DOUBLE_TWIST | PRONG | PLATINUM | PT_950 | 1ct | imgs:3
[01:53:54][PEAR] [4453] ? NIV-7A936719719AE820 | BASKET | DOUBLE_TWIST | PRONG | GOLD | KT_10 | 1ct | imgs:3
[01:53:58][PEAR] [4454] ? NIV-7A936719719AE820 | BASKET | DOUBLE_TWIST | PRONG | GOLD | KT_10 | 1ct | imgs:3
[01:54:04][PEAR] [4455] ? NIV-7A936719719AE820 | BASKET | DOUBLE_TWIST | PRONG | GOLD | KT_10 | 1ct | imgs:3
[01:54:06][PEAR] [4456] ? NIV-2B0978353168DAF3 | BASKET | DOUBLE_TWIST | PRONG | GOLD | KT_10 | 1ct | imgs:3
[01:54:10][PEAR] [4457] ? NIV-2B0978353168DAF3 | BASKET | DOUBLE_TWIST | PRONG | GOLD | KT_10 | 1ct | imgs:3
[01:54:13][PEAR] [4458] ? NIV-2B0978353168DAF3 | BASKET | DOUBLE_TWIST | PRONG | GOLD | KT_10 | 1ct | imgs:3
[01:54:15][PEAR] [4459] ? NIV-445A89AB6FA3E717 | BASKET | DOUBLE_TWIST | PRONG | GOLD | KT_10 | 1ct | imgs:3
[01:54:19][PEAR] [4460] ? NIV-445A89AB6FA3E717 | BASKET | DOUBLE_TWIST | PRONG | GOLD | KT_10 | 1ct | imgs:3
[01:54:24][PEAR] [4461] ? NIV-445A89AB6FA3E717 | BASKET | DOUBLE_TWIST | PRONG | GOLD | KT_10 | 1ct | imgs:3
[01:54:27][PEAR] [4462] ? NIV-9FFDE7ABFB9EA950 | BASKET | DOUBLE_TWIST | PRONG | GOLD | KT_14 | 1ct | imgs:3
[01:54:31][PEAR] [4463] ? NIV-9FFDE7ABFB9EA950 | BASKET | DOUBLE_TWIST | PRONG | GOLD | KT_14 | 1ct | imgs:3
[01:54:34][PEAR] [4464] ? NIV-9FFDE7ABFB9EA950 | BASKET | DOUBLE_TWIST | PRONG | GOLD | KT_14 | 1ct | imgs:3
[01:54:36][PEAR] [4465] ? NIV-4B1EBDDD01FBE654 | BASKET | DOUBLE_TWIST | PRONG | GOLD | KT_14 | 1ct | imgs:3
[01:54:40][PEAR] [4466] ? NIV-4B1EBDDD01FBE654 | BASKET | DOUBLE_TWIST | PRONG | GOLD | KT_14 | 1ct | imgs:3
[01:54:45][PEAR] [4467] ? NIV-4B1EBDDD01FBE654 | BASKET | DOUBLE_TWIST | PRONG | GOLD | KT_14 | 1ct | imgs:3
[01:54:48][PEAR] [4468] ? NIV-803E34E53A6C86FF | BASKET | DOUBLE_TWIST | PRONG | GOLD | KT_14 | 1ct | imgs:3
[01:54:52][PEAR] [4469] ? NIV-803E34E53A6C86FF | BASKET | DOUBLE_TWIST | PRONG | GOLD | KT_14 | 1ct | imgs:3
[01:54:57][PEAR] [4470] ? NIV-803E34E53A6C86FF | BASKET | DOUBLE_TWIST | PRONG | GOLD | KT_14 | 1ct | imgs:3
[01:55:00][PEAR] [4471] ? NIV-58990CAD9DF48A50 | BASKET | DOUBLE_TWIST | PRONG | GOLD | KT_18 | 1ct | imgs:3
[01:55:04][PEAR] [4472] ? NIV-58990CAD9DF48A50 | BASKET | DOUBLE_TWIST | PRONG | GOLD | KT_18 | 1ct | imgs:3
[01:55:07][PEAR] [4473] ? NIV-58990CAD9DF48A50 | BASKET | DOUBLE_TWIST | PRONG | GOLD | KT_18 | 1ct | imgs:3
[01:55:09][PEAR] [4474] ? NIV-2C3C942997635DBD | BASKET | DOUBLE_TWIST | PRONG | GOLD | KT_18 | 1ct | imgs:3
[01:55:12][PEAR] [4475] ? NIV-2C3C942997635DBD | BASKET | DOUBLE_TWIST | PRONG | GOLD | KT_18 | 1ct | imgs:3
[01:55:16][PEAR] [4476] ? NIV-2C3C942997635DBD | BASKET | DOUBLE_TWIST | PRONG | GOLD | KT_18 | 1ct | imgs:3
[01:55:18][PEAR] [4477] ? NIV-A66ECB2103243EF7 | BASKET | DOUBLE_TWIST | PRONG | GOLD | KT_18 | 1ct | imgs:3
[01:55:22][PEAR] [4478] ? NIV-A66ECB2103243EF7 | BASKET | DOUBLE_TWIST | PRONG | GOLD | KT_18 | 1ct | imgs:3
[01:55:27][PEAR] [4479] ? NIV-A66ECB2103243EF7 | BASKET | DOUBLE_TWIST | PRONG | GOLD | KT_18 | 1ct | imgs:3
[01:55:30][PEAR] [4480] ? NIV-2206067D04595458 | BASKET | DOUBLE_TWIST | PRONG | PLATINUM | PT_950 | 1ct | imgs:3
[01:55:36][PEAR] [4481] ? NIV-2926875095871F7E | BASKET | DOUBLE_TWIST | PRONG | GOLD | KT_10 | 1ct | imgs:3
[01:55:40][PEAR] [4482] ? NIV-2926875095871F7E | BASKET | DOUBLE_TWIST | PRONG | GOLD | KT_10 | 1ct | imgs:3
[01:55:45][PEAR] [4483] ? NIV-2926875095871F7E | BASKET | DOUBLE_TWIST | PRONG | GOLD | KT_10 | 1ct | imgs:3
[01:55:48][PEAR] [4484] ? NIV-9E572AD4FD7099C5 | BASKET | DOUBLE_TWIST | PRONG | GOLD | KT_10 | 1ct | imgs:3
[01:55:52][PEAR] [4485] ? NIV-9E572AD4FD7099C5 | BASKET | DOUBLE_TWIST | PRONG | GOLD | KT_10 | 1ct | imgs:3
[01:55:55][PEAR] [4486] ? NIV-9E572AD4FD7099C5 | BASKET | DOUBLE_TWIST | PRONG | GOLD | KT_10 | 1ct | imgs:3
[01:55:57][PEAR] [4487] ? NIV-4A758AC576F163A8 | BASKET | DOUBLE_TWIST | PRONG | GOLD | KT_10 | 1ct | imgs:3
[01:56:01][PEAR] [4488] ? NIV-4A758AC576F163A8 | BASKET | DOUBLE_TWIST | PRONG | GOLD | KT_10 | 1ct | imgs:3
[01:56:07][PEAR] [4489] ? NIV-4A758AC576F163A8 | BASKET | DOUBLE_TWIST | PRONG | GOLD | KT_10 | 1ct | imgs:3
[01:56:10][PEAR] [4490] ? NIV-31742DD7DEE32E72 | BASKET | DOUBLE_TWIST | PRONG | GOLD | KT_14 | 1ct | imgs:3
[01:56:15][PEAR] [4491] ? NIV-31742DD7DEE32E72 | BASKET | DOUBLE_TWIST | PRONG | GOLD | KT_14 | 1ct | imgs:3
[01:56:19][PEAR] [4492] ? NIV-31742DD7DEE32E72 | BASKET | DOUBLE_TWIST | PRONG | GOLD | KT_14 | 1ct | imgs:3
[01:56:21][PEAR] [4493] ? NIV-A9EEE432077782A9 | BASKET | DOUBLE_TWIST | PRONG | GOLD | KT_14 | 1ct | imgs:3
[01:56:25][PEAR] [4494] ? NIV-A9EEE432077782A9 | BASKET | DOUBLE_TWIST | PRONG | GOLD | KT_14 | 1ct | imgs:3
[01:56:30][PEAR] [4495] ? NIV-A9EEE432077782A9 | BASKET | DOUBLE_TWIST | PRONG | GOLD | KT_14 | 1ct | imgs:3
[01:56:33][PEAR] [4496] ? NIV-5FAD9815AB03F71D | BASKET | DOUBLE_TWIST | PRONG | GOLD | KT_14 | 1ct | imgs:3
[01:56:37][PEAR] [4497] ? NIV-5FAD9815AB03F71D | BASKET | DOUBLE_TWIST | PRONG | GOLD | KT_14 | 1ct | imgs:3
[01:56:40][PEAR] [4498] ? NIV-5FAD9815AB03F71D | BASKET | DOUBLE_TWIST | PRONG | GOLD | KT_14 | 1ct | imgs:3
[01:56:43][PEAR] [4499] ? NIV-CC736BD9B37C1A27 | BASKET | DOUBLE_TWIST | PRONG | GOLD | KT_18 | 1ct | imgs:3
[01:56:48][PEAR] [4500] ? NIV-CC736BD9B37C1A27 | BASKET | DOUBLE_TWIST | PRONG | GOLD | KT_18 | 1ct | imgs:3
[01:56:52][PEAR] [4501] ? NIV-CC736BD9B37C1A27 | BASKET | DOUBLE_TWIST | PRONG | GOLD | KT_18 | 1ct | imgs:3
[01:56:54][PEAR] [4502] ? NIV-855F478941046BA3 | BASKET | DOUBLE_TWIST | PRONG | GOLD | KT_18 | 1ct | imgs:3
[01:56:58][PEAR] [4503] ? NIV-855F478941046BA3 | BASKET | DOUBLE_TWIST | PRONG | GOLD | KT_18 | 1ct | imgs:3
[01:57:04][PEAR] [4504] ? NIV-855F478941046BA3 | BASKET | DOUBLE_TWIST | PRONG | GOLD | KT_18 | 1ct | imgs:3
[01:57:06][PEAR] [4505] ? NIV-1609D2472F2F721B | BASKET | DOUBLE_TWIST | PRONG | GOLD | KT_18 | 1ct | imgs:3
[01:57:10][PEAR] [4506] ? NIV-1609D2472F2F721B | BASKET | DOUBLE_TWIST | PRONG | GOLD | KT_18 | 1ct | imgs:3
[01:57:15][PEAR] [4507] ? NIV-1609D2472F2F721B | BASKET | DOUBLE_TWIST | PRONG | GOLD | KT_18 | 1ct | imgs:3
[01:57:18][PEAR] [4508] ? NIV-887328CAB9FE9F5F | BASKET | DOUBLE_TWIST | PRONG | PLATINUM | PT_950 | 1ct | imgs:3
[01:57:24][PEAR] [4509] ? NIV-DA06C48164790874 | BASKET | DOUBLE_TWIST | PRONG | GOLD | KT_10 | 1ct | imgs:3
[01:57:28][PEAR] [4510] ? NIV-DA06C48164790874 | BASKET | DOUBLE_TWIST | PRONG | GOLD | KT_10 | 1ct | imgs:3
[01:57:31][PEAR] [4511] ? NIV-DA06C48164790874 | BASKET | DOUBLE_TWIST | PRONG | GOLD | KT_10 | 1ct | imgs:3
[01:57:33][PEAR] [4512] ? NIV-51514DFA931DE28A | BASKET | DOUBLE_TWIST | PRONG | GOLD | KT_10 | 1ct | imgs:3
[01:57:37][PEAR] [4513] ? NIV-51514DFA931DE28A | BASKET | DOUBLE_TWIST | PRONG | GOLD | KT_10 | 1ct | imgs:3
[01:57:42][PEAR] [4514] ? NIV-51514DFA931DE28A | BASKET | DOUBLE_TWIST | PRONG | GOLD | KT_10 | 1ct | imgs:3
[01:57:45][PEAR] [4515] ? NIV-E6B5060C57F8B4BB | BASKET | DOUBLE_TWIST | PRONG | GOLD | KT_10 | 1ct | imgs:3
[01:57:49][PEAR] [4516] ? NIV-E6B5060C57F8B4BB | BASKET | DOUBLE_TWIST | PRONG | GOLD | KT_10 | 1ct | imgs:3
[01:57:54][PEAR] [4517] ? NIV-E6B5060C57F8B4BB | BASKET | DOUBLE_TWIST | PRONG | GOLD | KT_10 | 1ct | imgs:3
[01:57:57][PEAR] [4518] ? NIV-5DD92618653EF29C | BASKET | DOUBLE_TWIST | PRONG | GOLD | KT_14 | 1ct | imgs:3
[01:58:03][PEAR] [4519] ? NIV-5DD92618653EF29C | BASKET | DOUBLE_TWIST | PRONG | GOLD | KT_14 | 1ct | imgs:3
[01:58:07][PEAR] [4520] ? NIV-5DD92618653EF29C | BASKET | DOUBLE_TWIST | PRONG | GOLD | KT_14 | 1ct | imgs:3
[01:58:09][PEAR] [4521] ? NIV-34C8AFC43B289D66 | BASKET | DOUBLE_TWIST | PRONG | GOLD | KT_14 | 1ct | imgs:3
[01:58:12][PEAR] [4522] ? NIV-34C8AFC43B289D66 | BASKET | DOUBLE_TWIST | PRONG | GOLD | KT_14 | 1ct | imgs:3
[01:58:16][PEAR] [4523] ? NIV-34C8AFC43B289D66 | BASKET | DOUBLE_TWIST | PRONG | GOLD | KT_14 | 1ct | imgs:3
[01:58:18][PEAR] [4524] ? NIV-F2B37580B0BE74B6 | BASKET | DOUBLE_TWIST | PRONG | GOLD | KT_14 | 1ct | imgs:3
[01:58:22][PEAR] [4525] ? NIV-F2B37580B0BE74B6 | BASKET | DOUBLE_TWIST | PRONG | GOLD | KT_14 | 1ct | imgs:3
[01:58:28][PEAR] [4526] ? NIV-F2B37580B0BE74B6 | BASKET | DOUBLE_TWIST | PRONG | GOLD | KT_14 | 1ct | imgs:3
[01:58:30][PEAR] [4527] ? NIV-8CB3D07E930262B4 | BASKET | DOUBLE_TWIST | PRONG | GOLD | KT_18 | 1ct | imgs:3
[01:58:34][PEAR] [4528] ? NIV-8CB3D07E930262B4 | BASKET | DOUBLE_TWIST | PRONG | GOLD | KT_18 | 1ct | imgs:3
[01:58:39][PEAR] [4529] ? NIV-8CB3D07E930262B4 | BASKET | DOUBLE_TWIST | PRONG | GOLD | KT_18 | 1ct | imgs:3
[01:58:42][PEAR] [4530] ? NIV-A4C4A65880C0CEF1 | BASKET | DOUBLE_TWIST | PRONG | GOLD | KT_18 | 1ct | imgs:1
[01:58:46][PEAR] [4531] ? NIV-A4C4A65880C0CEF1 | BASKET | DOUBLE_TWIST | PRONG | GOLD | KT_18 | 1ct | imgs:3
[01:58:51][PEAR] [4532] ? NIV-A4C4A65880C0CEF1 | BASKET | DOUBLE_TWIST | PRONG | GOLD | KT_18 | 1ct | imgs:3
[01:58:54][PEAR] [4533] ? NIV-EA377B76E9A72A5F | BASKET | DOUBLE_TWIST | PRONG | GOLD | KT_18 | 1ct | imgs:3
[01:58:58][PEAR] [4534] ? NIV-EA377B76E9A72A5F | BASKET | DOUBLE_TWIST | PRONG | GOLD | KT_18 | 1ct | imgs:3
[01:59:01][PEAR] [4535] ? NIV-EA377B76E9A72A5F | BASKET | DOUBLE_TWIST | PRONG | GOLD | KT_18 | 1ct | imgs:3
[01:59:03][PEAR] [4536] ? NIV-B15A79CF29B32755 | BASKET | DOUBLE_TWIST | PRONG | PLATINUM | PT_950 | 1ct | imgs:3
[01:59:10][PEAR] [4537] ? NIV-1F1E587946C0A81A | BASKET | DOUBLE_TWIST | PRONG | GOLD | KT_10 | 1ct | imgs:3
[01:59:15][PEAR] [4538] ? NIV-1F1E587946C0A81A | BASKET | DOUBLE_TWIST | PRONG | GOLD | KT_10 | 1ct | imgs:3
[01:59:19][PEAR] [4539] ? NIV-1F1E587946C0A81A | BASKET | DOUBLE_TWIST | PRONG | GOLD | KT_10 | 1ct | imgs:3
[01:59:21][PEAR] [4540] ? NIV-2C6FDB94576D5C72 | BASKET | DOUBLE_TWIST | PRONG | GOLD | KT_10 | 1ct | imgs:3
[01:59:25][PEAR] [4541] ? NIV-2C6FDB94576D5C72 | BASKET | DOUBLE_TWIST | PRONG | GOLD | KT_10 | 1ct | imgs:3
[01:59:30][PEAR] [4542] ? NIV-2C6FDB94576D5C72 | BASKET | DOUBLE_TWIST | PRONG | GOLD | KT_10 | 1ct | imgs:3
[01:59:33][PEAR] [4543] ? NIV-85427CC6D695F7F7 | BASKET | DOUBLE_TWIST | PRONG | GOLD | KT_10 | 1ct | imgs:3
[01:59:39][PEAR] [4544] ? NIV-85427CC6D695F7F7 | BASKET | DOUBLE_TWIST | PRONG | GOLD | KT_10 | 1ct | imgs:3
[01:59:42][PEAR] [4545] ? NIV-85427CC6D695F7F7 | BASKET | DOUBLE_TWIST | PRONG | GOLD | KT_10 | 1ct | imgs:3
[01:59:45][PEAR] [4546] ? NIV-EB64CB651FAF02D5 | BASKET | DOUBLE_TWIST | PRONG | GOLD | KT_14 | 1ct | imgs:3
[01:59:49][PEAR] [4547] ? NIV-EB64CB651FAF02D5 | BASKET | DOUBLE_TWIST | PRONG | GOLD | KT_14 | 1ct | imgs:3
[01:59:54][PEAR] [4548] ? NIV-EB64CB651FAF02D5 | BASKET | DOUBLE_TWIST | PRONG | GOLD | KT_14 | 1ct | imgs:3
[01:59:57][PEAR] [4549] ? NIV-C1445FB6FB7364ED | BASKET | DOUBLE_TWIST | PRONG | GOLD | KT_14 | 1ct | imgs:3
[02:00:03][PEAR] [4550] ? NIV-C1445FB6FB7364ED | BASKET | DOUBLE_TWIST | PRONG | GOLD | KT_14 | 1ct | imgs:3
[02:00:07][PEAR] [4551] ? NIV-C1445FB6FB7364ED | BASKET | DOUBLE_TWIST | PRONG | GOLD | KT_14 | 1ct | imgs:3
[02:00:09][PEAR] [4552] ? NIV-7F2D92B7F2D3C8D9 | BASKET | DOUBLE_TWIST | PRONG | GOLD | KT_14 | 1ct | imgs:3
[02:00:13][PEAR] [4553] ? NIV-7F2D92B7F2D3C8D9 | BASKET | DOUBLE_TWIST | PRONG | GOLD | KT_14 | 1ct | imgs:3
[02:00:18][PEAR] [4554] ? NIV-7F2D92B7F2D3C8D9 | BASKET | DOUBLE_TWIST | PRONG | GOLD | KT_14 | 1ct | imgs:3
[02:00:21][PEAR] [4555] ? NIV-4B0C20D3E2C4B980 | BASKET | DOUBLE_TWIST | PRONG | GOLD | KT_18 | 1ct | imgs:3
[02:00:25][PEAR] [4556] ? NIV-4B0C20D3E2C4B980 | BASKET | DOUBLE_TWIST | PRONG | GOLD | KT_18 | 1ct | imgs:3
[02:00:28][PEAR] [4557] ? NIV-4B0C20D3E2C4B980 | BASKET | DOUBLE_TWIST | PRONG | GOLD | KT_18 | 1ct | imgs:3
[02:00:35][PEAR] [4558] ? NIV-9EFF9714BD383BCE | BASKET | DOUBLE_TWIST | PRONG | GOLD | KT_18 | 1ct | imgs:2
[02:00:39][PEAR] [4559] ? NIV-9EFF9714BD383BCE | BASKET | DOUBLE_TWIST | PRONG | GOLD | KT_18 | 1ct | imgs:3
[02:00:43][PEAR] [4560] ? NIV-9EFF9714BD383BCE | BASKET | DOUBLE_TWIST | PRONG | GOLD | KT_18 | 1ct | imgs:3
[02:00:45][PEAR] [4561] ? NIV-268CA9B62E8C2495 | BASKET | DOUBLE_TWIST | PRONG | GOLD | KT_18 | 1ct | imgs:3
[02:00:49][PEAR] [4562] ? NIV-268CA9B62E8C2495 | BASKET | DOUBLE_TWIST | PRONG | GOLD | KT_18 | 1ct | imgs:3
[02:00:52][PEAR] [4563] ? NIV-268CA9B62E8C2495 | BASKET | DOUBLE_TWIST | PRONG | GOLD | KT_18 | 1ct | imgs:3
[02:00:54][PEAR] [4564] ? NIV-2AEE8427F1AB08D3 | BASKET | DOUBLE_TWIST | PRONG | PLATINUM | PT_950 | 1ct | imgs:3
[02:00:58][PEAR] [4565] ? NIV-3708FF2114F3DFCA | BASKET | DOUBLE_TWIST | PRONG | GOLD | KT_10 | 1ct | imgs:3
[02:01:01][PEAR] [4566] ? NIV-3708FF2114F3DFCA | BASKET | DOUBLE_TWIST | PRONG | GOLD | KT_10 | 1ct | imgs:3
[02:01:06][PEAR] [4567] ? NIV-3708FF2114F3DFCA | BASKET | DOUBLE_TWIST | PRONG | GOLD | KT_10 | 1ct | imgs:3
[02:01:09][PEAR] [4568] ? NIV-9F28EE1DD70FB961 | BASKET | DOUBLE_TWIST | PRONG | GOLD | KT_10 | 1ct | imgs:3
[02:01:13][PEAR] [4569] ? NIV-9F28EE1DD70FB961 | BASKET | DOUBLE_TWIST | PRONG | GOLD | KT_10 | 1ct | imgs:3
[02:01:16][PEAR] [4570] ? NIV-9F28EE1DD70FB961 | BASKET | DOUBLE_TWIST | PRONG | GOLD | KT_10 | 1ct | imgs:3
[02:01:18][PEAR] [4571] ? NIV-A5D692227DD50374 | BASKET | DOUBLE_TWIST | PRONG | GOLD | KT_10 | 1ct | imgs:1
[02:01:22][PEAR] [4572] ? NIV-A5D692227DD50374 | BASKET | DOUBLE_TWIST | PRONG | GOLD | KT_10 | 1ct | imgs:3
[02:01:27][PEAR] [4573] ? NIV-A5D692227DD50374 | BASKET | DOUBLE_TWIST | PRONG | GOLD | KT_10 | 1ct | imgs:3
[02:01:30][PEAR] [4574] ? NIV-7421181B9DEE4BFC | BASKET | DOUBLE_TWIST | PRONG | GOLD | KT_14 | 1ct | imgs:3
[02:01:34][PEAR] [4575] ? NIV-7421181B9DEE4BFC | BASKET | DOUBLE_TWIST | PRONG | GOLD | KT_14 | 1ct | imgs:3
[02:01:40][PEAR] [4576] ? NIV-7421181B9DEE4BFC | BASKET | DOUBLE_TWIST | PRONG | GOLD | KT_14 | 1ct | imgs:3
[02:01:42][PEAR] [4577] ? NIV-6C3A1D2991C7F69A | BASKET | DOUBLE_TWIST | PRONG | GOLD | KT_14 | 1ct | imgs:3
[02:01:48][PEAR] [4578] ? NIV-6C3A1D2991C7F69A | BASKET | DOUBLE_TWIST | PRONG | GOLD | KT_14 | 1ct | imgs:3
[02:01:52][PEAR] [4579] ? NIV-6C3A1D2991C7F69A | BASKET | DOUBLE_TWIST | PRONG | GOLD | KT_14 | 1ct | imgs:3
[02:01:54][PEAR] [4580] ? NIV-AFA0D5A3ACA651D0 | BASKET | DOUBLE_TWIST | PRONG | GOLD | KT_14 | 1ct | imgs:3
[02:02:00][PEAR] [4581] ? NIV-AFA0D5A3ACA651D0 | BASKET | DOUBLE_TWIST | PRONG | GOLD | KT_14 | 1ct | imgs:3
[02:02:04][PEAR] [4582] ? NIV-AFA0D5A3ACA651D0 | BASKET | DOUBLE_TWIST | PRONG | GOLD | KT_14 | 1ct | imgs:3
[02:02:07][PEAR] [4583] ? NIV-EDFBA525F90FBEF7 | BASKET | DOUBLE_TWIST | PRONG | GOLD | KT_18 | 1ct | imgs:3
[02:02:12][PEAR] [4584] ? NIV-EDFBA525F90FBEF7 | BASKET | DOUBLE_TWIST | PRONG | GOLD | KT_18 | 1ct | imgs:3
[02:02:16][PEAR] [4585] ? NIV-EDFBA525F90FBEF7 | BASKET | DOUBLE_TWIST | PRONG | GOLD | KT_18 | 1ct | imgs:3
[02:02:18][PEAR] [4586] ? NIV-9CCFDE461FA35F16 | BASKET | DOUBLE_TWIST | PRONG | GOLD | KT_18 | 1ct | imgs:3
[02:02:22][PEAR] [4587] ? NIV-9CCFDE461FA35F16 | BASKET | DOUBLE_TWIST | PRONG | GOLD | KT_18 | 1ct | imgs:3
[02:02:27][PEAR] [4588] ? NIV-9CCFDE461FA35F16 | BASKET | DOUBLE_TWIST | PRONG | GOLD | KT_18 | 1ct | imgs:3
[02:02:30][PEAR] [4589] ? NIV-457708B5B1FC826A | BASKET | DOUBLE_TWIST | PRONG | GOLD | KT_18 | 1ct | imgs:3
[02:02:36][PEAR] [4590] ? NIV-457708B5B1FC826A | BASKET | DOUBLE_TWIST | PRONG | GOLD | KT_18 | 1ct | imgs:3
[02:02:40][PEAR] [4591] ? NIV-457708B5B1FC826A | BASKET | DOUBLE_TWIST | PRONG | GOLD | KT_18 | 1ct | imgs:3
[02:02:42][PEAR] [4592] ? NIV-C5C0620DCAB58A47 | BASKET | DOUBLE_TWIST | PRONG | PLATINUM | PT_950 | 1ct | imgs:3
[02:02:48][PEAR] [4593] ? NIV-A905F791B6D0791D | BASKET | DOUBLE_TWIST | PRONG | GOLD | KT_10 | 1ct | imgs:3
[02:02:52][PEAR] [4594] ? NIV-A905F791B6D0791D | BASKET | DOUBLE_TWIST | PRONG | GOLD | KT_10 | 1ct | imgs:3
[02:02:57][PEAR] [4595] ? NIV-A905F791B6D0791D | BASKET | DOUBLE_TWIST | PRONG | GOLD | KT_10 | 1ct | imgs:3
[02:03:00][PEAR] [4596] ? NIV-051C91FC28180035 | BASKET | DOUBLE_TWIST | PRONG | GOLD | KT_10 | 1ct | imgs:3
[02:03:03][PEAR] [4597] ? NIV-051C91FC28180035 | BASKET | DOUBLE_TWIST | PRONG | GOLD | KT_10 | 1ct | imgs:3
[02:03:10][PEAR] [4598] ? NIV-051C91FC28180035 | BASKET | DOUBLE_TWIST | PRONG | GOLD | KT_10 | 1ct | imgs:3
[02:03:12][PEAR] [4599] ? NIV-09A2FCA518926D00 | BASKET | DOUBLE_TWIST | PRONG | GOLD | KT_10 | 1ct | imgs:3
[02:03:16][PEAR] [4600] ? NIV-09A2FCA518926D00 | BASKET | DOUBLE_TWIST | PRONG | GOLD | KT_10 | 1ct | imgs:3
[02:03:21][PEAR] [4601] ? NIV-09A2FCA518926D00 | BASKET | DOUBLE_TWIST | PRONG | GOLD | KT_10 | 1ct | imgs:3
[02:03:24][PEAR] [4602] ? NIV-2C22945416714DD9 | BASKET | DOUBLE_TWIST | PRONG | GOLD | KT_14 | 1ct | imgs:3
[02:03:28][PEAR] [4603] ? NIV-2C22945416714DD9 | BASKET | DOUBLE_TWIST | PRONG | GOLD | KT_14 | 1ct | imgs:3
[02:03:33][PEAR] [4604] ? NIV-2C22945416714DD9 | BASKET | DOUBLE_TWIST | PRONG | GOLD | KT_14 | 1ct | imgs:3
[02:03:36][PEAR] [4605] ? NIV-AB1268823D00E529 | BASKET | DOUBLE_TWIST | PRONG | GOLD | KT_14 | 1ct | imgs:3
[02:03:40][PEAR] [4606] ? NIV-AB1268823D00E529 | BASKET | DOUBLE_TWIST | PRONG | GOLD | KT_14 | 1ct | imgs:3
[02:03:43][PEAR] [4607] ? NIV-AB1268823D00E529 | BASKET | DOUBLE_TWIST | PRONG | GOLD | KT_14 | 1ct | imgs:3
[02:03:45][PEAR] [4608] ? NIV-CA90DA0BD90C7A6D | BASKET | DOUBLE_TWIST | PRONG | GOLD | KT_14 | 1ct | imgs:3
[02:03:49][PEAR] [4609] ? NIV-CA90DA0BD90C7A6D | BASKET | DOUBLE_TWIST | PRONG | GOLD | KT_14 | 1ct | imgs:3
[02:03:52][PEAR] [4610] ? NIV-CA90DA0BD90C7A6D | BASKET | DOUBLE_TWIST | PRONG | GOLD | KT_14 | 1ct | imgs:3
[02:03:55][PEAR] [4611] ? NIV-DBDE2B2C3F68C609 | BASKET | DOUBLE_TWIST | PRONG | GOLD | KT_18 | 1ct | imgs:3
[02:04:00][PEAR] [4612] ? NIV-DBDE2B2C3F68C609 | BASKET | DOUBLE_TWIST | PRONG | GOLD | KT_18 | 1ct | imgs:3
[02:04:04][PEAR] [4613] ? NIV-DBDE2B2C3F68C609 | BASKET | DOUBLE_TWIST | PRONG | GOLD | KT_18 | 1ct | imgs:3
[02:04:06][PEAR] [4614] ? NIV-597ADBA73D224C00 | BASKET | DOUBLE_TWIST | PRONG | GOLD | KT_18 | 1ct | imgs:3
[02:04:10][PEAR] [4615] ? NIV-597ADBA73D224C00 | BASKET | DOUBLE_TWIST | PRONG | GOLD | KT_18 | 1ct | imgs:3
[02:04:13][PEAR] [4616] ? NIV-597ADBA73D224C00 | BASKET | DOUBLE_TWIST | PRONG | GOLD | KT_18 | 1ct | imgs:3
[02:04:15][PEAR] [4617] ? NIV-8250C7830A09222A | BASKET | DOUBLE_TWIST | PRONG | GOLD | KT_18 | 1ct | imgs:3
[02:04:21][PEAR] [4618] ? NIV-8250C7830A09222A | BASKET | DOUBLE_TWIST | PRONG | GOLD | KT_18 | 1ct | imgs:3
[02:04:25][PEAR] [4619] ? NIV-8250C7830A09222A | BASKET | DOUBLE_TWIST | PRONG | GOLD | KT_18 | 1ct | imgs:3
[02:04:28][PEAR] [4620] ? NIV-B6BD4E79EBFE55F9 | BASKET | DOUBLE_TWIST | PRONG | PLATINUM | PT_950 | 1ct | imgs:3
[02:04:34][PEAR] [4621] ? NIV-1C8D04ED12094EF7 | BASKET | DOUBLE_TWIST | PRONG | GOLD | KT_10 | 1ct | imgs:3
[02:04:39][PEAR] [4622] ? NIV-1C8D04ED12094EF7 | BASKET | DOUBLE_TWIST | PRONG | GOLD | KT_10 | 1ct | imgs:3
[02:04:43][PEAR] [4623] ? NIV-1C8D04ED12094EF7 | BASKET | DOUBLE_TWIST | PRONG | GOLD | KT_10 | 1ct | imgs:3
[02:04:45][PEAR] [4624] ? NIV-97EFE9F446BAC7B9 | BASKET | DOUBLE_TWIST | PRONG | GOLD | KT_10 | 1ct | imgs:3
[02:04:49][PEAR] [4625] ? NIV-97EFE9F446BAC7B9 | BASKET | DOUBLE_TWIST | PRONG | GOLD | KT_10 | 1ct | imgs:3
[02:04:54][PEAR] [4626] ? NIV-97EFE9F446BAC7B9 | BASKET | DOUBLE_TWIST | PRONG | GOLD | KT_10 | 1ct | imgs:3
[02:04:57][PEAR] [4627] ? NIV-BEA3FDBE0E919AA1 | BASKET | DOUBLE_TWIST | PRONG | GOLD | KT_10 | 1ct | imgs:3
[02:05:01][PEAR] [4628] ? NIV-BEA3FDBE0E919AA1 | BASKET | DOUBLE_TWIST | PRONG | GOLD | KT_10 | 1ct | imgs:3
[02:05:04][PEAR] [4629] ? NIV-BEA3FDBE0E919AA1 | BASKET | DOUBLE_TWIST | PRONG | GOLD | KT_10 | 1ct | imgs:3
[02:05:07][PEAR] [4630] ? NIV-8BAEE1367B2AE176 | BASKET | DOUBLE_TWIST | PRONG | GOLD | KT_14 | 1ct | imgs:3
[02:05:10][PEAR] [4631] ? NIV-8BAEE1367B2AE176 | BASKET | DOUBLE_TWIST | PRONG | GOLD | KT_14 | 1ct | imgs:3
[02:05:15][PEAR] [4632] ? NIV-8BAEE1367B2AE176 | BASKET | DOUBLE_TWIST | PRONG | GOLD | KT_14 | 1ct | imgs:3
[02:05:19][PEAR] [4633] ? NIV-D7420EE518BF1CA3 | BASKET | DOUBLE_TWIST | PRONG | GOLD | KT_14 | 1ct | imgs:2
[02:05:24][PEAR] [4634] ? NIV-D7420EE518BF1CA3 | BASKET | DOUBLE_TWIST | PRONG | GOLD | KT_14 | 1ct | imgs:3
[02:05:28][PEAR] [4635] ? NIV-D7420EE518BF1CA3 | BASKET | DOUBLE_TWIST | PRONG | GOLD | KT_14 | 1ct | imgs:3
[02:05:30][PEAR] [4636] ? NIV-4F848BA700101A88 | BASKET | DOUBLE_TWIST | PRONG | GOLD | KT_14 | 1ct | imgs:3
[02:05:34][PEAR] [4637] ? NIV-4F848BA700101A88 | BASKET | DOUBLE_TWIST | PRONG | GOLD | KT_14 | 1ct | imgs:3
[02:05:37][PEAR] [4638] ? NIV-4F848BA700101A88 | BASKET | DOUBLE_TWIST | PRONG | GOLD | KT_14 | 1ct | imgs:3
[02:05:40][PEAR] [4639] ? NIV-6836B969D7F5C281 | BASKET | DOUBLE_TWIST | PRONG | GOLD | KT_18 | 1ct | imgs:3
[02:05:45][PEAR] [4640] ? NIV-6836B969D7F5C281 | BASKET | DOUBLE_TWIST | PRONG | GOLD | KT_18 | 1ct | imgs:3
[02:05:49][PEAR] [4641] ? NIV-6836B969D7F5C281 | BASKET | DOUBLE_TWIST | PRONG | GOLD | KT_18 | 1ct | imgs:3
[02:05:51][PEAR] [4642] ? NIV-1F7D965A3C473140 | BASKET | DOUBLE_TWIST | PRONG | GOLD | KT_18 | 1ct | imgs:3
[02:05:55][PEAR] [4643] ? NIV-1F7D965A3C473140 | BASKET | DOUBLE_TWIST | PRONG | GOLD | KT_18 | 1ct | imgs:3
[02:06:00][PEAR] [4644] ? NIV-1F7D965A3C473140 | BASKET | DOUBLE_TWIST | PRONG | GOLD | KT_18 | 1ct | imgs:3
[02:06:03][PEAR] [4645] ? NIV-AE9A9ACE46D839B1 | BASKET | DOUBLE_TWIST | PRONG | GOLD | KT_18 | 1ct | imgs:3
[02:06:07][PEAR] [4646] ? NIV-AE9A9ACE46D839B1 | BASKET | DOUBLE_TWIST | PRONG | GOLD | KT_18 | 1ct | imgs:3
[02:06:12][PEAR] [4647] ? NIV-AE9A9ACE46D839B1 | BASKET | DOUBLE_TWIST | PRONG | GOLD | KT_18 | 1ct | imgs:3
[02:06:15][PEAR] [4648] ? NIV-09E2B315D727EDAA | BASKET | DOUBLE_TWIST | PRONG | PLATINUM | PT_950 | 1ct | imgs:3
[02:06:21][PEAR] [4649] ? NIV-57227133726BC7D8 | BASKET | DOUBLE_TWIST | PRONG | GOLD | KT_10 | 1ct | imgs:3
[02:06:25][PEAR] [4650] ? NIV-57227133726BC7D8 | BASKET | DOUBLE_TWIST | PRONG | GOLD | KT_10 | 1ct | imgs:3
[02:06:28][PEAR] [4651] ? NIV-57227133726BC7D8 | BASKET | DOUBLE_TWIST | PRONG | GOLD | KT_10 | 1ct | imgs:3
[02:06:30][PEAR] [4652] ? NIV-CE7566FD121DE8C1 | BASKET | DOUBLE_TWIST | PRONG | GOLD | KT_10 | 1ct | imgs:3
[02:06:34][PEAR] [4653] ? NIV-CE7566FD121DE8C1 | BASKET | DOUBLE_TWIST | PRONG | GOLD | KT_10 | 1ct | imgs:3
[02:06:39][PEAR] [4654] ? NIV-CE7566FD121DE8C1 | BASKET | DOUBLE_TWIST | PRONG | GOLD | KT_10 | 1ct | imgs:3
[02:06:42][PEAR] [4655] ? NIV-DD2368C458E59806 | BASKET | DOUBLE_TWIST | PRONG | GOLD | KT_10 | 1ct | imgs:3
[02:06:46][PEAR] [4656] ? NIV-DD2368C458E59806 | BASKET | DOUBLE_TWIST | PRONG | GOLD | KT_10 | 1ct | imgs:3
[02:06:49][PEAR] [4657] ? NIV-DD2368C458E59806 | BASKET | DOUBLE_TWIST | PRONG | GOLD | KT_10 | 1ct | imgs:3
[02:06:54][PEAR] [4658] ? NIV-19376715F572D14B | BASKET | DOUBLE_TWIST | PRONG | GOLD | KT_14 | 1ct | imgs:3
[02:06:58][PEAR] [4659] ? NIV-19376715F572D14B | BASKET | DOUBLE_TWIST | PRONG | GOLD | KT_14 | 1ct | imgs:3
[02:07:03][PEAR] [4660] ? NIV-19376715F572D14B | BASKET | DOUBLE_TWIST | PRONG | GOLD | KT_14 | 1ct | imgs:3
[02:07:06][PEAR] [4661] ? NIV-4C498283FC127E2E | BASKET | DOUBLE_TWIST | PRONG | GOLD | KT_14 | 1ct | imgs:3
[02:07:10][PEAR] [4662] ? NIV-4C498283FC127E2E | BASKET | DOUBLE_TWIST | PRONG | GOLD | KT_14 | 1ct | imgs:3
[02:07:15][PEAR] [4663] ? NIV-4C498283FC127E2E | BASKET | DOUBLE_TWIST | PRONG | GOLD | KT_14 | 1ct | imgs:3
[02:07:18][PEAR] [4664] ? NIV-B29F834F1758DD32 | BASKET | DOUBLE_TWIST | PRONG | GOLD | KT_14 | 1ct | imgs:3
[02:07:22][PEAR] [4665] ? NIV-B29F834F1758DD32 | BASKET | DOUBLE_TWIST | PRONG | GOLD | KT_14 | 1ct | imgs:3
[02:07:25][PEAR] [4666] ? NIV-B29F834F1758DD32 | BASKET | DOUBLE_TWIST | PRONG | GOLD | KT_14 | 1ct | imgs:3
[02:07:30][PEAR] [4667] ? NIV-A1918426CB2C5F6E | BASKET | DOUBLE_TWIST | PRONG | GOLD | KT_18 | 1ct | imgs:3
[02:07:34][PEAR] [4668] ? NIV-A1918426CB2C5F6E | BASKET | DOUBLE_TWIST | PRONG | GOLD | KT_18 | 1ct | imgs:3
[02:07:37][PEAR] [4669] ? NIV-A1918426CB2C5F6E | BASKET | DOUBLE_TWIST | PRONG | GOLD | KT_18 | 1ct | imgs:3
[02:07:40][PEAR] [4670] ? NIV-27101850BE7EABD0 | BASKET | DOUBLE_TWIST | PRONG | GOLD | KT_18 | 1ct | imgs:3
[02:07:43][PEAR] [4671] ? NIV-27101850BE7EABD0 | BASKET | DOUBLE_TWIST | PRONG | GOLD | KT_18 | 1ct | imgs:3
[02:07:48][PEAR] [4672] ? NIV-27101850BE7EABD0 | BASKET | DOUBLE_TWIST | PRONG | GOLD | KT_18 | 1ct | imgs:3
[02:07:51][PEAR] [4673] ? NIV-FC2734EE217CEB86 | BASKET | DOUBLE_TWIST | PRONG | GOLD | KT_18 | 1ct | imgs:3
[02:07:55][PEAR] [4674] ? NIV-FC2734EE217CEB86 | BASKET | DOUBLE_TWIST | PRONG | GOLD | KT_18 | 1ct | imgs:3
[02:07:58][PEAR] [4675] ? NIV-FC2734EE217CEB86 | BASKET | DOUBLE_TWIST | PRONG | GOLD | KT_18 | 1ct | imgs:3
[02:08:00][PEAR] [4676] ? NIV-2C2E50368B01A038 | BASKET | DOUBLE_TWIST | PRONG | PLATINUM | PT_950 | 1ct | imgs:3
[02:08:06][PEAR] [4677] ? NIV-6AAB1F7FC5368682 | BASKET | DOUBLE_TWIST | PRONG | GOLD | KT_10 | 1ct | imgs:3
[02:08:10][PEAR] [4678] ? NIV-6AAB1F7FC5368682 | BASKET | DOUBLE_TWIST | PRONG | GOLD | KT_10 | 1ct | imgs:3
[02:08:15][PEAR] [4679] ? NIV-6AAB1F7FC5368682 | BASKET | DOUBLE_TWIST | PRONG | GOLD | KT_10 | 1ct | imgs:3
[02:08:19][PEAR] [4680] ? NIV-10AFE93FA9332D0A | BASKET | DOUBLE_TWIST | PRONG | GOLD | KT_10 | 1ct | imgs:3
[02:08:24][PEAR] [4681] ? NIV-10AFE93FA9332D0A | BASKET | DOUBLE_TWIST | PRONG | GOLD | KT_10 | 1ct | imgs:3
[02:08:28][PEAR] [4682] ? NIV-10AFE93FA9332D0A | BASKET | DOUBLE_TWIST | PRONG | GOLD | KT_10 | 1ct | imgs:3
[02:08:30][PEAR] [4683] ? NIV-B465BCC5A8E90C6D | BASKET | DOUBLE_TWIST | PRONG | GOLD | KT_10 | 1ct | imgs:3
[02:08:36][PEAR] [4684] ? NIV-B465BCC5A8E90C6D | BASKET | DOUBLE_TWIST | PRONG | GOLD | KT_10 | 1ct | imgs:3
[02:08:40][PEAR] [4685] ? NIV-B465BCC5A8E90C6D | BASKET | DOUBLE_TWIST | PRONG | GOLD | KT_10 | 1ct | imgs:3
[02:08:44][PEAR] [4686] ? NIV-10F31204C1221D47 | BASKET | DOUBLE_TWIST | PRONG | GOLD | KT_14 | 1ct | imgs:1
[02:08:48][PEAR] [4687] ? NIV-10F31204C1221D47 | BASKET | DOUBLE_TWIST | PRONG | GOLD | KT_14 | 1ct | imgs:3
[02:08:51][PEAR] [4688] ? NIV-10F31204C1221D47 | BASKET | DOUBLE_TWIST | PRONG | GOLD | KT_14 | 1ct | imgs:3
[02:08:54][PEAR] [4689] ? NIV-89723F4D10C6AB7D | BASKET | DOUBLE_TWIST | PRONG | GOLD | KT_14 | 1ct | imgs:3
[02:08:58][PEAR] [4690] ? NIV-89723F4D10C6AB7D | BASKET | DOUBLE_TWIST | PRONG | GOLD | KT_14 | 1ct | imgs:3
[02:09:03][PEAR] [4691] ? NIV-89723F4D10C6AB7D | BASKET | DOUBLE_TWIST | PRONG | GOLD | KT_14 | 1ct | imgs:3
[02:09:06][PEAR] [4692] ? NIV-8E7ABF88DFED1A8C | BASKET | DOUBLE_TWIST | PRONG | GOLD | KT_14 | 1ct | imgs:3
[02:09:10][PEAR] [4693] ? NIV-8E7ABF88DFED1A8C | BASKET | DOUBLE_TWIST | PRONG | GOLD | KT_14 | 1ct | imgs:3
[02:09:15][PEAR] [4694] ? NIV-8E7ABF88DFED1A8C | BASKET | DOUBLE_TWIST | PRONG | GOLD | KT_14 | 1ct | imgs:3
[02:09:18][PEAR] [4695] ? NIV-C0B8E3A010005ACB | BASKET | DOUBLE_TWIST | PRONG | GOLD | KT_18 | 1ct | imgs:3
[02:09:22][PEAR] [4696] ? NIV-C0B8E3A010005ACB | BASKET | DOUBLE_TWIST | PRONG | GOLD | KT_18 | 1ct | imgs:3
[02:09:27][PEAR] [4697] ? NIV-C0B8E3A010005ACB | BASKET | DOUBLE_TWIST | PRONG | GOLD | KT_18 | 1ct | imgs:3
[02:09:30][PEAR] [4698] ? NIV-742B6BD78543D5C4 | BASKET | DOUBLE_TWIST | PRONG | GOLD | KT_18 | 1ct | imgs:3
[02:09:34][PEAR] [4699] ? NIV-742B6BD78543D5C4 | BASKET | DOUBLE_TWIST | PRONG | GOLD | KT_18 | 1ct | imgs:3
[02:09:37][PEAR] [4700] ? NIV-742B6BD78543D5C4 | BASKET | DOUBLE_TWIST | PRONG | GOLD | KT_18 | 1ct | imgs:3
[02:09:39][PEAR] [4701] ? NIV-962BFC7E65661A07 | BASKET | DOUBLE_TWIST | PRONG | GOLD | KT_18 | 1ct | imgs:3
[02:09:43][PEAR] [4702] ? NIV-962BFC7E65661A07 | BASKET | DOUBLE_TWIST | PRONG | GOLD | KT_18 | 1ct | imgs:3
[02:09:46][PEAR] [4703] ? NIV-962BFC7E65661A07 | BASKET | DOUBLE_TWIST | PRONG | GOLD | KT_18 | 1ct | imgs:3
[02:09:49][PEAR] [4704] ? NIV-324687857E2AA9D2 | BASKET | DOUBLE_TWIST | PRONG | PLATINUM | PT_950 | 1ct | imgs:3
[02:09:54][PEAR]   click_button error (jewellery-configurator-ring-head-metal-color-option-YELLOW_GOLD): Page.query_selector: Execution context was destroyed, most likely because of a navigation
[02:09:55][PEAR]   Re-seleccionando PEAR (intento 1)
[02:09:55][PEAR]   Boton no encontrado ? recargando configurador...
[02:10:09][PEAR]   Re-seleccionando PEAR (intento 2)
[02:10:12][PEAR] [4705] ? NIV-D5C0F85B48F232CE | BASKET | DOUBLE_TWIST | PRONG | GOLD | KT_10 | 1ct | imgs:3
[02:10:15][PEAR] [4706] ? NIV-7DA8D455A2AE5958 | BASKET | DOUBLE_TWIST | PRONG | GOLD | KT_10 | 1ct | imgs:3
[02:10:18][PEAR] [4707] ? NIV-564AABB91BF56BF5 | BASKET | DOUBLE_TWIST | PRONG | GOLD | KT_10 | 1ct | imgs:3
[02:10:26][PEAR] [4708] ? NIV-F90800C7F479B426 | BASKET | DOUBLE_TWIST | PRONG | GOLD | KT_10 | 1ct | imgs:3
[02:10:30][PEAR] [4709] ? NIV-E9C5A8C18A98309E | BASKET | DOUBLE_TWIST | PRONG | GOLD | KT_10 | 1ct | imgs:3
[02:10:32][PEAR] [4710] ? NIV-CA91397730759503 | BASKET | DOUBLE_TWIST | PRONG | GOLD | KT_10 | 1ct | imgs:3
[02:10:36][PEAR] [4711] ? NIV-201813E54AAD676E | BASKET | DOUBLE_TWIST | PRONG | GOLD | KT_10 | 1ct | imgs:3
[02:10:39][PEAR] [4712] ? NIV-560ECFDD33105F86 | BASKET | DOUBLE_TWIST | PRONG | GOLD | KT_10 | 1ct | imgs:3
[02:10:42][PEAR] [4713] ? NIV-F0569425E60661CF | BASKET | DOUBLE_TWIST | PRONG | GOLD | KT_10 | 1ct | imgs:3
[02:10:53][PEAR] [4714] ??  NIV-2C26E2EFE9A956DF | BASKET | DOUBLE_TWIST | PRONG | GOLD | KT_14 | 1ct | imgs:0
[02:10:54][PEAR] [4715] ? NIV-1815078B47B84782 | BASKET | DOUBLE_TWIST | PRONG | GOLD | KT_14 | 1ct | imgs:3
[02:10:57][PEAR] [4716] ? NIV-AC6B232A224D37FA | BASKET | DOUBLE_TWIST | PRONG | GOLD | KT_14 | 1ct | imgs:3
[02:11:00][PEAR] [4717] ? NIV-4FF03D3E2E598AFF | BASKET | DOUBLE_TWIST | PRONG | GOLD | KT_14 | 1ct | imgs:3
[02:11:03][PEAR] [4718] ? NIV-D57EB831DCE834E8 | BASKET | DOUBLE_TWIST | PRONG | GOLD | KT_14 | 1ct | imgs:3
[02:11:06][PEAR] [4719] ? NIV-A1E303B7255D44D5 | BASKET | DOUBLE_TWIST | PRONG | GOLD | KT_14 | 1ct | imgs:3
[02:11:11][PEAR] [4720] ? NIV-99D5B34079E5026A | BASKET | DOUBLE_TWIST | PRONG | GOLD | KT_14 | 1ct | imgs:3
[02:11:15][PEAR] [4721] ? NIV-C6DC6C40DFD35C78 | BASKET | DOUBLE_TWIST | PRONG | GOLD | KT_14 | 1ct | imgs:3
[02:11:17][PEAR] [4722] ? NIV-2C26E2EFE9A956DF | BASKET | DOUBLE_TWIST | PRONG | GOLD | KT_14 | 1ct | imgs:3
[02:11:21][PEAR] [4723] ? NIV-AABD95B950B34DF1 | BASKET | DOUBLE_TWIST | PRONG | GOLD | KT_18 | 1ct | imgs:3
[02:11:24][PEAR] [4724] ? NIV-89E0F50132F79B32 | BASKET | DOUBLE_TWIST | PRONG | GOLD | KT_18 | 1ct | imgs:3
[02:11:27][PEAR] [4725] ? NIV-C175F6C1D9DECDAB | BASKET | DOUBLE_TWIST | PRONG | GOLD | KT_18 | 1ct | imgs:3
[02:11:38][PEAR] [4726] ??  NIV-87E99FDAFFF17281 | BASKET | DOUBLE_TWIST | PRONG | GOLD | KT_18 | 1ct | imgs:0
[02:11:39][PEAR] [4727] ? NIV-FE6898A5C1792CC1 | BASKET | DOUBLE_TWIST | PRONG | GOLD | KT_18 | 1ct | imgs:3
[02:11:42][PEAR] [4728] ? NIV-87E99FDAFFF17281 | BASKET | DOUBLE_TWIST | PRONG | GOLD | KT_18 | 1ct | imgs:3
[02:11:45][PEAR] [4729] ? NIV-853B5380A5203887 | BASKET | DOUBLE_TWIST | PRONG | GOLD | KT_18 | 1ct | imgs:3
[02:11:47][PEAR] [4730] ? NIV-79B08F9F0CE078D3 | BASKET | DOUBLE_TWIST | PRONG | GOLD | KT_18 | 1ct | imgs:3
[02:11:51][PEAR] [4731] ? NIV-2B5A34D8091A2722 | BASKET | DOUBLE_TWIST | PRONG | GOLD | KT_18 | 1ct | imgs:3
[02:11:53][PEAR] [4732] ? NIV-3580C704CD6D41A8 | BASKET | DOUBLE_TWIST | PRONG | PLATINUM | PT_950 | 1ct | imgs:3
[02:11:59][PEAR] [4733] ? NIV-A936D1859088DB60 | BASKET | DOUBLE_TWIST | PRONG | GOLD | KT_10 | 1ct | imgs:3
[02:12:03][PEAR] [4734] ? NIV-A936D1859088DB60 | BASKET | DOUBLE_TWIST | PRONG | GOLD | KT_10 | 1ct | imgs:3
[02:12:06][PEAR] [4735] ? NIV-A936D1859088DB60 | BASKET | DOUBLE_TWIST | PRONG | GOLD | KT_10 | 1ct | imgs:3
[02:12:09][PEAR] [4736] ? NIV-94C7C51E4D1CC93D | BASKET | DOUBLE_TWIST | PRONG | GOLD | KT_10 | 1ct | imgs:3
[02:12:12][PEAR] [4737] ? NIV-94C7C51E4D1CC93D | BASKET | DOUBLE_TWIST | PRONG | GOLD | KT_10 | 1ct | imgs:3
[02:12:15][PEAR] [4738] ? NIV-94C7C51E4D1CC93D | BASKET | DOUBLE_TWIST | PRONG | GOLD | KT_10 | 1ct | imgs:3
[02:12:18][PEAR] [4739] ? NIV-3DB007614317E24C | BASKET | DOUBLE_TWIST | PRONG | GOLD | KT_10 | 1ct | imgs:3
[02:12:21][PEAR] [4740] ? NIV-3DB007614317E24C | BASKET | DOUBLE_TWIST | PRONG | GOLD | KT_10 | 1ct | imgs:3
[02:12:24][PEAR] [4741] ? NIV-3DB007614317E24C | BASKET | DOUBLE_TWIST | PRONG | GOLD | KT_10 | 1ct | imgs:3
[02:12:30][PEAR] [4742] ? NIV-77EC7911408F5819 | BASKET | DOUBLE_TWIST | PRONG | GOLD | KT_14 | 1ct | imgs:3
[02:12:33][PEAR] [4743] ? NIV-77EC7911408F5819 | BASKET | DOUBLE_TWIST | PRONG | GOLD | KT_14 | 1ct | imgs:3
[02:12:36][PEAR] [4744] ? NIV-77EC7911408F5819 | BASKET | DOUBLE_TWIST | PRONG | GOLD | KT_14 | 1ct | imgs:3
[02:12:39][PEAR] [4745] ? NIV-1F27B9D79A304694 | BASKET | DOUBLE_TWIST | PRONG | GOLD | KT_14 | 1ct | imgs:3
[02:12:42][PEAR] [4746] ? NIV-1F27B9D79A304694 | BASKET | DOUBLE_TWIST | PRONG | GOLD | KT_14 | 1ct | imgs:3
[02:12:48][PEAR] [4747] ? NIV-1F27B9D79A304694 | BASKET | DOUBLE_TWIST | PRONG | GOLD | KT_14 | 1ct | imgs:3
[02:12:51][PEAR] [4748] ? NIV-1007CC3401629C83 | BASKET | DOUBLE_TWIST | PRONG | GOLD | KT_14 | 1ct | imgs:3
[02:12:57][PEAR] [4749] ? NIV-1007CC3401629C83 | BASKET | DOUBLE_TWIST | PRONG | GOLD | KT_14 | 1ct | imgs:3
[02:13:00][PEAR] [4750] ? NIV-1007CC3401629C83 | BASKET | DOUBLE_TWIST | PRONG | GOLD | KT_14 | 1ct | imgs:3
[02:13:03][PEAR] [4751] ? NIV-B368F0DE1225E525 | BASKET | DOUBLE_TWIST | PRONG | GOLD | KT_18 | 1ct | imgs:3
[02:13:06][PEAR] [4752] ? NIV-B368F0DE1225E525 | BASKET | DOUBLE_TWIST | PRONG | GOLD | KT_18 | 1ct | imgs:3
[02:13:11][PEAR] [4753] ? NIV-B368F0DE1225E525 | BASKET | DOUBLE_TWIST | PRONG | GOLD | KT_18 | 1ct | imgs:3
[02:13:15][PEAR] [4754] ? NIV-E92643FD43447484 | BASKET | DOUBLE_TWIST | PRONG | GOLD | KT_18 | 1ct | imgs:3
[02:13:18][PEAR] [4755] ? NIV-E92643FD43447484 | BASKET | DOUBLE_TWIST | PRONG | GOLD | KT_18 | 1ct | imgs:3
[02:13:24][PEAR] [4756] ? NIV-E92643FD43447484 | BASKET | DOUBLE_TWIST | PRONG | GOLD | KT_18 | 1ct | imgs:3
[02:13:27][PEAR] [4757] ? NIV-20F83B2DACF83713 | BASKET | DOUBLE_TWIST | PRONG | GOLD | KT_18 | 1ct | imgs:3
[02:13:33][PEAR] [4758] ? NIV-20F83B2DACF83713 | BASKET | DOUBLE_TWIST | PRONG | GOLD | KT_18 | 1ct | imgs:3
[02:13:36][PEAR] [4759] ? NIV-20F83B2DACF83713 | BASKET | DOUBLE_TWIST | PRONG | GOLD | KT_18 | 1ct | imgs:3
[02:13:38][PEAR] [4760] ? NIV-AC2E4E8364C250A8 | BASKET | DOUBLE_TWIST | PRONG | PLATINUM | PT_950 | 1ct | imgs:3
[02:13:45][PEAR] [4761] ? NIV-74AED66FDACF512C | BASKET | DOUBLE_TWIST | PRONG | GOLD | KT_10 | 1ct | imgs:3
[02:13:48][PEAR] [4762] ? NIV-74AED66FDACF512C | BASKET | DOUBLE_TWIST | PRONG | GOLD | KT_10 | 1ct | imgs:3
[02:13:51][PEAR] [4763] ? NIV-74AED66FDACF512C | BASKET | DOUBLE_TWIST | PRONG | GOLD | KT_10 | 1ct | imgs:3
[02:13:54][PEAR] [4764] ? NIV-D955E591A46055C4 | BASKET | DOUBLE_TWIST | PRONG | GOLD | KT_10 | 1ct | imgs:3
[02:13:57][PEAR] [4765] ? NIV-D955E591A46055C4 | BASKET | DOUBLE_TWIST | PRONG | GOLD | KT_10 | 1ct | imgs:3
[02:14:00][PEAR] [4766] ? NIV-D955E591A46055C4 | BASKET | DOUBLE_TWIST | PRONG | GOLD | KT_10 | 1ct | imgs:3
[02:14:03][PEAR] [4767] ? NIV-C1050C0AD02DB593 | BASKET | DOUBLE_TWIST | PRONG | GOLD | KT_10 | 1ct | imgs:3
[02:14:06][PEAR] [4768] ? NIV-C1050C0AD02DB593 | BASKET | DOUBLE_TWIST | PRONG | GOLD | KT_10 | 1ct | imgs:3
[02:14:12][PEAR] [4769] ? NIV-C1050C0AD02DB593 | BASKET | DOUBLE_TWIST | PRONG | GOLD | KT_10 | 1ct | imgs:3
[02:14:15][PEAR] [4770] ? NIV-2CB954A1C83D6368 | BASKET | DOUBLE_TWIST | PRONG | GOLD | KT_14 | 1ct | imgs:3
[02:14:18][PEAR] [4771] ? NIV-2CB954A1C83D6368 | BASKET | DOUBLE_TWIST | PRONG | GOLD | KT_14 | 1ct | imgs:3
[02:14:21][PEAR] [4772] ? NIV-2CB954A1C83D6368 | BASKET | DOUBLE_TWIST | PRONG | GOLD | KT_14 | 1ct | imgs:3
[02:14:29][PEAR] [4773] ? NIV-C8F61AC79C0D7A5F | BASKET | DOUBLE_TWIST | PRONG | GOLD | KT_14 | 1ct | imgs:3
[02:14:33][PEAR] [4774] ? NIV-C8F61AC79C0D7A5F | BASKET | DOUBLE_TWIST | PRONG | GOLD | KT_14 | 1ct | imgs:3
[02:14:36][PEAR] [4775] ? NIV-C8F61AC79C0D7A5F | BASKET | DOUBLE_TWIST | PRONG | GOLD | KT_14 | 1ct | imgs:3
[02:14:42][PEAR] [4776] ? NIV-DD06738375118ED2 | BASKET | DOUBLE_TWIST | PRONG | GOLD | KT_14 | 1ct | imgs:3
[02:14:48][PEAR] [4777] ? NIV-DD06738375118ED2 | BASKET | DOUBLE_TWIST | PRONG | GOLD | KT_14 | 1ct | imgs:3
[02:14:51][PEAR] [4778] ? NIV-DD06738375118ED2 | BASKET | DOUBLE_TWIST | PRONG | GOLD | KT_14 | 1ct | imgs:3
[02:14:54][PEAR] [4779] ? NIV-7DE91347E461A405 | BASKET | DOUBLE_TWIST | PRONG | GOLD | KT_18 | 1ct | imgs:3
[02:14:59][PEAR] [4780] ? NIV-7DE91347E461A405 | BASKET | DOUBLE_TWIST | PRONG | GOLD | KT_18 | 1ct | imgs:3
[02:15:05][PEAR] [4781] ? NIV-7DE91347E461A405 | BASKET | DOUBLE_TWIST | PRONG | GOLD | KT_18 | 1ct | imgs:3
[02:15:08][PEAR] [4782] ? NIV-1BD27927E3929A3E | BASKET | DOUBLE_TWIST | PRONG | GOLD | KT_18 | 1ct | imgs:3
[02:15:12][PEAR] [4783] ? NIV-1BD27927E3929A3E | BASKET | DOUBLE_TWIST | PRONG | GOLD | KT_18 | 1ct | imgs:3
[02:15:15][PEAR] [4784] ? NIV-1BD27927E3929A3E | BASKET | DOUBLE_TWIST | PRONG | GOLD | KT_18 | 1ct | imgs:3
[02:15:18][PEAR] [4785] ? NIV-3D06FBF6A303AE56 | BASKET | DOUBLE_TWIST | PRONG | GOLD | KT_18 | 1ct | imgs:3
[02:15:24][PEAR] [4786] ? NIV-3D06FBF6A303AE56 | BASKET | DOUBLE_TWIST | PRONG | GOLD | KT_18 | 1ct | imgs:3
[02:15:27][PEAR] [4787] ? NIV-3D06FBF6A303AE56 | BASKET | DOUBLE_TWIST | PRONG | GOLD | KT_18 | 1ct | imgs:3
[02:15:30][PEAR] [4788] ? NIV-D7C968CC9F7C5936 | BASKET | DOUBLE_TWIST | PRONG | PLATINUM | PT_950 | 1ct | imgs:3
[02:15:36][PEAR] [4789] ? NIV-4D4E2285F7377E17 | BASKET | DOUBLE_TWIST | BEAD | GOLD | KT_10 | 1ct | imgs:3
[02:15:42][PEAR] [4790] ? NIV-4D4E2285F7377E17 | BASKET | DOUBLE_TWIST | BEAD | GOLD | KT_10 | 1ct | imgs:3
[02:15:45][PEAR] [4791] ? NIV-4D4E2285F7377E17 | BASKET | DOUBLE_TWIST | BEAD | GOLD | KT_10 | 1ct | imgs:3
[02:15:48][PEAR] [4792] ? NIV-EFAC0C7F8740A887 | BASKET | DOUBLE_TWIST | BEAD | GOLD | KT_10 | 1ct | imgs:3
[02:15:53][PEAR] [4793] ? NIV-EFAC0C7F8740A887 | BASKET | DOUBLE_TWIST | BEAD | GOLD | KT_10 | 1ct | imgs:3
[02:15:57][PEAR] [4794] ? NIV-EFAC0C7F8740A887 | BASKET | DOUBLE_TWIST | BEAD | GOLD | KT_10 | 1ct | imgs:3
[02:16:00][PEAR] [4795] ? NIV-1741FA8C01F2D72B | BASKET | DOUBLE_TWIST | BEAD | GOLD | KT_10 | 1ct | imgs:3
[02:16:03][PEAR] [4796] ? NIV-1741FA8C01F2D72B | BASKET | DOUBLE_TWIST | BEAD | GOLD | KT_10 | 1ct | imgs:3
[02:16:06][PEAR] [4797] ? NIV-1741FA8C01F2D72B | BASKET | DOUBLE_TWIST | BEAD | GOLD | KT_10 | 1ct | imgs:3
[02:16:09][PEAR] [4798] ? NIV-E08CF2D6EC5E6466 | BASKET | DOUBLE_TWIST | BEAD | GOLD | KT_14 | 1ct | imgs:3
[02:16:12][PEAR] [4799] ? NIV-E08CF2D6EC5E6466 | BASKET | DOUBLE_TWIST | BEAD | GOLD | KT_14 | 1ct | imgs:3
[02:16:18][PEAR] [4800] ? NIV-E08CF2D6EC5E6466 | BASKET | DOUBLE_TWIST | BEAD | GOLD | KT_14 | 1ct | imgs:3
[02:16:21][PEAR] [4801] ? NIV-9F75ECE3B8D99600 | BASKET | DOUBLE_TWIST | BEAD | GOLD | KT_14 | 1ct | imgs:3
[02:16:24][PEAR] [4802] ? NIV-9F75ECE3B8D99600 | BASKET | DOUBLE_TWIST | BEAD | GOLD | KT_14 | 1ct | imgs:3
[02:16:30][PEAR] [4803] ? NIV-9F75ECE3B8D99600 | BASKET | DOUBLE_TWIST | BEAD | GOLD | KT_14 | 1ct | imgs:3
[02:16:33][PEAR] [4804] ? NIV-FAD0EECB8EFEF170 | BASKET | DOUBLE_TWIST | BEAD | GOLD | KT_14 | 1ct | imgs:3
[02:16:36][PEAR] [4805] ? NIV-FAD0EECB8EFEF170 | BASKET | DOUBLE_TWIST | BEAD | GOLD | KT_14 | 1ct | imgs:3
[02:16:39][PEAR] [4806] ? NIV-FAD0EECB8EFEF170 | BASKET | DOUBLE_TWIST | BEAD | GOLD | KT_14 | 1ct | imgs:3
[02:16:43][PEAR] [4807] ? NIV-0340FB5A708B621B | BASKET | DOUBLE_TWIST | BEAD | GOLD | KT_18 | 1ct | imgs:3
[02:16:48][PEAR] [4808] ? NIV-0340FB5A708B621B | BASKET | DOUBLE_TWIST | BEAD | GOLD | KT_18 | 1ct | imgs:3
[02:16:51][PEAR] [4809] ? NIV-0340FB5A708B621B | BASKET | DOUBLE_TWIST | BEAD | GOLD | KT_18 | 1ct | imgs:3
[02:16:54][PEAR] [4810] ? NIV-00DC743A48B199C7 | BASKET | DOUBLE_TWIST | BEAD | GOLD | KT_18 | 1ct | imgs:3
[02:16:57][PEAR] [4811] ? NIV-00DC743A48B199C7 | BASKET | DOUBLE_TWIST | BEAD | GOLD | KT_18 | 1ct | imgs:3
[02:17:00][PEAR] [4812] ? NIV-00DC743A48B199C7 | BASKET | DOUBLE_TWIST | BEAD | GOLD | KT_18 | 1ct | imgs:3
[02:17:03][PEAR] [4813] ? NIV-C45640AB50970818 | BASKET | DOUBLE_TWIST | BEAD | GOLD | KT_18 | 1ct | imgs:3
[02:17:09][PEAR] [4814] ? NIV-C45640AB50970818 | BASKET | DOUBLE_TWIST | BEAD | GOLD | KT_18 | 1ct | imgs:3
[02:17:15][PEAR] [4815] ? NIV-C45640AB50970818 | BASKET | DOUBLE_TWIST | BEAD | GOLD | KT_18 | 1ct | imgs:3
[02:17:17][PEAR] [4816] ? NIV-8C8D98F6E3CDEFF1 | BASKET | DOUBLE_TWIST | BEAD | PLATINUM | PT_950 | 1ct | imgs:3
[02:17:21][PEAR] [4817] ? NIV-8C4C3428845B12DB | BASKET | DOUBLE_TWIST | BEAD | GOLD | KT_10 | 1ct | imgs:3
[02:17:27][PEAR] [4818] ? NIV-8C4C3428845B12DB | BASKET | DOUBLE_TWIST | BEAD | GOLD | KT_10 | 1ct | imgs:3
[02:17:30][PEAR] [4819] ? NIV-8C4C3428845B12DB | BASKET | DOUBLE_TWIST | BEAD | GOLD | KT_10 | 1ct | imgs:3
[02:17:41][PEAR] [4820] ??  NIV-8C4C3428845B12DB | BASKET | DOUBLE_TWIST | BEAD | GOLD | KT_10 | 1ct | imgs:0
[02:17:53][PEAR] [4821] ??  NIV-8C4C3428845B12DB | BASKET | DOUBLE_TWIST | BEAD | GOLD | KT_10 | 1ct | imgs:0
[02:18:00][PEAR] [4822] ? NIV-12DB08FA42B9F941 | BASKET | DOUBLE_TWIST | BEAD | GOLD | KT_10 | 1ct | imgs:1
[02:18:03][PEAR] [4823] ? NIV-476E9FA874C9F77D | BASKET | DOUBLE_TWIST | BEAD | GOLD | KT_10 | 1ct | imgs:3
[02:18:09][PEAR] [4824] ? NIV-476E9FA874C9F77D | BASKET | DOUBLE_TWIST | BEAD | GOLD | KT_10 | 1ct | imgs:3
[02:18:12][PEAR] [4825] ? NIV-476E9FA874C9F77D | BASKET | DOUBLE_TWIST | BEAD | GOLD | KT_10 | 1ct | imgs:3
[02:18:15][PEAR] [4826] ? NIV-AB007BA3A496F4EC | BASKET | DOUBLE_TWIST | BEAD | GOLD | KT_14 | 1ct | imgs:3
[02:18:21][PEAR] [4827] ? NIV-AB007BA3A496F4EC | BASKET | DOUBLE_TWIST | BEAD | GOLD | KT_14 | 1ct | imgs:3
[02:18:24][PEAR] [4828] ? NIV-AB007BA3A496F4EC | BASKET | DOUBLE_TWIST | BEAD | GOLD | KT_14 | 1ct | imgs:3
[02:18:31][PEAR] [4829] ? NIV-B2CDEA342850A7DD | BASKET | DOUBLE_TWIST | BEAD | GOLD | KT_14 | 1ct | imgs:1
[02:18:36][PEAR] [4830] ? NIV-B2CDEA342850A7DD | BASKET | DOUBLE_TWIST | BEAD | GOLD | KT_14 | 1ct | imgs:3
[02:18:39][PEAR] [4831] ? NIV-B2CDEA342850A7DD | BASKET | DOUBLE_TWIST | BEAD | GOLD | KT_14 | 1ct | imgs:3
[02:18:41][PEAR] [4832] ? NIV-4C1947C60EAF501B | BASKET | DOUBLE_TWIST | BEAD | GOLD | KT_14 | 1ct | imgs:3
[02:18:45][PEAR] [4833] ? NIV-4C1947C60EAF501B | BASKET | DOUBLE_TWIST | BEAD | GOLD | KT_14 | 1ct | imgs:3
[02:18:51][PEAR] [4834] ? NIV-4C1947C60EAF501B | BASKET | DOUBLE_TWIST | BEAD | GOLD | KT_14 | 1ct | imgs:3
[02:18:53][PEAR] [4835] ? NIV-826A5C83EA627AB1 | BASKET | DOUBLE_TWIST | BEAD | GOLD | KT_18 | 1ct | imgs:3
[02:18:57][PEAR] [4836] ? NIV-826A5C83EA627AB1 | BASKET | DOUBLE_TWIST | BEAD | GOLD | KT_18 | 1ct | imgs:3
[02:19:00][PEAR] [4837] ? NIV-826A5C83EA627AB1 | BASKET | DOUBLE_TWIST | BEAD | GOLD | KT_18 | 1ct | imgs:3
[02:19:02][PEAR] [4838] ? NIV-678E10DF233D0517 | BASKET | DOUBLE_TWIST | BEAD | GOLD | KT_18 | 1ct | imgs:3
[02:19:06][PEAR] [4839] ? NIV-678E10DF233D0517 | BASKET | DOUBLE_TWIST | BEAD | GOLD | KT_18 | 1ct | imgs:3
[02:19:12][PEAR] [4840] ? NIV-678E10DF233D0517 | BASKET | DOUBLE_TWIST | BEAD | GOLD | KT_18 | 1ct | imgs:3
[02:19:15][PEAR] [4841] ? NIV-4F0A58E8445B4B55 | BASKET | DOUBLE_TWIST | BEAD | GOLD | KT_18 | 1ct | imgs:1
[02:19:18][PEAR] [4842] ? NIV-4F0A58E8445B4B55 | BASKET | DOUBLE_TWIST | BEAD | GOLD | KT_18 | 1ct | imgs:3
[02:19:21][PEAR] [4843] ? NIV-4F0A58E8445B4B55 | BASKET | DOUBLE_TWIST | BEAD | GOLD | KT_18 | 1ct | imgs:3
[02:19:24][PEAR] [4844] ? NIV-2E094D48ABC90E76 | BASKET | DOUBLE_TWIST | BEAD | PLATINUM | PT_950 | 1ct | imgs:3
[02:19:27][PEAR] [4845] ? NIV-1D72BAA052996CC4 | BASKET | DOUBLE_TWIST | BEAD | GOLD | KT_10 | 1ct | imgs:3
[02:19:30][PEAR] [4846] ? NIV-1D72BAA052996CC4 | BASKET | DOUBLE_TWIST | BEAD | GOLD | KT_10 | 1ct | imgs:3
[02:19:36][PEAR] [4847] ? NIV-1D72BAA052996CC4 | BASKET | DOUBLE_TWIST | BEAD | GOLD | KT_10 | 1ct | imgs:3
[02:19:39][PEAR] [4848] ? NIV-C14436DF0E66BA59 | BASKET | DOUBLE_TWIST | BEAD | GOLD | KT_10 | 1ct | imgs:3
[02:19:42][PEAR] [4849] ? NIV-C14436DF0E66BA59 | BASKET | DOUBLE_TWIST | BEAD | GOLD | KT_10 | 1ct | imgs:3
[02:19:48][PEAR] [4850] ? NIV-C14436DF0E66BA59 | BASKET | DOUBLE_TWIST | BEAD | GOLD | KT_10 | 1ct | imgs:3
[02:19:50][PEAR] [4851] ? NIV-F0904DE438B8852A | BASKET | DOUBLE_TWIST | BEAD | GOLD | KT_10 | 1ct | imgs:3
[02:19:54][PEAR] [4852] ? NIV-F0904DE438B8852A | BASKET | DOUBLE_TWIST | BEAD | GOLD | KT_10 | 1ct | imgs:3
[02:20:00][PEAR] [4853] ? NIV-F0904DE438B8852A | BASKET | DOUBLE_TWIST | BEAD | GOLD | KT_10 | 1ct | imgs:3
[02:20:08][PEAR] [4854] ? NIV-69054F7EDF401A94 | BASKET | DOUBLE_TWIST | BEAD | GOLD | KT_14 | 1ct | imgs:1
[02:20:12][PEAR] [4855] ? NIV-69054F7EDF401A94 | BASKET | DOUBLE_TWIST | BEAD | GOLD | KT_14 | 1ct | imgs:3
[02:20:18][PEAR] [4856] ? NIV-69054F7EDF401A94 | BASKET | DOUBLE_TWIST | BEAD | GOLD | KT_14 | 1ct | imgs:3
[02:20:21][PEAR] [4857] ? NIV-8D9905213AAEBB9D | BASKET | DOUBLE_TWIST | BEAD | GOLD | KT_14 | 1ct | imgs:3
[02:20:24][PEAR] [4858] ? NIV-8D9905213AAEBB9D | BASKET | DOUBLE_TWIST | BEAD | GOLD | KT_14 | 1ct | imgs:3
[02:20:30][PEAR] [4859] ? NIV-8D9905213AAEBB9D | BASKET | DOUBLE_TWIST | BEAD | GOLD | KT_14 | 1ct | imgs:3
[02:20:32][PEAR] [4860] ? NIV-17572AB15EFAD8F5 | BASKET | DOUBLE_TWIST | BEAD | GOLD | KT_14 | 1ct | imgs:3
[02:20:36][PEAR] [4861] ? NIV-17572AB15EFAD8F5 | BASKET | DOUBLE_TWIST | BEAD | GOLD | KT_14 | 1ct | imgs:3
[02:20:42][PEAR] [4862] ? NIV-17572AB15EFAD8F5 | BASKET | DOUBLE_TWIST | BEAD | GOLD | KT_14 | 1ct | imgs:3
[02:20:44][PEAR] [4863] ? NIV-5165785B424DDC61 | BASKET | DOUBLE_TWIST | BEAD | GOLD | KT_18 | 1ct | imgs:3
[02:20:48][PEAR] [4864] ? NIV-5165785B424DDC61 | BASKET | DOUBLE_TWIST | BEAD | GOLD | KT_18 | 1ct | imgs:3
[02:20:51][PEAR] [4865] ? NIV-5165785B424DDC61 | BASKET | DOUBLE_TWIST | BEAD | GOLD | KT_18 | 1ct | imgs:3
[02:20:54][PEAR] [4866] ? NIV-ED0CDAA69471041D | BASKET | DOUBLE_TWIST | BEAD | GOLD | KT_18 | 1ct | imgs:3
[02:21:00][PEAR] [4867] ? NIV-ED0CDAA69471041D | BASKET | DOUBLE_TWIST | BEAD | GOLD | KT_18 | 1ct | imgs:3
[02:21:03][PEAR] [4868] ? NIV-ED0CDAA69471041D | BASKET | DOUBLE_TWIST | BEAD | GOLD | KT_18 | 1ct | imgs:3
[02:21:06][PEAR] [4869] ? NIV-D7A25E377534E163 | BASKET | DOUBLE_TWIST | BEAD | GOLD | KT_18 | 1ct | imgs:3
[02:21:09][PEAR] [4870] ? NIV-D7A25E377534E163 | BASKET | DOUBLE_TWIST | BEAD | GOLD | KT_18 | 1ct | imgs:3
[02:21:15][PEAR] [4871] ? NIV-D7A25E377534E163 | BASKET | DOUBLE_TWIST | BEAD | GOLD | KT_18 | 1ct | imgs:3
[02:21:17][PEAR] [4872] ? NIV-E48877322E26656C | BASKET | DOUBLE_TWIST | BEAD | PLATINUM | PT_950 | 1ct | imgs:3
[02:21:24][PEAR] [4873] ? NIV-C5483D867BE5FD88 | BASKET | DOUBLE_TWIST | BEAD | GOLD | KT_10 | 1ct | imgs:3
[02:21:27][PEAR] [4874] ? NIV-C5483D867BE5FD88 | BASKET | DOUBLE_TWIST | BEAD | GOLD | KT_10 | 1ct | imgs:3
[02:21:30][PEAR] [4875] ? NIV-C5483D867BE5FD88 | BASKET | DOUBLE_TWIST | BEAD | GOLD | KT_10 | 1ct | imgs:3
[02:21:33][PEAR] [4876] ? NIV-DE10627A71D6EB7A | BASKET | DOUBLE_TWIST | BEAD | GOLD | KT_10 | 1ct | imgs:3
[02:21:36][PEAR] [4877] ? NIV-DE10627A71D6EB7A | BASKET | DOUBLE_TWIST | BEAD | GOLD | KT_10 | 1ct | imgs:3
[02:21:42][PEAR] [4878] ? NIV-DE10627A71D6EB7A | BASKET | DOUBLE_TWIST | BEAD | GOLD | KT_10 | 1ct | imgs:3
[02:21:44][PEAR] [4879] ? NIV-6CA70A8B54BC0E5F | BASKET | DOUBLE_TWIST | BEAD | GOLD | KT_10 | 1ct | imgs:3
[02:21:48][PEAR] [4880] ? NIV-6CA70A8B54BC0E5F | BASKET | DOUBLE_TWIST | BEAD | GOLD | KT_10 | 1ct | imgs:3
[02:21:54][PEAR] [4881] ? NIV-6CA70A8B54BC0E5F | BASKET | DOUBLE_TWIST | BEAD | GOLD | KT_10 | 1ct | imgs:3
[02:21:56][PEAR] [4882] ? NIV-EAE027D46EC224D9 | BASKET | DOUBLE_TWIST | BEAD | GOLD | KT_14 | 1ct | imgs:3
[02:22:00][PEAR] [4883] ? NIV-EAE027D46EC224D9 | BASKET | DOUBLE_TWIST | BEAD | GOLD | KT_14 | 1ct | imgs:3
[02:22:03][PEAR] [4884] ? NIV-EAE027D46EC224D9 | BASKET | DOUBLE_TWIST | BEAD | GOLD | KT_14 | 1ct | imgs:3
[02:22:05][PEAR] [4885] ? NIV-D39A095232BD53EC | BASKET | DOUBLE_TWIST | BEAD | GOLD | KT_14 | 1ct | imgs:3
[02:22:09][PEAR] [4886] ? NIV-D39A095232BD53EC | BASKET | DOUBLE_TWIST | BEAD | GOLD | KT_14 | 1ct | imgs:3
[02:22:12][PEAR] [4887] ? NIV-D39A095232BD53EC | BASKET | DOUBLE_TWIST | BEAD | GOLD | KT_14 | 1ct | imgs:3
[02:22:15][PEAR] [4888] ? NIV-3CD63820DEC7A913 | BASKET | DOUBLE_TWIST | BEAD | GOLD | KT_14 | 1ct | imgs:3
[02:22:18][PEAR] [4889] ? NIV-3CD63820DEC7A913 | BASKET | DOUBLE_TWIST | BEAD | GOLD | KT_14 | 1ct | imgs:3
[02:22:23][PEAR] [4890] ? NIV-3CD63820DEC7A913 | BASKET | DOUBLE_TWIST | BEAD | GOLD | KT_14 | 1ct | imgs:3
[02:22:27][PEAR] [4891] ? NIV-A595C743029608AE | BASKET | DOUBLE_TWIST | BEAD | GOLD | KT_18 | 1ct | imgs:3
[02:22:32][PEAR] [4892] ? NIV-A595C743029608AE | BASKET | DOUBLE_TWIST | BEAD | GOLD | KT_18 | 1ct | imgs:3
[02:22:36][PEAR] [4893] ? NIV-A595C743029608AE | BASKET | DOUBLE_TWIST | BEAD | GOLD | KT_18 | 1ct | imgs:3
[02:22:39][PEAR] [4894] ? NIV-0062BBC5B50651D6 | BASKET | DOUBLE_TWIST | BEAD | GOLD | KT_18 | 1ct | imgs:3
[02:22:42][PEAR] [4895] ? NIV-0062BBC5B50651D6 | BASKET | DOUBLE_TWIST | BEAD | GOLD | KT_18 | 1ct | imgs:3
[02:22:47][PEAR] [4896] ? NIV-0062BBC5B50651D6 | BASKET | DOUBLE_TWIST | BEAD | GOLD | KT_18 | 1ct | imgs:3
[02:22:51][PEAR] [4897] ? NIV-97ADBE3CB216F801 | BASKET | DOUBLE_TWIST | BEAD | GOLD | KT_18 | 1ct | imgs:3
[02:22:54][PEAR] [4898] ? NIV-97ADBE3CB216F801 | BASKET | DOUBLE_TWIST | BEAD | GOLD | KT_18 | 1ct | imgs:3
[02:23:00][PEAR] [4899] ? NIV-97ADBE3CB216F801 | BASKET | DOUBLE_TWIST | BEAD | GOLD | KT_18 | 1ct | imgs:3
[02:23:03][PEAR] [4900] ? NIV-83AE89D899BC4F4E | BASKET | DOUBLE_TWIST | BEAD | PLATINUM | PT_950 | 1ct | imgs:3
[02:23:09][PEAR] [4901] ? NIV-C6AC7E9E5826B391 | BASKET | DOUBLE_TWIST | BEAD | GOLD | KT_10 | 1ct | imgs:3
[02:23:12][PEAR] [4902] ? NIV-C6AC7E9E5826B391 | BASKET | DOUBLE_TWIST | BEAD | GOLD | KT_10 | 1ct | imgs:3
[02:23:15][PEAR] [4903] ? NIV-C6AC7E9E5826B391 | BASKET | DOUBLE_TWIST | BEAD | GOLD | KT_10 | 1ct | imgs:3
[02:23:18][PEAR] [4904] ? NIV-C5F58D9582E55F94 | BASKET | DOUBLE_TWIST | BEAD | GOLD | KT_10 | 1ct | imgs:3
[02:23:21][PEAR] [4905] ? NIV-C5F58D9582E55F94 | BASKET | DOUBLE_TWIST | BEAD | GOLD | KT_10 | 1ct | imgs:3
[02:23:24][PEAR] [4906] ? NIV-C5F58D9582E55F94 | BASKET | DOUBLE_TWIST | BEAD | GOLD | KT_10 | 1ct | imgs:3
[02:23:26][PEAR] [4907] ? NIV-BADBA428AE90D5B4 | BASKET | DOUBLE_TWIST | BEAD | GOLD | KT_10 | 1ct | imgs:3
[02:23:30][PEAR] [4908] ? NIV-BADBA428AE90D5B4 | BASKET | DOUBLE_TWIST | BEAD | GOLD | KT_10 | 1ct | imgs:3
[02:23:36][PEAR] [4909] ? NIV-BADBA428AE90D5B4 | BASKET | DOUBLE_TWIST | BEAD | GOLD | KT_10 | 1ct | imgs:3
[02:23:39][PEAR] [4910] ? NIV-B5C91F765D3145CA | BASKET | DOUBLE_TWIST | BEAD | GOLD | KT_14 | 1ct | imgs:3
[02:23:42][PEAR] [4911] ? NIV-B5C91F765D3145CA | BASKET | DOUBLE_TWIST | BEAD | GOLD | KT_14 | 1ct | imgs:3
[02:23:45][PEAR] [4912] ? NIV-B5C91F765D3145CA | BASKET | DOUBLE_TWIST | BEAD | GOLD | KT_14 | 1ct | imgs:3
[02:23:48][PEAR] [4913] ? NIV-4407F4585D3A01CD | BASKET | DOUBLE_TWIST | BEAD | GOLD | KT_14 | 1ct | imgs:3
[02:23:51][PEAR] [4914] ? NIV-4407F4585D3A01CD | BASKET | DOUBLE_TWIST | BEAD | GOLD | KT_14 | 1ct | imgs:3
[02:23:54][PEAR] [4915] ? NIV-4407F4585D3A01CD | BASKET | DOUBLE_TWIST | BEAD | GOLD | KT_14 | 1ct | imgs:3
[02:23:57][PEAR] [4916] ? NIV-3BDBB563B6412125 | BASKET | DOUBLE_TWIST | BEAD | GOLD | KT_14 | 1ct | imgs:3
[02:24:00][PEAR] [4917] ? NIV-3BDBB563B6412125 | BASKET | DOUBLE_TWIST | BEAD | GOLD | KT_14 | 1ct | imgs:3
[02:24:03][PEAR] [4918] ? NIV-3BDBB563B6412125 | BASKET | DOUBLE_TWIST | BEAD | GOLD | KT_14 | 1ct | imgs:3
[02:24:06][PEAR] [4919] ? NIV-2312DA101425EC14 | BASKET | DOUBLE_TWIST | BEAD | GOLD | KT_18 | 1ct | imgs:3
[02:24:09][PEAR] [4920] ? NIV-2312DA101425EC14 | BASKET | DOUBLE_TWIST | BEAD | GOLD | KT_18 | 1ct | imgs:3
[02:24:14][PEAR] [4921] ? NIV-2312DA101425EC14 | BASKET | DOUBLE_TWIST | BEAD | GOLD | KT_18 | 1ct | imgs:3
[02:24:18][PEAR] [4922] ? NIV-9DBF12FE941788FE | BASKET | DOUBLE_TWIST | BEAD | GOLD | KT_18 | 1ct | imgs:3
[02:24:21][PEAR] [4923] ? NIV-9DBF12FE941788FE | BASKET | DOUBLE_TWIST | BEAD | GOLD | KT_18 | 1ct | imgs:3
[02:24:24][PEAR] [4924] ? NIV-9DBF12FE941788FE | BASKET | DOUBLE_TWIST | BEAD | GOLD | KT_18 | 1ct | imgs:3
[02:24:27][PEAR] [4925] ? NIV-6682C47AB405BE81 | BASKET | DOUBLE_TWIST | BEAD | GOLD | KT_18 | 1ct | imgs:2
[02:24:32][PEAR] [4926] ? NIV-6682C47AB405BE81 | BASKET | DOUBLE_TWIST | BEAD | GOLD | KT_18 | 1ct | imgs:3
[02:24:36][PEAR] [4927] ? NIV-6682C47AB405BE81 | BASKET | DOUBLE_TWIST | BEAD | GOLD | KT_18 | 1ct | imgs:3
[02:24:39][PEAR] [4928] ? NIV-803A228ABD4CDE22 | BASKET | DOUBLE_TWIST | BEAD | PLATINUM | PT_950 | 1ct | imgs:3
[02:24:45][PEAR] [4929] ? NIV-7DB4B074AC30B149 | BASKET | DOUBLE_TWIST | BEAD | GOLD | KT_10 | 1ct | imgs:3
[02:24:50][PEAR] [4930] ? NIV-7DB4B074AC30B149 | BASKET | DOUBLE_TWIST | BEAD | GOLD | KT_10 | 1ct | imgs:3
[02:24:54][PEAR] [4931] ? NIV-7DB4B074AC30B149 | BASKET | DOUBLE_TWIST | BEAD | GOLD | KT_10 | 1ct | imgs:3
[02:24:56][PEAR] [4932] ? NIV-09397DCFD250888E | BASKET | DOUBLE_TWIST | BEAD | GOLD | KT_10 | 1ct | imgs:3
[02:25:00][PEAR] [4933] ? NIV-09397DCFD250888E | BASKET | DOUBLE_TWIST | BEAD | GOLD | KT_10 | 1ct | imgs:3
[02:25:03][PEAR] [4934] ? NIV-09397DCFD250888E | BASKET | DOUBLE_TWIST | BEAD | GOLD | KT_10 | 1ct | imgs:3
[02:25:06][PEAR] [4935] ? NIV-60EE3281109A50A6 | BASKET | DOUBLE_TWIST | BEAD | GOLD | KT_10 | 1ct | imgs:3
[02:25:09][PEAR] [4936] ? NIV-60EE3281109A50A6 | BASKET | DOUBLE_TWIST | BEAD | GOLD | KT_10 | 1ct | imgs:3
[02:25:12][PEAR] [4937] ? NIV-60EE3281109A50A6 | BASKET | DOUBLE_TWIST | BEAD | GOLD | KT_10 | 1ct | imgs:3
[02:25:15][PEAR] [4938] ? NIV-670E7C87617EF791 | BASKET | DOUBLE_TWIST | BEAD | GOLD | KT_14 | 1ct | imgs:1
[02:25:21][PEAR] [4939] ? NIV-670E7C87617EF791 | BASKET | DOUBLE_TWIST | BEAD | GOLD | KT_14 | 1ct | imgs:3
[02:25:24][PEAR] [4940] ? NIV-670E7C87617EF791 | BASKET | DOUBLE_TWIST | BEAD | GOLD | KT_14 | 1ct | imgs:3
[02:25:26][PEAR] [4941] ? NIV-1B7489B31E2B0FC9 | BASKET | DOUBLE_TWIST | BEAD | GOLD | KT_14 | 1ct | imgs:3
[02:25:30][PEAR] [4942] ? NIV-1B7489B31E2B0FC9 | BASKET | DOUBLE_TWIST | BEAD | GOLD | KT_14 | 1ct | imgs:3
[02:25:36][PEAR] [4943] ? NIV-1B7489B31E2B0FC9 | BASKET | DOUBLE_TWIST | BEAD | GOLD | KT_14 | 1ct | imgs:3
[02:25:38][PEAR] [4944] ? NIV-649BEC595A37D22E | BASKET | DOUBLE_TWIST | BEAD | GOLD | KT_14 | 1ct | imgs:3
[02:25:42][PEAR] [4945] ? NIV-649BEC595A37D22E | BASKET | DOUBLE_TWIST | BEAD | GOLD | KT_14 | 1ct | imgs:3
[02:25:48][PEAR] [4946] ? NIV-649BEC595A37D22E | BASKET | DOUBLE_TWIST | BEAD | GOLD | KT_14 | 1ct | imgs:3
[02:25:53][PEAR] [4947] ? NIV-0848361771818297 | BASKET | DOUBLE_TWIST | BEAD | GOLD | KT_18 | 1ct | imgs:1
[02:25:57][PEAR] [4948] ? NIV-0848361771818297 | BASKET | DOUBLE_TWIST | BEAD | GOLD | KT_18 | 1ct | imgs:3
[02:26:03][PEAR] [4949] ? NIV-0848361771818297 | BASKET | DOUBLE_TWIST | BEAD | GOLD | KT_18 | 1ct | imgs:3
[02:26:05][PEAR] [4950] ? NIV-F6E024013168BF33 | BASKET | DOUBLE_TWIST | BEAD | GOLD | KT_18 | 1ct | imgs:3
[02:26:09][PEAR] [4951] ? NIV-F6E024013168BF33 | BASKET | DOUBLE_TWIST | BEAD | GOLD | KT_18 | 1ct | imgs:3
[02:26:12][PEAR] [4952] ? NIV-F6E024013168BF33 | BASKET | DOUBLE_TWIST | BEAD | GOLD | KT_18 | 1ct | imgs:3
[02:26:15][PEAR] [4953] ? NIV-0C94A673FEB83E0B | BASKET | DOUBLE_TWIST | BEAD | GOLD | KT_18 | 1ct | imgs:3
[02:26:18][PEAR] [4954] ? NIV-0C94A673FEB83E0B | BASKET | DOUBLE_TWIST | BEAD | GOLD | KT_18 | 1ct | imgs:3
[02:26:24][PEAR] [4955] ? NIV-0C94A673FEB83E0B | BASKET | DOUBLE_TWIST | BEAD | GOLD | KT_18 | 1ct | imgs:3
[02:26:27][PEAR] [4956] ? NIV-FB605E1AAD007FF1 | BASKET | DOUBLE_TWIST | BEAD | PLATINUM | PT_950 | 1ct | imgs:3
[02:26:36][PEAR] [4957] ? NIV-38F4D20E67356F2F | BASKET | DOUBLE_TWIST | BEAD | GOLD | KT_10 | 1ct | imgs:3
[02:26:39][PEAR] [4958] ? NIV-38F4D20E67356F2F | BASKET | DOUBLE_TWIST | BEAD | GOLD | KT_10 | 1ct | imgs:3
[02:26:42][PEAR] [4959] ? NIV-38F4D20E67356F2F | BASKET | DOUBLE_TWIST | BEAD | GOLD | KT_10 | 1ct | imgs:3
[02:26:45][PEAR] [4960] ? NIV-1B986D32B7BF0175 | BASKET | DOUBLE_TWIST | BEAD | GOLD | KT_10 | 1ct | imgs:3
[02:26:48][PEAR] [4961] ? NIV-1B986D32B7BF0175 | BASKET | DOUBLE_TWIST | BEAD | GOLD | KT_10 | 1ct | imgs:3
[02:26:51][PEAR] [4962] ? NIV-1B986D32B7BF0175 | BASKET | DOUBLE_TWIST | BEAD | GOLD | KT_10 | 1ct | imgs:3
[02:26:54][PEAR] [4963] ? NIV-E8381173326692D9 | BASKET | DOUBLE_TWIST | BEAD | GOLD | KT_10 | 1ct | imgs:1
[02:26:59][PEAR] [4964] ? NIV-E8381173326692D9 | BASKET | DOUBLE_TWIST | BEAD | GOLD | KT_10 | 1ct | imgs:3
[02:27:03][PEAR] [4965] ? NIV-E8381173326692D9 | BASKET | DOUBLE_TWIST | BEAD | GOLD | KT_10 | 1ct | imgs:3
[02:27:06][PEAR] [4966] ? NIV-C48C5619618D4919 | BASKET | DOUBLE_TWIST | BEAD | GOLD | KT_14 | 1ct | imgs:3
[02:27:09][PEAR] [4967] ? NIV-C48C5619618D4919 | BASKET | DOUBLE_TWIST | BEAD | GOLD | KT_14 | 1ct | imgs:3
[02:27:12][PEAR] [4968] ? NIV-C48C5619618D4919 | BASKET | DOUBLE_TWIST | BEAD | GOLD | KT_14 | 1ct | imgs:3
[02:27:22][PEAR] [4969] ? NIV-CFE78CCA3E3A95C3 | BASKET | DOUBLE_TWIST | BEAD | GOLD | KT_14 | 1ct | imgs:1
[02:27:27][PEAR] [4970] ? NIV-CFE78CCA3E3A95C3 | BASKET | DOUBLE_TWIST | BEAD | GOLD | KT_14 | 1ct | imgs:3
[02:27:30][PEAR] [4971] ? NIV-CFE78CCA3E3A95C3 | BASKET | DOUBLE_TWIST | BEAD | GOLD | KT_14 | 1ct | imgs:3
[02:27:33][PEAR] [4972] ? NIV-97962A1F6DF145AF | BASKET | DOUBLE_TWIST | BEAD | GOLD | KT_14 | 1ct | imgs:3
[02:27:36][PEAR] [4973] ? NIV-97962A1F6DF145AF | BASKET | DOUBLE_TWIST | BEAD | GOLD | KT_14 | 1ct | imgs:3
[02:27:42][PEAR] [4974] ? NIV-97962A1F6DF145AF | BASKET | DOUBLE_TWIST | BEAD | GOLD | KT_14 | 1ct | imgs:3
[02:27:45][PEAR] [4975] ? NIV-FDBBAFE04B1DFF55 | BASKET | DOUBLE_TWIST | BEAD | GOLD | KT_18 | 1ct | imgs:3
[02:27:50][PEAR] [4976] ? NIV-FDBBAFE04B1DFF55 | BASKET | DOUBLE_TWIST | BEAD | GOLD | KT_18 | 1ct | imgs:3
[02:27:54][PEAR] [4977] ? NIV-FDBBAFE04B1DFF55 | BASKET | DOUBLE_TWIST | BEAD | GOLD | KT_18 | 1ct | imgs:3
[02:27:56][PEAR] [4978] ? NIV-BFB92DCF5919173A | BASKET | DOUBLE_TWIST | BEAD | GOLD | KT_18 | 1ct | imgs:3
[02:28:00][PEAR] [4979] ? NIV-BFB92DCF5919173A | BASKET | DOUBLE_TWIST | BEAD | GOLD | KT_18 | 1ct | imgs:3
[02:28:03][PEAR] [4980] ? NIV-BFB92DCF5919173A | BASKET | DOUBLE_TWIST | BEAD | GOLD | KT_18 | 1ct | imgs:3
[02:28:06][PEAR] [4981] ? NIV-96CF425490D48E6D | BASKET | DOUBLE_TWIST | BEAD | GOLD | KT_18 | 1ct | imgs:3
[02:28:09][PEAR] [4982] ? NIV-96CF425490D48E6D | BASKET | DOUBLE_TWIST | BEAD | GOLD | KT_18 | 1ct | imgs:3
[02:28:12][PEAR] [4983] ? NIV-96CF425490D48E6D | BASKET | DOUBLE_TWIST | BEAD | GOLD | KT_18 | 1ct | imgs:3
[02:28:14][PEAR] [4984] ? NIV-EF64DD162B7AC0D2 | BASKET | DOUBLE_TWIST | BEAD | PLATINUM | PT_950 | 1ct | imgs:3
[02:28:18][PEAR] [4985] ? NIV-0E1AB0280AC9E0B2 | BASKET | DOUBLE_TWIST | BEAD | GOLD | KT_10 | 1ct | imgs:3
[02:28:24][PEAR] [4986] ? NIV-0E1AB0280AC9E0B2 | BASKET | DOUBLE_TWIST | BEAD | GOLD | KT_10 | 1ct | imgs:3
[02:28:27][PEAR] [4987] ? NIV-0E1AB0280AC9E0B2 | BASKET | DOUBLE_TWIST | BEAD | GOLD | KT_10 | 1ct | imgs:3
[02:28:30][PEAR] [4988] ? NIV-747CCFFA57CF07E9 | BASKET | DOUBLE_TWIST | BEAD | GOLD | KT_10 | 1ct | imgs:3
[02:28:36][PEAR] [4989] ? NIV-747CCFFA57CF07E9 | BASKET | DOUBLE_TWIST | BEAD | GOLD | KT_10 | 1ct | imgs:3
[02:28:39][PEAR] [4990] ? NIV-747CCFFA57CF07E9 | BASKET | DOUBLE_TWIST | BEAD | GOLD | KT_10 | 1ct | imgs:3
[02:28:42][PEAR] [4991] ? NIV-D8B335E7031B7B33 | BASKET | DOUBLE_TWIST | BEAD | GOLD | KT_10 | 1ct | imgs:3
[02:28:45][PEAR] [4992] ? NIV-D8B335E7031B7B33 | BASKET | DOUBLE_TWIST | BEAD | GOLD | KT_10 | 1ct | imgs:3
[02:28:50][PEAR] [4993] ? NIV-D8B335E7031B7B33 | BASKET | DOUBLE_TWIST | BEAD | GOLD | KT_10 | 1ct | imgs:3
[02:28:53][PEAR] [4994] ? NIV-C793C0F1A1BC65C7 | BASKET | DOUBLE_TWIST | BEAD | GOLD | KT_14 | 1ct | imgs:3
[02:28:57][PEAR] [4995] ? NIV-C793C0F1A1BC65C7 | BASKET | DOUBLE_TWIST | BEAD | GOLD | KT_14 | 1ct | imgs:3
[02:29:02][PEAR] [4996] ? NIV-C793C0F1A1BC65C7 | BASKET | DOUBLE_TWIST | BEAD | GOLD | KT_14 | 1ct | imgs:3
[02:29:05][PEAR] [4997] ? NIV-BBEC16208E5E571B | BASKET | DOUBLE_TWIST | BEAD | GOLD | KT_14 | 1ct | imgs:3
[02:29:09][PEAR] [4998] ? NIV-BBEC16208E5E571B | BASKET | DOUBLE_TWIST | BEAD | GOLD | KT_14 | 1ct | imgs:3
[02:29:14][PEAR] [4999] ? NIV-BBEC16208E5E571B | BASKET | DOUBLE_TWIST | BEAD | GOLD | KT_14 | 1ct | imgs:3
[02:29:18][PEAR] [5000] ? NIV-9503AB80D82655C2 | BASKET | DOUBLE_TWIST | BEAD | GOLD | KT_14 | 1ct | imgs:3
[02:29:21][PEAR] [5001] ? NIV-9503AB80D82655C2 | BASKET | DOUBLE_TWIST | BEAD | GOLD | KT_14 | 1ct | imgs:3
[02:29:27][PEAR] [5002] ? NIV-9503AB80D82655C2 | BASKET | DOUBLE_TWIST | BEAD | GOLD | KT_14 | 1ct | imgs:3
[02:29:30][PEAR] [5003] ? NIV-831476F93BDD4971 | BASKET | DOUBLE_TWIST | BEAD | GOLD | KT_18 | 1ct | imgs:3
[02:29:36][PEAR] [5004] ? NIV-831476F93BDD4971 | BASKET | DOUBLE_TWIST | BEAD | GOLD | KT_18 | 1ct | imgs:3
[02:29:39][PEAR] [5005] ? NIV-831476F93BDD4971 | BASKET | DOUBLE_TWIST | BEAD | GOLD | KT_18 | 1ct | imgs:3
[02:29:42][PEAR] [5006] ? NIV-DE2348D25A1FC047 | BASKET | DOUBLE_TWIST | BEAD | GOLD | KT_18 | 1ct | imgs:3
[02:29:48][PEAR] [5007] ? NIV-DE2348D25A1FC047 | BASKET | DOUBLE_TWIST | BEAD | GOLD | KT_18 | 1ct | imgs:3
[02:29:51][PEAR] [5008] ? NIV-DE2348D25A1FC047 | BASKET | DOUBLE_TWIST | BEAD | GOLD | KT_18 | 1ct | imgs:3
[02:29:53][PEAR] [5009] ? NIV-F7AAB9714B3F9573 | BASKET | DOUBLE_TWIST | BEAD | GOLD | KT_18 | 1ct | imgs:3
[02:29:57][PEAR] [5010] ? NIV-F7AAB9714B3F9573 | BASKET | DOUBLE_TWIST | BEAD | GOLD | KT_18 | 1ct | imgs:3
[02:30:00][PEAR] [5011] ? NIV-F7AAB9714B3F9573 | BASKET | DOUBLE_TWIST | BEAD | GOLD | KT_18 | 1ct | imgs:3
[02:30:02][PEAR] [5012] ? NIV-41C1A2AA6E19D774 | BASKET | DOUBLE_TWIST | BEAD | PLATINUM | PT_950 | 1ct | imgs:3
[02:30:09][PEAR] [5013] ? NIV-D3F7BE7350E6D2E6 | BASKET | DOUBLE_TWIST | BEAD | GOLD | KT_10 | 1ct | imgs:3
[02:30:12][PEAR] [5014] ? NIV-D3F7BE7350E6D2E6 | BASKET | DOUBLE_TWIST | BEAD | GOLD | KT_10 | 1ct | imgs:3
[02:30:18][PEAR] [5015] ? NIV-D3F7BE7350E6D2E6 | BASKET | DOUBLE_TWIST | BEAD | GOLD | KT_10 | 1ct | imgs:3
[02:30:21][PEAR] [5016] ? NIV-65369F4A216EEDA0 | BASKET | DOUBLE_TWIST | BEAD | GOLD | KT_10 | 1ct | imgs:3
[02:30:27][PEAR] [5017] ? NIV-65369F4A216EEDA0 | BASKET | DOUBLE_TWIST | BEAD | GOLD | KT_10 | 1ct | imgs:3
[02:30:30][PEAR] [5018] ? NIV-65369F4A216EEDA0 | BASKET | DOUBLE_TWIST | BEAD | GOLD | KT_10 | 1ct | imgs:3
[02:30:33][PEAR] [5019] ? NIV-C7867DD33473A73C | BASKET | DOUBLE_TWIST | BEAD | GOLD | KT_10 | 1ct | imgs:3
[02:30:36][PEAR] [5020] ? NIV-C7867DD33473A73C | BASKET | DOUBLE_TWIST | BEAD | GOLD | KT_10 | 1ct | imgs:3
[02:30:42][PEAR] [5021] ? NIV-C7867DD33473A73C | BASKET | DOUBLE_TWIST | BEAD | GOLD | KT_10 | 1ct | imgs:3
[02:30:48][PEAR] [5022] ? NIV-9540B262DA5EF0C7 | BASKET | DOUBLE_TWIST | BEAD | GOLD | KT_14 | 1ct | imgs:3
[02:30:51][PEAR] [5023] ? NIV-9540B262DA5EF0C7 | BASKET | DOUBLE_TWIST | BEAD | GOLD | KT_14 | 1ct | imgs:3
[02:30:54][PEAR] [5024] ? NIV-9540B262DA5EF0C7 | BASKET | DOUBLE_TWIST | BEAD | GOLD | KT_14 | 1ct | imgs:3
[02:30:57][PEAR] [5025] ? NIV-9CE55A2D9B910897 | BASKET | DOUBLE_TWIST | BEAD | GOLD | KT_14 | 1ct | imgs:3
[02:31:03][PEAR] [5026] ? NIV-9CE55A2D9B910897 | BASKET | DOUBLE_TWIST | BEAD | GOLD | KT_14 | 1ct | imgs:3
[02:31:06][PEAR] [5027] ? NIV-9CE55A2D9B910897 | BASKET | DOUBLE_TWIST | BEAD | GOLD | KT_14 | 1ct | imgs:3
[02:31:09][PEAR] [5028] ? NIV-44AAFC6E9DE1F6DB | BASKET | DOUBLE_TWIST | BEAD | GOLD | KT_14 | 1ct | imgs:3
[02:31:12][PEAR] [5029] ? NIV-44AAFC6E9DE1F6DB | BASKET | DOUBLE_TWIST | BEAD | GOLD | KT_14 | 1ct | imgs:3
[02:31:15][PEAR] [5030] ? NIV-44AAFC6E9DE1F6DB | BASKET | DOUBLE_TWIST | BEAD | GOLD | KT_14 | 1ct | imgs:3
[02:31:18][PEAR] [5031] ? NIV-3A461D41156B9B12 | BASKET | DOUBLE_TWIST | BEAD | GOLD | KT_18 | 1ct | imgs:3
[02:31:23][PEAR] [5032] ? NIV-3A461D41156B9B12 | BASKET | DOUBLE_TWIST | BEAD | GOLD | KT_18 | 1ct | imgs:3
[02:31:27][PEAR] [5033] ? NIV-3A461D41156B9B12 | BASKET | DOUBLE_TWIST | BEAD | GOLD | KT_18 | 1ct | imgs:3
[02:31:30][PEAR] [5034] ? NIV-FD0015006D67E5C0 | BASKET | DOUBLE_TWIST | BEAD | GOLD | KT_18 | 1ct | imgs:1
[02:31:35][PEAR] [5035] ? NIV-FD0015006D67E5C0 | BASKET | DOUBLE_TWIST | BEAD | GOLD | KT_18 | 1ct | imgs:3
[02:31:39][PEAR] [5036] ? NIV-FD0015006D67E5C0 | BASKET | DOUBLE_TWIST | BEAD | GOLD | KT_18 | 1ct | imgs:3
[02:31:42][PEAR] [5037] ? NIV-1DB694A9051A8C82 | BASKET | DOUBLE_TWIST | BEAD | GOLD | KT_18 | 1ct | imgs:3
[02:31:47][PEAR] [5038] ? NIV-1DB694A9051A8C82 | BASKET | DOUBLE_TWIST | BEAD | GOLD | KT_18 | 1ct | imgs:3
[02:31:51][PEAR] [5039] ? NIV-1DB694A9051A8C82 | BASKET | DOUBLE_TWIST | BEAD | GOLD | KT_18 | 1ct | imgs:3
[02:31:53][PEAR] [5040] ? NIV-A2F19D00A3285CE3 | BASKET | DOUBLE_TWIST | BEAD | PLATINUM | PT_950 | 1ct | imgs:3
[02:32:00][PEAR] [5041] ? NIV-25721A6FE4FAF30E | BASKET | DOUBLE_TWIST | BEAD | GOLD | KT_10 | 1ct | imgs:3
[02:32:03][PEAR] [5042] ? NIV-25721A6FE4FAF30E | BASKET | DOUBLE_TWIST | BEAD | GOLD | KT_10 | 1ct | imgs:3
[02:32:06][PEAR] [5043] ? NIV-25721A6FE4FAF30E | BASKET | DOUBLE_TWIST | BEAD | GOLD | KT_10 | 1ct | imgs:3
[02:32:09][PEAR] [5044] ? NIV-462C73BBCB6A3CF1 | BASKET | DOUBLE_TWIST | BEAD | GOLD | KT_10 | 1ct | imgs:3
[02:32:12][PEAR] [5045] ? NIV-462C73BBCB6A3CF1 | BASKET | DOUBLE_TWIST | BEAD | GOLD | KT_10 | 1ct | imgs:3
[02:32:18][PEAR] [5046] ? NIV-462C73BBCB6A3CF1 | BASKET | DOUBLE_TWIST | BEAD | GOLD | KT_10 | 1ct | imgs:3
[02:32:21][PEAR] [5047] ? NIV-4F9BA96F6B63F7F8 | BASKET | DOUBLE_TWIST | BEAD | GOLD | KT_10 | 1ct | imgs:3
[02:32:24][PEAR] [5048] ? NIV-4F9BA96F6B63F7F8 | BASKET | DOUBLE_TWIST | BEAD | GOLD | KT_10 | 1ct | imgs:3
[02:32:30][PEAR] [5049] ? NIV-4F9BA96F6B63F7F8 | BASKET | DOUBLE_TWIST | BEAD | GOLD | KT_10 | 1ct | imgs:3
[02:32:33][PEAR] [5050] ? NIV-12D66645EA8F45FE | BASKET | DOUBLE_TWIST | BEAD | GOLD | KT_14 | 1ct | imgs:2
[02:32:39][PEAR] [5051] ? NIV-12D66645EA8F45FE | BASKET | DOUBLE_TWIST | BEAD | GOLD | KT_14 | 1ct | imgs:3
[02:32:42][PEAR] [5052] ? NIV-12D66645EA8F45FE | BASKET | DOUBLE_TWIST | BEAD | GOLD | KT_14 | 1ct | imgs:3
[02:32:44][PEAR] [5053] ? NIV-2742DDA9A8F58D63 | BASKET | DOUBLE_TWIST | BEAD | GOLD | KT_14 | 1ct | imgs:3
[02:32:48][PEAR] [5054] ? NIV-2742DDA9A8F58D63 | BASKET | DOUBLE_TWIST | BEAD | GOLD | KT_14 | 1ct | imgs:3
[02:32:51][PEAR] [5055] ? NIV-2742DDA9A8F58D63 | BASKET | DOUBLE_TWIST | BEAD | GOLD | KT_14 | 1ct | imgs:3
[02:32:53][PEAR] [5056] ? NIV-BC10F4470CBF9314 | BASKET | DOUBLE_TWIST | BEAD | GOLD | KT_14 | 1ct | imgs:3
[02:32:57][PEAR] [5057] ? NIV-BC10F4470CBF9314 | BASKET | DOUBLE_TWIST | BEAD | GOLD | KT_14 | 1ct | imgs:3
[02:33:00][PEAR] [5058] ? NIV-BC10F4470CBF9314 | BASKET | DOUBLE_TWIST | BEAD | GOLD | KT_14 | 1ct | imgs:3
[02:33:03][PEAR] [5059] ? NIV-7F0ED7A736398D88 | BASKET | DOUBLE_TWIST | BEAD | GOLD | KT_18 | 1ct | imgs:3
[02:33:06][PEAR] [5060] ? NIV-7F0ED7A736398D88 | BASKET | DOUBLE_TWIST | BEAD | GOLD | KT_18 | 1ct | imgs:3
[02:33:11][PEAR] [5061] ? NIV-7F0ED7A736398D88 | BASKET | DOUBLE_TWIST | BEAD | GOLD | KT_18 | 1ct | imgs:3
[02:33:15][PEAR] [5062] ? NIV-FC8548642A572841 | BASKET | DOUBLE_TWIST | BEAD | GOLD | KT_18 | 1ct | imgs:3
[02:33:18][PEAR] [5063] ? NIV-FC8548642A572841 | BASKET | DOUBLE_TWIST | BEAD | GOLD | KT_18 | 1ct | imgs:3
[02:33:23][PEAR] [5064] ? NIV-FC8548642A572841 | BASKET | DOUBLE_TWIST | BEAD | GOLD | KT_18 | 1ct | imgs:3
[02:33:27][PEAR] [5065] ? NIV-A973D53C791FF43D | BASKET | DOUBLE_TWIST | BEAD | GOLD | KT_18 | 1ct | imgs:3
[02:33:30][PEAR] [5066] ? NIV-A973D53C791FF43D | BASKET | DOUBLE_TWIST | BEAD | GOLD | KT_18 | 1ct | imgs:3
[02:33:33][PEAR] [5067] ? NIV-A973D53C791FF43D | BASKET | DOUBLE_TWIST | BEAD | GOLD | KT_18 | 1ct | imgs:3
[02:33:35][PEAR] [5068] ? NIV-7BA51E0C451612DD | BASKET | DOUBLE_TWIST | BEAD | PLATINUM | PT_950 | 1ct | imgs:3
[02:33:39][PEAR] [5069] ? NIV-4FC01C4D1F13194A | BASKET | DOUBLE_TWIST | BEAD | GOLD | KT_10 | 1ct | imgs:3
[02:33:45][PEAR] [5070] ? NIV-4FC01C4D1F13194A | BASKET | DOUBLE_TWIST | BEAD | GOLD | KT_10 | 1ct | imgs:3
[02:33:48][PEAR] [5071] ? NIV-4FC01C4D1F13194A | BASKET | DOUBLE_TWIST | BEAD | GOLD | KT_10 | 1ct | imgs:3
[02:33:51][PEAR] [5072] ? NIV-DCA8F2B51223C792 | BASKET | DOUBLE_TWIST | BEAD | GOLD | KT_10 | 1ct | imgs:3
[02:33:54][PEAR] [5073] ? NIV-DCA8F2B51223C792 | BASKET | DOUBLE_TWIST | BEAD | GOLD | KT_10 | 1ct | imgs:3
[02:34:00][PEAR] [5074] ? NIV-DCA8F2B51223C792 | BASKET | DOUBLE_TWIST | BEAD | GOLD | KT_10 | 1ct | imgs:3
[02:34:03][PEAR] [5075] ? NIV-4EA6B896870030BF | BASKET | DOUBLE_TWIST | BEAD | GOLD | KT_10 | 1ct | imgs:3
[02:34:09][PEAR] [5076] ? NIV-4EA6B896870030BF | BASKET | DOUBLE_TWIST | BEAD | GOLD | KT_10 | 1ct | imgs:3
[02:34:15][PEAR] [5077] ? NIV-4EA6B896870030BF | BASKET | DOUBLE_TWIST | BEAD | GOLD | KT_10 | 1ct | imgs:3
[02:34:18][PEAR] [5078] ? NIV-E49D26376D9301BC | BASKET | DOUBLE_TWIST | BEAD | GOLD | KT_14 | 1ct | imgs:1
[02:34:24][PEAR] [5079] ? NIV-E49D26376D9301BC | BASKET | DOUBLE_TWIST | BEAD | GOLD | KT_14 | 1ct | imgs:3
[02:34:30][PEAR] [5080] ? NIV-E49D26376D9301BC | BASKET | DOUBLE_TWIST | BEAD | GOLD | KT_14 | 1ct | imgs:3
[02:34:33][PEAR] [5081] ? NIV-1AD01E8A3B518084 | BASKET | DOUBLE_TWIST | BEAD | GOLD | KT_14 | 1ct | imgs:2
[02:34:39][PEAR] [5082] ? NIV-1AD01E8A3B518084 | BASKET | DOUBLE_TWIST | BEAD | GOLD | KT_14 | 1ct | imgs:3
[02:34:42][PEAR] [5083] ? NIV-1AD01E8A3B518084 | BASKET | DOUBLE_TWIST | BEAD | GOLD | KT_14 | 1ct | imgs:3
[02:34:45][PEAR] [5084] ? NIV-0E20A212E3352251 | BASKET | DOUBLE_TWIST | BEAD | GOLD | KT_14 | 1ct | imgs:3
[02:34:48][PEAR] [5085] ? NIV-0E20A212E3352251 | BASKET | DOUBLE_TWIST | BEAD | GOLD | KT_14 | 1ct | imgs:3
[02:34:53][PEAR] [5086] ? NIV-0E20A212E3352251 | BASKET | DOUBLE_TWIST | BEAD | GOLD | KT_14 | 1ct | imgs:3
[02:34:57][PEAR] [5087] ? NIV-A3425DEFAC631146 | BASKET | DOUBLE_TWIST | BEAD | GOLD | KT_18 | 1ct | imgs:1
[02:35:03][PEAR] [5088] ? NIV-A3425DEFAC631146 | BASKET | DOUBLE_TWIST | BEAD | GOLD | KT_18 | 1ct | imgs:3
[02:35:09][PEAR] [5089] ? NIV-A3425DEFAC631146 | BASKET | DOUBLE_TWIST | BEAD | GOLD | KT_18 | 1ct | imgs:3
[02:35:12][PEAR] [5090] ? NIV-DAD516AC5F4C6BCA | BASKET | DOUBLE_TWIST | BEAD | GOLD | KT_18 | 1ct | imgs:3
[02:35:17][PEAR] [5091] ? NIV-DAD516AC5F4C6BCA | BASKET | DOUBLE_TWIST | BEAD | GOLD | KT_18 | 1ct | imgs:3
[02:35:21][PEAR] [5092] ? NIV-DAD516AC5F4C6BCA | BASKET | DOUBLE_TWIST | BEAD | GOLD | KT_18 | 1ct | imgs:3
[02:35:24][PEAR] [5093] ? NIV-601A0CE684068BB1 | BASKET | DOUBLE_TWIST | BEAD | GOLD | KT_18 | 1ct | imgs:3
[02:35:27][PEAR] [5094] ? NIV-601A0CE684068BB1 | BASKET | DOUBLE_TWIST | BEAD | GOLD | KT_18 | 1ct | imgs:3
[02:35:32][PEAR] [5095] ? NIV-601A0CE684068BB1 | BASKET | DOUBLE_TWIST | BEAD | GOLD | KT_18 | 1ct | imgs:3
[02:35:36][PEAR] [5096] ? NIV-779FBF3C9F386901 | BASKET | DOUBLE_TWIST | BEAD | PLATINUM | PT_950 | 1ct | imgs:3
[02:35:41][PEAR] [5097] ? NIV-F88058C7188EAE19 | BASKET | DOUBLE_TWIST | BEAD | GOLD | KT_10 | 1ct | imgs:3
[02:35:45][PEAR] [5098] ? NIV-F88058C7188EAE19 | BASKET | DOUBLE_TWIST | BEAD | GOLD | KT_10 | 1ct | imgs:3
[02:35:48][PEAR] [5099] ? NIV-F88058C7188EAE19 | BASKET | DOUBLE_TWIST | BEAD | GOLD | KT_10 | 1ct | imgs:3
[02:35:51][PEAR] [5100] ? NIV-66D054AA63237111 | BASKET | DOUBLE_TWIST | BEAD | GOLD | KT_10 | 1ct | imgs:3
[02:35:54][PEAR] [5101] ? NIV-66D054AA63237111 | BASKET | DOUBLE_TWIST | BEAD | GOLD | KT_10 | 1ct | imgs:3
[02:36:00][PEAR] [5102] ? NIV-66D054AA63237111 | BASKET | DOUBLE_TWIST | BEAD | GOLD | KT_10 | 1ct | imgs:3
[02:36:03][PEAR] [5103] ? NIV-F5BC9045AFE5692E | BASKET | DOUBLE_TWIST | BEAD | GOLD | KT_10 | 1ct | imgs:3
[02:36:06][PEAR] [5104] ? NIV-F5BC9045AFE5692E | BASKET | DOUBLE_TWIST | BEAD | GOLD | KT_10 | 1ct | imgs:3
[02:36:12][PEAR] [5105] ? NIV-F5BC9045AFE5692E | BASKET | DOUBLE_TWIST | BEAD | GOLD | KT_10 | 1ct | imgs:3
[02:36:15][PEAR] [5106] ? NIV-63B4201CF413D980 | BASKET | DOUBLE_TWIST | BEAD | GOLD | KT_14 | 1ct | imgs:3
[02:36:18][PEAR] [5107] ? NIV-63B4201CF413D980 | BASKET | DOUBLE_TWIST | BEAD | GOLD | KT_14 | 1ct | imgs:3
[02:36:24][PEAR] [5108] ? NIV-63B4201CF413D980 | BASKET | DOUBLE_TWIST | BEAD | GOLD | KT_14 | 1ct | imgs:3
[02:36:27][PEAR] [5109] ? NIV-C4FE7A5073BE743E | BASKET | DOUBLE_TWIST | BEAD | GOLD | KT_14 | 1ct | imgs:3
[02:36:30][PEAR] [5110] ? NIV-C4FE7A5073BE743E | BASKET | DOUBLE_TWIST | BEAD | GOLD | KT_14 | 1ct | imgs:3
[02:36:35][PEAR] [5111] ? NIV-C4FE7A5073BE743E | BASKET | DOUBLE_TWIST | BEAD | GOLD | KT_14 | 1ct | imgs:3
[02:36:39][PEAR] [5112] ? NIV-FCC69F72727418F9 | BASKET | DOUBLE_TWIST | BEAD | GOLD | KT_14 | 1ct | imgs:3
[02:36:42][PEAR] [5113] ? NIV-FCC69F72727418F9 | BASKET | DOUBLE_TWIST | BEAD | GOLD | KT_14 | 1ct | imgs:3
[02:36:45][PEAR] [5114] ? NIV-FCC69F72727418F9 | BASKET | DOUBLE_TWIST | BEAD | GOLD | KT_14 | 1ct | imgs:3
[02:36:48][PEAR] [5115] ? NIV-A60D7B44A8AA7412 | BASKET | DOUBLE_TWIST | BEAD | GOLD | KT_18 | 1ct | imgs:1
[02:36:54][PEAR] [5116] ? NIV-A60D7B44A8AA7412 | BASKET | DOUBLE_TWIST | BEAD | GOLD | KT_18 | 1ct | imgs:3
[02:36:57][PEAR] [5117] ? NIV-A60D7B44A8AA7412 | BASKET | DOUBLE_TWIST | BEAD | GOLD | KT_18 | 1ct | imgs:3
[02:37:00][PEAR] [5118] ? NIV-ECECAC22CAC4A195 | BASKET | DOUBLE_TWIST | BEAD | GOLD | KT_18 | 1ct | imgs:3
[02:37:03][PEAR] [5119] ? NIV-ECECAC22CAC4A195 | BASKET | DOUBLE_TWIST | BEAD | GOLD | KT_18 | 1ct | imgs:3
[02:37:09][PEAR] [5120] ? NIV-ECECAC22CAC4A195 | BASKET | DOUBLE_TWIST | BEAD | GOLD | KT_18 | 1ct | imgs:3
[02:37:12][PEAR] [5121] ? NIV-B86FE6D01286411A | BASKET | DOUBLE_TWIST | BEAD | GOLD | KT_18 | 1ct | imgs:3
[02:37:15][PEAR] [5122] ? NIV-B86FE6D01286411A | BASKET | DOUBLE_TWIST | BEAD | GOLD | KT_18 | 1ct | imgs:3
[02:37:18][PEAR] [5123] ? NIV-B86FE6D01286411A | BASKET | DOUBLE_TWIST | BEAD | GOLD | KT_18 | 1ct | imgs:3
[02:37:21][PEAR] [5124] ? NIV-BAB6DA66F21520B5 | BASKET | DOUBLE_TWIST | BEAD | PLATINUM | PT_950 | 1ct | imgs:3
[02:37:27][PEAR] [5125] ? NIV-B48B067A021101EE | BASKET | DOUBLE_TWIST | BEAD | GOLD | KT_10 | 1ct | imgs:3
[02:37:30][PEAR] [5126] ? NIV-B48B067A021101EE | BASKET | DOUBLE_TWIST | BEAD | GOLD | KT_10 | 1ct | imgs:3
[02:37:35][PEAR] [5127] ? NIV-B48B067A021101EE | BASKET | DOUBLE_TWIST | BEAD | GOLD | KT_10 | 1ct | imgs:3
[02:37:38][PEAR] [5128] ? NIV-71AD8033A3886D71 | BASKET | DOUBLE_TWIST | BEAD | GOLD | KT_10 | 1ct | imgs:3
[02:37:42][PEAR] [5129] ? NIV-71AD8033A3886D71 | BASKET | DOUBLE_TWIST | BEAD | GOLD | KT_10 | 1ct | imgs:3
[02:37:47][PEAR] [5130] ? NIV-71AD8033A3886D71 | BASKET | DOUBLE_TWIST | BEAD | GOLD | KT_10 | 1ct | imgs:3
[02:37:51][PEAR] [5131] ? NIV-BCEC29767B1BF57A | BASKET | DOUBLE_TWIST | BEAD | GOLD | KT_10 | 1ct | imgs:3
[02:37:54][PEAR] [5132] ? NIV-BCEC29767B1BF57A | BASKET | DOUBLE_TWIST | BEAD | GOLD | KT_10 | 1ct | imgs:3
[02:38:00][PEAR] [5133] ? NIV-BCEC29767B1BF57A | BASKET | DOUBLE_TWIST | BEAD | GOLD | KT_10 | 1ct | imgs:3
[02:38:03][PEAR] [5134] ? NIV-3989A6676A18F6A4 | BASKET | DOUBLE_TWIST | BEAD | GOLD | KT_14 | 1ct | imgs:3
[02:38:09][PEAR] [5135] ? NIV-3989A6676A18F6A4 | BASKET | DOUBLE_TWIST | BEAD | GOLD | KT_14 | 1ct | imgs:3
[02:38:12][PEAR] [5136] ? NIV-3989A6676A18F6A4 | BASKET | DOUBLE_TWIST | BEAD | GOLD | KT_14 | 1ct | imgs:3
[02:38:15][PEAR] [5137] ? NIV-368407B11E9EC81C | BASKET | DOUBLE_TWIST | BEAD | GOLD | KT_14 | 1ct | imgs:3
[02:38:21][PEAR] [5138] ? NIV-368407B11E9EC81C | BASKET | DOUBLE_TWIST | BEAD | GOLD | KT_14 | 1ct | imgs:3
[02:38:24][PEAR] [5139] ? NIV-368407B11E9EC81C | BASKET | DOUBLE_TWIST | BEAD | GOLD | KT_14 | 1ct | imgs:3
[02:38:27][PEAR] [5140] ? NIV-71063E0156EC6A95 | BASKET | DOUBLE_TWIST | BEAD | GOLD | KT_14 | 1ct | imgs:3
[02:38:30][PEAR] [5141] ? NIV-71063E0156EC6A95 | BASKET | DOUBLE_TWIST | BEAD | GOLD | KT_14 | 1ct | imgs:3
[02:38:35][PEAR] [5142] ? NIV-71063E0156EC6A95 | BASKET | DOUBLE_TWIST | BEAD | GOLD | KT_14 | 1ct | imgs:3
[02:38:39][PEAR] [5143] ? NIV-EC94ADD70F47EF91 | BASKET | DOUBLE_TWIST | BEAD | GOLD | KT_18 | 1ct | imgs:3
[02:38:44][PEAR] [5144] ? NIV-EC94ADD70F47EF91 | BASKET | DOUBLE_TWIST | BEAD | GOLD | KT_18 | 1ct | imgs:3
[02:38:48][PEAR] [5145] ? NIV-EC94ADD70F47EF91 | BASKET | DOUBLE_TWIST | BEAD | GOLD | KT_18 | 1ct | imgs:3
[02:38:51][PEAR] [5146] ? NIV-A84531B27529EBFA | BASKET | DOUBLE_TWIST | BEAD | GOLD | KT_18 | 1ct | imgs:3
[02:38:54][PEAR] [5147] ? NIV-A84531B27529EBFA | BASKET | DOUBLE_TWIST | BEAD | GOLD | KT_18 | 1ct | imgs:3
[02:38:57][PEAR] [5148] ? NIV-A84531B27529EBFA | BASKET | DOUBLE_TWIST | BEAD | GOLD | KT_18 | 1ct | imgs:3
[02:38:59][PEAR] [5149] ? NIV-A51AA063A87190C7 | BASKET | DOUBLE_TWIST | BEAD | GOLD | KT_18 | 1ct | imgs:3
[02:39:03][PEAR] [5150] ? NIV-A51AA063A87190C7 | BASKET | DOUBLE_TWIST | BEAD | GOLD | KT_18 | 1ct | imgs:3
[02:39:06][PEAR] [5151] ? NIV-A51AA063A87190C7 | BASKET | DOUBLE_TWIST | BEAD | GOLD | KT_18 | 1ct | imgs:3
[02:39:09][PEAR] [5152] ? NIV-CC7558545FBF6BC3 | BASKET | DOUBLE_TWIST | BEAD | PLATINUM | PT_950 | 1ct | imgs:3
[02:39:14][PEAR] [5153] ? NIV-ED33A01C398C5141 | BASKET | DOUBLE_TWIST | BEAD | GOLD | KT_10 | 1ct | imgs:3
[02:39:18][PEAR] [5154] ? NIV-ED33A01C398C5141 | BASKET | DOUBLE_TWIST | BEAD | GOLD | KT_10 | 1ct | imgs:3
[02:39:21][PEAR] [5155] ? NIV-ED33A01C398C5141 | BASKET | DOUBLE_TWIST | BEAD | GOLD | KT_10 | 1ct | imgs:3
[02:39:24][PEAR] [5156] ? NIV-6F12AF6F12EE3DDC | BASKET | DOUBLE_TWIST | BEAD | GOLD | KT_10 | 1ct | imgs:3
[02:39:27][PEAR] [5157] ? NIV-6F12AF6F12EE3DDC | BASKET | DOUBLE_TWIST | BEAD | GOLD | KT_10 | 1ct | imgs:3
[02:39:30][PEAR] [5158] ? NIV-6F12AF6F12EE3DDC | BASKET | DOUBLE_TWIST | BEAD | GOLD | KT_10 | 1ct | imgs:3
[02:39:32][PEAR] [5159] ? NIV-CA832510B6B08D13 | BASKET | DOUBLE_TWIST | BEAD | GOLD | KT_10 | 1ct | imgs:3
[02:39:36][PEAR] [5160] ? NIV-CA832510B6B08D13 | BASKET | DOUBLE_TWIST | BEAD | GOLD | KT_10 | 1ct | imgs:3
[02:39:36][PEAR]   Re-seleccionando PEAR (intento 1)
[02:39:37][PEAR]   Boton no encontrado ? recargando configurador...
[02:39:56][PEAR]   Re-seleccionando PEAR (intento 2)
[02:40:01][PEAR] [5161] ? NIV-564AABB91BF56BF5 | BASKET | DOUBLE_TWIST | BEAD | GOLD | KT_10 | 1ct | imgs:3
[02:40:04][PEAR] [5162] ? NIV-638B37285FE6198E | BASKET | DOUBLE_TWIST | BEAD | GOLD | KT_14 | 1ct | imgs:3
[02:40:07][PEAR] [5163] ? NIV-1815078B47B84782 | BASKET | DOUBLE_TWIST | BEAD | GOLD | KT_14 | 1ct | imgs:3
[02:40:10][PEAR] [5164] ? NIV-AC6B232A224D37FA | BASKET | DOUBLE_TWIST | BEAD | GOLD | KT_14 | 1ct | imgs:3
[02:40:13][PEAR] [5165] ? NIV-4FF03D3E2E598AFF | BASKET | DOUBLE_TWIST | BEAD | GOLD | KT_14 | 1ct | imgs:3
[02:40:16][PEAR] [5166] ? NIV-D57EB831DCE834E8 | BASKET | DOUBLE_TWIST | BEAD | GOLD | KT_14 | 1ct | imgs:3
[02:40:19][PEAR] [5167] ? NIV-A1E303B7255D44D5 | BASKET | DOUBLE_TWIST | BEAD | GOLD | KT_14 | 1ct | imgs:3
[02:40:22][PEAR] [5168] ? NIV-99D5B34079E5026A | BASKET | DOUBLE_TWIST | BEAD | GOLD | KT_14 | 1ct | imgs:3
[02:40:25][PEAR] [5169] ? NIV-C6DC6C40DFD35C78 | BASKET | DOUBLE_TWIST | BEAD | GOLD | KT_14 | 1ct | imgs:3
[02:40:28][PEAR] [5170] ? NIV-2C26E2EFE9A956DF | BASKET | DOUBLE_TWIST | BEAD | GOLD | KT_14 | 1ct | imgs:3
[02:40:34][PEAR] [5171] ? NIV-AABD95B950B34DF1 | BASKET | DOUBLE_TWIST | BEAD | GOLD | KT_18 | 1ct | imgs:3
[02:40:37][PEAR] [5172] ? NIV-89E0F50132F79B32 | BASKET | DOUBLE_TWIST | BEAD | GOLD | KT_18 | 1ct | imgs:3
[02:40:40][PEAR] [5173] ? NIV-C175F6C1D9DECDAB | BASKET | DOUBLE_TWIST | BEAD | GOLD | KT_18 | 1ct | imgs:3
[02:40:43][PEAR] [5174] ? NIV-3856082831231231 | BASKET | DOUBLE_TWIST | BEAD | GOLD | KT_18 | 1ct | imgs:3
[02:40:46][PEAR] [5175] ? NIV-FE6898A5C1792CC1 | BASKET | DOUBLE_TWIST | BEAD | GOLD | KT_18 | 1ct | imgs:3
[02:40:49][PEAR] [5176] ? NIV-87E99FDAFFF17281 | BASKET | DOUBLE_TWIST | BEAD | GOLD | KT_18 | 1ct | imgs:3
[02:40:52][PEAR] [5177] ? NIV-853B5380A5203887 | BASKET | DOUBLE_TWIST | BEAD | GOLD | KT_18 | 1ct | imgs:3
[02:40:55][PEAR] [5178] ? NIV-79B08F9F0CE078D3 | BASKET | DOUBLE_TWIST | BEAD | GOLD | KT_18 | 1ct | imgs:3
[02:40:58][PEAR] [5179] ? NIV-2B5A34D8091A2722 | BASKET | DOUBLE_TWIST | BEAD | GOLD | KT_18 | 1ct | imgs:3
[02:41:01][PEAR] [5180] ? NIV-3580C704CD6D41A8 | BASKET | DOUBLE_TWIST | BEAD | PLATINUM | PT_950 | 1ct | imgs:3
[02:41:07][PEAR] [5181] ? NIV-74AED66FDACF512C | BASKET | DOUBLE_TWIST | BEAD | GOLD | KT_10 | 1ct | imgs:3
[02:41:10][PEAR] [5182] ? NIV-74AED66FDACF512C | BASKET | DOUBLE_TWIST | BEAD | GOLD | KT_10 | 1ct | imgs:3
[02:41:13][PEAR] [5183] ? NIV-74AED66FDACF512C | BASKET | DOUBLE_TWIST | BEAD | GOLD | KT_10 | 1ct | imgs:3
[02:41:16][PEAR] [5184] ? NIV-D955E591A46055C4 | BASKET | DOUBLE_TWIST | BEAD | GOLD | KT_10 | 1ct | imgs:3
[02:41:19][PEAR] [5185] ? NIV-D955E591A46055C4 | BASKET | DOUBLE_TWIST | BEAD | GOLD | KT_10 | 1ct | imgs:3
[02:41:25][PEAR] [5186] ? NIV-D955E591A46055C4 | BASKET | DOUBLE_TWIST | BEAD | GOLD | KT_10 | 1ct | imgs:3
[02:41:28][PEAR] [5187] ? NIV-C1050C0AD02DB593 | BASKET | DOUBLE_TWIST | BEAD | GOLD | KT_10 | 1ct | imgs:3
[02:41:31][PEAR] [5188] ? NIV-C1050C0AD02DB593 | BASKET | DOUBLE_TWIST | BEAD | GOLD | KT_10 | 1ct | imgs:3
[02:41:37][PEAR] [5189] ? NIV-C1050C0AD02DB593 | BASKET | DOUBLE_TWIST | BEAD | GOLD | KT_10 | 1ct | imgs:3
[02:41:40][PEAR] [5190] ? NIV-2CB954A1C83D6368 | BASKET | DOUBLE_TWIST | BEAD | GOLD | KT_14 | 1ct | imgs:3
[02:41:46][PEAR] [5191] ? NIV-2CB954A1C83D6368 | BASKET | DOUBLE_TWIST | BEAD | GOLD | KT_14 | 1ct | imgs:3
[02:41:49][PEAR] [5192] ? NIV-2CB954A1C83D6368 | BASKET | DOUBLE_TWIST | BEAD | GOLD | KT_14 | 1ct | imgs:3
[02:41:52][PEAR] [5193] ? NIV-C8F61AC79C0D7A5F | BASKET | DOUBLE_TWIST | BEAD | GOLD | KT_14 | 1ct | imgs:3
[02:41:55][PEAR] [5194] ? NIV-C8F61AC79C0D7A5F | BASKET | DOUBLE_TWIST | BEAD | GOLD | KT_14 | 1ct | imgs:3
[02:42:01][PEAR] [5195] ? NIV-C8F61AC79C0D7A5F | BASKET | DOUBLE_TWIST | BEAD | GOLD | KT_14 | 1ct | imgs:3
[02:42:04][PEAR] [5196] ? NIV-DD06738375118ED2 | BASKET | DOUBLE_TWIST | BEAD | GOLD | KT_14 | 1ct | imgs:3
[02:42:07][PEAR] [5197] ? NIV-DD06738375118ED2 | BASKET | DOUBLE_TWIST | BEAD | GOLD | KT_14 | 1ct | imgs:3
[02:42:10][PEAR] [5198] ? NIV-DD06738375118ED2 | BASKET | DOUBLE_TWIST | BEAD | GOLD | KT_14 | 1ct | imgs:3
[02:42:13][PEAR] [5199] ? NIV-7DE91347E461A405 | BASKET | DOUBLE_TWIST | BEAD | GOLD | KT_18 | 1ct | imgs:3
[02:42:19][PEAR] [5200] ? NIV-7DE91347E461A405 | BASKET | DOUBLE_TWIST | BEAD | GOLD | KT_18 | 1ct | imgs:3
[02:42:25][PEAR] [5201] ? NIV-7DE91347E461A405 | BASKET | DOUBLE_TWIST | BEAD | GOLD | KT_18 | 1ct | imgs:3
[02:42:28][PEAR] [5202] ? NIV-1BD27927E3929A3E | BASKET | DOUBLE_TWIST | BEAD | GOLD | KT_18 | 1ct | imgs:3
[02:42:31][PEAR] [5203] ? NIV-1BD27927E3929A3E | BASKET | DOUBLE_TWIST | BEAD | GOLD | KT_18 | 1ct | imgs:3
[02:42:35][PEAR] [5204] ? NIV-1BD27927E3929A3E | BASKET | DOUBLE_TWIST | BEAD | GOLD | KT_18 | 1ct | imgs:3
[02:42:37][PEAR] [5205] ? NIV-3D06FBF6A303AE56 | BASKET | DOUBLE_TWIST | BEAD | GOLD | KT_18 | 1ct | imgs:3
[02:42:40][PEAR] [5206] ? NIV-3D06FBF6A303AE56 | BASKET | DOUBLE_TWIST | BEAD | GOLD | KT_18 | 1ct | imgs:3
[02:42:46][PEAR] [5207] ? NIV-3D06FBF6A303AE56 | BASKET | DOUBLE_TWIST | BEAD | GOLD | KT_18 | 1ct | imgs:3
[02:42:49][PEAR] [5208] ? NIV-D7C968CC9F7C5936 | BASKET | DOUBLE_TWIST | BEAD | PLATINUM | PT_950 | 1ct | imgs:3
[02:42:55][PEAR] [5209] ? NIV-E57FB86FEC1BB28F | BASKET | HIDDEN_HALO | NONE | GOLD | KT_10 | 1ct | imgs:3
[02:42:58][PEAR] [5210] ? NIV-E57FB86FEC1BB28F | BASKET | HIDDEN_HALO | NONE | GOLD | KT_10 | 1ct | imgs:3
[02:43:01][PEAR] [5211] ? NIV-E57FB86FEC1BB28F | BASKET | HIDDEN_HALO | NONE | GOLD | KT_10 | 1ct | imgs:3
[02:43:04][PEAR] [5212] ? NIV-E5E41036B7A10A20 | BASKET | HIDDEN_HALO | NONE | GOLD | KT_10 | 1ct | imgs:3
[02:43:07][PEAR] [5213] ? NIV-E5E41036B7A10A20 | BASKET | HIDDEN_HALO | NONE | GOLD | KT_10 | 1ct | imgs:3
[02:43:10][PEAR] [5214] ? NIV-E5E41036B7A10A20 | BASKET | HIDDEN_HALO | NONE | GOLD | KT_10 | 1ct | imgs:3
[02:43:13][PEAR] [5215] ? NIV-B87DA3C122C0ED42 | BASKET | HIDDEN_HALO | NONE | GOLD | KT_10 | 1ct | imgs:3
[02:43:19][PEAR] [5216] ? NIV-B87DA3C122C0ED42 | BASKET | HIDDEN_HALO | NONE | GOLD | KT_10 | 1ct | imgs:3
[02:43:22][PEAR] [5217] ? NIV-B87DA3C122C0ED42 | BASKET | HIDDEN_HALO | NONE | GOLD | KT_10 | 1ct | imgs:3
[02:43:25][PEAR] [5218] ? NIV-6A8F9592E8FD6AE7 | BASKET | HIDDEN_HALO | NONE | GOLD | KT_14 | 1ct | imgs:3
[02:43:31][PEAR] [5219] ? NIV-6A8F9592E8FD6AE7 | BASKET | HIDDEN_HALO | NONE | GOLD | KT_14 | 1ct | imgs:3
[02:43:34][PEAR] [5220] ? NIV-6A8F9592E8FD6AE7 | BASKET | HIDDEN_HALO | NONE | GOLD | KT_14 | 1ct | imgs:3
[02:43:37][PEAR] [5221] ? NIV-01F3981DD494DD1A | BASKET | HIDDEN_HALO | NONE | GOLD | KT_14 | 1ct | imgs:3
[02:43:40][PEAR] [5222] ? NIV-01F3981DD494DD1A | BASKET | HIDDEN_HALO | NONE | GOLD | KT_14 | 1ct | imgs:3
[02:43:46][PEAR] [5223] ? NIV-01F3981DD494DD1A | BASKET | HIDDEN_HALO | NONE | GOLD | KT_14 | 1ct | imgs:3
[02:43:49][PEAR] [5224] ? NIV-2FE1AF1FF9D11C17 | BASKET | HIDDEN_HALO | NONE | GOLD | KT_14 | 1ct | imgs:3
[02:43:52][PEAR] [5225] ? NIV-2FE1AF1FF9D11C17 | BASKET | HIDDEN_HALO | NONE | GOLD | KT_14 | 1ct | imgs:3
[02:43:55][PEAR] [5226] ? NIV-2FE1AF1FF9D11C17 | BASKET | HIDDEN_HALO | NONE | GOLD | KT_14 | 1ct | imgs:3
[02:44:01][PEAR] [5227] ? NIV-7DC204FA7AC79E4F | BASKET | HIDDEN_HALO | NONE | GOLD | KT_18 | 1ct | imgs:3
[02:44:04][PEAR] [5228] ? NIV-7DC204FA7AC79E4F | BASKET | HIDDEN_HALO | NONE | GOLD | KT_18 | 1ct | imgs:3
[02:44:10][PEAR] [5229] ? NIV-7DC204FA7AC79E4F | BASKET | HIDDEN_HALO | NONE | GOLD | KT_18 | 1ct | imgs:3
[02:44:13][PEAR] [5230] ? NIV-98D7E4C9F0C0BD55 | BASKET | HIDDEN_HALO | NONE | GOLD | KT_18 | 1ct | imgs:3
[02:44:16][PEAR] [5231] ? NIV-98D7E4C9F0C0BD55 | BASKET | HIDDEN_HALO | NONE | GOLD | KT_18 | 1ct | imgs:3
[02:44:22][PEAR] [5232] ? NIV-98D7E4C9F0C0BD55 | BASKET | HIDDEN_HALO | NONE | GOLD | KT_18 | 1ct | imgs:3
[02:44:25][PEAR] [5233] ? NIV-BD95908E6222081B | BASKET | HIDDEN_HALO | NONE | GOLD | KT_18 | 1ct | imgs:3
[02:44:28][PEAR] [5234] ? NIV-BD95908E6222081B | BASKET | HIDDEN_HALO | NONE | GOLD | KT_18 | 1ct | imgs:3
[02:44:31][PEAR] [5235] ? NIV-BD95908E6222081B | BASKET | HIDDEN_HALO | NONE | GOLD | KT_18 | 1ct | imgs:3
[02:44:34][PEAR] [5236] ? NIV-4CBEFCFCCB6B9AAA | BASKET | HIDDEN_HALO | NONE | PLATINUM | PT_950 | 1ct | imgs:3
[02:44:37][PEAR] [5237] ? NIV-56EF73A7C1A0ED37 | BASKET | HIDDEN_HALO | NONE | GOLD | KT_10 | 1ct | imgs:3
[02:44:40][PEAR] [5238] ? NIV-FAD0C4DCCAB8EBDE | BASKET | HIDDEN_HALO | NONE | GOLD | KT_10 | 1ct | imgs:3
[02:44:43][PEAR] [5239] ? NIV-C4A41CDD9855F7DD | BASKET | HIDDEN_HALO | NONE | GOLD | KT_10 | 1ct | imgs:3
[02:44:46][PEAR] [5240] ? NIV-B2A0DA45558BDCDE | BASKET | HIDDEN_HALO | NONE | GOLD | KT_10 | 1ct | imgs:3
[02:44:49][PEAR] [5241] ? NIV-010BD8929F4E8F32 | BASKET | HIDDEN_HALO | NONE | GOLD | KT_10 | 1ct | imgs:3
[02:44:52][PEAR] [5242] ? NIV-43B8BEB6935C2B88 | BASKET | HIDDEN_HALO | NONE | GOLD | KT_10 | 1ct | imgs:3
[02:44:55][PEAR] [5243] ? NIV-E0F69970AF504060 | BASKET | HIDDEN_HALO | NONE | GOLD | KT_10 | 1ct | imgs:3
[02:44:58][PEAR] [5244] ? NIV-F755EB5F26D31D5D | BASKET | HIDDEN_HALO | NONE | GOLD | KT_10 | 1ct | imgs:3
[02:45:01][PEAR] [5245] ? NIV-2810DEB307FBD48C | BASKET | HIDDEN_HALO | NONE | GOLD | KT_10 | 1ct | imgs:3
[02:45:07][PEAR] [5246] ? NIV-C9C03C1FD0DE269A | BASKET | HIDDEN_HALO | NONE | GOLD | KT_14 | 1ct | imgs:3
[02:45:10][PEAR] [5247] ? NIV-DAA852AE90C481B9 | BASKET | HIDDEN_HALO | NONE | GOLD | KT_14 | 1ct | imgs:3
[02:45:13][PEAR] [5248] ? NIV-08A0AEE4FB9A5BC9 | BASKET | HIDDEN_HALO | NONE | GOLD | KT_14 | 1ct | imgs:3
[02:45:16][PEAR] [5249] ? NIV-3955590EEEBBED12 | BASKET | HIDDEN_HALO | NONE | GOLD | KT_14 | 1ct | imgs:3
[02:45:19][PEAR] [5250] ? NIV-F1833B071988BC66 | BASKET | HIDDEN_HALO | NONE | GOLD | KT_14 | 1ct | imgs:3
[02:45:22][PEAR] [5251] ? NIV-7EE6FBCBA752B9A4 | BASKET | HIDDEN_HALO | NONE | GOLD | KT_14 | 1ct | imgs:3
[02:45:25][PEAR] [5252] ? NIV-FF4DC08C9EB53A32 | BASKET | HIDDEN_HALO | NONE | GOLD | KT_14 | 1ct | imgs:3
[02:45:28][PEAR] [5253] ? NIV-E6E19C58F99E36FC | BASKET | HIDDEN_HALO | NONE | GOLD | KT_14 | 1ct | imgs:3
[02:45:31][PEAR] [5254] ? NIV-A05A9B29A189566A | BASKET | HIDDEN_HALO | NONE | GOLD | KT_14 | 1ct | imgs:3
[02:45:34][PEAR] [5255] ? NIV-76F62C33D5706F09 | BASKET | HIDDEN_HALO | NONE | GOLD | KT_18 | 1ct | imgs:1
[02:45:37][PEAR] [5256] ? NIV-658691029E5D3C36 | BASKET | HIDDEN_HALO | NONE | GOLD | KT_18 | 1ct | imgs:3
[02:45:40][PEAR] [5257] ? NIV-D87992180A5E1911 | BASKET | HIDDEN_HALO | NONE | GOLD | KT_18 | 1ct | imgs:3
[02:45:43][PEAR] [5258] ? NIV-739449C01B49BAB0 | BASKET | HIDDEN_HALO | NONE | GOLD | KT_18 | 1ct | imgs:3
[02:45:46][PEAR] [5259] ? NIV-30E0837ECD29EE93 | BASKET | HIDDEN_HALO | NONE | GOLD | KT_18 | 1ct | imgs:3
[02:45:49][PEAR] [5260] ? NIV-15FE099CA7003EA6 | BASKET | HIDDEN_HALO | NONE | GOLD | KT_18 | 1ct | imgs:3
[02:45:52][PEAR] [5261] ? NIV-5CB15291129E22B7 | BASKET | HIDDEN_HALO | NONE | GOLD | KT_18 | 1ct | imgs:3
[02:45:55][PEAR] [5262] ? NIV-7F7C084B9DA05420 | BASKET | HIDDEN_HALO | NONE | GOLD | KT_18 | 1ct | imgs:3
[02:45:58][PEAR] [5263] ? NIV-7B998FB5B7C388E7 | BASKET | HIDDEN_HALO | NONE | GOLD | KT_18 | 1ct | imgs:3
[02:46:01][PEAR] [5264] ? NIV-3D9E6FA1D14A0AE6 | BASKET | HIDDEN_HALO | NONE | PLATINUM | PT_950 | 1ct | imgs:3
[02:46:02][PEAR]   Re-seleccionando PEAR (intento 1)
[02:46:07][PEAR] [5265] ? NIV-D5C0F85B48F232CE | BASKET | HIDDEN_HALO | NONE | GOLD | KT_10 | 1ct | imgs:3
[02:46:10][PEAR] [5266] ? NIV-7DA8D455A2AE5958 | BASKET | HIDDEN_HALO | NONE | GOLD | KT_10 | 1ct | imgs:1
[02:46:13][PEAR] [5267] ? NIV-564AABB91BF56BF5 | BASKET | HIDDEN_HALO | NONE | GOLD | KT_10 | 1ct | imgs:3
[02:46:16][PEAR] [5268] ? NIV-F90800C7F479B426 | BASKET | HIDDEN_HALO | NONE | GOLD | KT_10 | 1ct | imgs:3
[02:46:19][PEAR] [5269] ? NIV-E9C5A8C18A98309E | BASKET | HIDDEN_HALO | NONE | GOLD | KT_10 | 1ct | imgs:3
[02:46:22][PEAR] [5270] ? NIV-CA91397730759503 | BASKET | HIDDEN_HALO | NONE | GOLD | KT_10 | 1ct | imgs:3
[02:46:25][PEAR] [5271] ? NIV-201813E54AAD676E | BASKET | HIDDEN_HALO | NONE | GOLD | KT_10 | 1ct | imgs:3
[02:46:28][PEAR] [5272] ? NIV-560ECFDD33105F86 | BASKET | HIDDEN_HALO | NONE | GOLD | KT_10 | 1ct | imgs:3
[02:46:31][PEAR] [5273] ? NIV-F0569425E60661CF | BASKET | HIDDEN_HALO | NONE | GOLD | KT_10 | 1ct | imgs:3
[02:46:34][PEAR] [5274] ? NIV-638B37285FE6198E | BASKET | HIDDEN_HALO | NONE | GOLD | KT_14 | 1ct | imgs:3
[02:46:37][PEAR] [5275] ? NIV-1815078B47B84782 | BASKET | HIDDEN_HALO | NONE | GOLD | KT_14 | 1ct | imgs:3
[02:46:40][PEAR] [5276] ? NIV-AC6B232A224D37FA | BASKET | HIDDEN_HALO | NONE | GOLD | KT_14 | 1ct | imgs:3
[02:46:43][PEAR] [5277] ? NIV-4FF03D3E2E598AFF | BASKET | HIDDEN_HALO | NONE | GOLD | KT_14 | 1ct | imgs:3
[02:46:46][PEAR] [5278] ? NIV-D57EB831DCE834E8 | BASKET | HIDDEN_HALO | NONE | GOLD | KT_14 | 1ct | imgs:3
[02:46:49][PEAR] [5279] ? NIV-A1E303B7255D44D5 | BASKET | HIDDEN_HALO | NONE | GOLD | KT_14 | 1ct | imgs:3
[02:46:52][PEAR] [5280] ? NIV-99D5B34079E5026A | BASKET | HIDDEN_HALO | NONE | GOLD | KT_14 | 1ct | imgs:3
[02:46:55][PEAR] [5281] ? NIV-C6DC6C40DFD35C78 | BASKET | HIDDEN_HALO | NONE | GOLD | KT_14 | 1ct | imgs:3
[02:46:58][PEAR] [5282] ? NIV-2C26E2EFE9A956DF | BASKET | HIDDEN_HALO | NONE | GOLD | KT_14 | 1ct | imgs:3
[02:47:01][PEAR] [5283] ? NIV-AABD95B950B34DF1 | BASKET | HIDDEN_HALO | NONE | GOLD | KT_18 | 1ct | imgs:3
[02:47:04][PEAR] [5284] ? NIV-89E0F50132F79B32 | BASKET | HIDDEN_HALO | NONE | GOLD | KT_18 | 1ct | imgs:3
[02:47:07][PEAR] [5285] ? NIV-C175F6C1D9DECDAB | BASKET | HIDDEN_HALO | NONE | GOLD | KT_18 | 1ct | imgs:3
[02:47:10][PEAR] [5286] ? NIV-3856082831231231 | BASKET | HIDDEN_HALO | NONE | GOLD | KT_18 | 1ct | imgs:3
[02:47:13][PEAR] [5287] ? NIV-FE6898A5C1792CC1 | BASKET | HIDDEN_HALO | NONE | GOLD | KT_18 | 1ct | imgs:3
[02:47:16][PEAR] [5288] ? NIV-87E99FDAFFF17281 | BASKET | HIDDEN_HALO | NONE | GOLD | KT_18 | 1ct | imgs:3
[02:47:19][PEAR] [5289] ? NIV-853B5380A5203887 | BASKET | HIDDEN_HALO | NONE | GOLD | KT_18 | 1ct | imgs:3
[02:47:22][PEAR] [5290] ? NIV-79B08F9F0CE078D3 | BASKET | HIDDEN_HALO | NONE | GOLD | KT_18 | 1ct | imgs:3
[02:47:25][PEAR] [5291] ? NIV-2B5A34D8091A2722 | BASKET | HIDDEN_HALO | NONE | GOLD | KT_18 | 1ct | imgs:3
[02:47:28][PEAR] [5292] ? NIV-3580C704CD6D41A8 | BASKET | HIDDEN_HALO | NONE | PLATINUM | PT_950 | 1ct | imgs:3
[02:47:34][PEAR] [5293] ? NIV-E1F91533DAFBB975 | BASKET | HIDDEN_HALO | U_PAVE | GOLD | KT_10 | 1ct | imgs:3
[02:47:40][PEAR] [5294] ? NIV-E1F91533DAFBB975 | BASKET | HIDDEN_HALO | U_PAVE | GOLD | KT_10 | 1ct | imgs:3
[02:47:43][PEAR] [5295] ? NIV-E1F91533DAFBB975 | BASKET | HIDDEN_HALO | U_PAVE | GOLD | KT_10 | 1ct | imgs:3
[02:47:46][PEAR] [5296] ? NIV-E6ED010ABBE19275 | BASKET | HIDDEN_HALO | U_PAVE | GOLD | KT_10 | 1ct | imgs:3
[02:47:52][PEAR] [5297] ? NIV-E6ED010ABBE19275 | BASKET | HIDDEN_HALO | U_PAVE | GOLD | KT_10 | 1ct | imgs:3
[02:47:58][PEAR] [5298] ? NIV-E6ED010ABBE19275 | BASKET | HIDDEN_HALO | U_PAVE | GOLD | KT_10 | 1ct | imgs:3
[02:48:01][PEAR] [5299] ? NIV-753478465E057727 | BASKET | HIDDEN_HALO | U_PAVE | GOLD | KT_10 | 1ct | imgs:3
[02:48:04][PEAR] [5300] ? NIV-753478465E057727 | BASKET | HIDDEN_HALO | U_PAVE | GOLD | KT_10 | 1ct | imgs:3
[02:48:10][PEAR] [5301] ? NIV-753478465E057727 | BASKET | HIDDEN_HALO | U_PAVE | GOLD | KT_10 | 1ct | imgs:3
[02:48:14][PEAR] [5302] ? NIV-773959254FBE0E7D | BASKET | HIDDEN_HALO | U_PAVE | GOLD | KT_14 | 1ct | imgs:3
[02:48:19][PEAR] [5303] ? NIV-773959254FBE0E7D | BASKET | HIDDEN_HALO | U_PAVE | GOLD | KT_14 | 1ct | imgs:3
[02:48:22][PEAR] [5304] ? NIV-773959254FBE0E7D | BASKET | HIDDEN_HALO | U_PAVE | GOLD | KT_14 | 1ct | imgs:3
[02:48:25][PEAR] [5305] ? NIV-9FA11E0A3FC97F0D | BASKET | HIDDEN_HALO | U_PAVE | GOLD | KT_14 | 1ct | imgs:3
[02:48:28][PEAR] [5306] ? NIV-9FA11E0A3FC97F0D | BASKET | HIDDEN_HALO | U_PAVE | GOLD | KT_14 | 1ct | imgs:3
[02:48:31][PEAR] [5307] ? NIV-9FA11E0A3FC97F0D | BASKET | HIDDEN_HALO | U_PAVE | GOLD | KT_14 | 1ct | imgs:3
[02:48:34][PEAR] [5308] ? NIV-653A1D4F48EB89F1 | BASKET | HIDDEN_HALO | U_PAVE | GOLD | KT_14 | 1ct | imgs:3
[02:48:37][PEAR] [5309] ? NIV-653A1D4F48EB89F1 | BASKET | HIDDEN_HALO | U_PAVE | GOLD | KT_14 | 1ct | imgs:3
[02:48:43][PEAR] [5310] ? NIV-653A1D4F48EB89F1 | BASKET | HIDDEN_HALO | U_PAVE | GOLD | KT_14 | 1ct | imgs:3
[02:48:46][PEAR] [5311] ? NIV-4072B6ED9D797C00 | BASKET | HIDDEN_HALO | U_PAVE | GOLD | KT_18 | 1ct | imgs:3
[02:48:49][PEAR] [5312] ? NIV-4072B6ED9D797C00 | BASKET | HIDDEN_HALO | U_PAVE | GOLD | KT_18 | 1ct | imgs:3
[02:48:52][PEAR] [5313] ? NIV-4072B6ED9D797C00 | BASKET | HIDDEN_HALO | U_PAVE | GOLD | KT_18 | 1ct | imgs:3
[02:48:55][PEAR] [5314] ? NIV-4421A377762DD47E | BASKET | HIDDEN_HALO | U_PAVE | GOLD | KT_18 | 1ct | imgs:3
[02:48:58][PEAR] [5315] ? NIV-4421A377762DD47E | BASKET | HIDDEN_HALO | U_PAVE | GOLD | KT_18 | 1ct | imgs:3
[02:49:01][PEAR] [5316] ? NIV-4421A377762DD47E | BASKET | HIDDEN_HALO | U_PAVE | GOLD | KT_18 | 1ct | imgs:3
[02:49:04][PEAR] [5317] ? NIV-E81B5BE34F346FFB | BASKET | HIDDEN_HALO | U_PAVE | GOLD | KT_18 | 1ct | imgs:3
[02:49:07][PEAR] [5318] ? NIV-E81B5BE34F346FFB | BASKET | HIDDEN_HALO | U_PAVE | GOLD | KT_18 | 1ct | imgs:3
[02:49:13][PEAR] [5319] ? NIV-E81B5BE34F346FFB | BASKET | HIDDEN_HALO | U_PAVE | GOLD | KT_18 | 1ct | imgs:3
[02:49:16][PEAR] [5320] ? NIV-51F4E3E9CB7F1E82 | BASKET | HIDDEN_HALO | U_PAVE | PLATINUM | PT_950 | 1ct | imgs:3
[02:49:22][PEAR] [5321] ? NIV-CE44156DBA4A1D3C | BASKET | HIDDEN_HALO | U_PAVE | GOLD | KT_10 | 1ct | imgs:3
[02:49:25][PEAR] [5322] ? NIV-CE44156DBA4A1D3C | BASKET | HIDDEN_HALO | U_PAVE | GOLD | KT_10 | 1ct | imgs:3
[02:49:31][PEAR] [5323] ? NIV-CE44156DBA4A1D3C | BASKET | HIDDEN_HALO | U_PAVE | GOLD | KT_10 | 1ct | imgs:3
[02:49:34][PEAR] [5324] ? NIV-0B57A2A2CF6D980C | BASKET | HIDDEN_HALO | U_PAVE | GOLD | KT_10 | 1ct | imgs:3
[02:49:37][PEAR] [5325] ? NIV-0B57A2A2CF6D980C | BASKET | HIDDEN_HALO | U_PAVE | GOLD | KT_10 | 1ct | imgs:3
[02:49:40][PEAR] [5326] ? NIV-0B57A2A2CF6D980C | BASKET | HIDDEN_HALO | U_PAVE | GOLD | KT_10 | 1ct | imgs:3
[02:49:43][PEAR] [5327] ? NIV-D8765ADA300EEFE6 | BASKET | HIDDEN_HALO | U_PAVE | GOLD | KT_10 | 1ct | imgs:3
[02:49:46][PEAR] [5328] ? NIV-D8765ADA300EEFE6 | BASKET | HIDDEN_HALO | U_PAVE | GOLD | KT_10 | 1ct | imgs:3
[02:49:49][PEAR] [5329] ? NIV-D8765ADA300EEFE6 | BASKET | HIDDEN_HALO | U_PAVE | GOLD | KT_10 | 1ct | imgs:3
[02:49:55][PEAR] [5330] ? NIV-D06F249DBC8EA385 | BASKET | HIDDEN_HALO | U_PAVE | GOLD | KT_14 | 1ct | imgs:3
[02:49:58][PEAR] [5331] ? NIV-D06F249DBC8EA385 | BASKET | HIDDEN_HALO | U_PAVE | GOLD | KT_14 | 1ct | imgs:3
[02:50:04][PEAR] [5332] ? NIV-D06F249DBC8EA385 | BASKET | HIDDEN_HALO | U_PAVE | GOLD | KT_14 | 1ct | imgs:3
[02:50:07][PEAR] [5333] ? NIV-8E5B975A672F2535 | BASKET | HIDDEN_HALO | U_PAVE | GOLD | KT_14 | 1ct | imgs:3
[02:50:10][PEAR] [5334] ? NIV-8E5B975A672F2535 | BASKET | HIDDEN_HALO | U_PAVE | GOLD | KT_14 | 1ct | imgs:3
[02:50:16][PEAR] [5335] ? NIV-8E5B975A672F2535 | BASKET | HIDDEN_HALO | U_PAVE | GOLD | KT_14 | 1ct | imgs:3
[02:50:19][PEAR] [5336] ? NIV-251FC52B6B0C3685 | BASKET | HIDDEN_HALO | U_PAVE | GOLD | KT_14 | 1ct | imgs:3
[02:50:25][PEAR] [5337] ? NIV-251FC52B6B0C3685 | BASKET | HIDDEN_HALO | U_PAVE | GOLD | KT_14 | 1ct | imgs:3
[02:50:28][PEAR] [5338] ? NIV-251FC52B6B0C3685 | BASKET | HIDDEN_HALO | U_PAVE | GOLD | KT_14 | 1ct | imgs:3
[02:50:31][PEAR] [5339] ? NIV-48C9CE59785570D9 | BASKET | HIDDEN_HALO | U_PAVE | GOLD | KT_18 | 1ct | imgs:3
[02:50:37][PEAR] [5340] ? NIV-48C9CE59785570D9 | BASKET | HIDDEN_HALO | U_PAVE | GOLD | KT_18 | 1ct | imgs:3
[02:50:40][PEAR] [5341] ? NIV-48C9CE59785570D9 | BASKET | HIDDEN_HALO | U_PAVE | GOLD | KT_18 | 1ct | imgs:3
[02:50:43][PEAR] [5342] ? NIV-B6C4A4944102A69E | BASKET | HIDDEN_HALO | U_PAVE | GOLD | KT_18 | 1ct | imgs:3
[02:50:46][PEAR] [5343] ? NIV-B6C4A4944102A69E | BASKET | HIDDEN_HALO | U_PAVE | GOLD | KT_18 | 1ct | imgs:3
[02:50:52][PEAR] [5344] ? NIV-B6C4A4944102A69E | BASKET | HIDDEN_HALO | U_PAVE | GOLD | KT_18 | 1ct | imgs:3
[02:50:55][PEAR] [5345] ? NIV-CD884FE59FAAAA5D | BASKET | HIDDEN_HALO | U_PAVE | GOLD | KT_18 | 1ct | imgs:3
[02:50:58][PEAR] [5346] ? NIV-CD884FE59FAAAA5D | BASKET | HIDDEN_HALO | U_PAVE | GOLD | KT_18 | 1ct | imgs:3
[02:51:01][PEAR] [5347] ? NIV-CD884FE59FAAAA5D | BASKET | HIDDEN_HALO | U_PAVE | GOLD | KT_18 | 1ct | imgs:3
[02:51:04][PEAR] [5348] ? NIV-3776B1F1BE3E2D3E | BASKET | HIDDEN_HALO | U_PAVE | PLATINUM | PT_950 | 1ct | imgs:3
[02:51:07][PEAR] [5349] ? NIV-0E863382163A7312 | BASKET | HIDDEN_HALO | U_PAVE | GOLD | KT_10 | 1ct | imgs:3
[02:51:13][PEAR] [5350] ? NIV-0E863382163A7312 | BASKET | HIDDEN_HALO | U_PAVE | GOLD | KT_10 | 1ct | imgs:3
[02:51:16][PEAR] [5351] ? NIV-0E863382163A7312 | BASKET | HIDDEN_HALO | U_PAVE | GOLD | KT_10 | 1ct | imgs:3
[02:51:19][PEAR] [5352] ? NIV-23FD2001EFE1F100 | BASKET | HIDDEN_HALO | U_PAVE | GOLD | KT_10 | 1ct | imgs:3
[02:51:22][PEAR] [5353] ? NIV-23FD2001EFE1F100 | BASKET | HIDDEN_HALO | U_PAVE | GOLD | KT_10 | 1ct | imgs:3
[02:51:28][PEAR] [5354] ? NIV-23FD2001EFE1F100 | BASKET | HIDDEN_HALO | U_PAVE | GOLD | KT_10 | 1ct | imgs:3
[02:51:31][PEAR] [5355] ? NIV-7D47943E6B239D3F | BASKET | HIDDEN_HALO | U_PAVE | GOLD | KT_10 | 1ct | imgs:3
[02:51:35][PEAR] [5356] ? NIV-7D47943E6B239D3F | BASKET | HIDDEN_HALO | U_PAVE | GOLD | KT_10 | 1ct | imgs:3
[02:51:40][PEAR] [5357] ? NIV-7D47943E6B239D3F | BASKET | HIDDEN_HALO | U_PAVE | GOLD | KT_10 | 1ct | imgs:3
[02:51:43][PEAR] [5358] ? NIV-446203AC38C182D4 | BASKET | HIDDEN_HALO | U_PAVE | GOLD | KT_14 | 1ct | imgs:3
[02:51:46][PEAR] [5359] ? NIV-446203AC38C182D4 | BASKET | HIDDEN_HALO | U_PAVE | GOLD | KT_14 | 1ct | imgs:3
[02:51:52][PEAR] [5360] ? NIV-446203AC38C182D4 | BASKET | HIDDEN_HALO | U_PAVE | GOLD | KT_14 | 1ct | imgs:3
[02:51:55][PEAR] [5361] ? NIV-FEA770F496DD9DFC | BASKET | HIDDEN_HALO | U_PAVE | GOLD | KT_14 | 1ct | imgs:3
[02:51:58][PEAR] [5362] ? NIV-FEA770F496DD9DFC | BASKET | HIDDEN_HALO | U_PAVE | GOLD | KT_14 | 1ct | imgs:3
[02:52:04][PEAR] [5363] ? NIV-FEA770F496DD9DFC | BASKET | HIDDEN_HALO | U_PAVE | GOLD | KT_14 | 1ct | imgs:3
[02:52:07][PEAR] [5364] ? NIV-680B8D825086E77F | BASKET | HIDDEN_HALO | U_PAVE | GOLD | KT_14 | 1ct | imgs:3
[02:52:10][PEAR] [5365] ? NIV-680B8D825086E77F | BASKET | HIDDEN_HALO | U_PAVE | GOLD | KT_14 | 1ct | imgs:3
[02:52:13][PEAR] [5366] ? NIV-680B8D825086E77F | BASKET | HIDDEN_HALO | U_PAVE | GOLD | KT_14 | 1ct | imgs:3
[02:52:16][PEAR] [5367] ? NIV-11501C287E7F840A | BASKET | HIDDEN_HALO | U_PAVE | GOLD | KT_18 | 1ct | imgs:3
[02:52:22][PEAR] [5368] ? NIV-11501C287E7F840A | BASKET | HIDDEN_HALO | U_PAVE | GOLD | KT_18 | 1ct | imgs:3
[02:52:25][PEAR] [5369] ? NIV-11501C287E7F840A | BASKET | HIDDEN_HALO | U_PAVE | GOLD | KT_18 | 1ct | imgs:3
[02:52:28][PEAR] [5370] ? NIV-0138A6A250A5CAFB | BASKET | HIDDEN_HALO | U_PAVE | GOLD | KT_18 | 1ct | imgs:3
[02:52:31][PEAR] [5371] ? NIV-0138A6A250A5CAFB | BASKET | HIDDEN_HALO | U_PAVE | GOLD | KT_18 | 1ct | imgs:3
[02:52:37][PEAR] [5372] ? NIV-0138A6A250A5CAFB | BASKET | HIDDEN_HALO | U_PAVE | GOLD | KT_18 | 1ct | imgs:3
[02:52:40][PEAR] [5373] ? NIV-341081783E8E1234 | BASKET | HIDDEN_HALO | U_PAVE | GOLD | KT_18 | 1ct | imgs:3
[02:52:43][PEAR] [5374] ? NIV-341081783E8E1234 | BASKET | HIDDEN_HALO | U_PAVE | GOLD | KT_18 | 1ct | imgs:3
[02:52:46][PEAR] [5375] ? NIV-341081783E8E1234 | BASKET | HIDDEN_HALO | U_PAVE | GOLD | KT_18 | 1ct | imgs:3
[02:52:49][PEAR] [5376] ? NIV-F143CFEDF5E896BB | BASKET | HIDDEN_HALO | U_PAVE | PLATINUM | PT_950 | 1ct | imgs:3
[02:52:55][PEAR] [5377] ? NIV-1AC3C4EBA75F0EFF | BASKET | HIDDEN_HALO | U_PAVE | GOLD | KT_10 | 1ct | imgs:3
[02:52:58][PEAR] [5378] ? NIV-1AC3C4EBA75F0EFF | BASKET | HIDDEN_HALO | U_PAVE | GOLD | KT_10 | 1ct | imgs:3
[02:53:01][PEAR] [5379] ? NIV-1AC3C4EBA75F0EFF | BASKET | HIDDEN_HALO | U_PAVE | GOLD | KT_10 | 1ct | imgs:3
[02:53:04][PEAR] [5380] ? NIV-45D965AD8B190E6B | BASKET | HIDDEN_HALO | U_PAVE | GOLD | KT_10 | 1ct | imgs:3
[02:53:10][PEAR] [5381] ? NIV-45D965AD8B190E6B | BASKET | HIDDEN_HALO | U_PAVE | GOLD | KT_10 | 1ct | imgs:3
[02:53:13][PEAR] [5382] ? NIV-45D965AD8B190E6B | BASKET | HIDDEN_HALO | U_PAVE | GOLD | KT_10 | 1ct | imgs:3
[02:53:16][PEAR] [5383] ? NIV-49AF7EC1FD97D56D | BASKET | HIDDEN_HALO | U_PAVE | GOLD | KT_10 | 1ct | imgs:3
[02:53:19][PEAR] [5384] ? NIV-49AF7EC1FD97D56D | BASKET | HIDDEN_HALO | U_PAVE | GOLD | KT_10 | 1ct | imgs:3
[02:53:22][PEAR] [5385] ? NIV-49AF7EC1FD97D56D | BASKET | HIDDEN_HALO | U_PAVE | GOLD | KT_10 | 1ct | imgs:3
[02:53:25][PEAR] [5386] ? NIV-6D5B326A9D1B4841 | BASKET | HIDDEN_HALO | U_PAVE | GOLD | KT_14 | 1ct | imgs:3
[02:53:28][PEAR] [5387] ? NIV-6D5B326A9D1B4841 | BASKET | HIDDEN_HALO | U_PAVE | GOLD | KT_14 | 1ct | imgs:3
[02:53:34][PEAR] [5388] ? NIV-6D5B326A9D1B4841 | BASKET | HIDDEN_HALO | U_PAVE | GOLD | KT_14 | 1ct | imgs:3
[02:53:37][PEAR] [5389] ? NIV-DA09E4368FF32F11 | BASKET | HIDDEN_HALO | U_PAVE | GOLD | KT_14 | 1ct | imgs:2
[02:53:40][PEAR] [5390] ? NIV-DA09E4368FF32F11 | BASKET | HIDDEN_HALO | U_PAVE | GOLD | KT_14 | 1ct | imgs:3
[02:53:46][PEAR] [5391] ? NIV-DA09E4368FF32F11 | BASKET | HIDDEN_HALO | U_PAVE | GOLD | KT_14 | 1ct | imgs:3
[02:53:49][PEAR] [5392] ? NIV-421FAE6D02C0BC3D | BASKET | HIDDEN_HALO | U_PAVE | GOLD | KT_14 | 1ct | imgs:3
[02:53:52][PEAR] [5393] ? NIV-421FAE6D02C0BC3D | BASKET | HIDDEN_HALO | U_PAVE | GOLD | KT_14 | 1ct | imgs:3
[02:53:58][PEAR] [5394] ? NIV-421FAE6D02C0BC3D | BASKET | HIDDEN_HALO | U_PAVE | GOLD | KT_14 | 1ct | imgs:3
[02:54:01][PEAR] [5395] ? NIV-F51740614EB75826 | BASKET | HIDDEN_HALO | U_PAVE | GOLD | KT_18 | 1ct | imgs:3
[02:54:04][PEAR] [5396] ? NIV-F51740614EB75826 | BASKET | HIDDEN_HALO | U_PAVE | GOLD | KT_18 | 1ct | imgs:3
[02:54:07][PEAR] [5397] ? NIV-F51740614EB75826 | BASKET | HIDDEN_HALO | U_PAVE | GOLD | KT_18 | 1ct | imgs:3
[02:54:10][PEAR] [5398] ? NIV-24F91AC1D1D2DBC5 | BASKET | HIDDEN_HALO | U_PAVE | GOLD | KT_18 | 1ct | imgs:3
[02:54:13][PEAR] [5399] ? NIV-24F91AC1D1D2DBC5 | BASKET | HIDDEN_HALO | U_PAVE | GOLD | KT_18 | 1ct | imgs:3
[02:54:19][PEAR] [5400] ? NIV-24F91AC1D1D2DBC5 | BASKET | HIDDEN_HALO | U_PAVE | GOLD | KT_18 | 1ct | imgs:3
[02:54:22][PEAR] [5401] ? NIV-A548D5ACE8D808A6 | BASKET | HIDDEN_HALO | U_PAVE | GOLD | KT_18 | 1ct | imgs:3
[02:54:25][PEAR] [5402] ? NIV-A548D5ACE8D808A6 | BASKET | HIDDEN_HALO | U_PAVE | GOLD | KT_18 | 1ct | imgs:3
[02:54:28][PEAR] [5403] ? NIV-A548D5ACE8D808A6 | BASKET | HIDDEN_HALO | U_PAVE | GOLD | KT_18 | 1ct | imgs:3
[02:54:31][PEAR] [5404] ? NIV-3363BB13BFB13161 | BASKET | HIDDEN_HALO | U_PAVE | PLATINUM | PT_950 | 1ct | imgs:3
[02:54:34][PEAR] [5405] ? NIV-B6C89203ABC648B9 | BASKET | HIDDEN_HALO | U_PAVE | GOLD | KT_10 | 1ct | imgs:3
[02:54:40][PEAR] [5406] ? NIV-B6C89203ABC648B9 | BASKET | HIDDEN_HALO | U_PAVE | GOLD | KT_10 | 1ct | imgs:3
[02:54:46][PEAR] [5407] ? NIV-B6C89203ABC648B9 | BASKET | HIDDEN_HALO | U_PAVE | GOLD | KT_10 | 1ct | imgs:3
[02:54:49][PEAR] [5408] ? NIV-82555B65834345D5 | BASKET | HIDDEN_HALO | U_PAVE | GOLD | KT_10 | 1ct | imgs:3
[02:54:52][PEAR] [5409] ? NIV-82555B65834345D5 | BASKET | HIDDEN_HALO | U_PAVE | GOLD | KT_10 | 1ct | imgs:3
[02:54:58][PEAR] [5410] ? NIV-82555B65834345D5 | BASKET | HIDDEN_HALO | U_PAVE | GOLD | KT_10 | 1ct | imgs:3
[02:55:01][PEAR] [5411] ? NIV-CA3C8568C07F76A3 | BASKET | HIDDEN_HALO | U_PAVE | GOLD | KT_10 | 1ct | imgs:3
[02:55:04][PEAR] [5412] ? NIV-CA3C8568C07F76A3 | BASKET | HIDDEN_HALO | U_PAVE | GOLD | KT_10 | 1ct | imgs:3
[02:55:07][PEAR] [5413] ? NIV-CA3C8568C07F76A3 | BASKET | HIDDEN_HALO | U_PAVE | GOLD | KT_10 | 1ct | imgs:3
[02:55:12][PEAR] [5414] ? NIV-4BA71C77A34691B2 | BASKET | HIDDEN_HALO | U_PAVE | GOLD | KT_14 | 1ct | imgs:3
[02:55:16][PEAR] [5415] ? NIV-4BA71C77A34691B2 | BASKET | HIDDEN_HALO | U_PAVE | GOLD | KT_14 | 1ct | imgs:3
[02:55:19][PEAR] [5416] ? NIV-4BA71C77A34691B2 | BASKET | HIDDEN_HALO | U_PAVE | GOLD | KT_14 | 1ct | imgs:3
[02:55:24][PEAR] [5417] ? NIV-BA9468163231A8C1 | BASKET | HIDDEN_HALO | U_PAVE | GOLD | KT_14 | 1ct | imgs:1
[02:55:28][PEAR] [5418] ? NIV-BA9468163231A8C1 | BASKET | HIDDEN_HALO | U_PAVE | GOLD | KT_14 | 1ct | imgs:3
[02:55:31][PEAR] [5419] ? NIV-BA9468163231A8C1 | BASKET | HIDDEN_HALO | U_PAVE | GOLD | KT_14 | 1ct | imgs:3
[02:55:34][PEAR] [5420] ? NIV-CF667267AA34C1DC | BASKET | HIDDEN_HALO | U_PAVE | GOLD | KT_14 | 1ct | imgs:3
[02:55:40][PEAR] [5421] ? NIV-CF667267AA34C1DC | BASKET | HIDDEN_HALO | U_PAVE | GOLD | KT_14 | 1ct | imgs:3
[02:55:43][PEAR] [5422] ? NIV-CF667267AA34C1DC | BASKET | HIDDEN_HALO | U_PAVE | GOLD | KT_14 | 1ct | imgs:3
[02:55:49][PEAR] [5423] ? NIV-E6E5231484C5794D | BASKET | HIDDEN_HALO | U_PAVE | GOLD | KT_18 | 1ct | imgs:3
[02:55:52][PEAR] [5424] ? NIV-E6E5231484C5794D | BASKET | HIDDEN_HALO | U_PAVE | GOLD | KT_18 | 1ct | imgs:3
[02:55:55][PEAR] [5425] ? NIV-E6E5231484C5794D | BASKET | HIDDEN_HALO | U_PAVE | GOLD | KT_18 | 1ct | imgs:3
[02:55:58][PEAR] [5426] ? NIV-956B1043CE4914D8 | BASKET | HIDDEN_HALO | U_PAVE | GOLD | KT_18 | 1ct | imgs:3
[02:56:01][PEAR] [5427] ? NIV-956B1043CE4914D8 | BASKET | HIDDEN_HALO | U_PAVE | GOLD | KT_18 | 1ct | imgs:3
[02:56:07][PEAR] [5428] ? NIV-956B1043CE4914D8 | BASKET | HIDDEN_HALO | U_PAVE | GOLD | KT_18 | 1ct | imgs:3
[02:56:10][PEAR] [5429] ? NIV-7B3F2064466B392D | BASKET | HIDDEN_HALO | U_PAVE | GOLD | KT_18 | 1ct | imgs:3
[02:56:13][PEAR] [5430] ? NIV-7B3F2064466B392D | BASKET | HIDDEN_HALO | U_PAVE | GOLD | KT_18 | 1ct | imgs:3
[02:56:19][PEAR] [5431] ? NIV-7B3F2064466B392D | BASKET | HIDDEN_HALO | U_PAVE | GOLD | KT_18 | 1ct | imgs:3
[02:56:22][PEAR] [5432] ? NIV-8C102477281EB201 | BASKET | HIDDEN_HALO | U_PAVE | PLATINUM | PT_950 | 1ct | imgs:3
[02:56:33][PEAR] [5433] ??  NIV-878BC97279832840 | BASKET | HIDDEN_HALO | U_PAVE | GOLD | KT_10 | 1ct | imgs:0
[02:56:42][PEAR] [5434] ? NIV-D0C9CC236DB6D7E6 | BASKET | HIDDEN_HALO | U_PAVE | GOLD | KT_10 | 1ct | imgs:3
[02:56:46][PEAR] [5435] ? NIV-D0C9CC236DB6D7E6 | BASKET | HIDDEN_HALO | U_PAVE | GOLD | KT_10 | 1ct | imgs:3
[02:56:49][PEAR] [5436] ? NIV-5980C57FFCB49F78 | BASKET | HIDDEN_HALO | U_PAVE | GOLD | KT_10 | 1ct | imgs:3
[02:56:52][PEAR] [5437] ? NIV-5980C57FFCB49F78 | BASKET | HIDDEN_HALO | U_PAVE | GOLD | KT_10 | 1ct | imgs:3
[02:56:58][PEAR] [5438] ? NIV-5980C57FFCB49F78 | BASKET | HIDDEN_HALO | U_PAVE | GOLD | KT_10 | 1ct | imgs:3
[02:57:01][PEAR] [5439] ? NIV-920E7A1D02E34682 | BASKET | HIDDEN_HALO | U_PAVE | GOLD | KT_10 | 1ct | imgs:3
[02:57:04][PEAR] [5440] ? NIV-920E7A1D02E34682 | BASKET | HIDDEN_HALO | U_PAVE | GOLD | KT_10 | 1ct | imgs:3
[02:57:07][PEAR] [5441] ? NIV-920E7A1D02E34682 | BASKET | HIDDEN_HALO | U_PAVE | GOLD | KT_10 | 1ct | imgs:3
[02:57:10][PEAR] [5442] ? NIV-C30A6C7B607885F7 | BASKET | HIDDEN_HALO | U_PAVE | GOLD | KT_14 | 1ct | imgs:3
[02:57:16][PEAR] [5443] ? NIV-C30A6C7B607885F7 | BASKET | HIDDEN_HALO | U_PAVE | GOLD | KT_14 | 1ct | imgs:3
[02:57:22][PEAR] [5444] ? NIV-C30A6C7B607885F7 | BASKET | HIDDEN_HALO | U_PAVE | GOLD | KT_14 | 1ct | imgs:3
[02:57:25][PEAR] [5445] ? NIV-A0F5B1FC8BEFC2E9 | BASKET | HIDDEN_HALO | U_PAVE | GOLD | KT_14 | 1ct | imgs:3
[02:57:28][PEAR] [5446] ? NIV-A0F5B1FC8BEFC2E9 | BASKET | HIDDEN_HALO | U_PAVE | GOLD | KT_14 | 1ct | imgs:3
[02:57:34][PEAR] [5447] ? NIV-A0F5B1FC8BEFC2E9 | BASKET | HIDDEN_HALO | U_PAVE | GOLD | KT_14 | 1ct | imgs:3
[02:57:37][PEAR] [5448] ? NIV-3F87F456D9633E79 | BASKET | HIDDEN_HALO | U_PAVE | GOLD | KT_14 | 1ct | imgs:3
[02:57:40][PEAR] [5449] ? NIV-3F87F456D9633E79 | BASKET | HIDDEN_HALO | U_PAVE | GOLD | KT_14 | 1ct | imgs:3
[02:57:43][PEAR] [5450] ? NIV-3F87F456D9633E79 | BASKET | HIDDEN_HALO | U_PAVE | GOLD | KT_14 | 1ct | imgs:3
[02:57:46][PEAR] [5451] ? NIV-A2846C1FE7E44103 | BASKET | HIDDEN_HALO | U_PAVE | GOLD | KT_18 | 1ct | imgs:3
[02:57:49][PEAR] [5452] ? NIV-A2846C1FE7E44103 | BASKET | HIDDEN_HALO | U_PAVE | GOLD | KT_18 | 1ct | imgs:3
[02:57:55][PEAR] [5453] ? NIV-A2846C1FE7E44103 | BASKET | HIDDEN_HALO | U_PAVE | GOLD | KT_18 | 1ct | imgs:3
[02:57:58][PEAR] [5454] ? NIV-4A8F7A54931DD6CC | BASKET | HIDDEN_HALO | U_PAVE | GOLD | KT_18 | 1ct | imgs:3
[02:58:01][PEAR] [5455] ? NIV-4A8F7A54931DD6CC | BASKET | HIDDEN_HALO | U_PAVE | GOLD | KT_18 | 1ct | imgs:3
[02:58:04][PEAR] [5456] ? NIV-4A8F7A54931DD6CC | BASKET | HIDDEN_HALO | U_PAVE | GOLD | KT_18 | 1ct | imgs:3
[02:58:07][PEAR] [5457] ? NIV-D72888CF78B4E8F5 | BASKET | HIDDEN_HALO | U_PAVE | GOLD | KT_18 | 1ct | imgs:3
[02:58:10][PEAR] [5458] ? NIV-D72888CF78B4E8F5 | BASKET | HIDDEN_HALO | U_PAVE | GOLD | KT_18 | 1ct | imgs:3
[02:58:16][PEAR] [5459] ? NIV-D72888CF78B4E8F5 | BASKET | HIDDEN_HALO | U_PAVE | GOLD | KT_18 | 1ct | imgs:3
[02:58:19][PEAR] [5460] ? NIV-878BC97279832840 | BASKET | HIDDEN_HALO | U_PAVE | PLATINUM | PT_950 | 1ct | imgs:3
[02:58:28][PEAR] [5461] ? NIV-9C00327D87313351 | BASKET | HIDDEN_HALO | U_PAVE | GOLD | KT_10 | 1ct | imgs:3
[02:58:31][PEAR] [5462] ? NIV-9C00327D87313351 | BASKET | HIDDEN_HALO | U_PAVE | GOLD | KT_10 | 1ct | imgs:3
[02:58:34][PEAR] [5463] ? NIV-9C00327D87313351 | BASKET | HIDDEN_HALO | U_PAVE | GOLD | KT_10 | 1ct | imgs:3
[02:58:37][PEAR] [5464] ? NIV-3F735AF7FA3B2FAC | BASKET | HIDDEN_HALO | U_PAVE | GOLD | KT_10 | 1ct | imgs:3
[02:58:40][PEAR] [5465] ? NIV-3F735AF7FA3B2FAC | BASKET | HIDDEN_HALO | U_PAVE | GOLD | KT_10 | 1ct | imgs:3
[02:58:43][PEAR] [5466] ? NIV-3F735AF7FA3B2FAC | BASKET | HIDDEN_HALO | U_PAVE | GOLD | KT_10 | 1ct | imgs:3
[02:58:46][PEAR] [5467] ? NIV-100779F474CECF91 | BASKET | HIDDEN_HALO | U_PAVE | GOLD | KT_10 | 1ct | imgs:3
[02:58:49][PEAR] [5468] ? NIV-100779F474CECF91 | BASKET | HIDDEN_HALO | U_PAVE | GOLD | KT_10 | 1ct | imgs:3
[02:58:52][PEAR] [5469] ? NIV-100779F474CECF91 | BASKET | HIDDEN_HALO | U_PAVE | GOLD | KT_10 | 1ct | imgs:3
[02:58:58][PEAR] [5470] ? NIV-1769374916D7C134 | BASKET | HIDDEN_HALO | U_PAVE | GOLD | KT_14 | 1ct | imgs:3
[02:59:01][PEAR] [5471] ? NIV-1769374916D7C134 | BASKET | HIDDEN_HALO | U_PAVE | GOLD | KT_14 | 1ct | imgs:3
[02:59:07][PEAR] [5472] ? NIV-1769374916D7C134 | BASKET | HIDDEN_HALO | U_PAVE | GOLD | KT_14 | 1ct | imgs:3
[02:59:10][PEAR] [5473] ? NIV-ADF211FA31F877C9 | BASKET | HIDDEN_HALO | U_PAVE | GOLD | KT_14 | 1ct | imgs:3
[02:59:13][PEAR] [5474] ? NIV-ADF211FA31F877C9 | BASKET | HIDDEN_HALO | U_PAVE | GOLD | KT_14 | 1ct | imgs:3
[02:59:19][PEAR] [5475] ? NIV-ADF211FA31F877C9 | BASKET | HIDDEN_HALO | U_PAVE | GOLD | KT_14 | 1ct | imgs:3
[02:59:22][PEAR] [5476] ? NIV-207B8D7C3924B7CD | BASKET | HIDDEN_HALO | U_PAVE | GOLD | KT_14 | 1ct | imgs:3
[02:59:25][PEAR] [5477] ? NIV-207B8D7C3924B7CD | BASKET | HIDDEN_HALO | U_PAVE | GOLD | KT_14 | 1ct | imgs:3
[02:59:28][PEAR] [5478] ? NIV-207B8D7C3924B7CD | BASKET | HIDDEN_HALO | U_PAVE | GOLD | KT_14 | 1ct | imgs:3
[02:59:34][PEAR] [5479] ? NIV-C9F3195480BDEF25 | BASKET | HIDDEN_HALO | U_PAVE | GOLD | KT_18 | 1ct | imgs:3
[02:59:37][PEAR] [5480] ? NIV-C9F3195480BDEF25 | BASKET | HIDDEN_HALO | U_PAVE | GOLD | KT_18 | 1ct | imgs:3
[02:59:43][PEAR] [5481] ? NIV-C9F3195480BDEF25 | BASKET | HIDDEN_HALO | U_PAVE | GOLD | KT_18 | 1ct | imgs:3
[02:59:46][PEAR] [5482] ? NIV-898B7CF3B7D58DB2 | BASKET | HIDDEN_HALO | U_PAVE | GOLD | KT_18 | 1ct | imgs:3
[02:59:49][PEAR] [5483] ? NIV-898B7CF3B7D58DB2 | BASKET | HIDDEN_HALO | U_PAVE | GOLD | KT_18 | 1ct | imgs:3
[02:59:55][PEAR] [5484] ? NIV-898B7CF3B7D58DB2 | BASKET | HIDDEN_HALO | U_PAVE | GOLD | KT_18 | 1ct | imgs:3
[02:59:58][PEAR] [5485] ? NIV-60101F6FB9F52A06 | BASKET | HIDDEN_HALO | U_PAVE | GOLD | KT_18 | 1ct | imgs:3
[03:00:01][PEAR] [5486] ? NIV-60101F6FB9F52A06 | BASKET | HIDDEN_HALO | U_PAVE | GOLD | KT_18 | 1ct | imgs:3
[03:00:04][PEAR] [5487] ? NIV-60101F6FB9F52A06 | BASKET | HIDDEN_HALO | U_PAVE | GOLD | KT_18 | 1ct | imgs:3
[03:00:07][PEAR] [5488] ? NIV-BBAF44D07D9A1A81 | BASKET | HIDDEN_HALO | U_PAVE | PLATINUM | PT_950 | 1ct | imgs:3
[03:00:10][PEAR] [5489] ? NIV-3EB890BA45234BAA | BASKET | HIDDEN_HALO | U_PAVE | GOLD | KT_10 | 1ct | imgs:3
[03:00:16][PEAR] [5490] ? NIV-3EB890BA45234BAA | BASKET | HIDDEN_HALO | U_PAVE | GOLD | KT_10 | 1ct | imgs:3
[03:00:19][PEAR] [5491] ? NIV-3EB890BA45234BAA | BASKET | HIDDEN_HALO | U_PAVE | GOLD | KT_10 | 1ct | imgs:3
[03:00:22][PEAR] [5492] ? NIV-9EA3E51F7791C381 | BASKET | HIDDEN_HALO | U_PAVE | GOLD | KT_10 | 1ct | imgs:3
[03:00:25][PEAR] [5493] ? NIV-9EA3E51F7791C381 | BASKET | HIDDEN_HALO | U_PAVE | GOLD | KT_10 | 1ct | imgs:3
[03:00:31][PEAR] [5494] ? NIV-9EA3E51F7791C381 | BASKET | HIDDEN_HALO | U_PAVE | GOLD | KT_10 | 1ct | imgs:3
[03:00:34][PEAR] [5495] ? NIV-6A0E975F48DF175E | BASKET | HIDDEN_HALO | U_PAVE | GOLD | KT_10 | 1ct | imgs:3
[03:00:37][PEAR] [5496] ? NIV-6A0E975F48DF175E | BASKET | HIDDEN_HALO | U_PAVE | GOLD | KT_10 | 1ct | imgs:3
[03:00:40][PEAR] [5497] ? NIV-6A0E975F48DF175E | BASKET | HIDDEN_HALO | U_PAVE | GOLD | KT_10 | 1ct | imgs:3
[03:00:46][PEAR] [5498] ? NIV-A5E3A6C6A278490A | BASKET | HIDDEN_HALO | U_PAVE | GOLD | KT_14 | 1ct | imgs:3
[03:00:49][PEAR] [5499] ? NIV-A5E3A6C6A278490A | BASKET | HIDDEN_HALO | U_PAVE | GOLD | KT_14 | 1ct | imgs:3
[03:00:55][PEAR] [5500] ? NIV-A5E3A6C6A278490A | BASKET | HIDDEN_HALO | U_PAVE | GOLD | KT_14 | 1ct | imgs:3
[03:00:58][PEAR] [5501] ? NIV-3FE82F046E5ED1DB | BASKET | HIDDEN_HALO | U_PAVE | GOLD | KT_14 | 1ct | imgs:3
[03:01:01][PEAR] [5502] ? NIV-3FE82F046E5ED1DB | BASKET | HIDDEN_HALO | U_PAVE | GOLD | KT_14 | 1ct | imgs:3
[03:01:07][PEAR] [5503] ? NIV-3FE82F046E5ED1DB | BASKET | HIDDEN_HALO | U_PAVE | GOLD | KT_14 | 1ct | imgs:3
[03:01:10][PEAR] [5504] ? NIV-3EC97B1F5B2631B1 | BASKET | HIDDEN_HALO | U_PAVE | GOLD | KT_14 | 1ct | imgs:3
[03:01:16][PEAR] [5505] ? NIV-3EC97B1F5B2631B1 | BASKET | HIDDEN_HALO | U_PAVE | GOLD | KT_14 | 1ct | imgs:3
[03:01:22][PEAR] [5506] ? NIV-3EC97B1F5B2631B1 | BASKET | HIDDEN_HALO | U_PAVE | GOLD | KT_14 | 1ct | imgs:3
[03:01:27][PEAR] [5507] ? NIV-29A08AEBF316CECC | BASKET | HIDDEN_HALO | U_PAVE | GOLD | KT_18 | 1ct | imgs:1
[03:01:31][PEAR] [5508] ? NIV-29A08AEBF316CECC | BASKET | HIDDEN_HALO | U_PAVE | GOLD | KT_18 | 1ct | imgs:3
[03:01:37][PEAR] [5509] ? NIV-29A08AEBF316CECC | BASKET | HIDDEN_HALO | U_PAVE | GOLD | KT_18 | 1ct | imgs:3
[03:01:40][PEAR] [5510] ? NIV-92A1107095C4F966 | BASKET | HIDDEN_HALO | U_PAVE | GOLD | KT_18 | 1ct | imgs:3
[03:01:43][PEAR] [5511] ? NIV-92A1107095C4F966 | BASKET | HIDDEN_HALO | U_PAVE | GOLD | KT_18 | 1ct | imgs:3
[03:01:47][PEAR] [5512] ? NIV-92A1107095C4F966 | BASKET | HIDDEN_HALO | U_PAVE | GOLD | KT_18 | 1ct | imgs:3
[03:01:49][PEAR] [5513] ? NIV-5BD1D10D1B7FC6C9 | BASKET | HIDDEN_HALO | U_PAVE | GOLD | KT_18 | 1ct | imgs:3
[03:01:52][PEAR] [5514] ? NIV-5BD1D10D1B7FC6C9 | BASKET | HIDDEN_HALO | U_PAVE | GOLD | KT_18 | 1ct | imgs:3
[03:01:55][PEAR] [5515] ? NIV-5BD1D10D1B7FC6C9 | BASKET | HIDDEN_HALO | U_PAVE | GOLD | KT_18 | 1ct | imgs:3
[03:01:58][PEAR] [5516] ? NIV-D7BAF6624554D402 | BASKET | HIDDEN_HALO | U_PAVE | PLATINUM | PT_950 | 1ct | imgs:3
[03:02:04][PEAR] [5517] ? NIV-54B0DDF9702BE17E | BASKET | HIDDEN_HALO | U_PAVE | GOLD | KT_10 | 1ct | imgs:2
[03:02:10][PEAR] [5518] ? NIV-54B0DDF9702BE17E | BASKET | HIDDEN_HALO | U_PAVE | GOLD | KT_10 | 1ct | imgs:3
[03:02:13][PEAR] [5519] ? NIV-54B0DDF9702BE17E | BASKET | HIDDEN_HALO | U_PAVE | GOLD | KT_10 | 1ct | imgs:3
[03:02:16][PEAR] [5520] ? NIV-F2187E459C9FF766 | BASKET | HIDDEN_HALO | U_PAVE | GOLD | KT_10 | 1ct | imgs:3
[03:02:19][PEAR] [5521] ? NIV-F2187E459C9FF766 | BASKET | HIDDEN_HALO | U_PAVE | GOLD | KT_10 | 1ct | imgs:3
[03:02:25][PEAR] [5522] ? NIV-F2187E459C9FF766 | BASKET | HIDDEN_HALO | U_PAVE | GOLD | KT_10 | 1ct | imgs:3
[03:02:29][PEAR] [5523] ? NIV-CC130FFA9A29A1DB | BASKET | HIDDEN_HALO | U_PAVE | GOLD | KT_10 | 1ct | imgs:1
[03:02:34][PEAR] [5524] ? NIV-CC130FFA9A29A1DB | BASKET | HIDDEN_HALO | U_PAVE | GOLD | KT_10 | 1ct | imgs:3
[03:02:37][PEAR] [5525] ? NIV-CC130FFA9A29A1DB | BASKET | HIDDEN_HALO | U_PAVE | GOLD | KT_10 | 1ct | imgs:3
[03:02:43][PEAR] [5526] ? NIV-487103EF1A6B4969 | BASKET | HIDDEN_HALO | U_PAVE | GOLD | KT_14 | 1ct | imgs:2
[03:02:46][PEAR] [5527] ? NIV-487103EF1A6B4969 | BASKET | HIDDEN_HALO | U_PAVE | GOLD | KT_14 | 1ct | imgs:3
[03:02:49][PEAR] [5528] ? NIV-487103EF1A6B4969 | BASKET | HIDDEN_HALO | U_PAVE | GOLD | KT_14 | 1ct | imgs:3
[03:02:52][PEAR] [5529] ? NIV-C5BD127A78E9B819 | BASKET | HIDDEN_HALO | U_PAVE | GOLD | KT_14 | 1ct | imgs:3
[03:02:58][PEAR] [5530] ? NIV-C5BD127A78E9B819 | BASKET | HIDDEN_HALO | U_PAVE | GOLD | KT_14 | 1ct | imgs:3
[03:03:01][PEAR] [5531] ? NIV-C5BD127A78E9B819 | BASKET | HIDDEN_HALO | U_PAVE | GOLD | KT_14 | 1ct | imgs:3
[03:03:04][PEAR] [5532] ? NIV-7A77C7E30DEB1A9B | BASKET | HIDDEN_HALO | U_PAVE | GOLD | KT_14 | 1ct | imgs:3
[03:03:07][PEAR] [5533] ? NIV-7A77C7E30DEB1A9B | BASKET | HIDDEN_HALO | U_PAVE | GOLD | KT_14 | 1ct | imgs:3
[03:03:10][PEAR] [5534] ? NIV-7A77C7E30DEB1A9B | BASKET | HIDDEN_HALO | U_PAVE | GOLD | KT_14 | 1ct | imgs:3
[03:03:13][PEAR] [5535] ? NIV-42E2C97252C5D259 | BASKET | HIDDEN_HALO | U_PAVE | GOLD | KT_18 | 1ct | imgs:3
[03:03:19][PEAR] [5536] ? NIV-42E2C97252C5D259 | BASKET | HIDDEN_HALO | U_PAVE | GOLD | KT_18 | 1ct | imgs:3
[03:03:22][PEAR] [5537] ? NIV-42E2C97252C5D259 | BASKET | HIDDEN_HALO | U_PAVE | GOLD | KT_18 | 1ct | imgs:3
[03:03:25][PEAR] [5538] ? NIV-5F0D5201D0F24B21 | BASKET | HIDDEN_HALO | U_PAVE | GOLD | KT_18 | 1ct | imgs:3
[03:03:28][PEAR] [5539] ? NIV-5F0D5201D0F24B21 | BASKET | HIDDEN_HALO | U_PAVE | GOLD | KT_18 | 1ct | imgs:3
[03:03:31][PEAR] [5540] ? NIV-5F0D5201D0F24B21 | BASKET | HIDDEN_HALO | U_PAVE | GOLD | KT_18 | 1ct | imgs:3
[03:03:34][PEAR] [5541] ? NIV-3A8EE1708521AC8E | BASKET | HIDDEN_HALO | U_PAVE | GOLD | KT_18 | 1ct | imgs:3
[03:03:37][PEAR] [5542] ? NIV-3A8EE1708521AC8E | BASKET | HIDDEN_HALO | U_PAVE | GOLD | KT_18 | 1ct | imgs:3
[03:03:43][PEAR] [5543] ? NIV-3A8EE1708521AC8E | BASKET | HIDDEN_HALO | U_PAVE | GOLD | KT_18 | 1ct | imgs:3
[03:03:46][PEAR] [5544] ? NIV-5D42DEF754B3636D | BASKET | HIDDEN_HALO | U_PAVE | PLATINUM | PT_950 | 1ct | imgs:3
[03:03:52][PEAR] [5545] ? NIV-F9A7C29DC89B0EB8 | BASKET | HIDDEN_HALO | U_PAVE | GOLD | KT_10 | 1ct | imgs:3
[03:03:58][PEAR] [5546] ? NIV-F9A7C29DC89B0EB8 | BASKET | HIDDEN_HALO | U_PAVE | GOLD | KT_10 | 1ct | imgs:3
[03:04:01][PEAR] [5547] ? NIV-F9A7C29DC89B0EB8 | BASKET | HIDDEN_HALO | U_PAVE | GOLD | KT_10 | 1ct | imgs:3
[03:04:04][PEAR] [5548] ? NIV-7990B3FB0C66AE06 | BASKET | HIDDEN_HALO | U_PAVE | GOLD | KT_10 | 1ct | imgs:1
[03:04:07][PEAR] [5549] ? NIV-7990B3FB0C66AE06 | BASKET | HIDDEN_HALO | U_PAVE | GOLD | KT_10 | 1ct | imgs:3
[03:04:13][PEAR] [5550] ? NIV-7990B3FB0C66AE06 | BASKET | HIDDEN_HALO | U_PAVE | GOLD | KT_10 | 1ct | imgs:3
[03:04:16][PEAR] [5551] ? NIV-39F0408457EABC77 | BASKET | HIDDEN_HALO | U_PAVE | GOLD | KT_10 | 1ct | imgs:3
[03:04:19][PEAR] [5552] ? NIV-39F0408457EABC77 | BASKET | HIDDEN_HALO | U_PAVE | GOLD | KT_10 | 1ct | imgs:3
[03:04:22][PEAR] [5553] ? NIV-39F0408457EABC77 | BASKET | HIDDEN_HALO | U_PAVE | GOLD | KT_10 | 1ct | imgs:3
[03:04:28][PEAR] [5554] ? NIV-C7E7750031619C28 | BASKET | HIDDEN_HALO | U_PAVE | GOLD | KT_14 | 1ct | imgs:3
[03:04:31][PEAR] [5555] ? NIV-C7E7750031619C28 | BASKET | HIDDEN_HALO | U_PAVE | GOLD | KT_14 | 1ct | imgs:3
[03:04:37][PEAR] [5556] ? NIV-C7E7750031619C28 | BASKET | HIDDEN_HALO | U_PAVE | GOLD | KT_14 | 1ct | imgs:3
[03:04:40][PEAR] [5557] ? NIV-E5855E57A0761C8F | BASKET | HIDDEN_HALO | U_PAVE | GOLD | KT_14 | 1ct | imgs:3
[03:04:43][PEAR] [5558] ? NIV-E5855E57A0761C8F | BASKET | HIDDEN_HALO | U_PAVE | GOLD | KT_14 | 1ct | imgs:3
[03:04:49][PEAR] [5559] ? NIV-E5855E57A0761C8F | BASKET | HIDDEN_HALO | U_PAVE | GOLD | KT_14 | 1ct | imgs:3
[03:04:52][PEAR] [5560] ? NIV-03676C7B868F7B40 | BASKET | HIDDEN_HALO | U_PAVE | GOLD | KT_14 | 1ct | imgs:3
[03:04:58][PEAR] [5561] ? NIV-03676C7B868F7B40 | BASKET | HIDDEN_HALO | U_PAVE | GOLD | KT_14 | 1ct | imgs:3
[03:05:01][PEAR] [5562] ? NIV-03676C7B868F7B40 | BASKET | HIDDEN_HALO | U_PAVE | GOLD | KT_14 | 1ct | imgs:3
[03:05:04][PEAR] [5563] ? NIV-4035D10B0A6631F1 | BASKET | HIDDEN_HALO | U_PAVE | GOLD | KT_18 | 1ct | imgs:3
[03:05:07][PEAR] [5564] ? NIV-4035D10B0A6631F1 | BASKET | HIDDEN_HALO | U_PAVE | GOLD | KT_18 | 1ct | imgs:3
[03:05:10][PEAR] [5565] ? NIV-4035D10B0A6631F1 | BASKET | HIDDEN_HALO | U_PAVE | GOLD | KT_18 | 1ct | imgs:3
[03:05:13][PEAR] [5566] ? NIV-C169A5C6A347B588 | BASKET | HIDDEN_HALO | U_PAVE | GOLD | KT_18 | 1ct | imgs:3
[03:05:16][PEAR] [5567] ? NIV-C169A5C6A347B588 | BASKET | HIDDEN_HALO | U_PAVE | GOLD | KT_18 | 1ct | imgs:3
[03:05:22][PEAR] [5568] ? NIV-C169A5C6A347B588 | BASKET | HIDDEN_HALO | U_PAVE | GOLD | KT_18 | 1ct | imgs:3
[03:05:25][PEAR] [5569] ? NIV-C0BFCAC2092BC896 | BASKET | HIDDEN_HALO | U_PAVE | GOLD | KT_18 | 1ct | imgs:3
[03:05:28][PEAR] [5570] ? NIV-C0BFCAC2092BC896 | BASKET | HIDDEN_HALO | U_PAVE | GOLD | KT_18 | 1ct | imgs:3
[03:05:34][PEAR] [5571] ? NIV-C0BFCAC2092BC896 | BASKET | HIDDEN_HALO | U_PAVE | GOLD | KT_18 | 1ct | imgs:3
[03:05:37][PEAR] [5572] ? NIV-66394D7B6778E636 | BASKET | HIDDEN_HALO | U_PAVE | PLATINUM | PT_950 | 1ct | imgs:3
[03:05:43][PEAR] [5573] ? NIV-9BFEAF088BA67A63 | BASKET | HIDDEN_HALO | U_PAVE | GOLD | KT_10 | 1ct | imgs:3
[03:05:46][PEAR] [5574] ? NIV-9BFEAF088BA67A63 | BASKET | HIDDEN_HALO | U_PAVE | GOLD | KT_10 | 1ct | imgs:3
[03:05:49][PEAR] [5575] ? NIV-9BFEAF088BA67A63 | BASKET | HIDDEN_HALO | U_PAVE | GOLD | KT_10 | 1ct | imgs:3
[03:05:52][PEAR] [5576] ? NIV-4BF10450A0C57E0B | BASKET | HIDDEN_HALO | U_PAVE | GOLD | KT_10 | 1ct | imgs:3
[03:05:55][PEAR] [5577] ? NIV-4BF10450A0C57E0B | BASKET | HIDDEN_HALO | U_PAVE | GOLD | KT_10 | 1ct | imgs:3
[03:05:58][PEAR] [5578] ? NIV-4BF10450A0C57E0B | BASKET | HIDDEN_HALO | U_PAVE | GOLD | KT_10 | 1ct | imgs:3
[03:06:01][PEAR] [5579] ? NIV-37F9C95CD7E06A4E | BASKET | HIDDEN_HALO | U_PAVE | GOLD | KT_10 | 1ct | imgs:3
[03:06:04][PEAR] [5580] ? NIV-37F9C95CD7E06A4E | BASKET | HIDDEN_HALO | U_PAVE | GOLD | KT_10 | 1ct | imgs:3
[03:06:10][PEAR] [5581] ? NIV-37F9C95CD7E06A4E | BASKET | HIDDEN_HALO | U_PAVE | GOLD | KT_10 | 1ct | imgs:3
[03:06:13][PEAR] [5582] ? NIV-C81FD5880E78C33C | BASKET | HIDDEN_HALO | U_PAVE | GOLD | KT_14 | 1ct | imgs:3
[03:06:19][PEAR] [5583] ? NIV-C81FD5880E78C33C | BASKET | HIDDEN_HALO | U_PAVE | GOLD | KT_14 | 1ct | imgs:3
[03:06:22][PEAR] [5584] ? NIV-C81FD5880E78C33C | BASKET | HIDDEN_HALO | U_PAVE | GOLD | KT_14 | 1ct | imgs:3
[03:06:25][PEAR] [5585] ? NIV-90EED374E8076A02 | BASKET | HIDDEN_HALO | U_PAVE | GOLD | KT_14 | 1ct | imgs:3
[03:06:28][PEAR] [5586] ? NIV-90EED374E8076A02 | BASKET | HIDDEN_HALO | U_PAVE | GOLD | KT_14 | 1ct | imgs:3
[03:06:31][PEAR] [5587] ? NIV-90EED374E8076A02 | BASKET | HIDDEN_HALO | U_PAVE | GOLD | KT_14 | 1ct | imgs:3
[03:06:34][PEAR] [5588] ? NIV-FA4168E4F50FFB7E | BASKET | HIDDEN_HALO | U_PAVE | GOLD | KT_14 | 1ct | imgs:3
[03:06:37][PEAR] [5589] ? NIV-FA4168E4F50FFB7E | BASKET | HIDDEN_HALO | U_PAVE | GOLD | KT_14 | 1ct | imgs:3
[03:06:40][PEAR] [5590] ? NIV-FA4168E4F50FFB7E | BASKET | HIDDEN_HALO | U_PAVE | GOLD | KT_14 | 1ct | imgs:3
[03:06:43][PEAR] [5591] ? NIV-BCAED7EE0EFFBC59 | BASKET | HIDDEN_HALO | U_PAVE | GOLD | KT_18 | 1ct | imgs:3
[03:06:49][PEAR] [5592] ? NIV-BCAED7EE0EFFBC59 | BASKET | HIDDEN_HALO | U_PAVE | GOLD | KT_18 | 1ct | imgs:3
[03:06:52][PEAR] [5593] ? NIV-BCAED7EE0EFFBC59 | BASKET | HIDDEN_HALO | U_PAVE | GOLD | KT_18 | 1ct | imgs:3
[03:06:55][PEAR] [5594] ? NIV-A8704092986054CA | BASKET | HIDDEN_HALO | U_PAVE | GOLD | KT_18 | 1ct | imgs:3
[03:06:58][PEAR] [5595] ? NIV-A8704092986054CA | BASKET | HIDDEN_HALO | U_PAVE | GOLD | KT_18 | 1ct | imgs:3
[03:07:04][PEAR] [5596] ? NIV-A8704092986054CA | BASKET | HIDDEN_HALO | U_PAVE | GOLD | KT_18 | 1ct | imgs:3
[03:07:07][PEAR] [5597] ? NIV-DA719D7644313346 | BASKET | HIDDEN_HALO | U_PAVE | GOLD | KT_18 | 1ct | imgs:3
[03:07:10][PEAR] [5598] ? NIV-DA719D7644313346 | BASKET | HIDDEN_HALO | U_PAVE | GOLD | KT_18 | 1ct | imgs:3
[03:07:13][PEAR] [5599] ? NIV-DA719D7644313346 | BASKET | HIDDEN_HALO | U_PAVE | GOLD | KT_18 | 1ct | imgs:3
[03:07:16][PEAR] [5600] ? NIV-F3FADFDC0E622382 | BASKET | HIDDEN_HALO | U_PAVE | PLATINUM | PT_950 | 1ct | imgs:3
[03:07:22][PEAR] [5601] ? NIV-7E4E955DD838C713 | BASKET | HIDDEN_HALO | U_PAVE | GOLD | KT_10 | 1ct | imgs:3
[03:07:25][PEAR] [5602] ? NIV-7E4E955DD838C713 | BASKET | HIDDEN_HALO | U_PAVE | GOLD | KT_10 | 1ct | imgs:3
[03:07:31][PEAR] [5603] ? NIV-7E4E955DD838C713 | BASKET | HIDDEN_HALO | U_PAVE | GOLD | KT_10 | 1ct | imgs:3
[03:07:34][PEAR] [5604] ? NIV-10234F092B77AD32 | BASKET | HIDDEN_HALO | U_PAVE | GOLD | KT_10 | 1ct | imgs:3
[03:07:37][PEAR] [5605] ? NIV-10234F092B77AD32 | BASKET | HIDDEN_HALO | U_PAVE | GOLD | KT_10 | 1ct | imgs:3
[03:07:43][PEAR] [5606] ? NIV-10234F092B77AD32 | BASKET | HIDDEN_HALO | U_PAVE | GOLD | KT_10 | 1ct | imgs:3
[03:07:46][PEAR] [5607] ? NIV-A278D0759FF81562 | BASKET | HIDDEN_HALO | U_PAVE | GOLD | KT_10 | 1ct | imgs:3
[03:07:49][PEAR] [5608] ? NIV-A278D0759FF81562 | BASKET | HIDDEN_HALO | U_PAVE | GOLD | KT_10 | 1ct | imgs:3
[03:07:55][PEAR] [5609] ? NIV-A278D0759FF81562 | BASKET | HIDDEN_HALO | U_PAVE | GOLD | KT_10 | 1ct | imgs:3
[03:08:01][PEAR] [5610] ? NIV-BEA0325CE3DA4C99 | BASKET | HIDDEN_HALO | U_PAVE | GOLD | KT_14 | 1ct | imgs:3
[03:08:04][PEAR] [5611] ? NIV-BEA0325CE3DA4C99 | BASKET | HIDDEN_HALO | U_PAVE | GOLD | KT_14 | 1ct | imgs:3
[03:08:10][PEAR] [5612] ? NIV-BEA0325CE3DA4C99 | BASKET | HIDDEN_HALO | U_PAVE | GOLD | KT_14 | 1ct | imgs:3
[03:08:13][PEAR] [5613] ? NIV-F54F41DC7966ED12 | BASKET | HIDDEN_HALO | U_PAVE | GOLD | KT_14 | 1ct | imgs:3
[03:08:16][PEAR] [5614] ? NIV-F54F41DC7966ED12 | BASKET | HIDDEN_HALO | U_PAVE | GOLD | KT_14 | 1ct | imgs:3
[03:08:22][PEAR] [5615] ? NIV-F54F41DC7966ED12 | BASKET | HIDDEN_HALO | U_PAVE | GOLD | KT_14 | 1ct | imgs:3
[03:08:25][PEAR] [5616] ? NIV-37E356403C31EBDB | BASKET | HIDDEN_HALO | U_PAVE | GOLD | KT_14 | 1ct | imgs:3
[03:08:28][PEAR] [5617] ? NIV-37E356403C31EBDB | BASKET | HIDDEN_HALO | U_PAVE | GOLD | KT_14 | 1ct | imgs:3
[03:08:31][PEAR] [5618] ? NIV-37E356403C31EBDB | BASKET | HIDDEN_HALO | U_PAVE | GOLD | KT_14 | 1ct | imgs:3
[03:08:34][PEAR] [5619] ? NIV-FE11A0BD00E4BBA9 | BASKET | HIDDEN_HALO | U_PAVE | GOLD | KT_18 | 1ct | imgs:3
[03:08:40][PEAR] [5620] ? NIV-FE11A0BD00E4BBA9 | BASKET | HIDDEN_HALO | U_PAVE | GOLD | KT_18 | 1ct | imgs:3
[03:08:43][PEAR] [5621] ? NIV-FE11A0BD00E4BBA9 | BASKET | HIDDEN_HALO | U_PAVE | GOLD | KT_18 | 1ct | imgs:3
[03:08:46][PEAR] [5622] ? NIV-9D6BB51ED4EBE246 | BASKET | HIDDEN_HALO | U_PAVE | GOLD | KT_18 | 1ct | imgs:3
[03:08:52][PEAR] [5623] ? NIV-9D6BB51ED4EBE246 | BASKET | HIDDEN_HALO | U_PAVE | GOLD | KT_18 | 1ct | imgs:3
[03:08:55][PEAR] [5624] ? NIV-9D6BB51ED4EBE246 | BASKET | HIDDEN_HALO | U_PAVE | GOLD | KT_18 | 1ct | imgs:3
[03:08:58][PEAR] [5625] ? NIV-C2E43C5266E0E158 | BASKET | HIDDEN_HALO | U_PAVE | GOLD | KT_18 | 1ct | imgs:3
[03:09:01][PEAR] [5626] ? NIV-C2E43C5266E0E158 | BASKET | HIDDEN_HALO | U_PAVE | GOLD | KT_18 | 1ct | imgs:3
[03:09:04][PEAR] [5627] ? NIV-C2E43C5266E0E158 | BASKET | HIDDEN_HALO | U_PAVE | GOLD | KT_18 | 1ct | imgs:3
[03:09:07][PEAR] [5628] ? NIV-33E18E262CDB1674 | BASKET | HIDDEN_HALO | U_PAVE | PLATINUM | PT_950 | 1ct | imgs:3
[03:09:13][PEAR] [5629] ? NIV-0A60CB48189091C2 | BASKET | HIDDEN_HALO | U_PAVE | GOLD | KT_10 | 1ct | imgs:3
[03:09:16][PEAR] [5630] ? NIV-0A60CB48189091C2 | BASKET | HIDDEN_HALO | U_PAVE | GOLD | KT_10 | 1ct | imgs:3
[03:09:29][PEAR] [5631] ??  NIV-0A60CB48189091C2 | BASKET | HIDDEN_HALO | U_PAVE | GOLD | KT_10 | 1ct | imgs:0
[03:09:29][PEAR]   Re-seleccionando PEAR (intento 1)
[03:09:29][PEAR]   Boton no encontrado ? recargando configurador...
[03:09:42][PEAR]   Re-seleccionando PEAR (intento 2)
[03:09:53][PEAR] [5632] ??  NIV-D5C0F85B48F232CE | BASKET | HIDDEN_HALO | U_PAVE | GOLD | KT_10 | 1ct | imgs:0
[03:09:57][PEAR] [5633] ? NIV-E9C5A8C18A98309E | BASKET | HIDDEN_HALO | U_PAVE | GOLD | KT_10 | 1ct | imgs:3
[03:10:08][PEAR] [5634] ??  NIV-E9C5A8C18A98309E | BASKET | HIDDEN_HALO | U_PAVE | GOLD | KT_10 | 1ct | imgs:0
[03:10:20][PEAR] [5635] ??  NIV-E9C5A8C18A98309E | BASKET | HIDDEN_HALO | U_PAVE | GOLD | KT_10 | 1ct | imgs:0
[03:10:26][PEAR] [5636] ? NIV-560ECFDD33105F86 | BASKET | HIDDEN_HALO | U_PAVE | GOLD | KT_10 | 1ct | imgs:3
[03:10:30][PEAR] [5637] ? NIV-F0569425E60661CF | BASKET | HIDDEN_HALO | U_PAVE | GOLD | KT_10 | 1ct | imgs:3
[03:10:33][PEAR] [5638] ? NIV-638B37285FE6198E | BASKET | HIDDEN_HALO | U_PAVE | GOLD | KT_14 | 1ct | imgs:3
[03:10:36][PEAR] [5639] ? NIV-1815078B47B84782 | BASKET | HIDDEN_HALO | U_PAVE | GOLD | KT_14 | 1ct | imgs:3
[03:10:39][PEAR] [5640] ? NIV-AC6B232A224D37FA | BASKET | HIDDEN_HALO | U_PAVE | GOLD | KT_14 | 1ct | imgs:3
[03:10:42][PEAR] [5641] ? NIV-4FF03D3E2E598AFF | BASKET | HIDDEN_HALO | U_PAVE | GOLD | KT_14 | 1ct | imgs:3
[03:10:45][PEAR] [5642] ? NIV-D57EB831DCE834E8 | BASKET | HIDDEN_HALO | U_PAVE | GOLD | KT_14 | 1ct | imgs:3
[03:10:48][PEAR] [5643] ? NIV-A1E303B7255D44D5 | BASKET | HIDDEN_HALO | U_PAVE | GOLD | KT_14 | 1ct | imgs:3
[03:10:51][PEAR] [5644] ? NIV-99D5B34079E5026A | BASKET | HIDDEN_HALO | U_PAVE | GOLD | KT_14 | 1ct | imgs:3
[03:10:54][PEAR] [5645] ? NIV-C6DC6C40DFD35C78 | BASKET | HIDDEN_HALO | U_PAVE | GOLD | KT_14 | 1ct | imgs:3
[03:10:57][PEAR] [5646] ? NIV-2C26E2EFE9A956DF | BASKET | HIDDEN_HALO | U_PAVE | GOLD | KT_14 | 1ct | imgs:3
[03:11:03][PEAR] [5647] ? NIV-AABD95B950B34DF1 | BASKET | HIDDEN_HALO | U_PAVE | GOLD | KT_18 | 1ct | imgs:3
[03:11:06][PEAR] [5648] ? NIV-89E0F50132F79B32 | BASKET | HIDDEN_HALO | U_PAVE | GOLD | KT_18 | 1ct | imgs:3
[03:11:09][PEAR] [5649] ? NIV-C175F6C1D9DECDAB | BASKET | HIDDEN_HALO | U_PAVE | GOLD | KT_18 | 1ct | imgs:3
[03:11:12][PEAR] [5650] ? NIV-3856082831231231 | BASKET | HIDDEN_HALO | U_PAVE | GOLD | KT_18 | 1ct | imgs:3
[03:11:15][PEAR] [5651] ? NIV-FE6898A5C1792CC1 | BASKET | HIDDEN_HALO | U_PAVE | GOLD | KT_18 | 1ct | imgs:3
[03:11:18][PEAR] [5652] ? NIV-87E99FDAFFF17281 | BASKET | HIDDEN_HALO | U_PAVE | GOLD | KT_18 | 1ct | imgs:3
[03:11:21][PEAR] [5653] ? NIV-853B5380A5203887 | BASKET | HIDDEN_HALO | U_PAVE | GOLD | KT_18 | 1ct | imgs:3
[03:11:24][PEAR] [5654] ? NIV-79B08F9F0CE078D3 | BASKET | HIDDEN_HALO | U_PAVE | GOLD | KT_18 | 1ct | imgs:3
[03:11:27][PEAR] [5655] ? NIV-2B5A34D8091A2722 | BASKET | HIDDEN_HALO | U_PAVE | GOLD | KT_18 | 1ct | imgs:3
[03:11:30][PEAR] [5656] ? NIV-3580C704CD6D41A8 | BASKET | HIDDEN_HALO | U_PAVE | PLATINUM | PT_950 | 1ct | imgs:3
[03:11:38][PEAR] [5657] ? NIV-A936D1859088DB60 | BASKET | HIDDEN_HALO | U_PAVE | GOLD | KT_10 | 1ct | imgs:2
[03:11:42][PEAR] [5658] ? NIV-A936D1859088DB60 | BASKET | HIDDEN_HALO | U_PAVE | GOLD | KT_10 | 1ct | imgs:3
[03:11:45][PEAR] [5659] ? NIV-A936D1859088DB60 | BASKET | HIDDEN_HALO | U_PAVE | GOLD | KT_10 | 1ct | imgs:3
[03:11:48][PEAR] [5660] ? NIV-94C7C51E4D1CC93D | BASKET | HIDDEN_HALO | U_PAVE | GOLD | KT_10 | 1ct | imgs:3
[03:11:54][PEAR] [5661] ? NIV-94C7C51E4D1CC93D | BASKET | HIDDEN_HALO | U_PAVE | GOLD | KT_10 | 1ct | imgs:3
[03:11:57][PEAR] [5662] ? NIV-94C7C51E4D1CC93D | BASKET | HIDDEN_HALO | U_PAVE | GOLD | KT_10 | 1ct | imgs:3
[03:12:00][PEAR] [5663] ? NIV-3DB007614317E24C | BASKET | HIDDEN_HALO | U_PAVE | GOLD | KT_10 | 1ct | imgs:3
[03:12:03][PEAR] [5664] ? NIV-3DB007614317E24C | BASKET | HIDDEN_HALO | U_PAVE | GOLD | KT_10 | 1ct | imgs:3
[03:12:09][PEAR] [5665] ? NIV-3DB007614317E24C | BASKET | HIDDEN_HALO | U_PAVE | GOLD | KT_10 | 1ct | imgs:3
[03:12:12][PEAR] [5666] ? NIV-77EC7911408F5819 | BASKET | HIDDEN_HALO | U_PAVE | GOLD | KT_14 | 1ct | imgs:3
[03:12:15][PEAR] [5667] ? NIV-77EC7911408F5819 | BASKET | HIDDEN_HALO | U_PAVE | GOLD | KT_14 | 1ct | imgs:3
[03:12:21][PEAR] [5668] ? NIV-77EC7911408F5819 | BASKET | HIDDEN_HALO | U_PAVE | GOLD | KT_14 | 1ct | imgs:3
[03:12:24][PEAR] [5669] ? NIV-1F27B9D79A304694 | BASKET | HIDDEN_HALO | U_PAVE | GOLD | KT_14 | 1ct | imgs:3
[03:12:27][PEAR] [5670] ? NIV-1F27B9D79A304694 | BASKET | HIDDEN_HALO | U_PAVE | GOLD | KT_14 | 1ct | imgs:3
[03:12:33][PEAR] [5671] ? NIV-1F27B9D79A304694 | BASKET | HIDDEN_HALO | U_PAVE | GOLD | KT_14 | 1ct | imgs:3
[03:12:36][PEAR] [5672] ? NIV-1007CC3401629C83 | BASKET | HIDDEN_HALO | U_PAVE | GOLD | KT_14 | 1ct | imgs:3
[03:12:39][PEAR] [5673] ? NIV-1007CC3401629C83 | BASKET | HIDDEN_HALO | U_PAVE | GOLD | KT_14 | 1ct | imgs:3
[03:12:42][PEAR] [5674] ? NIV-1007CC3401629C83 | BASKET | HIDDEN_HALO | U_PAVE | GOLD | KT_14 | 1ct | imgs:3
[03:12:45][PEAR] [5675] ? NIV-B368F0DE1225E525 | BASKET | HIDDEN_HALO | U_PAVE | GOLD | KT_18 | 1ct | imgs:3
[03:12:51][PEAR] [5676] ? NIV-B368F0DE1225E525 | BASKET | HIDDEN_HALO | U_PAVE | GOLD | KT_18 | 1ct | imgs:3
[03:12:54][PEAR] [5677] ? NIV-B368F0DE1225E525 | BASKET | HIDDEN_HALO | U_PAVE | GOLD | KT_18 | 1ct | imgs:3
[03:12:57][PEAR] [5678] ? NIV-E92643FD43447484 | BASKET | HIDDEN_HALO | U_PAVE | GOLD | KT_18 | 1ct | imgs:3
[03:13:00][PEAR] [5679] ? NIV-E92643FD43447484 | BASKET | HIDDEN_HALO | U_PAVE | GOLD | KT_18 | 1ct | imgs:3
[03:13:04][PEAR] [5680] ? NIV-E92643FD43447484 | BASKET | HIDDEN_HALO | U_PAVE | GOLD | KT_18 | 1ct | imgs:3
[03:13:06][PEAR] [5681] ? NIV-20F83B2DACF83713 | BASKET | HIDDEN_HALO | U_PAVE | GOLD | KT_18 | 1ct | imgs:3
[03:13:09][PEAR] [5682] ? NIV-20F83B2DACF83713 | BASKET | HIDDEN_HALO | U_PAVE | GOLD | KT_18 | 1ct | imgs:3
[03:13:12][PEAR] [5683] ? NIV-20F83B2DACF83713 | BASKET | HIDDEN_HALO | U_PAVE | GOLD | KT_18 | 1ct | imgs:3
[03:13:15][PEAR] [5684] ? NIV-AC2E4E8364C250A8 | BASKET | HIDDEN_HALO | U_PAVE | PLATINUM | PT_950 | 1ct | imgs:3
[03:13:18][PEAR] [5685] ? NIV-74AED66FDACF512C | BASKET | HIDDEN_HALO | U_PAVE | GOLD | KT_10 | 1ct | imgs:3
[03:13:24][PEAR] [5686] ? NIV-74AED66FDACF512C | BASKET | HIDDEN_HALO | U_PAVE | GOLD | KT_10 | 1ct | imgs:3
[03:13:27][PEAR] [5687] ? NIV-74AED66FDACF512C | BASKET | HIDDEN_HALO | U_PAVE | GOLD | KT_10 | 1ct | imgs:3
[03:13:30][PEAR] [5688] ? NIV-D955E591A46055C4 | BASKET | HIDDEN_HALO | U_PAVE | GOLD | KT_10 | 1ct | imgs:3
[03:13:33][PEAR] [5689] ? NIV-D955E591A46055C4 | BASKET | HIDDEN_HALO | U_PAVE | GOLD | KT_10 | 1ct | imgs:3
[03:13:36][PEAR] [5690] ? NIV-D955E591A46055C4 | BASKET | HIDDEN_HALO | U_PAVE | GOLD | KT_10 | 1ct | imgs:3
[03:13:39][PEAR] [5691] ? NIV-C1050C0AD02DB593 | BASKET | HIDDEN_HALO | U_PAVE | GOLD | KT_10 | 1ct | imgs:3
[03:13:42][PEAR] [5692] ? NIV-C1050C0AD02DB593 | BASKET | HIDDEN_HALO | U_PAVE | GOLD | KT_10 | 1ct | imgs:3
[03:13:45][PEAR] [5693] ? NIV-C1050C0AD02DB593 | BASKET | HIDDEN_HALO | U_PAVE | GOLD | KT_10 | 1ct | imgs:3
[03:13:51][PEAR] [5694] ? NIV-2CB954A1C83D6368 | BASKET | HIDDEN_HALO | U_PAVE | GOLD | KT_14 | 1ct | imgs:3
[03:13:54][PEAR] [5695] ? NIV-2CB954A1C83D6368 | BASKET | HIDDEN_HALO | U_PAVE | GOLD | KT_14 | 1ct | imgs:3
[03:13:57][PEAR] [5696] ? NIV-2CB954A1C83D6368 | BASKET | HIDDEN_HALO | U_PAVE | GOLD | KT_14 | 1ct | imgs:3
[03:14:00][PEAR] [5697] ? NIV-C8F61AC79C0D7A5F | BASKET | HIDDEN_HALO | U_PAVE | GOLD | KT_14 | 1ct | imgs:3
[03:14:03][PEAR] [5698] ? NIV-C8F61AC79C0D7A5F | BASKET | HIDDEN_HALO | U_PAVE | GOLD | KT_14 | 1ct | imgs:3
[03:14:06][PEAR] [5699] ? NIV-C8F61AC79C0D7A5F | BASKET | HIDDEN_HALO | U_PAVE | GOLD | KT_14 | 1ct | imgs:3
[03:14:09][PEAR] [5700] ? NIV-DD06738375118ED2 | BASKET | HIDDEN_HALO | U_PAVE | GOLD | KT_14 | 1ct | imgs:3
[03:14:12][PEAR] [5701] ? NIV-DD06738375118ED2 | BASKET | HIDDEN_HALO | U_PAVE | GOLD | KT_14 | 1ct | imgs:3
[03:14:15][PEAR] [5702] ? NIV-DD06738375118ED2 | BASKET | HIDDEN_HALO | U_PAVE | GOLD | KT_14 | 1ct | imgs:3
[03:14:23][PEAR] [5703] ? NIV-7DE91347E461A405 | BASKET | HIDDEN_HALO | U_PAVE | GOLD | KT_18 | 1ct | imgs:3
[03:14:27][PEAR] [5704] ? NIV-7DE91347E461A405 | BASKET | HIDDEN_HALO | U_PAVE | GOLD | KT_18 | 1ct | imgs:3
[03:14:30][PEAR] [5705] ? NIV-7DE91347E461A405 | BASKET | HIDDEN_HALO | U_PAVE | GOLD | KT_18 | 1ct | imgs:3
[03:14:35][PEAR] [5706] ? NIV-1BD27927E3929A3E | BASKET | HIDDEN_HALO | U_PAVE | GOLD | KT_18 | 1ct | imgs:1
[03:14:39][PEAR] [5707] ? NIV-1BD27927E3929A3E | BASKET | HIDDEN_HALO | U_PAVE | GOLD | KT_18 | 1ct | imgs:3
[03:14:45][PEAR] [5708] ? NIV-1BD27927E3929A3E | BASKET | HIDDEN_HALO | U_PAVE | GOLD | KT_18 | 1ct | imgs:3
[03:14:48][PEAR] [5709] ? NIV-3D06FBF6A303AE56 | BASKET | HIDDEN_HALO | U_PAVE | GOLD | KT_18 | 1ct | imgs:3
[03:14:51][PEAR] [5710] ? NIV-3D06FBF6A303AE56 | BASKET | HIDDEN_HALO | U_PAVE | GOLD | KT_18 | 1ct | imgs:3
[03:14:54][PEAR] [5711] ? NIV-3D06FBF6A303AE56 | BASKET | HIDDEN_HALO | U_PAVE | GOLD | KT_18 | 1ct | imgs:3
[03:14:57][PEAR] [5712] ? NIV-D7C968CC9F7C5936 | BASKET | HIDDEN_HALO | U_PAVE | PLATINUM | PT_950 | 1ct | imgs:3
[03:15:03][PEAR] [5713] ? NIV-7960F8A556F19160 | BASKET | HIDDEN_HALO | CHANNEL | GOLD | KT_10 | 1ct | imgs:3
[03:15:06][PEAR] [5714] ? NIV-7960F8A556F19160 | BASKET | HIDDEN_HALO | CHANNEL | GOLD | KT_10 | 1ct | imgs:3
[03:15:12][PEAR] [5715] ? NIV-7960F8A556F19160 | BASKET | HIDDEN_HALO | CHANNEL | GOLD | KT_10 | 1ct | imgs:3
[03:15:15][PEAR] [5716] ? NIV-6E8ADC3E5F5E7481 | BASKET | HIDDEN_HALO | CHANNEL | GOLD | KT_10 | 1ct | imgs:3
[03:15:18][PEAR] [5717] ? NIV-6E8ADC3E5F5E7481 | BASKET | HIDDEN_HALO | CHANNEL | GOLD | KT_10 | 1ct | imgs:3
[03:15:21][PEAR] [5718] ? NIV-6E8ADC3E5F5E7481 | BASKET | HIDDEN_HALO | CHANNEL | GOLD | KT_10 | 1ct | imgs:3
[03:15:24][PEAR] [5719] ? NIV-94BBB908B345FE42 | BASKET | HIDDEN_HALO | CHANNEL | GOLD | KT_10 | 1ct | imgs:3
[03:15:27][PEAR] [5720] ? NIV-94BBB908B345FE42 | BASKET | HIDDEN_HALO | CHANNEL | GOLD | KT_10 | 1ct | imgs:3
[03:15:30][PEAR] [5721] ? NIV-94BBB908B345FE42 | BASKET | HIDDEN_HALO | CHANNEL | GOLD | KT_10 | 1ct | imgs:3
[03:15:33][PEAR] [5722] ? NIV-DEBD3C8D3A0C0437 | BASKET | HIDDEN_HALO | CHANNEL | GOLD | KT_14 | 1ct | imgs:3
[03:15:39][PEAR] [5723] ? NIV-DEBD3C8D3A0C0437 | BASKET | HIDDEN_HALO | CHANNEL | GOLD | KT_14 | 1ct | imgs:3
[03:15:42][PEAR] [5724] ? NIV-DEBD3C8D3A0C0437 | BASKET | HIDDEN_HALO | CHANNEL | GOLD | KT_14 | 1ct | imgs:3
[03:15:45][PEAR] [5725] ? NIV-85B503DB26A91A51 | BASKET | HIDDEN_HALO | CHANNEL | GOLD | KT_14 | 1ct | imgs:3
[03:15:48][PEAR] [5726] ? NIV-85B503DB26A91A51 | BASKET | HIDDEN_HALO | CHANNEL | GOLD | KT_14 | 1ct | imgs:3
[03:15:51][PEAR] [5727] ? NIV-85B503DB26A91A51 | BASKET | HIDDEN_HALO | CHANNEL | GOLD | KT_14 | 1ct | imgs:3
[03:15:54][PEAR] [5728] ? NIV-DAAC84E890CDDA21 | BASKET | HIDDEN_HALO | CHANNEL | GOLD | KT_14 | 1ct | imgs:3
[03:15:57][PEAR] [5729] ? NIV-DAAC84E890CDDA21 | BASKET | HIDDEN_HALO | CHANNEL | GOLD | KT_14 | 1ct | imgs:3
[03:16:03][PEAR] [5730] ? NIV-DAAC84E890CDDA21 | BASKET | HIDDEN_HALO | CHANNEL | GOLD | KT_14 | 1ct | imgs:3
[03:16:06][PEAR] [5731] ? NIV-F2E9D5990DB63B68 | BASKET | HIDDEN_HALO | CHANNEL | GOLD | KT_18 | 1ct | imgs:3
[03:16:12][PEAR] [5732] ? NIV-F2E9D5990DB63B68 | BASKET | HIDDEN_HALO | CHANNEL | GOLD | KT_18 | 1ct | imgs:3
[03:16:15][PEAR] [5733] ? NIV-F2E9D5990DB63B68 | BASKET | HIDDEN_HALO | CHANNEL | GOLD | KT_18 | 1ct | imgs:3
[03:16:18][PEAR] [5734] ? NIV-EE5B76C542D62A60 | BASKET | HIDDEN_HALO | CHANNEL | GOLD | KT_18 | 1ct | imgs:3
[03:16:21][PEAR] [5735] ? NIV-EE5B76C542D62A60 | BASKET | HIDDEN_HALO | CHANNEL | GOLD | KT_18 | 1ct | imgs:3
[03:16:24][PEAR] [5736] ? NIV-EE5B76C542D62A60 | BASKET | HIDDEN_HALO | CHANNEL | GOLD | KT_18 | 1ct | imgs:3
[03:16:27][PEAR] [5737] ? NIV-D3A2A31CCD9372D2 | BASKET | HIDDEN_HALO | CHANNEL | GOLD | KT_18 | 1ct | imgs:3
[03:16:30][PEAR] [5738] ? NIV-D3A2A31CCD9372D2 | BASKET | HIDDEN_HALO | CHANNEL | GOLD | KT_18 | 1ct | imgs:3
[03:16:36][PEAR] [5739] ? NIV-D3A2A31CCD9372D2 | BASKET | HIDDEN_HALO | CHANNEL | GOLD | KT_18 | 1ct | imgs:3
[03:16:39][PEAR] [5740] ? NIV-66C2E6FF0A276EA0 | BASKET | HIDDEN_HALO | CHANNEL | PLATINUM | PT_950 | 1ct | imgs:3
[03:16:45][PEAR] [5741] ? NIV-CDC2E287441227CD | BASKET | HIDDEN_HALO | CHANNEL | GOLD | KT_10 | 1ct | imgs:3
[03:16:48][PEAR] [5742] ? NIV-CDC2E287441227CD | BASKET | HIDDEN_HALO | CHANNEL | GOLD | KT_10 | 1ct | imgs:3
[03:16:51][PEAR] [5743] ? NIV-CDC2E287441227CD | BASKET | HIDDEN_HALO | CHANNEL | GOLD | KT_10 | 1ct | imgs:3
[03:16:54][PEAR] [5744] ? NIV-FBA1ECBF0D106DF1 | BASKET | HIDDEN_HALO | CHANNEL | GOLD | KT_10 | 1ct | imgs:3
[03:16:57][PEAR] [5745] ? NIV-FBA1ECBF0D106DF1 | BASKET | HIDDEN_HALO | CHANNEL | GOLD | KT_10 | 1ct | imgs:3
[03:17:00][PEAR] [5746] ? NIV-FBA1ECBF0D106DF1 | BASKET | HIDDEN_HALO | CHANNEL | GOLD | KT_10 | 1ct | imgs:3
[03:17:03][PEAR] [5747] ? NIV-5C8D753386BD7A1C | BASKET | HIDDEN_HALO | CHANNEL | GOLD | KT_10 | 1ct | imgs:3
[03:17:06][PEAR] [5748] ? NIV-5C8D753386BD7A1C | BASKET | HIDDEN_HALO | CHANNEL | GOLD | KT_10 | 1ct | imgs:3
[03:17:12][PEAR] [5749] ? NIV-5C8D753386BD7A1C | BASKET | HIDDEN_HALO | CHANNEL | GOLD | KT_10 | 1ct | imgs:3
[03:17:15][PEAR] [5750] ? NIV-E151BA26FCF37631 | BASKET | HIDDEN_HALO | CHANNEL | GOLD | KT_14 | 1ct | imgs:3
[03:17:18][PEAR] [5751] ? NIV-E151BA26FCF37631 | BASKET | HIDDEN_HALO | CHANNEL | GOLD | KT_14 | 1ct | imgs:3
[03:17:21][PEAR] [5752] ? NIV-E151BA26FCF37631 | BASKET | HIDDEN_HALO | CHANNEL | GOLD | KT_14 | 1ct | imgs:3
[03:17:24][PEAR] [5753] ? NIV-2335AF20E0FCDBD8 | BASKET | HIDDEN_HALO | CHANNEL | GOLD | KT_14 | 1ct | imgs:3
[03:17:30][PEAR] [5754] ? NIV-2335AF20E0FCDBD8 | BASKET | HIDDEN_HALO | CHANNEL | GOLD | KT_14 | 1ct | imgs:3
[03:17:33][PEAR] [5755] ? NIV-2335AF20E0FCDBD8 | BASKET | HIDDEN_HALO | CHANNEL | GOLD | KT_14 | 1ct | imgs:3
[03:17:36][PEAR] [5756] ? NIV-0215BD6AA50A0385 | BASKET | HIDDEN_HALO | CHANNEL | GOLD | KT_14 | 1ct | imgs:3
[03:17:39][PEAR] [5757] ? NIV-0215BD6AA50A0385 | BASKET | HIDDEN_HALO | CHANNEL | GOLD | KT_14 | 1ct | imgs:3
[03:17:42][PEAR] [5758] ? NIV-0215BD6AA50A0385 | BASKET | HIDDEN_HALO | CHANNEL | GOLD | KT_14 | 1ct | imgs:3
[03:17:45][PEAR] [5759] ? NIV-6EACF32DA93C53DA | BASKET | HIDDEN_HALO | CHANNEL | GOLD | KT_18 | 1ct | imgs:3
[03:17:51][PEAR] [5760] ? NIV-6EACF32DA93C53DA | BASKET | HIDDEN_HALO | CHANNEL | GOLD | KT_18 | 1ct | imgs:3
[03:17:54][PEAR] [5761] ? NIV-6EACF32DA93C53DA | BASKET | HIDDEN_HALO | CHANNEL | GOLD | KT_18 | 1ct | imgs:3
[03:17:57][PEAR] [5762] ? NIV-C9956206BB2CD0B3 | BASKET | HIDDEN_HALO | CHANNEL | GOLD | KT_18 | 1ct | imgs:3
[03:18:00][PEAR] [5763] ? NIV-C9956206BB2CD0B3 | BASKET | HIDDEN_HALO | CHANNEL | GOLD | KT_18 | 1ct | imgs:3
[03:18:06][PEAR] [5764] ? NIV-C9956206BB2CD0B3 | BASKET | HIDDEN_HALO | CHANNEL | GOLD | KT_18 | 1ct | imgs:3
[03:18:09][PEAR] [5765] ? NIV-A08CBBD04A96E430 | BASKET | HIDDEN_HALO | CHANNEL | GOLD | KT_18 | 1ct | imgs:3
[03:18:12][PEAR] [5766] ? NIV-A08CBBD04A96E430 | BASKET | HIDDEN_HALO | CHANNEL | GOLD | KT_18 | 1ct | imgs:3
[03:18:15][PEAR] [5767] ? NIV-A08CBBD04A96E430 | BASKET | HIDDEN_HALO | CHANNEL | GOLD | KT_18 | 1ct | imgs:3
[03:18:18][PEAR] [5768] ? NIV-D21ED44BF24D7224 | BASKET | HIDDEN_HALO | CHANNEL | PLATINUM | PT_950 | 1ct | imgs:3
[03:18:24][PEAR] [5769] ? NIV-87A0C81ABC6E41DA | BASKET | HIDDEN_HALO | CHANNEL | GOLD | KT_10 | 1ct | imgs:3
[03:18:27][PEAR] [5770] ? NIV-87A0C81ABC6E41DA | BASKET | HIDDEN_HALO | CHANNEL | GOLD | KT_10 | 1ct | imgs:3
[03:18:33][PEAR] [5771] ? NIV-87A0C81ABC6E41DA | BASKET | HIDDEN_HALO | CHANNEL | GOLD | KT_10 | 1ct | imgs:3
[03:18:36][PEAR] [5772] ? NIV-D77AB393291BCB8A | BASKET | HIDDEN_HALO | CHANNEL | GOLD | KT_10 | 1ct | imgs:3
[03:18:39][PEAR] [5773] ? NIV-D77AB393291BCB8A | BASKET | HIDDEN_HALO | CHANNEL | GOLD | KT_10 | 1ct | imgs:3
[03:18:45][PEAR] [5774] ? NIV-D77AB393291BCB8A | BASKET | HIDDEN_HALO | CHANNEL | GOLD | KT_10 | 1ct | imgs:3
[03:18:48][PEAR] [5775] ? NIV-08BD5A2EE93D77AD | BASKET | HIDDEN_HALO | CHANNEL | GOLD | KT_10 | 1ct | imgs:3
[03:18:51][PEAR] [5776] ? NIV-08BD5A2EE93D77AD | BASKET | HIDDEN_HALO | CHANNEL | GOLD | KT_10 | 1ct | imgs:3
[03:18:54][PEAR] [5777] ? NIV-08BD5A2EE93D77AD | BASKET | HIDDEN_HALO | CHANNEL | GOLD | KT_10 | 1ct | imgs:3
[03:19:00][PEAR] [5778] ? NIV-A8DFD1EFEF846ADF | BASKET | HIDDEN_HALO | CHANNEL | GOLD | KT_14 | 1ct | imgs:3
[03:19:03][PEAR] [5779] ? NIV-A8DFD1EFEF846ADF | BASKET | HIDDEN_HALO | CHANNEL | GOLD | KT_14 | 1ct | imgs:3
[03:19:06][PEAR] [5780] ? NIV-A8DFD1EFEF846ADF | BASKET | HIDDEN_HALO | CHANNEL | GOLD | KT_14 | 1ct | imgs:3
[03:19:09][PEAR] [5781] ? NIV-FE91CF737630F764 | BASKET | HIDDEN_HALO | CHANNEL | GOLD | KT_14 | 1ct | imgs:3
[03:19:12][PEAR] [5782] ? NIV-FE91CF737630F764 | BASKET | HIDDEN_HALO | CHANNEL | GOLD | KT_14 | 1ct | imgs:3
[03:19:15][PEAR] [5783] ? NIV-FE91CF737630F764 | BASKET | HIDDEN_HALO | CHANNEL | GOLD | KT_14 | 1ct | imgs:3
[03:19:18][PEAR] [5784] ? NIV-8627605297B02D89 | BASKET | HIDDEN_HALO | CHANNEL | GOLD | KT_14 | 1ct | imgs:3
[03:19:21][PEAR] [5785] ? NIV-8627605297B02D89 | BASKET | HIDDEN_HALO | CHANNEL | GOLD | KT_14 | 1ct | imgs:3
[03:19:27][PEAR] [5786] ? NIV-8627605297B02D89 | BASKET | HIDDEN_HALO | CHANNEL | GOLD | KT_14 | 1ct | imgs:3
[03:19:30][PEAR] [5787] ? NIV-F23474CAC2268F53 | BASKET | HIDDEN_HALO | CHANNEL | GOLD | KT_18 | 1ct | imgs:3
[03:19:36][PEAR] [5788] ? NIV-F23474CAC2268F53 | BASKET | HIDDEN_HALO | CHANNEL | GOLD | KT_18 | 1ct | imgs:3
[03:19:39][PEAR] [5789] ? NIV-F23474CAC2268F53 | BASKET | HIDDEN_HALO | CHANNEL | GOLD | KT_18 | 1ct | imgs:3
[03:19:42][PEAR] [5790] ? NIV-83B857494FEC05CA | BASKET | HIDDEN_HALO | CHANNEL | GOLD | KT_18 | 1ct | imgs:3
[03:19:48][PEAR] [5791] ? NIV-83B857494FEC05CA | BASKET | HIDDEN_HALO | CHANNEL | GOLD | KT_18 | 1ct | imgs:3
[03:19:51][PEAR] [5792] ? NIV-83B857494FEC05CA | BASKET | HIDDEN_HALO | CHANNEL | GOLD | KT_18 | 1ct | imgs:3
[03:19:54][PEAR] [5793] ? NIV-63B1AFDFF8E8232B | BASKET | HIDDEN_HALO | CHANNEL | GOLD | KT_18 | 1ct | imgs:3
[03:19:57][PEAR] [5794] ? NIV-63B1AFDFF8E8232B | BASKET | HIDDEN_HALO | CHANNEL | GOLD | KT_18 | 1ct | imgs:3
[03:20:03][PEAR] [5795] ? NIV-63B1AFDFF8E8232B | BASKET | HIDDEN_HALO | CHANNEL | GOLD | KT_18 | 1ct | imgs:3
[03:20:06][PEAR] [5796] ? NIV-7DCCBC654EF56796 | BASKET | HIDDEN_HALO | CHANNEL | PLATINUM | PT_950 | 1ct | imgs:3
[03:20:12][PEAR] [5797] ? NIV-0249E01E010B766A | BASKET | HIDDEN_HALO | CHANNEL | GOLD | KT_10 | 1ct | imgs:3
[03:20:15][PEAR] [5798] ? NIV-0249E01E010B766A | BASKET | HIDDEN_HALO | CHANNEL | GOLD | KT_10 | 1ct | imgs:3
[03:20:18][PEAR] [5799] ? NIV-0249E01E010B766A | BASKET | HIDDEN_HALO | CHANNEL | GOLD | KT_10 | 1ct | imgs:3
[03:20:21][PEAR] [5800] ? NIV-F9657567958032DB | BASKET | HIDDEN_HALO | CHANNEL | GOLD | KT_10 | 1ct | imgs:3
[03:20:24][PEAR] [5801] ? NIV-F9657567958032DB | BASKET | HIDDEN_HALO | CHANNEL | GOLD | KT_10 | 1ct | imgs:3
[03:20:27][PEAR] [5802] ? NIV-F9657567958032DB | BASKET | HIDDEN_HALO | CHANNEL | GOLD | KT_10 | 1ct | imgs:3
[03:20:30][PEAR] [5803] ? NIV-25090B304E62BE36 | BASKET | HIDDEN_HALO | CHANNEL | GOLD | KT_10 | 1ct | imgs:3
[03:20:33][PEAR] [5804] ? NIV-25090B304E62BE36 | BASKET | HIDDEN_HALO | CHANNEL | GOLD | KT_10 | 1ct | imgs:3
[03:20:36][PEAR] [5805] ? NIV-25090B304E62BE36 | BASKET | HIDDEN_HALO | CHANNEL | GOLD | KT_10 | 1ct | imgs:3
[03:20:39][PEAR] [5806] ? NIV-10767073252AF496 | BASKET | HIDDEN_HALO | CHANNEL | GOLD | KT_14 | 1ct | imgs:2
[03:20:42][PEAR] [5807] ? NIV-10767073252AF496 | BASKET | HIDDEN_HALO | CHANNEL | GOLD | KT_14 | 1ct | imgs:3
[03:20:45][PEAR] [5808] ? NIV-10767073252AF496 | BASKET | HIDDEN_HALO | CHANNEL | GOLD | KT_14 | 1ct | imgs:3
[03:20:48][PEAR] [5809] ? NIV-2B6C6ED640CD7EB5 | BASKET | HIDDEN_HALO | CHANNEL | GOLD | KT_14 | 1ct | imgs:3
[03:20:51][PEAR] [5810] ? NIV-2B6C6ED640CD7EB5 | BASKET | HIDDEN_HALO | CHANNEL | GOLD | KT_14 | 1ct | imgs:3
[03:20:54][PEAR] [5811] ? NIV-2B6C6ED640CD7EB5 | BASKET | HIDDEN_HALO | CHANNEL | GOLD | KT_14 | 1ct | imgs:3
[03:20:57][PEAR] [5812] ? NIV-1FC865F267F39AF7 | BASKET | HIDDEN_HALO | CHANNEL | GOLD | KT_14 | 1ct | imgs:3
[03:21:00][PEAR] [5813] ? NIV-1FC865F267F39AF7 | BASKET | HIDDEN_HALO | CHANNEL | GOLD | KT_14 | 1ct | imgs:3
[03:21:06][PEAR] [5814] ? NIV-1FC865F267F39AF7 | BASKET | HIDDEN_HALO | CHANNEL | GOLD | KT_14 | 1ct | imgs:3
[03:21:09][PEAR] [5815] ? NIV-10D42DC2DD7A4BC9 | BASKET | HIDDEN_HALO | CHANNEL | GOLD | KT_18 | 1ct | imgs:3
[03:21:12][PEAR] [5816] ? NIV-10D42DC2DD7A4BC9 | BASKET | HIDDEN_HALO | CHANNEL | GOLD | KT_18 | 1ct | imgs:3
[03:21:18][PEAR] [5817] ? NIV-10D42DC2DD7A4BC9 | BASKET | HIDDEN_HALO | CHANNEL | GOLD | KT_18 | 1ct | imgs:3
[03:21:21][PEAR] [5818] ? NIV-44BE951073578C5A | BASKET | HIDDEN_HALO | CHANNEL | GOLD | KT_18 | 1ct | imgs:3
[03:21:27][PEAR] [5819] ? NIV-44BE951073578C5A | BASKET | HIDDEN_HALO | CHANNEL | GOLD | KT_18 | 1ct | imgs:3
[03:21:30][PEAR] [5820] ? NIV-44BE951073578C5A | BASKET | HIDDEN_HALO | CHANNEL | GOLD | KT_18 | 1ct | imgs:3
[03:21:33][PEAR] [5821] ? NIV-D186AAE6F49A1D87 | BASKET | HIDDEN_HALO | CHANNEL | GOLD | KT_18 | 1ct | imgs:3
[03:21:36][PEAR] [5822] ? NIV-D186AAE6F49A1D87 | BASKET | HIDDEN_HALO | CHANNEL | GOLD | KT_18 | 1ct | imgs:3
[03:21:42][PEAR] [5823] ? NIV-D186AAE6F49A1D87 | BASKET | HIDDEN_HALO | CHANNEL | GOLD | KT_18 | 1ct | imgs:3
[03:21:45][PEAR] [5824] ? NIV-06402D93B9E6FAFA | BASKET | HIDDEN_HALO | CHANNEL | PLATINUM | PT_950 | 1ct | imgs:3
[03:21:51][PEAR] [5825] ? NIV-D3F14222DFE943B6 | BASKET | HIDDEN_HALO | CHANNEL | GOLD | KT_10 | 1ct | imgs:3
[03:21:54][PEAR] [5826] ? NIV-D3F14222DFE943B6 | BASKET | HIDDEN_HALO | CHANNEL | GOLD | KT_10 | 1ct | imgs:3
[03:21:57][PEAR] [5827] ? NIV-D3F14222DFE943B6 | BASKET | HIDDEN_HALO | CHANNEL | GOLD | KT_10 | 1ct | imgs:3
[03:22:00][PEAR] [5828] ? NIV-635B708086093E66 | BASKET | HIDDEN_HALO | CHANNEL | GOLD | KT_10 | 1ct | imgs:3
[03:22:03][PEAR] [5829] ? NIV-635B708086093E66 | BASKET | HIDDEN_HALO | CHANNEL | GOLD | KT_10 | 1ct | imgs:3
[03:22:09][PEAR] [5830] ? NIV-635B708086093E66 | BASKET | HIDDEN_HALO | CHANNEL | GOLD | KT_10 | 1ct | imgs:3
[03:22:12][PEAR] [5831] ? NIV-8227152D3DB249CC | BASKET | HIDDEN_HALO | CHANNEL | GOLD | KT_10 | 1ct | imgs:3
[03:22:15][PEAR] [5832] ? NIV-8227152D3DB249CC | BASKET | HIDDEN_HALO | CHANNEL | GOLD | KT_10 | 1ct | imgs:3
[03:22:21][PEAR] [5833] ? NIV-8227152D3DB249CC | BASKET | HIDDEN_HALO | CHANNEL | GOLD | KT_10 | 1ct | imgs:3
[03:22:27][PEAR] [5834] ? NIV-19040E8E92A691DC | BASKET | HIDDEN_HALO | CHANNEL | GOLD | KT_14 | 1ct | imgs:3
[03:22:30][PEAR] [5835] ? NIV-19040E8E92A691DC | BASKET | HIDDEN_HALO | CHANNEL | GOLD | KT_14 | 1ct | imgs:3
[03:22:33][PEAR] [5836] ? NIV-19040E8E92A691DC | BASKET | HIDDEN_HALO | CHANNEL | GOLD | KT_14 | 1ct | imgs:3
[03:22:36][PEAR] [5837] ? NIV-383C6A387F143FD8 | BASKET | HIDDEN_HALO | CHANNEL | GOLD | KT_14 | 1ct | imgs:1
[03:22:42][PEAR] [5838] ? NIV-383C6A387F143FD8 | BASKET | HIDDEN_HALO | CHANNEL | GOLD | KT_14 | 1ct | imgs:3
[03:22:45][PEAR] [5839] ? NIV-383C6A387F143FD8 | BASKET | HIDDEN_HALO | CHANNEL | GOLD | KT_14 | 1ct | imgs:3
[03:22:48][PEAR] [5840] ? NIV-1FAC42DA8388EDC5 | BASKET | HIDDEN_HALO | CHANNEL | GOLD | KT_14 | 1ct | imgs:3
[03:22:51][PEAR] [5841] ? NIV-1FAC42DA8388EDC5 | BASKET | HIDDEN_HALO | CHANNEL | GOLD | KT_14 | 1ct | imgs:3
[03:22:57][PEAR] [5842] ? NIV-1FAC42DA8388EDC5 | BASKET | HIDDEN_HALO | CHANNEL | GOLD | KT_14 | 1ct | imgs:3
[03:23:00][PEAR] [5843] ? NIV-5D08D85599322C83 | BASKET | HIDDEN_HALO | CHANNEL | GOLD | KT_18 | 1ct | imgs:3
[03:23:03][PEAR] [5844] ? NIV-5D08D85599322C83 | BASKET | HIDDEN_HALO | CHANNEL | GOLD | KT_18 | 1ct | imgs:3
[03:23:09][PEAR] [5845] ? NIV-5D08D85599322C83 | BASKET | HIDDEN_HALO | CHANNEL | GOLD | KT_18 | 1ct | imgs:3
[03:23:12][PEAR] [5846] ? NIV-AD51CE790E2EEF09 | BASKET | HIDDEN_HALO | CHANNEL | GOLD | KT_18 | 1ct | imgs:3
[03:23:15][PEAR] [5847] ? NIV-AD51CE790E2EEF09 | BASKET | HIDDEN_HALO | CHANNEL | GOLD | KT_18 | 1ct | imgs:3
[03:23:18][PEAR] [5848] ? NIV-AD51CE790E2EEF09 | BASKET | HIDDEN_HALO | CHANNEL | GOLD | KT_18 | 1ct | imgs:3
[03:23:21][PEAR] [5849] ? NIV-A943F47212BAC3B4 | BASKET | HIDDEN_HALO | CHANNEL | GOLD | KT_18 | 1ct | imgs:3
[03:23:24][PEAR] [5850] ? NIV-A943F47212BAC3B4 | BASKET | HIDDEN_HALO | CHANNEL | GOLD | KT_18 | 1ct | imgs:3
[03:23:27][PEAR] [5851] ? NIV-A943F47212BAC3B4 | BASKET | HIDDEN_HALO | CHANNEL | GOLD | KT_18 | 1ct | imgs:3
[03:23:30][PEAR] [5852] ? NIV-2232B5C3B3E17E1F | BASKET | HIDDEN_HALO | CHANNEL | PLATINUM | PT_950 | 1ct | imgs:3
[03:23:33][PEAR] [5853] ? NIV-929E95C88C2CCB73 | BASKET | HIDDEN_HALO | CHANNEL | GOLD | KT_10 | 1ct | imgs:3
[03:23:36][PEAR] [5854] ? NIV-929E95C88C2CCB73 | BASKET | HIDDEN_HALO | CHANNEL | GOLD | KT_10 | 1ct | imgs:3
[03:23:42][PEAR] [5855] ? NIV-929E95C88C2CCB73 | BASKET | HIDDEN_HALO | CHANNEL | GOLD | KT_10 | 1ct | imgs:3
[03:23:45][PEAR] [5856] ? NIV-49A24A6C653F5E8E | BASKET | HIDDEN_HALO | CHANNEL | GOLD | KT_10 | 1ct | imgs:3
[03:23:48][PEAR] [5857] ? NIV-49A24A6C653F5E8E | BASKET | HIDDEN_HALO | CHANNEL | GOLD | KT_10 | 1ct | imgs:3
[03:23:54][PEAR] [5858] ? NIV-49A24A6C653F5E8E | BASKET | HIDDEN_HALO | CHANNEL | GOLD | KT_10 | 1ct | imgs:3
[03:23:57][PEAR] [5859] ? NIV-CA0D93313E6506F8 | BASKET | HIDDEN_HALO | CHANNEL | GOLD | KT_10 | 1ct | imgs:3
[03:24:00][PEAR] [5860] ? NIV-CA0D93313E6506F8 | BASKET | HIDDEN_HALO | CHANNEL | GOLD | KT_10 | 1ct | imgs:3
[03:24:06][PEAR] [5861] ? NIV-CA0D93313E6506F8 | BASKET | HIDDEN_HALO | CHANNEL | GOLD | KT_10 | 1ct | imgs:3
[03:24:09][PEAR] [5862] ? NIV-429220200F7E1A8E | BASKET | HIDDEN_HALO | CHANNEL | GOLD | KT_14 | 1ct | imgs:3
[03:24:12][PEAR] [5863] ? NIV-429220200F7E1A8E | BASKET | HIDDEN_HALO | CHANNEL | GOLD | KT_14 | 1ct | imgs:3
[03:24:18][PEAR] [5864] ? NIV-429220200F7E1A8E | BASKET | HIDDEN_HALO | CHANNEL | GOLD | KT_14 | 1ct | imgs:3
[03:24:21][PEAR] [5865] ? NIV-762D46B38C3753A8 | BASKET | HIDDEN_HALO | CHANNEL | GOLD | KT_14 | 1ct | imgs:3
[03:24:24][PEAR] [5866] ? NIV-762D46B38C3753A8 | BASKET | HIDDEN_HALO | CHANNEL | GOLD | KT_14 | 1ct | imgs:3
[03:24:27][PEAR] [5867] ? NIV-762D46B38C3753A8 | BASKET | HIDDEN_HALO | CHANNEL | GOLD | KT_14 | 1ct | imgs:3
[03:24:30][PEAR] [5868] ? NIV-D9ACA9A068AC9C58 | BASKET | HIDDEN_HALO | CHANNEL | GOLD | KT_14 | 1ct | imgs:3
[03:24:33][PEAR] [5869] ? NIV-D9ACA9A068AC9C58 | BASKET | HIDDEN_HALO | CHANNEL | GOLD | KT_14 | 1ct | imgs:3
[03:24:36][PEAR] [5870] ? NIV-D9ACA9A068AC9C58 | BASKET | HIDDEN_HALO | CHANNEL | GOLD | KT_14 | 1ct | imgs:3
[03:24:39][PEAR] [5871] ? NIV-BCE7F0912DB58FD0 | BASKET | HIDDEN_HALO | CHANNEL | GOLD | KT_18 | 1ct | imgs:3
[03:24:45][PEAR] [5872] ? NIV-BCE7F0912DB58FD0 | BASKET | HIDDEN_HALO | CHANNEL | GOLD | KT_18 | 1ct | imgs:3
[03:24:48][PEAR] [5873] ? NIV-BCE7F0912DB58FD0 | BASKET | HIDDEN_HALO | CHANNEL | GOLD | KT_18 | 1ct | imgs:3
[03:24:51][PEAR] [5874] ? NIV-FDC7C8C9BF3A490D | BASKET | HIDDEN_HALO | CHANNEL | GOLD | KT_18 | 1ct | imgs:3
[03:24:54][PEAR] [5875] ? NIV-FDC7C8C9BF3A490D | BASKET | HIDDEN_HALO | CHANNEL | GOLD | KT_18 | 1ct | imgs:3
[03:25:00][PEAR] [5876] ? NIV-FDC7C8C9BF3A490D | BASKET | HIDDEN_HALO | CHANNEL | GOLD | KT_18 | 1ct | imgs:3
[03:25:03][PEAR] [5877] ? NIV-A930BEAD60C289E5 | BASKET | HIDDEN_HALO | CHANNEL | GOLD | KT_18 | 1ct | imgs:3
[03:25:06][PEAR] [5878] ? NIV-A930BEAD60C289E5 | BASKET | HIDDEN_HALO | CHANNEL | GOLD | KT_18 | 1ct | imgs:3
[03:25:09][PEAR] [5879] ? NIV-A930BEAD60C289E5 | BASKET | HIDDEN_HALO | CHANNEL | GOLD | KT_18 | 1ct | imgs:3
[03:25:12][PEAR] [5880] ? NIV-A795C490A581F7B7 | BASKET | HIDDEN_HALO | CHANNEL | PLATINUM | PT_950 | 1ct | imgs:3
[03:25:21][PEAR] [5881] ? NIV-99AB1B49E0D41887 | BASKET | HIDDEN_HALO | CHANNEL | GOLD | KT_10 | 1ct | imgs:3
[03:25:24][PEAR] [5882] ? NIV-99AB1B49E0D41887 | BASKET | HIDDEN_HALO | CHANNEL | GOLD | KT_10 | 1ct | imgs:3
[03:25:27][PEAR] [5883] ? NIV-99AB1B49E0D41887 | BASKET | HIDDEN_HALO | CHANNEL | GOLD | KT_10 | 1ct | imgs:3
[03:25:30][PEAR] [5884] ? NIV-F4D3BEE0C4121151 | BASKET | HIDDEN_HALO | CHANNEL | GOLD | KT_10 | 1ct | imgs:3
[03:25:33][PEAR] [5885] ? NIV-F4D3BEE0C4121151 | BASKET | HIDDEN_HALO | CHANNEL | GOLD | KT_10 | 1ct | imgs:3
[03:25:36][PEAR] [5886] ? NIV-F4D3BEE0C4121151 | BASKET | HIDDEN_HALO | CHANNEL | GOLD | KT_10 | 1ct | imgs:3
[03:25:39][PEAR] [5887] ? NIV-6B3D1B4BED36F81B | BASKET | HIDDEN_HALO | CHANNEL | GOLD | KT_10 | 1ct | imgs:3
[03:25:42][PEAR] [5888] ? NIV-6B3D1B4BED36F81B | BASKET | HIDDEN_HALO | CHANNEL | GOLD | KT_10 | 1ct | imgs:3
[03:25:45][PEAR] [5889] ? NIV-6B3D1B4BED36F81B | BASKET | HIDDEN_HALO | CHANNEL | GOLD | KT_10 | 1ct | imgs:3
[03:25:51][PEAR] [5890] ? NIV-2318D089F96C0A2C | BASKET | HIDDEN_HALO | CHANNEL | GOLD | KT_14 | 1ct | imgs:3
[03:25:54][PEAR] [5891] ? NIV-2318D089F96C0A2C | BASKET | HIDDEN_HALO | CHANNEL | GOLD | KT_14 | 1ct | imgs:3
[03:26:00][PEAR] [5892] ? NIV-2318D089F96C0A2C | BASKET | HIDDEN_HALO | CHANNEL | GOLD | KT_14 | 1ct | imgs:3
[03:26:03][PEAR] [5893] ? NIV-D672ECDACC64B5FF | BASKET | HIDDEN_HALO | CHANNEL | GOLD | KT_14 | 1ct | imgs:3
[03:26:06][PEAR] [5894] ? NIV-D672ECDACC64B5FF | BASKET | HIDDEN_HALO | CHANNEL | GOLD | KT_14 | 1ct | imgs:3
[03:26:09][PEAR] [5895] ? NIV-D672ECDACC64B5FF | BASKET | HIDDEN_HALO | CHANNEL | GOLD | KT_14 | 1ct | imgs:3
[03:26:12][PEAR] [5896] ? NIV-A64D38CC875C074C | BASKET | HIDDEN_HALO | CHANNEL | GOLD | KT_14 | 1ct | imgs:3
[03:26:15][PEAR] [5897] ? NIV-A64D38CC875C074C | BASKET | HIDDEN_HALO | CHANNEL | GOLD | KT_14 | 1ct | imgs:3
[03:26:18][PEAR] [5898] ? NIV-A64D38CC875C074C | BASKET | HIDDEN_HALO | CHANNEL | GOLD | KT_14 | 1ct | imgs:3
[03:26:21][PEAR] [5899] ? NIV-9719386E6AFEBDF8 | BASKET | HIDDEN_HALO | CHANNEL | GOLD | KT_18 | 1ct | imgs:1
[03:26:27][PEAR] [5900] ? NIV-9719386E6AFEBDF8 | BASKET | HIDDEN_HALO | CHANNEL | GOLD | KT_18 | 1ct | imgs:3
[03:26:33][PEAR] [5901] ? NIV-9719386E6AFEBDF8 | BASKET | HIDDEN_HALO | CHANNEL | GOLD | KT_18 | 1ct | imgs:3
[03:26:36][PEAR] [5902] ? NIV-9FD0640375C61634 | BASKET | HIDDEN_HALO | CHANNEL | GOLD | KT_18 | 1ct | imgs:3
[03:26:39][PEAR] [5903] ? NIV-9FD0640375C61634 | BASKET | HIDDEN_HALO | CHANNEL | GOLD | KT_18 | 1ct | imgs:3
[03:26:42][PEAR] [5904] ? NIV-9FD0640375C61634 | BASKET | HIDDEN_HALO | CHANNEL | GOLD | KT_18 | 1ct | imgs:3
[03:26:45][PEAR] [5905] ? NIV-1B261146752AFC8F | BASKET | HIDDEN_HALO | CHANNEL | GOLD | KT_18 | 1ct | imgs:3
[03:26:48][PEAR] [5906] ? NIV-1B261146752AFC8F | BASKET | HIDDEN_HALO | CHANNEL | GOLD | KT_18 | 1ct | imgs:3
[03:26:51][PEAR] [5907] ? NIV-1B261146752AFC8F | BASKET | HIDDEN_HALO | CHANNEL | GOLD | KT_18 | 1ct | imgs:3
[03:26:54][PEAR] [5908] ? NIV-6CD2960F24C74292 | BASKET | HIDDEN_HALO | CHANNEL | PLATINUM | PT_950 | 1ct | imgs:3
[03:27:00][PEAR] [5909] ? NIV-BDA02F4AFEB65C16 | BASKET | HIDDEN_HALO | CHANNEL | GOLD | KT_10 | 1ct | imgs:3
[03:27:03][PEAR] [5910] ? NIV-BDA02F4AFEB65C16 | BASKET | HIDDEN_HALO | CHANNEL | GOLD | KT_10 | 1ct | imgs:3
[03:27:06][PEAR] [5911] ? NIV-BDA02F4AFEB65C16 | BASKET | HIDDEN_HALO | CHANNEL | GOLD | KT_10 | 1ct | imgs:3
[03:27:09][PEAR] [5912] ? NIV-F16D192459760908 | BASKET | HIDDEN_HALO | CHANNEL | GOLD | KT_10 | 1ct | imgs:3
[03:27:12][PEAR] [5913] ? NIV-F16D192459760908 | BASKET | HIDDEN_HALO | CHANNEL | GOLD | KT_10 | 1ct | imgs:3
[03:27:15][PEAR] [5914] ? NIV-F16D192459760908 | BASKET | HIDDEN_HALO | CHANNEL | GOLD | KT_10 | 1ct | imgs:3
[03:27:18][PEAR] [5915] ? NIV-884E6181EE7BD64C | BASKET | HIDDEN_HALO | CHANNEL | GOLD | KT_10 | 1ct | imgs:3
[03:27:21][PEAR] [5916] ? NIV-884E6181EE7BD64C | BASKET | HIDDEN_HALO | CHANNEL | GOLD | KT_10 | 1ct | imgs:3
[03:27:24][PEAR] [5917] ? NIV-884E6181EE7BD64C | BASKET | HIDDEN_HALO | CHANNEL | GOLD | KT_10 | 1ct | imgs:3
[03:27:27][PEAR] [5918] ? NIV-62CCE1218339A122 | BASKET | HIDDEN_HALO | CHANNEL | GOLD | KT_14 | 1ct | imgs:3
[03:27:33][PEAR] [5919] ? NIV-62CCE1218339A122 | BASKET | HIDDEN_HALO | CHANNEL | GOLD | KT_14 | 1ct | imgs:3
[03:27:39][PEAR] [5920] ? NIV-62CCE1218339A122 | BASKET | HIDDEN_HALO | CHANNEL | GOLD | KT_14 | 1ct | imgs:3
[03:27:42][PEAR] [5921] ? NIV-97362DF09D5BB485 | BASKET | HIDDEN_HALO | CHANNEL | GOLD | KT_14 | 1ct | imgs:3
[03:27:45][PEAR] [5922] ? NIV-97362DF09D5BB485 | BASKET | HIDDEN_HALO | CHANNEL | GOLD | KT_14 | 1ct | imgs:3
[03:27:51][PEAR] [5923] ? NIV-97362DF09D5BB485 | BASKET | HIDDEN_HALO | CHANNEL | GOLD | KT_14 | 1ct | imgs:3
[03:27:54][PEAR] [5924] ? NIV-72EFA0207B54226B | BASKET | HIDDEN_HALO | CHANNEL | GOLD | KT_14 | 1ct | imgs:3
[03:27:57][PEAR] [5925] ? NIV-72EFA0207B54226B | BASKET | HIDDEN_HALO | CHANNEL | GOLD | KT_14 | 1ct | imgs:3
[03:28:00][PEAR] [5926] ? NIV-72EFA0207B54226B | BASKET | HIDDEN_HALO | CHANNEL | GOLD | KT_14 | 1ct | imgs:3
[03:28:03][PEAR] [5927] ? NIV-10E8E7F6F8E44918 | BASKET | HIDDEN_HALO | CHANNEL | GOLD | KT_18 | 1ct | imgs:3
[03:28:09][PEAR] [5928] ? NIV-10E8E7F6F8E44918 | BASKET | HIDDEN_HALO | CHANNEL | GOLD | KT_18 | 1ct | imgs:3
[03:28:12][PEAR] [5929] ? NIV-10E8E7F6F8E44918 | BASKET | HIDDEN_HALO | CHANNEL | GOLD | KT_18 | 1ct | imgs:3
[03:28:15][PEAR] [5930] ? NIV-6102409D5352992E | BASKET | HIDDEN_HALO | CHANNEL | GOLD | KT_18 | 1ct | imgs:3
[03:28:18][PEAR] [5931] ? NIV-6102409D5352992E | BASKET | HIDDEN_HALO | CHANNEL | GOLD | KT_18 | 1ct | imgs:3
[03:28:21][PEAR] [5932] ? NIV-6102409D5352992E | BASKET | HIDDEN_HALO | CHANNEL | GOLD | KT_18 | 1ct | imgs:3
[03:28:24][PEAR] [5933] ? NIV-DF94F095BD4BC0D4 | BASKET | HIDDEN_HALO | CHANNEL | GOLD | KT_18 | 1ct | imgs:3
[03:28:27][PEAR] [5934] ? NIV-DF94F095BD4BC0D4 | BASKET | HIDDEN_HALO | CHANNEL | GOLD | KT_18 | 1ct | imgs:3
[03:28:30][PEAR] [5935] ? NIV-DF94F095BD4BC0D4 | BASKET | HIDDEN_HALO | CHANNEL | GOLD | KT_18 | 1ct | imgs:3
[03:28:33][PEAR] [5936] ? NIV-8DB1EBC88B235CE6 | BASKET | HIDDEN_HALO | CHANNEL | PLATINUM | PT_950 | 1ct | imgs:3
[03:28:42][PEAR] [5937] ? NIV-AE40BD4923877D89 | BASKET | HIDDEN_HALO | CHANNEL | GOLD | KT_10 | 1ct | imgs:1
[03:28:48][PEAR] [5938] ? NIV-AE40BD4923877D89 | BASKET | HIDDEN_HALO | CHANNEL | GOLD | KT_10 | 1ct | imgs:3
[03:28:51][PEAR] [5939] ? NIV-AE40BD4923877D89 | BASKET | HIDDEN_HALO | CHANNEL | GOLD | KT_10 | 1ct | imgs:3
[03:28:54][PEAR] [5940] ? NIV-5836D3EB72DDDB2B | BASKET | HIDDEN_HALO | CHANNEL | GOLD | KT_10 | 1ct | imgs:3
[03:28:57][PEAR] [5941] ? NIV-5836D3EB72DDDB2B | BASKET | HIDDEN_HALO | CHANNEL | GOLD | KT_10 | 1ct | imgs:3
[03:29:03][PEAR] [5942] ? NIV-5836D3EB72DDDB2B | BASKET | HIDDEN_HALO | CHANNEL | GOLD | KT_10 | 1ct | imgs:3
[03:29:06][PEAR] [5943] ? NIV-8C8E572E90ECC285 | BASKET | HIDDEN_HALO | CHANNEL | GOLD | KT_10 | 1ct | imgs:3
[03:29:09][PEAR] [5944] ? NIV-8C8E572E90ECC285 | BASKET | HIDDEN_HALO | CHANNEL | GOLD | KT_10 | 1ct | imgs:3
[03:29:12][PEAR] [5945] ? NIV-8C8E572E90ECC285 | BASKET | HIDDEN_HALO | CHANNEL | GOLD | KT_10 | 1ct | imgs:3
[03:29:18][PEAR] [5946] ? NIV-94762A4652719BA8 | BASKET | HIDDEN_HALO | CHANNEL | GOLD | KT_14 | 1ct | imgs:3
[03:29:21][PEAR] [5947] ? NIV-94762A4652719BA8 | BASKET | HIDDEN_HALO | CHANNEL | GOLD | KT_14 | 1ct | imgs:3
[03:29:27][PEAR] [5948] ? NIV-94762A4652719BA8 | BASKET | HIDDEN_HALO | CHANNEL | GOLD | KT_14 | 1ct | imgs:3
[03:29:30][PEAR] [5949] ? NIV-5EAE752E37D34701 | BASKET | HIDDEN_HALO | CHANNEL | GOLD | KT_14 | 1ct | imgs:3
[03:29:33][PEAR] [5950] ? NIV-5EAE752E37D34701 | BASKET | HIDDEN_HALO | CHANNEL | GOLD | KT_14 | 1ct | imgs:3
[03:29:36][PEAR] [5951] ? NIV-5EAE752E37D34701 | BASKET | HIDDEN_HALO | CHANNEL | GOLD | KT_14 | 1ct | imgs:3
[03:29:39][PEAR] [5952] ? NIV-9CDE64C67AC69C25 | BASKET | HIDDEN_HALO | CHANNEL | GOLD | KT_14 | 1ct | imgs:3
[03:29:45][PEAR] [5953] ? NIV-9CDE64C67AC69C25 | BASKET | HIDDEN_HALO | CHANNEL | GOLD | KT_14 | 1ct | imgs:3
[03:29:48][PEAR] [5954] ? NIV-9CDE64C67AC69C25 | BASKET | HIDDEN_HALO | CHANNEL | GOLD | KT_14 | 1ct | imgs:3
[03:29:51][PEAR] [5955] ? NIV-5AC978F04DB51636 | BASKET | HIDDEN_HALO | CHANNEL | GOLD | KT_18 | 1ct | imgs:3
[03:29:54][PEAR] [5956] ? NIV-5AC978F04DB51636 | BASKET | HIDDEN_HALO | CHANNEL | GOLD | KT_18 | 1ct | imgs:3
[03:30:00][PEAR] [5957] ? NIV-5AC978F04DB51636 | BASKET | HIDDEN_HALO | CHANNEL | GOLD | KT_18 | 1ct | imgs:3
[03:30:03][PEAR] [5958] ? NIV-92285F0D6681E0D4 | BASKET | HIDDEN_HALO | CHANNEL | GOLD | KT_18 | 1ct | imgs:3
[03:30:06][PEAR] [5959] ? NIV-92285F0D6681E0D4 | BASKET | HIDDEN_HALO | CHANNEL | GOLD | KT_18 | 1ct | imgs:3
[03:30:10][PEAR] [5960] ? NIV-92285F0D6681E0D4 | BASKET | HIDDEN_HALO | CHANNEL | GOLD | KT_18 | 1ct | imgs:3
[03:30:12][PEAR] [5961] ? NIV-F8F1E6FCA89593CD | BASKET | HIDDEN_HALO | CHANNEL | GOLD | KT_18 | 1ct | imgs:3
[03:30:18][PEAR] [5962] ? NIV-F8F1E6FCA89593CD | BASKET | HIDDEN_HALO | CHANNEL | GOLD | KT_18 | 1ct | imgs:3
[03:30:21][PEAR] [5963] ? NIV-F8F1E6FCA89593CD | BASKET | HIDDEN_HALO | CHANNEL | GOLD | KT_18 | 1ct | imgs:3
[03:30:24][PEAR] [5964] ? NIV-7D1CD06C23D76ACD | BASKET | HIDDEN_HALO | CHANNEL | PLATINUM | PT_950 | 1ct | imgs:3
[03:30:30][PEAR] [5965] ? NIV-B2967BAB53E6F70C | BASKET | HIDDEN_HALO | CHANNEL | GOLD | KT_10 | 1ct | imgs:3
[03:30:33][PEAR] [5966] ? NIV-B2967BAB53E6F70C | BASKET | HIDDEN_HALO | CHANNEL | GOLD | KT_10 | 1ct | imgs:3
[03:30:39][PEAR] [5967] ? NIV-B2967BAB53E6F70C | BASKET | HIDDEN_HALO | CHANNEL | GOLD | KT_10 | 1ct | imgs:3
[03:30:46][PEAR] [5968] ? NIV-38CA17E3DCE931BC | BASKET | HIDDEN_HALO | CHANNEL | GOLD | KT_10 | 1ct | imgs:3
[03:30:51][PEAR] [5969] ? NIV-38CA17E3DCE931BC | BASKET | HIDDEN_HALO | CHANNEL | GOLD | KT_10 | 1ct | imgs:3
[03:30:57][PEAR] [5970] ? NIV-38CA17E3DCE931BC | BASKET | HIDDEN_HALO | CHANNEL | GOLD | KT_10 | 1ct | imgs:3
[03:31:01][PEAR] [5971] ? NIV-4DE1DEDD66098BAC | BASKET | HIDDEN_HALO | CHANNEL | GOLD | KT_10 | 1ct | imgs:1
[03:31:06][PEAR] [5972] ? NIV-4DE1DEDD66098BAC | BASKET | HIDDEN_HALO | CHANNEL | GOLD | KT_10 | 1ct | imgs:3
[03:31:09][PEAR] [5973] ? NIV-4DE1DEDD66098BAC | BASKET | HIDDEN_HALO | CHANNEL | GOLD | KT_10 | 1ct | imgs:3
[03:31:15][PEAR] [5974] ? NIV-74F3FB75F65DA738 | BASKET | HIDDEN_HALO | CHANNEL | GOLD | KT_14 | 1ct | imgs:1
[03:31:18][PEAR] [5975] ? NIV-74F3FB75F65DA738 | BASKET | HIDDEN_HALO | CHANNEL | GOLD | KT_14 | 1ct | imgs:3
[03:31:24][PEAR] [5976] ? NIV-74F3FB75F65DA738 | BASKET | HIDDEN_HALO | CHANNEL | GOLD | KT_14 | 1ct | imgs:3
[03:31:27][PEAR] [5977] ? NIV-96817BB904A9FDCD | BASKET | HIDDEN_HALO | CHANNEL | GOLD | KT_14 | 1ct | imgs:3
[03:31:33][PEAR] [5978] ? NIV-96817BB904A9FDCD | BASKET | HIDDEN_HALO | CHANNEL | GOLD | KT_14 | 1ct | imgs:3
[03:31:39][PEAR] [5979] ? NIV-96817BB904A9FDCD | BASKET | HIDDEN_HALO | CHANNEL | GOLD | KT_14 | 1ct | imgs:3
[03:31:42][PEAR] [5980] ? NIV-4D52A026E37B838D | BASKET | HIDDEN_HALO | CHANNEL | GOLD | KT_14 | 1ct | imgs:3
[03:31:48][PEAR] [5981] ? NIV-4D52A026E37B838D | BASKET | HIDDEN_HALO | CHANNEL | GOLD | KT_14 | 1ct | imgs:3
[03:31:54][PEAR] [5982] ? NIV-4D52A026E37B838D | BASKET | HIDDEN_HALO | CHANNEL | GOLD | KT_14 | 1ct | imgs:3
[03:32:03][PEAR] [5983] ? NIV-AF758180F97B4630 | BASKET | HIDDEN_HALO | CHANNEL | GOLD | KT_18 | 1ct | imgs:1
[03:32:07][PEAR] [5984] ? NIV-AF758180F97B4630 | BASKET | HIDDEN_HALO | CHANNEL | GOLD | KT_18 | 1ct | imgs:3
[03:32:12][PEAR] [5985] ? NIV-AF758180F97B4630 | BASKET | HIDDEN_HALO | CHANNEL | GOLD | KT_18 | 1ct | imgs:3
[03:32:15][PEAR] [5986] ? NIV-80A06CF5ACC8A079 | BASKET | HIDDEN_HALO | CHANNEL | GOLD | KT_18 | 1ct | imgs:3
[03:32:18][PEAR] [5987] ? NIV-80A06CF5ACC8A079 | BASKET | HIDDEN_HALO | CHANNEL | GOLD | KT_18 | 1ct | imgs:3
[03:32:24][PEAR] [5988] ? NIV-80A06CF5ACC8A079 | BASKET | HIDDEN_HALO | CHANNEL | GOLD | KT_18 | 1ct | imgs:3
[03:32:27][PEAR] [5989] ? NIV-DD382A3F73F052CB | BASKET | HIDDEN_HALO | CHANNEL | GOLD | KT_18 | 1ct | imgs:3
[03:32:33][PEAR] [5990] ? NIV-DD382A3F73F052CB | BASKET | HIDDEN_HALO | CHANNEL | GOLD | KT_18 | 1ct | imgs:3
[03:32:39][PEAR] [5991] ? NIV-DD382A3F73F052CB | BASKET | HIDDEN_HALO | CHANNEL | GOLD | KT_18 | 1ct | imgs:3
[03:32:42][PEAR] [5992] ? NIV-F9BBC5063AFCAC88 | BASKET | HIDDEN_HALO | CHANNEL | PLATINUM | PT_950 | 1ct | imgs:3
[03:32:48][PEAR] [5993] ? NIV-F1C461EFA4C67DFC | BASKET | HIDDEN_HALO | CHANNEL | GOLD | KT_10 | 1ct | imgs:3
[03:32:51][PEAR] [5994] ? NIV-F1C461EFA4C67DFC | BASKET | HIDDEN_HALO | CHANNEL | GOLD | KT_10 | 1ct | imgs:3
[03:32:57][PEAR] [5995] ? NIV-F1C461EFA4C67DFC | BASKET | HIDDEN_HALO | CHANNEL | GOLD | KT_10 | 1ct | imgs:3
[03:33:00][PEAR] [5996] ? NIV-758CA88EA48FF56F | BASKET | HIDDEN_HALO | CHANNEL | GOLD | KT_10 | 1ct | imgs:3
[03:33:03][PEAR] [5997] ? NIV-758CA88EA48FF56F | BASKET | HIDDEN_HALO | CHANNEL | GOLD | KT_10 | 1ct | imgs:3
[03:33:09][PEAR] [5998] ? NIV-758CA88EA48FF56F | BASKET | HIDDEN_HALO | CHANNEL | GOLD | KT_10 | 1ct | imgs:3
[03:33:14][PEAR] [5999] ? NIV-5289015434049C29 | BASKET | HIDDEN_HALO | CHANNEL | GOLD | KT_10 | 1ct | imgs:1
[03:33:18][PEAR] [6000] ? NIV-5289015434049C29 | BASKET | HIDDEN_HALO | CHANNEL | GOLD | KT_10 | 1ct | imgs:3
[03:33:24][PEAR] [6001] ? NIV-5289015434049C29 | BASKET | HIDDEN_HALO | CHANNEL | GOLD | KT_10 | 1ct | imgs:3
[03:33:30][PEAR] [6002] ? NIV-7CFCBAF3055C6321 | BASKET | HIDDEN_HALO | CHANNEL | GOLD | KT_14 | 1ct | imgs:3
[03:33:36][PEAR] [6003] ? NIV-7CFCBAF3055C6321 | BASKET | HIDDEN_HALO | CHANNEL | GOLD | KT_14 | 1ct | imgs:3
[03:33:42][PEAR] [6004] ? NIV-7CFCBAF3055C6321 | BASKET | HIDDEN_HALO | CHANNEL | GOLD | KT_14 | 1ct | imgs:3
[03:33:48][PEAR] [6005] ? NIV-52D19EBDA6169843 | BASKET | HIDDEN_HALO | CHANNEL | GOLD | KT_14 | 1ct | imgs:3
[03:33:54][PEAR] [6006] ? NIV-52D19EBDA6169843 | BASKET | HIDDEN_HALO | CHANNEL | GOLD | KT_14 | 1ct | imgs:3
[03:34:00][PEAR] [6007] ? NIV-52D19EBDA6169843 | BASKET | HIDDEN_HALO | CHANNEL | GOLD | KT_14 | 1ct | imgs:3
[03:34:06][PEAR] [6008] ? NIV-25EFECBBE1B42B8B | BASKET | HIDDEN_HALO | CHANNEL | GOLD | KT_14 | 1ct | imgs:3
[03:34:12][PEAR] [6009] ? NIV-25EFECBBE1B42B8B | BASKET | HIDDEN_HALO | CHANNEL | GOLD | KT_14 | 1ct | imgs:3
[03:34:18][PEAR] [6010] ? NIV-25EFECBBE1B42B8B | BASKET | HIDDEN_HALO | CHANNEL | GOLD | KT_14 | 1ct | imgs:3
[03:34:32][PEAR] [6011] ??  NIV-25EFECBBE1B42B8B | BASKET | HIDDEN_HALO | CHANNEL | GOLD | KT_18 | 1ct | imgs:0
[03:34:44][PEAR] [6012] ??  NIV-55F93F0D5CF61CC7 | BASKET | HIDDEN_HALO | CHANNEL | GOLD | KT_18 | 1ct | imgs:0
[03:34:48][PEAR] [6013] ? NIV-55F93F0D5CF61CC7 | BASKET | HIDDEN_HALO | CHANNEL | GOLD | KT_18 | 1ct | imgs:3
[03:34:52][PEAR] [6014] ? NIV-4F2416DF2B496276 | BASKET | HIDDEN_HALO | CHANNEL | GOLD | KT_18 | 1ct | imgs:1
[03:34:57][PEAR] [6015] ? NIV-4F2416DF2B496276 | BASKET | HIDDEN_HALO | CHANNEL | GOLD | KT_18 | 1ct | imgs:3
[03:35:03][PEAR] [6016] ? NIV-4F2416DF2B496276 | BASKET | HIDDEN_HALO | CHANNEL | GOLD | KT_18 | 1ct | imgs:3
[03:35:06][PEAR] [6017] ? NIV-F656598F3AD5EF62 | BASKET | HIDDEN_HALO | CHANNEL | GOLD | KT_18 | 1ct | imgs:3
[03:35:09][PEAR] [6018] ? NIV-F656598F3AD5EF62 | BASKET | HIDDEN_HALO | CHANNEL | GOLD | KT_18 | 1ct | imgs:3
[03:35:15][PEAR] [6019] ? NIV-F656598F3AD5EF62 | BASKET | HIDDEN_HALO | CHANNEL | GOLD | KT_18 | 1ct | imgs:3
[03:35:18][PEAR] [6020] ? NIV-E10B77ABF14D3F4A | BASKET | HIDDEN_HALO | CHANNEL | PLATINUM | PT_950 | 1ct | imgs:3
[03:35:24][PEAR] [6021] ? NIV-C2ECF3B90A7FB6DF | BASKET | HIDDEN_HALO | CHANNEL | GOLD | KT_10 | 1ct | imgs:3
[03:35:30][PEAR] [6022] ? NIV-C2ECF3B90A7FB6DF | BASKET | HIDDEN_HALO | CHANNEL | GOLD | KT_10 | 1ct | imgs:3
[03:35:36][PEAR] [6023] ? NIV-C2ECF3B90A7FB6DF | BASKET | HIDDEN_HALO | CHANNEL | GOLD | KT_10 | 1ct | imgs:3
[03:35:41][PEAR] [6024] ? NIV-11521D69B68CC7AB | BASKET | HIDDEN_HALO | CHANNEL | GOLD | KT_10 | 1ct | imgs:3
[03:35:48][PEAR] [6025] ? NIV-11521D69B68CC7AB | BASKET | HIDDEN_HALO | CHANNEL | GOLD | KT_10 | 1ct | imgs:3
[03:35:54][PEAR] [6026] ? NIV-11521D69B68CC7AB | BASKET | HIDDEN_HALO | CHANNEL | GOLD | KT_10 | 1ct | imgs:3
[03:35:57][PEAR] [6027] ? NIV-95BAC14929656FC4 | BASKET | HIDDEN_HALO | CHANNEL | GOLD | KT_10 | 1ct | imgs:3
[03:36:03][PEAR] [6028] ? NIV-95BAC14929656FC4 | BASKET | HIDDEN_HALO | CHANNEL | GOLD | KT_10 | 1ct | imgs:3
[03:36:06][PEAR] [6029] ? NIV-95BAC14929656FC4 | BASKET | HIDDEN_HALO | CHANNEL | GOLD | KT_10 | 1ct | imgs:3
[03:36:09][PEAR] [6030] ? NIV-CFD4525800394926 | BASKET | HIDDEN_HALO | CHANNEL | GOLD | KT_14 | 1ct | imgs:3
[03:36:15][PEAR] [6031] ? NIV-CFD4525800394926 | BASKET | HIDDEN_HALO | CHANNEL | GOLD | KT_14 | 1ct | imgs:3
[03:36:21][PEAR] [6032] ? NIV-CFD4525800394926 | BASKET | HIDDEN_HALO | CHANNEL | GOLD | KT_14 | 1ct | imgs:3
[03:36:24][PEAR] [6033] ? NIV-789F1104B1D1837D | BASKET | HIDDEN_HALO | CHANNEL | GOLD | KT_14 | 1ct | imgs:3
[03:36:30][PEAR] [6034] ? NIV-789F1104B1D1837D | BASKET | HIDDEN_HALO | CHANNEL | GOLD | KT_14 | 1ct | imgs:3
[03:36:36][PEAR] [6035] ? NIV-789F1104B1D1837D | BASKET | HIDDEN_HALO | CHANNEL | GOLD | KT_14 | 1ct | imgs:3
[03:36:40][PEAR] [6036] ? NIV-50EEF58E2B308D3F | BASKET | HIDDEN_HALO | CHANNEL | GOLD | KT_14 | 1ct | imgs:1
[03:36:45][PEAR] [6037] ? NIV-50EEF58E2B308D3F | BASKET | HIDDEN_HALO | CHANNEL | GOLD | KT_14 | 1ct | imgs:3
[03:36:48][PEAR] [6038] ? NIV-50EEF58E2B308D3F | BASKET | HIDDEN_HALO | CHANNEL | GOLD | KT_14 | 1ct | imgs:3
[03:36:54][PEAR] [6039] ? NIV-33372C7541C79CD7 | BASKET | HIDDEN_HALO | CHANNEL | GOLD | KT_18 | 1ct | imgs:3
[03:37:00][PEAR] [6040] ? NIV-33372C7541C79CD7 | BASKET | HIDDEN_HALO | CHANNEL | GOLD | KT_18 | 1ct | imgs:3
[03:37:06][PEAR] [6041] ? NIV-33372C7541C79CD7 | BASKET | HIDDEN_HALO | CHANNEL | GOLD | KT_18 | 1ct | imgs:3
[03:37:12][PEAR] [6042] ? NIV-022C287DFA223749 | BASKET | HIDDEN_HALO | CHANNEL | GOLD | KT_18 | 1ct | imgs:3
[03:37:15][PEAR] [6043] ? NIV-022C287DFA223749 | BASKET | HIDDEN_HALO | CHANNEL | GOLD | KT_18 | 1ct | imgs:3
[03:37:18][PEAR] [6044] ? NIV-022C287DFA223749 | BASKET | HIDDEN_HALO | CHANNEL | GOLD | KT_18 | 1ct | imgs:3
[03:37:21][PEAR] [6045] ? NIV-56AAC1EFDBA50AEA | BASKET | HIDDEN_HALO | CHANNEL | GOLD | KT_18 | 1ct | imgs:3
[03:37:24][PEAR] [6046] ? NIV-56AAC1EFDBA50AEA | BASKET | HIDDEN_HALO | CHANNEL | GOLD | KT_18 | 1ct | imgs:3
[03:37:30][PEAR] [6047] ? NIV-56AAC1EFDBA50AEA | BASKET | HIDDEN_HALO | CHANNEL | GOLD | KT_18 | 1ct | imgs:3
[03:37:33][PEAR] [6048] ? NIV-BB694904C29DD808 | BASKET | HIDDEN_HALO | CHANNEL | PLATINUM | PT_950 | 1ct | imgs:3
[03:37:42][PEAR] [6049] ? NIV-1044A37962F09E9B | BASKET | HIDDEN_HALO | CHANNEL | GOLD | KT_10 | 1ct | imgs:3
[03:37:48][PEAR] [6050] ? NIV-1044A37962F09E9B | BASKET | HIDDEN_HALO | CHANNEL | GOLD | KT_10 | 1ct | imgs:3
[03:37:54][PEAR] [6051] ? NIV-1044A37962F09E9B | BASKET | HIDDEN_HALO | CHANNEL | GOLD | KT_10 | 1ct | imgs:3
[03:38:01][PEAR] [6052] ? NIV-4AAEB25F1B430C6F | BASKET | HIDDEN_HALO | CHANNEL | GOLD | KT_10 | 1ct | imgs:1
[03:38:06][PEAR] [6053] ? NIV-4AAEB25F1B430C6F | BASKET | HIDDEN_HALO | CHANNEL | GOLD | KT_10 | 1ct | imgs:3
[03:38:09][PEAR] [6054] ? NIV-4AAEB25F1B430C6F | BASKET | HIDDEN_HALO | CHANNEL | GOLD | KT_10 | 1ct | imgs:3
[03:38:13][PEAR] [6055] ? NIV-7CCFC7235C29DB84 | BASKET | HIDDEN_HALO | CHANNEL | GOLD | KT_10 | 1ct | imgs:1
[03:38:18][PEAR] [6056] ? NIV-7CCFC7235C29DB84 | BASKET | HIDDEN_HALO | CHANNEL | GOLD | KT_10 | 1ct | imgs:3
[03:38:21][PEAR] [6057] ? NIV-7CCFC7235C29DB84 | BASKET | HIDDEN_HALO | CHANNEL | GOLD | KT_10 | 1ct | imgs:3
[03:38:27][PEAR] [6058] ? NIV-4D05C3974211A090 | BASKET | HIDDEN_HALO | CHANNEL | GOLD | KT_14 | 1ct | imgs:3
[03:38:33][PEAR] [6059] ? NIV-4D05C3974211A090 | BASKET | HIDDEN_HALO | CHANNEL | GOLD | KT_14 | 1ct | imgs:3
[03:38:39][PEAR] [6060] ? NIV-4D05C3974211A090 | BASKET | HIDDEN_HALO | CHANNEL | GOLD | KT_14 | 1ct | imgs:3
[03:38:42][PEAR] [6061] ? NIV-7F12E02EDADCC889 | BASKET | HIDDEN_HALO | CHANNEL | GOLD | KT_14 | 1ct | imgs:1
[03:38:48][PEAR] [6062] ? NIV-7F12E02EDADCC889 | BASKET | HIDDEN_HALO | CHANNEL | GOLD | KT_14 | 1ct | imgs:3
[03:38:54][PEAR] [6063] ? NIV-7F12E02EDADCC889 | BASKET | HIDDEN_HALO | CHANNEL | GOLD | KT_14 | 1ct | imgs:3
[03:38:57][PEAR] [6064] ? NIV-2D002718E9EC7C7C | BASKET | HIDDEN_HALO | CHANNEL | GOLD | KT_14 | 1ct | imgs:3
[03:39:00][PEAR] [6065] ? NIV-2D002718E9EC7C7C | BASKET | HIDDEN_HALO | CHANNEL | GOLD | KT_14 | 1ct | imgs:3
[03:39:06][PEAR] [6066] ? NIV-2D002718E9EC7C7C | BASKET | HIDDEN_HALO | CHANNEL | GOLD | KT_14 | 1ct | imgs:3
[03:39:09][PEAR] [6067] ? NIV-878BFD9D5F97A1CE | BASKET | HIDDEN_HALO | CHANNEL | GOLD | KT_18 | 1ct | imgs:1
[03:39:12][PEAR]   Re-seleccionando PEAR (intento 1)
[03:39:12][PEAR]   Boton no encontrado ? recargando configurador...
[03:39:43][PEAR]   Re-seleccionando PEAR (intento 2)
[03:39:52][PEAR] [6068] ? NIV-D5C0F85B48F232CE | BASKET | HIDDEN_HALO | CHANNEL | GOLD | KT_18 | 1ct | imgs:3
[03:40:00][PEAR] [6069] ? NIV-564AABB91BF56BF5 | BASKET | HIDDEN_HALO | CHANNEL | GOLD | KT_18 | 1ct | imgs:2
[03:40:03][PEAR] [6070] ? NIV-F90800C7F479B426 | BASKET | HIDDEN_HALO | CHANNEL | GOLD | KT_18 | 1ct | imgs:3
[03:40:05][PEAR] [6071] ? NIV-E9C5A8C18A98309E | BASKET | HIDDEN_HALO | CHANNEL | GOLD | KT_18 | 1ct | imgs:3
[03:40:08][PEAR] [6072] ? NIV-CA91397730759503 | BASKET | HIDDEN_HALO | CHANNEL | GOLD | KT_18 | 1ct | imgs:3
[03:40:19][PEAR] [6073] ? NIV-201813E54AAD676E | BASKET | HIDDEN_HALO | CHANNEL | GOLD | KT_18 | 1ct | imgs:2
[03:40:21][PEAR] [6074] ? NIV-560ECFDD33105F86 | BASKET | HIDDEN_HALO | CHANNEL | GOLD | KT_18 | 1ct | imgs:3
[03:40:23][PEAR] [6075] ? NIV-F0569425E60661CF | BASKET | HIDDEN_HALO | CHANNEL | GOLD | KT_18 | 1ct | imgs:3
[03:40:26][PEAR] [6076] ? NIV-3580C704CD6D41A8 | BASKET | HIDDEN_HALO | CHANNEL | PLATINUM | PT_950 | 1ct | imgs:3
[03:40:32][PEAR] [6077] ? NIV-A936D1859088DB60 | BASKET | HIDDEN_HALO | CHANNEL | GOLD | KT_10 | 1ct | imgs:3
[03:40:36][PEAR] [6078] ? NIV-A936D1859088DB60 | BASKET | HIDDEN_HALO | CHANNEL | GOLD | KT_10 | 1ct | imgs:3
[03:40:41][PEAR] [6079] ? NIV-A936D1859088DB60 | BASKET | HIDDEN_HALO | CHANNEL | GOLD | KT_10 | 1ct | imgs:3
[03:40:44][PEAR] [6080] ? NIV-94C7C51E4D1CC93D | BASKET | HIDDEN_HALO | CHANNEL | GOLD | KT_10 | 1ct | imgs:3
[03:40:50][PEAR] [6081] ? NIV-94C7C51E4D1CC93D | BASKET | HIDDEN_HALO | CHANNEL | GOLD | KT_10 | 1ct | imgs:3
[03:40:54][PEAR] [6082] ? NIV-94C7C51E4D1CC93D | BASKET | HIDDEN_HALO | CHANNEL | GOLD | KT_10 | 1ct | imgs:3
[03:40:56][PEAR] [6083] ? NIV-3DB007614317E24C | BASKET | HIDDEN_HALO | CHANNEL | GOLD | KT_10 | 1ct | imgs:3
[03:41:02][PEAR] [6084] ? NIV-3DB007614317E24C | BASKET | HIDDEN_HALO | CHANNEL | GOLD | KT_10 | 1ct | imgs:3
[03:41:08][PEAR] [6085] ? NIV-3DB007614317E24C | BASKET | HIDDEN_HALO | CHANNEL | GOLD | KT_10 | 1ct | imgs:3
[03:41:11][PEAR] [6086] ? NIV-77EC7911408F5819 | BASKET | HIDDEN_HALO | CHANNEL | GOLD | KT_14 | 1ct | imgs:3
[03:41:17][PEAR] [6087] ? NIV-77EC7911408F5819 | BASKET | HIDDEN_HALO | CHANNEL | GOLD | KT_14 | 1ct | imgs:3
[03:41:23][PEAR] [6088] ? NIV-77EC7911408F5819 | BASKET | HIDDEN_HALO | CHANNEL | GOLD | KT_14 | 1ct | imgs:3
[03:41:26][PEAR] [6089] ? NIV-1F27B9D79A304694 | BASKET | HIDDEN_HALO | CHANNEL | GOLD | KT_14 | 1ct | imgs:3
[03:41:30][PEAR] [6090] ? NIV-1F27B9D79A304694 | BASKET | HIDDEN_HALO | CHANNEL | GOLD | KT_14 | 1ct | imgs:3
[03:41:35][PEAR] [6091] ? NIV-1F27B9D79A304694 | BASKET | HIDDEN_HALO | CHANNEL | GOLD | KT_14 | 1ct | imgs:3
[03:41:39][PEAR] [6092] ? NIV-1007CC3401629C83 | BASKET | HIDDEN_HALO | CHANNEL | GOLD | KT_14 | 1ct | imgs:3
[03:41:44][PEAR] [6093] ? NIV-1007CC3401629C83 | BASKET | HIDDEN_HALO | CHANNEL | GOLD | KT_14 | 1ct | imgs:3
[03:41:50][PEAR] [6094] ? NIV-1007CC3401629C83 | BASKET | HIDDEN_HALO | CHANNEL | GOLD | KT_14 | 1ct | imgs:3
[03:41:56][PEAR] [6095] ? NIV-B368F0DE1225E525 | BASKET | HIDDEN_HALO | CHANNEL | GOLD | KT_18 | 1ct | imgs:3
[03:42:02][PEAR] [6096] ? NIV-B368F0DE1225E525 | BASKET | HIDDEN_HALO | CHANNEL | GOLD | KT_18 | 1ct | imgs:3
[03:42:06][PEAR] [6097] ? NIV-B368F0DE1225E525 | BASKET | HIDDEN_HALO | CHANNEL | GOLD | KT_18 | 1ct | imgs:3
[03:42:11][PEAR] [6098] ? NIV-E92643FD43447484 | BASKET | HIDDEN_HALO | CHANNEL | GOLD | KT_18 | 1ct | imgs:3
[03:42:17][PEAR] [6099] ? NIV-E92643FD43447484 | BASKET | HIDDEN_HALO | CHANNEL | GOLD | KT_18 | 1ct | imgs:3
[03:42:23][PEAR] [6100] ? NIV-E92643FD43447484 | BASKET | HIDDEN_HALO | CHANNEL | GOLD | KT_18 | 1ct | imgs:3
[03:42:27][PEAR] [6101] ? NIV-20F83B2DACF83713 | BASKET | HIDDEN_HALO | CHANNEL | GOLD | KT_18 | 1ct | imgs:3
[03:42:32][PEAR] [6102] ? NIV-20F83B2DACF83713 | BASKET | HIDDEN_HALO | CHANNEL | GOLD | KT_18 | 1ct | imgs:3
[03:42:38][PEAR] [6103] ? NIV-20F83B2DACF83713 | BASKET | HIDDEN_HALO | CHANNEL | GOLD | KT_18 | 1ct | imgs:3
[03:42:41][PEAR] [6104] ? NIV-AC2E4E8364C250A8 | BASKET | HIDDEN_HALO | CHANNEL | PLATINUM | PT_950 | 1ct | imgs:3
[03:42:47][PEAR] [6105] ? NIV-74AED66FDACF512C | BASKET | HIDDEN_HALO | CHANNEL | GOLD | KT_10 | 1ct | imgs:3
[03:42:54][PEAR] [6106] ? NIV-74AED66FDACF512C | BASKET | HIDDEN_HALO | CHANNEL | GOLD | KT_10 | 1ct | imgs:3
[03:42:59][PEAR] [6107] ? NIV-74AED66FDACF512C | BASKET | HIDDEN_HALO | CHANNEL | GOLD | KT_10 | 1ct | imgs:3
[03:43:02][PEAR] [6108] ? NIV-D955E591A46055C4 | BASKET | HIDDEN_HALO | CHANNEL | GOLD | KT_10 | 1ct | imgs:3
[03:43:08][PEAR] [6109] ? NIV-D955E591A46055C4 | BASKET | HIDDEN_HALO | CHANNEL | GOLD | KT_10 | 1ct | imgs:3
[03:43:14][PEAR] [6110] ? NIV-D955E591A46055C4 | BASKET | HIDDEN_HALO | CHANNEL | GOLD | KT_10 | 1ct | imgs:3
[03:43:17][PEAR] [6111] ? NIV-C1050C0AD02DB593 | BASKET | HIDDEN_HALO | CHANNEL | GOLD | KT_10 | 1ct | imgs:3
[03:43:23][PEAR] [6112] ? NIV-C1050C0AD02DB593 | BASKET | HIDDEN_HALO | CHANNEL | GOLD | KT_10 | 1ct | imgs:3
[03:43:29][PEAR] [6113] ? NIV-C1050C0AD02DB593 | BASKET | HIDDEN_HALO | CHANNEL | GOLD | KT_10 | 1ct | imgs:3
[03:43:33][PEAR] [6114] ? NIV-2CB954A1C83D6368 | BASKET | HIDDEN_HALO | CHANNEL | GOLD | KT_14 | 1ct | imgs:3
[03:43:38][PEAR] [6115] ? NIV-2CB954A1C83D6368 | BASKET | HIDDEN_HALO | CHANNEL | GOLD | KT_14 | 1ct | imgs:3
[03:43:44][PEAR] [6116] ? NIV-2CB954A1C83D6368 | BASKET | HIDDEN_HALO | CHANNEL | GOLD | KT_14 | 1ct | imgs:3
[03:43:48][PEAR] [6117] ? NIV-C8F61AC79C0D7A5F | BASKET | HIDDEN_HALO | CHANNEL | GOLD | KT_14 | 1ct | imgs:3
[03:43:53][PEAR] [6118] ? NIV-C8F61AC79C0D7A5F | BASKET | HIDDEN_HALO | CHANNEL | GOLD | KT_14 | 1ct | imgs:3
[03:43:57][PEAR] [6119] ? NIV-C8F61AC79C0D7A5F | BASKET | HIDDEN_HALO | CHANNEL | GOLD | KT_14 | 1ct | imgs:3
[03:44:00][PEAR] [6120] ? NIV-DD06738375118ED2 | BASKET | HIDDEN_HALO | CHANNEL | GOLD | KT_14 | 1ct | imgs:3
[03:44:05][PEAR] [6121] ? NIV-DD06738375118ED2 | BASKET | HIDDEN_HALO | CHANNEL | GOLD | KT_14 | 1ct | imgs:3
[03:44:11][PEAR] [6122] ? NIV-DD06738375118ED2 | BASKET | HIDDEN_HALO | CHANNEL | GOLD | KT_14 | 1ct | imgs:3
[03:44:17][PEAR] [6123] ? NIV-7DE91347E461A405 | BASKET | HIDDEN_HALO | CHANNEL | GOLD | KT_18 | 1ct | imgs:3
[03:44:23][PEAR] [6124] ? NIV-7DE91347E461A405 | BASKET | HIDDEN_HALO | CHANNEL | GOLD | KT_18 | 1ct | imgs:3
[03:44:29][PEAR] [6125] ? NIV-7DE91347E461A405 | BASKET | HIDDEN_HALO | CHANNEL | GOLD | KT_18 | 1ct | imgs:3
[03:44:32][PEAR] [6126] ? NIV-1BD27927E3929A3E | BASKET | HIDDEN_HALO | CHANNEL | GOLD | KT_18 | 1ct | imgs:3
[03:44:38][PEAR] [6127] ? NIV-1BD27927E3929A3E | BASKET | HIDDEN_HALO | CHANNEL | GOLD | KT_18 | 1ct | imgs:3
[03:44:44][PEAR] [6128] ? NIV-1BD27927E3929A3E | BASKET | HIDDEN_HALO | CHANNEL | GOLD | KT_18 | 1ct | imgs:3
[03:44:47][PEAR] [6129] ? NIV-3D06FBF6A303AE56 | BASKET | HIDDEN_HALO | CHANNEL | GOLD | KT_18 | 1ct | imgs:3
[03:44:50][PEAR] [6130] ? NIV-3D06FBF6A303AE56 | BASKET | HIDDEN_HALO | CHANNEL | GOLD | KT_18 | 1ct | imgs:3
[03:44:54][PEAR] [6131] ? NIV-3D06FBF6A303AE56 | BASKET | HIDDEN_HALO | CHANNEL | GOLD | KT_18 | 1ct | imgs:3
[03:45:00][PEAR] [6132] ? NIV-D7C968CC9F7C5936 | BASKET | HIDDEN_HALO | CHANNEL | PLATINUM | PT_950 | 1ct | imgs:3
[03:45:08][PEAR] [6133] ? NIV-0D7568D1ECC79C95 | BASKET | HIDDEN_HALO | PRONG | GOLD | KT_10 | 1ct | imgs:3
[03:45:12][PEAR] [6134] ? NIV-0D7568D1ECC79C95 | BASKET | HIDDEN_HALO | PRONG | GOLD | KT_10 | 1ct | imgs:3
[03:45:17][PEAR] [6135] ? NIV-0D7568D1ECC79C95 | BASKET | HIDDEN_HALO | PRONG | GOLD | KT_10 | 1ct | imgs:3
[03:45:20][PEAR] [6136] ? NIV-08C1CE1575D3D189 | BASKET | HIDDEN_HALO | PRONG | GOLD | KT_10 | 1ct | imgs:3
[03:45:23][PEAR] [6137] ? NIV-08C1CE1575D3D189 | BASKET | HIDDEN_HALO | PRONG | GOLD | KT_10 | 1ct | imgs:3
[03:45:27][PEAR] [6138] ? NIV-08C1CE1575D3D189 | BASKET | HIDDEN_HALO | PRONG | GOLD | KT_10 | 1ct | imgs:3
[03:45:29][PEAR] [6139] ? NIV-CF7C24070BC8F658 | BASKET | HIDDEN_HALO | PRONG | GOLD | KT_10 | 1ct | imgs:3
[03:45:35][PEAR] [6140] ? NIV-CF7C24070BC8F658 | BASKET | HIDDEN_HALO | PRONG | GOLD | KT_10 | 1ct | imgs:3
[03:45:39][PEAR] [6141] ? NIV-CF7C24070BC8F658 | BASKET | HIDDEN_HALO | PRONG | GOLD | KT_10 | 1ct | imgs:3
[03:45:42][PEAR] [6142] ? NIV-DC6C06C102FF994B | BASKET | HIDDEN_HALO | PRONG | GOLD | KT_14 | 1ct | imgs:1
[03:45:47][PEAR] [6143] ? NIV-DC6C06C102FF994B | BASKET | HIDDEN_HALO | PRONG | GOLD | KT_14 | 1ct | imgs:3
[03:45:51][PEAR] [6144] ? NIV-DC6C06C102FF994B | BASKET | HIDDEN_HALO | PRONG | GOLD | KT_14 | 1ct | imgs:3
[03:45:53][PEAR] [6145] ? NIV-E236023F093270D7 | BASKET | HIDDEN_HALO | PRONG | GOLD | KT_14 | 1ct | imgs:3
[03:45:57][PEAR] [6146] ? NIV-E236023F093270D7 | BASKET | HIDDEN_HALO | PRONG | GOLD | KT_14 | 1ct | imgs:3
[03:46:03][PEAR] [6147] ? NIV-E236023F093270D7 | BASKET | HIDDEN_HALO | PRONG | GOLD | KT_14 | 1ct | imgs:3
[03:46:07][PEAR] [6148] ? NIV-F354C325E0745FF6 | BASKET | HIDDEN_HALO | PRONG | GOLD | KT_14 | 1ct | imgs:3
[03:46:12][PEAR] [6149] ? NIV-F354C325E0745FF6 | BASKET | HIDDEN_HALO | PRONG | GOLD | KT_14 | 1ct | imgs:3
[03:46:17][PEAR] [6150] ? NIV-F354C325E0745FF6 | BASKET | HIDDEN_HALO | PRONG | GOLD | KT_14 | 1ct | imgs:3
[03:46:22][PEAR] [6151] ? NIV-C7A135D1FC76C8B0 | BASKET | HIDDEN_HALO | PRONG | GOLD | KT_18 | 1ct | imgs:3
[03:46:26][PEAR] [6152] ? NIV-C7A135D1FC76C8B0 | BASKET | HIDDEN_HALO | PRONG | GOLD | KT_18 | 1ct | imgs:3
[03:46:32][PEAR] [6153] ? NIV-C7A135D1FC76C8B0 | BASKET | HIDDEN_HALO | PRONG | GOLD | KT_18 | 1ct | imgs:3
[03:46:35][PEAR] [6154] ? NIV-4B125B8369F027F6 | BASKET | HIDDEN_HALO | PRONG | GOLD | KT_18 | 1ct | imgs:3
[03:46:41][PEAR] [6155] ? NIV-4B125B8369F027F6 | BASKET | HIDDEN_HALO | PRONG | GOLD | KT_18 | 1ct | imgs:3
[03:46:47][PEAR] [6156] ? NIV-4B125B8369F027F6 | BASKET | HIDDEN_HALO | PRONG | GOLD | KT_18 | 1ct | imgs:3
[03:46:53][PEAR] [6157] ? NIV-7B97A4873CBB339C | BASKET | HIDDEN_HALO | PRONG | GOLD | KT_18 | 1ct | imgs:3
[03:46:56][PEAR] [6158] ? NIV-7B97A4873CBB339C | BASKET | HIDDEN_HALO | PRONG | GOLD | KT_18 | 1ct | imgs:3
[03:47:00][PEAR] [6159] ? NIV-7B97A4873CBB339C | BASKET | HIDDEN_HALO | PRONG | GOLD | KT_18 | 1ct | imgs:3
[03:47:05][PEAR] [6160] ? NIV-EAD2174D57959A58 | BASKET | HIDDEN_HALO | PRONG | PLATINUM | PT_950 | 1ct | imgs:3
[03:47:11][PEAR] [6161] ? NIV-A1AE41B2851772C2 | BASKET | HIDDEN_HALO | PRONG | GOLD | KT_10 | 1ct | imgs:3
[03:47:17][PEAR] [6162] ? NIV-A1AE41B2851772C2 | BASKET | HIDDEN_HALO | PRONG | GOLD | KT_10 | 1ct | imgs:3
[03:47:21][PEAR] [6163] ? NIV-A1AE41B2851772C2 | BASKET | HIDDEN_HALO | PRONG | GOLD | KT_10 | 1ct | imgs:3
[03:47:29][PEAR] [6164] ? NIV-E0BA467E2F4FFC6D | BASKET | HIDDEN_HALO | PRONG | GOLD | KT_10 | 1ct | imgs:3
[03:47:32][PEAR] [6165] ? NIV-E0BA467E2F4FFC6D | BASKET | HIDDEN_HALO | PRONG | GOLD | KT_10 | 1ct | imgs:3
[03:47:38][PEAR] [6166] ? NIV-E0BA467E2F4FFC6D | BASKET | HIDDEN_HALO | PRONG | GOLD | KT_10 | 1ct | imgs:3
[03:47:42][PEAR] [6167] ? NIV-124F7928C00D65A4 | BASKET | HIDDEN_HALO | PRONG | GOLD | KT_10 | 1ct | imgs:3
[03:47:48][PEAR] [6168] ? NIV-124F7928C00D65A4 | BASKET | HIDDEN_HALO | PRONG | GOLD | KT_10 | 1ct | imgs:3
[03:47:53][PEAR] [6169] ? NIV-124F7928C00D65A4 | BASKET | HIDDEN_HALO | PRONG | GOLD | KT_10 | 1ct | imgs:3
[03:47:59][PEAR] [6170] ? NIV-D1BF58B9BC90E368 | BASKET | HIDDEN_HALO | PRONG | GOLD | KT_14 | 1ct | imgs:1
[03:48:05][PEAR] [6171] ? NIV-D1BF58B9BC90E368 | BASKET | HIDDEN_HALO | PRONG | GOLD | KT_14 | 1ct | imgs:3
[03:48:08][PEAR] [6172] ? NIV-D1BF58B9BC90E368 | BASKET | HIDDEN_HALO | PRONG | GOLD | KT_14 | 1ct | imgs:3
[03:48:11][PEAR] [6173] ? NIV-014238FCEF6766D4 | BASKET | HIDDEN_HALO | PRONG | GOLD | KT_14 | 1ct | imgs:3
[03:48:18][PEAR] [6174] ? NIV-014238FCEF6766D4 | BASKET | HIDDEN_HALO | PRONG | GOLD | KT_14 | 1ct | imgs:3
[03:48:23][PEAR] [6175] ? NIV-014238FCEF6766D4 | BASKET | HIDDEN_HALO | PRONG | GOLD | KT_14 | 1ct | imgs:3
[03:48:26][PEAR] [6176] ? NIV-CC793516DCADBF8D | BASKET | HIDDEN_HALO | PRONG | GOLD | KT_14 | 1ct | imgs:3
[03:48:30][PEAR] [6177] ? NIV-CC793516DCADBF8D | BASKET | HIDDEN_HALO | PRONG | GOLD | KT_14 | 1ct | imgs:3
[03:48:35][PEAR] [6178] ? NIV-CC793516DCADBF8D | BASKET | HIDDEN_HALO | PRONG | GOLD | KT_14 | 1ct | imgs:3
[03:48:41][PEAR] [6179] ? NIV-9665B00C54988737 | BASKET | HIDDEN_HALO | PRONG | GOLD | KT_18 | 1ct | imgs:3
[03:48:45][PEAR] [6180] ? NIV-9665B00C54988737 | BASKET | HIDDEN_HALO | PRONG | GOLD | KT_18 | 1ct | imgs:3
[03:48:50][PEAR] [6181] ? NIV-9665B00C54988737 | BASKET | HIDDEN_HALO | PRONG | GOLD | KT_18 | 1ct | imgs:3
[03:49:01][PEAR] [6182] ??  NIV-9665B00C54988737 | BASKET | HIDDEN_HALO | PRONG | GOLD | KT_18 | 1ct | imgs:0
[03:49:13][PEAR] [6183] ??  NIV-9665B00C54988737 | BASKET | HIDDEN_HALO | PRONG | GOLD | KT_18 | 1ct | imgs:0
[03:49:25][PEAR] [6184] ??  NIV-9665B00C54988737 | BASKET | HIDDEN_HALO | PRONG | GOLD | KT_18 | 1ct | imgs:0
[03:49:29][PEAR] [6185] ? NIV-DCDA56EFB0D11187 | BASKET | HIDDEN_HALO | PRONG | GOLD | KT_18 | 1ct | imgs:3
[03:49:35][PEAR] [6186] ? NIV-DCDA56EFB0D11187 | BASKET | HIDDEN_HALO | PRONG | GOLD | KT_18 | 1ct | imgs:3
[03:49:41][PEAR] [6187] ? NIV-DCDA56EFB0D11187 | BASKET | HIDDEN_HALO | PRONG | GOLD | KT_18 | 1ct | imgs:3
[03:49:47][PEAR] [6188] ? NIV-435F9B380A88C9A9 | BASKET | HIDDEN_HALO | PRONG | PLATINUM | PT_950 | 1ct | imgs:3
[03:50:01][PEAR] [6189] ? NIV-63A846D5468CFE68 | BASKET | HIDDEN_HALO | PRONG | GOLD | KT_10 | 1ct | imgs:2
[03:50:06][PEAR] [6190] ? NIV-63A846D5468CFE68 | BASKET | HIDDEN_HALO | PRONG | GOLD | KT_10 | 1ct | imgs:2
[03:50:11][PEAR] [6191] ? NIV-63A846D5468CFE68 | BASKET | HIDDEN_HALO | PRONG | GOLD | KT_10 | 1ct | imgs:3
[03:50:15][PEAR] [6192] ? NIV-1321CF1258DD60FB | BASKET | HIDDEN_HALO | PRONG | GOLD | KT_10 | 1ct | imgs:1
[03:50:20][PEAR] [6193] ? NIV-1321CF1258DD60FB | BASKET | HIDDEN_HALO | PRONG | GOLD | KT_10 | 1ct | imgs:3
[03:50:26][PEAR] [6194] ? NIV-1321CF1258DD60FB | BASKET | HIDDEN_HALO | PRONG | GOLD | KT_10 | 1ct | imgs:3
[03:50:29][PEAR] [6195] ? NIV-21E7562DBBA14775 | BASKET | HIDDEN_HALO | PRONG | GOLD | KT_10 | 1ct | imgs:1
[03:50:33][PEAR] [6196] ? NIV-21E7562DBBA14775 | BASKET | HIDDEN_HALO | PRONG | GOLD | KT_10 | 1ct | imgs:3
[03:50:38][PEAR] [6197] ? NIV-21E7562DBBA14775 | BASKET | HIDDEN_HALO | PRONG | GOLD | KT_10 | 1ct | imgs:3
[03:50:42][PEAR] [6198] ? NIV-5FD58CA7CD02E7F7 | BASKET | HIDDEN_HALO | PRONG | GOLD | KT_14 | 1ct | imgs:3
[03:50:48][PEAR] [6199] ? NIV-5FD58CA7CD02E7F7 | BASKET | HIDDEN_HALO | PRONG | GOLD | KT_14 | 1ct | imgs:3
[03:50:53][PEAR] [6200] ? NIV-5FD58CA7CD02E7F7 | BASKET | HIDDEN_HALO | PRONG | GOLD | KT_14 | 1ct | imgs:3
[03:51:04][PEAR] [6201] ??  NIV-5FD58CA7CD02E7F7 | BASKET | HIDDEN_HALO | PRONG | GOLD | KT_14 | 1ct | imgs:0
[03:51:09][PEAR] [6202] ? NIV-66C6F7AC51BF5FE2 | BASKET | HIDDEN_HALO | PRONG | GOLD | KT_14 | 1ct | imgs:1
[03:51:14][PEAR] [6203] ? NIV-66C6F7AC51BF5FE2 | BASKET | HIDDEN_HALO | PRONG | GOLD | KT_14 | 1ct | imgs:3
[03:51:17][PEAR] [6204] ? NIV-C2B860FABC27A08B | BASKET | HIDDEN_HALO | PRONG | GOLD | KT_14 | 1ct | imgs:3
[03:51:23][PEAR] [6205] ? NIV-C2B860FABC27A08B | BASKET | HIDDEN_HALO | PRONG | GOLD | KT_14 | 1ct | imgs:3
[03:51:26][PEAR] [6206] ? NIV-C2B860FABC27A08B | BASKET | HIDDEN_HALO | PRONG | GOLD | KT_14 | 1ct | imgs:3
[03:51:35][PEAR] [6207] ? NIV-87AFB3DA724CC7FB | BASKET | HIDDEN_HALO | PRONG | GOLD | KT_18 | 1ct | imgs:1
[03:51:38][PEAR] [6208] ? NIV-87AFB3DA724CC7FB | BASKET | HIDDEN_HALO | PRONG | GOLD | KT_18 | 1ct | imgs:3
[03:51:44][PEAR] [6209] ? NIV-87AFB3DA724CC7FB | BASKET | HIDDEN_HALO | PRONG | GOLD | KT_18 | 1ct | imgs:3
[03:51:49][PEAR] [6210] ? NIV-14833D20F94651E4 | BASKET | HIDDEN_HALO | PRONG | GOLD | KT_18 | 1ct | imgs:1
[03:51:53][PEAR] [6211] ? NIV-14833D20F94651E4 | BASKET | HIDDEN_HALO | PRONG | GOLD | KT_18 | 1ct | imgs:3
[03:51:56][PEAR] [6212] ? NIV-14833D20F94651E4 | BASKET | HIDDEN_HALO | PRONG | GOLD | KT_18 | 1ct | imgs:3
[03:52:07][PEAR] [6213] ? NIV-9385241FD029B12C | BASKET | HIDDEN_HALO | PRONG | GOLD | KT_18 | 1ct | imgs:1
[03:52:11][PEAR] [6214] ? NIV-9385241FD029B12C | BASKET | HIDDEN_HALO | PRONG | GOLD | KT_18 | 1ct | imgs:3
[03:52:17][PEAR] [6215] ? NIV-9385241FD029B12C | BASKET | HIDDEN_HALO | PRONG | GOLD | KT_18 | 1ct | imgs:3
[03:52:23][PEAR] [6216] ? NIV-6AB26C51646480D1 | BASKET | HIDDEN_HALO | PRONG | PLATINUM | PT_950 | 1ct | imgs:3
[03:52:32][PEAR] [6217] ? NIV-826274E85D6D383D | BASKET | HIDDEN_HALO | PRONG | GOLD | KT_10 | 1ct | imgs:3
[03:52:38][PEAR] [6218] ? NIV-826274E85D6D383D | BASKET | HIDDEN_HALO | PRONG | GOLD | KT_10 | 1ct | imgs:3
[03:52:44][PEAR] [6219] ? NIV-826274E85D6D383D | BASKET | HIDDEN_HALO | PRONG | GOLD | KT_10 | 1ct | imgs:3
[03:52:47][PEAR] [6220] ? NIV-D2BC15B23DB81027 | BASKET | HIDDEN_HALO | PRONG | GOLD | KT_10 | 1ct | imgs:3
[03:52:54][PEAR] [6221] ? NIV-D2BC15B23DB81027 | BASKET | HIDDEN_HALO | PRONG | GOLD | KT_10 | 1ct | imgs:3
[03:52:59][PEAR] [6222] ? NIV-D2BC15B23DB81027 | BASKET | HIDDEN_HALO | PRONG | GOLD | KT_10 | 1ct | imgs:3
[03:53:03][PEAR] [6223] ? NIV-E54E0B92C31A9633 | BASKET | HIDDEN_HALO | PRONG | GOLD | KT_10 | 1ct | imgs:3
[03:53:08][PEAR] [6224] ? NIV-E54E0B92C31A9633 | BASKET | HIDDEN_HALO | PRONG | GOLD | KT_10 | 1ct | imgs:3
[03:53:14][PEAR] [6225] ? NIV-E54E0B92C31A9633 | BASKET | HIDDEN_HALO | PRONG | GOLD | KT_10 | 1ct | imgs:3
[03:53:20][PEAR] [6226] ? NIV-C478198165730D45 | BASKET | HIDDEN_HALO | PRONG | GOLD | KT_14 | 1ct | imgs:3
[03:53:26][PEAR] [6227] ? NIV-C478198165730D45 | BASKET | HIDDEN_HALO | PRONG | GOLD | KT_14 | 1ct | imgs:3
[03:53:32][PEAR] [6228] ? NIV-C478198165730D45 | BASKET | HIDDEN_HALO | PRONG | GOLD | KT_14 | 1ct | imgs:3
[03:53:35][PEAR] [6229] ? NIV-F0B5B1ADEE531CC7 | BASKET | HIDDEN_HALO | PRONG | GOLD | KT_14 | 1ct | imgs:3
[03:53:41][PEAR] [6230] ? NIV-F0B5B1ADEE531CC7 | BASKET | HIDDEN_HALO | PRONG | GOLD | KT_14 | 1ct | imgs:3
[03:53:48][PEAR] [6231] ? NIV-F0B5B1ADEE531CC7 | BASKET | HIDDEN_HALO | PRONG | GOLD | KT_14 | 1ct | imgs:3
[03:53:50][PEAR] [6232] ? NIV-5756B34DBDC41CB3 | BASKET | HIDDEN_HALO | PRONG | GOLD | KT_14 | 1ct | imgs:3
[03:53:54][PEAR] [6233] ? NIV-5756B34DBDC41CB3 | BASKET | HIDDEN_HALO | PRONG | GOLD | KT_14 | 1ct | imgs:3
[03:53:59][PEAR] [6234] ? NIV-5756B34DBDC41CB3 | BASKET | HIDDEN_HALO | PRONG | GOLD | KT_14 | 1ct | imgs:3
[03:54:09][PEAR] [6235] ? NIV-0E2D208FC6125B47 | BASKET | HIDDEN_HALO | PRONG | GOLD | KT_18 | 1ct | imgs:1
[03:54:14][PEAR] [6236] ? NIV-0E2D208FC6125B47 | BASKET | HIDDEN_HALO | PRONG | GOLD | KT_18 | 1ct | imgs:3
[03:54:20][PEAR] [6237] ? NIV-0E2D208FC6125B47 | BASKET | HIDDEN_HALO | PRONG | GOLD | KT_18 | 1ct | imgs:3
[03:54:24][PEAR] [6238] ? NIV-F82DC9FAFB6593EA | BASKET | HIDDEN_HALO | PRONG | GOLD | KT_18 | 1ct | imgs:1
[03:54:29][PEAR] [6239] ? NIV-F82DC9FAFB6593EA | BASKET | HIDDEN_HALO | PRONG | GOLD | KT_18 | 1ct | imgs:3
[03:54:32][PEAR] [6240] ? NIV-F82DC9FAFB6593EA | BASKET | HIDDEN_HALO | PRONG | GOLD | KT_18 | 1ct | imgs:3
[03:54:38][PEAR] [6241] ? NIV-91CABA70FA6C5D65 | BASKET | HIDDEN_HALO | PRONG | GOLD | KT_18 | 1ct | imgs:2
[03:54:44][PEAR] [6242] ? NIV-91CABA70FA6C5D65 | BASKET | HIDDEN_HALO | PRONG | GOLD | KT_18 | 1ct | imgs:3
[03:54:50][PEAR] [6243] ? NIV-91CABA70FA6C5D65 | BASKET | HIDDEN_HALO | PRONG | GOLD | KT_18 | 1ct | imgs:3
[03:54:54][PEAR] [6244] ? NIV-3776818594EB5661 | BASKET | HIDDEN_HALO | PRONG | PLATINUM | PT_950 | 1ct | imgs:3
[03:55:02][PEAR] [6245] ? NIV-84E15ACCDEBE902A | BASKET | HIDDEN_HALO | PRONG | GOLD | KT_10 | 1ct | imgs:3
[03:55:06][PEAR] [6246] ? NIV-84E15ACCDEBE902A | BASKET | HIDDEN_HALO | PRONG | GOLD | KT_10 | 1ct | imgs:3
[03:55:11][PEAR] [6247] ? NIV-84E15ACCDEBE902A | BASKET | HIDDEN_HALO | PRONG | GOLD | KT_10 | 1ct | imgs:3
[03:55:14][PEAR] [6248] ? NIV-C74D4EDE47D143B3 | BASKET | HIDDEN_HALO | PRONG | GOLD | KT_10 | 1ct | imgs:3
[03:55:20][PEAR] [6249] ? NIV-C74D4EDE47D143B3 | BASKET | HIDDEN_HALO | PRONG | GOLD | KT_10 | 1ct | imgs:3
[03:55:26][PEAR] [6250] ? NIV-C74D4EDE47D143B3 | BASKET | HIDDEN_HALO | PRONG | GOLD | KT_10 | 1ct | imgs:3
[03:55:29][PEAR] [6251] ? NIV-A02F62D5C89456A2 | BASKET | HIDDEN_HALO | PRONG | GOLD | KT_10 | 1ct | imgs:3
[03:55:35][PEAR] [6252] ? NIV-A02F62D5C89456A2 | BASKET | HIDDEN_HALO | PRONG | GOLD | KT_10 | 1ct | imgs:3
[03:55:41][PEAR] [6253] ? NIV-A02F62D5C89456A2 | BASKET | HIDDEN_HALO | PRONG | GOLD | KT_10 | 1ct | imgs:3
[03:55:44][PEAR] [6254] ? NIV-00F4D58AAD78F8EC | BASKET | HIDDEN_HALO | PRONG | GOLD | KT_14 | 1ct | imgs:1
[03:55:50][PEAR] [6255] ? NIV-00F4D58AAD78F8EC | BASKET | HIDDEN_HALO | PRONG | GOLD | KT_14 | 1ct | imgs:3
[03:55:53][PEAR] [6256] ? NIV-00F4D58AAD78F8EC | BASKET | HIDDEN_HALO | PRONG | GOLD | KT_14 | 1ct | imgs:3
[03:55:56][PEAR] [6257] ? NIV-254B36C0F179DD2C | BASKET | HIDDEN_HALO | PRONG | GOLD | KT_14 | 1ct | imgs:3
[03:56:00][PEAR] [6258] ? NIV-254B36C0F179DD2C | BASKET | HIDDEN_HALO | PRONG | GOLD | KT_14 | 1ct | imgs:3
[03:56:05][PEAR] [6259] ? NIV-254B36C0F179DD2C | BASKET | HIDDEN_HALO | PRONG | GOLD | KT_14 | 1ct | imgs:3
[03:56:08][PEAR] [6260] ? NIV-174632726A0469C0 | BASKET | HIDDEN_HALO | PRONG | GOLD | KT_14 | 1ct | imgs:3
[03:56:14][PEAR] [6261] ? NIV-174632726A0469C0 | BASKET | HIDDEN_HALO | PRONG | GOLD | KT_14 | 1ct | imgs:3
[03:56:20][PEAR] [6262] ? NIV-174632726A0469C0 | BASKET | HIDDEN_HALO | PRONG | GOLD | KT_14 | 1ct | imgs:3
[03:56:26][PEAR] [6263] ? NIV-B3C0B7E0BC49EFB2 | BASKET | HIDDEN_HALO | PRONG | GOLD | KT_18 | 1ct | imgs:3
[03:56:32][PEAR] [6264] ? NIV-B3C0B7E0BC49EFB2 | BASKET | HIDDEN_HALO | PRONG | GOLD | KT_18 | 1ct | imgs:3
[03:56:38][PEAR] [6265] ? NIV-B3C0B7E0BC49EFB2 | BASKET | HIDDEN_HALO | PRONG | GOLD | KT_18 | 1ct | imgs:3
[03:56:41][PEAR] [6266] ? NIV-F1D9F9DB587C05FD | BASKET | HIDDEN_HALO | PRONG | GOLD | KT_18 | 1ct | imgs:3
[03:56:47][PEAR] [6267] ? NIV-F1D9F9DB587C05FD | BASKET | HIDDEN_HALO | PRONG | GOLD | KT_18 | 1ct | imgs:3
[03:56:53][PEAR] [6268] ? NIV-F1D9F9DB587C05FD | BASKET | HIDDEN_HALO | PRONG | GOLD | KT_18 | 1ct | imgs:3
[03:56:56][PEAR] [6269] ? NIV-210928E59F9C5CAE | BASKET | HIDDEN_HALO | PRONG | GOLD | KT_18 | 1ct | imgs:3
[03:57:00][PEAR] [6270] ? NIV-210928E59F9C5CAE | BASKET | HIDDEN_HALO | PRONG | GOLD | KT_18 | 1ct | imgs:3
[03:57:05][PEAR] [6271] ? NIV-210928E59F9C5CAE | BASKET | HIDDEN_HALO | PRONG | GOLD | KT_18 | 1ct | imgs:3
[03:57:09][PEAR] [6272] ? NIV-F003D68508B57480 | BASKET | HIDDEN_HALO | PRONG | PLATINUM | PT_950 | 1ct | imgs:3
[03:57:14][PEAR] [6273] ? NIV-BD7F97EDA7A7126A | BASKET | HIDDEN_HALO | PRONG | GOLD | KT_10 | 1ct | imgs:3
[03:57:18][PEAR] [6274] ? NIV-BD7F97EDA7A7126A | BASKET | HIDDEN_HALO | PRONG | GOLD | KT_10 | 1ct | imgs:3
[03:57:23][PEAR] [6275] ? NIV-BD7F97EDA7A7126A | BASKET | HIDDEN_HALO | PRONG | GOLD | KT_10 | 1ct | imgs:3
[03:57:28][PEAR] [6276] ? NIV-93631A5ECE30297A | BASKET | HIDDEN_HALO | PRONG | GOLD | KT_10 | 1ct | imgs:1
[03:57:33][PEAR] [6277] ? NIV-93631A5ECE30297A | BASKET | HIDDEN_HALO | PRONG | GOLD | KT_10 | 1ct | imgs:3
[03:57:38][PEAR] [6278] ? NIV-93631A5ECE30297A | BASKET | HIDDEN_HALO | PRONG | GOLD | KT_10 | 1ct | imgs:3
[03:57:42][PEAR] [6279] ? NIV-86E2275D763CA18F | BASKET | HIDDEN_HALO | PRONG | GOLD | KT_10 | 1ct | imgs:3
[03:57:47][PEAR] [6280] ? NIV-86E2275D763CA18F | BASKET | HIDDEN_HALO | PRONG | GOLD | KT_10 | 1ct | imgs:3
[03:57:53][PEAR] [6281] ? NIV-86E2275D763CA18F | BASKET | HIDDEN_HALO | PRONG | GOLD | KT_10 | 1ct | imgs:3
[03:57:59][PEAR] [6282] ? NIV-03DBCD335F3AB836 | BASKET | HIDDEN_HALO | PRONG | GOLD | KT_14 | 1ct | imgs:3
[03:58:02][PEAR] [6283] ? NIV-03DBCD335F3AB836 | BASKET | HIDDEN_HALO | PRONG | GOLD | KT_14 | 1ct | imgs:3
[03:58:06][PEAR] [6284] ? NIV-03DBCD335F3AB836 | BASKET | HIDDEN_HALO | PRONG | GOLD | KT_14 | 1ct | imgs:3
[03:58:08][PEAR] [6285] ? NIV-CFC79E8CD887345D | BASKET | HIDDEN_HALO | PRONG | GOLD | KT_14 | 1ct | imgs:3
[03:58:14][PEAR] [6286] ? NIV-CFC79E8CD887345D | BASKET | HIDDEN_HALO | PRONG | GOLD | KT_14 | 1ct | imgs:3
[03:58:18][PEAR] [6287] ? NIV-CFC79E8CD887345D | BASKET | HIDDEN_HALO | PRONG | GOLD | KT_14 | 1ct | imgs:3
[03:58:21][PEAR] [6288] ? NIV-8D8DB1EB26020D4A | BASKET | HIDDEN_HALO | PRONG | GOLD | KT_14 | 1ct | imgs:3
[03:58:27][PEAR] [6289] ? NIV-8D8DB1EB26020D4A | BASKET | HIDDEN_HALO | PRONG | GOLD | KT_14 | 1ct | imgs:3
[03:58:32][PEAR] [6290] ? NIV-8D8DB1EB26020D4A | BASKET | HIDDEN_HALO | PRONG | GOLD | KT_14 | 1ct | imgs:3
[03:58:38][PEAR] [6291] ? NIV-9116A051BD983A3A | BASKET | HIDDEN_HALO | PRONG | GOLD | KT_18 | 1ct | imgs:3
[03:58:44][PEAR] [6292] ? NIV-9116A051BD983A3A | BASKET | HIDDEN_HALO | PRONG | GOLD | KT_18 | 1ct | imgs:3
[03:58:50][PEAR] [6293] ? NIV-9116A051BD983A3A | BASKET | HIDDEN_HALO | PRONG | GOLD | KT_18 | 1ct | imgs:3
[03:58:53][PEAR] [6294] ? NIV-B486645701A9888E | BASKET | HIDDEN_HALO | PRONG | GOLD | KT_18 | 1ct | imgs:3
[03:59:00][PEAR] [6295] ? NIV-B486645701A9888E | BASKET | HIDDEN_HALO | PRONG | GOLD | KT_18 | 1ct | imgs:3
[03:59:05][PEAR] [6296] ? NIV-B486645701A9888E | BASKET | HIDDEN_HALO | PRONG | GOLD | KT_18 | 1ct | imgs:3
[03:59:08][PEAR] [6297] ? NIV-AF5A16544BA65DCF | BASKET | HIDDEN_HALO | PRONG | GOLD | KT_18 | 1ct | imgs:3
[03:59:11][PEAR] [6298] ? NIV-AF5A16544BA65DCF | BASKET | HIDDEN_HALO | PRONG | GOLD | KT_18 | 1ct | imgs:3
[03:59:17][PEAR] [6299] ? NIV-AF5A16544BA65DCF | BASKET | HIDDEN_HALO | PRONG | GOLD | KT_18 | 1ct | imgs:3
[03:59:20][PEAR] [6300] ? NIV-94C45D7C325E983F | BASKET | HIDDEN_HALO | PRONG | PLATINUM | PT_950 | 1ct | imgs:3
[03:59:29][PEAR] [6301] ? NIV-7A936719719AE820 | BASKET | HIDDEN_HALO | PRONG | GOLD | KT_10 | 1ct | imgs:3
[03:59:35][PEAR] [6302] ? NIV-7A936719719AE820 | BASKET | HIDDEN_HALO | PRONG | GOLD | KT_10 | 1ct | imgs:3
[03:59:41][PEAR] [6303] ? NIV-7A936719719AE820 | BASKET | HIDDEN_HALO | PRONG | GOLD | KT_10 | 1ct | imgs:3
[03:59:45][PEAR] [6304] ? NIV-2B0978353168DAF3 | BASKET | HIDDEN_HALO | PRONG | GOLD | KT_10 | 1ct | imgs:3
[03:59:50][PEAR] [6305] ? NIV-2B0978353168DAF3 | BASKET | HIDDEN_HALO | PRONG | GOLD | KT_10 | 1ct | imgs:3
[03:59:56][PEAR] [6306] ? NIV-2B0978353168DAF3 | BASKET | HIDDEN_HALO | PRONG | GOLD | KT_10 | 1ct | imgs:3
[03:59:59][PEAR] [6307] ? NIV-445A89AB6FA3E717 | BASKET | HIDDEN_HALO | PRONG | GOLD | KT_10 | 1ct | imgs:3
[04:00:05][PEAR] [6308] ? NIV-445A89AB6FA3E717 | BASKET | HIDDEN_HALO | PRONG | GOLD | KT_10 | 1ct | imgs:3
[04:00:11][PEAR] [6309] ? NIV-445A89AB6FA3E717 | BASKET | HIDDEN_HALO | PRONG | GOLD | KT_10 | 1ct | imgs:3
[04:00:17][PEAR] [6310] ? NIV-9FFDE7ABFB9EA950 | BASKET | HIDDEN_HALO | PRONG | GOLD | KT_14 | 1ct | imgs:1
[04:00:20][PEAR] [6311] ? NIV-9FFDE7ABFB9EA950 | BASKET | HIDDEN_HALO | PRONG | GOLD | KT_14 | 1ct | imgs:3
[04:00:24][PEAR] [6312] ? NIV-9FFDE7ABFB9EA950 | BASKET | HIDDEN_HALO | PRONG | GOLD | KT_14 | 1ct | imgs:3
[04:00:26][PEAR] [6313] ? NIV-4B1EBDDD01FBE654 | BASKET | HIDDEN_HALO | PRONG | GOLD | KT_14 | 1ct | imgs:3
[04:00:30][PEAR] [6314] ? NIV-4B1EBDDD01FBE654 | BASKET | HIDDEN_HALO | PRONG | GOLD | KT_14 | 1ct | imgs:3
[04:00:35][PEAR] [6315] ? NIV-4B1EBDDD01FBE654 | BASKET | HIDDEN_HALO | PRONG | GOLD | KT_14 | 1ct | imgs:3
[04:00:38][PEAR] [6316] ? NIV-803E34E53A6C86FF | BASKET | HIDDEN_HALO | PRONG | GOLD | KT_14 | 1ct | imgs:3
[04:00:41][PEAR] [6317] ? NIV-803E34E53A6C86FF | BASKET | HIDDEN_HALO | PRONG | GOLD | KT_14 | 1ct | imgs:3
[04:00:47][PEAR] [6318] ? NIV-803E34E53A6C86FF | BASKET | HIDDEN_HALO | PRONG | GOLD | KT_14 | 1ct | imgs:3
[04:00:50][PEAR] [6319] ? NIV-58990CAD9DF48A50 | BASKET | HIDDEN_HALO | PRONG | GOLD | KT_18 | 1ct | imgs:3
[04:00:53][PEAR] [6320] ? NIV-58990CAD9DF48A50 | BASKET | HIDDEN_HALO | PRONG | GOLD | KT_18 | 1ct | imgs:3
[04:00:59][PEAR] [6321] ? NIV-58990CAD9DF48A50 | BASKET | HIDDEN_HALO | PRONG | GOLD | KT_18 | 1ct | imgs:3
[04:01:02][PEAR] [6322] ? NIV-2C3C942997635DBD | BASKET | HIDDEN_HALO | PRONG | GOLD | KT_18 | 1ct | imgs:3
[04:01:05][PEAR] [6323] ? NIV-2C3C942997635DBD | BASKET | HIDDEN_HALO | PRONG | GOLD | KT_18 | 1ct | imgs:3
[04:01:11][PEAR] [6324] ? NIV-2C3C942997635DBD | BASKET | HIDDEN_HALO | PRONG | GOLD | KT_18 | 1ct | imgs:3
[04:01:16][PEAR] [6325] ? NIV-A66ECB2103243EF7 | BASKET | HIDDEN_HALO | PRONG | GOLD | KT_18 | 1ct | imgs:1
[04:01:20][PEAR] [6326] ? NIV-A66ECB2103243EF7 | BASKET | HIDDEN_HALO | PRONG | GOLD | KT_18 | 1ct | imgs:3
[04:01:24][PEAR] [6327] ? NIV-A66ECB2103243EF7 | BASKET | HIDDEN_HALO | PRONG | GOLD | KT_18 | 1ct | imgs:3
[04:01:26][PEAR] [6328] ? NIV-2206067D04595458 | BASKET | HIDDEN_HALO | PRONG | PLATINUM | PT_950 | 1ct | imgs:3
[04:01:33][PEAR] [6329] ? NIV-2926875095871F7E | BASKET | HIDDEN_HALO | PRONG | GOLD | KT_10 | 1ct | imgs:1
[04:01:38][PEAR] [6330] ? NIV-2926875095871F7E | BASKET | HIDDEN_HALO | PRONG | GOLD | KT_10 | 1ct | imgs:3
[04:01:44][PEAR] [6331] ? NIV-2926875095871F7E | BASKET | HIDDEN_HALO | PRONG | GOLD | KT_10 | 1ct | imgs:3
[04:01:50][PEAR] [6332] ? NIV-9E572AD4FD7099C5 | BASKET | HIDDEN_HALO | PRONG | GOLD | KT_10 | 1ct | imgs:1
[04:01:56][PEAR] [6333] ? NIV-9E572AD4FD7099C5 | BASKET | HIDDEN_HALO | PRONG | GOLD | KT_10 | 1ct | imgs:3
[04:02:00][PEAR] [6334] ? NIV-9E572AD4FD7099C5 | BASKET | HIDDEN_HALO | PRONG | GOLD | KT_10 | 1ct | imgs:3
[04:02:02][PEAR] [6335] ? NIV-4A758AC576F163A8 | BASKET | HIDDEN_HALO | PRONG | GOLD | KT_10 | 1ct | imgs:3
[04:02:08][PEAR] [6336] ? NIV-4A758AC576F163A8 | BASKET | HIDDEN_HALO | PRONG | GOLD | KT_10 | 1ct | imgs:3
[04:02:15][PEAR] [6337] ? NIV-4A758AC576F163A8 | BASKET | HIDDEN_HALO | PRONG | GOLD | KT_10 | 1ct | imgs:3
[04:02:22][PEAR] [6338] ? NIV-31742DD7DEE32E72 | BASKET | HIDDEN_HALO | PRONG | GOLD | KT_14 | 1ct | imgs:1
[04:02:27][PEAR] [6339] ? NIV-31742DD7DEE32E72 | BASKET | HIDDEN_HALO | PRONG | GOLD | KT_14 | 1ct | imgs:3
[04:02:32][PEAR] [6340] ? NIV-31742DD7DEE32E72 | BASKET | HIDDEN_HALO | PRONG | GOLD | KT_14 | 1ct | imgs:3
[04:02:36][PEAR] [6341] ? NIV-A9EEE432077782A9 | BASKET | HIDDEN_HALO | PRONG | GOLD | KT_14 | 1ct | imgs:1
[04:02:42][PEAR] [6342] ? NIV-A9EEE432077782A9 | BASKET | HIDDEN_HALO | PRONG | GOLD | KT_14 | 1ct | imgs:3
[04:02:47][PEAR] [6343] ? NIV-A9EEE432077782A9 | BASKET | HIDDEN_HALO | PRONG | GOLD | KT_14 | 1ct | imgs:3
[04:02:50][PEAR] [6344] ? NIV-5FAD9815AB03F71D | BASKET | HIDDEN_HALO | PRONG | GOLD | KT_14 | 1ct | imgs:3
[04:02:56][PEAR] [6345] ? NIV-5FAD9815AB03F71D | BASKET | HIDDEN_HALO | PRONG | GOLD | KT_14 | 1ct | imgs:3
[04:02:59][PEAR] [6346] ? NIV-5FAD9815AB03F71D | BASKET | HIDDEN_HALO | PRONG | GOLD | KT_14 | 1ct | imgs:3
[04:03:05][PEAR] [6347] ? NIV-CC736BD9B37C1A27 | BASKET | HIDDEN_HALO | PRONG | GOLD | KT_18 | 1ct | imgs:3
[04:03:11][PEAR] [6348] ? NIV-CC736BD9B37C1A27 | BASKET | HIDDEN_HALO | PRONG | GOLD | KT_18 | 1ct | imgs:3
[04:03:18][PEAR] [6349] ? NIV-CC736BD9B37C1A27 | BASKET | HIDDEN_HALO | PRONG | GOLD | KT_18 | 1ct | imgs:3
[04:03:21][PEAR] [6350] ? NIV-855F478941046BA3 | BASKET | HIDDEN_HALO | PRONG | GOLD | KT_18 | 1ct | imgs:3
[04:03:26][PEAR] [6351] ? NIV-855F478941046BA3 | BASKET | HIDDEN_HALO | PRONG | GOLD | KT_18 | 1ct | imgs:3
[04:03:32][PEAR] [6352] ? NIV-855F478941046BA3 | BASKET | HIDDEN_HALO | PRONG | GOLD | KT_18 | 1ct | imgs:3
[04:03:35][PEAR] [6353] ? NIV-1609D2472F2F721B | BASKET | HIDDEN_HALO | PRONG | GOLD | KT_18 | 1ct | imgs:3
[04:03:41][PEAR] [6354] ? NIV-1609D2472F2F721B | BASKET | HIDDEN_HALO | PRONG | GOLD | KT_18 | 1ct | imgs:3
[04:03:47][PEAR] [6355] ? NIV-1609D2472F2F721B | BASKET | HIDDEN_HALO | PRONG | GOLD | KT_18 | 1ct | imgs:3
[04:03:50][PEAR] [6356] ? NIV-887328CAB9FE9F5F | BASKET | HIDDEN_HALO | PRONG | PLATINUM | PT_950 | 1ct | imgs:3
[04:03:56][PEAR] [6357] ? NIV-DA06C48164790874 | BASKET | HIDDEN_HALO | PRONG | GOLD | KT_10 | 1ct | imgs:3
[04:04:02][PEAR] [6358] ? NIV-DA06C48164790874 | BASKET | HIDDEN_HALO | PRONG | GOLD | KT_10 | 1ct | imgs:3
[04:04:09][PEAR] [6359] ? NIV-DA06C48164790874 | BASKET | HIDDEN_HALO | PRONG | GOLD | KT_10 | 1ct | imgs:3
[04:04:11][PEAR] [6360] ? NIV-51514DFA931DE28A | BASKET | HIDDEN_HALO | PRONG | GOLD | KT_10 | 1ct | imgs:3
[04:04:17][PEAR] [6361] ? NIV-51514DFA931DE28A | BASKET | HIDDEN_HALO | PRONG | GOLD | KT_10 | 1ct | imgs:3
[04:04:23][PEAR] [6362] ? NIV-51514DFA931DE28A | BASKET | HIDDEN_HALO | PRONG | GOLD | KT_10 | 1ct | imgs:3
[04:04:26][PEAR] [6363] ? NIV-E6B5060C57F8B4BB | BASKET | HIDDEN_HALO | PRONG | GOLD | KT_10 | 1ct | imgs:3
[04:04:30][PEAR] [6364] ? NIV-E6B5060C57F8B4BB | BASKET | HIDDEN_HALO | PRONG | GOLD | KT_10 | 1ct | imgs:3
[04:04:35][PEAR] [6365] ? NIV-E6B5060C57F8B4BB | BASKET | HIDDEN_HALO | PRONG | GOLD | KT_10 | 1ct | imgs:3
[04:04:41][PEAR] [6366] ? NIV-5DD92618653EF29C | BASKET | HIDDEN_HALO | PRONG | GOLD | KT_14 | 1ct | imgs:1
[04:04:47][PEAR] [6367] ? NIV-5DD92618653EF29C | BASKET | HIDDEN_HALO | PRONG | GOLD | KT_14 | 1ct | imgs:3
[04:04:53][PEAR] [6368] ? NIV-5DD92618653EF29C | BASKET | HIDDEN_HALO | PRONG | GOLD | KT_14 | 1ct | imgs:3
[04:04:58][PEAR] [6369] ? NIV-34C8AFC43B289D66 | BASKET | HIDDEN_HALO | PRONG | GOLD | KT_14 | 1ct | imgs:1
[04:05:02][PEAR] [6370] ? NIV-34C8AFC43B289D66 | BASKET | HIDDEN_HALO | PRONG | GOLD | KT_14 | 1ct | imgs:3
[04:05:06][PEAR] [6371] ? NIV-34C8AFC43B289D66 | BASKET | HIDDEN_HALO | PRONG | GOLD | KT_14 | 1ct | imgs:3
[04:05:08][PEAR] [6372] ? NIV-F2B37580B0BE74B6 | BASKET | HIDDEN_HALO | PRONG | GOLD | KT_14 | 1ct | imgs:3
[04:05:12][PEAR] [6373] ? NIV-F2B37580B0BE74B6 | BASKET | HIDDEN_HALO | PRONG | GOLD | KT_14 | 1ct | imgs:3
[04:05:17][PEAR] [6374] ? NIV-F2B37580B0BE74B6 | BASKET | HIDDEN_HALO | PRONG | GOLD | KT_14 | 1ct | imgs:3
[04:05:21][PEAR] [6375] ? NIV-8CB3D07E930262B4 | BASKET | HIDDEN_HALO | PRONG | GOLD | KT_18 | 1ct | imgs:3
[04:05:27][PEAR] [6376] ? NIV-8CB3D07E930262B4 | BASKET | HIDDEN_HALO | PRONG | GOLD | KT_18 | 1ct | imgs:3
[04:05:32][PEAR] [6377] ? NIV-8CB3D07E930262B4 | BASKET | HIDDEN_HALO | PRONG | GOLD | KT_18 | 1ct | imgs:3
[04:05:36][PEAR] [6378] ? NIV-A4C4A65880C0CEF1 | BASKET | HIDDEN_HALO | PRONG | GOLD | KT_18 | 1ct | imgs:3
[04:05:41][PEAR] [6379] ? NIV-A4C4A65880C0CEF1 | BASKET | HIDDEN_HALO | PRONG | GOLD | KT_18 | 1ct | imgs:3
[04:05:45][PEAR] [6380] ? NIV-A4C4A65880C0CEF1 | BASKET | HIDDEN_HALO | PRONG | GOLD | KT_18 | 1ct | imgs:3
[04:05:47][PEAR] [6381] ? NIV-EA377B76E9A72A5F | BASKET | HIDDEN_HALO | PRONG | GOLD | KT_18 | 1ct | imgs:1
[04:05:51][PEAR] [6382] ? NIV-EA377B76E9A72A5F | BASKET | HIDDEN_HALO | PRONG | GOLD | KT_18 | 1ct | imgs:3
[04:05:54][PEAR] [6383] ? NIV-EA377B76E9A72A5F | BASKET | HIDDEN_HALO | PRONG | GOLD | KT_18 | 1ct | imgs:3
[04:05:57][PEAR] [6384] ? NIV-B15A79CF29B32755 | BASKET | HIDDEN_HALO | PRONG | PLATINUM | PT_950 | 1ct | imgs:3
[04:06:05][PEAR] [6385] ? NIV-1F1E587946C0A81A | BASKET | HIDDEN_HALO | PRONG | GOLD | KT_10 | 1ct | imgs:3
[04:06:11][PEAR] [6386] ? NIV-1F1E587946C0A81A | BASKET | HIDDEN_HALO | PRONG | GOLD | KT_10 | 1ct | imgs:3
[04:06:17][PEAR] [6387] ? NIV-1F1E587946C0A81A | BASKET | HIDDEN_HALO | PRONG | GOLD | KT_10 | 1ct | imgs:3
[04:06:20][PEAR] [6388] ? NIV-2C6FDB94576D5C72 | BASKET | HIDDEN_HALO | PRONG | GOLD | KT_10 | 1ct | imgs:3
[04:06:26][PEAR] [6389] ? NIV-2C6FDB94576D5C72 | BASKET | HIDDEN_HALO | PRONG | GOLD | KT_10 | 1ct | imgs:3
[04:06:30][PEAR] [6390] ? NIV-2C6FDB94576D5C72 | BASKET | HIDDEN_HALO | PRONG | GOLD | KT_10 | 1ct | imgs:3
[04:06:34][PEAR] [6391] ? NIV-85427CC6D695F7F7 | BASKET | HIDDEN_HALO | PRONG | GOLD | KT_10 | 1ct | imgs:2
[04:06:38][PEAR] [6392] ? NIV-85427CC6D695F7F7 | BASKET | HIDDEN_HALO | PRONG | GOLD | KT_10 | 1ct | imgs:3
[04:06:41][PEAR] [6393] ? NIV-85427CC6D695F7F7 | BASKET | HIDDEN_HALO | PRONG | GOLD | KT_10 | 1ct | imgs:3
[04:06:50][PEAR] [6394] ? NIV-EB64CB651FAF02D5 | BASKET | HIDDEN_HALO | PRONG | GOLD | KT_14 | 1ct | imgs:2
[04:06:54][PEAR] [6395] ? NIV-EB64CB651FAF02D5 | BASKET | HIDDEN_HALO | PRONG | GOLD | KT_14 | 1ct | imgs:3
[04:06:57][PEAR] [6396] ? NIV-EB64CB651FAF02D5 | BASKET | HIDDEN_HALO | PRONG | GOLD | KT_14 | 1ct | imgs:3
[04:06:59][PEAR] [6397] ? NIV-C1445FB6FB7364ED | BASKET | HIDDEN_HALO | PRONG | GOLD | KT_14 | 1ct | imgs:3
[04:07:05][PEAR] [6398] ? NIV-C1445FB6FB7364ED | BASKET | HIDDEN_HALO | PRONG | GOLD | KT_14 | 1ct | imgs:3
[04:07:08][PEAR] [6399] ? NIV-C1445FB6FB7364ED | BASKET | HIDDEN_HALO | PRONG | GOLD | KT_14 | 1ct | imgs:3
[04:07:11][PEAR] [6400] ? NIV-7F2D92B7F2D3C8D9 | BASKET | HIDDEN_HALO | PRONG | GOLD | KT_14 | 1ct | imgs:3
[04:07:17][PEAR] [6401] ? NIV-7F2D92B7F2D3C8D9 | BASKET | HIDDEN_HALO | PRONG | GOLD | KT_14 | 1ct | imgs:3
[04:07:23][PEAR] [6402] ? NIV-7F2D92B7F2D3C8D9 | BASKET | HIDDEN_HALO | PRONG | GOLD | KT_14 | 1ct | imgs:3
[04:07:31][PEAR] [6403] ? NIV-4B0C20D3E2C4B980 | BASKET | HIDDEN_HALO | PRONG | GOLD | KT_18 | 1ct | imgs:1
[04:07:35][PEAR] [6404] ? NIV-4B0C20D3E2C4B980 | BASKET | HIDDEN_HALO | PRONG | GOLD | KT_18 | 1ct | imgs:3
[04:07:38][PEAR] [6405] ? NIV-4B0C20D3E2C4B980 | BASKET | HIDDEN_HALO | PRONG | GOLD | KT_18 | 1ct | imgs:3
[04:07:42][PEAR] [6406] ? NIV-9EFF9714BD383BCE | BASKET | HIDDEN_HALO | PRONG | GOLD | KT_18 | 1ct | imgs:3
[04:07:47][PEAR] [6407] ? NIV-9EFF9714BD383BCE | BASKET | HIDDEN_HALO | PRONG | GOLD | KT_18 | 1ct | imgs:3
[04:07:51][PEAR] [6408] ? NIV-9EFF9714BD383BCE | BASKET | HIDDEN_HALO | PRONG | GOLD | KT_18 | 1ct | imgs:3
[04:07:54][PEAR] [6409] ? NIV-268CA9B62E8C2495 | BASKET | HIDDEN_HALO | PRONG | GOLD | KT_18 | 1ct | imgs:3
[04:07:59][PEAR] [6410] ? NIV-268CA9B62E8C2495 | BASKET | HIDDEN_HALO | PRONG | GOLD | KT_18 | 1ct | imgs:3
[04:08:02][PEAR] [6411] ? NIV-268CA9B62E8C2495 | BASKET | HIDDEN_HALO | PRONG | GOLD | KT_18 | 1ct | imgs:3
[04:08:13][PEAR] [6412] ??  NIV-2AEE8427F1AB08D3 | BASKET | HIDDEN_HALO | PRONG | PLATINUM | PT_950 | 1ct | imgs:0
[04:08:20][PEAR] [6413] ? NIV-3708FF2114F3DFCA | BASKET | HIDDEN_HALO | PRONG | GOLD | KT_10 | 1ct | imgs:3
[04:08:23][PEAR] [6414] ? NIV-3708FF2114F3DFCA | BASKET | HIDDEN_HALO | PRONG | GOLD | KT_10 | 1ct | imgs:3
[04:08:27][PEAR] [6415] ? NIV-3708FF2114F3DFCA | BASKET | HIDDEN_HALO | PRONG | GOLD | KT_10 | 1ct | imgs:3
[04:08:30][PEAR] [6416] ? NIV-9F28EE1DD70FB961 | BASKET | HIDDEN_HALO | PRONG | GOLD | KT_10 | 1ct | imgs:1
[04:08:35][PEAR] [6417] ? NIV-9F28EE1DD70FB961 | BASKET | HIDDEN_HALO | PRONG | GOLD | KT_10 | 1ct | imgs:3
[04:08:38][PEAR] [6418] ? NIV-9F28EE1DD70FB961 | BASKET | HIDDEN_HALO | PRONG | GOLD | KT_10 | 1ct | imgs:3
[04:08:42][PEAR] [6419] ? NIV-A5D692227DD50374 | BASKET | HIDDEN_HALO | PRONG | GOLD | KT_10 | 1ct | imgs:3
[04:08:47][PEAR] [6420] ? NIV-A5D692227DD50374 | BASKET | HIDDEN_HALO | PRONG | GOLD | KT_10 | 1ct | imgs:3
[04:08:53][PEAR] [6421] ? NIV-A5D692227DD50374 | BASKET | HIDDEN_HALO | PRONG | GOLD | KT_10 | 1ct | imgs:3
[04:09:01][PEAR] [6422] ? NIV-7421181B9DEE4BFC | BASKET | HIDDEN_HALO | PRONG | GOLD | KT_14 | 1ct | imgs:1
[04:09:05][PEAR] [6423] ? NIV-7421181B9DEE4BFC | BASKET | HIDDEN_HALO | PRONG | GOLD | KT_14 | 1ct | imgs:3
[04:09:19][PEAR] [6424] ??  NIV-7421181B9DEE4BFC | BASKET | HIDDEN_HALO | PRONG | GOLD | KT_14 | 1ct | imgs:0
[04:09:19][PEAR]   Re-seleccionando PEAR (intento 1)
[04:09:19][PEAR]   Boton no encontrado ? recargando configurador...
[04:09:58][PEAR]   Error recargando: Page.wait_for_selector: Timeout 30000ms exceeded.
Call log:
  - waiting for locator("button[data-automation-id=\"center-stone-shape-PEAR\"]") to be visible

[04:09:58][PEAR]   Re-seleccionando PEAR (intento 2)
[04:09:58][PEAR]   Boton no encontrado ? recargando configurador...
[04:10:30][PEAR]   Re-seleccionando PEAR (intento 3)
[04:10:36][PEAR] [6425] ? NIV-F90800C7F479B426 | BASKET | HIDDEN_HALO | PRONG | GOLD | KT_14 | 1ct | imgs:1
[04:10:40][PEAR] [6426] ? NIV-E9C5A8C18A98309E | BASKET | HIDDEN_HALO | PRONG | GOLD | KT_14 | 1ct | imgs:1
[04:10:43][PEAR] [6427] ? NIV-CA91397730759503 | BASKET | HIDDEN_HALO | PRONG | GOLD | KT_14 | 1ct | imgs:2
[04:10:46][PEAR] [6428] ? NIV-201813E54AAD676E | BASKET | HIDDEN_HALO | PRONG | GOLD | KT_14 | 1ct | imgs:3
[04:10:48][PEAR] [6429] ? NIV-560ECFDD33105F86 | BASKET | HIDDEN_HALO | PRONG | GOLD | KT_14 | 1ct | imgs:3
[04:10:52][PEAR] [6430] ? NIV-F0569425E60661CF | BASKET | HIDDEN_HALO | PRONG | GOLD | KT_14 | 1ct | imgs:3
[04:10:55][PEAR] [6431] ? NIV-AABD95B950B34DF1 | BASKET | HIDDEN_HALO | PRONG | GOLD | KT_18 | 1ct | imgs:3
[04:10:58][PEAR] [6432] ? NIV-89E0F50132F79B32 | BASKET | HIDDEN_HALO | PRONG | GOLD | KT_18 | 1ct | imgs:3
[04:11:02][PEAR] [6433] ? NIV-C175F6C1D9DECDAB | BASKET | HIDDEN_HALO | PRONG | GOLD | KT_18 | 1ct | imgs:1
[04:11:07][PEAR] [6434] ? NIV-3856082831231231 | BASKET | HIDDEN_HALO | PRONG | GOLD | KT_18 | 1ct | imgs:3
[04:11:10][PEAR] [6435] ? NIV-FE6898A5C1792CC1 | BASKET | HIDDEN_HALO | PRONG | GOLD | KT_18 | 1ct | imgs:1
[04:11:15][PEAR] [6436] ? NIV-87E99FDAFFF17281 | BASKET | HIDDEN_HALO | PRONG | GOLD | KT_18 | 1ct | imgs:1
[04:11:21][PEAR] [6437] ? NIV-853B5380A5203887 | BASKET | HIDDEN_HALO | PRONG | GOLD | KT_18 | 1ct | imgs:3
[04:11:25][PEAR] [6438] ? NIV-79B08F9F0CE078D3 | BASKET | HIDDEN_HALO | PRONG | GOLD | KT_18 | 1ct | imgs:2
[04:11:28][PEAR] [6439] ? NIV-2B5A34D8091A2722 | BASKET | HIDDEN_HALO | PRONG | GOLD | KT_18 | 1ct | imgs:3
[04:11:31][PEAR] [6440] ? NIV-3580C704CD6D41A8 | BASKET | HIDDEN_HALO | PRONG | PLATINUM | PT_950 | 1ct | imgs:3
[04:11:37][PEAR] [6441] ? NIV-74AED66FDACF512C | BASKET | HIDDEN_HALO | PRONG | GOLD | KT_10 | 1ct | imgs:3
[04:11:43][PEAR] [6442] ? NIV-74AED66FDACF512C | BASKET | HIDDEN_HALO | PRONG | GOLD | KT_10 | 1ct | imgs:3
[04:11:49][PEAR] [6443] ? NIV-74AED66FDACF512C | BASKET | HIDDEN_HALO | PRONG | GOLD | KT_10 | 1ct | imgs:3
[04:11:52][PEAR] [6444] ? NIV-D955E591A46055C4 | BASKET | HIDDEN_HALO | PRONG | GOLD | KT_10 | 1ct | imgs:1
[04:11:58][PEAR] [6445] ? NIV-D955E591A46055C4 | BASKET | HIDDEN_HALO | PRONG | GOLD | KT_10 | 1ct | imgs:3
[04:12:04][PEAR] [6446] ? NIV-D955E591A46055C4 | BASKET | HIDDEN_HALO | PRONG | GOLD | KT_10 | 1ct | imgs:3
[04:12:07][PEAR] [6447] ? NIV-C1050C0AD02DB593 | BASKET | HIDDEN_HALO | PRONG | GOLD | KT_10 | 1ct | imgs:3
[04:12:10][PEAR] [6448] ? NIV-C1050C0AD02DB593 | BASKET | HIDDEN_HALO | PRONG | GOLD | KT_10 | 1ct | imgs:3
[04:12:13][PEAR] [6449] ? NIV-C1050C0AD02DB593 | BASKET | HIDDEN_HALO | PRONG | GOLD | KT_10 | 1ct | imgs:3
[04:12:16][PEAR] [6450] ? NIV-2CB954A1C83D6368 | BASKET | HIDDEN_HALO | PRONG | GOLD | KT_14 | 1ct | imgs:1
[04:12:22][PEAR] [6451] ? NIV-2CB954A1C83D6368 | BASKET | HIDDEN_HALO | PRONG | GOLD | KT_14 | 1ct | imgs:3
[04:12:28][PEAR] [6452] ? NIV-2CB954A1C83D6368 | BASKET | HIDDEN_HALO | PRONG | GOLD | KT_14 | 1ct | imgs:3
[04:12:34][PEAR] [6453] ? NIV-C8F61AC79C0D7A5F | BASKET | HIDDEN_HALO | PRONG | GOLD | KT_14 | 1ct | imgs:1
[04:12:40][PEAR] [6454] ? NIV-C8F61AC79C0D7A5F | BASKET | HIDDEN_HALO | PRONG | GOLD | KT_14 | 1ct | imgs:3
[04:12:46][PEAR] [6455] ? NIV-C8F61AC79C0D7A5F | BASKET | HIDDEN_HALO | PRONG | GOLD | KT_14 | 1ct | imgs:3
[04:12:49][PEAR] [6456] ? NIV-DD06738375118ED2 | BASKET | HIDDEN_HALO | PRONG | GOLD | KT_14 | 1ct | imgs:3
[04:12:52][PEAR] [6457] ? NIV-DD06738375118ED2 | BASKET | HIDDEN_HALO | PRONG | GOLD | KT_14 | 1ct | imgs:3
[04:12:58][PEAR] [6458] ? NIV-DD06738375118ED2 | BASKET | HIDDEN_HALO | PRONG | GOLD | KT_14 | 1ct | imgs:3
[04:13:03][PEAR] [6459] ? NIV-7DE91347E461A405 | BASKET | HIDDEN_HALO | PRONG | GOLD | KT_18 | 1ct | imgs:3
[04:13:07][PEAR] [6460] ? NIV-7DE91347E461A405 | BASKET | HIDDEN_HALO | PRONG | GOLD | KT_18 | 1ct | imgs:3
[04:13:13][PEAR] [6461] ? NIV-7DE91347E461A405 | BASKET | HIDDEN_HALO | PRONG | GOLD | KT_18 | 1ct | imgs:3
[04:13:16][PEAR] [6462] ? NIV-1BD27927E3929A3E | BASKET | HIDDEN_HALO | PRONG | GOLD | KT_18 | 1ct | imgs:3
[04:13:22][PEAR] [6463] ? NIV-1BD27927E3929A3E | BASKET | HIDDEN_HALO | PRONG | GOLD | KT_18 | 1ct | imgs:3
[04:13:28][PEAR] [6464] ? NIV-1BD27927E3929A3E | BASKET | HIDDEN_HALO | PRONG | GOLD | KT_18 | 1ct | imgs:3
[04:13:31][PEAR] [6465] ? NIV-3D06FBF6A303AE56 | BASKET | HIDDEN_HALO | PRONG | GOLD | KT_18 | 1ct | imgs:3
[04:13:37][PEAR] [6466] ? NIV-3D06FBF6A303AE56 | BASKET | HIDDEN_HALO | PRONG | GOLD | KT_18 | 1ct | imgs:3
[04:13:40][PEAR] [6467] ? NIV-3D06FBF6A303AE56 | BASKET | HIDDEN_HALO | PRONG | GOLD | KT_18 | 1ct | imgs:3
[04:13:46][PEAR] [6468] ? NIV-D7C968CC9F7C5936 | BASKET | HIDDEN_HALO | PRONG | PLATINUM | PT_950 | 1ct | imgs:3
[04:13:54][PEAR] [6469] ? NIV-4D4E2285F7377E17 | BASKET | HIDDEN_HALO | BEAD | GOLD | KT_10 | 1ct | imgs:3
[04:13:58][PEAR] [6470] ? NIV-4D4E2285F7377E17 | BASKET | HIDDEN_HALO | BEAD | GOLD | KT_10 | 1ct | imgs:3
[04:14:01][PEAR] [6471] ? NIV-4D4E2285F7377E17 | BASKET | HIDDEN_HALO | BEAD | GOLD | KT_10 | 1ct | imgs:3
[04:14:07][PEAR] [6472] ? NIV-EFAC0C7F8740A887 | BASKET | HIDDEN_HALO | BEAD | GOLD | KT_10 | 1ct | imgs:2
[04:14:10][PEAR] [6473] ? NIV-EFAC0C7F8740A887 | BASKET | HIDDEN_HALO | BEAD | GOLD | KT_10 | 1ct | imgs:3
[04:14:15][PEAR] [6474] ? NIV-EFAC0C7F8740A887 | BASKET | HIDDEN_HALO | BEAD | GOLD | KT_10 | 1ct | imgs:3
[04:14:19][PEAR] [6475] ? NIV-1741FA8C01F2D72B | BASKET | HIDDEN_HALO | BEAD | GOLD | KT_10 | 1ct | imgs:3
[04:14:25][PEAR] [6476] ? NIV-1741FA8C01F2D72B | BASKET | HIDDEN_HALO | BEAD | GOLD | KT_10 | 1ct | imgs:3
[04:14:28][PEAR] [6477] ? NIV-1741FA8C01F2D72B | BASKET | HIDDEN_HALO | BEAD | GOLD | KT_10 | 1ct | imgs:3
[04:14:34][PEAR] [6478] ? NIV-E08CF2D6EC5E6466 | BASKET | HIDDEN_HALO | BEAD | GOLD | KT_14 | 1ct | imgs:1
[04:14:40][PEAR] [6479] ? NIV-E08CF2D6EC5E6466 | BASKET | HIDDEN_HALO | BEAD | GOLD | KT_14 | 1ct | imgs:3
[04:14:46][PEAR] [6480] ? NIV-E08CF2D6EC5E6466 | BASKET | HIDDEN_HALO | BEAD | GOLD | KT_14 | 1ct | imgs:3
[04:14:53][PEAR] [6481] ? NIV-9F75ECE3B8D99600 | BASKET | HIDDEN_HALO | BEAD | GOLD | KT_14 | 1ct | imgs:2
[04:14:58][PEAR] [6482] ? NIV-9F75ECE3B8D99600 | BASKET | HIDDEN_HALO | BEAD | GOLD | KT_14 | 1ct | imgs:3
[04:15:04][PEAR] [6483] ? NIV-9F75ECE3B8D99600 | BASKET | HIDDEN_HALO | BEAD | GOLD | KT_14 | 1ct | imgs:3
[04:15:07][PEAR] [6484] ? NIV-FAD0EECB8EFEF170 | BASKET | HIDDEN_HALO | BEAD | GOLD | KT_14 | 1ct | imgs:3
[04:15:13][PEAR] [6485] ? NIV-FAD0EECB8EFEF170 | BASKET | HIDDEN_HALO | BEAD | GOLD | KT_14 | 1ct | imgs:3
[04:15:16][PEAR] [6486] ? NIV-FAD0EECB8EFEF170 | BASKET | HIDDEN_HALO | BEAD | GOLD | KT_14 | 1ct | imgs:3
[04:15:22][PEAR] [6487] ? NIV-0340FB5A708B621B | BASKET | HIDDEN_HALO | BEAD | GOLD | KT_18 | 1ct | imgs:1
[04:15:28][PEAR] [6488] ? NIV-0340FB5A708B621B | BASKET | HIDDEN_HALO | BEAD | GOLD | KT_18 | 1ct | imgs:3
[04:15:34][PEAR] [6489] ? NIV-0340FB5A708B621B | BASKET | HIDDEN_HALO | BEAD | GOLD | KT_18 | 1ct | imgs:3
[04:15:37][PEAR] [6490] ? NIV-00DC743A48B199C7 | BASKET | HIDDEN_HALO | BEAD | GOLD | KT_18 | 1ct | imgs:3
[04:15:43][PEAR] [6491] ? NIV-00DC743A48B199C7 | BASKET | HIDDEN_HALO | BEAD | GOLD | KT_18 | 1ct | imgs:3
[04:15:46][PEAR] [6492] ? NIV-00DC743A48B199C7 | BASKET | HIDDEN_HALO | BEAD | GOLD | KT_18 | 1ct | imgs:3
[04:15:52][PEAR] [6493] ? NIV-C45640AB50970818 | BASKET | HIDDEN_HALO | BEAD | GOLD | KT_18 | 1ct | imgs:3
[04:15:55][PEAR] [6494] ? NIV-C45640AB50970818 | BASKET | HIDDEN_HALO | BEAD | GOLD | KT_18 | 1ct | imgs:3
[04:15:58][PEAR] [6495] ? NIV-C45640AB50970818 | BASKET | HIDDEN_HALO | BEAD | GOLD | KT_18 | 1ct | imgs:3
[04:16:01][PEAR] [6496] ? NIV-8C8D98F6E3CDEFF1 | BASKET | HIDDEN_HALO | BEAD | PLATINUM | PT_950 | 1ct | imgs:3
[04:16:07][PEAR] [6497] ? NIV-8C4C3428845B12DB | BASKET | HIDDEN_HALO | BEAD | GOLD | KT_10 | 1ct | imgs:3
[04:16:10][PEAR] [6498] ? NIV-8C4C3428845B12DB | BASKET | HIDDEN_HALO | BEAD | GOLD | KT_10 | 1ct | imgs:3
[04:16:15][PEAR] [6499] ? NIV-8C4C3428845B12DB | BASKET | HIDDEN_HALO | BEAD | GOLD | KT_10 | 1ct | imgs:3
[04:16:18][PEAR] [6500] ? NIV-12DB08FA42B9F941 | BASKET | HIDDEN_HALO | BEAD | GOLD | KT_10 | 1ct | imgs:3
[04:16:25][PEAR] [6501] ? NIV-12DB08FA42B9F941 | BASKET | HIDDEN_HALO | BEAD | GOLD | KT_10 | 1ct | imgs:3
[04:16:31][PEAR] [6502] ? NIV-12DB08FA42B9F941 | BASKET | HIDDEN_HALO | BEAD | GOLD | KT_10 | 1ct | imgs:3
[04:16:34][PEAR] [6503] ? NIV-476E9FA874C9F77D | BASKET | HIDDEN_HALO | BEAD | GOLD | KT_10 | 1ct | imgs:1
[04:16:40][PEAR] [6504] ? NIV-476E9FA874C9F77D | BASKET | HIDDEN_HALO | BEAD | GOLD | KT_10 | 1ct | imgs:3
[04:16:46][PEAR] [6505] ? NIV-476E9FA874C9F77D | BASKET | HIDDEN_HALO | BEAD | GOLD | KT_10 | 1ct | imgs:3
[04:16:52][PEAR] [6506] ? NIV-AB007BA3A496F4EC | BASKET | HIDDEN_HALO | BEAD | GOLD | KT_14 | 1ct | imgs:1
[04:16:58][PEAR] [6507] ? NIV-AB007BA3A496F4EC | BASKET | HIDDEN_HALO | BEAD | GOLD | KT_14 | 1ct | imgs:3
[04:17:01][PEAR] [6508] ? NIV-AB007BA3A496F4EC | BASKET | HIDDEN_HALO | BEAD | GOLD | KT_14 | 1ct | imgs:3
[04:17:04][PEAR] [6509] ? NIV-B2CDEA342850A7DD | BASKET | HIDDEN_HALO | BEAD | GOLD | KT_14 | 1ct | imgs:2
[04:17:10][PEAR] [6510] ? NIV-B2CDEA342850A7DD | BASKET | HIDDEN_HALO | BEAD | GOLD | KT_14 | 1ct | imgs:3
[04:17:13][PEAR] [6511] ? NIV-B2CDEA342850A7DD | BASKET | HIDDEN_HALO | BEAD | GOLD | KT_14 | 1ct | imgs:3
[04:17:16][PEAR] [6512] ? NIV-4C1947C60EAF501B | BASKET | HIDDEN_HALO | BEAD | GOLD | KT_14 | 1ct | imgs:3
[04:17:19][PEAR] [6513] ? NIV-4C1947C60EAF501B | BASKET | HIDDEN_HALO | BEAD | GOLD | KT_14 | 1ct | imgs:3
[04:17:25][PEAR] [6514] ? NIV-4C1947C60EAF501B | BASKET | HIDDEN_HALO | BEAD | GOLD | KT_14 | 1ct | imgs:3
[04:17:38][PEAR] [6515] ? NIV-826A5C83EA627AB1 | BASKET | HIDDEN_HALO | BEAD | GOLD | KT_18 | 1ct | imgs:1
[04:17:43][PEAR] [6516] ? NIV-826A5C83EA627AB1 | BASKET | HIDDEN_HALO | BEAD | GOLD | KT_18 | 1ct | imgs:3
[04:17:49][PEAR] [6517] ? NIV-826A5C83EA627AB1 | BASKET | HIDDEN_HALO | BEAD | GOLD | KT_18 | 1ct | imgs:3
[04:17:53][PEAR] [6518] ? NIV-678E10DF233D0517 | BASKET | HIDDEN_HALO | BEAD | GOLD | KT_18 | 1ct | imgs:1
[04:17:58][PEAR] [6519] ? NIV-678E10DF233D0517 | BASKET | HIDDEN_HALO | BEAD | GOLD | KT_18 | 1ct | imgs:3
[04:18:01][PEAR] [6520] ? NIV-678E10DF233D0517 | BASKET | HIDDEN_HALO | BEAD | GOLD | KT_18 | 1ct | imgs:3
[04:18:04][PEAR] [6521] ? NIV-4F0A58E8445B4B55 | BASKET | HIDDEN_HALO | BEAD | GOLD | KT_18 | 1ct | imgs:3
[04:18:07][PEAR] [6522] ? NIV-4F0A58E8445B4B55 | BASKET | HIDDEN_HALO | BEAD | GOLD | KT_18 | 1ct | imgs:3
[04:18:13][PEAR] [6523] ? NIV-4F0A58E8445B4B55 | BASKET | HIDDEN_HALO | BEAD | GOLD | KT_18 | 1ct | imgs:3
[04:18:16][PEAR] [6524] ? NIV-2E094D48ABC90E76 | BASKET | HIDDEN_HALO | BEAD | PLATINUM | PT_950 | 1ct | imgs:3
[04:18:22][PEAR] [6525] ? NIV-1D72BAA052996CC4 | BASKET | HIDDEN_HALO | BEAD | GOLD | KT_10 | 1ct | imgs:3
[04:18:25][PEAR] [6526] ? NIV-1D72BAA052996CC4 | BASKET | HIDDEN_HALO | BEAD | GOLD | KT_10 | 1ct | imgs:3
[04:18:31][PEAR] [6527] ? NIV-1D72BAA052996CC4 | BASKET | HIDDEN_HALO | BEAD | GOLD | KT_10 | 1ct | imgs:3
[04:18:36][PEAR] [6528] ? NIV-C14436DF0E66BA59 | BASKET | HIDDEN_HALO | BEAD | GOLD | KT_10 | 1ct | imgs:3
[04:18:40][PEAR] [6529] ? NIV-C14436DF0E66BA59 | BASKET | HIDDEN_HALO | BEAD | GOLD | KT_10 | 1ct | imgs:3
[04:18:46][PEAR] [6530] ? NIV-C14436DF0E66BA59 | BASKET | HIDDEN_HALO | BEAD | GOLD | KT_10 | 1ct | imgs:3
[04:18:54][PEAR] [6531] ? NIV-F0904DE438B8852A | BASKET | HIDDEN_HALO | BEAD | GOLD | KT_10 | 1ct | imgs:1
[04:19:01][PEAR] [6532] ? NIV-F0904DE438B8852A | BASKET | HIDDEN_HALO | BEAD | GOLD | KT_10 | 1ct | imgs:3
[04:19:04][PEAR] [6533] ? NIV-F0904DE438B8852A | BASKET | HIDDEN_HALO | BEAD | GOLD | KT_10 | 1ct | imgs:3
[04:19:07][PEAR] [6534] ? NIV-69054F7EDF401A94 | BASKET | HIDDEN_HALO | BEAD | GOLD | KT_14 | 1ct | imgs:1
[04:19:13][PEAR] [6535] ? NIV-69054F7EDF401A94 | BASKET | HIDDEN_HALO | BEAD | GOLD | KT_14 | 1ct | imgs:3
[04:19:19][PEAR] [6536] ? NIV-69054F7EDF401A94 | BASKET | HIDDEN_HALO | BEAD | GOLD | KT_14 | 1ct | imgs:3
[04:19:25][PEAR] [6537] ? NIV-8D9905213AAEBB9D | BASKET | HIDDEN_HALO | BEAD | GOLD | KT_14 | 1ct | imgs:1
[04:19:31][PEAR] [6538] ? NIV-8D9905213AAEBB9D | BASKET | HIDDEN_HALO | BEAD | GOLD | KT_14 | 1ct | imgs:3
[04:19:34][PEAR] [6539] ? NIV-8D9905213AAEBB9D | BASKET | HIDDEN_HALO | BEAD | GOLD | KT_14 | 1ct | imgs:3
[04:19:37][PEAR] [6540] ? NIV-17572AB15EFAD8F5 | BASKET | HIDDEN_HALO | BEAD | GOLD | KT_14 | 1ct | imgs:3
[04:19:43][PEAR] [6541] ? NIV-17572AB15EFAD8F5 | BASKET | HIDDEN_HALO | BEAD | GOLD | KT_14 | 1ct | imgs:3
[04:19:49][PEAR] [6542] ? NIV-17572AB15EFAD8F5 | BASKET | HIDDEN_HALO | BEAD | GOLD | KT_14 | 1ct | imgs:3
[04:19:56][PEAR] [6543] ? NIV-5165785B424DDC61 | BASKET | HIDDEN_HALO | BEAD | GOLD | KT_18 | 1ct | imgs:1
[04:20:01][PEAR] [6544] ? NIV-5165785B424DDC61 | BASKET | HIDDEN_HALO | BEAD | GOLD | KT_18 | 1ct | imgs:3
[04:20:04][PEAR] [6545] ? NIV-5165785B424DDC61 | BASKET | HIDDEN_HALO | BEAD | GOLD | KT_18 | 1ct | imgs:3
[04:20:08][PEAR] [6546] ? NIV-ED0CDAA69471041D | BASKET | HIDDEN_HALO | BEAD | GOLD | KT_18 | 1ct | imgs:1
[04:20:13][PEAR] [6547] ? NIV-ED0CDAA69471041D | BASKET | HIDDEN_HALO | BEAD | GOLD | KT_18 | 1ct | imgs:3
[04:20:19][PEAR] [6548] ? NIV-ED0CDAA69471041D | BASKET | HIDDEN_HALO | BEAD | GOLD | KT_18 | 1ct | imgs:3
[04:20:22][PEAR] [6549] ? NIV-D7A25E377534E163 | BASKET | HIDDEN_HALO | BEAD | GOLD | KT_18 | 1ct | imgs:3
[04:20:25][PEAR] [6550] ? NIV-D7A25E377534E163 | BASKET | HIDDEN_HALO | BEAD | GOLD | KT_18 | 1ct | imgs:3
[04:20:28][PEAR] [6551] ? NIV-D7A25E377534E163 | BASKET | HIDDEN_HALO | BEAD | GOLD | KT_18 | 1ct | imgs:3
[04:20:31][PEAR] [6552] ? NIV-E48877322E26656C | BASKET | HIDDEN_HALO | BEAD | PLATINUM | PT_950 | 1ct | imgs:3
[04:20:45][PEAR] [6553] ??  NIV-C5483D867BE5FD88 | BASKET | HIDDEN_HALO | BEAD | GOLD | KT_10 | 1ct | imgs:0
[04:20:49][PEAR] [6554] ? NIV-C5483D867BE5FD88 | BASKET | HIDDEN_HALO | BEAD | GOLD | KT_10 | 1ct | imgs:3
[04:20:54][PEAR] [6555] ? NIV-C5483D867BE5FD88 | BASKET | HIDDEN_HALO | BEAD | GOLD | KT_10 | 1ct | imgs:3
[04:20:57][PEAR] [6556] ? NIV-DE10627A71D6EB7A | BASKET | HIDDEN_HALO | BEAD | GOLD | KT_10 | 1ct | imgs:3
[04:21:01][PEAR] [6557] ? NIV-DE10627A71D6EB7A | BASKET | HIDDEN_HALO | BEAD | GOLD | KT_10 | 1ct | imgs:3
[04:21:07][PEAR] [6558] ? NIV-DE10627A71D6EB7A | BASKET | HIDDEN_HALO | BEAD | GOLD | KT_10 | 1ct | imgs:3
[04:21:10][PEAR] [6559] ? NIV-6CA70A8B54BC0E5F | BASKET | HIDDEN_HALO | BEAD | GOLD | KT_10 | 1ct | imgs:1
[04:21:13][PEAR] [6560] ? NIV-6CA70A8B54BC0E5F | BASKET | HIDDEN_HALO | BEAD | GOLD | KT_10 | 1ct | imgs:3
[04:21:18][PEAR] [6561] ? NIV-6CA70A8B54BC0E5F | BASKET | HIDDEN_HALO | BEAD | GOLD | KT_10 | 1ct | imgs:3
[04:21:24][PEAR] [6562] ? NIV-EAE027D46EC224D9 | BASKET | HIDDEN_HALO | BEAD | GOLD | KT_14 | 1ct | imgs:3
[04:21:28][PEAR] [6563] ? NIV-EAE027D46EC224D9 | BASKET | HIDDEN_HALO | BEAD | GOLD | KT_14 | 1ct | imgs:3
[04:21:31][PEAR] [6564] ? NIV-EAE027D46EC224D9 | BASKET | HIDDEN_HALO | BEAD | GOLD | KT_14 | 1ct | imgs:3
[04:21:34][PEAR] [6565] ? NIV-D39A095232BD53EC | BASKET | HIDDEN_HALO | BEAD | GOLD | KT_14 | 1ct | imgs:3
[04:21:40][PEAR] [6566] ? NIV-D39A095232BD53EC | BASKET | HIDDEN_HALO | BEAD | GOLD | KT_14 | 1ct | imgs:3
[04:21:45][PEAR] [6567] ? NIV-D39A095232BD53EC | BASKET | HIDDEN_HALO | BEAD | GOLD | KT_14 | 1ct | imgs:3
[04:21:49][PEAR] [6568] ? NIV-3CD63820DEC7A913 | BASKET | HIDDEN_HALO | BEAD | GOLD | KT_14 | 1ct | imgs:3
[04:21:55][PEAR] [6569] ? NIV-3CD63820DEC7A913 | BASKET | HIDDEN_HALO | BEAD | GOLD | KT_14 | 1ct | imgs:3
[04:21:58][PEAR] [6570] ? NIV-3CD63820DEC7A913 | BASKET | HIDDEN_HALO | BEAD | GOLD | KT_14 | 1ct | imgs:3
[04:22:04][PEAR] [6571] ? NIV-A595C743029608AE | BASKET | HIDDEN_HALO | BEAD | GOLD | KT_18 | 1ct | imgs:3
[04:22:10][PEAR] [6572] ? NIV-A595C743029608AE | BASKET | HIDDEN_HALO | BEAD | GOLD | KT_18 | 1ct | imgs:3
[04:22:13][PEAR] [6573] ? NIV-A595C743029608AE | BASKET | HIDDEN_HALO | BEAD | GOLD | KT_18 | 1ct | imgs:3
[04:22:17][PEAR] [6574] ? NIV-0062BBC5B50651D6 | BASKET | HIDDEN_HALO | BEAD | GOLD | KT_18 | 1ct | imgs:1
[04:22:22][PEAR] [6575] ? NIV-0062BBC5B50651D6 | BASKET | HIDDEN_HALO | BEAD | GOLD | KT_18 | 1ct | imgs:3
[04:22:25][PEAR] [6576] ? NIV-0062BBC5B50651D6 | BASKET | HIDDEN_HALO | BEAD | GOLD | KT_18 | 1ct | imgs:3
[04:22:27][PEAR] [6577] ? NIV-97ADBE3CB216F801 | BASKET | HIDDEN_HALO | BEAD | GOLD | KT_18 | 1ct | imgs:3
[04:22:31][PEAR] [6578] ? NIV-97ADBE3CB216F801 | BASKET | HIDDEN_HALO | BEAD | GOLD | KT_18 | 1ct | imgs:3
[04:22:37][PEAR] [6579] ? NIV-97ADBE3CB216F801 | BASKET | HIDDEN_HALO | BEAD | GOLD | KT_18 | 1ct | imgs:3
[04:22:43][PEAR] [6580] ? NIV-83AE89D899BC4F4E | BASKET | HIDDEN_HALO | BEAD | PLATINUM | PT_950 | 1ct | imgs:3
[04:22:49][PEAR] [6581] ? NIV-C6AC7E9E5826B391 | BASKET | HIDDEN_HALO | BEAD | GOLD | KT_10 | 1ct | imgs:3
[04:22:55][PEAR] [6582] ? NIV-C6AC7E9E5826B391 | BASKET | HIDDEN_HALO | BEAD | GOLD | KT_10 | 1ct | imgs:3
[04:22:58][PEAR] [6583] ? NIV-C6AC7E9E5826B391 | BASKET | HIDDEN_HALO | BEAD | GOLD | KT_10 | 1ct | imgs:3
[04:23:01][PEAR] [6584] ? NIV-C5F58D9582E55F94 | BASKET | HIDDEN_HALO | BEAD | GOLD | KT_10 | 1ct | imgs:3
[04:23:07][PEAR] [6585] ? NIV-C5F58D9582E55F94 | BASKET | HIDDEN_HALO | BEAD | GOLD | KT_10 | 1ct | imgs:3
[04:23:13][PEAR] [6586] ? NIV-C5F58D9582E55F94 | BASKET | HIDDEN_HALO | BEAD | GOLD | KT_10 | 1ct | imgs:3
[04:23:16][PEAR] [6587] ? NIV-BADBA428AE90D5B4 | BASKET | HIDDEN_HALO | BEAD | GOLD | KT_10 | 1ct | imgs:3
[04:23:22][PEAR] [6588] ? NIV-BADBA428AE90D5B4 | BASKET | HIDDEN_HALO | BEAD | GOLD | KT_10 | 1ct | imgs:3
[04:23:28][PEAR] [6589] ? NIV-BADBA428AE90D5B4 | BASKET | HIDDEN_HALO | BEAD | GOLD | KT_10 | 1ct | imgs:3
[04:23:34][PEAR] [6590] ? NIV-B5C91F765D3145CA | BASKET | HIDDEN_HALO | BEAD | GOLD | KT_14 | 1ct | imgs:3
[04:23:40][PEAR] [6591] ? NIV-B5C91F765D3145CA | BASKET | HIDDEN_HALO | BEAD | GOLD | KT_14 | 1ct | imgs:3
[04:23:43][PEAR] [6592] ? NIV-B5C91F765D3145CA | BASKET | HIDDEN_HALO | BEAD | GOLD | KT_14 | 1ct | imgs:3
[04:23:52][PEAR] [6593] ? NIV-4407F4585D3A01CD | BASKET | HIDDEN_HALO | BEAD | GOLD | KT_14 | 1ct | imgs:1
[04:23:58][PEAR] [6594] ? NIV-4407F4585D3A01CD | BASKET | HIDDEN_HALO | BEAD | GOLD | KT_14 | 1ct | imgs:3
[04:24:04][PEAR] [6595] ? NIV-4407F4585D3A01CD | BASKET | HIDDEN_HALO | BEAD | GOLD | KT_14 | 1ct | imgs:3
[04:24:08][PEAR] [6596] ? NIV-3BDBB563B6412125 | BASKET | HIDDEN_HALO | BEAD | GOLD | KT_14 | 1ct | imgs:1
[04:24:13][PEAR] [6597] ? NIV-3BDBB563B6412125 | BASKET | HIDDEN_HALO | BEAD | GOLD | KT_14 | 1ct | imgs:3
[04:24:19][PEAR] [6598] ? NIV-3BDBB563B6412125 | BASKET | HIDDEN_HALO | BEAD | GOLD | KT_14 | 1ct | imgs:3
[04:24:22][PEAR] [6599] ? NIV-2312DA101425EC14 | BASKET | HIDDEN_HALO | BEAD | GOLD | KT_18 | 1ct | imgs:3
[04:24:28][PEAR] [6600] ? NIV-2312DA101425EC14 | BASKET | HIDDEN_HALO | BEAD | GOLD | KT_18 | 1ct | imgs:3
[04:24:34][PEAR] [6601] ? NIV-2312DA101425EC14 | BASKET | HIDDEN_HALO | BEAD | GOLD | KT_18 | 1ct | imgs:3
[04:24:39][PEAR] [6602] ? NIV-9DBF12FE941788FE | BASKET | HIDDEN_HALO | BEAD | GOLD | KT_18 | 1ct | imgs:1
[04:24:46][PEAR] [6603] ? NIV-9DBF12FE941788FE | BASKET | HIDDEN_HALO | BEAD | GOLD | KT_18 | 1ct | imgs:3
[04:24:52][PEAR] [6604] ? NIV-9DBF12FE941788FE | BASKET | HIDDEN_HALO | BEAD | GOLD | KT_18 | 1ct | imgs:3
[04:24:55][PEAR] [6605] ? NIV-6682C47AB405BE81 | BASKET | HIDDEN_HALO | BEAD | GOLD | KT_18 | 1ct | imgs:2
[04:24:58][PEAR] [6606] ? NIV-6682C47AB405BE81 | BASKET | HIDDEN_HALO | BEAD | GOLD | KT_18 | 1ct | imgs:3
[04:25:04][PEAR] [6607] ? NIV-6682C47AB405BE81 | BASKET | HIDDEN_HALO | BEAD | GOLD | KT_18 | 1ct | imgs:3
[04:25:07][PEAR] [6608] ? NIV-803A228ABD4CDE22 | BASKET | HIDDEN_HALO | BEAD | PLATINUM | PT_950 | 1ct | imgs:3
[04:25:14][PEAR] [6609] ? NIV-7DB4B074AC30B149 | BASKET | HIDDEN_HALO | BEAD | GOLD | KT_10 | 1ct | imgs:1
[04:25:19][PEAR] [6610] ? NIV-7DB4B074AC30B149 | BASKET | HIDDEN_HALO | BEAD | GOLD | KT_10 | 1ct | imgs:3
[04:25:22][PEAR] [6611] ? NIV-7DB4B074AC30B149 | BASKET | HIDDEN_HALO | BEAD | GOLD | KT_10 | 1ct | imgs:3
[04:25:29][PEAR] [6612] ? NIV-09397DCFD250888E | BASKET | HIDDEN_HALO | BEAD | GOLD | KT_10 | 1ct | imgs:1
[04:25:34][PEAR] [6613] ? NIV-09397DCFD250888E | BASKET | HIDDEN_HALO | BEAD | GOLD | KT_10 | 1ct | imgs:3
[04:25:40][PEAR] [6614] ? NIV-09397DCFD250888E | BASKET | HIDDEN_HALO | BEAD | GOLD | KT_10 | 1ct | imgs:3
[04:25:45][PEAR] [6615] ? NIV-60EE3281109A50A6 | BASKET | HIDDEN_HALO | BEAD | GOLD | KT_10 | 1ct | imgs:1
[04:25:49][PEAR] [6616] ? NIV-60EE3281109A50A6 | BASKET | HIDDEN_HALO | BEAD | GOLD | KT_10 | 1ct | imgs:3
[04:25:54][PEAR] [6617] ? NIV-60EE3281109A50A6 | BASKET | HIDDEN_HALO | BEAD | GOLD | KT_10 | 1ct | imgs:3
[04:25:58][PEAR] [6618] ? NIV-670E7C87617EF791 | BASKET | HIDDEN_HALO | BEAD | GOLD | KT_14 | 1ct | imgs:2
[04:26:04][PEAR] [6619] ? NIV-670E7C87617EF791 | BASKET | HIDDEN_HALO | BEAD | GOLD | KT_14 | 1ct | imgs:3
[04:26:10][PEAR] [6620] ? NIV-670E7C87617EF791 | BASKET | HIDDEN_HALO | BEAD | GOLD | KT_14 | 1ct | imgs:3
[04:26:16][PEAR] [6621] ? NIV-1B7489B31E2B0FC9 | BASKET | HIDDEN_HALO | BEAD | GOLD | KT_14 | 1ct | imgs:3
[04:26:22][PEAR] [6622] ? NIV-1B7489B31E2B0FC9 | BASKET | HIDDEN_HALO | BEAD | GOLD | KT_14 | 1ct | imgs:3
[04:26:25][PEAR] [6623] ? NIV-1B7489B31E2B0FC9 | BASKET | HIDDEN_HALO | BEAD | GOLD | KT_14 | 1ct | imgs:3
[04:26:28][PEAR] [6624] ? NIV-649BEC595A37D22E | BASKET | HIDDEN_HALO | BEAD | GOLD | KT_14 | 1ct | imgs:3
[04:26:34][PEAR] [6625] ? NIV-649BEC595A37D22E | BASKET | HIDDEN_HALO | BEAD | GOLD | KT_14 | 1ct | imgs:3
[04:26:39][PEAR] [6626] ? NIV-649BEC595A37D22E | BASKET | HIDDEN_HALO | BEAD | GOLD | KT_14 | 1ct | imgs:3
[04:26:42][PEAR] [6627] ? NIV-0848361771818297 | BASKET | HIDDEN_HALO | BEAD | GOLD | KT_18 | 1ct | imgs:3
[04:26:46][PEAR] [6628] ? NIV-0848361771818297 | BASKET | HIDDEN_HALO | BEAD | GOLD | KT_18 | 1ct | imgs:3
[04:26:52][PEAR] [6629] ? NIV-0848361771818297 | BASKET | HIDDEN_HALO | BEAD | GOLD | KT_18 | 1ct | imgs:3
[04:26:55][PEAR] [6630] ? NIV-F6E024013168BF33 | BASKET | HIDDEN_HALO | BEAD | GOLD | KT_18 | 1ct | imgs:3
[04:27:01][PEAR] [6631] ? NIV-F6E024013168BF33 | BASKET | HIDDEN_HALO | BEAD | GOLD | KT_18 | 1ct | imgs:3
[04:27:07][PEAR] [6632] ? NIV-F6E024013168BF33 | BASKET | HIDDEN_HALO | BEAD | GOLD | KT_18 | 1ct | imgs:3
[04:27:14][PEAR] [6633] ? NIV-0C94A673FEB83E0B | BASKET | HIDDEN_HALO | BEAD | GOLD | KT_18 | 1ct | imgs:1
[04:27:19][PEAR] [6634] ? NIV-0C94A673FEB83E0B | BASKET | HIDDEN_HALO | BEAD | GOLD | KT_18 | 1ct | imgs:3
[04:27:22][PEAR] [6635] ? NIV-0C94A673FEB83E0B | BASKET | HIDDEN_HALO | BEAD | GOLD | KT_18 | 1ct | imgs:3
[04:27:25][PEAR] [6636] ? NIV-FB605E1AAD007FF1 | BASKET | HIDDEN_HALO | BEAD | PLATINUM | PT_950 | 1ct | imgs:3
[04:27:37][PEAR] [6637] ? NIV-38F4D20E67356F2F | BASKET | HIDDEN_HALO | BEAD | GOLD | KT_10 | 1ct | imgs:1
[04:27:40][PEAR] [6638] ? NIV-38F4D20E67356F2F | BASKET | HIDDEN_HALO | BEAD | GOLD | KT_10 | 1ct | imgs:3
[04:27:46][PEAR] [6639] ? NIV-38F4D20E67356F2F | BASKET | HIDDEN_HALO | BEAD | GOLD | KT_10 | 1ct | imgs:3
[04:27:49][PEAR] [6640] ? NIV-1B986D32B7BF0175 | BASKET | HIDDEN_HALO | BEAD | GOLD | KT_10 | 1ct | imgs:3
[04:27:55][PEAR] [6641] ? NIV-1B986D32B7BF0175 | BASKET | HIDDEN_HALO | BEAD | GOLD | KT_10 | 1ct | imgs:3
[04:28:01][PEAR] [6642] ? NIV-1B986D32B7BF0175 | BASKET | HIDDEN_HALO | BEAD | GOLD | KT_10 | 1ct | imgs:3
[04:28:04][PEAR] [6643] ? NIV-E8381173326692D9 | BASKET | HIDDEN_HALO | BEAD | GOLD | KT_10 | 1ct | imgs:1
[04:28:10][PEAR] [6644] ? NIV-E8381173326692D9 | BASKET | HIDDEN_HALO | BEAD | GOLD | KT_10 | 1ct | imgs:3
[04:28:13][PEAR] [6645] ? NIV-E8381173326692D9 | BASKET | HIDDEN_HALO | BEAD | GOLD | KT_10 | 1ct | imgs:3
[04:28:16][PEAR] [6646] ? NIV-C48C5619618D4919 | BASKET | HIDDEN_HALO | BEAD | GOLD | KT_14 | 1ct | imgs:3
[04:28:22][PEAR] [6647] ? NIV-C48C5619618D4919 | BASKET | HIDDEN_HALO | BEAD | GOLD | KT_14 | 1ct | imgs:3
[04:28:25][PEAR] [6648] ? NIV-C48C5619618D4919 | BASKET | HIDDEN_HALO | BEAD | GOLD | KT_14 | 1ct | imgs:3
[04:28:29][PEAR] [6649] ? NIV-CFE78CCA3E3A95C3 | BASKET | HIDDEN_HALO | BEAD | GOLD | KT_14 | 1ct | imgs:2
[04:28:34][PEAR] [6650] ? NIV-CFE78CCA3E3A95C3 | BASKET | HIDDEN_HALO | BEAD | GOLD | KT_14 | 1ct | imgs:3
[04:28:40][PEAR] [6651] ? NIV-CFE78CCA3E3A95C3 | BASKET | HIDDEN_HALO | BEAD | GOLD | KT_14 | 1ct | imgs:3
[04:28:43][PEAR] [6652] ? NIV-97962A1F6DF145AF | BASKET | HIDDEN_HALO | BEAD | GOLD | KT_14 | 1ct | imgs:3
[04:28:49][PEAR] [6653] ? NIV-97962A1F6DF145AF | BASKET | HIDDEN_HALO | BEAD | GOLD | KT_14 | 1ct | imgs:3
[04:28:55][PEAR] [6654] ? NIV-97962A1F6DF145AF | BASKET | HIDDEN_HALO | BEAD | GOLD | KT_14 | 1ct | imgs:3
[04:29:01][PEAR] [6655] ? NIV-FDBBAFE04B1DFF55 | BASKET | HIDDEN_HALO | BEAD | GOLD | KT_18 | 1ct | imgs:3
[04:29:07][PEAR] [6656] ? NIV-FDBBAFE04B1DFF55 | BASKET | HIDDEN_HALO | BEAD | GOLD | KT_18 | 1ct | imgs:3
[04:29:13][PEAR] [6657] ? NIV-FDBBAFE04B1DFF55 | BASKET | HIDDEN_HALO | BEAD | GOLD | KT_18 | 1ct | imgs:3
[04:29:16][PEAR] [6658] ? NIV-BFB92DCF5919173A | BASKET | HIDDEN_HALO | BEAD | GOLD | KT_18 | 1ct | imgs:3
[04:29:19][PEAR] [6659] ? NIV-BFB92DCF5919173A | BASKET | HIDDEN_HALO | BEAD | GOLD | KT_18 | 1ct | imgs:3
[04:29:25][PEAR] [6660] ? NIV-BFB92DCF5919173A | BASKET | HIDDEN_HALO | BEAD | GOLD | KT_18 | 1ct | imgs:3
[04:29:28][PEAR] [6661] ? NIV-96CF425490D48E6D | BASKET | HIDDEN_HALO | BEAD | GOLD | KT_18 | 1ct | imgs:3
[04:29:34][PEAR] [6662] ? NIV-96CF425490D48E6D | BASKET | HIDDEN_HALO | BEAD | GOLD | KT_18 | 1ct | imgs:3
[04:29:40][PEAR] [6663] ? NIV-96CF425490D48E6D | BASKET | HIDDEN_HALO | BEAD | GOLD | KT_18 | 1ct | imgs:3
[04:29:43][PEAR] [6664] ? NIV-EF64DD162B7AC0D2 | BASKET | HIDDEN_HALO | BEAD | PLATINUM | PT_950 | 1ct | imgs:1
[04:29:49][PEAR] [6665] ? NIV-0E1AB0280AC9E0B2 | BASKET | HIDDEN_HALO | BEAD | GOLD | KT_10 | 1ct | imgs:1
[04:29:55][PEAR] [6666] ? NIV-0E1AB0280AC9E0B2 | BASKET | HIDDEN_HALO | BEAD | GOLD | KT_10 | 1ct | imgs:3
[04:30:01][PEAR] [6667] ? NIV-0E1AB0280AC9E0B2 | BASKET | HIDDEN_HALO | BEAD | GOLD | KT_10 | 1ct | imgs:3
[04:30:08][PEAR] [6668] ? NIV-747CCFFA57CF07E9 | BASKET | HIDDEN_HALO | BEAD | GOLD | KT_10 | 1ct | imgs:1
[04:30:13][PEAR] [6669] ? NIV-747CCFFA57CF07E9 | BASKET | HIDDEN_HALO | BEAD | GOLD | KT_10 | 1ct | imgs:3
[04:30:16][PEAR] [6670] ? NIV-747CCFFA57CF07E9 | BASKET | HIDDEN_HALO | BEAD | GOLD | KT_10 | 1ct | imgs:3
[04:30:22][PEAR] [6671] ? NIV-D8B335E7031B7B33 | BASKET | HIDDEN_HALO | BEAD | GOLD | KT_10 | 1ct | imgs:1
[04:30:25][PEAR] [6672] ? NIV-D8B335E7031B7B33 | BASKET | HIDDEN_HALO | BEAD | GOLD | KT_10 | 1ct | imgs:3
[04:30:31][PEAR] [6673] ? NIV-D8B335E7031B7B33 | BASKET | HIDDEN_HALO | BEAD | GOLD | KT_10 | 1ct | imgs:3
[04:30:37][PEAR] [6674] ? NIV-C793C0F1A1BC65C7 | BASKET | HIDDEN_HALO | BEAD | GOLD | KT_14 | 1ct | imgs:3
[04:30:40][PEAR] [6675] ? NIV-C793C0F1A1BC65C7 | BASKET | HIDDEN_HALO | BEAD | GOLD | KT_14 | 1ct | imgs:3
[04:30:43][PEAR] [6676] ? NIV-C793C0F1A1BC65C7 | BASKET | HIDDEN_HALO | BEAD | GOLD | KT_14 | 1ct | imgs:3
[04:30:46][PEAR] [6677] ? NIV-BBEC16208E5E571B | BASKET | HIDDEN_HALO | BEAD | GOLD | KT_14 | 1ct | imgs:3
[04:30:52][PEAR] [6678] ? NIV-BBEC16208E5E571B | BASKET | HIDDEN_HALO | BEAD | GOLD | KT_14 | 1ct | imgs:3
[04:30:58][PEAR] [6679] ? NIV-BBEC16208E5E571B | BASKET | HIDDEN_HALO | BEAD | GOLD | KT_14 | 1ct | imgs:3
[04:31:02][PEAR] [6680] ? NIV-9503AB80D82655C2 | BASKET | HIDDEN_HALO | BEAD | GOLD | KT_14 | 1ct | imgs:3
[04:31:07][PEAR] [6681] ? NIV-9503AB80D82655C2 | BASKET | HIDDEN_HALO | BEAD | GOLD | KT_14 | 1ct | imgs:3
[04:31:13][PEAR] [6682] ? NIV-9503AB80D82655C2 | BASKET | HIDDEN_HALO | BEAD | GOLD | KT_14 | 1ct | imgs:3
[04:31:19][PEAR] [6683] ? NIV-831476F93BDD4971 | BASKET | HIDDEN_HALO | BEAD | GOLD | KT_18 | 1ct | imgs:3
[04:31:25][PEAR] [6684] ? NIV-831476F93BDD4971 | BASKET | HIDDEN_HALO | BEAD | GOLD | KT_18 | 1ct | imgs:3
[04:31:31][PEAR] [6685] ? NIV-831476F93BDD4971 | BASKET | HIDDEN_HALO | BEAD | GOLD | KT_18 | 1ct | imgs:3
[04:31:36][PEAR] [6686] ? NIV-DE2348D25A1FC047 | BASKET | HIDDEN_HALO | BEAD | GOLD | KT_18 | 1ct | imgs:1
[04:31:40][PEAR] [6687] ? NIV-DE2348D25A1FC047 | BASKET | HIDDEN_HALO | BEAD | GOLD | KT_18 | 1ct | imgs:3
[04:31:43][PEAR] [6688] ? NIV-DE2348D25A1FC047 | BASKET | HIDDEN_HALO | BEAD | GOLD | KT_18 | 1ct | imgs:3
[04:31:46][PEAR] [6689] ? NIV-F7AAB9714B3F9573 | BASKET | HIDDEN_HALO | BEAD | GOLD | KT_18 | 1ct | imgs:3
[04:31:52][PEAR] [6690] ? NIV-F7AAB9714B3F9573 | BASKET | HIDDEN_HALO | BEAD | GOLD | KT_18 | 1ct | imgs:3
[04:31:55][PEAR] [6691] ? NIV-F7AAB9714B3F9573 | BASKET | HIDDEN_HALO | BEAD | GOLD | KT_18 | 1ct | imgs:3
[04:31:58][PEAR] [6692] ? NIV-41C1A2AA6E19D774 | BASKET | HIDDEN_HALO | BEAD | PLATINUM | PT_950 | 1ct | imgs:3
[04:32:04][PEAR] [6693] ? NIV-D3F7BE7350E6D2E6 | BASKET | HIDDEN_HALO | BEAD | GOLD | KT_10 | 1ct | imgs:3
[04:32:10][PEAR] [6694] ? NIV-D3F7BE7350E6D2E6 | BASKET | HIDDEN_HALO | BEAD | GOLD | KT_10 | 1ct | imgs:3
[04:32:16][PEAR] [6695] ? NIV-D3F7BE7350E6D2E6 | BASKET | HIDDEN_HALO | BEAD | GOLD | KT_10 | 1ct | imgs:3
[04:32:20][PEAR] [6696] ? NIV-65369F4A216EEDA0 | BASKET | HIDDEN_HALO | BEAD | GOLD | KT_10 | 1ct | imgs:1
[04:32:25][PEAR] [6697] ? NIV-65369F4A216EEDA0 | BASKET | HIDDEN_HALO | BEAD | GOLD | KT_10 | 1ct | imgs:3
[04:32:31][PEAR] [6698] ? NIV-65369F4A216EEDA0 | BASKET | HIDDEN_HALO | BEAD | GOLD | KT_10 | 1ct | imgs:3
[04:32:34][PEAR] [6699] ? NIV-C7867DD33473A73C | BASKET | HIDDEN_HALO | BEAD | GOLD | KT_10 | 1ct | imgs:1
[04:32:40][PEAR] [6700] ? NIV-C7867DD33473A73C | BASKET | HIDDEN_HALO | BEAD | GOLD | KT_10 | 1ct | imgs:3
[04:32:46][PEAR] [6701] ? NIV-C7867DD33473A73C | BASKET | HIDDEN_HALO | BEAD | GOLD | KT_10 | 1ct | imgs:3
[04:32:49][PEAR] [6702] ? NIV-9540B262DA5EF0C7 | BASKET | HIDDEN_HALO | BEAD | GOLD | KT_14 | 1ct | imgs:3
[04:32:52][PEAR] [6703] ? NIV-9540B262DA5EF0C7 | BASKET | HIDDEN_HALO | BEAD | GOLD | KT_14 | 1ct | imgs:3
[04:32:58][PEAR] [6704] ? NIV-9540B262DA5EF0C7 | BASKET | HIDDEN_HALO | BEAD | GOLD | KT_14 | 1ct | imgs:3
[04:33:03][PEAR] [6705] ? NIV-9CE55A2D9B910897 | BASKET | HIDDEN_HALO | BEAD | GOLD | KT_14 | 1ct | imgs:1
[04:33:10][PEAR] [6706] ? NIV-9CE55A2D9B910897 | BASKET | HIDDEN_HALO | BEAD | GOLD | KT_14 | 1ct | imgs:3
[04:33:16][PEAR] [6707] ? NIV-9CE55A2D9B910897 | BASKET | HIDDEN_HALO | BEAD | GOLD | KT_14 | 1ct | imgs:3
[04:33:19][PEAR] [6708] ? NIV-44AAFC6E9DE1F6DB | BASKET | HIDDEN_HALO | BEAD | GOLD | KT_14 | 1ct | imgs:3
[04:33:25][PEAR] [6709] ? NIV-44AAFC6E9DE1F6DB | BASKET | HIDDEN_HALO | BEAD | GOLD | KT_14 | 1ct | imgs:3
[04:33:31][PEAR] [6710] ? NIV-44AAFC6E9DE1F6DB | BASKET | HIDDEN_HALO | BEAD | GOLD | KT_14 | 1ct | imgs:3
[04:33:39][PEAR] [6711] ? NIV-3A461D41156B9B12 | BASKET | HIDDEN_HALO | BEAD | GOLD | KT_18 | 1ct | imgs:2
[04:33:43][PEAR] [6712] ? NIV-3A461D41156B9B12 | BASKET | HIDDEN_HALO | BEAD | GOLD | KT_18 | 1ct | imgs:3
[04:33:49][PEAR] [6713] ? NIV-3A461D41156B9B12 | BASKET | HIDDEN_HALO | BEAD | GOLD | KT_18 | 1ct | imgs:3
[04:33:55][PEAR] [6714] ? NIV-FD0015006D67E5C0 | BASKET | HIDDEN_HALO | BEAD | GOLD | KT_18 | 1ct | imgs:1
[04:34:01][PEAR] [6715] ? NIV-FD0015006D67E5C0 | BASKET | HIDDEN_HALO | BEAD | GOLD | KT_18 | 1ct | imgs:3
[04:34:07][PEAR] [6716] ? NIV-FD0015006D67E5C0 | BASKET | HIDDEN_HALO | BEAD | GOLD | KT_18 | 1ct | imgs:3
[04:34:13][PEAR] [6717] ? NIV-1DB694A9051A8C82 | BASKET | HIDDEN_HALO | BEAD | GOLD | KT_18 | 1ct | imgs:1
[04:34:16][PEAR] [6718] ? NIV-1DB694A9051A8C82 | BASKET | HIDDEN_HALO | BEAD | GOLD | KT_18 | 1ct | imgs:3
[04:34:22][PEAR] [6719] ? NIV-1DB694A9051A8C82 | BASKET | HIDDEN_HALO | BEAD | GOLD | KT_18 | 1ct | imgs:3
[04:34:25][PEAR] [6720] ? NIV-A2F19D00A3285CE3 | BASKET | HIDDEN_HALO | BEAD | PLATINUM | PT_950 | 1ct | imgs:3
[04:34:31][PEAR] [6721] ? NIV-25721A6FE4FAF30E | BASKET | HIDDEN_HALO | BEAD | GOLD | KT_10 | 1ct | imgs:3
[04:34:37][PEAR] [6722] ? NIV-25721A6FE4FAF30E | BASKET | HIDDEN_HALO | BEAD | GOLD | KT_10 | 1ct | imgs:3
[04:34:43][PEAR] [6723] ? NIV-25721A6FE4FAF30E | BASKET | HIDDEN_HALO | BEAD | GOLD | KT_10 | 1ct | imgs:3
[04:34:54][PEAR] [6724] ??  NIV-25721A6FE4FAF30E | BASKET | HIDDEN_HALO | BEAD | GOLD | KT_10 | 1ct | imgs:0
[04:35:06][PEAR] [6725] ??  NIV-25721A6FE4FAF30E | BASKET | HIDDEN_HALO | BEAD | GOLD | KT_10 | 1ct | imgs:0
[04:35:18][PEAR] [6726] ??  NIV-25721A6FE4FAF30E | BASKET | HIDDEN_HALO | BEAD | GOLD | KT_10 | 1ct | imgs:0
[04:35:22][PEAR] [6727] ? NIV-4F9BA96F6B63F7F8 | BASKET | HIDDEN_HALO | BEAD | GOLD | KT_10 | 1ct | imgs:3
[04:35:25][PEAR] [6728] ? NIV-4F9BA96F6B63F7F8 | BASKET | HIDDEN_HALO | BEAD | GOLD | KT_10 | 1ct | imgs:3
[04:35:28][PEAR] [6729] ? NIV-4F9BA96F6B63F7F8 | BASKET | HIDDEN_HALO | BEAD | GOLD | KT_10 | 1ct | imgs:3
[04:35:34][PEAR] [6730] ? NIV-12D66645EA8F45FE | BASKET | HIDDEN_HALO | BEAD | GOLD | KT_14 | 1ct | imgs:3
[04:35:37][PEAR] [6731] ? NIV-12D66645EA8F45FE | BASKET | HIDDEN_HALO | BEAD | GOLD | KT_14 | 1ct | imgs:3
[04:35:43][PEAR] [6732] ? NIV-12D66645EA8F45FE | BASKET | HIDDEN_HALO | BEAD | GOLD | KT_14 | 1ct | imgs:3
[04:35:54][PEAR] [6733] ??  NIV-12D66645EA8F45FE | BASKET | HIDDEN_HALO | BEAD | GOLD | KT_14 | 1ct | imgs:0
[04:36:06][PEAR] [6734] ??  NIV-12D66645EA8F45FE | BASKET | HIDDEN_HALO | BEAD | GOLD | KT_14 | 1ct | imgs:0
[04:36:18][PEAR] [6735] ??  NIV-12D66645EA8F45FE | BASKET | HIDDEN_HALO | BEAD | GOLD | KT_14 | 1ct | imgs:0
[04:36:23][PEAR] [6736] ? NIV-BC10F4470CBF9314 | BASKET | HIDDEN_HALO | BEAD | GOLD | KT_14 | 1ct | imgs:3
[04:36:28][PEAR] [6737] ? NIV-BC10F4470CBF9314 | BASKET | HIDDEN_HALO | BEAD | GOLD | KT_14 | 1ct | imgs:3
[04:36:34][PEAR] [6738] ? NIV-BC10F4470CBF9314 | BASKET | HIDDEN_HALO | BEAD | GOLD | KT_14 | 1ct | imgs:3
[04:36:37][PEAR] [6739] ? NIV-7F0ED7A736398D88 | BASKET | HIDDEN_HALO | BEAD | GOLD | KT_18 | 1ct | imgs:1
[04:36:43][PEAR] [6740] ? NIV-7F0ED7A736398D88 | BASKET | HIDDEN_HALO | BEAD | GOLD | KT_18 | 1ct | imgs:3
[04:36:49][PEAR] [6741] ? NIV-7F0ED7A736398D88 | BASKET | HIDDEN_HALO | BEAD | GOLD | KT_18 | 1ct | imgs:3
[04:36:54][PEAR] [6742] ? NIV-FC8548642A572841 | BASKET | HIDDEN_HALO | BEAD | GOLD | KT_18 | 1ct | imgs:1
[04:37:01][PEAR] [6743] ? NIV-FC8548642A572841 | BASKET | HIDDEN_HALO | BEAD | GOLD | KT_18 | 1ct | imgs:3
[04:37:06][PEAR] [6744] ? NIV-FC8548642A572841 | BASKET | HIDDEN_HALO | BEAD | GOLD | KT_18 | 1ct | imgs:3
[04:37:10][PEAR] [6745] ? NIV-A973D53C791FF43D | BASKET | HIDDEN_HALO | BEAD | GOLD | KT_18 | 1ct | imgs:3
[04:37:15][PEAR] [6746] ? NIV-A973D53C791FF43D | BASKET | HIDDEN_HALO | BEAD | GOLD | KT_18 | 1ct | imgs:3
[04:37:19][PEAR] [6747] ? NIV-A973D53C791FF43D | BASKET | HIDDEN_HALO | BEAD | GOLD | KT_18 | 1ct | imgs:3
[04:37:30][PEAR] [6748] ??  NIV-A973D53C791FF43D | BASKET | HIDDEN_HALO | BEAD | PLATINUM | PT_950 | 1ct | imgs:0
[04:37:42][PEAR] [6749] ??  NIV-7BA51E0C451612DD | BASKET | HIDDEN_HALO | BEAD | GOLD | KT_10 | 1ct | imgs:0
[04:37:54][PEAR] [6750] ??  NIV-7BA51E0C451612DD | BASKET | HIDDEN_HALO | BEAD | GOLD | KT_10 | 1ct | imgs:0
[04:37:58][PEAR] [6751] ? NIV-4FC01C4D1F13194A | BASKET | HIDDEN_HALO | BEAD | GOLD | KT_10 | 1ct | imgs:2
[04:38:01][PEAR] [6752] ? NIV-DCA8F2B51223C792 | BASKET | HIDDEN_HALO | BEAD | GOLD | KT_10 | 1ct | imgs:3
[04:38:07][PEAR] [6753] ? NIV-DCA8F2B51223C792 | BASKET | HIDDEN_HALO | BEAD | GOLD | KT_10 | 1ct | imgs:3
[04:38:10][PEAR] [6754] ? NIV-DCA8F2B51223C792 | BASKET | HIDDEN_HALO | BEAD | GOLD | KT_10 | 1ct | imgs:3
[04:38:13][PEAR] [6755] ? NIV-4EA6B896870030BF | BASKET | HIDDEN_HALO | BEAD | GOLD | KT_10 | 1ct | imgs:3
[04:38:16][PEAR] [6756] ? NIV-4EA6B896870030BF | BASKET | HIDDEN_HALO | BEAD | GOLD | KT_10 | 1ct | imgs:3
[04:38:22][PEAR] [6757] ? NIV-4EA6B896870030BF | BASKET | HIDDEN_HALO | BEAD | GOLD | KT_10 | 1ct | imgs:3
[04:38:36][PEAR] [6758] ??  NIV-4EA6B896870030BF | BASKET | HIDDEN_HALO | BEAD | GOLD | KT_14 | 1ct | imgs:0
[04:38:40][PEAR] [6759] ? NIV-E49D26376D9301BC | BASKET | HIDDEN_HALO | BEAD | GOLD | KT_14 | 1ct | imgs:3
[04:38:46][PEAR] [6760] ? NIV-E49D26376D9301BC | BASKET | HIDDEN_HALO | BEAD | GOLD | KT_14 | 1ct | imgs:3
[04:38:57][PEAR] [6761] ??  NIV-E49D26376D9301BC | BASKET | HIDDEN_HALO | BEAD | GOLD | KT_14 | 1ct | imgs:0
[04:39:09][PEAR] [6762] ??  NIV-E49D26376D9301BC | BASKET | HIDDEN_HALO | BEAD | GOLD | KT_14 | 1ct | imgs:0
[04:39:21][PEAR] [6763] ??  NIV-E49D26376D9301BC | BASKET | HIDDEN_HALO | BEAD | GOLD | KT_14 | 1ct | imgs:0
[04:39:25][PEAR] [6764] ? NIV-0E20A212E3352251 | BASKET | HIDDEN_HALO | BEAD | GOLD | KT_14 | 1ct | imgs:3
[04:39:28][PEAR] [6765] ? NIV-0E20A212E3352251 | BASKET | HIDDEN_HALO | BEAD | GOLD | KT_14 | 1ct | imgs:3
[04:39:33][PEAR] [6766] ? NIV-0E20A212E3352251 | BASKET | HIDDEN_HALO | BEAD | GOLD | KT_14 | 1ct | imgs:3
[04:39:45][PEAR] [6767] ??  NIV-0E20A212E3352251 | BASKET | HIDDEN_HALO | BEAD | GOLD | KT_18 | 1ct | imgs:0
[04:39:57][PEAR] [6768] ??  NIV-0E20A212E3352251 | BASKET | HIDDEN_HALO | BEAD | GOLD | KT_18 | 1ct | imgs:0
[04:39:57][PEAR]   Re-seleccionando PEAR (intento 1)
[04:39:57][PEAR]   Boton no encontrado ? recargando configurador...
[04:40:15][PEAR]   Re-seleccionando PEAR (intento 2)
[04:40:26][PEAR] [6769] ??  NIV-D5C0F85B48F232CE | BASKET | HIDDEN_HALO | BEAD | GOLD | KT_18 | 1ct | imgs:0
[04:40:30][PEAR] [6770] ? NIV-F90800C7F479B426 | BASKET | HIDDEN_HALO | BEAD | GOLD | KT_18 | 1ct | imgs:3
[04:40:33][PEAR] [6771] ? NIV-E9C5A8C18A98309E | BASKET | HIDDEN_HALO | BEAD | GOLD | KT_18 | 1ct | imgs:3
[04:40:36][PEAR] [6772] ? NIV-CA91397730759503 | BASKET | HIDDEN_HALO | BEAD | GOLD | KT_18 | 1ct | imgs:3
[04:40:39][PEAR] [6773] ? NIV-201813E54AAD676E | BASKET | HIDDEN_HALO | BEAD | GOLD | KT_18 | 1ct | imgs:3
[04:40:50][PEAR] [6774] ??  NIV-201813E54AAD676E | BASKET | HIDDEN_HALO | BEAD | GOLD | KT_18 | 1ct | imgs:0
[04:40:54][PEAR] [6775] ? NIV-F0569425E60661CF | BASKET | HIDDEN_HALO | BEAD | GOLD | KT_18 | 1ct | imgs:3
[04:40:57][PEAR] [6776] ? NIV-3580C704CD6D41A8 | BASKET | HIDDEN_HALO | BEAD | PLATINUM | PT_950 | 1ct | imgs:3
[04:41:03][PEAR] [6777] ? NIV-74AED66FDACF512C | BASKET | HIDDEN_HALO | BEAD | GOLD | KT_10 | 1ct | imgs:3
[04:41:09][PEAR] [6778] ? NIV-74AED66FDACF512C | BASKET | HIDDEN_HALO | BEAD | GOLD | KT_10 | 1ct | imgs:3
[04:41:12][PEAR] [6779] ? NIV-74AED66FDACF512C | BASKET | HIDDEN_HALO | BEAD | GOLD | KT_10 | 1ct | imgs:3
[04:41:17][PEAR] [6780] ? NIV-D955E591A46055C4 | BASKET | HIDDEN_HALO | BEAD | GOLD | KT_10 | 1ct | imgs:2
[04:41:21][PEAR] [6781] ? NIV-D955E591A46055C4 | BASKET | HIDDEN_HALO | BEAD | GOLD | KT_10 | 1ct | imgs:3
[04:41:25][PEAR] [6782] ? NIV-D955E591A46055C4 | BASKET | HIDDEN_HALO | BEAD | GOLD | KT_10 | 1ct | imgs:3
[04:41:32][PEAR] [6783] ? NIV-C1050C0AD02DB593 | BASKET | HIDDEN_HALO | BEAD | GOLD | KT_10 | 1ct | imgs:3
[04:41:36][PEAR] [6784] ? NIV-C1050C0AD02DB593 | BASKET | HIDDEN_HALO | BEAD | GOLD | KT_10 | 1ct | imgs:3
[04:41:39][PEAR] [6785] ? NIV-C1050C0AD02DB593 | BASKET | HIDDEN_HALO | BEAD | GOLD | KT_10 | 1ct | imgs:3
[04:41:42][PEAR] [6786] ? NIV-2CB954A1C83D6368 | BASKET | HIDDEN_HALO | BEAD | GOLD | KT_14 | 1ct | imgs:3
[04:41:45][PEAR] [6787] ? NIV-2CB954A1C83D6368 | BASKET | HIDDEN_HALO | BEAD | GOLD | KT_14 | 1ct | imgs:3
[04:41:49][PEAR] [6788] ? NIV-2CB954A1C83D6368 | BASKET | HIDDEN_HALO | BEAD | GOLD | KT_14 | 1ct | imgs:3
[04:41:51][PEAR] [6789] ? NIV-C8F61AC79C0D7A5F | BASKET | HIDDEN_HALO | BEAD | GOLD | KT_14 | 1ct | imgs:3
[04:41:57][PEAR] [6790] ? NIV-C8F61AC79C0D7A5F | BASKET | HIDDEN_HALO | BEAD | GOLD | KT_14 | 1ct | imgs:3
[04:42:00][PEAR] [6791] ? NIV-C8F61AC79C0D7A5F | BASKET | HIDDEN_HALO | BEAD | GOLD | KT_14 | 1ct | imgs:3
[04:42:03][PEAR] [6792] ? NIV-DD06738375118ED2 | BASKET | HIDDEN_HALO | BEAD | GOLD | KT_14 | 1ct | imgs:3
[04:42:07][PEAR] [6793] ? NIV-DD06738375118ED2 | BASKET | HIDDEN_HALO | BEAD | GOLD | KT_14 | 1ct | imgs:3
[04:42:12][PEAR] [6794] ? NIV-DD06738375118ED2 | BASKET | HIDDEN_HALO | BEAD | GOLD | KT_14 | 1ct | imgs:3
[04:42:15][PEAR] [6795] ? NIV-7DE91347E461A405 | BASKET | HIDDEN_HALO | BEAD | GOLD | KT_18 | 1ct | imgs:3
[04:42:19][PEAR] [6796] ? NIV-7DE91347E461A405 | BASKET | HIDDEN_HALO | BEAD | GOLD | KT_18 | 1ct | imgs:3
[04:42:24][PEAR] [6797] ? NIV-7DE91347E461A405 | BASKET | HIDDEN_HALO | BEAD | GOLD | KT_18 | 1ct | imgs:3
[04:42:27][PEAR] [6798] ? NIV-1BD27927E3929A3E | BASKET | HIDDEN_HALO | BEAD | GOLD | KT_18 | 1ct | imgs:3
[04:42:33][PEAR] [6799] ? NIV-1BD27927E3929A3E | BASKET | HIDDEN_HALO | BEAD | GOLD | KT_18 | 1ct | imgs:3
[04:42:37][PEAR] [6800] ? NIV-1BD27927E3929A3E | BASKET | HIDDEN_HALO | BEAD | GOLD | KT_18 | 1ct | imgs:3
[04:42:40][PEAR] [6801] ? NIV-3D06FBF6A303AE56 | BASKET | HIDDEN_HALO | BEAD | GOLD | KT_18 | 1ct | imgs:3
[04:42:45][PEAR] [6802] ? NIV-3D06FBF6A303AE56 | BASKET | HIDDEN_HALO | BEAD | GOLD | KT_18 | 1ct | imgs:3
[04:42:51][PEAR] [6803] ? NIV-3D06FBF6A303AE56 | BASKET | HIDDEN_HALO | BEAD | GOLD | KT_18 | 1ct | imgs:3
[04:42:55][PEAR] [6804] ? NIV-D7C968CC9F7C5936 | BASKET | HIDDEN_HALO | BEAD | PLATINUM | PT_950 | 1ct | imgs:3
[04:43:02][PEAR] [6805] ? NIV-D848A5C63BDA7E82 | BASKET | HIDDEN_HALO | PAVE | GOLD | KT_10 | 1ct | imgs:1
[04:43:07][PEAR] [6806] ? NIV-D848A5C63BDA7E82 | BASKET | HIDDEN_HALO | PAVE | GOLD | KT_10 | 1ct | imgs:3
[04:43:12][PEAR] [6807] ? NIV-D848A5C63BDA7E82 | BASKET | HIDDEN_HALO | PAVE | GOLD | KT_10 | 1ct | imgs:3
[04:43:15][PEAR] [6808] ? NIV-110AF18454F13265 | BASKET | HIDDEN_HALO | PAVE | GOLD | KT_10 | 1ct | imgs:3
[04:43:18][PEAR] [6809] ? NIV-110AF18454F13265 | BASKET | HIDDEN_HALO | PAVE | GOLD | KT_10 | 1ct | imgs:3
[04:43:21][PEAR] [6810] ? NIV-110AF18454F13265 | BASKET | HIDDEN_HALO | PAVE | GOLD | KT_10 | 1ct | imgs:3
[04:43:24][PEAR] [6811] ? NIV-184E613087A9D70E | BASKET | HIDDEN_HALO | PAVE | GOLD | KT_10 | 1ct | imgs:3
[04:43:27][PEAR] [6812] ? NIV-184E613087A9D70E | BASKET | HIDDEN_HALO | PAVE | GOLD | KT_10 | 1ct | imgs:3
[04:43:31][PEAR] [6813] ? NIV-184E613087A9D70E | BASKET | HIDDEN_HALO | PAVE | GOLD | KT_10 | 1ct | imgs:3
[04:43:36][PEAR] [6814] ? NIV-2BF2F1F56726CCCC | BASKET | HIDDEN_HALO | PAVE | GOLD | KT_14 | 1ct | imgs:3
[04:43:42][PEAR] [6815] ? NIV-2BF2F1F56726CCCC | BASKET | HIDDEN_HALO | PAVE | GOLD | KT_14 | 1ct | imgs:3
[04:43:45][PEAR] [6816] ? NIV-2BF2F1F56726CCCC | BASKET | HIDDEN_HALO | PAVE | GOLD | KT_14 | 1ct | imgs:3
[04:43:48][PEAR] [6817] ? NIV-E0A467179D9AEA16 | BASKET | HIDDEN_HALO | PAVE | GOLD | KT_14 | 1ct | imgs:3
[04:43:51][PEAR] [6818] ? NIV-E0A467179D9AEA16 | BASKET | HIDDEN_HALO | PAVE | GOLD | KT_14 | 1ct | imgs:3
[04:43:55][PEAR] [6819] ? NIV-E0A467179D9AEA16 | BASKET | HIDDEN_HALO | PAVE | GOLD | KT_14 | 1ct | imgs:3
[04:43:57][PEAR] [6820] ? NIV-857BDBF13C6DD9D1 | BASKET | HIDDEN_HALO | PAVE | GOLD | KT_14 | 1ct | imgs:3
[04:44:03][PEAR] [6821] ? NIV-857BDBF13C6DD9D1 | BASKET | HIDDEN_HALO | PAVE | GOLD | KT_14 | 1ct | imgs:3
[04:44:06][PEAR] [6822] ? NIV-857BDBF13C6DD9D1 | BASKET | HIDDEN_HALO | PAVE | GOLD | KT_14 | 1ct | imgs:3
[04:44:10][PEAR] [6823] ? NIV-27FF10AB8DD83779 | BASKET | HIDDEN_HALO | PAVE | GOLD | KT_18 | 1ct | imgs:2
[04:44:15][PEAR] [6824] ? NIV-27FF10AB8DD83779 | BASKET | HIDDEN_HALO | PAVE | GOLD | KT_18 | 1ct | imgs:3
[04:44:21][PEAR] [6825] ? NIV-27FF10AB8DD83779 | BASKET | HIDDEN_HALO | PAVE | GOLD | KT_18 | 1ct | imgs:3
[04:44:24][PEAR] [6826] ? NIV-C26478FC3A26B4A6 | BASKET | HIDDEN_HALO | PAVE | GOLD | KT_18 | 1ct | imgs:1
[04:44:30][PEAR] [6827] ? NIV-C26478FC3A26B4A6 | BASKET | HIDDEN_HALO | PAVE | GOLD | KT_18 | 1ct | imgs:3
[04:44:36][PEAR] [6828] ? NIV-C26478FC3A26B4A6 | BASKET | HIDDEN_HALO | PAVE | GOLD | KT_18 | 1ct | imgs:3
[04:44:43][PEAR] [6829] ? NIV-6077592823ED8A46 | BASKET | HIDDEN_HALO | PAVE | GOLD | KT_18 | 1ct | imgs:2
[04:44:48][PEAR] [6830] ? NIV-6077592823ED8A46 | BASKET | HIDDEN_HALO | PAVE | GOLD | KT_18 | 1ct | imgs:3
[04:44:51][PEAR] [6831] ? NIV-6077592823ED8A46 | BASKET | HIDDEN_HALO | PAVE | GOLD | KT_18 | 1ct | imgs:3
[04:44:54][PEAR] [6832] ? NIV-22781C58AFE2DC72 | BASKET | HIDDEN_HALO | PAVE | PLATINUM | PT_950 | 1ct | imgs:3
[04:44:58][PEAR] [6833] ? NIV-7B3850BA1E516A1E | BASKET | HIDDEN_HALO | PAVE | GOLD | KT_10 | 1ct | imgs:2
[04:45:03][PEAR] [6834] ? NIV-7B3850BA1E516A1E | BASKET | HIDDEN_HALO | PAVE | GOLD | KT_10 | 1ct | imgs:3
[04:45:06][PEAR] [6835] ? NIV-7B3850BA1E516A1E | BASKET | HIDDEN_HALO | PAVE | GOLD | KT_10 | 1ct | imgs:3
[04:45:09][PEAR] [6836] ? NIV-D1B0F138C9A5B917 | BASKET | HIDDEN_HALO | PAVE | GOLD | KT_10 | 1ct | imgs:3
[04:45:12][PEAR] [6837] ? NIV-D1B0F138C9A5B917 | BASKET | HIDDEN_HALO | PAVE | GOLD | KT_10 | 1ct | imgs:3
[04:45:18][PEAR] [6838] ? NIV-D1B0F138C9A5B917 | BASKET | HIDDEN_HALO | PAVE | GOLD | KT_10 | 1ct | imgs:3
[04:45:24][PEAR] [6839] ? NIV-C526881AD2C3BCA8 | BASKET | HIDDEN_HALO | PAVE | GOLD | KT_10 | 1ct | imgs:1
[04:45:27][PEAR] [6840] ? NIV-C526881AD2C3BCA8 | BASKET | HIDDEN_HALO | PAVE | GOLD | KT_10 | 1ct | imgs:3
[04:45:33][PEAR] [6841] ? NIV-C526881AD2C3BCA8 | BASKET | HIDDEN_HALO | PAVE | GOLD | KT_10 | 1ct | imgs:3
[04:45:39][PEAR] [6842] ? NIV-140CC1265F7D8581 | BASKET | HIDDEN_HALO | PAVE | GOLD | KT_14 | 1ct | imgs:1
[04:45:42][PEAR] [6843] ? NIV-140CC1265F7D8581 | BASKET | HIDDEN_HALO | PAVE | GOLD | KT_14 | 1ct | imgs:3
[04:45:48][PEAR] [6844] ? NIV-140CC1265F7D8581 | BASKET | HIDDEN_HALO | PAVE | GOLD | KT_14 | 1ct | imgs:3
[04:45:51][PEAR] [6845] ? NIV-D43BC041420D56E8 | BASKET | HIDDEN_HALO | PAVE | GOLD | KT_14 | 1ct | imgs:3
[04:45:54][PEAR] [6846] ? NIV-D43BC041420D56E8 | BASKET | HIDDEN_HALO | PAVE | GOLD | KT_14 | 1ct | imgs:3
[04:45:58][PEAR] [6847] ? NIV-D43BC041420D56E8 | BASKET | HIDDEN_HALO | PAVE | GOLD | KT_14 | 1ct | imgs:3
[04:46:01][PEAR] [6848] ? NIV-5F428B090ADBE1D5 | BASKET | HIDDEN_HALO | PAVE | GOLD | KT_14 | 1ct | imgs:3
[04:46:06][PEAR] [6849] ? NIV-5F428B090ADBE1D5 | BASKET | HIDDEN_HALO | PAVE | GOLD | KT_14 | 1ct | imgs:3
[04:46:09][PEAR] [6850] ? NIV-5F428B090ADBE1D5 | BASKET | HIDDEN_HALO | PAVE | GOLD | KT_14 | 1ct | imgs:3
[04:46:20][PEAR] [6851] ??  NIV-5F428B090ADBE1D5 | BASKET | HIDDEN_HALO | PAVE | GOLD | KT_18 | 1ct | imgs:0
[04:46:24][PEAR] [6852] ? NIV-E2973E5B1AB61B35 | BASKET | HIDDEN_HALO | PAVE | GOLD | KT_18 | 1ct | imgs:3
[04:46:27][PEAR] [6853] ? NIV-E2973E5B1AB61B35 | BASKET | HIDDEN_HALO | PAVE | GOLD | KT_18 | 1ct | imgs:3
[04:46:30][PEAR] [6854] ? NIV-703284872A614314 | BASKET | HIDDEN_HALO | PAVE | GOLD | KT_18 | 1ct | imgs:3
[04:46:36][PEAR] [6855] ? NIV-703284872A614314 | BASKET | HIDDEN_HALO | PAVE | GOLD | KT_18 | 1ct | imgs:3
[04:46:39][PEAR] [6856] ? NIV-703284872A614314 | BASKET | HIDDEN_HALO | PAVE | GOLD | KT_18 | 1ct | imgs:3
[04:46:50][PEAR] [6857] ? NIV-2D591AD03C4753A4 | BASKET | HIDDEN_HALO | PAVE | GOLD | KT_18 | 1ct | imgs:3
[04:46:54][PEAR] [6858] ? NIV-2D591AD03C4753A4 | BASKET | HIDDEN_HALO | PAVE | GOLD | KT_18 | 1ct | imgs:3
[04:46:57][PEAR] [6859] ? NIV-2D591AD03C4753A4 | BASKET | HIDDEN_HALO | PAVE | GOLD | KT_18 | 1ct | imgs:3
[04:47:00][PEAR] [6860] ? NIV-D2F73F3EEE142DE2 | BASKET | HIDDEN_HALO | PAVE | PLATINUM | PT_950 | 1ct | imgs:3
[04:47:06][PEAR] [6861] ? NIV-621D0F5E502C5D42 | BASKET | HIDDEN_HALO | PAVE | GOLD | KT_10 | 1ct | imgs:3
[04:47:09][PEAR] [6862] ? NIV-621D0F5E502C5D42 | BASKET | HIDDEN_HALO | PAVE | GOLD | KT_10 | 1ct | imgs:3
[04:47:13][PEAR] [6863] ? NIV-621D0F5E502C5D42 | BASKET | HIDDEN_HALO | PAVE | GOLD | KT_10 | 1ct | imgs:3
[04:47:15][PEAR] [6864] ? NIV-935A05EAD8C978E6 | BASKET | HIDDEN_HALO | PAVE | GOLD | KT_10 | 1ct | imgs:3
[04:47:21][PEAR] [6865] ? NIV-935A05EAD8C978E6 | BASKET | HIDDEN_HALO | PAVE | GOLD | KT_10 | 1ct | imgs:3
[04:47:27][PEAR] [6866] ? NIV-935A05EAD8C978E6 | BASKET | HIDDEN_HALO | PAVE | GOLD | KT_10 | 1ct | imgs:3
[04:47:37][PEAR] [6867] ? NIV-8E1824AF5CAC8055 | BASKET | HIDDEN_HALO | PAVE | GOLD | KT_10 | 1ct | imgs:1
[04:47:42][PEAR] [6868] ? NIV-8E1824AF5CAC8055 | BASKET | HIDDEN_HALO | PAVE | GOLD | KT_10 | 1ct | imgs:3
[04:47:48][PEAR] [6869] ? NIV-8E1824AF5CAC8055 | BASKET | HIDDEN_HALO | PAVE | GOLD | KT_10 | 1ct | imgs:3
[04:47:54][PEAR] [6870] ? NIV-1E037E7DD8C023B1 | BASKET | HIDDEN_HALO | PAVE | GOLD | KT_14 | 1ct | imgs:3
[04:48:00][PEAR] [6871] ? NIV-1E037E7DD8C023B1 | BASKET | HIDDEN_HALO | PAVE | GOLD | KT_14 | 1ct | imgs:3
[04:48:06][PEAR] [6872] ? NIV-1E037E7DD8C023B1 | BASKET | HIDDEN_HALO | PAVE | GOLD | KT_14 | 1ct | imgs:3
[04:48:09][PEAR] [6873] ? NIV-BBB7B2C23D1CB2BE | BASKET | HIDDEN_HALO | PAVE | GOLD | KT_14 | 1ct | imgs:3
[04:48:15][PEAR] [6874] ? NIV-BBB7B2C23D1CB2BE | BASKET | HIDDEN_HALO | PAVE | GOLD | KT_14 | 1ct | imgs:3
[04:48:21][PEAR] [6875] ? NIV-BBB7B2C23D1CB2BE | BASKET | HIDDEN_HALO | PAVE | GOLD | KT_14 | 1ct | imgs:3
[04:48:24][PEAR] [6876] ? NIV-DE9BA1839B5466AB | BASKET | HIDDEN_HALO | PAVE | GOLD | KT_14 | 1ct | imgs:3
[04:48:30][PEAR] [6877] ? NIV-DE9BA1839B5466AB | BASKET | HIDDEN_HALO | PAVE | GOLD | KT_14 | 1ct | imgs:3
[04:48:36][PEAR] [6878] ? NIV-DE9BA1839B5466AB | BASKET | HIDDEN_HALO | PAVE | GOLD | KT_14 | 1ct | imgs:3
[04:48:42][PEAR] [6879] ? NIV-4A7CD7B0A5C900A5 | BASKET | HIDDEN_HALO | PAVE | GOLD | KT_18 | 1ct | imgs:3
[04:48:48][PEAR] [6880] ? NIV-4A7CD7B0A5C900A5 | BASKET | HIDDEN_HALO | PAVE | GOLD | KT_18 | 1ct | imgs:3
[04:48:54][PEAR] [6881] ? NIV-4A7CD7B0A5C900A5 | BASKET | HIDDEN_HALO | PAVE | GOLD | KT_18 | 1ct | imgs:3
[04:49:00][PEAR] [6882] ? NIV-C73214133EE28C8C | BASKET | HIDDEN_HALO | PAVE | GOLD | KT_18 | 1ct | imgs:3
[04:49:04][PEAR] [6883] ? NIV-C73214133EE28C8C | BASKET | HIDDEN_HALO | PAVE | GOLD | KT_18 | 1ct | imgs:3
[04:49:07][PEAR] [6884] ? NIV-C73214133EE28C8C | BASKET | HIDDEN_HALO | PAVE | GOLD | KT_18 | 1ct | imgs:3
[04:49:09][PEAR] [6885] ? NIV-43F378E7857E86BD | BASKET | HIDDEN_HALO | PAVE | GOLD | KT_18 | 1ct | imgs:3
[04:49:15][PEAR] [6886] ? NIV-43F378E7857E86BD | BASKET | HIDDEN_HALO | PAVE | GOLD | KT_18 | 1ct | imgs:3
[04:49:21][PEAR] [6887] ? NIV-43F378E7857E86BD | BASKET | HIDDEN_HALO | PAVE | GOLD | KT_18 | 1ct | imgs:3
[04:49:24][PEAR] [6888] ? NIV-A9A2D0EA3C864C49 | BASKET | HIDDEN_HALO | PAVE | PLATINUM | PT_950 | 1ct | imgs:3
[04:49:31][PEAR] [6889] ? NIV-41AC6416B2D18D0D | BASKET | HIDDEN_HALO | PAVE | GOLD | KT_10 | 1ct | imgs:3
[04:49:36][PEAR] [6890] ? NIV-41AC6416B2D18D0D | BASKET | HIDDEN_HALO | PAVE | GOLD | KT_10 | 1ct | imgs:3
[04:49:42][PEAR] [6891] ? NIV-41AC6416B2D18D0D | BASKET | HIDDEN_HALO | PAVE | GOLD | KT_10 | 1ct | imgs:3
[04:49:45][PEAR] [6892] ? NIV-64A7FE7AF9FC089B | BASKET | HIDDEN_HALO | PAVE | GOLD | KT_10 | 1ct | imgs:3
[04:49:51][PEAR] [6893] ? NIV-64A7FE7AF9FC089B | BASKET | HIDDEN_HALO | PAVE | GOLD | KT_10 | 1ct | imgs:3
[04:49:57][PEAR] [6894] ? NIV-64A7FE7AF9FC089B | BASKET | HIDDEN_HALO | PAVE | GOLD | KT_10 | 1ct | imgs:3
[04:50:00][PEAR] [6895] ? NIV-02F7C7F666D8BD29 | BASKET | HIDDEN_HALO | PAVE | GOLD | KT_10 | 1ct | imgs:3
[04:50:06][PEAR] [6896] ? NIV-02F7C7F666D8BD29 | BASKET | HIDDEN_HALO | PAVE | GOLD | KT_10 | 1ct | imgs:3
[04:50:12][PEAR] [6897] ? NIV-02F7C7F666D8BD29 | BASKET | HIDDEN_HALO | PAVE | GOLD | KT_10 | 1ct | imgs:3
[04:50:18][PEAR] [6898] ? NIV-B857FF865CEE39CC | BASKET | HIDDEN_HALO | PAVE | GOLD | KT_14 | 1ct | imgs:3
[04:50:22][PEAR] [6899] ? NIV-B857FF865CEE39CC | BASKET | HIDDEN_HALO | PAVE | GOLD | KT_14 | 1ct | imgs:3
[04:50:27][PEAR] [6900] ? NIV-B857FF865CEE39CC | BASKET | HIDDEN_HALO | PAVE | GOLD | KT_14 | 1ct | imgs:3
[04:50:30][PEAR] [6901] ? NIV-FCB81A2215A2897A | BASKET | HIDDEN_HALO | PAVE | GOLD | KT_14 | 1ct | imgs:3
[04:50:36][PEAR] [6902] ? NIV-FCB81A2215A2897A | BASKET | HIDDEN_HALO | PAVE | GOLD | KT_14 | 1ct | imgs:3
[04:50:42][PEAR] [6903] ? NIV-FCB81A2215A2897A | BASKET | HIDDEN_HALO | PAVE | GOLD | KT_14 | 1ct | imgs:3
[04:50:45][PEAR] [6904] ? NIV-872DBD5532AD6896 | BASKET | HIDDEN_HALO | PAVE | GOLD | KT_14 | 1ct | imgs:3
[04:50:48][PEAR] [6905] ? NIV-872DBD5532AD6896 | BASKET | HIDDEN_HALO | PAVE | GOLD | KT_14 | 1ct | imgs:3
[04:50:54][PEAR] [6906] ? NIV-872DBD5532AD6896 | BASKET | HIDDEN_HALO | PAVE | GOLD | KT_14 | 1ct | imgs:3
[04:50:58][PEAR] [6907] ? NIV-6204CB8081F1F514 | BASKET | HIDDEN_HALO | PAVE | GOLD | KT_18 | 1ct | imgs:1
[04:51:03][PEAR] [6908] ? NIV-6204CB8081F1F514 | BASKET | HIDDEN_HALO | PAVE | GOLD | KT_18 | 1ct | imgs:3
[04:51:09][PEAR] [6909] ? NIV-6204CB8081F1F514 | BASKET | HIDDEN_HALO | PAVE | GOLD | KT_18 | 1ct | imgs:3
[04:51:15][PEAR] [6910] ? NIV-50A15D12A9CDB3BB | BASKET | HIDDEN_HALO | PAVE | GOLD | KT_18 | 1ct | imgs:1
[04:51:18][PEAR] [6911] ? NIV-50A15D12A9CDB3BB | BASKET | HIDDEN_HALO | PAVE | GOLD | KT_18 | 1ct | imgs:3
[04:51:22][PEAR] [6912] ? NIV-50A15D12A9CDB3BB | BASKET | HIDDEN_HALO | PAVE | GOLD | KT_18 | 1ct | imgs:3
[04:51:24][PEAR] [6913] ? NIV-1362CFA43E373692 | BASKET | HIDDEN_HALO | PAVE | GOLD | KT_18 | 1ct | imgs:1
[04:51:30][PEAR] [6914] ? NIV-1362CFA43E373692 | BASKET | HIDDEN_HALO | PAVE | GOLD | KT_18 | 1ct | imgs:3
[04:51:33][PEAR] [6915] ? NIV-1362CFA43E373692 | BASKET | HIDDEN_HALO | PAVE | GOLD | KT_18 | 1ct | imgs:3
[04:51:36][PEAR] [6916] ? NIV-45FC9469D61F475B | BASKET | HIDDEN_HALO | PAVE | PLATINUM | PT_950 | 1ct | imgs:3
[04:51:42][PEAR] [6917] ? NIV-901F22576EB4C8FC | BASKET | HIDDEN_HALO | PAVE | GOLD | KT_10 | 1ct | imgs:3
[04:51:48][PEAR] [6918] ? NIV-901F22576EB4C8FC | BASKET | HIDDEN_HALO | PAVE | GOLD | KT_10 | 1ct | imgs:3
[04:51:54][PEAR] [6919] ? NIV-901F22576EB4C8FC | BASKET | HIDDEN_HALO | PAVE | GOLD | KT_10 | 1ct | imgs:3
[04:51:57][PEAR] [6920] ? NIV-A1AF3CD84FCF5886 | BASKET | HIDDEN_HALO | PAVE | GOLD | KT_10 | 1ct | imgs:1
[04:52:03][PEAR] [6921] ? NIV-A1AF3CD84FCF5886 | BASKET | HIDDEN_HALO | PAVE | GOLD | KT_10 | 1ct | imgs:3
[04:52:09][PEAR] [6922] ? NIV-A1AF3CD84FCF5886 | BASKET | HIDDEN_HALO | PAVE | GOLD | KT_10 | 1ct | imgs:3
[04:52:15][PEAR] [6923] ? NIV-F359467D1935C711 | BASKET | HIDDEN_HALO | PAVE | GOLD | KT_10 | 1ct | imgs:3
[04:52:21][PEAR] [6924] ? NIV-F359467D1935C711 | BASKET | HIDDEN_HALO | PAVE | GOLD | KT_10 | 1ct | imgs:3
[04:52:27][PEAR] [6925] ? NIV-F359467D1935C711 | BASKET | HIDDEN_HALO | PAVE | GOLD | KT_10 | 1ct | imgs:3
[04:52:33][PEAR] [6926] ? NIV-3A6DE6976E917F7C | BASKET | HIDDEN_HALO | PAVE | GOLD | KT_14 | 1ct | imgs:3
[04:52:39][PEAR] [6927] ? NIV-3A6DE6976E917F7C | BASKET | HIDDEN_HALO | PAVE | GOLD | KT_14 | 1ct | imgs:3
[04:52:45][PEAR] [6928] ? NIV-3A6DE6976E917F7C | BASKET | HIDDEN_HALO | PAVE | GOLD | KT_14 | 1ct | imgs:3
[04:52:48][PEAR] [6929] ? NIV-59A1499C60800C60 | BASKET | HIDDEN_HALO | PAVE | GOLD | KT_14 | 1ct | imgs:3
[04:52:54][PEAR] [6930] ? NIV-59A1499C60800C60 | BASKET | HIDDEN_HALO | PAVE | GOLD | KT_14 | 1ct | imgs:3
[04:53:00][PEAR] [6931] ? NIV-59A1499C60800C60 | BASKET | HIDDEN_HALO | PAVE | GOLD | KT_14 | 1ct | imgs:3
[04:53:03][PEAR] [6932] ? NIV-0D7372B268FBC377 | BASKET | HIDDEN_HALO | PAVE | GOLD | KT_14 | 1ct | imgs:3
[04:53:09][PEAR] [6933] ? NIV-0D7372B268FBC377 | BASKET | HIDDEN_HALO | PAVE | GOLD | KT_14 | 1ct | imgs:3
[04:53:15][PEAR] [6934] ? NIV-0D7372B268FBC377 | BASKET | HIDDEN_HALO | PAVE | GOLD | KT_14 | 1ct | imgs:3
[04:53:21][PEAR] [6935] ? NIV-9059E05820B9385C | BASKET | HIDDEN_HALO | PAVE | GOLD | KT_18 | 1ct | imgs:3
[04:53:27][PEAR] [6936] ? NIV-9059E05820B9385C | BASKET | HIDDEN_HALO | PAVE | GOLD | KT_18 | 1ct | imgs:3
[04:53:33][PEAR] [6937] ? NIV-9059E05820B9385C | BASKET | HIDDEN_HALO | PAVE | GOLD | KT_18 | 1ct | imgs:3
[04:53:36][PEAR] [6938] ? NIV-7C91478DF3D55B0C | BASKET | HIDDEN_HALO | PAVE | GOLD | KT_18 | 1ct | imgs:2
[04:53:42][PEAR] [6939] ? NIV-7C91478DF3D55B0C | BASKET | HIDDEN_HALO | PAVE | GOLD | KT_18 | 1ct | imgs:3
[04:53:46][PEAR] [6940] ? NIV-7C91478DF3D55B0C | BASKET | HIDDEN_HALO | PAVE | GOLD | KT_18 | 1ct | imgs:3
[04:53:48][PEAR] [6941] ? NIV-05774EF1C58B562B | BASKET | HIDDEN_HALO | PAVE | GOLD | KT_18 | 1ct | imgs:3
[04:53:52][PEAR] [6942] ? NIV-05774EF1C58B562B | BASKET | HIDDEN_HALO | PAVE | GOLD | KT_18 | 1ct | imgs:3
[04:53:57][PEAR] [6943] ? NIV-05774EF1C58B562B | BASKET | HIDDEN_HALO | PAVE | GOLD | KT_18 | 1ct | imgs:3
[04:54:01][PEAR] [6944] ? NIV-6E6B84DFEFC769B3 | BASKET | HIDDEN_HALO | PAVE | PLATINUM | PT_950 | 1ct | imgs:3
[04:54:08][PEAR] [6945] ? NIV-0F06258999DC3871 | BASKET | HIDDEN_HALO | PAVE | GOLD | KT_10 | 1ct | imgs:2
[04:54:12][PEAR] [6946] ? NIV-0F06258999DC3871 | BASKET | HIDDEN_HALO | PAVE | GOLD | KT_10 | 1ct | imgs:3
[04:54:18][PEAR] [6947] ? NIV-0F06258999DC3871 | BASKET | HIDDEN_HALO | PAVE | GOLD | KT_10 | 1ct | imgs:3
[04:54:21][PEAR] [6948] ? NIV-E276359EB8B70CEB | BASKET | HIDDEN_HALO | PAVE | GOLD | KT_10 | 1ct | imgs:3
[04:54:24][PEAR] [6949] ? NIV-E276359EB8B70CEB | BASKET | HIDDEN_HALO | PAVE | GOLD | KT_10 | 1ct | imgs:3
[04:54:30][PEAR] [6950] ? NIV-E276359EB8B70CEB | BASKET | HIDDEN_HALO | PAVE | GOLD | KT_10 | 1ct | imgs:3
[04:54:36][PEAR] [6951] ? NIV-A066095D0EF58336 | BASKET | HIDDEN_HALO | PAVE | GOLD | KT_10 | 1ct | imgs:2
[04:54:40][PEAR] [6952] ? NIV-A066095D0EF58336 | BASKET | HIDDEN_HALO | PAVE | GOLD | KT_10 | 1ct | imgs:3
[04:54:45][PEAR] [6953] ? NIV-A066095D0EF58336 | BASKET | HIDDEN_HALO | PAVE | GOLD | KT_10 | 1ct | imgs:3
[04:54:49][PEAR] [6954] ? NIV-99ABF7080D8F3459 | BASKET | HIDDEN_HALO | PAVE | GOLD | KT_14 | 1ct | imgs:1
[04:54:54][PEAR] [6955] ? NIV-99ABF7080D8F3459 | BASKET | HIDDEN_HALO | PAVE | GOLD | KT_14 | 1ct | imgs:3
[04:55:00][PEAR] [6956] ? NIV-99ABF7080D8F3459 | BASKET | HIDDEN_HALO | PAVE | GOLD | KT_14 | 1ct | imgs:3
[04:55:04][PEAR] [6957] ? NIV-2FFCD5081170E5D1 | BASKET | HIDDEN_HALO | PAVE | GOLD | KT_14 | 1ct | imgs:1
[04:55:09][PEAR] [6958] ? NIV-2FFCD5081170E5D1 | BASKET | HIDDEN_HALO | PAVE | GOLD | KT_14 | 1ct | imgs:3
[04:55:12][PEAR] [6959] ? NIV-2FFCD5081170E5D1 | BASKET | HIDDEN_HALO | PAVE | GOLD | KT_14 | 1ct | imgs:3
[04:55:15][PEAR] [6960] ? NIV-DBD94355924CF4A0 | BASKET | HIDDEN_HALO | PAVE | GOLD | KT_14 | 1ct | imgs:3
[04:55:21][PEAR] [6961] ? NIV-DBD94355924CF4A0 | BASKET | HIDDEN_HALO | PAVE | GOLD | KT_14 | 1ct | imgs:3
[04:55:27][PEAR] [6962] ? NIV-DBD94355924CF4A0 | BASKET | HIDDEN_HALO | PAVE | GOLD | KT_14 | 1ct | imgs:3
[04:55:31][PEAR] [6963] ? NIV-2ABFDFB57CD3FE5C | BASKET | HIDDEN_HALO | PAVE | GOLD | KT_18 | 1ct | imgs:3
[04:55:36][PEAR] [6964] ? NIV-2ABFDFB57CD3FE5C | BASKET | HIDDEN_HALO | PAVE | GOLD | KT_18 | 1ct | imgs:3
[04:55:42][PEAR] [6965] ? NIV-2ABFDFB57CD3FE5C | BASKET | HIDDEN_HALO | PAVE | GOLD | KT_18 | 1ct | imgs:3
[04:55:46][PEAR] [6966] ? NIV-B54843B04D753861 | BASKET | HIDDEN_HALO | PAVE | GOLD | KT_18 | 1ct | imgs:3
[04:55:51][PEAR] [6967] ? NIV-B54843B04D753861 | BASKET | HIDDEN_HALO | PAVE | GOLD | KT_18 | 1ct | imgs:3
[04:55:57][PEAR] [6968] ? NIV-B54843B04D753861 | BASKET | HIDDEN_HALO | PAVE | GOLD | KT_18 | 1ct | imgs:3
[04:56:01][PEAR] [6969] ? NIV-D0860A1AC6E0C43F | BASKET | HIDDEN_HALO | PAVE | GOLD | KT_18 | 1ct | imgs:3
[04:56:06][PEAR] [6970] ? NIV-D0860A1AC6E0C43F | BASKET | HIDDEN_HALO | PAVE | GOLD | KT_18 | 1ct | imgs:3
[04:56:12][PEAR] [6971] ? NIV-D0860A1AC6E0C43F | BASKET | HIDDEN_HALO | PAVE | GOLD | KT_18 | 1ct | imgs:3
[04:56:15][PEAR] [6972] ? NIV-2C4EE58AF28CA399 | BASKET | HIDDEN_HALO | PAVE | PLATINUM | PT_950 | 1ct | imgs:3
[04:56:24][PEAR] [6973] ? NIV-250FF90245DA2F23 | BASKET | HIDDEN_HALO | PAVE | GOLD | KT_10 | 1ct | imgs:3
[04:56:28][PEAR] [6974] ? NIV-250FF90245DA2F23 | BASKET | HIDDEN_HALO | PAVE | GOLD | KT_10 | 1ct | imgs:3
[04:56:33][PEAR] [6975] ? NIV-250FF90245DA2F23 | BASKET | HIDDEN_HALO | PAVE | GOLD | KT_10 | 1ct | imgs:3
[04:56:39][PEAR] [6976] ? NIV-F3D74F85CBA93751 | BASKET | HIDDEN_HALO | PAVE | GOLD | KT_10 | 1ct | imgs:3
[04:56:45][PEAR] [6977] ? NIV-F3D74F85CBA93751 | BASKET | HIDDEN_HALO | PAVE | GOLD | KT_10 | 1ct | imgs:3
[04:56:51][PEAR] [6978] ? NIV-F3D74F85CBA93751 | BASKET | HIDDEN_HALO | PAVE | GOLD | KT_10 | 1ct | imgs:3
[04:56:54][PEAR] [6979] ? NIV-3B6F54EDB32AEC49 | BASKET | HIDDEN_HALO | PAVE | GOLD | KT_10 | 1ct | imgs:2
[04:56:58][PEAR] [6980] ? NIV-3B6F54EDB32AEC49 | BASKET | HIDDEN_HALO | PAVE | GOLD | KT_10 | 1ct | imgs:3
[04:57:03][PEAR] [6981] ? NIV-3B6F54EDB32AEC49 | BASKET | HIDDEN_HALO | PAVE | GOLD | KT_10 | 1ct | imgs:3
[04:57:07][PEAR] [6982] ? NIV-F8EBB6607825D9FE | BASKET | HIDDEN_HALO | PAVE | GOLD | KT_14 | 1ct | imgs:2
[04:57:12][PEAR] [6983] ? NIV-F8EBB6607825D9FE | BASKET | HIDDEN_HALO | PAVE | GOLD | KT_14 | 1ct | imgs:3
[04:57:18][PEAR] [6984] ? NIV-F8EBB6607825D9FE | BASKET | HIDDEN_HALO | PAVE | GOLD | KT_14 | 1ct | imgs:3
[04:57:21][PEAR] [6985] ? NIV-28F5E36466052DA9 | BASKET | HIDDEN_HALO | PAVE | GOLD | KT_14 | 1ct | imgs:3
[04:57:27][PEAR] [6986] ? NIV-28F5E36466052DA9 | BASKET | HIDDEN_HALO | PAVE | GOLD | KT_14 | 1ct | imgs:3
[04:57:33][PEAR] [6987] ? NIV-28F5E36466052DA9 | BASKET | HIDDEN_HALO | PAVE | GOLD | KT_14 | 1ct | imgs:3
[04:57:36][PEAR] [6988] ? NIV-90A339D1311D7DA4 | BASKET | HIDDEN_HALO | PAVE | GOLD | KT_14 | 1ct | imgs:3
[04:57:39][PEAR] [6989] ? NIV-90A339D1311D7DA4 | BASKET | HIDDEN_HALO | PAVE | GOLD | KT_14 | 1ct | imgs:3
[04:57:43][PEAR] [6990] ? NIV-90A339D1311D7DA4 | BASKET | HIDDEN_HALO | PAVE | GOLD | KT_14 | 1ct | imgs:3
[04:57:47][PEAR] [6991] ? NIV-F3DBBD33CC552B82 | BASKET | HIDDEN_HALO | PAVE | GOLD | KT_18 | 1ct | imgs:1
[04:57:51][PEAR] [6992] ? NIV-F3DBBD33CC552B82 | BASKET | HIDDEN_HALO | PAVE | GOLD | KT_18 | 1ct | imgs:3
[04:57:57][PEAR] [6993] ? NIV-F3DBBD33CC552B82 | BASKET | HIDDEN_HALO | PAVE | GOLD | KT_18 | 1ct | imgs:3
[04:58:00][PEAR] [6994] ? NIV-F124C1C28C00DFEB | BASKET | HIDDEN_HALO | PAVE | GOLD | KT_18 | 1ct | imgs:3
[04:58:06][PEAR] [6995] ? NIV-F124C1C28C00DFEB | BASKET | HIDDEN_HALO | PAVE | GOLD | KT_18 | 1ct | imgs:3
[04:58:12][PEAR] [6996] ? NIV-F124C1C28C00DFEB | BASKET | HIDDEN_HALO | PAVE | GOLD | KT_18 | 1ct | imgs:3
[04:58:18][PEAR] [6997] ? NIV-0C6D5138BBBA815A | BASKET | HIDDEN_HALO | PAVE | GOLD | KT_18 | 1ct | imgs:3
[04:58:24][PEAR] [6998] ? NIV-0C6D5138BBBA815A | BASKET | HIDDEN_HALO | PAVE | GOLD | KT_18 | 1ct | imgs:3
[04:58:30][PEAR] [6999] ? NIV-0C6D5138BBBA815A | BASKET | HIDDEN_HALO | PAVE | GOLD | KT_18 | 1ct | imgs:3
[04:58:33][PEAR] [7000] ? NIV-38E123C3599EF774 | BASKET | HIDDEN_HALO | PAVE | PLATINUM | PT_950 | 1ct | imgs:3
[04:58:39][PEAR] [7001] ? NIV-F5A6DB6CE7CED5E1 | BASKET | HIDDEN_HALO | PAVE | GOLD | KT_10 | 1ct | imgs:3
[04:58:42][PEAR] [7002] ? NIV-F5A6DB6CE7CED5E1 | BASKET | HIDDEN_HALO | PAVE | GOLD | KT_10 | 1ct | imgs:3
[04:58:48][PEAR] [7003] ? NIV-F5A6DB6CE7CED5E1 | BASKET | HIDDEN_HALO | PAVE | GOLD | KT_10 | 1ct | imgs:3
[04:58:51][PEAR] [7004] ? NIV-8B850B972140FDB0 | BASKET | HIDDEN_HALO | PAVE | GOLD | KT_10 | 1ct | imgs:3
[04:58:57][PEAR] [7005] ? NIV-8B850B972140FDB0 | BASKET | HIDDEN_HALO | PAVE | GOLD | KT_10 | 1ct | imgs:3
[04:59:03][PEAR] [7006] ? NIV-8B850B972140FDB0 | BASKET | HIDDEN_HALO | PAVE | GOLD | KT_10 | 1ct | imgs:3
[04:59:09][PEAR] [7007] ? NIV-F94531C0B4BBC854 | BASKET | HIDDEN_HALO | PAVE | GOLD | KT_10 | 1ct | imgs:1
[04:59:15][PEAR] [7008] ? NIV-F94531C0B4BBC854 | BASKET | HIDDEN_HALO | PAVE | GOLD | KT_10 | 1ct | imgs:3
[04:59:21][PEAR] [7009] ? NIV-F94531C0B4BBC854 | BASKET | HIDDEN_HALO | PAVE | GOLD | KT_10 | 1ct | imgs:3
[04:59:28][PEAR] [7010] ? NIV-39739F1903A870B1 | BASKET | HIDDEN_HALO | PAVE | GOLD | KT_14 | 1ct | imgs:3
[04:59:33][PEAR] [7011] ? NIV-39739F1903A870B1 | BASKET | HIDDEN_HALO | PAVE | GOLD | KT_14 | 1ct | imgs:3
[04:59:39][PEAR] [7012] ? NIV-39739F1903A870B1 | BASKET | HIDDEN_HALO | PAVE | GOLD | KT_14 | 1ct | imgs:3
[04:59:42][PEAR] [7013] ? NIV-D13EF5A302560800 | BASKET | HIDDEN_HALO | PAVE | GOLD | KT_14 | 1ct | imgs:1
[04:59:45][PEAR] [7014] ? NIV-D13EF5A302560800 | BASKET | HIDDEN_HALO | PAVE | GOLD | KT_14 | 1ct | imgs:3
[04:59:51][PEAR] [7015] ? NIV-D13EF5A302560800 | BASKET | HIDDEN_HALO | PAVE | GOLD | KT_14 | 1ct | imgs:3
[04:59:54][PEAR] [7016] ? NIV-5C641EB741ABFC7C | BASKET | HIDDEN_HALO | PAVE | GOLD | KT_14 | 1ct | imgs:3
[05:00:00][PEAR] [7017] ? NIV-5C641EB741ABFC7C | BASKET | HIDDEN_HALO | PAVE | GOLD | KT_14 | 1ct | imgs:3
[05:00:03][PEAR] [7018] ? NIV-5C641EB741ABFC7C | BASKET | HIDDEN_HALO | PAVE | GOLD | KT_14 | 1ct | imgs:3
[05:00:06][PEAR] [7019] ? NIV-C7E21E2000B06561 | BASKET | HIDDEN_HALO | PAVE | GOLD | KT_18 | 1ct | imgs:1
[05:00:12][PEAR] [7020] ? NIV-C7E21E2000B06561 | BASKET | HIDDEN_HALO | PAVE | GOLD | KT_18 | 1ct | imgs:3
[05:00:18][PEAR] [7021] ? NIV-C7E21E2000B06561 | BASKET | HIDDEN_HALO | PAVE | GOLD | KT_18 | 1ct | imgs:3
[05:00:21][PEAR] [7022] ? NIV-A1F01624705DDA28 | BASKET | HIDDEN_HALO | PAVE | GOLD | KT_18 | 1ct | imgs:2
[05:00:25][PEAR] [7023] ? NIV-A1F01624705DDA28 | BASKET | HIDDEN_HALO | PAVE | GOLD | KT_18 | 1ct | imgs:3
[05:00:30][PEAR] [7024] ? NIV-A1F01624705DDA28 | BASKET | HIDDEN_HALO | PAVE | GOLD | KT_18 | 1ct | imgs:3
[05:00:33][PEAR] [7025] ? NIV-90A9E4D4B0BF1651 | BASKET | HIDDEN_HALO | PAVE | GOLD | KT_18 | 1ct | imgs:3
[05:00:37][PEAR] [7026] ? NIV-90A9E4D4B0BF1651 | BASKET | HIDDEN_HALO | PAVE | GOLD | KT_18 | 1ct | imgs:3
[05:00:42][PEAR] [7027] ? NIV-90A9E4D4B0BF1651 | BASKET | HIDDEN_HALO | PAVE | GOLD | KT_18 | 1ct | imgs:3
[05:00:45][PEAR] [7028] ? NIV-86B88D1CA5BA50DB | BASKET | HIDDEN_HALO | PAVE | PLATINUM | PT_950 | 1ct | imgs:3
[05:00:53][PEAR] [7029] ? NIV-F616A78460E5C33A | BASKET | HIDDEN_HALO | PAVE | GOLD | KT_10 | 1ct | imgs:1
[05:00:57][PEAR] [7030] ? NIV-F616A78460E5C33A | BASKET | HIDDEN_HALO | PAVE | GOLD | KT_10 | 1ct | imgs:3
[05:01:03][PEAR] [7031] ? NIV-F616A78460E5C33A | BASKET | HIDDEN_HALO | PAVE | GOLD | KT_10 | 1ct | imgs:3
[05:01:10][PEAR] [7032] ? NIV-1456419D982E21CD | BASKET | HIDDEN_HALO | PAVE | GOLD | KT_10 | 1ct | imgs:3
[05:01:15][PEAR] [7033] ? NIV-1456419D982E21CD | BASKET | HIDDEN_HALO | PAVE | GOLD | KT_10 | 1ct | imgs:3
[05:01:22][PEAR] [7034] ? NIV-1456419D982E21CD | BASKET | HIDDEN_HALO | PAVE | GOLD | KT_10 | 1ct | imgs:3
[05:01:24][PEAR] [7035] ? NIV-54B94BF7268828E5 | BASKET | HIDDEN_HALO | PAVE | GOLD | KT_10 | 1ct | imgs:3
[05:01:28][PEAR] [7036] ? NIV-54B94BF7268828E5 | BASKET | HIDDEN_HALO | PAVE | GOLD | KT_10 | 1ct | imgs:3
[05:01:33][PEAR] [7037] ? NIV-54B94BF7268828E5 | BASKET | HIDDEN_HALO | PAVE | GOLD | KT_10 | 1ct | imgs:3
[05:01:45][PEAR] [7038] ? NIV-4C7A5D74808D0D3A | BASKET | HIDDEN_HALO | PAVE | GOLD | KT_14 | 1ct | imgs:1
[05:01:51][PEAR] [7039] ? NIV-4C7A5D74808D0D3A | BASKET | HIDDEN_HALO | PAVE | GOLD | KT_14 | 1ct | imgs:3
[05:01:57][PEAR] [7040] ? NIV-4C7A5D74808D0D3A | BASKET | HIDDEN_HALO | PAVE | GOLD | KT_14 | 1ct | imgs:3
[05:02:08][PEAR] [7041] ??  NIV-4C7A5D74808D0D3A | BASKET | HIDDEN_HALO | PAVE | GOLD | KT_14 | 1ct | imgs:0
[05:02:20][PEAR] [7042] ??  NIV-4C7A5D74808D0D3A | BASKET | HIDDEN_HALO | PAVE | GOLD | KT_14 | 1ct | imgs:0
[05:02:32][PEAR] [7043] ??  NIV-4C7A5D74808D0D3A | BASKET | HIDDEN_HALO | PAVE | GOLD | KT_14 | 1ct | imgs:0
[05:02:44][PEAR] [7044] ??  NIV-4C7A5D74808D0D3A | BASKET | HIDDEN_HALO | PAVE | GOLD | KT_14 | 1ct | imgs:0
[05:02:49][PEAR] [7045] ? NIV-F38D99427A2FE1E8 | BASKET | HIDDEN_HALO | PAVE | GOLD | KT_14 | 1ct | imgs:3
[05:02:54][PEAR] [7046] ? NIV-F38D99427A2FE1E8 | BASKET | HIDDEN_HALO | PAVE | GOLD | KT_14 | 1ct | imgs:3
[05:03:00][PEAR] [7047] ? NIV-F8D133237B9103FA | BASKET | HIDDEN_HALO | PAVE | GOLD | KT_18 | 1ct | imgs:3
[05:03:06][PEAR] [7048] ? NIV-F8D133237B9103FA | BASKET | HIDDEN_HALO | PAVE | GOLD | KT_18 | 1ct | imgs:3
[05:03:12][PEAR] [7049] ? NIV-F8D133237B9103FA | BASKET | HIDDEN_HALO | PAVE | GOLD | KT_18 | 1ct | imgs:3
[05:03:19][PEAR] [7050] ? NIV-BB78D8BE1BC77121 | BASKET | HIDDEN_HALO | PAVE | GOLD | KT_18 | 1ct | imgs:1
[05:03:24][PEAR] [7051] ? NIV-BB78D8BE1BC77121 | BASKET | HIDDEN_HALO | PAVE | GOLD | KT_18 | 1ct | imgs:3
[05:03:30][PEAR] [7052] ? NIV-BB78D8BE1BC77121 | BASKET | HIDDEN_HALO | PAVE | GOLD | KT_18 | 1ct | imgs:3
[05:03:33][PEAR] [7053] ? NIV-CDF1CBBBFB935DE9 | BASKET | HIDDEN_HALO | PAVE | GOLD | KT_18 | 1ct | imgs:3
[05:03:36][PEAR] [7054] ? NIV-CDF1CBBBFB935DE9 | BASKET | HIDDEN_HALO | PAVE | GOLD | KT_18 | 1ct | imgs:3
[05:03:40][PEAR] [7055] ? NIV-CDF1CBBBFB935DE9 | BASKET | HIDDEN_HALO | PAVE | GOLD | KT_18 | 1ct | imgs:3
[05:03:42][PEAR] [7056] ? NIV-B1611ECBEA503E9F | BASKET | HIDDEN_HALO | PAVE | PLATINUM | PT_950 | 1ct | imgs:3
[05:03:48][PEAR] [7057] ? NIV-04CCC2FFCCE6F2CF | BASKET | HIDDEN_HALO | PAVE | GOLD | KT_10 | 1ct | imgs:3
[05:03:54][PEAR] [7058] ? NIV-04CCC2FFCCE6F2CF | BASKET | HIDDEN_HALO | PAVE | GOLD | KT_10 | 1ct | imgs:3
[05:04:00][PEAR] [7059] ? NIV-04CCC2FFCCE6F2CF | BASKET | HIDDEN_HALO | PAVE | GOLD | KT_10 | 1ct | imgs:3
[05:04:05][PEAR] [7060] ? NIV-1D088EE057C56666 | BASKET | HIDDEN_HALO | PAVE | GOLD | KT_10 | 1ct | imgs:1
[05:04:10][PEAR] [7061] ? NIV-1D088EE057C56666 | BASKET | HIDDEN_HALO | PAVE | GOLD | KT_10 | 1ct | imgs:3
[05:04:15][PEAR] [7062] ? NIV-1D088EE057C56666 | BASKET | HIDDEN_HALO | PAVE | GOLD | KT_10 | 1ct | imgs:3
[05:04:26][PEAR] [7063] ??  NIV-1D088EE057C56666 | BASKET | HIDDEN_HALO | PAVE | GOLD | KT_10 | 1ct | imgs:0
[05:04:30][PEAR] [7064] ? NIV-CF36CFE962109390 | BASKET | HIDDEN_HALO | PAVE | GOLD | KT_10 | 1ct | imgs:1
[05:04:36][PEAR] [7065] ? NIV-CF36CFE962109390 | BASKET | HIDDEN_HALO | PAVE | GOLD | KT_10 | 1ct | imgs:3
[05:04:45][PEAR] [7066] ? NIV-FBAC185B619C656F | BASKET | HIDDEN_HALO | PAVE | GOLD | KT_14 | 1ct | imgs:1
[05:04:48][PEAR] [7067] ? NIV-FBAC185B619C656F | BASKET | HIDDEN_HALO | PAVE | GOLD | KT_14 | 1ct | imgs:3
[05:04:51][PEAR] [7068] ? NIV-FBAC185B619C656F | BASKET | HIDDEN_HALO | PAVE | GOLD | KT_14 | 1ct | imgs:3
[05:04:54][PEAR] [7069] ? NIV-33CA53099B5DDDB2 | BASKET | HIDDEN_HALO | PAVE | GOLD | KT_14 | 1ct | imgs:3
[05:05:00][PEAR] [7070] ? NIV-33CA53099B5DDDB2 | BASKET | HIDDEN_HALO | PAVE | GOLD | KT_14 | 1ct | imgs:3
[05:05:06][PEAR] [7071] ? NIV-33CA53099B5DDDB2 | BASKET | HIDDEN_HALO | PAVE | GOLD | KT_14 | 1ct | imgs:3
[05:05:15][PEAR] [7072] ? NIV-1349B1E57F2FF73E | BASKET | HIDDEN_HALO | PAVE | GOLD | KT_14 | 1ct | imgs:1
[05:05:21][PEAR] [7073] ? NIV-1349B1E57F2FF73E | BASKET | HIDDEN_HALO | PAVE | GOLD | KT_14 | 1ct | imgs:3
[05:05:27][PEAR] [7074] ? NIV-1349B1E57F2FF73E | BASKET | HIDDEN_HALO | PAVE | GOLD | KT_14 | 1ct | imgs:3
[05:05:33][PEAR] [7075] ? NIV-552E4984CB8A71A8 | BASKET | HIDDEN_HALO | PAVE | GOLD | KT_18 | 1ct | imgs:3
[05:05:39][PEAR] [7076] ? NIV-552E4984CB8A71A8 | BASKET | HIDDEN_HALO | PAVE | GOLD | KT_18 | 1ct | imgs:3
[05:05:45][PEAR] [7077] ? NIV-552E4984CB8A71A8 | BASKET | HIDDEN_HALO | PAVE | GOLD | KT_18 | 1ct | imgs:3
[05:05:50][PEAR] [7078] ? NIV-5CC1621B35DCF7B2 | BASKET | HIDDEN_HALO | PAVE | GOLD | KT_18 | 1ct | imgs:1
[05:05:54][PEAR] [7079] ? NIV-5CC1621B35DCF7B2 | BASKET | HIDDEN_HALO | PAVE | GOLD | KT_18 | 1ct | imgs:3
[05:06:00][PEAR] [7080] ? NIV-5CC1621B35DCF7B2 | BASKET | HIDDEN_HALO | PAVE | GOLD | KT_18 | 1ct | imgs:3
[05:06:06][PEAR] [7081] ? NIV-0B7C81154C1D5C14 | BASKET | HIDDEN_HALO | PAVE | GOLD | KT_18 | 1ct | imgs:1
[05:06:12][PEAR] [7082] ? NIV-0B7C81154C1D5C14 | BASKET | HIDDEN_HALO | PAVE | GOLD | KT_18 | 1ct | imgs:3
[05:06:16][PEAR] [7083] ? NIV-0B7C81154C1D5C14 | BASKET | HIDDEN_HALO | PAVE | GOLD | KT_18 | 1ct | imgs:3
[05:06:22][PEAR] [7084] ? NIV-7A7BF28C1B9FC84D | BASKET | HIDDEN_HALO | PAVE | PLATINUM | PT_950 | 1ct | imgs:1
[05:06:30][PEAR] [7085] ? NIV-F02F866D327E0201 | BASKET | HIDDEN_HALO | PAVE | GOLD | KT_10 | 1ct | imgs:3
[05:06:36][PEAR] [7086] ? NIV-F02F866D327E0201 | BASKET | HIDDEN_HALO | PAVE | GOLD | KT_10 | 1ct | imgs:3
[05:06:42][PEAR] [7087] ? NIV-F02F866D327E0201 | BASKET | HIDDEN_HALO | PAVE | GOLD | KT_10 | 1ct | imgs:3
[05:06:47][PEAR] [7088] ? NIV-754707C82D539E95 | BASKET | HIDDEN_HALO | PAVE | GOLD | KT_10 | 1ct | imgs:1
[05:06:51][PEAR] [7089] ? NIV-754707C82D539E95 | BASKET | HIDDEN_HALO | PAVE | GOLD | KT_10 | 1ct | imgs:3
[05:06:57][PEAR] [7090] ? NIV-754707C82D539E95 | BASKET | HIDDEN_HALO | PAVE | GOLD | KT_10 | 1ct | imgs:3
[05:07:01][PEAR] [7091] ? NIV-DAE14BA0DA5B6B3C | BASKET | HIDDEN_HALO | PAVE | GOLD | KT_10 | 1ct | imgs:3
[05:07:06][PEAR] [7092] ? NIV-DAE14BA0DA5B6B3C | BASKET | HIDDEN_HALO | PAVE | GOLD | KT_10 | 1ct | imgs:3
[05:07:09][PEAR] [7093] ? NIV-DAE14BA0DA5B6B3C | BASKET | HIDDEN_HALO | PAVE | GOLD | KT_10 | 1ct | imgs:3
[05:07:15][PEAR] [7094] ? NIV-9EFDEFADB19A838A | BASKET | HIDDEN_HALO | PAVE | GOLD | KT_14 | 1ct | imgs:1
[05:07:21][PEAR] [7095] ? NIV-9EFDEFADB19A838A | BASKET | HIDDEN_HALO | PAVE | GOLD | KT_14 | 1ct | imgs:3
[05:07:27][PEAR] [7096] ? NIV-9EFDEFADB19A838A | BASKET | HIDDEN_HALO | PAVE | GOLD | KT_14 | 1ct | imgs:3
[05:07:32][PEAR] [7097] ? NIV-84A31CAFEFC0E40C | BASKET | HIDDEN_HALO | PAVE | GOLD | KT_14 | 1ct | imgs:1
[05:07:36][PEAR] [7098] ? NIV-84A31CAFEFC0E40C | BASKET | HIDDEN_HALO | PAVE | GOLD | KT_14 | 1ct | imgs:3
[05:07:42][PEAR] [7099] ? NIV-84A31CAFEFC0E40C | BASKET | HIDDEN_HALO | PAVE | GOLD | KT_14 | 1ct | imgs:3
[05:07:45][PEAR] [7100] ? NIV-E9DADB2A3800DEA0 | BASKET | HIDDEN_HALO | PAVE | GOLD | KT_14 | 1ct | imgs:3
[05:07:49][PEAR] [7101] ? NIV-E9DADB2A3800DEA0 | BASKET | HIDDEN_HALO | PAVE | GOLD | KT_14 | 1ct | imgs:3
[05:07:54][PEAR] [7102] ? NIV-E9DADB2A3800DEA0 | BASKET | HIDDEN_HALO | PAVE | GOLD | KT_14 | 1ct | imgs:3
[05:08:02][PEAR] [7103] ? NIV-2EA71AAB61F44FF5 | BASKET | HIDDEN_HALO | PAVE | GOLD | KT_18 | 1ct | imgs:1
[05:08:06][PEAR] [7104] ? NIV-2EA71AAB61F44FF5 | BASKET | HIDDEN_HALO | PAVE | GOLD | KT_18 | 1ct | imgs:3
[05:08:12][PEAR] [7105] ? NIV-2EA71AAB61F44FF5 | BASKET | HIDDEN_HALO | PAVE | GOLD | KT_18 | 1ct | imgs:3
[05:08:15][PEAR] [7106] ? NIV-4A2E9FA8C66EE5B0 | BASKET | HIDDEN_HALO | PAVE | GOLD | KT_18 | 1ct | imgs:3
[05:08:21][PEAR] [7107] ? NIV-4A2E9FA8C66EE5B0 | BASKET | HIDDEN_HALO | PAVE | GOLD | KT_18 | 1ct | imgs:3
[05:08:27][PEAR] [7108] ? NIV-4A2E9FA8C66EE5B0 | BASKET | HIDDEN_HALO | PAVE | GOLD | KT_18 | 1ct | imgs:3
[05:08:31][PEAR] [7109] ? NIV-D0D2371CEDE704A3 | BASKET | HIDDEN_HALO | PAVE | GOLD | KT_18 | 1ct | imgs:3
[05:08:36][PEAR] [7110] ? NIV-D0D2371CEDE704A3 | BASKET | HIDDEN_HALO | PAVE | GOLD | KT_18 | 1ct | imgs:3
[05:08:42][PEAR] [7111] ? NIV-D0D2371CEDE704A3 | BASKET | HIDDEN_HALO | PAVE | GOLD | KT_18 | 1ct | imgs:3
[05:08:46][PEAR] [7112] ? NIV-A0B4DC21354B1E83 | BASKET | HIDDEN_HALO | PAVE | PLATINUM | PT_950 | 1ct | imgs:3
[05:09:02][PEAR] [7113] ??  NIV-6453E81BAF5823A5 | BASKET | HIDDEN_HALO | PAVE | GOLD | KT_10 | 1ct | imgs:0
[05:09:06][PEAR] [7114] ? NIV-6453E81BAF5823A5 | BASKET | HIDDEN_HALO | PAVE | GOLD | KT_10 | 1ct | imgs:1
[05:09:12][PEAR] [7115] ? NIV-6453E81BAF5823A5 | BASKET | HIDDEN_HALO | PAVE | GOLD | KT_10 | 1ct | imgs:3
[05:09:18][PEAR] [7116] ? NIV-EA03B34A67A631ED | BASKET | HIDDEN_HALO | PAVE | GOLD | KT_10 | 1ct | imgs:1
[05:09:24][PEAR] [7117] ? NIV-EA03B34A67A631ED | BASKET | HIDDEN_HALO | PAVE | GOLD | KT_10 | 1ct | imgs:3
[05:09:28][PEAR] [7118] ? NIV-EA03B34A67A631ED | BASKET | HIDDEN_HALO | PAVE | GOLD | KT_10 | 1ct | imgs:3
[05:09:31][PEAR] [7119] ? NIV-229F3EB952ECAC5A | BASKET | HIDDEN_HALO | PAVE | GOLD | KT_10 | 1ct | imgs:2
[05:09:36][PEAR] [7120] ? NIV-229F3EB952ECAC5A | BASKET | HIDDEN_HALO | PAVE | GOLD | KT_10 | 1ct | imgs:3
[05:09:51][PEAR] [7121] ??  NIV-229F3EB952ECAC5A | BASKET | HIDDEN_HALO | PAVE | GOLD | KT_10 | 1ct | imgs:0
[05:09:51][PEAR]   Re-seleccionando PEAR (intento 1)
[05:09:51][PEAR]   Boton no encontrado ? recargando configurador...
[05:10:21][PEAR]   Re-seleccionando PEAR (intento 2)
[05:10:28][PEAR] [7122] ? NIV-638B37285FE6198E | BASKET | HIDDEN_HALO | PAVE | GOLD | KT_14 | 1ct | imgs:1
[05:10:31][PEAR] [7123] ? NIV-1815078B47B84782 | BASKET | HIDDEN_HALO | PAVE | GOLD | KT_14 | 1ct | imgs:3
[05:10:34][PEAR] [7124] ? NIV-AC6B232A224D37FA | BASKET | HIDDEN_HALO | PAVE | GOLD | KT_14 | 1ct | imgs:3
[05:10:40][PEAR] [7125] ? NIV-4FF03D3E2E598AFF | BASKET | HIDDEN_HALO | PAVE | GOLD | KT_14 | 1ct | imgs:3
[05:10:44][PEAR] [7126] ? NIV-D57EB831DCE834E8 | BASKET | HIDDEN_HALO | PAVE | GOLD | KT_14 | 1ct | imgs:1
[05:10:46][PEAR] [7127] ? NIV-A1E303B7255D44D5 | BASKET | HIDDEN_HALO | PAVE | GOLD | KT_14 | 1ct | imgs:3
[05:10:52][PEAR] [7128] ? NIV-99D5B34079E5026A | BASKET | HIDDEN_HALO | PAVE | GOLD | KT_14 | 1ct | imgs:3
[05:11:03][PEAR] [7129] ??  NIV-99D5B34079E5026A | BASKET | HIDDEN_HALO | PAVE | GOLD | KT_14 | 1ct | imgs:0
[05:11:07][PEAR] [7130] ? NIV-2C26E2EFE9A956DF | BASKET | HIDDEN_HALO | PAVE | GOLD | KT_14 | 1ct | imgs:3
[05:11:13][PEAR] [7131] ? NIV-AABD95B950B34DF1 | BASKET | HIDDEN_HALO | PAVE | GOLD | KT_18 | 1ct | imgs:1
[05:11:24][PEAR] [7132] ??  NIV-89E0F50132F79B32 | BASKET | HIDDEN_HALO | PAVE | GOLD | KT_18 | 1ct | imgs:0
[05:11:30][PEAR] [7133] ? NIV-C175F6C1D9DECDAB | BASKET | HIDDEN_HALO | PAVE | GOLD | KT_18 | 1ct | imgs:1
[05:11:36][PEAR] [7134] ? NIV-3856082831231231 | BASKET | HIDDEN_HALO | PAVE | GOLD | KT_18 | 1ct | imgs:3
[05:11:40][PEAR] [7135] ? NIV-FE6898A5C1792CC1 | BASKET | HIDDEN_HALO | PAVE | GOLD | KT_18 | 1ct | imgs:3
[05:11:46][PEAR] [7136] ? NIV-87E99FDAFFF17281 | BASKET | HIDDEN_HALO | PAVE | GOLD | KT_18 | 1ct | imgs:1
[05:11:55][PEAR] [7137] ? NIV-853B5380A5203887 | BASKET | HIDDEN_HALO | PAVE | GOLD | KT_18 | 1ct | imgs:1
[05:12:06][PEAR] [7138] ??  NIV-79B08F9F0CE078D3 | BASKET | HIDDEN_HALO | PAVE | GOLD | KT_18 | 1ct | imgs:0
[05:12:11][PEAR] [7139] ? NIV-2B5A34D8091A2722 | BASKET | HIDDEN_HALO | PAVE | GOLD | KT_18 | 1ct | imgs:1
[05:12:17][PEAR] [7140] ? NIV-3580C704CD6D41A8 | BASKET | HIDDEN_HALO | PAVE | PLATINUM | PT_950 | 1ct | imgs:1
[05:12:23][PEAR] [7141] ? NIV-4CAEBBB980BFDBF9 | BASKET | KNIFE_EDGE | NONE | GOLD | KT_10 | 1ct | imgs:3
[05:12:28][PEAR] [7142] ? NIV-4CAEBBB980BFDBF9 | BASKET | KNIFE_EDGE | NONE | GOLD | KT_10 | 1ct | imgs:3
[05:12:34][PEAR] [7143] ? NIV-4CAEBBB980BFDBF9 | BASKET | KNIFE_EDGE | NONE | GOLD | KT_10 | 1ct | imgs:3
[05:12:41][PEAR] [7144] ? NIV-D4282AD18939C7FE | BASKET | KNIFE_EDGE | NONE | GOLD | KT_10 | 1ct | imgs:3
[05:12:46][PEAR] [7145] ? NIV-D4282AD18939C7FE | BASKET | KNIFE_EDGE | NONE | GOLD | KT_10 | 1ct | imgs:3
[05:12:52][PEAR] [7146] ? NIV-D4282AD18939C7FE | BASKET | KNIFE_EDGE | NONE | GOLD | KT_10 | 1ct | imgs:3
[05:12:56][PEAR] [7147] ? NIV-B7077CAEB02A2351 | BASKET | KNIFE_EDGE | NONE | GOLD | KT_10 | 1ct | imgs:3
[05:13:01][PEAR] [7148] ? NIV-B7077CAEB02A2351 | BASKET | KNIFE_EDGE | NONE | GOLD | KT_10 | 1ct | imgs:3
[05:13:07][PEAR] [7149] ? NIV-B7077CAEB02A2351 | BASKET | KNIFE_EDGE | NONE | GOLD | KT_10 | 1ct | imgs:3
[05:13:10][PEAR] [7150] ? NIV-1FF6141A4CE36A5E | BASKET | KNIFE_EDGE | NONE | GOLD | KT_14 | 1ct | imgs:3
[05:13:13][PEAR] [7151] ? NIV-1FF6141A4CE36A5E | BASKET | KNIFE_EDGE | NONE | GOLD | KT_14 | 1ct | imgs:3
[05:13:19][PEAR] [7152] ? NIV-1FF6141A4CE36A5E | BASKET | KNIFE_EDGE | NONE | GOLD | KT_14 | 1ct | imgs:3
[05:13:22][PEAR] [7153] ? NIV-41B3227062ECC823 | BASKET | KNIFE_EDGE | NONE | GOLD | KT_14 | 1ct | imgs:1
[05:13:28][PEAR] [7154] ? NIV-41B3227062ECC823 | BASKET | KNIFE_EDGE | NONE | GOLD | KT_14 | 1ct | imgs:3
[05:13:34][PEAR] [7155] ? NIV-41B3227062ECC823 | BASKET | KNIFE_EDGE | NONE | GOLD | KT_14 | 1ct | imgs:3
[05:13:37][PEAR] [7156] ? NIV-0ECBA7EC8BEEA228 | BASKET | KNIFE_EDGE | NONE | GOLD | KT_14 | 1ct | imgs:3
[05:13:41][PEAR] [7157] ? NIV-0ECBA7EC8BEEA228 | BASKET | KNIFE_EDGE | NONE | GOLD | KT_14 | 1ct | imgs:3
[05:13:46][PEAR] [7158] ? NIV-0ECBA7EC8BEEA228 | BASKET | KNIFE_EDGE | NONE | GOLD | KT_14 | 1ct | imgs:3
[05:13:51][PEAR] [7159] ? NIV-DCF049243E1162B6 | BASKET | KNIFE_EDGE | NONE | GOLD | KT_18 | 1ct | imgs:1
[05:13:55][PEAR] [7160] ? NIV-DCF049243E1162B6 | BASKET | KNIFE_EDGE | NONE | GOLD | KT_18 | 1ct | imgs:3
[05:14:01][PEAR] [7161] ? NIV-DCF049243E1162B6 | BASKET | KNIFE_EDGE | NONE | GOLD | KT_18 | 1ct | imgs:3
[05:14:04][PEAR] [7162] ? NIV-C9F510BCAA65E044 | BASKET | KNIFE_EDGE | NONE | GOLD | KT_18 | 1ct | imgs:1
[05:14:10][PEAR] [7163] ? NIV-C9F510BCAA65E044 | BASKET | KNIFE_EDGE | NONE | GOLD | KT_18 | 1ct | imgs:3
[05:14:16][PEAR] [7164] ? NIV-C9F510BCAA65E044 | BASKET | KNIFE_EDGE | NONE | GOLD | KT_18 | 1ct | imgs:3
[05:14:20][PEAR] [7165] ? NIV-9F6773E2C79DE8CC | BASKET | KNIFE_EDGE | NONE | GOLD | KT_18 | 1ct | imgs:1
[05:14:25][PEAR] [7166] ? NIV-9F6773E2C79DE8CC | BASKET | KNIFE_EDGE | NONE | GOLD | KT_18 | 1ct | imgs:3
[05:14:31][PEAR] [7167] ? NIV-9F6773E2C79DE8CC | BASKET | KNIFE_EDGE | NONE | GOLD | KT_18 | 1ct | imgs:3
[05:14:35][PEAR] [7168] ? NIV-41FAE2534FBB75FE | BASKET | KNIFE_EDGE | NONE | PLATINUM | PT_950 | 1ct | imgs:3
[05:14:46][PEAR] [7169] ? NIV-483DEFCA6E775EE9 | BASKET | KNIFE_EDGE | U_PAVE | GOLD | KT_10 | 1ct | imgs:1
[05:14:50][PEAR] [7170] ? NIV-483DEFCA6E775EE9 | BASKET | KNIFE_EDGE | U_PAVE | GOLD | KT_10 | 1ct | imgs:3
[05:14:55][PEAR] [7171] ? NIV-483DEFCA6E775EE9 | BASKET | KNIFE_EDGE | U_PAVE | GOLD | KT_10 | 1ct | imgs:3
[05:14:58][PEAR] [7172] ? NIV-A2DE888E553EA301 | BASKET | KNIFE_EDGE | U_PAVE | GOLD | KT_10 | 1ct | imgs:1
[05:15:04][PEAR] [7173] ? NIV-A2DE888E553EA301 | BASKET | KNIFE_EDGE | U_PAVE | GOLD | KT_10 | 1ct | imgs:3
[05:15:10][PEAR] [7174] ? NIV-A2DE888E553EA301 | BASKET | KNIFE_EDGE | U_PAVE | GOLD | KT_10 | 1ct | imgs:3
[05:15:15][PEAR] [7175] ? NIV-14D475B66E6123CF | BASKET | KNIFE_EDGE | U_PAVE | GOLD | KT_10 | 1ct | imgs:2
[05:15:20][PEAR] [7176] ? NIV-14D475B66E6123CF | BASKET | KNIFE_EDGE | U_PAVE | GOLD | KT_10 | 1ct | imgs:3
[05:15:25][PEAR] [7177] ? NIV-14D475B66E6123CF | BASKET | KNIFE_EDGE | U_PAVE | GOLD | KT_10 | 1ct | imgs:3
[05:15:29][PEAR] [7178] ? NIV-9D9A6244132FD2C2 | BASKET | KNIFE_EDGE | U_PAVE | GOLD | KT_14 | 1ct | imgs:3
[05:15:34][PEAR] [7179] ? NIV-9D9A6244132FD2C2 | BASKET | KNIFE_EDGE | U_PAVE | GOLD | KT_14 | 1ct | imgs:3
[05:15:38][PEAR] [7180] ? NIV-9D9A6244132FD2C2 | BASKET | KNIFE_EDGE | U_PAVE | GOLD | KT_14 | 1ct | imgs:3
[05:15:40][PEAR] [7181] ? NIV-D6B990809B8517DA | BASKET | KNIFE_EDGE | U_PAVE | GOLD | KT_14 | 1ct | imgs:3
[05:15:46][PEAR] [7182] ? NIV-D6B990809B8517DA | BASKET | KNIFE_EDGE | U_PAVE | GOLD | KT_14 | 1ct | imgs:3
[05:15:52][PEAR] [7183] ? NIV-D6B990809B8517DA | BASKET | KNIFE_EDGE | U_PAVE | GOLD | KT_14 | 1ct | imgs:3
[05:15:55][PEAR] [7184] ? NIV-E25354E0761FD9A8 | BASKET | KNIFE_EDGE | U_PAVE | GOLD | KT_14 | 1ct | imgs:1
[05:16:01][PEAR] [7185] ? NIV-E25354E0761FD9A8 | BASKET | KNIFE_EDGE | U_PAVE | GOLD | KT_14 | 1ct | imgs:3
[05:16:07][PEAR] [7186] ? NIV-E25354E0761FD9A8 | BASKET | KNIFE_EDGE | U_PAVE | GOLD | KT_14 | 1ct | imgs:3
[05:16:13][PEAR] [7187] ? NIV-8363EDC11A8696BD | BASKET | KNIFE_EDGE | U_PAVE | GOLD | KT_18 | 1ct | imgs:3
[05:16:19][PEAR] [7188] ? NIV-8363EDC11A8696BD | BASKET | KNIFE_EDGE | U_PAVE | GOLD | KT_18 | 1ct | imgs:3
[05:16:22][PEAR] [7189] ? NIV-8363EDC11A8696BD | BASKET | KNIFE_EDGE | U_PAVE | GOLD | KT_18 | 1ct | imgs:3
[05:16:25][PEAR] [7190] ? NIV-29E53072CCD80A8B | BASKET | KNIFE_EDGE | U_PAVE | GOLD | KT_18 | 1ct | imgs:3
[05:16:31][PEAR] [7191] ? NIV-29E53072CCD80A8B | BASKET | KNIFE_EDGE | U_PAVE | GOLD | KT_18 | 1ct | imgs:3
[05:16:34][PEAR] [7192] ? NIV-29E53072CCD80A8B | BASKET | KNIFE_EDGE | U_PAVE | GOLD | KT_18 | 1ct | imgs:3
[05:16:37][PEAR] [7193] ? NIV-C817D2D5DC6DC8C6 | BASKET | KNIFE_EDGE | U_PAVE | GOLD | KT_18 | 1ct | imgs:3
[05:16:41][PEAR] [7194] ? NIV-C817D2D5DC6DC8C6 | BASKET | KNIFE_EDGE | U_PAVE | GOLD | KT_18 | 1ct | imgs:3
[05:16:46][PEAR] [7195] ? NIV-C817D2D5DC6DC8C6 | BASKET | KNIFE_EDGE | U_PAVE | GOLD | KT_18 | 1ct | imgs:3
[05:16:49][PEAR] [7196] ? NIV-7FC4E8064595D080 | BASKET | KNIFE_EDGE | U_PAVE | PLATINUM | PT_950 | 1ct | imgs:3
[05:16:55][PEAR] [7197] ? NIV-127D9565A3B9F31C | BASKET | KNIFE_EDGE | U_PAVE | GOLD | KT_10 | 1ct | imgs:3
[05:16:59][PEAR] [7198] ? NIV-127D9565A3B9F31C | BASKET | KNIFE_EDGE | U_PAVE | GOLD | KT_10 | 1ct | imgs:3
[05:17:04][PEAR] [7199] ? NIV-127D9565A3B9F31C | BASKET | KNIFE_EDGE | U_PAVE | GOLD | KT_10 | 1ct | imgs:3
[05:17:07][PEAR] [7200] ? NIV-6BF06C6DCD617F4A | BASKET | KNIFE_EDGE | U_PAVE | GOLD | KT_10 | 1ct | imgs:3
[05:17:13][PEAR] [7201] ? NIV-6BF06C6DCD617F4A | BASKET | KNIFE_EDGE | U_PAVE | GOLD | KT_10 | 1ct | imgs:3
[05:17:19][PEAR] [7202] ? NIV-6BF06C6DCD617F4A | BASKET | KNIFE_EDGE | U_PAVE | GOLD | KT_10 | 1ct | imgs:3
[05:17:22][PEAR] [7203] ? NIV-E221B90111BBBE83 | BASKET | KNIFE_EDGE | U_PAVE | GOLD | KT_10 | 1ct | imgs:3
[05:17:26][PEAR] [7204] ? NIV-E221B90111BBBE83 | BASKET | KNIFE_EDGE | U_PAVE | GOLD | KT_10 | 1ct | imgs:3
[05:17:31][PEAR] [7205] ? NIV-E221B90111BBBE83 | BASKET | KNIFE_EDGE | U_PAVE | GOLD | KT_10 | 1ct | imgs:3
[05:17:37][PEAR] [7206] ? NIV-988B00E18FDEED4F | BASKET | KNIFE_EDGE | U_PAVE | GOLD | KT_14 | 1ct | imgs:1
[05:17:40][PEAR] [7207] ? NIV-988B00E18FDEED4F | BASKET | KNIFE_EDGE | U_PAVE | GOLD | KT_14 | 1ct | imgs:3
[05:17:46][PEAR] [7208] ? NIV-988B00E18FDEED4F | BASKET | KNIFE_EDGE | U_PAVE | GOLD | KT_14 | 1ct | imgs:3
[05:17:50][PEAR] [7209] ? NIV-9407DF553A1B9919 | BASKET | KNIFE_EDGE | U_PAVE | GOLD | KT_14 | 1ct | imgs:1
[05:17:55][PEAR] [7210] ? NIV-9407DF553A1B9919 | BASKET | KNIFE_EDGE | U_PAVE | GOLD | KT_14 | 1ct | imgs:3
[05:17:58][PEAR] [7211] ? NIV-9407DF553A1B9919 | BASKET | KNIFE_EDGE | U_PAVE | GOLD | KT_14 | 1ct | imgs:3
[05:18:04][PEAR] [7212] ? NIV-A9DC2A25EA042B0B | BASKET | KNIFE_EDGE | U_PAVE | GOLD | KT_14 | 1ct | imgs:3
[05:18:07][PEAR] [7213] ? NIV-A9DC2A25EA042B0B | BASKET | KNIFE_EDGE | U_PAVE | GOLD | KT_14 | 1ct | imgs:3
[05:18:13][PEAR] [7214] ? NIV-A9DC2A25EA042B0B | BASKET | KNIFE_EDGE | U_PAVE | GOLD | KT_14 | 1ct | imgs:3
[05:18:17][PEAR] [7215] ? NIV-9A2940D157BA80C6 | BASKET | KNIFE_EDGE | U_PAVE | GOLD | KT_18 | 1ct | imgs:3
[05:18:22][PEAR] [7216] ? NIV-9A2940D157BA80C6 | BASKET | KNIFE_EDGE | U_PAVE | GOLD | KT_18 | 1ct | imgs:3
[05:18:28][PEAR] [7217] ? NIV-9A2940D157BA80C6 | BASKET | KNIFE_EDGE | U_PAVE | GOLD | KT_18 | 1ct | imgs:3
[05:18:34][PEAR] [7218] ? NIV-6CA431B86D095E29 | BASKET | KNIFE_EDGE | U_PAVE | GOLD | KT_18 | 1ct | imgs:3
[05:18:37][PEAR] [7219] ? NIV-6CA431B86D095E29 | BASKET | KNIFE_EDGE | U_PAVE | GOLD | KT_18 | 1ct | imgs:3
[05:18:41][PEAR] [7220] ? NIV-6CA431B86D095E29 | BASKET | KNIFE_EDGE | U_PAVE | GOLD | KT_18 | 1ct | imgs:3
[05:18:51][PEAR] [7221] ??  NIV-6CA431B86D095E29 | BASKET | KNIFE_EDGE | U_PAVE | GOLD | KT_18 | 1ct | imgs:0
[05:18:55][PEAR] [7222] ? NIV-D834700173F800F8 | BASKET | KNIFE_EDGE | U_PAVE | GOLD | KT_18 | 1ct | imgs:3
[05:18:58][PEAR] [7223] ? NIV-D834700173F800F8 | BASKET | KNIFE_EDGE | U_PAVE | GOLD | KT_18 | 1ct | imgs:3
[05:19:01][PEAR] [7224] ? NIV-4B90106EFDBB4BC4 | BASKET | KNIFE_EDGE | U_PAVE | PLATINUM | PT_950 | 1ct | imgs:3
[05:19:08][PEAR] [7225] ? NIV-B4DE0F2ACB229FF6 | BASKET | KNIFE_EDGE | U_PAVE | GOLD | KT_10 | 1ct | imgs:3
[05:19:13][PEAR] [7226] ? NIV-B4DE0F2ACB229FF6 | BASKET | KNIFE_EDGE | U_PAVE | GOLD | KT_10 | 1ct | imgs:3
[05:19:16][PEAR] [7227] ? NIV-B4DE0F2ACB229FF6 | BASKET | KNIFE_EDGE | U_PAVE | GOLD | KT_10 | 1ct | imgs:3
[05:19:21][PEAR] [7228] ? NIV-B928F987526ED8D6 | BASKET | KNIFE_EDGE | U_PAVE | GOLD | KT_10 | 1ct | imgs:1
[05:19:25][PEAR] [7229] ? NIV-B928F987526ED8D6 | BASKET | KNIFE_EDGE | U_PAVE | GOLD | KT_10 | 1ct | imgs:3
[05:19:31][PEAR] [7230] ? NIV-B928F987526ED8D6 | BASKET | KNIFE_EDGE | U_PAVE | GOLD | KT_10 | 1ct | imgs:3
[05:19:37][PEAR] [7231] ? NIV-38BC06E7FBF32DB4 | BASKET | KNIFE_EDGE | U_PAVE | GOLD | KT_10 | 1ct | imgs:2
[05:19:40][PEAR] [7232] ? NIV-38BC06E7FBF32DB4 | BASKET | KNIFE_EDGE | U_PAVE | GOLD | KT_10 | 1ct | imgs:3
[05:19:43][PEAR] [7233] ? NIV-38BC06E7FBF32DB4 | BASKET | KNIFE_EDGE | U_PAVE | GOLD | KT_10 | 1ct | imgs:3
[05:19:51][PEAR] [7234] ? NIV-46086A0B18E65D9A | BASKET | KNIFE_EDGE | U_PAVE | GOLD | KT_14 | 1ct | imgs:1
[05:19:55][PEAR] [7235] ? NIV-46086A0B18E65D9A | BASKET | KNIFE_EDGE | U_PAVE | GOLD | KT_14 | 1ct | imgs:3
[05:20:01][PEAR] [7236] ? NIV-46086A0B18E65D9A | BASKET | KNIFE_EDGE | U_PAVE | GOLD | KT_14 | 1ct | imgs:3
[05:20:07][PEAR] [7237] ? NIV-9DF9FAFA53B37A46 | BASKET | KNIFE_EDGE | U_PAVE | GOLD | KT_14 | 1ct | imgs:1
[05:20:10][PEAR] [7238] ? NIV-9DF9FAFA53B37A46 | BASKET | KNIFE_EDGE | U_PAVE | GOLD | KT_14 | 1ct | imgs:3
[05:20:13][PEAR] [7239] ? NIV-9DF9FAFA53B37A46 | BASKET | KNIFE_EDGE | U_PAVE | GOLD | KT_14 | 1ct | imgs:3
[05:20:17][PEAR] [7240] ? NIV-BDE897B72DED77E3 | BASKET | KNIFE_EDGE | U_PAVE | GOLD | KT_14 | 1ct | imgs:1
[05:20:22][PEAR] [7241] ? NIV-BDE897B72DED77E3 | BASKET | KNIFE_EDGE | U_PAVE | GOLD | KT_14 | 1ct | imgs:3
[05:20:28][PEAR] [7242] ? NIV-BDE897B72DED77E3 | BASKET | KNIFE_EDGE | U_PAVE | GOLD | KT_14 | 1ct | imgs:3
[05:20:34][PEAR] [7243] ? NIV-AECF93404F6CF093 | BASKET | KNIFE_EDGE | U_PAVE | GOLD | KT_18 | 1ct | imgs:1
[05:20:40][PEAR] [7244] ? NIV-AECF93404F6CF093 | BASKET | KNIFE_EDGE | U_PAVE | GOLD | KT_18 | 1ct | imgs:3
[05:20:46][PEAR] [7245] ? NIV-AECF93404F6CF093 | BASKET | KNIFE_EDGE | U_PAVE | GOLD | KT_18 | 1ct | imgs:3
[05:20:50][PEAR] [7246] ? NIV-4E6F66D90FC47918 | BASKET | KNIFE_EDGE | U_PAVE | GOLD | KT_18 | 1ct | imgs:1
[05:20:55][PEAR] [7247] ? NIV-4E6F66D90FC47918 | BASKET | KNIFE_EDGE | U_PAVE | GOLD | KT_18 | 1ct | imgs:3
[05:21:01][PEAR] [7248] ? NIV-4E6F66D90FC47918 | BASKET | KNIFE_EDGE | U_PAVE | GOLD | KT_18 | 1ct | imgs:3
[05:21:12][PEAR] [7249] ??  NIV-7C877CB2841C5309 | BASKET | KNIFE_EDGE | U_PAVE | GOLD | KT_18 | 1ct | imgs:0
[05:21:16][PEAR] [7250] ? NIV-7C877CB2841C5309 | BASKET | KNIFE_EDGE | U_PAVE | GOLD | KT_18 | 1ct | imgs:3
[05:21:22][PEAR] [7251] ? NIV-7C877CB2841C5309 | BASKET | KNIFE_EDGE | U_PAVE | GOLD | KT_18 | 1ct | imgs:3
[05:21:25][PEAR] [7252] ? NIV-795D67F84F83268F | BASKET | KNIFE_EDGE | U_PAVE | PLATINUM | PT_950 | 1ct | imgs:3
[05:21:34][PEAR] [7253] ? NIV-39935B713C1C43E7 | BASKET | KNIFE_EDGE | U_PAVE | GOLD | KT_10 | 1ct | imgs:1
[05:21:40][PEAR] [7254] ? NIV-39935B713C1C43E7 | BASKET | KNIFE_EDGE | U_PAVE | GOLD | KT_10 | 1ct | imgs:3
[05:21:43][PEAR]   Re-seleccionando PEAR (intento 1)
[05:21:43][PEAR]   Boton no encontrado ? recargando configurador...
[05:22:12][PEAR]   Re-seleccionando PEAR (intento 2)
[05:22:18][PEAR] [7255] ? NIV-D5C0F85B48F232CE | BASKET | KNIFE_EDGE | U_PAVE | GOLD | KT_10 | 1ct | imgs:1
[05:22:22][PEAR] [7256] ? NIV-F90800C7F479B426 | BASKET | KNIFE_EDGE | U_PAVE | GOLD | KT_10 | 1ct | imgs:3
[05:22:27][PEAR] [7257] ? NIV-E9C5A8C18A98309E | BASKET | KNIFE_EDGE | U_PAVE | GOLD | KT_10 | 1ct | imgs:1
[05:22:32][PEAR] [7258] ? NIV-CA91397730759503 | BASKET | KNIFE_EDGE | U_PAVE | GOLD | KT_10 | 1ct | imgs:1
[05:22:37][PEAR] [7259] ? NIV-201813E54AAD676E | BASKET | KNIFE_EDGE | U_PAVE | GOLD | KT_10 | 1ct | imgs:1
[05:22:42][PEAR] [7260] ? NIV-560ECFDD33105F86 | BASKET | KNIFE_EDGE | U_PAVE | GOLD | KT_10 | 1ct | imgs:1
[05:22:50][PEAR] [7261] ? NIV-F0569425E60661CF | BASKET | KNIFE_EDGE | U_PAVE | GOLD | KT_10 | 1ct | imgs:1
[05:22:55][PEAR] [7262] ? NIV-638B37285FE6198E | BASKET | KNIFE_EDGE | U_PAVE | GOLD | KT_14 | 1ct | imgs:3
[05:23:06][PEAR] [7263] ??  NIV-1815078B47B84782 | BASKET | KNIFE_EDGE | U_PAVE | GOLD | KT_14 | 1ct | imgs:0
[05:23:12][PEAR] [7264] ? NIV-AC6B232A224D37FA | BASKET | KNIFE_EDGE | U_PAVE | GOLD | KT_14 | 1ct | imgs:3
[05:23:16][PEAR] [7265] ? NIV-4FF03D3E2E598AFF | BASKET | KNIFE_EDGE | U_PAVE | GOLD | KT_14 | 1ct | imgs:3
[05:23:19][PEAR] [7266] ? NIV-D57EB831DCE834E8 | BASKET | KNIFE_EDGE | U_PAVE | GOLD | KT_14 | 1ct | imgs:3
[05:23:22][PEAR] [7267] ? NIV-A1E303B7255D44D5 | BASKET | KNIFE_EDGE | U_PAVE | GOLD | KT_14 | 1ct | imgs:3
[05:23:26][PEAR] [7268] ? NIV-99D5B34079E5026A | BASKET | KNIFE_EDGE | U_PAVE | GOLD | KT_14 | 1ct | imgs:3
[05:23:30][PEAR] [7269] ? NIV-C6DC6C40DFD35C78 | BASKET | KNIFE_EDGE | U_PAVE | GOLD | KT_14 | 1ct | imgs:1
[05:23:32][PEAR] [7270] ? NIV-2C26E2EFE9A956DF | BASKET | KNIFE_EDGE | U_PAVE | GOLD | KT_14 | 1ct | imgs:3
[05:23:37][PEAR] [7271] ? NIV-AABD95B950B34DF1 | BASKET | KNIFE_EDGE | U_PAVE | GOLD | KT_18 | 1ct | imgs:3
[05:23:41][PEAR] [7272] ? NIV-89E0F50132F79B32 | BASKET | KNIFE_EDGE | U_PAVE | GOLD | KT_18 | 1ct | imgs:3
[05:23:45][PEAR] [7273] ? NIV-C175F6C1D9DECDAB | BASKET | KNIFE_EDGE | U_PAVE | GOLD | KT_18 | 1ct | imgs:3
[05:23:51][PEAR] [7274] ? NIV-3856082831231231 | BASKET | KNIFE_EDGE | U_PAVE | GOLD | KT_18 | 1ct | imgs:3
[05:23:55][PEAR] [7275] ? NIV-FE6898A5C1792CC1 | BASKET | KNIFE_EDGE | U_PAVE | GOLD | KT_18 | 1ct | imgs:3
[05:24:00][PEAR] [7276] ? NIV-87E99FDAFFF17281 | BASKET | KNIFE_EDGE | U_PAVE | GOLD | KT_18 | 1ct | imgs:3
[05:24:09][PEAR] [7277] ? NIV-853B5380A5203887 | BASKET | KNIFE_EDGE | U_PAVE | GOLD | KT_18 | 1ct | imgs:3
[05:24:13][PEAR] [7278] ? NIV-79B08F9F0CE078D3 | BASKET | KNIFE_EDGE | U_PAVE | GOLD | KT_18 | 1ct | imgs:3
[05:24:16][PEAR] [7279] ? NIV-2B5A34D8091A2722 | BASKET | KNIFE_EDGE | U_PAVE | GOLD | KT_18 | 1ct | imgs:3
[05:24:19][PEAR] [7280] ? NIV-3580C704CD6D41A8 | BASKET | KNIFE_EDGE | U_PAVE | PLATINUM | PT_950 | 1ct | imgs:3
[05:24:28][PEAR] [7281] ? NIV-4D4E2285F7377E17 | BASKET | KNIFE_EDGE | BEAD | GOLD | KT_10 | 1ct | imgs:3
[05:24:34][PEAR] [7282] ? NIV-4D4E2285F7377E17 | BASKET | KNIFE_EDGE | BEAD | GOLD | KT_10 | 1ct | imgs:3
[05:24:37][PEAR] [7283] ? NIV-4D4E2285F7377E17 | BASKET | KNIFE_EDGE | BEAD | GOLD | KT_10 | 1ct | imgs:3
[05:24:43][PEAR] [7284] ? NIV-EFAC0C7F8740A887 | BASKET | KNIFE_EDGE | BEAD | GOLD | KT_10 | 1ct | imgs:2
[05:24:49][PEAR] [7285] ? NIV-EFAC0C7F8740A887 | BASKET | KNIFE_EDGE | BEAD | GOLD | KT_10 | 1ct | imgs:3
[05:24:52][PEAR] [7286] ? NIV-EFAC0C7F8740A887 | BASKET | KNIFE_EDGE | BEAD | GOLD | KT_10 | 1ct | imgs:3
[05:24:55][PEAR] [7287] ? NIV-1741FA8C01F2D72B | BASKET | KNIFE_EDGE | BEAD | GOLD | KT_10 | 1ct | imgs:3
[05:25:01][PEAR] [7288] ? NIV-1741FA8C01F2D72B | BASKET | KNIFE_EDGE | BEAD | GOLD | KT_10 | 1ct | imgs:3
[05:25:07][PEAR] [7289] ? NIV-1741FA8C01F2D72B | BASKET | KNIFE_EDGE | BEAD | GOLD | KT_10 | 1ct | imgs:3
[05:25:11][PEAR] [7290] ? NIV-E08CF2D6EC5E6466 | BASKET | KNIFE_EDGE | BEAD | GOLD | KT_14 | 1ct | imgs:3
[05:25:16][PEAR] [7291] ? NIV-E08CF2D6EC5E6466 | BASKET | KNIFE_EDGE | BEAD | GOLD | KT_14 | 1ct | imgs:3
[05:25:19][PEAR] [7292] ? NIV-E08CF2D6EC5E6466 | BASKET | KNIFE_EDGE | BEAD | GOLD | KT_14 | 1ct | imgs:3
[05:25:22][PEAR] [7293] ? NIV-9F75ECE3B8D99600 | BASKET | KNIFE_EDGE | BEAD | GOLD | KT_14 | 1ct | imgs:3
[05:25:28][PEAR] [7294] ? NIV-9F75ECE3B8D99600 | BASKET | KNIFE_EDGE | BEAD | GOLD | KT_14 | 1ct | imgs:3
[05:25:31][PEAR] [7295] ? NIV-9F75ECE3B8D99600 | BASKET | KNIFE_EDGE | BEAD | GOLD | KT_14 | 1ct | imgs:3
[05:25:34][PEAR] [7296] ? NIV-FAD0EECB8EFEF170 | BASKET | KNIFE_EDGE | BEAD | GOLD | KT_14 | 1ct | imgs:1
[05:25:40][PEAR] [7297] ? NIV-FAD0EECB8EFEF170 | BASKET | KNIFE_EDGE | BEAD | GOLD | KT_14 | 1ct | imgs:3
[05:25:46][PEAR] [7298] ? NIV-FAD0EECB8EFEF170 | BASKET | KNIFE_EDGE | BEAD | GOLD | KT_14 | 1ct | imgs:3
[05:25:54][PEAR] [7299] ? NIV-0340FB5A708B621B | BASKET | KNIFE_EDGE | BEAD | GOLD | KT_18 | 1ct | imgs:1
[05:25:58][PEAR] [7300] ? NIV-0340FB5A708B621B | BASKET | KNIFE_EDGE | BEAD | GOLD | KT_18 | 1ct | imgs:3
[05:26:04][PEAR] [7301] ? NIV-0340FB5A708B621B | BASKET | KNIFE_EDGE | BEAD | GOLD | KT_18 | 1ct | imgs:3
[05:26:07][PEAR] [7302] ? NIV-00DC743A48B199C7 | BASKET | KNIFE_EDGE | BEAD | GOLD | KT_18 | 1ct | imgs:1
[05:26:14][PEAR] [7303] ? NIV-00DC743A48B199C7 | BASKET | KNIFE_EDGE | BEAD | GOLD | KT_18 | 1ct | imgs:3
[05:26:19][PEAR] [7304] ? NIV-00DC743A48B199C7 | BASKET | KNIFE_EDGE | BEAD | GOLD | KT_18 | 1ct | imgs:3
[05:26:22][PEAR] [7305] ? NIV-C45640AB50970818 | BASKET | KNIFE_EDGE | BEAD | GOLD | KT_18 | 1ct | imgs:2
[05:26:28][PEAR] [7306] ? NIV-C45640AB50970818 | BASKET | KNIFE_EDGE | BEAD | GOLD | KT_18 | 1ct | imgs:3
[05:26:34][PEAR] [7307] ? NIV-C45640AB50970818 | BASKET | KNIFE_EDGE | BEAD | GOLD | KT_18 | 1ct | imgs:3
[05:26:37][PEAR] [7308] ? NIV-8C8D98F6E3CDEFF1 | BASKET | KNIFE_EDGE | BEAD | PLATINUM | PT_950 | 1ct | imgs:3
[05:26:43][PEAR] [7309] ? NIV-8C4C3428845B12DB | BASKET | KNIFE_EDGE | BEAD | GOLD | KT_10 | 1ct | imgs:3
[05:26:49][PEAR] [7310] ? NIV-8C4C3428845B12DB | BASKET | KNIFE_EDGE | BEAD | GOLD | KT_10 | 1ct | imgs:3
[05:26:55][PEAR] [7311] ? NIV-8C4C3428845B12DB | BASKET | KNIFE_EDGE | BEAD | GOLD | KT_10 | 1ct | imgs:3
[05:26:58][PEAR] [7312] ? NIV-12DB08FA42B9F941 | BASKET | KNIFE_EDGE | BEAD | GOLD | KT_10 | 1ct | imgs:3
[05:27:01][PEAR] [7313] ? NIV-12DB08FA42B9F941 | BASKET | KNIFE_EDGE | BEAD | GOLD | KT_10 | 1ct | imgs:3
[05:27:07][PEAR] [7314] ? NIV-12DB08FA42B9F941 | BASKET | KNIFE_EDGE | BEAD | GOLD | KT_10 | 1ct | imgs:3
[05:27:17][PEAR] [7315] ? NIV-476E9FA874C9F77D | BASKET | KNIFE_EDGE | BEAD | GOLD | KT_10 | 1ct | imgs:1
[05:27:22][PEAR] [7316] ? NIV-476E9FA874C9F77D | BASKET | KNIFE_EDGE | BEAD | GOLD | KT_10 | 1ct | imgs:3
[05:27:25][PEAR] [7317] ? NIV-476E9FA874C9F77D | BASKET | KNIFE_EDGE | BEAD | GOLD | KT_10 | 1ct | imgs:3
[05:27:34][PEAR] [7318] ? NIV-AB007BA3A496F4EC | BASKET | KNIFE_EDGE | BEAD | GOLD | KT_14 | 1ct | imgs:3
[05:27:38][PEAR] [7319] ? NIV-AB007BA3A496F4EC | BASKET | KNIFE_EDGE | BEAD | GOLD | KT_14 | 1ct | imgs:3
[05:27:43][PEAR] [7320] ? NIV-AB007BA3A496F4EC | BASKET | KNIFE_EDGE | BEAD | GOLD | KT_14 | 1ct | imgs:3
[05:27:46][PEAR] [7321] ? NIV-B2CDEA342850A7DD | BASKET | KNIFE_EDGE | BEAD | GOLD | KT_14 | 1ct | imgs:3
[05:27:49][PEAR] [7322] ? NIV-B2CDEA342850A7DD | BASKET | KNIFE_EDGE | BEAD | GOLD | KT_14 | 1ct | imgs:3
[05:27:53][PEAR] [7323] ? NIV-B2CDEA342850A7DD | BASKET | KNIFE_EDGE | BEAD | GOLD | KT_14 | 1ct | imgs:3
[05:27:55][PEAR] [7324] ? NIV-4C1947C60EAF501B | BASKET | KNIFE_EDGE | BEAD | GOLD | KT_14 | 1ct | imgs:3
[05:27:58][PEAR] [7325] ? NIV-4C1947C60EAF501B | BASKET | KNIFE_EDGE | BEAD | GOLD | KT_14 | 1ct | imgs:3
[05:28:04][PEAR] [7326] ? NIV-4C1947C60EAF501B | BASKET | KNIFE_EDGE | BEAD | GOLD | KT_14 | 1ct | imgs:3
[05:28:11][PEAR] [7327] ? NIV-826A5C83EA627AB1 | BASKET | KNIFE_EDGE | BEAD | GOLD | KT_18 | 1ct | imgs:1
[05:28:16][PEAR] [7328] ? NIV-826A5C83EA627AB1 | BASKET | KNIFE_EDGE | BEAD | GOLD | KT_18 | 1ct | imgs:3
[05:28:22][PEAR] [7329] ? NIV-826A5C83EA627AB1 | BASKET | KNIFE_EDGE | BEAD | GOLD | KT_18 | 1ct | imgs:3
[05:28:28][PEAR] [7330] ? NIV-678E10DF233D0517 | BASKET | KNIFE_EDGE | BEAD | GOLD | KT_18 | 1ct | imgs:2
[05:28:32][PEAR] [7331] ? NIV-678E10DF233D0517 | BASKET | KNIFE_EDGE | BEAD | GOLD | KT_18 | 1ct | imgs:3
[05:28:37][PEAR] [7332] ? NIV-678E10DF233D0517 | BASKET | KNIFE_EDGE | BEAD | GOLD | KT_18 | 1ct | imgs:3
[05:28:40][PEAR] [7333] ? NIV-4F0A58E8445B4B55 | BASKET | KNIFE_EDGE | BEAD | GOLD | KT_18 | 1ct | imgs:3
[05:28:43][PEAR] [7334] ? NIV-4F0A58E8445B4B55 | BASKET | KNIFE_EDGE | BEAD | GOLD | KT_18 | 1ct | imgs:3
[05:28:47][PEAR] [7335] ? NIV-4F0A58E8445B4B55 | BASKET | KNIFE_EDGE | BEAD | GOLD | KT_18 | 1ct | imgs:3
[05:28:49][PEAR] [7336] ? NIV-2E094D48ABC90E76 | BASKET | KNIFE_EDGE | BEAD | PLATINUM | PT_950 | 1ct | imgs:3
[05:28:55][PEAR] [7337] ? NIV-1D72BAA052996CC4 | BASKET | KNIFE_EDGE | BEAD | GOLD | KT_10 | 1ct | imgs:3
[05:28:59][PEAR] [7338] ? NIV-1D72BAA052996CC4 | BASKET | KNIFE_EDGE | BEAD | GOLD | KT_10 | 1ct | imgs:3
[05:29:04][PEAR] [7339] ? NIV-1D72BAA052996CC4 | BASKET | KNIFE_EDGE | BEAD | GOLD | KT_10 | 1ct | imgs:3
[05:29:07][PEAR] [7340] ? NIV-C14436DF0E66BA59 | BASKET | KNIFE_EDGE | BEAD | GOLD | KT_10 | 1ct | imgs:3
[05:29:13][PEAR] [7341] ? NIV-C14436DF0E66BA59 | BASKET | KNIFE_EDGE | BEAD | GOLD | KT_10 | 1ct | imgs:3
[05:29:19][PEAR] [7342] ? NIV-C14436DF0E66BA59 | BASKET | KNIFE_EDGE | BEAD | GOLD | KT_10 | 1ct | imgs:3
[05:29:22][PEAR] [7343] ? NIV-F0904DE438B8852A | BASKET | KNIFE_EDGE | BEAD | GOLD | KT_10 | 1ct | imgs:3
[05:29:25][PEAR] [7344] ? NIV-F0904DE438B8852A | BASKET | KNIFE_EDGE | BEAD | GOLD | KT_10 | 1ct | imgs:3
[05:29:31][PEAR] [7345] ? NIV-F0904DE438B8852A | BASKET | KNIFE_EDGE | BEAD | GOLD | KT_10 | 1ct | imgs:3
[05:29:35][PEAR] [7346] ? NIV-69054F7EDF401A94 | BASKET | KNIFE_EDGE | BEAD | GOLD | KT_14 | 1ct | imgs:1
[05:29:40][PEAR] [7347] ? NIV-69054F7EDF401A94 | BASKET | KNIFE_EDGE | BEAD | GOLD | KT_14 | 1ct | imgs:3
[05:29:44][PEAR] [7348] ? NIV-69054F7EDF401A94 | BASKET | KNIFE_EDGE | BEAD | GOLD | KT_14 | 1ct | imgs:3
[05:29:46][PEAR] [7349] ? NIV-8D9905213AAEBB9D | BASKET | KNIFE_EDGE | BEAD | GOLD | KT_14 | 1ct | imgs:3
[05:29:52][PEAR] [7350] ? NIV-8D9905213AAEBB9D | BASKET | KNIFE_EDGE | BEAD | GOLD | KT_14 | 1ct | imgs:3
[05:29:58][PEAR] [7351] ? NIV-8D9905213AAEBB9D | BASKET | KNIFE_EDGE | BEAD | GOLD | KT_14 | 1ct | imgs:3
[05:30:01][PEAR] [7352] ? NIV-17572AB15EFAD8F5 | BASKET | KNIFE_EDGE | BEAD | GOLD | KT_14 | 1ct | imgs:3
[05:30:07][PEAR] [7353] ? NIV-17572AB15EFAD8F5 | BASKET | KNIFE_EDGE | BEAD | GOLD | KT_14 | 1ct | imgs:3
[05:30:10][PEAR] [7354] ? NIV-17572AB15EFAD8F5 | BASKET | KNIFE_EDGE | BEAD | GOLD | KT_14 | 1ct | imgs:3
[05:30:16][PEAR] [7355] ? NIV-5165785B424DDC61 | BASKET | KNIFE_EDGE | BEAD | GOLD | KT_18 | 1ct | imgs:3
[05:30:22][PEAR] [7356] ? NIV-5165785B424DDC61 | BASKET | KNIFE_EDGE | BEAD | GOLD | KT_18 | 1ct | imgs:3
[05:30:26][PEAR] [7357] ? NIV-5165785B424DDC61 | BASKET | KNIFE_EDGE | BEAD | GOLD | KT_18 | 1ct | imgs:3
[05:30:28][PEAR] [7358] ? NIV-ED0CDAA69471041D | BASKET | KNIFE_EDGE | BEAD | GOLD | KT_18 | 1ct | imgs:3
[05:30:34][PEAR] [7359] ? NIV-ED0CDAA69471041D | BASKET | KNIFE_EDGE | BEAD | GOLD | KT_18 | 1ct | imgs:3
[05:30:40][PEAR] [7360] ? NIV-ED0CDAA69471041D | BASKET | KNIFE_EDGE | BEAD | GOLD | KT_18 | 1ct | imgs:3
[05:30:44][PEAR] [7361] ? NIV-D7A25E377534E163 | BASKET | KNIFE_EDGE | BEAD | GOLD | KT_18 | 1ct | imgs:3
[05:30:49][PEAR] [7362] ? NIV-D7A25E377534E163 | BASKET | KNIFE_EDGE | BEAD | GOLD | KT_18 | 1ct | imgs:3
[05:30:55][PEAR] [7363] ? NIV-D7A25E377534E163 | BASKET | KNIFE_EDGE | BEAD | GOLD | KT_18 | 1ct | imgs:3
[05:30:58][PEAR] [7364] ? NIV-E48877322E26656C | BASKET | KNIFE_EDGE | BEAD | PLATINUM | PT_950 | 1ct | imgs:3
[05:31:09][PEAR] [7365] ? NIV-C5483D867BE5FD88 | BASKET | KNIFE_EDGE | BEAD | GOLD | KT_10 | 1ct | imgs:3
[05:31:13][PEAR] [7366] ? NIV-C5483D867BE5FD88 | BASKET | KNIFE_EDGE | BEAD | GOLD | KT_10 | 1ct | imgs:3
[05:31:17][PEAR] [7367] ? NIV-C5483D867BE5FD88 | BASKET | KNIFE_EDGE | BEAD | GOLD | KT_10 | 1ct | imgs:3
[05:31:22][PEAR] [7368] ? NIV-DE10627A71D6EB7A | BASKET | KNIFE_EDGE | BEAD | GOLD | KT_10 | 1ct | imgs:3
[05:31:26][PEAR] [7369] ? NIV-DE10627A71D6EB7A | BASKET | KNIFE_EDGE | BEAD | GOLD | KT_10 | 1ct | imgs:3
[05:31:31][PEAR] [7370] ? NIV-DE10627A71D6EB7A | BASKET | KNIFE_EDGE | BEAD | GOLD | KT_10 | 1ct | imgs:3
[05:31:34][PEAR] [7371] ? NIV-6CA70A8B54BC0E5F | BASKET | KNIFE_EDGE | BEAD | GOLD | KT_10 | 1ct | imgs:3
[05:31:40][PEAR] [7372] ? NIV-6CA70A8B54BC0E5F | BASKET | KNIFE_EDGE | BEAD | GOLD | KT_10 | 1ct | imgs:3
[05:31:46][PEAR] [7373] ? NIV-6CA70A8B54BC0E5F | BASKET | KNIFE_EDGE | BEAD | GOLD | KT_10 | 1ct | imgs:3
[05:31:52][PEAR] [7374] ? NIV-EAE027D46EC224D9 | BASKET | KNIFE_EDGE | BEAD | GOLD | KT_14 | 1ct | imgs:3
[05:31:58][PEAR] [7375] ? NIV-EAE027D46EC224D9 | BASKET | KNIFE_EDGE | BEAD | GOLD | KT_14 | 1ct | imgs:3
[05:32:04][PEAR] [7376] ? NIV-EAE027D46EC224D9 | BASKET | KNIFE_EDGE | BEAD | GOLD | KT_14 | 1ct | imgs:3
[05:32:07][PEAR] [7377] ? NIV-D39A095232BD53EC | BASKET | KNIFE_EDGE | BEAD | GOLD | KT_14 | 1ct | imgs:3
[05:32:13][PEAR] [7378] ? NIV-D39A095232BD53EC | BASKET | KNIFE_EDGE | BEAD | GOLD | KT_14 | 1ct | imgs:3
[05:32:19][PEAR] [7379] ? NIV-D39A095232BD53EC | BASKET | KNIFE_EDGE | BEAD | GOLD | KT_14 | 1ct | imgs:3
[05:32:22][PEAR] [7380] ? NIV-3CD63820DEC7A913 | BASKET | KNIFE_EDGE | BEAD | GOLD | KT_14 | 1ct | imgs:3
[05:32:28][PEAR] [7381] ? NIV-3CD63820DEC7A913 | BASKET | KNIFE_EDGE | BEAD | GOLD | KT_14 | 1ct | imgs:3
[05:32:34][PEAR] [7382] ? NIV-3CD63820DEC7A913 | BASKET | KNIFE_EDGE | BEAD | GOLD | KT_14 | 1ct | imgs:3
[05:32:40][PEAR] [7383] ? NIV-A595C743029608AE | BASKET | KNIFE_EDGE | BEAD | GOLD | KT_18 | 1ct | imgs:3
[05:32:46][PEAR] [7384] ? NIV-A595C743029608AE | BASKET | KNIFE_EDGE | BEAD | GOLD | KT_18 | 1ct | imgs:3
[05:32:49][PEAR] [7385] ? NIV-A595C743029608AE | BASKET | KNIFE_EDGE | BEAD | GOLD | KT_18 | 1ct | imgs:3
[05:32:52][PEAR] [7386] ? NIV-0062BBC5B50651D6 | BASKET | KNIFE_EDGE | BEAD | GOLD | KT_18 | 1ct | imgs:3
[05:32:58][PEAR] [7387] ? NIV-0062BBC5B50651D6 | BASKET | KNIFE_EDGE | BEAD | GOLD | KT_18 | 1ct | imgs:3
[05:33:02][PEAR] [7388] ? NIV-0062BBC5B50651D6 | BASKET | KNIFE_EDGE | BEAD | GOLD | KT_18 | 1ct | imgs:3
[05:33:04][PEAR] [7389] ? NIV-97ADBE3CB216F801 | BASKET | KNIFE_EDGE | BEAD | GOLD | KT_18 | 1ct | imgs:3
[05:33:07][PEAR] [7390] ? NIV-97ADBE3CB216F801 | BASKET | KNIFE_EDGE | BEAD | GOLD | KT_18 | 1ct | imgs:3
[05:33:13][PEAR] [7391] ? NIV-97ADBE3CB216F801 | BASKET | KNIFE_EDGE | BEAD | GOLD | KT_18 | 1ct | imgs:3
[05:33:16][PEAR] [7392] ? NIV-83AE89D899BC4F4E | BASKET | KNIFE_EDGE | BEAD | PLATINUM | PT_950 | 1ct | imgs:3
[05:33:22][PEAR] [7393] ? NIV-C6AC7E9E5826B391 | BASKET | KNIFE_EDGE | BEAD | GOLD | KT_10 | 1ct | imgs:3
[05:33:26][PEAR] [7394] ? NIV-C6AC7E9E5826B391 | BASKET | KNIFE_EDGE | BEAD | GOLD | KT_10 | 1ct | imgs:3
[05:33:31][PEAR] [7395] ? NIV-C6AC7E9E5826B391 | BASKET | KNIFE_EDGE | BEAD | GOLD | KT_10 | 1ct | imgs:3
[05:33:34][PEAR] [7396] ? NIV-C5F58D9582E55F94 | BASKET | KNIFE_EDGE | BEAD | GOLD | KT_10 | 1ct | imgs:3
[05:33:40][PEAR] [7397] ? NIV-C5F58D9582E55F94 | BASKET | KNIFE_EDGE | BEAD | GOLD | KT_10 | 1ct | imgs:3
[05:33:46][PEAR] [7398] ? NIV-C5F58D9582E55F94 | BASKET | KNIFE_EDGE | BEAD | GOLD | KT_10 | 1ct | imgs:3
[05:33:50][PEAR] [7399] ? NIV-BADBA428AE90D5B4 | BASKET | KNIFE_EDGE | BEAD | GOLD | KT_10 | 1ct | imgs:2
[05:33:55][PEAR] [7400] ? NIV-BADBA428AE90D5B4 | BASKET | KNIFE_EDGE | BEAD | GOLD | KT_10 | 1ct | imgs:3
[05:34:01][PEAR] [7401] ? NIV-BADBA428AE90D5B4 | BASKET | KNIFE_EDGE | BEAD | GOLD | KT_10 | 1ct | imgs:3
[05:34:05][PEAR] [7402] ? NIV-B5C91F765D3145CA | BASKET | KNIFE_EDGE | BEAD | GOLD | KT_14 | 1ct | imgs:1
[05:34:10][PEAR] [7403] ? NIV-B5C91F765D3145CA | BASKET | KNIFE_EDGE | BEAD | GOLD | KT_14 | 1ct | imgs:3
[05:34:16][PEAR] [7404] ? NIV-B5C91F765D3145CA | BASKET | KNIFE_EDGE | BEAD | GOLD | KT_14 | 1ct | imgs:3
[05:34:25][PEAR] [7405] ? NIV-4407F4585D3A01CD | BASKET | KNIFE_EDGE | BEAD | GOLD | KT_14 | 1ct | imgs:2
[05:34:31][PEAR] [7406] ? NIV-4407F4585D3A01CD | BASKET | KNIFE_EDGE | BEAD | GOLD | KT_14 | 1ct | imgs:3
[05:34:34][PEAR] [7407] ? NIV-4407F4585D3A01CD | BASKET | KNIFE_EDGE | BEAD | GOLD | KT_14 | 1ct | imgs:3
[05:34:37][PEAR] [7408] ? NIV-3BDBB563B6412125 | BASKET | KNIFE_EDGE | BEAD | GOLD | KT_14 | 1ct | imgs:3
[05:34:43][PEAR] [7409] ? NIV-3BDBB563B6412125 | BASKET | KNIFE_EDGE | BEAD | GOLD | KT_14 | 1ct | imgs:3
[05:34:49][PEAR] [7410] ? NIV-3BDBB563B6412125 | BASKET | KNIFE_EDGE | BEAD | GOLD | KT_14 | 1ct | imgs:3
[05:34:55][PEAR] [7411] ? NIV-2312DA101425EC14 | BASKET | KNIFE_EDGE | BEAD | GOLD | KT_18 | 1ct | imgs:1
[05:35:01][PEAR] [7412] ? NIV-2312DA101425EC14 | BASKET | KNIFE_EDGE | BEAD | GOLD | KT_18 | 1ct | imgs:3
[05:35:07][PEAR] [7413] ? NIV-2312DA101425EC14 | BASKET | KNIFE_EDGE | BEAD | GOLD | KT_18 | 1ct | imgs:3
[05:35:14][PEAR] [7414] ? NIV-9DBF12FE941788FE | BASKET | KNIFE_EDGE | BEAD | GOLD | KT_18 | 1ct | imgs:2
[05:35:19][PEAR] [7415] ? NIV-9DBF12FE941788FE | BASKET | KNIFE_EDGE | BEAD | GOLD | KT_18 | 1ct | imgs:3
[05:35:25][PEAR] [7416] ? NIV-9DBF12FE941788FE | BASKET | KNIFE_EDGE | BEAD | GOLD | KT_18 | 1ct | imgs:3
[05:35:31][PEAR] [7417] ? NIV-6682C47AB405BE81 | BASKET | KNIFE_EDGE | BEAD | GOLD | KT_18 | 1ct | imgs:1
[05:35:34][PEAR] [7418] ? NIV-6682C47AB405BE81 | BASKET | KNIFE_EDGE | BEAD | GOLD | KT_18 | 1ct | imgs:3
[05:35:40][PEAR] [7419] ? NIV-6682C47AB405BE81 | BASKET | KNIFE_EDGE | BEAD | GOLD | KT_18 | 1ct | imgs:3
[05:35:43][PEAR] [7420] ? NIV-803A228ABD4CDE22 | BASKET | KNIFE_EDGE | BEAD | PLATINUM | PT_950 | 1ct | imgs:3
[05:35:49][PEAR] [7421] ? NIV-7DB4B074AC30B149 | BASKET | KNIFE_EDGE | BEAD | GOLD | KT_10 | 1ct | imgs:1
[05:35:52][PEAR] [7422] ? NIV-7DB4B074AC30B149 | BASKET | KNIFE_EDGE | BEAD | GOLD | KT_10 | 1ct | imgs:3
[05:35:58][PEAR] [7423] ? NIV-7DB4B074AC30B149 | BASKET | KNIFE_EDGE | BEAD | GOLD | KT_10 | 1ct | imgs:3
[05:36:02][PEAR] [7424] ? NIV-09397DCFD250888E | BASKET | KNIFE_EDGE | BEAD | GOLD | KT_10 | 1ct | imgs:3
[05:36:07][PEAR] [7425] ? NIV-09397DCFD250888E | BASKET | KNIFE_EDGE | BEAD | GOLD | KT_10 | 1ct | imgs:3
[05:36:11][PEAR] [7426] ? NIV-09397DCFD250888E | BASKET | KNIFE_EDGE | BEAD | GOLD | KT_10 | 1ct | imgs:3
[05:36:15][PEAR] [7427] ? NIV-60EE3281109A50A6 | BASKET | KNIFE_EDGE | BEAD | GOLD | KT_10 | 1ct | imgs:3
[05:36:19][PEAR] [7428] ? NIV-60EE3281109A50A6 | BASKET | KNIFE_EDGE | BEAD | GOLD | KT_10 | 1ct | imgs:3
[05:36:22][PEAR] [7429] ? NIV-60EE3281109A50A6 | BASKET | KNIFE_EDGE | BEAD | GOLD | KT_10 | 1ct | imgs:3
[05:36:27][PEAR] [7430] ? NIV-670E7C87617EF791 | BASKET | KNIFE_EDGE | BEAD | GOLD | KT_14 | 1ct | imgs:3
[05:36:31][PEAR] [7431] ? NIV-670E7C87617EF791 | BASKET | KNIFE_EDGE | BEAD | GOLD | KT_14 | 1ct | imgs:3
[05:36:37][PEAR] [7432] ? NIV-670E7C87617EF791 | BASKET | KNIFE_EDGE | BEAD | GOLD | KT_14 | 1ct | imgs:3
[05:36:42][PEAR] [7433] ? NIV-1B7489B31E2B0FC9 | BASKET | KNIFE_EDGE | BEAD | GOLD | KT_14 | 1ct | imgs:1
[05:36:46][PEAR] [7434] ? NIV-1B7489B31E2B0FC9 | BASKET | KNIFE_EDGE | BEAD | GOLD | KT_14 | 1ct | imgs:3
[05:36:52][PEAR] [7435] ? NIV-1B7489B31E2B0FC9 | BASKET | KNIFE_EDGE | BEAD | GOLD | KT_14 | 1ct | imgs:3
[05:36:56][PEAR] [7436] ? NIV-649BEC595A37D22E | BASKET | KNIFE_EDGE | BEAD | GOLD | KT_14 | 1ct | imgs:1
[05:37:01][PEAR] [7437] ? NIV-649BEC595A37D22E | BASKET | KNIFE_EDGE | BEAD | GOLD | KT_14 | 1ct | imgs:3
[05:37:07][PEAR] [7438] ? NIV-649BEC595A37D22E | BASKET | KNIFE_EDGE | BEAD | GOLD | KT_14 | 1ct | imgs:3
[05:37:16][PEAR] [7439] ? NIV-0848361771818297 | BASKET | KNIFE_EDGE | BEAD | GOLD | KT_18 | 1ct | imgs:1
[05:37:22][PEAR] [7440] ? NIV-0848361771818297 | BASKET | KNIFE_EDGE | BEAD | GOLD | KT_18 | 1ct | imgs:3
[05:37:28][PEAR] [7441] ? NIV-0848361771818297 | BASKET | KNIFE_EDGE | BEAD | GOLD | KT_18 | 1ct | imgs:3
[05:37:37][PEAR] [7442] ? NIV-F6E024013168BF33 | BASKET | KNIFE_EDGE | BEAD | GOLD | KT_18 | 1ct | imgs:3
[05:37:43][PEAR] [7443] ? NIV-F6E024013168BF33 | BASKET | KNIFE_EDGE | BEAD | GOLD | KT_18 | 1ct | imgs:3
[05:37:49][PEAR] [7444] ? NIV-F6E024013168BF33 | BASKET | KNIFE_EDGE | BEAD | GOLD | KT_18 | 1ct | imgs:3
[05:37:52][PEAR] [7445] ? NIV-0C94A673FEB83E0B | BASKET | KNIFE_EDGE | BEAD | GOLD | KT_18 | 1ct | imgs:3
[05:37:58][PEAR] [7446] ? NIV-0C94A673FEB83E0B | BASKET | KNIFE_EDGE | BEAD | GOLD | KT_18 | 1ct | imgs:3
[05:38:04][PEAR] [7447] ? NIV-0C94A673FEB83E0B | BASKET | KNIFE_EDGE | BEAD | GOLD | KT_18 | 1ct | imgs:3
[05:38:07][PEAR] [7448] ? NIV-FB605E1AAD007FF1 | BASKET | KNIFE_EDGE | BEAD | PLATINUM | PT_950 | 1ct | imgs:3
[05:38:16][PEAR] [7449] ? NIV-38F4D20E67356F2F | BASKET | KNIFE_EDGE | BEAD | GOLD | KT_10 | 1ct | imgs:3
[05:38:19][PEAR] [7450] ? NIV-38F4D20E67356F2F | BASKET | KNIFE_EDGE | BEAD | GOLD | KT_10 | 1ct | imgs:3
[05:38:25][PEAR] [7451] ? NIV-38F4D20E67356F2F | BASKET | KNIFE_EDGE | BEAD | GOLD | KT_10 | 1ct | imgs:3
[05:38:34][PEAR] [7452] ? NIV-1B986D32B7BF0175 | BASKET | KNIFE_EDGE | BEAD | GOLD | KT_10 | 1ct | imgs:1
[05:38:37][PEAR] [7453] ? NIV-1B986D32B7BF0175 | BASKET | KNIFE_EDGE | BEAD | GOLD | KT_10 | 1ct | imgs:3
[05:38:43][PEAR] [7454] ? NIV-1B986D32B7BF0175 | BASKET | KNIFE_EDGE | BEAD | GOLD | KT_10 | 1ct | imgs:3
[05:38:47][PEAR] [7455] ? NIV-E8381173326692D9 | BASKET | KNIFE_EDGE | BEAD | GOLD | KT_10 | 1ct | imgs:3
[05:38:52][PEAR] [7456] ? NIV-E8381173326692D9 | BASKET | KNIFE_EDGE | BEAD | GOLD | KT_10 | 1ct | imgs:3
[05:38:58][PEAR] [7457] ? NIV-E8381173326692D9 | BASKET | KNIFE_EDGE | BEAD | GOLD | KT_10 | 1ct | imgs:3
[05:39:02][PEAR] [7458] ? NIV-C48C5619618D4919 | BASKET | KNIFE_EDGE | BEAD | GOLD | KT_14 | 1ct | imgs:1
[05:39:07][PEAR] [7459] ? NIV-C48C5619618D4919 | BASKET | KNIFE_EDGE | BEAD | GOLD | KT_14 | 1ct | imgs:3
[05:39:13][PEAR] [7460] ? NIV-C48C5619618D4919 | BASKET | KNIFE_EDGE | BEAD | GOLD | KT_14 | 1ct | imgs:3
[05:39:19][PEAR] [7461] ? NIV-CFE78CCA3E3A95C3 | BASKET | KNIFE_EDGE | BEAD | GOLD | KT_14 | 1ct | imgs:3
[05:39:25][PEAR] [7462] ? NIV-CFE78CCA3E3A95C3 | BASKET | KNIFE_EDGE | BEAD | GOLD | KT_14 | 1ct | imgs:3
[05:39:31][PEAR] [7463] ? NIV-CFE78CCA3E3A95C3 | BASKET | KNIFE_EDGE | BEAD | GOLD | KT_14 | 1ct | imgs:3
[05:39:36][PEAR] [7464] ? NIV-97962A1F6DF145AF | BASKET | KNIFE_EDGE | BEAD | GOLD | KT_14 | 1ct | imgs:1
[05:39:40][PEAR] [7465] ? NIV-97962A1F6DF145AF | BASKET | KNIFE_EDGE | BEAD | GOLD | KT_14 | 1ct | imgs:3
[05:39:46][PEAR] [7466] ? NIV-97962A1F6DF145AF | BASKET | KNIFE_EDGE | BEAD | GOLD | KT_14 | 1ct | imgs:3
[05:39:52][PEAR] [7467] ? NIV-FDBBAFE04B1DFF55 | BASKET | KNIFE_EDGE | BEAD | GOLD | KT_18 | 1ct | imgs:3
[05:39:58][PEAR] [7468] ? NIV-FDBBAFE04B1DFF55 | BASKET | KNIFE_EDGE | BEAD | GOLD | KT_18 | 1ct | imgs:3
[05:40:04][PEAR] [7469] ? NIV-FDBBAFE04B1DFF55 | BASKET | KNIFE_EDGE | BEAD | GOLD | KT_18 | 1ct | imgs:3
[05:40:09][PEAR] [7470] ? NIV-BFB92DCF5919173A | BASKET | KNIFE_EDGE | BEAD | GOLD | KT_18 | 1ct | imgs:1
[05:40:13][PEAR] [7471] ? NIV-BFB92DCF5919173A | BASKET | KNIFE_EDGE | BEAD | GOLD | KT_18 | 1ct | imgs:3
[05:40:17][PEAR] [7472] ? NIV-BFB92DCF5919173A | BASKET | KNIFE_EDGE | BEAD | GOLD | KT_18 | 1ct | imgs:3
[05:40:19][PEAR] [7473] ? NIV-96CF425490D48E6D | BASKET | KNIFE_EDGE | BEAD | GOLD | KT_18 | 1ct | imgs:3
[05:40:25][PEAR] [7474] ? NIV-96CF425490D48E6D | BASKET | KNIFE_EDGE | BEAD | GOLD | KT_18 | 1ct | imgs:3
[05:40:31][PEAR] [7475] ? NIV-96CF425490D48E6D | BASKET | KNIFE_EDGE | BEAD | GOLD | KT_18 | 1ct | imgs:3
[05:40:34][PEAR] [7476] ? NIV-EF64DD162B7AC0D2 | BASKET | KNIFE_EDGE | BEAD | PLATINUM | PT_950 | 1ct | imgs:2
[05:40:48][PEAR] [7477] ??  NIV-0E1AB0280AC9E0B2 | BASKET | KNIFE_EDGE | BEAD | GOLD | KT_10 | 1ct | imgs:0
[05:40:52][PEAR] [7478] ? NIV-0E1AB0280AC9E0B2 | BASKET | KNIFE_EDGE | BEAD | GOLD | KT_10 | 1ct | imgs:3
[05:40:58][PEAR] [7479] ? NIV-0E1AB0280AC9E0B2 | BASKET | KNIFE_EDGE | BEAD | GOLD | KT_10 | 1ct | imgs:3
[05:41:04][PEAR] [7480] ? NIV-747CCFFA57CF07E9 | BASKET | KNIFE_EDGE | BEAD | GOLD | KT_10 | 1ct | imgs:1
[05:41:10][PEAR] [7481] ? NIV-747CCFFA57CF07E9 | BASKET | KNIFE_EDGE | BEAD | GOLD | KT_10 | 1ct | imgs:3
[05:41:13][PEAR] [7482] ? NIV-747CCFFA57CF07E9 | BASKET | KNIFE_EDGE | BEAD | GOLD | KT_10 | 1ct | imgs:3
[05:41:16][PEAR] [7483] ? NIV-D8B335E7031B7B33 | BASKET | KNIFE_EDGE | BEAD | GOLD | KT_10 | 1ct | imgs:3
[05:41:19][PEAR] [7484] ? NIV-D8B335E7031B7B33 | BASKET | KNIFE_EDGE | BEAD | GOLD | KT_10 | 1ct | imgs:3
[05:41:22][PEAR] [7485] ? NIV-D8B335E7031B7B33 | BASKET | KNIFE_EDGE | BEAD | GOLD | KT_10 | 1ct | imgs:3
[05:41:25][PEAR] [7486] ? NIV-C793C0F1A1BC65C7 | BASKET | KNIFE_EDGE | BEAD | GOLD | KT_14 | 1ct | imgs:3
[05:41:31][PEAR] [7487] ? NIV-C793C0F1A1BC65C7 | BASKET | KNIFE_EDGE | BEAD | GOLD | KT_14 | 1ct | imgs:3
[05:41:34][PEAR] [7488] ? NIV-C793C0F1A1BC65C7 | BASKET | KNIFE_EDGE | BEAD | GOLD | KT_14 | 1ct | imgs:3
[05:41:39][PEAR] [7489] ? NIV-BBEC16208E5E571B | BASKET | KNIFE_EDGE | BEAD | GOLD | KT_14 | 1ct | imgs:1
[05:41:43][PEAR] [7490] ? NIV-BBEC16208E5E571B | BASKET | KNIFE_EDGE | BEAD | GOLD | KT_14 | 1ct | imgs:3
[05:41:49][PEAR] [7491] ? NIV-BBEC16208E5E571B | BASKET | KNIFE_EDGE | BEAD | GOLD | KT_14 | 1ct | imgs:3
[05:41:54][PEAR] [7492] ? NIV-9503AB80D82655C2 | BASKET | KNIFE_EDGE | BEAD | GOLD | KT_14 | 1ct | imgs:1
[05:41:58][PEAR] [7493] ? NIV-9503AB80D82655C2 | BASKET | KNIFE_EDGE | BEAD | GOLD | KT_14 | 1ct | imgs:3
[05:42:02][PEAR] [7494] ? NIV-9503AB80D82655C2 | BASKET | KNIFE_EDGE | BEAD | GOLD | KT_14 | 1ct | imgs:3
[05:42:10][PEAR] [7495] ? NIV-831476F93BDD4971 | BASKET | KNIFE_EDGE | BEAD | GOLD | KT_18 | 1ct | imgs:1
[05:42:13][PEAR] [7496] ? NIV-831476F93BDD4971 | BASKET | KNIFE_EDGE | BEAD | GOLD | KT_18 | 1ct | imgs:3
[05:42:19][PEAR] [7497] ? NIV-831476F93BDD4971 | BASKET | KNIFE_EDGE | BEAD | GOLD | KT_18 | 1ct | imgs:3
[05:42:25][PEAR] [7498] ? NIV-DE2348D25A1FC047 | BASKET | KNIFE_EDGE | BEAD | GOLD | KT_18 | 1ct | imgs:1
[05:42:28][PEAR] [7499] ? NIV-DE2348D25A1FC047 | BASKET | KNIFE_EDGE | BEAD | GOLD | KT_18 | 1ct | imgs:3
[05:42:34][PEAR] [7500] ? NIV-DE2348D25A1FC047 | BASKET | KNIFE_EDGE | BEAD | GOLD | KT_18 | 1ct | imgs:3
[05:42:38][PEAR] [7501] ? NIV-F7AAB9714B3F9573 | BASKET | KNIFE_EDGE | BEAD | GOLD | KT_18 | 1ct | imgs:3
[05:42:43][PEAR] [7502] ? NIV-F7AAB9714B3F9573 | BASKET | KNIFE_EDGE | BEAD | GOLD | KT_18 | 1ct | imgs:3
[05:42:49][PEAR] [7503] ? NIV-F7AAB9714B3F9573 | BASKET | KNIFE_EDGE | BEAD | GOLD | KT_18 | 1ct | imgs:3
[05:42:56][PEAR] [7504] ? NIV-41C1A2AA6E19D774 | BASKET | KNIFE_EDGE | BEAD | PLATINUM | PT_950 | 1ct | imgs:1
[05:43:01][PEAR] [7505] ? NIV-D3F7BE7350E6D2E6 | BASKET | KNIFE_EDGE | BEAD | GOLD | KT_10 | 1ct | imgs:3
[05:43:07][PEAR] [7506] ? NIV-D3F7BE7350E6D2E6 | BASKET | KNIFE_EDGE | BEAD | GOLD | KT_10 | 1ct | imgs:3
[05:43:11][PEAR] [7507] ? NIV-D3F7BE7350E6D2E6 | BASKET | KNIFE_EDGE | BEAD | GOLD | KT_10 | 1ct | imgs:3
[05:43:14][PEAR] [7508] ? NIV-65369F4A216EEDA0 | BASKET | KNIFE_EDGE | BEAD | GOLD | KT_10 | 1ct | imgs:1
[05:43:19][PEAR] [7509] ? NIV-65369F4A216EEDA0 | BASKET | KNIFE_EDGE | BEAD | GOLD | KT_10 | 1ct | imgs:3
[05:43:22][PEAR] [7510] ? NIV-65369F4A216EEDA0 | BASKET | KNIFE_EDGE | BEAD | GOLD | KT_10 | 1ct | imgs:3
[05:43:25][PEAR] [7511] ? NIV-C7867DD33473A73C | BASKET | KNIFE_EDGE | BEAD | GOLD | KT_10 | 1ct | imgs:1
[05:43:29][PEAR] [7512] ? NIV-C7867DD33473A73C | BASKET | KNIFE_EDGE | BEAD | GOLD | KT_10 | 1ct | imgs:3
[05:43:34][PEAR] [7513] ? NIV-C7867DD33473A73C | BASKET | KNIFE_EDGE | BEAD | GOLD | KT_10 | 1ct | imgs:3
[05:43:42][PEAR] [7514] ? NIV-9540B262DA5EF0C7 | BASKET | KNIFE_EDGE | BEAD | GOLD | KT_14 | 1ct | imgs:1
[05:43:46][PEAR] [7515] ? NIV-9540B262DA5EF0C7 | BASKET | KNIFE_EDGE | BEAD | GOLD | KT_14 | 1ct | imgs:3
[05:43:52][PEAR] [7516] ? NIV-9540B262DA5EF0C7 | BASKET | KNIFE_EDGE | BEAD | GOLD | KT_14 | 1ct | imgs:3
[05:43:55][PEAR] [7517] ? NIV-9CE55A2D9B910897 | BASKET | KNIFE_EDGE | BEAD | GOLD | KT_14 | 1ct | imgs:3
[05:44:01][PEAR] [7518] ? NIV-9CE55A2D9B910897 | BASKET | KNIFE_EDGE | BEAD | GOLD | KT_14 | 1ct | imgs:3
[05:44:05][PEAR] [7519] ? NIV-9CE55A2D9B910897 | BASKET | KNIFE_EDGE | BEAD | GOLD | KT_14 | 1ct | imgs:3
[05:44:07][PEAR] [7520] ? NIV-44AAFC6E9DE1F6DB | BASKET | KNIFE_EDGE | BEAD | GOLD | KT_14 | 1ct | imgs:3
[05:44:13][PEAR] [7521] ? NIV-44AAFC6E9DE1F6DB | BASKET | KNIFE_EDGE | BEAD | GOLD | KT_14 | 1ct | imgs:3
[05:44:19][PEAR] [7522] ? NIV-44AAFC6E9DE1F6DB | BASKET | KNIFE_EDGE | BEAD | GOLD | KT_14 | 1ct | imgs:3
[05:44:25][PEAR] [7523] ? NIV-3A461D41156B9B12 | BASKET | KNIFE_EDGE | BEAD | GOLD | KT_18 | 1ct | imgs:3
[05:44:31][PEAR] [7524] ? NIV-3A461D41156B9B12 | BASKET | KNIFE_EDGE | BEAD | GOLD | KT_18 | 1ct | imgs:3
[05:44:37][PEAR] [7525] ? NIV-3A461D41156B9B12 | BASKET | KNIFE_EDGE | BEAD | GOLD | KT_18 | 1ct | imgs:3
[05:44:40][PEAR] [7526] ? NIV-FD0015006D67E5C0 | BASKET | KNIFE_EDGE | BEAD | GOLD | KT_18 | 1ct | imgs:1
[05:44:43][PEAR] [7527] ? NIV-FD0015006D67E5C0 | BASKET | KNIFE_EDGE | BEAD | GOLD | KT_18 | 1ct | imgs:3
[05:44:47][PEAR] [7528] ? NIV-FD0015006D67E5C0 | BASKET | KNIFE_EDGE | BEAD | GOLD | KT_18 | 1ct | imgs:3
[05:44:49][PEAR] [7529] ? NIV-1DB694A9051A8C82 | BASKET | KNIFE_EDGE | BEAD | GOLD | KT_18 | 1ct | imgs:3
[05:44:55][PEAR] [7530] ? NIV-1DB694A9051A8C82 | BASKET | KNIFE_EDGE | BEAD | GOLD | KT_18 | 1ct | imgs:3
[05:45:01][PEAR] [7531] ? NIV-1DB694A9051A8C82 | BASKET | KNIFE_EDGE | BEAD | GOLD | KT_18 | 1ct | imgs:3
[05:45:04][PEAR] [7532] ? NIV-A2F19D00A3285CE3 | BASKET | KNIFE_EDGE | BEAD | PLATINUM | PT_950 | 1ct | imgs:3
[05:45:13][PEAR] [7533] ? NIV-25721A6FE4FAF30E | BASKET | KNIFE_EDGE | BEAD | GOLD | KT_10 | 1ct | imgs:2
[05:45:19][PEAR] [7534] ? NIV-25721A6FE4FAF30E | BASKET | KNIFE_EDGE | BEAD | GOLD | KT_10 | 1ct | imgs:3
[05:45:25][PEAR] [7535] ? NIV-25721A6FE4FAF30E | BASKET | KNIFE_EDGE | BEAD | GOLD | KT_10 | 1ct | imgs:3
[05:45:31][PEAR] [7536] ? NIV-462C73BBCB6A3CF1 | BASKET | KNIFE_EDGE | BEAD | GOLD | KT_10 | 1ct | imgs:3
[05:45:34][PEAR] [7537] ? NIV-462C73BBCB6A3CF1 | BASKET | KNIFE_EDGE | BEAD | GOLD | KT_10 | 1ct | imgs:3
[05:45:40][PEAR] [7538] ? NIV-462C73BBCB6A3CF1 | BASKET | KNIFE_EDGE | BEAD | GOLD | KT_10 | 1ct | imgs:3
[05:45:43][PEAR] [7539] ? NIV-4F9BA96F6B63F7F8 | BASKET | KNIFE_EDGE | BEAD | GOLD | KT_10 | 1ct | imgs:3
[05:45:49][PEAR] [7540] ? NIV-4F9BA96F6B63F7F8 | BASKET | KNIFE_EDGE | BEAD | GOLD | KT_10 | 1ct | imgs:3
[05:45:55][PEAR] [7541] ? NIV-4F9BA96F6B63F7F8 | BASKET | KNIFE_EDGE | BEAD | GOLD | KT_10 | 1ct | imgs:3
[05:46:03][PEAR] [7542] ? NIV-12D66645EA8F45FE | BASKET | KNIFE_EDGE | BEAD | GOLD | KT_14 | 1ct | imgs:1
[05:46:07][PEAR] [7543] ? NIV-12D66645EA8F45FE | BASKET | KNIFE_EDGE | BEAD | GOLD | KT_14 | 1ct | imgs:3
[05:46:10][PEAR] [7544] ? NIV-12D66645EA8F45FE | BASKET | KNIFE_EDGE | BEAD | GOLD | KT_14 | 1ct | imgs:3
[05:46:14][PEAR] [7545] ? NIV-2742DDA9A8F58D63 | BASKET | KNIFE_EDGE | BEAD | GOLD | KT_14 | 1ct | imgs:2
[05:46:19][PEAR] [7546] ? NIV-2742DDA9A8F58D63 | BASKET | KNIFE_EDGE | BEAD | GOLD | KT_14 | 1ct | imgs:3
[05:46:25][PEAR] [7547] ? NIV-2742DDA9A8F58D63 | BASKET | KNIFE_EDGE | BEAD | GOLD | KT_14 | 1ct | imgs:3
[05:46:31][PEAR] [7548] ? NIV-BC10F4470CBF9314 | BASKET | KNIFE_EDGE | BEAD | GOLD | KT_14 | 1ct | imgs:1
[05:46:37][PEAR] [7549] ? NIV-BC10F4470CBF9314 | BASKET | KNIFE_EDGE | BEAD | GOLD | KT_14 | 1ct | imgs:3
[05:46:43][PEAR] [7550] ? NIV-BC10F4470CBF9314 | BASKET | KNIFE_EDGE | BEAD | GOLD | KT_14 | 1ct | imgs:3
[05:46:48][PEAR] [7551] ? NIV-7F0ED7A736398D88 | BASKET | KNIFE_EDGE | BEAD | GOLD | KT_18 | 1ct | imgs:1
[05:46:52][PEAR] [7552] ? NIV-7F0ED7A736398D88 | BASKET | KNIFE_EDGE | BEAD | GOLD | KT_18 | 1ct | imgs:3
[05:46:55][PEAR] [7553] ? NIV-7F0ED7A736398D88 | BASKET | KNIFE_EDGE | BEAD | GOLD | KT_18 | 1ct | imgs:3
[05:47:03][PEAR] [7554] ? NIV-FC8548642A572841 | BASKET | KNIFE_EDGE | BEAD | GOLD | KT_18 | 1ct | imgs:2
[05:47:10][PEAR] [7555] ? NIV-FC8548642A572841 | BASKET | KNIFE_EDGE | BEAD | GOLD | KT_18 | 1ct | imgs:3
[05:47:16][PEAR] [7556] ? NIV-FC8548642A572841 | BASKET | KNIFE_EDGE | BEAD | GOLD | KT_18 | 1ct | imgs:3
[05:47:19][PEAR] [7557] ? NIV-A973D53C791FF43D | BASKET | KNIFE_EDGE | BEAD | GOLD | KT_18 | 1ct | imgs:3
[05:47:22][PEAR] [7558] ? NIV-A973D53C791FF43D | BASKET | KNIFE_EDGE | BEAD | GOLD | KT_18 | 1ct | imgs:3
[05:47:28][PEAR] [7559] ? NIV-A973D53C791FF43D | BASKET | KNIFE_EDGE | BEAD | GOLD | KT_18 | 1ct | imgs:3
[05:47:34][PEAR] [7560] ? NIV-7BA51E0C451612DD | BASKET | KNIFE_EDGE | BEAD | PLATINUM | PT_950 | 1ct | imgs:3
[05:47:41][PEAR] [7561] ? NIV-4FC01C4D1F13194A | BASKET | KNIFE_EDGE | BEAD | GOLD | KT_10 | 1ct | imgs:3
[05:47:46][PEAR] [7562] ? NIV-4FC01C4D1F13194A | BASKET | KNIFE_EDGE | BEAD | GOLD | KT_10 | 1ct | imgs:3
[05:47:52][PEAR] [7563] ? NIV-4FC01C4D1F13194A | BASKET | KNIFE_EDGE | BEAD | GOLD | KT_10 | 1ct | imgs:3
[05:47:59][PEAR] [7564] ? NIV-DCA8F2B51223C792 | BASKET | KNIFE_EDGE | BEAD | GOLD | KT_10 | 1ct | imgs:1
[05:48:04][PEAR] [7565] ? NIV-DCA8F2B51223C792 | BASKET | KNIFE_EDGE | BEAD | GOLD | KT_10 | 1ct | imgs:3
[05:48:07][PEAR] [7566] ? NIV-DCA8F2B51223C792 | BASKET | KNIFE_EDGE | BEAD | GOLD | KT_10 | 1ct | imgs:3
[05:48:13][PEAR] [7567] ? NIV-4EA6B896870030BF | BASKET | KNIFE_EDGE | BEAD | GOLD | KT_10 | 1ct | imgs:1
[05:48:19][PEAR] [7568] ? NIV-4EA6B896870030BF | BASKET | KNIFE_EDGE | BEAD | GOLD | KT_10 | 1ct | imgs:3
[05:48:25][PEAR] [7569] ? NIV-4EA6B896870030BF | BASKET | KNIFE_EDGE | BEAD | GOLD | KT_10 | 1ct | imgs:3
[05:48:33][PEAR] [7570] ? NIV-E49D26376D9301BC | BASKET | KNIFE_EDGE | BEAD | GOLD | KT_14 | 1ct | imgs:1
[05:48:37][PEAR] [7571] ? NIV-E49D26376D9301BC | BASKET | KNIFE_EDGE | BEAD | GOLD | KT_14 | 1ct | imgs:3
[05:48:43][PEAR] [7572] ? NIV-E49D26376D9301BC | BASKET | KNIFE_EDGE | BEAD | GOLD | KT_14 | 1ct | imgs:3
[05:48:57][PEAR] [7573] ??  NIV-E49D26376D9301BC | BASKET | KNIFE_EDGE | BEAD | GOLD | KT_14 | 1ct | imgs:0
[05:49:09][PEAR] [7574] ??  NIV-E49D26376D9301BC | BASKET | KNIFE_EDGE | BEAD | GOLD | KT_14 | 1ct | imgs:0
[05:49:18][PEAR] [7575] ? NIV-1AD01E8A3B518084 | BASKET | KNIFE_EDGE | BEAD | GOLD | KT_14 | 1ct | imgs:1
[05:49:22][PEAR] [7576] ? NIV-0E20A212E3352251 | BASKET | KNIFE_EDGE | BEAD | GOLD | KT_14 | 1ct | imgs:3
[05:49:28][PEAR] [7577] ? NIV-0E20A212E3352251 | BASKET | KNIFE_EDGE | BEAD | GOLD | KT_14 | 1ct | imgs:3
[05:49:34][PEAR] [7578] ? NIV-0E20A212E3352251 | BASKET | KNIFE_EDGE | BEAD | GOLD | KT_14 | 1ct | imgs:3
[05:49:48][PEAR] [7579] ??  NIV-601A0CE684068BB1 | BASKET | KNIFE_EDGE | BEAD | GOLD | KT_18 | 1ct | imgs:0
[05:49:53][PEAR] [7580] ? NIV-A3425DEFAC631146 | BASKET | KNIFE_EDGE | BEAD | GOLD | KT_18 | 1ct | imgs:3
[05:49:58][PEAR] [7581] ? NIV-A3425DEFAC631146 | BASKET | KNIFE_EDGE | BEAD | GOLD | KT_18 | 1ct | imgs:3
[05:50:04][PEAR] [7582] ? NIV-DAD516AC5F4C6BCA | BASKET | KNIFE_EDGE | BEAD | GOLD | KT_18 | 1ct | imgs:3
[05:50:10][PEAR] [7583] ? NIV-DAD516AC5F4C6BCA | BASKET | KNIFE_EDGE | BEAD | GOLD | KT_18 | 1ct | imgs:3
[05:50:14][PEAR] [7584] ? NIV-DAD516AC5F4C6BCA | BASKET | KNIFE_EDGE | BEAD | GOLD | KT_18 | 1ct | imgs:3
[05:50:17][PEAR] [7585] ? NIV-601A0CE684068BB1 | BASKET | KNIFE_EDGE | BEAD | GOLD | KT_18 | 1ct | imgs:3
[05:50:22][PEAR] [7586] ? NIV-601A0CE684068BB1 | BASKET | KNIFE_EDGE | BEAD | GOLD | KT_18 | 1ct | imgs:3
[05:50:25][PEAR] [7587] ? NIV-601A0CE684068BB1 | BASKET | KNIFE_EDGE | BEAD | GOLD | KT_18 | 1ct | imgs:3
[05:50:28][PEAR] [7588] ? NIV-779FBF3C9F386901 | BASKET | KNIFE_EDGE | BEAD | PLATINUM | PT_950 | 1ct | imgs:3
[05:50:37][PEAR] [7589] ? NIV-F88058C7188EAE19 | BASKET | KNIFE_EDGE | BEAD | GOLD | KT_10 | 1ct | imgs:3
[05:50:40][PEAR] [7590] ? NIV-F88058C7188EAE19 | BASKET | KNIFE_EDGE | BEAD | GOLD | KT_10 | 1ct | imgs:3
[05:50:46][PEAR] [7591] ? NIV-F88058C7188EAE19 | BASKET | KNIFE_EDGE | BEAD | GOLD | KT_10 | 1ct | imgs:3
[05:50:54][PEAR] [7592] ? NIV-66D054AA63237111 | BASKET | KNIFE_EDGE | BEAD | GOLD | KT_10 | 1ct | imgs:3
[05:50:58][PEAR] [7593] ? NIV-66D054AA63237111 | BASKET | KNIFE_EDGE | BEAD | GOLD | KT_10 | 1ct | imgs:3
[05:51:01][PEAR] [7594] ? NIV-66D054AA63237111 | BASKET | KNIFE_EDGE | BEAD | GOLD | KT_10 | 1ct | imgs:3
[05:51:05][PEAR] [7595] ? NIV-F5BC9045AFE5692E | BASKET | KNIFE_EDGE | BEAD | GOLD | KT_10 | 1ct | imgs:1
[05:51:10][PEAR] [7596] ? NIV-F5BC9045AFE5692E | BASKET | KNIFE_EDGE | BEAD | GOLD | KT_10 | 1ct | imgs:3
[05:51:13][PEAR] [7597] ? NIV-F5BC9045AFE5692E | BASKET | KNIFE_EDGE | BEAD | GOLD | KT_10 | 1ct | imgs:3
[05:51:20][PEAR] [7598] ? NIV-63B4201CF413D980 | BASKET | KNIFE_EDGE | BEAD | GOLD | KT_14 | 1ct | imgs:1
[05:51:25][PEAR] [7599] ? NIV-63B4201CF413D980 | BASKET | KNIFE_EDGE | BEAD | GOLD | KT_14 | 1ct | imgs:3
[05:51:29][PEAR] [7600] ? NIV-63B4201CF413D980 | BASKET | KNIFE_EDGE | BEAD | GOLD | KT_14 | 1ct | imgs:3
[05:51:34][PEAR] [7601] ? NIV-C4FE7A5073BE743E | BASKET | KNIFE_EDGE | BEAD | GOLD | KT_14 | 1ct | imgs:2
[05:51:38][PEAR]   Re-seleccionando PEAR (intento 1)
[05:51:38][PEAR]   Boton no encontrado ? recargando configurador...
[05:52:00][PEAR]   Re-seleccionando PEAR (intento 2)
[05:52:03][PEAR] [7602] ? NIV-D5C0F85B48F232CE | BASKET | KNIFE_EDGE | BEAD | GOLD | KT_14 | 1ct | imgs:3
[05:52:06][PEAR] [7603] ? NIV-564AABB91BF56BF5 | BASKET | KNIFE_EDGE | BEAD | GOLD | KT_14 | 1ct | imgs:3
[05:52:09][PEAR] [7604] ? NIV-201813E54AAD676E | BASKET | KNIFE_EDGE | BEAD | GOLD | KT_14 | 1ct | imgs:3
[05:52:12][PEAR] [7605] ? NIV-560ECFDD33105F86 | BASKET | KNIFE_EDGE | BEAD | GOLD | KT_14 | 1ct | imgs:3
[05:52:16][PEAR] [7606] ? NIV-F0569425E60661CF | BASKET | KNIFE_EDGE | BEAD | GOLD | KT_14 | 1ct | imgs:3
[05:52:25][PEAR] [7607] ? NIV-AABD95B950B34DF1 | BASKET | KNIFE_EDGE | BEAD | GOLD | KT_18 | 1ct | imgs:3
[05:52:28][PEAR] [7608] ? NIV-89E0F50132F79B32 | BASKET | KNIFE_EDGE | BEAD | GOLD | KT_18 | 1ct | imgs:3
[05:52:36][PEAR] [7609] ? NIV-C175F6C1D9DECDAB | BASKET | KNIFE_EDGE | BEAD | GOLD | KT_18 | 1ct | imgs:3
[05:52:41][PEAR] [7610] ? NIV-3856082831231231 | BASKET | KNIFE_EDGE | BEAD | GOLD | KT_18 | 1ct | imgs:3
[05:52:46][PEAR] [7611] ? NIV-FE6898A5C1792CC1 | BASKET | KNIFE_EDGE | BEAD | GOLD | KT_18 | 1ct | imgs:3
[05:52:54][PEAR] [7612] ? NIV-87E99FDAFFF17281 | BASKET | KNIFE_EDGE | BEAD | GOLD | KT_18 | 1ct | imgs:3
[05:53:00][PEAR] [7613] ? NIV-853B5380A5203887 | BASKET | KNIFE_EDGE | BEAD | GOLD | KT_18 | 1ct | imgs:3
[05:53:06][PEAR] [7614] ? NIV-79B08F9F0CE078D3 | BASKET | KNIFE_EDGE | BEAD | GOLD | KT_18 | 1ct | imgs:3
[05:53:09][PEAR] [7615] ? NIV-2B5A34D8091A2722 | BASKET | KNIFE_EDGE | BEAD | GOLD | KT_18 | 1ct | imgs:3
[05:53:12][PEAR] [7616] ? NIV-3580C704CD6D41A8 | BASKET | KNIFE_EDGE | BEAD | PLATINUM | PT_950 | 1ct | imgs:3
[05:53:18][PEAR] [7617] ? NIV-D848A5C63BDA7E82 | BASKET | KNIFE_EDGE | PAVE | GOLD | KT_10 | 1ct | imgs:3
[05:53:21][PEAR] [7618] ? NIV-D848A5C63BDA7E82 | BASKET | KNIFE_EDGE | PAVE | GOLD | KT_10 | 1ct | imgs:3
[05:53:27][PEAR] [7619] ? NIV-D848A5C63BDA7E82 | BASKET | KNIFE_EDGE | PAVE | GOLD | KT_10 | 1ct | imgs:3
[05:53:30][PEAR] [7620] ? NIV-110AF18454F13265 | BASKET | KNIFE_EDGE | PAVE | GOLD | KT_10 | 1ct | imgs:2
[05:53:36][PEAR] [7621] ? NIV-110AF18454F13265 | BASKET | KNIFE_EDGE | PAVE | GOLD | KT_10 | 1ct | imgs:3
[05:53:42][PEAR] [7622] ? NIV-110AF18454F13265 | BASKET | KNIFE_EDGE | PAVE | GOLD | KT_10 | 1ct | imgs:3
[05:53:45][PEAR] [7623] ? NIV-184E613087A9D70E | BASKET | KNIFE_EDGE | PAVE | GOLD | KT_10 | 1ct | imgs:3
[05:53:51][PEAR] [7624] ? NIV-184E613087A9D70E | BASKET | KNIFE_EDGE | PAVE | GOLD | KT_10 | 1ct | imgs:3
[05:53:57][PEAR] [7625] ? NIV-184E613087A9D70E | BASKET | KNIFE_EDGE | PAVE | GOLD | KT_10 | 1ct | imgs:3
[05:54:01][PEAR] [7626] ? NIV-2BF2F1F56726CCCC | BASKET | KNIFE_EDGE | PAVE | GOLD | KT_14 | 1ct | imgs:1
[05:54:06][PEAR] [7627] ? NIV-2BF2F1F56726CCCC | BASKET | KNIFE_EDGE | PAVE | GOLD | KT_14 | 1ct | imgs:3
[05:54:12][PEAR] [7628] ? NIV-2BF2F1F56726CCCC | BASKET | KNIFE_EDGE | PAVE | GOLD | KT_14 | 1ct | imgs:3
[05:54:15][PEAR] [7629] ? NIV-E0A467179D9AEA16 | BASKET | KNIFE_EDGE | PAVE | GOLD | KT_14 | 1ct | imgs:3
[05:54:18][PEAR] [7630] ? NIV-E0A467179D9AEA16 | BASKET | KNIFE_EDGE | PAVE | GOLD | KT_14 | 1ct | imgs:3
[05:54:24][PEAR] [7631] ? NIV-E0A467179D9AEA16 | BASKET | KNIFE_EDGE | PAVE | GOLD | KT_14 | 1ct | imgs:3
[05:54:27][PEAR] [7632] ? NIV-857BDBF13C6DD9D1 | BASKET | KNIFE_EDGE | PAVE | GOLD | KT_14 | 1ct | imgs:2
[05:54:33][PEAR] [7633] ? NIV-857BDBF13C6DD9D1 | BASKET | KNIFE_EDGE | PAVE | GOLD | KT_14 | 1ct | imgs:3
[05:54:39][PEAR] [7634] ? NIV-857BDBF13C6DD9D1 | BASKET | KNIFE_EDGE | PAVE | GOLD | KT_14 | 1ct | imgs:3
[05:54:47][PEAR] [7635] ? NIV-27FF10AB8DD83779 | BASKET | KNIFE_EDGE | PAVE | GOLD | KT_18 | 1ct | imgs:1
[05:54:51][PEAR] [7636] ? NIV-27FF10AB8DD83779 | BASKET | KNIFE_EDGE | PAVE | GOLD | KT_18 | 1ct | imgs:3
[05:54:57][PEAR] [7637] ? NIV-27FF10AB8DD83779 | BASKET | KNIFE_EDGE | PAVE | GOLD | KT_18 | 1ct | imgs:3
[05:55:03][PEAR] [7638] ? NIV-C26478FC3A26B4A6 | BASKET | KNIFE_EDGE | PAVE | GOLD | KT_18 | 1ct | imgs:3
[05:55:09][PEAR] [7639] ? NIV-C26478FC3A26B4A6 | BASKET | KNIFE_EDGE | PAVE | GOLD | KT_18 | 1ct | imgs:3
[05:55:12][PEAR] [7640] ? NIV-C26478FC3A26B4A6 | BASKET | KNIFE_EDGE | PAVE | GOLD | KT_18 | 1ct | imgs:3
[05:55:15][PEAR] [7641] ? NIV-6077592823ED8A46 | BASKET | KNIFE_EDGE | PAVE | GOLD | KT_18 | 1ct | imgs:1
[05:55:21][PEAR] [7642] ? NIV-6077592823ED8A46 | BASKET | KNIFE_EDGE | PAVE | GOLD | KT_18 | 1ct | imgs:3
[05:55:24][PEAR] [7643] ? NIV-6077592823ED8A46 | BASKET | KNIFE_EDGE | PAVE | GOLD | KT_18 | 1ct | imgs:3
[05:55:27][PEAR] [7644] ? NIV-22781C58AFE2DC72 | BASKET | KNIFE_EDGE | PAVE | PLATINUM | PT_950 | 1ct | imgs:3
[05:55:33][PEAR] [7645] ? NIV-7B3850BA1E516A1E | BASKET | KNIFE_EDGE | PAVE | GOLD | KT_10 | 1ct | imgs:3
[05:55:39][PEAR] [7646] ? NIV-7B3850BA1E516A1E | BASKET | KNIFE_EDGE | PAVE | GOLD | KT_10 | 1ct | imgs:3
[05:55:42][PEAR] [7647] ? NIV-7B3850BA1E516A1E | BASKET | KNIFE_EDGE | PAVE | GOLD | KT_10 | 1ct | imgs:3
[05:55:45][PEAR] [7648] ? NIV-D1B0F138C9A5B917 | BASKET | KNIFE_EDGE | PAVE | GOLD | KT_10 | 1ct | imgs:3
[05:55:51][PEAR] [7649] ? NIV-D1B0F138C9A5B917 | BASKET | KNIFE_EDGE | PAVE | GOLD | KT_10 | 1ct | imgs:3
[05:55:54][PEAR] [7650] ? NIV-D1B0F138C9A5B917 | BASKET | KNIFE_EDGE | PAVE | GOLD | KT_10 | 1ct | imgs:3
[05:55:57][PEAR] [7651] ? NIV-C526881AD2C3BCA8 | BASKET | KNIFE_EDGE | PAVE | GOLD | KT_10 | 1ct | imgs:3
[05:56:03][PEAR] [7652] ? NIV-C526881AD2C3BCA8 | BASKET | KNIFE_EDGE | PAVE | GOLD | KT_10 | 1ct | imgs:3
[05:56:09][PEAR] [7653] ? NIV-C526881AD2C3BCA8 | BASKET | KNIFE_EDGE | PAVE | GOLD | KT_10 | 1ct | imgs:3
[05:56:12][PEAR] [7654] ? NIV-140CC1265F7D8581 | BASKET | KNIFE_EDGE | PAVE | GOLD | KT_14 | 1ct | imgs:3
[05:56:18][PEAR] [7655] ? NIV-140CC1265F7D8581 | BASKET | KNIFE_EDGE | PAVE | GOLD | KT_14 | 1ct | imgs:3
[05:56:24][PEAR] [7656] ? NIV-140CC1265F7D8581 | BASKET | KNIFE_EDGE | PAVE | GOLD | KT_14 | 1ct | imgs:3
[05:56:27][PEAR] [7657] ? NIV-D43BC041420D56E8 | BASKET | KNIFE_EDGE | PAVE | GOLD | KT_14 | 1ct | imgs:3
[05:56:33][PEAR] [7658] ? NIV-D43BC041420D56E8 | BASKET | KNIFE_EDGE | PAVE | GOLD | KT_14 | 1ct | imgs:3
[05:56:36][PEAR] [7659] ? NIV-D43BC041420D56E8 | BASKET | KNIFE_EDGE | PAVE | GOLD | KT_14 | 1ct | imgs:3
[05:56:39][PEAR] [7660] ? NIV-5F428B090ADBE1D5 | BASKET | KNIFE_EDGE | PAVE | GOLD | KT_14 | 1ct | imgs:3
[05:56:45][PEAR] [7661] ? NIV-5F428B090ADBE1D5 | BASKET | KNIFE_EDGE | PAVE | GOLD | KT_14 | 1ct | imgs:3
[05:56:48][PEAR] [7662] ? NIV-5F428B090ADBE1D5 | BASKET | KNIFE_EDGE | PAVE | GOLD | KT_14 | 1ct | imgs:3
[05:56:54][PEAR] [7663] ? NIV-E2973E5B1AB61B35 | BASKET | KNIFE_EDGE | PAVE | GOLD | KT_18 | 1ct | imgs:3
[05:57:00][PEAR] [7664] ? NIV-E2973E5B1AB61B35 | BASKET | KNIFE_EDGE | PAVE | GOLD | KT_18 | 1ct | imgs:3
[05:57:06][PEAR] [7665] ? NIV-E2973E5B1AB61B35 | BASKET | KNIFE_EDGE | PAVE | GOLD | KT_18 | 1ct | imgs:3
[05:57:09][PEAR] [7666] ? NIV-703284872A614314 | BASKET | KNIFE_EDGE | PAVE | GOLD | KT_18 | 1ct | imgs:3
[05:57:15][PEAR] [7667] ? NIV-703284872A614314 | BASKET | KNIFE_EDGE | PAVE | GOLD | KT_18 | 1ct | imgs:3
[05:57:21][PEAR] [7668] ? NIV-703284872A614314 | BASKET | KNIFE_EDGE | PAVE | GOLD | KT_18 | 1ct | imgs:3
[05:57:24][PEAR] [7669] ? NIV-2D591AD03C4753A4 | BASKET | KNIFE_EDGE | PAVE | GOLD | KT_18 | 1ct | imgs:3
[05:57:30][PEAR] [7670] ? NIV-2D591AD03C4753A4 | BASKET | KNIFE_EDGE | PAVE | GOLD | KT_18 | 1ct | imgs:3
[05:57:36][PEAR] [7671] ? NIV-2D591AD03C4753A4 | BASKET | KNIFE_EDGE | PAVE | GOLD | KT_18 | 1ct | imgs:3
[05:57:39][PEAR] [7672] ? NIV-D2F73F3EEE142DE2 | BASKET | KNIFE_EDGE | PAVE | PLATINUM | PT_950 | 1ct | imgs:3
[05:57:47][PEAR] [7673] ? NIV-621D0F5E502C5D42 | BASKET | KNIFE_EDGE | PAVE | GOLD | KT_10 | 1ct | imgs:1
[05:57:51][PEAR] [7674] ? NIV-621D0F5E502C5D42 | BASKET | KNIFE_EDGE | PAVE | GOLD | KT_10 | 1ct | imgs:3
[05:57:57][PEAR] [7675] ? NIV-621D0F5E502C5D42 | BASKET | KNIFE_EDGE | PAVE | GOLD | KT_10 | 1ct | imgs:3
[05:58:03][PEAR] [7676] ? NIV-935A05EAD8C978E6 | BASKET | KNIFE_EDGE | PAVE | GOLD | KT_10 | 1ct | imgs:1
[05:58:09][PEAR] [7677] ? NIV-935A05EAD8C978E6 | BASKET | KNIFE_EDGE | PAVE | GOLD | KT_10 | 1ct | imgs:3
[05:58:15][PEAR] [7678] ? NIV-935A05EAD8C978E6 | BASKET | KNIFE_EDGE | PAVE | GOLD | KT_10 | 1ct | imgs:3
[05:58:20][PEAR] [7679] ? NIV-8E1824AF5CAC8055 | BASKET | KNIFE_EDGE | PAVE | GOLD | KT_10 | 1ct | imgs:1
[05:58:27][PEAR] [7680] ? NIV-8E1824AF5CAC8055 | BASKET | KNIFE_EDGE | PAVE | GOLD | KT_10 | 1ct | imgs:3
[05:58:33][PEAR] [7681] ? NIV-8E1824AF5CAC8055 | BASKET | KNIFE_EDGE | PAVE | GOLD | KT_10 | 1ct | imgs:3
[05:58:42][PEAR] [7682] ? NIV-1E037E7DD8C023B1 | BASKET | KNIFE_EDGE | PAVE | GOLD | KT_14 | 1ct | imgs:1
[05:58:48][PEAR] [7683] ? NIV-1E037E7DD8C023B1 | BASKET | KNIFE_EDGE | PAVE | GOLD | KT_14 | 1ct | imgs:3
[05:58:51][PEAR] [7684] ? NIV-1E037E7DD8C023B1 | BASKET | KNIFE_EDGE | PAVE | GOLD | KT_14 | 1ct | imgs:3
[05:58:54][PEAR] [7685] ? NIV-BBB7B2C23D1CB2BE | BASKET | KNIFE_EDGE | PAVE | GOLD | KT_14 | 1ct | imgs:3
[05:59:00][PEAR] [7686] ? NIV-BBB7B2C23D1CB2BE | BASKET | KNIFE_EDGE | PAVE | GOLD | KT_14 | 1ct | imgs:3
[05:59:06][PEAR] [7687] ? NIV-BBB7B2C23D1CB2BE | BASKET | KNIFE_EDGE | PAVE | GOLD | KT_14 | 1ct | imgs:3
[05:59:09][PEAR] [7688] ? NIV-DE9BA1839B5466AB | BASKET | KNIFE_EDGE | PAVE | GOLD | KT_14 | 1ct | imgs:3
[05:59:15][PEAR] [7689] ? NIV-DE9BA1839B5466AB | BASKET | KNIFE_EDGE | PAVE | GOLD | KT_14 | 1ct | imgs:3
[05:59:21][PEAR] [7690] ? NIV-DE9BA1839B5466AB | BASKET | KNIFE_EDGE | PAVE | GOLD | KT_14 | 1ct | imgs:3
[05:59:27][PEAR] [7691] ? NIV-4A7CD7B0A5C900A5 | BASKET | KNIFE_EDGE | PAVE | GOLD | KT_18 | 1ct | imgs:3
[05:59:33][PEAR] [7692] ? NIV-4A7CD7B0A5C900A5 | BASKET | KNIFE_EDGE | PAVE | GOLD | KT_18 | 1ct | imgs:3
[05:59:39][PEAR] [7693] ? NIV-4A7CD7B0A5C900A5 | BASKET | KNIFE_EDGE | PAVE | GOLD | KT_18 | 1ct | imgs:3
[05:59:42][PEAR] [7694] ? NIV-C73214133EE28C8C | BASKET | KNIFE_EDGE | PAVE | GOLD | KT_18 | 1ct | imgs:3
[05:59:45][PEAR] [7695] ? NIV-C73214133EE28C8C | BASKET | KNIFE_EDGE | PAVE | GOLD | KT_18 | 1ct | imgs:3
[05:59:51][PEAR] [7696] ? NIV-C73214133EE28C8C | BASKET | KNIFE_EDGE | PAVE | GOLD | KT_18 | 1ct | imgs:3
[05:59:54][PEAR] [7697] ? NIV-43F378E7857E86BD | BASKET | KNIFE_EDGE | PAVE | GOLD | KT_18 | 1ct | imgs:1
[06:00:00][PEAR] [7698] ? NIV-43F378E7857E86BD | BASKET | KNIFE_EDGE | PAVE | GOLD | KT_18 | 1ct | imgs:3
[06:00:06][PEAR] [7699] ? NIV-43F378E7857E86BD | BASKET | KNIFE_EDGE | PAVE | GOLD | KT_18 | 1ct | imgs:3
[06:00:09][PEAR] [7700] ? NIV-A9A2D0EA3C864C49 | BASKET | KNIFE_EDGE | PAVE | PLATINUM | PT_950 | 1ct | imgs:3
[06:00:18][PEAR] [7701] ? NIV-41AC6416B2D18D0D | BASKET | KNIFE_EDGE | PAVE | GOLD | KT_10 | 1ct | imgs:3
[06:00:24][PEAR] [7702] ? NIV-41AC6416B2D18D0D | BASKET | KNIFE_EDGE | PAVE | GOLD | KT_10 | 1ct | imgs:3
[06:00:30][PEAR] [7703] ? NIV-41AC6416B2D18D0D | BASKET | KNIFE_EDGE | PAVE | GOLD | KT_10 | 1ct | imgs:3
[06:00:33][PEAR] [7704] ? NIV-64A7FE7AF9FC089B | BASKET | KNIFE_EDGE | PAVE | GOLD | KT_10 | 1ct | imgs:2
[06:00:36][PEAR] [7705] ? NIV-64A7FE7AF9FC089B | BASKET | KNIFE_EDGE | PAVE | GOLD | KT_10 | 1ct | imgs:3
[06:00:42][PEAR] [7706] ? NIV-64A7FE7AF9FC089B | BASKET | KNIFE_EDGE | PAVE | GOLD | KT_10 | 1ct | imgs:3
[06:00:45][PEAR] [7707] ? NIV-02F7C7F666D8BD29 | BASKET | KNIFE_EDGE | PAVE | GOLD | KT_10 | 1ct | imgs:3
[06:00:51][PEAR] [7708] ? NIV-02F7C7F666D8BD29 | BASKET | KNIFE_EDGE | PAVE | GOLD | KT_10 | 1ct | imgs:3
[06:00:57][PEAR] [7709] ? NIV-02F7C7F666D8BD29 | BASKET | KNIFE_EDGE | PAVE | GOLD | KT_10 | 1ct | imgs:3
[06:01:00][PEAR] [7710] ? NIV-B857FF865CEE39CC | BASKET | KNIFE_EDGE | PAVE | GOLD | KT_14 | 1ct | imgs:3
[06:01:06][PEAR] [7711] ? NIV-B857FF865CEE39CC | BASKET | KNIFE_EDGE | PAVE | GOLD | KT_14 | 1ct | imgs:3
[06:01:12][PEAR] [7712] ? NIV-B857FF865CEE39CC | BASKET | KNIFE_EDGE | PAVE | GOLD | KT_14 | 1ct | imgs:3
[06:01:15][PEAR] [7713] ? NIV-FCB81A2215A2897A | BASKET | KNIFE_EDGE | PAVE | GOLD | KT_14 | 1ct | imgs:3
[06:01:18][PEAR] [7714] ? NIV-FCB81A2215A2897A | BASKET | KNIFE_EDGE | PAVE | GOLD | KT_14 | 1ct | imgs:3
[06:01:24][PEAR] [7715] ? NIV-FCB81A2215A2897A | BASKET | KNIFE_EDGE | PAVE | GOLD | KT_14 | 1ct | imgs:3
[06:01:29][PEAR] [7716] ? NIV-872DBD5532AD6896 | BASKET | KNIFE_EDGE | PAVE | GOLD | KT_14 | 1ct | imgs:3
[06:01:33][PEAR] [7717] ? NIV-872DBD5532AD6896 | BASKET | KNIFE_EDGE | PAVE | GOLD | KT_14 | 1ct | imgs:3
[06:01:36][PEAR] [7718] ? NIV-872DBD5532AD6896 | BASKET | KNIFE_EDGE | PAVE | GOLD | KT_14 | 1ct | imgs:3
[06:01:42][PEAR] [7719] ? NIV-6204CB8081F1F514 | BASKET | KNIFE_EDGE | PAVE | GOLD | KT_18 | 1ct | imgs:3
[06:01:48][PEAR] [7720] ? NIV-6204CB8081F1F514 | BASKET | KNIFE_EDGE | PAVE | GOLD | KT_18 | 1ct | imgs:3
[06:01:54][PEAR] [7721] ? NIV-6204CB8081F1F514 | BASKET | KNIFE_EDGE | PAVE | GOLD | KT_18 | 1ct | imgs:3
[06:01:57][PEAR] [7722] ? NIV-50A15D12A9CDB3BB | BASKET | KNIFE_EDGE | PAVE | GOLD | KT_18 | 1ct | imgs:3
[06:02:03][PEAR] [7723] ? NIV-50A15D12A9CDB3BB | BASKET | KNIFE_EDGE | PAVE | GOLD | KT_18 | 1ct | imgs:3
[06:02:06][PEAR] [7724] ? NIV-50A15D12A9CDB3BB | BASKET | KNIFE_EDGE | PAVE | GOLD | KT_18 | 1ct | imgs:3
[06:02:09][PEAR] [7725] ? NIV-1362CFA43E373692 | BASKET | KNIFE_EDGE | PAVE | GOLD | KT_18 | 1ct | imgs:3
[06:02:15][PEAR] [7726] ? NIV-1362CFA43E373692 | BASKET | KNIFE_EDGE | PAVE | GOLD | KT_18 | 1ct | imgs:3
[06:02:18][PEAR] [7727] ? NIV-1362CFA43E373692 | BASKET | KNIFE_EDGE | PAVE | GOLD | KT_18 | 1ct | imgs:3
[06:02:21][PEAR] [7728] ? NIV-45FC9469D61F475B | BASKET | KNIFE_EDGE | PAVE | PLATINUM | PT_950 | 1ct | imgs:3
[06:02:27][PEAR] [7729] ? NIV-901F22576EB4C8FC | BASKET | KNIFE_EDGE | PAVE | GOLD | KT_10 | 1ct | imgs:3
[06:02:33][PEAR] [7730] ? NIV-901F22576EB4C8FC | BASKET | KNIFE_EDGE | PAVE | GOLD | KT_10 | 1ct | imgs:3
[06:02:36][PEAR] [7731] ? NIV-901F22576EB4C8FC | BASKET | KNIFE_EDGE | PAVE | GOLD | KT_10 | 1ct | imgs:3
[06:02:39][PEAR] [7732] ? NIV-A1AF3CD84FCF5886 | BASKET | KNIFE_EDGE | PAVE | GOLD | KT_10 | 1ct | imgs:3
[06:02:45][PEAR] [7733] ? NIV-A1AF3CD84FCF5886 | BASKET | KNIFE_EDGE | PAVE | GOLD | KT_10 | 1ct | imgs:3
[06:02:51][PEAR] [7734] ? NIV-A1AF3CD84FCF5886 | BASKET | KNIFE_EDGE | PAVE | GOLD | KT_10 | 1ct | imgs:3
[06:02:54][PEAR] [7735] ? NIV-F359467D1935C711 | BASKET | KNIFE_EDGE | PAVE | GOLD | KT_10 | 1ct | imgs:3
[06:03:00][PEAR] [7736] ? NIV-F359467D1935C711 | BASKET | KNIFE_EDGE | PAVE | GOLD | KT_10 | 1ct | imgs:3
[06:03:06][PEAR] [7737] ? NIV-F359467D1935C711 | BASKET | KNIFE_EDGE | PAVE | GOLD | KT_10 | 1ct | imgs:3
[06:03:14][PEAR] [7738] ? NIV-3A6DE6976E917F7C | BASKET | KNIFE_EDGE | PAVE | GOLD | KT_14 | 1ct | imgs:3
[06:03:18][PEAR] [7739] ? NIV-3A6DE6976E917F7C | BASKET | KNIFE_EDGE | PAVE | GOLD | KT_14 | 1ct | imgs:3
[06:03:24][PEAR] [7740] ? NIV-3A6DE6976E917F7C | BASKET | KNIFE_EDGE | PAVE | GOLD | KT_14 | 1ct | imgs:3
[06:03:29][PEAR] [7741] ? NIV-59A1499C60800C60 | BASKET | KNIFE_EDGE | PAVE | GOLD | KT_14 | 1ct | imgs:3
[06:03:33][PEAR] [7742] ? NIV-59A1499C60800C60 | BASKET | KNIFE_EDGE | PAVE | GOLD | KT_14 | 1ct | imgs:3
[06:03:36][PEAR] [7743] ? NIV-59A1499C60800C60 | BASKET | KNIFE_EDGE | PAVE | GOLD | KT_14 | 1ct | imgs:3
[06:03:39][PEAR] [7744] ? NIV-0D7372B268FBC377 | BASKET | KNIFE_EDGE | PAVE | GOLD | KT_14 | 1ct | imgs:3
[06:03:45][PEAR] [7745] ? NIV-0D7372B268FBC377 | BASKET | KNIFE_EDGE | PAVE | GOLD | KT_14 | 1ct | imgs:3
[06:03:51][PEAR] [7746] ? NIV-0D7372B268FBC377 | BASKET | KNIFE_EDGE | PAVE | GOLD | KT_14 | 1ct | imgs:3
[06:03:57][PEAR] [7747] ? NIV-9059E05820B9385C | BASKET | KNIFE_EDGE | PAVE | GOLD | KT_18 | 1ct | imgs:3
[06:04:03][PEAR] [7748] ? NIV-9059E05820B9385C | BASKET | KNIFE_EDGE | PAVE | GOLD | KT_18 | 1ct | imgs:3
[06:04:06][PEAR] [7749] ? NIV-9059E05820B9385C | BASKET | KNIFE_EDGE | PAVE | GOLD | KT_18 | 1ct | imgs:3
[06:04:09][PEAR] [7750] ? NIV-7C91478DF3D55B0C | BASKET | KNIFE_EDGE | PAVE | GOLD | KT_18 | 1ct | imgs:3
[06:04:15][PEAR] [7751] ? NIV-7C91478DF3D55B0C | BASKET | KNIFE_EDGE | PAVE | GOLD | KT_18 | 1ct | imgs:3
[06:04:18][PEAR] [7752] ? NIV-7C91478DF3D55B0C | BASKET | KNIFE_EDGE | PAVE | GOLD | KT_18 | 1ct | imgs:3
[06:04:21][PEAR] [7753] ? NIV-05774EF1C58B562B | BASKET | KNIFE_EDGE | PAVE | GOLD | KT_18 | 1ct | imgs:3
[06:04:27][PEAR] [7754] ? NIV-05774EF1C58B562B | BASKET | KNIFE_EDGE | PAVE | GOLD | KT_18 | 1ct | imgs:3
[06:04:33][PEAR] [7755] ? NIV-05774EF1C58B562B | BASKET | KNIFE_EDGE | PAVE | GOLD | KT_18 | 1ct | imgs:3
[06:04:36][PEAR] [7756] ? NIV-6E6B84DFEFC769B3 | BASKET | KNIFE_EDGE | PAVE | PLATINUM | PT_950 | 1ct | imgs:3
[06:04:42][PEAR] [7757] ? NIV-0F06258999DC3871 | BASKET | KNIFE_EDGE | PAVE | GOLD | KT_10 | 1ct | imgs:3
[06:04:48][PEAR] [7758] ? NIV-0F06258999DC3871 | BASKET | KNIFE_EDGE | PAVE | GOLD | KT_10 | 1ct | imgs:3
[06:04:54][PEAR] [7759] ? NIV-0F06258999DC3871 | BASKET | KNIFE_EDGE | PAVE | GOLD | KT_10 | 1ct | imgs:3
[06:04:57][PEAR] [7760] ? NIV-E276359EB8B70CEB | BASKET | KNIFE_EDGE | PAVE | GOLD | KT_10 | 1ct | imgs:3
[06:05:03][PEAR] [7761] ? NIV-E276359EB8B70CEB | BASKET | KNIFE_EDGE | PAVE | GOLD | KT_10 | 1ct | imgs:3
[06:05:09][PEAR] [7762] ? NIV-E276359EB8B70CEB | BASKET | KNIFE_EDGE | PAVE | GOLD | KT_10 | 1ct | imgs:3
[06:05:12][PEAR] [7763] ? NIV-A066095D0EF58336 | BASKET | KNIFE_EDGE | PAVE | GOLD | KT_10 | 1ct | imgs:3
[06:05:15][PEAR] [7764] ? NIV-A066095D0EF58336 | BASKET | KNIFE_EDGE | PAVE | GOLD | KT_10 | 1ct | imgs:3
[06:05:21][PEAR] [7765] ? NIV-A066095D0EF58336 | BASKET | KNIFE_EDGE | PAVE | GOLD | KT_10 | 1ct | imgs:3
[06:05:24][PEAR] [7766] ? NIV-99ABF7080D8F3459 | BASKET | KNIFE_EDGE | PAVE | GOLD | KT_14 | 1ct | imgs:3
[06:05:30][PEAR] [7767] ? NIV-99ABF7080D8F3459 | BASKET | KNIFE_EDGE | PAVE | GOLD | KT_14 | 1ct | imgs:3
[06:05:36][PEAR] [7768] ? NIV-99ABF7080D8F3459 | BASKET | KNIFE_EDGE | PAVE | GOLD | KT_14 | 1ct | imgs:3
[06:05:41][PEAR] [7769] ? NIV-2FFCD5081170E5D1 | BASKET | KNIFE_EDGE | PAVE | GOLD | KT_14 | 1ct | imgs:1
[06:05:48][PEAR] [7770] ? NIV-2FFCD5081170E5D1 | BASKET | KNIFE_EDGE | PAVE | GOLD | KT_14 | 1ct | imgs:3
[06:05:54][PEAR] [7771] ? NIV-2FFCD5081170E5D1 | BASKET | KNIFE_EDGE | PAVE | GOLD | KT_14 | 1ct | imgs:3
[06:05:58][PEAR] [7772] ? NIV-DBD94355924CF4A0 | BASKET | KNIFE_EDGE | PAVE | GOLD | KT_14 | 1ct | imgs:2
[06:06:03][PEAR] [7773] ? NIV-DBD94355924CF4A0 | BASKET | KNIFE_EDGE | PAVE | GOLD | KT_14 | 1ct | imgs:3
[06:06:09][PEAR] [7774] ? NIV-DBD94355924CF4A0 | BASKET | KNIFE_EDGE | PAVE | GOLD | KT_14 | 1ct | imgs:3
[06:06:15][PEAR] [7775] ? NIV-2ABFDFB57CD3FE5C | BASKET | KNIFE_EDGE | PAVE | GOLD | KT_18 | 1ct | imgs:3
[06:06:21][PEAR] [7776] ? NIV-2ABFDFB57CD3FE5C | BASKET | KNIFE_EDGE | PAVE | GOLD | KT_18 | 1ct | imgs:3
[06:06:27][PEAR] [7777] ? NIV-2ABFDFB57CD3FE5C | BASKET | KNIFE_EDGE | PAVE | GOLD | KT_18 | 1ct | imgs:3
[06:06:30][PEAR] [7778] ? NIV-B54843B04D753861 | BASKET | KNIFE_EDGE | PAVE | GOLD | KT_18 | 1ct | imgs:3
[06:06:33][PEAR] [7779] ? NIV-B54843B04D753861 | BASKET | KNIFE_EDGE | PAVE | GOLD | KT_18 | 1ct | imgs:3
[06:06:36][PEAR] [7780] ? NIV-B54843B04D753861 | BASKET | KNIFE_EDGE | PAVE | GOLD | KT_18 | 1ct | imgs:3
[06:06:42][PEAR] [7781] ? NIV-D0860A1AC6E0C43F | BASKET | KNIFE_EDGE | PAVE | GOLD | KT_18 | 1ct | imgs:3
[06:06:48][PEAR] [7782] ? NIV-D0860A1AC6E0C43F | BASKET | KNIFE_EDGE | PAVE | GOLD | KT_18 | 1ct | imgs:3
[06:06:54][PEAR] [7783] ? NIV-D0860A1AC6E0C43F | BASKET | KNIFE_EDGE | PAVE | GOLD | KT_18 | 1ct | imgs:3
[06:06:57][PEAR] [7784] ? NIV-2C4EE58AF28CA399 | BASKET | KNIFE_EDGE | PAVE | PLATINUM | PT_950 | 1ct | imgs:3
[06:07:10][PEAR] [7785] ? NIV-250FF90245DA2F23 | BASKET | KNIFE_EDGE | PAVE | GOLD | KT_10 | 1ct | imgs:1
[06:07:15][PEAR] [7786] ? NIV-250FF90245DA2F23 | BASKET | KNIFE_EDGE | PAVE | GOLD | KT_10 | 1ct | imgs:3
[06:07:21][PEAR] [7787] ? NIV-250FF90245DA2F23 | BASKET | KNIFE_EDGE | PAVE | GOLD | KT_10 | 1ct | imgs:3
[06:07:24][PEAR] [7788] ? NIV-F3D74F85CBA93751 | BASKET | KNIFE_EDGE | PAVE | GOLD | KT_10 | 1ct | imgs:1
[06:07:30][PEAR] [7789] ? NIV-F3D74F85CBA93751 | BASKET | KNIFE_EDGE | PAVE | GOLD | KT_10 | 1ct | imgs:3
[06:07:33][PEAR] [7790] ? NIV-F3D74F85CBA93751 | BASKET | KNIFE_EDGE | PAVE | GOLD | KT_10 | 1ct | imgs:3
[06:07:36][PEAR] [7791] ? NIV-3B6F54EDB32AEC49 | BASKET | KNIFE_EDGE | PAVE | GOLD | KT_10 | 1ct | imgs:3
[06:07:39][PEAR] [7792] ? NIV-3B6F54EDB32AEC49 | BASKET | KNIFE_EDGE | PAVE | GOLD | KT_10 | 1ct | imgs:3
[06:07:45][PEAR] [7793] ? NIV-3B6F54EDB32AEC49 | BASKET | KNIFE_EDGE | PAVE | GOLD | KT_10 | 1ct | imgs:3
[06:07:51][PEAR] [7794] ? NIV-F8EBB6607825D9FE | BASKET | KNIFE_EDGE | PAVE | GOLD | KT_14 | 1ct | imgs:1
[06:07:57][PEAR] [7795] ? NIV-F8EBB6607825D9FE | BASKET | KNIFE_EDGE | PAVE | GOLD | KT_14 | 1ct | imgs:3
[06:08:03][PEAR] [7796] ? NIV-F8EBB6607825D9FE | BASKET | KNIFE_EDGE | PAVE | GOLD | KT_14 | 1ct | imgs:3
[06:08:07][PEAR] [7797] ? NIV-28F5E36466052DA9 | BASKET | KNIFE_EDGE | PAVE | GOLD | KT_14 | 1ct | imgs:1
[06:08:12][PEAR] [7798] ? NIV-28F5E36466052DA9 | BASKET | KNIFE_EDGE | PAVE | GOLD | KT_14 | 1ct | imgs:3
[06:08:18][PEAR] [7799] ? NIV-28F5E36466052DA9 | BASKET | KNIFE_EDGE | PAVE | GOLD | KT_14 | 1ct | imgs:3
[06:08:29][PEAR] [7800] ??  NIV-28F5E36466052DA9 | BASKET | KNIFE_EDGE | PAVE | GOLD | KT_14 | 1ct | imgs:0
[06:08:33][PEAR] [7801] ? NIV-90A339D1311D7DA4 | BASKET | KNIFE_EDGE | PAVE | GOLD | KT_14 | 1ct | imgs:1
[06:08:39][PEAR] [7802] ? NIV-90A339D1311D7DA4 | BASKET | KNIFE_EDGE | PAVE | GOLD | KT_14 | 1ct | imgs:3
[06:08:49][PEAR] [7803] ? NIV-F3DBBD33CC552B82 | BASKET | KNIFE_EDGE | PAVE | GOLD | KT_18 | 1ct | imgs:2
[06:08:54][PEAR] [7804] ? NIV-F3DBBD33CC552B82 | BASKET | KNIFE_EDGE | PAVE | GOLD | KT_18 | 1ct | imgs:3
[06:09:00][PEAR] [7805] ? NIV-F3DBBD33CC552B82 | BASKET | KNIFE_EDGE | PAVE | GOLD | KT_18 | 1ct | imgs:3
[06:09:03][PEAR] [7806] ? NIV-F124C1C28C00DFEB | BASKET | KNIFE_EDGE | PAVE | GOLD | KT_18 | 1ct | imgs:2
[06:09:09][PEAR] [7807] ? NIV-F124C1C28C00DFEB | BASKET | KNIFE_EDGE | PAVE | GOLD | KT_18 | 1ct | imgs:3
[06:09:12][PEAR] [7808] ? NIV-F124C1C28C00DFEB | BASKET | KNIFE_EDGE | PAVE | GOLD | KT_18 | 1ct | imgs:3
[06:09:18][PEAR] [7809] ? NIV-0C6D5138BBBA815A | BASKET | KNIFE_EDGE | PAVE | GOLD | KT_18 | 1ct | imgs:1
[06:09:24][PEAR] [7810] ? NIV-0C6D5138BBBA815A | BASKET | KNIFE_EDGE | PAVE | GOLD | KT_18 | 1ct | imgs:3
[06:09:30][PEAR] [7811] ? NIV-0C6D5138BBBA815A | BASKET | KNIFE_EDGE | PAVE | GOLD | KT_18 | 1ct | imgs:3
[06:09:33][PEAR] [7812] ? NIV-38E123C3599EF774 | BASKET | KNIFE_EDGE | PAVE | PLATINUM | PT_950 | 1ct | imgs:3
[06:09:39][PEAR] [7813] ? NIV-F5A6DB6CE7CED5E1 | BASKET | KNIFE_EDGE | PAVE | GOLD | KT_10 | 1ct | imgs:3
[06:09:45][PEAR] [7814] ? NIV-F5A6DB6CE7CED5E1 | BASKET | KNIFE_EDGE | PAVE | GOLD | KT_10 | 1ct | imgs:3
[06:09:51][PEAR] [7815] ? NIV-F5A6DB6CE7CED5E1 | BASKET | KNIFE_EDGE | PAVE | GOLD | KT_10 | 1ct | imgs:3
[06:09:56][PEAR] [7816] ? NIV-8B850B972140FDB0 | BASKET | KNIFE_EDGE | PAVE | GOLD | KT_10 | 1ct | imgs:1
[06:10:03][PEAR] [7817] ? NIV-8B850B972140FDB0 | BASKET | KNIFE_EDGE | PAVE | GOLD | KT_10 | 1ct | imgs:3
[06:10:06][PEAR] [7818] ? NIV-8B850B972140FDB0 | BASKET | KNIFE_EDGE | PAVE | GOLD | KT_10 | 1ct | imgs:3
[06:10:15][PEAR] [7819] ? NIV-F94531C0B4BBC854 | BASKET | KNIFE_EDGE | PAVE | GOLD | KT_10 | 1ct | imgs:1
[06:10:21][PEAR] [7820] ? NIV-F94531C0B4BBC854 | BASKET | KNIFE_EDGE | PAVE | GOLD | KT_10 | 1ct | imgs:3
[06:10:27][PEAR] [7821] ? NIV-F94531C0B4BBC854 | BASKET | KNIFE_EDGE | PAVE | GOLD | KT_10 | 1ct | imgs:3
[06:10:32][PEAR] [7822] ? NIV-39739F1903A870B1 | BASKET | KNIFE_EDGE | PAVE | GOLD | KT_14 | 1ct | imgs:1
[06:10:36][PEAR] [7823] ? NIV-39739F1903A870B1 | BASKET | KNIFE_EDGE | PAVE | GOLD | KT_14 | 1ct | imgs:3
[06:10:42][PEAR] [7824] ? NIV-39739F1903A870B1 | BASKET | KNIFE_EDGE | PAVE | GOLD | KT_14 | 1ct | imgs:3
[06:10:47][PEAR] [7825] ? NIV-D13EF5A302560800 | BASKET | KNIFE_EDGE | PAVE | GOLD | KT_14 | 1ct | imgs:1
[06:10:54][PEAR] [7826] ? NIV-D13EF5A302560800 | BASKET | KNIFE_EDGE | PAVE | GOLD | KT_14 | 1ct | imgs:3
[06:11:00][PEAR] [7827] ? NIV-D13EF5A302560800 | BASKET | KNIFE_EDGE | PAVE | GOLD | KT_14 | 1ct | imgs:3
[06:11:03][PEAR] [7828] ? NIV-5C641EB741ABFC7C | BASKET | KNIFE_EDGE | PAVE | GOLD | KT_14 | 1ct | imgs:3
[06:11:06][PEAR] [7829] ? NIV-5C641EB741ABFC7C | BASKET | KNIFE_EDGE | PAVE | GOLD | KT_14 | 1ct | imgs:3
[06:11:12][PEAR] [7830] ? NIV-5C641EB741ABFC7C | BASKET | KNIFE_EDGE | PAVE | GOLD | KT_14 | 1ct | imgs:3
[06:11:17][PEAR] [7831] ? NIV-C7E21E2000B06561 | BASKET | KNIFE_EDGE | PAVE | GOLD | KT_18 | 1ct | imgs:1
[06:11:21][PEAR] [7832] ? NIV-C7E21E2000B06561 | BASKET | KNIFE_EDGE | PAVE | GOLD | KT_18 | 1ct | imgs:3
[06:11:27][PEAR] [7833] ? NIV-C7E21E2000B06561 | BASKET | KNIFE_EDGE | PAVE | GOLD | KT_18 | 1ct | imgs:3
[06:11:30][PEAR] [7834] ? NIV-A1F01624705DDA28 | BASKET | KNIFE_EDGE | PAVE | GOLD | KT_18 | 1ct | imgs:3
[06:11:36][PEAR] [7835] ? NIV-A1F01624705DDA28 | BASKET | KNIFE_EDGE | PAVE | GOLD | KT_18 | 1ct | imgs:3
[06:11:42][PEAR] [7836] ? NIV-A1F01624705DDA28 | BASKET | KNIFE_EDGE | PAVE | GOLD | KT_18 | 1ct | imgs:3
[06:11:45][PEAR] [7837] ? NIV-90A9E4D4B0BF1651 | BASKET | KNIFE_EDGE | PAVE | GOLD | KT_18 | 1ct | imgs:3
[06:11:48][PEAR] [7838] ? NIV-90A9E4D4B0BF1651 | BASKET | KNIFE_EDGE | PAVE | GOLD | KT_18 | 1ct | imgs:3
[06:11:54][PEAR] [7839] ? NIV-90A9E4D4B0BF1651 | BASKET | KNIFE_EDGE | PAVE | GOLD | KT_18 | 1ct | imgs:3
[06:11:57][PEAR] [7840] ? NIV-86B88D1CA5BA50DB | BASKET | KNIFE_EDGE | PAVE | PLATINUM | PT_950 | 1ct | imgs:3
[06:12:03][PEAR] [7841] ? NIV-F616A78460E5C33A | BASKET | KNIFE_EDGE | PAVE | GOLD | KT_10 | 1ct | imgs:3
[06:12:06][PEAR] [7842] ? NIV-F616A78460E5C33A | BASKET | KNIFE_EDGE | PAVE | GOLD | KT_10 | 1ct | imgs:3
[06:12:09][PEAR] [7843] ? NIV-F616A78460E5C33A | BASKET | KNIFE_EDGE | PAVE | GOLD | KT_10 | 1ct | imgs:3
[06:12:13][PEAR] [7844] ? NIV-1456419D982E21CD | BASKET | KNIFE_EDGE | PAVE | GOLD | KT_10 | 1ct | imgs:1
[06:12:18][PEAR] [7845] ? NIV-1456419D982E21CD | BASKET | KNIFE_EDGE | PAVE | GOLD | KT_10 | 1ct | imgs:3
[06:12:24][PEAR] [7846] ? NIV-1456419D982E21CD | BASKET | KNIFE_EDGE | PAVE | GOLD | KT_10 | 1ct | imgs:3
[06:12:27][PEAR] [7847] ? NIV-54B94BF7268828E5 | BASKET | KNIFE_EDGE | PAVE | GOLD | KT_10 | 1ct | imgs:3
[06:12:33][PEAR] [7848] ? NIV-54B94BF7268828E5 | BASKET | KNIFE_EDGE | PAVE | GOLD | KT_10 | 1ct | imgs:3
[06:12:39][PEAR] [7849] ? NIV-54B94BF7268828E5 | BASKET | KNIFE_EDGE | PAVE | GOLD | KT_10 | 1ct | imgs:3
[06:12:42][PEAR] [7850] ? NIV-4C7A5D74808D0D3A | BASKET | KNIFE_EDGE | PAVE | GOLD | KT_14 | 1ct | imgs:3
[06:12:45][PEAR] [7851] ? NIV-4C7A5D74808D0D3A | BASKET | KNIFE_EDGE | PAVE | GOLD | KT_14 | 1ct | imgs:3
[06:12:51][PEAR] [7852] ? NIV-4C7A5D74808D0D3A | BASKET | KNIFE_EDGE | PAVE | GOLD | KT_14 | 1ct | imgs:3
[06:12:54][PEAR] [7853] ? NIV-93A57091B0570432 | BASKET | KNIFE_EDGE | PAVE | GOLD | KT_14 | 1ct | imgs:3
[06:13:00][PEAR] [7854] ? NIV-93A57091B0570432 | BASKET | KNIFE_EDGE | PAVE | GOLD | KT_14 | 1ct | imgs:3
[06:13:06][PEAR] [7855] ? NIV-93A57091B0570432 | BASKET | KNIFE_EDGE | PAVE | GOLD | KT_14 | 1ct | imgs:3
[06:13:09][PEAR] [7856] ? NIV-F38D99427A2FE1E8 | BASKET | KNIFE_EDGE | PAVE | GOLD | KT_14 | 1ct | imgs:3
[06:13:15][PEAR] [7857] ? NIV-F38D99427A2FE1E8 | BASKET | KNIFE_EDGE | PAVE | GOLD | KT_14 | 1ct | imgs:3
[06:13:21][PEAR] [7858] ? NIV-F38D99427A2FE1E8 | BASKET | KNIFE_EDGE | PAVE | GOLD | KT_14 | 1ct | imgs:3
[06:13:25][PEAR] [7859] ? NIV-F8D133237B9103FA | BASKET | KNIFE_EDGE | PAVE | GOLD | KT_18 | 1ct | imgs:1
[06:13:30][PEAR] [7860] ? NIV-F8D133237B9103FA | BASKET | KNIFE_EDGE | PAVE | GOLD | KT_18 | 1ct | imgs:3
[06:13:36][PEAR] [7861] ? NIV-F8D133237B9103FA | BASKET | KNIFE_EDGE | PAVE | GOLD | KT_18 | 1ct | imgs:3
[06:13:39][PEAR] [7862] ? NIV-BB78D8BE1BC77121 | BASKET | KNIFE_EDGE | PAVE | GOLD | KT_18 | 1ct | imgs:3
[06:13:42][PEAR] [7863] ? NIV-BB78D8BE1BC77121 | BASKET | KNIFE_EDGE | PAVE | GOLD | KT_18 | 1ct | imgs:3
[06:13:48][PEAR] [7864] ? NIV-BB78D8BE1BC77121 | BASKET | KNIFE_EDGE | PAVE | GOLD | KT_18 | 1ct | imgs:3
[06:13:51][PEAR] [7865] ? NIV-CDF1CBBBFB935DE9 | BASKET | KNIFE_EDGE | PAVE | GOLD | KT_18 | 1ct | imgs:3
[06:13:57][PEAR] [7866] ? NIV-CDF1CBBBFB935DE9 | BASKET | KNIFE_EDGE | PAVE | GOLD | KT_18 | 1ct | imgs:3
[06:14:00][PEAR] [7867] ? NIV-CDF1CBBBFB935DE9 | BASKET | KNIFE_EDGE | PAVE | GOLD | KT_18 | 1ct | imgs:3
[06:14:03][PEAR] [7868] ? NIV-B1611ECBEA503E9F | BASKET | KNIFE_EDGE | PAVE | PLATINUM | PT_950 | 1ct | imgs:3
[06:14:09][PEAR] [7869] ? NIV-04CCC2FFCCE6F2CF | BASKET | KNIFE_EDGE | PAVE | GOLD | KT_10 | 1ct | imgs:3
[06:14:12][PEAR] [7870] ? NIV-04CCC2FFCCE6F2CF | BASKET | KNIFE_EDGE | PAVE | GOLD | KT_10 | 1ct | imgs:3
[06:14:18][PEAR] [7871] ? NIV-04CCC2FFCCE6F2CF | BASKET | KNIFE_EDGE | PAVE | GOLD | KT_10 | 1ct | imgs:3
[06:14:21][PEAR] [7872] ? NIV-1D088EE057C56666 | BASKET | KNIFE_EDGE | PAVE | GOLD | KT_10 | 1ct | imgs:1
[06:14:27][PEAR] [7873] ? NIV-1D088EE057C56666 | BASKET | KNIFE_EDGE | PAVE | GOLD | KT_10 | 1ct | imgs:3
[06:14:30][PEAR] [7874] ? NIV-1D088EE057C56666 | BASKET | KNIFE_EDGE | PAVE | GOLD | KT_10 | 1ct | imgs:3
[06:14:35][PEAR] [7875] ? NIV-CF36CFE962109390 | BASKET | KNIFE_EDGE | PAVE | GOLD | KT_10 | 1ct | imgs:1
[06:14:39][PEAR] [7876] ? NIV-CF36CFE962109390 | BASKET | KNIFE_EDGE | PAVE | GOLD | KT_10 | 1ct | imgs:3
[06:14:42][PEAR] [7877] ? NIV-CF36CFE962109390 | BASKET | KNIFE_EDGE | PAVE | GOLD | KT_10 | 1ct | imgs:3
[06:14:46][PEAR] [7878] ? NIV-FBAC185B619C656F | BASKET | KNIFE_EDGE | PAVE | GOLD | KT_14 | 1ct | imgs:1
[06:14:51][PEAR] [7879] ? NIV-FBAC185B619C656F | BASKET | KNIFE_EDGE | PAVE | GOLD | KT_14 | 1ct | imgs:3
[06:14:57][PEAR] [7880] ? NIV-FBAC185B619C656F | BASKET | KNIFE_EDGE | PAVE | GOLD | KT_14 | 1ct | imgs:3
[06:15:03][PEAR] [7881] ? NIV-33CA53099B5DDDB2 | BASKET | KNIFE_EDGE | PAVE | GOLD | KT_14 | 1ct | imgs:3
[06:15:09][PEAR] [7882] ? NIV-33CA53099B5DDDB2 | BASKET | KNIFE_EDGE | PAVE | GOLD | KT_14 | 1ct | imgs:3
[06:15:12][PEAR] [7883] ? NIV-33CA53099B5DDDB2 | BASKET | KNIFE_EDGE | PAVE | GOLD | KT_14 | 1ct | imgs:3
[06:15:15][PEAR] [7884] ? NIV-1349B1E57F2FF73E | BASKET | KNIFE_EDGE | PAVE | GOLD | KT_14 | 1ct | imgs:3
[06:15:21][PEAR] [7885] ? NIV-1349B1E57F2FF73E | BASKET | KNIFE_EDGE | PAVE | GOLD | KT_14 | 1ct | imgs:3
[06:15:27][PEAR] [7886] ? NIV-1349B1E57F2FF73E | BASKET | KNIFE_EDGE | PAVE | GOLD | KT_14 | 1ct | imgs:3
[06:15:31][PEAR] [7887] ? NIV-552E4984CB8A71A8 | BASKET | KNIFE_EDGE | PAVE | GOLD | KT_18 | 1ct | imgs:2
[06:15:36][PEAR] [7888] ? NIV-552E4984CB8A71A8 | BASKET | KNIFE_EDGE | PAVE | GOLD | KT_18 | 1ct | imgs:3
[06:15:40][PEAR] [7889] ? NIV-552E4984CB8A71A8 | BASKET | KNIFE_EDGE | PAVE | GOLD | KT_18 | 1ct | imgs:3
[06:15:46][PEAR] [7890] ? NIV-5CC1621B35DCF7B2 | BASKET | KNIFE_EDGE | PAVE | GOLD | KT_18 | 1ct | imgs:1
[06:15:51][PEAR] [7891] ? NIV-5CC1621B35DCF7B2 | BASKET | KNIFE_EDGE | PAVE | GOLD | KT_18 | 1ct | imgs:3
[06:15:57][PEAR] [7892] ? NIV-5CC1621B35DCF7B2 | BASKET | KNIFE_EDGE | PAVE | GOLD | KT_18 | 1ct | imgs:3
[06:16:00][PEAR] [7893] ? NIV-0B7C81154C1D5C14 | BASKET | KNIFE_EDGE | PAVE | GOLD | KT_18 | 1ct | imgs:3
[06:16:03][PEAR] [7894] ? NIV-0B7C81154C1D5C14 | BASKET | KNIFE_EDGE | PAVE | GOLD | KT_18 | 1ct | imgs:3
[06:16:09][PEAR] [7895] ? NIV-0B7C81154C1D5C14 | BASKET | KNIFE_EDGE | PAVE | GOLD | KT_18 | 1ct | imgs:3
[06:16:12][PEAR] [7896] ? NIV-7A7BF28C1B9FC84D | BASKET | KNIFE_EDGE | PAVE | PLATINUM | PT_950 | 1ct | imgs:3
[06:16:22][PEAR] [7897] ? NIV-F02F866D327E0201 | BASKET | KNIFE_EDGE | PAVE | GOLD | KT_10 | 1ct | imgs:1
[06:16:27][PEAR] [7898] ? NIV-F02F866D327E0201 | BASKET | KNIFE_EDGE | PAVE | GOLD | KT_10 | 1ct | imgs:3
[06:16:33][PEAR] [7899] ? NIV-F02F866D327E0201 | BASKET | KNIFE_EDGE | PAVE | GOLD | KT_10 | 1ct | imgs:3
[06:16:36][PEAR] [7900] ? NIV-754707C82D539E95 | BASKET | KNIFE_EDGE | PAVE | GOLD | KT_10 | 1ct | imgs:1
[06:16:42][PEAR] [7901] ? NIV-754707C82D539E95 | BASKET | KNIFE_EDGE | PAVE | GOLD | KT_10 | 1ct | imgs:3
[06:16:48][PEAR] [7902] ? NIV-754707C82D539E95 | BASKET | KNIFE_EDGE | PAVE | GOLD | KT_10 | 1ct | imgs:3
[06:16:58][PEAR] [7903] ? NIV-DAE14BA0DA5B6B3C | BASKET | KNIFE_EDGE | PAVE | GOLD | KT_10 | 1ct | imgs:1
[06:17:03][PEAR] [7904] ? NIV-DAE14BA0DA5B6B3C | BASKET | KNIFE_EDGE | PAVE | GOLD | KT_10 | 1ct | imgs:3
[06:17:06][PEAR] [7905] ? NIV-DAE14BA0DA5B6B3C | BASKET | KNIFE_EDGE | PAVE | GOLD | KT_10 | 1ct | imgs:3
[06:17:12][PEAR] [7906] ? NIV-9EFDEFADB19A838A | BASKET | KNIFE_EDGE | PAVE | GOLD | KT_14 | 1ct | imgs:3
[06:17:18][PEAR] [7907] ? NIV-9EFDEFADB19A838A | BASKET | KNIFE_EDGE | PAVE | GOLD | KT_14 | 1ct | imgs:3
[06:17:24][PEAR] [7908] ? NIV-9EFDEFADB19A838A | BASKET | KNIFE_EDGE | PAVE | GOLD | KT_14 | 1ct | imgs:3
[06:17:27][PEAR] [7909] ? NIV-84A31CAFEFC0E40C | BASKET | KNIFE_EDGE | PAVE | GOLD | KT_14 | 1ct | imgs:3
[06:17:33][PEAR] [7910] ? NIV-84A31CAFEFC0E40C | BASKET | KNIFE_EDGE | PAVE | GOLD | KT_14 | 1ct | imgs:3
[06:17:36][PEAR] [7911] ? NIV-84A31CAFEFC0E40C | BASKET | KNIFE_EDGE | PAVE | GOLD | KT_14 | 1ct | imgs:3
[06:17:39][PEAR] [7912] ? NIV-E9DADB2A3800DEA0 | BASKET | KNIFE_EDGE | PAVE | GOLD | KT_14 | 1ct | imgs:3
[06:17:45][PEAR] [7913] ? NIV-E9DADB2A3800DEA0 | BASKET | KNIFE_EDGE | PAVE | GOLD | KT_14 | 1ct | imgs:3
[06:17:51][PEAR] [7914] ? NIV-E9DADB2A3800DEA0 | BASKET | KNIFE_EDGE | PAVE | GOLD | KT_14 | 1ct | imgs:3
[06:17:57][PEAR] [7915] ? NIV-2EA71AAB61F44FF5 | BASKET | KNIFE_EDGE | PAVE | GOLD | KT_18 | 1ct | imgs:3
[06:18:00][PEAR] [7916] ? NIV-2EA71AAB61F44FF5 | BASKET | KNIFE_EDGE | PAVE | GOLD | KT_18 | 1ct | imgs:3
[06:18:03][PEAR] [7917] ? NIV-2EA71AAB61F44FF5 | BASKET | KNIFE_EDGE | PAVE | GOLD | KT_18 | 1ct | imgs:3
[06:18:07][PEAR] [7918] ? NIV-4A2E9FA8C66EE5B0 | BASKET | KNIFE_EDGE | PAVE | GOLD | KT_18 | 1ct | imgs:1
[06:18:12][PEAR] [7919] ? NIV-4A2E9FA8C66EE5B0 | BASKET | KNIFE_EDGE | PAVE | GOLD | KT_18 | 1ct | imgs:3
[06:18:18][PEAR] [7920] ? NIV-4A2E9FA8C66EE5B0 | BASKET | KNIFE_EDGE | PAVE | GOLD | KT_18 | 1ct | imgs:3
[06:18:21][PEAR] [7921] ? NIV-D0D2371CEDE704A3 | BASKET | KNIFE_EDGE | PAVE | GOLD | KT_18 | 1ct | imgs:3
[06:18:27][PEAR] [7922] ? NIV-D0D2371CEDE704A3 | BASKET | KNIFE_EDGE | PAVE | GOLD | KT_18 | 1ct | imgs:3
[06:18:30][PEAR] [7923] ? NIV-D0D2371CEDE704A3 | BASKET | KNIFE_EDGE | PAVE | GOLD | KT_18 | 1ct | imgs:3
[06:18:33][PEAR] [7924] ? NIV-A0B4DC21354B1E83 | BASKET | KNIFE_EDGE | PAVE | PLATINUM | PT_950 | 1ct | imgs:1
[06:18:39][PEAR] [7925] ? NIV-6453E81BAF5823A5 | BASKET | KNIFE_EDGE | PAVE | GOLD | KT_10 | 1ct | imgs:3
[06:18:45][PEAR] [7926] ? NIV-6453E81BAF5823A5 | BASKET | KNIFE_EDGE | PAVE | GOLD | KT_10 | 1ct | imgs:3
[06:18:51][PEAR] [7927] ? NIV-6453E81BAF5823A5 | BASKET | KNIFE_EDGE | PAVE | GOLD | KT_10 | 1ct | imgs:3
[06:18:54][PEAR] [7928] ? NIV-EA03B34A67A631ED | BASKET | KNIFE_EDGE | PAVE | GOLD | KT_10 | 1ct | imgs:3
[06:18:57][PEAR] [7929] ? NIV-EA03B34A67A631ED | BASKET | KNIFE_EDGE | PAVE | GOLD | KT_10 | 1ct | imgs:3
[06:19:03][PEAR] [7930] ? NIV-EA03B34A67A631ED | BASKET | KNIFE_EDGE | PAVE | GOLD | KT_10 | 1ct | imgs:3
[06:19:06][PEAR] [7931] ? NIV-229F3EB952ECAC5A | BASKET | KNIFE_EDGE | PAVE | GOLD | KT_10 | 1ct | imgs:3
[06:19:12][PEAR] [7932] ? NIV-229F3EB952ECAC5A | BASKET | KNIFE_EDGE | PAVE | GOLD | KT_10 | 1ct | imgs:3
[06:19:18][PEAR] [7933] ? NIV-229F3EB952ECAC5A | BASKET | KNIFE_EDGE | PAVE | GOLD | KT_10 | 1ct | imgs:3
[06:19:24][PEAR] [7934] ? NIV-D3A1C384319AEA57 | BASKET | KNIFE_EDGE | PAVE | GOLD | KT_14 | 1ct | imgs:3
[06:19:27][PEAR] [7935] ? NIV-D3A1C384319AEA57 | BASKET | KNIFE_EDGE | PAVE | GOLD | KT_14 | 1ct | imgs:3
[06:19:30][PEAR] [7936] ? NIV-D3A1C384319AEA57 | BASKET | KNIFE_EDGE | PAVE | GOLD | KT_14 | 1ct | imgs:3
[06:19:34][PEAR] [7937] ? NIV-AC95473888279F63 | BASKET | KNIFE_EDGE | PAVE | GOLD | KT_14 | 1ct | imgs:1
[06:19:39][PEAR] [7938] ? NIV-AC95473888279F63 | BASKET | KNIFE_EDGE | PAVE | GOLD | KT_14 | 1ct | imgs:3
[06:19:42][PEAR] [7939] ? NIV-AC95473888279F63 | BASKET | KNIFE_EDGE | PAVE | GOLD | KT_14 | 1ct | imgs:3
[06:19:45][PEAR] [7940] ? NIV-804F68D93D888A72 | BASKET | KNIFE_EDGE | PAVE | GOLD | KT_14 | 1ct | imgs:3
[06:19:51][PEAR] [7941] ? NIV-804F68D93D888A72 | BASKET | KNIFE_EDGE | PAVE | GOLD | KT_14 | 1ct | imgs:3
[06:19:54][PEAR] [7942] ? NIV-804F68D93D888A72 | BASKET | KNIFE_EDGE | PAVE | GOLD | KT_14 | 1ct | imgs:3
[06:20:00][PEAR] [7943] ? NIV-9F25830FD2D1FC00 | BASKET | KNIFE_EDGE | PAVE | GOLD | KT_18 | 1ct | imgs:1
[06:20:06][PEAR] [7944] ? NIV-9F25830FD2D1FC00 | BASKET | KNIFE_EDGE | PAVE | GOLD | KT_18 | 1ct | imgs:3
[06:20:09][PEAR] [7945] ? NIV-9F25830FD2D1FC00 | BASKET | KNIFE_EDGE | PAVE | GOLD | KT_18 | 1ct | imgs:3
[06:20:12][PEAR] [7946] ? NIV-8D74E822CD47EA03 | BASKET | KNIFE_EDGE | PAVE | GOLD | KT_18 | 1ct | imgs:3
[06:20:18][PEAR] [7947] ? NIV-8D74E822CD47EA03 | BASKET | KNIFE_EDGE | PAVE | GOLD | KT_18 | 1ct | imgs:3
[06:20:24][PEAR] [7948] ? NIV-8D74E822CD47EA03 | BASKET | KNIFE_EDGE | PAVE | GOLD | KT_18 | 1ct | imgs:3
[06:20:28][PEAR] [7949] ? NIV-9DFFC864797FC407 | BASKET | KNIFE_EDGE | PAVE | GOLD | KT_18 | 1ct | imgs:1
[06:20:33][PEAR] [7950] ? NIV-9DFFC864797FC407 | BASKET | KNIFE_EDGE | PAVE | GOLD | KT_18 | 1ct | imgs:1
[06:20:36][PEAR] [7951] ? NIV-9DFFC864797FC407 | BASKET | KNIFE_EDGE | PAVE | GOLD | KT_18 | 1ct | imgs:3
[06:20:39][PEAR] [7952] ? NIV-9B428445B1A38C26 | BASKET | KNIFE_EDGE | PAVE | PLATINUM | PT_950 | 1ct | imgs:3
[06:20:45][PEAR] [7953] ? NIV-E0032BECF96E53A2 | BASKET | KNIFE_EDGE | PAVE | GOLD | KT_10 | 1ct | imgs:1
[06:20:51][PEAR] [7954] ? NIV-E0032BECF96E53A2 | BASKET | KNIFE_EDGE | PAVE | GOLD | KT_10 | 1ct | imgs:3
[06:20:54][PEAR] [7955] ? NIV-E0032BECF96E53A2 | BASKET | KNIFE_EDGE | PAVE | GOLD | KT_10 | 1ct | imgs:3
[06:20:57][PEAR] [7956] ? NIV-35DF575A702F149A | BASKET | KNIFE_EDGE | PAVE | GOLD | KT_10 | 1ct | imgs:1
[06:21:03][PEAR] [7957] ? NIV-35DF575A702F149A | BASKET | KNIFE_EDGE | PAVE | GOLD | KT_10 | 1ct | imgs:3
[06:21:09][PEAR] [7958] ? NIV-35DF575A702F149A | BASKET | KNIFE_EDGE | PAVE | GOLD | KT_10 | 1ct | imgs:3
[06:21:12][PEAR] [7959] ? NIV-8F14DC4F1406065C | BASKET | KNIFE_EDGE | PAVE | GOLD | KT_10 | 1ct | imgs:1
[06:21:18][PEAR] [7960] ? NIV-8F14DC4F1406065C | BASKET | KNIFE_EDGE | PAVE | GOLD | KT_10 | 1ct | imgs:3
[06:21:24][PEAR] [7961] ? NIV-8F14DC4F1406065C | BASKET | KNIFE_EDGE | PAVE | GOLD | KT_10 | 1ct | imgs:3
[06:21:35][PEAR] [7962] ??  NIV-8F14DC4F1406065C | BASKET | KNIFE_EDGE | PAVE | GOLD | KT_14 | 1ct | imgs:0
[06:21:35][PEAR]   Re-seleccionando PEAR (intento 1)
[06:21:35][PEAR]   Boton no encontrado ? recargando configurador...
[06:22:09][PEAR]   Re-seleccionando PEAR (intento 2)
[06:22:21][PEAR] [7963] ? NIV-7DA8D455A2AE5958 | BASKET | KNIFE_EDGE | PAVE | GOLD | KT_14 | 1ct | imgs:2
[06:22:26][PEAR] [7964] ? NIV-564AABB91BF56BF5 | BASKET | KNIFE_EDGE | PAVE | GOLD | KT_14 | 1ct | imgs:3
[06:22:32][PEAR] [7965] ? NIV-F90800C7F479B426 | BASKET | KNIFE_EDGE | PAVE | GOLD | KT_14 | 1ct | imgs:2
[06:22:39][PEAR] [7966] ? NIV-E9C5A8C18A98309E | BASKET | KNIFE_EDGE | PAVE | GOLD | KT_14 | 1ct | imgs:1
[06:22:43][PEAR] [7967] ? NIV-CA91397730759503 | BASKET | KNIFE_EDGE | PAVE | GOLD | KT_14 | 1ct | imgs:3
[06:22:48][PEAR] [7968] ? NIV-201813E54AAD676E | BASKET | KNIFE_EDGE | PAVE | GOLD | KT_14 | 1ct | imgs:3
[06:22:49][PEAR] [7969] ? NIV-560ECFDD33105F86 | BASKET | KNIFE_EDGE | PAVE | GOLD | KT_14 | 1ct | imgs:3
[06:22:52][PEAR] [7970] ? NIV-F0569425E60661CF | BASKET | KNIFE_EDGE | PAVE | GOLD | KT_14 | 1ct | imgs:3
[06:22:58][PEAR] [7971] ? NIV-AABD95B950B34DF1 | BASKET | KNIFE_EDGE | PAVE | GOLD | KT_18 | 1ct | imgs:3
[06:23:01][PEAR] [7972] ? NIV-89E0F50132F79B32 | BASKET | KNIFE_EDGE | PAVE | GOLD | KT_18 | 1ct | imgs:3
[06:23:04][PEAR] [7973] ? NIV-C175F6C1D9DECDAB | BASKET | KNIFE_EDGE | PAVE | GOLD | KT_18 | 1ct | imgs:3
[06:23:10][PEAR] [7974] ? NIV-3856082831231231 | BASKET | KNIFE_EDGE | PAVE | GOLD | KT_18 | 1ct | imgs:3
[06:23:14][PEAR] [7975] ? NIV-FE6898A5C1792CC1 | BASKET | KNIFE_EDGE | PAVE | GOLD | KT_18 | 1ct | imgs:3
[06:23:16][PEAR] [7976] ? NIV-87E99FDAFFF17281 | BASKET | KNIFE_EDGE | PAVE | GOLD | KT_18 | 1ct | imgs:3
[06:23:21][PEAR] [7977] ? NIV-853B5380A5203887 | BASKET | KNIFE_EDGE | PAVE | GOLD | KT_18 | 1ct | imgs:3
[06:23:25][PEAR] [7978] ? NIV-79B08F9F0CE078D3 | BASKET | KNIFE_EDGE | PAVE | GOLD | KT_18 | 1ct | imgs:3
[06:23:28][PEAR] [7979] ? NIV-2B5A34D8091A2722 | BASKET | KNIFE_EDGE | PAVE | GOLD | KT_18 | 1ct | imgs:3
[06:23:31][PEAR] [7980] ? NIV-3580C704CD6D41A8 | BASKET | KNIFE_EDGE | PAVE | PLATINUM | PT_950 | 1ct | imgs:3
[06:23:37][PEAR] [7981] ? NIV-A936D1859088DB60 | BASKET | KNIFE_EDGE | PAVE | GOLD | KT_10 | 1ct | imgs:3
[06:23:41][PEAR] [7982] ? NIV-A936D1859088DB60 | BASKET | KNIFE_EDGE | PAVE | GOLD | KT_10 | 1ct | imgs:3
[06:23:46][PEAR] [7983] ? NIV-A936D1859088DB60 | BASKET | KNIFE_EDGE | PAVE | GOLD | KT_10 | 1ct | imgs:3
[06:23:49][PEAR] [7984] ? NIV-94C7C51E4D1CC93D | BASKET | KNIFE_EDGE | PAVE | GOLD | KT_10 | 1ct | imgs:3
[06:23:55][PEAR] [7985] ? NIV-94C7C51E4D1CC93D | BASKET | KNIFE_EDGE | PAVE | GOLD | KT_10 | 1ct | imgs:3
[06:24:01][PEAR] [7986] ? NIV-94C7C51E4D1CC93D | BASKET | KNIFE_EDGE | PAVE | GOLD | KT_10 | 1ct | imgs:3
[06:24:08][PEAR] [7987] ? NIV-3DB007614317E24C | BASKET | KNIFE_EDGE | PAVE | GOLD | KT_10 | 1ct | imgs:1
[06:24:13][PEAR] [7988] ? NIV-3DB007614317E24C | BASKET | KNIFE_EDGE | PAVE | GOLD | KT_10 | 1ct | imgs:3
[06:24:17][PEAR] [7989] ? NIV-3DB007614317E24C | BASKET | KNIFE_EDGE | PAVE | GOLD | KT_10 | 1ct | imgs:3
[06:24:22][PEAR] [7990] ? NIV-77EC7911408F5819 | BASKET | KNIFE_EDGE | PAVE | GOLD | KT_14 | 1ct | imgs:3
[06:24:28][PEAR] [7991] ? NIV-77EC7911408F5819 | BASKET | KNIFE_EDGE | PAVE | GOLD | KT_14 | 1ct | imgs:3
[06:24:34][PEAR] [7992] ? NIV-77EC7911408F5819 | BASKET | KNIFE_EDGE | PAVE | GOLD | KT_14 | 1ct | imgs:3
[06:24:37][PEAR] [7993] ? NIV-1F27B9D79A304694 | BASKET | KNIFE_EDGE | PAVE | GOLD | KT_14 | 1ct | imgs:3
[06:24:43][PEAR] [7994] ? NIV-1F27B9D79A304694 | BASKET | KNIFE_EDGE | PAVE | GOLD | KT_14 | 1ct | imgs:3
[06:24:49][PEAR] [7995] ? NIV-1F27B9D79A304694 | BASKET | KNIFE_EDGE | PAVE | GOLD | KT_14 | 1ct | imgs:3
[06:24:53][PEAR] [7996] ? NIV-1007CC3401629C83 | BASKET | KNIFE_EDGE | PAVE | GOLD | KT_14 | 1ct | imgs:1
[06:24:58][PEAR] [7997] ? NIV-1007CC3401629C83 | BASKET | KNIFE_EDGE | PAVE | GOLD | KT_14 | 1ct | imgs:3
[06:25:02][PEAR] [7998] ? NIV-1007CC3401629C83 | BASKET | KNIFE_EDGE | PAVE | GOLD | KT_14 | 1ct | imgs:3
[06:25:06][PEAR] [7999] ? NIV-B368F0DE1225E525 | BASKET | KNIFE_EDGE | PAVE | GOLD | KT_18 | 1ct | imgs:1
[06:25:14][PEAR] [8000] ? NIV-B368F0DE1225E525 | BASKET | KNIFE_EDGE | PAVE | GOLD | KT_18 | 1ct | imgs:3
[06:25:19][PEAR] [8001] ? NIV-B368F0DE1225E525 | BASKET | KNIFE_EDGE | PAVE | GOLD | KT_18 | 1ct | imgs:3
[06:25:22][PEAR] [8002] ? NIV-E92643FD43447484 | BASKET | KNIFE_EDGE | PAVE | GOLD | KT_18 | 1ct | imgs:3
[06:25:26][PEAR] [8003] ? NIV-E92643FD43447484 | BASKET | KNIFE_EDGE | PAVE | GOLD | KT_18 | 1ct | imgs:3
[06:25:31][PEAR] [8004] ? NIV-E92643FD43447484 | BASKET | KNIFE_EDGE | PAVE | GOLD | KT_18 | 1ct | imgs:3
[06:25:34][PEAR] [8005] ? NIV-20F83B2DACF83713 | BASKET | KNIFE_EDGE | PAVE | GOLD | KT_18 | 1ct | imgs:3
[06:25:40][PEAR] [8006] ? NIV-20F83B2DACF83713 | BASKET | KNIFE_EDGE | PAVE | GOLD | KT_18 | 1ct | imgs:3
[06:25:46][PEAR] [8007] ? NIV-20F83B2DACF83713 | BASKET | KNIFE_EDGE | PAVE | GOLD | KT_18 | 1ct | imgs:3
[06:25:49][PEAR] [8008] ? NIV-AC2E4E8364C250A8 | BASKET | KNIFE_EDGE | PAVE | PLATINUM | PT_950 | 1ct | imgs:3
[06:25:55][PEAR] [8009] ? NIV-74AED66FDACF512C | BASKET | KNIFE_EDGE | PAVE | GOLD | KT_10 | 1ct | imgs:1
[06:25:59][PEAR] [8010] ? NIV-74AED66FDACF512C | BASKET | KNIFE_EDGE | PAVE | GOLD | KT_10 | 1ct | imgs:3
[06:26:04][PEAR] [8011] ? NIV-74AED66FDACF512C | BASKET | KNIFE_EDGE | PAVE | GOLD | KT_10 | 1ct | imgs:3
[06:26:07][PEAR] [8012] ? NIV-D955E591A46055C4 | BASKET | KNIFE_EDGE | PAVE | GOLD | KT_10 | 1ct | imgs:3
[06:26:13][PEAR] [8013] ? NIV-D955E591A46055C4 | BASKET | KNIFE_EDGE | PAVE | GOLD | KT_10 | 1ct | imgs:3
[06:26:16][PEAR] [8014] ? NIV-D955E591A46055C4 | BASKET | KNIFE_EDGE | PAVE | GOLD | KT_10 | 1ct | imgs:3
[06:26:20][PEAR] [8015] ? NIV-C1050C0AD02DB593 | BASKET | KNIFE_EDGE | PAVE | GOLD | KT_10 | 1ct | imgs:2
[06:26:25][PEAR] [8016] ? NIV-C1050C0AD02DB593 | BASKET | KNIFE_EDGE | PAVE | GOLD | KT_10 | 1ct | imgs:3
[06:26:31][PEAR] [8017] ? NIV-C1050C0AD02DB593 | BASKET | KNIFE_EDGE | PAVE | GOLD | KT_10 | 1ct | imgs:3
[06:26:37][PEAR] [8018] ? NIV-2CB954A1C83D6368 | BASKET | KNIFE_EDGE | PAVE | GOLD | KT_14 | 1ct | imgs:3
[06:26:43][PEAR] [8019] ? NIV-2CB954A1C83D6368 | BASKET | KNIFE_EDGE | PAVE | GOLD | KT_14 | 1ct | imgs:3
[06:26:49][PEAR] [8020] ? NIV-2CB954A1C83D6368 | BASKET | KNIFE_EDGE | PAVE | GOLD | KT_14 | 1ct | imgs:3
[06:26:52][PEAR] [8021] ? NIV-C8F61AC79C0D7A5F | BASKET | KNIFE_EDGE | PAVE | GOLD | KT_14 | 1ct | imgs:1
[06:26:56][PEAR] [8022] ? NIV-C8F61AC79C0D7A5F | BASKET | KNIFE_EDGE | PAVE | GOLD | KT_14 | 1ct | imgs:3
[06:27:01][PEAR] [8023] ? NIV-C8F61AC79C0D7A5F | BASKET | KNIFE_EDGE | PAVE | GOLD | KT_14 | 1ct | imgs:3
[06:27:04][PEAR] [8024] ? NIV-DD06738375118ED2 | BASKET | KNIFE_EDGE | PAVE | GOLD | KT_14 | 1ct | imgs:3
[06:27:07][PEAR] [8025] ? NIV-DD06738375118ED2 | BASKET | KNIFE_EDGE | PAVE | GOLD | KT_14 | 1ct | imgs:3
[06:27:13][PEAR] [8026] ? NIV-DD06738375118ED2 | BASKET | KNIFE_EDGE | PAVE | GOLD | KT_14 | 1ct | imgs:3
[06:27:19][PEAR] [8027] ? NIV-7DE91347E461A405 | BASKET | KNIFE_EDGE | PAVE | GOLD | KT_18 | 1ct | imgs:1
[06:27:25][PEAR] [8028] ? NIV-7DE91347E461A405 | BASKET | KNIFE_EDGE | PAVE | GOLD | KT_18 | 1ct | imgs:3
[06:27:31][PEAR] [8029] ? NIV-7DE91347E461A405 | BASKET | KNIFE_EDGE | PAVE | GOLD | KT_18 | 1ct | imgs:3
[06:27:38][PEAR] [8030] ? NIV-1BD27927E3929A3E | BASKET | KNIFE_EDGE | PAVE | GOLD | KT_18 | 1ct | imgs:1
[06:27:43][PEAR] [8031] ? NIV-1BD27927E3929A3E | BASKET | KNIFE_EDGE | PAVE | GOLD | KT_18 | 1ct | imgs:3
[06:27:49][PEAR] [8032] ? NIV-1BD27927E3929A3E | BASKET | KNIFE_EDGE | PAVE | GOLD | KT_18 | 1ct | imgs:3
[06:27:52][PEAR] [8033] ? NIV-3D06FBF6A303AE56 | BASKET | KNIFE_EDGE | PAVE | GOLD | KT_18 | 1ct | imgs:3
[06:27:58][PEAR] [8034] ? NIV-3D06FBF6A303AE56 | BASKET | KNIFE_EDGE | PAVE | GOLD | KT_18 | 1ct | imgs:3
[06:28:04][PEAR] [8035] ? NIV-3D06FBF6A303AE56 | BASKET | KNIFE_EDGE | PAVE | GOLD | KT_18 | 1ct | imgs:3
[06:28:09][PEAR] [8036] ? NIV-D7C968CC9F7C5936 | BASKET | KNIFE_EDGE | PAVE | PLATINUM | PT_950 | 1ct | imgs:1
[06:28:19][PEAR] [8037] ? NIV-D5C0F85B48F232CE | BASKET | SINGLE | NONE | GOLD | KT_10 | 1ct | imgs:3
[06:28:25][PEAR] [8038] ? NIV-D5C0F85B48F232CE | BASKET | SINGLE | NONE | GOLD | KT_10 | 1ct | imgs:3
[06:28:31][PEAR] [8039] ? NIV-D5C0F85B48F232CE | BASKET | SINGLE | NONE | GOLD | KT_10 | 1ct | imgs:3
[06:28:35][PEAR] [8040] ? NIV-F90800C7F479B426 | BASKET | SINGLE | NONE | GOLD | KT_10 | 1ct | imgs:3
[06:28:40][PEAR] [8041] ? NIV-F90800C7F479B426 | BASKET | SINGLE | NONE | GOLD | KT_10 | 1ct | imgs:3
[06:28:46][PEAR] [8042] ? NIV-F90800C7F479B426 | BASKET | SINGLE | NONE | GOLD | KT_10 | 1ct | imgs:3
[06:28:49][PEAR] [8043] ? NIV-201813E54AAD676E | BASKET | SINGLE | NONE | GOLD | KT_10 | 1ct | imgs:3
[06:28:53][PEAR] [8044] ? NIV-201813E54AAD676E | BASKET | SINGLE | NONE | GOLD | KT_10 | 1ct | imgs:3
[06:28:58][PEAR] [8045] ? NIV-201813E54AAD676E | BASKET | SINGLE | NONE | GOLD | KT_10 | 1ct | imgs:3
[06:29:01][PEAR] [8046] ? NIV-638B37285FE6198E | BASKET | SINGLE | NONE | GOLD | KT_14 | 1ct | imgs:3
[06:29:04][PEAR] [8047] ? NIV-638B37285FE6198E | BASKET | SINGLE | NONE | GOLD | KT_14 | 1ct | imgs:3
[06:29:08][PEAR] [8048] ? NIV-638B37285FE6198E | BASKET | SINGLE | NONE | GOLD | KT_14 | 1ct | imgs:3
[06:29:12][PEAR] [8049] ? NIV-4FF03D3E2E598AFF | BASKET | SINGLE | NONE | GOLD | KT_14 | 1ct | imgs:1
[06:29:16][PEAR] [8050] ? NIV-4FF03D3E2E598AFF | BASKET | SINGLE | NONE | GOLD | KT_14 | 1ct | imgs:3
[06:29:20][PEAR] [8051] ? NIV-4FF03D3E2E598AFF | BASKET | SINGLE | NONE | GOLD | KT_14 | 1ct | imgs:3
[06:29:26][PEAR] [8052] ? NIV-99D5B34079E5026A | BASKET | SINGLE | NONE | GOLD | KT_14 | 1ct | imgs:3
[06:29:31][PEAR] [8053] ? NIV-99D5B34079E5026A | BASKET | SINGLE | NONE | GOLD | KT_14 | 1ct | imgs:3
[06:29:37][PEAR] [8054] ? NIV-99D5B34079E5026A | BASKET | SINGLE | NONE | GOLD | KT_14 | 1ct | imgs:3
[06:29:41][PEAR] [8055] ? NIV-AABD95B950B34DF1 | BASKET | SINGLE | NONE | GOLD | KT_18 | 1ct | imgs:3
[06:29:46][PEAR] [8056] ? NIV-AABD95B950B34DF1 | BASKET | SINGLE | NONE | GOLD | KT_18 | 1ct | imgs:3
[06:29:52][PEAR] [8057] ? NIV-AABD95B950B34DF1 | BASKET | SINGLE | NONE | GOLD | KT_18 | 1ct | imgs:3
[06:29:55][PEAR] [8058] ? NIV-3856082831231231 | BASKET | SINGLE | NONE | GOLD | KT_18 | 1ct | imgs:3
[06:30:01][PEAR] [8059] ? NIV-3856082831231231 | BASKET | SINGLE | NONE | GOLD | KT_18 | 1ct | imgs:3
[06:30:07][PEAR] [8060] ? NIV-3856082831231231 | BASKET | SINGLE | NONE | GOLD | KT_18 | 1ct | imgs:3
[06:30:11][PEAR] [8061] ? NIV-853B5380A5203887 | BASKET | SINGLE | NONE | GOLD | KT_18 | 1ct | imgs:3
[06:30:16][PEAR] [8062] ? NIV-853B5380A5203887 | BASKET | SINGLE | NONE | GOLD | KT_18 | 1ct | imgs:3
[06:30:22][PEAR] [8063] ? NIV-853B5380A5203887 | BASKET | SINGLE | NONE | GOLD | KT_18 | 1ct | imgs:3
[06:30:25][PEAR] [8064] ? NIV-3580C704CD6D41A8 | BASKET | SINGLE | NONE | PLATINUM | PT_950 | 1ct | imgs:3
[06:30:31][PEAR] [8065] ? NIV-A936D1859088DB60 | BASKET | SINGLE | NONE | GOLD | KT_10 | 1ct | imgs:3
[06:30:34][PEAR] [8066] ? NIV-A936D1859088DB60 | BASKET | SINGLE | NONE | GOLD | KT_10 | 1ct | imgs:3
[06:30:40][PEAR] [8067] ? NIV-A936D1859088DB60 | BASKET | SINGLE | NONE | GOLD | KT_10 | 1ct | imgs:3
[06:30:43][PEAR] [8068] ? NIV-94C7C51E4D1CC93D | BASKET | SINGLE | NONE | GOLD | KT_10 | 1ct | imgs:3
[06:30:47][PEAR] [8069] ? NIV-94C7C51E4D1CC93D | BASKET | SINGLE | NONE | GOLD | KT_10 | 1ct | imgs:3
[06:30:52][PEAR] [8070] ? NIV-94C7C51E4D1CC93D | BASKET | SINGLE | NONE | GOLD | KT_10 | 1ct | imgs:3
[06:30:55][PEAR] [8071] ? NIV-3DB007614317E24C | BASKET | SINGLE | NONE | GOLD | KT_10 | 1ct | imgs:3
[06:30:58][PEAR] [8072] ? NIV-3DB007614317E24C | BASKET | SINGLE | NONE | GOLD | KT_10 | 1ct | imgs:3
[06:31:04][PEAR] [8073] ? NIV-3DB007614317E24C | BASKET | SINGLE | NONE | GOLD | KT_10 | 1ct | imgs:3
[06:31:07][PEAR] [8074] ? NIV-77EC7911408F5819 | BASKET | SINGLE | NONE | GOLD | KT_14 | 1ct | imgs:3
[06:31:13][PEAR] [8075] ? NIV-77EC7911408F5819 | BASKET | SINGLE | NONE | GOLD | KT_14 | 1ct | imgs:3
[06:31:17][PEAR] [8076] ? NIV-77EC7911408F5819 | BASKET | SINGLE | NONE | GOLD | KT_14 | 1ct | imgs:3
[06:31:19][PEAR] [8077] ? NIV-1F27B9D79A304694 | BASKET | SINGLE | NONE | GOLD | KT_14 | 1ct | imgs:3
[06:31:25][PEAR] [8078] ? NIV-1F27B9D79A304694 | BASKET | SINGLE | NONE | GOLD | KT_14 | 1ct | imgs:3
[06:31:29][PEAR] [8079] ? NIV-1F27B9D79A304694 | BASKET | SINGLE | NONE | GOLD | KT_14 | 1ct | imgs:3
[06:31:31][PEAR] [8080] ? NIV-1007CC3401629C83 | BASKET | SINGLE | NONE | GOLD | KT_14 | 1ct | imgs:3
[06:31:37][PEAR] [8081] ? NIV-1007CC3401629C83 | BASKET | SINGLE | NONE | GOLD | KT_14 | 1ct | imgs:3
[06:31:43][PEAR] [8082] ? NIV-1007CC3401629C83 | BASKET | SINGLE | NONE | GOLD | KT_14 | 1ct | imgs:3
[06:31:47][PEAR] [8083] ? NIV-B368F0DE1225E525 | BASKET | SINGLE | NONE | GOLD | KT_18 | 1ct | imgs:3
[06:31:52][PEAR] [8084] ? NIV-B368F0DE1225E525 | BASKET | SINGLE | NONE | GOLD | KT_18 | 1ct | imgs:3
[06:31:55][PEAR] [8085] ? NIV-B368F0DE1225E525 | BASKET | SINGLE | NONE | GOLD | KT_18 | 1ct | imgs:3
[06:31:58][PEAR] [8086] ? NIV-E92643FD43447484 | BASKET | SINGLE | NONE | GOLD | KT_18 | 1ct | imgs:3
[06:32:02][PEAR] [8087] ? NIV-E92643FD43447484 | BASKET | SINGLE | NONE | GOLD | KT_18 | 1ct | imgs:3
[06:32:07][PEAR] [8088] ? NIV-E92643FD43447484 | BASKET | SINGLE | NONE | GOLD | KT_18 | 1ct | imgs:3
[06:32:10][PEAR] [8089] ? NIV-20F83B2DACF83713 | BASKET | SINGLE | NONE | GOLD | KT_18 | 1ct | imgs:3
[06:32:14][PEAR] [8090] ? NIV-20F83B2DACF83713 | BASKET | SINGLE | NONE | GOLD | KT_18 | 1ct | imgs:3
[06:32:19][PEAR] [8091] ? NIV-20F83B2DACF83713 | BASKET | SINGLE | NONE | GOLD | KT_18 | 1ct | imgs:3
[06:32:22][PEAR] [8092] ? NIV-AC2E4E8364C250A8 | BASKET | SINGLE | NONE | PLATINUM | PT_950 | 1ct | imgs:3
[06:32:28][PEAR] [8093] ? NIV-74AED66FDACF512C | BASKET | SINGLE | NONE | GOLD | KT_10 | 1ct | imgs:3
[06:32:34][PEAR] [8094] ? NIV-74AED66FDACF512C | BASKET | SINGLE | NONE | GOLD | KT_10 | 1ct | imgs:3
[06:32:40][PEAR] [8095] ? NIV-74AED66FDACF512C | BASKET | SINGLE | NONE | GOLD | KT_10 | 1ct | imgs:3
[06:32:43][PEAR] [8096] ? NIV-D955E591A46055C4 | BASKET | SINGLE | NONE | GOLD | KT_10 | 1ct | imgs:3
[06:32:46][PEAR] [8097] ? NIV-D955E591A46055C4 | BASKET | SINGLE | NONE | GOLD | KT_10 | 1ct | imgs:3
[06:32:49][PEAR] [8098] ? NIV-D955E591A46055C4 | BASKET | SINGLE | NONE | GOLD | KT_10 | 1ct | imgs:3
[06:32:52][PEAR] [8099] ? NIV-C1050C0AD02DB593 | BASKET | SINGLE | NONE | GOLD | KT_10 | 1ct | imgs:3
[06:32:58][PEAR] [8100] ? NIV-C1050C0AD02DB593 | BASKET | SINGLE | NONE | GOLD | KT_10 | 1ct | imgs:3
[06:33:04][PEAR] [8101] ? NIV-C1050C0AD02DB593 | BASKET | SINGLE | NONE | GOLD | KT_10 | 1ct | imgs:3
[06:33:10][PEAR] [8102] ? NIV-2CB954A1C83D6368 | BASKET | SINGLE | NONE | GOLD | KT_14 | 1ct | imgs:3
[06:33:14][PEAR] [8103] ? NIV-2CB954A1C83D6368 | BASKET | SINGLE | NONE | GOLD | KT_14 | 1ct | imgs:3
[06:33:19][PEAR] [8104] ? NIV-2CB954A1C83D6368 | BASKET | SINGLE | NONE | GOLD | KT_14 | 1ct | imgs:3
[06:33:22][PEAR] [8105] ? NIV-C8F61AC79C0D7A5F | BASKET | SINGLE | NONE | GOLD | KT_14 | 1ct | imgs:3
[06:33:26][PEAR] [8106] ? NIV-C8F61AC79C0D7A5F | BASKET | SINGLE | NONE | GOLD | KT_14 | 1ct | imgs:3
[06:33:31][PEAR] [8107] ? NIV-C8F61AC79C0D7A5F | BASKET | SINGLE | NONE | GOLD | KT_14 | 1ct | imgs:3
[06:33:34][PEAR] [8108] ? NIV-DD06738375118ED2 | BASKET | SINGLE | NONE | GOLD | KT_14 | 1ct | imgs:3
[06:33:40][PEAR] [8109] ? NIV-DD06738375118ED2 | BASKET | SINGLE | NONE | GOLD | KT_14 | 1ct | imgs:3
[06:33:43][PEAR] [8110] ? NIV-DD06738375118ED2 | BASKET | SINGLE | NONE | GOLD | KT_14 | 1ct | imgs:3
[06:33:46][PEAR] [8111] ? NIV-7DE91347E461A405 | BASKET | SINGLE | NONE | GOLD | KT_18 | 1ct | imgs:3
[06:33:52][PEAR] [8112] ? NIV-7DE91347E461A405 | BASKET | SINGLE | NONE | GOLD | KT_18 | 1ct | imgs:3
[06:33:58][PEAR] [8113] ? NIV-7DE91347E461A405 | BASKET | SINGLE | NONE | GOLD | KT_18 | 1ct | imgs:3
[06:34:01][PEAR] [8114] ? NIV-1BD27927E3929A3E | BASKET | SINGLE | NONE | GOLD | KT_18 | 1ct | imgs:3
[06:34:07][PEAR] [8115] ? NIV-1BD27927E3929A3E | BASKET | SINGLE | NONE | GOLD | KT_18 | 1ct | imgs:3
[06:34:13][PEAR] [8116] ? NIV-1BD27927E3929A3E | BASKET | SINGLE | NONE | GOLD | KT_18 | 1ct | imgs:3
[06:34:16][PEAR] [8117] ? NIV-3D06FBF6A303AE56 | BASKET | SINGLE | NONE | GOLD | KT_18 | 1ct | imgs:3
[06:34:19][PEAR] [8118] ? NIV-3D06FBF6A303AE56 | BASKET | SINGLE | NONE | GOLD | KT_18 | 1ct | imgs:3
[06:34:25][PEAR] [8119] ? NIV-3D06FBF6A303AE56 | BASKET | SINGLE | NONE | GOLD | KT_18 | 1ct | imgs:3
[06:34:28][PEAR] [8120] ? NIV-D7C968CC9F7C5936 | BASKET | SINGLE | NONE | PLATINUM | PT_950 | 1ct | imgs:3
[06:34:37][PEAR] [8121] ? NIV-ACD8810B0BB61D74 | BASKET | SINGLE | NONE | GOLD | KT_10 | 1ct | imgs:1
[06:34:43][PEAR] [8122] ? NIV-ACD8810B0BB61D74 | BASKET | SINGLE | NONE | GOLD | KT_10 | 1ct | imgs:3
[06:34:47][PEAR] [8123] ? NIV-ACD8810B0BB61D74 | BASKET | SINGLE | NONE | GOLD | KT_10 | 1ct | imgs:3
[06:34:50][PEAR] [8124] ? NIV-2FBF90A59EA310A4 | BASKET | SINGLE | NONE | GOLD | KT_10 | 1ct | imgs:2
[06:34:55][PEAR] [8125] ? NIV-2FBF90A59EA310A4 | BASKET | SINGLE | NONE | GOLD | KT_10 | 1ct | imgs:3
[06:34:59][PEAR] [8126] ? NIV-2FBF90A59EA310A4 | BASKET | SINGLE | NONE | GOLD | KT_10 | 1ct | imgs:3
[06:35:04][PEAR] [8127] ? NIV-233A464E34B6F1A1 | BASKET | SINGLE | NONE | GOLD | KT_10 | 1ct | imgs:2
[06:35:10][PEAR] [8128] ? NIV-233A464E34B6F1A1 | BASKET | SINGLE | NONE | GOLD | KT_10 | 1ct | imgs:3
[06:35:16][PEAR] [8129] ? NIV-233A464E34B6F1A1 | BASKET | SINGLE | NONE | GOLD | KT_10 | 1ct | imgs:3
[06:35:25][PEAR] [8130] ? NIV-341433701B32BAF2 | BASKET | SINGLE | NONE | GOLD | KT_14 | 1ct | imgs:3
[06:35:31][PEAR] [8131] ? NIV-341433701B32BAF2 | BASKET | SINGLE | NONE | GOLD | KT_14 | 1ct | imgs:3
[06:35:37][PEAR] [8132] ? NIV-341433701B32BAF2 | BASKET | SINGLE | NONE | GOLD | KT_14 | 1ct | imgs:3
[06:35:41][PEAR] [8133] ? NIV-E6B2D97B05479946 | BASKET | SINGLE | NONE | GOLD | KT_14 | 1ct | imgs:3
[06:35:46][PEAR] [8134] ? NIV-E6B2D97B05479946 | BASKET | SINGLE | NONE | GOLD | KT_14 | 1ct | imgs:3
[06:35:52][PEAR] [8135] ? NIV-E6B2D97B05479946 | BASKET | SINGLE | NONE | GOLD | KT_14 | 1ct | imgs:3
[06:36:03][PEAR] [8136] ??  NIV-864DBAA25FAABBE2 | BASKET | SINGLE | NONE | GOLD | KT_14 | 1ct | imgs:0
[06:36:08][PEAR] [8137] ? NIV-864DBAA25FAABBE2 | BASKET | SINGLE | NONE | GOLD | KT_14 | 1ct | imgs:3
[06:36:13][PEAR] [8138] ? NIV-864DBAA25FAABBE2 | BASKET | SINGLE | NONE | GOLD | KT_14 | 1ct | imgs:3
[06:36:16][PEAR] [8139] ? NIV-65E6D81A1D0D8575 | BASKET | SINGLE | NONE | GOLD | KT_18 | 1ct | imgs:3
[06:36:23][PEAR] [8140] ? NIV-65E6D81A1D0D8575 | BASKET | SINGLE | NONE | GOLD | KT_18 | 1ct | imgs:3
[06:36:28][PEAR] [8141] ? NIV-65E6D81A1D0D8575 | BASKET | SINGLE | NONE | GOLD | KT_18 | 1ct | imgs:3
[06:36:33][PEAR] [8142] ? NIV-7B2859CC63452478 | BASKET | SINGLE | NONE | GOLD | KT_18 | 1ct | imgs:1
[06:36:37][PEAR] [8143] ? NIV-7B2859CC63452478 | BASKET | SINGLE | NONE | GOLD | KT_18 | 1ct | imgs:3
[06:36:41][PEAR] [8144] ? NIV-7B2859CC63452478 | BASKET | SINGLE | NONE | GOLD | KT_18 | 1ct | imgs:3
[06:36:45][PEAR] [8145] ? NIV-42A96A7A962A83D9 | BASKET | SINGLE | NONE | GOLD | KT_18 | 1ct | imgs:3
[06:36:49][PEAR] [8146] ? NIV-42A96A7A962A83D9 | BASKET | SINGLE | NONE | GOLD | KT_18 | 1ct | imgs:3
[06:36:55][PEAR] [8147] ? NIV-42A96A7A962A83D9 | BASKET | SINGLE | NONE | GOLD | KT_18 | 1ct | imgs:3
[06:36:58][PEAR] [8148] ? NIV-B93DA047C259EBD0 | BASKET | SINGLE | NONE | PLATINUM | PT_950 | 1ct | imgs:3
[06:37:04][PEAR] [8149] ? NIV-3EB166E816D4AFD8 | BASKET | SINGLE | NONE | GOLD | KT_10 | 1ct | imgs:3
[06:37:10][PEAR] [8150] ? NIV-3EB166E816D4AFD8 | BASKET | SINGLE | NONE | GOLD | KT_10 | 1ct | imgs:3
[06:37:16][PEAR] [8151] ? NIV-3EB166E816D4AFD8 | BASKET | SINGLE | NONE | GOLD | KT_10 | 1ct | imgs:3
[06:37:26][PEAR] [8152] ? NIV-C696AD0E5B1635CE | BASKET | SINGLE | NONE | GOLD | KT_10 | 1ct | imgs:1
[06:37:31][PEAR] [8153] ? NIV-C696AD0E5B1635CE | BASKET | SINGLE | NONE | GOLD | KT_10 | 1ct | imgs:3
[06:37:37][PEAR] [8154] ? NIV-C696AD0E5B1635CE | BASKET | SINGLE | NONE | GOLD | KT_10 | 1ct | imgs:3
[06:37:44][PEAR] [8155] ? NIV-96168F69069DC6DA | BASKET | SINGLE | NONE | GOLD | KT_10 | 1ct | imgs:1
[06:37:49][PEAR] [8156] ? NIV-96168F69069DC6DA | BASKET | SINGLE | NONE | GOLD | KT_10 | 1ct | imgs:3
[06:37:55][PEAR] [8157] ? NIV-96168F69069DC6DA | BASKET | SINGLE | NONE | GOLD | KT_10 | 1ct | imgs:3
[06:38:02][PEAR] [8158] ? NIV-2AE3A1D919C579F7 | BASKET | SINGLE | NONE | GOLD | KT_14 | 1ct | imgs:3
[06:38:07][PEAR] [8159] ? NIV-2AE3A1D919C579F7 | BASKET | SINGLE | NONE | GOLD | KT_14 | 1ct | imgs:3
[06:38:13][PEAR] [8160] ? NIV-2AE3A1D919C579F7 | BASKET | SINGLE | NONE | GOLD | KT_14 | 1ct | imgs:3
[06:38:24][PEAR] [8161] ??  NIV-2AE3A1D919C579F7 | BASKET | SINGLE | NONE | GOLD | KT_14 | 1ct | imgs:0
[06:38:36][PEAR] [8162] ??  NIV-2AE3A1D919C579F7 | BASKET | SINGLE | NONE | GOLD | KT_14 | 1ct | imgs:0
[06:38:40][PEAR] [8163] ? NIV-4A1C3F86B2BABAA1 | BASKET | SINGLE | NONE | GOLD | KT_14 | 1ct | imgs:1
[06:38:49][PEAR] [8164] ? NIV-D25118FFDE0CEB81 | BASKET | SINGLE | NONE | GOLD | KT_14 | 1ct | imgs:1
[06:38:52][PEAR] [8165] ? NIV-D25118FFDE0CEB81 | BASKET | SINGLE | NONE | GOLD | KT_14 | 1ct | imgs:3
[06:38:58][PEAR] [8166] ? NIV-D25118FFDE0CEB81 | BASKET | SINGLE | NONE | GOLD | KT_14 | 1ct | imgs:3
[06:39:09][PEAR] [8167] ? NIV-C6CED2B7CF93FFEB | BASKET | SINGLE | NONE | GOLD | KT_18 | 1ct | imgs:1
[06:39:13][PEAR] [8168] ? NIV-C6CED2B7CF93FFEB | BASKET | SINGLE | NONE | GOLD | KT_18 | 1ct | imgs:3
[06:39:19][PEAR] [8169] ? NIV-C6CED2B7CF93FFEB | BASKET | SINGLE | NONE | GOLD | KT_18 | 1ct | imgs:3
[06:39:25][PEAR] [8170] ? NIV-390A7FD97B75FE76 | BASKET | SINGLE | NONE | GOLD | KT_18 | 1ct | imgs:2
[06:39:28][PEAR] [8171] ? NIV-390A7FD97B75FE76 | BASKET | SINGLE | NONE | GOLD | KT_18 | 1ct | imgs:3
[06:39:34][PEAR] [8172] ? NIV-390A7FD97B75FE76 | BASKET | SINGLE | NONE | GOLD | KT_18 | 1ct | imgs:3
[06:39:37][PEAR] [8173] ? NIV-415E91A91566DECE | BASKET | SINGLE | NONE | GOLD | KT_18 | 1ct | imgs:3
[06:39:43][PEAR] [8174] ? NIV-415E91A91566DECE | BASKET | SINGLE | NONE | GOLD | KT_18 | 1ct | imgs:3
[06:39:47][PEAR] [8175] ? NIV-415E91A91566DECE | BASKET | SINGLE | NONE | GOLD | KT_18 | 1ct | imgs:3
[06:39:50][PEAR] [8176] ? NIV-751D276B08D29903 | BASKET | SINGLE | NONE | PLATINUM | PT_950 | 1ct | imgs:3
[06:39:55][PEAR] [8177] ? NIV-FD202962CBEBE325 | BASKET | SINGLE | NONE | GOLD | KT_10 | 1ct | imgs:3
[06:40:01][PEAR] [8178] ? NIV-FD202962CBEBE325 | BASKET | SINGLE | NONE | GOLD | KT_10 | 1ct | imgs:3
[06:40:07][PEAR] [8179] ? NIV-FD202962CBEBE325 | BASKET | SINGLE | NONE | GOLD | KT_10 | 1ct | imgs:3
[06:40:10][PEAR] [8180] ? NIV-2C85A374EC2D5F0E | BASKET | SINGLE | NONE | GOLD | KT_10 | 1ct | imgs:3
[06:40:16][PEAR] [8181] ? NIV-2C85A374EC2D5F0E | BASKET | SINGLE | NONE | GOLD | KT_10 | 1ct | imgs:3
[06:40:19][PEAR] [8182] ? NIV-2C85A374EC2D5F0E | BASKET | SINGLE | NONE | GOLD | KT_10 | 1ct | imgs:3
[06:40:22][PEAR] [8183] ? NIV-B78124CF88E2025B | BASKET | SINGLE | NONE | GOLD | KT_10 | 1ct | imgs:3
[06:40:25][PEAR] [8184] ? NIV-B78124CF88E2025B | BASKET | SINGLE | NONE | GOLD | KT_10 | 1ct | imgs:3
[06:40:31][PEAR] [8185] ? NIV-B78124CF88E2025B | BASKET | SINGLE | NONE | GOLD | KT_10 | 1ct | imgs:3
[06:40:36][PEAR] [8186] ? NIV-EAC084080E638962 | BASKET | SINGLE | NONE | GOLD | KT_14 | 1ct | imgs:1
[06:40:40][PEAR] [8187] ? NIV-EAC084080E638962 | BASKET | SINGLE | NONE | GOLD | KT_14 | 1ct | imgs:3
[06:40:43][PEAR] [8188] ? NIV-EAC084080E638962 | BASKET | SINGLE | NONE | GOLD | KT_14 | 1ct | imgs:3
[06:40:46][PEAR] [8189] ? NIV-7B653C6EA6B7C5B0 | BASKET | SINGLE | NONE | GOLD | KT_14 | 1ct | imgs:3
[06:40:49][PEAR] [8190] ? NIV-7B653C6EA6B7C5B0 | BASKET | SINGLE | NONE | GOLD | KT_14 | 1ct | imgs:3
[06:40:53][PEAR] [8191] ? NIV-7B653C6EA6B7C5B0 | BASKET | SINGLE | NONE | GOLD | KT_14 | 1ct | imgs:3
[06:40:55][PEAR] [8192] ? NIV-9F2544EE97333567 | BASKET | SINGLE | NONE | GOLD | KT_14 | 1ct | imgs:3
[06:41:01][PEAR] [8193] ? NIV-9F2544EE97333567 | BASKET | SINGLE | NONE | GOLD | KT_14 | 1ct | imgs:3
[06:41:04][PEAR] [8194] ? NIV-9F2544EE97333567 | BASKET | SINGLE | NONE | GOLD | KT_14 | 1ct | imgs:3
[06:41:10][PEAR] [8195] ? NIV-EFF92F82ADAA206F | BASKET | SINGLE | NONE | GOLD | KT_18 | 1ct | imgs:3
[06:41:16][PEAR] [8196] ? NIV-EFF92F82ADAA206F | BASKET | SINGLE | NONE | GOLD | KT_18 | 1ct | imgs:3
[06:41:22][PEAR] [8197] ? NIV-EFF92F82ADAA206F | BASKET | SINGLE | NONE | GOLD | KT_18 | 1ct | imgs:3
[06:41:25][PEAR] [8198] ? NIV-D342072984BD3A67 | BASKET | SINGLE | NONE | GOLD | KT_18 | 1ct | imgs:3
[06:41:31][PEAR] [8199] ? NIV-D342072984BD3A67 | BASKET | SINGLE | NONE | GOLD | KT_18 | 1ct | imgs:3
[06:41:37][PEAR] [8200] ? NIV-D342072984BD3A67 | BASKET | SINGLE | NONE | GOLD | KT_18 | 1ct | imgs:3
[06:41:42][PEAR] [8201] ? NIV-E0EC951CCE33E43C | BASKET | SINGLE | NONE | GOLD | KT_18 | 1ct | imgs:1
[06:41:46][PEAR] [8202] ? NIV-E0EC951CCE33E43C | BASKET | SINGLE | NONE | GOLD | KT_18 | 1ct | imgs:3
[06:41:52][PEAR] [8203] ? NIV-E0EC951CCE33E43C | BASKET | SINGLE | NONE | GOLD | KT_18 | 1ct | imgs:3
[06:41:55][PEAR] [8204] ? NIV-4B81D23CB88D9F06 | BASKET | SINGLE | NONE | PLATINUM | PT_950 | 1ct | imgs:3
[06:42:01][PEAR] [8205] ? NIV-B13209791485AB15 | BASKET | SINGLE | NONE | GOLD | KT_10 | 1ct | imgs:3
[06:42:04][PEAR] [8206] ? NIV-B13209791485AB15 | BASKET | SINGLE | NONE | GOLD | KT_10 | 1ct | imgs:3
[06:42:08][PEAR] [8207] ? NIV-B13209791485AB15 | BASKET | SINGLE | NONE | GOLD | KT_10 | 1ct | imgs:3
[06:42:10][PEAR] [8208] ? NIV-50661DB698F0B639 | BASKET | SINGLE | NONE | GOLD | KT_10 | 1ct | imgs:3
[06:42:16][PEAR] [8209] ? NIV-50661DB698F0B639 | BASKET | SINGLE | NONE | GOLD | KT_10 | 1ct | imgs:3
[06:42:22][PEAR] [8210] ? NIV-50661DB698F0B639 | BASKET | SINGLE | NONE | GOLD | KT_10 | 1ct | imgs:3
[06:42:26][PEAR] [8211] ? NIV-543370484CE44FF9 | BASKET | SINGLE | NONE | GOLD | KT_10 | 1ct | imgs:1
[06:42:31][PEAR] [8212] ? NIV-543370484CE44FF9 | BASKET | SINGLE | NONE | GOLD | KT_10 | 1ct | imgs:3
[06:42:35][PEAR] [8213] ? NIV-543370484CE44FF9 | BASKET | SINGLE | NONE | GOLD | KT_10 | 1ct | imgs:3
[06:42:40][PEAR] [8214] ? NIV-FCB44371F095E4A0 | BASKET | SINGLE | NONE | GOLD | KT_14 | 1ct | imgs:3
[06:42:43][PEAR] [8215] ? NIV-FCB44371F095E4A0 | BASKET | SINGLE | NONE | GOLD | KT_14 | 1ct | imgs:3
[06:42:47][PEAR] [8216] ? NIV-FCB44371F095E4A0 | BASKET | SINGLE | NONE | GOLD | KT_14 | 1ct | imgs:3
[06:42:51][PEAR] [8217] ? NIV-ABBC7F0E9E21493D | BASKET | SINGLE | NONE | GOLD | KT_14 | 1ct | imgs:2
[06:42:55][PEAR] [8218] ? NIV-ABBC7F0E9E21493D | BASKET | SINGLE | NONE | GOLD | KT_14 | 1ct | imgs:3
[06:42:59][PEAR] [8219] ? NIV-ABBC7F0E9E21493D | BASKET | SINGLE | NONE | GOLD | KT_14 | 1ct | imgs:3
[06:43:01][PEAR] [8220] ? NIV-D633BEBCB2110CEA | BASKET | SINGLE | NONE | GOLD | KT_14 | 1ct | imgs:3
[06:43:07][PEAR] [8221] ? NIV-D633BEBCB2110CEA | BASKET | SINGLE | NONE | GOLD | KT_14 | 1ct | imgs:3
[06:43:10][PEAR] [8222] ? NIV-D633BEBCB2110CEA | BASKET | SINGLE | NONE | GOLD | KT_14 | 1ct | imgs:3
[06:43:14][PEAR] [8223] ? NIV-91322D5626C7F395 | BASKET | SINGLE | NONE | GOLD | KT_18 | 1ct | imgs:3
[06:43:19][PEAR] [8224] ? NIV-91322D5626C7F395 | BASKET | SINGLE | NONE | GOLD | KT_18 | 1ct | imgs:3
[06:43:22][PEAR] [8225] ? NIV-91322D5626C7F395 | BASKET | SINGLE | NONE | GOLD | KT_18 | 1ct | imgs:3
[06:43:25][PEAR] [8226] ? NIV-AE983EDCF603272C | BASKET | SINGLE | NONE | GOLD | KT_18 | 1ct | imgs:3
[06:43:29][PEAR] [8227] ? NIV-AE983EDCF603272C | BASKET | SINGLE | NONE | GOLD | KT_18 | 1ct | imgs:3
[06:43:34][PEAR] [8228] ? NIV-AE983EDCF603272C | BASKET | SINGLE | NONE | GOLD | KT_18 | 1ct | imgs:3
[06:43:38][PEAR] [8229] ? NIV-96AEA006A172B81E | BASKET | SINGLE | NONE | GOLD | KT_18 | 1ct | imgs:3
[06:43:43][PEAR] [8230] ? NIV-96AEA006A172B81E | BASKET | SINGLE | NONE | GOLD | KT_18 | 1ct | imgs:3
[06:43:49][PEAR] [8231] ? NIV-96AEA006A172B81E | BASKET | SINGLE | NONE | GOLD | KT_18 | 1ct | imgs:3
[06:43:53][PEAR] [8232] ? NIV-AEE81B43DB159940 | BASKET | SINGLE | NONE | PLATINUM | PT_950 | 1ct | imgs:3
[06:43:58][PEAR] [8233] ? NIV-9518E3762C9E9522 | BASKET | SINGLE | NONE | GOLD | KT_10 | 1ct | imgs:2
[06:44:04][PEAR] [8234] ? NIV-9518E3762C9E9522 | BASKET | SINGLE | NONE | GOLD | KT_10 | 1ct | imgs:3
[06:44:10][PEAR] [8235] ? NIV-9518E3762C9E9522 | BASKET | SINGLE | NONE | GOLD | KT_10 | 1ct | imgs:3
[06:44:14][PEAR] [8236] ? NIV-C516140660C0FCB6 | BASKET | SINGLE | NONE | GOLD | KT_10 | 1ct | imgs:1
[06:44:19][PEAR] [8237] ? NIV-C516140660C0FCB6 | BASKET | SINGLE | NONE | GOLD | KT_10 | 1ct | imgs:3
[06:44:22][PEAR] [8238] ? NIV-C516140660C0FCB6 | BASKET | SINGLE | NONE | GOLD | KT_10 | 1ct | imgs:3
[06:44:25][PEAR] [8239] ? NIV-CF30FAFD138732EA | BASKET | SINGLE | NONE | GOLD | KT_10 | 1ct | imgs:3
[06:44:28][PEAR] [8240] ? NIV-CF30FAFD138732EA | BASKET | SINGLE | NONE | GOLD | KT_10 | 1ct | imgs:3
[06:44:34][PEAR] [8241] ? NIV-CF30FAFD138732EA | BASKET | SINGLE | NONE | GOLD | KT_10 | 1ct | imgs:3
[06:44:38][PEAR] [8242] ? NIV-55A83881998AF1D4 | BASKET | SINGLE | NONE | GOLD | KT_14 | 1ct | imgs:3
[06:44:43][PEAR] [8243] ? NIV-55A83881998AF1D4 | BASKET | SINGLE | NONE | GOLD | KT_14 | 1ct | imgs:3
[06:44:46][PEAR] [8244] ? NIV-55A83881998AF1D4 | BASKET | SINGLE | NONE | GOLD | KT_14 | 1ct | imgs:3
[06:44:49][PEAR] [8245] ? NIV-2EF481A06E577A2C | BASKET | SINGLE | NONE | GOLD | KT_14 | 1ct | imgs:3
[06:44:55][PEAR] [8246] ? NIV-2EF481A06E577A2C | BASKET | SINGLE | NONE | GOLD | KT_14 | 1ct | imgs:3
[06:45:01][PEAR] [8247] ? NIV-2EF481A06E577A2C | BASKET | SINGLE | NONE | GOLD | KT_14 | 1ct | imgs:3
[06:45:04][PEAR] [8248] ? NIV-A44DF14A5FD4EC97 | BASKET | SINGLE | NONE | GOLD | KT_14 | 1ct | imgs:3
[06:45:10][PEAR] [8249] ? NIV-A44DF14A5FD4EC97 | BASKET | SINGLE | NONE | GOLD | KT_14 | 1ct | imgs:3
[06:45:16][PEAR] [8250] ? NIV-A44DF14A5FD4EC97 | BASKET | SINGLE | NONE | GOLD | KT_14 | 1ct | imgs:3
[06:45:27][PEAR] [8251] ??  NIV-A00D2CB626BBDBE3 | BASKET | SINGLE | NONE | GOLD | KT_18 | 1ct | imgs:0
[06:45:31][PEAR] [8252] ? NIV-A00D2CB626BBDBE3 | BASKET | SINGLE | NONE | GOLD | KT_18 | 1ct | imgs:3
[06:45:37][PEAR] [8253] ? NIV-A00D2CB626BBDBE3 | BASKET | SINGLE | NONE | GOLD | KT_18 | 1ct | imgs:3
[06:45:40][PEAR] [8254] ? NIV-E012DFC559E746FD | BASKET | SINGLE | NONE | GOLD | KT_18 | 1ct | imgs:3
[06:45:44][PEAR] [8255] ? NIV-E012DFC559E746FD | BASKET | SINGLE | NONE | GOLD | KT_18 | 1ct | imgs:3
[06:45:49][PEAR] [8256] ? NIV-E012DFC559E746FD | BASKET | SINGLE | NONE | GOLD | KT_18 | 1ct | imgs:3
[06:45:55][PEAR] [8257] ? NIV-4272A235AD57DB5E | BASKET | SINGLE | NONE | GOLD | KT_18 | 1ct | imgs:1
[06:45:59][PEAR] [8258] ? NIV-4272A235AD57DB5E | BASKET | SINGLE | NONE | GOLD | KT_18 | 1ct | imgs:3
[06:46:04][PEAR] [8259] ? NIV-4272A235AD57DB5E | BASKET | SINGLE | NONE | GOLD | KT_18 | 1ct | imgs:3
[06:46:07][PEAR] [8260] ? NIV-3B4CFAF05F693A3A | BASKET | SINGLE | NONE | PLATINUM | PT_950 | 1ct | imgs:3
[06:46:14][PEAR] [8261] ? NIV-622B2F8AD8051736 | BASKET | SINGLE | NONE | GOLD | KT_10 | 1ct | imgs:1
[06:46:19][PEAR] [8262] ? NIV-622B2F8AD8051736 | BASKET | SINGLE | NONE | GOLD | KT_10 | 1ct | imgs:3
[06:46:25][PEAR] [8263] ? NIV-622B2F8AD8051736 | BASKET | SINGLE | NONE | GOLD | KT_10 | 1ct | imgs:3
[06:46:36][PEAR] [8264] ??  NIV-8A6183D777B8D05C | BASKET | SINGLE | NONE | GOLD | KT_10 | 1ct | imgs:0
[06:46:43][PEAR] [8265] ? NIV-8A6183D777B8D05C | BASKET | SINGLE | NONE | GOLD | KT_10 | 1ct | imgs:3
[06:46:49][PEAR] [8266] ? NIV-8A6183D777B8D05C | BASKET | SINGLE | NONE | GOLD | KT_10 | 1ct | imgs:3
[06:46:58][PEAR] [8267] ? NIV-74F3F53AE741E9BC | BASKET | SINGLE | NONE | GOLD | KT_10 | 1ct | imgs:1
[06:47:04][PEAR] [8268] ? NIV-74F3F53AE741E9BC | BASKET | SINGLE | NONE | GOLD | KT_10 | 1ct | imgs:3
[06:47:08][PEAR] [8269] ? NIV-74F3F53AE741E9BC | BASKET | SINGLE | NONE | GOLD | KT_10 | 1ct | imgs:3
[06:47:12][PEAR] [8270] ? NIV-DA7E26494AAD53F7 | BASKET | SINGLE | NONE | GOLD | KT_14 | 1ct | imgs:1
[06:47:19][PEAR] [8271] ? NIV-DA7E26494AAD53F7 | BASKET | SINGLE | NONE | GOLD | KT_14 | 1ct | imgs:3
[06:47:23][PEAR] [8272] ? NIV-DA7E26494AAD53F7 | BASKET | SINGLE | NONE | GOLD | KT_14 | 1ct | imgs:3
[06:47:26][PEAR] [8273] ? NIV-654C24D6DD59CDE4 | BASKET | SINGLE | NONE | GOLD | KT_14 | 1ct | imgs:3
[06:47:31][PEAR] [8274] ? NIV-654C24D6DD59CDE4 | BASKET | SINGLE | NONE | GOLD | KT_14 | 1ct | imgs:3
[06:47:37][PEAR] [8275] ? NIV-654C24D6DD59CDE4 | BASKET | SINGLE | NONE | GOLD | KT_14 | 1ct | imgs:3
[06:47:40][PEAR] [8276] ? NIV-2AB4F54A21202A04 | BASKET | SINGLE | NONE | GOLD | KT_14 | 1ct | imgs:3
[06:47:44][PEAR] [8277] ? NIV-2AB4F54A21202A04 | BASKET | SINGLE | NONE | GOLD | KT_14 | 1ct | imgs:3
[06:47:49][PEAR] [8278] ? NIV-2AB4F54A21202A04 | BASKET | SINGLE | NONE | GOLD | KT_14 | 1ct | imgs:3
[06:47:55][PEAR] [8279] ? NIV-E58D4291FE19145E | BASKET | SINGLE | NONE | GOLD | KT_18 | 1ct | imgs:3
[06:48:01][PEAR] [8280] ? NIV-E58D4291FE19145E | BASKET | SINGLE | NONE | GOLD | KT_18 | 1ct | imgs:3
[06:48:07][PEAR] [8281] ? NIV-E58D4291FE19145E | BASKET | SINGLE | NONE | GOLD | KT_18 | 1ct | imgs:3
[06:48:10][PEAR] [8282] ? NIV-D06008D144E44F51 | BASKET | SINGLE | NONE | GOLD | KT_18 | 1ct | imgs:3
[06:48:16][PEAR] [8283] ? NIV-D06008D144E44F51 | BASKET | SINGLE | NONE | GOLD | KT_18 | 1ct | imgs:3
[06:48:22][PEAR] [8284] ? NIV-D06008D144E44F51 | BASKET | SINGLE | NONE | GOLD | KT_18 | 1ct | imgs:3
[06:48:25][PEAR] [8285] ? NIV-64EA903206DE250E | BASKET | SINGLE | NONE | GOLD | KT_18 | 1ct | imgs:3
[06:48:31][PEAR] [8286] ? NIV-64EA903206DE250E | BASKET | SINGLE | NONE | GOLD | KT_18 | 1ct | imgs:3
[06:48:37][PEAR] [8287] ? NIV-64EA903206DE250E | BASKET | SINGLE | NONE | GOLD | KT_18 | 1ct | imgs:3
[06:48:40][PEAR] [8288] ? NIV-D2CA875C8715C206 | BASKET | SINGLE | NONE | PLATINUM | PT_950 | 1ct | imgs:3
[06:48:57][PEAR] [8289] ??  NIV-E1F91533DAFBB975 | BASKET | SINGLE | U_PAVE | GOLD | KT_10 | 1ct | imgs:0
[06:49:01][PEAR] [8290] ? NIV-E1F91533DAFBB975 | BASKET | SINGLE | U_PAVE | GOLD | KT_10 | 1ct | imgs:1
[06:49:04][PEAR] [8291] ? NIV-E1F91533DAFBB975 | BASKET | SINGLE | U_PAVE | GOLD | KT_10 | 1ct | imgs:3
[06:49:16][PEAR] [8292] ??  NIV-E6ED010ABBE19275 | BASKET | SINGLE | U_PAVE | GOLD | KT_10 | 1ct | imgs:0
[06:49:19][PEAR] [8293] ? NIV-E6ED010ABBE19275 | BASKET | SINGLE | U_PAVE | GOLD | KT_10 | 1ct | imgs:3
[06:49:25][PEAR] [8294] ? NIV-E6ED010ABBE19275 | BASKET | SINGLE | U_PAVE | GOLD | KT_10 | 1ct | imgs:3
[06:49:32][PEAR] [8295] ? NIV-753478465E057727 | BASKET | SINGLE | U_PAVE | GOLD | KT_10 | 1ct | imgs:1
[06:49:37][PEAR] [8296] ? NIV-753478465E057727 | BASKET | SINGLE | U_PAVE | GOLD | KT_10 | 1ct | imgs:3
[06:49:43][PEAR] [8297] ? NIV-753478465E057727 | BASKET | SINGLE | U_PAVE | GOLD | KT_10 | 1ct | imgs:3
[06:49:51][PEAR] [8298] ? NIV-773959254FBE0E7D | BASKET | SINGLE | U_PAVE | GOLD | KT_14 | 1ct | imgs:1
[06:49:55][PEAR] [8299] ? NIV-773959254FBE0E7D | BASKET | SINGLE | U_PAVE | GOLD | KT_14 | 1ct | imgs:3
[06:49:58][PEAR] [8300] ? NIV-773959254FBE0E7D | BASKET | SINGLE | U_PAVE | GOLD | KT_14 | 1ct | imgs:3
[06:50:02][PEAR] [8301] ? NIV-9FA11E0A3FC97F0D | BASKET | SINGLE | U_PAVE | GOLD | KT_14 | 1ct | imgs:1
[06:50:07][PEAR] [8302] ? NIV-9FA11E0A3FC97F0D | BASKET | SINGLE | U_PAVE | GOLD | KT_14 | 1ct | imgs:3
[06:50:13][PEAR] [8303] ? NIV-9FA11E0A3FC97F0D | BASKET | SINGLE | U_PAVE | GOLD | KT_14 | 1ct | imgs:3
[06:50:20][PEAR] [8304] ? NIV-653A1D4F48EB89F1 | BASKET | SINGLE | U_PAVE | GOLD | KT_14 | 1ct | imgs:1
[06:50:25][PEAR] [8305] ? NIV-653A1D4F48EB89F1 | BASKET | SINGLE | U_PAVE | GOLD | KT_14 | 1ct | imgs:3
[06:50:31][PEAR] [8306] ? NIV-653A1D4F48EB89F1 | BASKET | SINGLE | U_PAVE | GOLD | KT_14 | 1ct | imgs:3
[06:50:42][PEAR] [8307] ??  NIV-653A1D4F48EB89F1 | BASKET | SINGLE | U_PAVE | GOLD | KT_18 | 1ct | imgs:0
[06:50:53][PEAR] [8308] ? NIV-4072B6ED9D797C00 | BASKET | SINGLE | U_PAVE | GOLD | KT_18 | 1ct | imgs:1
[06:50:58][PEAR] [8309] ? NIV-4072B6ED9D797C00 | BASKET | SINGLE | U_PAVE | GOLD | KT_18 | 1ct | imgs:3
[06:51:09][PEAR] [8310] ??  NIV-4072B6ED9D797C00 | BASKET | SINGLE | U_PAVE | GOLD | KT_18 | 1ct | imgs:0
[06:51:21][PEAR] [8311] ??  NIV-4421A377762DD47E | BASKET | SINGLE | U_PAVE | GOLD | KT_18 | 1ct | imgs:0
[06:52:31][PEAR]   click_button error (jewellery-configurator-mounting-metal-color-option-ROSE_GOLD): ElementHandle.get_attribute: Execution context was destroyed, most likely because of a navigation
Call log:
  - waiting for locator(":scope")

[06:52:32][PEAR]   Re-seleccionando PEAR (intento 1)
[06:52:32][PEAR]   Boton no encontrado ? recargando configurador...
[06:52:52][PEAR]   Error recargando: Page.goto: Timeout 20000ms exceeded.
Call log:
  - navigating to "https://app.nivoda.com/v2/live/jewellery/ring-configurator", waiting until "domcontentloaded"

[06:52:52][PEAR]   Re-seleccionando PEAR (intento 2)
[06:52:52][PEAR]   Boton no encontrado ? recargando configurador...
[06:53:12][PEAR]   Error recargando: Page.goto: Timeout 20000ms exceeded.
Call log:
  - navigating to "https://app.nivoda.com/v2/live/jewellery/ring-configurator", waiting until "domcontentloaded"

[06:53:33][PEAR]   Re-seleccionando PEAR (intento 3)
[06:53:33][PEAR]   Boton no encontrado ? recargando configurador...
[06:53:53][PEAR]   Error recargando: Page.goto: Timeout 20000ms exceeded.
Call log:
  - navigating to "https://app.nivoda.com/v2/live/jewellery/ring-configurator", waiting until "domcontentloaded"

[06:53:53][PEAR]   Re-seleccionando PEAR (intento 4)
[06:53:54][PEAR]   Boton no encontrado ? recargando configurador...
[06:54:14][PEAR]   Error recargando: Page.goto: Timeout 20000ms exceeded.
Call log:
  - navigating to "https://app.nivoda.com/v2/live/jewellery/ring-configurator", waiting until "domcontentloaded"

[06:54:14][PEAR]   Re-seleccionando PEAR (intento 5)
[06:54:14][PEAR]   Boton no encontrado ? recargando configurador...
[06:54:34][PEAR]   Error recargando: Page.goto: Timeout 20000ms exceeded.
Call log:
  - navigating to "https://app.nivoda.com/v2/live/jewellery/ring-configurator", waiting until "domcontentloaded"

