[21:00:13][EMERALD] Retomando ? 86 ya hechos
[21:00:13][EMERALD] Iniciando worker para EMERALD
[21:00:15][EMERALD] Cargando configurador...
[21:00:38][EMERALD] Configurador listo ? seleccionando EMERALD
[21:00:39][EMERALD]   Re-seleccionando EMERALD (intento 1)
[21:00:39][EMERALD] Comenzando scrape DOM-driven...
[21:03:20][EMERALD]   Re-seleccionando EMERALD (intento 1)
[21:03:22][EMERALD]   Boton no encontrado ? recargando configurador...
[21:03:32][EMERALD]   Re-seleccionando EMERALD (intento 2)
[21:03:35][EMERALD] [87] ? NIV-0617BAFFC8F22085 | BASKET | CONTEMPORARY | U_PAVE | GOLD | KT_10 | 1ct | imgs:3
[21:03:38][EMERALD] [88] ? NIV-DFD392AE87D500C9 | BASKET | CONTEMPORARY | U_PAVE | GOLD | KT_10 | 1ct | imgs:3
[21:03:46][EMERALD] [89] ? NIV-577E98AEF40A4E55 | BASKET | CONTEMPORARY | U_PAVE | GOLD | KT_10 | 1ct | imgs:1
[21:03:48][EMERALD] [90] ? NIV-61FD728ECCFBC03B | BASKET | CONTEMPORARY | U_PAVE | GOLD | KT_10 | 1ct | imgs:1
[21:03:50][EMERALD] [91] ? NIV-29DD8E52D3103B43 | BASKET | CONTEMPORARY | U_PAVE | GOLD | KT_10 | 1ct | imgs:1
[21:03:54][EMERALD] [92] ? NIV-022700432B17CE96 | BASKET | CONTEMPORARY | U_PAVE | GOLD | KT_10 | 1ct | imgs:2
[21:03:56][EMERALD] [93] ? NIV-4C58A4FB5312412D | BASKET | CONTEMPORARY | U_PAVE | GOLD | KT_10 | 1ct | imgs:3
[21:03:59][EMERALD] [94] ? NIV-81E6232CCE8CA806 | BASKET | CONTEMPORARY | U_PAVE | GOLD | KT_14 | 1ct | imgs:3
[21:04:02][EMERALD] [95] ? NIV-4C3578A90A6059BB | BASKET | CONTEMPORARY | U_PAVE | GOLD | KT_14 | 1ct | imgs:3
[21:04:05][EMERALD] [96] ? NIV-E25D858417889171 | BASKET | CONTEMPORARY | U_PAVE | GOLD | KT_14 | 1ct | imgs:3
[21:04:08][EMERALD] [97] ? NIV-D858673F8DBD7BA6 | BASKET | CONTEMPORARY | U_PAVE | GOLD | KT_14 | 1ct | imgs:3
[21:04:17][EMERALD] [98] ? NIV-E0402D71A5EDBF75 | BASKET | CONTEMPORARY | U_PAVE | GOLD | KT_14 | 1ct | imgs:1
[21:04:28][EMERALD] [99] ??  NIV-E0402D71A5EDBF75 | BASKET | CONTEMPORARY | U_PAVE | GOLD | KT_14 | 1ct | imgs:0
[21:04:31][EMERALD] [100] ? NIV-EF4553EADC0F27DE | BASKET | CONTEMPORARY | U_PAVE | GOLD | KT_14 | 1ct | imgs:1
[21:04:35][EMERALD] [101] ? NIV-001E20217C64FE5F | BASKET | CONTEMPORARY | U_PAVE | GOLD | KT_14 | 1ct | imgs:3
[21:04:38][EMERALD] [102] ? NIV-5ACADED7F7C47728 | BASKET | CONTEMPORARY | U_PAVE | GOLD | KT_14 | 1ct | imgs:3
[21:04:41][EMERALD] [103] ? NIV-84C7F7530C70F70D | BASKET | CONTEMPORARY | U_PAVE | GOLD | KT_18 | 1ct | imgs:3
[21:04:44][EMERALD] [104] ? NIV-C58B0EAE6D5330BE | BASKET | CONTEMPORARY | U_PAVE | GOLD | KT_18 | 1ct | imgs:3
[21:04:47][EMERALD] [105] ? NIV-EAA574E805638E9C | BASKET | CONTEMPORARY | U_PAVE | GOLD | KT_18 | 1ct | imgs:3
[21:04:50][EMERALD] [106] ? NIV-8E441C273A81DF56 | BASKET | CONTEMPORARY | U_PAVE | GOLD | KT_18 | 1ct | imgs:3
[21:04:56][EMERALD] [107] ? NIV-C3AFBCCBEFFACDF6 | BASKET | CONTEMPORARY | U_PAVE | GOLD | KT_18 | 1ct | imgs:2
[21:04:59][EMERALD] [108] ? NIV-956C60F4CECC038F | BASKET | CONTEMPORARY | U_PAVE | GOLD | KT_18 | 1ct | imgs:3
[21:05:02][EMERALD] [109] ? NIV-D1FAB43C2D1A64D4 | BASKET | CONTEMPORARY | U_PAVE | GOLD | KT_18 | 1ct | imgs:3
[21:05:05][EMERALD] [110] ? NIV-D8A74E718B3EE441 | BASKET | CONTEMPORARY | U_PAVE | GOLD | KT_18 | 1ct | imgs:3
[21:05:08][EMERALD] [111] ? NIV-B24E12D244D82B84 | BASKET | CONTEMPORARY | U_PAVE | GOLD | KT_18 | 1ct | imgs:3
[21:05:11][EMERALD] [112] ? NIV-DE75F99A88EA3D49 | BASKET | CONTEMPORARY | U_PAVE | PLATINUM | PT_950 | 1ct | imgs:3
[21:05:17][EMERALD] [113] ? NIV-CD227B9B07175F5F | BASKET | CONTEMPORARY | CHANNEL | GOLD | KT_10 | 1ct | imgs:3
[21:05:20][EMERALD] [114] ? NIV-CD227B9B07175F5F | BASKET | CONTEMPORARY | CHANNEL | GOLD | KT_10 | 1ct | imgs:3
[21:05:23][EMERALD] [115] ? NIV-CD227B9B07175F5F | BASKET | CONTEMPORARY | CHANNEL | GOLD | KT_10 | 1ct | imgs:3
[21:05:26][EMERALD] [116] ? NIV-AE7F28C47F8D190A | BASKET | CONTEMPORARY | CHANNEL | GOLD | KT_10 | 1ct | imgs:3
[21:05:29][EMERALD] [117] ? NIV-AE7F28C47F8D190A | BASKET | CONTEMPORARY | CHANNEL | GOLD | KT_10 | 1ct | imgs:3
[21:05:32][EMERALD] [118] ? NIV-AE7F28C47F8D190A | BASKET | CONTEMPORARY | CHANNEL | GOLD | KT_10 | 1ct | imgs:3
[21:05:35][EMERALD] [119] ? NIV-9E43316F3EF57666 | BASKET | CONTEMPORARY | CHANNEL | GOLD | KT_10 | 1ct | imgs:3
[21:05:38][EMERALD] [120] ? NIV-9E43316F3EF57666 | BASKET | CONTEMPORARY | CHANNEL | GOLD | KT_10 | 1ct | imgs:3
[21:05:41][EMERALD] [121] ? NIV-9E43316F3EF57666 | BASKET | CONTEMPORARY | CHANNEL | GOLD | KT_10 | 1ct | imgs:3
[21:05:44][EMERALD] [122] ? NIV-F3736826154CFB3A | BASKET | CONTEMPORARY | CHANNEL | GOLD | KT_14 | 1ct | imgs:3
[21:05:47][EMERALD] [123] ? NIV-F3736826154CFB3A | BASKET | CONTEMPORARY | CHANNEL | GOLD | KT_14 | 1ct | imgs:3
[21:05:50][EMERALD] [124] ? NIV-F3736826154CFB3A | BASKET | CONTEMPORARY | CHANNEL | GOLD | KT_14 | 1ct | imgs:3
[21:05:53][EMERALD] [125] ? NIV-F11F72709E39547D | BASKET | CONTEMPORARY | CHANNEL | GOLD | KT_14 | 1ct | imgs:3
[21:05:56][EMERALD] [126] ? NIV-F11F72709E39547D | BASKET | CONTEMPORARY | CHANNEL | GOLD | KT_14 | 1ct | imgs:3
[21:05:59][EMERALD] [127] ? NIV-F11F72709E39547D | BASKET | CONTEMPORARY | CHANNEL | GOLD | KT_14 | 1ct | imgs:3
[21:06:02][EMERALD] [128] ? NIV-1E9F1FCDE103C145 | BASKET | CONTEMPORARY | CHANNEL | GOLD | KT_14 | 1ct | imgs:3
[21:06:05][EMERALD] [129] ? NIV-1E9F1FCDE103C145 | BASKET | CONTEMPORARY | CHANNEL | GOLD | KT_14 | 1ct | imgs:3
[21:06:08][EMERALD] [130] ? NIV-1E9F1FCDE103C145 | BASKET | CONTEMPORARY | CHANNEL | GOLD | KT_14 | 1ct | imgs:3
[21:06:11][EMERALD] [131] ? NIV-22FEAFBC5E66A79A | BASKET | CONTEMPORARY | CHANNEL | GOLD | KT_18 | 1ct | imgs:3
[21:06:14][EMERALD] [132] ? NIV-22FEAFBC5E66A79A | BASKET | CONTEMPORARY | CHANNEL | GOLD | KT_18 | 1ct | imgs:3
[21:06:17][EMERALD] [133] ? NIV-22FEAFBC5E66A79A | BASKET | CONTEMPORARY | CHANNEL | GOLD | KT_18 | 1ct | imgs:3
[21:06:20][EMERALD] [134] ? NIV-70C45400F47EC6F5 | BASKET | CONTEMPORARY | CHANNEL | GOLD | KT_18 | 1ct | imgs:3
[21:06:23][EMERALD] [135] ? NIV-70C45400F47EC6F5 | BASKET | CONTEMPORARY | CHANNEL | GOLD | KT_18 | 1ct | imgs:3
[21:06:26][EMERALD] [136] ? NIV-70C45400F47EC6F5 | BASKET | CONTEMPORARY | CHANNEL | GOLD | KT_18 | 1ct | imgs:3
[21:06:29][EMERALD] [137] ? NIV-C20148435E30C002 | BASKET | CONTEMPORARY | CHANNEL | GOLD | KT_18 | 1ct | imgs:3
[21:06:32][EMERALD] [138] ? NIV-C20148435E30C002 | BASKET | CONTEMPORARY | CHANNEL | GOLD | KT_18 | 1ct | imgs:3
[21:06:35][EMERALD] [139] ? NIV-C20148435E30C002 | BASKET | CONTEMPORARY | CHANNEL | GOLD | KT_18 | 1ct | imgs:3
[21:06:38][EMERALD] [140] ? NIV-AD90F9FD0E480079 | BASKET | CONTEMPORARY | CHANNEL | PLATINUM | PT_950 | 1ct | imgs:3
[21:06:41][EMERALD] [141] ? NIV-6D1372E0ACDC50D1 | BASKET | CONTEMPORARY | CHANNEL | GOLD | KT_10 | 1ct | imgs:3
[21:06:44][EMERALD] [142] ? NIV-6D1372E0ACDC50D1 | BASKET | CONTEMPORARY | CHANNEL | GOLD | KT_10 | 1ct | imgs:3
[21:06:47][EMERALD] [143] ? NIV-6D1372E0ACDC50D1 | BASKET | CONTEMPORARY | CHANNEL | GOLD | KT_10 | 1ct | imgs:3
[21:06:50][EMERALD] [144] ? NIV-794A1939914C967F | BASKET | CONTEMPORARY | CHANNEL | GOLD | KT_10 | 1ct | imgs:3
[21:06:53][EMERALD] [145] ? NIV-794A1939914C967F | BASKET | CONTEMPORARY | CHANNEL | GOLD | KT_10 | 1ct | imgs:3
[21:06:56][EMERALD] [146] ? NIV-794A1939914C967F | BASKET | CONTEMPORARY | CHANNEL | GOLD | KT_10 | 1ct | imgs:3
[21:06:59][EMERALD] [147] ? NIV-2D4AA3BC7A4D873E | BASKET | CONTEMPORARY | CHANNEL | GOLD | KT_10 | 1ct | imgs:3
[21:07:02][EMERALD] [148] ? NIV-2D4AA3BC7A4D873E | BASKET | CONTEMPORARY | CHANNEL | GOLD | KT_10 | 1ct | imgs:3
[21:07:05][EMERALD] [149] ? NIV-2D4AA3BC7A4D873E | BASKET | CONTEMPORARY | CHANNEL | GOLD | KT_10 | 1ct | imgs:3
[21:07:08][EMERALD] [150] ? NIV-CC02EE866F3C662D | BASKET | CONTEMPORARY | CHANNEL | GOLD | KT_14 | 1ct | imgs:3
[21:07:11][EMERALD] [151] ? NIV-CC02EE866F3C662D | BASKET | CONTEMPORARY | CHANNEL | GOLD | KT_14 | 1ct | imgs:3
[21:07:14][EMERALD] [152] ? NIV-CC02EE866F3C662D | BASKET | CONTEMPORARY | CHANNEL | GOLD | KT_14 | 1ct | imgs:3
[21:07:17][EMERALD] [153] ? NIV-7B04C2EE773CAF9F | BASKET | CONTEMPORARY | CHANNEL | GOLD | KT_14 | 1ct | imgs:3
[21:07:20][EMERALD] [154] ? NIV-7B04C2EE773CAF9F | BASKET | CONTEMPORARY | CHANNEL | GOLD | KT_14 | 1ct | imgs:3
[21:07:23][EMERALD] [155] ? NIV-7B04C2EE773CAF9F | BASKET | CONTEMPORARY | CHANNEL | GOLD | KT_14 | 1ct | imgs:3
[21:07:26][EMERALD] [156] ? NIV-D411C2574093FCCD | BASKET | CONTEMPORARY | CHANNEL | GOLD | KT_14 | 1ct | imgs:3
[21:07:29][EMERALD] [157] ? NIV-D411C2574093FCCD | BASKET | CONTEMPORARY | CHANNEL | GOLD | KT_14 | 1ct | imgs:3
[21:07:32][EMERALD] [158] ? NIV-D411C2574093FCCD | BASKET | CONTEMPORARY | CHANNEL | GOLD | KT_14 | 1ct | imgs:3
[21:07:35][EMERALD] [159] ? NIV-55E08217A6CEA6B7 | BASKET | CONTEMPORARY | CHANNEL | GOLD | KT_18 | 1ct | imgs:3
[21:07:38][EMERALD] [160] ? NIV-55E08217A6CEA6B7 | BASKET | CONTEMPORARY | CHANNEL | GOLD | KT_18 | 1ct | imgs:3
[21:07:41][EMERALD] [161] ? NIV-55E08217A6CEA6B7 | BASKET | CONTEMPORARY | CHANNEL | GOLD | KT_18 | 1ct | imgs:3
[21:07:44][EMERALD] [162] ? NIV-108A5904B3D905F2 | BASKET | CONTEMPORARY | CHANNEL | GOLD | KT_18 | 1ct | imgs:3
[21:07:47][EMERALD] [163] ? NIV-108A5904B3D905F2 | BASKET | CONTEMPORARY | CHANNEL | GOLD | KT_18 | 1ct | imgs:3
[21:07:50][EMERALD] [164] ? NIV-108A5904B3D905F2 | BASKET | CONTEMPORARY | CHANNEL | GOLD | KT_18 | 1ct | imgs:3
[21:07:53][EMERALD] [165] ? NIV-5CC499D75D73618D | BASKET | CONTEMPORARY | CHANNEL | GOLD | KT_18 | 1ct | imgs:3
[21:07:56][EMERALD] [166] ? NIV-5CC499D75D73618D | BASKET | CONTEMPORARY | CHANNEL | GOLD | KT_18 | 1ct | imgs:3
[21:07:59][EMERALD] [167] ? NIV-5CC499D75D73618D | BASKET | CONTEMPORARY | CHANNEL | GOLD | KT_18 | 1ct | imgs:3
[21:08:02][EMERALD] [168] ? NIV-B8CD6C2D0615DF86 | BASKET | CONTEMPORARY | CHANNEL | PLATINUM | PT_950 | 1ct | imgs:3
[21:08:05][EMERALD] [169] ? NIV-9CEA3A4A34933A90 | BASKET | CONTEMPORARY | CHANNEL | GOLD | KT_10 | 1ct | imgs:3
[21:08:08][EMERALD] [170] ? NIV-9CEA3A4A34933A90 | BASKET | CONTEMPORARY | CHANNEL | GOLD | KT_10 | 1ct | imgs:3
[21:08:11][EMERALD] [171] ? NIV-9CEA3A4A34933A90 | BASKET | CONTEMPORARY | CHANNEL | GOLD | KT_10 | 1ct | imgs:3
[21:08:14][EMERALD] [172] ? NIV-D926653B0B7109EB | BASKET | CONTEMPORARY | CHANNEL | GOLD | KT_10 | 1ct | imgs:3
[21:08:17][EMERALD] [173] ? NIV-D926653B0B7109EB | BASKET | CONTEMPORARY | CHANNEL | GOLD | KT_10 | 1ct | imgs:3
[21:08:20][EMERALD] [174] ? NIV-D926653B0B7109EB | BASKET | CONTEMPORARY | CHANNEL | GOLD | KT_10 | 1ct | imgs:3
[21:08:23][EMERALD] [175] ? NIV-9CA55EEBCF01972D | BASKET | CONTEMPORARY | CHANNEL | GOLD | KT_10 | 1ct | imgs:3
[21:08:26][EMERALD] [176] ? NIV-9CA55EEBCF01972D | BASKET | CONTEMPORARY | CHANNEL | GOLD | KT_10 | 1ct | imgs:3
[21:08:29][EMERALD] [177] ? NIV-9CA55EEBCF01972D | BASKET | CONTEMPORARY | CHANNEL | GOLD | KT_10 | 1ct | imgs:3
[21:08:32][EMERALD] [178] ? NIV-42AA283679BDAA95 | BASKET | CONTEMPORARY | CHANNEL | GOLD | KT_14 | 1ct | imgs:3
[21:08:35][EMERALD] [179] ? NIV-42AA283679BDAA95 | BASKET | CONTEMPORARY | CHANNEL | GOLD | KT_14 | 1ct | imgs:3
[21:08:38][EMERALD] [180] ? NIV-42AA283679BDAA95 | BASKET | CONTEMPORARY | CHANNEL | GOLD | KT_14 | 1ct | imgs:3
[21:08:41][EMERALD] [181] ? NIV-A24DF53644FE7C78 | BASKET | CONTEMPORARY | CHANNEL | GOLD | KT_14 | 1ct | imgs:3
[21:08:44][EMERALD] [182] ? NIV-A24DF53644FE7C78 | BASKET | CONTEMPORARY | CHANNEL | GOLD | KT_14 | 1ct | imgs:3
[21:08:47][EMERALD] [183] ? NIV-A24DF53644FE7C78 | BASKET | CONTEMPORARY | CHANNEL | GOLD | KT_14 | 1ct | imgs:3
[21:08:50][EMERALD] [184] ? NIV-02C18B3F14EF0F56 | BASKET | CONTEMPORARY | CHANNEL | GOLD | KT_14 | 1ct | imgs:3
[21:08:53][EMERALD] [185] ? NIV-02C18B3F14EF0F56 | BASKET | CONTEMPORARY | CHANNEL | GOLD | KT_14 | 1ct | imgs:3
[21:08:56][EMERALD] [186] ? NIV-02C18B3F14EF0F56 | BASKET | CONTEMPORARY | CHANNEL | GOLD | KT_14 | 1ct | imgs:3
[21:08:59][EMERALD] [187] ? NIV-615948479E21076B | BASKET | CONTEMPORARY | CHANNEL | GOLD | KT_18 | 1ct | imgs:1
[21:09:02][EMERALD] [188] ? NIV-615948479E21076B | BASKET | CONTEMPORARY | CHANNEL | GOLD | KT_18 | 1ct | imgs:3
[21:09:05][EMERALD] [189] ? NIV-615948479E21076B | BASKET | CONTEMPORARY | CHANNEL | GOLD | KT_18 | 1ct | imgs:3
[21:09:08][EMERALD] [190] ? NIV-0B9576710899D024 | BASKET | CONTEMPORARY | CHANNEL | GOLD | KT_18 | 1ct | imgs:3
[21:09:11][EMERALD] [191] ? NIV-0B9576710899D024 | BASKET | CONTEMPORARY | CHANNEL | GOLD | KT_18 | 1ct | imgs:3
[21:09:14][EMERALD] [192] ? NIV-0B9576710899D024 | BASKET | CONTEMPORARY | CHANNEL | GOLD | KT_18 | 1ct | imgs:3
[21:09:17][EMERALD] [193] ? NIV-713EAE145CD1ED5F | BASKET | CONTEMPORARY | CHANNEL | GOLD | KT_18 | 1ct | imgs:3
[21:09:20][EMERALD] [194] ? NIV-713EAE145CD1ED5F | BASKET | CONTEMPORARY | CHANNEL | GOLD | KT_18 | 1ct | imgs:3
[21:09:23][EMERALD] [195] ? NIV-713EAE145CD1ED5F | BASKET | CONTEMPORARY | CHANNEL | GOLD | KT_18 | 1ct | imgs:3
[21:09:28][EMERALD] [196] ? NIV-C703700C271E2ECF | BASKET | CONTEMPORARY | CHANNEL | PLATINUM | PT_950 | 1ct | imgs:1
[21:09:35][EMERALD] [197] ? NIV-4EF070BCD4217F14 | BASKET | CONTEMPORARY | CHANNEL | GOLD | KT_10 | 1ct | imgs:3
[21:09:38][EMERALD] [198] ? NIV-4EF070BCD4217F14 | BASKET | CONTEMPORARY | CHANNEL | GOLD | KT_10 | 1ct | imgs:3
[21:09:41][EMERALD] [199] ? NIV-4EF070BCD4217F14 | BASKET | CONTEMPORARY | CHANNEL | GOLD | KT_10 | 1ct | imgs:3
[21:09:44][EMERALD] [200] ? NIV-3EC5A17992031969 | BASKET | CONTEMPORARY | CHANNEL | GOLD | KT_10 | 1ct | imgs:3
[21:09:47][EMERALD] [201] ? NIV-3EC5A17992031969 | BASKET | CONTEMPORARY | CHANNEL | GOLD | KT_10 | 1ct | imgs:3
[21:09:53][EMERALD] [202] ? NIV-3EC5A17992031969 | BASKET | CONTEMPORARY | CHANNEL | GOLD | KT_10 | 1ct | imgs:3
[21:09:56][EMERALD] [203] ? NIV-03DCE2D8DD2B6DB0 | BASKET | CONTEMPORARY | CHANNEL | GOLD | KT_10 | 1ct | imgs:3
[21:09:59][EMERALD] [204] ? NIV-03DCE2D8DD2B6DB0 | BASKET | CONTEMPORARY | CHANNEL | GOLD | KT_10 | 1ct | imgs:3
[21:10:02][EMERALD] [205] ? NIV-03DCE2D8DD2B6DB0 | BASKET | CONTEMPORARY | CHANNEL | GOLD | KT_10 | 1ct | imgs:3
[21:10:05][EMERALD] [206] ? NIV-DC40C0FEAEBAB163 | BASKET | CONTEMPORARY | CHANNEL | GOLD | KT_14 | 1ct | imgs:3
[21:10:11][EMERALD] [207] ? NIV-DC40C0FEAEBAB163 | BASKET | CONTEMPORARY | CHANNEL | GOLD | KT_14 | 1ct | imgs:3
[21:10:14][EMERALD] [208] ? NIV-DC40C0FEAEBAB163 | BASKET | CONTEMPORARY | CHANNEL | GOLD | KT_14 | 1ct | imgs:3
[21:10:17][EMERALD] [209] ? NIV-C5843A42A70C7DAE | BASKET | CONTEMPORARY | CHANNEL | GOLD | KT_14 | 1ct | imgs:3
[21:10:20][EMERALD] [210] ? NIV-C5843A42A70C7DAE | BASKET | CONTEMPORARY | CHANNEL | GOLD | KT_14 | 1ct | imgs:3
[21:10:23][EMERALD] [211] ? NIV-C5843A42A70C7DAE | BASKET | CONTEMPORARY | CHANNEL | GOLD | KT_14 | 1ct | imgs:3
[21:10:26][EMERALD] [212] ? NIV-FBDB67DBC9FED130 | BASKET | CONTEMPORARY | CHANNEL | GOLD | KT_14 | 1ct | imgs:3
[21:10:29][EMERALD] [213] ? NIV-FBDB67DBC9FED130 | BASKET | CONTEMPORARY | CHANNEL | GOLD | KT_14 | 1ct | imgs:3
[21:10:32][EMERALD] [214] ? NIV-FBDB67DBC9FED130 | BASKET | CONTEMPORARY | CHANNEL | GOLD | KT_14 | 1ct | imgs:3
[21:10:35][EMERALD] [215] ? NIV-2A401D230DE427AC | BASKET | CONTEMPORARY | CHANNEL | GOLD | KT_18 | 1ct | imgs:3
[21:10:38][EMERALD] [216] ? NIV-2A401D230DE427AC | BASKET | CONTEMPORARY | CHANNEL | GOLD | KT_18 | 1ct | imgs:3
[21:10:44][EMERALD] [217] ? NIV-2A401D230DE427AC | BASKET | CONTEMPORARY | CHANNEL | GOLD | KT_18 | 1ct | imgs:3
[21:10:47][EMERALD] [218] ? NIV-89528EF636EFC148 | BASKET | CONTEMPORARY | CHANNEL | GOLD | KT_18 | 1ct | imgs:3
[21:10:50][EMERALD] [219] ? NIV-89528EF636EFC148 | BASKET | CONTEMPORARY | CHANNEL | GOLD | KT_18 | 1ct | imgs:3
[21:10:53][EMERALD] [220] ? NIV-89528EF636EFC148 | BASKET | CONTEMPORARY | CHANNEL | GOLD | KT_18 | 1ct | imgs:3
[21:10:56][EMERALD] [221] ? NIV-93EB6343268246C2 | BASKET | CONTEMPORARY | CHANNEL | GOLD | KT_18 | 1ct | imgs:3
[21:10:59][EMERALD] [222] ? NIV-93EB6343268246C2 | BASKET | CONTEMPORARY | CHANNEL | GOLD | KT_18 | 1ct | imgs:3
[21:11:05][EMERALD] [223] ? NIV-93EB6343268246C2 | BASKET | CONTEMPORARY | CHANNEL | GOLD | KT_18 | 1ct | imgs:3
[21:11:08][EMERALD] [224] ? NIV-F4E67692E061B837 | BASKET | CONTEMPORARY | CHANNEL | PLATINUM | PT_950 | 1ct | imgs:3
[21:11:14][EMERALD] [225] ? NIV-C4A43D07FF588CF7 | BASKET | CONTEMPORARY | CHANNEL | GOLD | KT_10 | 1ct | imgs:3
[21:11:17][EMERALD] [226] ? NIV-C4A43D07FF588CF7 | BASKET | CONTEMPORARY | CHANNEL | GOLD | KT_10 | 1ct | imgs:3
[21:11:23][EMERALD] [227] ? NIV-C4A43D07FF588CF7 | BASKET | CONTEMPORARY | CHANNEL | GOLD | KT_10 | 1ct | imgs:3
[21:11:26][EMERALD] [228] ? NIV-2987C61C74775A48 | BASKET | CONTEMPORARY | CHANNEL | GOLD | KT_10 | 1ct | imgs:3
[21:11:29][EMERALD] [229] ? NIV-2987C61C74775A48 | BASKET | CONTEMPORARY | CHANNEL | GOLD | KT_10 | 1ct | imgs:3
[21:11:32][EMERALD] [230] ? NIV-2987C61C74775A48 | BASKET | CONTEMPORARY | CHANNEL | GOLD | KT_10 | 1ct | imgs:3
[21:11:35][EMERALD] [231] ? NIV-DB044E255C65D6E5 | BASKET | CONTEMPORARY | CHANNEL | GOLD | KT_10 | 1ct | imgs:2
[21:11:38][EMERALD] [232] ? NIV-DB044E255C65D6E5 | BASKET | CONTEMPORARY | CHANNEL | GOLD | KT_10 | 1ct | imgs:3
[21:11:44][EMERALD] [233] ? NIV-DB044E255C65D6E5 | BASKET | CONTEMPORARY | CHANNEL | GOLD | KT_10 | 1ct | imgs:3
[21:11:47][EMERALD] [234] ? NIV-B901D144A5C0F12B | BASKET | CONTEMPORARY | CHANNEL | GOLD | KT_14 | 1ct | imgs:3
[21:11:50][EMERALD] [235] ? NIV-B901D144A5C0F12B | BASKET | CONTEMPORARY | CHANNEL | GOLD | KT_14 | 1ct | imgs:3
[21:11:53][EMERALD] [236] ? NIV-B901D144A5C0F12B | BASKET | CONTEMPORARY | CHANNEL | GOLD | KT_14 | 1ct | imgs:3
[21:11:56][EMERALD] [237] ? NIV-26618D87495A0F05 | BASKET | CONTEMPORARY | CHANNEL | GOLD | KT_14 | 1ct | imgs:3
[21:11:59][EMERALD] [238] ? NIV-26618D87495A0F05 | BASKET | CONTEMPORARY | CHANNEL | GOLD | KT_14 | 1ct | imgs:3
[21:12:02][EMERALD] [239] ? NIV-26618D87495A0F05 | BASKET | CONTEMPORARY | CHANNEL | GOLD | KT_14 | 1ct | imgs:3
[21:12:05][EMERALD] [240] ? NIV-B42C9647B7377177 | BASKET | CONTEMPORARY | CHANNEL | GOLD | KT_14 | 1ct | imgs:3
[21:12:08][EMERALD] [241] ? NIV-B42C9647B7377177 | BASKET | CONTEMPORARY | CHANNEL | GOLD | KT_14 | 1ct | imgs:3
[21:12:11][EMERALD] [242] ? NIV-B42C9647B7377177 | BASKET | CONTEMPORARY | CHANNEL | GOLD | KT_14 | 1ct | imgs:3
[21:12:14][EMERALD] [243] ? NIV-7199A246526C4D1C | BASKET | CONTEMPORARY | CHANNEL | GOLD | KT_18 | 1ct | imgs:3
[21:12:17][EMERALD] [244] ? NIV-7199A246526C4D1C | BASKET | CONTEMPORARY | CHANNEL | GOLD | KT_18 | 1ct | imgs:3
[21:12:20][EMERALD] [245] ? NIV-7199A246526C4D1C | BASKET | CONTEMPORARY | CHANNEL | GOLD | KT_18 | 1ct | imgs:3
[21:12:23][EMERALD] [246] ? NIV-5D23F4E854879ABE | BASKET | CONTEMPORARY | CHANNEL | GOLD | KT_18 | 1ct | imgs:3
[21:12:26][EMERALD] [247] ? NIV-5D23F4E854879ABE | BASKET | CONTEMPORARY | CHANNEL | GOLD | KT_18 | 1ct | imgs:3
[21:12:29][EMERALD] [248] ? NIV-4D3D05B1F106AF07 | BASKET | CONTEMPORARY | CHANNEL | GOLD | KT_18 | 1ct | imgs:3
[21:12:32][EMERALD] [249] ? NIV-F00E5001CD18A053 | BASKET | CONTEMPORARY | CHANNEL | GOLD | KT_18 | 1ct | imgs:3
[21:12:35][EMERALD] [250] ? NIV-B06F4B66A6DA0BC7 | BASKET | CONTEMPORARY | CHANNEL | GOLD | KT_18 | 1ct | imgs:3
[21:12:38][EMERALD] [251] ? NIV-E4906E49C0244DC2 | BASKET | CONTEMPORARY | CHANNEL | GOLD | KT_18 | 1ct | imgs:3
[21:12:41][EMERALD] [252] ? NIV-7B79F4FDBAE93E16 | BASKET | CONTEMPORARY | CHANNEL | PLATINUM | PT_950 | 1ct | imgs:3
[21:12:44][EMERALD] [253] ? NIV-8EDA57552D3B9A49 | BASKET | CONTEMPORARY | CHANNEL | GOLD | KT_10 | 1ct | imgs:3
[21:12:50][EMERALD] [254] ? NIV-8EDA57552D3B9A49 | BASKET | CONTEMPORARY | CHANNEL | GOLD | KT_10 | 1ct | imgs:3
[21:12:53][EMERALD] [255] ? NIV-8EDA57552D3B9A49 | BASKET | CONTEMPORARY | CHANNEL | GOLD | KT_10 | 1ct | imgs:3
[21:12:56][EMERALD] [256] ? NIV-97AF797C9E3B89A9 | BASKET | CONTEMPORARY | CHANNEL | GOLD | KT_10 | 1ct | imgs:2
[21:13:02][EMERALD] [257] ? NIV-97AF797C9E3B89A9 | BASKET | CONTEMPORARY | CHANNEL | GOLD | KT_10 | 1ct | imgs:3
[21:13:05][EMERALD] [258] ? NIV-97AF797C9E3B89A9 | BASKET | CONTEMPORARY | CHANNEL | GOLD | KT_10 | 1ct | imgs:3
[21:13:08][EMERALD] [259] ? NIV-53536358101A21EF | BASKET | CONTEMPORARY | CHANNEL | GOLD | KT_10 | 1ct | imgs:3
[21:13:11][EMERALD] [260] ? NIV-53536358101A21EF | BASKET | CONTEMPORARY | CHANNEL | GOLD | KT_10 | 1ct | imgs:3
[21:13:14][EMERALD] [261] ? NIV-53536358101A21EF | BASKET | CONTEMPORARY | CHANNEL | GOLD | KT_10 | 1ct | imgs:3
[21:13:17][EMERALD] [262] ? NIV-A83CF40DC3CA92BD | BASKET | CONTEMPORARY | CHANNEL | GOLD | KT_14 | 1ct | imgs:3
[21:13:20][EMERALD] [263] ? NIV-A83CF40DC3CA92BD | BASKET | CONTEMPORARY | CHANNEL | GOLD | KT_14 | 1ct | imgs:3
[21:13:26][EMERALD] [264] ? NIV-A83CF40DC3CA92BD | BASKET | CONTEMPORARY | CHANNEL | GOLD | KT_14 | 1ct | imgs:3
[21:13:29][EMERALD] [265] ? NIV-D555873E23A4BDEC | BASKET | CONTEMPORARY | CHANNEL | GOLD | KT_14 | 1ct | imgs:3
[21:13:32][EMERALD] [266] ? NIV-D555873E23A4BDEC | BASKET | CONTEMPORARY | CHANNEL | GOLD | KT_14 | 1ct | imgs:3
[21:13:35][EMERALD] [267] ? NIV-D555873E23A4BDEC | BASKET | CONTEMPORARY | CHANNEL | GOLD | KT_14 | 1ct | imgs:3
[21:13:38][EMERALD] [268] ? NIV-212974C422A01D9F | BASKET | CONTEMPORARY | CHANNEL | GOLD | KT_14 | 1ct | imgs:3
[21:13:41][EMERALD] [269] ? NIV-212974C422A01D9F | BASKET | CONTEMPORARY | CHANNEL | GOLD | KT_14 | 1ct | imgs:3
[21:13:44][EMERALD] [270] ? NIV-212974C422A01D9F | BASKET | CONTEMPORARY | CHANNEL | GOLD | KT_14 | 1ct | imgs:3
[21:13:47][EMERALD] [271] ? NIV-3319DAE5AE3B1C99 | BASKET | CONTEMPORARY | CHANNEL | GOLD | KT_18 | 1ct | imgs:3
[21:13:50][EMERALD] [272] ? NIV-3319DAE5AE3B1C99 | BASKET | CONTEMPORARY | CHANNEL | GOLD | KT_18 | 1ct | imgs:3
[21:13:53][EMERALD] [273] ? NIV-3319DAE5AE3B1C99 | BASKET | CONTEMPORARY | CHANNEL | GOLD | KT_18 | 1ct | imgs:3
[21:13:56][EMERALD] [274] ? NIV-36057CDBC38E2613 | BASKET | CONTEMPORARY | CHANNEL | GOLD | KT_18 | 1ct | imgs:3
[21:13:59][EMERALD] [275] ? NIV-36057CDBC38E2613 | BASKET | CONTEMPORARY | CHANNEL | GOLD | KT_18 | 1ct | imgs:3
[21:14:02][EMERALD] [276] ? NIV-36057CDBC38E2613 | BASKET | CONTEMPORARY | CHANNEL | GOLD | KT_18 | 1ct | imgs:3
[21:14:05][EMERALD] [277] ? NIV-F29F6F6032BAD218 | BASKET | CONTEMPORARY | CHANNEL | GOLD | KT_18 | 1ct | imgs:3
[21:14:08][EMERALD] [278] ? NIV-F29F6F6032BAD218 | BASKET | CONTEMPORARY | CHANNEL | GOLD | KT_18 | 1ct | imgs:3
[21:14:11][EMERALD] [279] ? NIV-F29F6F6032BAD218 | BASKET | CONTEMPORARY | CHANNEL | GOLD | KT_18 | 1ct | imgs:3
[21:14:14][EMERALD] [280] ? NIV-5DFA116065AF72DA | BASKET | CONTEMPORARY | CHANNEL | PLATINUM | PT_950 | 1ct | imgs:3
[21:14:20][EMERALD] [281] ? NIV-E4F0E0B64B125983 | BASKET | CONTEMPORARY | CHANNEL | GOLD | KT_10 | 1ct | imgs:3
[21:14:26][EMERALD] [282] ? NIV-E4F0E0B64B125983 | BASKET | CONTEMPORARY | CHANNEL | GOLD | KT_10 | 1ct | imgs:3
[21:14:29][EMERALD] [283] ? NIV-E4F0E0B64B125983 | BASKET | CONTEMPORARY | CHANNEL | GOLD | KT_10 | 1ct | imgs:3
[21:14:32][EMERALD] [284] ? NIV-E1933CC0D37B22D5 | BASKET | CONTEMPORARY | CHANNEL | GOLD | KT_10 | 1ct | imgs:3
[21:14:35][EMERALD] [285] ? NIV-E1933CC0D37B22D5 | BASKET | CONTEMPORARY | CHANNEL | GOLD | KT_10 | 1ct | imgs:3
[21:14:38][EMERALD] [286] ? NIV-E1933CC0D37B22D5 | BASKET | CONTEMPORARY | CHANNEL | GOLD | KT_10 | 1ct | imgs:3
[21:14:41][EMERALD] [287] ? NIV-43506D6E87EBCD07 | BASKET | CONTEMPORARY | CHANNEL | GOLD | KT_10 | 1ct | imgs:3
[21:14:44][EMERALD] [288] ? NIV-43506D6E87EBCD07 | BASKET | CONTEMPORARY | CHANNEL | GOLD | KT_10 | 1ct | imgs:3
[21:14:47][EMERALD] [289] ? NIV-43506D6E87EBCD07 | BASKET | CONTEMPORARY | CHANNEL | GOLD | KT_10 | 1ct | imgs:3
[21:14:50][EMERALD] [290] ? NIV-A9EF2A90B10E2B64 | BASKET | CONTEMPORARY | CHANNEL | GOLD | KT_14 | 1ct | imgs:3
[21:14:53][EMERALD] [291] ? NIV-A9EF2A90B10E2B64 | BASKET | CONTEMPORARY | CHANNEL | GOLD | KT_14 | 1ct | imgs:3
[21:14:56][EMERALD] [292] ? NIV-A9EF2A90B10E2B64 | BASKET | CONTEMPORARY | CHANNEL | GOLD | KT_14 | 1ct | imgs:3
[21:14:59][EMERALD] [293] ? NIV-03A0B66E8127B3A9 | BASKET | CONTEMPORARY | CHANNEL | GOLD | KT_14 | 1ct | imgs:3
[21:15:02][EMERALD] [294] ? NIV-03A0B66E8127B3A9 | BASKET | CONTEMPORARY | CHANNEL | GOLD | KT_14 | 1ct | imgs:3
[21:15:05][EMERALD] [295] ? NIV-03A0B66E8127B3A9 | BASKET | CONTEMPORARY | CHANNEL | GOLD | KT_14 | 1ct | imgs:3
[21:15:08][EMERALD] [296] ? NIV-F2BBD54B7A0D0F55 | BASKET | CONTEMPORARY | CHANNEL | GOLD | KT_14 | 1ct | imgs:3
[21:15:11][EMERALD] [297] ? NIV-F2BBD54B7A0D0F55 | BASKET | CONTEMPORARY | CHANNEL | GOLD | KT_14 | 1ct | imgs:3
[21:15:17][EMERALD] [298] ? NIV-F2BBD54B7A0D0F55 | BASKET | CONTEMPORARY | CHANNEL | GOLD | KT_14 | 1ct | imgs:3
[21:15:20][EMERALD] [299] ? NIV-FEAE779D1C8DE25B | BASKET | CONTEMPORARY | CHANNEL | GOLD | KT_18 | 1ct | imgs:3
[21:15:23][EMERALD] [300] ? NIV-FEAE779D1C8DE25B | BASKET | CONTEMPORARY | CHANNEL | GOLD | KT_18 | 1ct | imgs:3
[21:15:26][EMERALD] [301] ? NIV-FEAE779D1C8DE25B | BASKET | CONTEMPORARY | CHANNEL | GOLD | KT_18 | 1ct | imgs:3
[21:15:29][EMERALD] [302] ? NIV-0A784E2C6CEF5876 | BASKET | CONTEMPORARY | CHANNEL | GOLD | KT_18 | 1ct | imgs:3
[21:15:32][EMERALD] [303] ? NIV-0A784E2C6CEF5876 | BASKET | CONTEMPORARY | CHANNEL | GOLD | KT_18 | 1ct | imgs:3
[21:15:35][EMERALD] [304] ? NIV-0A784E2C6CEF5876 | BASKET | CONTEMPORARY | CHANNEL | GOLD | KT_18 | 1ct | imgs:3
[21:15:38][EMERALD] [305] ? NIV-5C5C662669F5EF51 | BASKET | CONTEMPORARY | CHANNEL | GOLD | KT_18 | 1ct | imgs:3
[21:15:41][EMERALD] [306] ? NIV-5C5C662669F5EF51 | BASKET | CONTEMPORARY | CHANNEL | GOLD | KT_18 | 1ct | imgs:3
[21:15:44][EMERALD] [307] ? NIV-5C5C662669F5EF51 | BASKET | CONTEMPORARY | CHANNEL | GOLD | KT_18 | 1ct | imgs:3
[21:15:47][EMERALD] [308] ? NIV-A63D48B070733440 | BASKET | CONTEMPORARY | CHANNEL | PLATINUM | PT_950 | 1ct | imgs:3
[21:15:53][EMERALD] [309] ? NIV-0AFF5CB2CE0D755D | BASKET | CONTEMPORARY | CHANNEL | GOLD | KT_10 | 1ct | imgs:3
[21:15:56][EMERALD] [310] ? NIV-0AFF5CB2CE0D755D | BASKET | CONTEMPORARY | CHANNEL | GOLD | KT_10 | 1ct | imgs:3
[21:15:59][EMERALD] [311] ? NIV-0AFF5CB2CE0D755D | BASKET | CONTEMPORARY | CHANNEL | GOLD | KT_10 | 1ct | imgs:3
[21:16:02][EMERALD] [312] ? NIV-B6E8DB352A3B522F | BASKET | CONTEMPORARY | CHANNEL | GOLD | KT_10 | 1ct | imgs:3
[21:16:05][EMERALD] [313] ? NIV-B6E8DB352A3B522F | BASKET | CONTEMPORARY | CHANNEL | GOLD | KT_10 | 1ct | imgs:3
[21:16:08][EMERALD] [314] ? NIV-B6E8DB352A3B522F | BASKET | CONTEMPORARY | CHANNEL | GOLD | KT_10 | 1ct | imgs:3
[21:16:11][EMERALD] [315] ? NIV-01260C24BD429B17 | BASKET | CONTEMPORARY | CHANNEL | GOLD | KT_10 | 1ct | imgs:3
[21:16:14][EMERALD] [316] ? NIV-01260C24BD429B17 | BASKET | CONTEMPORARY | CHANNEL | GOLD | KT_10 | 1ct | imgs:3
[21:16:17][EMERALD] [317] ? NIV-01260C24BD429B17 | BASKET | CONTEMPORARY | CHANNEL | GOLD | KT_10 | 1ct | imgs:3
[21:16:20][EMERALD] [318] ? NIV-F111CCF4779160CD | BASKET | CONTEMPORARY | CHANNEL | GOLD | KT_14 | 1ct | imgs:3
[21:16:26][EMERALD] [319] ? NIV-F111CCF4779160CD | BASKET | CONTEMPORARY | CHANNEL | GOLD | KT_14 | 1ct | imgs:3
[21:16:29][EMERALD] [320] ? NIV-F111CCF4779160CD | BASKET | CONTEMPORARY | CHANNEL | GOLD | KT_14 | 1ct | imgs:3
[21:16:32][EMERALD] [321] ? NIV-14AB5CA311DE9A83 | BASKET | CONTEMPORARY | CHANNEL | GOLD | KT_14 | 1ct | imgs:3
[21:16:38][EMERALD] [322] ? NIV-14AB5CA311DE9A83 | BASKET | CONTEMPORARY | CHANNEL | GOLD | KT_14 | 1ct | imgs:3
[21:16:41][EMERALD] [323] ? NIV-14AB5CA311DE9A83 | BASKET | CONTEMPORARY | CHANNEL | GOLD | KT_14 | 1ct | imgs:3
[21:16:44][EMERALD] [324] ? NIV-1747F07F3FD73EDF | BASKET | CONTEMPORARY | CHANNEL | GOLD | KT_14 | 1ct | imgs:3
[21:16:47][EMERALD] [325] ? NIV-1747F07F3FD73EDF | BASKET | CONTEMPORARY | CHANNEL | GOLD | KT_14 | 1ct | imgs:3
[21:16:50][EMERALD] [326] ? NIV-1747F07F3FD73EDF | BASKET | CONTEMPORARY | CHANNEL | GOLD | KT_14 | 1ct | imgs:3
[21:16:54][EMERALD] [327] ? NIV-6E6AEC98E4DF2A6F | BASKET | CONTEMPORARY | CHANNEL | GOLD | KT_18 | 1ct | imgs:2
[21:16:59][EMERALD] [328] ? NIV-6E6AEC98E4DF2A6F | BASKET | CONTEMPORARY | CHANNEL | GOLD | KT_18 | 1ct | imgs:3
[21:17:02][EMERALD] [329] ? NIV-6E6AEC98E4DF2A6F | BASKET | CONTEMPORARY | CHANNEL | GOLD | KT_18 | 1ct | imgs:3
[21:17:05][EMERALD] [330] ? NIV-3D9BFF017BBF6BA7 | BASKET | CONTEMPORARY | CHANNEL | GOLD | KT_18 | 1ct | imgs:3
[21:17:08][EMERALD] [331] ? NIV-3D9BFF017BBF6BA7 | BASKET | CONTEMPORARY | CHANNEL | GOLD | KT_18 | 1ct | imgs:3
[21:17:11][EMERALD] [332] ? NIV-3D9BFF017BBF6BA7 | BASKET | CONTEMPORARY | CHANNEL | GOLD | KT_18 | 1ct | imgs:3
[21:17:14][EMERALD] [333] ? NIV-2DCA35CF2E249AD6 | BASKET | CONTEMPORARY | CHANNEL | GOLD | KT_18 | 1ct | imgs:3
[21:17:17][EMERALD] [334] ? NIV-2DCA35CF2E249AD6 | BASKET | CONTEMPORARY | CHANNEL | GOLD | KT_18 | 1ct | imgs:3
[21:17:20][EMERALD] [335] ? NIV-2DCA35CF2E249AD6 | BASKET | CONTEMPORARY | CHANNEL | GOLD | KT_18 | 1ct | imgs:3
[21:17:23][EMERALD] [336] ? NIV-E00BF2F137A02CB5 | BASKET | CONTEMPORARY | CHANNEL | PLATINUM | PT_950 | 1ct | imgs:3
[21:17:26][EMERALD] [337] ? NIV-34B681E395AC7DA6 | BASKET | CONTEMPORARY | CHANNEL | GOLD | KT_10 | 1ct | imgs:3
[21:17:29][EMERALD] [338] ? NIV-34B681E395AC7DA6 | BASKET | CONTEMPORARY | CHANNEL | GOLD | KT_10 | 1ct | imgs:3
[21:17:32][EMERALD] [339] ? NIV-34B681E395AC7DA6 | BASKET | CONTEMPORARY | CHANNEL | GOLD | KT_10 | 1ct | imgs:3
[21:17:35][EMERALD] [340] ? NIV-FE76BBC7E13C0B19 | BASKET | CONTEMPORARY | CHANNEL | GOLD | KT_10 | 1ct | imgs:3
[21:17:38][EMERALD] [341] ? NIV-FE76BBC7E13C0B19 | BASKET | CONTEMPORARY | CHANNEL | GOLD | KT_10 | 1ct | imgs:3
[21:17:44][EMERALD] [342] ? NIV-FE76BBC7E13C0B19 | BASKET | CONTEMPORARY | CHANNEL | GOLD | KT_10 | 1ct | imgs:3
[21:17:47][EMERALD] [343] ? NIV-C7C566D0B7EA1E79 | BASKET | CONTEMPORARY | CHANNEL | GOLD | KT_10 | 1ct | imgs:3
[21:17:50][EMERALD] [344] ? NIV-C7C566D0B7EA1E79 | BASKET | CONTEMPORARY | CHANNEL | GOLD | KT_10 | 1ct | imgs:3
[21:17:53][EMERALD] [345] ? NIV-C7C566D0B7EA1E79 | BASKET | CONTEMPORARY | CHANNEL | GOLD | KT_10 | 1ct | imgs:3
[21:17:56][EMERALD] [346] ? NIV-AE6B617E342910C4 | BASKET | CONTEMPORARY | CHANNEL | GOLD | KT_14 | 1ct | imgs:3
[21:17:59][EMERALD] [347] ? NIV-AE6B617E342910C4 | BASKET | CONTEMPORARY | CHANNEL | GOLD | KT_14 | 1ct | imgs:3
[21:18:02][EMERALD] [348] ? NIV-AE6B617E342910C4 | BASKET | CONTEMPORARY | CHANNEL | GOLD | KT_14 | 1ct | imgs:3
[21:18:05][EMERALD] [349] ? NIV-C13108F632509B71 | BASKET | CONTEMPORARY | CHANNEL | GOLD | KT_14 | 1ct | imgs:3
[21:18:08][EMERALD] [350] ? NIV-C13108F632509B71 | BASKET | CONTEMPORARY | CHANNEL | GOLD | KT_14 | 1ct | imgs:3
[21:18:11][EMERALD] [351] ? NIV-C13108F632509B71 | BASKET | CONTEMPORARY | CHANNEL | GOLD | KT_14 | 1ct | imgs:3
[21:18:14][EMERALD] [352] ? NIV-009235675D06CED2 | BASKET | CONTEMPORARY | CHANNEL | GOLD | KT_14 | 1ct | imgs:3
[21:18:17][EMERALD] [353] ? NIV-009235675D06CED2 | BASKET | CONTEMPORARY | CHANNEL | GOLD | KT_14 | 1ct | imgs:3
[21:18:20][EMERALD] [354] ? NIV-009235675D06CED2 | BASKET | CONTEMPORARY | CHANNEL | GOLD | KT_14 | 1ct | imgs:3
[21:18:23][EMERALD] [355] ? NIV-A2EA04BDF02A8EAA | BASKET | CONTEMPORARY | CHANNEL | GOLD | KT_18 | 1ct | imgs:3
[21:18:26][EMERALD] [356] ? NIV-A2EA04BDF02A8EAA | BASKET | CONTEMPORARY | CHANNEL | GOLD | KT_18 | 1ct | imgs:3
[21:18:32][EMERALD] [357] ? NIV-A2EA04BDF02A8EAA | BASKET | CONTEMPORARY | CHANNEL | GOLD | KT_18 | 1ct | imgs:3
[21:18:35][EMERALD] [358] ? NIV-9AD88B8995C9796A | BASKET | CONTEMPORARY | CHANNEL | GOLD | KT_18 | 1ct | imgs:3
[21:18:38][EMERALD] [359] ? NIV-9AD88B8995C9796A | BASKET | CONTEMPORARY | CHANNEL | GOLD | KT_18 | 1ct | imgs:3
[21:18:41][EMERALD] [360] ? NIV-9AD88B8995C9796A | BASKET | CONTEMPORARY | CHANNEL | GOLD | KT_18 | 1ct | imgs:3
[21:18:44][EMERALD] [361] ? NIV-D075E742F6D767E9 | BASKET | CONTEMPORARY | CHANNEL | GOLD | KT_18 | 1ct | imgs:3
[21:18:47][EMERALD] [362] ? NIV-D075E742F6D767E9 | BASKET | CONTEMPORARY | CHANNEL | GOLD | KT_18 | 1ct | imgs:3
[21:18:50][EMERALD] [363] ? NIV-D075E742F6D767E9 | BASKET | CONTEMPORARY | CHANNEL | GOLD | KT_18 | 1ct | imgs:3
[21:18:53][EMERALD] [364] ? NIV-506D0DDEBDAF11E9 | BASKET | CONTEMPORARY | CHANNEL | PLATINUM | PT_950 | 1ct | imgs:3
[21:18:59][EMERALD] [365] ? NIV-5689F6970289FF53 | BASKET | CONTEMPORARY | CHANNEL | GOLD | KT_10 | 1ct | imgs:3
[21:19:02][EMERALD] [366] ? NIV-5689F6970289FF53 | BASKET | CONTEMPORARY | CHANNEL | GOLD | KT_10 | 1ct | imgs:3
[21:19:05][EMERALD] [367] ? NIV-5689F6970289FF53 | BASKET | CONTEMPORARY | CHANNEL | GOLD | KT_10 | 1ct | imgs:3
[21:19:08][EMERALD] [368] ? NIV-CCA981EE62A0ED24 | BASKET | CONTEMPORARY | CHANNEL | GOLD | KT_10 | 1ct | imgs:3
[21:19:11][EMERALD] [369] ? NIV-CCA981EE62A0ED24 | BASKET | CONTEMPORARY | CHANNEL | GOLD | KT_10 | 1ct | imgs:3
[21:19:17][EMERALD] [370] ? NIV-CCA981EE62A0ED24 | BASKET | CONTEMPORARY | CHANNEL | GOLD | KT_10 | 1ct | imgs:3
[21:19:20][EMERALD] [371] ? NIV-FCE139C8EC35CA82 | BASKET | CONTEMPORARY | CHANNEL | GOLD | KT_10 | 1ct | imgs:3
[21:19:23][EMERALD] [372] ? NIV-FCE139C8EC35CA82 | BASKET | CONTEMPORARY | CHANNEL | GOLD | KT_10 | 1ct | imgs:3
[21:19:29][EMERALD] [373] ? NIV-FCE139C8EC35CA82 | BASKET | CONTEMPORARY | CHANNEL | GOLD | KT_10 | 1ct | imgs:3
[21:19:32][EMERALD] [374] ? NIV-ED2EC5E54209F6F3 | BASKET | CONTEMPORARY | CHANNEL | GOLD | KT_14 | 1ct | imgs:3
[21:19:38][EMERALD] [375] ? NIV-ED2EC5E54209F6F3 | BASKET | CONTEMPORARY | CHANNEL | GOLD | KT_14 | 1ct | imgs:3
[21:19:41][EMERALD] [376] ? NIV-ED2EC5E54209F6F3 | BASKET | CONTEMPORARY | CHANNEL | GOLD | KT_14 | 1ct | imgs:3
[21:19:44][EMERALD] [377] ? NIV-6D50EC8BBCFF2258 | BASKET | CONTEMPORARY | CHANNEL | GOLD | KT_14 | 1ct | imgs:3
[21:19:47][EMERALD] [378] ? NIV-6D50EC8BBCFF2258 | BASKET | CONTEMPORARY | CHANNEL | GOLD | KT_14 | 1ct | imgs:3
[21:19:53][EMERALD] [379] ? NIV-6D50EC8BBCFF2258 | BASKET | CONTEMPORARY | CHANNEL | GOLD | KT_14 | 1ct | imgs:3
[21:19:56][EMERALD] [380] ? NIV-A34231C6258207ED | BASKET | CONTEMPORARY | CHANNEL | GOLD | KT_14 | 1ct | imgs:3
[21:20:02][EMERALD] [381] ? NIV-A34231C6258207ED | BASKET | CONTEMPORARY | CHANNEL | GOLD | KT_14 | 1ct | imgs:3
[21:20:05][EMERALD] [382] ? NIV-A34231C6258207ED | BASKET | CONTEMPORARY | CHANNEL | GOLD | KT_14 | 1ct | imgs:3
[21:20:09][EMERALD] [383] ? NIV-B40436A1D4B58E34 | BASKET | CONTEMPORARY | CHANNEL | GOLD | KT_18 | 1ct | imgs:2
[21:20:14][EMERALD] [384] ? NIV-B40436A1D4B58E34 | BASKET | CONTEMPORARY | CHANNEL | GOLD | KT_18 | 1ct | imgs:3
[21:20:17][EMERALD] [385] ? NIV-B40436A1D4B58E34 | BASKET | CONTEMPORARY | CHANNEL | GOLD | KT_18 | 1ct | imgs:3
[21:20:20][EMERALD] [386] ? NIV-159614B282119423 | BASKET | CONTEMPORARY | CHANNEL | GOLD | KT_18 | 1ct | imgs:3
[21:20:26][EMERALD] [387] ? NIV-159614B282119423 | BASKET | CONTEMPORARY | CHANNEL | GOLD | KT_18 | 1ct | imgs:3
[21:20:29][EMERALD] [388] ? NIV-159614B282119423 | BASKET | CONTEMPORARY | CHANNEL | GOLD | KT_18 | 1ct | imgs:3
[21:20:32][EMERALD] [389] ? NIV-697578F66BB05AEE | BASKET | CONTEMPORARY | CHANNEL | GOLD | KT_18 | 1ct | imgs:3
[21:20:35][EMERALD] [390] ? NIV-697578F66BB05AEE | BASKET | CONTEMPORARY | CHANNEL | GOLD | KT_18 | 1ct | imgs:3
[21:20:41][EMERALD] [391] ? NIV-697578F66BB05AEE | BASKET | CONTEMPORARY | CHANNEL | GOLD | KT_18 | 1ct | imgs:3
[21:20:44][EMERALD] [392] ? NIV-C1759AB563B1D075 | BASKET | CONTEMPORARY | CHANNEL | PLATINUM | PT_950 | 1ct | imgs:3
[21:20:47][EMERALD] [393] ? NIV-6BFA4A1D409F83B1 | BASKET | CONTEMPORARY | CHANNEL | GOLD | KT_10 | 1ct | imgs:3
[21:20:53][EMERALD] [394] ? NIV-6BFA4A1D409F83B1 | BASKET | CONTEMPORARY | CHANNEL | GOLD | KT_10 | 1ct | imgs:3
[21:20:59][EMERALD] [395] ? NIV-6BFA4A1D409F83B1 | BASKET | CONTEMPORARY | CHANNEL | GOLD | KT_10 | 1ct | imgs:3
[21:21:02][EMERALD] [396] ? NIV-8A932045DCA5694E | BASKET | CONTEMPORARY | CHANNEL | GOLD | KT_10 | 1ct | imgs:3
[21:21:08][EMERALD] [397] ? NIV-8A932045DCA5694E | BASKET | CONTEMPORARY | CHANNEL | GOLD | KT_10 | 1ct | imgs:3
[21:21:14][EMERALD] [398] ? NIV-8A932045DCA5694E | BASKET | CONTEMPORARY | CHANNEL | GOLD | KT_10 | 1ct | imgs:3
[21:21:17][EMERALD] [399] ? NIV-F14F5DFD71E5324F | BASKET | CONTEMPORARY | CHANNEL | GOLD | KT_10 | 1ct | imgs:3
[21:21:20][EMERALD] [400] ? NIV-F14F5DFD71E5324F | BASKET | CONTEMPORARY | CHANNEL | GOLD | KT_10 | 1ct | imgs:3
[21:21:26][EMERALD] [401] ? NIV-F14F5DFD71E5324F | BASKET | CONTEMPORARY | CHANNEL | GOLD | KT_10 | 1ct | imgs:3
[21:21:29][EMERALD] [402] ? NIV-A48B1469CC21DCB5 | BASKET | CONTEMPORARY | CHANNEL | GOLD | KT_14 | 1ct | imgs:3
[21:21:32][EMERALD] [403] ? NIV-A48B1469CC21DCB5 | BASKET | CONTEMPORARY | CHANNEL | GOLD | KT_14 | 1ct | imgs:3
[21:21:38][EMERALD] [404] ? NIV-A48B1469CC21DCB5 | BASKET | CONTEMPORARY | CHANNEL | GOLD | KT_14 | 1ct | imgs:3
[21:21:41][EMERALD] [405] ? NIV-0C7CF1B5F639ECC3 | BASKET | CONTEMPORARY | CHANNEL | GOLD | KT_14 | 1ct | imgs:3
[21:21:47][EMERALD] [406] ? NIV-0C7CF1B5F639ECC3 | BASKET | CONTEMPORARY | CHANNEL | GOLD | KT_14 | 1ct | imgs:3
[21:21:50][EMERALD] [407] ? NIV-0C7CF1B5F639ECC3 | BASKET | CONTEMPORARY | CHANNEL | GOLD | KT_14 | 1ct | imgs:3
[21:21:53][EMERALD] [408] ? NIV-9DB1C6149FCDBE90 | BASKET | CONTEMPORARY | CHANNEL | GOLD | KT_14 | 1ct | imgs:3
[21:21:56][EMERALD] [409] ? NIV-9DB1C6149FCDBE90 | BASKET | CONTEMPORARY | CHANNEL | GOLD | KT_14 | 1ct | imgs:3
[21:21:59][EMERALD] [410] ? NIV-9DB1C6149FCDBE90 | BASKET | CONTEMPORARY | CHANNEL | GOLD | KT_14 | 1ct | imgs:3
[21:22:03][EMERALD] [411] ? NIV-1309907F8CC3C3F8 | BASKET | CONTEMPORARY | CHANNEL | GOLD | KT_18 | 1ct | imgs:3
[21:22:08][EMERALD] [412] ? NIV-1309907F8CC3C3F8 | BASKET | CONTEMPORARY | CHANNEL | GOLD | KT_18 | 1ct | imgs:3
[21:22:14][EMERALD] [413] ? NIV-1309907F8CC3C3F8 | BASKET | CONTEMPORARY | CHANNEL | GOLD | KT_18 | 1ct | imgs:3
[21:22:17][EMERALD] [414] ? NIV-9BD0C250387E06B6 | BASKET | CONTEMPORARY | CHANNEL | GOLD | KT_18 | 1ct | imgs:3
[21:22:20][EMERALD] [415] ? NIV-9BD0C250387E06B6 | BASKET | CONTEMPORARY | CHANNEL | GOLD | KT_18 | 1ct | imgs:3
[21:22:23][EMERALD] [416] ? NIV-9BD0C250387E06B6 | BASKET | CONTEMPORARY | CHANNEL | GOLD | KT_18 | 1ct | imgs:3
[21:22:26][EMERALD] [417] ? NIV-077F24A8EDA185F3 | BASKET | CONTEMPORARY | CHANNEL | GOLD | KT_18 | 1ct | imgs:3
[21:22:32][EMERALD] [418] ? NIV-077F24A8EDA185F3 | BASKET | CONTEMPORARY | CHANNEL | GOLD | KT_18 | 1ct | imgs:3
[21:22:35][EMERALD] [419] ? NIV-077F24A8EDA185F3 | BASKET | CONTEMPORARY | CHANNEL | GOLD | KT_18 | 1ct | imgs:3
[21:22:38][EMERALD] [420] ? NIV-6D9F7714F267D34C | BASKET | CONTEMPORARY | CHANNEL | PLATINUM | PT_950 | 1ct | imgs:3
[21:22:44][EMERALD] [421] ? NIV-004F66F721C29978 | BASKET | CONTEMPORARY | CHANNEL | GOLD | KT_10 | 1ct | imgs:3
[21:22:47][EMERALD] [422] ? NIV-004F66F721C29978 | BASKET | CONTEMPORARY | CHANNEL | GOLD | KT_10 | 1ct | imgs:3
[21:22:53][EMERALD] [423] ? NIV-004F66F721C29978 | BASKET | CONTEMPORARY | CHANNEL | GOLD | KT_10 | 1ct | imgs:3
[21:23:03][EMERALD] [424] ? NIV-29F19DE81C008179 | BASKET | CONTEMPORARY | CHANNEL | GOLD | KT_10 | 1ct | imgs:1
[21:23:08][EMERALD] [425] ? NIV-29F19DE81C008179 | BASKET | CONTEMPORARY | CHANNEL | GOLD | KT_10 | 1ct | imgs:3
[21:23:11][EMERALD] [426] ? NIV-29F19DE81C008179 | BASKET | CONTEMPORARY | CHANNEL | GOLD | KT_10 | 1ct | imgs:3
[21:23:14][EMERALD] [427] ? NIV-6EABC167F60248C2 | BASKET | CONTEMPORARY | CHANNEL | GOLD | KT_10 | 1ct | imgs:3
[21:23:20][EMERALD] [428] ? NIV-6EABC167F60248C2 | BASKET | CONTEMPORARY | CHANNEL | GOLD | KT_10 | 1ct | imgs:3
[21:23:29][EMERALD] [429] ? NIV-6EABC167F60248C2 | BASKET | CONTEMPORARY | CHANNEL | GOLD | KT_10 | 1ct | imgs:3
[21:23:37][EMERALD] [430] ? NIV-87824DEE4E031C22 | BASKET | CONTEMPORARY | CHANNEL | GOLD | KT_14 | 1ct | imgs:1
[21:23:41][EMERALD] [431] ? NIV-87824DEE4E031C22 | BASKET | CONTEMPORARY | CHANNEL | GOLD | KT_14 | 1ct | imgs:3
[21:23:47][EMERALD] [432] ? NIV-87824DEE4E031C22 | BASKET | CONTEMPORARY | CHANNEL | GOLD | KT_14 | 1ct | imgs:3
[21:23:53][EMERALD] [433] ? NIV-16263413BA4595EC | BASKET | CONTEMPORARY | CHANNEL | GOLD | KT_14 | 1ct | imgs:1
[21:23:59][EMERALD] [434] ? NIV-16263413BA4595EC | BASKET | CONTEMPORARY | CHANNEL | GOLD | KT_14 | 1ct | imgs:3
[21:24:05][EMERALD] [435] ? NIV-16263413BA4595EC | BASKET | CONTEMPORARY | CHANNEL | GOLD | KT_14 | 1ct | imgs:3
[21:24:08][EMERALD] [436] ? NIV-57A96327425E649C | BASKET | CONTEMPORARY | CHANNEL | GOLD | KT_14 | 1ct | imgs:2
[21:24:11][EMERALD] [437] ? NIV-57A96327425E649C | BASKET | CONTEMPORARY | CHANNEL | GOLD | KT_14 | 1ct | imgs:3
[21:24:17][EMERALD] [438] ? NIV-57A96327425E649C | BASKET | CONTEMPORARY | CHANNEL | GOLD | KT_14 | 1ct | imgs:3
[21:24:20][EMERALD] [439] ? NIV-4448A48A7D324DA8 | BASKET | CONTEMPORARY | CHANNEL | GOLD | KT_18 | 1ct | imgs:3
[21:24:23][EMERALD] [440] ? NIV-4448A48A7D324DA8 | BASKET | CONTEMPORARY | CHANNEL | GOLD | KT_18 | 1ct | imgs:3
[21:24:29][EMERALD] [441] ? NIV-4448A48A7D324DA8 | BASKET | CONTEMPORARY | CHANNEL | GOLD | KT_18 | 1ct | imgs:3
[21:24:32][EMERALD] [442] ? NIV-DF00A4F5FE389056 | BASKET | CONTEMPORARY | CHANNEL | GOLD | KT_18 | 1ct | imgs:3
[21:24:38][EMERALD] [443] ? NIV-DF00A4F5FE389056 | BASKET | CONTEMPORARY | CHANNEL | GOLD | KT_18 | 1ct | imgs:3
[21:24:41][EMERALD] [444] ? NIV-DF00A4F5FE389056 | BASKET | CONTEMPORARY | CHANNEL | GOLD | KT_18 | 1ct | imgs:3
[21:24:44][EMERALD] [445] ? NIV-66491F581D2B60C0 | BASKET | CONTEMPORARY | CHANNEL | GOLD | KT_18 | 1ct | imgs:3
[21:24:47][EMERALD] [446] ? NIV-66491F581D2B60C0 | BASKET | CONTEMPORARY | CHANNEL | GOLD | KT_18 | 1ct | imgs:3
[21:24:50][EMERALD] [447] ? NIV-66491F581D2B60C0 | BASKET | CONTEMPORARY | CHANNEL | GOLD | KT_18 | 1ct | imgs:3
[21:24:53][EMERALD] [448] ? NIV-848735861D070D4B | BASKET | CONTEMPORARY | CHANNEL | PLATINUM | PT_950 | 1ct | imgs:3
[21:24:59][EMERALD] [449] ? NIV-C76076CE252C932C | BASKET | CONTEMPORARY | CHANNEL | GOLD | KT_10 | 1ct | imgs:3
[21:25:02][EMERALD] [450] ? NIV-C76076CE252C932C | BASKET | CONTEMPORARY | CHANNEL | GOLD | KT_10 | 1ct | imgs:3
[21:25:05][EMERALD] [451] ? NIV-C76076CE252C932C | BASKET | CONTEMPORARY | CHANNEL | GOLD | KT_10 | 1ct | imgs:3
[21:25:08][EMERALD] [452] ? NIV-16C671C4B32DE336 | BASKET | CONTEMPORARY | CHANNEL | GOLD | KT_10 | 1ct | imgs:3
[21:25:11][EMERALD] [453] ? NIV-16C671C4B32DE336 | BASKET | CONTEMPORARY | CHANNEL | GOLD | KT_10 | 1ct | imgs:3
[21:25:17][EMERALD] [454] ? NIV-16C671C4B32DE336 | BASKET | CONTEMPORARY | CHANNEL | GOLD | KT_10 | 1ct | imgs:3
[21:25:20][EMERALD] [455] ? NIV-200AC0FBAAD4AE54 | BASKET | CONTEMPORARY | CHANNEL | GOLD | KT_10 | 1ct | imgs:3
[21:25:23][EMERALD] [456] ? NIV-200AC0FBAAD4AE54 | BASKET | CONTEMPORARY | CHANNEL | GOLD | KT_10 | 1ct | imgs:3
[21:25:26][EMERALD] [457] ? NIV-200AC0FBAAD4AE54 | BASKET | CONTEMPORARY | CHANNEL | GOLD | KT_10 | 1ct | imgs:3
[21:25:29][EMERALD] [458] ? NIV-3C3484DD07ADCA09 | BASKET | CONTEMPORARY | CHANNEL | GOLD | KT_14 | 1ct | imgs:3
[21:25:35][EMERALD] [459] ? NIV-3C3484DD07ADCA09 | BASKET | CONTEMPORARY | CHANNEL | GOLD | KT_14 | 1ct | imgs:3
[21:25:38][EMERALD] [460] ? NIV-3C3484DD07ADCA09 | BASKET | CONTEMPORARY | CHANNEL | GOLD | KT_14 | 1ct | imgs:3
[21:25:41][EMERALD] [461] ? NIV-37AF443CE2D2A550 | BASKET | CONTEMPORARY | CHANNEL | GOLD | KT_14 | 1ct | imgs:3
[21:25:44][EMERALD] [462] ? NIV-37AF443CE2D2A550 | BASKET | CONTEMPORARY | CHANNEL | GOLD | KT_14 | 1ct | imgs:3
[21:25:50][EMERALD] [463] ? NIV-37AF443CE2D2A550 | BASKET | CONTEMPORARY | CHANNEL | GOLD | KT_14 | 1ct | imgs:3
[21:25:53][EMERALD] [464] ? NIV-5EFC3ADD2FE79F6B | BASKET | CONTEMPORARY | CHANNEL | GOLD | KT_14 | 1ct | imgs:3
[21:25:56][EMERALD] [465] ? NIV-5EFC3ADD2FE79F6B | BASKET | CONTEMPORARY | CHANNEL | GOLD | KT_14 | 1ct | imgs:3
[21:25:59][EMERALD] [466] ? NIV-5EFC3ADD2FE79F6B | BASKET | CONTEMPORARY | CHANNEL | GOLD | KT_14 | 1ct | imgs:3
[21:26:06][EMERALD] [467] ? NIV-E03CAFC26C4DC3DF | BASKET | CONTEMPORARY | CHANNEL | GOLD | KT_18 | 1ct | imgs:1
[21:26:11][EMERALD] [468] ? NIV-E03CAFC26C4DC3DF | BASKET | CONTEMPORARY | CHANNEL | GOLD | KT_18 | 1ct | imgs:3
[21:26:14][EMERALD] [469] ? NIV-E03CAFC26C4DC3DF | BASKET | CONTEMPORARY | CHANNEL | GOLD | KT_18 | 1ct | imgs:3
[21:26:17][EMERALD] [470] ? NIV-12B37261FF6B988F | BASKET | CONTEMPORARY | CHANNEL | GOLD | KT_18 | 1ct | imgs:1
[21:26:23][EMERALD] [471] ? NIV-12B37261FF6B988F | BASKET | CONTEMPORARY | CHANNEL | GOLD | KT_18 | 1ct | imgs:3
[21:26:26][EMERALD] [472] ? NIV-12B37261FF6B988F | BASKET | CONTEMPORARY | CHANNEL | GOLD | KT_18 | 1ct | imgs:3
[21:26:29][EMERALD] [473] ? NIV-E004C965B82B3AD8 | BASKET | CONTEMPORARY | CHANNEL | GOLD | KT_18 | 1ct | imgs:3
[21:26:35][EMERALD] [474] ? NIV-E004C965B82B3AD8 | BASKET | CONTEMPORARY | CHANNEL | GOLD | KT_18 | 1ct | imgs:3
[21:26:38][EMERALD] [475] ? NIV-E004C965B82B3AD8 | BASKET | CONTEMPORARY | CHANNEL | GOLD | KT_18 | 1ct | imgs:3
[21:26:41][EMERALD] [476] ? NIV-5017A26BFDD55724 | BASKET | CONTEMPORARY | CHANNEL | PLATINUM | PT_950 | 1ct | imgs:3
[21:26:47][EMERALD] [477] ? NIV-AE8755310B9B64D5 | BASKET | CONTEMPORARY | CHANNEL | GOLD | KT_10 | 1ct | imgs:3
[21:26:50][EMERALD] [478] ? NIV-AE8755310B9B64D5 | BASKET | CONTEMPORARY | CHANNEL | GOLD | KT_10 | 1ct | imgs:3
[21:26:56][EMERALD] [479] ? NIV-AE8755310B9B64D5 | BASKET | CONTEMPORARY | CHANNEL | GOLD | KT_10 | 1ct | imgs:3
[21:27:04][EMERALD] [480] ? NIV-A9EE095872C7B9CE | BASKET | CONTEMPORARY | CHANNEL | GOLD | KT_10 | 1ct | imgs:1
[21:27:08][EMERALD] [481] ? NIV-A9EE095872C7B9CE | BASKET | CONTEMPORARY | CHANNEL | GOLD | KT_10 | 1ct | imgs:3
[21:27:11][EMERALD] [482] ? NIV-A9EE095872C7B9CE | BASKET | CONTEMPORARY | CHANNEL | GOLD | KT_10 | 1ct | imgs:3
[21:27:16][EMERALD] [483] ? NIV-66E0421806EE9C6E | BASKET | CONTEMPORARY | CHANNEL | GOLD | KT_10 | 1ct | imgs:3
[21:27:20][EMERALD] [484] ? NIV-66E0421806EE9C6E | BASKET | CONTEMPORARY | CHANNEL | GOLD | KT_10 | 1ct | imgs:3
[21:27:23][EMERALD] [485] ? NIV-66E0421806EE9C6E | BASKET | CONTEMPORARY | CHANNEL | GOLD | KT_10 | 1ct | imgs:3
[21:27:26][EMERALD] [486] ? NIV-E6391F8030D393E1 | BASKET | CONTEMPORARY | CHANNEL | GOLD | KT_14 | 1ct | imgs:3
[21:27:29][EMERALD] [487] ? NIV-E6391F8030D393E1 | BASKET | CONTEMPORARY | CHANNEL | GOLD | KT_14 | 1ct | imgs:3
[21:27:35][EMERALD] [488] ? NIV-E6391F8030D393E1 | BASKET | CONTEMPORARY | CHANNEL | GOLD | KT_14 | 1ct | imgs:3
[21:27:38][EMERALD] [489] ? NIV-26479D082F19B5B4 | BASKET | CONTEMPORARY | CHANNEL | GOLD | KT_14 | 1ct | imgs:3
[21:27:41][EMERALD] [490] ? NIV-26479D082F19B5B4 | BASKET | CONTEMPORARY | CHANNEL | GOLD | KT_14 | 1ct | imgs:3
[21:27:44][EMERALD] [491] ? NIV-26479D082F19B5B4 | BASKET | CONTEMPORARY | CHANNEL | GOLD | KT_14 | 1ct | imgs:3
[21:27:47][EMERALD] [492] ? NIV-D3C1E0FC8CE2BD99 | BASKET | CONTEMPORARY | CHANNEL | GOLD | KT_14 | 1ct | imgs:3
[21:27:50][EMERALD] [493] ? NIV-D3C1E0FC8CE2BD99 | BASKET | CONTEMPORARY | CHANNEL | GOLD | KT_14 | 1ct | imgs:3
[21:27:56][EMERALD] [494] ? NIV-D3C1E0FC8CE2BD99 | BASKET | CONTEMPORARY | CHANNEL | GOLD | KT_14 | 1ct | imgs:3
[21:27:59][EMERALD] [495] ? NIV-D4DEF206DCAB73DF | BASKET | CONTEMPORARY | CHANNEL | GOLD | KT_18 | 1ct | imgs:2
[21:28:05][EMERALD] [496] ? NIV-D4DEF206DCAB73DF | BASKET | CONTEMPORARY | CHANNEL | GOLD | KT_18 | 1ct | imgs:3
[21:28:11][EMERALD] [497] ? NIV-D4DEF206DCAB73DF | BASKET | CONTEMPORARY | CHANNEL | GOLD | KT_18 | 1ct | imgs:3
[21:28:14][EMERALD] [498] ? NIV-CDF976CE9D7D5C68 | BASKET | CONTEMPORARY | CHANNEL | GOLD | KT_18 | 1ct | imgs:3
[21:28:18][EMERALD] [499] ? NIV-CDF976CE9D7D5C68 | BASKET | CONTEMPORARY | CHANNEL | GOLD | KT_18 | 1ct | imgs:3
[21:28:23][EMERALD] [500] ? NIV-CDF976CE9D7D5C68 | BASKET | CONTEMPORARY | CHANNEL | GOLD | KT_18 | 1ct | imgs:3
[21:28:26][EMERALD] [501] ? NIV-EA9849F8D45DCBD5 | BASKET | CONTEMPORARY | CHANNEL | GOLD | KT_18 | 1ct | imgs:3
[21:28:29][EMERALD] [502] ? NIV-EA9849F8D45DCBD5 | BASKET | CONTEMPORARY | CHANNEL | GOLD | KT_18 | 1ct | imgs:3
[21:28:35][EMERALD] [503] ? NIV-EA9849F8D45DCBD5 | BASKET | CONTEMPORARY | CHANNEL | GOLD | KT_18 | 1ct | imgs:3
[21:28:38][EMERALD] [504] ? NIV-8910244AABBD55E5 | BASKET | CONTEMPORARY | CHANNEL | PLATINUM | PT_950 | 1ct | imgs:3
[21:28:44][EMERALD] [505] ? NIV-5EFB8245EBFCA28C | BASKET | CONTEMPORARY | CHANNEL | GOLD | KT_10 | 1ct | imgs:3
[21:28:47][EMERALD] [506] ? NIV-5EFB8245EBFCA28C | BASKET | CONTEMPORARY | CHANNEL | GOLD | KT_10 | 1ct | imgs:3
[21:28:53][EMERALD] [507] ? NIV-5EFB8245EBFCA28C | BASKET | CONTEMPORARY | CHANNEL | GOLD | KT_10 | 1ct | imgs:3
[21:28:56][EMERALD] [508] ? NIV-3AEDB493717F33A4 | BASKET | CONTEMPORARY | CHANNEL | GOLD | KT_10 | 1ct | imgs:3
[21:28:59][EMERALD] [509] ? NIV-3AEDB493717F33A4 | BASKET | CONTEMPORARY | CHANNEL | GOLD | KT_10 | 1ct | imgs:3
[21:29:02][EMERALD] [510] ? NIV-3AEDB493717F33A4 | BASKET | CONTEMPORARY | CHANNEL | GOLD | KT_10 | 1ct | imgs:3
[21:29:05][EMERALD] [511] ? NIV-1E68664E38C15705 | BASKET | CONTEMPORARY | CHANNEL | GOLD | KT_10 | 1ct | imgs:3
[21:29:11][EMERALD] [512] ? NIV-1E68664E38C15705 | BASKET | CONTEMPORARY | CHANNEL | GOLD | KT_10 | 1ct | imgs:3
[21:29:17][EMERALD] [513] ? NIV-1E68664E38C15705 | BASKET | CONTEMPORARY | CHANNEL | GOLD | KT_10 | 1ct | imgs:3
[21:29:23][EMERALD] [514] ? NIV-840F83FF819E2E3E | BASKET | CONTEMPORARY | CHANNEL | GOLD | KT_14 | 1ct | imgs:3
[21:29:26][EMERALD] [515] ? NIV-840F83FF819E2E3E | BASKET | CONTEMPORARY | CHANNEL | GOLD | KT_14 | 1ct | imgs:3
[21:29:32][EMERALD] [516] ? NIV-840F83FF819E2E3E | BASKET | CONTEMPORARY | CHANNEL | GOLD | KT_14 | 1ct | imgs:3
[21:29:35][EMERALD] [517] ? NIV-C94A888F84A43597 | BASKET | CONTEMPORARY | CHANNEL | GOLD | KT_14 | 1ct | imgs:3
[21:29:38][EMERALD] [518] ? NIV-C94A888F84A43597 | BASKET | CONTEMPORARY | CHANNEL | GOLD | KT_14 | 1ct | imgs:3
[21:29:41][EMERALD] [519] ? NIV-C94A888F84A43597 | BASKET | CONTEMPORARY | CHANNEL | GOLD | KT_14 | 1ct | imgs:3
[21:29:44][EMERALD] [520] ? NIV-9EF70BB7CFD3E3B1 | BASKET | CONTEMPORARY | CHANNEL | GOLD | KT_14 | 1ct | imgs:3
[21:29:47][EMERALD] [521] ? NIV-9EF70BB7CFD3E3B1 | BASKET | CONTEMPORARY | CHANNEL | GOLD | KT_14 | 1ct | imgs:3
[21:29:53][EMERALD] [522] ? NIV-9EF70BB7CFD3E3B1 | BASKET | CONTEMPORARY | CHANNEL | GOLD | KT_14 | 1ct | imgs:3
[21:29:56][EMERALD] [523] ? NIV-1549F16D58D11DF8 | BASKET | CONTEMPORARY | CHANNEL | GOLD | KT_18 | 1ct | imgs:3
[21:29:59][EMERALD] [524] ? NIV-1549F16D58D11DF8 | BASKET | CONTEMPORARY | CHANNEL | GOLD | KT_18 | 1ct | imgs:3
[21:30:05][EMERALD] [525] ? NIV-1549F16D58D11DF8 | BASKET | CONTEMPORARY | CHANNEL | GOLD | KT_18 | 1ct | imgs:3
[21:30:08][EMERALD] [526] ? NIV-2DFA05D82D6BCE25 | BASKET | CONTEMPORARY | CHANNEL | GOLD | KT_18 | 1ct | imgs:3
[21:30:11][EMERALD] [527] ? NIV-2DFA05D82D6BCE25 | BASKET | CONTEMPORARY | CHANNEL | GOLD | KT_18 | 1ct | imgs:3
[21:30:17][EMERALD] [528] ? NIV-2DFA05D82D6BCE25 | BASKET | CONTEMPORARY | CHANNEL | GOLD | KT_18 | 1ct | imgs:3
[21:30:20][EMERALD] [529] ? NIV-C88A9E1820056A94 | BASKET | CONTEMPORARY | CHANNEL | GOLD | KT_18 | 1ct | imgs:3
[21:30:26][EMERALD] [530] ? NIV-C88A9E1820056A94 | BASKET | CONTEMPORARY | CHANNEL | GOLD | KT_18 | 1ct | imgs:3
[21:30:32][EMERALD] [531] ? NIV-C88A9E1820056A94 | BASKET | CONTEMPORARY | CHANNEL | GOLD | KT_18 | 1ct | imgs:3
[21:30:35][EMERALD] [532] ? NIV-D4AE755D4122C8FD | BASKET | CONTEMPORARY | CHANNEL | PLATINUM | PT_950 | 1ct | imgs:3
[21:30:44][EMERALD] [533] ? NIV-84A08E709735187A | BASKET | CONTEMPORARY | CHANNEL | GOLD | KT_10 | 1ct | imgs:3
[21:30:47][EMERALD] [534] ? NIV-84A08E709735187A | BASKET | CONTEMPORARY | CHANNEL | GOLD | KT_10 | 1ct | imgs:3
[21:30:50][EMERALD] [535] ? NIV-84A08E709735187A | BASKET | CONTEMPORARY | CHANNEL | GOLD | KT_10 | 1ct | imgs:3
[21:30:53][EMERALD] [536] ? NIV-1FD068FC23C75958 | BASKET | CONTEMPORARY | CHANNEL | GOLD | KT_10 | 1ct | imgs:3
[21:30:59][EMERALD] [537] ? NIV-1FD068FC23C75958 | BASKET | CONTEMPORARY | CHANNEL | GOLD | KT_10 | 1ct | imgs:3
[21:31:05][EMERALD] [538] ? NIV-1FD068FC23C75958 | BASKET | CONTEMPORARY | CHANNEL | GOLD | KT_10 | 1ct | imgs:3
[21:31:08][EMERALD] [539] ? NIV-D1EFBE34AAAB0453 | BASKET | CONTEMPORARY | CHANNEL | GOLD | KT_10 | 1ct | imgs:1
[21:31:14][EMERALD] [540] ? NIV-D1EFBE34AAAB0453 | BASKET | CONTEMPORARY | CHANNEL | GOLD | KT_10 | 1ct | imgs:3
[21:31:17][EMERALD] [541] ? NIV-D1EFBE34AAAB0453 | BASKET | CONTEMPORARY | CHANNEL | GOLD | KT_10 | 1ct | imgs:3
[21:31:23][EMERALD] [542] ? NIV-C3666DFCB759379F | BASKET | CONTEMPORARY | CHANNEL | GOLD | KT_14 | 1ct | imgs:3
[21:31:26][EMERALD] [543] ? NIV-C3666DFCB759379F | BASKET | CONTEMPORARY | CHANNEL | GOLD | KT_14 | 1ct | imgs:3
[21:31:32][EMERALD] [544] ? NIV-C3666DFCB759379F | BASKET | CONTEMPORARY | CHANNEL | GOLD | KT_14 | 1ct | imgs:3
[21:31:35][EMERALD] [545] ? NIV-67B1A9CEC3021D72 | BASKET | CONTEMPORARY | CHANNEL | GOLD | KT_14 | 1ct | imgs:3
[21:31:38][EMERALD] [546] ? NIV-67B1A9CEC3021D72 | BASKET | CONTEMPORARY | CHANNEL | GOLD | KT_14 | 1ct | imgs:3
[21:31:41][EMERALD] [547] ? NIV-67B1A9CEC3021D72 | BASKET | CONTEMPORARY | CHANNEL | GOLD | KT_14 | 1ct | imgs:3
[21:31:44][EMERALD] [548] ? NIV-A1F72D7C2E8EA884 | BASKET | CONTEMPORARY | CHANNEL | GOLD | KT_14 | 1ct | imgs:3
[21:31:47][EMERALD] [549] ? NIV-A1F72D7C2E8EA884 | BASKET | CONTEMPORARY | CHANNEL | GOLD | KT_14 | 1ct | imgs:3
[21:31:50][EMERALD] [550] ? NIV-A1F72D7C2E8EA884 | BASKET | CONTEMPORARY | CHANNEL | GOLD | KT_14 | 1ct | imgs:3
[21:31:53][EMERALD] [551] ? NIV-FBDBE3A78F058435 | BASKET | CONTEMPORARY | CHANNEL | GOLD | KT_18 | 1ct | imgs:3
[21:31:59][EMERALD] [552] ? NIV-FBDBE3A78F058435 | BASKET | CONTEMPORARY | CHANNEL | GOLD | KT_18 | 1ct | imgs:3
[21:32:03][EMERALD] [553] ? NIV-FBDBE3A78F058435 | BASKET | CONTEMPORARY | CHANNEL | GOLD | KT_18 | 1ct | imgs:3
[21:32:05][EMERALD] [554] ? NIV-F1E4E498D2628A49 | BASKET | CONTEMPORARY | CHANNEL | GOLD | KT_18 | 1ct | imgs:3
[21:32:08][EMERALD] [555] ? NIV-F1E4E498D2628A49 | BASKET | CONTEMPORARY | CHANNEL | GOLD | KT_18 | 1ct | imgs:3
[21:32:14][EMERALD] [556] ? NIV-F1E4E498D2628A49 | BASKET | CONTEMPORARY | CHANNEL | GOLD | KT_18 | 1ct | imgs:3
[21:32:17][EMERALD] [557] ? NIV-E45F0F5D776BD24A | BASKET | CONTEMPORARY | CHANNEL | GOLD | KT_18 | 1ct | imgs:3
[21:32:23][EMERALD] [558] ? NIV-E45F0F5D776BD24A | BASKET | CONTEMPORARY | CHANNEL | GOLD | KT_18 | 1ct | imgs:3
[21:32:29][EMERALD] [559] ? NIV-E45F0F5D776BD24A | BASKET | CONTEMPORARY | CHANNEL | GOLD | KT_18 | 1ct | imgs:3
[21:32:32][EMERALD] [560] ? NIV-8F3FD294497BB42E | BASKET | CONTEMPORARY | CHANNEL | PLATINUM | PT_950 | 1ct | imgs:3
[21:32:38][EMERALD] [561] ? NIV-0782827EA92B4FC2 | BASKET | CONTEMPORARY | CHANNEL | GOLD | KT_10 | 1ct | imgs:3
[21:32:41][EMERALD] [562] ? NIV-0782827EA92B4FC2 | BASKET | CONTEMPORARY | CHANNEL | GOLD | KT_10 | 1ct | imgs:3
[21:32:47][EMERALD] [563] ? NIV-0782827EA92B4FC2 | BASKET | CONTEMPORARY | CHANNEL | GOLD | KT_10 | 1ct | imgs:3
[21:32:50][EMERALD] [564] ? NIV-B3AD166EB6B38572 | BASKET | CONTEMPORARY | CHANNEL | GOLD | KT_10 | 1ct | imgs:3
[21:32:53][EMERALD] [565] ? NIV-B3AD166EB6B38572 | BASKET | CONTEMPORARY | CHANNEL | GOLD | KT_10 | 1ct | imgs:3
[21:32:59][EMERALD] [566] ? NIV-B3AD166EB6B38572 | BASKET | CONTEMPORARY | CHANNEL | GOLD | KT_10 | 1ct | imgs:3
[21:33:10][EMERALD] [567] ??  NIV-B17FCBD102490506 | BASKET | CONTEMPORARY | CHANNEL | GOLD | KT_10 | 1ct | imgs:0
[21:33:10][EMERALD]   Re-seleccionando EMERALD (intento 1)
[21:33:10][EMERALD]   Boton no encontrado ? recargando configurador...
[21:33:24][EMERALD]   Re-seleccionando EMERALD (intento 2)
[21:33:27][EMERALD] [568] ? NIV-5F5A857F33EF336D | BASKET | CONTEMPORARY | CHANNEL | GOLD | KT_10 | 1ct | imgs:3
[21:33:30][EMERALD] [569] ? NIV-0617BAFFC8F22085 | BASKET | CONTEMPORARY | CHANNEL | GOLD | KT_10 | 1ct | imgs:3
[21:33:34][EMERALD] [570] ? NIV-81E6232CCE8CA806 | BASKET | CONTEMPORARY | CHANNEL | GOLD | KT_14 | 1ct | imgs:3
[21:33:36][EMERALD] [571] ? NIV-4C3578A90A6059BB | BASKET | CONTEMPORARY | CHANNEL | GOLD | KT_14 | 1ct | imgs:3
[21:33:39][EMERALD] [572] ? NIV-E25D858417889171 | BASKET | CONTEMPORARY | CHANNEL | GOLD | KT_14 | 1ct | imgs:3
[21:33:43][EMERALD] [573] ? NIV-D858673F8DBD7BA6 | BASKET | CONTEMPORARY | CHANNEL | GOLD | KT_14 | 1ct | imgs:3
[21:33:45][EMERALD] [574] ? NIV-E0402D71A5EDBF75 | BASKET | CONTEMPORARY | CHANNEL | GOLD | KT_14 | 1ct | imgs:3
[21:33:48][EMERALD] [575] ? NIV-24F4E28AF3790386 | BASKET | CONTEMPORARY | CHANNEL | GOLD | KT_14 | 1ct | imgs:3
[21:33:51][EMERALD] [576] ? NIV-EF4553EADC0F27DE | BASKET | CONTEMPORARY | CHANNEL | GOLD | KT_14 | 1ct | imgs:3
[21:33:54][EMERALD] [577] ? NIV-001E20217C64FE5F | BASKET | CONTEMPORARY | CHANNEL | GOLD | KT_14 | 1ct | imgs:3
[21:33:57][EMERALD] [578] ? NIV-5ACADED7F7C47728 | BASKET | CONTEMPORARY | CHANNEL | GOLD | KT_14 | 1ct | imgs:3
[21:34:01][EMERALD] [579] ? NIV-84C7F7530C70F70D | BASKET | CONTEMPORARY | CHANNEL | GOLD | KT_18 | 1ct | imgs:3
[21:34:03][EMERALD] [580] ? NIV-C58B0EAE6D5330BE | BASKET | CONTEMPORARY | CHANNEL | GOLD | KT_18 | 1ct | imgs:3
[21:34:06][EMERALD] [581] ? NIV-EAA574E805638E9C | BASKET | CONTEMPORARY | CHANNEL | GOLD | KT_18 | 1ct | imgs:3
[21:34:09][EMERALD] [582] ? NIV-8E441C273A81DF56 | BASKET | CONTEMPORARY | CHANNEL | GOLD | KT_18 | 1ct | imgs:3
[21:34:12][EMERALD] [583] ? NIV-C3AFBCCBEFFACDF6 | BASKET | CONTEMPORARY | CHANNEL | GOLD | KT_18 | 1ct | imgs:3
[21:34:15][EMERALD] [584] ? NIV-956C60F4CECC038F | BASKET | CONTEMPORARY | CHANNEL | GOLD | KT_18 | 1ct | imgs:3
[21:34:18][EMERALD] [585] ? NIV-D1FAB43C2D1A64D4 | BASKET | CONTEMPORARY | CHANNEL | GOLD | KT_18 | 1ct | imgs:3
[21:34:21][EMERALD] [586] ? NIV-D8A74E718B3EE441 | BASKET | CONTEMPORARY | CHANNEL | GOLD | KT_18 | 1ct | imgs:3
[21:34:24][EMERALD] [587] ? NIV-B24E12D244D82B84 | BASKET | CONTEMPORARY | CHANNEL | GOLD | KT_18 | 1ct | imgs:3
[21:34:27][EMERALD] [588] ? NIV-DE75F99A88EA3D49 | BASKET | CONTEMPORARY | CHANNEL | PLATINUM | PT_950 | 1ct | imgs:3
[21:34:31][EMERALD] [589] ? NIV-3E6566E15858F994 | BASKET | CONTEMPORARY | CHANNEL | GOLD | KT_10 | 1ct | imgs:3
[21:34:36][EMERALD] [590] ? NIV-3E6566E15858F994 | BASKET | CONTEMPORARY | CHANNEL | GOLD | KT_10 | 1ct | imgs:3
[21:34:40][EMERALD] [591] ? NIV-3E6566E15858F994 | BASKET | CONTEMPORARY | CHANNEL | GOLD | KT_10 | 1ct | imgs:3
[21:34:42][EMERALD] [592] ? NIV-5E2C72B1021F8475 | BASKET | CONTEMPORARY | CHANNEL | GOLD | KT_10 | 1ct | imgs:3
[21:34:46][EMERALD] [593] ? NIV-5E2C72B1021F8475 | BASKET | CONTEMPORARY | CHANNEL | GOLD | KT_10 | 1ct | imgs:3
[21:34:51][EMERALD] [594] ? NIV-5E2C72B1021F8475 | BASKET | CONTEMPORARY | CHANNEL | GOLD | KT_10 | 1ct | imgs:3
[21:34:54][EMERALD] [595] ? NIV-B6C12105412F092C | BASKET | CONTEMPORARY | CHANNEL | GOLD | KT_10 | 1ct | imgs:3
[21:35:00][EMERALD] [596] ? NIV-B6C12105412F092C | BASKET | CONTEMPORARY | CHANNEL | GOLD | KT_10 | 1ct | imgs:3
[21:35:03][EMERALD] [597] ? NIV-B6C12105412F092C | BASKET | CONTEMPORARY | CHANNEL | GOLD | KT_10 | 1ct | imgs:3
[21:35:07][EMERALD] [598] ? NIV-CFEDF0243363AB29 | BASKET | CONTEMPORARY | CHANNEL | GOLD | KT_14 | 1ct | imgs:3
[21:35:10][EMERALD] [599] ? NIV-CFEDF0243363AB29 | BASKET | CONTEMPORARY | CHANNEL | GOLD | KT_14 | 1ct | imgs:3
[21:35:13][EMERALD] [600] ? NIV-CFEDF0243363AB29 | BASKET | CONTEMPORARY | CHANNEL | GOLD | KT_14 | 1ct | imgs:3
[21:35:15][EMERALD] [601] ? NIV-826AB88203889BC9 | BASKET | CONTEMPORARY | CHANNEL | GOLD | KT_14 | 1ct | imgs:3
[21:35:21][EMERALD] [602] ? NIV-826AB88203889BC9 | BASKET | CONTEMPORARY | CHANNEL | GOLD | KT_14 | 1ct | imgs:3
[21:35:25][EMERALD] [603] ? NIV-826AB88203889BC9 | BASKET | CONTEMPORARY | CHANNEL | GOLD | KT_14 | 1ct | imgs:3
[21:35:27][EMERALD] [604] ? NIV-FBCCB66AE461826F | BASKET | CONTEMPORARY | CHANNEL | GOLD | KT_14 | 1ct | imgs:3
[21:35:33][EMERALD] [605] ? NIV-FBCCB66AE461826F | BASKET | CONTEMPORARY | CHANNEL | GOLD | KT_14 | 1ct | imgs:3
[21:35:37][EMERALD] [606] ? NIV-FBCCB66AE461826F | BASKET | CONTEMPORARY | CHANNEL | GOLD | KT_14 | 1ct | imgs:3
[21:35:40][EMERALD] [607] ? NIV-212C30BDCE503BFB | BASKET | CONTEMPORARY | CHANNEL | GOLD | KT_18 | 1ct | imgs:3
[21:35:45][EMERALD] [608] ? NIV-212C30BDCE503BFB | BASKET | CONTEMPORARY | CHANNEL | GOLD | KT_18 | 1ct | imgs:3
[21:35:48][EMERALD] [609] ? NIV-212C30BDCE503BFB | BASKET | CONTEMPORARY | CHANNEL | GOLD | KT_18 | 1ct | imgs:3
[21:35:51][EMERALD] [610] ? NIV-D341397942DB6ECF | BASKET | CONTEMPORARY | CHANNEL | GOLD | KT_18 | 1ct | imgs:3
[21:35:57][EMERALD] [611] ? NIV-D341397942DB6ECF | BASKET | CONTEMPORARY | CHANNEL | GOLD | KT_18 | 1ct | imgs:3
[21:36:01][EMERALD] [612] ? NIV-D341397942DB6ECF | BASKET | CONTEMPORARY | CHANNEL | GOLD | KT_18 | 1ct | imgs:3
[21:36:03][EMERALD] [613] ? NIV-3FD60824C6CC280B | BASKET | CONTEMPORARY | CHANNEL | GOLD | KT_18 | 1ct | imgs:3
[21:36:07][EMERALD] [614] ? NIV-3FD60824C6CC280B | BASKET | CONTEMPORARY | CHANNEL | GOLD | KT_18 | 1ct | imgs:3
[21:36:10][EMERALD] [615] ? NIV-3FD60824C6CC280B | BASKET | CONTEMPORARY | CHANNEL | GOLD | KT_18 | 1ct | imgs:3
[21:36:12][EMERALD] [616] ? NIV-0E616B037BBD27A6 | BASKET | CONTEMPORARY | CHANNEL | PLATINUM | PT_950 | 1ct | imgs:3
[21:36:19][EMERALD] [617] ? NIV-61D47130A085F566 | BASKET | CONTEMPORARY | PRONG | GOLD | KT_10 | 1ct | imgs:3
[21:36:24][EMERALD] [618] ? NIV-61D47130A085F566 | BASKET | CONTEMPORARY | PRONG | GOLD | KT_10 | 1ct | imgs:3
[21:36:28][EMERALD] [619] ? NIV-61D47130A085F566 | BASKET | CONTEMPORARY | PRONG | GOLD | KT_10 | 1ct | imgs:3
[21:36:30][EMERALD] [620] ? NIV-FAE6E4DE7ADFF392 | BASKET | CONTEMPORARY | PRONG | GOLD | KT_10 | 1ct | imgs:3
[21:36:36][EMERALD] [621] ? NIV-FAE6E4DE7ADFF392 | BASKET | CONTEMPORARY | PRONG | GOLD | KT_10 | 1ct | imgs:3
[21:36:40][EMERALD] [622] ? NIV-FAE6E4DE7ADFF392 | BASKET | CONTEMPORARY | PRONG | GOLD | KT_10 | 1ct | imgs:3
[21:36:42][EMERALD] [623] ? NIV-588AD83AC1A8FA39 | BASKET | CONTEMPORARY | PRONG | GOLD | KT_10 | 1ct | imgs:3
[21:36:45][EMERALD] [624] ? NIV-588AD83AC1A8FA39 | BASKET | CONTEMPORARY | PRONG | GOLD | KT_10 | 1ct | imgs:3
[21:36:49][EMERALD] [625] ? NIV-588AD83AC1A8FA39 | BASKET | CONTEMPORARY | PRONG | GOLD | KT_10 | 1ct | imgs:3
[21:36:54][EMERALD] [626] ? NIV-83CCD1141F542E8E | BASKET | CONTEMPORARY | PRONG | GOLD | KT_14 | 1ct | imgs:3
[21:36:58][EMERALD] [627] ? NIV-83CCD1141F542E8E | BASKET | CONTEMPORARY | PRONG | GOLD | KT_14 | 1ct | imgs:3
[21:37:03][EMERALD] [628] ? NIV-83CCD1141F542E8E | BASKET | CONTEMPORARY | PRONG | GOLD | KT_14 | 1ct | imgs:3
[21:37:06][EMERALD] [629] ? NIV-0DCA8489D50446E5 | BASKET | CONTEMPORARY | PRONG | GOLD | KT_14 | 1ct | imgs:3
[21:37:10][EMERALD] [630] ? NIV-0DCA8489D50446E5 | BASKET | CONTEMPORARY | PRONG | GOLD | KT_14 | 1ct | imgs:3
[21:37:13][EMERALD] [631] ? NIV-0DCA8489D50446E5 | BASKET | CONTEMPORARY | PRONG | GOLD | KT_14 | 1ct | imgs:3
[21:37:15][EMERALD] [632] ? NIV-81F3D9C180E9AD27 | BASKET | CONTEMPORARY | PRONG | GOLD | KT_14 | 1ct | imgs:3
[21:37:19][EMERALD] [633] ? NIV-81F3D9C180E9AD27 | BASKET | CONTEMPORARY | PRONG | GOLD | KT_14 | 1ct | imgs:3
[21:37:24][EMERALD] [634] ? NIV-81F3D9C180E9AD27 | BASKET | CONTEMPORARY | PRONG | GOLD | KT_14 | 1ct | imgs:3
[21:37:27][EMERALD] [635] ? NIV-4A4752AA30560EA1 | BASKET | CONTEMPORARY | PRONG | GOLD | KT_18 | 1ct | imgs:3
[21:37:31][EMERALD] [636] ? NIV-4A4752AA30560EA1 | BASKET | CONTEMPORARY | PRONG | GOLD | KT_18 | 1ct | imgs:3
[21:37:36][EMERALD] [637] ? NIV-4A4752AA30560EA1 | BASKET | CONTEMPORARY | PRONG | GOLD | KT_18 | 1ct | imgs:3
[21:37:39][EMERALD] [638] ? NIV-B9E7FE3CE24828E9 | BASKET | CONTEMPORARY | PRONG | GOLD | KT_18 | 1ct | imgs:3
[21:37:45][EMERALD] [639] ? NIV-B9E7FE3CE24828E9 | BASKET | CONTEMPORARY | PRONG | GOLD | KT_18 | 1ct | imgs:3
[21:37:49][EMERALD] [640] ? NIV-B9E7FE3CE24828E9 | BASKET | CONTEMPORARY | PRONG | GOLD | KT_18 | 1ct | imgs:3
[21:37:51][EMERALD] [641] ? NIV-37BAE220103EA922 | BASKET | CONTEMPORARY | PRONG | GOLD | KT_18 | 1ct | imgs:3
[21:37:57][EMERALD] [642] ? NIV-37BAE220103EA922 | BASKET | CONTEMPORARY | PRONG | GOLD | KT_18 | 1ct | imgs:3
[21:38:03][EMERALD] [643] ? NIV-37BAE220103EA922 | BASKET | CONTEMPORARY | PRONG | GOLD | KT_18 | 1ct | imgs:3
[21:38:06][EMERALD] [644] ? NIV-7A026D2020DED81F | BASKET | CONTEMPORARY | PRONG | PLATINUM | PT_950 | 1ct | imgs:3
[21:38:12][EMERALD] [645] ? NIV-B06EA4C10F8C0FBE | BASKET | CONTEMPORARY | PRONG | GOLD | KT_10 | 1ct | imgs:3
[21:38:15][EMERALD] [646] ? NIV-B06EA4C10F8C0FBE | BASKET | CONTEMPORARY | PRONG | GOLD | KT_10 | 1ct | imgs:3
[21:38:19][EMERALD] [647] ? NIV-B06EA4C10F8C0FBE | BASKET | CONTEMPORARY | PRONG | GOLD | KT_10 | 1ct | imgs:3
[21:38:21][EMERALD] [648] ? NIV-D0FDAB568C3B42E0 | BASKET | CONTEMPORARY | PRONG | GOLD | KT_10 | 1ct | imgs:3
[21:38:25][EMERALD] [649] ? NIV-D0FDAB568C3B42E0 | BASKET | CONTEMPORARY | PRONG | GOLD | KT_10 | 1ct | imgs:3
[21:38:30][EMERALD] [650] ? NIV-D0FDAB568C3B42E0 | BASKET | CONTEMPORARY | PRONG | GOLD | KT_10 | 1ct | imgs:3
[21:38:33][EMERALD] [651] ? NIV-650C2BE646C31298 | BASKET | CONTEMPORARY | PRONG | GOLD | KT_10 | 1ct | imgs:3
[21:38:37][EMERALD] [652] ? NIV-650C2BE646C31298 | BASKET | CONTEMPORARY | PRONG | GOLD | KT_10 | 1ct | imgs:3
[21:38:42][EMERALD] [653] ? NIV-650C2BE646C31298 | BASKET | CONTEMPORARY | PRONG | GOLD | KT_10 | 1ct | imgs:3
[21:38:45][EMERALD] [654] ? NIV-628DB3CA8037E87E | BASKET | CONTEMPORARY | PRONG | GOLD | KT_14 | 1ct | imgs:3
[21:38:49][EMERALD] [655] ? NIV-628DB3CA8037E87E | BASKET | CONTEMPORARY | PRONG | GOLD | KT_14 | 1ct | imgs:3
[21:38:52][EMERALD] [656] ? NIV-628DB3CA8037E87E | BASKET | CONTEMPORARY | PRONG | GOLD | KT_14 | 1ct | imgs:3
[21:38:54][EMERALD] [657] ? NIV-FD101A719AF8C401 | BASKET | CONTEMPORARY | PRONG | GOLD | KT_14 | 1ct | imgs:3
[21:38:58][EMERALD] [658] ? NIV-FD101A719AF8C401 | BASKET | CONTEMPORARY | PRONG | GOLD | KT_14 | 1ct | imgs:3
[21:39:03][EMERALD] [659] ? NIV-FD101A719AF8C401 | BASKET | CONTEMPORARY | PRONG | GOLD | KT_14 | 1ct | imgs:3
[21:39:06][EMERALD] [660] ? NIV-7A0588096E552DE3 | BASKET | CONTEMPORARY | PRONG | GOLD | KT_14 | 1ct | imgs:3
[21:39:10][EMERALD] [661] ? NIV-7A0588096E552DE3 | BASKET | CONTEMPORARY | PRONG | GOLD | KT_14 | 1ct | imgs:3
[21:39:15][EMERALD] [662] ? NIV-7A0588096E552DE3 | BASKET | CONTEMPORARY | PRONG | GOLD | KT_14 | 1ct | imgs:3
[21:39:19][EMERALD] [663] ? NIV-5A27BA82E5BBC399 | BASKET | CONTEMPORARY | PRONG | GOLD | KT_18 | 1ct | imgs:3
[21:39:22][EMERALD] [664] ? NIV-5A27BA82E5BBC399 | BASKET | CONTEMPORARY | PRONG | GOLD | KT_18 | 1ct | imgs:3
[21:39:27][EMERALD] [665] ? NIV-5A27BA82E5BBC399 | BASKET | CONTEMPORARY | PRONG | GOLD | KT_18 | 1ct | imgs:3
[21:39:30][EMERALD] [666] ? NIV-7AB36416122D8D39 | BASKET | CONTEMPORARY | PRONG | GOLD | KT_18 | 1ct | imgs:3
[21:39:33][EMERALD] [667] ? NIV-7AB36416122D8D39 | BASKET | CONTEMPORARY | PRONG | GOLD | KT_18 | 1ct | imgs:3
[21:39:39][EMERALD] [668] ? NIV-7AB36416122D8D39 | BASKET | CONTEMPORARY | PRONG | GOLD | KT_18 | 1ct | imgs:3
[21:39:42][EMERALD] [669] ? NIV-D6AE5A67F98BBDD8 | BASKET | CONTEMPORARY | PRONG | GOLD | KT_18 | 1ct | imgs:3
[21:39:46][EMERALD] [670] ? NIV-D6AE5A67F98BBDD8 | BASKET | CONTEMPORARY | PRONG | GOLD | KT_18 | 1ct | imgs:3
[21:39:49][EMERALD] [671] ? NIV-D6AE5A67F98BBDD8 | BASKET | CONTEMPORARY | PRONG | GOLD | KT_18 | 1ct | imgs:3
[21:39:52][EMERALD] [672] ? NIV-255D65B475C7F10C | BASKET | CONTEMPORARY | PRONG | PLATINUM | PT_950 | 1ct | imgs:3
[21:39:58][EMERALD] [673] ? NIV-EB6C66FBDD9E6AB2 | BASKET | CONTEMPORARY | PRONG | GOLD | KT_10 | 1ct | imgs:1
[21:40:03][EMERALD] [674] ? NIV-EB6C66FBDD9E6AB2 | BASKET | CONTEMPORARY | PRONG | GOLD | KT_10 | 1ct | imgs:3
[21:40:07][EMERALD] [675] ? NIV-EB6C66FBDD9E6AB2 | BASKET | CONTEMPORARY | PRONG | GOLD | KT_10 | 1ct | imgs:3
[21:40:09][EMERALD] [676] ? NIV-670342A76CC48BD7 | BASKET | CONTEMPORARY | PRONG | GOLD | KT_10 | 1ct | imgs:3
[21:40:13][EMERALD] [677] ? NIV-670342A76CC48BD7 | BASKET | CONTEMPORARY | PRONG | GOLD | KT_10 | 1ct | imgs:3
[21:40:16][EMERALD] [678] ? NIV-670342A76CC48BD7 | BASKET | CONTEMPORARY | PRONG | GOLD | KT_10 | 1ct | imgs:3
[21:40:18][EMERALD] [679] ? NIV-84ADD498AE47D49B | BASKET | CONTEMPORARY | PRONG | GOLD | KT_10 | 1ct | imgs:3
[21:40:24][EMERALD] [680] ? NIV-84ADD498AE47D49B | BASKET | CONTEMPORARY | PRONG | GOLD | KT_10 | 1ct | imgs:3
[21:40:30][EMERALD] [681] ? NIV-84ADD498AE47D49B | BASKET | CONTEMPORARY | PRONG | GOLD | KT_10 | 1ct | imgs:3
[21:40:36][EMERALD] [682] ? NIV-7CE0CE11820112FF | BASKET | CONTEMPORARY | PRONG | GOLD | KT_14 | 1ct | imgs:3
[21:40:42][EMERALD] [683] ? NIV-7CE0CE11820112FF | BASKET | CONTEMPORARY | PRONG | GOLD | KT_14 | 1ct | imgs:3
[21:40:46][EMERALD] [684] ? NIV-7CE0CE11820112FF | BASKET | CONTEMPORARY | PRONG | GOLD | KT_14 | 1ct | imgs:3
[21:40:48][EMERALD] [685] ? NIV-EED231AEF4516B90 | BASKET | CONTEMPORARY | PRONG | GOLD | KT_14 | 1ct | imgs:3
[21:40:52][EMERALD] [686] ? NIV-EED231AEF4516B90 | BASKET | CONTEMPORARY | PRONG | GOLD | KT_14 | 1ct | imgs:3
[21:40:57][EMERALD] [687] ? NIV-EED231AEF4516B90 | BASKET | CONTEMPORARY | PRONG | GOLD | KT_14 | 1ct | imgs:3
[21:41:00][EMERALD] [688] ? NIV-E90848491B849617 | BASKET | CONTEMPORARY | PRONG | GOLD | KT_14 | 1ct | imgs:3
[21:41:04][EMERALD] [689] ? NIV-E90848491B849617 | BASKET | CONTEMPORARY | PRONG | GOLD | KT_14 | 1ct | imgs:3
[21:41:07][EMERALD] [690] ? NIV-E90848491B849617 | BASKET | CONTEMPORARY | PRONG | GOLD | KT_14 | 1ct | imgs:3
[21:41:12][EMERALD] [691] ? NIV-0462700F4048916C | BASKET | CONTEMPORARY | PRONG | GOLD | KT_18 | 1ct | imgs:3
[21:41:16][EMERALD] [692] ? NIV-0462700F4048916C | BASKET | CONTEMPORARY | PRONG | GOLD | KT_18 | 1ct | imgs:3
[21:41:21][EMERALD] [693] ? NIV-0462700F4048916C | BASKET | CONTEMPORARY | PRONG | GOLD | KT_18 | 1ct | imgs:3
[21:41:24][EMERALD] [694] ? NIV-9A019EF59F506CC0 | BASKET | CONTEMPORARY | PRONG | GOLD | KT_18 | 1ct | imgs:3
[21:41:27][EMERALD] [695] ? NIV-9A019EF59F506CC0 | BASKET | CONTEMPORARY | PRONG | GOLD | KT_18 | 1ct | imgs:3
[21:41:31][EMERALD] [696] ? NIV-9A019EF59F506CC0 | BASKET | CONTEMPORARY | PRONG | GOLD | KT_18 | 1ct | imgs:3
[21:41:33][EMERALD] [697] ? NIV-60F7EFB6AAB1710F | BASKET | CONTEMPORARY | PRONG | GOLD | KT_18 | 1ct | imgs:3
[21:41:39][EMERALD] [698] ? NIV-60F7EFB6AAB1710F | BASKET | CONTEMPORARY | PRONG | GOLD | KT_18 | 1ct | imgs:3
[21:41:45][EMERALD] [699] ? NIV-60F7EFB6AAB1710F | BASKET | CONTEMPORARY | PRONG | GOLD | KT_18 | 1ct | imgs:3
[21:41:48][EMERALD] [700] ? NIV-FF4BB16AB2E8139E | BASKET | CONTEMPORARY | PRONG | PLATINUM | PT_950 | 1ct | imgs:3
[21:41:54][EMERALD] [701] ? NIV-681534E4148A1370 | BASKET | CONTEMPORARY | PRONG | GOLD | KT_10 | 1ct | imgs:3
[21:41:58][EMERALD] [702] ? NIV-681534E4148A1370 | BASKET | CONTEMPORARY | PRONG | GOLD | KT_10 | 1ct | imgs:3
[21:42:03][EMERALD] [703] ? NIV-681534E4148A1370 | BASKET | CONTEMPORARY | PRONG | GOLD | KT_10 | 1ct | imgs:3
[21:42:11][EMERALD] [704] ? NIV-6120C760A9F214EA | BASKET | CONTEMPORARY | PRONG | GOLD | KT_10 | 1ct | imgs:3
[21:42:15][EMERALD] [705] ? NIV-6120C760A9F214EA | BASKET | CONTEMPORARY | PRONG | GOLD | KT_10 | 1ct | imgs:3
[21:42:21][EMERALD] [706] ? NIV-6120C760A9F214EA | BASKET | CONTEMPORARY | PRONG | GOLD | KT_10 | 1ct | imgs:3
[21:42:24][EMERALD] [707] ? NIV-CC6ED8AC1E861517 | BASKET | CONTEMPORARY | PRONG | GOLD | KT_10 | 1ct | imgs:3
[21:42:30][EMERALD] [708] ? NIV-CC6ED8AC1E861517 | BASKET | CONTEMPORARY | PRONG | GOLD | KT_10 | 1ct | imgs:3
[21:42:34][EMERALD] [709] ? NIV-CC6ED8AC1E861517 | BASKET | CONTEMPORARY | PRONG | GOLD | KT_10 | 1ct | imgs:3
[21:42:39][EMERALD] [710] ? NIV-91BA85B2AB5AC840 | BASKET | CONTEMPORARY | PRONG | GOLD | KT_14 | 1ct | imgs:3
[21:42:45][EMERALD] [711] ? NIV-91BA85B2AB5AC840 | BASKET | CONTEMPORARY | PRONG | GOLD | KT_14 | 1ct | imgs:3
[21:42:49][EMERALD] [712] ? NIV-91BA85B2AB5AC840 | BASKET | CONTEMPORARY | PRONG | GOLD | KT_14 | 1ct | imgs:3
[21:42:51][EMERALD] [713] ? NIV-AE94D0D3E18E3903 | BASKET | CONTEMPORARY | PRONG | GOLD | KT_14 | 1ct | imgs:3
[21:42:55][EMERALD] [714] ? NIV-AE94D0D3E18E3903 | BASKET | CONTEMPORARY | PRONG | GOLD | KT_14 | 1ct | imgs:3
[21:43:00][EMERALD] [715] ? NIV-AE94D0D3E18E3903 | BASKET | CONTEMPORARY | PRONG | GOLD | KT_14 | 1ct | imgs:3
[21:43:03][EMERALD] [716] ? NIV-9061AEABA8C30383 | BASKET | CONTEMPORARY | PRONG | GOLD | KT_14 | 1ct | imgs:3
[21:43:07][EMERALD] [717] ? NIV-9061AEABA8C30383 | BASKET | CONTEMPORARY | PRONG | GOLD | KT_14 | 1ct | imgs:3
[21:43:12][EMERALD] [718] ? NIV-9061AEABA8C30383 | BASKET | CONTEMPORARY | PRONG | GOLD | KT_14 | 1ct | imgs:3
[21:43:16][EMERALD] [719] ? NIV-2F708A7CDF2EC3FF | BASKET | CONTEMPORARY | PRONG | GOLD | KT_18 | 1ct | imgs:3
[21:43:21][EMERALD] [720] ? NIV-2F708A7CDF2EC3FF | BASKET | CONTEMPORARY | PRONG | GOLD | KT_18 | 1ct | imgs:3
[21:43:25][EMERALD] [721] ? NIV-2F708A7CDF2EC3FF | BASKET | CONTEMPORARY | PRONG | GOLD | KT_18 | 1ct | imgs:3
[21:43:27][EMERALD] [722] ? NIV-5134835BE0E0E055 | BASKET | CONTEMPORARY | PRONG | GOLD | KT_18 | 1ct | imgs:3
[21:43:31][EMERALD] [723] ? NIV-5134835BE0E0E055 | BASKET | CONTEMPORARY | PRONG | GOLD | KT_18 | 1ct | imgs:3
[21:43:36][EMERALD] [724] ? NIV-5134835BE0E0E055 | BASKET | CONTEMPORARY | PRONG | GOLD | KT_18 | 1ct | imgs:3
[21:43:39][EMERALD] [725] ? NIV-F32533EA38495EE3 | BASKET | CONTEMPORARY | PRONG | GOLD | KT_18 | 1ct | imgs:3
[21:43:43][EMERALD] [726] ? NIV-F32533EA38495EE3 | BASKET | CONTEMPORARY | PRONG | GOLD | KT_18 | 1ct | imgs:3
[21:43:48][EMERALD] [727] ? NIV-F32533EA38495EE3 | BASKET | CONTEMPORARY | PRONG | GOLD | KT_18 | 1ct | imgs:3
[21:43:51][EMERALD] [728] ? NIV-B4489B31011BC857 | BASKET | CONTEMPORARY | PRONG | PLATINUM | PT_950 | 1ct | imgs:3
[21:43:57][EMERALD] [729] ? NIV-4DF4EB329F6662F8 | BASKET | CONTEMPORARY | PRONG | GOLD | KT_10 | 1ct | imgs:3
[21:44:01][EMERALD] [730] ? NIV-4DF4EB329F6662F8 | BASKET | CONTEMPORARY | PRONG | GOLD | KT_10 | 1ct | imgs:3
[21:44:06][EMERALD] [731] ? NIV-4DF4EB329F6662F8 | BASKET | CONTEMPORARY | PRONG | GOLD | KT_10 | 1ct | imgs:3
[21:44:09][EMERALD] [732] ? NIV-A30A63E57D0FDCF3 | BASKET | CONTEMPORARY | PRONG | GOLD | KT_10 | 1ct | imgs:3
[21:44:15][EMERALD] [733] ? NIV-A30A63E57D0FDCF3 | BASKET | CONTEMPORARY | PRONG | GOLD | KT_10 | 1ct | imgs:3
[21:44:21][EMERALD] [734] ? NIV-A30A63E57D0FDCF3 | BASKET | CONTEMPORARY | PRONG | GOLD | KT_10 | 1ct | imgs:3
[21:44:24][EMERALD] [735] ? NIV-E77CB68172AE39AE | BASKET | CONTEMPORARY | PRONG | GOLD | KT_10 | 1ct | imgs:3
[21:44:28][EMERALD] [736] ? NIV-E77CB68172AE39AE | BASKET | CONTEMPORARY | PRONG | GOLD | KT_10 | 1ct | imgs:3
[21:44:31][EMERALD] [737] ? NIV-E77CB68172AE39AE | BASKET | CONTEMPORARY | PRONG | GOLD | KT_10 | 1ct | imgs:3
[21:44:36][EMERALD] [738] ? NIV-BF78B78572E73084 | BASKET | CONTEMPORARY | PRONG | GOLD | KT_14 | 1ct | imgs:3
[21:44:40][EMERALD] [739] ? NIV-BF78B78572E73084 | BASKET | CONTEMPORARY | PRONG | GOLD | KT_14 | 1ct | imgs:3
[21:44:45][EMERALD] [740] ? NIV-BF78B78572E73084 | BASKET | CONTEMPORARY | PRONG | GOLD | KT_14 | 1ct | imgs:3
[21:44:48][EMERALD] [741] ? NIV-F0C44B90A543EBC5 | BASKET | CONTEMPORARY | PRONG | GOLD | KT_14 | 1ct | imgs:3
[21:44:52][EMERALD] [742] ? NIV-F0C44B90A543EBC5 | BASKET | CONTEMPORARY | PRONG | GOLD | KT_14 | 1ct | imgs:3
[21:44:57][EMERALD] [743] ? NIV-F0C44B90A543EBC5 | BASKET | CONTEMPORARY | PRONG | GOLD | KT_14 | 1ct | imgs:3
[21:45:00][EMERALD] [744] ? NIV-8319BCFF9BFD1E77 | BASKET | CONTEMPORARY | PRONG | GOLD | KT_14 | 1ct | imgs:3
[21:45:04][EMERALD] [745] ? NIV-8319BCFF9BFD1E77 | BASKET | CONTEMPORARY | PRONG | GOLD | KT_14 | 1ct | imgs:3
[21:45:09][EMERALD] [746] ? NIV-8319BCFF9BFD1E77 | BASKET | CONTEMPORARY | PRONG | GOLD | KT_14 | 1ct | imgs:3
[21:45:13][EMERALD] [747] ? NIV-915E54E6ABE89F35 | BASKET | CONTEMPORARY | PRONG | GOLD | KT_18 | 1ct | imgs:3
[21:45:18][EMERALD] [748] ? NIV-915E54E6ABE89F35 | BASKET | CONTEMPORARY | PRONG | GOLD | KT_18 | 1ct | imgs:3
[21:45:22][EMERALD] [749] ? NIV-915E54E6ABE89F35 | BASKET | CONTEMPORARY | PRONG | GOLD | KT_18 | 1ct | imgs:3
[21:45:24][EMERALD] [750] ? NIV-5E690F1DB5F42251 | BASKET | CONTEMPORARY | PRONG | GOLD | KT_18 | 1ct | imgs:3
[21:45:28][EMERALD] [751] ? NIV-5E690F1DB5F42251 | BASKET | CONTEMPORARY | PRONG | GOLD | KT_18 | 1ct | imgs:3
[21:45:31][EMERALD] [752] ? NIV-5E690F1DB5F42251 | BASKET | CONTEMPORARY | PRONG | GOLD | KT_18 | 1ct | imgs:3
[21:45:33][EMERALD] [753] ? NIV-3B6434060A5CFBD0 | BASKET | CONTEMPORARY | PRONG | GOLD | KT_18 | 1ct | imgs:3
[21:45:37][EMERALD] [754] ? NIV-3B6434060A5CFBD0 | BASKET | CONTEMPORARY | PRONG | GOLD | KT_18 | 1ct | imgs:3
[21:45:42][EMERALD] [755] ? NIV-3B6434060A5CFBD0 | BASKET | CONTEMPORARY | PRONG | GOLD | KT_18 | 1ct | imgs:3
[21:45:45][EMERALD] [756] ? NIV-C5AD51C834F7F460 | BASKET | CONTEMPORARY | PRONG | PLATINUM | PT_950 | 1ct | imgs:3
[21:45:51][EMERALD] [757] ? NIV-BF4DF804F66C6C5D | BASKET | CONTEMPORARY | PRONG | GOLD | KT_10 | 1ct | imgs:3
[21:45:55][EMERALD] [758] ? NIV-BF4DF804F66C6C5D | BASKET | CONTEMPORARY | PRONG | GOLD | KT_10 | 1ct | imgs:3
[21:45:58][EMERALD] [759] ? NIV-BF4DF804F66C6C5D | BASKET | CONTEMPORARY | PRONG | GOLD | KT_10 | 1ct | imgs:3
[21:46:00][EMERALD] [760] ? NIV-333624E69A58AE9B | BASKET | CONTEMPORARY | PRONG | GOLD | KT_10 | 1ct | imgs:3
[21:46:04][EMERALD] [761] ? NIV-333624E69A58AE9B | BASKET | CONTEMPORARY | PRONG | GOLD | KT_10 | 1ct | imgs:3
[21:46:07][EMERALD] [762] ? NIV-333624E69A58AE9B | BASKET | CONTEMPORARY | PRONG | GOLD | KT_10 | 1ct | imgs:3
[21:46:09][EMERALD] [763] ? NIV-8AD36EFD2B8ABFA8 | BASKET | CONTEMPORARY | PRONG | GOLD | KT_10 | 1ct | imgs:3
[21:46:15][EMERALD] [764] ? NIV-8AD36EFD2B8ABFA8 | BASKET | CONTEMPORARY | PRONG | GOLD | KT_10 | 1ct | imgs:3
[21:46:19][EMERALD] [765] ? NIV-8AD36EFD2B8ABFA8 | BASKET | CONTEMPORARY | PRONG | GOLD | KT_10 | 1ct | imgs:3
[21:46:24][EMERALD] [766] ? NIV-A8AB10BFAEAE9E46 | BASKET | CONTEMPORARY | PRONG | GOLD | KT_14 | 1ct | imgs:3
[21:46:28][EMERALD] [767] ? NIV-A8AB10BFAEAE9E46 | BASKET | CONTEMPORARY | PRONG | GOLD | KT_14 | 1ct | imgs:3
[21:46:33][EMERALD] [768] ? NIV-A8AB10BFAEAE9E46 | BASKET | CONTEMPORARY | PRONG | GOLD | KT_14 | 1ct | imgs:3
[21:46:36][EMERALD] [769] ? NIV-CC90D0AD348CDBCA | BASKET | CONTEMPORARY | PRONG | GOLD | KT_14 | 1ct | imgs:3
[21:46:40][EMERALD] [770] ? NIV-CC90D0AD348CDBCA | BASKET | CONTEMPORARY | PRONG | GOLD | KT_14 | 1ct | imgs:3
[21:46:45][EMERALD] [771] ? NIV-CC90D0AD348CDBCA | BASKET | CONTEMPORARY | PRONG | GOLD | KT_14 | 1ct | imgs:3
[21:46:48][EMERALD] [772] ? NIV-F818958737D0EA2B | BASKET | CONTEMPORARY | PRONG | GOLD | KT_14 | 1ct | imgs:3
[21:46:51][EMERALD] [773] ? NIV-F818958737D0EA2B | BASKET | CONTEMPORARY | PRONG | GOLD | KT_14 | 1ct | imgs:3
[21:46:55][EMERALD] [774] ? NIV-F818958737D0EA2B | BASKET | CONTEMPORARY | PRONG | GOLD | KT_14 | 1ct | imgs:3
[21:47:00][EMERALD] [775] ? NIV-361292EAFA89223D | BASKET | CONTEMPORARY | PRONG | GOLD | KT_18 | 1ct | imgs:3
[21:47:04][EMERALD] [776] ? NIV-361292EAFA89223D | BASKET | CONTEMPORARY | PRONG | GOLD | KT_18 | 1ct | imgs:3
[21:47:09][EMERALD] [777] ? NIV-361292EAFA89223D | BASKET | CONTEMPORARY | PRONG | GOLD | KT_18 | 1ct | imgs:3
[21:47:12][EMERALD] [778] ? NIV-6343825E4AEEF817 | BASKET | CONTEMPORARY | PRONG | GOLD | KT_18 | 1ct | imgs:3
[21:47:15][EMERALD] [779] ? NIV-6343825E4AEEF817 | BASKET | CONTEMPORARY | PRONG | GOLD | KT_18 | 1ct | imgs:3
[21:47:19][EMERALD] [780] ? NIV-6343825E4AEEF817 | BASKET | CONTEMPORARY | PRONG | GOLD | KT_18 | 1ct | imgs:3
[21:47:21][EMERALD] [781] ? NIV-C2FAB8CEED31CF62 | BASKET | CONTEMPORARY | PRONG | GOLD | KT_18 | 1ct | imgs:3
[21:47:25][EMERALD] [782] ? NIV-C2FAB8CEED31CF62 | BASKET | CONTEMPORARY | PRONG | GOLD | KT_18 | 1ct | imgs:3
[21:47:28][EMERALD] [783] ? NIV-C2FAB8CEED31CF62 | BASKET | CONTEMPORARY | PRONG | GOLD | KT_18 | 1ct | imgs:3
[21:47:30][EMERALD] [784] ? NIV-970BB65ECF4A9356 | BASKET | CONTEMPORARY | PRONG | PLATINUM | PT_950 | 1ct | imgs:3
[21:47:39][EMERALD] [785] ? NIV-6BCECC34BA012629 | BASKET | CONTEMPORARY | PRONG | GOLD | KT_10 | 1ct | imgs:3
[21:47:43][EMERALD] [786] ? NIV-6BCECC34BA012629 | BASKET | CONTEMPORARY | PRONG | GOLD | KT_10 | 1ct | imgs:3
[21:47:48][EMERALD] [787] ? NIV-6BCECC34BA012629 | BASKET | CONTEMPORARY | PRONG | GOLD | KT_10 | 1ct | imgs:3
[21:47:51][EMERALD] [788] ? NIV-D8538AEA112C89BC | BASKET | CONTEMPORARY | PRONG | GOLD | KT_10 | 1ct | imgs:3
[21:47:55][EMERALD] [789] ? NIV-D8538AEA112C89BC | BASKET | CONTEMPORARY | PRONG | GOLD | KT_10 | 1ct | imgs:3
[21:48:00][EMERALD] [790] ? NIV-D8538AEA112C89BC | BASKET | CONTEMPORARY | PRONG | GOLD | KT_10 | 1ct | imgs:3
[21:48:03][EMERALD] [791] ? NIV-5739388D4DD90BA5 | BASKET | CONTEMPORARY | PRONG | GOLD | KT_10 | 1ct | imgs:3
[21:48:07][EMERALD] [792] ? NIV-5739388D4DD90BA5 | BASKET | CONTEMPORARY | PRONG | GOLD | KT_10 | 1ct | imgs:3
[21:48:10][EMERALD] [793] ? NIV-5739388D4DD90BA5 | BASKET | CONTEMPORARY | PRONG | GOLD | KT_10 | 1ct | imgs:3
[21:48:15][EMERALD] [794] ? NIV-8ADC829A40ECE7F1 | BASKET | CONTEMPORARY | PRONG | GOLD | KT_14 | 1ct | imgs:3
[21:48:18][EMERALD] [795] ? NIV-8ADC829A40ECE7F1 | BASKET | CONTEMPORARY | PRONG | GOLD | KT_14 | 1ct | imgs:3
[21:48:22][EMERALD] [796] ? NIV-8ADC829A40ECE7F1 | BASKET | CONTEMPORARY | PRONG | GOLD | KT_14 | 1ct | imgs:3
[21:48:24][EMERALD] [797] ? NIV-FE8229B5834ED9D8 | BASKET | CONTEMPORARY | PRONG | GOLD | KT_14 | 1ct | imgs:3
[21:48:28][EMERALD] [798] ? NIV-FE8229B5834ED9D8 | BASKET | CONTEMPORARY | PRONG | GOLD | KT_14 | 1ct | imgs:3
[21:48:33][EMERALD] [799] ? NIV-FE8229B5834ED9D8 | BASKET | CONTEMPORARY | PRONG | GOLD | KT_14 | 1ct | imgs:3
[21:48:36][EMERALD] [800] ? NIV-7163F80342884218 | BASKET | CONTEMPORARY | PRONG | GOLD | KT_14 | 1ct | imgs:3
[21:48:42][EMERALD] [801] ? NIV-7163F80342884218 | BASKET | CONTEMPORARY | PRONG | GOLD | KT_14 | 1ct | imgs:3
[21:48:46][EMERALD] [802] ? NIV-7163F80342884218 | BASKET | CONTEMPORARY | PRONG | GOLD | KT_14 | 1ct | imgs:3
[21:48:51][EMERALD] [803] ? NIV-8E944C6C6E5797A7 | BASKET | CONTEMPORARY | PRONG | GOLD | KT_18 | 1ct | imgs:3
[21:48:55][EMERALD] [804] ? NIV-8E944C6C6E5797A7 | BASKET | CONTEMPORARY | PRONG | GOLD | KT_18 | 1ct | imgs:3
[21:49:00][EMERALD] [805] ? NIV-8E944C6C6E5797A7 | BASKET | CONTEMPORARY | PRONG | GOLD | KT_18 | 1ct | imgs:3
[21:49:03][EMERALD] [806] ? NIV-9DEF98BD1D54187B | BASKET | CONTEMPORARY | PRONG | GOLD | KT_18 | 1ct | imgs:3
[21:49:07][EMERALD] [807] ? NIV-9DEF98BD1D54187B | BASKET | CONTEMPORARY | PRONG | GOLD | KT_18 | 1ct | imgs:3
[21:49:10][EMERALD] [808] ? NIV-9DEF98BD1D54187B | BASKET | CONTEMPORARY | PRONG | GOLD | KT_18 | 1ct | imgs:3
[21:49:12][EMERALD] [809] ? NIV-23B56097B063C93A | BASKET | CONTEMPORARY | PRONG | GOLD | KT_18 | 1ct | imgs:3
[21:49:16][EMERALD] [810] ? NIV-23B56097B063C93A | BASKET | CONTEMPORARY | PRONG | GOLD | KT_18 | 1ct | imgs:3
[21:49:21][EMERALD] [811] ? NIV-23B56097B063C93A | BASKET | CONTEMPORARY | PRONG | GOLD | KT_18 | 1ct | imgs:3
[21:49:24][EMERALD] [812] ? NIV-A0985A18744A1388 | BASKET | CONTEMPORARY | PRONG | PLATINUM | PT_950 | 1ct | imgs:3
[21:49:30][EMERALD] [813] ? NIV-8CA00F21D2C006AE | BASKET | CONTEMPORARY | PRONG | GOLD | KT_10 | 1ct | imgs:3
[21:49:34][EMERALD] [814] ? NIV-8CA00F21D2C006AE | BASKET | CONTEMPORARY | PRONG | GOLD | KT_10 | 1ct | imgs:3
[21:49:37][EMERALD] [815] ? NIV-8CA00F21D2C006AE | BASKET | CONTEMPORARY | PRONG | GOLD | KT_10 | 1ct | imgs:3
[21:49:39][EMERALD] [816] ? NIV-D797B4E232F7CCDA | BASKET | CONTEMPORARY | PRONG | GOLD | KT_10 | 1ct | imgs:3
[21:49:43][EMERALD] [817] ? NIV-D797B4E232F7CCDA | BASKET | CONTEMPORARY | PRONG | GOLD | KT_10 | 1ct | imgs:3
[21:49:48][EMERALD] [818] ? NIV-D797B4E232F7CCDA | BASKET | CONTEMPORARY | PRONG | GOLD | KT_10 | 1ct | imgs:3
[21:49:51][EMERALD] [819] ? NIV-75E003BC17F82200 | BASKET | CONTEMPORARY | PRONG | GOLD | KT_10 | 1ct | imgs:3
[21:49:55][EMERALD] [820] ? NIV-75E003BC17F82200 | BASKET | CONTEMPORARY | PRONG | GOLD | KT_10 | 1ct | imgs:3
[21:50:00][EMERALD] [821] ? NIV-75E003BC17F82200 | BASKET | CONTEMPORARY | PRONG | GOLD | KT_10 | 1ct | imgs:3
[21:50:03][EMERALD] [822] ? NIV-3EF0B59001BE7A6D | BASKET | CONTEMPORARY | PRONG | GOLD | KT_14 | 1ct | imgs:3
[21:50:07][EMERALD] [823] ? NIV-3EF0B59001BE7A6D | BASKET | CONTEMPORARY | PRONG | GOLD | KT_14 | 1ct | imgs:3
[21:50:12][EMERALD] [824] ? NIV-3EF0B59001BE7A6D | BASKET | CONTEMPORARY | PRONG | GOLD | KT_14 | 1ct | imgs:3
[21:50:15][EMERALD] [825] ? NIV-381E0CD3A6958338 | BASKET | CONTEMPORARY | PRONG | GOLD | KT_14 | 1ct | imgs:3
[21:50:19][EMERALD] [826] ? NIV-381E0CD3A6958338 | BASKET | CONTEMPORARY | PRONG | GOLD | KT_14 | 1ct | imgs:3
[21:50:24][EMERALD] [827] ? NIV-381E0CD3A6958338 | BASKET | CONTEMPORARY | PRONG | GOLD | KT_14 | 1ct | imgs:3
[21:50:27][EMERALD] [828] ? NIV-A708440561823550 | BASKET | CONTEMPORARY | PRONG | GOLD | KT_14 | 1ct | imgs:3
[21:50:31][EMERALD] [829] ? NIV-A708440561823550 | BASKET | CONTEMPORARY | PRONG | GOLD | KT_14 | 1ct | imgs:3
[21:50:36][EMERALD] [830] ? NIV-A708440561823550 | BASKET | CONTEMPORARY | PRONG | GOLD | KT_14 | 1ct | imgs:3
[21:50:39][EMERALD] [831] ? NIV-1BC2106E8B883846 | BASKET | CONTEMPORARY | PRONG | GOLD | KT_18 | 1ct | imgs:3
[21:50:43][EMERALD] [832] ? NIV-1BC2106E8B883846 | BASKET | CONTEMPORARY | PRONG | GOLD | KT_18 | 1ct | imgs:3
[21:50:48][EMERALD] [833] ? NIV-1BC2106E8B883846 | BASKET | CONTEMPORARY | PRONG | GOLD | KT_18 | 1ct | imgs:3
[21:50:51][EMERALD] [834] ? NIV-23EA878D5F91A261 | BASKET | CONTEMPORARY | PRONG | GOLD | KT_18 | 1ct | imgs:3
[21:50:55][EMERALD] [835] ? NIV-23EA878D5F91A261 | BASKET | CONTEMPORARY | PRONG | GOLD | KT_18 | 1ct | imgs:3
[21:50:58][EMERALD] [836] ? NIV-23EA878D5F91A261 | BASKET | CONTEMPORARY | PRONG | GOLD | KT_18 | 1ct | imgs:3
[21:51:00][EMERALD] [837] ? NIV-B697B0211F5E6576 | BASKET | CONTEMPORARY | PRONG | GOLD | KT_18 | 1ct | imgs:3
[21:51:04][EMERALD] [838] ? NIV-B697B0211F5E6576 | BASKET | CONTEMPORARY | PRONG | GOLD | KT_18 | 1ct | imgs:3
[21:51:09][EMERALD] [839] ? NIV-B697B0211F5E6576 | BASKET | CONTEMPORARY | PRONG | GOLD | KT_18 | 1ct | imgs:3
[21:51:12][EMERALD] [840] ? NIV-465EAD0852AB4DD1 | BASKET | CONTEMPORARY | PRONG | PLATINUM | PT_950 | 1ct | imgs:3
[21:51:16][EMERALD] [841] ? NIV-5333E77E0EDDA16F | BASKET | CONTEMPORARY | PRONG | GOLD | KT_10 | 1ct | imgs:3
[21:51:21][EMERALD] [842] ? NIV-5333E77E0EDDA16F | BASKET | CONTEMPORARY | PRONG | GOLD | KT_10 | 1ct | imgs:3
[21:51:25][EMERALD] [843] ? NIV-5333E77E0EDDA16F | BASKET | CONTEMPORARY | PRONG | GOLD | KT_10 | 1ct | imgs:3
[21:51:27][EMERALD] [844] ? NIV-E7AAA596305FE854 | BASKET | CONTEMPORARY | PRONG | GOLD | KT_10 | 1ct | imgs:3
[21:51:31][EMERALD] [845] ? NIV-E7AAA596305FE854 | BASKET | CONTEMPORARY | PRONG | GOLD | KT_10 | 1ct | imgs:3
[21:51:34][EMERALD] [846] ? NIV-E7AAA596305FE854 | BASKET | CONTEMPORARY | PRONG | GOLD | KT_10 | 1ct | imgs:3
[21:51:36][EMERALD] [847] ? NIV-EBB08D3362E7FF95 | BASKET | CONTEMPORARY | PRONG | GOLD | KT_10 | 1ct | imgs:3
[21:51:42][EMERALD] [848] ? NIV-EBB08D3362E7FF95 | BASKET | CONTEMPORARY | PRONG | GOLD | KT_10 | 1ct | imgs:3
[21:51:45][EMERALD] [849] ? NIV-EBB08D3362E7FF95 | BASKET | CONTEMPORARY | PRONG | GOLD | KT_10 | 1ct | imgs:3
[21:51:48][EMERALD] [850] ? NIV-AE6859A5AF07FFEA | BASKET | CONTEMPORARY | PRONG | GOLD | KT_14 | 1ct | imgs:3
[21:51:52][EMERALD] [851] ? NIV-AE6859A5AF07FFEA | BASKET | CONTEMPORARY | PRONG | GOLD | KT_14 | 1ct | imgs:3
[21:51:57][EMERALD] [852] ? NIV-AE6859A5AF07FFEA | BASKET | CONTEMPORARY | PRONG | GOLD | KT_14 | 1ct | imgs:3
[21:52:01][EMERALD] [853] ? NIV-A6643F0798701A19 | BASKET | CONTEMPORARY | PRONG | GOLD | KT_14 | 1ct | imgs:3
[21:52:06][EMERALD] [854] ? NIV-A6643F0798701A19 | BASKET | CONTEMPORARY | PRONG | GOLD | KT_14 | 1ct | imgs:3
[21:52:10][EMERALD] [855] ? NIV-A6643F0798701A19 | BASKET | CONTEMPORARY | PRONG | GOLD | KT_14 | 1ct | imgs:3
[21:52:12][EMERALD] [856] ? NIV-FD9D8B92BC27E182 | BASKET | CONTEMPORARY | PRONG | GOLD | KT_14 | 1ct | imgs:3
[21:52:16][EMERALD] [857] ? NIV-FD9D8B92BC27E182 | BASKET | CONTEMPORARY | PRONG | GOLD | KT_14 | 1ct | imgs:3
[21:52:21][EMERALD] [858] ? NIV-FD9D8B92BC27E182 | BASKET | CONTEMPORARY | PRONG | GOLD | KT_14 | 1ct | imgs:3
[21:52:24][EMERALD] [859] ? NIV-F2F1C0FBFA0AF9FF | BASKET | CONTEMPORARY | PRONG | GOLD | KT_18 | 1ct | imgs:3
[21:52:27][EMERALD] [860] ? NIV-F2F1C0FBFA0AF9FF | BASKET | CONTEMPORARY | PRONG | GOLD | KT_18 | 1ct | imgs:3
[21:52:31][EMERALD] [861] ? NIV-F2F1C0FBFA0AF9FF | BASKET | CONTEMPORARY | PRONG | GOLD | KT_18 | 1ct | imgs:3
[21:52:34][EMERALD] [862] ? NIV-E5F52B079D1471D1 | BASKET | CONTEMPORARY | PRONG | GOLD | KT_18 | 1ct | imgs:3
[21:52:37][EMERALD] [863] ? NIV-E5F52B079D1471D1 | BASKET | CONTEMPORARY | PRONG | GOLD | KT_18 | 1ct | imgs:3
[21:52:42][EMERALD] [864] ? NIV-E5F52B079D1471D1 | BASKET | CONTEMPORARY | PRONG | GOLD | KT_18 | 1ct | imgs:3
[21:52:45][EMERALD] [865] ? NIV-444F59E8A54A94C0 | BASKET | CONTEMPORARY | PRONG | GOLD | KT_18 | 1ct | imgs:3
[21:52:48][EMERALD] [866] ? NIV-444F59E8A54A94C0 | BASKET | CONTEMPORARY | PRONG | GOLD | KT_18 | 1ct | imgs:3
[21:52:54][EMERALD] [867] ? NIV-444F59E8A54A94C0 | BASKET | CONTEMPORARY | PRONG | GOLD | KT_18 | 1ct | imgs:3
[21:52:57][EMERALD] [868] ? NIV-8723765374B77CAB | BASKET | CONTEMPORARY | PRONG | PLATINUM | PT_950 | 1ct | imgs:3
[21:53:03][EMERALD] [869] ? NIV-D1553D72D40F0C3F | BASKET | CONTEMPORARY | PRONG | GOLD | KT_10 | 1ct | imgs:3
[21:53:07][EMERALD] [870] ? NIV-D1553D72D40F0C3F | BASKET | CONTEMPORARY | PRONG | GOLD | KT_10 | 1ct | imgs:3
[21:53:10][EMERALD] [871] ? NIV-D1553D72D40F0C3F | BASKET | CONTEMPORARY | PRONG | GOLD | KT_10 | 1ct | imgs:3
[21:53:12][EMERALD] [872] ? NIV-75CD5422EA068AD0 | BASKET | CONTEMPORARY | PRONG | GOLD | KT_10 | 1ct | imgs:3
[21:53:16][EMERALD] [873] ? NIV-75CD5422EA068AD0 | BASKET | CONTEMPORARY | PRONG | GOLD | KT_10 | 1ct | imgs:3
[21:53:21][EMERALD] [874] ? NIV-75CD5422EA068AD0 | BASKET | CONTEMPORARY | PRONG | GOLD | KT_10 | 1ct | imgs:3
[21:53:24][EMERALD] [875] ? NIV-741CA641786D9662 | BASKET | CONTEMPORARY | PRONG | GOLD | KT_10 | 1ct | imgs:3
[21:53:27][EMERALD] [876] ? NIV-741CA641786D9662 | BASKET | CONTEMPORARY | PRONG | GOLD | KT_10 | 1ct | imgs:3
[21:53:31][EMERALD] [877] ? NIV-741CA641786D9662 | BASKET | CONTEMPORARY | PRONG | GOLD | KT_10 | 1ct | imgs:3
[21:53:33][EMERALD] [878] ? NIV-6F4CD80CC371D571 | BASKET | CONTEMPORARY | PRONG | GOLD | KT_14 | 1ct | imgs:3
[21:53:36][EMERALD] [879] ? NIV-6F4CD80CC371D571 | BASKET | CONTEMPORARY | PRONG | GOLD | KT_14 | 1ct | imgs:3
[21:53:40][EMERALD] [880] ? NIV-6F4CD80CC371D571 | BASKET | CONTEMPORARY | PRONG | GOLD | KT_14 | 1ct | imgs:3
[21:53:42][EMERALD] [881] ? NIV-573D8C5098029F76 | BASKET | CONTEMPORARY | PRONG | GOLD | KT_14 | 1ct | imgs:3
[21:53:46][EMERALD] [882] ? NIV-573D8C5098029F76 | BASKET | CONTEMPORARY | PRONG | GOLD | KT_14 | 1ct | imgs:3
[21:53:51][EMERALD] [883] ? NIV-573D8C5098029F76 | BASKET | CONTEMPORARY | PRONG | GOLD | KT_14 | 1ct | imgs:3
[21:53:54][EMERALD] [884] ? NIV-8008D9BA141DDEC7 | BASKET | CONTEMPORARY | PRONG | GOLD | KT_14 | 1ct | imgs:3
[21:53:58][EMERALD] [885] ? NIV-8008D9BA141DDEC7 | BASKET | CONTEMPORARY | PRONG | GOLD | KT_14 | 1ct | imgs:3
[21:54:01][EMERALD] [886] ? NIV-8008D9BA141DDEC7 | BASKET | CONTEMPORARY | PRONG | GOLD | KT_14 | 1ct | imgs:3
[21:54:06][EMERALD] [887] ? NIV-7EBE644197B2C1A8 | BASKET | CONTEMPORARY | PRONG | GOLD | KT_18 | 1ct | imgs:3
[21:54:09][EMERALD] [888] ? NIV-7EBE644197B2C1A8 | BASKET | CONTEMPORARY | PRONG | GOLD | KT_18 | 1ct | imgs:3
[21:54:13][EMERALD] [889] ? NIV-7EBE644197B2C1A8 | BASKET | CONTEMPORARY | PRONG | GOLD | KT_18 | 1ct | imgs:3
[21:54:15][EMERALD] [890] ? NIV-D16048E0B4E72F69 | BASKET | CONTEMPORARY | PRONG | GOLD | KT_18 | 1ct | imgs:3
[21:54:19][EMERALD] [891] ? NIV-D16048E0B4E72F69 | BASKET | CONTEMPORARY | PRONG | GOLD | KT_18 | 1ct | imgs:3
[21:54:22][EMERALD] [892] ? NIV-D16048E0B4E72F69 | BASKET | CONTEMPORARY | PRONG | GOLD | KT_18 | 1ct | imgs:3
[21:54:24][EMERALD] [893] ? NIV-83967EDC39C4BDC7 | BASKET | CONTEMPORARY | PRONG | GOLD | KT_18 | 1ct | imgs:3
[21:54:28][EMERALD] [894] ? NIV-83967EDC39C4BDC7 | BASKET | CONTEMPORARY | PRONG | GOLD | KT_18 | 1ct | imgs:3
[21:54:33][EMERALD] [895] ? NIV-83967EDC39C4BDC7 | BASKET | CONTEMPORARY | PRONG | GOLD | KT_18 | 1ct | imgs:3
[21:54:36][EMERALD] [896] ? NIV-BAE95C6909ABAFEC | BASKET | CONTEMPORARY | PRONG | PLATINUM | PT_950 | 1ct | imgs:3
[21:54:40][EMERALD] [897] ? NIV-5CD491350C1C16B1 | BASKET | CONTEMPORARY | PRONG | GOLD | KT_10 | 1ct | imgs:3
[21:54:45][EMERALD] [898] ? NIV-5CD491350C1C16B1 | BASKET | CONTEMPORARY | PRONG | GOLD | KT_10 | 1ct | imgs:3
[21:54:48][EMERALD] [899] ? NIV-5CD491350C1C16B1 | BASKET | CONTEMPORARY | PRONG | GOLD | KT_10 | 1ct | imgs:3
[21:54:51][EMERALD] [900] ? NIV-B4675DB282DE1161 | BASKET | CONTEMPORARY | PRONG | GOLD | KT_10 | 1ct | imgs:3
[21:54:55][EMERALD] [901] ? NIV-B4675DB282DE1161 | BASKET | CONTEMPORARY | PRONG | GOLD | KT_10 | 1ct | imgs:3
[21:55:00][EMERALD] [902] ? NIV-B4675DB282DE1161 | BASKET | CONTEMPORARY | PRONG | GOLD | KT_10 | 1ct | imgs:3
[21:55:03][EMERALD] [903] ? NIV-583063F4FE814E9D | BASKET | CONTEMPORARY | PRONG | GOLD | KT_10 | 1ct | imgs:3
[21:55:07][EMERALD] [904] ? NIV-583063F4FE814E9D | BASKET | CONTEMPORARY | PRONG | GOLD | KT_10 | 1ct | imgs:3
[21:55:10][EMERALD] [905] ? NIV-583063F4FE814E9D | BASKET | CONTEMPORARY | PRONG | GOLD | KT_10 | 1ct | imgs:3
[21:55:13][EMERALD] [906] ? NIV-09A68E65EC63DD74 | BASKET | CONTEMPORARY | PRONG | GOLD | KT_14 | 1ct | imgs:3
[21:55:16][EMERALD] [907] ? NIV-09A68E65EC63DD74 | BASKET | CONTEMPORARY | PRONG | GOLD | KT_14 | 1ct | imgs:3
[21:55:21][EMERALD] [908] ? NIV-09A68E65EC63DD74 | BASKET | CONTEMPORARY | PRONG | GOLD | KT_14 | 1ct | imgs:3
[21:55:24][EMERALD] [909] ? NIV-3A1A7A560856AB1E | BASKET | CONTEMPORARY | PRONG | GOLD | KT_14 | 1ct | imgs:3
[21:55:28][EMERALD] [910] ? NIV-3A1A7A560856AB1E | BASKET | CONTEMPORARY | PRONG | GOLD | KT_14 | 1ct | imgs:3
[21:55:33][EMERALD] [911] ? NIV-3A1A7A560856AB1E | BASKET | CONTEMPORARY | PRONG | GOLD | KT_14 | 1ct | imgs:3
[21:55:36][EMERALD] [912] ? NIV-E7A832F43FACD659 | BASKET | CONTEMPORARY | PRONG | GOLD | KT_14 | 1ct | imgs:3
[21:55:40][EMERALD] [913] ? NIV-E7A832F43FACD659 | BASKET | CONTEMPORARY | PRONG | GOLD | KT_14 | 1ct | imgs:3
[21:55:43][EMERALD] [914] ? NIV-E7A832F43FACD659 | BASKET | CONTEMPORARY | PRONG | GOLD | KT_14 | 1ct | imgs:3
[21:55:48][EMERALD] [915] ? NIV-877807275267B808 | BASKET | CONTEMPORARY | PRONG | GOLD | KT_18 | 1ct | imgs:3
[21:55:51][EMERALD] [916] ? NIV-877807275267B808 | BASKET | CONTEMPORARY | PRONG | GOLD | KT_18 | 1ct | imgs:3
[21:55:55][EMERALD] [917] ? NIV-877807275267B808 | BASKET | CONTEMPORARY | PRONG | GOLD | KT_18 | 1ct | imgs:3
[21:55:57][EMERALD] [918] ? NIV-A9B1F90B7B2AAB1C | BASKET | CONTEMPORARY | PRONG | GOLD | KT_18 | 1ct | imgs:3
[21:56:00][EMERALD] [919] ? NIV-A9B1F90B7B2AAB1C | BASKET | CONTEMPORARY | PRONG | GOLD | KT_18 | 1ct | imgs:3
[21:56:04][EMERALD] [920] ? NIV-A9B1F90B7B2AAB1C | BASKET | CONTEMPORARY | PRONG | GOLD | KT_18 | 1ct | imgs:3
[21:56:06][EMERALD] [921] ? NIV-E4F753068FB07F18 | BASKET | CONTEMPORARY | PRONG | GOLD | KT_18 | 1ct | imgs:3
[21:56:10][EMERALD] [922] ? NIV-E4F753068FB07F18 | BASKET | CONTEMPORARY | PRONG | GOLD | KT_18 | 1ct | imgs:3
[21:56:15][EMERALD] [923] ? NIV-E4F753068FB07F18 | BASKET | CONTEMPORARY | PRONG | GOLD | KT_18 | 1ct | imgs:3
[21:56:18][EMERALD] [924] ? NIV-CD307A479CB617DC | BASKET | CONTEMPORARY | PRONG | PLATINUM | PT_950 | 1ct | imgs:3
[21:56:24][EMERALD] [925] ? NIV-9992D948930ACAB9 | BASKET | CONTEMPORARY | PRONG | GOLD | KT_10 | 1ct | imgs:3
[21:56:28][EMERALD] [926] ? NIV-9992D948930ACAB9 | BASKET | CONTEMPORARY | PRONG | GOLD | KT_10 | 1ct | imgs:3
[21:56:33][EMERALD] [927] ? NIV-9992D948930ACAB9 | BASKET | CONTEMPORARY | PRONG | GOLD | KT_10 | 1ct | imgs:3
[21:56:36][EMERALD] [928] ? NIV-82A3A2667267ADF4 | BASKET | CONTEMPORARY | PRONG | GOLD | KT_10 | 1ct | imgs:3
[21:56:39][EMERALD] [929] ? NIV-82A3A2667267ADF4 | BASKET | CONTEMPORARY | PRONG | GOLD | KT_10 | 1ct | imgs:3
[21:56:43][EMERALD] [930] ? NIV-82A3A2667267ADF4 | BASKET | CONTEMPORARY | PRONG | GOLD | KT_10 | 1ct | imgs:3
[21:56:45][EMERALD] [931] ? NIV-63D91AE8A1076646 | BASKET | CONTEMPORARY | PRONG | GOLD | KT_10 | 1ct | imgs:3
[21:56:48][EMERALD] [932] ? NIV-63D91AE8A1076646 | BASKET | CONTEMPORARY | PRONG | GOLD | KT_10 | 1ct | imgs:3
[21:56:52][EMERALD] [933] ? NIV-63D91AE8A1076646 | BASKET | CONTEMPORARY | PRONG | GOLD | KT_10 | 1ct | imgs:3
[21:56:55][EMERALD] [934] ? NIV-307CED3E31028E6D | BASKET | CONTEMPORARY | PRONG | GOLD | KT_14 | 1ct | imgs:3
[21:57:00][EMERALD] [935] ? NIV-307CED3E31028E6D | BASKET | CONTEMPORARY | PRONG | GOLD | KT_14 | 1ct | imgs:3
[21:57:03][EMERALD] [936] ? NIV-307CED3E31028E6D | BASKET | CONTEMPORARY | PRONG | GOLD | KT_14 | 1ct | imgs:3
[21:57:06][EMERALD] [937] ? NIV-E6E92358B90EAD0F | BASKET | CONTEMPORARY | PRONG | GOLD | KT_14 | 1ct | imgs:3
[21:57:09][EMERALD] [938] ? NIV-E6E92358B90EAD0F | BASKET | CONTEMPORARY | PRONG | GOLD | KT_14 | 1ct | imgs:3
[21:57:13][EMERALD] [939] ? NIV-E6E92358B90EAD0F | BASKET | CONTEMPORARY | PRONG | GOLD | KT_14 | 1ct | imgs:3
[21:57:15][EMERALD] [940] ? NIV-1687804E685C8F7B | BASKET | CONTEMPORARY | PRONG | GOLD | KT_14 | 1ct | imgs:3
[21:57:21][EMERALD] [941] ? NIV-1687804E685C8F7B | BASKET | CONTEMPORARY | PRONG | GOLD | KT_14 | 1ct | imgs:3
[21:57:25][EMERALD] [942] ? NIV-1687804E685C8F7B | BASKET | CONTEMPORARY | PRONG | GOLD | KT_14 | 1ct | imgs:3
[21:57:30][EMERALD] [943] ? NIV-0E8D801457C852AF | BASKET | CONTEMPORARY | PRONG | GOLD | KT_18 | 1ct | imgs:3
[21:57:34][EMERALD] [944] ? NIV-0E8D801457C852AF | BASKET | CONTEMPORARY | PRONG | GOLD | KT_18 | 1ct | imgs:3
[21:57:39][EMERALD] [945] ? NIV-0E8D801457C852AF | BASKET | CONTEMPORARY | PRONG | GOLD | KT_18 | 1ct | imgs:3
[21:57:43][EMERALD] [946] ? NIV-379C7347CC3FA237 | BASKET | CONTEMPORARY | PRONG | GOLD | KT_18 | 1ct | imgs:3
[21:57:46][EMERALD] [947] ? NIV-379C7347CC3FA237 | BASKET | CONTEMPORARY | PRONG | GOLD | KT_18 | 1ct | imgs:3
[21:57:49][EMERALD] [948] ? NIV-379C7347CC3FA237 | BASKET | CONTEMPORARY | PRONG | GOLD | KT_18 | 1ct | imgs:3
[21:57:51][EMERALD] [949] ? NIV-6F12253FD210C042 | BASKET | CONTEMPORARY | PRONG | GOLD | KT_18 | 1ct | imgs:3
[21:57:54][EMERALD] [950] ? NIV-6F12253FD210C042 | BASKET | CONTEMPORARY | PRONG | GOLD | KT_18 | 1ct | imgs:3
[21:57:58][EMERALD] [951] ? NIV-6F12253FD210C042 | BASKET | CONTEMPORARY | PRONG | GOLD | KT_18 | 1ct | imgs:3
[21:58:00][EMERALD] [952] ? NIV-635672110D406208 | BASKET | CONTEMPORARY | PRONG | PLATINUM | PT_950 | 1ct | imgs:3
[21:58:06][EMERALD] [953] ? NIV-BD3141D85EAD8E5E | BASKET | CONTEMPORARY | PRONG | GOLD | KT_10 | 1ct | imgs:3
[21:58:09][EMERALD] [954] ? NIV-BD3141D85EAD8E5E | BASKET | CONTEMPORARY | PRONG | GOLD | KT_10 | 1ct | imgs:3
[21:58:13][EMERALD] [955] ? NIV-BD3141D85EAD8E5E | BASKET | CONTEMPORARY | PRONG | GOLD | KT_10 | 1ct | imgs:3
[21:58:15][EMERALD] [956] ? NIV-DFAD684C5E884A98 | BASKET | CONTEMPORARY | PRONG | GOLD | KT_10 | 1ct | imgs:3
[21:58:18][EMERALD] [957] ? NIV-DFAD684C5E884A98 | BASKET | CONTEMPORARY | PRONG | GOLD | KT_10 | 1ct | imgs:3
[21:58:22][EMERALD] [958] ? NIV-DFAD684C5E884A98 | BASKET | CONTEMPORARY | PRONG | GOLD | KT_10 | 1ct | imgs:3
[21:58:24][EMERALD] [959] ? NIV-44609D2FA849624C | BASKET | CONTEMPORARY | PRONG | GOLD | KT_10 | 1ct | imgs:3
[21:58:28][EMERALD] [960] ? NIV-44609D2FA849624C | BASKET | CONTEMPORARY | PRONG | GOLD | KT_10 | 1ct | imgs:3
[21:58:33][EMERALD] [961] ? NIV-44609D2FA849624C | BASKET | CONTEMPORARY | PRONG | GOLD | KT_10 | 1ct | imgs:3
[21:58:36][EMERALD] [962] ? NIV-5918E827671B98DB | BASKET | CONTEMPORARY | PRONG | GOLD | KT_14 | 1ct | imgs:3
[21:58:40][EMERALD] [963] ? NIV-5918E827671B98DB | BASKET | CONTEMPORARY | PRONG | GOLD | KT_14 | 1ct | imgs:3
[21:58:43][EMERALD] [964] ? NIV-5918E827671B98DB | BASKET | CONTEMPORARY | PRONG | GOLD | KT_14 | 1ct | imgs:3
[21:58:47][EMERALD] [965] ? NIV-C370DCCAA727EB0C | BASKET | CONTEMPORARY | PRONG | GOLD | KT_14 | 1ct | imgs:1
[21:58:51][EMERALD] [966] ? NIV-C370DCCAA727EB0C | BASKET | CONTEMPORARY | PRONG | GOLD | KT_14 | 1ct | imgs:3
[21:58:55][EMERALD] [967] ? NIV-C370DCCAA727EB0C | BASKET | CONTEMPORARY | PRONG | GOLD | KT_14 | 1ct | imgs:3
[21:58:57][EMERALD] [968] ? NIV-77D1F0018438CB44 | BASKET | CONTEMPORARY | PRONG | GOLD | KT_14 | 1ct | imgs:3
[21:59:01][EMERALD] [969] ? NIV-77D1F0018438CB44 | BASKET | CONTEMPORARY | PRONG | GOLD | KT_14 | 1ct | imgs:3
[21:59:06][EMERALD] [970] ? NIV-77D1F0018438CB44 | BASKET | CONTEMPORARY | PRONG | GOLD | KT_14 | 1ct | imgs:3
[21:59:12][EMERALD] [971] ? NIV-03BE0BF1BA851E02 | BASKET | CONTEMPORARY | PRONG | GOLD | KT_18 | 1ct | imgs:3
[21:59:15][EMERALD] [972] ? NIV-03BE0BF1BA851E02 | BASKET | CONTEMPORARY | PRONG | GOLD | KT_18 | 1ct | imgs:3
[21:59:19][EMERALD] [973] ? NIV-03BE0BF1BA851E02 | BASKET | CONTEMPORARY | PRONG | GOLD | KT_18 | 1ct | imgs:3
[21:59:21][EMERALD] [974] ? NIV-BA862468CA48289C | BASKET | CONTEMPORARY | PRONG | GOLD | KT_18 | 1ct | imgs:3
[21:59:25][EMERALD] [975] ? NIV-BA862468CA48289C | BASKET | CONTEMPORARY | PRONG | GOLD | KT_18 | 1ct | imgs:3
[21:59:28][EMERALD] [976] ? NIV-BA862468CA48289C | BASKET | CONTEMPORARY | PRONG | GOLD | KT_18 | 1ct | imgs:3
[21:59:30][EMERALD] [977] ? NIV-23249C5A614C3603 | BASKET | CONTEMPORARY | PRONG | GOLD | KT_18 | 1ct | imgs:3
[21:59:34][EMERALD] [978] ? NIV-23249C5A614C3603 | BASKET | CONTEMPORARY | PRONG | GOLD | KT_18 | 1ct | imgs:3
[21:59:39][EMERALD] [979] ? NIV-23249C5A614C3603 | BASKET | CONTEMPORARY | PRONG | GOLD | KT_18 | 1ct | imgs:3
[21:59:42][EMERALD] [980] ? NIV-15E2A95F9246C9A4 | BASKET | CONTEMPORARY | PRONG | PLATINUM | PT_950 | 1ct | imgs:3
[21:59:46][EMERALD] [981] ? NIV-B47BD978AF69CDEF | BASKET | CONTEMPORARY | PRONG | GOLD | KT_10 | 1ct | imgs:3
[21:59:51][EMERALD] [982] ? NIV-B47BD978AF69CDEF | BASKET | CONTEMPORARY | PRONG | GOLD | KT_10 | 1ct | imgs:3
[21:59:55][EMERALD] [983] ? NIV-B47BD978AF69CDEF | BASKET | CONTEMPORARY | PRONG | GOLD | KT_10 | 1ct | imgs:3
[21:59:57][EMERALD] [984] ? NIV-625A1100B3FC419A | BASKET | CONTEMPORARY | PRONG | GOLD | KT_10 | 1ct | imgs:3
[22:00:01][EMERALD] [985] ? NIV-625A1100B3FC419A | BASKET | CONTEMPORARY | PRONG | GOLD | KT_10 | 1ct | imgs:3
[22:00:06][EMERALD] [986] ? NIV-625A1100B3FC419A | BASKET | CONTEMPORARY | PRONG | GOLD | KT_10 | 1ct | imgs:3
[22:00:09][EMERALD] [987] ? NIV-6CC39DD662488F11 | BASKET | CONTEMPORARY | PRONG | GOLD | KT_10 | 1ct | imgs:3
[22:00:13][EMERALD] [988] ? NIV-6CC39DD662488F11 | BASKET | CONTEMPORARY | PRONG | GOLD | KT_10 | 1ct | imgs:3
[22:00:16][EMERALD] [989] ? NIV-6CC39DD662488F11 | BASKET | CONTEMPORARY | PRONG | GOLD | KT_10 | 1ct | imgs:3
[22:00:19][EMERALD] [990] ? NIV-2160782A79A4354C | BASKET | CONTEMPORARY | PRONG | GOLD | KT_14 | 1ct | imgs:3
[22:00:24][EMERALD] [991] ? NIV-2160782A79A4354C | BASKET | CONTEMPORARY | PRONG | GOLD | KT_14 | 1ct | imgs:3
[22:00:28][EMERALD] [992] ? NIV-2160782A79A4354C | BASKET | CONTEMPORARY | PRONG | GOLD | KT_14 | 1ct | imgs:3
[22:00:30][EMERALD] [993] ? NIV-E798528A052F3D0B | BASKET | CONTEMPORARY | PRONG | GOLD | KT_14 | 1ct | imgs:1
[22:00:33][EMERALD] [994] ? NIV-E798528A052F3D0B | BASKET | CONTEMPORARY | PRONG | GOLD | KT_14 | 1ct | imgs:3
[22:00:39][EMERALD] [995] ? NIV-E798528A052F3D0B | BASKET | CONTEMPORARY | PRONG | GOLD | KT_14 | 1ct | imgs:3
[22:00:42][EMERALD] [996] ? NIV-BA5579B25D09FF56 | BASKET | CONTEMPORARY | PRONG | GOLD | KT_14 | 1ct | imgs:3
[22:00:46][EMERALD] [997] ? NIV-BA5579B25D09FF56 | BASKET | CONTEMPORARY | PRONG | GOLD | KT_14 | 1ct | imgs:3
[22:00:51][EMERALD] [998] ? NIV-BA5579B25D09FF56 | BASKET | CONTEMPORARY | PRONG | GOLD | KT_14 | 1ct | imgs:3
[22:00:54][EMERALD] [999] ? NIV-D8195DB1155CB735 | BASKET | CONTEMPORARY | PRONG | GOLD | KT_18 | 1ct | imgs:1
[22:00:58][EMERALD] [1000] ? NIV-D8195DB1155CB735 | BASKET | CONTEMPORARY | PRONG | GOLD | KT_18 | 1ct | imgs:3
[22:01:03][EMERALD] [1001] ? NIV-D8195DB1155CB735 | BASKET | CONTEMPORARY | PRONG | GOLD | KT_18 | 1ct | imgs:3
[22:01:06][EMERALD] [1002] ? NIV-B368EDA7118D37D5 | BASKET | CONTEMPORARY | PRONG | GOLD | KT_18 | 1ct | imgs:3
[22:01:10][EMERALD] [1003] ? NIV-B368EDA7118D37D5 | BASKET | CONTEMPORARY | PRONG | GOLD | KT_18 | 1ct | imgs:3
[22:01:15][EMERALD] [1004] ? NIV-B368EDA7118D37D5 | BASKET | CONTEMPORARY | PRONG | GOLD | KT_18 | 1ct | imgs:3
[22:01:18][EMERALD] [1005] ? NIV-C2E49DC10E75559F | BASKET | CONTEMPORARY | PRONG | GOLD | KT_18 | 1ct | imgs:3
[22:01:22][EMERALD] [1006] ? NIV-C2E49DC10E75559F | BASKET | CONTEMPORARY | PRONG | GOLD | KT_18 | 1ct | imgs:3
[22:01:28][EMERALD] [1007] ? NIV-C2E49DC10E75559F | BASKET | CONTEMPORARY | PRONG | GOLD | KT_18 | 1ct | imgs:3
[22:01:30][EMERALD] [1008] ? NIV-327C8551BDC864FA | BASKET | CONTEMPORARY | PRONG | PLATINUM | PT_950 | 1ct | imgs:3
[22:01:36][EMERALD] [1009] ? NIV-6B359C94E3B07952 | BASKET | CONTEMPORARY | PRONG | GOLD | KT_10 | 1ct | imgs:3
[22:01:39][EMERALD] [1010] ? NIV-6B359C94E3B07952 | BASKET | CONTEMPORARY | PRONG | GOLD | KT_10 | 1ct | imgs:3
[22:01:43][EMERALD] [1011] ? NIV-6B359C94E3B07952 | BASKET | CONTEMPORARY | PRONG | GOLD | KT_10 | 1ct | imgs:3
[22:01:45][EMERALD] [1012] ? NIV-31332BB2FC108BDE | BASKET | CONTEMPORARY | PRONG | GOLD | KT_10 | 1ct | imgs:3
[22:01:48][EMERALD] [1013] ? NIV-31332BB2FC108BDE | BASKET | CONTEMPORARY | PRONG | GOLD | KT_10 | 1ct | imgs:3
[22:01:52][EMERALD] [1014] ? NIV-31332BB2FC108BDE | BASKET | CONTEMPORARY | PRONG | GOLD | KT_10 | 1ct | imgs:3
[22:01:54][EMERALD] [1015] ? NIV-A13B56BAA887FC62 | BASKET | CONTEMPORARY | PRONG | GOLD | KT_10 | 1ct | imgs:3
[22:01:58][EMERALD] [1016] ? NIV-A13B56BAA887FC62 | BASKET | CONTEMPORARY | PRONG | GOLD | KT_10 | 1ct | imgs:3
[22:02:03][EMERALD] [1017] ? NIV-A13B56BAA887FC62 | BASKET | CONTEMPORARY | PRONG | GOLD | KT_10 | 1ct | imgs:3
[22:02:06][EMERALD] [1018] ? NIV-E474A28A5A7501E5 | BASKET | CONTEMPORARY | PRONG | GOLD | KT_14 | 1ct | imgs:3
[22:02:10][EMERALD] [1019] ? NIV-E474A28A5A7501E5 | BASKET | CONTEMPORARY | PRONG | GOLD | KT_14 | 1ct | imgs:3
[22:02:15][EMERALD] [1020] ? NIV-E474A28A5A7501E5 | BASKET | CONTEMPORARY | PRONG | GOLD | KT_14 | 1ct | imgs:3
[22:02:18][EMERALD] [1021] ? NIV-319EB28A14B3AE80 | BASKET | CONTEMPORARY | PRONG | GOLD | KT_14 | 1ct | imgs:3
[22:02:22][EMERALD] [1022] ? NIV-319EB28A14B3AE80 | BASKET | CONTEMPORARY | PRONG | GOLD | KT_14 | 1ct | imgs:3
[22:02:27][EMERALD] [1023] ? NIV-319EB28A14B3AE80 | BASKET | CONTEMPORARY | PRONG | GOLD | KT_14 | 1ct | imgs:3
[22:02:30][EMERALD] [1024] ? NIV-AE145C1922F76976 | BASKET | CONTEMPORARY | PRONG | GOLD | KT_14 | 1ct | imgs:3
[22:02:33][EMERALD] [1025] ? NIV-AE145C1922F76976 | BASKET | CONTEMPORARY | PRONG | GOLD | KT_14 | 1ct | imgs:3
[22:02:37][EMERALD] [1026] ? NIV-AE145C1922F76976 | BASKET | CONTEMPORARY | PRONG | GOLD | KT_14 | 1ct | imgs:3
[22:02:40][EMERALD] [1027] ? NIV-06019064F2FABBCD | BASKET | CONTEMPORARY | PRONG | GOLD | KT_18 | 1ct | imgs:3
[22:02:45][EMERALD] [1028] ? NIV-06019064F2FABBCD | BASKET | CONTEMPORARY | PRONG | GOLD | KT_18 | 1ct | imgs:3
[22:02:48][EMERALD] [1029] ? NIV-06019064F2FABBCD | BASKET | CONTEMPORARY | PRONG | GOLD | KT_18 | 1ct | imgs:3
[22:03:00][EMERALD] [1030] ??  NIV-F82155F9C1ADE1CF | BASKET | CONTEMPORARY | PRONG | GOLD | KT_18 | 1ct | imgs:0
[22:03:00][EMERALD]   Re-seleccionando EMERALD (intento 1)
[22:03:00][EMERALD]   Boton no encontrado ? recargando configurador...
[22:03:14][EMERALD]   Re-seleccionando EMERALD (intento 2)
[22:03:17][EMERALD]   Re-seleccionando EMERALD (intento 3)
[22:03:20][EMERALD] [1031] ? NIV-5F5A857F33EF336D | BASKET | CONTEMPORARY | PRONG | GOLD | KT_18 | 1ct | imgs:3
[22:03:23][EMERALD] [1032] ? NIV-0617BAFFC8F22085 | BASKET | CONTEMPORARY | PRONG | GOLD | KT_18 | 1ct | imgs:3
[22:03:26][EMERALD] [1033] ? NIV-29DD8E52D3103B43 | BASKET | CONTEMPORARY | PRONG | GOLD | KT_18 | 1ct | imgs:3
[22:03:29][EMERALD] [1034] ? NIV-022700432B17CE96 | BASKET | CONTEMPORARY | PRONG | GOLD | KT_18 | 1ct | imgs:3
[22:03:32][EMERALD] [1035] ? NIV-4C58A4FB5312412D | BASKET | CONTEMPORARY | PRONG | GOLD | KT_18 | 1ct | imgs:3
[22:03:35][EMERALD] [1036] ? NIV-DE75F99A88EA3D49 | BASKET | CONTEMPORARY | PRONG | PLATINUM | PT_950 | 1ct | imgs:3
[22:03:42][EMERALD] [1037] ? NIV-B22E915376FC6C98 | BASKET | CONTEMPORARY | BEAD | GOLD | KT_10 | 1ct | imgs:3
[22:03:47][EMERALD] [1038] ? NIV-B22E915376FC6C98 | BASKET | CONTEMPORARY | BEAD | GOLD | KT_10 | 1ct | imgs:3
[22:03:51][EMERALD] [1039] ? NIV-B22E915376FC6C98 | BASKET | CONTEMPORARY | BEAD | GOLD | KT_10 | 1ct | imgs:3
[22:03:53][EMERALD] [1040] ? NIV-E87A2C66FDE911AD | BASKET | CONTEMPORARY | BEAD | GOLD | KT_10 | 1ct | imgs:3
[22:03:57][EMERALD] [1041] ? NIV-E87A2C66FDE911AD | BASKET | CONTEMPORARY | BEAD | GOLD | KT_10 | 1ct | imgs:3
[22:04:00][EMERALD] [1042] ? NIV-E87A2C66FDE911AD | BASKET | CONTEMPORARY | BEAD | GOLD | KT_10 | 1ct | imgs:3
[22:04:02][EMERALD] [1043] ? NIV-9C450C522ECDBADD | BASKET | CONTEMPORARY | BEAD | GOLD | KT_10 | 1ct | imgs:3
[22:04:05][EMERALD] [1044] ? NIV-9C450C522ECDBADD | BASKET | CONTEMPORARY | BEAD | GOLD | KT_10 | 1ct | imgs:3
[22:04:09][EMERALD] [1045] ? NIV-9C450C522ECDBADD | BASKET | CONTEMPORARY | BEAD | GOLD | KT_10 | 1ct | imgs:3
[22:04:19][EMERALD] [1046] ??  NIV-9C450C522ECDBADD | BASKET | CONTEMPORARY | BEAD | GOLD | KT_14 | 1ct | imgs:0
[22:04:31][EMERALD] [1047] ??  NIV-9C450C522ECDBADD | BASKET | CONTEMPORARY | BEAD | GOLD | KT_14 | 1ct | imgs:0
[22:04:39][EMERALD] [1048] ? NIV-A321DD0E569D6F43 | BASKET | CONTEMPORARY | BEAD | GOLD | KT_14 | 1ct | imgs:2
[22:04:48][EMERALD] [1049] ? NIV-E980BAE4A2F73B6D | BASKET | CONTEMPORARY | BEAD | GOLD | KT_14 | 1ct | imgs:1
[22:04:53][EMERALD] [1050] ? NIV-E980BAE4A2F73B6D | BASKET | CONTEMPORARY | BEAD | GOLD | KT_14 | 1ct | imgs:3
[22:04:56][EMERALD] [1051] ? NIV-E980BAE4A2F73B6D | BASKET | CONTEMPORARY | BEAD | GOLD | KT_14 | 1ct | imgs:3
[22:04:59][EMERALD] [1052] ? NIV-634D46EE41AC4258 | BASKET | CONTEMPORARY | BEAD | GOLD | KT_14 | 1ct | imgs:3
[22:05:03][EMERALD] [1053] ? NIV-634D46EE41AC4258 | BASKET | CONTEMPORARY | BEAD | GOLD | KT_14 | 1ct | imgs:3
[22:05:08][EMERALD] [1054] ? NIV-634D46EE41AC4258 | BASKET | CONTEMPORARY | BEAD | GOLD | KT_14 | 1ct | imgs:3
[22:05:12][EMERALD] [1055] ? NIV-355688164C6B47CD | BASKET | CONTEMPORARY | BEAD | GOLD | KT_18 | 1ct | imgs:3
[22:05:17][EMERALD] [1056] ? NIV-355688164C6B47CD | BASKET | CONTEMPORARY | BEAD | GOLD | KT_18 | 1ct | imgs:3
[22:05:21][EMERALD] [1057] ? NIV-355688164C6B47CD | BASKET | CONTEMPORARY | BEAD | GOLD | KT_18 | 1ct | imgs:3
[22:05:23][EMERALD] [1058] ? NIV-42F9FC9046D74717 | BASKET | CONTEMPORARY | BEAD | GOLD | KT_18 | 1ct | imgs:3
[22:05:29][EMERALD] [1059] ? NIV-42F9FC9046D74717 | BASKET | CONTEMPORARY | BEAD | GOLD | KT_18 | 1ct | imgs:3
[22:05:33][EMERALD] [1060] ? NIV-42F9FC9046D74717 | BASKET | CONTEMPORARY | BEAD | GOLD | KT_18 | 1ct | imgs:3
[22:05:35][EMERALD] [1061] ? NIV-B1F7F3E3B6B8AA50 | BASKET | CONTEMPORARY | BEAD | GOLD | KT_18 | 1ct | imgs:3
[22:05:39][EMERALD] [1062] ? NIV-B1F7F3E3B6B8AA50 | BASKET | CONTEMPORARY | BEAD | GOLD | KT_18 | 1ct | imgs:3
[22:05:44][EMERALD] [1063] ? NIV-B1F7F3E3B6B8AA50 | BASKET | CONTEMPORARY | BEAD | GOLD | KT_18 | 1ct | imgs:3
[22:05:47][EMERALD] [1064] ? NIV-766CB2830C5ADFB7 | BASKET | CONTEMPORARY | BEAD | PLATINUM | PT_950 | 1ct | imgs:3
[22:05:53][EMERALD] [1065] ? NIV-DCBD696181608E25 | BASKET | CONTEMPORARY | BEAD | GOLD | KT_10 | 1ct | imgs:3
[22:05:56][EMERALD] [1066] ? NIV-DCBD696181608E25 | BASKET | CONTEMPORARY | BEAD | GOLD | KT_10 | 1ct | imgs:3
[22:06:00][EMERALD] [1067] ? NIV-DCBD696181608E25 | BASKET | CONTEMPORARY | BEAD | GOLD | KT_10 | 1ct | imgs:3
[22:06:02][EMERALD] [1068] ? NIV-83D2B4BC36E8FD51 | BASKET | CONTEMPORARY | BEAD | GOLD | KT_10 | 1ct | imgs:3
[22:06:06][EMERALD] [1069] ? NIV-83D2B4BC36E8FD51 | BASKET | CONTEMPORARY | BEAD | GOLD | KT_10 | 1ct | imgs:3
[22:06:11][EMERALD] [1070] ? NIV-83D2B4BC36E8FD51 | BASKET | CONTEMPORARY | BEAD | GOLD | KT_10 | 1ct | imgs:3
[22:06:14][EMERALD] [1071] ? NIV-1CB6B7F5FD32CE07 | BASKET | CONTEMPORARY | BEAD | GOLD | KT_10 | 1ct | imgs:3
[22:06:18][EMERALD] [1072] ? NIV-1CB6B7F5FD32CE07 | BASKET | CONTEMPORARY | BEAD | GOLD | KT_10 | 1ct | imgs:3
[22:06:23][EMERALD] [1073] ? NIV-1CB6B7F5FD32CE07 | BASKET | CONTEMPORARY | BEAD | GOLD | KT_10 | 1ct | imgs:3
[22:06:26][EMERALD] [1074] ? NIV-9B06FD87F7770DC8 | BASKET | CONTEMPORARY | BEAD | GOLD | KT_14 | 1ct | imgs:3
[22:06:30][EMERALD] [1075] ? NIV-9B06FD87F7770DC8 | BASKET | CONTEMPORARY | BEAD | GOLD | KT_14 | 1ct | imgs:3
[22:06:33][EMERALD] [1076] ? NIV-9B06FD87F7770DC8 | BASKET | CONTEMPORARY | BEAD | GOLD | KT_14 | 1ct | imgs:3
[22:06:35][EMERALD] [1077] ? NIV-B140D8B3FB9EC806 | BASKET | CONTEMPORARY | BEAD | GOLD | KT_14 | 1ct | imgs:3
[22:06:39][EMERALD] [1078] ? NIV-B140D8B3FB9EC806 | BASKET | CONTEMPORARY | BEAD | GOLD | KT_14 | 1ct | imgs:3
[22:06:44][EMERALD] [1079] ? NIV-B140D8B3FB9EC806 | BASKET | CONTEMPORARY | BEAD | GOLD | KT_14 | 1ct | imgs:3
[22:06:47][EMERALD] [1080] ? NIV-9E1F61C74DDE3F0C | BASKET | CONTEMPORARY | BEAD | GOLD | KT_14 | 1ct | imgs:3
[22:06:53][EMERALD] [1081] ? NIV-9E1F61C74DDE3F0C | BASKET | CONTEMPORARY | BEAD | GOLD | KT_14 | 1ct | imgs:3
[22:06:57][EMERALD] [1082] ? NIV-9E1F61C74DDE3F0C | BASKET | CONTEMPORARY | BEAD | GOLD | KT_14 | 1ct | imgs:3
[22:06:59][EMERALD] [1083] ? NIV-23235114F9F0E02E | BASKET | CONTEMPORARY | BEAD | GOLD | KT_18 | 1ct | imgs:3
[22:07:03][EMERALD] [1084] ? NIV-23235114F9F0E02E | BASKET | CONTEMPORARY | BEAD | GOLD | KT_18 | 1ct | imgs:3
[22:07:06][EMERALD] [1085] ? NIV-23235114F9F0E02E | BASKET | CONTEMPORARY | BEAD | GOLD | KT_18 | 1ct | imgs:3
[22:07:08][EMERALD] [1086] ? NIV-127F437ABD27CBD4 | BASKET | CONTEMPORARY | BEAD | GOLD | KT_18 | 1ct | imgs:3
[22:07:12][EMERALD] [1087] ? NIV-127F437ABD27CBD4 | BASKET | CONTEMPORARY | BEAD | GOLD | KT_18 | 1ct | imgs:3
[22:07:15][EMERALD] [1088] ? NIV-127F437ABD27CBD4 | BASKET | CONTEMPORARY | BEAD | GOLD | KT_18 | 1ct | imgs:3
[22:07:17][EMERALD] [1089] ? NIV-CCF6EA2B925DE193 | BASKET | CONTEMPORARY | BEAD | GOLD | KT_18 | 1ct | imgs:3
[22:07:21][EMERALD] [1090] ? NIV-CCF6EA2B925DE193 | BASKET | CONTEMPORARY | BEAD | GOLD | KT_18 | 1ct | imgs:3
[22:07:24][EMERALD] [1091] ? NIV-CCF6EA2B925DE193 | BASKET | CONTEMPORARY | BEAD | GOLD | KT_18 | 1ct | imgs:3
[22:07:26][EMERALD] [1092] ? NIV-BA658107281BF914 | BASKET | CONTEMPORARY | BEAD | PLATINUM | PT_950 | 1ct | imgs:3
[22:07:30][EMERALD] [1093] ? NIV-C70CD74235B93FBB | BASKET | CONTEMPORARY | BEAD | GOLD | KT_10 | 1ct | imgs:3
[22:07:35][EMERALD] [1094] ? NIV-C70CD74235B93FBB | BASKET | CONTEMPORARY | BEAD | GOLD | KT_10 | 1ct | imgs:3
[22:07:39][EMERALD] [1095] ? NIV-C70CD74235B93FBB | BASKET | CONTEMPORARY | BEAD | GOLD | KT_10 | 1ct | imgs:3
[22:07:41][EMERALD] [1096] ? NIV-1DB39D2DA61F00A8 | BASKET | CONTEMPORARY | BEAD | GOLD | KT_10 | 1ct | imgs:3
[22:07:45][EMERALD] [1097] ? NIV-1DB39D2DA61F00A8 | BASKET | CONTEMPORARY | BEAD | GOLD | KT_10 | 1ct | imgs:3
[22:07:48][EMERALD] [1098] ? NIV-1DB39D2DA61F00A8 | BASKET | CONTEMPORARY | BEAD | GOLD | KT_10 | 1ct | imgs:3
[22:07:50][EMERALD] [1099] ? NIV-9A159C5BFD15BB82 | BASKET | CONTEMPORARY | BEAD | GOLD | KT_10 | 1ct | imgs:3
[22:07:54][EMERALD] [1100] ? NIV-9A159C5BFD15BB82 | BASKET | CONTEMPORARY | BEAD | GOLD | KT_10 | 1ct | imgs:3
[22:07:57][EMERALD] [1101] ? NIV-9A159C5BFD15BB82 | BASKET | CONTEMPORARY | BEAD | GOLD | KT_10 | 1ct | imgs:3
[22:08:00][EMERALD] [1102] ? NIV-E700501B4B79FC3E | BASKET | CONTEMPORARY | BEAD | GOLD | KT_14 | 1ct | imgs:3
[22:08:03][EMERALD] [1103] ? NIV-E700501B4B79FC3E | BASKET | CONTEMPORARY | BEAD | GOLD | KT_14 | 1ct | imgs:3
[22:08:08][EMERALD] [1104] ? NIV-E700501B4B79FC3E | BASKET | CONTEMPORARY | BEAD | GOLD | KT_14 | 1ct | imgs:3
[22:08:11][EMERALD] [1105] ? NIV-3C071EB031703182 | BASKET | CONTEMPORARY | BEAD | GOLD | KT_14 | 1ct | imgs:3
[22:08:15][EMERALD] [1106] ? NIV-3C071EB031703182 | BASKET | CONTEMPORARY | BEAD | GOLD | KT_14 | 1ct | imgs:3
[22:08:20][EMERALD] [1107] ? NIV-3C071EB031703182 | BASKET | CONTEMPORARY | BEAD | GOLD | KT_14 | 1ct | imgs:3
[22:08:23][EMERALD] [1108] ? NIV-9B0D5B72D6E16FEF | BASKET | CONTEMPORARY | BEAD | GOLD | KT_14 | 1ct | imgs:3
[22:08:27][EMERALD] [1109] ? NIV-9B0D5B72D6E16FEF | BASKET | CONTEMPORARY | BEAD | GOLD | KT_14 | 1ct | imgs:3
[22:08:30][EMERALD] [1110] ? NIV-9B0D5B72D6E16FEF | BASKET | CONTEMPORARY | BEAD | GOLD | KT_14 | 1ct | imgs:3
[22:08:32][EMERALD] [1111] ? NIV-F4BF73827238F7A0 | BASKET | CONTEMPORARY | BEAD | GOLD | KT_18 | 1ct | imgs:3
[22:08:36][EMERALD] [1112] ? NIV-F4BF73827238F7A0 | BASKET | CONTEMPORARY | BEAD | GOLD | KT_18 | 1ct | imgs:3
[22:08:41][EMERALD] [1113] ? NIV-F4BF73827238F7A0 | BASKET | CONTEMPORARY | BEAD | GOLD | KT_18 | 1ct | imgs:3
[22:08:44][EMERALD] [1114] ? NIV-7CB1EF61EB1F7A4C | BASKET | CONTEMPORARY | BEAD | GOLD | KT_18 | 1ct | imgs:3
[22:08:50][EMERALD] [1115] ? NIV-7CB1EF61EB1F7A4C | BASKET | CONTEMPORARY | BEAD | GOLD | KT_18 | 1ct | imgs:3
[22:08:54][EMERALD] [1116] ? NIV-7CB1EF61EB1F7A4C | BASKET | CONTEMPORARY | BEAD | GOLD | KT_18 | 1ct | imgs:3
[22:08:56][EMERALD] [1117] ? NIV-258D0A56EA0E6A0E | BASKET | CONTEMPORARY | BEAD | GOLD | KT_18 | 1ct | imgs:3
[22:09:00][EMERALD] [1118] ? NIV-258D0A56EA0E6A0E | BASKET | CONTEMPORARY | BEAD | GOLD | KT_18 | 1ct | imgs:3
[22:09:05][EMERALD] [1119] ? NIV-258D0A56EA0E6A0E | BASKET | CONTEMPORARY | BEAD | GOLD | KT_18 | 1ct | imgs:3
[22:09:08][EMERALD] [1120] ? NIV-95C991BE48316A64 | BASKET | CONTEMPORARY | BEAD | PLATINUM | PT_950 | 1ct | imgs:3
[22:09:14][EMERALD] [1121] ? NIV-D2F331F90F7DBEA6 | BASKET | CONTEMPORARY | BEAD | GOLD | KT_10 | 1ct | imgs:3
[22:09:18][EMERALD] [1122] ? NIV-D2F331F90F7DBEA6 | BASKET | CONTEMPORARY | BEAD | GOLD | KT_10 | 1ct | imgs:3
[22:09:21][EMERALD] [1123] ? NIV-D2F331F90F7DBEA6 | BASKET | CONTEMPORARY | BEAD | GOLD | KT_10 | 1ct | imgs:3
[22:09:23][EMERALD] [1124] ? NIV-2435BE8EEF6BE3BF | BASKET | CONTEMPORARY | BEAD | GOLD | KT_10 | 1ct | imgs:3
[22:09:27][EMERALD] [1125] ? NIV-2435BE8EEF6BE3BF | BASKET | CONTEMPORARY | BEAD | GOLD | KT_10 | 1ct | imgs:3
[22:09:32][EMERALD] [1126] ? NIV-2435BE8EEF6BE3BF | BASKET | CONTEMPORARY | BEAD | GOLD | KT_10 | 1ct | imgs:3
[22:09:35][EMERALD] [1127] ? NIV-98E85A89FDA015B8 | BASKET | CONTEMPORARY | BEAD | GOLD | KT_10 | 1ct | imgs:3
[22:09:39][EMERALD] [1128] ? NIV-98E85A89FDA015B8 | BASKET | CONTEMPORARY | BEAD | GOLD | KT_10 | 1ct | imgs:3
[22:09:44][EMERALD] [1129] ? NIV-98E85A89FDA015B8 | BASKET | CONTEMPORARY | BEAD | GOLD | KT_10 | 1ct | imgs:3
[22:09:47][EMERALD] [1130] ? NIV-A58AE6166D03FCCD | BASKET | CONTEMPORARY | BEAD | GOLD | KT_14 | 1ct | imgs:3
[22:09:51][EMERALD] [1131] ? NIV-A58AE6166D03FCCD | BASKET | CONTEMPORARY | BEAD | GOLD | KT_14 | 1ct | imgs:3
[22:09:56][EMERALD] [1132] ? NIV-A58AE6166D03FCCD | BASKET | CONTEMPORARY | BEAD | GOLD | KT_14 | 1ct | imgs:3
[22:09:59][EMERALD] [1133] ? NIV-CBD51D7260E2B7DC | BASKET | CONTEMPORARY | BEAD | GOLD | KT_14 | 1ct | imgs:3
[22:10:03][EMERALD] [1134] ? NIV-CBD51D7260E2B7DC | BASKET | CONTEMPORARY | BEAD | GOLD | KT_14 | 1ct | imgs:3
[22:10:08][EMERALD] [1135] ? NIV-CBD51D7260E2B7DC | BASKET | CONTEMPORARY | BEAD | GOLD | KT_14 | 1ct | imgs:3
[22:10:11][EMERALD] [1136] ? NIV-8FEFE789974681D0 | BASKET | CONTEMPORARY | BEAD | GOLD | KT_14 | 1ct | imgs:3
[22:10:15][EMERALD] [1137] ? NIV-8FEFE789974681D0 | BASKET | CONTEMPORARY | BEAD | GOLD | KT_14 | 1ct | imgs:3
[22:10:20][EMERALD] [1138] ? NIV-8FEFE789974681D0 | BASKET | CONTEMPORARY | BEAD | GOLD | KT_14 | 1ct | imgs:3
[22:10:23][EMERALD] [1139] ? NIV-E5639693404AA35D | BASKET | CONTEMPORARY | BEAD | GOLD | KT_18 | 1ct | imgs:3
[22:10:27][EMERALD] [1140] ? NIV-E5639693404AA35D | BASKET | CONTEMPORARY | BEAD | GOLD | KT_18 | 1ct | imgs:3
[22:10:32][EMERALD] [1141] ? NIV-E5639693404AA35D | BASKET | CONTEMPORARY | BEAD | GOLD | KT_18 | 1ct | imgs:3
[22:10:35][EMERALD] [1142] ? NIV-E980624B369B404D | BASKET | CONTEMPORARY | BEAD | GOLD | KT_18 | 1ct | imgs:3
[22:10:39][EMERALD] [1143] ? NIV-E980624B369B404D | BASKET | CONTEMPORARY | BEAD | GOLD | KT_18 | 1ct | imgs:3
[22:10:42][EMERALD] [1144] ? NIV-E980624B369B404D | BASKET | CONTEMPORARY | BEAD | GOLD | KT_18 | 1ct | imgs:3
[22:10:44][EMERALD] [1145] ? NIV-655A1E3F6E3B2D86 | BASKET | CONTEMPORARY | BEAD | GOLD | KT_18 | 1ct | imgs:3
[22:10:47][EMERALD] [1146] ? NIV-655A1E3F6E3B2D86 | BASKET | CONTEMPORARY | BEAD | GOLD | KT_18 | 1ct | imgs:3
[22:10:51][EMERALD] [1147] ? NIV-655A1E3F6E3B2D86 | BASKET | CONTEMPORARY | BEAD | GOLD | KT_18 | 1ct | imgs:3
[22:10:53][EMERALD] [1148] ? NIV-65AB76C58348998B | BASKET | CONTEMPORARY | BEAD | PLATINUM | PT_950 | 1ct | imgs:3
[22:10:59][EMERALD] [1149] ? NIV-CEEA5B55B3BF46A2 | BASKET | CONTEMPORARY | BEAD | GOLD | KT_10 | 1ct | imgs:3
[22:11:03][EMERALD] [1150] ? NIV-CEEA5B55B3BF46A2 | BASKET | CONTEMPORARY | BEAD | GOLD | KT_10 | 1ct | imgs:3
[22:11:06][EMERALD] [1151] ? NIV-CEEA5B55B3BF46A2 | BASKET | CONTEMPORARY | BEAD | GOLD | KT_10 | 1ct | imgs:3
[22:11:08][EMERALD] [1152] ? NIV-19982BCF3236CFD2 | BASKET | CONTEMPORARY | BEAD | GOLD | KT_10 | 1ct | imgs:3
[22:11:12][EMERALD] [1153] ? NIV-19982BCF3236CFD2 | BASKET | CONTEMPORARY | BEAD | GOLD | KT_10 | 1ct | imgs:3
[22:11:17][EMERALD] [1154] ? NIV-19982BCF3236CFD2 | BASKET | CONTEMPORARY | BEAD | GOLD | KT_10 | 1ct | imgs:3
[22:11:20][EMERALD] [1155] ? NIV-FB980E07C6D92382 | BASKET | CONTEMPORARY | BEAD | GOLD | KT_10 | 1ct | imgs:3
[22:11:23][EMERALD] [1156] ? NIV-FB980E07C6D92382 | BASKET | CONTEMPORARY | BEAD | GOLD | KT_10 | 1ct | imgs:3
[22:11:27][EMERALD] [1157] ? NIV-FB980E07C6D92382 | BASKET | CONTEMPORARY | BEAD | GOLD | KT_10 | 1ct | imgs:3
[22:11:30][EMERALD] [1158] ? NIV-3689FEB15D383679 | BASKET | CONTEMPORARY | BEAD | GOLD | KT_14 | 1ct | imgs:3
[22:11:35][EMERALD] [1159] ? NIV-3689FEB15D383679 | BASKET | CONTEMPORARY | BEAD | GOLD | KT_14 | 1ct | imgs:3
[22:11:39][EMERALD] [1160] ? NIV-3689FEB15D383679 | BASKET | CONTEMPORARY | BEAD | GOLD | KT_14 | 1ct | imgs:3
[22:11:41][EMERALD] [1161] ? NIV-CC51E5003B45868C | BASKET | CONTEMPORARY | BEAD | GOLD | KT_14 | 1ct | imgs:3
[22:11:44][EMERALD] [1162] ? NIV-CC51E5003B45868C | BASKET | CONTEMPORARY | BEAD | GOLD | KT_14 | 1ct | imgs:3
[22:11:48][EMERALD] [1163] ? NIV-CC51E5003B45868C | BASKET | CONTEMPORARY | BEAD | GOLD | KT_14 | 1ct | imgs:3
[22:11:50][EMERALD] [1164] ? NIV-4B2924B54D12EED1 | BASKET | CONTEMPORARY | BEAD | GOLD | KT_14 | 1ct | imgs:3
[22:11:54][EMERALD] [1165] ? NIV-4B2924B54D12EED1 | BASKET | CONTEMPORARY | BEAD | GOLD | KT_14 | 1ct | imgs:3
[22:11:59][EMERALD] [1166] ? NIV-4B2924B54D12EED1 | BASKET | CONTEMPORARY | BEAD | GOLD | KT_14 | 1ct | imgs:3
[22:12:05][EMERALD] [1167] ? NIV-A1BC0F48519790CE | BASKET | CONTEMPORARY | BEAD | GOLD | KT_18 | 1ct | imgs:3
[22:12:09][EMERALD] [1168] ? NIV-A1BC0F48519790CE | BASKET | CONTEMPORARY | BEAD | GOLD | KT_18 | 1ct | imgs:3
[22:12:14][EMERALD] [1169] ? NIV-A1BC0F48519790CE | BASKET | CONTEMPORARY | BEAD | GOLD | KT_18 | 1ct | imgs:3
[22:12:19][EMERALD] [1170] ? NIV-8221FDD77C563495 | BASKET | CONTEMPORARY | BEAD | GOLD | KT_18 | 1ct | imgs:3
[22:12:23][EMERALD] [1171] ? NIV-8221FDD77C563495 | BASKET | CONTEMPORARY | BEAD | GOLD | KT_18 | 1ct | imgs:3
[22:12:27][EMERALD] [1172] ? NIV-8221FDD77C563495 | BASKET | CONTEMPORARY | BEAD | GOLD | KT_18 | 1ct | imgs:3
[22:12:29][EMERALD] [1173] ? NIV-5275CDA4C8B0AA64 | BASKET | CONTEMPORARY | BEAD | GOLD | KT_18 | 1ct | imgs:3
[22:12:33][EMERALD] [1174] ? NIV-5275CDA4C8B0AA64 | BASKET | CONTEMPORARY | BEAD | GOLD | KT_18 | 1ct | imgs:3
[22:12:38][EMERALD] [1175] ? NIV-5275CDA4C8B0AA64 | BASKET | CONTEMPORARY | BEAD | GOLD | KT_18 | 1ct | imgs:3
[22:12:41][EMERALD] [1176] ? NIV-2B3AB0AD76165927 | BASKET | CONTEMPORARY | BEAD | PLATINUM | PT_950 | 1ct | imgs:3
[22:12:47][EMERALD] [1177] ? NIV-712C63BDA2B1CAB6 | BASKET | CONTEMPORARY | BEAD | GOLD | KT_10 | 1ct | imgs:3
[22:12:51][EMERALD] [1178] ? NIV-712C63BDA2B1CAB6 | BASKET | CONTEMPORARY | BEAD | GOLD | KT_10 | 1ct | imgs:3
[22:12:54][EMERALD] [1179] ? NIV-712C63BDA2B1CAB6 | BASKET | CONTEMPORARY | BEAD | GOLD | KT_10 | 1ct | imgs:3
[22:12:56][EMERALD] [1180] ? NIV-745B5EDD76FE47C1 | BASKET | CONTEMPORARY | BEAD | GOLD | KT_10 | 1ct | imgs:3
[22:12:59][EMERALD] [1181] ? NIV-745B5EDD76FE47C1 | BASKET | CONTEMPORARY | BEAD | GOLD | KT_10 | 1ct | imgs:3
[22:13:03][EMERALD] [1182] ? NIV-745B5EDD76FE47C1 | BASKET | CONTEMPORARY | BEAD | GOLD | KT_10 | 1ct | imgs:3
[22:13:05][EMERALD] [1183] ? NIV-D265FB3FB734E64C | BASKET | CONTEMPORARY | BEAD | GOLD | KT_10 | 1ct | imgs:3
[22:13:09][EMERALD] [1184] ? NIV-D265FB3FB734E64C | BASKET | CONTEMPORARY | BEAD | GOLD | KT_10 | 1ct | imgs:3
[22:13:12][EMERALD] [1185] ? NIV-D265FB3FB734E64C | BASKET | CONTEMPORARY | BEAD | GOLD | KT_10 | 1ct | imgs:3
[22:13:17][EMERALD] [1186] ? NIV-D45A99DA1B2AAD6B | BASKET | CONTEMPORARY | BEAD | GOLD | KT_14 | 1ct | imgs:3
[22:13:21][EMERALD] [1187] ? NIV-D45A99DA1B2AAD6B | BASKET | CONTEMPORARY | BEAD | GOLD | KT_14 | 1ct | imgs:3
[22:13:24][EMERALD] [1188] ? NIV-D45A99DA1B2AAD6B | BASKET | CONTEMPORARY | BEAD | GOLD | KT_14 | 1ct | imgs:3
[22:13:26][EMERALD] [1189] ? NIV-469040966A4FA416 | BASKET | CONTEMPORARY | BEAD | GOLD | KT_14 | 1ct | imgs:3
[22:13:32][EMERALD] [1190] ? NIV-469040966A4FA416 | BASKET | CONTEMPORARY | BEAD | GOLD | KT_14 | 1ct | imgs:3
[22:13:36][EMERALD] [1191] ? NIV-469040966A4FA416 | BASKET | CONTEMPORARY | BEAD | GOLD | KT_14 | 1ct | imgs:3
[22:13:38][EMERALD] [1192] ? NIV-B809D59CD77DCA68 | BASKET | CONTEMPORARY | BEAD | GOLD | KT_14 | 1ct | imgs:3
[22:13:42][EMERALD] [1193] ? NIV-B809D59CD77DCA68 | BASKET | CONTEMPORARY | BEAD | GOLD | KT_14 | 1ct | imgs:3
[22:13:45][EMERALD] [1194] ? NIV-B809D59CD77DCA68 | BASKET | CONTEMPORARY | BEAD | GOLD | KT_14 | 1ct | imgs:3
[22:13:48][EMERALD] [1195] ? NIV-13DDC8D4B5BBDA8D | BASKET | CONTEMPORARY | BEAD | GOLD | KT_18 | 1ct | imgs:3
[22:13:51][EMERALD] [1196] ? NIV-13DDC8D4B5BBDA8D | BASKET | CONTEMPORARY | BEAD | GOLD | KT_18 | 1ct | imgs:3
[22:13:56][EMERALD] [1197] ? NIV-13DDC8D4B5BBDA8D | BASKET | CONTEMPORARY | BEAD | GOLD | KT_18 | 1ct | imgs:3
[22:13:59][EMERALD] [1198] ? NIV-4BCE20E20B55AB37 | BASKET | CONTEMPORARY | BEAD | GOLD | KT_18 | 1ct | imgs:3
[22:14:02][EMERALD] [1199] ? NIV-4BCE20E20B55AB37 | BASKET | CONTEMPORARY | BEAD | GOLD | KT_18 | 1ct | imgs:3
[22:14:06][EMERALD] [1200] ? NIV-4BCE20E20B55AB37 | BASKET | CONTEMPORARY | BEAD | GOLD | KT_18 | 1ct | imgs:3
[22:14:08][EMERALD] [1201] ? NIV-F78F6093A7758B38 | BASKET | CONTEMPORARY | BEAD | GOLD | KT_18 | 1ct | imgs:3
[22:14:12][EMERALD] [1202] ? NIV-F78F6093A7758B38 | BASKET | CONTEMPORARY | BEAD | GOLD | KT_18 | 1ct | imgs:3
[22:14:17][EMERALD] [1203] ? NIV-F78F6093A7758B38 | BASKET | CONTEMPORARY | BEAD | GOLD | KT_18 | 1ct | imgs:3
[22:14:20][EMERALD] [1204] ? NIV-6D2DB2D8517A4823 | BASKET | CONTEMPORARY | BEAD | PLATINUM | PT_950 | 1ct | imgs:3
[22:14:29][EMERALD] [1205] ? NIV-AB28FCA0E35964B6 | BASKET | CONTEMPORARY | BEAD | GOLD | KT_10 | 1ct | imgs:3
[22:14:33][EMERALD] [1206] ? NIV-AB28FCA0E35964B6 | BASKET | CONTEMPORARY | BEAD | GOLD | KT_10 | 1ct | imgs:3
[22:14:38][EMERALD] [1207] ? NIV-AB28FCA0E35964B6 | BASKET | CONTEMPORARY | BEAD | GOLD | KT_10 | 1ct | imgs:3
[22:14:41][EMERALD] [1208] ? NIV-0FBB1C3637AB1C11 | BASKET | CONTEMPORARY | BEAD | GOLD | KT_10 | 1ct | imgs:3
[22:14:45][EMERALD] [1209] ? NIV-0FBB1C3637AB1C11 | BASKET | CONTEMPORARY | BEAD | GOLD | KT_10 | 1ct | imgs:3
[22:14:48][EMERALD] [1210] ? NIV-0FBB1C3637AB1C11 | BASKET | CONTEMPORARY | BEAD | GOLD | KT_10 | 1ct | imgs:3
[22:14:50][EMERALD] [1211] ? NIV-4B6405062CAD615F | BASKET | CONTEMPORARY | BEAD | GOLD | KT_10 | 1ct | imgs:3
[22:14:54][EMERALD] [1212] ? NIV-4B6405062CAD615F | BASKET | CONTEMPORARY | BEAD | GOLD | KT_10 | 1ct | imgs:3
[22:14:57][EMERALD] [1213] ? NIV-4B6405062CAD615F | BASKET | CONTEMPORARY | BEAD | GOLD | KT_10 | 1ct | imgs:3
[22:15:00][EMERALD] [1214] ? NIV-1B363BACC1B945DB | BASKET | CONTEMPORARY | BEAD | GOLD | KT_14 | 1ct | imgs:3
[22:15:05][EMERALD] [1215] ? NIV-1B363BACC1B945DB | BASKET | CONTEMPORARY | BEAD | GOLD | KT_14 | 1ct | imgs:3
[22:15:09][EMERALD] [1216] ? NIV-1B363BACC1B945DB | BASKET | CONTEMPORARY | BEAD | GOLD | KT_14 | 1ct | imgs:3
[22:15:11][EMERALD] [1217] ? NIV-E073821E119C80D7 | BASKET | CONTEMPORARY | BEAD | GOLD | KT_14 | 1ct | imgs:3
[22:15:15][EMERALD] [1218] ? NIV-E073821E119C80D7 | BASKET | CONTEMPORARY | BEAD | GOLD | KT_14 | 1ct | imgs:3
[22:15:18][EMERALD] [1219] ? NIV-E073821E119C80D7 | BASKET | CONTEMPORARY | BEAD | GOLD | KT_14 | 1ct | imgs:3
[22:15:20][EMERALD] [1220] ? NIV-356F5ED0C5EF6B57 | BASKET | CONTEMPORARY | BEAD | GOLD | KT_14 | 1ct | imgs:3
[22:15:24][EMERALD] [1221] ? NIV-356F5ED0C5EF6B57 | BASKET | CONTEMPORARY | BEAD | GOLD | KT_14 | 1ct | imgs:3
[22:15:29][EMERALD] [1222] ? NIV-356F5ED0C5EF6B57 | BASKET | CONTEMPORARY | BEAD | GOLD | KT_14 | 1ct | imgs:3
[22:15:32][EMERALD] [1223] ? NIV-2287CB2833973EB6 | BASKET | CONTEMPORARY | BEAD | GOLD | KT_18 | 1ct | imgs:3
[22:15:35][EMERALD] [1224] ? NIV-2287CB2833973EB6 | BASKET | CONTEMPORARY | BEAD | GOLD | KT_18 | 1ct | imgs:3
[22:15:39][EMERALD] [1225] ? NIV-2287CB2833973EB6 | BASKET | CONTEMPORARY | BEAD | GOLD | KT_18 | 1ct | imgs:3
[22:15:41][EMERALD] [1226] ? NIV-76EFD8D5D955A57A | BASKET | CONTEMPORARY | BEAD | GOLD | KT_18 | 1ct | imgs:3
[22:15:45][EMERALD] [1227] ? NIV-76EFD8D5D955A57A | BASKET | CONTEMPORARY | BEAD | GOLD | KT_18 | 1ct | imgs:3
[22:15:50][EMERALD] [1228] ? NIV-76EFD8D5D955A57A | BASKET | CONTEMPORARY | BEAD | GOLD | KT_18 | 1ct | imgs:3
[22:15:54][EMERALD] [1229] ? NIV-793E4398E5874279 | BASKET | CONTEMPORARY | BEAD | GOLD | KT_18 | 1ct | imgs:3
[22:15:59][EMERALD] [1230] ? NIV-793E4398E5874279 | BASKET | CONTEMPORARY | BEAD | GOLD | KT_18 | 1ct | imgs:3
[22:16:05][EMERALD] [1231] ? NIV-793E4398E5874279 | BASKET | CONTEMPORARY | BEAD | GOLD | KT_18 | 1ct | imgs:3
[22:16:08][EMERALD] [1232] ? NIV-7F4225969AADC9DD | BASKET | CONTEMPORARY | BEAD | PLATINUM | PT_950 | 1ct | imgs:3
[22:16:14][EMERALD] [1233] ? NIV-0B0EF1463E47058E | BASKET | CONTEMPORARY | BEAD | GOLD | KT_10 | 1ct | imgs:3
[22:16:18][EMERALD] [1234] ? NIV-0B0EF1463E47058E | BASKET | CONTEMPORARY | BEAD | GOLD | KT_10 | 1ct | imgs:3
[22:16:23][EMERALD] [1235] ? NIV-0B0EF1463E47058E | BASKET | CONTEMPORARY | BEAD | GOLD | KT_10 | 1ct | imgs:3
[22:16:27][EMERALD] [1236] ? NIV-6C8924A4095383BE | BASKET | CONTEMPORARY | BEAD | GOLD | KT_10 | 1ct | imgs:3
[22:16:32][EMERALD] [1237] ? NIV-6C8924A4095383BE | BASKET | CONTEMPORARY | BEAD | GOLD | KT_10 | 1ct | imgs:3
[22:16:36][EMERALD] [1238] ? NIV-6C8924A4095383BE | BASKET | CONTEMPORARY | BEAD | GOLD | KT_10 | 1ct | imgs:3
[22:16:38][EMERALD] [1239] ? NIV-5920DD9BBBA81320 | BASKET | CONTEMPORARY | BEAD | GOLD | KT_10 | 1ct | imgs:3
[22:16:42][EMERALD] [1240] ? NIV-5920DD9BBBA81320 | BASKET | CONTEMPORARY | BEAD | GOLD | KT_10 | 1ct | imgs:3
[22:16:47][EMERALD] [1241] ? NIV-5920DD9BBBA81320 | BASKET | CONTEMPORARY | BEAD | GOLD | KT_10 | 1ct | imgs:3
[22:16:51][EMERALD] [1242] ? NIV-C1633F520FF5A093 | BASKET | CONTEMPORARY | BEAD | GOLD | KT_14 | 1ct | imgs:3
[22:16:56][EMERALD] [1243] ? NIV-C1633F520FF5A093 | BASKET | CONTEMPORARY | BEAD | GOLD | KT_14 | 1ct | imgs:3
[22:17:00][EMERALD] [1244] ? NIV-C1633F520FF5A093 | BASKET | CONTEMPORARY | BEAD | GOLD | KT_14 | 1ct | imgs:3
[22:17:02][EMERALD] [1245] ? NIV-A7203B175AEC4F5F | BASKET | CONTEMPORARY | BEAD | GOLD | KT_14 | 1ct | imgs:3
[22:17:08][EMERALD] [1246] ? NIV-A7203B175AEC4F5F | BASKET | CONTEMPORARY | BEAD | GOLD | KT_14 | 1ct | imgs:3
[22:17:12][EMERALD] [1247] ? NIV-A7203B175AEC4F5F | BASKET | CONTEMPORARY | BEAD | GOLD | KT_14 | 1ct | imgs:3
[22:17:15][EMERALD] [1248] ? NIV-A3850FDDD1A51B95 | BASKET | CONTEMPORARY | BEAD | GOLD | KT_14 | 1ct | imgs:3
[22:17:20][EMERALD] [1249] ? NIV-A3850FDDD1A51B95 | BASKET | CONTEMPORARY | BEAD | GOLD | KT_14 | 1ct | imgs:3
[22:17:23][EMERALD] [1250] ? NIV-A3850FDDD1A51B95 | BASKET | CONTEMPORARY | BEAD | GOLD | KT_14 | 1ct | imgs:3
[22:17:26][EMERALD] [1251] ? NIV-71B331A8370AB92F | BASKET | CONTEMPORARY | BEAD | GOLD | KT_18 | 1ct | imgs:3
[22:17:30][EMERALD] [1252] ? NIV-71B331A8370AB92F | BASKET | CONTEMPORARY | BEAD | GOLD | KT_18 | 1ct | imgs:3
[22:17:35][EMERALD] [1253] ? NIV-71B331A8370AB92F | BASKET | CONTEMPORARY | BEAD | GOLD | KT_18 | 1ct | imgs:3
[22:17:38][EMERALD] [1254] ? NIV-72D69B508FAFE41B | BASKET | CONTEMPORARY | BEAD | GOLD | KT_18 | 1ct | imgs:3
[22:17:44][EMERALD] [1255] ? NIV-72D69B508FAFE41B | BASKET | CONTEMPORARY | BEAD | GOLD | KT_18 | 1ct | imgs:3
[22:17:48][EMERALD] [1256] ? NIV-72D69B508FAFE41B | BASKET | CONTEMPORARY | BEAD | GOLD | KT_18 | 1ct | imgs:3
[22:17:50][EMERALD] [1257] ? NIV-F08555DD5CC9D047 | BASKET | CONTEMPORARY | BEAD | GOLD | KT_18 | 1ct | imgs:3
[22:17:54][EMERALD] [1258] ? NIV-F08555DD5CC9D047 | BASKET | CONTEMPORARY | BEAD | GOLD | KT_18 | 1ct | imgs:3
[22:17:59][EMERALD] [1259] ? NIV-F08555DD5CC9D047 | BASKET | CONTEMPORARY | BEAD | GOLD | KT_18 | 1ct | imgs:3
[22:18:02][EMERALD] [1260] ? NIV-B65C0AE4B77D495A | BASKET | CONTEMPORARY | BEAD | PLATINUM | PT_950 | 1ct | imgs:3
[22:18:08][EMERALD] [1261] ? NIV-6555692DB4A02DD5 | BASKET | CONTEMPORARY | BEAD | GOLD | KT_10 | 1ct | imgs:3
[22:18:12][EMERALD] [1262] ? NIV-6555692DB4A02DD5 | BASKET | CONTEMPORARY | BEAD | GOLD | KT_10 | 1ct | imgs:3
[22:18:15][EMERALD] [1263] ? NIV-6555692DB4A02DD5 | BASKET | CONTEMPORARY | BEAD | GOLD | KT_10 | 1ct | imgs:3
[22:18:17][EMERALD] [1264] ? NIV-49A124DF7C19AFCA | BASKET | CONTEMPORARY | BEAD | GOLD | KT_10 | 1ct | imgs:3
[22:18:21][EMERALD] [1265] ? NIV-49A124DF7C19AFCA | BASKET | CONTEMPORARY | BEAD | GOLD | KT_10 | 1ct | imgs:3
[22:18:26][EMERALD] [1266] ? NIV-49A124DF7C19AFCA | BASKET | CONTEMPORARY | BEAD | GOLD | KT_10 | 1ct | imgs:3
[22:18:29][EMERALD] [1267] ? NIV-026BB9844A6E31EB | BASKET | CONTEMPORARY | BEAD | GOLD | KT_10 | 1ct | imgs:3
[22:18:33][EMERALD] [1268] ? NIV-026BB9844A6E31EB | BASKET | CONTEMPORARY | BEAD | GOLD | KT_10 | 1ct | imgs:3
[22:18:36][EMERALD] [1269] ? NIV-026BB9844A6E31EB | BASKET | CONTEMPORARY | BEAD | GOLD | KT_10 | 1ct | imgs:3
[22:18:39][EMERALD] [1270] ? NIV-EA4403FB5BA1AC3E | BASKET | CONTEMPORARY | BEAD | GOLD | KT_14 | 1ct | imgs:3
[22:18:44][EMERALD] [1271] ? NIV-EA4403FB5BA1AC3E | BASKET | CONTEMPORARY | BEAD | GOLD | KT_14 | 1ct | imgs:3
[22:18:48][EMERALD] [1272] ? NIV-EA4403FB5BA1AC3E | BASKET | CONTEMPORARY | BEAD | GOLD | KT_14 | 1ct | imgs:3
[22:18:50][EMERALD] [1273] ? NIV-D38F0C827A69DB36 | BASKET | CONTEMPORARY | BEAD | GOLD | KT_14 | 1ct | imgs:3
[22:18:54][EMERALD] [1274] ? NIV-D38F0C827A69DB36 | BASKET | CONTEMPORARY | BEAD | GOLD | KT_14 | 1ct | imgs:3
[22:18:59][EMERALD] [1275] ? NIV-D38F0C827A69DB36 | BASKET | CONTEMPORARY | BEAD | GOLD | KT_14 | 1ct | imgs:3
[22:19:02][EMERALD] [1276] ? NIV-8D05ECCC5BEA8B5E | BASKET | CONTEMPORARY | BEAD | GOLD | KT_14 | 1ct | imgs:3
[22:19:06][EMERALD] [1277] ? NIV-8D05ECCC5BEA8B5E | BASKET | CONTEMPORARY | BEAD | GOLD | KT_14 | 1ct | imgs:3
[22:19:11][EMERALD] [1278] ? NIV-8D05ECCC5BEA8B5E | BASKET | CONTEMPORARY | BEAD | GOLD | KT_14 | 1ct | imgs:3
[22:19:14][EMERALD] [1279] ? NIV-E4C2D385559C1741 | BASKET | CONTEMPORARY | BEAD | GOLD | KT_18 | 1ct | imgs:3
[22:19:18][EMERALD] [1280] ? NIV-E4C2D385559C1741 | BASKET | CONTEMPORARY | BEAD | GOLD | KT_18 | 1ct | imgs:3
[22:19:21][EMERALD] [1281] ? NIV-E4C2D385559C1741 | BASKET | CONTEMPORARY | BEAD | GOLD | KT_18 | 1ct | imgs:3
[22:19:24][EMERALD] [1282] ? NIV-75AE70EA6D123DF3 | BASKET | CONTEMPORARY | BEAD | GOLD | KT_18 | 1ct | imgs:3
[22:19:29][EMERALD] [1283] ? NIV-75AE70EA6D123DF3 | BASKET | CONTEMPORARY | BEAD | GOLD | KT_18 | 1ct | imgs:3
[22:19:32][EMERALD] [1284] ? NIV-75AE70EA6D123DF3 | BASKET | CONTEMPORARY | BEAD | GOLD | KT_18 | 1ct | imgs:3
[22:19:35][EMERALD] [1285] ? NIV-2AA149E4F57AFCC3 | BASKET | CONTEMPORARY | BEAD | GOLD | KT_18 | 1ct | imgs:3
[22:19:38][EMERALD] [1286] ? NIV-2AA149E4F57AFCC3 | BASKET | CONTEMPORARY | BEAD | GOLD | KT_18 | 1ct | imgs:3
[22:19:42][EMERALD] [1287] ? NIV-2AA149E4F57AFCC3 | BASKET | CONTEMPORARY | BEAD | GOLD | KT_18 | 1ct | imgs:3
[22:19:44][EMERALD] [1288] ? NIV-B4C7291153E43F0D | BASKET | CONTEMPORARY | BEAD | PLATINUM | PT_950 | 1ct | imgs:3
[22:19:53][EMERALD] [1289] ? NIV-B6162543371F06FE | BASKET | CONTEMPORARY | BEAD | GOLD | KT_10 | 1ct | imgs:3
[22:19:57][EMERALD] [1290] ? NIV-B6162543371F06FE | BASKET | CONTEMPORARY | BEAD | GOLD | KT_10 | 1ct | imgs:3
[22:20:00][EMERALD] [1291] ? NIV-B6162543371F06FE | BASKET | CONTEMPORARY | BEAD | GOLD | KT_10 | 1ct | imgs:3
[22:20:02][EMERALD] [1292] ? NIV-592A7567CA9F96A3 | BASKET | CONTEMPORARY | BEAD | GOLD | KT_10 | 1ct | imgs:3
[22:20:05][EMERALD] [1293] ? NIV-592A7567CA9F96A3 | BASKET | CONTEMPORARY | BEAD | GOLD | KT_10 | 1ct | imgs:3
[22:20:09][EMERALD] [1294] ? NIV-592A7567CA9F96A3 | BASKET | CONTEMPORARY | BEAD | GOLD | KT_10 | 1ct | imgs:3
[22:20:11][EMERALD] [1295] ? NIV-4F9BC9F87901204A | BASKET | CONTEMPORARY | BEAD | GOLD | KT_10 | 1ct | imgs:3
[22:20:15][EMERALD] [1296] ? NIV-4F9BC9F87901204A | BASKET | CONTEMPORARY | BEAD | GOLD | KT_10 | 1ct | imgs:3
[22:20:20][EMERALD] [1297] ? NIV-4F9BC9F87901204A | BASKET | CONTEMPORARY | BEAD | GOLD | KT_10 | 1ct | imgs:3
[22:20:24][EMERALD] [1298] ? NIV-9EB9A97E972C61EB | BASKET | CONTEMPORARY | BEAD | GOLD | KT_14 | 1ct | imgs:3
[22:20:29][EMERALD] [1299] ? NIV-9EB9A97E972C61EB | BASKET | CONTEMPORARY | BEAD | GOLD | KT_14 | 1ct | imgs:3
[22:20:33][EMERALD] [1300] ? NIV-9EB9A97E972C61EB | BASKET | CONTEMPORARY | BEAD | GOLD | KT_14 | 1ct | imgs:3
[22:20:35][EMERALD] [1301] ? NIV-A9BB2078C55691DB | BASKET | CONTEMPORARY | BEAD | GOLD | KT_14 | 1ct | imgs:3
[22:20:39][EMERALD] [1302] ? NIV-A9BB2078C55691DB | BASKET | CONTEMPORARY | BEAD | GOLD | KT_14 | 1ct | imgs:3
[22:20:44][EMERALD] [1303] ? NIV-A9BB2078C55691DB | BASKET | CONTEMPORARY | BEAD | GOLD | KT_14 | 1ct | imgs:3
[22:20:47][EMERALD] [1304] ? NIV-11945ABF127B24EE | BASKET | CONTEMPORARY | BEAD | GOLD | KT_14 | 1ct | imgs:3
[22:20:50][EMERALD] [1305] ? NIV-11945ABF127B24EE | BASKET | CONTEMPORARY | BEAD | GOLD | KT_14 | 1ct | imgs:3
[22:20:54][EMERALD] [1306] ? NIV-11945ABF127B24EE | BASKET | CONTEMPORARY | BEAD | GOLD | KT_14 | 1ct | imgs:3
[22:20:57][EMERALD] [1307] ? NIV-6C79B9A7713E3FCF | BASKET | CONTEMPORARY | BEAD | GOLD | KT_18 | 1ct | imgs:3
[22:21:02][EMERALD] [1308] ? NIV-6C79B9A7713E3FCF | BASKET | CONTEMPORARY | BEAD | GOLD | KT_18 | 1ct | imgs:3
[22:21:06][EMERALD] [1309] ? NIV-6C79B9A7713E3FCF | BASKET | CONTEMPORARY | BEAD | GOLD | KT_18 | 1ct | imgs:3
[22:21:08][EMERALD] [1310] ? NIV-58B5DB9A5CFACB59 | BASKET | CONTEMPORARY | BEAD | GOLD | KT_18 | 1ct | imgs:3
[22:21:11][EMERALD] [1311] ? NIV-58B5DB9A5CFACB59 | BASKET | CONTEMPORARY | BEAD | GOLD | KT_18 | 1ct | imgs:3
[22:21:15][EMERALD] [1312] ? NIV-58B5DB9A5CFACB59 | BASKET | CONTEMPORARY | BEAD | GOLD | KT_18 | 1ct | imgs:3
[22:21:17][EMERALD] [1313] ? NIV-AE6D773ADD6FC703 | BASKET | CONTEMPORARY | BEAD | GOLD | KT_18 | 1ct | imgs:3
[22:21:21][EMERALD] [1314] ? NIV-AE6D773ADD6FC703 | BASKET | CONTEMPORARY | BEAD | GOLD | KT_18 | 1ct | imgs:3
[22:21:24][EMERALD] [1315] ? NIV-AE6D773ADD6FC703 | BASKET | CONTEMPORARY | BEAD | GOLD | KT_18 | 1ct | imgs:3
[22:21:26][EMERALD] [1316] ? NIV-D17CAEB23AA8BF29 | BASKET | CONTEMPORARY | BEAD | PLATINUM | PT_950 | 1ct | imgs:3
[22:21:30][EMERALD] [1317] ? NIV-F620A5CCBD85AA5C | BASKET | CONTEMPORARY | BEAD | GOLD | KT_10 | 1ct | imgs:3
[22:21:33][EMERALD] [1318] ? NIV-F620A5CCBD85AA5C | BASKET | CONTEMPORARY | BEAD | GOLD | KT_10 | 1ct | imgs:3
[22:21:38][EMERALD] [1319] ? NIV-F620A5CCBD85AA5C | BASKET | CONTEMPORARY | BEAD | GOLD | KT_10 | 1ct | imgs:3
[22:21:41][EMERALD] [1320] ? NIV-F8DA608F8AA431D5 | BASKET | CONTEMPORARY | BEAD | GOLD | KT_10 | 1ct | imgs:3
[22:21:45][EMERALD] [1321] ? NIV-F8DA608F8AA431D5 | BASKET | CONTEMPORARY | BEAD | GOLD | KT_10 | 1ct | imgs:3
[22:21:50][EMERALD] [1322] ? NIV-F8DA608F8AA431D5 | BASKET | CONTEMPORARY | BEAD | GOLD | KT_10 | 1ct | imgs:3
[22:21:53][EMERALD] [1323] ? NIV-CB466A3A43DFDDA8 | BASKET | CONTEMPORARY | BEAD | GOLD | KT_10 | 1ct | imgs:3
[22:21:59][EMERALD] [1324] ? NIV-CB466A3A43DFDDA8 | BASKET | CONTEMPORARY | BEAD | GOLD | KT_10 | 1ct | imgs:3
[22:22:02][EMERALD] [1325] ? NIV-CB466A3A43DFDDA8 | BASKET | CONTEMPORARY | BEAD | GOLD | KT_10 | 1ct | imgs:3
[22:22:05][EMERALD] [1326] ? NIV-1E108BAA3EC6027F | BASKET | CONTEMPORARY | BEAD | GOLD | KT_14 | 1ct | imgs:3
[22:22:11][EMERALD] [1327] ? NIV-1E108BAA3EC6027F | BASKET | CONTEMPORARY | BEAD | GOLD | KT_14 | 1ct | imgs:3
[22:22:14][EMERALD] [1328] ? NIV-1E108BAA3EC6027F | BASKET | CONTEMPORARY | BEAD | GOLD | KT_14 | 1ct | imgs:3
[22:22:17][EMERALD] [1329] ? NIV-EF4E70E33BCB6381 | BASKET | CONTEMPORARY | BEAD | GOLD | KT_14 | 1ct | imgs:3
[22:22:21][EMERALD] [1330] ? NIV-EF4E70E33BCB6381 | BASKET | CONTEMPORARY | BEAD | GOLD | KT_14 | 1ct | imgs:3
[22:22:24][EMERALD] [1331] ? NIV-EF4E70E33BCB6381 | BASKET | CONTEMPORARY | BEAD | GOLD | KT_14 | 1ct | imgs:3
[22:22:26][EMERALD] [1332] ? NIV-E28C30A340F903BC | BASKET | CONTEMPORARY | BEAD | GOLD | KT_14 | 1ct | imgs:3
[22:22:30][EMERALD] [1333] ? NIV-E28C30A340F903BC | BASKET | CONTEMPORARY | BEAD | GOLD | KT_14 | 1ct | imgs:3
[22:22:33][EMERALD] [1334] ? NIV-E28C30A340F903BC | BASKET | CONTEMPORARY | BEAD | GOLD | KT_14 | 1ct | imgs:3
[22:22:36][EMERALD] [1335] ? NIV-22A44E017C06C057 | BASKET | CONTEMPORARY | BEAD | GOLD | KT_18 | 1ct | imgs:2
[22:22:41][EMERALD] [1336] ? NIV-22A44E017C06C057 | BASKET | CONTEMPORARY | BEAD | GOLD | KT_18 | 1ct | imgs:3
[22:22:44][EMERALD] [1337] ? NIV-22A44E017C06C057 | BASKET | CONTEMPORARY | BEAD | GOLD | KT_18 | 1ct | imgs:3
[22:22:48][EMERALD] [1338] ? NIV-995420D0EBB8B96E | BASKET | CONTEMPORARY | BEAD | GOLD | KT_18 | 1ct | imgs:1
[22:22:53][EMERALD] [1339] ? NIV-995420D0EBB8B96E | BASKET | CONTEMPORARY | BEAD | GOLD | KT_18 | 1ct | imgs:3
[22:22:56][EMERALD] [1340] ? NIV-995420D0EBB8B96E | BASKET | CONTEMPORARY | BEAD | GOLD | KT_18 | 1ct | imgs:3
[22:22:59][EMERALD] [1341] ? NIV-95C35CFE0EC49374 | BASKET | CONTEMPORARY | BEAD | GOLD | KT_18 | 1ct | imgs:3
[22:23:02][EMERALD] [1342] ? NIV-95C35CFE0EC49374 | BASKET | CONTEMPORARY | BEAD | GOLD | KT_18 | 1ct | imgs:3
[22:23:08][EMERALD] [1343] ? NIV-95C35CFE0EC49374 | BASKET | CONTEMPORARY | BEAD | GOLD | KT_18 | 1ct | imgs:3
[22:23:11][EMERALD] [1344] ? NIV-E9B0E96458FD0A78 | BASKET | CONTEMPORARY | BEAD | PLATINUM | PT_950 | 1ct | imgs:3
[22:23:15][EMERALD] [1345] ? NIV-F9DBBD0B2A57CDC3 | BASKET | CONTEMPORARY | BEAD | GOLD | KT_10 | 1ct | imgs:2
[22:23:20][EMERALD] [1346] ? NIV-F9DBBD0B2A57CDC3 | BASKET | CONTEMPORARY | BEAD | GOLD | KT_10 | 1ct | imgs:3
[22:23:23][EMERALD] [1347] ? NIV-F9DBBD0B2A57CDC3 | BASKET | CONTEMPORARY | BEAD | GOLD | KT_10 | 1ct | imgs:3
[22:23:26][EMERALD] [1348] ? NIV-E043D35348BAA501 | BASKET | CONTEMPORARY | BEAD | GOLD | KT_10 | 1ct | imgs:3
[22:23:30][EMERALD] [1349] ? NIV-E043D35348BAA501 | BASKET | CONTEMPORARY | BEAD | GOLD | KT_10 | 1ct | imgs:3
[22:23:33][EMERALD] [1350] ? NIV-E043D35348BAA501 | BASKET | CONTEMPORARY | BEAD | GOLD | KT_10 | 1ct | imgs:3
[22:23:35][EMERALD] [1351] ? NIV-19C0039FDEDF4870 | BASKET | CONTEMPORARY | BEAD | GOLD | KT_10 | 1ct | imgs:3
[22:23:38][EMERALD] [1352] ? NIV-19C0039FDEDF4870 | BASKET | CONTEMPORARY | BEAD | GOLD | KT_10 | 1ct | imgs:3
[22:23:42][EMERALD] [1353] ? NIV-19C0039FDEDF4870 | BASKET | CONTEMPORARY | BEAD | GOLD | KT_10 | 1ct | imgs:3
[22:23:45][EMERALD] [1354] ? NIV-DA0B957A48CA8EA5 | BASKET | CONTEMPORARY | BEAD | GOLD | KT_14 | 1ct | imgs:3
[22:23:48][EMERALD] [1355] ? NIV-DA0B957A48CA8EA5 | BASKET | CONTEMPORARY | BEAD | GOLD | KT_14 | 1ct | imgs:3
[22:23:53][EMERALD] [1356] ? NIV-DA0B957A48CA8EA5 | BASKET | CONTEMPORARY | BEAD | GOLD | KT_14 | 1ct | imgs:3
[22:23:56][EMERALD] [1357] ? NIV-72D2CFDC2D34A7E6 | BASKET | CONTEMPORARY | BEAD | GOLD | KT_14 | 1ct | imgs:3
[22:24:00][EMERALD] [1358] ? NIV-72D2CFDC2D34A7E6 | BASKET | CONTEMPORARY | BEAD | GOLD | KT_14 | 1ct | imgs:3
[22:24:05][EMERALD] [1359] ? NIV-72D2CFDC2D34A7E6 | BASKET | CONTEMPORARY | BEAD | GOLD | KT_14 | 1ct | imgs:3
[22:24:08][EMERALD] [1360] ? NIV-CD897648DE5691EF | BASKET | CONTEMPORARY | BEAD | GOLD | KT_14 | 1ct | imgs:3
[22:24:12][EMERALD] [1361] ? NIV-CD897648DE5691EF | BASKET | CONTEMPORARY | BEAD | GOLD | KT_14 | 1ct | imgs:3
[22:24:17][EMERALD] [1362] ? NIV-CD897648DE5691EF | BASKET | CONTEMPORARY | BEAD | GOLD | KT_14 | 1ct | imgs:3
[22:24:20][EMERALD] [1363] ? NIV-00DD13E1EF64DB69 | BASKET | CONTEMPORARY | BEAD | GOLD | KT_18 | 1ct | imgs:3
[22:24:24][EMERALD] [1364] ? NIV-00DD13E1EF64DB69 | BASKET | CONTEMPORARY | BEAD | GOLD | KT_18 | 1ct | imgs:3
[22:24:27][EMERALD] [1365] ? NIV-00DD13E1EF64DB69 | BASKET | CONTEMPORARY | BEAD | GOLD | KT_18 | 1ct | imgs:3
[22:24:29][EMERALD] [1366] ? NIV-E4C056AAFBCBB0B6 | BASKET | CONTEMPORARY | BEAD | GOLD | KT_18 | 1ct | imgs:3
[22:24:33][EMERALD] [1367] ? NIV-E4C056AAFBCBB0B6 | BASKET | CONTEMPORARY | BEAD | GOLD | KT_18 | 1ct | imgs:3
[22:24:36][EMERALD] [1368] ? NIV-E4C056AAFBCBB0B6 | BASKET | CONTEMPORARY | BEAD | GOLD | KT_18 | 1ct | imgs:3
[22:24:38][EMERALD] [1369] ? NIV-571BB1192B46EBD8 | BASKET | CONTEMPORARY | BEAD | GOLD | KT_18 | 1ct | imgs:3
[22:24:42][EMERALD] [1370] ? NIV-571BB1192B46EBD8 | BASKET | CONTEMPORARY | BEAD | GOLD | KT_18 | 1ct | imgs:3
[22:24:45][EMERALD] [1371] ? NIV-571BB1192B46EBD8 | BASKET | CONTEMPORARY | BEAD | GOLD | KT_18 | 1ct | imgs:3
[22:24:47][EMERALD] [1372] ? NIV-44DD95493DA60841 | BASKET | CONTEMPORARY | BEAD | PLATINUM | PT_950 | 1ct | imgs:3
[22:24:53][EMERALD] [1373] ? NIV-4D0149724E7E3D59 | BASKET | CONTEMPORARY | BEAD | GOLD | KT_10 | 1ct | imgs:3
[22:24:56][EMERALD] [1374] ? NIV-4D0149724E7E3D59 | BASKET | CONTEMPORARY | BEAD | GOLD | KT_10 | 1ct | imgs:3
[22:25:00][EMERALD] [1375] ? NIV-4D0149724E7E3D59 | BASKET | CONTEMPORARY | BEAD | GOLD | KT_10 | 1ct | imgs:3
[22:25:02][EMERALD] [1376] ? NIV-275A28D67900A74C | BASKET | CONTEMPORARY | BEAD | GOLD | KT_10 | 1ct | imgs:3
[22:25:06][EMERALD] [1377] ? NIV-275A28D67900A74C | BASKET | CONTEMPORARY | BEAD | GOLD | KT_10 | 1ct | imgs:3
[22:25:11][EMERALD] [1378] ? NIV-275A28D67900A74C | BASKET | CONTEMPORARY | BEAD | GOLD | KT_10 | 1ct | imgs:3
[22:25:14][EMERALD] [1379] ? NIV-C8E2C3137F624282 | BASKET | CONTEMPORARY | BEAD | GOLD | KT_10 | 1ct | imgs:3
[22:25:18][EMERALD] [1380] ? NIV-C8E2C3137F624282 | BASKET | CONTEMPORARY | BEAD | GOLD | KT_10 | 1ct | imgs:3
[22:25:23][EMERALD] [1381] ? NIV-C8E2C3137F624282 | BASKET | CONTEMPORARY | BEAD | GOLD | KT_10 | 1ct | imgs:3
[22:25:27][EMERALD] [1382] ? NIV-F2936D9649EE36C9 | BASKET | CONTEMPORARY | BEAD | GOLD | KT_14 | 1ct | imgs:3
[22:25:30][EMERALD] [1383] ? NIV-F2936D9649EE36C9 | BASKET | CONTEMPORARY | BEAD | GOLD | KT_14 | 1ct | imgs:3
[22:25:35][EMERALD] [1384] ? NIV-F2936D9649EE36C9 | BASKET | CONTEMPORARY | BEAD | GOLD | KT_14 | 1ct | imgs:3
[22:25:38][EMERALD] [1385] ? NIV-E20FFD12464D54C0 | BASKET | CONTEMPORARY | BEAD | GOLD | KT_14 | 1ct | imgs:3
[22:25:41][EMERALD] [1386] ? NIV-E20FFD12464D54C0 | BASKET | CONTEMPORARY | BEAD | GOLD | KT_14 | 1ct | imgs:3
[22:25:45][EMERALD] [1387] ? NIV-E20FFD12464D54C0 | BASKET | CONTEMPORARY | BEAD | GOLD | KT_14 | 1ct | imgs:3
[22:25:47][EMERALD] [1388] ? NIV-CC9BD4F54A41ECD4 | BASKET | CONTEMPORARY | BEAD | GOLD | KT_14 | 1ct | imgs:3
[22:25:51][EMERALD] [1389] ? NIV-CC9BD4F54A41ECD4 | BASKET | CONTEMPORARY | BEAD | GOLD | KT_14 | 1ct | imgs:3
[22:25:56][EMERALD] [1390] ? NIV-CC9BD4F54A41ECD4 | BASKET | CONTEMPORARY | BEAD | GOLD | KT_14 | 1ct | imgs:3
[22:26:00][EMERALD] [1391] ? NIV-A0CE47F384BE731E | BASKET | CONTEMPORARY | BEAD | GOLD | KT_18 | 1ct | imgs:3
[22:26:05][EMERALD] [1392] ? NIV-A0CE47F384BE731E | BASKET | CONTEMPORARY | BEAD | GOLD | KT_18 | 1ct | imgs:3
[22:26:08][EMERALD] [1393] ? NIV-A0CE47F384BE731E | BASKET | CONTEMPORARY | BEAD | GOLD | KT_18 | 1ct | imgs:3
[22:26:11][EMERALD] [1394] ? NIV-9E334BB789CAE636 | BASKET | CONTEMPORARY | BEAD | GOLD | KT_18 | 1ct | imgs:3
[22:26:15][EMERALD] [1395] ? NIV-9E334BB789CAE636 | BASKET | CONTEMPORARY | BEAD | GOLD | KT_18 | 1ct | imgs:3
[22:26:18][EMERALD] [1396] ? NIV-9E334BB789CAE636 | BASKET | CONTEMPORARY | BEAD | GOLD | KT_18 | 1ct | imgs:3
[22:26:20][EMERALD] [1397] ? NIV-5F27E81A04615BA1 | BASKET | CONTEMPORARY | BEAD | GOLD | KT_18 | 1ct | imgs:3
[22:26:24][EMERALD] [1398] ? NIV-5F27E81A04615BA1 | BASKET | CONTEMPORARY | BEAD | GOLD | KT_18 | 1ct | imgs:3
[22:26:27][EMERALD] [1399] ? NIV-5F27E81A04615BA1 | BASKET | CONTEMPORARY | BEAD | GOLD | KT_18 | 1ct | imgs:3
[22:26:29][EMERALD] [1400] ? NIV-5939BC525B3D8632 | BASKET | CONTEMPORARY | BEAD | PLATINUM | PT_950 | 1ct | imgs:3
[22:26:35][EMERALD] [1401] ? NIV-7DB7C27F2FE03F32 | BASKET | CONTEMPORARY | BEAD | GOLD | KT_10 | 1ct | imgs:3
[22:26:39][EMERALD] [1402] ? NIV-7DB7C27F2FE03F32 | BASKET | CONTEMPORARY | BEAD | GOLD | KT_10 | 1ct | imgs:3
[22:26:42][EMERALD] [1403] ? NIV-7DB7C27F2FE03F32 | BASKET | CONTEMPORARY | BEAD | GOLD | KT_10 | 1ct | imgs:3
[22:26:44][EMERALD] [1404] ? NIV-62BDDB206B511C9C | BASKET | CONTEMPORARY | BEAD | GOLD | KT_10 | 1ct | imgs:3
[22:26:48][EMERALD] [1405] ? NIV-62BDDB206B511C9C | BASKET | CONTEMPORARY | BEAD | GOLD | KT_10 | 1ct | imgs:3
[22:26:51][EMERALD] [1406] ? NIV-62BDDB206B511C9C | BASKET | CONTEMPORARY | BEAD | GOLD | KT_10 | 1ct | imgs:3
[22:26:53][EMERALD] [1407] ? NIV-A13BFC5901ED9A84 | BASKET | CONTEMPORARY | BEAD | GOLD | KT_10 | 1ct | imgs:3
[22:26:57][EMERALD] [1408] ? NIV-A13BFC5901ED9A84 | BASKET | CONTEMPORARY | BEAD | GOLD | KT_10 | 1ct | imgs:3
[22:27:02][EMERALD] [1409] ? NIV-A13BFC5901ED9A84 | BASKET | CONTEMPORARY | BEAD | GOLD | KT_10 | 1ct | imgs:3
[22:27:08][EMERALD] [1410] ? NIV-F8B5406FD3DCC0B7 | BASKET | CONTEMPORARY | BEAD | GOLD | KT_14 | 1ct | imgs:1
[22:27:11][EMERALD] [1411] ? NIV-F8B5406FD3DCC0B7 | BASKET | CONTEMPORARY | BEAD | GOLD | KT_14 | 1ct | imgs:3
[22:27:15][EMERALD] [1412] ? NIV-F8B5406FD3DCC0B7 | BASKET | CONTEMPORARY | BEAD | GOLD | KT_14 | 1ct | imgs:3
[22:27:17][EMERALD] [1413] ? NIV-C102CA4DA8202FC0 | BASKET | CONTEMPORARY | BEAD | GOLD | KT_14 | 1ct | imgs:3
[22:27:20][EMERALD] [1414] ? NIV-C102CA4DA8202FC0 | BASKET | CONTEMPORARY | BEAD | GOLD | KT_14 | 1ct | imgs:3
[22:27:24][EMERALD] [1415] ? NIV-C102CA4DA8202FC0 | BASKET | CONTEMPORARY | BEAD | GOLD | KT_14 | 1ct | imgs:3
[22:27:26][EMERALD] [1416] ? NIV-C377ACD7E4318A0E | BASKET | CONTEMPORARY | BEAD | GOLD | KT_14 | 1ct | imgs:3
[22:27:30][EMERALD] [1417] ? NIV-C377ACD7E4318A0E | BASKET | CONTEMPORARY | BEAD | GOLD | KT_14 | 1ct | imgs:3
[22:27:33][EMERALD] [1418] ? NIV-C377ACD7E4318A0E | BASKET | CONTEMPORARY | BEAD | GOLD | KT_14 | 1ct | imgs:3
[22:27:38][EMERALD] [1419] ? NIV-DFE6049EC5D44FB5 | BASKET | CONTEMPORARY | BEAD | GOLD | KT_18 | 1ct | imgs:3
[22:27:41][EMERALD] [1420] ? NIV-DFE6049EC5D44FB5 | BASKET | CONTEMPORARY | BEAD | GOLD | KT_18 | 1ct | imgs:3
[22:27:45][EMERALD] [1421] ? NIV-DFE6049EC5D44FB5 | BASKET | CONTEMPORARY | BEAD | GOLD | KT_18 | 1ct | imgs:3
[22:27:47][EMERALD] [1422] ? NIV-1D1296AC42D6DED0 | BASKET | CONTEMPORARY | BEAD | GOLD | KT_18 | 1ct | imgs:3
[22:27:51][EMERALD] [1423] ? NIV-1D1296AC42D6DED0 | BASKET | CONTEMPORARY | BEAD | GOLD | KT_18 | 1ct | imgs:3
[22:27:56][EMERALD] [1424] ? NIV-1D1296AC42D6DED0 | BASKET | CONTEMPORARY | BEAD | GOLD | KT_18 | 1ct | imgs:3
[22:27:59][EMERALD] [1425] ? NIV-17FAF776BA8EBA7A | BASKET | CONTEMPORARY | BEAD | GOLD | KT_18 | 1ct | imgs:3
[22:28:02][EMERALD] [1426] ? NIV-17FAF776BA8EBA7A | BASKET | CONTEMPORARY | BEAD | GOLD | KT_18 | 1ct | imgs:3
[22:28:06][EMERALD] [1427] ? NIV-17FAF776BA8EBA7A | BASKET | CONTEMPORARY | BEAD | GOLD | KT_18 | 1ct | imgs:3
[22:28:08][EMERALD] [1428] ? NIV-ADF8338C8CDDC06D | BASKET | CONTEMPORARY | BEAD | PLATINUM | PT_950 | 1ct | imgs:3
[22:28:14][EMERALD] [1429] ? NIV-F996297AC4C9CE58 | BASKET | CONTEMPORARY | BEAD | GOLD | KT_10 | 1ct | imgs:3
[22:28:18][EMERALD] [1430] ? NIV-F996297AC4C9CE58 | BASKET | CONTEMPORARY | BEAD | GOLD | KT_10 | 1ct | imgs:3
[22:28:21][EMERALD] [1431] ? NIV-F996297AC4C9CE58 | BASKET | CONTEMPORARY | BEAD | GOLD | KT_10 | 1ct | imgs:3
[22:28:23][EMERALD] [1432] ? NIV-E5A2B457CE7A4A27 | BASKET | CONTEMPORARY | BEAD | GOLD | KT_10 | 1ct | imgs:3
[22:28:27][EMERALD] [1433] ? NIV-E5A2B457CE7A4A27 | BASKET | CONTEMPORARY | BEAD | GOLD | KT_10 | 1ct | imgs:3
[22:28:30][EMERALD] [1434] ? NIV-E5A2B457CE7A4A27 | BASKET | CONTEMPORARY | BEAD | GOLD | KT_10 | 1ct | imgs:3
[22:28:32][EMERALD] [1435] ? NIV-92DC6AEBF62DBA33 | BASKET | CONTEMPORARY | BEAD | GOLD | KT_10 | 1ct | imgs:3
[22:28:36][EMERALD] [1436] ? NIV-92DC6AEBF62DBA33 | BASKET | CONTEMPORARY | BEAD | GOLD | KT_10 | 1ct | imgs:3
[22:28:39][EMERALD] [1437] ? NIV-92DC6AEBF62DBA33 | BASKET | CONTEMPORARY | BEAD | GOLD | KT_10 | 1ct | imgs:3
[22:28:42][EMERALD] [1438] ? NIV-11CD36CF6E33946D | BASKET | CONTEMPORARY | BEAD | GOLD | KT_14 | 1ct | imgs:3
[22:28:47][EMERALD] [1439] ? NIV-11CD36CF6E33946D | BASKET | CONTEMPORARY | BEAD | GOLD | KT_14 | 1ct | imgs:3
[22:28:50][EMERALD] [1440] ? NIV-11CD36CF6E33946D | BASKET | CONTEMPORARY | BEAD | GOLD | KT_14 | 1ct | imgs:3
[22:28:53][EMERALD] [1441] ? NIV-41D0C6FAA258E4CE | BASKET | CONTEMPORARY | BEAD | GOLD | KT_14 | 1ct | imgs:3
[22:28:56][EMERALD] [1442] ? NIV-41D0C6FAA258E4CE | BASKET | CONTEMPORARY | BEAD | GOLD | KT_14 | 1ct | imgs:3
[22:29:00][EMERALD] [1443] ? NIV-41D0C6FAA258E4CE | BASKET | CONTEMPORARY | BEAD | GOLD | KT_14 | 1ct | imgs:3
[22:29:02][EMERALD] [1444] ? NIV-D6BBA809ED9F86D3 | BASKET | CONTEMPORARY | BEAD | GOLD | KT_14 | 1ct | imgs:3
[22:29:05][EMERALD] [1445] ? NIV-D6BBA809ED9F86D3 | BASKET | CONTEMPORARY | BEAD | GOLD | KT_14 | 1ct | imgs:3
[22:29:09][EMERALD] [1446] ? NIV-D6BBA809ED9F86D3 | BASKET | CONTEMPORARY | BEAD | GOLD | KT_14 | 1ct | imgs:3
[22:29:12][EMERALD] [1447] ? NIV-38AA439AC1D93F63 | BASKET | CONTEMPORARY | BEAD | GOLD | KT_18 | 1ct | imgs:3
[22:29:17][EMERALD] [1448] ? NIV-38AA439AC1D93F63 | BASKET | CONTEMPORARY | BEAD | GOLD | KT_18 | 1ct | imgs:3
[22:29:20][EMERALD] [1449] ? NIV-38AA439AC1D93F63 | BASKET | CONTEMPORARY | BEAD | GOLD | KT_18 | 1ct | imgs:3
[22:29:23][EMERALD] [1450] ? NIV-EB3449F34894378B | BASKET | CONTEMPORARY | BEAD | GOLD | KT_18 | 1ct | imgs:3
[22:29:29][EMERALD] [1451] ? NIV-EB3449F34894378B | BASKET | CONTEMPORARY | BEAD | GOLD | KT_18 | 1ct | imgs:3
[22:29:32][EMERALD] [1452] ? NIV-EB3449F34894378B | BASKET | CONTEMPORARY | BEAD | GOLD | KT_18 | 1ct | imgs:3
[22:29:35][EMERALD] [1453] ? NIV-03202EA498DE54BC | BASKET | CONTEMPORARY | BEAD | GOLD | KT_18 | 1ct | imgs:3
[22:29:38][EMERALD] [1454] ? NIV-03202EA498DE54BC | BASKET | CONTEMPORARY | BEAD | GOLD | KT_18 | 1ct | imgs:3
[22:29:44][EMERALD] [1455] ? NIV-03202EA498DE54BC | BASKET | CONTEMPORARY | BEAD | GOLD | KT_18 | 1ct | imgs:3
[22:29:47][EMERALD] [1456] ? NIV-4126F4F76B936417 | BASKET | CONTEMPORARY | BEAD | PLATINUM | PT_950 | 1ct | imgs:3
[22:29:53][EMERALD] [1457] ? NIV-FF3DBEBDB9BB5C8E | BASKET | CONTEMPORARY | BEAD | GOLD | KT_10 | 1ct | imgs:3
[22:29:56][EMERALD] [1458] ? NIV-FF3DBEBDB9BB5C8E | BASKET | CONTEMPORARY | BEAD | GOLD | KT_10 | 1ct | imgs:3
[22:30:00][EMERALD] [1459] ? NIV-FF3DBEBDB9BB5C8E | BASKET | CONTEMPORARY | BEAD | GOLD | KT_10 | 1ct | imgs:3
[22:30:04][EMERALD] [1460] ? NIV-40EFED0331A20C90 | BASKET | CONTEMPORARY | BEAD | GOLD | KT_10 | 1ct | imgs:2
[22:30:08][EMERALD] [1461] ? NIV-40EFED0331A20C90 | BASKET | CONTEMPORARY | BEAD | GOLD | KT_10 | 1ct | imgs:3
[22:30:12][EMERALD] [1462] ? NIV-40EFED0331A20C90 | BASKET | CONTEMPORARY | BEAD | GOLD | KT_10 | 1ct | imgs:3
[22:30:14][EMERALD] [1463] ? NIV-CD8BF4DEFC09F549 | BASKET | CONTEMPORARY | BEAD | GOLD | KT_10 | 1ct | imgs:3
[22:30:18][EMERALD] [1464] ? NIV-CD8BF4DEFC09F549 | BASKET | CONTEMPORARY | BEAD | GOLD | KT_10 | 1ct | imgs:3
[22:30:23][EMERALD] [1465] ? NIV-CD8BF4DEFC09F549 | BASKET | CONTEMPORARY | BEAD | GOLD | KT_10 | 1ct | imgs:3
[22:30:26][EMERALD] [1466] ? NIV-B449F4457EF2A2F9 | BASKET | CONTEMPORARY | BEAD | GOLD | KT_14 | 1ct | imgs:3
[22:30:30][EMERALD] [1467] ? NIV-B449F4457EF2A2F9 | BASKET | CONTEMPORARY | BEAD | GOLD | KT_14 | 1ct | imgs:3
[22:30:35][EMERALD] [1468] ? NIV-B449F4457EF2A2F9 | BASKET | CONTEMPORARY | BEAD | GOLD | KT_14 | 1ct | imgs:3
[22:30:38][EMERALD] [1469] ? NIV-D967CBD7DFA61096 | BASKET | CONTEMPORARY | BEAD | GOLD | KT_14 | 1ct | imgs:3
[22:30:41][EMERALD] [1470] ? NIV-D967CBD7DFA61096 | BASKET | CONTEMPORARY | BEAD | GOLD | KT_14 | 1ct | imgs:3
[22:30:45][EMERALD] [1471] ? NIV-D967CBD7DFA61096 | BASKET | CONTEMPORARY | BEAD | GOLD | KT_14 | 1ct | imgs:3
[22:30:47][EMERALD] [1472] ? NIV-A2E80BE9FDC55DB0 | BASKET | CONTEMPORARY | BEAD | GOLD | KT_14 | 1ct | imgs:3
[22:30:51][EMERALD] [1473] ? NIV-A2E80BE9FDC55DB0 | BASKET | CONTEMPORARY | BEAD | GOLD | KT_14 | 1ct | imgs:3
[22:30:56][EMERALD] [1474] ? NIV-A2E80BE9FDC55DB0 | BASKET | CONTEMPORARY | BEAD | GOLD | KT_14 | 1ct | imgs:3
[22:31:02][EMERALD] [1475] ? NIV-69AE3C6614549874 | BASKET | CONTEMPORARY | BEAD | GOLD | KT_18 | 1ct | imgs:3
[22:31:05][EMERALD] [1476] ? NIV-69AE3C6614549874 | BASKET | CONTEMPORARY | BEAD | GOLD | KT_18 | 1ct | imgs:3
[22:31:09][EMERALD] [1477] ? NIV-69AE3C6614549874 | BASKET | CONTEMPORARY | BEAD | GOLD | KT_18 | 1ct | imgs:3
[22:31:11][EMERALD] [1478] ? NIV-59B4BD0FCDFF221D | BASKET | CONTEMPORARY | BEAD | GOLD | KT_18 | 1ct | imgs:3
[22:31:14][EMERALD] [1479] ? NIV-59B4BD0FCDFF221D | BASKET | CONTEMPORARY | BEAD | GOLD | KT_18 | 1ct | imgs:3
[22:31:18][EMERALD] [1480] ? NIV-59B4BD0FCDFF221D | BASKET | CONTEMPORARY | BEAD | GOLD | KT_18 | 1ct | imgs:3
[22:31:20][EMERALD] [1481] ? NIV-8BF79D7382B268D8 | BASKET | CONTEMPORARY | BEAD | GOLD | KT_18 | 1ct | imgs:3
[22:31:24][EMERALD] [1482] ? NIV-8BF79D7382B268D8 | BASKET | CONTEMPORARY | BEAD | GOLD | KT_18 | 1ct | imgs:3
[22:31:29][EMERALD] [1483] ? NIV-8BF79D7382B268D8 | BASKET | CONTEMPORARY | BEAD | GOLD | KT_18 | 1ct | imgs:3
[22:31:32][EMERALD] [1484] ? NIV-236795FD43C169AA | BASKET | CONTEMPORARY | BEAD | PLATINUM | PT_950 | 1ct | imgs:3
[22:31:36][EMERALD] [1485] ? NIV-1747B63EE889F65E | BASKET | CONTEMPORARY | BEAD | GOLD | KT_10 | 1ct | imgs:3
[22:31:41][EMERALD] [1486] ? NIV-1747B63EE889F65E | BASKET | CONTEMPORARY | BEAD | GOLD | KT_10 | 1ct | imgs:3
[22:31:45][EMERALD] [1487] ? NIV-1747B63EE889F65E | BASKET | CONTEMPORARY | BEAD | GOLD | KT_10 | 1ct | imgs:3
[22:31:47][EMERALD] [1488] ? NIV-6970039D2C0C658A | BASKET | CONTEMPORARY | BEAD | GOLD | KT_10 | 1ct | imgs:3
[22:31:51][EMERALD] [1489] ? NIV-6970039D2C0C658A | BASKET | CONTEMPORARY | BEAD | GOLD | KT_10 | 1ct | imgs:3
[22:31:54][EMERALD] [1490] ? NIV-6970039D2C0C658A | BASKET | CONTEMPORARY | BEAD | GOLD | KT_10 | 1ct | imgs:3
[22:31:56][EMERALD] [1491] ? NIV-DB9F178197BD3B96 | BASKET | CONTEMPORARY | BEAD | GOLD | KT_10 | 1ct | imgs:3
[22:32:00][EMERALD] [1492] ? NIV-DB9F178197BD3B96 | BASKET | CONTEMPORARY | BEAD | GOLD | KT_10 | 1ct | imgs:3
[22:32:03][EMERALD] [1493] ? NIV-DB9F178197BD3B96 | BASKET | CONTEMPORARY | BEAD | GOLD | KT_10 | 1ct | imgs:3
[22:32:05][EMERALD] [1494] ? NIV-1F334048507BF824 | BASKET | CONTEMPORARY | BEAD | GOLD | KT_14 | 1ct | imgs:3
[22:32:09][EMERALD] [1495] ? NIV-1F334048507BF824 | BASKET | CONTEMPORARY | BEAD | GOLD | KT_14 | 1ct | imgs:3
[22:32:14][EMERALD] [1496] ? NIV-1F334048507BF824 | BASKET | CONTEMPORARY | BEAD | GOLD | KT_14 | 1ct | imgs:3
[22:32:17][EMERALD] [1497] ? NIV-2A01ADF92C14F68C | BASKET | CONTEMPORARY | BEAD | GOLD | KT_14 | 1ct | imgs:3
[22:32:21][EMERALD] [1498] ? NIV-2A01ADF92C14F68C | BASKET | CONTEMPORARY | BEAD | GOLD | KT_14 | 1ct | imgs:3
[22:32:26][EMERALD] [1499] ? NIV-2A01ADF92C14F68C | BASKET | CONTEMPORARY | BEAD | GOLD | KT_14 | 1ct | imgs:3
[22:32:29][EMERALD] [1500] ? NIV-9CBA857067637F88 | BASKET | CONTEMPORARY | BEAD | GOLD | KT_14 | 1ct | imgs:3
[22:32:33][EMERALD] [1501] ? NIV-9CBA857067637F88 | BASKET | CONTEMPORARY | BEAD | GOLD | KT_14 | 1ct | imgs:3
[22:32:36][EMERALD] [1502] ? NIV-9CBA857067637F88 | BASKET | CONTEMPORARY | BEAD | GOLD | KT_14 | 1ct | imgs:3
[22:32:39][EMERALD] [1503] ? NIV-C8239DF69C078486 | BASKET | CONTEMPORARY | BEAD | GOLD | KT_18 | 1ct | imgs:3
[22:32:52][EMERALD] [1504] ??  NIV-C8239DF69C078486 | BASKET | CONTEMPORARY | BEAD | GOLD | KT_18 | 1ct | imgs:0
[22:32:52][EMERALD]   Re-seleccionando EMERALD (intento 1)
[22:32:52][EMERALD]   Boton no encontrado ? recargando configurador...
[22:33:24][EMERALD]   Re-seleccionando EMERALD (intento 2)
[22:33:27][EMERALD] [1505] ? NIV-0617BAFFC8F22085 | BASKET | CONTEMPORARY | BEAD | GOLD | KT_18 | 1ct | imgs:3
[22:33:30][EMERALD] [1506] ? NIV-DFD392AE87D500C9 | BASKET | CONTEMPORARY | BEAD | GOLD | KT_18 | 1ct | imgs:3
[22:33:33][EMERALD] [1507] ? NIV-577E98AEF40A4E55 | BASKET | CONTEMPORARY | BEAD | GOLD | KT_18 | 1ct | imgs:3
[22:33:36][EMERALD] [1508] ? NIV-61FD728ECCFBC03B | BASKET | CONTEMPORARY | BEAD | GOLD | KT_18 | 1ct | imgs:3
[22:33:42][EMERALD] [1509] ? NIV-29DD8E52D3103B43 | BASKET | CONTEMPORARY | BEAD | GOLD | KT_18 | 1ct | imgs:3
[22:33:45][EMERALD] [1510] ? NIV-022700432B17CE96 | BASKET | CONTEMPORARY | BEAD | GOLD | KT_18 | 1ct | imgs:3
[22:33:48][EMERALD] [1511] ? NIV-4C58A4FB5312412D | BASKET | CONTEMPORARY | BEAD | GOLD | KT_18 | 1ct | imgs:3
[22:33:51][EMERALD] [1512] ? NIV-DE75F99A88EA3D49 | BASKET | CONTEMPORARY | BEAD | PLATINUM | PT_950 | 1ct | imgs:3
[22:33:54][EMERALD] [1513] ? NIV-3E6566E15858F994 | BASKET | CONTEMPORARY | BEAD | GOLD | KT_10 | 1ct | imgs:3
[22:34:00][EMERALD] [1514] ? NIV-3E6566E15858F994 | BASKET | CONTEMPORARY | BEAD | GOLD | KT_10 | 1ct | imgs:3
[22:34:06][EMERALD] [1515] ? NIV-3E6566E15858F994 | BASKET | CONTEMPORARY | BEAD | GOLD | KT_10 | 1ct | imgs:3
[22:34:09][EMERALD] [1516] ? NIV-5E2C72B1021F8475 | BASKET | CONTEMPORARY | BEAD | GOLD | KT_10 | 1ct | imgs:3
[22:34:12][EMERALD] [1517] ? NIV-5E2C72B1021F8475 | BASKET | CONTEMPORARY | BEAD | GOLD | KT_10 | 1ct | imgs:3
[22:34:18][EMERALD] [1518] ? NIV-5E2C72B1021F8475 | BASKET | CONTEMPORARY | BEAD | GOLD | KT_10 | 1ct | imgs:3
[22:34:21][EMERALD] [1519] ? NIV-B6C12105412F092C | BASKET | CONTEMPORARY | BEAD | GOLD | KT_10 | 1ct | imgs:3
[22:34:24][EMERALD] [1520] ? NIV-B6C12105412F092C | BASKET | CONTEMPORARY | BEAD | GOLD | KT_10 | 1ct | imgs:3
[22:34:27][EMERALD] [1521] ? NIV-B6C12105412F092C | BASKET | CONTEMPORARY | BEAD | GOLD | KT_10 | 1ct | imgs:3
[22:34:30][EMERALD] [1522] ? NIV-CFEDF0243363AB29 | BASKET | CONTEMPORARY | BEAD | GOLD | KT_14 | 1ct | imgs:3
[22:34:33][EMERALD] [1523] ? NIV-CFEDF0243363AB29 | BASKET | CONTEMPORARY | BEAD | GOLD | KT_14 | 1ct | imgs:3
[22:34:39][EMERALD] [1524] ? NIV-CFEDF0243363AB29 | BASKET | CONTEMPORARY | BEAD | GOLD | KT_14 | 1ct | imgs:3
[22:34:42][EMERALD] [1525] ? NIV-826AB88203889BC9 | BASKET | CONTEMPORARY | BEAD | GOLD | KT_14 | 1ct | imgs:3
[22:34:45][EMERALD] [1526] ? NIV-826AB88203889BC9 | BASKET | CONTEMPORARY | BEAD | GOLD | KT_14 | 1ct | imgs:3
[22:34:48][EMERALD] [1527] ? NIV-826AB88203889BC9 | BASKET | CONTEMPORARY | BEAD | GOLD | KT_14 | 1ct | imgs:3
[22:34:51][EMERALD] [1528] ? NIV-FBCCB66AE461826F | BASKET | CONTEMPORARY | BEAD | GOLD | KT_14 | 1ct | imgs:3
[22:34:54][EMERALD] [1529] ? NIV-FBCCB66AE461826F | BASKET | CONTEMPORARY | BEAD | GOLD | KT_14 | 1ct | imgs:3
[22:35:00][EMERALD] [1530] ? NIV-FBCCB66AE461826F | BASKET | CONTEMPORARY | BEAD | GOLD | KT_14 | 1ct | imgs:3
[22:35:03][EMERALD] [1531] ? NIV-212C30BDCE503BFB | BASKET | CONTEMPORARY | BEAD | GOLD | KT_18 | 1ct | imgs:3
[22:35:06][EMERALD] [1532] ? NIV-212C30BDCE503BFB | BASKET | CONTEMPORARY | BEAD | GOLD | KT_18 | 1ct | imgs:3
[22:35:09][EMERALD] [1533] ? NIV-212C30BDCE503BFB | BASKET | CONTEMPORARY | BEAD | GOLD | KT_18 | 1ct | imgs:3
[22:35:12][EMERALD] [1534] ? NIV-D341397942DB6ECF | BASKET | CONTEMPORARY | BEAD | GOLD | KT_18 | 1ct | imgs:3
[22:35:15][EMERALD] [1535] ? NIV-D341397942DB6ECF | BASKET | CONTEMPORARY | BEAD | GOLD | KT_18 | 1ct | imgs:3
[22:35:18][EMERALD] [1536] ? NIV-D341397942DB6ECF | BASKET | CONTEMPORARY | BEAD | GOLD | KT_18 | 1ct | imgs:3
[22:35:21][EMERALD] [1537] ? NIV-3FD60824C6CC280B | BASKET | CONTEMPORARY | BEAD | GOLD | KT_18 | 1ct | imgs:3
[22:35:24][EMERALD] [1538] ? NIV-3FD60824C6CC280B | BASKET | CONTEMPORARY | BEAD | GOLD | KT_18 | 1ct | imgs:3
[22:35:27][EMERALD] [1539] ? NIV-3FD60824C6CC280B | BASKET | CONTEMPORARY | BEAD | GOLD | KT_18 | 1ct | imgs:3
[22:35:30][EMERALD] [1540] ? NIV-0E616B037BBD27A6 | BASKET | CONTEMPORARY | BEAD | PLATINUM | PT_950 | 1ct | imgs:3
[22:35:38][EMERALD]   Re-seleccionando EMERALD (intento 1)
[22:35:42][EMERALD] [1541] ? NIV-3E6566E15858F994 | BASKET | DOUBLE | NONE | GOLD | KT_10 | 1ct | imgs:3
[22:35:45][EMERALD] [1542] ? NIV-F762AC389F621B2E | BASKET | DOUBLE | NONE | GOLD | KT_10 | 1ct | imgs:3
[22:35:48][EMERALD] [1543] ? NIV-21898E218531A10C | BASKET | DOUBLE | NONE | GOLD | KT_10 | 1ct | imgs:1
[22:35:51][EMERALD] [1544] ? NIV-5E2C72B1021F8475 | BASKET | DOUBLE | NONE | GOLD | KT_10 | 1ct | imgs:3
[22:35:54][EMERALD] [1545] ? NIV-505FB64D6874AE80 | BASKET | DOUBLE | NONE | GOLD | KT_10 | 1ct | imgs:3
[22:35:57][EMERALD] [1546] ? NIV-3518671CA31F6826 | BASKET | DOUBLE | NONE | GOLD | KT_10 | 1ct | imgs:3
[22:36:00][EMERALD] [1547] ? NIV-B6C12105412F092C | BASKET | DOUBLE | NONE | GOLD | KT_10 | 1ct | imgs:3
[22:36:03][EMERALD] [1548] ? NIV-3598156290B9D478 | BASKET | DOUBLE | NONE | GOLD | KT_10 | 1ct | imgs:3
[22:36:06][EMERALD] [1549] ? NIV-2C738ED468E9384F | BASKET | DOUBLE | NONE | GOLD | KT_10 | 1ct | imgs:3
[22:36:12][EMERALD] [1550] ? NIV-CFEDF0243363AB29 | BASKET | DOUBLE | NONE | GOLD | KT_14 | 1ct | imgs:3
[22:36:23][EMERALD] [1551] ??  NIV-CFEDF0243363AB29 | BASKET | DOUBLE | NONE | GOLD | KT_14 | 1ct | imgs:0
[22:36:27][EMERALD] [1552] ? NIV-E75AEABE826812C9 | BASKET | DOUBLE | NONE | GOLD | KT_14 | 1ct | imgs:3
[22:36:30][EMERALD] [1553] ? NIV-826AB88203889BC9 | BASKET | DOUBLE | NONE | GOLD | KT_14 | 1ct | imgs:3
[22:36:33][EMERALD] [1554] ? NIV-060384DB0DEDA160 | BASKET | DOUBLE | NONE | GOLD | KT_14 | 1ct | imgs:3
[22:36:36][EMERALD] [1555] ? NIV-9A2098ABD3A541A7 | BASKET | DOUBLE | NONE | GOLD | KT_14 | 1ct | imgs:3
[22:36:39][EMERALD] [1556] ? NIV-FBCCB66AE461826F | BASKET | DOUBLE | NONE | GOLD | KT_14 | 1ct | imgs:3
[22:36:42][EMERALD] [1557] ? NIV-C72C99BC9D1A6734 | BASKET | DOUBLE | NONE | GOLD | KT_14 | 1ct | imgs:3
[22:36:45][EMERALD] [1558] ? NIV-40997ED66BC3E9B8 | BASKET | DOUBLE | NONE | GOLD | KT_14 | 1ct | imgs:3
[22:36:48][EMERALD] [1559] ? NIV-212C30BDCE503BFB | BASKET | DOUBLE | NONE | GOLD | KT_18 | 1ct | imgs:3
[22:36:51][EMERALD] [1560] ? NIV-4ACAB44587DEE7FF | BASKET | DOUBLE | NONE | GOLD | KT_18 | 1ct | imgs:3
[22:36:54][EMERALD] [1561] ? NIV-41DBF396D51827DC | BASKET | DOUBLE | NONE | GOLD | KT_18 | 1ct | imgs:3
[22:36:57][EMERALD] [1562] ? NIV-D341397942DB6ECF | BASKET | DOUBLE | NONE | GOLD | KT_18 | 1ct | imgs:3
[22:37:03][EMERALD] [1563] ? NIV-FD07CEACA681B983 | BASKET | DOUBLE | NONE | GOLD | KT_18 | 1ct | imgs:1
[22:37:06][EMERALD] [1564] ? NIV-1FC50ED6A59A66DC | BASKET | DOUBLE | NONE | GOLD | KT_18 | 1ct | imgs:3
[22:37:09][EMERALD] [1565] ? NIV-3FD60824C6CC280B | BASKET | DOUBLE | NONE | GOLD | KT_18 | 1ct | imgs:3
[22:37:12][EMERALD] [1566] ? NIV-83593E90C8A52DC2 | BASKET | DOUBLE | NONE | GOLD | KT_18 | 1ct | imgs:3
[22:37:15][EMERALD] [1567] ? NIV-CFD0611FC8E886C6 | BASKET | DOUBLE | NONE | GOLD | KT_18 | 1ct | imgs:3
[22:37:18][EMERALD] [1568] ? NIV-0E616B037BBD27A6 | BASKET | DOUBLE | NONE | PLATINUM | PT_950 | 1ct | imgs:3
[22:37:24][EMERALD] [1569] ? NIV-6DD049BA6D7A3F4A | BASKET | DOUBLE | NONE | GOLD | KT_10 | 1ct | imgs:3
[22:37:27][EMERALD] [1570] ? NIV-6DD049BA6D7A3F4A | BASKET | DOUBLE | NONE | GOLD | KT_10 | 1ct | imgs:3
[22:37:30][EMERALD] [1571] ? NIV-6DD049BA6D7A3F4A | BASKET | DOUBLE | NONE | GOLD | KT_10 | 1ct | imgs:3
[22:37:33][EMERALD] [1572] ? NIV-183C0E3A83D7067F | BASKET | DOUBLE | NONE | GOLD | KT_10 | 1ct | imgs:3
[22:37:36][EMERALD] [1573] ? NIV-183C0E3A83D7067F | BASKET | DOUBLE | NONE | GOLD | KT_10 | 1ct | imgs:3
[22:37:42][EMERALD] [1574] ? NIV-183C0E3A83D7067F | BASKET | DOUBLE | NONE | GOLD | KT_10 | 1ct | imgs:3
[22:37:45][EMERALD] [1575] ? NIV-9971456040BD3F6B | BASKET | DOUBLE | NONE | GOLD | KT_10 | 1ct | imgs:3
[22:37:48][EMERALD] [1576] ? NIV-9971456040BD3F6B | BASKET | DOUBLE | NONE | GOLD | KT_10 | 1ct | imgs:3
[22:37:54][EMERALD] [1577] ? NIV-9971456040BD3F6B | BASKET | DOUBLE | NONE | GOLD | KT_10 | 1ct | imgs:3
[22:37:57][EMERALD] [1578] ? NIV-5BE126DE735E08F4 | BASKET | DOUBLE | NONE | GOLD | KT_14 | 1ct | imgs:3
[22:38:00][EMERALD] [1579] ? NIV-5BE126DE735E08F4 | BASKET | DOUBLE | NONE | GOLD | KT_14 | 1ct | imgs:3
[22:38:03][EMERALD] [1580] ? NIV-5BE126DE735E08F4 | BASKET | DOUBLE | NONE | GOLD | KT_14 | 1ct | imgs:3
[22:38:06][EMERALD] [1581] ? NIV-F8F6A62311F2A0DF | BASKET | DOUBLE | NONE | GOLD | KT_14 | 1ct | imgs:3
[22:38:09][EMERALD] [1582] ? NIV-F8F6A62311F2A0DF | BASKET | DOUBLE | NONE | GOLD | KT_14 | 1ct | imgs:3
[22:38:12][EMERALD] [1583] ? NIV-F8F6A62311F2A0DF | BASKET | DOUBLE | NONE | GOLD | KT_14 | 1ct | imgs:3
[22:38:15][EMERALD] [1584] ? NIV-14DAED96C1F7D434 | BASKET | DOUBLE | NONE | GOLD | KT_14 | 1ct | imgs:3
[22:38:18][EMERALD] [1585] ? NIV-14DAED96C1F7D434 | BASKET | DOUBLE | NONE | GOLD | KT_14 | 1ct | imgs:3
[22:38:24][EMERALD] [1586] ? NIV-14DAED96C1F7D434 | BASKET | DOUBLE | NONE | GOLD | KT_14 | 1ct | imgs:3
[22:38:27][EMERALD] [1587] ? NIV-8BD7E6B3C59ADA65 | BASKET | DOUBLE | NONE | GOLD | KT_18 | 1ct | imgs:3
[22:38:33][EMERALD] [1588] ? NIV-8BD7E6B3C59ADA65 | BASKET | DOUBLE | NONE | GOLD | KT_18 | 1ct | imgs:3
[22:38:39][EMERALD] [1589] ? NIV-8BD7E6B3C59ADA65 | BASKET | DOUBLE | NONE | GOLD | KT_18 | 1ct | imgs:3
[22:38:42][EMERALD] [1590] ? NIV-8AC02EF934365EEE | BASKET | DOUBLE | NONE | GOLD | KT_18 | 1ct | imgs:3
[22:38:48][EMERALD] [1591] ? NIV-8AC02EF934365EEE | BASKET | DOUBLE | NONE | GOLD | KT_18 | 1ct | imgs:3
[22:38:51][EMERALD] [1592] ? NIV-8AC02EF934365EEE | BASKET | DOUBLE | NONE | GOLD | KT_18 | 1ct | imgs:3
[22:38:54][EMERALD] [1593] ? NIV-98C06C9C72D7779A | BASKET | DOUBLE | NONE | GOLD | KT_18 | 1ct | imgs:3
[22:38:57][EMERALD] [1594] ? NIV-98C06C9C72D7779A | BASKET | DOUBLE | NONE | GOLD | KT_18 | 1ct | imgs:3
[22:39:00][EMERALD] [1595] ? NIV-98C06C9C72D7779A | BASKET | DOUBLE | NONE | GOLD | KT_18 | 1ct | imgs:3
[22:39:03][EMERALD] [1596] ? NIV-9E67D2158994C42E | BASKET | DOUBLE | NONE | PLATINUM | PT_950 | 1ct | imgs:3
[22:39:09][EMERALD] [1597] ? NIV-0E8D8B7738274B79 | BASKET | DOUBLE | NONE | GOLD | KT_10 | 1ct | imgs:3
[22:39:12][EMERALD] [1598] ? NIV-0E8D8B7738274B79 | BASKET | DOUBLE | NONE | GOLD | KT_10 | 1ct | imgs:3
[22:39:18][EMERALD] [1599] ? NIV-0E8D8B7738274B79 | BASKET | DOUBLE | NONE | GOLD | KT_10 | 1ct | imgs:3
[22:39:21][EMERALD] [1600] ? NIV-59FB9FB48B1919F3 | BASKET | DOUBLE | NONE | GOLD | KT_10 | 1ct | imgs:3
[22:39:24][EMERALD] [1601] ? NIV-59FB9FB48B1919F3 | BASKET | DOUBLE | NONE | GOLD | KT_10 | 1ct | imgs:3
[22:39:30][EMERALD] [1602] ? NIV-59FB9FB48B1919F3 | BASKET | DOUBLE | NONE | GOLD | KT_10 | 1ct | imgs:3
[22:39:33][EMERALD] [1603] ? NIV-B8D28660020D8A0E | BASKET | DOUBLE | NONE | GOLD | KT_10 | 1ct | imgs:3
[22:39:36][EMERALD] [1604] ? NIV-B8D28660020D8A0E | BASKET | DOUBLE | NONE | GOLD | KT_10 | 1ct | imgs:3
[22:39:42][EMERALD] [1605] ? NIV-B8D28660020D8A0E | BASKET | DOUBLE | NONE | GOLD | KT_10 | 1ct | imgs:3
[22:39:45][EMERALD] [1606] ? NIV-134174B5F65ED49F | BASKET | DOUBLE | NONE | GOLD | KT_14 | 1ct | imgs:3
[22:39:48][EMERALD] [1607] ? NIV-134174B5F65ED49F | BASKET | DOUBLE | NONE | GOLD | KT_14 | 1ct | imgs:3
[22:39:52][EMERALD] [1608] ? NIV-134174B5F65ED49F | BASKET | DOUBLE | NONE | GOLD | KT_14 | 1ct | imgs:3
[22:39:54][EMERALD] [1609] ? NIV-8B0178267D726233 | BASKET | DOUBLE | NONE | GOLD | KT_14 | 1ct | imgs:3
[22:40:00][EMERALD] [1610] ? NIV-8B0178267D726233 | BASKET | DOUBLE | NONE | GOLD | KT_14 | 1ct | imgs:3
[22:40:03][EMERALD] [1611] ? NIV-8B0178267D726233 | BASKET | DOUBLE | NONE | GOLD | KT_14 | 1ct | imgs:3
[22:40:06][EMERALD] [1612] ? NIV-B9E186C24500E624 | BASKET | DOUBLE | NONE | GOLD | KT_14 | 1ct | imgs:3
[22:40:09][EMERALD] [1613] ? NIV-B9E186C24500E624 | BASKET | DOUBLE | NONE | GOLD | KT_14 | 1ct | imgs:3
[22:40:12][EMERALD] [1614] ? NIV-B9E186C24500E624 | BASKET | DOUBLE | NONE | GOLD | KT_14 | 1ct | imgs:3
[22:40:15][EMERALD] [1615] ? NIV-E8113491ECBA1358 | BASKET | DOUBLE | NONE | GOLD | KT_18 | 1ct | imgs:3
[22:40:21][EMERALD] [1616] ? NIV-E8113491ECBA1358 | BASKET | DOUBLE | NONE | GOLD | KT_18 | 1ct | imgs:3
[22:40:24][EMERALD] [1617] ? NIV-E8113491ECBA1358 | BASKET | DOUBLE | NONE | GOLD | KT_18 | 1ct | imgs:3
[22:40:27][EMERALD] [1618] ? NIV-BF42BD004DE3CF3A | BASKET | DOUBLE | NONE | GOLD | KT_18 | 1ct | imgs:3
[22:40:30][EMERALD] [1619] ? NIV-BF42BD004DE3CF3A | BASKET | DOUBLE | NONE | GOLD | KT_18 | 1ct | imgs:3
[22:40:33][EMERALD] [1620] ? NIV-BF42BD004DE3CF3A | BASKET | DOUBLE | NONE | GOLD | KT_18 | 1ct | imgs:3
[22:40:36][EMERALD] [1621] ? NIV-55E350E722DEA468 | BASKET | DOUBLE | NONE | GOLD | KT_18 | 1ct | imgs:3
[22:40:39][EMERALD] [1622] ? NIV-55E350E722DEA468 | BASKET | DOUBLE | NONE | GOLD | KT_18 | 1ct | imgs:3
[22:40:42][EMERALD] [1623] ? NIV-55E350E722DEA468 | BASKET | DOUBLE | NONE | GOLD | KT_18 | 1ct | imgs:3
[22:40:45][EMERALD] [1624] ? NIV-BFB790931961BB42 | BASKET | DOUBLE | NONE | PLATINUM | PT_950 | 1ct | imgs:3
[22:40:51][EMERALD] [1625] ? NIV-0EEBA060C0E74D66 | BASKET | DOUBLE | NONE | GOLD | KT_10 | 1ct | imgs:3
[22:40:54][EMERALD] [1626] ? NIV-0EEBA060C0E74D66 | BASKET | DOUBLE | NONE | GOLD | KT_10 | 1ct | imgs:3
[22:40:57][EMERALD] [1627] ? NIV-0EEBA060C0E74D66 | BASKET | DOUBLE | NONE | GOLD | KT_10 | 1ct | imgs:3
[22:41:00][EMERALD] [1628] ? NIV-9C2497D80829D452 | BASKET | DOUBLE | NONE | GOLD | KT_10 | 1ct | imgs:3
[22:41:03][EMERALD] [1629] ? NIV-9C2497D80829D452 | BASKET | DOUBLE | NONE | GOLD | KT_10 | 1ct | imgs:3
[22:41:06][EMERALD] [1630] ? NIV-9C2497D80829D452 | BASKET | DOUBLE | NONE | GOLD | KT_10 | 1ct | imgs:3
[22:41:09][EMERALD] [1631] ? NIV-CCEC8FC54237CE35 | BASKET | DOUBLE | NONE | GOLD | KT_10 | 1ct | imgs:3
[22:41:15][EMERALD] [1632] ? NIV-CCEC8FC54237CE35 | BASKET | DOUBLE | NONE | GOLD | KT_10 | 1ct | imgs:3
[22:41:18][EMERALD] [1633] ? NIV-CCEC8FC54237CE35 | BASKET | DOUBLE | NONE | GOLD | KT_10 | 1ct | imgs:3
[22:41:21][EMERALD] [1634] ? NIV-B9B6DD43D96E532D | BASKET | DOUBLE | NONE | GOLD | KT_14 | 1ct | imgs:3
[22:41:24][EMERALD] [1635] ? NIV-B9B6DD43D96E532D | BASKET | DOUBLE | NONE | GOLD | KT_14 | 1ct | imgs:3
[22:41:30][EMERALD] [1636] ? NIV-B9B6DD43D96E532D | BASKET | DOUBLE | NONE | GOLD | KT_14 | 1ct | imgs:3
[22:41:33][EMERALD] [1637] ? NIV-9857AF3A9005445A | BASKET | DOUBLE | NONE | GOLD | KT_14 | 1ct | imgs:3
[22:41:36][EMERALD] [1638] ? NIV-9857AF3A9005445A | BASKET | DOUBLE | NONE | GOLD | KT_14 | 1ct | imgs:3
[22:41:39][EMERALD] [1639] ? NIV-9857AF3A9005445A | BASKET | DOUBLE | NONE | GOLD | KT_14 | 1ct | imgs:3
[22:41:42][EMERALD] [1640] ? NIV-8614821B2204FCD9 | BASKET | DOUBLE | NONE | GOLD | KT_14 | 1ct | imgs:3
[22:41:45][EMERALD] [1641] ? NIV-8614821B2204FCD9 | BASKET | DOUBLE | NONE | GOLD | KT_14 | 1ct | imgs:3
[22:41:51][EMERALD] [1642] ? NIV-8614821B2204FCD9 | BASKET | DOUBLE | NONE | GOLD | KT_14 | 1ct | imgs:3
[22:41:54][EMERALD] [1643] ? NIV-82C4090A163B9F5F | BASKET | DOUBLE | NONE | GOLD | KT_18 | 1ct | imgs:3
[22:42:00][EMERALD] [1644] ? NIV-82C4090A163B9F5F | BASKET | DOUBLE | NONE | GOLD | KT_18 | 1ct | imgs:3
[22:42:03][EMERALD] [1645] ? NIV-82C4090A163B9F5F | BASKET | DOUBLE | NONE | GOLD | KT_18 | 1ct | imgs:3
[22:42:06][EMERALD] [1646] ? NIV-B0BE6695F301A19D | BASKET | DOUBLE | NONE | GOLD | KT_18 | 1ct | imgs:3
[22:42:12][EMERALD] [1647] ? NIV-B0BE6695F301A19D | BASKET | DOUBLE | NONE | GOLD | KT_18 | 1ct | imgs:3
[22:42:15][EMERALD] [1648] ? NIV-B0BE6695F301A19D | BASKET | DOUBLE | NONE | GOLD | KT_18 | 1ct | imgs:3
[22:42:18][EMERALD] [1649] ? NIV-7ED5AC0906DC11D1 | BASKET | DOUBLE | NONE | GOLD | KT_18 | 1ct | imgs:3
[22:42:21][EMERALD] [1650] ? NIV-7ED5AC0906DC11D1 | BASKET | DOUBLE | NONE | GOLD | KT_18 | 1ct | imgs:3
[22:42:24][EMERALD] [1651] ? NIV-7ED5AC0906DC11D1 | BASKET | DOUBLE | NONE | GOLD | KT_18 | 1ct | imgs:3
[22:42:27][EMERALD] [1652] ? NIV-F3E14D49BACD6EFA | BASKET | DOUBLE | NONE | PLATINUM | PT_950 | 1ct | imgs:3
[22:42:33][EMERALD] [1653] ? NIV-DDC6989F5CD8A519 | BASKET | DOUBLE | NONE | GOLD | KT_10 | 1ct | imgs:3
[22:42:36][EMERALD] [1654] ? NIV-DDC6989F5CD8A519 | BASKET | DOUBLE | NONE | GOLD | KT_10 | 1ct | imgs:3
[22:42:42][EMERALD] [1655] ? NIV-DDC6989F5CD8A519 | BASKET | DOUBLE | NONE | GOLD | KT_10 | 1ct | imgs:3
[22:42:45][EMERALD] [1656] ? NIV-0CAD46A69ABF8D5B | BASKET | DOUBLE | NONE | GOLD | KT_10 | 1ct | imgs:3
[22:42:48][EMERALD] [1657] ? NIV-0CAD46A69ABF8D5B | BASKET | DOUBLE | NONE | GOLD | KT_10 | 1ct | imgs:3
[22:42:52][EMERALD] [1658] ? NIV-0CAD46A69ABF8D5B | BASKET | DOUBLE | NONE | GOLD | KT_10 | 1ct | imgs:3
[22:42:54][EMERALD] [1659] ? NIV-049ED7D51F75402D | BASKET | DOUBLE | NONE | GOLD | KT_10 | 1ct | imgs:3
[22:42:57][EMERALD] [1660] ? NIV-049ED7D51F75402D | BASKET | DOUBLE | NONE | GOLD | KT_10 | 1ct | imgs:3
[22:43:03][EMERALD] [1661] ? NIV-049ED7D51F75402D | BASKET | DOUBLE | NONE | GOLD | KT_10 | 1ct | imgs:3
[22:43:06][EMERALD] [1662] ? NIV-27D3871B7E9B2021 | BASKET | DOUBLE | NONE | GOLD | KT_14 | 1ct | imgs:3
[22:43:09][EMERALD] [1663] ? NIV-27D3871B7E9B2021 | BASKET | DOUBLE | NONE | GOLD | KT_14 | 1ct | imgs:3
[22:43:12][EMERALD] [1664] ? NIV-27D3871B7E9B2021 | BASKET | DOUBLE | NONE | GOLD | KT_14 | 1ct | imgs:3
[22:43:15][EMERALD] [1665] ? NIV-396A0D99AAB4D42A | BASKET | DOUBLE | NONE | GOLD | KT_14 | 1ct | imgs:3
[22:43:18][EMERALD] [1666] ? NIV-396A0D99AAB4D42A | BASKET | DOUBLE | NONE | GOLD | KT_14 | 1ct | imgs:3
[22:43:21][EMERALD] [1667] ? NIV-396A0D99AAB4D42A | BASKET | DOUBLE | NONE | GOLD | KT_14 | 1ct | imgs:3
[22:43:24][EMERALD] [1668] ? NIV-ED7F6E23C8FF1060 | BASKET | DOUBLE | NONE | GOLD | KT_14 | 1ct | imgs:3
[22:43:27][EMERALD] [1669] ? NIV-ED7F6E23C8FF1060 | BASKET | DOUBLE | NONE | GOLD | KT_14 | 1ct | imgs:3
[22:43:30][EMERALD] [1670] ? NIV-ED7F6E23C8FF1060 | BASKET | DOUBLE | NONE | GOLD | KT_14 | 1ct | imgs:3
[22:43:33][EMERALD] [1671] ? NIV-AEDB65A53DC564C9 | BASKET | DOUBLE | NONE | GOLD | KT_18 | 1ct | imgs:3
[22:43:39][EMERALD] [1672] ? NIV-AEDB65A53DC564C9 | BASKET | DOUBLE | NONE | GOLD | KT_18 | 1ct | imgs:3
[22:43:42][EMERALD] [1673] ? NIV-AEDB65A53DC564C9 | BASKET | DOUBLE | NONE | GOLD | KT_18 | 1ct | imgs:3
[22:43:45][EMERALD] [1674] ? NIV-30DF166CF035BAA1 | BASKET | DOUBLE | NONE | GOLD | KT_18 | 1ct | imgs:3
[22:43:48][EMERALD] [1675] ? NIV-30DF166CF035BAA1 | BASKET | DOUBLE | NONE | GOLD | KT_18 | 1ct | imgs:3
[22:43:54][EMERALD] [1676] ? NIV-30DF166CF035BAA1 | BASKET | DOUBLE | NONE | GOLD | KT_18 | 1ct | imgs:3
[22:43:57][EMERALD] [1677] ? NIV-A5D97A0F4A3382BF | BASKET | DOUBLE | NONE | GOLD | KT_18 | 1ct | imgs:3
[22:44:00][EMERALD] [1678] ? NIV-A5D97A0F4A3382BF | BASKET | DOUBLE | NONE | GOLD | KT_18 | 1ct | imgs:3
[22:44:03][EMERALD] [1679] ? NIV-A5D97A0F4A3382BF | BASKET | DOUBLE | NONE | GOLD | KT_18 | 1ct | imgs:3
[22:44:06][EMERALD] [1680] ? NIV-20D263F2E8263BB2 | BASKET | DOUBLE | NONE | PLATINUM | PT_950 | 1ct | imgs:3
[22:44:12][EMERALD] [1681] ? NIV-83CB1239F2CDDABD | BASKET | DOUBLE | NONE | GOLD | KT_10 | 1ct | imgs:3
[22:44:15][EMERALD] [1682] ? NIV-83CB1239F2CDDABD | BASKET | DOUBLE | NONE | GOLD | KT_10 | 1ct | imgs:3
[22:44:18][EMERALD] [1683] ? NIV-83CB1239F2CDDABD | BASKET | DOUBLE | NONE | GOLD | KT_10 | 1ct | imgs:3
[22:44:21][EMERALD] [1684] ? NIV-C4EF9B76FE98DD6A | BASKET | DOUBLE | NONE | GOLD | KT_10 | 1ct | imgs:3
[22:44:24][EMERALD] [1685] ? NIV-C4EF9B76FE98DD6A | BASKET | DOUBLE | NONE | GOLD | KT_10 | 1ct | imgs:3
[22:44:27][EMERALD] [1686] ? NIV-C4EF9B76FE98DD6A | BASKET | DOUBLE | NONE | GOLD | KT_10 | 1ct | imgs:3
[22:44:30][EMERALD] [1687] ? NIV-2F19EBDA323C45C4 | BASKET | DOUBLE | NONE | GOLD | KT_10 | 1ct | imgs:1
[22:44:33][EMERALD] [1688] ? NIV-2F19EBDA323C45C4 | BASKET | DOUBLE | NONE | GOLD | KT_10 | 1ct | imgs:3
[22:44:39][EMERALD] [1689] ? NIV-2F19EBDA323C45C4 | BASKET | DOUBLE | NONE | GOLD | KT_10 | 1ct | imgs:3
[22:44:43][EMERALD] [1690] ? NIV-0C28521C9886CCF8 | BASKET | DOUBLE | NONE | GOLD | KT_14 | 1ct | imgs:3
[22:44:48][EMERALD] [1691] ? NIV-0C28521C9886CCF8 | BASKET | DOUBLE | NONE | GOLD | KT_14 | 1ct | imgs:3
[22:44:51][EMERALD] [1692] ? NIV-0C28521C9886CCF8 | BASKET | DOUBLE | NONE | GOLD | KT_14 | 1ct | imgs:3
[22:44:54][EMERALD] [1693] ? NIV-60DE4D3C469ED162 | BASKET | DOUBLE | NONE | GOLD | KT_14 | 1ct | imgs:3
[22:44:57][EMERALD] [1694] ? NIV-60DE4D3C469ED162 | BASKET | DOUBLE | NONE | GOLD | KT_14 | 1ct | imgs:3
[22:45:03][EMERALD] [1695] ? NIV-60DE4D3C469ED162 | BASKET | DOUBLE | NONE | GOLD | KT_14 | 1ct | imgs:3
[22:45:06][EMERALD] [1696] ? NIV-82F97ACA26D04BF4 | BASKET | DOUBLE | NONE | GOLD | KT_14 | 1ct | imgs:3
[22:45:09][EMERALD] [1697] ? NIV-82F97ACA26D04BF4 | BASKET | DOUBLE | NONE | GOLD | KT_14 | 1ct | imgs:3
[22:45:15][EMERALD] [1698] ? NIV-82F97ACA26D04BF4 | BASKET | DOUBLE | NONE | GOLD | KT_14 | 1ct | imgs:3
[22:45:26][EMERALD] [1699] ? NIV-3DFE4991203559AB | BASKET | DOUBLE | NONE | GOLD | KT_18 | 1ct | imgs:3
[22:45:30][EMERALD] [1700] ? NIV-3DFE4991203559AB | BASKET | DOUBLE | NONE | GOLD | KT_18 | 1ct | imgs:3
[22:45:33][EMERALD] [1701] ? NIV-3DFE4991203559AB | BASKET | DOUBLE | NONE | GOLD | KT_18 | 1ct | imgs:3
[22:45:36][EMERALD] [1702] ? NIV-502E9BAF0D055B95 | BASKET | DOUBLE | NONE | GOLD | KT_18 | 1ct | imgs:2
[22:45:42][EMERALD] [1703] ? NIV-502E9BAF0D055B95 | BASKET | DOUBLE | NONE | GOLD | KT_18 | 1ct | imgs:3
[22:45:45][EMERALD] [1704] ? NIV-502E9BAF0D055B95 | BASKET | DOUBLE | NONE | GOLD | KT_18 | 1ct | imgs:3
[22:45:48][EMERALD] [1705] ? NIV-26E32E3A88C6659E | BASKET | DOUBLE | NONE | GOLD | KT_18 | 1ct | imgs:3
[22:45:51][EMERALD] [1706] ? NIV-26E32E3A88C6659E | BASKET | DOUBLE | NONE | GOLD | KT_18 | 1ct | imgs:3
[22:45:57][EMERALD] [1707] ? NIV-26E32E3A88C6659E | BASKET | DOUBLE | NONE | GOLD | KT_18 | 1ct | imgs:3
[22:46:00][EMERALD] [1708] ? NIV-50EAC918F02AC65A | BASKET | DOUBLE | NONE | PLATINUM | PT_950 | 1ct | imgs:3
[22:46:03][EMERALD] [1709] ? NIV-34E9DF836630DE86 | BASKET | DOUBLE | NONE | GOLD | KT_10 | 1ct | imgs:3
[22:46:09][EMERALD] [1710] ? NIV-34E9DF836630DE86 | BASKET | DOUBLE | NONE | GOLD | KT_10 | 1ct | imgs:3
[22:46:12][EMERALD] [1711] ? NIV-34E9DF836630DE86 | BASKET | DOUBLE | NONE | GOLD | KT_10 | 1ct | imgs:3
[22:46:15][EMERALD] [1712] ? NIV-7388B46A7AE02FFE | BASKET | DOUBLE | NONE | GOLD | KT_10 | 1ct | imgs:3
[22:46:18][EMERALD] [1713] ? NIV-7388B46A7AE02FFE | BASKET | DOUBLE | NONE | GOLD | KT_10 | 1ct | imgs:3
[22:46:21][EMERALD] [1714] ? NIV-7388B46A7AE02FFE | BASKET | DOUBLE | NONE | GOLD | KT_10 | 1ct | imgs:3
[22:46:24][EMERALD] [1715] ? NIV-7821EDEE6DE6CC66 | BASKET | DOUBLE | NONE | GOLD | KT_10 | 1ct | imgs:3
[22:46:27][EMERALD] [1716] ? NIV-7821EDEE6DE6CC66 | BASKET | DOUBLE | NONE | GOLD | KT_10 | 1ct | imgs:3
[22:46:30][EMERALD] [1717] ? NIV-7821EDEE6DE6CC66 | BASKET | DOUBLE | NONE | GOLD | KT_10 | 1ct | imgs:3
[22:46:36][EMERALD] [1718] ? NIV-63AD2E075262CE39 | BASKET | DOUBLE | NONE | GOLD | KT_14 | 1ct | imgs:3
[22:46:39][EMERALD] [1719] ? NIV-63AD2E075262CE39 | BASKET | DOUBLE | NONE | GOLD | KT_14 | 1ct | imgs:3
[22:46:45][EMERALD] [1720] ? NIV-63AD2E075262CE39 | BASKET | DOUBLE | NONE | GOLD | KT_14 | 1ct | imgs:3
[22:46:48][EMERALD] [1721] ? NIV-703EEAFE3DB61C81 | BASKET | DOUBLE | NONE | GOLD | KT_14 | 1ct | imgs:3
[22:46:51][EMERALD] [1722] ? NIV-703EEAFE3DB61C81 | BASKET | DOUBLE | NONE | GOLD | KT_14 | 1ct | imgs:3
[22:46:57][EMERALD] [1723] ? NIV-703EEAFE3DB61C81 | BASKET | DOUBLE | NONE | GOLD | KT_14 | 1ct | imgs:3
[22:47:00][EMERALD] [1724] ? NIV-89D5C2C95FF23FC0 | BASKET | DOUBLE | NONE | GOLD | KT_14 | 1ct | imgs:3
[22:47:03][EMERALD] [1725] ? NIV-89D5C2C95FF23FC0 | BASKET | DOUBLE | NONE | GOLD | KT_14 | 1ct | imgs:3
[22:47:06][EMERALD] [1726] ? NIV-89D5C2C95FF23FC0 | BASKET | DOUBLE | NONE | GOLD | KT_14 | 1ct | imgs:3
[22:47:09][EMERALD] [1727] ? NIV-9361D083E951F640 | BASKET | DOUBLE | NONE | GOLD | KT_18 | 1ct | imgs:3
[22:47:12][EMERALD] [1728] ? NIV-9361D083E951F640 | BASKET | DOUBLE | NONE | GOLD | KT_18 | 1ct | imgs:3
[22:47:18][EMERALD] [1729] ? NIV-9361D083E951F640 | BASKET | DOUBLE | NONE | GOLD | KT_18 | 1ct | imgs:3
[22:47:24][EMERALD] [1730] ? NIV-6A724EC74117D1AB | BASKET | DOUBLE | NONE | GOLD | KT_18 | 1ct | imgs:1
[22:47:30][EMERALD] [1731] ? NIV-6A724EC74117D1AB | BASKET | DOUBLE | NONE | GOLD | KT_18 | 1ct | imgs:3
[22:47:33][EMERALD] [1732] ? NIV-6A724EC74117D1AB | BASKET | DOUBLE | NONE | GOLD | KT_18 | 1ct | imgs:3
[22:47:36][EMERALD] [1733] ? NIV-687580EF902247C9 | BASKET | DOUBLE | NONE | GOLD | KT_18 | 1ct | imgs:3
[22:47:39][EMERALD] [1734] ? NIV-687580EF902247C9 | BASKET | DOUBLE | NONE | GOLD | KT_18 | 1ct | imgs:3
[22:47:45][EMERALD] [1735] ? NIV-687580EF902247C9 | BASKET | DOUBLE | NONE | GOLD | KT_18 | 1ct | imgs:3
[22:47:48][EMERALD] [1736] ? NIV-9B211D3C17420344 | BASKET | DOUBLE | NONE | PLATINUM | PT_950 | 1ct | imgs:3
[22:47:54][EMERALD] [1737] ? NIV-AC78CBA0F62BC297 | BASKET | DOUBLE | U_PAVE | GOLD | KT_10 | 1ct | imgs:3
[22:47:57][EMERALD] [1738] ? NIV-AC78CBA0F62BC297 | BASKET | DOUBLE | U_PAVE | GOLD | KT_10 | 1ct | imgs:3
[22:48:00][EMERALD] [1739] ? NIV-AC78CBA0F62BC297 | BASKET | DOUBLE | U_PAVE | GOLD | KT_10 | 1ct | imgs:3
[22:48:03][EMERALD] [1740] ? NIV-61D80F68AA7E6FFF | BASKET | DOUBLE | U_PAVE | GOLD | KT_10 | 1ct | imgs:3
[22:48:06][EMERALD] [1741] ? NIV-61D80F68AA7E6FFF | BASKET | DOUBLE | U_PAVE | GOLD | KT_10 | 1ct | imgs:3
[22:48:12][EMERALD] [1742] ? NIV-61D80F68AA7E6FFF | BASKET | DOUBLE | U_PAVE | GOLD | KT_10 | 1ct | imgs:3
[22:48:15][EMERALD] [1743] ? NIV-9AA250BE431B1156 | BASKET | DOUBLE | U_PAVE | GOLD | KT_10 | 1ct | imgs:3
[22:48:18][EMERALD] [1744] ? NIV-9AA250BE431B1156 | BASKET | DOUBLE | U_PAVE | GOLD | KT_10 | 1ct | imgs:3
[22:48:21][EMERALD] [1745] ? NIV-9AA250BE431B1156 | BASKET | DOUBLE | U_PAVE | GOLD | KT_10 | 1ct | imgs:3
[22:48:24][EMERALD] [1746] ? NIV-D7922B9F18696CB9 | BASKET | DOUBLE | U_PAVE | GOLD | KT_14 | 1ct | imgs:3
[22:48:30][EMERALD] [1747] ? NIV-D7922B9F18696CB9 | BASKET | DOUBLE | U_PAVE | GOLD | KT_14 | 1ct | imgs:3
[22:48:33][EMERALD] [1748] ? NIV-D7922B9F18696CB9 | BASKET | DOUBLE | U_PAVE | GOLD | KT_14 | 1ct | imgs:3
[22:48:36][EMERALD] [1749] ? NIV-5A63188C36EF5BDD | BASKET | DOUBLE | U_PAVE | GOLD | KT_14 | 1ct | imgs:3
[22:48:42][EMERALD] [1750] ? NIV-5A63188C36EF5BDD | BASKET | DOUBLE | U_PAVE | GOLD | KT_14 | 1ct | imgs:3
[22:48:45][EMERALD] [1751] ? NIV-5A63188C36EF5BDD | BASKET | DOUBLE | U_PAVE | GOLD | KT_14 | 1ct | imgs:3
[22:48:48][EMERALD] [1752] ? NIV-82AD766379B97DD9 | BASKET | DOUBLE | U_PAVE | GOLD | KT_14 | 1ct | imgs:3
[22:48:51][EMERALD] [1753] ? NIV-82AD766379B97DD9 | BASKET | DOUBLE | U_PAVE | GOLD | KT_14 | 1ct | imgs:3
[22:48:57][EMERALD] [1754] ? NIV-82AD766379B97DD9 | BASKET | DOUBLE | U_PAVE | GOLD | KT_14 | 1ct | imgs:3
[22:49:00][EMERALD] [1755] ? NIV-161EAA6A8F1A9089 | BASKET | DOUBLE | U_PAVE | GOLD | KT_18 | 1ct | imgs:3
[22:49:06][EMERALD] [1756] ? NIV-161EAA6A8F1A9089 | BASKET | DOUBLE | U_PAVE | GOLD | KT_18 | 1ct | imgs:3
[22:49:12][EMERALD] [1757] ? NIV-161EAA6A8F1A9089 | BASKET | DOUBLE | U_PAVE | GOLD | KT_18 | 1ct | imgs:3
[22:49:15][EMERALD] [1758] ? NIV-C7AFB64CAC1D5E57 | BASKET | DOUBLE | U_PAVE | GOLD | KT_18 | 1ct | imgs:3
[22:49:18][EMERALD] [1759] ? NIV-C7AFB64CAC1D5E57 | BASKET | DOUBLE | U_PAVE | GOLD | KT_18 | 1ct | imgs:3
[22:49:24][EMERALD] [1760] ? NIV-C7AFB64CAC1D5E57 | BASKET | DOUBLE | U_PAVE | GOLD | KT_18 | 1ct | imgs:3
[22:49:27][EMERALD] [1761] ? NIV-48D88B30E0B477EB | BASKET | DOUBLE | U_PAVE | GOLD | KT_18 | 1ct | imgs:3
[22:49:30][EMERALD] [1762] ? NIV-48D88B30E0B477EB | BASKET | DOUBLE | U_PAVE | GOLD | KT_18 | 1ct | imgs:3
[22:49:36][EMERALD] [1763] ? NIV-48D88B30E0B477EB | BASKET | DOUBLE | U_PAVE | GOLD | KT_18 | 1ct | imgs:3
[22:49:39][EMERALD] [1764] ? NIV-E5075AE80270A0AE | BASKET | DOUBLE | U_PAVE | PLATINUM | PT_950 | 1ct | imgs:3
[22:49:45][EMERALD] [1765] ? NIV-5F5D85F26AC2AB42 | BASKET | DOUBLE | U_PAVE | GOLD | KT_10 | 1ct | imgs:3
[22:49:48][EMERALD] [1766] ? NIV-5F5D85F26AC2AB42 | BASKET | DOUBLE | U_PAVE | GOLD | KT_10 | 1ct | imgs:3
[22:49:54][EMERALD] [1767] ? NIV-5F5D85F26AC2AB42 | BASKET | DOUBLE | U_PAVE | GOLD | KT_10 | 1ct | imgs:3
[22:49:57][EMERALD] [1768] ? NIV-5389FA3B9F2D15F1 | BASKET | DOUBLE | U_PAVE | GOLD | KT_10 | 1ct | imgs:3
[22:50:00][EMERALD] [1769] ? NIV-5389FA3B9F2D15F1 | BASKET | DOUBLE | U_PAVE | GOLD | KT_10 | 1ct | imgs:3
[22:50:06][EMERALD] [1770] ? NIV-5389FA3B9F2D15F1 | BASKET | DOUBLE | U_PAVE | GOLD | KT_10 | 1ct | imgs:3
[22:50:09][EMERALD] [1771] ? NIV-C43FC6EAE3CDBA33 | BASKET | DOUBLE | U_PAVE | GOLD | KT_10 | 1ct | imgs:3
[22:50:13][EMERALD] [1772] ? NIV-C43FC6EAE3CDBA33 | BASKET | DOUBLE | U_PAVE | GOLD | KT_10 | 1ct | imgs:3
[22:50:18][EMERALD] [1773] ? NIV-C43FC6EAE3CDBA33 | BASKET | DOUBLE | U_PAVE | GOLD | KT_10 | 1ct | imgs:3
[22:50:29][EMERALD] [1774] ??  NIV-C43FC6EAE3CDBA33 | BASKET | DOUBLE | U_PAVE | GOLD | KT_14 | 1ct | imgs:0
[22:50:36][EMERALD] [1775] ? NIV-97A1623ECE541DD7 | BASKET | DOUBLE | U_PAVE | GOLD | KT_14 | 1ct | imgs:1
[22:50:39][EMERALD] [1776] ? NIV-97A1623ECE541DD7 | BASKET | DOUBLE | U_PAVE | GOLD | KT_14 | 1ct | imgs:3
[22:50:42][EMERALD] [1777] ? NIV-384604681F398C4F | BASKET | DOUBLE | U_PAVE | GOLD | KT_14 | 1ct | imgs:3
[22:50:45][EMERALD] [1778] ? NIV-384604681F398C4F | BASKET | DOUBLE | U_PAVE | GOLD | KT_14 | 1ct | imgs:3
[22:50:51][EMERALD] [1779] ? NIV-384604681F398C4F | BASKET | DOUBLE | U_PAVE | GOLD | KT_14 | 1ct | imgs:3
[22:50:54][EMERALD] [1780] ? NIV-46DF8A71C89CAF20 | BASKET | DOUBLE | U_PAVE | GOLD | KT_14 | 1ct | imgs:3
[22:50:57][EMERALD] [1781] ? NIV-46DF8A71C89CAF20 | BASKET | DOUBLE | U_PAVE | GOLD | KT_14 | 1ct | imgs:3
[22:51:03][EMERALD] [1782] ? NIV-46DF8A71C89CAF20 | BASKET | DOUBLE | U_PAVE | GOLD | KT_14 | 1ct | imgs:3
[22:51:06][EMERALD] [1783] ? NIV-227A724F253AC4BC | BASKET | DOUBLE | U_PAVE | GOLD | KT_18 | 1ct | imgs:3
[22:51:09][EMERALD] [1784] ? NIV-227A724F253AC4BC | BASKET | DOUBLE | U_PAVE | GOLD | KT_18 | 1ct | imgs:3
[22:51:15][EMERALD] [1785] ? NIV-227A724F253AC4BC | BASKET | DOUBLE | U_PAVE | GOLD | KT_18 | 1ct | imgs:3
[22:51:18][EMERALD] [1786] ? NIV-200D3B598735D614 | BASKET | DOUBLE | U_PAVE | GOLD | KT_18 | 1ct | imgs:3
[22:51:21][EMERALD] [1787] ? NIV-200D3B598735D614 | BASKET | DOUBLE | U_PAVE | GOLD | KT_18 | 1ct | imgs:3
[22:51:27][EMERALD] [1788] ? NIV-200D3B598735D614 | BASKET | DOUBLE | U_PAVE | GOLD | KT_18 | 1ct | imgs:3
[22:51:30][EMERALD] [1789] ? NIV-C6717B7799527684 | BASKET | DOUBLE | U_PAVE | GOLD | KT_18 | 1ct | imgs:3
[22:51:33][EMERALD] [1790] ? NIV-C6717B7799527684 | BASKET | DOUBLE | U_PAVE | GOLD | KT_18 | 1ct | imgs:3
[22:51:36][EMERALD] [1791] ? NIV-C6717B7799527684 | BASKET | DOUBLE | U_PAVE | GOLD | KT_18 | 1ct | imgs:3
[22:51:39][EMERALD] [1792] ? NIV-DE0DB900D748AB72 | BASKET | DOUBLE | U_PAVE | PLATINUM | PT_950 | 1ct | imgs:3
[22:51:45][EMERALD] [1793] ? NIV-8561179530FF9B19 | BASKET | DOUBLE | U_PAVE | GOLD | KT_10 | 1ct | imgs:3
[22:51:48][EMERALD] [1794] ? NIV-8561179530FF9B19 | BASKET | DOUBLE | U_PAVE | GOLD | KT_10 | 1ct | imgs:3
[22:51:51][EMERALD] [1795] ? NIV-8561179530FF9B19 | BASKET | DOUBLE | U_PAVE | GOLD | KT_10 | 1ct | imgs:3
[22:51:54][EMERALD] [1796] ? NIV-C1DE8A3CF6F83FEB | BASKET | DOUBLE | U_PAVE | GOLD | KT_10 | 1ct | imgs:3
[22:51:57][EMERALD] [1797] ? NIV-C1DE8A3CF6F83FEB | BASKET | DOUBLE | U_PAVE | GOLD | KT_10 | 1ct | imgs:3
[22:52:01][EMERALD] [1798] ? NIV-C1DE8A3CF6F83FEB | BASKET | DOUBLE | U_PAVE | GOLD | KT_10 | 1ct | imgs:3
[22:52:03][EMERALD] [1799] ? NIV-E15DE5E70DC3DB96 | BASKET | DOUBLE | U_PAVE | GOLD | KT_10 | 1ct | imgs:3
[22:52:06][EMERALD] [1800] ? NIV-E15DE5E70DC3DB96 | BASKET | DOUBLE | U_PAVE | GOLD | KT_10 | 1ct | imgs:3
[22:52:12][EMERALD] [1801] ? NIV-E15DE5E70DC3DB96 | BASKET | DOUBLE | U_PAVE | GOLD | KT_10 | 1ct | imgs:3
[22:52:15][EMERALD] [1802] ? NIV-69A5C2C22032988B | BASKET | DOUBLE | U_PAVE | GOLD | KT_14 | 1ct | imgs:3
[22:52:18][EMERALD] [1803] ? NIV-69A5C2C22032988B | BASKET | DOUBLE | U_PAVE | GOLD | KT_14 | 1ct | imgs:3
[22:52:24][EMERALD] [1804] ? NIV-69A5C2C22032988B | BASKET | DOUBLE | U_PAVE | GOLD | KT_14 | 1ct | imgs:3
[22:52:27][EMERALD] [1805] ? NIV-B150C028AEFE595B | BASKET | DOUBLE | U_PAVE | GOLD | KT_14 | 1ct | imgs:3
[22:52:30][EMERALD] [1806] ? NIV-B150C028AEFE595B | BASKET | DOUBLE | U_PAVE | GOLD | KT_14 | 1ct | imgs:3
[22:52:36][EMERALD] [1807] ? NIV-B150C028AEFE595B | BASKET | DOUBLE | U_PAVE | GOLD | KT_14 | 1ct | imgs:3
[22:52:39][EMERALD] [1808] ? NIV-8BFB28F0C993DF39 | BASKET | DOUBLE | U_PAVE | GOLD | KT_14 | 1ct | imgs:3
[22:52:42][EMERALD] [1809] ? NIV-8BFB28F0C993DF39 | BASKET | DOUBLE | U_PAVE | GOLD | KT_14 | 1ct | imgs:3
[22:52:48][EMERALD] [1810] ? NIV-8BFB28F0C993DF39 | BASKET | DOUBLE | U_PAVE | GOLD | KT_14 | 1ct | imgs:3
[22:52:51][EMERALD] [1811] ? NIV-486FC45A00208C82 | BASKET | DOUBLE | U_PAVE | GOLD | KT_18 | 1ct | imgs:3
[22:52:57][EMERALD] [1812] ? NIV-486FC45A00208C82 | BASKET | DOUBLE | U_PAVE | GOLD | KT_18 | 1ct | imgs:3
[22:53:00][EMERALD] [1813] ? NIV-486FC45A00208C82 | BASKET | DOUBLE | U_PAVE | GOLD | KT_18 | 1ct | imgs:3
[22:53:03][EMERALD] [1814] ? NIV-F1D076A2C0DD34B4 | BASKET | DOUBLE | U_PAVE | GOLD | KT_18 | 1ct | imgs:3
[22:53:06][EMERALD] [1815] ? NIV-F1D076A2C0DD34B4 | BASKET | DOUBLE | U_PAVE | GOLD | KT_18 | 1ct | imgs:3
[22:53:09][EMERALD] [1816] ? NIV-F1D076A2C0DD34B4 | BASKET | DOUBLE | U_PAVE | GOLD | KT_18 | 1ct | imgs:3
[22:53:12][EMERALD] [1817] ? NIV-868CD5A93D722B94 | BASKET | DOUBLE | U_PAVE | GOLD | KT_18 | 1ct | imgs:3
[22:53:15][EMERALD] [1818] ? NIV-868CD5A93D722B94 | BASKET | DOUBLE | U_PAVE | GOLD | KT_18 | 1ct | imgs:3
[22:53:18][EMERALD] [1819] ? NIV-868CD5A93D722B94 | BASKET | DOUBLE | U_PAVE | GOLD | KT_18 | 1ct | imgs:3
[22:53:21][EMERALD] [1820] ? NIV-DB8752B67AE38A68 | BASKET | DOUBLE | U_PAVE | PLATINUM | PT_950 | 1ct | imgs:3
[22:53:27][EMERALD] [1821] ? NIV-7B4772EF35DAF56D | BASKET | DOUBLE | U_PAVE | GOLD | KT_10 | 1ct | imgs:3
[22:53:30][EMERALD] [1822] ? NIV-7B4772EF35DAF56D | BASKET | DOUBLE | U_PAVE | GOLD | KT_10 | 1ct | imgs:3
[22:53:36][EMERALD] [1823] ? NIV-7B4772EF35DAF56D | BASKET | DOUBLE | U_PAVE | GOLD | KT_10 | 1ct | imgs:3
[22:53:39][EMERALD] [1824] ? NIV-EDABC89AA78C7AB7 | BASKET | DOUBLE | U_PAVE | GOLD | KT_10 | 1ct | imgs:3
[22:53:45][EMERALD] [1825] ? NIV-EDABC89AA78C7AB7 | BASKET | DOUBLE | U_PAVE | GOLD | KT_10 | 1ct | imgs:3
[22:53:48][EMERALD] [1826] ? NIV-EDABC89AA78C7AB7 | BASKET | DOUBLE | U_PAVE | GOLD | KT_10 | 1ct | imgs:3
[22:53:51][EMERALD] [1827] ? NIV-A35337ED05D984CF | BASKET | DOUBLE | U_PAVE | GOLD | KT_10 | 1ct | imgs:3
[22:53:54][EMERALD] [1828] ? NIV-A35337ED05D984CF | BASKET | DOUBLE | U_PAVE | GOLD | KT_10 | 1ct | imgs:3
[22:53:58][EMERALD] [1829] ? NIV-A35337ED05D984CF | BASKET | DOUBLE | U_PAVE | GOLD | KT_10 | 1ct | imgs:3
[22:54:03][EMERALD] [1830] ? NIV-EFAD60F691006280 | BASKET | DOUBLE | U_PAVE | GOLD | KT_14 | 1ct | imgs:3
[22:54:06][EMERALD] [1831] ? NIV-EFAD60F691006280 | BASKET | DOUBLE | U_PAVE | GOLD | KT_14 | 1ct | imgs:3
[22:54:12][EMERALD] [1832] ? NIV-EFAD60F691006280 | BASKET | DOUBLE | U_PAVE | GOLD | KT_14 | 1ct | imgs:3
[22:54:15][EMERALD] [1833] ? NIV-43E26BD0EF618E3D | BASKET | DOUBLE | U_PAVE | GOLD | KT_14 | 1ct | imgs:3
[22:54:21][EMERALD] [1834] ? NIV-43E26BD0EF618E3D | BASKET | DOUBLE | U_PAVE | GOLD | KT_14 | 1ct | imgs:3
[22:54:24][EMERALD] [1835] ? NIV-43E26BD0EF618E3D | BASKET | DOUBLE | U_PAVE | GOLD | KT_14 | 1ct | imgs:3
[22:54:27][EMERALD] [1836] ? NIV-7CEE95150BEB2542 | BASKET | DOUBLE | U_PAVE | GOLD | KT_14 | 1ct | imgs:3
[22:54:30][EMERALD] [1837] ? NIV-7CEE95150BEB2542 | BASKET | DOUBLE | U_PAVE | GOLD | KT_14 | 1ct | imgs:3
[22:54:34][EMERALD] [1838] ? NIV-7CEE95150BEB2542 | BASKET | DOUBLE | U_PAVE | GOLD | KT_14 | 1ct | imgs:3
[22:54:39][EMERALD] [1839] ? NIV-95B1995DEF2A519F | BASKET | DOUBLE | U_PAVE | GOLD | KT_18 | 1ct | imgs:3
[22:54:42][EMERALD] [1840] ? NIV-95B1995DEF2A519F | BASKET | DOUBLE | U_PAVE | GOLD | KT_18 | 1ct | imgs:3
[22:54:45][EMERALD] [1841] ? NIV-95B1995DEF2A519F | BASKET | DOUBLE | U_PAVE | GOLD | KT_18 | 1ct | imgs:3
[22:54:48][EMERALD] [1842] ? NIV-2DEA7A00DAD1DCF0 | BASKET | DOUBLE | U_PAVE | GOLD | KT_18 | 1ct | imgs:3
[22:54:51][EMERALD] [1843] ? NIV-2DEA7A00DAD1DCF0 | BASKET | DOUBLE | U_PAVE | GOLD | KT_18 | 1ct | imgs:3
[22:54:54][EMERALD] [1844] ? NIV-2DEA7A00DAD1DCF0 | BASKET | DOUBLE | U_PAVE | GOLD | KT_18 | 1ct | imgs:3
[22:54:57][EMERALD] [1845] ? NIV-D5A29B3D1A72B4A9 | BASKET | DOUBLE | U_PAVE | GOLD | KT_18 | 1ct | imgs:3
[22:55:00][EMERALD] [1846] ? NIV-D5A29B3D1A72B4A9 | BASKET | DOUBLE | U_PAVE | GOLD | KT_18 | 1ct | imgs:3
[22:55:06][EMERALD] [1847] ? NIV-D5A29B3D1A72B4A9 | BASKET | DOUBLE | U_PAVE | GOLD | KT_18 | 1ct | imgs:3
[22:55:09][EMERALD] [1848] ? NIV-6DF1A9F4658EBAC8 | BASKET | DOUBLE | U_PAVE | PLATINUM | PT_950 | 1ct | imgs:3
[22:55:13][EMERALD] [1849] ? NIV-C79ED4639EC8E8DC | BASKET | DOUBLE | U_PAVE | GOLD | KT_10 | 1ct | imgs:3
[22:55:18][EMERALD] [1850] ? NIV-C79ED4639EC8E8DC | BASKET | DOUBLE | U_PAVE | GOLD | KT_10 | 1ct | imgs:3
[22:55:21][EMERALD] [1851] ? NIV-C79ED4639EC8E8DC | BASKET | DOUBLE | U_PAVE | GOLD | KT_10 | 1ct | imgs:3
[22:55:24][EMERALD] [1852] ? NIV-F5D868108A70F005 | BASKET | DOUBLE | U_PAVE | GOLD | KT_10 | 1ct | imgs:3
[22:55:27][EMERALD] [1853] ? NIV-F5D868108A70F005 | BASKET | DOUBLE | U_PAVE | GOLD | KT_10 | 1ct | imgs:3
[22:55:30][EMERALD] [1854] ? NIV-F5D868108A70F005 | BASKET | DOUBLE | U_PAVE | GOLD | KT_10 | 1ct | imgs:3
[22:55:33][EMERALD] [1855] ? NIV-31DEADE9458CB465 | BASKET | DOUBLE | U_PAVE | GOLD | KT_10 | 1ct | imgs:3
[22:55:39][EMERALD] [1856] ? NIV-31DEADE9458CB465 | BASKET | DOUBLE | U_PAVE | GOLD | KT_10 | 1ct | imgs:3
[22:55:42][EMERALD] [1857] ? NIV-31DEADE9458CB465 | BASKET | DOUBLE | U_PAVE | GOLD | KT_10 | 1ct | imgs:3
[22:55:45][EMERALD] [1858] ? NIV-4C6B8B122AA79ED1 | BASKET | DOUBLE | U_PAVE | GOLD | KT_14 | 1ct | imgs:3
[22:55:51][EMERALD] [1859] ? NIV-4C6B8B122AA79ED1 | BASKET | DOUBLE | U_PAVE | GOLD | KT_14 | 1ct | imgs:3
[22:55:54][EMERALD] [1860] ? NIV-4C6B8B122AA79ED1 | BASKET | DOUBLE | U_PAVE | GOLD | KT_14 | 1ct | imgs:3
[22:55:58][EMERALD] [1861] ? NIV-FAE1EE52D34FD7CA | BASKET | DOUBLE | U_PAVE | GOLD | KT_14 | 1ct | imgs:3
[22:56:03][EMERALD] [1862] ? NIV-FAE1EE52D34FD7CA | BASKET | DOUBLE | U_PAVE | GOLD | KT_14 | 1ct | imgs:3
[22:56:06][EMERALD] [1863] ? NIV-FAE1EE52D34FD7CA | BASKET | DOUBLE | U_PAVE | GOLD | KT_14 | 1ct | imgs:3
[22:56:09][EMERALD] [1864] ? NIV-91C2528E38110239 | BASKET | DOUBLE | U_PAVE | GOLD | KT_14 | 1ct | imgs:3
[22:56:12][EMERALD] [1865] ? NIV-91C2528E38110239 | BASKET | DOUBLE | U_PAVE | GOLD | KT_14 | 1ct | imgs:3
[22:56:18][EMERALD] [1866] ? NIV-91C2528E38110239 | BASKET | DOUBLE | U_PAVE | GOLD | KT_14 | 1ct | imgs:3
[22:56:21][EMERALD] [1867] ? NIV-E2F905D5F8E2C326 | BASKET | DOUBLE | U_PAVE | GOLD | KT_18 | 1ct | imgs:3
[22:56:24][EMERALD] [1868] ? NIV-E2F905D5F8E2C326 | BASKET | DOUBLE | U_PAVE | GOLD | KT_18 | 1ct | imgs:3
[22:56:28][EMERALD] [1869] ? NIV-E2F905D5F8E2C326 | BASKET | DOUBLE | U_PAVE | GOLD | KT_18 | 1ct | imgs:3
[22:56:30][EMERALD] [1870] ? NIV-2DA1D80148FC8A45 | BASKET | DOUBLE | U_PAVE | GOLD | KT_18 | 1ct | imgs:3
[22:56:34][EMERALD] [1871] ? NIV-2DA1D80148FC8A45 | BASKET | DOUBLE | U_PAVE | GOLD | KT_18 | 1ct | imgs:3
[22:56:39][EMERALD] [1872] ? NIV-2DA1D80148FC8A45 | BASKET | DOUBLE | U_PAVE | GOLD | KT_18 | 1ct | imgs:3
[22:56:42][EMERALD] [1873] ? NIV-D37C40461AF724E0 | BASKET | DOUBLE | U_PAVE | GOLD | KT_18 | 1ct | imgs:3
[22:56:48][EMERALD] [1874] ? NIV-D37C40461AF724E0 | BASKET | DOUBLE | U_PAVE | GOLD | KT_18 | 1ct | imgs:3
[22:56:51][EMERALD] [1875] ? NIV-D37C40461AF724E0 | BASKET | DOUBLE | U_PAVE | GOLD | KT_18 | 1ct | imgs:3
[22:56:54][EMERALD] [1876] ? NIV-1970BB3A620ADF6A | BASKET | DOUBLE | U_PAVE | PLATINUM | PT_950 | 1ct | imgs:3
[22:57:00][EMERALD] [1877] ? NIV-D6DC4E3C07EF0EF5 | BASKET | DOUBLE | U_PAVE | GOLD | KT_10 | 1ct | imgs:3
[22:57:03][EMERALD] [1878] ? NIV-D6DC4E3C07EF0EF5 | BASKET | DOUBLE | U_PAVE | GOLD | KT_10 | 1ct | imgs:3
[22:57:06][EMERALD] [1879] ? NIV-D6DC4E3C07EF0EF5 | BASKET | DOUBLE | U_PAVE | GOLD | KT_10 | 1ct | imgs:3
[22:57:09][EMERALD] [1880] ? NIV-7E781B3F97B778A0 | BASKET | DOUBLE | U_PAVE | GOLD | KT_10 | 1ct | imgs:3
[22:57:12][EMERALD] [1881] ? NIV-7E781B3F97B778A0 | BASKET | DOUBLE | U_PAVE | GOLD | KT_10 | 1ct | imgs:3
[22:57:18][EMERALD] [1882] ? NIV-7E781B3F97B778A0 | BASKET | DOUBLE | U_PAVE | GOLD | KT_10 | 1ct | imgs:3
[22:57:21][EMERALD] [1883] ? NIV-F432F52AAFDD9F02 | BASKET | DOUBLE | U_PAVE | GOLD | KT_10 | 1ct | imgs:3
[22:57:24][EMERALD] [1884] ? NIV-F432F52AAFDD9F02 | BASKET | DOUBLE | U_PAVE | GOLD | KT_10 | 1ct | imgs:3
[22:57:27][EMERALD] [1885] ? NIV-F432F52AAFDD9F02 | BASKET | DOUBLE | U_PAVE | GOLD | KT_10 | 1ct | imgs:3
[22:57:30][EMERALD] [1886] ? NIV-4E7ABCBB9F9E4724 | BASKET | DOUBLE | U_PAVE | GOLD | KT_14 | 1ct | imgs:3
[22:57:36][EMERALD] [1887] ? NIV-4E7ABCBB9F9E4724 | BASKET | DOUBLE | U_PAVE | GOLD | KT_14 | 1ct | imgs:3
[22:57:39][EMERALD] [1888] ? NIV-4E7ABCBB9F9E4724 | BASKET | DOUBLE | U_PAVE | GOLD | KT_14 | 1ct | imgs:3
[22:57:42][EMERALD] [1889] ? NIV-09EB93EC20B72C1A | BASKET | DOUBLE | U_PAVE | GOLD | KT_14 | 1ct | imgs:3
[22:57:45][EMERALD] [1890] ? NIV-09EB93EC20B72C1A | BASKET | DOUBLE | U_PAVE | GOLD | KT_14 | 1ct | imgs:3
[22:57:48][EMERALD] [1891] ? NIV-09EB93EC20B72C1A | BASKET | DOUBLE | U_PAVE | GOLD | KT_14 | 1ct | imgs:3
[22:57:51][EMERALD] [1892] ? NIV-4A99A0CA1CB2A4E7 | BASKET | DOUBLE | U_PAVE | GOLD | KT_14 | 1ct | imgs:3
[22:57:54][EMERALD] [1893] ? NIV-4A99A0CA1CB2A4E7 | BASKET | DOUBLE | U_PAVE | GOLD | KT_14 | 1ct | imgs:3
[22:58:00][EMERALD] [1894] ? NIV-4A99A0CA1CB2A4E7 | BASKET | DOUBLE | U_PAVE | GOLD | KT_14 | 1ct | imgs:3
[22:58:11][EMERALD] [1895] ??  NIV-7C8F6E76ADDCBA44 | BASKET | DOUBLE | U_PAVE | GOLD | KT_18 | 1ct | imgs:0
[22:58:15][EMERALD] [1896] ? NIV-D83E2CE9632CD31F | BASKET | DOUBLE | U_PAVE | GOLD | KT_18 | 1ct | imgs:3
[22:58:18][EMERALD] [1897] ? NIV-D83E2CE9632CD31F | BASKET | DOUBLE | U_PAVE | GOLD | KT_18 | 1ct | imgs:3
[22:58:21][EMERALD] [1898] ? NIV-A731BE7DCEFEEC65 | BASKET | DOUBLE | U_PAVE | GOLD | KT_18 | 1ct | imgs:3
[22:58:24][EMERALD] [1899] ? NIV-A731BE7DCEFEEC65 | BASKET | DOUBLE | U_PAVE | GOLD | KT_18 | 1ct | imgs:3
[22:58:30][EMERALD] [1900] ? NIV-A731BE7DCEFEEC65 | BASKET | DOUBLE | U_PAVE | GOLD | KT_18 | 1ct | imgs:3
[22:58:33][EMERALD] [1901] ? NIV-7C8F6E76ADDCBA44 | BASKET | DOUBLE | U_PAVE | GOLD | KT_18 | 1ct | imgs:3
[22:58:36][EMERALD] [1902] ? NIV-7C8F6E76ADDCBA44 | BASKET | DOUBLE | U_PAVE | GOLD | KT_18 | 1ct | imgs:3
[22:58:39][EMERALD] [1903] ? NIV-7C8F6E76ADDCBA44 | BASKET | DOUBLE | U_PAVE | GOLD | KT_18 | 1ct | imgs:3
[22:58:42][EMERALD] [1904] ? NIV-B1F43B1F3EAC6B2F | BASKET | DOUBLE | U_PAVE | PLATINUM | PT_950 | 1ct | imgs:3
[22:58:51][EMERALD] [1905] ? NIV-391D98EEBD659037 | BASKET | DOUBLE | U_PAVE | GOLD | KT_10 | 1ct | imgs:3
[22:58:54][EMERALD] [1906] ? NIV-391D98EEBD659037 | BASKET | DOUBLE | U_PAVE | GOLD | KT_10 | 1ct | imgs:3
[22:58:57][EMERALD] [1907] ? NIV-391D98EEBD659037 | BASKET | DOUBLE | U_PAVE | GOLD | KT_10 | 1ct | imgs:3
[22:59:00][EMERALD] [1908] ? NIV-3F6DA94E1DED6CE7 | BASKET | DOUBLE | U_PAVE | GOLD | KT_10 | 1ct | imgs:3
[22:59:03][EMERALD] [1909] ? NIV-3F6DA94E1DED6CE7 | BASKET | DOUBLE | U_PAVE | GOLD | KT_10 | 1ct | imgs:3
[22:59:06][EMERALD] [1910] ? NIV-3F6DA94E1DED6CE7 | BASKET | DOUBLE | U_PAVE | GOLD | KT_10 | 1ct | imgs:3
[22:59:09][EMERALD] [1911] ? NIV-3D56BF8FA9DCE5F4 | BASKET | DOUBLE | U_PAVE | GOLD | KT_10 | 1ct | imgs:3
[22:59:15][EMERALD] [1912] ? NIV-3D56BF8FA9DCE5F4 | BASKET | DOUBLE | U_PAVE | GOLD | KT_10 | 1ct | imgs:3
[22:59:18][EMERALD] [1913] ? NIV-3D56BF8FA9DCE5F4 | BASKET | DOUBLE | U_PAVE | GOLD | KT_10 | 1ct | imgs:3
[22:59:24][EMERALD] [1914] ? NIV-380A76C4E973CC60 | BASKET | DOUBLE | U_PAVE | GOLD | KT_14 | 1ct | imgs:3
[22:59:27][EMERALD] [1915] ? NIV-380A76C4E973CC60 | BASKET | DOUBLE | U_PAVE | GOLD | KT_14 | 1ct | imgs:3
[22:59:33][EMERALD] [1916] ? NIV-380A76C4E973CC60 | BASKET | DOUBLE | U_PAVE | GOLD | KT_14 | 1ct | imgs:3
[22:59:36][EMERALD] [1917] ? NIV-1D2474D748FBE216 | BASKET | DOUBLE | U_PAVE | GOLD | KT_14 | 1ct | imgs:3
[22:59:39][EMERALD] [1918] ? NIV-1D2474D748FBE216 | BASKET | DOUBLE | U_PAVE | GOLD | KT_14 | 1ct | imgs:3
[22:59:42][EMERALD] [1919] ? NIV-1D2474D748FBE216 | BASKET | DOUBLE | U_PAVE | GOLD | KT_14 | 1ct | imgs:3
[22:59:45][EMERALD] [1920] ? NIV-10345D823B11717A | BASKET | DOUBLE | U_PAVE | GOLD | KT_14 | 1ct | imgs:3
[22:59:48][EMERALD] [1921] ? NIV-10345D823B11717A | BASKET | DOUBLE | U_PAVE | GOLD | KT_14 | 1ct | imgs:3
[22:59:54][EMERALD] [1922] ? NIV-10345D823B11717A | BASKET | DOUBLE | U_PAVE | GOLD | KT_14 | 1ct | imgs:3
[22:59:57][EMERALD] [1923] ? NIV-6D862E36203CE544 | BASKET | DOUBLE | U_PAVE | GOLD | KT_18 | 1ct | imgs:3
[23:00:03][EMERALD] [1924] ? NIV-6D862E36203CE544 | BASKET | DOUBLE | U_PAVE | GOLD | KT_18 | 1ct | imgs:3
[23:00:06][EMERALD] [1925] ? NIV-6D862E36203CE544 | BASKET | DOUBLE | U_PAVE | GOLD | KT_18 | 1ct | imgs:3
[23:00:09][EMERALD] [1926] ? NIV-07F01D32682A683E | BASKET | DOUBLE | U_PAVE | GOLD | KT_18 | 1ct | imgs:3
[23:00:12][EMERALD] [1927] ? NIV-07F01D32682A683E | BASKET | DOUBLE | U_PAVE | GOLD | KT_18 | 1ct | imgs:3
[23:00:18][EMERALD] [1928] ? NIV-07F01D32682A683E | BASKET | DOUBLE | U_PAVE | GOLD | KT_18 | 1ct | imgs:3
[23:00:21][EMERALD] [1929] ? NIV-D95EF666A8C3EEDF | BASKET | DOUBLE | U_PAVE | GOLD | KT_18 | 1ct | imgs:3
[23:00:24][EMERALD] [1930] ? NIV-D95EF666A8C3EEDF | BASKET | DOUBLE | U_PAVE | GOLD | KT_18 | 1ct | imgs:3
[23:00:30][EMERALD] [1931] ? NIV-D95EF666A8C3EEDF | BASKET | DOUBLE | U_PAVE | GOLD | KT_18 | 1ct | imgs:3
[23:00:33][EMERALD] [1932] ? NIV-F0C5EA20907698FC | BASKET | DOUBLE | U_PAVE | PLATINUM | PT_950 | 1ct | imgs:3
[23:00:36][EMERALD] [1933] ? NIV-5745FB5FCA006820 | BASKET | DOUBLE | U_PAVE | GOLD | KT_10 | 1ct | imgs:3
[23:00:39][EMERALD] [1934] ? NIV-5745FB5FCA006820 | BASKET | DOUBLE | U_PAVE | GOLD | KT_10 | 1ct | imgs:3
[23:00:45][EMERALD] [1935] ? NIV-5745FB5FCA006820 | BASKET | DOUBLE | U_PAVE | GOLD | KT_10 | 1ct | imgs:3
[23:00:48][EMERALD] [1936] ? NIV-70D702C28E6DFA75 | BASKET | DOUBLE | U_PAVE | GOLD | KT_10 | 1ct | imgs:3
[23:00:51][EMERALD] [1937] ? NIV-70D702C28E6DFA75 | BASKET | DOUBLE | U_PAVE | GOLD | KT_10 | 1ct | imgs:3
[23:00:57][EMERALD] [1938] ? NIV-70D702C28E6DFA75 | BASKET | DOUBLE | U_PAVE | GOLD | KT_10 | 1ct | imgs:3
[23:01:00][EMERALD] [1939] ? NIV-77FCF81CC9B772F9 | BASKET | DOUBLE | U_PAVE | GOLD | KT_10 | 1ct | imgs:3
[23:01:03][EMERALD] [1940] ? NIV-77FCF81CC9B772F9 | BASKET | DOUBLE | U_PAVE | GOLD | KT_10 | 1ct | imgs:3
[23:01:09][EMERALD] [1941] ? NIV-77FCF81CC9B772F9 | BASKET | DOUBLE | U_PAVE | GOLD | KT_10 | 1ct | imgs:3
[23:01:12][EMERALD] [1942] ? NIV-14B3C28780D6872B | BASKET | DOUBLE | U_PAVE | GOLD | KT_14 | 1ct | imgs:3
[23:01:15][EMERALD] [1943] ? NIV-14B3C28780D6872B | BASKET | DOUBLE | U_PAVE | GOLD | KT_14 | 1ct | imgs:3
[23:01:18][EMERALD] [1944] ? NIV-14B3C28780D6872B | BASKET | DOUBLE | U_PAVE | GOLD | KT_14 | 1ct | imgs:3
[23:01:21][EMERALD] [1945] ? NIV-DCDE1880EC5E3209 | BASKET | DOUBLE | U_PAVE | GOLD | KT_14 | 1ct | imgs:3
[23:01:24][EMERALD] [1946] ? NIV-DCDE1880EC5E3209 | BASKET | DOUBLE | U_PAVE | GOLD | KT_14 | 1ct | imgs:3
[23:01:27][EMERALD] [1947] ? NIV-DCDE1880EC5E3209 | BASKET | DOUBLE | U_PAVE | GOLD | KT_14 | 1ct | imgs:3
[23:01:30][EMERALD] [1948] ? NIV-9BD5B5EBA4C8D786 | BASKET | DOUBLE | U_PAVE | GOLD | KT_14 | 1ct | imgs:3
[23:01:33][EMERALD] [1949] ? NIV-9BD5B5EBA4C8D786 | BASKET | DOUBLE | U_PAVE | GOLD | KT_14 | 1ct | imgs:3
[23:01:39][EMERALD] [1950] ? NIV-9BD5B5EBA4C8D786 | BASKET | DOUBLE | U_PAVE | GOLD | KT_14 | 1ct | imgs:3
[23:01:42][EMERALD] [1951] ? NIV-B770CA9F038FEB19 | BASKET | DOUBLE | U_PAVE | GOLD | KT_18 | 1ct | imgs:3
[23:01:45][EMERALD] [1952] ? NIV-B770CA9F038FEB19 | BASKET | DOUBLE | U_PAVE | GOLD | KT_18 | 1ct | imgs:3
[23:01:51][EMERALD] [1953] ? NIV-B770CA9F038FEB19 | BASKET | DOUBLE | U_PAVE | GOLD | KT_18 | 1ct | imgs:3
[23:01:54][EMERALD] [1954] ? NIV-5E3FE0A835CCC3FE | BASKET | DOUBLE | U_PAVE | GOLD | KT_18 | 1ct | imgs:3
[23:01:57][EMERALD] [1955] ? NIV-5E3FE0A835CCC3FE | BASKET | DOUBLE | U_PAVE | GOLD | KT_18 | 1ct | imgs:3
[23:02:01][EMERALD] [1956] ? NIV-5E3FE0A835CCC3FE | BASKET | DOUBLE | U_PAVE | GOLD | KT_18 | 1ct | imgs:3
[23:02:03][EMERALD] [1957] ? NIV-6AA55F5E09169870 | BASKET | DOUBLE | U_PAVE | GOLD | KT_18 | 1ct | imgs:3
[23:02:06][EMERALD] [1958] ? NIV-6AA55F5E09169870 | BASKET | DOUBLE | U_PAVE | GOLD | KT_18 | 1ct | imgs:3
[23:02:12][EMERALD] [1959] ? NIV-6AA55F5E09169870 | BASKET | DOUBLE | U_PAVE | GOLD | KT_18 | 1ct | imgs:3
[23:02:15][EMERALD] [1960] ? NIV-A94FAF6D63AD4919 | BASKET | DOUBLE | U_PAVE | PLATINUM | PT_950 | 1ct | imgs:3
[23:02:21][EMERALD] [1961] ? NIV-337470E58EB27AE3 | BASKET | DOUBLE | U_PAVE | GOLD | KT_10 | 1ct | imgs:3
[23:02:24][EMERALD] [1962] ? NIV-337470E58EB27AE3 | BASKET | DOUBLE | U_PAVE | GOLD | KT_10 | 1ct | imgs:3
[23:02:27][EMERALD] [1963] ? NIV-337470E58EB27AE3 | BASKET | DOUBLE | U_PAVE | GOLD | KT_10 | 1ct | imgs:3
[23:02:30][EMERALD] [1964] ? NIV-D2F07E38CC4AF6CC | BASKET | DOUBLE | U_PAVE | GOLD | KT_10 | 1ct | imgs:3
[23:02:36][EMERALD] [1965] ? NIV-D2F07E38CC4AF6CC | BASKET | DOUBLE | U_PAVE | GOLD | KT_10 | 1ct | imgs:3
[23:02:39][EMERALD] [1966] ? NIV-D2F07E38CC4AF6CC | BASKET | DOUBLE | U_PAVE | GOLD | KT_10 | 1ct | imgs:3
[23:02:42][EMERALD] [1967] ? NIV-64853FF116820415 | BASKET | DOUBLE | U_PAVE | GOLD | KT_10 | 1ct | imgs:3
[23:02:45][EMERALD] [1968] ? NIV-64853FF116820415 | BASKET | DOUBLE | U_PAVE | GOLD | KT_10 | 1ct | imgs:3
[23:03:00][EMERALD] [1969] ??  NIV-64853FF116820415 | BASKET | DOUBLE | U_PAVE | GOLD | KT_10 | 1ct | imgs:0
[23:03:00][EMERALD]   Re-seleccionando EMERALD (intento 1)
[23:03:00][EMERALD]   Boton no encontrado ? recargando configurador...
[23:03:12][EMERALD]   Re-seleccionando EMERALD (intento 2)
[23:03:18][EMERALD] [1970] ? NIV-81E6232CCE8CA806 | BASKET | DOUBLE | U_PAVE | GOLD | KT_14 | 1ct | imgs:3
[23:03:21][EMERALD] [1971] ? NIV-4C3578A90A6059BB | BASKET | DOUBLE | U_PAVE | GOLD | KT_14 | 1ct | imgs:3
[23:03:24][EMERALD] [1972] ? NIV-E25D858417889171 | BASKET | DOUBLE | U_PAVE | GOLD | KT_14 | 1ct | imgs:3
[23:03:27][EMERALD] [1973] ? NIV-D858673F8DBD7BA6 | BASKET | DOUBLE | U_PAVE | GOLD | KT_14 | 1ct | imgs:3
[23:03:30][EMERALD] [1974] ? NIV-E0402D71A5EDBF75 | BASKET | DOUBLE | U_PAVE | GOLD | KT_14 | 1ct | imgs:3
[23:03:33][EMERALD] [1975] ? NIV-24F4E28AF3790386 | BASKET | DOUBLE | U_PAVE | GOLD | KT_14 | 1ct | imgs:3
[23:03:36][EMERALD] [1976] ? NIV-EF4553EADC0F27DE | BASKET | DOUBLE | U_PAVE | GOLD | KT_14 | 1ct | imgs:3
[23:03:39][EMERALD] [1977] ? NIV-001E20217C64FE5F | BASKET | DOUBLE | U_PAVE | GOLD | KT_14 | 1ct | imgs:3
[23:03:42][EMERALD] [1978] ? NIV-5ACADED7F7C47728 | BASKET | DOUBLE | U_PAVE | GOLD | KT_14 | 1ct | imgs:3
[23:03:45][EMERALD] [1979] ? NIV-84C7F7530C70F70D | BASKET | DOUBLE | U_PAVE | GOLD | KT_18 | 1ct | imgs:3
[23:03:48][EMERALD] [1980] ? NIV-C58B0EAE6D5330BE | BASKET | DOUBLE | U_PAVE | GOLD | KT_18 | 1ct | imgs:3
[23:03:51][EMERALD] [1981] ? NIV-EAA574E805638E9C | BASKET | DOUBLE | U_PAVE | GOLD | KT_18 | 1ct | imgs:3
[23:03:54][EMERALD] [1982] ? NIV-8E441C273A81DF56 | BASKET | DOUBLE | U_PAVE | GOLD | KT_18 | 1ct | imgs:3
[23:03:57][EMERALD] [1983] ? NIV-C3AFBCCBEFFACDF6 | BASKET | DOUBLE | U_PAVE | GOLD | KT_18 | 1ct | imgs:3
[23:04:00][EMERALD] [1984] ? NIV-956C60F4CECC038F | BASKET | DOUBLE | U_PAVE | GOLD | KT_18 | 1ct | imgs:3
[23:04:03][EMERALD] [1985] ? NIV-D1FAB43C2D1A64D4 | BASKET | DOUBLE | U_PAVE | GOLD | KT_18 | 1ct | imgs:3
[23:04:06][EMERALD] [1986] ? NIV-D8A74E718B3EE441 | BASKET | DOUBLE | U_PAVE | GOLD | KT_18 | 1ct | imgs:3
[23:04:09][EMERALD] [1987] ? NIV-B24E12D244D82B84 | BASKET | DOUBLE | U_PAVE | GOLD | KT_18 | 1ct | imgs:3
[23:04:12][EMERALD] [1988] ? NIV-DE75F99A88EA3D49 | BASKET | DOUBLE | U_PAVE | PLATINUM | PT_950 | 1ct | imgs:3
[23:04:18][EMERALD] [1989] ? NIV-CD227B9B07175F5F | BASKET | DOUBLE | CHANNEL | GOLD | KT_10 | 1ct | imgs:3
[23:04:21][EMERALD] [1990] ? NIV-CD227B9B07175F5F | BASKET | DOUBLE | CHANNEL | GOLD | KT_10 | 1ct | imgs:3
[23:04:27][EMERALD] [1991] ? NIV-CD227B9B07175F5F | BASKET | DOUBLE | CHANNEL | GOLD | KT_10 | 1ct | imgs:3
[23:04:30][EMERALD] [1992] ? NIV-AE7F28C47F8D190A | BASKET | DOUBLE | CHANNEL | GOLD | KT_10 | 1ct | imgs:3
[23:04:33][EMERALD] [1993] ? NIV-AE7F28C47F8D190A | BASKET | DOUBLE | CHANNEL | GOLD | KT_10 | 1ct | imgs:3
[23:04:39][EMERALD] [1994] ? NIV-AE7F28C47F8D190A | BASKET | DOUBLE | CHANNEL | GOLD | KT_10 | 1ct | imgs:3
[23:04:42][EMERALD] [1995] ? NIV-9E43316F3EF57666 | BASKET | DOUBLE | CHANNEL | GOLD | KT_10 | 1ct | imgs:3
[23:04:45][EMERALD] [1996] ? NIV-9E43316F3EF57666 | BASKET | DOUBLE | CHANNEL | GOLD | KT_10 | 1ct | imgs:3
[23:04:48][EMERALD] [1997] ? NIV-9E43316F3EF57666 | BASKET | DOUBLE | CHANNEL | GOLD | KT_10 | 1ct | imgs:3
[23:04:54][EMERALD] [1998] ? NIV-F3736826154CFB3A | BASKET | DOUBLE | CHANNEL | GOLD | KT_14 | 1ct | imgs:3
[23:04:57][EMERALD] [1999] ? NIV-F3736826154CFB3A | BASKET | DOUBLE | CHANNEL | GOLD | KT_14 | 1ct | imgs:3
[23:05:01][EMERALD] [2000] ? NIV-F3736826154CFB3A | BASKET | DOUBLE | CHANNEL | GOLD | KT_14 | 1ct | imgs:3
[23:05:03][EMERALD] [2001] ? NIV-F11F72709E39547D | BASKET | DOUBLE | CHANNEL | GOLD | KT_14 | 1ct | imgs:3
[23:05:09][EMERALD] [2002] ? NIV-F11F72709E39547D | BASKET | DOUBLE | CHANNEL | GOLD | KT_14 | 1ct | imgs:3
[23:05:13][EMERALD] [2003] ? NIV-F11F72709E39547D | BASKET | DOUBLE | CHANNEL | GOLD | KT_14 | 1ct | imgs:3
[23:05:15][EMERALD] [2004] ? NIV-1E9F1FCDE103C145 | BASKET | DOUBLE | CHANNEL | GOLD | KT_14 | 1ct | imgs:3
[23:05:18][EMERALD] [2005] ? NIV-1E9F1FCDE103C145 | BASKET | DOUBLE | CHANNEL | GOLD | KT_14 | 1ct | imgs:3
[23:05:21][EMERALD] [2006] ? NIV-1E9F1FCDE103C145 | BASKET | DOUBLE | CHANNEL | GOLD | KT_14 | 1ct | imgs:3
[23:05:27][EMERALD] [2007] ? NIV-22FEAFBC5E66A79A | BASKET | DOUBLE | CHANNEL | GOLD | KT_18 | 1ct | imgs:3
[23:05:30][EMERALD] [2008] ? NIV-22FEAFBC5E66A79A | BASKET | DOUBLE | CHANNEL | GOLD | KT_18 | 1ct | imgs:3
[23:05:36][EMERALD] [2009] ? NIV-22FEAFBC5E66A79A | BASKET | DOUBLE | CHANNEL | GOLD | KT_18 | 1ct | imgs:3
[23:05:47][EMERALD] [2010] ??  NIV-22FEAFBC5E66A79A | BASKET | DOUBLE | CHANNEL | GOLD | KT_18 | 1ct | imgs:0
[23:05:51][EMERALD] [2011] ? NIV-70C45400F47EC6F5 | BASKET | DOUBLE | CHANNEL | GOLD | KT_18 | 1ct | imgs:3
[23:05:54][EMERALD] [2012] ? NIV-70C45400F47EC6F5 | BASKET | DOUBLE | CHANNEL | GOLD | KT_18 | 1ct | imgs:3
[23:05:57][EMERALD] [2013] ? NIV-C20148435E30C002 | BASKET | DOUBLE | CHANNEL | GOLD | KT_18 | 1ct | imgs:3
[23:06:00][EMERALD] [2014] ? NIV-C20148435E30C002 | BASKET | DOUBLE | CHANNEL | GOLD | KT_18 | 1ct | imgs:3
[23:06:03][EMERALD] [2015] ? NIV-C20148435E30C002 | BASKET | DOUBLE | CHANNEL | GOLD | KT_18 | 1ct | imgs:3
[23:06:06][EMERALD] [2016] ? NIV-AD90F9FD0E480079 | BASKET | DOUBLE | CHANNEL | PLATINUM | PT_950 | 1ct | imgs:3
[23:06:12][EMERALD] [2017] ? NIV-6D1372E0ACDC50D1 | BASKET | DOUBLE | CHANNEL | GOLD | KT_10 | 1ct | imgs:3
[23:06:15][EMERALD] [2018] ? NIV-6D1372E0ACDC50D1 | BASKET | DOUBLE | CHANNEL | GOLD | KT_10 | 1ct | imgs:3
[23:06:18][EMERALD] [2019] ? NIV-6D1372E0ACDC50D1 | BASKET | DOUBLE | CHANNEL | GOLD | KT_10 | 1ct | imgs:3
[23:06:21][EMERALD] [2020] ? NIV-794A1939914C967F | BASKET | DOUBLE | CHANNEL | GOLD | KT_10 | 1ct | imgs:3
[23:06:27][EMERALD] [2021] ? NIV-794A1939914C967F | BASKET | DOUBLE | CHANNEL | GOLD | KT_10 | 1ct | imgs:3
[23:06:30][EMERALD] [2022] ? NIV-794A1939914C967F | BASKET | DOUBLE | CHANNEL | GOLD | KT_10 | 1ct | imgs:3
[23:06:33][EMERALD] [2023] ? NIV-2D4AA3BC7A4D873E | BASKET | DOUBLE | CHANNEL | GOLD | KT_10 | 1ct | imgs:3
[23:06:36][EMERALD] [2024] ? NIV-2D4AA3BC7A4D873E | BASKET | DOUBLE | CHANNEL | GOLD | KT_10 | 1ct | imgs:3
[23:06:42][EMERALD] [2025] ? NIV-2D4AA3BC7A4D873E | BASKET | DOUBLE | CHANNEL | GOLD | KT_10 | 1ct | imgs:3
[23:06:46][EMERALD] [2026] ? NIV-CC02EE866F3C662D | BASKET | DOUBLE | CHANNEL | GOLD | KT_14 | 1ct | imgs:3
[23:06:51][EMERALD] [2027] ? NIV-CC02EE866F3C662D | BASKET | DOUBLE | CHANNEL | GOLD | KT_14 | 1ct | imgs:3
[23:06:54][EMERALD] [2028] ? NIV-CC02EE866F3C662D | BASKET | DOUBLE | CHANNEL | GOLD | KT_14 | 1ct | imgs:3
[23:06:57][EMERALD] [2029] ? NIV-7B04C2EE773CAF9F | BASKET | DOUBLE | CHANNEL | GOLD | KT_14 | 1ct | imgs:3
[23:07:00][EMERALD] [2030] ? NIV-7B04C2EE773CAF9F | BASKET | DOUBLE | CHANNEL | GOLD | KT_14 | 1ct | imgs:3
[23:07:03][EMERALD] [2031] ? NIV-7B04C2EE773CAF9F | BASKET | DOUBLE | CHANNEL | GOLD | KT_14 | 1ct | imgs:3
[23:07:06][EMERALD] [2032] ? NIV-D411C2574093FCCD | BASKET | DOUBLE | CHANNEL | GOLD | KT_14 | 1ct | imgs:3
[23:07:09][EMERALD] [2033] ? NIV-D411C2574093FCCD | BASKET | DOUBLE | CHANNEL | GOLD | KT_14 | 1ct | imgs:3
[23:07:12][EMERALD] [2034] ? NIV-D411C2574093FCCD | BASKET | DOUBLE | CHANNEL | GOLD | KT_14 | 1ct | imgs:3
[23:07:15][EMERALD] [2035] ? NIV-55E08217A6CEA6B7 | BASKET | DOUBLE | CHANNEL | GOLD | KT_18 | 1ct | imgs:3
[23:07:19][EMERALD] [2036] ? NIV-55E08217A6CEA6B7 | BASKET | DOUBLE | CHANNEL | GOLD | KT_18 | 1ct | imgs:3
[23:07:24][EMERALD] [2037] ? NIV-55E08217A6CEA6B7 | BASKET | DOUBLE | CHANNEL | GOLD | KT_18 | 1ct | imgs:3
[23:07:27][EMERALD] [2038] ? NIV-108A5904B3D905F2 | BASKET | DOUBLE | CHANNEL | GOLD | KT_18 | 1ct | imgs:3
[23:07:30][EMERALD] [2039] ? NIV-108A5904B3D905F2 | BASKET | DOUBLE | CHANNEL | GOLD | KT_18 | 1ct | imgs:3
[23:07:36][EMERALD] [2040] ? NIV-108A5904B3D905F2 | BASKET | DOUBLE | CHANNEL | GOLD | KT_18 | 1ct | imgs:3
[23:07:39][EMERALD] [2041] ? NIV-5CC499D75D73618D | BASKET | DOUBLE | CHANNEL | GOLD | KT_18 | 1ct | imgs:3
[23:07:45][EMERALD] [2042] ? NIV-5CC499D75D73618D | BASKET | DOUBLE | CHANNEL | GOLD | KT_18 | 1ct | imgs:3
[23:07:48][EMERALD] [2043] ? NIV-5CC499D75D73618D | BASKET | DOUBLE | CHANNEL | GOLD | KT_18 | 1ct | imgs:3
[23:07:51][EMERALD] [2044] ? NIV-B8CD6C2D0615DF86 | BASKET | DOUBLE | CHANNEL | PLATINUM | PT_950 | 1ct | imgs:3
[23:07:55][EMERALD] [2045] ? NIV-9CEA3A4A34933A90 | BASKET | DOUBLE | CHANNEL | GOLD | KT_10 | 1ct | imgs:3
[23:08:00][EMERALD] [2046] ? NIV-9CEA3A4A34933A90 | BASKET | DOUBLE | CHANNEL | GOLD | KT_10 | 1ct | imgs:3
[23:08:03][EMERALD] [2047] ? NIV-9CEA3A4A34933A90 | BASKET | DOUBLE | CHANNEL | GOLD | KT_10 | 1ct | imgs:3
[23:08:06][EMERALD] [2048] ? NIV-D926653B0B7109EB | BASKET | DOUBLE | CHANNEL | GOLD | KT_10 | 1ct | imgs:3
[23:08:09][EMERALD] [2049] ? NIV-D926653B0B7109EB | BASKET | DOUBLE | CHANNEL | GOLD | KT_10 | 1ct | imgs:3
[23:08:12][EMERALD] [2050] ? NIV-D926653B0B7109EB | BASKET | DOUBLE | CHANNEL | GOLD | KT_10 | 1ct | imgs:3
[23:08:15][EMERALD] [2051] ? NIV-9CA55EEBCF01972D | BASKET | DOUBLE | CHANNEL | GOLD | KT_10 | 1ct | imgs:3
[23:08:18][EMERALD] [2052] ? NIV-9CA55EEBCF01972D | BASKET | DOUBLE | CHANNEL | GOLD | KT_10 | 1ct | imgs:3
[23:08:22][EMERALD] [2053] ? NIV-9CA55EEBCF01972D | BASKET | DOUBLE | CHANNEL | GOLD | KT_10 | 1ct | imgs:3
[23:08:27][EMERALD] [2054] ? NIV-42AA283679BDAA95 | BASKET | DOUBLE | CHANNEL | GOLD | KT_14 | 1ct | imgs:3
[23:08:30][EMERALD] [2055] ? NIV-42AA283679BDAA95 | BASKET | DOUBLE | CHANNEL | GOLD | KT_14 | 1ct | imgs:3
[23:08:36][EMERALD] [2056] ? NIV-42AA283679BDAA95 | BASKET | DOUBLE | CHANNEL | GOLD | KT_14 | 1ct | imgs:3
[23:08:39][EMERALD] [2057] ? NIV-A24DF53644FE7C78 | BASKET | DOUBLE | CHANNEL | GOLD | KT_14 | 1ct | imgs:3
[23:08:45][EMERALD] [2058] ? NIV-A24DF53644FE7C78 | BASKET | DOUBLE | CHANNEL | GOLD | KT_14 | 1ct | imgs:3
[23:08:48][EMERALD] [2059] ? NIV-A24DF53644FE7C78 | BASKET | DOUBLE | CHANNEL | GOLD | KT_14 | 1ct | imgs:3
[23:08:51][EMERALD] [2060] ? NIV-02C18B3F14EF0F56 | BASKET | DOUBLE | CHANNEL | GOLD | KT_14 | 1ct | imgs:3
[23:08:54][EMERALD] [2061] ? NIV-02C18B3F14EF0F56 | BASKET | DOUBLE | CHANNEL | GOLD | KT_14 | 1ct | imgs:3
[23:09:00][EMERALD] [2062] ? NIV-02C18B3F14EF0F56 | BASKET | DOUBLE | CHANNEL | GOLD | KT_14 | 1ct | imgs:3
[23:09:03][EMERALD] [2063] ? NIV-615948479E21076B | BASKET | DOUBLE | CHANNEL | GOLD | KT_18 | 1ct | imgs:3
[23:09:09][EMERALD] [2064] ? NIV-615948479E21076B | BASKET | DOUBLE | CHANNEL | GOLD | KT_18 | 1ct | imgs:3
[23:09:12][EMERALD] [2065] ? NIV-615948479E21076B | BASKET | DOUBLE | CHANNEL | GOLD | KT_18 | 1ct | imgs:3
[23:09:15][EMERALD] [2066] ? NIV-0B9576710899D024 | BASKET | DOUBLE | CHANNEL | GOLD | KT_18 | 1ct | imgs:3
[23:09:18][EMERALD] [2067] ? NIV-0B9576710899D024 | BASKET | DOUBLE | CHANNEL | GOLD | KT_18 | 1ct | imgs:3
[23:09:24][EMERALD] [2068] ? NIV-0B9576710899D024 | BASKET | DOUBLE | CHANNEL | GOLD | KT_18 | 1ct | imgs:3
[23:09:27][EMERALD] [2069] ? NIV-713EAE145CD1ED5F | BASKET | DOUBLE | CHANNEL | GOLD | KT_18 | 1ct | imgs:3
[23:09:30][EMERALD] [2070] ? NIV-713EAE145CD1ED5F | BASKET | DOUBLE | CHANNEL | GOLD | KT_18 | 1ct | imgs:3
[23:09:36][EMERALD] [2071] ? NIV-713EAE145CD1ED5F | BASKET | DOUBLE | CHANNEL | GOLD | KT_18 | 1ct | imgs:3
[23:09:39][EMERALD] [2072] ? NIV-C703700C271E2ECF | BASKET | DOUBLE | CHANNEL | PLATINUM | PT_950 | 1ct | imgs:3
[23:09:45][EMERALD] [2073] ? NIV-4EF070BCD4217F14 | BASKET | DOUBLE | CHANNEL | GOLD | KT_10 | 1ct | imgs:3
[23:09:51][EMERALD] [2074] ? NIV-4EF070BCD4217F14 | BASKET | DOUBLE | CHANNEL | GOLD | KT_10 | 1ct | imgs:3
[23:09:55][EMERALD] [2075] ? NIV-4EF070BCD4217F14 | BASKET | DOUBLE | CHANNEL | GOLD | KT_10 | 1ct | imgs:3
[23:09:57][EMERALD] [2076] ? NIV-3EC5A17992031969 | BASKET | DOUBLE | CHANNEL | GOLD | KT_10 | 1ct | imgs:3
[23:10:00][EMERALD] [2077] ? NIV-3EC5A17992031969 | BASKET | DOUBLE | CHANNEL | GOLD | KT_10 | 1ct | imgs:3
[23:10:06][EMERALD] [2078] ? NIV-3EC5A17992031969 | BASKET | DOUBLE | CHANNEL | GOLD | KT_10 | 1ct | imgs:3
[23:10:09][EMERALD] [2079] ? NIV-03DCE2D8DD2B6DB0 | BASKET | DOUBLE | CHANNEL | GOLD | KT_10 | 1ct | imgs:3
[23:10:12][EMERALD] [2080] ? NIV-03DCE2D8DD2B6DB0 | BASKET | DOUBLE | CHANNEL | GOLD | KT_10 | 1ct | imgs:3
[23:10:18][EMERALD] [2081] ? NIV-03DCE2D8DD2B6DB0 | BASKET | DOUBLE | CHANNEL | GOLD | KT_10 | 1ct | imgs:3
[23:10:21][EMERALD] [2082] ? NIV-DC40C0FEAEBAB163 | BASKET | DOUBLE | CHANNEL | GOLD | KT_14 | 1ct | imgs:3
[23:10:24][EMERALD] [2083] ? NIV-DC40C0FEAEBAB163 | BASKET | DOUBLE | CHANNEL | GOLD | KT_14 | 1ct | imgs:3
[23:10:30][EMERALD] [2084] ? NIV-DC40C0FEAEBAB163 | BASKET | DOUBLE | CHANNEL | GOLD | KT_14 | 1ct | imgs:3
[23:10:33][EMERALD] [2085] ? NIV-C5843A42A70C7DAE | BASKET | DOUBLE | CHANNEL | GOLD | KT_14 | 1ct | imgs:3
[23:10:36][EMERALD] [2086] ? NIV-C5843A42A70C7DAE | BASKET | DOUBLE | CHANNEL | GOLD | KT_14 | 1ct | imgs:3
[23:10:40][EMERALD] [2087] ? NIV-C5843A42A70C7DAE | BASKET | DOUBLE | CHANNEL | GOLD | KT_14 | 1ct | imgs:3
[23:10:42][EMERALD] [2088] ? NIV-FBDB67DBC9FED130 | BASKET | DOUBLE | CHANNEL | GOLD | KT_14 | 1ct | imgs:3
[23:10:45][EMERALD] [2089] ? NIV-FBDB67DBC9FED130 | BASKET | DOUBLE | CHANNEL | GOLD | KT_14 | 1ct | imgs:3
[23:10:48][EMERALD] [2090] ? NIV-FBDB67DBC9FED130 | BASKET | DOUBLE | CHANNEL | GOLD | KT_14 | 1ct | imgs:3
[23:10:52][EMERALD] [2091] ? NIV-2A401D230DE427AC | BASKET | DOUBLE | CHANNEL | GOLD | KT_18 | 1ct | imgs:3
[23:10:57][EMERALD] [2092] ? NIV-2A401D230DE427AC | BASKET | DOUBLE | CHANNEL | GOLD | KT_18 | 1ct | imgs:3
[23:11:00][EMERALD] [2093] ? NIV-2A401D230DE427AC | BASKET | DOUBLE | CHANNEL | GOLD | KT_18 | 1ct | imgs:3
[23:11:03][EMERALD] [2094] ? NIV-89528EF636EFC148 | BASKET | DOUBLE | CHANNEL | GOLD | KT_18 | 1ct | imgs:3
[23:11:06][EMERALD] [2095] ? NIV-89528EF636EFC148 | BASKET | DOUBLE | CHANNEL | GOLD | KT_18 | 1ct | imgs:3
[23:11:09][EMERALD] [2096] ? NIV-89528EF636EFC148 | BASKET | DOUBLE | CHANNEL | GOLD | KT_18 | 1ct | imgs:3
[23:11:12][EMERALD] [2097] ? NIV-93EB6343268246C2 | BASKET | DOUBLE | CHANNEL | GOLD | KT_18 | 1ct | imgs:3
[23:11:15][EMERALD] [2098] ? NIV-93EB6343268246C2 | BASKET | DOUBLE | CHANNEL | GOLD | KT_18 | 1ct | imgs:3
[23:11:19][EMERALD] [2099] ? NIV-93EB6343268246C2 | BASKET | DOUBLE | CHANNEL | GOLD | KT_18 | 1ct | imgs:3
[23:11:21][EMERALD] [2100] ? NIV-F4E67692E061B837 | BASKET | DOUBLE | CHANNEL | PLATINUM | PT_950 | 1ct | imgs:3
[23:11:27][EMERALD] [2101] ? NIV-C4A43D07FF588CF7 | BASKET | DOUBLE | CHANNEL | GOLD | KT_10 | 1ct | imgs:3
[23:11:30][EMERALD] [2102] ? NIV-C4A43D07FF588CF7 | BASKET | DOUBLE | CHANNEL | GOLD | KT_10 | 1ct | imgs:3
[23:11:36][EMERALD] [2103] ? NIV-C4A43D07FF588CF7 | BASKET | DOUBLE | CHANNEL | GOLD | KT_10 | 1ct | imgs:3
[23:11:39][EMERALD] [2104] ? NIV-2987C61C74775A48 | BASKET | DOUBLE | CHANNEL | GOLD | KT_10 | 1ct | imgs:3
[23:11:42][EMERALD] [2105] ? NIV-2987C61C74775A48 | BASKET | DOUBLE | CHANNEL | GOLD | KT_10 | 1ct | imgs:3
[23:11:46][EMERALD] [2106] ? NIV-2987C61C74775A48 | BASKET | DOUBLE | CHANNEL | GOLD | KT_10 | 1ct | imgs:3
[23:11:48][EMERALD] [2107] ? NIV-DB044E255C65D6E5 | BASKET | DOUBLE | CHANNEL | GOLD | KT_10 | 1ct | imgs:3
[23:11:52][EMERALD] [2108] ? NIV-DB044E255C65D6E5 | BASKET | DOUBLE | CHANNEL | GOLD | KT_10 | 1ct | imgs:3
[23:11:57][EMERALD] [2109] ? NIV-DB044E255C65D6E5 | BASKET | DOUBLE | CHANNEL | GOLD | KT_10 | 1ct | imgs:3
[23:12:00][EMERALD] [2110] ? NIV-B901D144A5C0F12B | BASKET | DOUBLE | CHANNEL | GOLD | KT_14 | 1ct | imgs:3
[23:12:04][EMERALD] [2111] ? NIV-B901D144A5C0F12B | BASKET | DOUBLE | CHANNEL | GOLD | KT_14 | 1ct | imgs:3
[23:12:09][EMERALD] [2112] ? NIV-B901D144A5C0F12B | BASKET | DOUBLE | CHANNEL | GOLD | KT_14 | 1ct | imgs:3
[23:12:12][EMERALD] [2113] ? NIV-26618D87495A0F05 | BASKET | DOUBLE | CHANNEL | GOLD | KT_14 | 1ct | imgs:3
[23:12:15][EMERALD] [2114] ? NIV-26618D87495A0F05 | BASKET | DOUBLE | CHANNEL | GOLD | KT_14 | 1ct | imgs:3
[23:12:21][EMERALD] [2115] ? NIV-26618D87495A0F05 | BASKET | DOUBLE | CHANNEL | GOLD | KT_14 | 1ct | imgs:3
[23:12:24][EMERALD] [2116] ? NIV-B42C9647B7377177 | BASKET | DOUBLE | CHANNEL | GOLD | KT_14 | 1ct | imgs:3
[23:12:27][EMERALD] [2117] ? NIV-B42C9647B7377177 | BASKET | DOUBLE | CHANNEL | GOLD | KT_14 | 1ct | imgs:3
[23:12:33][EMERALD] [2118] ? NIV-B42C9647B7377177 | BASKET | DOUBLE | CHANNEL | GOLD | KT_14 | 1ct | imgs:3
[23:12:44][EMERALD] [2119] ? NIV-7199A246526C4D1C | BASKET | DOUBLE | CHANNEL | GOLD | KT_18 | 1ct | imgs:3
[23:12:48][EMERALD] [2120] ? NIV-7199A246526C4D1C | BASKET | DOUBLE | CHANNEL | GOLD | KT_18 | 1ct | imgs:3
[23:12:51][EMERALD] [2121] ? NIV-7199A246526C4D1C | BASKET | DOUBLE | CHANNEL | GOLD | KT_18 | 1ct | imgs:3
[23:12:54][EMERALD] [2122] ? NIV-5D23F4E854879ABE | BASKET | DOUBLE | CHANNEL | GOLD | KT_18 | 1ct | imgs:3
[23:12:57][EMERALD] [2123] ? NIV-5D23F4E854879ABE | BASKET | DOUBLE | CHANNEL | GOLD | KT_18 | 1ct | imgs:3
[23:13:03][EMERALD] [2124] ? NIV-5D23F4E854879ABE | BASKET | DOUBLE | CHANNEL | GOLD | KT_18 | 1ct | imgs:3
[23:13:06][EMERALD] [2125] ? NIV-F00E5001CD18A053 | BASKET | DOUBLE | CHANNEL | GOLD | KT_18 | 1ct | imgs:3
[23:13:09][EMERALD] [2126] ? NIV-F00E5001CD18A053 | BASKET | DOUBLE | CHANNEL | GOLD | KT_18 | 1ct | imgs:3
[23:13:13][EMERALD] [2127] ? NIV-F00E5001CD18A053 | BASKET | DOUBLE | CHANNEL | GOLD | KT_18 | 1ct | imgs:3
[23:13:15][EMERALD] [2128] ? NIV-7B79F4FDBAE93E16 | BASKET | DOUBLE | CHANNEL | PLATINUM | PT_950 | 1ct | imgs:3
[23:13:21][EMERALD] [2129] ? NIV-8EDA57552D3B9A49 | BASKET | DOUBLE | CHANNEL | GOLD | KT_10 | 1ct | imgs:3
[23:13:24][EMERALD] [2130] ? NIV-8EDA57552D3B9A49 | BASKET | DOUBLE | CHANNEL | GOLD | KT_10 | 1ct | imgs:3
[23:13:28][EMERALD] [2131] ? NIV-8EDA57552D3B9A49 | BASKET | DOUBLE | CHANNEL | GOLD | KT_10 | 1ct | imgs:3
[23:13:30][EMERALD] [2132] ? NIV-97AF797C9E3B89A9 | BASKET | DOUBLE | CHANNEL | GOLD | KT_10 | 1ct | imgs:3
[23:13:33][EMERALD] [2133] ? NIV-97AF797C9E3B89A9 | BASKET | DOUBLE | CHANNEL | GOLD | KT_10 | 1ct | imgs:3
[23:13:39][EMERALD] [2134] ? NIV-97AF797C9E3B89A9 | BASKET | DOUBLE | CHANNEL | GOLD | KT_10 | 1ct | imgs:3
[23:13:42][EMERALD] [2135] ? NIV-53536358101A21EF | BASKET | DOUBLE | CHANNEL | GOLD | KT_10 | 1ct | imgs:3
[23:13:45][EMERALD] [2136] ? NIV-53536358101A21EF | BASKET | DOUBLE | CHANNEL | GOLD | KT_10 | 1ct | imgs:3
[23:13:49][EMERALD] [2137] ? NIV-53536358101A21EF | BASKET | DOUBLE | CHANNEL | GOLD | KT_10 | 1ct | imgs:3
[23:13:54][EMERALD] [2138] ? NIV-A83CF40DC3CA92BD | BASKET | DOUBLE | CHANNEL | GOLD | KT_14 | 1ct | imgs:3
[23:13:57][EMERALD] [2139] ? NIV-A83CF40DC3CA92BD | BASKET | DOUBLE | CHANNEL | GOLD | KT_14 | 1ct | imgs:3
[23:14:00][EMERALD] [2140] ? NIV-A83CF40DC3CA92BD | BASKET | DOUBLE | CHANNEL | GOLD | KT_14 | 1ct | imgs:3
[23:14:03][EMERALD] [2141] ? NIV-D555873E23A4BDEC | BASKET | DOUBLE | CHANNEL | GOLD | KT_14 | 1ct | imgs:3
[23:14:06][EMERALD] [2142] ? NIV-D555873E23A4BDEC | BASKET | DOUBLE | CHANNEL | GOLD | KT_14 | 1ct | imgs:3
[23:14:12][EMERALD] [2143] ? NIV-D555873E23A4BDEC | BASKET | DOUBLE | CHANNEL | GOLD | KT_14 | 1ct | imgs:3
[23:14:15][EMERALD] [2144] ? NIV-212974C422A01D9F | BASKET | DOUBLE | CHANNEL | GOLD | KT_14 | 1ct | imgs:3
[23:14:18][EMERALD] [2145] ? NIV-212974C422A01D9F | BASKET | DOUBLE | CHANNEL | GOLD | KT_14 | 1ct | imgs:3
[23:14:24][EMERALD] [2146] ? NIV-212974C422A01D9F | BASKET | DOUBLE | CHANNEL | GOLD | KT_14 | 1ct | imgs:3
[23:14:27][EMERALD] [2147] ? NIV-3319DAE5AE3B1C99 | BASKET | DOUBLE | CHANNEL | GOLD | KT_18 | 1ct | imgs:3
[23:14:30][EMERALD] [2148] ? NIV-3319DAE5AE3B1C99 | BASKET | DOUBLE | CHANNEL | GOLD | KT_18 | 1ct | imgs:3
[23:14:33][EMERALD] [2149] ? NIV-3319DAE5AE3B1C99 | BASKET | DOUBLE | CHANNEL | GOLD | KT_18 | 1ct | imgs:3
[23:14:36][EMERALD] [2150] ? NIV-36057CDBC38E2613 | BASKET | DOUBLE | CHANNEL | GOLD | KT_18 | 1ct | imgs:3
[23:14:39][EMERALD] [2151] ? NIV-36057CDBC38E2613 | BASKET | DOUBLE | CHANNEL | GOLD | KT_18 | 1ct | imgs:3
[23:14:45][EMERALD] [2152] ? NIV-36057CDBC38E2613 | BASKET | DOUBLE | CHANNEL | GOLD | KT_18 | 1ct | imgs:3
[23:14:48][EMERALD] [2153] ? NIV-F29F6F6032BAD218 | BASKET | DOUBLE | CHANNEL | GOLD | KT_18 | 1ct | imgs:3
[23:14:51][EMERALD] [2154] ? NIV-F29F6F6032BAD218 | BASKET | DOUBLE | CHANNEL | GOLD | KT_18 | 1ct | imgs:3
[23:14:54][EMERALD] [2155] ? NIV-F29F6F6032BAD218 | BASKET | DOUBLE | CHANNEL | GOLD | KT_18 | 1ct | imgs:3
[23:14:57][EMERALD] [2156] ? NIV-5DFA116065AF72DA | BASKET | DOUBLE | CHANNEL | PLATINUM | PT_950 | 1ct | imgs:3
[23:15:06][EMERALD] [2157] ? NIV-E4F0E0B64B125983 | BASKET | DOUBLE | CHANNEL | GOLD | KT_10 | 1ct | imgs:3
[23:15:09][EMERALD] [2158] ? NIV-E4F0E0B64B125983 | BASKET | DOUBLE | CHANNEL | GOLD | KT_10 | 1ct | imgs:3
[23:15:15][EMERALD] [2159] ? NIV-E4F0E0B64B125983 | BASKET | DOUBLE | CHANNEL | GOLD | KT_10 | 1ct | imgs:3
[23:15:18][EMERALD] [2160] ? NIV-E1933CC0D37B22D5 | BASKET | DOUBLE | CHANNEL | GOLD | KT_10 | 1ct | imgs:3
[23:15:21][EMERALD] [2161] ? NIV-E1933CC0D37B22D5 | BASKET | DOUBLE | CHANNEL | GOLD | KT_10 | 1ct | imgs:3
[23:15:24][EMERALD] [2162] ? NIV-E1933CC0D37B22D5 | BASKET | DOUBLE | CHANNEL | GOLD | KT_10 | 1ct | imgs:3
[23:15:27][EMERALD] [2163] ? NIV-43506D6E87EBCD07 | BASKET | DOUBLE | CHANNEL | GOLD | KT_10 | 1ct | imgs:3
[23:15:30][EMERALD] [2164] ? NIV-43506D6E87EBCD07 | BASKET | DOUBLE | CHANNEL | GOLD | KT_10 | 1ct | imgs:3
[23:15:33][EMERALD] [2165] ? NIV-43506D6E87EBCD07 | BASKET | DOUBLE | CHANNEL | GOLD | KT_10 | 1ct | imgs:3
[23:15:36][EMERALD] [2166] ? NIV-A9EF2A90B10E2B64 | BASKET | DOUBLE | CHANNEL | GOLD | KT_14 | 1ct | imgs:3
[23:15:42][EMERALD] [2167] ? NIV-A9EF2A90B10E2B64 | BASKET | DOUBLE | CHANNEL | GOLD | KT_14 | 1ct | imgs:3
[23:15:45][EMERALD] [2168] ? NIV-A9EF2A90B10E2B64 | BASKET | DOUBLE | CHANNEL | GOLD | KT_14 | 1ct | imgs:3
[23:15:48][EMERALD] [2169] ? NIV-03A0B66E8127B3A9 | BASKET | DOUBLE | CHANNEL | GOLD | KT_14 | 1ct | imgs:3
[23:15:51][EMERALD] [2170] ? NIV-03A0B66E8127B3A9 | BASKET | DOUBLE | CHANNEL | GOLD | KT_14 | 1ct | imgs:3
[23:15:57][EMERALD] [2171] ? NIV-03A0B66E8127B3A9 | BASKET | DOUBLE | CHANNEL | GOLD | KT_14 | 1ct | imgs:3
[23:16:00][EMERALD] [2172] ? NIV-F2BBD54B7A0D0F55 | BASKET | DOUBLE | CHANNEL | GOLD | KT_14 | 1ct | imgs:3
[23:16:03][EMERALD] [2173] ? NIV-F2BBD54B7A0D0F55 | BASKET | DOUBLE | CHANNEL | GOLD | KT_14 | 1ct | imgs:3
[23:16:09][EMERALD] [2174] ? NIV-F2BBD54B7A0D0F55 | BASKET | DOUBLE | CHANNEL | GOLD | KT_14 | 1ct | imgs:3
[23:16:12][EMERALD] [2175] ? NIV-FEAE779D1C8DE25B | BASKET | DOUBLE | CHANNEL | GOLD | KT_18 | 1ct | imgs:3
[23:16:15][EMERALD] [2176] ? NIV-FEAE779D1C8DE25B | BASKET | DOUBLE | CHANNEL | GOLD | KT_18 | 1ct | imgs:3
[23:16:21][EMERALD] [2177] ? NIV-FEAE779D1C8DE25B | BASKET | DOUBLE | CHANNEL | GOLD | KT_18 | 1ct | imgs:3
[23:16:24][EMERALD] [2178] ? NIV-0A784E2C6CEF5876 | BASKET | DOUBLE | CHANNEL | GOLD | KT_18 | 1ct | imgs:3
[23:16:27][EMERALD] [2179] ? NIV-0A784E2C6CEF5876 | BASKET | DOUBLE | CHANNEL | GOLD | KT_18 | 1ct | imgs:3
[23:16:30][EMERALD] [2180] ? NIV-0A784E2C6CEF5876 | BASKET | DOUBLE | CHANNEL | GOLD | KT_18 | 1ct | imgs:3
[23:16:33][EMERALD] [2181] ? NIV-5C5C662669F5EF51 | BASKET | DOUBLE | CHANNEL | GOLD | KT_18 | 1ct | imgs:3
[23:16:36][EMERALD] [2182] ? NIV-5C5C662669F5EF51 | BASKET | DOUBLE | CHANNEL | GOLD | KT_18 | 1ct | imgs:3
[23:16:40][EMERALD] [2183] ? NIV-5C5C662669F5EF51 | BASKET | DOUBLE | CHANNEL | GOLD | KT_18 | 1ct | imgs:3
[23:16:42][EMERALD] [2184] ? NIV-A63D48B070733440 | BASKET | DOUBLE | CHANNEL | PLATINUM | PT_950 | 1ct | imgs:3
[23:16:48][EMERALD] [2185] ? NIV-0AFF5CB2CE0D755D | BASKET | DOUBLE | CHANNEL | GOLD | KT_10 | 1ct | imgs:3
[23:16:51][EMERALD] [2186] ? NIV-0AFF5CB2CE0D755D | BASKET | DOUBLE | CHANNEL | GOLD | KT_10 | 1ct | imgs:3
[23:16:55][EMERALD] [2187] ? NIV-0AFF5CB2CE0D755D | BASKET | DOUBLE | CHANNEL | GOLD | KT_10 | 1ct | imgs:3
[23:16:57][EMERALD] [2188] ? NIV-B6E8DB352A3B522F | BASKET | DOUBLE | CHANNEL | GOLD | KT_10 | 1ct | imgs:3
[23:17:00][EMERALD] [2189] ? NIV-B6E8DB352A3B522F | BASKET | DOUBLE | CHANNEL | GOLD | KT_10 | 1ct | imgs:3
[23:17:03][EMERALD] [2190] ? NIV-B6E8DB352A3B522F | BASKET | DOUBLE | CHANNEL | GOLD | KT_10 | 1ct | imgs:3
[23:17:06][EMERALD] [2191] ? NIV-01260C24BD429B17 | BASKET | DOUBLE | CHANNEL | GOLD | KT_10 | 1ct | imgs:3
[23:17:09][EMERALD] [2192] ? NIV-01260C24BD429B17 | BASKET | DOUBLE | CHANNEL | GOLD | KT_10 | 1ct | imgs:3
[23:17:15][EMERALD] [2193] ? NIV-01260C24BD429B17 | BASKET | DOUBLE | CHANNEL | GOLD | KT_10 | 1ct | imgs:3
[23:17:18][EMERALD] [2194] ? NIV-F111CCF4779160CD | BASKET | DOUBLE | CHANNEL | GOLD | KT_14 | 1ct | imgs:3
[23:17:21][EMERALD] [2195] ? NIV-F111CCF4779160CD | BASKET | DOUBLE | CHANNEL | GOLD | KT_14 | 1ct | imgs:3
[23:17:27][EMERALD] [2196] ? NIV-F111CCF4779160CD | BASKET | DOUBLE | CHANNEL | GOLD | KT_14 | 1ct | imgs:3
[23:17:30][EMERALD] [2197] ? NIV-14AB5CA311DE9A83 | BASKET | DOUBLE | CHANNEL | GOLD | KT_14 | 1ct | imgs:3
[23:17:33][EMERALD] [2198] ? NIV-14AB5CA311DE9A83 | BASKET | DOUBLE | CHANNEL | GOLD | KT_14 | 1ct | imgs:3
[23:17:39][EMERALD] [2199] ? NIV-14AB5CA311DE9A83 | BASKET | DOUBLE | CHANNEL | GOLD | KT_14 | 1ct | imgs:3
[23:17:42][EMERALD] [2200] ? NIV-1747F07F3FD73EDF | BASKET | DOUBLE | CHANNEL | GOLD | KT_14 | 1ct | imgs:3
[23:17:45][EMERALD] [2201] ? NIV-1747F07F3FD73EDF | BASKET | DOUBLE | CHANNEL | GOLD | KT_14 | 1ct | imgs:3
[23:17:49][EMERALD] [2202] ? NIV-1747F07F3FD73EDF | BASKET | DOUBLE | CHANNEL | GOLD | KT_14 | 1ct | imgs:3
[23:17:54][EMERALD] [2203] ? NIV-6E6AEC98E4DF2A6F | BASKET | DOUBLE | CHANNEL | GOLD | KT_18 | 1ct | imgs:3
[23:17:57][EMERALD] [2204] ? NIV-6E6AEC98E4DF2A6F | BASKET | DOUBLE | CHANNEL | GOLD | KT_18 | 1ct | imgs:3
[23:18:03][EMERALD] [2205] ? NIV-6E6AEC98E4DF2A6F | BASKET | DOUBLE | CHANNEL | GOLD | KT_18 | 1ct | imgs:3
[23:18:06][EMERALD] [2206] ? NIV-3D9BFF017BBF6BA7 | BASKET | DOUBLE | CHANNEL | GOLD | KT_18 | 1ct | imgs:3
[23:18:09][EMERALD] [2207] ? NIV-3D9BFF017BBF6BA7 | BASKET | DOUBLE | CHANNEL | GOLD | KT_18 | 1ct | imgs:3
[23:18:15][EMERALD] [2208] ? NIV-3D9BFF017BBF6BA7 | BASKET | DOUBLE | CHANNEL | GOLD | KT_18 | 1ct | imgs:3
[23:18:18][EMERALD] [2209] ? NIV-2DCA35CF2E249AD6 | BASKET | DOUBLE | CHANNEL | GOLD | KT_18 | 1ct | imgs:3
[23:18:22][EMERALD] [2210] ? NIV-2DCA35CF2E249AD6 | BASKET | DOUBLE | CHANNEL | GOLD | KT_18 | 1ct | imgs:3
[23:18:27][EMERALD] [2211] ? NIV-2DCA35CF2E249AD6 | BASKET | DOUBLE | CHANNEL | GOLD | KT_18 | 1ct | imgs:3
[23:18:30][EMERALD] [2212] ? NIV-E00BF2F137A02CB5 | BASKET | DOUBLE | CHANNEL | PLATINUM | PT_950 | 1ct | imgs:3
[23:18:34][EMERALD] [2213] ? NIV-34B681E395AC7DA6 | BASKET | DOUBLE | CHANNEL | GOLD | KT_10 | 1ct | imgs:3
[23:18:39][EMERALD] [2214] ? NIV-34B681E395AC7DA6 | BASKET | DOUBLE | CHANNEL | GOLD | KT_10 | 1ct | imgs:3
[23:18:42][EMERALD] [2215] ? NIV-34B681E395AC7DA6 | BASKET | DOUBLE | CHANNEL | GOLD | KT_10 | 1ct | imgs:3
[23:18:45][EMERALD] [2216] ? NIV-FE76BBC7E13C0B19 | BASKET | DOUBLE | CHANNEL | GOLD | KT_10 | 1ct | imgs:3
[23:18:48][EMERALD] [2217] ? NIV-FE76BBC7E13C0B19 | BASKET | DOUBLE | CHANNEL | GOLD | KT_10 | 1ct | imgs:3
[23:18:54][EMERALD] [2218] ? NIV-FE76BBC7E13C0B19 | BASKET | DOUBLE | CHANNEL | GOLD | KT_10 | 1ct | imgs:3
[23:18:57][EMERALD] [2219] ? NIV-C7C566D0B7EA1E79 | BASKET | DOUBLE | CHANNEL | GOLD | KT_10 | 1ct | imgs:3
[23:19:03][EMERALD] [2220] ? NIV-C7C566D0B7EA1E79 | BASKET | DOUBLE | CHANNEL | GOLD | KT_10 | 1ct | imgs:3
[23:19:06][EMERALD] [2221] ? NIV-C7C566D0B7EA1E79 | BASKET | DOUBLE | CHANNEL | GOLD | KT_10 | 1ct | imgs:3
[23:19:09][EMERALD] [2222] ? NIV-AE6B617E342910C4 | BASKET | DOUBLE | CHANNEL | GOLD | KT_14 | 1ct | imgs:3
[23:19:15][EMERALD] [2223] ? NIV-AE6B617E342910C4 | BASKET | DOUBLE | CHANNEL | GOLD | KT_14 | 1ct | imgs:3
[23:19:18][EMERALD] [2224] ? NIV-AE6B617E342910C4 | BASKET | DOUBLE | CHANNEL | GOLD | KT_14 | 1ct | imgs:3
[23:19:21][EMERALD] [2225] ? NIV-C13108F632509B71 | BASKET | DOUBLE | CHANNEL | GOLD | KT_14 | 1ct | imgs:3
[23:19:27][EMERALD] [2226] ? NIV-C13108F632509B71 | BASKET | DOUBLE | CHANNEL | GOLD | KT_14 | 1ct | imgs:3
[23:19:33][EMERALD] [2227] ? NIV-C13108F632509B71 | BASKET | DOUBLE | CHANNEL | GOLD | KT_14 | 1ct | imgs:3
[23:19:36][EMERALD] [2228] ? NIV-009235675D06CED2 | BASKET | DOUBLE | CHANNEL | GOLD | KT_14 | 1ct | imgs:3
[23:19:39][EMERALD] [2229] ? NIV-009235675D06CED2 | BASKET | DOUBLE | CHANNEL | GOLD | KT_14 | 1ct | imgs:3
[23:19:42][EMERALD] [2230] ? NIV-009235675D06CED2 | BASKET | DOUBLE | CHANNEL | GOLD | KT_14 | 1ct | imgs:3
[23:19:48][EMERALD] [2231] ? NIV-A2EA04BDF02A8EAA | BASKET | DOUBLE | CHANNEL | GOLD | KT_18 | 1ct | imgs:3
[23:19:51][EMERALD] [2232] ? NIV-A2EA04BDF02A8EAA | BASKET | DOUBLE | CHANNEL | GOLD | KT_18 | 1ct | imgs:3
[23:19:57][EMERALD] [2233] ? NIV-A2EA04BDF02A8EAA | BASKET | DOUBLE | CHANNEL | GOLD | KT_18 | 1ct | imgs:3
[23:20:00][EMERALD] [2234] ? NIV-9AD88B8995C9796A | BASKET | DOUBLE | CHANNEL | GOLD | KT_18 | 1ct | imgs:3
[23:20:04][EMERALD] [2235] ? NIV-9AD88B8995C9796A | BASKET | DOUBLE | CHANNEL | GOLD | KT_18 | 1ct | imgs:3
[23:20:09][EMERALD] [2236] ? NIV-9AD88B8995C9796A | BASKET | DOUBLE | CHANNEL | GOLD | KT_18 | 1ct | imgs:3
[23:20:12][EMERALD] [2237] ? NIV-D075E742F6D767E9 | BASKET | DOUBLE | CHANNEL | GOLD | KT_18 | 1ct | imgs:3
[23:20:15][EMERALD] [2238] ? NIV-D075E742F6D767E9 | BASKET | DOUBLE | CHANNEL | GOLD | KT_18 | 1ct | imgs:3
[23:20:18][EMERALD] [2239] ? NIV-D075E742F6D767E9 | BASKET | DOUBLE | CHANNEL | GOLD | KT_18 | 1ct | imgs:3
[23:20:21][EMERALD] [2240] ? NIV-506D0DDEBDAF11E9 | BASKET | DOUBLE | CHANNEL | PLATINUM | PT_950 | 1ct | imgs:3
[23:20:30][EMERALD] [2241] ? NIV-5689F6970289FF53 | BASKET | DOUBLE | CHANNEL | GOLD | KT_10 | 1ct | imgs:3
[23:20:33][EMERALD] [2242] ? NIV-5689F6970289FF53 | BASKET | DOUBLE | CHANNEL | GOLD | KT_10 | 1ct | imgs:3
[23:20:36][EMERALD] [2243] ? NIV-5689F6970289FF53 | BASKET | DOUBLE | CHANNEL | GOLD | KT_10 | 1ct | imgs:3
[23:20:39][EMERALD] [2244] ? NIV-CCA981EE62A0ED24 | BASKET | DOUBLE | CHANNEL | GOLD | KT_10 | 1ct | imgs:3
[23:20:42][EMERALD] [2245] ? NIV-CCA981EE62A0ED24 | BASKET | DOUBLE | CHANNEL | GOLD | KT_10 | 1ct | imgs:3
[23:20:45][EMERALD] [2246] ? NIV-CCA981EE62A0ED24 | BASKET | DOUBLE | CHANNEL | GOLD | KT_10 | 1ct | imgs:3
[23:20:48][EMERALD] [2247] ? NIV-FCE139C8EC35CA82 | BASKET | DOUBLE | CHANNEL | GOLD | KT_10 | 1ct | imgs:3
[23:20:51][EMERALD] [2248] ? NIV-FCE139C8EC35CA82 | BASKET | DOUBLE | CHANNEL | GOLD | KT_10 | 1ct | imgs:3
[23:20:57][EMERALD] [2249] ? NIV-FCE139C8EC35CA82 | BASKET | DOUBLE | CHANNEL | GOLD | KT_10 | 1ct | imgs:3
[23:21:01][EMERALD] [2250] ? NIV-ED2EC5E54209F6F3 | BASKET | DOUBLE | CHANNEL | GOLD | KT_14 | 1ct | imgs:2
[23:21:06][EMERALD] [2251] ? NIV-ED2EC5E54209F6F3 | BASKET | DOUBLE | CHANNEL | GOLD | KT_14 | 1ct | imgs:3
[23:21:09][EMERALD] [2252] ? NIV-ED2EC5E54209F6F3 | BASKET | DOUBLE | CHANNEL | GOLD | KT_14 | 1ct | imgs:3
[23:21:12][EMERALD] [2253] ? NIV-6D50EC8BBCFF2258 | BASKET | DOUBLE | CHANNEL | GOLD | KT_14 | 1ct | imgs:3
[23:21:15][EMERALD] [2254] ? NIV-6D50EC8BBCFF2258 | BASKET | DOUBLE | CHANNEL | GOLD | KT_14 | 1ct | imgs:3
[23:21:18][EMERALD] [2255] ? NIV-6D50EC8BBCFF2258 | BASKET | DOUBLE | CHANNEL | GOLD | KT_14 | 1ct | imgs:3
[23:21:21][EMERALD] [2256] ? NIV-A34231C6258207ED | BASKET | DOUBLE | CHANNEL | GOLD | KT_14 | 1ct | imgs:3
[23:21:25][EMERALD] [2257] ? NIV-A34231C6258207ED | BASKET | DOUBLE | CHANNEL | GOLD | KT_14 | 1ct | imgs:3
[23:21:30][EMERALD] [2258] ? NIV-A34231C6258207ED | BASKET | DOUBLE | CHANNEL | GOLD | KT_14 | 1ct | imgs:3
[23:21:34][EMERALD] [2259] ? NIV-B40436A1D4B58E34 | BASKET | DOUBLE | CHANNEL | GOLD | KT_18 | 1ct | imgs:3
[23:21:39][EMERALD] [2260] ? NIV-B40436A1D4B58E34 | BASKET | DOUBLE | CHANNEL | GOLD | KT_18 | 1ct | imgs:3
[23:21:43][EMERALD] [2261] ? NIV-B40436A1D4B58E34 | BASKET | DOUBLE | CHANNEL | GOLD | KT_18 | 1ct | imgs:3
[23:21:45][EMERALD] [2262] ? NIV-159614B282119423 | BASKET | DOUBLE | CHANNEL | GOLD | KT_18 | 1ct | imgs:3
[23:21:51][EMERALD] [2263] ? NIV-159614B282119423 | BASKET | DOUBLE | CHANNEL | GOLD | KT_18 | 1ct | imgs:3
[23:21:54][EMERALD] [2264] ? NIV-159614B282119423 | BASKET | DOUBLE | CHANNEL | GOLD | KT_18 | 1ct | imgs:3
[23:21:57][EMERALD] [2265] ? NIV-697578F66BB05AEE | BASKET | DOUBLE | CHANNEL | GOLD | KT_18 | 1ct | imgs:3
[23:22:00][EMERALD] [2266] ? NIV-697578F66BB05AEE | BASKET | DOUBLE | CHANNEL | GOLD | KT_18 | 1ct | imgs:3
[23:22:06][EMERALD] [2267] ? NIV-697578F66BB05AEE | BASKET | DOUBLE | CHANNEL | GOLD | KT_18 | 1ct | imgs:3
[23:22:09][EMERALD] [2268] ? NIV-C1759AB563B1D075 | BASKET | DOUBLE | CHANNEL | PLATINUM | PT_950 | 1ct | imgs:3
[23:22:15][EMERALD] [2269] ? NIV-6BFA4A1D409F83B1 | BASKET | DOUBLE | CHANNEL | GOLD | KT_10 | 1ct | imgs:3
[23:22:18][EMERALD] [2270] ? NIV-6BFA4A1D409F83B1 | BASKET | DOUBLE | CHANNEL | GOLD | KT_10 | 1ct | imgs:3
[23:22:22][EMERALD] [2271] ? NIV-6BFA4A1D409F83B1 | BASKET | DOUBLE | CHANNEL | GOLD | KT_10 | 1ct | imgs:3
[23:22:24][EMERALD] [2272] ? NIV-8A932045DCA5694E | BASKET | DOUBLE | CHANNEL | GOLD | KT_10 | 1ct | imgs:3
[23:22:27][EMERALD] [2273] ? NIV-8A932045DCA5694E | BASKET | DOUBLE | CHANNEL | GOLD | KT_10 | 1ct | imgs:3
[23:22:30][EMERALD] [2274] ? NIV-8A932045DCA5694E | BASKET | DOUBLE | CHANNEL | GOLD | KT_10 | 1ct | imgs:3
[23:22:33][EMERALD] [2275] ? NIV-F14F5DFD71E5324F | BASKET | DOUBLE | CHANNEL | GOLD | KT_10 | 1ct | imgs:3
[23:22:36][EMERALD] [2276] ? NIV-F14F5DFD71E5324F | BASKET | DOUBLE | CHANNEL | GOLD | KT_10 | 1ct | imgs:3
[23:22:42][EMERALD] [2277] ? NIV-F14F5DFD71E5324F | BASKET | DOUBLE | CHANNEL | GOLD | KT_10 | 1ct | imgs:3
[23:22:45][EMERALD] [2278] ? NIV-A48B1469CC21DCB5 | BASKET | DOUBLE | CHANNEL | GOLD | KT_14 | 1ct | imgs:3
[23:22:48][EMERALD] [2279] ? NIV-A48B1469CC21DCB5 | BASKET | DOUBLE | CHANNEL | GOLD | KT_14 | 1ct | imgs:3
[23:22:52][EMERALD] [2280] ? NIV-A48B1469CC21DCB5 | BASKET | DOUBLE | CHANNEL | GOLD | KT_14 | 1ct | imgs:3
[23:22:54][EMERALD] [2281] ? NIV-0C7CF1B5F639ECC3 | BASKET | DOUBLE | CHANNEL | GOLD | KT_14 | 1ct | imgs:3
[23:22:57][EMERALD] [2282] ? NIV-0C7CF1B5F639ECC3 | BASKET | DOUBLE | CHANNEL | GOLD | KT_14 | 1ct | imgs:3
[23:23:03][EMERALD] [2283] ? NIV-0C7CF1B5F639ECC3 | BASKET | DOUBLE | CHANNEL | GOLD | KT_14 | 1ct | imgs:3
[23:23:06][EMERALD] [2284] ? NIV-9DB1C6149FCDBE90 | BASKET | DOUBLE | CHANNEL | GOLD | KT_14 | 1ct | imgs:3
[23:23:09][EMERALD] [2285] ? NIV-9DB1C6149FCDBE90 | BASKET | DOUBLE | CHANNEL | GOLD | KT_14 | 1ct | imgs:3
[23:23:12][EMERALD] [2286] ? NIV-9DB1C6149FCDBE90 | BASKET | DOUBLE | CHANNEL | GOLD | KT_14 | 1ct | imgs:3
[23:23:15][EMERALD] [2287] ? NIV-1309907F8CC3C3F8 | BASKET | DOUBLE | CHANNEL | GOLD | KT_18 | 1ct | imgs:3
[23:23:19][EMERALD] [2288] ? NIV-1309907F8CC3C3F8 | BASKET | DOUBLE | CHANNEL | GOLD | KT_18 | 1ct | imgs:3
[23:23:24][EMERALD] [2289] ? NIV-1309907F8CC3C3F8 | BASKET | DOUBLE | CHANNEL | GOLD | KT_18 | 1ct | imgs:3
[23:23:27][EMERALD] [2290] ? NIV-9BD0C250387E06B6 | BASKET | DOUBLE | CHANNEL | GOLD | KT_18 | 1ct | imgs:3
[23:23:30][EMERALD] [2291] ? NIV-9BD0C250387E06B6 | BASKET | DOUBLE | CHANNEL | GOLD | KT_18 | 1ct | imgs:3
[23:23:34][EMERALD] [2292] ? NIV-9BD0C250387E06B6 | BASKET | DOUBLE | CHANNEL | GOLD | KT_18 | 1ct | imgs:3
[23:23:36][EMERALD] [2293] ? NIV-077F24A8EDA185F3 | BASKET | DOUBLE | CHANNEL | GOLD | KT_18 | 1ct | imgs:3
[23:23:39][EMERALD] [2294] ? NIV-077F24A8EDA185F3 | BASKET | DOUBLE | CHANNEL | GOLD | KT_18 | 1ct | imgs:3
[23:23:42][EMERALD] [2295] ? NIV-077F24A8EDA185F3 | BASKET | DOUBLE | CHANNEL | GOLD | KT_18 | 1ct | imgs:3
[23:23:45][EMERALD] [2296] ? NIV-6D9F7714F267D34C | BASKET | DOUBLE | CHANNEL | PLATINUM | PT_950 | 1ct | imgs:3
[23:23:51][EMERALD] [2297] ? NIV-004F66F721C29978 | BASKET | DOUBLE | CHANNEL | GOLD | KT_10 | 1ct | imgs:3
[23:23:54][EMERALD] [2298] ? NIV-004F66F721C29978 | BASKET | DOUBLE | CHANNEL | GOLD | KT_10 | 1ct | imgs:3
[23:24:00][EMERALD] [2299] ? NIV-004F66F721C29978 | BASKET | DOUBLE | CHANNEL | GOLD | KT_10 | 1ct | imgs:3
[23:24:03][EMERALD] [2300] ? NIV-29F19DE81C008179 | BASKET | DOUBLE | CHANNEL | GOLD | KT_10 | 1ct | imgs:3
[23:24:06][EMERALD] [2301] ? NIV-29F19DE81C008179 | BASKET | DOUBLE | CHANNEL | GOLD | KT_10 | 1ct | imgs:3
[23:24:10][EMERALD] [2302] ? NIV-29F19DE81C008179 | BASKET | DOUBLE | CHANNEL | GOLD | KT_10 | 1ct | imgs:3
[23:24:12][EMERALD] [2303] ? NIV-6EABC167F60248C2 | BASKET | DOUBLE | CHANNEL | GOLD | KT_10 | 1ct | imgs:3
[23:24:15][EMERALD] [2304] ? NIV-6EABC167F60248C2 | BASKET | DOUBLE | CHANNEL | GOLD | KT_10 | 1ct | imgs:3
[23:24:18][EMERALD] [2305] ? NIV-6EABC167F60248C2 | BASKET | DOUBLE | CHANNEL | GOLD | KT_10 | 1ct | imgs:3
[23:24:24][EMERALD] [2306] ? NIV-87824DEE4E031C22 | BASKET | DOUBLE | CHANNEL | GOLD | KT_14 | 1ct | imgs:3
[23:24:27][EMERALD] [2307] ? NIV-87824DEE4E031C22 | BASKET | DOUBLE | CHANNEL | GOLD | KT_14 | 1ct | imgs:3
[23:24:30][EMERALD] [2308] ? NIV-87824DEE4E031C22 | BASKET | DOUBLE | CHANNEL | GOLD | KT_14 | 1ct | imgs:3
[23:24:33][EMERALD] [2309] ? NIV-16263413BA4595EC | BASKET | DOUBLE | CHANNEL | GOLD | KT_14 | 1ct | imgs:3
[23:24:36][EMERALD] [2310] ? NIV-16263413BA4595EC | BASKET | DOUBLE | CHANNEL | GOLD | KT_14 | 1ct | imgs:3
[23:24:39][EMERALD] [2311] ? NIV-16263413BA4595EC | BASKET | DOUBLE | CHANNEL | GOLD | KT_14 | 1ct | imgs:3
[23:24:42][EMERALD] [2312] ? NIV-57A96327425E649C | BASKET | DOUBLE | CHANNEL | GOLD | KT_14 | 1ct | imgs:3
[23:24:45][EMERALD] [2313] ? NIV-57A96327425E649C | BASKET | DOUBLE | CHANNEL | GOLD | KT_14 | 1ct | imgs:3
[23:24:49][EMERALD] [2314] ? NIV-57A96327425E649C | BASKET | DOUBLE | CHANNEL | GOLD | KT_14 | 1ct | imgs:3
[23:24:54][EMERALD] [2315] ? NIV-4448A48A7D324DA8 | BASKET | DOUBLE | CHANNEL | GOLD | KT_18 | 1ct | imgs:3
[23:24:57][EMERALD] [2316] ? NIV-4448A48A7D324DA8 | BASKET | DOUBLE | CHANNEL | GOLD | KT_18 | 1ct | imgs:3
[23:25:03][EMERALD] [2317] ? NIV-4448A48A7D324DA8 | BASKET | DOUBLE | CHANNEL | GOLD | KT_18 | 1ct | imgs:3
[23:25:06][EMERALD] [2318] ? NIV-DF00A4F5FE389056 | BASKET | DOUBLE | CHANNEL | GOLD | KT_18 | 1ct | imgs:3
[23:25:09][EMERALD] [2319] ? NIV-DF00A4F5FE389056 | BASKET | DOUBLE | CHANNEL | GOLD | KT_18 | 1ct | imgs:3
[23:25:15][EMERALD] [2320] ? NIV-DF00A4F5FE389056 | BASKET | DOUBLE | CHANNEL | GOLD | KT_18 | 1ct | imgs:3
[23:25:18][EMERALD] [2321] ? NIV-66491F581D2B60C0 | BASKET | DOUBLE | CHANNEL | GOLD | KT_18 | 1ct | imgs:3
[23:25:21][EMERALD] [2322] ? NIV-66491F581D2B60C0 | BASKET | DOUBLE | CHANNEL | GOLD | KT_18 | 1ct | imgs:3
[23:25:27][EMERALD] [2323] ? NIV-66491F581D2B60C0 | BASKET | DOUBLE | CHANNEL | GOLD | KT_18 | 1ct | imgs:3
[23:25:30][EMERALD] [2324] ? NIV-848735861D070D4B | BASKET | DOUBLE | CHANNEL | PLATINUM | PT_950 | 1ct | imgs:3
[23:25:36][EMERALD] [2325] ? NIV-C76076CE252C932C | BASKET | DOUBLE | CHANNEL | GOLD | KT_10 | 1ct | imgs:3
[23:25:39][EMERALD] [2326] ? NIV-C76076CE252C932C | BASKET | DOUBLE | CHANNEL | GOLD | KT_10 | 1ct | imgs:3
[23:25:42][EMERALD] [2327] ? NIV-C76076CE252C932C | BASKET | DOUBLE | CHANNEL | GOLD | KT_10 | 1ct | imgs:3
[23:25:45][EMERALD] [2328] ? NIV-16C671C4B32DE336 | BASKET | DOUBLE | CHANNEL | GOLD | KT_10 | 1ct | imgs:3
[23:25:48][EMERALD] [2329] ? NIV-16C671C4B32DE336 | BASKET | DOUBLE | CHANNEL | GOLD | KT_10 | 1ct | imgs:3
[23:25:54][EMERALD] [2330] ? NIV-16C671C4B32DE336 | BASKET | DOUBLE | CHANNEL | GOLD | KT_10 | 1ct | imgs:3
[23:25:57][EMERALD] [2331] ? NIV-200AC0FBAAD4AE54 | BASKET | DOUBLE | CHANNEL | GOLD | KT_10 | 1ct | imgs:3
[23:26:00][EMERALD] [2332] ? NIV-200AC0FBAAD4AE54 | BASKET | DOUBLE | CHANNEL | GOLD | KT_10 | 1ct | imgs:3
[23:26:03][EMERALD] [2333] ? NIV-200AC0FBAAD4AE54 | BASKET | DOUBLE | CHANNEL | GOLD | KT_10 | 1ct | imgs:3
[23:26:06][EMERALD] [2334] ? NIV-3C3484DD07ADCA09 | BASKET | DOUBLE | CHANNEL | GOLD | KT_14 | 1ct | imgs:3
[23:26:12][EMERALD] [2335] ? NIV-3C3484DD07ADCA09 | BASKET | DOUBLE | CHANNEL | GOLD | KT_14 | 1ct | imgs:3
[23:26:15][EMERALD] [2336] ? NIV-3C3484DD07ADCA09 | BASKET | DOUBLE | CHANNEL | GOLD | KT_14 | 1ct | imgs:3
[23:26:18][EMERALD] [2337] ? NIV-37AF443CE2D2A550 | BASKET | DOUBLE | CHANNEL | GOLD | KT_14 | 1ct | imgs:3
[23:26:21][EMERALD] [2338] ? NIV-37AF443CE2D2A550 | BASKET | DOUBLE | CHANNEL | GOLD | KT_14 | 1ct | imgs:3
[23:26:24][EMERALD] [2339] ? NIV-37AF443CE2D2A550 | BASKET | DOUBLE | CHANNEL | GOLD | KT_14 | 1ct | imgs:3
[23:26:27][EMERALD] [2340] ? NIV-5EFC3ADD2FE79F6B | BASKET | DOUBLE | CHANNEL | GOLD | KT_14 | 1ct | imgs:3
[23:26:30][EMERALD] [2341] ? NIV-5EFC3ADD2FE79F6B | BASKET | DOUBLE | CHANNEL | GOLD | KT_14 | 1ct | imgs:3
[23:26:36][EMERALD] [2342] ? NIV-5EFC3ADD2FE79F6B | BASKET | DOUBLE | CHANNEL | GOLD | KT_14 | 1ct | imgs:3
[23:26:39][EMERALD] [2343] ? NIV-E03CAFC26C4DC3DF | BASKET | DOUBLE | CHANNEL | GOLD | KT_18 | 1ct | imgs:3
[23:26:42][EMERALD] [2344] ? NIV-E03CAFC26C4DC3DF | BASKET | DOUBLE | CHANNEL | GOLD | KT_18 | 1ct | imgs:3
[23:26:45][EMERALD] [2345] ? NIV-E03CAFC26C4DC3DF | BASKET | DOUBLE | CHANNEL | GOLD | KT_18 | 1ct | imgs:3
[23:26:48][EMERALD] [2346] ? NIV-12B37261FF6B988F | BASKET | DOUBLE | CHANNEL | GOLD | KT_18 | 1ct | imgs:3
[23:26:52][EMERALD] [2347] ? NIV-12B37261FF6B988F | BASKET | DOUBLE | CHANNEL | GOLD | KT_18 | 1ct | imgs:3
[23:26:57][EMERALD] [2348] ? NIV-12B37261FF6B988F | BASKET | DOUBLE | CHANNEL | GOLD | KT_18 | 1ct | imgs:3
[23:27:00][EMERALD] [2349] ? NIV-E004C965B82B3AD8 | BASKET | DOUBLE | CHANNEL | GOLD | KT_18 | 1ct | imgs:3
[23:27:03][EMERALD] [2350] ? NIV-E004C965B82B3AD8 | BASKET | DOUBLE | CHANNEL | GOLD | KT_18 | 1ct | imgs:3
[23:27:06][EMERALD] [2351] ? NIV-E004C965B82B3AD8 | BASKET | DOUBLE | CHANNEL | GOLD | KT_18 | 1ct | imgs:3
[23:27:09][EMERALD] [2352] ? NIV-5017A26BFDD55724 | BASKET | DOUBLE | CHANNEL | PLATINUM | PT_950 | 1ct | imgs:3
[23:27:15][EMERALD] [2353] ? NIV-AE8755310B9B64D5 | BASKET | DOUBLE | CHANNEL | GOLD | KT_10 | 1ct | imgs:3
[23:27:18][EMERALD] [2354] ? NIV-AE8755310B9B64D5 | BASKET | DOUBLE | CHANNEL | GOLD | KT_10 | 1ct | imgs:3
[23:27:22][EMERALD] [2355] ? NIV-AE8755310B9B64D5 | BASKET | DOUBLE | CHANNEL | GOLD | KT_10 | 1ct | imgs:3
[23:27:24][EMERALD] [2356] ? NIV-A9EE095872C7B9CE | BASKET | DOUBLE | CHANNEL | GOLD | KT_10 | 1ct | imgs:3
[23:27:27][EMERALD] [2357] ? NIV-A9EE095872C7B9CE | BASKET | DOUBLE | CHANNEL | GOLD | KT_10 | 1ct | imgs:3
[23:27:33][EMERALD] [2358] ? NIV-A9EE095872C7B9CE | BASKET | DOUBLE | CHANNEL | GOLD | KT_10 | 1ct | imgs:3
[23:27:36][EMERALD] [2359] ? NIV-66E0421806EE9C6E | BASKET | DOUBLE | CHANNEL | GOLD | KT_10 | 1ct | imgs:3
[23:27:39][EMERALD] [2360] ? NIV-66E0421806EE9C6E | BASKET | DOUBLE | CHANNEL | GOLD | KT_10 | 1ct | imgs:3
[23:27:43][EMERALD] [2361] ? NIV-66E0421806EE9C6E | BASKET | DOUBLE | CHANNEL | GOLD | KT_10 | 1ct | imgs:3
[23:27:48][EMERALD] [2362] ? NIV-E6391F8030D393E1 | BASKET | DOUBLE | CHANNEL | GOLD | KT_14 | 1ct | imgs:3
[23:27:51][EMERALD] [2363] ? NIV-E6391F8030D393E1 | BASKET | DOUBLE | CHANNEL | GOLD | KT_14 | 1ct | imgs:3
[23:27:54][EMERALD] [2364] ? NIV-E6391F8030D393E1 | BASKET | DOUBLE | CHANNEL | GOLD | KT_14 | 1ct | imgs:3
[23:27:57][EMERALD] [2365] ? NIV-26479D082F19B5B4 | BASKET | DOUBLE | CHANNEL | GOLD | KT_14 | 1ct | imgs:3
[23:28:00][EMERALD] [2366] ? NIV-26479D082F19B5B4 | BASKET | DOUBLE | CHANNEL | GOLD | KT_14 | 1ct | imgs:3
[23:28:04][EMERALD] [2367] ? NIV-26479D082F19B5B4 | BASKET | DOUBLE | CHANNEL | GOLD | KT_14 | 1ct | imgs:3
[23:28:06][EMERALD] [2368] ? NIV-D3C1E0FC8CE2BD99 | BASKET | DOUBLE | CHANNEL | GOLD | KT_14 | 1ct | imgs:3
[23:28:09][EMERALD] [2369] ? NIV-D3C1E0FC8CE2BD99 | BASKET | DOUBLE | CHANNEL | GOLD | KT_14 | 1ct | imgs:3
[23:28:12][EMERALD] [2370] ? NIV-D3C1E0FC8CE2BD99 | BASKET | DOUBLE | CHANNEL | GOLD | KT_14 | 1ct | imgs:3
[23:28:15][EMERALD] [2371] ? NIV-D4DEF206DCAB73DF | BASKET | DOUBLE | CHANNEL | GOLD | KT_18 | 1ct | imgs:3
[23:28:21][EMERALD] [2372] ? NIV-D4DEF206DCAB73DF | BASKET | DOUBLE | CHANNEL | GOLD | KT_18 | 1ct | imgs:3
[23:28:24][EMERALD] [2373] ? NIV-D4DEF206DCAB73DF | BASKET | DOUBLE | CHANNEL | GOLD | KT_18 | 1ct | imgs:3
[23:28:27][EMERALD] [2374] ? NIV-CDF976CE9D7D5C68 | BASKET | DOUBLE | CHANNEL | GOLD | KT_18 | 1ct | imgs:3
[23:28:30][EMERALD] [2375] ? NIV-CDF976CE9D7D5C68 | BASKET | DOUBLE | CHANNEL | GOLD | KT_18 | 1ct | imgs:3
[23:28:33][EMERALD] [2376] ? NIV-CDF976CE9D7D5C68 | BASKET | DOUBLE | CHANNEL | GOLD | KT_18 | 1ct | imgs:3
[23:28:36][EMERALD] [2377] ? NIV-EA9849F8D45DCBD5 | BASKET | DOUBLE | CHANNEL | GOLD | KT_18 | 1ct | imgs:3
[23:28:39][EMERALD] [2378] ? NIV-EA9849F8D45DCBD5 | BASKET | DOUBLE | CHANNEL | GOLD | KT_18 | 1ct | imgs:3
[23:28:42][EMERALD] [2379] ? NIV-EA9849F8D45DCBD5 | BASKET | DOUBLE | CHANNEL | GOLD | KT_18 | 1ct | imgs:3
[23:28:45][EMERALD] [2380] ? NIV-8910244AABBD55E5 | BASKET | DOUBLE | CHANNEL | PLATINUM | PT_950 | 1ct | imgs:3
[23:28:51][EMERALD] [2381] ? NIV-5EFB8245EBFCA28C | BASKET | DOUBLE | CHANNEL | GOLD | KT_10 | 1ct | imgs:3
[23:28:55][EMERALD] [2382] ? NIV-5EFB8245EBFCA28C | BASKET | DOUBLE | CHANNEL | GOLD | KT_10 | 1ct | imgs:3
[23:29:00][EMERALD] [2383] ? NIV-5EFB8245EBFCA28C | BASKET | DOUBLE | CHANNEL | GOLD | KT_10 | 1ct | imgs:3
[23:29:03][EMERALD] [2384] ? NIV-3AEDB493717F33A4 | BASKET | DOUBLE | CHANNEL | GOLD | KT_10 | 1ct | imgs:3
[23:29:06][EMERALD] [2385] ? NIV-3AEDB493717F33A4 | BASKET | DOUBLE | CHANNEL | GOLD | KT_10 | 1ct | imgs:3
[23:29:09][EMERALD] [2386] ? NIV-3AEDB493717F33A4 | BASKET | DOUBLE | CHANNEL | GOLD | KT_10 | 1ct | imgs:3
[23:29:12][EMERALD] [2387] ? NIV-1E68664E38C15705 | BASKET | DOUBLE | CHANNEL | GOLD | KT_10 | 1ct | imgs:3
[23:29:15][EMERALD] [2388] ? NIV-1E68664E38C15705 | BASKET | DOUBLE | CHANNEL | GOLD | KT_10 | 1ct | imgs:3
[23:29:18][EMERALD] [2389] ? NIV-1E68664E38C15705 | BASKET | DOUBLE | CHANNEL | GOLD | KT_10 | 1ct | imgs:3
[23:29:24][EMERALD] [2390] ? NIV-840F83FF819E2E3E | BASKET | DOUBLE | CHANNEL | GOLD | KT_14 | 1ct | imgs:3
[23:29:27][EMERALD] [2391] ? NIV-840F83FF819E2E3E | BASKET | DOUBLE | CHANNEL | GOLD | KT_14 | 1ct | imgs:3
[23:29:30][EMERALD] [2392] ? NIV-840F83FF819E2E3E | BASKET | DOUBLE | CHANNEL | GOLD | KT_14 | 1ct | imgs:3
[23:29:33][EMERALD] [2393] ? NIV-C94A888F84A43597 | BASKET | DOUBLE | CHANNEL | GOLD | KT_14 | 1ct | imgs:3
[23:29:36][EMERALD] [2394] ? NIV-C94A888F84A43597 | BASKET | DOUBLE | CHANNEL | GOLD | KT_14 | 1ct | imgs:3
[23:29:42][EMERALD] [2395] ? NIV-C94A888F84A43597 | BASKET | DOUBLE | CHANNEL | GOLD | KT_14 | 1ct | imgs:3
[23:29:45][EMERALD] [2396] ? NIV-9EF70BB7CFD3E3B1 | BASKET | DOUBLE | CHANNEL | GOLD | KT_14 | 1ct | imgs:3
[23:29:48][EMERALD] [2397] ? NIV-9EF70BB7CFD3E3B1 | BASKET | DOUBLE | CHANNEL | GOLD | KT_14 | 1ct | imgs:3
[23:29:54][EMERALD] [2398] ? NIV-9EF70BB7CFD3E3B1 | BASKET | DOUBLE | CHANNEL | GOLD | KT_14 | 1ct | imgs:3
[23:29:57][EMERALD] [2399] ? NIV-1549F16D58D11DF8 | BASKET | DOUBLE | CHANNEL | GOLD | KT_18 | 1ct | imgs:3
[23:30:00][EMERALD] [2400] ? NIV-1549F16D58D11DF8 | BASKET | DOUBLE | CHANNEL | GOLD | KT_18 | 1ct | imgs:3
[23:30:03][EMERALD] [2401] ? NIV-1549F16D58D11DF8 | BASKET | DOUBLE | CHANNEL | GOLD | KT_18 | 1ct | imgs:3
[23:30:06][EMERALD] [2402] ? NIV-2DFA05D82D6BCE25 | BASKET | DOUBLE | CHANNEL | GOLD | KT_18 | 1ct | imgs:3
[23:30:12][EMERALD] [2403] ? NIV-2DFA05D82D6BCE25 | BASKET | DOUBLE | CHANNEL | GOLD | KT_18 | 1ct | imgs:3
[23:30:15][EMERALD] [2404] ? NIV-2DFA05D82D6BCE25 | BASKET | DOUBLE | CHANNEL | GOLD | KT_18 | 1ct | imgs:3
[23:30:18][EMERALD] [2405] ? NIV-C88A9E1820056A94 | BASKET | DOUBLE | CHANNEL | GOLD | KT_18 | 1ct | imgs:3
[23:30:21][EMERALD] [2406] ? NIV-C88A9E1820056A94 | BASKET | DOUBLE | CHANNEL | GOLD | KT_18 | 1ct | imgs:3
[23:30:24][EMERALD] [2407] ? NIV-C88A9E1820056A94 | BASKET | DOUBLE | CHANNEL | GOLD | KT_18 | 1ct | imgs:3
[23:30:27][EMERALD] [2408] ? NIV-D4AE755D4122C8FD | BASKET | DOUBLE | CHANNEL | PLATINUM | PT_950 | 1ct | imgs:3
[23:30:33][EMERALD] [2409] ? NIV-84A08E709735187A | BASKET | DOUBLE | CHANNEL | GOLD | KT_10 | 1ct | imgs:3
[23:30:36][EMERALD] [2410] ? NIV-84A08E709735187A | BASKET | DOUBLE | CHANNEL | GOLD | KT_10 | 1ct | imgs:3
[23:30:42][EMERALD] [2411] ? NIV-84A08E709735187A | BASKET | DOUBLE | CHANNEL | GOLD | KT_10 | 1ct | imgs:3
[23:30:45][EMERALD] [2412] ? NIV-1FD068FC23C75958 | BASKET | DOUBLE | CHANNEL | GOLD | KT_10 | 1ct | imgs:3
[23:30:48][EMERALD] [2413] ? NIV-1FD068FC23C75958 | BASKET | DOUBLE | CHANNEL | GOLD | KT_10 | 1ct | imgs:3
[23:30:52][EMERALD] [2414] ? NIV-1FD068FC23C75958 | BASKET | DOUBLE | CHANNEL | GOLD | KT_10 | 1ct | imgs:3
[23:30:54][EMERALD] [2415] ? NIV-D1EFBE34AAAB0453 | BASKET | DOUBLE | CHANNEL | GOLD | KT_10 | 1ct | imgs:3
[23:30:58][EMERALD] [2416] ? NIV-D1EFBE34AAAB0453 | BASKET | DOUBLE | CHANNEL | GOLD | KT_10 | 1ct | imgs:3
[23:31:03][EMERALD] [2417] ? NIV-D1EFBE34AAAB0453 | BASKET | DOUBLE | CHANNEL | GOLD | KT_10 | 1ct | imgs:3
[23:31:06][EMERALD] [2418] ? NIV-C3666DFCB759379F | BASKET | DOUBLE | CHANNEL | GOLD | KT_14 | 1ct | imgs:3
[23:31:09][EMERALD] [2419] ? NIV-C3666DFCB759379F | BASKET | DOUBLE | CHANNEL | GOLD | KT_14 | 1ct | imgs:3
[23:31:12][EMERALD] [2420] ? NIV-C3666DFCB759379F | BASKET | DOUBLE | CHANNEL | GOLD | KT_14 | 1ct | imgs:3
[23:31:15][EMERALD] [2421] ? NIV-67B1A9CEC3021D72 | BASKET | DOUBLE | CHANNEL | GOLD | KT_14 | 1ct | imgs:3
[23:31:18][EMERALD] [2422] ? NIV-67B1A9CEC3021D72 | BASKET | DOUBLE | CHANNEL | GOLD | KT_14 | 1ct | imgs:3
[23:31:21][EMERALD] [2423] ? NIV-67B1A9CEC3021D72 | BASKET | DOUBLE | CHANNEL | GOLD | KT_14 | 1ct | imgs:3
[23:31:24][EMERALD] [2424] ? NIV-A1F72D7C2E8EA884 | BASKET | DOUBLE | CHANNEL | GOLD | KT_14 | 1ct | imgs:3
[23:31:27][EMERALD] [2425] ? NIV-A1F72D7C2E8EA884 | BASKET | DOUBLE | CHANNEL | GOLD | KT_14 | 1ct | imgs:3
[23:31:31][EMERALD] [2426] ? NIV-A1F72D7C2E8EA884 | BASKET | DOUBLE | CHANNEL | GOLD | KT_14 | 1ct | imgs:3
[23:31:36][EMERALD] [2427] ? NIV-FBDBE3A78F058435 | BASKET | DOUBLE | CHANNEL | GOLD | KT_18 | 1ct | imgs:3
[23:31:39][EMERALD] [2428] ? NIV-FBDBE3A78F058435 | BASKET | DOUBLE | CHANNEL | GOLD | KT_18 | 1ct | imgs:3
[23:31:42][EMERALD] [2429] ? NIV-FBDBE3A78F058435 | BASKET | DOUBLE | CHANNEL | GOLD | KT_18 | 1ct | imgs:3
[23:31:45][EMERALD] [2430] ? NIV-F1E4E498D2628A49 | BASKET | DOUBLE | CHANNEL | GOLD | KT_18 | 1ct | imgs:3
[23:31:48][EMERALD] [2431] ? NIV-F1E4E498D2628A49 | BASKET | DOUBLE | CHANNEL | GOLD | KT_18 | 1ct | imgs:3
[23:31:51][EMERALD] [2432] ? NIV-F1E4E498D2628A49 | BASKET | DOUBLE | CHANNEL | GOLD | KT_18 | 1ct | imgs:3
[23:31:54][EMERALD] [2433] ? NIV-E45F0F5D776BD24A | BASKET | DOUBLE | CHANNEL | GOLD | KT_18 | 1ct | imgs:3
[23:31:57][EMERALD] [2434] ? NIV-E45F0F5D776BD24A | BASKET | DOUBLE | CHANNEL | GOLD | KT_18 | 1ct | imgs:3
[23:32:00][EMERALD] [2435] ? NIV-E45F0F5D776BD24A | BASKET | DOUBLE | CHANNEL | GOLD | KT_18 | 1ct | imgs:3
[23:32:03][EMERALD] [2436] ? NIV-8F3FD294497BB42E | BASKET | DOUBLE | CHANNEL | PLATINUM | PT_950 | 1ct | imgs:3
[23:32:09][EMERALD] [2437] ? NIV-0782827EA92B4FC2 | BASKET | DOUBLE | CHANNEL | GOLD | KT_10 | 1ct | imgs:3
[23:32:12][EMERALD] [2438] ? NIV-0782827EA92B4FC2 | BASKET | DOUBLE | CHANNEL | GOLD | KT_10 | 1ct | imgs:3
[23:32:15][EMERALD] [2439] ? NIV-0782827EA92B4FC2 | BASKET | DOUBLE | CHANNEL | GOLD | KT_10 | 1ct | imgs:3
[23:32:18][EMERALD] [2440] ? NIV-B3AD166EB6B38572 | BASKET | DOUBLE | CHANNEL | GOLD | KT_10 | 1ct | imgs:3
[23:32:21][EMERALD] [2441] ? NIV-B3AD166EB6B38572 | BASKET | DOUBLE | CHANNEL | GOLD | KT_10 | 1ct | imgs:3
[23:32:24][EMERALD] [2442] ? NIV-B3AD166EB6B38572 | BASKET | DOUBLE | CHANNEL | GOLD | KT_10 | 1ct | imgs:3
[23:32:30][EMERALD] [2443] ? NIV-B17FCBD102490506 | BASKET | DOUBLE | CHANNEL | GOLD | KT_10 | 1ct | imgs:1
[23:32:36][EMERALD] [2444] ? NIV-B17FCBD102490506 | BASKET | DOUBLE | CHANNEL | GOLD | KT_10 | 1ct | imgs:3
[23:32:39][EMERALD] [2445] ? NIV-B17FCBD102490506 | BASKET | DOUBLE | CHANNEL | GOLD | KT_10 | 1ct | imgs:3
[23:32:41][EMERALD]   click_button error (jewellery-configurator-metal-quality-option-KT_14): ElementHandle.get_attribute: Execution context was destroyed, most likely because of a navigation
Call log:
  - waiting for locator(":scope")

[23:32:41][EMERALD]   Re-seleccionando EMERALD (intento 1)
[23:32:42][EMERALD]   Boton no encontrado ? recargando configurador...
[23:32:55][EMERALD]   Re-seleccionando EMERALD (intento 2)
[23:32:58][EMERALD] [2446] ? NIV-84C7F7530C70F70D | BASKET | DOUBLE | CHANNEL | GOLD | KT_18 | 1ct | imgs:3
[23:33:00][EMERALD] [2447] ? NIV-C58B0EAE6D5330BE | BASKET | DOUBLE | CHANNEL | GOLD | KT_18 | 1ct | imgs:3
[23:33:03][EMERALD] [2448] ? NIV-EAA574E805638E9C | BASKET | DOUBLE | CHANNEL | GOLD | KT_18 | 1ct | imgs:3
[23:33:07][EMERALD] [2449] ? NIV-8E441C273A81DF56 | BASKET | DOUBLE | CHANNEL | GOLD | KT_18 | 1ct | imgs:3
[23:33:09][EMERALD] [2450] ? NIV-C3AFBCCBEFFACDF6 | BASKET | DOUBLE | CHANNEL | GOLD | KT_18 | 1ct | imgs:3
[23:33:12][EMERALD] [2451] ? NIV-956C60F4CECC038F | BASKET | DOUBLE | CHANNEL | GOLD | KT_18 | 1ct | imgs:3
[23:33:16][EMERALD] [2452] ? NIV-D1FAB43C2D1A64D4 | BASKET | DOUBLE | CHANNEL | GOLD | KT_18 | 1ct | imgs:3
[23:33:18][EMERALD] [2453] ? NIV-D8A74E718B3EE441 | BASKET | DOUBLE | CHANNEL | GOLD | KT_18 | 1ct | imgs:3
[23:33:21][EMERALD] [2454] ? NIV-B24E12D244D82B84 | BASKET | DOUBLE | CHANNEL | GOLD | KT_18 | 1ct | imgs:3
[23:33:24][EMERALD] [2455] ? NIV-DE75F99A88EA3D49 | BASKET | DOUBLE | CHANNEL | PLATINUM | PT_950 | 1ct | imgs:3
[23:33:30][EMERALD] [2456] ? NIV-3E6566E15858F994 | BASKET | DOUBLE | CHANNEL | GOLD | KT_10 | 1ct | imgs:3
[23:33:34][EMERALD] [2457] ? NIV-3E6566E15858F994 | BASKET | DOUBLE | CHANNEL | GOLD | KT_10 | 1ct | imgs:3
[23:33:37][EMERALD] [2458] ? NIV-3E6566E15858F994 | BASKET | DOUBLE | CHANNEL | GOLD | KT_10 | 1ct | imgs:3
[23:33:39][EMERALD] [2459] ? NIV-5E2C72B1021F8475 | BASKET | DOUBLE | CHANNEL | GOLD | KT_10 | 1ct | imgs:3
[23:33:43][EMERALD] [2460] ? NIV-5E2C72B1021F8475 | BASKET | DOUBLE | CHANNEL | GOLD | KT_10 | 1ct | imgs:3
[23:33:46][EMERALD] [2461] ? NIV-5E2C72B1021F8475 | BASKET | DOUBLE | CHANNEL | GOLD | KT_10 | 1ct | imgs:3
[23:33:48][EMERALD] [2462] ? NIV-B6C12105412F092C | BASKET | DOUBLE | CHANNEL | GOLD | KT_10 | 1ct | imgs:3
[23:33:52][EMERALD] [2463] ? NIV-B6C12105412F092C | BASKET | DOUBLE | CHANNEL | GOLD | KT_10 | 1ct | imgs:3
[23:33:57][EMERALD] [2464] ? NIV-B6C12105412F092C | BASKET | DOUBLE | CHANNEL | GOLD | KT_10 | 1ct | imgs:3
[23:34:00][EMERALD] [2465] ? NIV-CFEDF0243363AB29 | BASKET | DOUBLE | CHANNEL | GOLD | KT_14 | 1ct | imgs:3
[23:34:04][EMERALD] [2466] ? NIV-CFEDF0243363AB29 | BASKET | DOUBLE | CHANNEL | GOLD | KT_14 | 1ct | imgs:3
[23:34:07][EMERALD] [2467] ? NIV-CFEDF0243363AB29 | BASKET | DOUBLE | CHANNEL | GOLD | KT_14 | 1ct | imgs:3
[23:34:09][EMERALD] [2468] ? NIV-826AB88203889BC9 | BASKET | DOUBLE | CHANNEL | GOLD | KT_14 | 1ct | imgs:3
[23:34:13][EMERALD] [2469] ? NIV-826AB88203889BC9 | BASKET | DOUBLE | CHANNEL | GOLD | KT_14 | 1ct | imgs:3
[23:34:16][EMERALD] [2470] ? NIV-826AB88203889BC9 | BASKET | DOUBLE | CHANNEL | GOLD | KT_14 | 1ct | imgs:3
[23:34:18][EMERALD] [2471] ? NIV-FBCCB66AE461826F | BASKET | DOUBLE | CHANNEL | GOLD | KT_14 | 1ct | imgs:3
[23:34:22][EMERALD] [2472] ? NIV-FBCCB66AE461826F | BASKET | DOUBLE | CHANNEL | GOLD | KT_14 | 1ct | imgs:3
[23:34:25][EMERALD] [2473] ? NIV-FBCCB66AE461826F | BASKET | DOUBLE | CHANNEL | GOLD | KT_14 | 1ct | imgs:3
[23:34:28][EMERALD] [2474] ? NIV-212C30BDCE503BFB | BASKET | DOUBLE | CHANNEL | GOLD | KT_18 | 1ct | imgs:3
[23:34:33][EMERALD] [2475] ? NIV-212C30BDCE503BFB | BASKET | DOUBLE | CHANNEL | GOLD | KT_18 | 1ct | imgs:3
[23:34:37][EMERALD] [2476] ? NIV-212C30BDCE503BFB | BASKET | DOUBLE | CHANNEL | GOLD | KT_18 | 1ct | imgs:3
[23:34:39][EMERALD] [2477] ? NIV-D341397942DB6ECF | BASKET | DOUBLE | CHANNEL | GOLD | KT_18 | 1ct | imgs:3
[23:34:43][EMERALD] [2478] ? NIV-D341397942DB6ECF | BASKET | DOUBLE | CHANNEL | GOLD | KT_18 | 1ct | imgs:3
[23:34:48][EMERALD] [2479] ? NIV-D341397942DB6ECF | BASKET | DOUBLE | CHANNEL | GOLD | KT_18 | 1ct | imgs:3
[23:34:51][EMERALD] [2480] ? NIV-3FD60824C6CC280B | BASKET | DOUBLE | CHANNEL | GOLD | KT_18 | 1ct | imgs:3
[23:34:55][EMERALD] [2481] ? NIV-3FD60824C6CC280B | BASKET | DOUBLE | CHANNEL | GOLD | KT_18 | 1ct | imgs:3
[23:35:01][EMERALD] [2482] ? NIV-3FD60824C6CC280B | BASKET | DOUBLE | CHANNEL | GOLD | KT_18 | 1ct | imgs:3
[23:35:04][EMERALD] [2483] ? NIV-0E616B037BBD27A6 | BASKET | DOUBLE | CHANNEL | PLATINUM | PT_950 | 1ct | imgs:3
[23:35:12][EMERALD] [2484] ? NIV-61D47130A085F566 | BASKET | DOUBLE | PRONG | GOLD | KT_10 | 1ct | imgs:3
[23:35:18][EMERALD] [2485] ? NIV-61D47130A085F566 | BASKET | DOUBLE | PRONG | GOLD | KT_10 | 1ct | imgs:3
[23:35:22][EMERALD] [2486] ? NIV-61D47130A085F566 | BASKET | DOUBLE | PRONG | GOLD | KT_10 | 1ct | imgs:3
[23:35:24][EMERALD] [2487] ? NIV-FAE6E4DE7ADFF392 | BASKET | DOUBLE | PRONG | GOLD | KT_10 | 1ct | imgs:3
[23:35:28][EMERALD] [2488] ? NIV-FAE6E4DE7ADFF392 | BASKET | DOUBLE | PRONG | GOLD | KT_10 | 1ct | imgs:3
[23:35:31][EMERALD] [2489] ? NIV-FAE6E4DE7ADFF392 | BASKET | DOUBLE | PRONG | GOLD | KT_10 | 1ct | imgs:3
[23:35:33][EMERALD] [2490] ? NIV-588AD83AC1A8FA39 | BASKET | DOUBLE | PRONG | GOLD | KT_10 | 1ct | imgs:3
[23:35:37][EMERALD] [2491] ? NIV-588AD83AC1A8FA39 | BASKET | DOUBLE | PRONG | GOLD | KT_10 | 1ct | imgs:3
[23:35:42][EMERALD] [2492] ? NIV-588AD83AC1A8FA39 | BASKET | DOUBLE | PRONG | GOLD | KT_10 | 1ct | imgs:3
[23:35:45][EMERALD] [2493] ? NIV-83CCD1141F542E8E | BASKET | DOUBLE | PRONG | GOLD | KT_14 | 1ct | imgs:3
[23:35:49][EMERALD] [2494] ? NIV-83CCD1141F542E8E | BASKET | DOUBLE | PRONG | GOLD | KT_14 | 1ct | imgs:3
[23:35:52][EMERALD] [2495] ? NIV-83CCD1141F542E8E | BASKET | DOUBLE | PRONG | GOLD | KT_14 | 1ct | imgs:3
[23:35:55][EMERALD] [2496] ? NIV-0DCA8489D50446E5 | BASKET | DOUBLE | PRONG | GOLD | KT_14 | 1ct | imgs:3
[23:35:58][EMERALD] [2497] ? NIV-0DCA8489D50446E5 | BASKET | DOUBLE | PRONG | GOLD | KT_14 | 1ct | imgs:3
[23:36:03][EMERALD] [2498] ? NIV-0DCA8489D50446E5 | BASKET | DOUBLE | PRONG | GOLD | KT_14 | 1ct | imgs:3
[23:36:06][EMERALD] [2499] ? NIV-81F3D9C180E9AD27 | BASKET | DOUBLE | PRONG | GOLD | KT_14 | 1ct | imgs:3
[23:36:10][EMERALD] [2500] ? NIV-81F3D9C180E9AD27 | BASKET | DOUBLE | PRONG | GOLD | KT_14 | 1ct | imgs:3
[23:36:15][EMERALD] [2501] ? NIV-81F3D9C180E9AD27 | BASKET | DOUBLE | PRONG | GOLD | KT_14 | 1ct | imgs:3
[23:36:19][EMERALD] [2502] ? NIV-4A4752AA30560EA1 | BASKET | DOUBLE | PRONG | GOLD | KT_18 | 1ct | imgs:3
[23:36:24][EMERALD] [2503] ? NIV-4A4752AA30560EA1 | BASKET | DOUBLE | PRONG | GOLD | KT_18 | 1ct | imgs:3
[23:36:28][EMERALD] [2504] ? NIV-4A4752AA30560EA1 | BASKET | DOUBLE | PRONG | GOLD | KT_18 | 1ct | imgs:3
[23:36:30][EMERALD] [2505] ? NIV-B9E7FE3CE24828E9 | BASKET | DOUBLE | PRONG | GOLD | KT_18 | 1ct | imgs:3
[23:36:34][EMERALD] [2506] ? NIV-B9E7FE3CE24828E9 | BASKET | DOUBLE | PRONG | GOLD | KT_18 | 1ct | imgs:3
[23:36:39][EMERALD] [2507] ? NIV-B9E7FE3CE24828E9 | BASKET | DOUBLE | PRONG | GOLD | KT_18 | 1ct | imgs:3
[23:36:43][EMERALD] [2508] ? NIV-37BAE220103EA922 | BASKET | DOUBLE | PRONG | GOLD | KT_18 | 1ct | imgs:3
[23:36:46][EMERALD] [2509] ? NIV-37BAE220103EA922 | BASKET | DOUBLE | PRONG | GOLD | KT_18 | 1ct | imgs:3
[23:36:52][EMERALD] [2510] ? NIV-37BAE220103EA922 | BASKET | DOUBLE | PRONG | GOLD | KT_18 | 1ct | imgs:3
[23:36:55][EMERALD] [2511] ? NIV-7A026D2020DED81F | BASKET | DOUBLE | PRONG | PLATINUM | PT_950 | 1ct | imgs:3
[23:37:01][EMERALD] [2512] ? NIV-B06EA4C10F8C0FBE | BASKET | DOUBLE | PRONG | GOLD | KT_10 | 1ct | imgs:3
[23:37:04][EMERALD] [2513] ? NIV-B06EA4C10F8C0FBE | BASKET | DOUBLE | PRONG | GOLD | KT_10 | 1ct | imgs:3
[23:37:09][EMERALD] [2514] ? NIV-B06EA4C10F8C0FBE | BASKET | DOUBLE | PRONG | GOLD | KT_10 | 1ct | imgs:3
[23:37:12][EMERALD] [2515] ? NIV-D0FDAB568C3B42E0 | BASKET | DOUBLE | PRONG | GOLD | KT_10 | 1ct | imgs:3
[23:37:16][EMERALD] [2516] ? NIV-D0FDAB568C3B42E0 | BASKET | DOUBLE | PRONG | GOLD | KT_10 | 1ct | imgs:3
[23:37:22][EMERALD] [2517] ? NIV-D0FDAB568C3B42E0 | BASKET | DOUBLE | PRONG | GOLD | KT_10 | 1ct | imgs:3
[23:37:25][EMERALD] [2518] ? NIV-650C2BE646C31298 | BASKET | DOUBLE | PRONG | GOLD | KT_10 | 1ct | imgs:3
[23:37:28][EMERALD] [2519] ? NIV-650C2BE646C31298 | BASKET | DOUBLE | PRONG | GOLD | KT_10 | 1ct | imgs:3
[23:37:33][EMERALD] [2520] ? NIV-650C2BE646C31298 | BASKET | DOUBLE | PRONG | GOLD | KT_10 | 1ct | imgs:3
[23:37:37][EMERALD] [2521] ? NIV-628DB3CA8037E87E | BASKET | DOUBLE | PRONG | GOLD | KT_14 | 1ct | imgs:3
[23:37:40][EMERALD] [2522] ? NIV-628DB3CA8037E87E | BASKET | DOUBLE | PRONG | GOLD | KT_14 | 1ct | imgs:3
[23:37:45][EMERALD] [2523] ? NIV-628DB3CA8037E87E | BASKET | DOUBLE | PRONG | GOLD | KT_14 | 1ct | imgs:3
[23:37:49][EMERALD] [2524] ? NIV-FD101A719AF8C401 | BASKET | DOUBLE | PRONG | GOLD | KT_14 | 1ct | imgs:3
[23:37:52][EMERALD] [2525] ? NIV-FD101A719AF8C401 | BASKET | DOUBLE | PRONG | GOLD | KT_14 | 1ct | imgs:3
[23:37:55][EMERALD] [2526] ? NIV-FD101A719AF8C401 | BASKET | DOUBLE | PRONG | GOLD | KT_14 | 1ct | imgs:3
[23:37:57][EMERALD] [2527] ? NIV-7A0588096E552DE3 | BASKET | DOUBLE | PRONG | GOLD | KT_14 | 1ct | imgs:3
[23:38:01][EMERALD] [2528] ? NIV-7A0588096E552DE3 | BASKET | DOUBLE | PRONG | GOLD | KT_14 | 1ct | imgs:3
[23:38:04][EMERALD] [2529] ? NIV-7A0588096E552DE3 | BASKET | DOUBLE | PRONG | GOLD | KT_14 | 1ct | imgs:3
[23:38:09][EMERALD] [2530] ? NIV-5A27BA82E5BBC399 | BASKET | DOUBLE | PRONG | GOLD | KT_18 | 1ct | imgs:3
[23:38:13][EMERALD] [2531] ? NIV-5A27BA82E5BBC399 | BASKET | DOUBLE | PRONG | GOLD | KT_18 | 1ct | imgs:3
[23:38:18][EMERALD] [2532] ? NIV-5A27BA82E5BBC399 | BASKET | DOUBLE | PRONG | GOLD | KT_18 | 1ct | imgs:3
[23:38:21][EMERALD] [2533] ? NIV-7AB36416122D8D39 | BASKET | DOUBLE | PRONG | GOLD | KT_18 | 1ct | imgs:3
[23:38:25][EMERALD] [2534] ? NIV-7AB36416122D8D39 | BASKET | DOUBLE | PRONG | GOLD | KT_18 | 1ct | imgs:3
[23:38:28][EMERALD] [2535] ? NIV-7AB36416122D8D39 | BASKET | DOUBLE | PRONG | GOLD | KT_18 | 1ct | imgs:3
[23:38:31][EMERALD] [2536] ? NIV-D6AE5A67F98BBDD8 | BASKET | DOUBLE | PRONG | GOLD | KT_18 | 1ct | imgs:3
[23:38:34][EMERALD] [2537] ? NIV-D6AE5A67F98BBDD8 | BASKET | DOUBLE | PRONG | GOLD | KT_18 | 1ct | imgs:3
[23:38:37][EMERALD] [2538] ? NIV-D6AE5A67F98BBDD8 | BASKET | DOUBLE | PRONG | GOLD | KT_18 | 1ct | imgs:3
[23:38:40][EMERALD] [2539] ? NIV-255D65B475C7F10C | BASKET | DOUBLE | PRONG | PLATINUM | PT_950 | 1ct | imgs:3
[23:38:45][EMERALD] [2540] ? NIV-EB6C66FBDD9E6AB2 | BASKET | DOUBLE | PRONG | GOLD | KT_10 | 1ct | imgs:3
[23:38:49][EMERALD] [2541] ? NIV-EB6C66FBDD9E6AB2 | BASKET | DOUBLE | PRONG | GOLD | KT_10 | 1ct | imgs:3
[23:38:52][EMERALD] [2542] ? NIV-EB6C66FBDD9E6AB2 | BASKET | DOUBLE | PRONG | GOLD | KT_10 | 1ct | imgs:3
[23:38:54][EMERALD] [2543] ? NIV-670342A76CC48BD7 | BASKET | DOUBLE | PRONG | GOLD | KT_10 | 1ct | imgs:3
[23:38:58][EMERALD] [2544] ? NIV-670342A76CC48BD7 | BASKET | DOUBLE | PRONG | GOLD | KT_10 | 1ct | imgs:3
[23:39:01][EMERALD] [2545] ? NIV-670342A76CC48BD7 | BASKET | DOUBLE | PRONG | GOLD | KT_10 | 1ct | imgs:3
[23:39:03][EMERALD] [2546] ? NIV-84ADD498AE47D49B | BASKET | DOUBLE | PRONG | GOLD | KT_10 | 1ct | imgs:3
[23:39:07][EMERALD] [2547] ? NIV-84ADD498AE47D49B | BASKET | DOUBLE | PRONG | GOLD | KT_10 | 1ct | imgs:3
[23:39:13][EMERALD] [2548] ? NIV-84ADD498AE47D49B | BASKET | DOUBLE | PRONG | GOLD | KT_10 | 1ct | imgs:3
[23:39:19][EMERALD] [2549] ? NIV-7CE0CE11820112FF | BASKET | DOUBLE | PRONG | GOLD | KT_14 | 1ct | imgs:3
[23:39:22][EMERALD] [2550] ? NIV-7CE0CE11820112FF | BASKET | DOUBLE | PRONG | GOLD | KT_14 | 1ct | imgs:3
[23:39:27][EMERALD] [2551] ? NIV-7CE0CE11820112FF | BASKET | DOUBLE | PRONG | GOLD | KT_14 | 1ct | imgs:3
[23:39:30][EMERALD] [2552] ? NIV-EED231AEF4516B90 | BASKET | DOUBLE | PRONG | GOLD | KT_14 | 1ct | imgs:3
[23:39:34][EMERALD] [2553] ? NIV-EED231AEF4516B90 | BASKET | DOUBLE | PRONG | GOLD | KT_14 | 1ct | imgs:3
[23:39:37][EMERALD] [2554] ? NIV-EED231AEF4516B90 | BASKET | DOUBLE | PRONG | GOLD | KT_14 | 1ct | imgs:3
[23:39:39][EMERALD] [2555] ? NIV-E90848491B849617 | BASKET | DOUBLE | PRONG | GOLD | KT_14 | 1ct | imgs:3
[23:39:43][EMERALD] [2556] ? NIV-E90848491B849617 | BASKET | DOUBLE | PRONG | GOLD | KT_14 | 1ct | imgs:3
[23:39:48][EMERALD] [2557] ? NIV-E90848491B849617 | BASKET | DOUBLE | PRONG | GOLD | KT_14 | 1ct | imgs:3
[23:39:52][EMERALD] [2558] ? NIV-0462700F4048916C | BASKET | DOUBLE | PRONG | GOLD | KT_18 | 1ct | imgs:3
[23:39:57][EMERALD] [2559] ? NIV-0462700F4048916C | BASKET | DOUBLE | PRONG | GOLD | KT_18 | 1ct | imgs:3
[23:40:01][EMERALD] [2560] ? NIV-0462700F4048916C | BASKET | DOUBLE | PRONG | GOLD | KT_18 | 1ct | imgs:3
[23:40:03][EMERALD] [2561] ? NIV-9A019EF59F506CC0 | BASKET | DOUBLE | PRONG | GOLD | KT_18 | 1ct | imgs:3
[23:40:07][EMERALD] [2562] ? NIV-9A019EF59F506CC0 | BASKET | DOUBLE | PRONG | GOLD | KT_18 | 1ct | imgs:3
[23:40:10][EMERALD] [2563] ? NIV-9A019EF59F506CC0 | BASKET | DOUBLE | PRONG | GOLD | KT_18 | 1ct | imgs:3
[23:40:12][EMERALD] [2564] ? NIV-60F7EFB6AAB1710F | BASKET | DOUBLE | PRONG | GOLD | KT_18 | 1ct | imgs:3
[23:40:16][EMERALD] [2565] ? NIV-60F7EFB6AAB1710F | BASKET | DOUBLE | PRONG | GOLD | KT_18 | 1ct | imgs:3
[23:40:19][EMERALD] [2566] ? NIV-60F7EFB6AAB1710F | BASKET | DOUBLE | PRONG | GOLD | KT_18 | 1ct | imgs:3
[23:40:21][EMERALD] [2567] ? NIV-FF4BB16AB2E8139E | BASKET | DOUBLE | PRONG | PLATINUM | PT_950 | 1ct | imgs:3
[23:40:27][EMERALD] [2568] ? NIV-681534E4148A1370 | BASKET | DOUBLE | PRONG | GOLD | KT_10 | 1ct | imgs:3
[23:40:31][EMERALD] [2569] ? NIV-681534E4148A1370 | BASKET | DOUBLE | PRONG | GOLD | KT_10 | 1ct | imgs:3
[23:40:36][EMERALD] [2570] ? NIV-681534E4148A1370 | BASKET | DOUBLE | PRONG | GOLD | KT_10 | 1ct | imgs:3
[23:40:39][EMERALD] [2571] ? NIV-6120C760A9F214EA | BASKET | DOUBLE | PRONG | GOLD | KT_10 | 1ct | imgs:3
[23:40:43][EMERALD] [2572] ? NIV-6120C760A9F214EA | BASKET | DOUBLE | PRONG | GOLD | KT_10 | 1ct | imgs:3
[23:40:46][EMERALD] [2573] ? NIV-6120C760A9F214EA | BASKET | DOUBLE | PRONG | GOLD | KT_10 | 1ct | imgs:3
[23:40:49][EMERALD] [2574] ? NIV-CC6ED8AC1E861517 | BASKET | DOUBLE | PRONG | GOLD | KT_10 | 1ct | imgs:3
[23:40:54][EMERALD] [2575] ? NIV-CC6ED8AC1E861517 | BASKET | DOUBLE | PRONG | GOLD | KT_10 | 1ct | imgs:3
[23:40:58][EMERALD] [2576] ? NIV-CC6ED8AC1E861517 | BASKET | DOUBLE | PRONG | GOLD | KT_10 | 1ct | imgs:3
[23:41:03][EMERALD] [2577] ? NIV-91BA85B2AB5AC840 | BASKET | DOUBLE | PRONG | GOLD | KT_14 | 1ct | imgs:1
[23:41:07][EMERALD] [2578] ? NIV-91BA85B2AB5AC840 | BASKET | DOUBLE | PRONG | GOLD | KT_14 | 1ct | imgs:3
[23:41:10][EMERALD] [2579] ? NIV-91BA85B2AB5AC840 | BASKET | DOUBLE | PRONG | GOLD | KT_14 | 1ct | imgs:3
[23:41:12][EMERALD] [2580] ? NIV-AE94D0D3E18E3903 | BASKET | DOUBLE | PRONG | GOLD | KT_14 | 1ct | imgs:3
[23:41:16][EMERALD] [2581] ? NIV-AE94D0D3E18E3903 | BASKET | DOUBLE | PRONG | GOLD | KT_14 | 1ct | imgs:3
[23:41:21][EMERALD] [2582] ? NIV-AE94D0D3E18E3903 | BASKET | DOUBLE | PRONG | GOLD | KT_14 | 1ct | imgs:3
[23:41:24][EMERALD] [2583] ? NIV-9061AEABA8C30383 | BASKET | DOUBLE | PRONG | GOLD | KT_14 | 1ct | imgs:3
[23:41:28][EMERALD] [2584] ? NIV-9061AEABA8C30383 | BASKET | DOUBLE | PRONG | GOLD | KT_14 | 1ct | imgs:3
[23:41:34][EMERALD] [2585] ? NIV-9061AEABA8C30383 | BASKET | DOUBLE | PRONG | GOLD | KT_14 | 1ct | imgs:3
[23:41:39][EMERALD] [2586] ? NIV-2F708A7CDF2EC3FF | BASKET | DOUBLE | PRONG | GOLD | KT_18 | 1ct | imgs:3
[23:41:43][EMERALD] [2587] ? NIV-2F708A7CDF2EC3FF | BASKET | DOUBLE | PRONG | GOLD | KT_18 | 1ct | imgs:3
[23:41:48][EMERALD] [2588] ? NIV-2F708A7CDF2EC3FF | BASKET | DOUBLE | PRONG | GOLD | KT_18 | 1ct | imgs:3
[23:41:51][EMERALD] [2589] ? NIV-5134835BE0E0E055 | BASKET | DOUBLE | PRONG | GOLD | KT_18 | 1ct | imgs:3
[23:41:55][EMERALD] [2590] ? NIV-5134835BE0E0E055 | BASKET | DOUBLE | PRONG | GOLD | KT_18 | 1ct | imgs:3
[23:41:58][EMERALD] [2591] ? NIV-5134835BE0E0E055 | BASKET | DOUBLE | PRONG | GOLD | KT_18 | 1ct | imgs:3
[23:42:00][EMERALD] [2592] ? NIV-F32533EA38495EE3 | BASKET | DOUBLE | PRONG | GOLD | KT_18 | 1ct | imgs:3
[23:42:04][EMERALD] [2593] ? NIV-F32533EA38495EE3 | BASKET | DOUBLE | PRONG | GOLD | KT_18 | 1ct | imgs:3
[23:42:09][EMERALD] [2594] ? NIV-F32533EA38495EE3 | BASKET | DOUBLE | PRONG | GOLD | KT_18 | 1ct | imgs:3
[23:42:12][EMERALD] [2595] ? NIV-B4489B31011BC857 | BASKET | DOUBLE | PRONG | PLATINUM | PT_950 | 1ct | imgs:3
[23:42:18][EMERALD] [2596] ? NIV-4DF4EB329F6662F8 | BASKET | DOUBLE | PRONG | GOLD | KT_10 | 1ct | imgs:3
[23:42:22][EMERALD] [2597] ? NIV-4DF4EB329F6662F8 | BASKET | DOUBLE | PRONG | GOLD | KT_10 | 1ct | imgs:3
[23:42:25][EMERALD] [2598] ? NIV-4DF4EB329F6662F8 | BASKET | DOUBLE | PRONG | GOLD | KT_10 | 1ct | imgs:3
[23:42:27][EMERALD] [2599] ? NIV-A30A63E57D0FDCF3 | BASKET | DOUBLE | PRONG | GOLD | KT_10 | 1ct | imgs:3
[23:42:31][EMERALD] [2600] ? NIV-A30A63E57D0FDCF3 | BASKET | DOUBLE | PRONG | GOLD | KT_10 | 1ct | imgs:3
[23:42:34][EMERALD] [2601] ? NIV-A30A63E57D0FDCF3 | BASKET | DOUBLE | PRONG | GOLD | KT_10 | 1ct | imgs:3
[23:42:44][EMERALD] [2602] ??  NIV-A30A63E57D0FDCF3 | BASKET | DOUBLE | PRONG | GOLD | KT_10 | 1ct | imgs:0
[23:42:56][EMERALD] [2603] ??  NIV-A30A63E57D0FDCF3 | BASKET | DOUBLE | PRONG | GOLD | KT_10 | 1ct | imgs:0
[23:43:02][EMERALD] [2604] ? NIV-E77CB68172AE39AE | BASKET | DOUBLE | PRONG | GOLD | KT_10 | 1ct | imgs:3
[23:43:06][EMERALD] [2605] ? NIV-BF78B78572E73084 | BASKET | DOUBLE | PRONG | GOLD | KT_14 | 1ct | imgs:3
[23:43:10][EMERALD] [2606] ? NIV-BF78B78572E73084 | BASKET | DOUBLE | PRONG | GOLD | KT_14 | 1ct | imgs:3
[23:43:13][EMERALD] [2607] ? NIV-BF78B78572E73084 | BASKET | DOUBLE | PRONG | GOLD | KT_14 | 1ct | imgs:3
[23:43:15][EMERALD] [2608] ? NIV-F0C44B90A543EBC5 | BASKET | DOUBLE | PRONG | GOLD | KT_14 | 1ct | imgs:3
[23:43:19][EMERALD] [2609] ? NIV-F0C44B90A543EBC5 | BASKET | DOUBLE | PRONG | GOLD | KT_14 | 1ct | imgs:3
[23:43:22][EMERALD] [2610] ? NIV-F0C44B90A543EBC5 | BASKET | DOUBLE | PRONG | GOLD | KT_14 | 1ct | imgs:3
[23:43:25][EMERALD] [2611] ? NIV-8319BCFF9BFD1E77 | BASKET | DOUBLE | PRONG | GOLD | KT_14 | 1ct | imgs:3
[23:43:28][EMERALD] [2612] ? NIV-8319BCFF9BFD1E77 | BASKET | DOUBLE | PRONG | GOLD | KT_14 | 1ct | imgs:3
[23:43:31][EMERALD] [2613] ? NIV-8319BCFF9BFD1E77 | BASKET | DOUBLE | PRONG | GOLD | KT_14 | 1ct | imgs:3
[23:43:35][EMERALD] [2614] ? NIV-915E54E6ABE89F35 | BASKET | DOUBLE | PRONG | GOLD | KT_18 | 1ct | imgs:3
[23:43:39][EMERALD] [2615] ? NIV-915E54E6ABE89F35 | BASKET | DOUBLE | PRONG | GOLD | KT_18 | 1ct | imgs:3
[23:43:43][EMERALD] [2616] ? NIV-915E54E6ABE89F35 | BASKET | DOUBLE | PRONG | GOLD | KT_18 | 1ct | imgs:3
[23:43:45][EMERALD] [2617] ? NIV-5E690F1DB5F42251 | BASKET | DOUBLE | PRONG | GOLD | KT_18 | 1ct | imgs:3
[23:43:49][EMERALD] [2618] ? NIV-5E690F1DB5F42251 | BASKET | DOUBLE | PRONG | GOLD | KT_18 | 1ct | imgs:3
[23:43:54][EMERALD] [2619] ? NIV-5E690F1DB5F42251 | BASKET | DOUBLE | PRONG | GOLD | KT_18 | 1ct | imgs:3
[23:43:58][EMERALD] [2620] ? NIV-3B6434060A5CFBD0 | BASKET | DOUBLE | PRONG | GOLD | KT_18 | 1ct | imgs:3
[23:44:01][EMERALD] [2621] ? NIV-3B6434060A5CFBD0 | BASKET | DOUBLE | PRONG | GOLD | KT_18 | 1ct | imgs:3
[23:44:06][EMERALD] [2622] ? NIV-3B6434060A5CFBD0 | BASKET | DOUBLE | PRONG | GOLD | KT_18 | 1ct | imgs:3
[23:44:09][EMERALD] [2623] ? NIV-C5AD51C834F7F460 | BASKET | DOUBLE | PRONG | PLATINUM | PT_950 | 1ct | imgs:3
[23:44:15][EMERALD] [2624] ? NIV-BF4DF804F66C6C5D | BASKET | DOUBLE | PRONG | GOLD | KT_10 | 1ct | imgs:3
[23:44:19][EMERALD] [2625] ? NIV-BF4DF804F66C6C5D | BASKET | DOUBLE | PRONG | GOLD | KT_10 | 1ct | imgs:3
[23:44:25][EMERALD] [2626] ? NIV-BF4DF804F66C6C5D | BASKET | DOUBLE | PRONG | GOLD | KT_10 | 1ct | imgs:3
[23:44:27][EMERALD] [2627] ? NIV-333624E69A58AE9B | BASKET | DOUBLE | PRONG | GOLD | KT_10 | 1ct | imgs:3
[23:44:31][EMERALD] [2628] ? NIV-333624E69A58AE9B | BASKET | DOUBLE | PRONG | GOLD | KT_10 | 1ct | imgs:3
[23:44:34][EMERALD] [2629] ? NIV-333624E69A58AE9B | BASKET | DOUBLE | PRONG | GOLD | KT_10 | 1ct | imgs:3
[23:44:36][EMERALD] [2630] ? NIV-8AD36EFD2B8ABFA8 | BASKET | DOUBLE | PRONG | GOLD | KT_10 | 1ct | imgs:3
[23:44:40][EMERALD] [2631] ? NIV-8AD36EFD2B8ABFA8 | BASKET | DOUBLE | PRONG | GOLD | KT_10 | 1ct | imgs:3
[23:44:43][EMERALD] [2632] ? NIV-8AD36EFD2B8ABFA8 | BASKET | DOUBLE | PRONG | GOLD | KT_10 | 1ct | imgs:3
[23:44:48][EMERALD] [2633] ? NIV-A8AB10BFAEAE9E46 | BASKET | DOUBLE | PRONG | GOLD | KT_14 | 1ct | imgs:3
[23:44:52][EMERALD] [2634] ? NIV-A8AB10BFAEAE9E46 | BASKET | DOUBLE | PRONG | GOLD | KT_14 | 1ct | imgs:3
[23:44:57][EMERALD] [2635] ? NIV-A8AB10BFAEAE9E46 | BASKET | DOUBLE | PRONG | GOLD | KT_14 | 1ct | imgs:3
[23:45:00][EMERALD] [2636] ? NIV-CC90D0AD348CDBCA | BASKET | DOUBLE | PRONG | GOLD | KT_14 | 1ct | imgs:3
[23:45:04][EMERALD] [2637] ? NIV-CC90D0AD348CDBCA | BASKET | DOUBLE | PRONG | GOLD | KT_14 | 1ct | imgs:3
[23:45:07][EMERALD] [2638] ? NIV-CC90D0AD348CDBCA | BASKET | DOUBLE | PRONG | GOLD | KT_14 | 1ct | imgs:3
[23:45:09][EMERALD] [2639] ? NIV-F818958737D0EA2B | BASKET | DOUBLE | PRONG | GOLD | KT_14 | 1ct | imgs:3
[23:45:13][EMERALD] [2640] ? NIV-F818958737D0EA2B | BASKET | DOUBLE | PRONG | GOLD | KT_14 | 1ct | imgs:3
[23:45:18][EMERALD] [2641] ? NIV-F818958737D0EA2B | BASKET | DOUBLE | PRONG | GOLD | KT_14 | 1ct | imgs:3
[23:45:21][EMERALD] [2642] ? NIV-361292EAFA89223D | BASKET | DOUBLE | PRONG | GOLD | KT_18 | 1ct | imgs:3
[23:45:25][EMERALD] [2643] ? NIV-361292EAFA89223D | BASKET | DOUBLE | PRONG | GOLD | KT_18 | 1ct | imgs:3
[23:45:30][EMERALD] [2644] ? NIV-361292EAFA89223D | BASKET | DOUBLE | PRONG | GOLD | KT_18 | 1ct | imgs:3
[23:45:33][EMERALD] [2645] ? NIV-6343825E4AEEF817 | BASKET | DOUBLE | PRONG | GOLD | KT_18 | 1ct | imgs:3
[23:45:37][EMERALD] [2646] ? NIV-6343825E4AEEF817 | BASKET | DOUBLE | PRONG | GOLD | KT_18 | 1ct | imgs:3
[23:45:40][EMERALD] [2647] ? NIV-6343825E4AEEF817 | BASKET | DOUBLE | PRONG | GOLD | KT_18 | 1ct | imgs:3
[23:45:42][EMERALD] [2648] ? NIV-C2FAB8CEED31CF62 | BASKET | DOUBLE | PRONG | GOLD | KT_18 | 1ct | imgs:3
[23:45:46][EMERALD] [2649] ? NIV-C2FAB8CEED31CF62 | BASKET | DOUBLE | PRONG | GOLD | KT_18 | 1ct | imgs:3
[23:45:51][EMERALD] [2650] ? NIV-C2FAB8CEED31CF62 | BASKET | DOUBLE | PRONG | GOLD | KT_18 | 1ct | imgs:3
[23:45:54][EMERALD] [2651] ? NIV-970BB65ECF4A9356 | BASKET | DOUBLE | PRONG | PLATINUM | PT_950 | 1ct | imgs:3
[23:46:04][EMERALD] [2652] ? NIV-6BCECC34BA012629 | BASKET | DOUBLE | PRONG | GOLD | KT_10 | 1ct | imgs:3
[23:46:07][EMERALD] [2653] ? NIV-6BCECC34BA012629 | BASKET | DOUBLE | PRONG | GOLD | KT_10 | 1ct | imgs:3
[23:46:12][EMERALD] [2654] ? NIV-6BCECC34BA012629 | BASKET | DOUBLE | PRONG | GOLD | KT_10 | 1ct | imgs:3
[23:46:15][EMERALD] [2655] ? NIV-D8538AEA112C89BC | BASKET | DOUBLE | PRONG | GOLD | KT_10 | 1ct | imgs:2
[23:46:19][EMERALD] [2656] ? NIV-D8538AEA112C89BC | BASKET | DOUBLE | PRONG | GOLD | KT_10 | 1ct | imgs:3
[23:46:24][EMERALD] [2657] ? NIV-D8538AEA112C89BC | BASKET | DOUBLE | PRONG | GOLD | KT_10 | 1ct | imgs:3
[23:46:27][EMERALD] [2658] ? NIV-5739388D4DD90BA5 | BASKET | DOUBLE | PRONG | GOLD | KT_10 | 1ct | imgs:3
[23:46:31][EMERALD] [2659] ? NIV-5739388D4DD90BA5 | BASKET | DOUBLE | PRONG | GOLD | KT_10 | 1ct | imgs:3
[23:46:36][EMERALD] [2660] ? NIV-5739388D4DD90BA5 | BASKET | DOUBLE | PRONG | GOLD | KT_10 | 1ct | imgs:3
[23:46:40][EMERALD] [2661] ? NIV-8ADC829A40ECE7F1 | BASKET | DOUBLE | PRONG | GOLD | KT_14 | 1ct | imgs:3
[23:46:43][EMERALD] [2662] ? NIV-8ADC829A40ECE7F1 | BASKET | DOUBLE | PRONG | GOLD | KT_14 | 1ct | imgs:3
[23:46:48][EMERALD] [2663] ? NIV-8ADC829A40ECE7F1 | BASKET | DOUBLE | PRONG | GOLD | KT_14 | 1ct | imgs:3
[23:46:51][EMERALD] [2664] ? NIV-FE8229B5834ED9D8 | BASKET | DOUBLE | PRONG | GOLD | KT_14 | 1ct | imgs:3
[23:46:55][EMERALD] [2665] ? NIV-FE8229B5834ED9D8 | BASKET | DOUBLE | PRONG | GOLD | KT_14 | 1ct | imgs:3
[23:46:58][EMERALD] [2666] ? NIV-FE8229B5834ED9D8 | BASKET | DOUBLE | PRONG | GOLD | KT_14 | 1ct | imgs:3
[23:47:00][EMERALD] [2667] ? NIV-7163F80342884218 | BASKET | DOUBLE | PRONG | GOLD | KT_14 | 1ct | imgs:3
[23:47:04][EMERALD] [2668] ? NIV-7163F80342884218 | BASKET | DOUBLE | PRONG | GOLD | KT_14 | 1ct | imgs:3
[23:47:09][EMERALD] [2669] ? NIV-7163F80342884218 | BASKET | DOUBLE | PRONG | GOLD | KT_14 | 1ct | imgs:3
[23:47:13][EMERALD] [2670] ? NIV-8E944C6C6E5797A7 | BASKET | DOUBLE | PRONG | GOLD | KT_18 | 1ct | imgs:2
[23:47:18][EMERALD] [2671] ? NIV-8E944C6C6E5797A7 | BASKET | DOUBLE | PRONG | GOLD | KT_18 | 1ct | imgs:3
[23:47:22][EMERALD] [2672] ? NIV-8E944C6C6E5797A7 | BASKET | DOUBLE | PRONG | GOLD | KT_18 | 1ct | imgs:3
[23:47:25][EMERALD] [2673] ? NIV-9DEF98BD1D54187B | BASKET | DOUBLE | PRONG | GOLD | KT_18 | 1ct | imgs:3
[23:47:28][EMERALD] [2674] ? NIV-9DEF98BD1D54187B | BASKET | DOUBLE | PRONG | GOLD | KT_18 | 1ct | imgs:3
[23:47:34][EMERALD] [2675] ? NIV-9DEF98BD1D54187B | BASKET | DOUBLE | PRONG | GOLD | KT_18 | 1ct | imgs:3
[23:47:36][EMERALD] [2676] ? NIV-23B56097B063C93A | BASKET | DOUBLE | PRONG | GOLD | KT_18 | 1ct | imgs:3
[23:47:42][EMERALD] [2677] ? NIV-23B56097B063C93A | BASKET | DOUBLE | PRONG | GOLD | KT_18 | 1ct | imgs:3
[23:47:46][EMERALD] [2678] ? NIV-23B56097B063C93A | BASKET | DOUBLE | PRONG | GOLD | KT_18 | 1ct | imgs:3
[23:47:49][EMERALD] [2679] ? NIV-A0985A18744A1388 | BASKET | DOUBLE | PRONG | PLATINUM | PT_950 | 1ct | imgs:3
[23:47:54][EMERALD] [2680] ? NIV-8CA00F21D2C006AE | BASKET | DOUBLE | PRONG | GOLD | KT_10 | 1ct | imgs:3
[23:47:58][EMERALD] [2681] ? NIV-8CA00F21D2C006AE | BASKET | DOUBLE | PRONG | GOLD | KT_10 | 1ct | imgs:3
[23:48:01][EMERALD] [2682] ? NIV-8CA00F21D2C006AE | BASKET | DOUBLE | PRONG | GOLD | KT_10 | 1ct | imgs:3
[23:48:03][EMERALD] [2683] ? NIV-D797B4E232F7CCDA | BASKET | DOUBLE | PRONG | GOLD | KT_10 | 1ct | imgs:3
[23:48:07][EMERALD] [2684] ? NIV-D797B4E232F7CCDA | BASKET | DOUBLE | PRONG | GOLD | KT_10 | 1ct | imgs:3
[23:48:10][EMERALD] [2685] ? NIV-D797B4E232F7CCDA | BASKET | DOUBLE | PRONG | GOLD | KT_10 | 1ct | imgs:3
[23:48:12][EMERALD] [2686] ? NIV-75E003BC17F82200 | BASKET | DOUBLE | PRONG | GOLD | KT_10 | 1ct | imgs:3
[23:48:16][EMERALD] [2687] ? NIV-75E003BC17F82200 | BASKET | DOUBLE | PRONG | GOLD | KT_10 | 1ct | imgs:3
[23:48:21][EMERALD] [2688] ? NIV-75E003BC17F82200 | BASKET | DOUBLE | PRONG | GOLD | KT_10 | 1ct | imgs:3
[23:48:25][EMERALD] [2689] ? NIV-3EF0B59001BE7A6D | BASKET | DOUBLE | PRONG | GOLD | KT_14 | 1ct | imgs:3
[23:48:28][EMERALD] [2690] ? NIV-3EF0B59001BE7A6D | BASKET | DOUBLE | PRONG | GOLD | KT_14 | 1ct | imgs:3
[23:48:33][EMERALD] [2691] ? NIV-3EF0B59001BE7A6D | BASKET | DOUBLE | PRONG | GOLD | KT_14 | 1ct | imgs:3
[23:48:41][EMERALD] [2692] ? NIV-381E0CD3A6958338 | BASKET | DOUBLE | PRONG | GOLD | KT_14 | 1ct | imgs:1
[23:48:45][EMERALD] [2693] ? NIV-381E0CD3A6958338 | BASKET | DOUBLE | PRONG | GOLD | KT_14 | 1ct | imgs:3
[23:48:49][EMERALD] [2694] ? NIV-381E0CD3A6958338 | BASKET | DOUBLE | PRONG | GOLD | KT_14 | 1ct | imgs:3
[23:48:51][EMERALD] [2695] ? NIV-A708440561823550 | BASKET | DOUBLE | PRONG | GOLD | KT_14 | 1ct | imgs:3
[23:48:55][EMERALD] [2696] ? NIV-A708440561823550 | BASKET | DOUBLE | PRONG | GOLD | KT_14 | 1ct | imgs:3
[23:49:01][EMERALD] [2697] ? NIV-A708440561823550 | BASKET | DOUBLE | PRONG | GOLD | KT_14 | 1ct | imgs:3
[23:49:04][EMERALD] [2698] ? NIV-1BC2106E8B883846 | BASKET | DOUBLE | PRONG | GOLD | KT_18 | 1ct | imgs:3
[23:49:10][EMERALD] [2699] ? NIV-1BC2106E8B883846 | BASKET | DOUBLE | PRONG | GOLD | KT_18 | 1ct | imgs:3
[23:49:13][EMERALD] [2700] ? NIV-1BC2106E8B883846 | BASKET | DOUBLE | PRONG | GOLD | KT_18 | 1ct | imgs:3
[23:49:15][EMERALD] [2701] ? NIV-23EA878D5F91A261 | BASKET | DOUBLE | PRONG | GOLD | KT_18 | 1ct | imgs:3
[23:49:19][EMERALD] [2702] ? NIV-23EA878D5F91A261 | BASKET | DOUBLE | PRONG | GOLD | KT_18 | 1ct | imgs:3
[23:49:22][EMERALD] [2703] ? NIV-23EA878D5F91A261 | BASKET | DOUBLE | PRONG | GOLD | KT_18 | 1ct | imgs:3
[23:49:24][EMERALD] [2704] ? NIV-B697B0211F5E6576 | BASKET | DOUBLE | PRONG | GOLD | KT_18 | 1ct | imgs:3
[23:49:28][EMERALD] [2705] ? NIV-B697B0211F5E6576 | BASKET | DOUBLE | PRONG | GOLD | KT_18 | 1ct | imgs:3
[23:49:32][EMERALD] [2706] ? NIV-B697B0211F5E6576 | BASKET | DOUBLE | PRONG | GOLD | KT_18 | 1ct | imgs:3
[23:49:34][EMERALD] [2707] ? NIV-465EAD0852AB4DD1 | BASKET | DOUBLE | PRONG | PLATINUM | PT_950 | 1ct | imgs:3
[23:49:39][EMERALD] [2708] ? NIV-5333E77E0EDDA16F | BASKET | DOUBLE | PRONG | GOLD | KT_10 | 1ct | imgs:3
[23:49:43][EMERALD] [2709] ? NIV-5333E77E0EDDA16F | BASKET | DOUBLE | PRONG | GOLD | KT_10 | 1ct | imgs:3
[23:49:46][EMERALD] [2710] ? NIV-5333E77E0EDDA16F | BASKET | DOUBLE | PRONG | GOLD | KT_10 | 1ct | imgs:3
[23:49:48][EMERALD] [2711] ? NIV-E7AAA596305FE854 | BASKET | DOUBLE | PRONG | GOLD | KT_10 | 1ct | imgs:3
[23:49:52][EMERALD] [2712] ? NIV-E7AAA596305FE854 | BASKET | DOUBLE | PRONG | GOLD | KT_10 | 1ct | imgs:3
[23:49:55][EMERALD] [2713] ? NIV-E7AAA596305FE854 | BASKET | DOUBLE | PRONG | GOLD | KT_10 | 1ct | imgs:3
[23:49:57][EMERALD] [2714] ? NIV-EBB08D3362E7FF95 | BASKET | DOUBLE | PRONG | GOLD | KT_10 | 1ct | imgs:3
[23:50:01][EMERALD] [2715] ? NIV-EBB08D3362E7FF95 | BASKET | DOUBLE | PRONG | GOLD | KT_10 | 1ct | imgs:3
[23:50:04][EMERALD] [2716] ? NIV-EBB08D3362E7FF95 | BASKET | DOUBLE | PRONG | GOLD | KT_10 | 1ct | imgs:3
[23:50:07][EMERALD] [2717] ? NIV-AE6859A5AF07FFEA | BASKET | DOUBLE | PRONG | GOLD | KT_14 | 1ct | imgs:3
[23:50:10][EMERALD] [2718] ? NIV-AE6859A5AF07FFEA | BASKET | DOUBLE | PRONG | GOLD | KT_14 | 1ct | imgs:3
[23:50:13][EMERALD] [2719] ? NIV-AE6859A5AF07FFEA | BASKET | DOUBLE | PRONG | GOLD | KT_14 | 1ct | imgs:3
[23:50:16][EMERALD] [2720] ? NIV-A6643F0798701A19 | BASKET | DOUBLE | PRONG | GOLD | KT_14 | 1ct | imgs:3
[23:50:21][EMERALD] [2721] ? NIV-A6643F0798701A19 | BASKET | DOUBLE | PRONG | GOLD | KT_14 | 1ct | imgs:3
[23:50:25][EMERALD] [2722] ? NIV-A6643F0798701A19 | BASKET | DOUBLE | PRONG | GOLD | KT_14 | 1ct | imgs:3
[23:50:27][EMERALD] [2723] ? NIV-FD9D8B92BC27E182 | BASKET | DOUBLE | PRONG | GOLD | KT_14 | 1ct | imgs:3
[23:50:31][EMERALD] [2724] ? NIV-FD9D8B92BC27E182 | BASKET | DOUBLE | PRONG | GOLD | KT_14 | 1ct | imgs:3
[23:50:36][EMERALD] [2725] ? NIV-FD9D8B92BC27E182 | BASKET | DOUBLE | PRONG | GOLD | KT_14 | 1ct | imgs:3
[23:50:39][EMERALD] [2726] ? NIV-F2F1C0FBFA0AF9FF | BASKET | DOUBLE | PRONG | GOLD | KT_18 | 1ct | imgs:3
[23:50:43][EMERALD] [2727] ? NIV-F2F1C0FBFA0AF9FF | BASKET | DOUBLE | PRONG | GOLD | KT_18 | 1ct | imgs:3
[23:50:46][EMERALD] [2728] ? NIV-F2F1C0FBFA0AF9FF | BASKET | DOUBLE | PRONG | GOLD | KT_18 | 1ct | imgs:3
[23:50:48][EMERALD] [2729] ? NIV-E5F52B079D1471D1 | BASKET | DOUBLE | PRONG | GOLD | KT_18 | 1ct | imgs:3
[23:50:52][EMERALD] [2730] ? NIV-E5F52B079D1471D1 | BASKET | DOUBLE | PRONG | GOLD | KT_18 | 1ct | imgs:3
[23:50:55][EMERALD] [2731] ? NIV-E5F52B079D1471D1 | BASKET | DOUBLE | PRONG | GOLD | KT_18 | 1ct | imgs:3
[23:50:57][EMERALD] [2732] ? NIV-444F59E8A54A94C0 | BASKET | DOUBLE | PRONG | GOLD | KT_18 | 1ct | imgs:3
[23:51:03][EMERALD] [2733] ? NIV-444F59E8A54A94C0 | BASKET | DOUBLE | PRONG | GOLD | KT_18 | 1ct | imgs:3
[23:51:07][EMERALD] [2734] ? NIV-444F59E8A54A94C0 | BASKET | DOUBLE | PRONG | GOLD | KT_18 | 1ct | imgs:3
[23:51:10][EMERALD] [2735] ? NIV-8723765374B77CAB | BASKET | DOUBLE | PRONG | PLATINUM | PT_950 | 1ct | imgs:3
[23:51:16][EMERALD] [2736] ? NIV-D1553D72D40F0C3F | BASKET | DOUBLE | PRONG | GOLD | KT_10 | 1ct | imgs:3
[23:51:19][EMERALD] [2737] ? NIV-D1553D72D40F0C3F | BASKET | DOUBLE | PRONG | GOLD | KT_10 | 1ct | imgs:3
[23:51:24][EMERALD] [2738] ? NIV-D1553D72D40F0C3F | BASKET | DOUBLE | PRONG | GOLD | KT_10 | 1ct | imgs:3
[23:51:28][EMERALD] [2739] ? NIV-75CD5422EA068AD0 | BASKET | DOUBLE | PRONG | GOLD | KT_10 | 1ct | imgs:3
[23:51:31][EMERALD] [2740] ? NIV-75CD5422EA068AD0 | BASKET | DOUBLE | PRONG | GOLD | KT_10 | 1ct | imgs:3
[23:51:36][EMERALD] [2741] ? NIV-75CD5422EA068AD0 | BASKET | DOUBLE | PRONG | GOLD | KT_10 | 1ct | imgs:3
[23:51:39][EMERALD] [2742] ? NIV-741CA641786D9662 | BASKET | DOUBLE | PRONG | GOLD | KT_10 | 1ct | imgs:3
[23:51:43][EMERALD] [2743] ? NIV-741CA641786D9662 | BASKET | DOUBLE | PRONG | GOLD | KT_10 | 1ct | imgs:3
[23:51:48][EMERALD] [2744] ? NIV-741CA641786D9662 | BASKET | DOUBLE | PRONG | GOLD | KT_10 | 1ct | imgs:3
[23:51:52][EMERALD] [2745] ? NIV-6F4CD80CC371D571 | BASKET | DOUBLE | PRONG | GOLD | KT_14 | 1ct | imgs:3
[23:51:57][EMERALD] [2746] ? NIV-6F4CD80CC371D571 | BASKET | DOUBLE | PRONG | GOLD | KT_14 | 1ct | imgs:3
[23:52:01][EMERALD] [2747] ? NIV-6F4CD80CC371D571 | BASKET | DOUBLE | PRONG | GOLD | KT_14 | 1ct | imgs:3
[23:52:03][EMERALD] [2748] ? NIV-573D8C5098029F76 | BASKET | DOUBLE | PRONG | GOLD | KT_14 | 1ct | imgs:3
[23:52:10][EMERALD] [2749] ? NIV-573D8C5098029F76 | BASKET | DOUBLE | PRONG | GOLD | KT_14 | 1ct | imgs:3
[23:52:13][EMERALD] [2750] ? NIV-573D8C5098029F76 | BASKET | DOUBLE | PRONG | GOLD | KT_14 | 1ct | imgs:3
[23:52:15][EMERALD] [2751] ? NIV-8008D9BA141DDEC7 | BASKET | DOUBLE | PRONG | GOLD | KT_14 | 1ct | imgs:3
[23:52:19][EMERALD] [2752] ? NIV-8008D9BA141DDEC7 | BASKET | DOUBLE | PRONG | GOLD | KT_14 | 1ct | imgs:3
[23:52:22][EMERALD] [2753] ? NIV-8008D9BA141DDEC7 | BASKET | DOUBLE | PRONG | GOLD | KT_14 | 1ct | imgs:3
[23:52:25][EMERALD] [2754] ? NIV-7EBE644197B2C1A8 | BASKET | DOUBLE | PRONG | GOLD | KT_18 | 1ct | imgs:3
[23:52:28][EMERALD] [2755] ? NIV-7EBE644197B2C1A8 | BASKET | DOUBLE | PRONG | GOLD | KT_18 | 1ct | imgs:3
[23:52:33][EMERALD] [2756] ? NIV-7EBE644197B2C1A8 | BASKET | DOUBLE | PRONG | GOLD | KT_18 | 1ct | imgs:3
[23:52:36][EMERALD] [2757] ? NIV-D16048E0B4E72F69 | BASKET | DOUBLE | PRONG | GOLD | KT_18 | 1ct | imgs:3
[23:52:40][EMERALD] [2758] ? NIV-D16048E0B4E72F69 | BASKET | DOUBLE | PRONG | GOLD | KT_18 | 1ct | imgs:3
[23:52:43][EMERALD] [2759] ? NIV-D16048E0B4E72F69 | BASKET | DOUBLE | PRONG | GOLD | KT_18 | 1ct | imgs:3
[23:52:45][EMERALD] [2760] ? NIV-83967EDC39C4BDC7 | BASKET | DOUBLE | PRONG | GOLD | KT_18 | 1ct | imgs:3
[23:52:51][EMERALD] [2761] ? NIV-83967EDC39C4BDC7 | BASKET | DOUBLE | PRONG | GOLD | KT_18 | 1ct | imgs:3
[23:52:55][EMERALD] [2762] ? NIV-83967EDC39C4BDC7 | BASKET | DOUBLE | PRONG | GOLD | KT_18 | 1ct | imgs:3
[23:52:58][EMERALD] [2763] ? NIV-BAE95C6909ABAFEC | BASKET | DOUBLE | PRONG | PLATINUM | PT_950 | 1ct | imgs:3
[23:53:03][EMERALD] [2764] ? NIV-5CD491350C1C16B1 | BASKET | DOUBLE | PRONG | GOLD | KT_10 | 1ct | imgs:3
[23:53:07][EMERALD] [2765] ? NIV-5CD491350C1C16B1 | BASKET | DOUBLE | PRONG | GOLD | KT_10 | 1ct | imgs:3
[23:53:10][EMERALD] [2766] ? NIV-5CD491350C1C16B1 | BASKET | DOUBLE | PRONG | GOLD | KT_10 | 1ct | imgs:3
[23:53:12][EMERALD] [2767] ? NIV-B4675DB282DE1161 | BASKET | DOUBLE | PRONG | GOLD | KT_10 | 1ct | imgs:3
[23:53:16][EMERALD] [2768] ? NIV-B4675DB282DE1161 | BASKET | DOUBLE | PRONG | GOLD | KT_10 | 1ct | imgs:3
[23:53:21][EMERALD] [2769] ? NIV-B4675DB282DE1161 | BASKET | DOUBLE | PRONG | GOLD | KT_10 | 1ct | imgs:3
[23:53:24][EMERALD] [2770] ? NIV-583063F4FE814E9D | BASKET | DOUBLE | PRONG | GOLD | KT_10 | 1ct | imgs:3
[23:53:28][EMERALD] [2771] ? NIV-583063F4FE814E9D | BASKET | DOUBLE | PRONG | GOLD | KT_10 | 1ct | imgs:3
[23:53:33][EMERALD] [2772] ? NIV-583063F4FE814E9D | BASKET | DOUBLE | PRONG | GOLD | KT_10 | 1ct | imgs:3
[23:53:36][EMERALD] [2773] ? NIV-09A68E65EC63DD74 | BASKET | DOUBLE | PRONG | GOLD | KT_14 | 1ct | imgs:3
[23:53:40][EMERALD] [2774] ? NIV-09A68E65EC63DD74 | BASKET | DOUBLE | PRONG | GOLD | KT_14 | 1ct | imgs:3
[23:53:45][EMERALD] [2775] ? NIV-09A68E65EC63DD74 | BASKET | DOUBLE | PRONG | GOLD | KT_14 | 1ct | imgs:3
[23:53:48][EMERALD] [2776] ? NIV-3A1A7A560856AB1E | BASKET | DOUBLE | PRONG | GOLD | KT_14 | 1ct | imgs:3
[23:53:52][EMERALD] [2777] ? NIV-3A1A7A560856AB1E | BASKET | DOUBLE | PRONG | GOLD | KT_14 | 1ct | imgs:3
[23:53:57][EMERALD] [2778] ? NIV-3A1A7A560856AB1E | BASKET | DOUBLE | PRONG | GOLD | KT_14 | 1ct | imgs:3
[23:54:01][EMERALD] [2779] ? NIV-E7A832F43FACD659 | BASKET | DOUBLE | PRONG | GOLD | KT_14 | 1ct | imgs:3
[23:54:06][EMERALD] [2780] ? NIV-E7A832F43FACD659 | BASKET | DOUBLE | PRONG | GOLD | KT_14 | 1ct | imgs:3
[23:54:10][EMERALD] [2781] ? NIV-E7A832F43FACD659 | BASKET | DOUBLE | PRONG | GOLD | KT_14 | 1ct | imgs:3
[23:54:13][EMERALD] [2782] ? NIV-877807275267B808 | BASKET | DOUBLE | PRONG | GOLD | KT_18 | 1ct | imgs:3
[23:54:16][EMERALD] [2783] ? NIV-877807275267B808 | BASKET | DOUBLE | PRONG | GOLD | KT_18 | 1ct | imgs:3
[23:54:21][EMERALD] [2784] ? NIV-877807275267B808 | BASKET | DOUBLE | PRONG | GOLD | KT_18 | 1ct | imgs:3
[23:54:24][EMERALD] [2785] ? NIV-A9B1F90B7B2AAB1C | BASKET | DOUBLE | PRONG | GOLD | KT_18 | 1ct | imgs:3
[23:54:28][EMERALD] [2786] ? NIV-A9B1F90B7B2AAB1C | BASKET | DOUBLE | PRONG | GOLD | KT_18 | 1ct | imgs:3
[23:54:33][EMERALD] [2787] ? NIV-A9B1F90B7B2AAB1C | BASKET | DOUBLE | PRONG | GOLD | KT_18 | 1ct | imgs:3
[23:54:36][EMERALD] [2788] ? NIV-E4F753068FB07F18 | BASKET | DOUBLE | PRONG | GOLD | KT_18 | 1ct | imgs:3
[23:54:40][EMERALD] [2789] ? NIV-E4F753068FB07F18 | BASKET | DOUBLE | PRONG | GOLD | KT_18 | 1ct | imgs:3
[23:54:43][EMERALD] [2790] ? NIV-E4F753068FB07F18 | BASKET | DOUBLE | PRONG | GOLD | KT_18 | 1ct | imgs:3
[23:54:45][EMERALD] [2791] ? NIV-CD307A479CB617DC | BASKET | DOUBLE | PRONG | PLATINUM | PT_950 | 1ct | imgs:3
[23:54:49][EMERALD] [2792] ? NIV-9992D948930ACAB9 | BASKET | DOUBLE | PRONG | GOLD | KT_10 | 1ct | imgs:3
[23:54:52][EMERALD] [2793] ? NIV-9992D948930ACAB9 | BASKET | DOUBLE | PRONG | GOLD | KT_10 | 1ct | imgs:3
[23:54:57][EMERALD] [2794] ? NIV-9992D948930ACAB9 | BASKET | DOUBLE | PRONG | GOLD | KT_10 | 1ct | imgs:3
[23:55:00][EMERALD] [2795] ? NIV-82A3A2667267ADF4 | BASKET | DOUBLE | PRONG | GOLD | KT_10 | 1ct | imgs:3
[23:55:04][EMERALD] [2796] ? NIV-82A3A2667267ADF4 | BASKET | DOUBLE | PRONG | GOLD | KT_10 | 1ct | imgs:3
[23:55:09][EMERALD] [2797] ? NIV-82A3A2667267ADF4 | BASKET | DOUBLE | PRONG | GOLD | KT_10 | 1ct | imgs:3
[23:55:12][EMERALD] [2798] ? NIV-63D91AE8A1076646 | BASKET | DOUBLE | PRONG | GOLD | KT_10 | 1ct | imgs:3
[23:55:16][EMERALD] [2799] ? NIV-63D91AE8A1076646 | BASKET | DOUBLE | PRONG | GOLD | KT_10 | 1ct | imgs:3
[23:55:19][EMERALD] [2800] ? NIV-63D91AE8A1076646 | BASKET | DOUBLE | PRONG | GOLD | KT_10 | 1ct | imgs:3
[23:55:22][EMERALD] [2801] ? NIV-307CED3E31028E6D | BASKET | DOUBLE | PRONG | GOLD | KT_14 | 1ct | imgs:3
[23:55:27][EMERALD] [2802] ? NIV-307CED3E31028E6D | BASKET | DOUBLE | PRONG | GOLD | KT_14 | 1ct | imgs:3
[23:55:31][EMERALD] [2803] ? NIV-307CED3E31028E6D | BASKET | DOUBLE | PRONG | GOLD | KT_14 | 1ct | imgs:3
[23:55:33][EMERALD] [2804] ? NIV-E6E92358B90EAD0F | BASKET | DOUBLE | PRONG | GOLD | KT_14 | 1ct | imgs:3
[23:55:37][EMERALD] [2805] ? NIV-E6E92358B90EAD0F | BASKET | DOUBLE | PRONG | GOLD | KT_14 | 1ct | imgs:3
[23:55:40][EMERALD] [2806] ? NIV-E6E92358B90EAD0F | BASKET | DOUBLE | PRONG | GOLD | KT_14 | 1ct | imgs:3
[23:55:42][EMERALD] [2807] ? NIV-1687804E685C8F7B | BASKET | DOUBLE | PRONG | GOLD | KT_14 | 1ct | imgs:3
[23:55:46][EMERALD] [2808] ? NIV-1687804E685C8F7B | BASKET | DOUBLE | PRONG | GOLD | KT_14 | 1ct | imgs:3
[23:55:49][EMERALD] [2809] ? NIV-1687804E685C8F7B | BASKET | DOUBLE | PRONG | GOLD | KT_14 | 1ct | imgs:3
[23:55:51][EMERALD] [2810] ? NIV-0E8D801457C852AF | BASKET | DOUBLE | PRONG | GOLD | KT_18 | 1ct | imgs:3
[23:55:55][EMERALD] [2811] ? NIV-0E8D801457C852AF | BASKET | DOUBLE | PRONG | GOLD | KT_18 | 1ct | imgs:3
[23:56:00][EMERALD] [2812] ? NIV-0E8D801457C852AF | BASKET | DOUBLE | PRONG | GOLD | KT_18 | 1ct | imgs:3
[23:56:03][EMERALD] [2813] ? NIV-379C7347CC3FA237 | BASKET | DOUBLE | PRONG | GOLD | KT_18 | 1ct | imgs:3
[23:56:07][EMERALD] [2814] ? NIV-379C7347CC3FA237 | BASKET | DOUBLE | PRONG | GOLD | KT_18 | 1ct | imgs:3
[23:56:10][EMERALD] [2815] ? NIV-379C7347CC3FA237 | BASKET | DOUBLE | PRONG | GOLD | KT_18 | 1ct | imgs:3
[23:56:12][EMERALD] [2816] ? NIV-6F12253FD210C042 | BASKET | DOUBLE | PRONG | GOLD | KT_18 | 1ct | imgs:3
[23:56:16][EMERALD] [2817] ? NIV-6F12253FD210C042 | BASKET | DOUBLE | PRONG | GOLD | KT_18 | 1ct | imgs:3
[23:56:19][EMERALD] [2818] ? NIV-6F12253FD210C042 | BASKET | DOUBLE | PRONG | GOLD | KT_18 | 1ct | imgs:3
[23:56:21][EMERALD] [2819] ? NIV-635672110D406208 | BASKET | DOUBLE | PRONG | PLATINUM | PT_950 | 1ct | imgs:3
[23:56:27][EMERALD] [2820] ? NIV-BD3141D85EAD8E5E | BASKET | DOUBLE | PRONG | GOLD | KT_10 | 1ct | imgs:3
[23:56:31][EMERALD] [2821] ? NIV-BD3141D85EAD8E5E | BASKET | DOUBLE | PRONG | GOLD | KT_10 | 1ct | imgs:3
[23:56:36][EMERALD] [2822] ? NIV-BD3141D85EAD8E5E | BASKET | DOUBLE | PRONG | GOLD | KT_10 | 1ct | imgs:3
[23:56:39][EMERALD] [2823] ? NIV-DFAD684C5E884A98 | BASKET | DOUBLE | PRONG | GOLD | KT_10 | 1ct | imgs:3
[23:56:43][EMERALD] [2824] ? NIV-DFAD684C5E884A98 | BASKET | DOUBLE | PRONG | GOLD | KT_10 | 1ct | imgs:3
[23:56:46][EMERALD] [2825] ? NIV-DFAD684C5E884A98 | BASKET | DOUBLE | PRONG | GOLD | KT_10 | 1ct | imgs:3
[23:56:49][EMERALD] [2826] ? NIV-44609D2FA849624C | BASKET | DOUBLE | PRONG | GOLD | KT_10 | 1ct | imgs:2
[23:56:54][EMERALD] [2827] ? NIV-44609D2FA849624C | BASKET | DOUBLE | PRONG | GOLD | KT_10 | 1ct | imgs:3
[23:56:58][EMERALD] [2828] ? NIV-44609D2FA849624C | BASKET | DOUBLE | PRONG | GOLD | KT_10 | 1ct | imgs:3
[23:57:01][EMERALD] [2829] ? NIV-5918E827671B98DB | BASKET | DOUBLE | PRONG | GOLD | KT_14 | 1ct | imgs:3
[23:57:04][EMERALD] [2830] ? NIV-5918E827671B98DB | BASKET | DOUBLE | PRONG | GOLD | KT_14 | 1ct | imgs:3
[23:57:09][EMERALD] [2831] ? NIV-5918E827671B98DB | BASKET | DOUBLE | PRONG | GOLD | KT_14 | 1ct | imgs:3
[23:57:12][EMERALD] [2832] ? NIV-C370DCCAA727EB0C | BASKET | DOUBLE | PRONG | GOLD | KT_14 | 1ct | imgs:3
[23:57:16][EMERALD] [2833] ? NIV-C370DCCAA727EB0C | BASKET | DOUBLE | PRONG | GOLD | KT_14 | 1ct | imgs:3
[23:57:19][EMERALD] [2834] ? NIV-C370DCCAA727EB0C | BASKET | DOUBLE | PRONG | GOLD | KT_14 | 1ct | imgs:3
[23:57:21][EMERALD] [2835] ? NIV-77D1F0018438CB44 | BASKET | DOUBLE | PRONG | GOLD | KT_14 | 1ct | imgs:3
[23:57:25][EMERALD] [2836] ? NIV-77D1F0018438CB44 | BASKET | DOUBLE | PRONG | GOLD | KT_14 | 1ct | imgs:3
[23:57:30][EMERALD] [2837] ? NIV-77D1F0018438CB44 | BASKET | DOUBLE | PRONG | GOLD | KT_14 | 1ct | imgs:3
[23:57:33][EMERALD] [2838] ? NIV-03BE0BF1BA851E02 | BASKET | DOUBLE | PRONG | GOLD | KT_18 | 1ct | imgs:3
[23:57:37][EMERALD] [2839] ? NIV-03BE0BF1BA851E02 | BASKET | DOUBLE | PRONG | GOLD | KT_18 | 1ct | imgs:3
[23:57:42][EMERALD] [2840] ? NIV-03BE0BF1BA851E02 | BASKET | DOUBLE | PRONG | GOLD | KT_18 | 1ct | imgs:3
[23:57:46][EMERALD] [2841] ? NIV-BA862468CA48289C | BASKET | DOUBLE | PRONG | GOLD | KT_18 | 1ct | imgs:3
[23:57:49][EMERALD] [2842] ? NIV-BA862468CA48289C | BASKET | DOUBLE | PRONG | GOLD | KT_18 | 1ct | imgs:3
[23:57:55][EMERALD] [2843] ? NIV-BA862468CA48289C | BASKET | DOUBLE | PRONG | GOLD | KT_18 | 1ct | imgs:3
[23:57:57][EMERALD] [2844] ? NIV-23249C5A614C3603 | BASKET | DOUBLE | PRONG | GOLD | KT_18 | 1ct | imgs:3
[23:58:01][EMERALD] [2845] ? NIV-23249C5A614C3603 | BASKET | DOUBLE | PRONG | GOLD | KT_18 | 1ct | imgs:3
[23:58:06][EMERALD] [2846] ? NIV-23249C5A614C3603 | BASKET | DOUBLE | PRONG | GOLD | KT_18 | 1ct | imgs:3
[23:58:09][EMERALD] [2847] ? NIV-15E2A95F9246C9A4 | BASKET | DOUBLE | PRONG | PLATINUM | PT_950 | 1ct | imgs:3
[23:58:15][EMERALD] [2848] ? NIV-B47BD978AF69CDEF | BASKET | DOUBLE | PRONG | GOLD | KT_10 | 1ct | imgs:3
[23:58:19][EMERALD] [2849] ? NIV-B47BD978AF69CDEF | BASKET | DOUBLE | PRONG | GOLD | KT_10 | 1ct | imgs:3
[23:58:22][EMERALD] [2850] ? NIV-B47BD978AF69CDEF | BASKET | DOUBLE | PRONG | GOLD | KT_10 | 1ct | imgs:3
[23:58:24][EMERALD] [2851] ? NIV-625A1100B3FC419A | BASKET | DOUBLE | PRONG | GOLD | KT_10 | 1ct | imgs:3
[23:58:28][EMERALD] [2852] ? NIV-625A1100B3FC419A | BASKET | DOUBLE | PRONG | GOLD | KT_10 | 1ct | imgs:3
[23:58:33][EMERALD] [2853] ? NIV-625A1100B3FC419A | BASKET | DOUBLE | PRONG | GOLD | KT_10 | 1ct | imgs:3
[23:58:38][EMERALD] [2854] ? NIV-6CC39DD662488F11 | BASKET | DOUBLE | PRONG | GOLD | KT_10 | 1ct | imgs:3
[23:58:42][EMERALD] [2855] ? NIV-6CC39DD662488F11 | BASKET | DOUBLE | PRONG | GOLD | KT_10 | 1ct | imgs:3
[23:58:46][EMERALD] [2856] ? NIV-6CC39DD662488F11 | BASKET | DOUBLE | PRONG | GOLD | KT_10 | 1ct | imgs:3
[23:58:49][EMERALD] [2857] ? NIV-2160782A79A4354C | BASKET | DOUBLE | PRONG | GOLD | KT_14 | 1ct | imgs:3
[23:58:52][EMERALD] [2858] ? NIV-2160782A79A4354C | BASKET | DOUBLE | PRONG | GOLD | KT_14 | 1ct | imgs:3
[23:58:58][EMERALD] [2859] ? NIV-2160782A79A4354C | BASKET | DOUBLE | PRONG | GOLD | KT_14 | 1ct | imgs:3
[23:59:00][EMERALD] [2860] ? NIV-E798528A052F3D0B | BASKET | DOUBLE | PRONG | GOLD | KT_14 | 1ct | imgs:3
[23:59:04][EMERALD] [2861] ? NIV-E798528A052F3D0B | BASKET | DOUBLE | PRONG | GOLD | KT_14 | 1ct | imgs:3
[23:59:09][EMERALD] [2862] ? NIV-E798528A052F3D0B | BASKET | DOUBLE | PRONG | GOLD | KT_14 | 1ct | imgs:3
[23:59:12][EMERALD] [2863] ? NIV-BA5579B25D09FF56 | BASKET | DOUBLE | PRONG | GOLD | KT_14 | 1ct | imgs:3
[23:59:16][EMERALD] [2864] ? NIV-BA5579B25D09FF56 | BASKET | DOUBLE | PRONG | GOLD | KT_14 | 1ct | imgs:3
[23:59:19][EMERALD] [2865] ? NIV-BA5579B25D09FF56 | BASKET | DOUBLE | PRONG | GOLD | KT_14 | 1ct | imgs:3
[23:59:24][EMERALD] [2866] ? NIV-D8195DB1155CB735 | BASKET | DOUBLE | PRONG | GOLD | KT_18 | 1ct | imgs:3
[23:59:28][EMERALD] [2867] ? NIV-D8195DB1155CB735 | BASKET | DOUBLE | PRONG | GOLD | KT_18 | 1ct | imgs:3
[23:59:33][EMERALD] [2868] ? NIV-D8195DB1155CB735 | BASKET | DOUBLE | PRONG | GOLD | KT_18 | 1ct | imgs:3
[23:59:36][EMERALD] [2869] ? NIV-B368EDA7118D37D5 | BASKET | DOUBLE | PRONG | GOLD | KT_18 | 1ct | imgs:3
[23:59:40][EMERALD] [2870] ? NIV-B368EDA7118D37D5 | BASKET | DOUBLE | PRONG | GOLD | KT_18 | 1ct | imgs:3
[23:59:43][EMERALD] [2871] ? NIV-B368EDA7118D37D5 | BASKET | DOUBLE | PRONG | GOLD | KT_18 | 1ct | imgs:3
[23:59:45][EMERALD] [2872] ? NIV-C2E49DC10E75559F | BASKET | DOUBLE | PRONG | GOLD | KT_18 | 1ct | imgs:3
[23:59:49][EMERALD] [2873] ? NIV-C2E49DC10E75559F | BASKET | DOUBLE | PRONG | GOLD | KT_18 | 1ct | imgs:3
[23:59:52][EMERALD] [2874] ? NIV-C2E49DC10E75559F | BASKET | DOUBLE | PRONG | GOLD | KT_18 | 1ct | imgs:3
[23:59:54][EMERALD] [2875] ? NIV-327C8551BDC864FA | BASKET | DOUBLE | PRONG | PLATINUM | PT_950 | 1ct | imgs:3
[23:59:58][EMERALD] [2876] ? NIV-6B359C94E3B07952 | BASKET | DOUBLE | PRONG | GOLD | KT_10 | 1ct | imgs:3
[00:00:04][EMERALD] [2877] ? NIV-6B359C94E3B07952 | BASKET | DOUBLE | PRONG | GOLD | KT_10 | 1ct | imgs:3
[00:00:07][EMERALD] [2878] ? NIV-6B359C94E3B07952 | BASKET | DOUBLE | PRONG | GOLD | KT_10 | 1ct | imgs:3
[00:00:10][EMERALD] [2879] ? NIV-31332BB2FC108BDE | BASKET | DOUBLE | PRONG | GOLD | KT_10 | 1ct | imgs:3
[00:00:13][EMERALD] [2880] ? NIV-31332BB2FC108BDE | BASKET | DOUBLE | PRONG | GOLD | KT_10 | 1ct | imgs:3
[00:00:18][EMERALD] [2881] ? NIV-31332BB2FC108BDE | BASKET | DOUBLE | PRONG | GOLD | KT_10 | 1ct | imgs:3
[00:00:21][EMERALD] [2882] ? NIV-A13B56BAA887FC62 | BASKET | DOUBLE | PRONG | GOLD | KT_10 | 1ct | imgs:3
[00:00:25][EMERALD] [2883] ? NIV-A13B56BAA887FC62 | BASKET | DOUBLE | PRONG | GOLD | KT_10 | 1ct | imgs:3
[00:00:30][EMERALD] [2884] ? NIV-A13B56BAA887FC62 | BASKET | DOUBLE | PRONG | GOLD | KT_10 | 1ct | imgs:3
[00:00:33][EMERALD] [2885] ? NIV-E474A28A5A7501E5 | BASKET | DOUBLE | PRONG | GOLD | KT_14 | 1ct | imgs:3
[00:00:39][EMERALD] [2886] ? NIV-E474A28A5A7501E5 | BASKET | DOUBLE | PRONG | GOLD | KT_14 | 1ct | imgs:3
[00:00:43][EMERALD] [2887] ? NIV-E474A28A5A7501E5 | BASKET | DOUBLE | PRONG | GOLD | KT_14 | 1ct | imgs:3
[00:00:45][EMERALD] [2888] ? NIV-319EB28A14B3AE80 | BASKET | DOUBLE | PRONG | GOLD | KT_14 | 1ct | imgs:3
[00:00:49][EMERALD] [2889] ? NIV-319EB28A14B3AE80 | BASKET | DOUBLE | PRONG | GOLD | KT_14 | 1ct | imgs:3
[00:00:52][EMERALD] [2890] ? NIV-319EB28A14B3AE80 | BASKET | DOUBLE | PRONG | GOLD | KT_14 | 1ct | imgs:3
[00:00:54][EMERALD] [2891] ? NIV-AE145C1922F76976 | BASKET | DOUBLE | PRONG | GOLD | KT_14 | 1ct | imgs:3
[00:00:58][EMERALD] [2892] ? NIV-AE145C1922F76976 | BASKET | DOUBLE | PRONG | GOLD | KT_14 | 1ct | imgs:3
[00:01:03][EMERALD] [2893] ? NIV-AE145C1922F76976 | BASKET | DOUBLE | PRONG | GOLD | KT_14 | 1ct | imgs:3
[00:01:07][EMERALD] [2894] ? NIV-06019064F2FABBCD | BASKET | DOUBLE | PRONG | GOLD | KT_18 | 1ct | imgs:3
[00:01:10][EMERALD] [2895] ? NIV-06019064F2FABBCD | BASKET | DOUBLE | PRONG | GOLD | KT_18 | 1ct | imgs:3
[00:01:15][EMERALD] [2896] ? NIV-06019064F2FABBCD | BASKET | DOUBLE | PRONG | GOLD | KT_18 | 1ct | imgs:3
[00:01:18][EMERALD] [2897] ? NIV-F82155F9C1ADE1CF | BASKET | DOUBLE | PRONG | GOLD | KT_18 | 1ct | imgs:3
[00:01:22][EMERALD] [2898] ? NIV-F82155F9C1ADE1CF | BASKET | DOUBLE | PRONG | GOLD | KT_18 | 1ct | imgs:3
[00:01:25][EMERALD] [2899] ? NIV-F82155F9C1ADE1CF | BASKET | DOUBLE | PRONG | GOLD | KT_18 | 1ct | imgs:3
[00:01:27][EMERALD] [2900] ? NIV-29D48755DD9F4523 | BASKET | DOUBLE | PRONG | GOLD | KT_18 | 1ct | imgs:3
[00:01:31][EMERALD] [2901] ? NIV-29D48755DD9F4523 | BASKET | DOUBLE | PRONG | GOLD | KT_18 | 1ct | imgs:3
[00:01:34][EMERALD] [2902] ? NIV-29D48755DD9F4523 | BASKET | DOUBLE | PRONG | GOLD | KT_18 | 1ct | imgs:3
[00:01:36][EMERALD] [2903] ? NIV-AEE8276F718B220C | BASKET | DOUBLE | PRONG | PLATINUM | PT_950 | 1ct | imgs:3
[00:01:45][EMERALD] [2904] ? NIV-9E9B12228983D4FD | BASKET | DOUBLE | PRONG | GOLD | KT_10 | 1ct | imgs:3
[00:01:49][EMERALD] [2905] ? NIV-9E9B12228983D4FD | BASKET | DOUBLE | PRONG | GOLD | KT_10 | 1ct | imgs:3
[00:01:54][EMERALD] [2906] ? NIV-9E9B12228983D4FD | BASKET | DOUBLE | PRONG | GOLD | KT_10 | 1ct | imgs:3
[00:02:01][EMERALD] [2907] ? NIV-ABAFD110DD841856 | BASKET | DOUBLE | PRONG | GOLD | KT_10 | 1ct | imgs:3
[00:02:06][EMERALD] [2908] ? NIV-ABAFD110DD841856 | BASKET | DOUBLE | PRONG | GOLD | KT_10 | 1ct | imgs:3
[00:02:10][EMERALD] [2909] ? NIV-ABAFD110DD841856 | BASKET | DOUBLE | PRONG | GOLD | KT_10 | 1ct | imgs:3
[00:02:13][EMERALD] [2910] ? NIV-842CF3FFEEA4097A | BASKET | DOUBLE | PRONG | GOLD | KT_10 | 1ct | imgs:3
[00:02:18][EMERALD] [2911] ? NIV-842CF3FFEEA4097A | BASKET | DOUBLE | PRONG | GOLD | KT_10 | 1ct | imgs:3
[00:02:31][EMERALD] [2912] ??  NIV-842CF3FFEEA4097A | BASKET | DOUBLE | PRONG | GOLD | KT_10 | 1ct | imgs:0
[00:02:31][EMERALD]   Re-seleccionando EMERALD (intento 1)
[00:02:31][EMERALD]   Boton no encontrado ? recargando configurador...
[00:02:42][EMERALD]   Re-seleccionando EMERALD (intento 2)
[00:02:48][EMERALD] [2913] ? NIV-81E6232CCE8CA806 | BASKET | DOUBLE | PRONG | GOLD | KT_14 | 1ct | imgs:3
[00:02:51][EMERALD] [2914] ? NIV-4C3578A90A6059BB | BASKET | DOUBLE | PRONG | GOLD | KT_14 | 1ct | imgs:3
[00:02:54][EMERALD] [2915] ? NIV-E25D858417889171 | BASKET | DOUBLE | PRONG | GOLD | KT_14 | 1ct | imgs:3
[00:02:57][EMERALD] [2916] ? NIV-D858673F8DBD7BA6 | BASKET | DOUBLE | PRONG | GOLD | KT_14 | 1ct | imgs:3
[00:03:00][EMERALD] [2917] ? NIV-E0402D71A5EDBF75 | BASKET | DOUBLE | PRONG | GOLD | KT_14 | 1ct | imgs:3
[00:03:03][EMERALD] [2918] ? NIV-24F4E28AF3790386 | BASKET | DOUBLE | PRONG | GOLD | KT_14 | 1ct | imgs:3
[00:03:06][EMERALD] [2919] ? NIV-EF4553EADC0F27DE | BASKET | DOUBLE | PRONG | GOLD | KT_14 | 1ct | imgs:3
[00:03:09][EMERALD] [2920] ? NIV-001E20217C64FE5F | BASKET | DOUBLE | PRONG | GOLD | KT_14 | 1ct | imgs:3
[00:03:12][EMERALD] [2921] ? NIV-5ACADED7F7C47728 | BASKET | DOUBLE | PRONG | GOLD | KT_14 | 1ct | imgs:3
[00:03:15][EMERALD] [2922] ? NIV-84C7F7530C70F70D | BASKET | DOUBLE | PRONG | GOLD | KT_18 | 1ct | imgs:3
[00:03:18][EMERALD] [2923] ? NIV-C58B0EAE6D5330BE | BASKET | DOUBLE | PRONG | GOLD | KT_18 | 1ct | imgs:3
[00:03:21][EMERALD] [2924] ? NIV-EAA574E805638E9C | BASKET | DOUBLE | PRONG | GOLD | KT_18 | 1ct | imgs:3
[00:03:24][EMERALD] [2925] ? NIV-8E441C273A81DF56 | BASKET | DOUBLE | PRONG | GOLD | KT_18 | 1ct | imgs:3
[00:03:27][EMERALD] [2926] ? NIV-C3AFBCCBEFFACDF6 | BASKET | DOUBLE | PRONG | GOLD | KT_18 | 1ct | imgs:3
[00:03:30][EMERALD] [2927] ? NIV-956C60F4CECC038F | BASKET | DOUBLE | PRONG | GOLD | KT_18 | 1ct | imgs:3
[00:03:33][EMERALD] [2928] ? NIV-D1FAB43C2D1A64D4 | BASKET | DOUBLE | PRONG | GOLD | KT_18 | 1ct | imgs:3
[00:03:36][EMERALD] [2929] ? NIV-D8A74E718B3EE441 | BASKET | DOUBLE | PRONG | GOLD | KT_18 | 1ct | imgs:3
[00:03:39][EMERALD] [2930] ? NIV-B24E12D244D82B84 | BASKET | DOUBLE | PRONG | GOLD | KT_18 | 1ct | imgs:3
[00:03:42][EMERALD] [2931] ? NIV-DE75F99A88EA3D49 | BASKET | DOUBLE | PRONG | PLATINUM | PT_950 | 1ct | imgs:3
[00:03:48][EMERALD] [2932] ? NIV-6C08AAD53E76D6D1 | BASKET | DOUBLE | PRONG | GOLD | KT_10 | 1ct | imgs:3
[00:03:51][EMERALD] [2933] ? NIV-6C08AAD53E76D6D1 | BASKET | DOUBLE | PRONG | GOLD | KT_10 | 1ct | imgs:3
[00:03:54][EMERALD] [2934] ? NIV-6C08AAD53E76D6D1 | BASKET | DOUBLE | PRONG | GOLD | KT_10 | 1ct | imgs:3
[00:03:57][EMERALD] [2935] ? NIV-D48D0ADCC527820B | BASKET | DOUBLE | PRONG | GOLD | KT_10 | 1ct | imgs:3
[00:04:00][EMERALD] [2936] ? NIV-D48D0ADCC527820B | BASKET | DOUBLE | PRONG | GOLD | KT_10 | 1ct | imgs:3
[00:04:06][EMERALD] [2937] ? NIV-D48D0ADCC527820B | BASKET | DOUBLE | PRONG | GOLD | KT_10 | 1ct | imgs:3
[00:04:09][EMERALD] [2938] ? NIV-5E9E4A8EBCAB8F7E | BASKET | DOUBLE | PRONG | GOLD | KT_10 | 1ct | imgs:3
[00:04:12][EMERALD] [2939] ? NIV-5E9E4A8EBCAB8F7E | BASKET | DOUBLE | PRONG | GOLD | KT_10 | 1ct | imgs:3
[00:04:15][EMERALD] [2940] ? NIV-5E9E4A8EBCAB8F7E | BASKET | DOUBLE | PRONG | GOLD | KT_10 | 1ct | imgs:3
[00:04:18][EMERALD] [2941] ? NIV-DEB51D8FB9D0283C | BASKET | DOUBLE | PRONG | GOLD | KT_14 | 1ct | imgs:3
[00:04:24][EMERALD] [2942] ? NIV-DEB51D8FB9D0283C | BASKET | DOUBLE | PRONG | GOLD | KT_14 | 1ct | imgs:3
[00:04:27][EMERALD] [2943] ? NIV-DEB51D8FB9D0283C | BASKET | DOUBLE | PRONG | GOLD | KT_14 | 1ct | imgs:3
[00:04:30][EMERALD] [2944] ? NIV-70C1BA6B15954E9A | BASKET | DOUBLE | PRONG | GOLD | KT_14 | 1ct | imgs:3
[00:04:36][EMERALD] [2945] ? NIV-70C1BA6B15954E9A | BASKET | DOUBLE | PRONG | GOLD | KT_14 | 1ct | imgs:3
[00:04:39][EMERALD] [2946] ? NIV-70C1BA6B15954E9A | BASKET | DOUBLE | PRONG | GOLD | KT_14 | 1ct | imgs:3
[00:04:42][EMERALD] [2947] ? NIV-BC0361B3E8ED3EE1 | BASKET | DOUBLE | PRONG | GOLD | KT_14 | 1ct | imgs:3
[00:04:45][EMERALD] [2948] ? NIV-BC0361B3E8ED3EE1 | BASKET | DOUBLE | PRONG | GOLD | KT_14 | 1ct | imgs:3
[00:04:48][EMERALD] [2949] ? NIV-BC0361B3E8ED3EE1 | BASKET | DOUBLE | PRONG | GOLD | KT_14 | 1ct | imgs:3
[00:04:51][EMERALD] [2950] ? NIV-EFE76D048B196CBB | BASKET | DOUBLE | PRONG | GOLD | KT_18 | 1ct | imgs:3
[00:04:54][EMERALD] [2951] ? NIV-EFE76D048B196CBB | BASKET | DOUBLE | PRONG | GOLD | KT_18 | 1ct | imgs:3
[00:05:00][EMERALD] [2952] ? NIV-EFE76D048B196CBB | BASKET | DOUBLE | PRONG | GOLD | KT_18 | 1ct | imgs:3
[00:05:03][EMERALD] [2953] ? NIV-799823962688B566 | BASKET | DOUBLE | PRONG | GOLD | KT_18 | 1ct | imgs:3
[00:05:06][EMERALD] [2954] ? NIV-799823962688B566 | BASKET | DOUBLE | PRONG | GOLD | KT_18 | 1ct | imgs:3
[00:05:09][EMERALD] [2955] ? NIV-799823962688B566 | BASKET | DOUBLE | PRONG | GOLD | KT_18 | 1ct | imgs:3
[00:05:12][EMERALD] [2956] ? NIV-9B9EDD127295271E | BASKET | DOUBLE | PRONG | GOLD | KT_18 | 1ct | imgs:3
[00:05:15][EMERALD] [2957] ? NIV-9B9EDD127295271E | BASKET | DOUBLE | PRONG | GOLD | KT_18 | 1ct | imgs:3
[00:05:18][EMERALD] [2958] ? NIV-9B9EDD127295271E | BASKET | DOUBLE | PRONG | GOLD | KT_18 | 1ct | imgs:3
[00:05:21][EMERALD] [2959] ? NIV-4675AFC18615FDBB | BASKET | DOUBLE | PRONG | PLATINUM | PT_950 | 1ct | imgs:3
[00:05:27][EMERALD] [2960] ? NIV-3E6566E15858F994 | BASKET | DOUBLE | PRONG | GOLD | KT_10 | 1ct | imgs:3
[00:05:30][EMERALD] [2961] ? NIV-3E6566E15858F994 | BASKET | DOUBLE | PRONG | GOLD | KT_10 | 1ct | imgs:3
[00:05:34][EMERALD] [2962] ? NIV-3E6566E15858F994 | BASKET | DOUBLE | PRONG | GOLD | KT_10 | 1ct | imgs:3
[00:05:39][EMERALD] [2963] ? NIV-5E2C72B1021F8475 | BASKET | DOUBLE | PRONG | GOLD | KT_10 | 1ct | imgs:3
[00:05:42][EMERALD] [2964] ? NIV-5E2C72B1021F8475 | BASKET | DOUBLE | PRONG | GOLD | KT_10 | 1ct | imgs:3
[00:05:45][EMERALD] [2965] ? NIV-5E2C72B1021F8475 | BASKET | DOUBLE | PRONG | GOLD | KT_10 | 1ct | imgs:3
[00:05:48][EMERALD] [2966] ? NIV-B6C12105412F092C | BASKET | DOUBLE | PRONG | GOLD | KT_10 | 1ct | imgs:3
[00:05:51][EMERALD] [2967] ? NIV-B6C12105412F092C | BASKET | DOUBLE | PRONG | GOLD | KT_10 | 1ct | imgs:3
[00:05:54][EMERALD] [2968] ? NIV-B6C12105412F092C | BASKET | DOUBLE | PRONG | GOLD | KT_10 | 1ct | imgs:3
[00:05:57][EMERALD] [2969] ? NIV-CFEDF0243363AB29 | BASKET | DOUBLE | PRONG | GOLD | KT_14 | 1ct | imgs:3
[00:06:03][EMERALD] [2970] ? NIV-CFEDF0243363AB29 | BASKET | DOUBLE | PRONG | GOLD | KT_14 | 1ct | imgs:3
[00:06:06][EMERALD] [2971] ? NIV-CFEDF0243363AB29 | BASKET | DOUBLE | PRONG | GOLD | KT_14 | 1ct | imgs:3
[00:06:09][EMERALD] [2972] ? NIV-826AB88203889BC9 | BASKET | DOUBLE | PRONG | GOLD | KT_14 | 1ct | imgs:3
[00:06:12][EMERALD] [2973] ? NIV-826AB88203889BC9 | BASKET | DOUBLE | PRONG | GOLD | KT_14 | 1ct | imgs:3
[00:06:15][EMERALD] [2974] ? NIV-826AB88203889BC9 | BASKET | DOUBLE | PRONG | GOLD | KT_14 | 1ct | imgs:3
[00:06:18][EMERALD] [2975] ? NIV-FBCCB66AE461826F | BASKET | DOUBLE | PRONG | GOLD | KT_14 | 1ct | imgs:3
[00:06:21][EMERALD] [2976] ? NIV-FBCCB66AE461826F | BASKET | DOUBLE | PRONG | GOLD | KT_14 | 1ct | imgs:3
[00:06:24][EMERALD] [2977] ? NIV-FBCCB66AE461826F | BASKET | DOUBLE | PRONG | GOLD | KT_14 | 1ct | imgs:3
[00:06:27][EMERALD] [2978] ? NIV-212C30BDCE503BFB | BASKET | DOUBLE | PRONG | GOLD | KT_18 | 1ct | imgs:3
[00:06:33][EMERALD] [2979] ? NIV-212C30BDCE503BFB | BASKET | DOUBLE | PRONG | GOLD | KT_18 | 1ct | imgs:3
[00:06:36][EMERALD] [2980] ? NIV-212C30BDCE503BFB | BASKET | DOUBLE | PRONG | GOLD | KT_18 | 1ct | imgs:3
[00:06:39][EMERALD] [2981] ? NIV-D341397942DB6ECF | BASKET | DOUBLE | PRONG | GOLD | KT_18 | 1ct | imgs:3
[00:06:42][EMERALD] [2982] ? NIV-D341397942DB6ECF | BASKET | DOUBLE | PRONG | GOLD | KT_18 | 1ct | imgs:3
[00:06:45][EMERALD] [2983] ? NIV-D341397942DB6ECF | BASKET | DOUBLE | PRONG | GOLD | KT_18 | 1ct | imgs:3
[00:06:48][EMERALD] [2984] ? NIV-3FD60824C6CC280B | BASKET | DOUBLE | PRONG | GOLD | KT_18 | 1ct | imgs:3
[00:06:51][EMERALD] [2985] ? NIV-3FD60824C6CC280B | BASKET | DOUBLE | PRONG | GOLD | KT_18 | 1ct | imgs:3
[00:06:54][EMERALD] [2986] ? NIV-3FD60824C6CC280B | BASKET | DOUBLE | PRONG | GOLD | KT_18 | 1ct | imgs:3
[00:06:57][EMERALD] [2987] ? NIV-0E616B037BBD27A6 | BASKET | DOUBLE | PRONG | PLATINUM | PT_950 | 1ct | imgs:3
[00:07:03][EMERALD] [2988] ? NIV-B22E915376FC6C98 | BASKET | DOUBLE | BEAD | GOLD | KT_10 | 1ct | imgs:3
[00:07:06][EMERALD] [2989] ? NIV-B22E915376FC6C98 | BASKET | DOUBLE | BEAD | GOLD | KT_10 | 1ct | imgs:3
[00:07:12][EMERALD] [2990] ? NIV-B22E915376FC6C98 | BASKET | DOUBLE | BEAD | GOLD | KT_10 | 1ct | imgs:3
[00:07:15][EMERALD] [2991] ? NIV-E87A2C66FDE911AD | BASKET | DOUBLE | BEAD | GOLD | KT_10 | 1ct | imgs:3
[00:07:18][EMERALD] [2992] ? NIV-E87A2C66FDE911AD | BASKET | DOUBLE | BEAD | GOLD | KT_10 | 1ct | imgs:3
[00:07:21][EMERALD] [2993] ? NIV-E87A2C66FDE911AD | BASKET | DOUBLE | BEAD | GOLD | KT_10 | 1ct | imgs:3
[00:07:24][EMERALD] [2994] ? NIV-9C450C522ECDBADD | BASKET | DOUBLE | BEAD | GOLD | KT_10 | 1ct | imgs:3
[00:07:30][EMERALD] [2995] ? NIV-9C450C522ECDBADD | BASKET | DOUBLE | BEAD | GOLD | KT_10 | 1ct | imgs:3
[00:07:33][EMERALD] [2996] ? NIV-9C450C522ECDBADD | BASKET | DOUBLE | BEAD | GOLD | KT_10 | 1ct | imgs:3
[00:07:36][EMERALD] [2997] ? NIV-A321DD0E569D6F43 | BASKET | DOUBLE | BEAD | GOLD | KT_14 | 1ct | imgs:3
[00:07:39][EMERALD] [2998] ? NIV-A321DD0E569D6F43 | BASKET | DOUBLE | BEAD | GOLD | KT_14 | 1ct | imgs:3
[00:07:42][EMERALD] [2999] ? NIV-A321DD0E569D6F43 | BASKET | DOUBLE | BEAD | GOLD | KT_14 | 1ct | imgs:3
[00:07:45][EMERALD] [3000] ? NIV-E980BAE4A2F73B6D | BASKET | DOUBLE | BEAD | GOLD | KT_14 | 1ct | imgs:3
[00:07:48][EMERALD] [3001] ? NIV-E980BAE4A2F73B6D | BASKET | DOUBLE | BEAD | GOLD | KT_14 | 1ct | imgs:3
[00:07:51][EMERALD] [3002] ? NIV-E980BAE4A2F73B6D | BASKET | DOUBLE | BEAD | GOLD | KT_14 | 1ct | imgs:3
[00:07:54][EMERALD] [3003] ? NIV-634D46EE41AC4258 | BASKET | DOUBLE | BEAD | GOLD | KT_14 | 1ct | imgs:3
[00:07:57][EMERALD] [3004] ? NIV-634D46EE41AC4258 | BASKET | DOUBLE | BEAD | GOLD | KT_14 | 1ct | imgs:3
[00:08:03][EMERALD] [3005] ? NIV-634D46EE41AC4258 | BASKET | DOUBLE | BEAD | GOLD | KT_14 | 1ct | imgs:3
[00:08:06][EMERALD] [3006] ? NIV-355688164C6B47CD | BASKET | DOUBLE | BEAD | GOLD | KT_18 | 1ct | imgs:3
[00:08:12][EMERALD] [3007] ? NIV-355688164C6B47CD | BASKET | DOUBLE | BEAD | GOLD | KT_18 | 1ct | imgs:3
[00:08:15][EMERALD] [3008] ? NIV-355688164C6B47CD | BASKET | DOUBLE | BEAD | GOLD | KT_18 | 1ct | imgs:3
[00:08:18][EMERALD] [3009] ? NIV-42F9FC9046D74717 | BASKET | DOUBLE | BEAD | GOLD | KT_18 | 1ct | imgs:3
[00:08:21][EMERALD] [3010] ? NIV-42F9FC9046D74717 | BASKET | DOUBLE | BEAD | GOLD | KT_18 | 1ct | imgs:3
[00:08:27][EMERALD] [3011] ? NIV-42F9FC9046D74717 | BASKET | DOUBLE | BEAD | GOLD | KT_18 | 1ct | imgs:3
[00:08:30][EMERALD] [3012] ? NIV-B1F7F3E3B6B8AA50 | BASKET | DOUBLE | BEAD | GOLD | KT_18 | 1ct | imgs:3
[00:08:33][EMERALD] [3013] ? NIV-B1F7F3E3B6B8AA50 | BASKET | DOUBLE | BEAD | GOLD | KT_18 | 1ct | imgs:3
[00:08:36][EMERALD] [3014] ? NIV-B1F7F3E3B6B8AA50 | BASKET | DOUBLE | BEAD | GOLD | KT_18 | 1ct | imgs:3
[00:08:39][EMERALD] [3015] ? NIV-766CB2830C5ADFB7 | BASKET | DOUBLE | BEAD | PLATINUM | PT_950 | 1ct | imgs:3
[00:08:45][EMERALD] [3016] ? NIV-DCBD696181608E25 | BASKET | DOUBLE | BEAD | GOLD | KT_10 | 1ct | imgs:3
[00:08:48][EMERALD] [3017] ? NIV-DCBD696181608E25 | BASKET | DOUBLE | BEAD | GOLD | KT_10 | 1ct | imgs:3
[00:08:54][EMERALD] [3018] ? NIV-DCBD696181608E25 | BASKET | DOUBLE | BEAD | GOLD | KT_10 | 1ct | imgs:3
[00:08:57][EMERALD] [3019] ? NIV-83D2B4BC36E8FD51 | BASKET | DOUBLE | BEAD | GOLD | KT_10 | 1ct | imgs:3
[00:09:00][EMERALD] [3020] ? NIV-83D2B4BC36E8FD51 | BASKET | DOUBLE | BEAD | GOLD | KT_10 | 1ct | imgs:3
[00:09:03][EMERALD] [3021] ? NIV-83D2B4BC36E8FD51 | BASKET | DOUBLE | BEAD | GOLD | KT_10 | 1ct | imgs:3
[00:09:06][EMERALD] [3022] ? NIV-1CB6B7F5FD32CE07 | BASKET | DOUBLE | BEAD | GOLD | KT_10 | 1ct | imgs:3
[00:09:09][EMERALD] [3023] ? NIV-1CB6B7F5FD32CE07 | BASKET | DOUBLE | BEAD | GOLD | KT_10 | 1ct | imgs:3
[00:09:12][EMERALD] [3024] ? NIV-1CB6B7F5FD32CE07 | BASKET | DOUBLE | BEAD | GOLD | KT_10 | 1ct | imgs:3
[00:09:18][EMERALD] [3025] ? NIV-9B06FD87F7770DC8 | BASKET | DOUBLE | BEAD | GOLD | KT_14 | 1ct | imgs:3
[00:09:21][EMERALD] [3026] ? NIV-9B06FD87F7770DC8 | BASKET | DOUBLE | BEAD | GOLD | KT_14 | 1ct | imgs:3
[00:09:24][EMERALD] [3027] ? NIV-9B06FD87F7770DC8 | BASKET | DOUBLE | BEAD | GOLD | KT_14 | 1ct | imgs:3
[00:09:27][EMERALD] [3028] ? NIV-B140D8B3FB9EC806 | BASKET | DOUBLE | BEAD | GOLD | KT_14 | 1ct | imgs:3
[00:09:30][EMERALD] [3029] ? NIV-B140D8B3FB9EC806 | BASKET | DOUBLE | BEAD | GOLD | KT_14 | 1ct | imgs:3
[00:09:36][EMERALD] [3030] ? NIV-B140D8B3FB9EC806 | BASKET | DOUBLE | BEAD | GOLD | KT_14 | 1ct | imgs:3
[00:09:39][EMERALD] [3031] ? NIV-9E1F61C74DDE3F0C | BASKET | DOUBLE | BEAD | GOLD | KT_14 | 1ct | imgs:3
[00:09:42][EMERALD] [3032] ? NIV-9E1F61C74DDE3F0C | BASKET | DOUBLE | BEAD | GOLD | KT_14 | 1ct | imgs:3
[00:09:45][EMERALD] [3033] ? NIV-9E1F61C74DDE3F0C | BASKET | DOUBLE | BEAD | GOLD | KT_14 | 1ct | imgs:3
[00:09:51][EMERALD] [3034] ? NIV-23235114F9F0E02E | BASKET | DOUBLE | BEAD | GOLD | KT_18 | 1ct | imgs:3
[00:09:54][EMERALD] [3035] ? NIV-23235114F9F0E02E | BASKET | DOUBLE | BEAD | GOLD | KT_18 | 1ct | imgs:3
[00:09:57][EMERALD] [3036] ? NIV-23235114F9F0E02E | BASKET | DOUBLE | BEAD | GOLD | KT_18 | 1ct | imgs:3
[00:10:00][EMERALD] [3037] ? NIV-127F437ABD27CBD4 | BASKET | DOUBLE | BEAD | GOLD | KT_18 | 1ct | imgs:3
[00:10:03][EMERALD] [3038] ? NIV-127F437ABD27CBD4 | BASKET | DOUBLE | BEAD | GOLD | KT_18 | 1ct | imgs:3
[00:10:06][EMERALD] [3039] ? NIV-127F437ABD27CBD4 | BASKET | DOUBLE | BEAD | GOLD | KT_18 | 1ct | imgs:3
[00:10:09][EMERALD] [3040] ? NIV-CCF6EA2B925DE193 | BASKET | DOUBLE | BEAD | GOLD | KT_18 | 1ct | imgs:3
[00:10:12][EMERALD] [3041] ? NIV-CCF6EA2B925DE193 | BASKET | DOUBLE | BEAD | GOLD | KT_18 | 1ct | imgs:3
[00:10:18][EMERALD] [3042] ? NIV-CCF6EA2B925DE193 | BASKET | DOUBLE | BEAD | GOLD | KT_18 | 1ct | imgs:3
[00:10:21][EMERALD] [3043] ? NIV-BA658107281BF914 | BASKET | DOUBLE | BEAD | PLATINUM | PT_950 | 1ct | imgs:3
[00:10:27][EMERALD] [3044] ? NIV-C70CD74235B93FBB | BASKET | DOUBLE | BEAD | GOLD | KT_10 | 1ct | imgs:3
[00:10:30][EMERALD] [3045] ? NIV-C70CD74235B93FBB | BASKET | DOUBLE | BEAD | GOLD | KT_10 | 1ct | imgs:3
[00:10:33][EMERALD] [3046] ? NIV-C70CD74235B93FBB | BASKET | DOUBLE | BEAD | GOLD | KT_10 | 1ct | imgs:3
[00:10:36][EMERALD] [3047] ? NIV-1DB39D2DA61F00A8 | BASKET | DOUBLE | BEAD | GOLD | KT_10 | 1ct | imgs:3
[00:10:39][EMERALD] [3048] ? NIV-1DB39D2DA61F00A8 | BASKET | DOUBLE | BEAD | GOLD | KT_10 | 1ct | imgs:3
[00:10:42][EMERALD] [3049] ? NIV-1DB39D2DA61F00A8 | BASKET | DOUBLE | BEAD | GOLD | KT_10 | 1ct | imgs:3
[00:10:50][EMERALD] [3050] ? NIV-9A159C5BFD15BB82 | BASKET | DOUBLE | BEAD | GOLD | KT_10 | 1ct | imgs:3
[00:10:54][EMERALD] [3051] ? NIV-9A159C5BFD15BB82 | BASKET | DOUBLE | BEAD | GOLD | KT_10 | 1ct | imgs:3
[00:11:00][EMERALD] [3052] ? NIV-9A159C5BFD15BB82 | BASKET | DOUBLE | BEAD | GOLD | KT_10 | 1ct | imgs:3
[00:11:03][EMERALD] [3053] ? NIV-E700501B4B79FC3E | BASKET | DOUBLE | BEAD | GOLD | KT_14 | 1ct | imgs:3
[00:11:09][EMERALD] [3054] ? NIV-E700501B4B79FC3E | BASKET | DOUBLE | BEAD | GOLD | KT_14 | 1ct | imgs:3
[00:11:12][EMERALD] [3055] ? NIV-E700501B4B79FC3E | BASKET | DOUBLE | BEAD | GOLD | KT_14 | 1ct | imgs:3
[00:11:18][EMERALD] [3056] ? NIV-3C071EB031703182 | BASKET | DOUBLE | BEAD | GOLD | KT_14 | 1ct | imgs:1
[00:11:21][EMERALD] [3057] ? NIV-3C071EB031703182 | BASKET | DOUBLE | BEAD | GOLD | KT_14 | 1ct | imgs:3
[00:11:24][EMERALD] [3058] ? NIV-3C071EB031703182 | BASKET | DOUBLE | BEAD | GOLD | KT_14 | 1ct | imgs:3
[00:11:27][EMERALD] [3059] ? NIV-9B0D5B72D6E16FEF | BASKET | DOUBLE | BEAD | GOLD | KT_14 | 1ct | imgs:3
[00:11:30][EMERALD] [3060] ? NIV-9B0D5B72D6E16FEF | BASKET | DOUBLE | BEAD | GOLD | KT_14 | 1ct | imgs:3
[00:11:36][EMERALD] [3061] ? NIV-9B0D5B72D6E16FEF | BASKET | DOUBLE | BEAD | GOLD | KT_14 | 1ct | imgs:3
[00:11:39][EMERALD] [3062] ? NIV-F4BF73827238F7A0 | BASKET | DOUBLE | BEAD | GOLD | KT_18 | 1ct | imgs:3
[00:11:45][EMERALD] [3063] ? NIV-F4BF73827238F7A0 | BASKET | DOUBLE | BEAD | GOLD | KT_18 | 1ct | imgs:3
[00:11:51][EMERALD] [3064] ? NIV-F4BF73827238F7A0 | BASKET | DOUBLE | BEAD | GOLD | KT_18 | 1ct | imgs:3
[00:11:54][EMERALD] [3065] ? NIV-7CB1EF61EB1F7A4C | BASKET | DOUBLE | BEAD | GOLD | KT_18 | 1ct | imgs:3
[00:11:57][EMERALD] [3066] ? NIV-7CB1EF61EB1F7A4C | BASKET | DOUBLE | BEAD | GOLD | KT_18 | 1ct | imgs:3
[00:12:03][EMERALD] [3067] ? NIV-7CB1EF61EB1F7A4C | BASKET | DOUBLE | BEAD | GOLD | KT_18 | 1ct | imgs:3
[00:12:06][EMERALD] [3068] ? NIV-258D0A56EA0E6A0E | BASKET | DOUBLE | BEAD | GOLD | KT_18 | 1ct | imgs:3
[00:12:09][EMERALD] [3069] ? NIV-258D0A56EA0E6A0E | BASKET | DOUBLE | BEAD | GOLD | KT_18 | 1ct | imgs:3
[00:12:12][EMERALD] [3070] ? NIV-258D0A56EA0E6A0E | BASKET | DOUBLE | BEAD | GOLD | KT_18 | 1ct | imgs:3
[00:12:15][EMERALD] [3071] ? NIV-95C991BE48316A64 | BASKET | DOUBLE | BEAD | PLATINUM | PT_950 | 1ct | imgs:3
[00:12:21][EMERALD] [3072] ? NIV-D2F331F90F7DBEA6 | BASKET | DOUBLE | BEAD | GOLD | KT_10 | 1ct | imgs:3
[00:12:24][EMERALD] [3073] ? NIV-D2F331F90F7DBEA6 | BASKET | DOUBLE | BEAD | GOLD | KT_10 | 1ct | imgs:3
[00:12:27][EMERALD] [3074] ? NIV-D2F331F90F7DBEA6 | BASKET | DOUBLE | BEAD | GOLD | KT_10 | 1ct | imgs:3
[00:12:30][EMERALD] [3075] ? NIV-2435BE8EEF6BE3BF | BASKET | DOUBLE | BEAD | GOLD | KT_10 | 1ct | imgs:3
[00:12:33][EMERALD] [3076] ? NIV-2435BE8EEF6BE3BF | BASKET | DOUBLE | BEAD | GOLD | KT_10 | 1ct | imgs:3
[00:12:39][EMERALD] [3077] ? NIV-2435BE8EEF6BE3BF | BASKET | DOUBLE | BEAD | GOLD | KT_10 | 1ct | imgs:3
[00:12:42][EMERALD] [3078] ? NIV-98E85A89FDA015B8 | BASKET | DOUBLE | BEAD | GOLD | KT_10 | 1ct | imgs:3
[00:12:45][EMERALD] [3079] ? NIV-98E85A89FDA015B8 | BASKET | DOUBLE | BEAD | GOLD | KT_10 | 1ct | imgs:3
[00:12:48][EMERALD] [3080] ? NIV-98E85A89FDA015B8 | BASKET | DOUBLE | BEAD | GOLD | KT_10 | 1ct | imgs:3
[00:12:54][EMERALD] [3081] ? NIV-A58AE6166D03FCCD | BASKET | DOUBLE | BEAD | GOLD | KT_14 | 1ct | imgs:3
[00:12:57][EMERALD] [3082] ? NIV-A58AE6166D03FCCD | BASKET | DOUBLE | BEAD | GOLD | KT_14 | 1ct | imgs:3
[00:13:00][EMERALD] [3083] ? NIV-A58AE6166D03FCCD | BASKET | DOUBLE | BEAD | GOLD | KT_14 | 1ct | imgs:3
[00:13:03][EMERALD] [3084] ? NIV-CBD51D7260E2B7DC | BASKET | DOUBLE | BEAD | GOLD | KT_14 | 1ct | imgs:3
[00:13:06][EMERALD] [3085] ? NIV-CBD51D7260E2B7DC | BASKET | DOUBLE | BEAD | GOLD | KT_14 | 1ct | imgs:3
[00:13:09][EMERALD] [3086] ? NIV-CBD51D7260E2B7DC | BASKET | DOUBLE | BEAD | GOLD | KT_14 | 1ct | imgs:3
[00:13:12][EMERALD] [3087] ? NIV-8FEFE789974681D0 | BASKET | DOUBLE | BEAD | GOLD | KT_14 | 1ct | imgs:3
[00:13:15][EMERALD] [3088] ? NIV-8FEFE789974681D0 | BASKET | DOUBLE | BEAD | GOLD | KT_14 | 1ct | imgs:3
[00:13:18][EMERALD] [3089] ? NIV-8FEFE789974681D0 | BASKET | DOUBLE | BEAD | GOLD | KT_14 | 1ct | imgs:3
[00:13:21][EMERALD] [3090] ? NIV-E5639693404AA35D | BASKET | DOUBLE | BEAD | GOLD | KT_18 | 1ct | imgs:3
[00:13:25][EMERALD] [3091] ? NIV-E5639693404AA35D | BASKET | DOUBLE | BEAD | GOLD | KT_18 | 1ct | imgs:3
[00:13:30][EMERALD] [3092] ? NIV-E5639693404AA35D | BASKET | DOUBLE | BEAD | GOLD | KT_18 | 1ct | imgs:3
[00:13:33][EMERALD] [3093] ? NIV-E980624B369B404D | BASKET | DOUBLE | BEAD | GOLD | KT_18 | 1ct | imgs:3
[00:13:36][EMERALD] [3094] ? NIV-E980624B369B404D | BASKET | DOUBLE | BEAD | GOLD | KT_18 | 1ct | imgs:3
[00:13:39][EMERALD] [3095] ? NIV-E980624B369B404D | BASKET | DOUBLE | BEAD | GOLD | KT_18 | 1ct | imgs:3
[00:13:42][EMERALD] [3096] ? NIV-655A1E3F6E3B2D86 | BASKET | DOUBLE | BEAD | GOLD | KT_18 | 1ct | imgs:3
[00:13:45][EMERALD] [3097] ? NIV-655A1E3F6E3B2D86 | BASKET | DOUBLE | BEAD | GOLD | KT_18 | 1ct | imgs:3
[00:13:48][EMERALD] [3098] ? NIV-655A1E3F6E3B2D86 | BASKET | DOUBLE | BEAD | GOLD | KT_18 | 1ct | imgs:3
[00:13:51][EMERALD] [3099] ? NIV-65AB76C58348998B | BASKET | DOUBLE | BEAD | PLATINUM | PT_950 | 1ct | imgs:3
[00:13:57][EMERALD] [3100] ? NIV-CEEA5B55B3BF46A2 | BASKET | DOUBLE | BEAD | GOLD | KT_10 | 1ct | imgs:3
[00:14:00][EMERALD] [3101] ? NIV-CEEA5B55B3BF46A2 | BASKET | DOUBLE | BEAD | GOLD | KT_10 | 1ct | imgs:3
[00:14:06][EMERALD] [3102] ? NIV-CEEA5B55B3BF46A2 | BASKET | DOUBLE | BEAD | GOLD | KT_10 | 1ct | imgs:3
[00:14:09][EMERALD] [3103] ? NIV-19982BCF3236CFD2 | BASKET | DOUBLE | BEAD | GOLD | KT_10 | 1ct | imgs:3
[00:14:12][EMERALD] [3104] ? NIV-19982BCF3236CFD2 | BASKET | DOUBLE | BEAD | GOLD | KT_10 | 1ct | imgs:3
[00:14:18][EMERALD] [3105] ? NIV-19982BCF3236CFD2 | BASKET | DOUBLE | BEAD | GOLD | KT_10 | 1ct | imgs:3
[00:14:21][EMERALD] [3106] ? NIV-FB980E07C6D92382 | BASKET | DOUBLE | BEAD | GOLD | KT_10 | 1ct | imgs:3
[00:14:27][EMERALD] [3107] ? NIV-FB980E07C6D92382 | BASKET | DOUBLE | BEAD | GOLD | KT_10 | 1ct | imgs:3
[00:14:30][EMERALD] [3108] ? NIV-FB980E07C6D92382 | BASKET | DOUBLE | BEAD | GOLD | KT_10 | 1ct | imgs:3
[00:14:33][EMERALD] [3109] ? NIV-3689FEB15D383679 | BASKET | DOUBLE | BEAD | GOLD | KT_14 | 1ct | imgs:3
[00:14:36][EMERALD] [3110] ? NIV-3689FEB15D383679 | BASKET | DOUBLE | BEAD | GOLD | KT_14 | 1ct | imgs:3
[00:14:42][EMERALD] [3111] ? NIV-3689FEB15D383679 | BASKET | DOUBLE | BEAD | GOLD | KT_14 | 1ct | imgs:3
[00:14:45][EMERALD] [3112] ? NIV-CC51E5003B45868C | BASKET | DOUBLE | BEAD | GOLD | KT_14 | 1ct | imgs:3
[00:14:48][EMERALD] [3113] ? NIV-CC51E5003B45868C | BASKET | DOUBLE | BEAD | GOLD | KT_14 | 1ct | imgs:3
[00:14:54][EMERALD] [3114] ? NIV-CC51E5003B45868C | BASKET | DOUBLE | BEAD | GOLD | KT_14 | 1ct | imgs:3
[00:14:57][EMERALD] [3115] ? NIV-4B2924B54D12EED1 | BASKET | DOUBLE | BEAD | GOLD | KT_14 | 1ct | imgs:3
[00:15:00][EMERALD] [3116] ? NIV-4B2924B54D12EED1 | BASKET | DOUBLE | BEAD | GOLD | KT_14 | 1ct | imgs:3
[00:15:03][EMERALD] [3117] ? NIV-4B2924B54D12EED1 | BASKET | DOUBLE | BEAD | GOLD | KT_14 | 1ct | imgs:3
[00:15:06][EMERALD] [3118] ? NIV-A1BC0F48519790CE | BASKET | DOUBLE | BEAD | GOLD | KT_18 | 1ct | imgs:3
[00:15:12][EMERALD] [3119] ? NIV-A1BC0F48519790CE | BASKET | DOUBLE | BEAD | GOLD | KT_18 | 1ct | imgs:3
[00:15:15][EMERALD] [3120] ? NIV-A1BC0F48519790CE | BASKET | DOUBLE | BEAD | GOLD | KT_18 | 1ct | imgs:3
[00:15:18][EMERALD] [3121] ? NIV-8221FDD77C563495 | BASKET | DOUBLE | BEAD | GOLD | KT_18 | 1ct | imgs:3
[00:15:21][EMERALD] [3122] ? NIV-8221FDD77C563495 | BASKET | DOUBLE | BEAD | GOLD | KT_18 | 1ct | imgs:3
[00:15:27][EMERALD] [3123] ? NIV-8221FDD77C563495 | BASKET | DOUBLE | BEAD | GOLD | KT_18 | 1ct | imgs:3
[00:15:30][EMERALD] [3124] ? NIV-5275CDA4C8B0AA64 | BASKET | DOUBLE | BEAD | GOLD | KT_18 | 1ct | imgs:3
[00:15:33][EMERALD] [3125] ? NIV-5275CDA4C8B0AA64 | BASKET | DOUBLE | BEAD | GOLD | KT_18 | 1ct | imgs:3
[00:15:39][EMERALD] [3126] ? NIV-5275CDA4C8B0AA64 | BASKET | DOUBLE | BEAD | GOLD | KT_18 | 1ct | imgs:3
[00:15:42][EMERALD] [3127] ? NIV-2B3AB0AD76165927 | BASKET | DOUBLE | BEAD | PLATINUM | PT_950 | 1ct | imgs:3
[00:15:45][EMERALD] [3128] ? NIV-712C63BDA2B1CAB6 | BASKET | DOUBLE | BEAD | GOLD | KT_10 | 1ct | imgs:3
[00:15:51][EMERALD] [3129] ? NIV-712C63BDA2B1CAB6 | BASKET | DOUBLE | BEAD | GOLD | KT_10 | 1ct | imgs:3
[00:15:54][EMERALD] [3130] ? NIV-712C63BDA2B1CAB6 | BASKET | DOUBLE | BEAD | GOLD | KT_10 | 1ct | imgs:3
[00:15:57][EMERALD] [3131] ? NIV-745B5EDD76FE47C1 | BASKET | DOUBLE | BEAD | GOLD | KT_10 | 1ct | imgs:3
[00:16:00][EMERALD] [3132] ? NIV-745B5EDD76FE47C1 | BASKET | DOUBLE | BEAD | GOLD | KT_10 | 1ct | imgs:3
[00:16:06][EMERALD] [3133] ? NIV-745B5EDD76FE47C1 | BASKET | DOUBLE | BEAD | GOLD | KT_10 | 1ct | imgs:3
[00:16:09][EMERALD] [3134] ? NIV-D265FB3FB734E64C | BASKET | DOUBLE | BEAD | GOLD | KT_10 | 1ct | imgs:3
[00:16:12][EMERALD] [3135] ? NIV-D265FB3FB734E64C | BASKET | DOUBLE | BEAD | GOLD | KT_10 | 1ct | imgs:3
[00:16:15][EMERALD] [3136] ? NIV-D265FB3FB734E64C | BASKET | DOUBLE | BEAD | GOLD | KT_10 | 1ct | imgs:3
[00:16:21][EMERALD] [3137] ? NIV-D45A99DA1B2AAD6B | BASKET | DOUBLE | BEAD | GOLD | KT_14 | 1ct | imgs:3
[00:16:24][EMERALD] [3138] ? NIV-D45A99DA1B2AAD6B | BASKET | DOUBLE | BEAD | GOLD | KT_14 | 1ct | imgs:3
[00:16:30][EMERALD] [3139] ? NIV-D45A99DA1B2AAD6B | BASKET | DOUBLE | BEAD | GOLD | KT_14 | 1ct | imgs:3
[00:16:33][EMERALD] [3140] ? NIV-469040966A4FA416 | BASKET | DOUBLE | BEAD | GOLD | KT_14 | 1ct | imgs:3
[00:16:36][EMERALD] [3141] ? NIV-469040966A4FA416 | BASKET | DOUBLE | BEAD | GOLD | KT_14 | 1ct | imgs:3
[00:16:42][EMERALD] [3142] ? NIV-469040966A4FA416 | BASKET | DOUBLE | BEAD | GOLD | KT_14 | 1ct | imgs:3
[00:16:45][EMERALD] [3143] ? NIV-B809D59CD77DCA68 | BASKET | DOUBLE | BEAD | GOLD | KT_14 | 1ct | imgs:3
[00:16:48][EMERALD] [3144] ? NIV-B809D59CD77DCA68 | BASKET | DOUBLE | BEAD | GOLD | KT_14 | 1ct | imgs:3
[00:16:54][EMERALD] [3145] ? NIV-B809D59CD77DCA68 | BASKET | DOUBLE | BEAD | GOLD | KT_14 | 1ct | imgs:3
[00:16:57][EMERALD] [3146] ? NIV-13DDC8D4B5BBDA8D | BASKET | DOUBLE | BEAD | GOLD | KT_18 | 1ct | imgs:3
[00:17:00][EMERALD] [3147] ? NIV-13DDC8D4B5BBDA8D | BASKET | DOUBLE | BEAD | GOLD | KT_18 | 1ct | imgs:3
[00:17:06][EMERALD] [3148] ? NIV-13DDC8D4B5BBDA8D | BASKET | DOUBLE | BEAD | GOLD | KT_18 | 1ct | imgs:3
[00:17:09][EMERALD] [3149] ? NIV-4BCE20E20B55AB37 | BASKET | DOUBLE | BEAD | GOLD | KT_18 | 1ct | imgs:3
[00:17:12][EMERALD] [3150] ? NIV-4BCE20E20B55AB37 | BASKET | DOUBLE | BEAD | GOLD | KT_18 | 1ct | imgs:3
[00:17:18][EMERALD] [3151] ? NIV-4BCE20E20B55AB37 | BASKET | DOUBLE | BEAD | GOLD | KT_18 | 1ct | imgs:3
[00:17:21][EMERALD] [3152] ? NIV-F78F6093A7758B38 | BASKET | DOUBLE | BEAD | GOLD | KT_18 | 1ct | imgs:3
[00:17:24][EMERALD] [3153] ? NIV-F78F6093A7758B38 | BASKET | DOUBLE | BEAD | GOLD | KT_18 | 1ct | imgs:3
[00:17:30][EMERALD] [3154] ? NIV-F78F6093A7758B38 | BASKET | DOUBLE | BEAD | GOLD | KT_18 | 1ct | imgs:3
[00:17:33][EMERALD] [3155] ? NIV-6D2DB2D8517A4823 | BASKET | DOUBLE | BEAD | PLATINUM | PT_950 | 1ct | imgs:3
[00:17:42][EMERALD] [3156] ? NIV-AB28FCA0E35964B6 | BASKET | DOUBLE | BEAD | GOLD | KT_10 | 1ct | imgs:3
[00:17:45][EMERALD] [3157] ? NIV-AB28FCA0E35964B6 | BASKET | DOUBLE | BEAD | GOLD | KT_10 | 1ct | imgs:3
[00:17:48][EMERALD] [3158] ? NIV-AB28FCA0E35964B6 | BASKET | DOUBLE | BEAD | GOLD | KT_10 | 1ct | imgs:3
[00:17:51][EMERALD] [3159] ? NIV-0FBB1C3637AB1C11 | BASKET | DOUBLE | BEAD | GOLD | KT_10 | 1ct | imgs:3
[00:17:55][EMERALD] [3160] ? NIV-0FBB1C3637AB1C11 | BASKET | DOUBLE | BEAD | GOLD | KT_10 | 1ct | imgs:3
[00:18:00][EMERALD] [3161] ? NIV-0FBB1C3637AB1C11 | BASKET | DOUBLE | BEAD | GOLD | KT_10 | 1ct | imgs:3
[00:18:03][EMERALD] [3162] ? NIV-4B6405062CAD615F | BASKET | DOUBLE | BEAD | GOLD | KT_10 | 1ct | imgs:3
[00:18:09][EMERALD] [3163] ? NIV-4B6405062CAD615F | BASKET | DOUBLE | BEAD | GOLD | KT_10 | 1ct | imgs:3
[00:18:12][EMERALD] [3164] ? NIV-4B6405062CAD615F | BASKET | DOUBLE | BEAD | GOLD | KT_10 | 1ct | imgs:3
[00:18:18][EMERALD] [3165] ? NIV-1B363BACC1B945DB | BASKET | DOUBLE | BEAD | GOLD | KT_14 | 1ct | imgs:3
[00:18:21][EMERALD] [3166] ? NIV-1B363BACC1B945DB | BASKET | DOUBLE | BEAD | GOLD | KT_14 | 1ct | imgs:3
[00:18:24][EMERALD] [3167] ? NIV-1B363BACC1B945DB | BASKET | DOUBLE | BEAD | GOLD | KT_14 | 1ct | imgs:3
[00:18:27][EMERALD] [3168] ? NIV-E073821E119C80D7 | BASKET | DOUBLE | BEAD | GOLD | KT_14 | 1ct | imgs:3
[00:18:30][EMERALD] [3169] ? NIV-E073821E119C80D7 | BASKET | DOUBLE | BEAD | GOLD | KT_14 | 1ct | imgs:3
[00:18:33][EMERALD] [3170] ? NIV-E073821E119C80D7 | BASKET | DOUBLE | BEAD | GOLD | KT_14 | 1ct | imgs:3
[00:18:36][EMERALD] [3171] ? NIV-356F5ED0C5EF6B57 | BASKET | DOUBLE | BEAD | GOLD | KT_14 | 1ct | imgs:3
[00:18:39][EMERALD] [3172] ? NIV-356F5ED0C5EF6B57 | BASKET | DOUBLE | BEAD | GOLD | KT_14 | 1ct | imgs:3
[00:18:42][EMERALD] [3173] ? NIV-356F5ED0C5EF6B57 | BASKET | DOUBLE | BEAD | GOLD | KT_14 | 1ct | imgs:3
[00:18:48][EMERALD] [3174] ? NIV-2287CB2833973EB6 | BASKET | DOUBLE | BEAD | GOLD | KT_18 | 1ct | imgs:3
[00:18:51][EMERALD] [3175] ? NIV-2287CB2833973EB6 | BASKET | DOUBLE | BEAD | GOLD | KT_18 | 1ct | imgs:3
[00:18:57][EMERALD] [3176] ? NIV-2287CB2833973EB6 | BASKET | DOUBLE | BEAD | GOLD | KT_18 | 1ct | imgs:3
[00:19:00][EMERALD] [3177] ? NIV-76EFD8D5D955A57A | BASKET | DOUBLE | BEAD | GOLD | KT_18 | 1ct | imgs:3
[00:19:06][EMERALD] [3178] ? NIV-76EFD8D5D955A57A | BASKET | DOUBLE | BEAD | GOLD | KT_18 | 1ct | imgs:3
[00:19:09][EMERALD] [3179] ? NIV-76EFD8D5D955A57A | BASKET | DOUBLE | BEAD | GOLD | KT_18 | 1ct | imgs:3
[00:19:12][EMERALD] [3180] ? NIV-793E4398E5874279 | BASKET | DOUBLE | BEAD | GOLD | KT_18 | 1ct | imgs:3
[00:19:18][EMERALD] [3181] ? NIV-793E4398E5874279 | BASKET | DOUBLE | BEAD | GOLD | KT_18 | 1ct | imgs:3
[00:19:21][EMERALD] [3182] ? NIV-793E4398E5874279 | BASKET | DOUBLE | BEAD | GOLD | KT_18 | 1ct | imgs:3
[00:19:24][EMERALD] [3183] ? NIV-7F4225969AADC9DD | BASKET | DOUBLE | BEAD | PLATINUM | PT_950 | 1ct | imgs:3
[00:19:30][EMERALD] [3184] ? NIV-0B0EF1463E47058E | BASKET | DOUBLE | BEAD | GOLD | KT_10 | 1ct | imgs:3
[00:19:33][EMERALD] [3185] ? NIV-0B0EF1463E47058E | BASKET | DOUBLE | BEAD | GOLD | KT_10 | 1ct | imgs:3
[00:19:39][EMERALD] [3186] ? NIV-0B0EF1463E47058E | BASKET | DOUBLE | BEAD | GOLD | KT_10 | 1ct | imgs:3
[00:19:42][EMERALD] [3187] ? NIV-6C8924A4095383BE | BASKET | DOUBLE | BEAD | GOLD | KT_10 | 1ct | imgs:3
[00:19:45][EMERALD] [3188] ? NIV-6C8924A4095383BE | BASKET | DOUBLE | BEAD | GOLD | KT_10 | 1ct | imgs:3
[00:19:51][EMERALD] [3189] ? NIV-6C8924A4095383BE | BASKET | DOUBLE | BEAD | GOLD | KT_10 | 1ct | imgs:3
[00:19:54][EMERALD] [3190] ? NIV-5920DD9BBBA81320 | BASKET | DOUBLE | BEAD | GOLD | KT_10 | 1ct | imgs:3
[00:20:00][EMERALD] [3191] ? NIV-5920DD9BBBA81320 | BASKET | DOUBLE | BEAD | GOLD | KT_10 | 1ct | imgs:3
[00:20:06][EMERALD] [3192] ? NIV-5920DD9BBBA81320 | BASKET | DOUBLE | BEAD | GOLD | KT_10 | 1ct | imgs:3
[00:20:09][EMERALD] [3193] ? NIV-C1633F520FF5A093 | BASKET | DOUBLE | BEAD | GOLD | KT_14 | 1ct | imgs:3
[00:20:15][EMERALD] [3194] ? NIV-C1633F520FF5A093 | BASKET | DOUBLE | BEAD | GOLD | KT_14 | 1ct | imgs:3
[00:20:18][EMERALD] [3195] ? NIV-C1633F520FF5A093 | BASKET | DOUBLE | BEAD | GOLD | KT_14 | 1ct | imgs:3
[00:20:21][EMERALD] [3196] ? NIV-A7203B175AEC4F5F | BASKET | DOUBLE | BEAD | GOLD | KT_14 | 1ct | imgs:3
[00:20:24][EMERALD] [3197] ? NIV-A7203B175AEC4F5F | BASKET | DOUBLE | BEAD | GOLD | KT_14 | 1ct | imgs:3
[00:20:30][EMERALD] [3198] ? NIV-A7203B175AEC4F5F | BASKET | DOUBLE | BEAD | GOLD | KT_14 | 1ct | imgs:3
[00:20:33][EMERALD] [3199] ? NIV-A3850FDDD1A51B95 | BASKET | DOUBLE | BEAD | GOLD | KT_14 | 1ct | imgs:3
[00:20:36][EMERALD] [3200] ? NIV-A3850FDDD1A51B95 | BASKET | DOUBLE | BEAD | GOLD | KT_14 | 1ct | imgs:3
[00:20:42][EMERALD] [3201] ? NIV-A3850FDDD1A51B95 | BASKET | DOUBLE | BEAD | GOLD | KT_14 | 1ct | imgs:3
[00:20:45][EMERALD] [3202] ? NIV-71B331A8370AB92F | BASKET | DOUBLE | BEAD | GOLD | KT_18 | 1ct | imgs:3
[00:20:51][EMERALD] [3203] ? NIV-71B331A8370AB92F | BASKET | DOUBLE | BEAD | GOLD | KT_18 | 1ct | imgs:3
[00:20:54][EMERALD] [3204] ? NIV-71B331A8370AB92F | BASKET | DOUBLE | BEAD | GOLD | KT_18 | 1ct | imgs:3
[00:20:57][EMERALD] [3205] ? NIV-72D69B508FAFE41B | BASKET | DOUBLE | BEAD | GOLD | KT_18 | 1ct | imgs:3
[00:21:00][EMERALD] [3206] ? NIV-72D69B508FAFE41B | BASKET | DOUBLE | BEAD | GOLD | KT_18 | 1ct | imgs:3
[00:21:06][EMERALD] [3207] ? NIV-72D69B508FAFE41B | BASKET | DOUBLE | BEAD | GOLD | KT_18 | 1ct | imgs:3
[00:21:09][EMERALD] [3208] ? NIV-F08555DD5CC9D047 | BASKET | DOUBLE | BEAD | GOLD | KT_18 | 1ct | imgs:3
[00:21:12][EMERALD] [3209] ? NIV-F08555DD5CC9D047 | BASKET | DOUBLE | BEAD | GOLD | KT_18 | 1ct | imgs:3
[00:21:15][EMERALD] [3210] ? NIV-F08555DD5CC9D047 | BASKET | DOUBLE | BEAD | GOLD | KT_18 | 1ct | imgs:3
[00:21:18][EMERALD] [3211] ? NIV-B65C0AE4B77D495A | BASKET | DOUBLE | BEAD | PLATINUM | PT_950 | 1ct | imgs:3
[00:21:21][EMERALD] [3212] ? NIV-6555692DB4A02DD5 | BASKET | DOUBLE | BEAD | GOLD | KT_10 | 1ct | imgs:3
[00:21:27][EMERALD] [3213] ? NIV-6555692DB4A02DD5 | BASKET | DOUBLE | BEAD | GOLD | KT_10 | 1ct | imgs:3
[00:21:30][EMERALD] [3214] ? NIV-6555692DB4A02DD5 | BASKET | DOUBLE | BEAD | GOLD | KT_10 | 1ct | imgs:3
[00:21:33][EMERALD] [3215] ? NIV-49A124DF7C19AFCA | BASKET | DOUBLE | BEAD | GOLD | KT_10 | 1ct | imgs:3
[00:21:36][EMERALD] [3216] ? NIV-49A124DF7C19AFCA | BASKET | DOUBLE | BEAD | GOLD | KT_10 | 1ct | imgs:3
[00:21:42][EMERALD] [3217] ? NIV-49A124DF7C19AFCA | BASKET | DOUBLE | BEAD | GOLD | KT_10 | 1ct | imgs:3
[00:21:45][EMERALD] [3218] ? NIV-026BB9844A6E31EB | BASKET | DOUBLE | BEAD | GOLD | KT_10 | 1ct | imgs:3
[00:21:48][EMERALD] [3219] ? NIV-026BB9844A6E31EB | BASKET | DOUBLE | BEAD | GOLD | KT_10 | 1ct | imgs:3
[00:21:54][EMERALD] [3220] ? NIV-026BB9844A6E31EB | BASKET | DOUBLE | BEAD | GOLD | KT_10 | 1ct | imgs:3
[00:21:57][EMERALD] [3221] ? NIV-EA4403FB5BA1AC3E | BASKET | DOUBLE | BEAD | GOLD | KT_14 | 1ct | imgs:3
[00:22:00][EMERALD] [3222] ? NIV-EA4403FB5BA1AC3E | BASKET | DOUBLE | BEAD | GOLD | KT_14 | 1ct | imgs:3
[00:22:06][EMERALD] [3223] ? NIV-EA4403FB5BA1AC3E | BASKET | DOUBLE | BEAD | GOLD | KT_14 | 1ct | imgs:3
[00:22:09][EMERALD] [3224] ? NIV-D38F0C827A69DB36 | BASKET | DOUBLE | BEAD | GOLD | KT_14 | 1ct | imgs:3
[00:22:12][EMERALD] [3225] ? NIV-D38F0C827A69DB36 | BASKET | DOUBLE | BEAD | GOLD | KT_14 | 1ct | imgs:3
[00:22:18][EMERALD] [3226] ? NIV-D38F0C827A69DB36 | BASKET | DOUBLE | BEAD | GOLD | KT_14 | 1ct | imgs:3
[00:22:21][EMERALD] [3227] ? NIV-8D05ECCC5BEA8B5E | BASKET | DOUBLE | BEAD | GOLD | KT_14 | 1ct | imgs:3
[00:22:24][EMERALD] [3228] ? NIV-8D05ECCC5BEA8B5E | BASKET | DOUBLE | BEAD | GOLD | KT_14 | 1ct | imgs:3
[00:22:30][EMERALD] [3229] ? NIV-8D05ECCC5BEA8B5E | BASKET | DOUBLE | BEAD | GOLD | KT_14 | 1ct | imgs:3
[00:22:33][EMERALD] [3230] ? NIV-E4C2D385559C1741 | BASKET | DOUBLE | BEAD | GOLD | KT_18 | 1ct | imgs:3
[00:22:36][EMERALD] [3231] ? NIV-E4C2D385559C1741 | BASKET | DOUBLE | BEAD | GOLD | KT_18 | 1ct | imgs:3
[00:22:42][EMERALD] [3232] ? NIV-E4C2D385559C1741 | BASKET | DOUBLE | BEAD | GOLD | KT_18 | 1ct | imgs:3
[00:22:45][EMERALD] [3233] ? NIV-75AE70EA6D123DF3 | BASKET | DOUBLE | BEAD | GOLD | KT_18 | 1ct | imgs:3
[00:22:48][EMERALD] [3234] ? NIV-75AE70EA6D123DF3 | BASKET | DOUBLE | BEAD | GOLD | KT_18 | 1ct | imgs:3
[00:22:51][EMERALD] [3235] ? NIV-75AE70EA6D123DF3 | BASKET | DOUBLE | BEAD | GOLD | KT_18 | 1ct | imgs:3
[00:22:54][EMERALD] [3236] ? NIV-2AA149E4F57AFCC3 | BASKET | DOUBLE | BEAD | GOLD | KT_18 | 1ct | imgs:3
[00:22:57][EMERALD] [3237] ? NIV-2AA149E4F57AFCC3 | BASKET | DOUBLE | BEAD | GOLD | KT_18 | 1ct | imgs:3
[00:23:03][EMERALD] [3238] ? NIV-2AA149E4F57AFCC3 | BASKET | DOUBLE | BEAD | GOLD | KT_18 | 1ct | imgs:3
[00:23:06][EMERALD] [3239] ? NIV-B4C7291153E43F0D | BASKET | DOUBLE | BEAD | PLATINUM | PT_950 | 1ct | imgs:3
[00:23:15][EMERALD] [3240] ? NIV-B6162543371F06FE | BASKET | DOUBLE | BEAD | GOLD | KT_10 | 1ct | imgs:3
[00:23:18][EMERALD] [3241] ? NIV-B6162543371F06FE | BASKET | DOUBLE | BEAD | GOLD | KT_10 | 1ct | imgs:3
[00:23:21][EMERALD] [3242] ? NIV-B6162543371F06FE | BASKET | DOUBLE | BEAD | GOLD | KT_10 | 1ct | imgs:3
[00:23:24][EMERALD] [3243] ? NIV-592A7567CA9F96A3 | BASKET | DOUBLE | BEAD | GOLD | KT_10 | 1ct | imgs:3
[00:23:30][EMERALD] [3244] ? NIV-592A7567CA9F96A3 | BASKET | DOUBLE | BEAD | GOLD | KT_10 | 1ct | imgs:3
[00:23:33][EMERALD] [3245] ? NIV-592A7567CA9F96A3 | BASKET | DOUBLE | BEAD | GOLD | KT_10 | 1ct | imgs:3
[00:23:36][EMERALD] [3246] ? NIV-4F9BC9F87901204A | BASKET | DOUBLE | BEAD | GOLD | KT_10 | 1ct | imgs:3
[00:23:39][EMERALD] [3247] ? NIV-4F9BC9F87901204A | BASKET | DOUBLE | BEAD | GOLD | KT_10 | 1ct | imgs:3
[00:23:42][EMERALD] [3248] ? NIV-4F9BC9F87901204A | BASKET | DOUBLE | BEAD | GOLD | KT_10 | 1ct | imgs:3
[00:23:46][EMERALD] [3249] ? NIV-9EB9A97E972C61EB | BASKET | DOUBLE | BEAD | GOLD | KT_14 | 1ct | imgs:3
[00:23:51][EMERALD] [3250] ? NIV-9EB9A97E972C61EB | BASKET | DOUBLE | BEAD | GOLD | KT_14 | 1ct | imgs:3
[00:23:54][EMERALD] [3251] ? NIV-9EB9A97E972C61EB | BASKET | DOUBLE | BEAD | GOLD | KT_14 | 1ct | imgs:3
[00:23:57][EMERALD] [3252] ? NIV-A9BB2078C55691DB | BASKET | DOUBLE | BEAD | GOLD | KT_14 | 1ct | imgs:3
[00:24:00][EMERALD] [3253] ? NIV-A9BB2078C55691DB | BASKET | DOUBLE | BEAD | GOLD | KT_14 | 1ct | imgs:3
[00:24:06][EMERALD] [3254] ? NIV-A9BB2078C55691DB | BASKET | DOUBLE | BEAD | GOLD | KT_14 | 1ct | imgs:3
[00:24:09][EMERALD] [3255] ? NIV-11945ABF127B24EE | BASKET | DOUBLE | BEAD | GOLD | KT_14 | 1ct | imgs:3
[00:24:12][EMERALD] [3256] ? NIV-11945ABF127B24EE | BASKET | DOUBLE | BEAD | GOLD | KT_14 | 1ct | imgs:3
[00:24:18][EMERALD] [3257] ? NIV-11945ABF127B24EE | BASKET | DOUBLE | BEAD | GOLD | KT_14 | 1ct | imgs:3
[00:24:24][EMERALD] [3258] ? NIV-6C79B9A7713E3FCF | BASKET | DOUBLE | BEAD | GOLD | KT_18 | 1ct | imgs:3
[00:24:27][EMERALD] [3259] ? NIV-6C79B9A7713E3FCF | BASKET | DOUBLE | BEAD | GOLD | KT_18 | 1ct | imgs:3
[00:24:30][EMERALD] [3260] ? NIV-6C79B9A7713E3FCF | BASKET | DOUBLE | BEAD | GOLD | KT_18 | 1ct | imgs:3
[00:24:33][EMERALD] [3261] ? NIV-58B5DB9A5CFACB59 | BASKET | DOUBLE | BEAD | GOLD | KT_18 | 1ct | imgs:3
[00:24:39][EMERALD] [3262] ? NIV-58B5DB9A5CFACB59 | BASKET | DOUBLE | BEAD | GOLD | KT_18 | 1ct | imgs:3
[00:24:42][EMERALD] [3263] ? NIV-58B5DB9A5CFACB59 | BASKET | DOUBLE | BEAD | GOLD | KT_18 | 1ct | imgs:3
[00:24:45][EMERALD] [3264] ? NIV-AE6D773ADD6FC703 | BASKET | DOUBLE | BEAD | GOLD | KT_18 | 1ct | imgs:3
[00:24:48][EMERALD] [3265] ? NIV-AE6D773ADD6FC703 | BASKET | DOUBLE | BEAD | GOLD | KT_18 | 1ct | imgs:3
[00:24:54][EMERALD] [3266] ? NIV-AE6D773ADD6FC703 | BASKET | DOUBLE | BEAD | GOLD | KT_18 | 1ct | imgs:3
[00:24:57][EMERALD] [3267] ? NIV-D17CAEB23AA8BF29 | BASKET | DOUBLE | BEAD | PLATINUM | PT_950 | 1ct | imgs:3
[00:25:03][EMERALD] [3268] ? NIV-F620A5CCBD85AA5C | BASKET | DOUBLE | BEAD | GOLD | KT_10 | 1ct | imgs:3
[00:25:06][EMERALD] [3269] ? NIV-F620A5CCBD85AA5C | BASKET | DOUBLE | BEAD | GOLD | KT_10 | 1ct | imgs:3
[00:25:12][EMERALD] [3270] ? NIV-F620A5CCBD85AA5C | BASKET | DOUBLE | BEAD | GOLD | KT_10 | 1ct | imgs:3
[00:25:15][EMERALD] [3271] ? NIV-F8DA608F8AA431D5 | BASKET | DOUBLE | BEAD | GOLD | KT_10 | 1ct | imgs:3
[00:25:18][EMERALD] [3272] ? NIV-F8DA608F8AA431D5 | BASKET | DOUBLE | BEAD | GOLD | KT_10 | 1ct | imgs:3
[00:25:24][EMERALD] [3273] ? NIV-F8DA608F8AA431D5 | BASKET | DOUBLE | BEAD | GOLD | KT_10 | 1ct | imgs:3
[00:25:27][EMERALD] [3274] ? NIV-CB466A3A43DFDDA8 | BASKET | DOUBLE | BEAD | GOLD | KT_10 | 1ct | imgs:3
[00:25:33][EMERALD] [3275] ? NIV-CB466A3A43DFDDA8 | BASKET | DOUBLE | BEAD | GOLD | KT_10 | 1ct | imgs:3
[00:25:36][EMERALD] [3276] ? NIV-CB466A3A43DFDDA8 | BASKET | DOUBLE | BEAD | GOLD | KT_10 | 1ct | imgs:3
[00:25:39][EMERALD] [3277] ? NIV-1E108BAA3EC6027F | BASKET | DOUBLE | BEAD | GOLD | KT_14 | 1ct | imgs:3
[00:25:42][EMERALD] [3278] ? NIV-1E108BAA3EC6027F | BASKET | DOUBLE | BEAD | GOLD | KT_14 | 1ct | imgs:3
[00:25:48][EMERALD] [3279] ? NIV-1E108BAA3EC6027F | BASKET | DOUBLE | BEAD | GOLD | KT_14 | 1ct | imgs:3
[00:25:51][EMERALD] [3280] ? NIV-EF4E70E33BCB6381 | BASKET | DOUBLE | BEAD | GOLD | KT_14 | 1ct | imgs:3
[00:25:54][EMERALD] [3281] ? NIV-EF4E70E33BCB6381 | BASKET | DOUBLE | BEAD | GOLD | KT_14 | 1ct | imgs:3
[00:26:00][EMERALD] [3282] ? NIV-EF4E70E33BCB6381 | BASKET | DOUBLE | BEAD | GOLD | KT_14 | 1ct | imgs:3
[00:26:03][EMERALD] [3283] ? NIV-E28C30A340F903BC | BASKET | DOUBLE | BEAD | GOLD | KT_14 | 1ct | imgs:3
[00:26:06][EMERALD] [3284] ? NIV-E28C30A340F903BC | BASKET | DOUBLE | BEAD | GOLD | KT_14 | 1ct | imgs:3
[00:26:12][EMERALD] [3285] ? NIV-E28C30A340F903BC | BASKET | DOUBLE | BEAD | GOLD | KT_14 | 1ct | imgs:3
[00:26:18][EMERALD] [3286] ? NIV-22A44E017C06C057 | BASKET | DOUBLE | BEAD | GOLD | KT_18 | 1ct | imgs:3
[00:26:21][EMERALD] [3287] ? NIV-22A44E017C06C057 | BASKET | DOUBLE | BEAD | GOLD | KT_18 | 1ct | imgs:3
[00:26:27][EMERALD] [3288] ? NIV-22A44E017C06C057 | BASKET | DOUBLE | BEAD | GOLD | KT_18 | 1ct | imgs:3
[00:26:30][EMERALD] [3289] ? NIV-995420D0EBB8B96E | BASKET | DOUBLE | BEAD | GOLD | KT_18 | 1ct | imgs:3
[00:26:36][EMERALD] [3290] ? NIV-995420D0EBB8B96E | BASKET | DOUBLE | BEAD | GOLD | KT_18 | 1ct | imgs:3
[00:26:42][EMERALD] [3291] ? NIV-995420D0EBB8B96E | BASKET | DOUBLE | BEAD | GOLD | KT_18 | 1ct | imgs:3
[00:26:45][EMERALD] [3292] ? NIV-95C35CFE0EC49374 | BASKET | DOUBLE | BEAD | GOLD | KT_18 | 1ct | imgs:3
[00:26:48][EMERALD] [3293] ? NIV-95C35CFE0EC49374 | BASKET | DOUBLE | BEAD | GOLD | KT_18 | 1ct | imgs:3
[00:26:54][EMERALD] [3294] ? NIV-95C35CFE0EC49374 | BASKET | DOUBLE | BEAD | GOLD | KT_18 | 1ct | imgs:3
[00:26:57][EMERALD] [3295] ? NIV-E9B0E96458FD0A78 | BASKET | DOUBLE | BEAD | PLATINUM | PT_950 | 1ct | imgs:3
[00:27:00][EMERALD] [3296] ? NIV-F9DBBD0B2A57CDC3 | BASKET | DOUBLE | BEAD | GOLD | KT_10 | 1ct | imgs:3
[00:27:06][EMERALD] [3297] ? NIV-F9DBBD0B2A57CDC3 | BASKET | DOUBLE | BEAD | GOLD | KT_10 | 1ct | imgs:3
[00:27:09][EMERALD] [3298] ? NIV-F9DBBD0B2A57CDC3 | BASKET | DOUBLE | BEAD | GOLD | KT_10 | 1ct | imgs:3
[00:27:12][EMERALD] [3299] ? NIV-E043D35348BAA501 | BASKET | DOUBLE | BEAD | GOLD | KT_10 | 1ct | imgs:3
[00:27:15][EMERALD] [3300] ? NIV-E043D35348BAA501 | BASKET | DOUBLE | BEAD | GOLD | KT_10 | 1ct | imgs:3
[00:27:21][EMERALD] [3301] ? NIV-E043D35348BAA501 | BASKET | DOUBLE | BEAD | GOLD | KT_10 | 1ct | imgs:3
[00:27:24][EMERALD] [3302] ? NIV-19C0039FDEDF4870 | BASKET | DOUBLE | BEAD | GOLD | KT_10 | 1ct | imgs:3
[00:27:27][EMERALD] [3303] ? NIV-19C0039FDEDF4870 | BASKET | DOUBLE | BEAD | GOLD | KT_10 | 1ct | imgs:3
[00:27:33][EMERALD] [3304] ? NIV-19C0039FDEDF4870 | BASKET | DOUBLE | BEAD | GOLD | KT_10 | 1ct | imgs:3
[00:27:39][EMERALD] [3305] ? NIV-DA0B957A48CA8EA5 | BASKET | DOUBLE | BEAD | GOLD | KT_14 | 1ct | imgs:3
[00:27:42][EMERALD] [3306] ? NIV-DA0B957A48CA8EA5 | BASKET | DOUBLE | BEAD | GOLD | KT_14 | 1ct | imgs:3
[00:27:45][EMERALD] [3307] ? NIV-DA0B957A48CA8EA5 | BASKET | DOUBLE | BEAD | GOLD | KT_14 | 1ct | imgs:3
[00:27:48][EMERALD] [3308] ? NIV-72D2CFDC2D34A7E6 | BASKET | DOUBLE | BEAD | GOLD | KT_14 | 1ct | imgs:3
[00:27:51][EMERALD] [3309] ? NIV-72D2CFDC2D34A7E6 | BASKET | DOUBLE | BEAD | GOLD | KT_14 | 1ct | imgs:3
[00:27:57][EMERALD] [3310] ? NIV-72D2CFDC2D34A7E6 | BASKET | DOUBLE | BEAD | GOLD | KT_14 | 1ct | imgs:3
[00:28:00][EMERALD] [3311] ? NIV-CD897648DE5691EF | BASKET | DOUBLE | BEAD | GOLD | KT_14 | 1ct | imgs:3
[00:28:03][EMERALD] [3312] ? NIV-CD897648DE5691EF | BASKET | DOUBLE | BEAD | GOLD | KT_14 | 1ct | imgs:3
[00:28:09][EMERALD] [3313] ? NIV-CD897648DE5691EF | BASKET | DOUBLE | BEAD | GOLD | KT_14 | 1ct | imgs:3
[00:28:12][EMERALD] [3314] ? NIV-00DD13E1EF64DB69 | BASKET | DOUBLE | BEAD | GOLD | KT_18 | 1ct | imgs:3
[00:28:18][EMERALD] [3315] ? NIV-00DD13E1EF64DB69 | BASKET | DOUBLE | BEAD | GOLD | KT_18 | 1ct | imgs:3
[00:28:21][EMERALD] [3316] ? NIV-00DD13E1EF64DB69 | BASKET | DOUBLE | BEAD | GOLD | KT_18 | 1ct | imgs:3
[00:28:24][EMERALD] [3317] ? NIV-E4C056AAFBCBB0B6 | BASKET | DOUBLE | BEAD | GOLD | KT_18 | 1ct | imgs:3
[00:28:27][EMERALD] [3318] ? NIV-E4C056AAFBCBB0B6 | BASKET | DOUBLE | BEAD | GOLD | KT_18 | 1ct | imgs:3
[00:28:33][EMERALD] [3319] ? NIV-E4C056AAFBCBB0B6 | BASKET | DOUBLE | BEAD | GOLD | KT_18 | 1ct | imgs:3
[00:28:36][EMERALD] [3320] ? NIV-571BB1192B46EBD8 | BASKET | DOUBLE | BEAD | GOLD | KT_18 | 1ct | imgs:3
[00:28:39][EMERALD] [3321] ? NIV-571BB1192B46EBD8 | BASKET | DOUBLE | BEAD | GOLD | KT_18 | 1ct | imgs:3
[00:28:45][EMERALD] [3322] ? NIV-571BB1192B46EBD8 | BASKET | DOUBLE | BEAD | GOLD | KT_18 | 1ct | imgs:3
[00:28:48][EMERALD] [3323] ? NIV-44DD95493DA60841 | BASKET | DOUBLE | BEAD | PLATINUM | PT_950 | 1ct | imgs:3
[00:28:54][EMERALD] [3324] ? NIV-4D0149724E7E3D59 | BASKET | DOUBLE | BEAD | GOLD | KT_10 | 1ct | imgs:3
[00:28:57][EMERALD] [3325] ? NIV-4D0149724E7E3D59 | BASKET | DOUBLE | BEAD | GOLD | KT_10 | 1ct | imgs:3
[00:29:03][EMERALD] [3326] ? NIV-4D0149724E7E3D59 | BASKET | DOUBLE | BEAD | GOLD | KT_10 | 1ct | imgs:3
[00:29:06][EMERALD] [3327] ? NIV-275A28D67900A74C | BASKET | DOUBLE | BEAD | GOLD | KT_10 | 1ct | imgs:3
[00:29:09][EMERALD] [3328] ? NIV-275A28D67900A74C | BASKET | DOUBLE | BEAD | GOLD | KT_10 | 1ct | imgs:3
[00:29:15][EMERALD] [3329] ? NIV-275A28D67900A74C | BASKET | DOUBLE | BEAD | GOLD | KT_10 | 1ct | imgs:3
[00:29:18][EMERALD] [3330] ? NIV-C8E2C3137F624282 | BASKET | DOUBLE | BEAD | GOLD | KT_10 | 1ct | imgs:3
[00:29:21][EMERALD] [3331] ? NIV-C8E2C3137F624282 | BASKET | DOUBLE | BEAD | GOLD | KT_10 | 1ct | imgs:3
[00:29:24][EMERALD] [3332] ? NIV-C8E2C3137F624282 | BASKET | DOUBLE | BEAD | GOLD | KT_10 | 1ct | imgs:3
[00:29:27][EMERALD] [3333] ? NIV-F2936D9649EE36C9 | BASKET | DOUBLE | BEAD | GOLD | KT_14 | 1ct | imgs:3
[00:29:33][EMERALD] [3334] ? NIV-F2936D9649EE36C9 | BASKET | DOUBLE | BEAD | GOLD | KT_14 | 1ct | imgs:3
[00:29:39][EMERALD] [3335] ? NIV-F2936D9649EE36C9 | BASKET | DOUBLE | BEAD | GOLD | KT_14 | 1ct | imgs:3
[00:29:42][EMERALD] [3336] ? NIV-E20FFD12464D54C0 | BASKET | DOUBLE | BEAD | GOLD | KT_14 | 1ct | imgs:3
[00:29:45][EMERALD] [3337] ? NIV-E20FFD12464D54C0 | BASKET | DOUBLE | BEAD | GOLD | KT_14 | 1ct | imgs:3
[00:29:51][EMERALD] [3338] ? NIV-E20FFD12464D54C0 | BASKET | DOUBLE | BEAD | GOLD | KT_14 | 1ct | imgs:3
[00:29:54][EMERALD] [3339] ? NIV-CC9BD4F54A41ECD4 | BASKET | DOUBLE | BEAD | GOLD | KT_14 | 1ct | imgs:3
[00:29:57][EMERALD] [3340] ? NIV-CC9BD4F54A41ECD4 | BASKET | DOUBLE | BEAD | GOLD | KT_14 | 1ct | imgs:3
[00:30:03][EMERALD] [3341] ? NIV-CC9BD4F54A41ECD4 | BASKET | DOUBLE | BEAD | GOLD | KT_14 | 1ct | imgs:3
[00:30:06][EMERALD] [3342] ? NIV-A0CE47F384BE731E | BASKET | DOUBLE | BEAD | GOLD | KT_18 | 1ct | imgs:3
[00:30:09][EMERALD] [3343] ? NIV-A0CE47F384BE731E | BASKET | DOUBLE | BEAD | GOLD | KT_18 | 1ct | imgs:3
[00:30:13][EMERALD] [3344] ? NIV-A0CE47F384BE731E | BASKET | DOUBLE | BEAD | GOLD | KT_18 | 1ct | imgs:3
[00:30:15][EMERALD] [3345] ? NIV-9E334BB789CAE636 | BASKET | DOUBLE | BEAD | GOLD | KT_18 | 1ct | imgs:3
[00:30:18][EMERALD] [3346] ? NIV-9E334BB789CAE636 | BASKET | DOUBLE | BEAD | GOLD | KT_18 | 1ct | imgs:3
[00:30:21][EMERALD] [3347] ? NIV-9E334BB789CAE636 | BASKET | DOUBLE | BEAD | GOLD | KT_18 | 1ct | imgs:3
[00:30:24][EMERALD] [3348] ? NIV-5F27E81A04615BA1 | BASKET | DOUBLE | BEAD | GOLD | KT_18 | 1ct | imgs:3
[00:30:27][EMERALD] [3349] ? NIV-5F27E81A04615BA1 | BASKET | DOUBLE | BEAD | GOLD | KT_18 | 1ct | imgs:3
[00:30:33][EMERALD] [3350] ? NIV-5F27E81A04615BA1 | BASKET | DOUBLE | BEAD | GOLD | KT_18 | 1ct | imgs:3
[00:30:36][EMERALD] [3351] ? NIV-5939BC525B3D8632 | BASKET | DOUBLE | BEAD | PLATINUM | PT_950 | 1ct | imgs:3
[00:30:42][EMERALD] [3352] ? NIV-7DB7C27F2FE03F32 | BASKET | DOUBLE | BEAD | GOLD | KT_10 | 1ct | imgs:3
[00:30:48][EMERALD] [3353] ? NIV-7DB7C27F2FE03F32 | BASKET | DOUBLE | BEAD | GOLD | KT_10 | 1ct | imgs:3
[00:30:51][EMERALD] [3354] ? NIV-7DB7C27F2FE03F32 | BASKET | DOUBLE | BEAD | GOLD | KT_10 | 1ct | imgs:3
[00:30:54][EMERALD] [3355] ? NIV-62BDDB206B511C9C | BASKET | DOUBLE | BEAD | GOLD | KT_10 | 1ct | imgs:3
[00:31:00][EMERALD] [3356] ? NIV-62BDDB206B511C9C | BASKET | DOUBLE | BEAD | GOLD | KT_10 | 1ct | imgs:3
[00:31:03][EMERALD] [3357] ? NIV-62BDDB206B511C9C | BASKET | DOUBLE | BEAD | GOLD | KT_10 | 1ct | imgs:3
[00:31:06][EMERALD] [3358] ? NIV-A13BFC5901ED9A84 | BASKET | DOUBLE | BEAD | GOLD | KT_10 | 1ct | imgs:3
[00:31:09][EMERALD] [3359] ? NIV-A13BFC5901ED9A84 | BASKET | DOUBLE | BEAD | GOLD | KT_10 | 1ct | imgs:3
[00:31:12][EMERALD] [3360] ? NIV-A13BFC5901ED9A84 | BASKET | DOUBLE | BEAD | GOLD | KT_10 | 1ct | imgs:3
[00:31:18][EMERALD] [3361] ? NIV-F8B5406FD3DCC0B7 | BASKET | DOUBLE | BEAD | GOLD | KT_14 | 1ct | imgs:3
[00:31:21][EMERALD] [3362] ? NIV-F8B5406FD3DCC0B7 | BASKET | DOUBLE | BEAD | GOLD | KT_14 | 1ct | imgs:3
[00:31:27][EMERALD] [3363] ? NIV-F8B5406FD3DCC0B7 | BASKET | DOUBLE | BEAD | GOLD | KT_14 | 1ct | imgs:3
[00:31:30][EMERALD] [3364] ? NIV-C102CA4DA8202FC0 | BASKET | DOUBLE | BEAD | GOLD | KT_14 | 1ct | imgs:3
[00:31:33][EMERALD] [3365] ? NIV-C102CA4DA8202FC0 | BASKET | DOUBLE | BEAD | GOLD | KT_14 | 1ct | imgs:3
[00:31:36][EMERALD] [3366] ? NIV-C102CA4DA8202FC0 | BASKET | DOUBLE | BEAD | GOLD | KT_14 | 1ct | imgs:3
[00:31:39][EMERALD] [3367] ? NIV-C377ACD7E4318A0E | BASKET | DOUBLE | BEAD | GOLD | KT_14 | 1ct | imgs:3
[00:31:42][EMERALD] [3368] ? NIV-C377ACD7E4318A0E | BASKET | DOUBLE | BEAD | GOLD | KT_14 | 1ct | imgs:3
[00:31:48][EMERALD] [3369] ? NIV-C377ACD7E4318A0E | BASKET | DOUBLE | BEAD | GOLD | KT_14 | 1ct | imgs:3
[00:31:51][EMERALD] [3370] ? NIV-DFE6049EC5D44FB5 | BASKET | DOUBLE | BEAD | GOLD | KT_18 | 1ct | imgs:3
[00:31:54][EMERALD] [3371] ? NIV-DFE6049EC5D44FB5 | BASKET | DOUBLE | BEAD | GOLD | KT_18 | 1ct | imgs:3
[00:32:00][EMERALD] [3372] ? NIV-DFE6049EC5D44FB5 | BASKET | DOUBLE | BEAD | GOLD | KT_18 | 1ct | imgs:3
[00:32:03][EMERALD] [3373] ? NIV-1D1296AC42D6DED0 | BASKET | DOUBLE | BEAD | GOLD | KT_18 | 1ct | imgs:3
[00:32:06][EMERALD] [3374] ? NIV-1D1296AC42D6DED0 | BASKET | DOUBLE | BEAD | GOLD | KT_18 | 1ct | imgs:3
[00:32:20][EMERALD] [3375] ? NIV-1D1296AC42D6DED0 | BASKET | DOUBLE | BEAD | GOLD | KT_18 | 1ct | imgs:1
[00:32:20][EMERALD]   Re-seleccionando EMERALD (intento 1)
[00:32:20][EMERALD]   Boton no encontrado ? recargando configurador...
[00:32:33][EMERALD]   Re-seleccionando EMERALD (intento 2)
[00:32:37][EMERALD] [3376] ? NIV-29DD8E52D3103B43 | BASKET | DOUBLE | BEAD | GOLD | KT_18 | 1ct | imgs:2
[00:32:39][EMERALD] [3377] ? NIV-022700432B17CE96 | BASKET | DOUBLE | BEAD | GOLD | KT_18 | 1ct | imgs:1
[00:32:41][EMERALD] [3378] ? NIV-4C58A4FB5312412D | BASKET | DOUBLE | BEAD | GOLD | KT_18 | 1ct | imgs:3
[00:32:48][EMERALD] [3379] ? NIV-DE75F99A88EA3D49 | BASKET | DOUBLE | BEAD | PLATINUM | PT_950 | 1ct | imgs:3
[00:32:59][EMERALD] [3380] ? NIV-3E6566E15858F994 | BASKET | DOUBLE | BEAD | GOLD | KT_10 | 1ct | imgs:3
[00:33:03][EMERALD] [3381] ? NIV-3E6566E15858F994 | BASKET | DOUBLE | BEAD | GOLD | KT_10 | 1ct | imgs:3
[00:33:09][EMERALD] [3382] ? NIV-3E6566E15858F994 | BASKET | DOUBLE | BEAD | GOLD | KT_10 | 1ct | imgs:3
[00:33:12][EMERALD] [3383] ? NIV-5E2C72B1021F8475 | BASKET | DOUBLE | BEAD | GOLD | KT_10 | 1ct | imgs:3
[00:33:18][EMERALD] [3384] ? NIV-5E2C72B1021F8475 | BASKET | DOUBLE | BEAD | GOLD | KT_10 | 1ct | imgs:3
[00:33:21][EMERALD] [3385] ? NIV-5E2C72B1021F8475 | BASKET | DOUBLE | BEAD | GOLD | KT_10 | 1ct | imgs:3
[00:33:24][EMERALD] [3386] ? NIV-B6C12105412F092C | BASKET | DOUBLE | BEAD | GOLD | KT_10 | 1ct | imgs:3
[00:33:27][EMERALD] [3387] ? NIV-B6C12105412F092C | BASKET | DOUBLE | BEAD | GOLD | KT_10 | 1ct | imgs:3
[00:33:32][EMERALD] [3388] ? NIV-B6C12105412F092C | BASKET | DOUBLE | BEAD | GOLD | KT_10 | 1ct | imgs:3
[00:33:37][EMERALD] [3389] ? NIV-CFEDF0243363AB29 | BASKET | DOUBLE | BEAD | GOLD | KT_14 | 1ct | imgs:3
[00:33:42][EMERALD] [3390] ? NIV-CFEDF0243363AB29 | BASKET | DOUBLE | BEAD | GOLD | KT_14 | 1ct | imgs:3
[00:33:45][EMERALD] [3391] ? NIV-CFEDF0243363AB29 | BASKET | DOUBLE | BEAD | GOLD | KT_14 | 1ct | imgs:3
[00:33:48][EMERALD] [3392] ? NIV-826AB88203889BC9 | BASKET | DOUBLE | BEAD | GOLD | KT_14 | 1ct | imgs:3
[00:33:51][EMERALD] [3393] ? NIV-826AB88203889BC9 | BASKET | DOUBLE | BEAD | GOLD | KT_14 | 1ct | imgs:3
[00:33:57][EMERALD] [3394] ? NIV-826AB88203889BC9 | BASKET | DOUBLE | BEAD | GOLD | KT_14 | 1ct | imgs:3
[00:34:01][EMERALD] [3395] ? NIV-FBCCB66AE461826F | BASKET | DOUBLE | BEAD | GOLD | KT_14 | 1ct | imgs:3
[00:34:06][EMERALD] [3396] ? NIV-FBCCB66AE461826F | BASKET | DOUBLE | BEAD | GOLD | KT_14 | 1ct | imgs:3
[00:34:09][EMERALD] [3397] ? NIV-FBCCB66AE461826F | BASKET | DOUBLE | BEAD | GOLD | KT_14 | 1ct | imgs:3
[00:34:12][EMERALD] [3398] ? NIV-212C30BDCE503BFB | BASKET | DOUBLE | BEAD | GOLD | KT_18 | 1ct | imgs:3
[00:34:18][EMERALD] [3399] ? NIV-212C30BDCE503BFB | BASKET | DOUBLE | BEAD | GOLD | KT_18 | 1ct | imgs:3
[00:34:21][EMERALD] [3400] ? NIV-212C30BDCE503BFB | BASKET | DOUBLE | BEAD | GOLD | KT_18 | 1ct | imgs:3
[00:34:24][EMERALD] [3401] ? NIV-D341397942DB6ECF | BASKET | DOUBLE | BEAD | GOLD | KT_18 | 1ct | imgs:3
[00:34:27][EMERALD] [3402] ? NIV-D341397942DB6ECF | BASKET | DOUBLE | BEAD | GOLD | KT_18 | 1ct | imgs:3
[00:34:33][EMERALD] [3403] ? NIV-D341397942DB6ECF | BASKET | DOUBLE | BEAD | GOLD | KT_18 | 1ct | imgs:3
[00:34:36][EMERALD] [3404] ? NIV-3FD60824C6CC280B | BASKET | DOUBLE | BEAD | GOLD | KT_18 | 1ct | imgs:3
[00:34:39][EMERALD] [3405] ? NIV-3FD60824C6CC280B | BASKET | DOUBLE | BEAD | GOLD | KT_18 | 1ct | imgs:3
[00:34:45][EMERALD] [3406] ? NIV-3FD60824C6CC280B | BASKET | DOUBLE | BEAD | GOLD | KT_18 | 1ct | imgs:3
[00:34:48][EMERALD] [3407] ? NIV-0E616B037BBD27A6 | BASKET | DOUBLE | BEAD | PLATINUM | PT_950 | 1ct | imgs:3
[00:34:54][EMERALD] [3408] ? NIV-781AEB6128250050 | BASKET | DOUBLE_TWIST | NONE | GOLD | KT_10 | 1ct | imgs:3
[00:34:57][EMERALD] [3409] ? NIV-781AEB6128250050 | BASKET | DOUBLE_TWIST | NONE | GOLD | KT_10 | 1ct | imgs:3
[00:35:00][EMERALD] [3410] ? NIV-781AEB6128250050 | BASKET | DOUBLE_TWIST | NONE | GOLD | KT_10 | 1ct | imgs:3
[00:35:02][EMERALD] [3411] ? NIV-9254EE65AF73CF75 | BASKET | DOUBLE_TWIST | NONE | GOLD | KT_10 | 1ct | imgs:3
[00:35:06][EMERALD] [3412] ? NIV-9254EE65AF73CF75 | BASKET | DOUBLE_TWIST | NONE | GOLD | KT_10 | 1ct | imgs:3
[00:35:09][EMERALD] [3413] ? NIV-9254EE65AF73CF75 | BASKET | DOUBLE_TWIST | NONE | GOLD | KT_10 | 1ct | imgs:3
[00:35:12][EMERALD] [3414] ? NIV-18F04F7575AEB8F6 | BASKET | DOUBLE_TWIST | NONE | GOLD | KT_10 | 1ct | imgs:3
[00:35:18][EMERALD] [3415] ? NIV-18F04F7575AEB8F6 | BASKET | DOUBLE_TWIST | NONE | GOLD | KT_10 | 1ct | imgs:3
[00:35:21][EMERALD] [3416] ? NIV-18F04F7575AEB8F6 | BASKET | DOUBLE_TWIST | NONE | GOLD | KT_10 | 1ct | imgs:3
[00:35:27][EMERALD] [3417] ? NIV-13A4BDC282753E28 | BASKET | DOUBLE_TWIST | NONE | GOLD | KT_14 | 1ct | imgs:3
[00:35:30][EMERALD] [3418] ? NIV-13A4BDC282753E28 | BASKET | DOUBLE_TWIST | NONE | GOLD | KT_14 | 1ct | imgs:3
[00:35:36][EMERALD] [3419] ? NIV-13A4BDC282753E28 | BASKET | DOUBLE_TWIST | NONE | GOLD | KT_14 | 1ct | imgs:3
[00:35:42][EMERALD] [3420] ? NIV-798A34C3CBFF71E6 | BASKET | DOUBLE_TWIST | NONE | GOLD | KT_14 | 1ct | imgs:2
[00:35:47][EMERALD] [3421] ? NIV-798A34C3CBFF71E6 | BASKET | DOUBLE_TWIST | NONE | GOLD | KT_14 | 1ct | imgs:3
[00:35:51][EMERALD] [3422] ? NIV-798A34C3CBFF71E6 | BASKET | DOUBLE_TWIST | NONE | GOLD | KT_14 | 1ct | imgs:3
[00:35:53][EMERALD] [3423] ? NIV-2B338EE53474251F | BASKET | DOUBLE_TWIST | NONE | GOLD | KT_14 | 1ct | imgs:3
[00:35:57][EMERALD] [3424] ? NIV-2B338EE53474251F | BASKET | DOUBLE_TWIST | NONE | GOLD | KT_14 | 1ct | imgs:3
[00:36:00][EMERALD] [3425] ? NIV-2B338EE53474251F | BASKET | DOUBLE_TWIST | NONE | GOLD | KT_14 | 1ct | imgs:3
[00:36:03][EMERALD] [3426] ? NIV-06E51AFE4D67791B | BASKET | DOUBLE_TWIST | NONE | GOLD | KT_18 | 1ct | imgs:3
[00:36:06][EMERALD] [3427] ? NIV-06E51AFE4D67791B | BASKET | DOUBLE_TWIST | NONE | GOLD | KT_18 | 1ct | imgs:3
[00:36:12][EMERALD] [3428] ? NIV-06E51AFE4D67791B | BASKET | DOUBLE_TWIST | NONE | GOLD | KT_18 | 1ct | imgs:3
[00:36:14][EMERALD] [3429] ? NIV-65D2414883FCDDD7 | BASKET | DOUBLE_TWIST | NONE | GOLD | KT_18 | 1ct | imgs:3
[00:36:18][EMERALD] [3430] ? NIV-65D2414883FCDDD7 | BASKET | DOUBLE_TWIST | NONE | GOLD | KT_18 | 1ct | imgs:3
[00:36:21][EMERALD] [3431] ? NIV-65D2414883FCDDD7 | BASKET | DOUBLE_TWIST | NONE | GOLD | KT_18 | 1ct | imgs:3
[00:36:24][EMERALD] [3432] ? NIV-85D03B4D5944586D | BASKET | DOUBLE_TWIST | NONE | GOLD | KT_18 | 1ct | imgs:3
[00:36:27][EMERALD] [3433] ? NIV-85D03B4D5944586D | BASKET | DOUBLE_TWIST | NONE | GOLD | KT_18 | 1ct | imgs:3
[00:36:30][EMERALD] [3434] ? NIV-85D03B4D5944586D | BASKET | DOUBLE_TWIST | NONE | GOLD | KT_18 | 1ct | imgs:3
[00:36:33][EMERALD] [3435] ? NIV-DE5EC6CE640D8E61 | BASKET | DOUBLE_TWIST | NONE | PLATINUM | PT_950 | 1ct | imgs:3
[00:36:42][EMERALD] [3436] ? NIV-2F7986EA6DD67685 | BASKET | DOUBLE_TWIST | NONE | GOLD | KT_10 | 1ct | imgs:1
[00:36:45][EMERALD] [3437] ? NIV-B0805C9FD81A68F8 | BASKET | DOUBLE_TWIST | NONE | GOLD | KT_10 | 1ct | imgs:3
[00:36:48][EMERALD] [3438] ? NIV-ECFAC4EC42359BB7 | BASKET | DOUBLE_TWIST | NONE | GOLD | KT_10 | 1ct | imgs:3
[00:36:51][EMERALD] [3439] ? NIV-95D5DA4BCAED09E0 | BASKET | DOUBLE_TWIST | NONE | GOLD | KT_10 | 1ct | imgs:3
[00:36:55][EMERALD] [3440] ? NIV-21300B92575860B6 | BASKET | DOUBLE_TWIST | NONE | GOLD | KT_10 | 1ct | imgs:1
[00:36:57][EMERALD] [3441] ? NIV-8D4F1CCA797D505D | BASKET | DOUBLE_TWIST | NONE | GOLD | KT_10 | 1ct | imgs:3
[00:36:59][EMERALD] [3442] ? NIV-BE42968772521E0E | BASKET | DOUBLE_TWIST | NONE | GOLD | KT_10 | 1ct | imgs:3
[00:37:02][EMERALD] [3443] ? NIV-3D0A07456ABFEF36 | BASKET | DOUBLE_TWIST | NONE | GOLD | KT_10 | 1ct | imgs:3
[00:37:06][EMERALD] [3444] ? NIV-BEB0CA8E2703107E | BASKET | DOUBLE_TWIST | NONE | GOLD | KT_10 | 1ct | imgs:3
[00:37:10][EMERALD] [3445] ? NIV-2FE6D6AD12B795C4 | BASKET | DOUBLE_TWIST | NONE | GOLD | KT_14 | 1ct | imgs:3
[00:37:16][EMERALD] [3446] ? NIV-B046039C67865750 | BASKET | DOUBLE_TWIST | NONE | GOLD | KT_14 | 1ct | imgs:3
[00:37:20][EMERALD] [3447] ? NIV-D6551D278A88A848 | BASKET | DOUBLE_TWIST | NONE | GOLD | KT_14 | 1ct | imgs:3
[00:37:28][EMERALD] [3448] ? NIV-29AB5B1568638D6B | BASKET | DOUBLE_TWIST | NONE | GOLD | KT_14 | 1ct | imgs:3
[00:37:29][EMERALD] [3449] ? NIV-E7F4259744211D54 | BASKET | DOUBLE_TWIST | NONE | GOLD | KT_14 | 1ct | imgs:3
[00:37:32][EMERALD] [3450] ? NIV-8FD9FCCF9CC56104 | BASKET | DOUBLE_TWIST | NONE | GOLD | KT_14 | 1ct | imgs:3
[00:37:38][EMERALD] [3451] ? NIV-FAAF5050CE978856 | BASKET | DOUBLE_TWIST | NONE | GOLD | KT_14 | 1ct | imgs:3
[00:37:42][EMERALD] [3452] ? NIV-1544A810186B90BC | BASKET | DOUBLE_TWIST | NONE | GOLD | KT_14 | 1ct | imgs:3
[00:37:45][EMERALD] [3453] ? NIV-F35EFC3046496BD7 | BASKET | DOUBLE_TWIST | NONE | GOLD | KT_14 | 1ct | imgs:3
[00:37:50][EMERALD] [3454] ? NIV-E515A9E35CDE9AA3 | BASKET | DOUBLE_TWIST | NONE | GOLD | KT_18 | 1ct | imgs:3
[00:37:57][EMERALD] [3455] ? NIV-12A07E682A9AEC70 | BASKET | DOUBLE_TWIST | NONE | GOLD | KT_18 | 1ct | imgs:1
[00:37:59][EMERALD] [3456] ? NIV-16727C07D7525296 | BASKET | DOUBLE_TWIST | NONE | GOLD | KT_18 | 1ct | imgs:3
[00:38:03][EMERALD] [3457] ? NIV-D6D30E2CD3FFB2CA | BASKET | DOUBLE_TWIST | NONE | GOLD | KT_18 | 1ct | imgs:3
[00:38:05][EMERALD] [3458] ? NIV-9FB901210E8E3BAA | BASKET | DOUBLE_TWIST | NONE | GOLD | KT_18 | 1ct | imgs:3
[00:38:10][EMERALD] [3459] ? NIV-990FEA728A57E8BA | BASKET | DOUBLE_TWIST | NONE | GOLD | KT_18 | 1ct | imgs:1
[00:38:15][EMERALD] [3460] ? NIV-63104C0A1E6A2882 | BASKET | DOUBLE_TWIST | NONE | GOLD | KT_18 | 1ct | imgs:3
[00:38:18][EMERALD] [3461] ? NIV-E79E72FFD6E51DAA | BASKET | DOUBLE_TWIST | NONE | GOLD | KT_18 | 1ct | imgs:3
[00:38:21][EMERALD] [3462] ? NIV-2D5A053A24386B8B | BASKET | DOUBLE_TWIST | NONE | GOLD | KT_18 | 1ct | imgs:3
[00:38:24][EMERALD] [3463] ? NIV-41289BF98A040431 | BASKET | DOUBLE_TWIST | NONE | PLATINUM | PT_950 | 1ct | imgs:3
[00:38:26][EMERALD]   Re-seleccionando EMERALD (intento 1)
[00:38:29][EMERALD] [3464] ? NIV-2976C15504BEA6A1 | BASKET | DOUBLE_TWIST | NONE | GOLD | KT_10 | 1ct | imgs:3
[00:38:33][EMERALD] [3465] ? NIV-5F5A857F33EF336D | BASKET | DOUBLE_TWIST | NONE | GOLD | KT_10 | 1ct | imgs:3
[00:38:36][EMERALD] [3466] ? NIV-0617BAFFC8F22085 | BASKET | DOUBLE_TWIST | NONE | GOLD | KT_10 | 1ct | imgs:3
[00:38:41][EMERALD] [3467] ? NIV-DFD392AE87D500C9 | BASKET | DOUBLE_TWIST | NONE | GOLD | KT_10 | 1ct | imgs:3
[00:38:42][EMERALD] [3468] ? NIV-577E98AEF40A4E55 | BASKET | DOUBLE_TWIST | NONE | GOLD | KT_10 | 1ct | imgs:3
[00:38:45][EMERALD] [3469] ? NIV-61FD728ECCFBC03B | BASKET | DOUBLE_TWIST | NONE | GOLD | KT_10 | 1ct | imgs:3
[00:38:48][EMERALD] [3470] ? NIV-29DD8E52D3103B43 | BASKET | DOUBLE_TWIST | NONE | GOLD | KT_10 | 1ct | imgs:3
[00:38:50][EMERALD] [3471] ? NIV-022700432B17CE96 | BASKET | DOUBLE_TWIST | NONE | GOLD | KT_10 | 1ct | imgs:3
[00:38:53][EMERALD] [3472] ? NIV-4C58A4FB5312412D | BASKET | DOUBLE_TWIST | NONE | GOLD | KT_10 | 1ct | imgs:3
[00:39:00][EMERALD] [3473] ? NIV-81E6232CCE8CA806 | BASKET | DOUBLE_TWIST | NONE | GOLD | KT_14 | 1ct | imgs:3
[00:39:03][EMERALD] [3474] ? NIV-4C3578A90A6059BB | BASKET | DOUBLE_TWIST | NONE | GOLD | KT_14 | 1ct | imgs:3
[00:39:05][EMERALD] [3475] ? NIV-E25D858417889171 | BASKET | DOUBLE_TWIST | NONE | GOLD | KT_14 | 1ct | imgs:3
[00:39:09][EMERALD] [3476] ? NIV-D858673F8DBD7BA6 | BASKET | DOUBLE_TWIST | NONE | GOLD | KT_14 | 1ct | imgs:3
[00:39:15][EMERALD] [3477] ? NIV-E0402D71A5EDBF75 | BASKET | DOUBLE_TWIST | NONE | GOLD | KT_14 | 1ct | imgs:3
[00:39:17][EMERALD] [3478] ? NIV-24F4E28AF3790386 | BASKET | DOUBLE_TWIST | NONE | GOLD | KT_14 | 1ct | imgs:3
[00:39:21][EMERALD] [3479] ? NIV-EF4553EADC0F27DE | BASKET | DOUBLE_TWIST | NONE | GOLD | KT_14 | 1ct | imgs:3
[00:39:25][EMERALD] [3480] ? NIV-001E20217C64FE5F | BASKET | DOUBLE_TWIST | NONE | GOLD | KT_14 | 1ct | imgs:3
[00:39:27][EMERALD] [3481] ? NIV-5ACADED7F7C47728 | BASKET | DOUBLE_TWIST | NONE | GOLD | KT_14 | 1ct | imgs:3
[00:39:33][EMERALD] [3482] ? NIV-84C7F7530C70F70D | BASKET | DOUBLE_TWIST | NONE | GOLD | KT_18 | 1ct | imgs:3
[00:39:36][EMERALD] [3483] ? NIV-C58B0EAE6D5330BE | BASKET | DOUBLE_TWIST | NONE | GOLD | KT_18 | 1ct | imgs:3
[00:39:39][EMERALD] [3484] ? NIV-EAA574E805638E9C | BASKET | DOUBLE_TWIST | NONE | GOLD | KT_18 | 1ct | imgs:3
[00:39:42][EMERALD] [3485] ? NIV-8E441C273A81DF56 | BASKET | DOUBLE_TWIST | NONE | GOLD | KT_18 | 1ct | imgs:3
[00:39:46][EMERALD] [3486] ? NIV-C3AFBCCBEFFACDF6 | BASKET | DOUBLE_TWIST | NONE | GOLD | KT_18 | 1ct | imgs:3
[00:39:48][EMERALD] [3487] ? NIV-956C60F4CECC038F | BASKET | DOUBLE_TWIST | NONE | GOLD | KT_18 | 1ct | imgs:3
[00:39:51][EMERALD] [3488] ? NIV-D1FAB43C2D1A64D4 | BASKET | DOUBLE_TWIST | NONE | GOLD | KT_18 | 1ct | imgs:3
[00:39:54][EMERALD] [3489] ? NIV-D8A74E718B3EE441 | BASKET | DOUBLE_TWIST | NONE | GOLD | KT_18 | 1ct | imgs:3
[00:39:57][EMERALD] [3490] ? NIV-B24E12D244D82B84 | BASKET | DOUBLE_TWIST | NONE | GOLD | KT_18 | 1ct | imgs:3
[00:40:00][EMERALD] [3491] ? NIV-DE75F99A88EA3D49 | BASKET | DOUBLE_TWIST | NONE | PLATINUM | PT_950 | 1ct | imgs:3
[00:40:06][EMERALD] [3492] ? NIV-AC78CBA0F62BC297 | BASKET | DOUBLE_TWIST | U_PAVE | GOLD | KT_10 | 1ct | imgs:3
[00:40:12][EMERALD] [3493] ? NIV-AC78CBA0F62BC297 | BASKET | DOUBLE_TWIST | U_PAVE | GOLD | KT_10 | 1ct | imgs:3
[00:40:15][EMERALD] [3494] ? NIV-AC78CBA0F62BC297 | BASKET | DOUBLE_TWIST | U_PAVE | GOLD | KT_10 | 1ct | imgs:3
[00:40:18][EMERALD] [3495] ? NIV-61D80F68AA7E6FFF | BASKET | DOUBLE_TWIST | U_PAVE | GOLD | KT_10 | 1ct | imgs:3
[00:40:24][EMERALD] [3496] ? NIV-61D80F68AA7E6FFF | BASKET | DOUBLE_TWIST | U_PAVE | GOLD | KT_10 | 1ct | imgs:3
[00:40:27][EMERALD] [3497] ? NIV-61D80F68AA7E6FFF | BASKET | DOUBLE_TWIST | U_PAVE | GOLD | KT_10 | 1ct | imgs:3
[00:40:32][EMERALD] [3498] ? NIV-9AA250BE431B1156 | BASKET | DOUBLE_TWIST | U_PAVE | GOLD | KT_10 | 1ct | imgs:2
[00:40:36][EMERALD] [3499] ? NIV-9AA250BE431B1156 | BASKET | DOUBLE_TWIST | U_PAVE | GOLD | KT_10 | 1ct | imgs:3
[00:40:39][EMERALD] [3500] ? NIV-9AA250BE431B1156 | BASKET | DOUBLE_TWIST | U_PAVE | GOLD | KT_10 | 1ct | imgs:3
[00:40:43][EMERALD] [3501] ? NIV-D7922B9F18696CB9 | BASKET | DOUBLE_TWIST | U_PAVE | GOLD | KT_14 | 1ct | imgs:1
[00:40:48][EMERALD] [3502] ? NIV-D7922B9F18696CB9 | BASKET | DOUBLE_TWIST | U_PAVE | GOLD | KT_14 | 1ct | imgs:3
[00:40:54][EMERALD] [3503] ? NIV-D7922B9F18696CB9 | BASKET | DOUBLE_TWIST | U_PAVE | GOLD | KT_14 | 1ct | imgs:3
[00:40:57][EMERALD] [3504] ? NIV-5A63188C36EF5BDD | BASKET | DOUBLE_TWIST | U_PAVE | GOLD | KT_14 | 1ct | imgs:3
[00:41:02][EMERALD] [3505] ? NIV-5A63188C36EF5BDD | BASKET | DOUBLE_TWIST | U_PAVE | GOLD | KT_14 | 1ct | imgs:3
[00:41:06][EMERALD] [3506] ? NIV-5A63188C36EF5BDD | BASKET | DOUBLE_TWIST | U_PAVE | GOLD | KT_14 | 1ct | imgs:3
[00:41:09][EMERALD] [3507] ? NIV-82AD766379B97DD9 | BASKET | DOUBLE_TWIST | U_PAVE | GOLD | KT_14 | 1ct | imgs:3
[00:41:12][EMERALD] [3508] ? NIV-82AD766379B97DD9 | BASKET | DOUBLE_TWIST | U_PAVE | GOLD | KT_14 | 1ct | imgs:3
[00:41:15][EMERALD] [3509] ? NIV-82AD766379B97DD9 | BASKET | DOUBLE_TWIST | U_PAVE | GOLD | KT_14 | 1ct | imgs:3
[00:41:19][EMERALD] [3510] ? NIV-161EAA6A8F1A9089 | BASKET | DOUBLE_TWIST | U_PAVE | GOLD | KT_18 | 1ct | imgs:3
[00:41:24][EMERALD] [3511] ? NIV-161EAA6A8F1A9089 | BASKET | DOUBLE_TWIST | U_PAVE | GOLD | KT_18 | 1ct | imgs:3
[00:41:27][EMERALD] [3512] ? NIV-161EAA6A8F1A9089 | BASKET | DOUBLE_TWIST | U_PAVE | GOLD | KT_18 | 1ct | imgs:3
[00:41:29][EMERALD] [3513] ? NIV-C7AFB64CAC1D5E57 | BASKET | DOUBLE_TWIST | U_PAVE | GOLD | KT_18 | 1ct | imgs:3
[00:41:33][EMERALD] [3514] ? NIV-C7AFB64CAC1D5E57 | BASKET | DOUBLE_TWIST | U_PAVE | GOLD | KT_18 | 1ct | imgs:3
[00:41:39][EMERALD] [3515] ? NIV-C7AFB64CAC1D5E57 | BASKET | DOUBLE_TWIST | U_PAVE | GOLD | KT_18 | 1ct | imgs:3
[00:41:42][EMERALD] [3516] ? NIV-48D88B30E0B477EB | BASKET | DOUBLE_TWIST | U_PAVE | GOLD | KT_18 | 1ct | imgs:3
[00:41:45][EMERALD] [3517] ? NIV-48D88B30E0B477EB | BASKET | DOUBLE_TWIST | U_PAVE | GOLD | KT_18 | 1ct | imgs:3
[00:41:51][EMERALD] [3518] ? NIV-48D88B30E0B477EB | BASKET | DOUBLE_TWIST | U_PAVE | GOLD | KT_18 | 1ct | imgs:3
[00:41:54][EMERALD] [3519] ? NIV-E5075AE80270A0AE | BASKET | DOUBLE_TWIST | U_PAVE | PLATINUM | PT_950 | 1ct | imgs:3
[00:42:00][EMERALD] [3520] ? NIV-5F5D85F26AC2AB42 | BASKET | DOUBLE_TWIST | U_PAVE | GOLD | KT_10 | 1ct | imgs:3
[00:42:06][EMERALD] [3521] ? NIV-5F5D85F26AC2AB42 | BASKET | DOUBLE_TWIST | U_PAVE | GOLD | KT_10 | 1ct | imgs:3
[00:42:12][EMERALD] [3522] ? NIV-5F5D85F26AC2AB42 | BASKET | DOUBLE_TWIST | U_PAVE | GOLD | KT_10 | 1ct | imgs:3
[00:42:15][EMERALD] [3523] ? NIV-5389FA3B9F2D15F1 | BASKET | DOUBLE_TWIST | U_PAVE | GOLD | KT_10 | 1ct | imgs:3
[00:42:18][EMERALD] [3524] ? NIV-5389FA3B9F2D15F1 | BASKET | DOUBLE_TWIST | U_PAVE | GOLD | KT_10 | 1ct | imgs:3
[00:42:21][EMERALD] [3525] ? NIV-5389FA3B9F2D15F1 | BASKET | DOUBLE_TWIST | U_PAVE | GOLD | KT_10 | 1ct | imgs:3
[00:42:23][EMERALD] [3526] ? NIV-C43FC6EAE3CDBA33 | BASKET | DOUBLE_TWIST | U_PAVE | GOLD | KT_10 | 1ct | imgs:3
[00:42:27][EMERALD] [3527] ? NIV-C43FC6EAE3CDBA33 | BASKET | DOUBLE_TWIST | U_PAVE | GOLD | KT_10 | 1ct | imgs:3
[00:42:30][EMERALD] [3528] ? NIV-C43FC6EAE3CDBA33 | BASKET | DOUBLE_TWIST | U_PAVE | GOLD | KT_10 | 1ct | imgs:3
[00:42:35][EMERALD] [3529] ? NIV-97A1623ECE541DD7 | BASKET | DOUBLE_TWIST | U_PAVE | GOLD | KT_14 | 1ct | imgs:1
[00:42:39][EMERALD] [3530] ? NIV-97A1623ECE541DD7 | BASKET | DOUBLE_TWIST | U_PAVE | GOLD | KT_14 | 1ct | imgs:3
[00:42:42][EMERALD] [3531] ? NIV-97A1623ECE541DD7 | BASKET | DOUBLE_TWIST | U_PAVE | GOLD | KT_14 | 1ct | imgs:3
[00:42:45][EMERALD] [3532] ? NIV-384604681F398C4F | BASKET | DOUBLE_TWIST | U_PAVE | GOLD | KT_14 | 1ct | imgs:3
[00:42:48][EMERALD] [3533] ? NIV-384604681F398C4F | BASKET | DOUBLE_TWIST | U_PAVE | GOLD | KT_14 | 1ct | imgs:3
[00:42:51][EMERALD] [3534] ? NIV-384604681F398C4F | BASKET | DOUBLE_TWIST | U_PAVE | GOLD | KT_14 | 1ct | imgs:3
[00:42:54][EMERALD] [3535] ? NIV-46DF8A71C89CAF20 | BASKET | DOUBLE_TWIST | U_PAVE | GOLD | KT_14 | 1ct | imgs:3
[00:43:00][EMERALD] [3536] ? NIV-46DF8A71C89CAF20 | BASKET | DOUBLE_TWIST | U_PAVE | GOLD | KT_14 | 1ct | imgs:3
[00:43:03][EMERALD] [3537] ? NIV-46DF8A71C89CAF20 | BASKET | DOUBLE_TWIST | U_PAVE | GOLD | KT_14 | 1ct | imgs:3
[00:43:06][EMERALD] [3538] ? NIV-227A724F253AC4BC | BASKET | DOUBLE_TWIST | U_PAVE | GOLD | KT_18 | 1ct | imgs:3
[00:43:09][EMERALD] [3539] ? NIV-227A724F253AC4BC | BASKET | DOUBLE_TWIST | U_PAVE | GOLD | KT_18 | 1ct | imgs:3
[00:43:15][EMERALD] [3540] ? NIV-227A724F253AC4BC | BASKET | DOUBLE_TWIST | U_PAVE | GOLD | KT_18 | 1ct | imgs:3
[00:43:18][EMERALD] [3541] ? NIV-200D3B598735D614 | BASKET | DOUBLE_TWIST | U_PAVE | GOLD | KT_18 | 1ct | imgs:3
[00:43:21][EMERALD] [3542] ? NIV-200D3B598735D614 | BASKET | DOUBLE_TWIST | U_PAVE | GOLD | KT_18 | 1ct | imgs:3
[00:43:27][EMERALD] [3543] ? NIV-200D3B598735D614 | BASKET | DOUBLE_TWIST | U_PAVE | GOLD | KT_18 | 1ct | imgs:3
[00:43:30][EMERALD] [3544] ? NIV-C6717B7799527684 | BASKET | DOUBLE_TWIST | U_PAVE | GOLD | KT_18 | 1ct | imgs:3
[00:43:33][EMERALD] [3545] ? NIV-C6717B7799527684 | BASKET | DOUBLE_TWIST | U_PAVE | GOLD | KT_18 | 1ct | imgs:3
[00:43:36][EMERALD] [3546] ? NIV-C6717B7799527684 | BASKET | DOUBLE_TWIST | U_PAVE | GOLD | KT_18 | 1ct | imgs:3
[00:43:38][EMERALD] [3547] ? NIV-DE0DB900D748AB72 | BASKET | DOUBLE_TWIST | U_PAVE | PLATINUM | PT_950 | 1ct | imgs:3
[00:43:42][EMERALD] [3548] ? NIV-8561179530FF9B19 | BASKET | DOUBLE_TWIST | U_PAVE | GOLD | KT_10 | 1ct | imgs:3
[00:43:48][EMERALD] [3549] ? NIV-8561179530FF9B19 | BASKET | DOUBLE_TWIST | U_PAVE | GOLD | KT_10 | 1ct | imgs:3
[00:43:51][EMERALD] [3550] ? NIV-8561179530FF9B19 | BASKET | DOUBLE_TWIST | U_PAVE | GOLD | KT_10 | 1ct | imgs:3
[00:43:54][EMERALD] [3551] ? NIV-C1DE8A3CF6F83FEB | BASKET | DOUBLE_TWIST | U_PAVE | GOLD | KT_10 | 1ct | imgs:3
[00:43:57][EMERALD] [3552] ? NIV-C1DE8A3CF6F83FEB | BASKET | DOUBLE_TWIST | U_PAVE | GOLD | KT_10 | 1ct | imgs:3
[00:44:00][EMERALD] [3553] ? NIV-C1DE8A3CF6F83FEB | BASKET | DOUBLE_TWIST | U_PAVE | GOLD | KT_10 | 1ct | imgs:3
[00:44:03][EMERALD] [3554] ? NIV-E15DE5E70DC3DB96 | BASKET | DOUBLE_TWIST | U_PAVE | GOLD | KT_10 | 1ct | imgs:2
[00:44:09][EMERALD] [3555] ? NIV-E15DE5E70DC3DB96 | BASKET | DOUBLE_TWIST | U_PAVE | GOLD | KT_10 | 1ct | imgs:3
[00:44:12][EMERALD] [3556] ? NIV-E15DE5E70DC3DB96 | BASKET | DOUBLE_TWIST | U_PAVE | GOLD | KT_10 | 1ct | imgs:3
[00:44:15][EMERALD] [3557] ? NIV-69A5C2C22032988B | BASKET | DOUBLE_TWIST | U_PAVE | GOLD | KT_14 | 1ct | imgs:3
[00:44:21][EMERALD] [3558] ? NIV-69A5C2C22032988B | BASKET | DOUBLE_TWIST | U_PAVE | GOLD | KT_14 | 1ct | imgs:3
[00:44:24][EMERALD] [3559] ? NIV-69A5C2C22032988B | BASKET | DOUBLE_TWIST | U_PAVE | GOLD | KT_14 | 1ct | imgs:3
[00:44:27][EMERALD] [3560] ? NIV-B150C028AEFE595B | BASKET | DOUBLE_TWIST | U_PAVE | GOLD | KT_14 | 1ct | imgs:3
[00:44:33][EMERALD] [3561] ? NIV-B150C028AEFE595B | BASKET | DOUBLE_TWIST | U_PAVE | GOLD | KT_14 | 1ct | imgs:3
[00:44:36][EMERALD] [3562] ? NIV-B150C028AEFE595B | BASKET | DOUBLE_TWIST | U_PAVE | GOLD | KT_14 | 1ct | imgs:3
[00:44:39][EMERALD] [3563] ? NIV-8BFB28F0C993DF39 | BASKET | DOUBLE_TWIST | U_PAVE | GOLD | KT_14 | 1ct | imgs:3
[00:44:42][EMERALD] [3564] ? NIV-8BFB28F0C993DF39 | BASKET | DOUBLE_TWIST | U_PAVE | GOLD | KT_14 | 1ct | imgs:3
[00:44:48][EMERALD] [3565] ? NIV-8BFB28F0C993DF39 | BASKET | DOUBLE_TWIST | U_PAVE | GOLD | KT_14 | 1ct | imgs:3
[00:44:54][EMERALD] [3566] ? NIV-486FC45A00208C82 | BASKET | DOUBLE_TWIST | U_PAVE | GOLD | KT_18 | 1ct | imgs:3
[00:44:57][EMERALD] [3567] ? NIV-486FC45A00208C82 | BASKET | DOUBLE_TWIST | U_PAVE | GOLD | KT_18 | 1ct | imgs:3
[00:45:03][EMERALD] [3568] ? NIV-486FC45A00208C82 | BASKET | DOUBLE_TWIST | U_PAVE | GOLD | KT_18 | 1ct | imgs:3
[00:45:06][EMERALD] [3569] ? NIV-F1D076A2C0DD34B4 | BASKET | DOUBLE_TWIST | U_PAVE | GOLD | KT_18 | 1ct | imgs:3
[00:45:09][EMERALD] [3570] ? NIV-F1D076A2C0DD34B4 | BASKET | DOUBLE_TWIST | U_PAVE | GOLD | KT_18 | 1ct | imgs:3
[00:45:15][EMERALD] [3571] ? NIV-F1D076A2C0DD34B4 | BASKET | DOUBLE_TWIST | U_PAVE | GOLD | KT_18 | 1ct | imgs:3
[00:45:18][EMERALD] [3572] ? NIV-868CD5A93D722B94 | BASKET | DOUBLE_TWIST | U_PAVE | GOLD | KT_18 | 1ct | imgs:3
[00:45:21][EMERALD] [3573] ? NIV-868CD5A93D722B94 | BASKET | DOUBLE_TWIST | U_PAVE | GOLD | KT_18 | 1ct | imgs:3
[00:45:27][EMERALD] [3574] ? NIV-868CD5A93D722B94 | BASKET | DOUBLE_TWIST | U_PAVE | GOLD | KT_18 | 1ct | imgs:3
[00:45:30][EMERALD] [3575] ? NIV-DB8752B67AE38A68 | BASKET | DOUBLE_TWIST | U_PAVE | PLATINUM | PT_950 | 1ct | imgs:3
[00:45:36][EMERALD] [3576] ? NIV-7B4772EF35DAF56D | BASKET | DOUBLE_TWIST | U_PAVE | GOLD | KT_10 | 1ct | imgs:3
[00:45:42][EMERALD] [3577] ? NIV-7B4772EF35DAF56D | BASKET | DOUBLE_TWIST | U_PAVE | GOLD | KT_10 | 1ct | imgs:3
[00:45:45][EMERALD] [3578] ? NIV-7B4772EF35DAF56D | BASKET | DOUBLE_TWIST | U_PAVE | GOLD | KT_10 | 1ct | imgs:3
[00:45:48][EMERALD] [3579] ? NIV-EDABC89AA78C7AB7 | BASKET | DOUBLE_TWIST | U_PAVE | GOLD | KT_10 | 1ct | imgs:3
[00:45:53][EMERALD] [3580] ? NIV-EDABC89AA78C7AB7 | BASKET | DOUBLE_TWIST | U_PAVE | GOLD | KT_10 | 1ct | imgs:3
[00:45:57][EMERALD] [3581] ? NIV-EDABC89AA78C7AB7 | BASKET | DOUBLE_TWIST | U_PAVE | GOLD | KT_10 | 1ct | imgs:3
[00:46:01][EMERALD] [3582] ? NIV-A35337ED05D984CF | BASKET | DOUBLE_TWIST | U_PAVE | GOLD | KT_10 | 1ct | imgs:1
[00:46:05][EMERALD] [3583] ? NIV-A35337ED05D984CF | BASKET | DOUBLE_TWIST | U_PAVE | GOLD | KT_10 | 1ct | imgs:3
[00:46:09][EMERALD] [3584] ? NIV-A35337ED05D984CF | BASKET | DOUBLE_TWIST | U_PAVE | GOLD | KT_10 | 1ct | imgs:3
[00:46:12][EMERALD] [3585] ? NIV-EFAD60F691006280 | BASKET | DOUBLE_TWIST | U_PAVE | GOLD | KT_14 | 1ct | imgs:3
[00:46:15][EMERALD] [3586] ? NIV-EFAD60F691006280 | BASKET | DOUBLE_TWIST | U_PAVE | GOLD | KT_14 | 1ct | imgs:3
[00:46:21][EMERALD] [3587] ? NIV-EFAD60F691006280 | BASKET | DOUBLE_TWIST | U_PAVE | GOLD | KT_14 | 1ct | imgs:3
[00:46:25][EMERALD] [3588] ? NIV-43E26BD0EF618E3D | BASKET | DOUBLE_TWIST | U_PAVE | GOLD | KT_14 | 1ct | imgs:1
[00:46:30][EMERALD] [3589] ? NIV-43E26BD0EF618E3D | BASKET | DOUBLE_TWIST | U_PAVE | GOLD | KT_14 | 1ct | imgs:3
[00:46:33][EMERALD] [3590] ? NIV-43E26BD0EF618E3D | BASKET | DOUBLE_TWIST | U_PAVE | GOLD | KT_14 | 1ct | imgs:3
[00:46:36][EMERALD] [3591] ? NIV-7CEE95150BEB2542 | BASKET | DOUBLE_TWIST | U_PAVE | GOLD | KT_14 | 1ct | imgs:3
[00:46:39][EMERALD] [3592] ? NIV-7CEE95150BEB2542 | BASKET | DOUBLE_TWIST | U_PAVE | GOLD | KT_14 | 1ct | imgs:3
[00:46:45][EMERALD] [3593] ? NIV-7CEE95150BEB2542 | BASKET | DOUBLE_TWIST | U_PAVE | GOLD | KT_14 | 1ct | imgs:3
[00:46:48][EMERALD] [3594] ? NIV-95B1995DEF2A519F | BASKET | DOUBLE_TWIST | U_PAVE | GOLD | KT_18 | 1ct | imgs:3
[00:46:53][EMERALD] [3595] ? NIV-95B1995DEF2A519F | BASKET | DOUBLE_TWIST | U_PAVE | GOLD | KT_18 | 1ct | imgs:3
[00:46:57][EMERALD] [3596] ? NIV-95B1995DEF2A519F | BASKET | DOUBLE_TWIST | U_PAVE | GOLD | KT_18 | 1ct | imgs:3
[00:46:59][EMERALD] [3597] ? NIV-2DEA7A00DAD1DCF0 | BASKET | DOUBLE_TWIST | U_PAVE | GOLD | KT_18 | 1ct | imgs:3
[00:47:03][EMERALD] [3598] ? NIV-2DEA7A00DAD1DCF0 | BASKET | DOUBLE_TWIST | U_PAVE | GOLD | KT_18 | 1ct | imgs:3
[00:47:09][EMERALD] [3599] ? NIV-2DEA7A00DAD1DCF0 | BASKET | DOUBLE_TWIST | U_PAVE | GOLD | KT_18 | 1ct | imgs:3
[00:47:12][EMERALD] [3600] ? NIV-D5A29B3D1A72B4A9 | BASKET | DOUBLE_TWIST | U_PAVE | GOLD | KT_18 | 1ct | imgs:3
[00:47:15][EMERALD] [3601] ? NIV-D5A29B3D1A72B4A9 | BASKET | DOUBLE_TWIST | U_PAVE | GOLD | KT_18 | 1ct | imgs:3
[00:47:18][EMERALD] [3602] ? NIV-D5A29B3D1A72B4A9 | BASKET | DOUBLE_TWIST | U_PAVE | GOLD | KT_18 | 1ct | imgs:3
[00:47:24][EMERALD] [3603] ? NIV-6DF1A9F4658EBAC8 | BASKET | DOUBLE_TWIST | U_PAVE | PLATINUM | PT_950 | 1ct | imgs:2
[00:47:30][EMERALD] [3604] ? NIV-C79ED4639EC8E8DC | BASKET | DOUBLE_TWIST | U_PAVE | GOLD | KT_10 | 1ct | imgs:3
[00:47:33][EMERALD] [3605] ? NIV-C79ED4639EC8E8DC | BASKET | DOUBLE_TWIST | U_PAVE | GOLD | KT_10 | 1ct | imgs:3
[00:47:39][EMERALD] [3606] ? NIV-C79ED4639EC8E8DC | BASKET | DOUBLE_TWIST | U_PAVE | GOLD | KT_10 | 1ct | imgs:3
[00:47:42][EMERALD] [3607] ? NIV-F5D868108A70F005 | BASKET | DOUBLE_TWIST | U_PAVE | GOLD | KT_10 | 1ct | imgs:3
[00:47:45][EMERALD] [3608] ? NIV-F5D868108A70F005 | BASKET | DOUBLE_TWIST | U_PAVE | GOLD | KT_10 | 1ct | imgs:3
[00:47:48][EMERALD] [3609] ? NIV-F5D868108A70F005 | BASKET | DOUBLE_TWIST | U_PAVE | GOLD | KT_10 | 1ct | imgs:3
[00:47:51][EMERALD] [3610] ? NIV-31DEADE9458CB465 | BASKET | DOUBLE_TWIST | U_PAVE | GOLD | KT_10 | 1ct | imgs:3
[00:47:54][EMERALD] [3611] ? NIV-31DEADE9458CB465 | BASKET | DOUBLE_TWIST | U_PAVE | GOLD | KT_10 | 1ct | imgs:3
[00:48:00][EMERALD] [3612] ? NIV-31DEADE9458CB465 | BASKET | DOUBLE_TWIST | U_PAVE | GOLD | KT_10 | 1ct | imgs:3
[00:48:03][EMERALD] [3613] ? NIV-4C6B8B122AA79ED1 | BASKET | DOUBLE_TWIST | U_PAVE | GOLD | KT_14 | 1ct | imgs:3
[00:48:09][EMERALD] [3614] ? NIV-4C6B8B122AA79ED1 | BASKET | DOUBLE_TWIST | U_PAVE | GOLD | KT_14 | 1ct | imgs:3
[00:48:12][EMERALD] [3615] ? NIV-4C6B8B122AA79ED1 | BASKET | DOUBLE_TWIST | U_PAVE | GOLD | KT_14 | 1ct | imgs:3
[00:48:14][EMERALD] [3616] ? NIV-FAE1EE52D34FD7CA | BASKET | DOUBLE_TWIST | U_PAVE | GOLD | KT_14 | 1ct | imgs:3
[00:48:18][EMERALD] [3617] ? NIV-FAE1EE52D34FD7CA | BASKET | DOUBLE_TWIST | U_PAVE | GOLD | KT_14 | 1ct | imgs:3
[00:48:21][EMERALD] [3618] ? NIV-FAE1EE52D34FD7CA | BASKET | DOUBLE_TWIST | U_PAVE | GOLD | KT_14 | 1ct | imgs:3
[00:48:24][EMERALD] [3619] ? NIV-91C2528E38110239 | BASKET | DOUBLE_TWIST | U_PAVE | GOLD | KT_14 | 1ct | imgs:3
[00:48:27][EMERALD] [3620] ? NIV-91C2528E38110239 | BASKET | DOUBLE_TWIST | U_PAVE | GOLD | KT_14 | 1ct | imgs:3
[00:48:33][EMERALD] [3621] ? NIV-91C2528E38110239 | BASKET | DOUBLE_TWIST | U_PAVE | GOLD | KT_14 | 1ct | imgs:3
[00:48:36][EMERALD] [3622] ? NIV-E2F905D5F8E2C326 | BASKET | DOUBLE_TWIST | U_PAVE | GOLD | KT_18 | 1ct | imgs:3
[00:48:42][EMERALD] [3623] ? NIV-E2F905D5F8E2C326 | BASKET | DOUBLE_TWIST | U_PAVE | GOLD | KT_18 | 1ct | imgs:3
[00:48:45][EMERALD] [3624] ? NIV-E2F905D5F8E2C326 | BASKET | DOUBLE_TWIST | U_PAVE | GOLD | KT_18 | 1ct | imgs:3
[00:48:49][EMERALD] [3625] ? NIV-2DA1D80148FC8A45 | BASKET | DOUBLE_TWIST | U_PAVE | GOLD | KT_18 | 1ct | imgs:2
[00:48:54][EMERALD] [3626] ? NIV-2DA1D80148FC8A45 | BASKET | DOUBLE_TWIST | U_PAVE | GOLD | KT_18 | 1ct | imgs:3
[00:48:57][EMERALD] [3627] ? NIV-2DA1D80148FC8A45 | BASKET | DOUBLE_TWIST | U_PAVE | GOLD | KT_18 | 1ct | imgs:3
[00:48:59][EMERALD] [3628] ? NIV-D37C40461AF724E0 | BASKET | DOUBLE_TWIST | U_PAVE | GOLD | KT_18 | 1ct | imgs:3
[00:49:03][EMERALD] [3629] ? NIV-D37C40461AF724E0 | BASKET | DOUBLE_TWIST | U_PAVE | GOLD | KT_18 | 1ct | imgs:3
[00:49:08][EMERALD] [3630] ? NIV-D37C40461AF724E0 | BASKET | DOUBLE_TWIST | U_PAVE | GOLD | KT_18 | 1ct | imgs:3
[00:49:12][EMERALD] [3631] ? NIV-1970BB3A620ADF6A | BASKET | DOUBLE_TWIST | U_PAVE | PLATINUM | PT_950 | 1ct | imgs:3
[00:49:18][EMERALD] [3632] ? NIV-D6DC4E3C07EF0EF5 | BASKET | DOUBLE_TWIST | U_PAVE | GOLD | KT_10 | 1ct | imgs:3
[00:49:21][EMERALD] [3633] ? NIV-D6DC4E3C07EF0EF5 | BASKET | DOUBLE_TWIST | U_PAVE | GOLD | KT_10 | 1ct | imgs:3
[00:49:24][EMERALD] [3634] ? NIV-D6DC4E3C07EF0EF5 | BASKET | DOUBLE_TWIST | U_PAVE | GOLD | KT_10 | 1ct | imgs:3
[00:49:27][EMERALD] [3635] ? NIV-7E781B3F97B778A0 | BASKET | DOUBLE_TWIST | U_PAVE | GOLD | KT_10 | 1ct | imgs:3
[00:49:32][EMERALD] [3636] ? NIV-7E781B3F97B778A0 | BASKET | DOUBLE_TWIST | U_PAVE | GOLD | KT_10 | 1ct | imgs:3
[00:49:36][EMERALD] [3637] ? NIV-7E781B3F97B778A0 | BASKET | DOUBLE_TWIST | U_PAVE | GOLD | KT_10 | 1ct | imgs:3
[00:49:39][EMERALD] [3638] ? NIV-F432F52AAFDD9F02 | BASKET | DOUBLE_TWIST | U_PAVE | GOLD | KT_10 | 1ct | imgs:3
[00:49:42][EMERALD] [3639] ? NIV-F432F52AAFDD9F02 | BASKET | DOUBLE_TWIST | U_PAVE | GOLD | KT_10 | 1ct | imgs:3
[00:49:48][EMERALD] [3640] ? NIV-F432F52AAFDD9F02 | BASKET | DOUBLE_TWIST | U_PAVE | GOLD | KT_10 | 1ct | imgs:3
[00:49:51][EMERALD] [3641] ? NIV-4E7ABCBB9F9E4724 | BASKET | DOUBLE_TWIST | U_PAVE | GOLD | KT_14 | 1ct | imgs:3
[00:49:54][EMERALD] [3642] ? NIV-4E7ABCBB9F9E4724 | BASKET | DOUBLE_TWIST | U_PAVE | GOLD | KT_14 | 1ct | imgs:3
[00:50:00][EMERALD] [3643] ? NIV-4E7ABCBB9F9E4724 | BASKET | DOUBLE_TWIST | U_PAVE | GOLD | KT_14 | 1ct | imgs:3
[00:50:02][EMERALD] [3644] ? NIV-09EB93EC20B72C1A | BASKET | DOUBLE_TWIST | U_PAVE | GOLD | KT_14 | 1ct | imgs:3
[00:50:08][EMERALD] [3645] ? NIV-09EB93EC20B72C1A | BASKET | DOUBLE_TWIST | U_PAVE | GOLD | KT_14 | 1ct | imgs:3
[00:50:12][EMERALD] [3646] ? NIV-09EB93EC20B72C1A | BASKET | DOUBLE_TWIST | U_PAVE | GOLD | KT_14 | 1ct | imgs:3
[00:50:15][EMERALD] [3647] ? NIV-4A99A0CA1CB2A4E7 | BASKET | DOUBLE_TWIST | U_PAVE | GOLD | KT_14 | 1ct | imgs:3
[00:50:18][EMERALD] [3648] ? NIV-4A99A0CA1CB2A4E7 | BASKET | DOUBLE_TWIST | U_PAVE | GOLD | KT_14 | 1ct | imgs:3
[00:50:24][EMERALD] [3649] ? NIV-4A99A0CA1CB2A4E7 | BASKET | DOUBLE_TWIST | U_PAVE | GOLD | KT_14 | 1ct | imgs:3
[00:50:27][EMERALD] [3650] ? NIV-D83E2CE9632CD31F | BASKET | DOUBLE_TWIST | U_PAVE | GOLD | KT_18 | 1ct | imgs:3
[00:50:30][EMERALD] [3651] ? NIV-D83E2CE9632CD31F | BASKET | DOUBLE_TWIST | U_PAVE | GOLD | KT_18 | 1ct | imgs:3
[00:50:35][EMERALD] [3652] ? NIV-D83E2CE9632CD31F | BASKET | DOUBLE_TWIST | U_PAVE | GOLD | KT_18 | 1ct | imgs:3
[00:50:39][EMERALD] [3653] ? NIV-A731BE7DCEFEEC65 | BASKET | DOUBLE_TWIST | U_PAVE | GOLD | KT_18 | 1ct | imgs:3
[00:50:42][EMERALD] [3654] ? NIV-A731BE7DCEFEEC65 | BASKET | DOUBLE_TWIST | U_PAVE | GOLD | KT_18 | 1ct | imgs:3
[00:50:48][EMERALD] [3655] ? NIV-A731BE7DCEFEEC65 | BASKET | DOUBLE_TWIST | U_PAVE | GOLD | KT_18 | 1ct | imgs:3
[00:50:50][EMERALD] [3656] ? NIV-7C8F6E76ADDCBA44 | BASKET | DOUBLE_TWIST | U_PAVE | GOLD | KT_18 | 1ct | imgs:3
[00:50:54][EMERALD] [3657] ? NIV-7C8F6E76ADDCBA44 | BASKET | DOUBLE_TWIST | U_PAVE | GOLD | KT_18 | 1ct | imgs:3
[00:50:57][EMERALD] [3658] ? NIV-7C8F6E76ADDCBA44 | BASKET | DOUBLE_TWIST | U_PAVE | GOLD | KT_18 | 1ct | imgs:3
[00:51:00][EMERALD] [3659] ? NIV-B1F43B1F3EAC6B2F | BASKET | DOUBLE_TWIST | U_PAVE | PLATINUM | PT_950 | 1ct | imgs:3
[00:51:08][EMERALD] [3660] ? NIV-391D98EEBD659037 | BASKET | DOUBLE_TWIST | U_PAVE | GOLD | KT_10 | 1ct | imgs:3
[00:51:15][EMERALD] [3661] ? NIV-391D98EEBD659037 | BASKET | DOUBLE_TWIST | U_PAVE | GOLD | KT_10 | 1ct | imgs:3
[00:51:18][EMERALD] [3662] ? NIV-391D98EEBD659037 | BASKET | DOUBLE_TWIST | U_PAVE | GOLD | KT_10 | 1ct | imgs:3
[00:51:21][EMERALD] [3663] ? NIV-3F6DA94E1DED6CE7 | BASKET | DOUBLE_TWIST | U_PAVE | GOLD | KT_10 | 1ct | imgs:3
[00:51:24][EMERALD] [3664] ? NIV-3F6DA94E1DED6CE7 | BASKET | DOUBLE_TWIST | U_PAVE | GOLD | KT_10 | 1ct | imgs:3
[00:51:30][EMERALD] [3665] ? NIV-3F6DA94E1DED6CE7 | BASKET | DOUBLE_TWIST | U_PAVE | GOLD | KT_10 | 1ct | imgs:3
[00:51:33][EMERALD] [3666] ? NIV-3D56BF8FA9DCE5F4 | BASKET | DOUBLE_TWIST | U_PAVE | GOLD | KT_10 | 1ct | imgs:1
[00:51:39][EMERALD] [3667] ? NIV-3D56BF8FA9DCE5F4 | BASKET | DOUBLE_TWIST | U_PAVE | GOLD | KT_10 | 1ct | imgs:3
[00:51:42][EMERALD] [3668] ? NIV-3D56BF8FA9DCE5F4 | BASKET | DOUBLE_TWIST | U_PAVE | GOLD | KT_10 | 1ct | imgs:3
[00:51:45][EMERALD] [3669] ? NIV-380A76C4E973CC60 | BASKET | DOUBLE_TWIST | U_PAVE | GOLD | KT_14 | 1ct | imgs:3
[00:51:48][EMERALD] [3670] ? NIV-380A76C4E973CC60 | BASKET | DOUBLE_TWIST | U_PAVE | GOLD | KT_14 | 1ct | imgs:3
[00:51:53][EMERALD] [3671] ? NIV-380A76C4E973CC60 | BASKET | DOUBLE_TWIST | U_PAVE | GOLD | KT_14 | 1ct | imgs:3
[00:51:57][EMERALD] [3672] ? NIV-1D2474D748FBE216 | BASKET | DOUBLE_TWIST | U_PAVE | GOLD | KT_14 | 1ct | imgs:3
[00:52:00][EMERALD] [3673] ? NIV-1D2474D748FBE216 | BASKET | DOUBLE_TWIST | U_PAVE | GOLD | KT_14 | 1ct | imgs:3
[00:52:06][EMERALD] [3674] ? NIV-1D2474D748FBE216 | BASKET | DOUBLE_TWIST | U_PAVE | GOLD | KT_14 | 1ct | imgs:3
[00:52:08][EMERALD] [3675] ? NIV-10345D823B11717A | BASKET | DOUBLE_TWIST | U_PAVE | GOLD | KT_14 | 1ct | imgs:3
[00:52:12][EMERALD] [3676] ? NIV-10345D823B11717A | BASKET | DOUBLE_TWIST | U_PAVE | GOLD | KT_14 | 1ct | imgs:3
[00:52:18][EMERALD] [3677] ? NIV-10345D823B11717A | BASKET | DOUBLE_TWIST | U_PAVE | GOLD | KT_14 | 1ct | imgs:3
[00:52:21][EMERALD] [3678] ? NIV-6D862E36203CE544 | BASKET | DOUBLE_TWIST | U_PAVE | GOLD | KT_18 | 1ct | imgs:3
[00:52:27][EMERALD] [3679] ? NIV-6D862E36203CE544 | BASKET | DOUBLE_TWIST | U_PAVE | GOLD | KT_18 | 1ct | imgs:3
[00:52:30][EMERALD] [3680] ? NIV-6D862E36203CE544 | BASKET | DOUBLE_TWIST | U_PAVE | GOLD | KT_18 | 1ct | imgs:3
[00:52:35][EMERALD] [3681] ? NIV-07F01D32682A683E | BASKET | DOUBLE_TWIST | U_PAVE | GOLD | KT_18 | 1ct | imgs:3
[00:52:39][EMERALD] [3682] ? NIV-07F01D32682A683E | BASKET | DOUBLE_TWIST | U_PAVE | GOLD | KT_18 | 1ct | imgs:3
[00:52:42][EMERALD] [3683] ? NIV-07F01D32682A683E | BASKET | DOUBLE_TWIST | U_PAVE | GOLD | KT_18 | 1ct | imgs:3
[00:52:45][EMERALD] [3684] ? NIV-D95EF666A8C3EEDF | BASKET | DOUBLE_TWIST | U_PAVE | GOLD | KT_18 | 1ct | imgs:1
[00:52:51][EMERALD] [3685] ? NIV-D95EF666A8C3EEDF | BASKET | DOUBLE_TWIST | U_PAVE | GOLD | KT_18 | 1ct | imgs:3
[00:52:54][EMERALD] [3686] ? NIV-D95EF666A8C3EEDF | BASKET | DOUBLE_TWIST | U_PAVE | GOLD | KT_18 | 1ct | imgs:3
[00:52:57][EMERALD] [3687] ? NIV-F0C5EA20907698FC | BASKET | DOUBLE_TWIST | U_PAVE | PLATINUM | PT_950 | 1ct | imgs:3
[00:53:02][EMERALD] [3688] ? NIV-5745FB5FCA006820 | BASKET | DOUBLE_TWIST | U_PAVE | GOLD | KT_10 | 1ct | imgs:3
[00:53:06][EMERALD] [3689] ? NIV-5745FB5FCA006820 | BASKET | DOUBLE_TWIST | U_PAVE | GOLD | KT_10 | 1ct | imgs:3
[00:53:11][EMERALD] [3690] ? NIV-5745FB5FCA006820 | BASKET | DOUBLE_TWIST | U_PAVE | GOLD | KT_10 | 1ct | imgs:3
[00:53:19][EMERALD] [3691] ? NIV-70D702C28E6DFA75 | BASKET | DOUBLE_TWIST | U_PAVE | GOLD | KT_10 | 1ct | imgs:3
[00:53:23][EMERALD] [3692] ? NIV-70D702C28E6DFA75 | BASKET | DOUBLE_TWIST | U_PAVE | GOLD | KT_10 | 1ct | imgs:3
[00:53:27][EMERALD] [3693] ? NIV-70D702C28E6DFA75 | BASKET | DOUBLE_TWIST | U_PAVE | GOLD | KT_10 | 1ct | imgs:3
[00:53:30][EMERALD] [3694] ? NIV-77FCF81CC9B772F9 | BASKET | DOUBLE_TWIST | U_PAVE | GOLD | KT_10 | 1ct | imgs:3
[00:53:33][EMERALD] [3695] ? NIV-77FCF81CC9B772F9 | BASKET | DOUBLE_TWIST | U_PAVE | GOLD | KT_10 | 1ct | imgs:3
[00:53:39][EMERALD] [3696] ? NIV-77FCF81CC9B772F9 | BASKET | DOUBLE_TWIST | U_PAVE | GOLD | KT_10 | 1ct | imgs:3
[00:53:42][EMERALD] [3697] ? NIV-14B3C28780D6872B | BASKET | DOUBLE_TWIST | U_PAVE | GOLD | KT_14 | 1ct | imgs:3
[00:53:45][EMERALD] [3698] ? NIV-14B3C28780D6872B | BASKET | DOUBLE_TWIST | U_PAVE | GOLD | KT_14 | 1ct | imgs:3
[00:53:51][EMERALD] [3699] ? NIV-14B3C28780D6872B | BASKET | DOUBLE_TWIST | U_PAVE | GOLD | KT_14 | 1ct | imgs:3
[00:53:54][EMERALD] [3700] ? NIV-DCDE1880EC5E3209 | BASKET | DOUBLE_TWIST | U_PAVE | GOLD | KT_14 | 1ct | imgs:3
[00:54:00][EMERALD] [3701] ? NIV-DCDE1880EC5E3209 | BASKET | DOUBLE_TWIST | U_PAVE | GOLD | KT_14 | 1ct | imgs:3
[00:54:06][EMERALD] [3702] ? NIV-DCDE1880EC5E3209 | BASKET | DOUBLE_TWIST | U_PAVE | GOLD | KT_14 | 1ct | imgs:3
[00:54:08][EMERALD] [3703] ? NIV-9BD5B5EBA4C8D786 | BASKET | DOUBLE_TWIST | U_PAVE | GOLD | KT_14 | 1ct | imgs:3
[00:54:12][EMERALD] [3704] ? NIV-9BD5B5EBA4C8D786 | BASKET | DOUBLE_TWIST | U_PAVE | GOLD | KT_14 | 1ct | imgs:3
[00:54:15][EMERALD] [3705] ? NIV-9BD5B5EBA4C8D786 | BASKET | DOUBLE_TWIST | U_PAVE | GOLD | KT_14 | 1ct | imgs:3
[00:54:22][EMERALD] [3706] ? NIV-B770CA9F038FEB19 | BASKET | DOUBLE_TWIST | U_PAVE | GOLD | KT_18 | 1ct | imgs:3
[00:54:27][EMERALD] [3707] ? NIV-B770CA9F038FEB19 | BASKET | DOUBLE_TWIST | U_PAVE | GOLD | KT_18 | 1ct | imgs:3
[00:54:30][EMERALD] [3708] ? NIV-B770CA9F038FEB19 | BASKET | DOUBLE_TWIST | U_PAVE | GOLD | KT_18 | 1ct | imgs:3
[00:54:38][EMERALD] [3709] ? NIV-5E3FE0A835CCC3FE | BASKET | DOUBLE_TWIST | U_PAVE | GOLD | KT_18 | 1ct | imgs:3
[00:54:42][EMERALD] [3710] ? NIV-5E3FE0A835CCC3FE | BASKET | DOUBLE_TWIST | U_PAVE | GOLD | KT_18 | 1ct | imgs:3
[00:54:45][EMERALD] [3711] ? NIV-5E3FE0A835CCC3FE | BASKET | DOUBLE_TWIST | U_PAVE | GOLD | KT_18 | 1ct | imgs:3
[00:54:48][EMERALD] [3712] ? NIV-6AA55F5E09169870 | BASKET | DOUBLE_TWIST | U_PAVE | GOLD | KT_18 | 1ct | imgs:2
[00:54:53][EMERALD] [3713] ? NIV-6AA55F5E09169870 | BASKET | DOUBLE_TWIST | U_PAVE | GOLD | KT_18 | 1ct | imgs:3
[00:54:57][EMERALD] [3714] ? NIV-6AA55F5E09169870 | BASKET | DOUBLE_TWIST | U_PAVE | GOLD | KT_18 | 1ct | imgs:3
[00:55:00][EMERALD] [3715] ? NIV-A94FAF6D63AD4919 | BASKET | DOUBLE_TWIST | U_PAVE | PLATINUM | PT_950 | 1ct | imgs:3
[00:55:06][EMERALD] [3716] ? NIV-337470E58EB27AE3 | BASKET | DOUBLE_TWIST | U_PAVE | GOLD | KT_10 | 1ct | imgs:3
[00:55:09][EMERALD] [3717] ? NIV-337470E58EB27AE3 | BASKET | DOUBLE_TWIST | U_PAVE | GOLD | KT_10 | 1ct | imgs:3
[00:55:15][EMERALD] [3718] ? NIV-337470E58EB27AE3 | BASKET | DOUBLE_TWIST | U_PAVE | GOLD | KT_10 | 1ct | imgs:3
[00:55:18][EMERALD] [3719] ? NIV-D2F07E38CC4AF6CC | BASKET | DOUBLE_TWIST | U_PAVE | GOLD | KT_10 | 1ct | imgs:3
[00:55:24][EMERALD] [3720] ? NIV-D2F07E38CC4AF6CC | BASKET | DOUBLE_TWIST | U_PAVE | GOLD | KT_10 | 1ct | imgs:3
[00:55:27][EMERALD] [3721] ? NIV-D2F07E38CC4AF6CC | BASKET | DOUBLE_TWIST | U_PAVE | GOLD | KT_10 | 1ct | imgs:3
[00:55:30][EMERALD] [3722] ? NIV-64853FF116820415 | BASKET | DOUBLE_TWIST | U_PAVE | GOLD | KT_10 | 1ct | imgs:1
[00:55:36][EMERALD] [3723] ? NIV-64853FF116820415 | BASKET | DOUBLE_TWIST | U_PAVE | GOLD | KT_10 | 1ct | imgs:3
[00:55:39][EMERALD] [3724] ? NIV-64853FF116820415 | BASKET | DOUBLE_TWIST | U_PAVE | GOLD | KT_10 | 1ct | imgs:3
[00:55:45][EMERALD] [3725] ? NIV-26FA374AFF39005E | BASKET | DOUBLE_TWIST | U_PAVE | GOLD | KT_14 | 1ct | imgs:3
[00:55:48][EMERALD] [3726] ? NIV-26FA374AFF39005E | BASKET | DOUBLE_TWIST | U_PAVE | GOLD | KT_14 | 1ct | imgs:3
[00:55:51][EMERALD] [3727] ? NIV-26FA374AFF39005E | BASKET | DOUBLE_TWIST | U_PAVE | GOLD | KT_14 | 1ct | imgs:3
[00:55:54][EMERALD] [3728] ? NIV-E7B5084B369A62FC | BASKET | DOUBLE_TWIST | U_PAVE | GOLD | KT_14 | 1ct | imgs:1
[00:55:57][EMERALD] [3729] ? NIV-E7B5084B369A62FC | BASKET | DOUBLE_TWIST | U_PAVE | GOLD | KT_14 | 1ct | imgs:3
[00:56:03][EMERALD] [3730] ? NIV-E7B5084B369A62FC | BASKET | DOUBLE_TWIST | U_PAVE | GOLD | KT_14 | 1ct | imgs:3
[00:56:06][EMERALD] [3731] ? NIV-1848BFA88C34B828 | BASKET | DOUBLE_TWIST | U_PAVE | GOLD | KT_14 | 1ct | imgs:3
[00:56:09][EMERALD] [3732] ? NIV-1848BFA88C34B828 | BASKET | DOUBLE_TWIST | U_PAVE | GOLD | KT_14 | 1ct | imgs:3
[00:56:15][EMERALD] [3733] ? NIV-1848BFA88C34B828 | BASKET | DOUBLE_TWIST | U_PAVE | GOLD | KT_14 | 1ct | imgs:3
[00:56:19][EMERALD] [3734] ? NIV-5851E75BA709D1A6 | BASKET | DOUBLE_TWIST | U_PAVE | GOLD | KT_18 | 1ct | imgs:1
[00:56:24][EMERALD] [3735] ? NIV-5851E75BA709D1A6 | BASKET | DOUBLE_TWIST | U_PAVE | GOLD | KT_18 | 1ct | imgs:3
[00:56:27][EMERALD] [3736] ? NIV-5851E75BA709D1A6 | BASKET | DOUBLE_TWIST | U_PAVE | GOLD | KT_18 | 1ct | imgs:3
[00:56:30][EMERALD] [3737] ? NIV-1225FC55E2387C10 | BASKET | DOUBLE_TWIST | U_PAVE | GOLD | KT_18 | 1ct | imgs:3
[00:56:33][EMERALD] [3738] ? NIV-1225FC55E2387C10 | BASKET | DOUBLE_TWIST | U_PAVE | GOLD | KT_18 | 1ct | imgs:3
[00:56:36][EMERALD] [3739] ? NIV-1225FC55E2387C10 | BASKET | DOUBLE_TWIST | U_PAVE | GOLD | KT_18 | 1ct | imgs:3
[00:56:39][EMERALD] [3740] ? NIV-1EAD6A3BAE3EA8AB | BASKET | DOUBLE_TWIST | U_PAVE | GOLD | KT_18 | 1ct | imgs:3
[00:56:42][EMERALD] [3741] ? NIV-1EAD6A3BAE3EA8AB | BASKET | DOUBLE_TWIST | U_PAVE | GOLD | KT_18 | 1ct | imgs:3
[00:56:47][EMERALD] [3742] ? NIV-1EAD6A3BAE3EA8AB | BASKET | DOUBLE_TWIST | U_PAVE | GOLD | KT_18 | 1ct | imgs:3
[00:56:51][EMERALD] [3743] ? NIV-28A22B48BC57A0A6 | BASKET | DOUBLE_TWIST | U_PAVE | PLATINUM | PT_950 | 1ct | imgs:3
[00:57:00][EMERALD] [3744] ? NIV-9F1A660AF50B9EA8 | BASKET | DOUBLE_TWIST | U_PAVE | GOLD | KT_10 | 1ct | imgs:3
[00:57:03][EMERALD] [3745] ? NIV-9F1A660AF50B9EA8 | BASKET | DOUBLE_TWIST | U_PAVE | GOLD | KT_10 | 1ct | imgs:3
[00:57:06][EMERALD] [3746] ? NIV-9F1A660AF50B9EA8 | BASKET | DOUBLE_TWIST | U_PAVE | GOLD | KT_10 | 1ct | imgs:3
[00:57:10][EMERALD] [3747] ? NIV-A043F11133048895 | BASKET | DOUBLE_TWIST | U_PAVE | GOLD | KT_10 | 1ct | imgs:3
[00:57:14][EMERALD] [3748] ? NIV-A043F11133048895 | BASKET | DOUBLE_TWIST | U_PAVE | GOLD | KT_10 | 1ct | imgs:3
[00:57:18][EMERALD] [3749] ? NIV-A043F11133048895 | BASKET | DOUBLE_TWIST | U_PAVE | GOLD | KT_10 | 1ct | imgs:3
[00:57:21][EMERALD] [3750] ? NIV-31D18ECDE92756FE | BASKET | DOUBLE_TWIST | U_PAVE | GOLD | KT_10 | 1ct | imgs:3
[00:57:27][EMERALD] [3751] ? NIV-31D18ECDE92756FE | BASKET | DOUBLE_TWIST | U_PAVE | GOLD | KT_10 | 1ct | imgs:3
[00:57:30][EMERALD] [3752] ? NIV-31D18ECDE92756FE | BASKET | DOUBLE_TWIST | U_PAVE | GOLD | KT_10 | 1ct | imgs:3
[00:57:36][EMERALD] [3753] ? NIV-D96CB31BD031841B | BASKET | DOUBLE_TWIST | U_PAVE | GOLD | KT_14 | 1ct | imgs:3
[00:57:39][EMERALD] [3754] ? NIV-D96CB31BD031841B | BASKET | DOUBLE_TWIST | U_PAVE | GOLD | KT_14 | 1ct | imgs:3
[00:57:44][EMERALD] [3755] ? NIV-D96CB31BD031841B | BASKET | DOUBLE_TWIST | U_PAVE | GOLD | KT_14 | 1ct | imgs:3
[00:57:47][EMERALD] [3756] ? NIV-2CB7511B01172963 | BASKET | DOUBLE_TWIST | U_PAVE | GOLD | KT_14 | 1ct | imgs:3
[00:57:51][EMERALD] [3757] ? NIV-2CB7511B01172963 | BASKET | DOUBLE_TWIST | U_PAVE | GOLD | KT_14 | 1ct | imgs:3
[00:57:54][EMERALD] [3758] ? NIV-2CB7511B01172963 | BASKET | DOUBLE_TWIST | U_PAVE | GOLD | KT_14 | 1ct | imgs:3
[00:57:57][EMERALD] [3759] ? NIV-E41A2310F97EB07C | BASKET | DOUBLE_TWIST | U_PAVE | GOLD | KT_14 | 1ct | imgs:3
[00:58:00][EMERALD] [3760] ? NIV-E41A2310F97EB07C | BASKET | DOUBLE_TWIST | U_PAVE | GOLD | KT_14 | 1ct | imgs:3
[00:58:03][EMERALD] [3761] ? NIV-E41A2310F97EB07C | BASKET | DOUBLE_TWIST | U_PAVE | GOLD | KT_14 | 1ct | imgs:3
[00:58:10][EMERALD] [3762] ? NIV-508BACFE94AC0958 | BASKET | DOUBLE_TWIST | U_PAVE | GOLD | KT_18 | 1ct | imgs:3
[00:58:15][EMERALD] [3763] ? NIV-508BACFE94AC0958 | BASKET | DOUBLE_TWIST | U_PAVE | GOLD | KT_18 | 1ct | imgs:3
[00:58:18][EMERALD] [3764] ? NIV-508BACFE94AC0958 | BASKET | DOUBLE_TWIST | U_PAVE | GOLD | KT_18 | 1ct | imgs:3
[00:58:21][EMERALD] [3765] ? NIV-532659C8AC8CB07F | BASKET | DOUBLE_TWIST | U_PAVE | GOLD | KT_18 | 1ct | imgs:3
[00:58:24][EMERALD] [3766] ? NIV-532659C8AC8CB07F | BASKET | DOUBLE_TWIST | U_PAVE | GOLD | KT_18 | 1ct | imgs:3
[00:58:30][EMERALD] [3767] ? NIV-532659C8AC8CB07F | BASKET | DOUBLE_TWIST | U_PAVE | GOLD | KT_18 | 1ct | imgs:3
[00:58:32][EMERALD] [3768] ? NIV-E5DEAEEA1E3B0168 | BASKET | DOUBLE_TWIST | U_PAVE | GOLD | KT_18 | 1ct | imgs:3
[00:58:36][EMERALD] [3769] ? NIV-E5DEAEEA1E3B0168 | BASKET | DOUBLE_TWIST | U_PAVE | GOLD | KT_18 | 1ct | imgs:3
[00:58:39][EMERALD] [3770] ? NIV-E5DEAEEA1E3B0168 | BASKET | DOUBLE_TWIST | U_PAVE | GOLD | KT_18 | 1ct | imgs:3
[00:58:42][EMERALD] [3771] ? NIV-31A7A38C16DAA3DE | BASKET | DOUBLE_TWIST | U_PAVE | PLATINUM | PT_950 | 1ct | imgs:3
[00:58:48][EMERALD] [3772] ? NIV-32F1CE7B3BE097E3 | BASKET | DOUBLE_TWIST | U_PAVE | GOLD | KT_10 | 1ct | imgs:3
[00:58:51][EMERALD] [3773] ? NIV-32F1CE7B3BE097E3 | BASKET | DOUBLE_TWIST | U_PAVE | GOLD | KT_10 | 1ct | imgs:3
[00:58:57][EMERALD] [3774] ? NIV-32F1CE7B3BE097E3 | BASKET | DOUBLE_TWIST | U_PAVE | GOLD | KT_10 | 1ct | imgs:3
[00:59:01][EMERALD] [3775] ? NIV-DD19BB62A5BC9625 | BASKET | DOUBLE_TWIST | U_PAVE | GOLD | KT_10 | 1ct | imgs:1
[00:59:06][EMERALD] [3776] ? NIV-DD19BB62A5BC9625 | BASKET | DOUBLE_TWIST | U_PAVE | GOLD | KT_10 | 1ct | imgs:3
[00:59:09][EMERALD] [3777] ? NIV-DD19BB62A5BC9625 | BASKET | DOUBLE_TWIST | U_PAVE | GOLD | KT_10 | 1ct | imgs:3
[00:59:12][EMERALD] [3778] ? NIV-3FFB254073E0DC17 | BASKET | DOUBLE_TWIST | U_PAVE | GOLD | KT_10 | 1ct | imgs:3
[00:59:15][EMERALD] [3779] ? NIV-3FFB254073E0DC17 | BASKET | DOUBLE_TWIST | U_PAVE | GOLD | KT_10 | 1ct | imgs:3
[00:59:18][EMERALD] [3780] ? NIV-3FFB254073E0DC17 | BASKET | DOUBLE_TWIST | U_PAVE | GOLD | KT_10 | 1ct | imgs:3
[00:59:21][EMERALD] [3781] ? NIV-2F74FD07C581D9F8 | BASKET | DOUBLE_TWIST | U_PAVE | GOLD | KT_14 | 1ct | imgs:3
[00:59:26][EMERALD] [3782] ? NIV-2F74FD07C581D9F8 | BASKET | DOUBLE_TWIST | U_PAVE | GOLD | KT_14 | 1ct | imgs:3
[00:59:30][EMERALD] [3783] ? NIV-2F74FD07C581D9F8 | BASKET | DOUBLE_TWIST | U_PAVE | GOLD | KT_14 | 1ct | imgs:3
[00:59:33][EMERALD] [3784] ? NIV-C4199F2E7A0BC2B0 | BASKET | DOUBLE_TWIST | U_PAVE | GOLD | KT_14 | 1ct | imgs:3
[00:59:36][EMERALD] [3785] ? NIV-C4199F2E7A0BC2B0 | BASKET | DOUBLE_TWIST | U_PAVE | GOLD | KT_14 | 1ct | imgs:3
[00:59:42][EMERALD] [3786] ? NIV-C4199F2E7A0BC2B0 | BASKET | DOUBLE_TWIST | U_PAVE | GOLD | KT_14 | 1ct | imgs:3
[00:59:47][EMERALD] [3787] ? NIV-44B09832B2240D48 | BASKET | DOUBLE_TWIST | U_PAVE | GOLD | KT_14 | 1ct | imgs:1
[00:59:51][EMERALD] [3788] ? NIV-44B09832B2240D48 | BASKET | DOUBLE_TWIST | U_PAVE | GOLD | KT_14 | 1ct | imgs:3
[00:59:57][EMERALD] [3789] ? NIV-44B09832B2240D48 | BASKET | DOUBLE_TWIST | U_PAVE | GOLD | KT_14 | 1ct | imgs:3
[01:00:00][EMERALD] [3790] ? NIV-68EC3B05AE23B9F8 | BASKET | DOUBLE_TWIST | U_PAVE | GOLD | KT_18 | 1ct | imgs:3
[01:00:03][EMERALD] [3791] ? NIV-68EC3B05AE23B9F8 | BASKET | DOUBLE_TWIST | U_PAVE | GOLD | KT_18 | 1ct | imgs:3
[01:00:06][EMERALD] [3792] ? NIV-68EC3B05AE23B9F8 | BASKET | DOUBLE_TWIST | U_PAVE | GOLD | KT_18 | 1ct | imgs:3
[01:00:08][EMERALD] [3793] ? NIV-0218312F05ED8721 | BASKET | DOUBLE_TWIST | U_PAVE | GOLD | KT_18 | 1ct | imgs:3
[01:00:12][EMERALD] [3794] ? NIV-0218312F05ED8721 | BASKET | DOUBLE_TWIST | U_PAVE | GOLD | KT_18 | 1ct | imgs:3
[01:00:15][EMERALD] [3795] ? NIV-0218312F05ED8721 | BASKET | DOUBLE_TWIST | U_PAVE | GOLD | KT_18 | 1ct | imgs:3
[01:00:21][EMERALD] [3796] ? NIV-75A7618BCC763323 | BASKET | DOUBLE_TWIST | U_PAVE | GOLD | KT_18 | 1ct | imgs:3
[01:00:26][EMERALD] [3797] ? NIV-75A7618BCC763323 | BASKET | DOUBLE_TWIST | U_PAVE | GOLD | KT_18 | 1ct | imgs:3
[01:00:30][EMERALD] [3798] ? NIV-75A7618BCC763323 | BASKET | DOUBLE_TWIST | U_PAVE | GOLD | KT_18 | 1ct | imgs:3
[01:00:33][EMERALD] [3799] ? NIV-0203AFD91425ADDB | BASKET | DOUBLE_TWIST | U_PAVE | PLATINUM | PT_950 | 1ct | imgs:3
[01:00:38][EMERALD] [3800] ? NIV-7B58F04A8942DF0C | BASKET | DOUBLE_TWIST | U_PAVE | GOLD | KT_10 | 1ct | imgs:3
[01:00:42][EMERALD] [3801] ? NIV-7B58F04A8942DF0C | BASKET | DOUBLE_TWIST | U_PAVE | GOLD | KT_10 | 1ct | imgs:3
[01:00:47][EMERALD] [3802] ? NIV-7B58F04A8942DF0C | BASKET | DOUBLE_TWIST | U_PAVE | GOLD | KT_10 | 1ct | imgs:3
[01:00:51][EMERALD] [3803] ? NIV-0A23276524120D48 | BASKET | DOUBLE_TWIST | U_PAVE | GOLD | KT_10 | 1ct | imgs:3
[01:00:56][EMERALD] [3804] ? NIV-0A23276524120D48 | BASKET | DOUBLE_TWIST | U_PAVE | GOLD | KT_10 | 1ct | imgs:3
[01:01:00][EMERALD] [3805] ? NIV-0A23276524120D48 | BASKET | DOUBLE_TWIST | U_PAVE | GOLD | KT_10 | 1ct | imgs:3
[01:01:03][EMERALD] [3806] ? NIV-2F3B561B54FED251 | BASKET | DOUBLE_TWIST | U_PAVE | GOLD | KT_10 | 1ct | imgs:3
[01:01:06][EMERALD] [3807] ? NIV-2F3B561B54FED251 | BASKET | DOUBLE_TWIST | U_PAVE | GOLD | KT_10 | 1ct | imgs:3
[01:01:12][EMERALD] [3808] ? NIV-2F3B561B54FED251 | BASKET | DOUBLE_TWIST | U_PAVE | GOLD | KT_10 | 1ct | imgs:3
[01:01:19][EMERALD] [3809] ? NIV-7DB4CC52A1D9F2C7 | BASKET | DOUBLE_TWIST | U_PAVE | GOLD | KT_14 | 1ct | imgs:1
[01:01:23][EMERALD] [3810] ? NIV-7DB4CC52A1D9F2C7 | BASKET | DOUBLE_TWIST | U_PAVE | GOLD | KT_14 | 1ct | imgs:3
[01:01:27][EMERALD] [3811] ? NIV-7DB4CC52A1D9F2C7 | BASKET | DOUBLE_TWIST | U_PAVE | GOLD | KT_14 | 1ct | imgs:3
[01:01:30][EMERALD] [3812] ? NIV-82ADD8637F9F823C | BASKET | DOUBLE_TWIST | U_PAVE | GOLD | KT_14 | 1ct | imgs:3
[01:01:33][EMERALD] [3813] ? NIV-82ADD8637F9F823C | BASKET | DOUBLE_TWIST | U_PAVE | GOLD | KT_14 | 1ct | imgs:3
[01:01:36][EMERALD] [3814] ? NIV-82ADD8637F9F823C | BASKET | DOUBLE_TWIST | U_PAVE | GOLD | KT_14 | 1ct | imgs:3
[01:01:41][EMERALD] [3815] ? NIV-1188306BC38F660F | BASKET | DOUBLE_TWIST | U_PAVE | GOLD | KT_14 | 1ct | imgs:3
[01:01:45][EMERALD] [3816] ? NIV-1188306BC38F660F | BASKET | DOUBLE_TWIST | U_PAVE | GOLD | KT_14 | 1ct | imgs:3
[01:01:51][EMERALD] [3817] ? NIV-1188306BC38F660F | BASKET | DOUBLE_TWIST | U_PAVE | GOLD | KT_14 | 1ct | imgs:3
[01:01:54][EMERALD] [3818] ? NIV-CC5AABDCB93C8D35 | BASKET | DOUBLE_TWIST | U_PAVE | GOLD | KT_18 | 1ct | imgs:3
[01:01:57][EMERALD] [3819] ? NIV-CC5AABDCB93C8D35 | BASKET | DOUBLE_TWIST | U_PAVE | GOLD | KT_18 | 1ct | imgs:3
[01:02:00][EMERALD]   Re-seleccionando EMERALD (intento 1)
[01:02:00][EMERALD]   Boton no encontrado ? recargando configurador...
[01:02:16][EMERALD]   Re-seleccionando EMERALD (intento 2)
[01:02:20][EMERALD] [3820] ? NIV-2976C15504BEA6A1 | BASKET | DOUBLE_TWIST | U_PAVE | GOLD | KT_18 | 1ct | imgs:3
[01:02:23][EMERALD] [3821] ? NIV-DFD392AE87D500C9 | BASKET | DOUBLE_TWIST | U_PAVE | GOLD | KT_18 | 1ct | imgs:3
[01:02:29][EMERALD] [3822] ? NIV-577E98AEF40A4E55 | BASKET | DOUBLE_TWIST | U_PAVE | GOLD | KT_18 | 1ct | imgs:3
[01:02:32][EMERALD] [3823] ? NIV-61FD728ECCFBC03B | BASKET | DOUBLE_TWIST | U_PAVE | GOLD | KT_18 | 1ct | imgs:3
[01:02:35][EMERALD] [3824] ? NIV-29DD8E52D3103B43 | BASKET | DOUBLE_TWIST | U_PAVE | GOLD | KT_18 | 1ct | imgs:3
[01:02:38][EMERALD] [3825] ? NIV-022700432B17CE96 | BASKET | DOUBLE_TWIST | U_PAVE | GOLD | KT_18 | 1ct | imgs:3
[01:02:41][EMERALD] [3826] ? NIV-4C58A4FB5312412D | BASKET | DOUBLE_TWIST | U_PAVE | GOLD | KT_18 | 1ct | imgs:3
[01:02:44][EMERALD] [3827] ? NIV-DE75F99A88EA3D49 | BASKET | DOUBLE_TWIST | U_PAVE | PLATINUM | PT_950 | 1ct | imgs:3
[01:02:50][EMERALD] [3828] ? NIV-CD227B9B07175F5F | BASKET | DOUBLE_TWIST | CHANNEL | GOLD | KT_10 | 1ct | imgs:3
[01:02:53][EMERALD] [3829] ? NIV-CD227B9B07175F5F | BASKET | DOUBLE_TWIST | CHANNEL | GOLD | KT_10 | 1ct | imgs:3
[01:02:59][EMERALD] [3830] ? NIV-CD227B9B07175F5F | BASKET | DOUBLE_TWIST | CHANNEL | GOLD | KT_10 | 1ct | imgs:3
[01:03:03][EMERALD] [3831] ? NIV-AE7F28C47F8D190A | BASKET | DOUBLE_TWIST | CHANNEL | GOLD | KT_10 | 1ct | imgs:3
[01:03:08][EMERALD] [3832] ? NIV-AE7F28C47F8D190A | BASKET | DOUBLE_TWIST | CHANNEL | GOLD | KT_10 | 1ct | imgs:3
[01:03:11][EMERALD] [3833] ? NIV-AE7F28C47F8D190A | BASKET | DOUBLE_TWIST | CHANNEL | GOLD | KT_10 | 1ct | imgs:3
[01:03:15][EMERALD] [3834] ? NIV-9E43316F3EF57666 | BASKET | DOUBLE_TWIST | CHANNEL | GOLD | KT_10 | 1ct | imgs:3
[01:03:20][EMERALD] [3835] ? NIV-9E43316F3EF57666 | BASKET | DOUBLE_TWIST | CHANNEL | GOLD | KT_10 | 1ct | imgs:3
[01:03:23][EMERALD] [3836] ? NIV-9E43316F3EF57666 | BASKET | DOUBLE_TWIST | CHANNEL | GOLD | KT_10 | 1ct | imgs:3
[01:03:29][EMERALD] [3837] ? NIV-F3736826154CFB3A | BASKET | DOUBLE_TWIST | CHANNEL | GOLD | KT_14 | 1ct | imgs:3
[01:03:32][EMERALD] [3838] ? NIV-F3736826154CFB3A | BASKET | DOUBLE_TWIST | CHANNEL | GOLD | KT_14 | 1ct | imgs:3
[01:03:35][EMERALD] [3839] ? NIV-F3736826154CFB3A | BASKET | DOUBLE_TWIST | CHANNEL | GOLD | KT_14 | 1ct | imgs:3
[01:03:38][EMERALD] [3840] ? NIV-F11F72709E39547D | BASKET | DOUBLE_TWIST | CHANNEL | GOLD | KT_14 | 1ct | imgs:3
[01:03:41][EMERALD] [3841] ? NIV-F11F72709E39547D | BASKET | DOUBLE_TWIST | CHANNEL | GOLD | KT_14 | 1ct | imgs:3
[01:03:47][EMERALD] [3842] ? NIV-F11F72709E39547D | BASKET | DOUBLE_TWIST | CHANNEL | GOLD | KT_14 | 1ct | imgs:3
[01:03:50][EMERALD] [3843] ? NIV-1E9F1FCDE103C145 | BASKET | DOUBLE_TWIST | CHANNEL | GOLD | KT_14 | 1ct | imgs:3
[01:03:53][EMERALD] [3844] ? NIV-1E9F1FCDE103C145 | BASKET | DOUBLE_TWIST | CHANNEL | GOLD | KT_14 | 1ct | imgs:3
[01:03:59][EMERALD] [3845] ? NIV-1E9F1FCDE103C145 | BASKET | DOUBLE_TWIST | CHANNEL | GOLD | KT_14 | 1ct | imgs:3
[01:04:02][EMERALD] [3846] ? NIV-22FEAFBC5E66A79A | BASKET | DOUBLE_TWIST | CHANNEL | GOLD | KT_18 | 1ct | imgs:1
[01:04:08][EMERALD] [3847] ? NIV-22FEAFBC5E66A79A | BASKET | DOUBLE_TWIST | CHANNEL | GOLD | KT_18 | 1ct | imgs:3
[01:04:11][EMERALD] [3848] ? NIV-22FEAFBC5E66A79A | BASKET | DOUBLE_TWIST | CHANNEL | GOLD | KT_18 | 1ct | imgs:3
[01:04:14][EMERALD] [3849] ? NIV-70C45400F47EC6F5 | BASKET | DOUBLE_TWIST | CHANNEL | GOLD | KT_18 | 1ct | imgs:1
[01:04:20][EMERALD] [3850] ? NIV-70C45400F47EC6F5 | BASKET | DOUBLE_TWIST | CHANNEL | GOLD | KT_18 | 1ct | imgs:3
[01:04:23][EMERALD] [3851] ? NIV-70C45400F47EC6F5 | BASKET | DOUBLE_TWIST | CHANNEL | GOLD | KT_18 | 1ct | imgs:3
[01:04:26][EMERALD] [3852] ? NIV-C20148435E30C002 | BASKET | DOUBLE_TWIST | CHANNEL | GOLD | KT_18 | 1ct | imgs:3
[01:04:29][EMERALD] [3853] ? NIV-C20148435E30C002 | BASKET | DOUBLE_TWIST | CHANNEL | GOLD | KT_18 | 1ct | imgs:3
[01:04:32][EMERALD] [3854] ? NIV-C20148435E30C002 | BASKET | DOUBLE_TWIST | CHANNEL | GOLD | KT_18 | 1ct | imgs:3
[01:04:35][EMERALD] [3855] ? NIV-AD90F9FD0E480079 | BASKET | DOUBLE_TWIST | CHANNEL | PLATINUM | PT_950 | 1ct | imgs:3
[01:04:41][EMERALD] [3856] ? NIV-6D1372E0ACDC50D1 | BASKET | DOUBLE_TWIST | CHANNEL | GOLD | KT_10 | 1ct | imgs:3
[01:04:44][EMERALD] [3857] ? NIV-6D1372E0ACDC50D1 | BASKET | DOUBLE_TWIST | CHANNEL | GOLD | KT_10 | 1ct | imgs:3
[01:04:50][EMERALD] [3858] ? NIV-6D1372E0ACDC50D1 | BASKET | DOUBLE_TWIST | CHANNEL | GOLD | KT_10 | 1ct | imgs:3
[01:04:59][EMERALD] [3859] ? NIV-794A1939914C967F | BASKET | DOUBLE_TWIST | CHANNEL | GOLD | KT_10 | 1ct | imgs:1
[01:05:05][EMERALD] [3860] ? NIV-794A1939914C967F | BASKET | DOUBLE_TWIST | CHANNEL | GOLD | KT_10 | 1ct | imgs:3
[01:05:08][EMERALD] [3861] ? NIV-794A1939914C967F | BASKET | DOUBLE_TWIST | CHANNEL | GOLD | KT_10 | 1ct | imgs:3
[01:05:11][EMERALD] [3862] ? NIV-2D4AA3BC7A4D873E | BASKET | DOUBLE_TWIST | CHANNEL | GOLD | KT_10 | 1ct | imgs:3
[01:05:14][EMERALD] [3863] ? NIV-2D4AA3BC7A4D873E | BASKET | DOUBLE_TWIST | CHANNEL | GOLD | KT_10 | 1ct | imgs:3
[01:05:20][EMERALD] [3864] ? NIV-2D4AA3BC7A4D873E | BASKET | DOUBLE_TWIST | CHANNEL | GOLD | KT_10 | 1ct | imgs:3
[01:05:23][EMERALD] [3865] ? NIV-CC02EE866F3C662D | BASKET | DOUBLE_TWIST | CHANNEL | GOLD | KT_14 | 1ct | imgs:3
[01:05:26][EMERALD] [3866] ? NIV-CC02EE866F3C662D | BASKET | DOUBLE_TWIST | CHANNEL | GOLD | KT_14 | 1ct | imgs:3
[01:05:32][EMERALD] [3867] ? NIV-CC02EE866F3C662D | BASKET | DOUBLE_TWIST | CHANNEL | GOLD | KT_14 | 1ct | imgs:3
[01:05:39][EMERALD] [3868] ? NIV-7B04C2EE773CAF9F | BASKET | DOUBLE_TWIST | CHANNEL | GOLD | KT_14 | 1ct | imgs:3
[01:05:44][EMERALD] [3869] ? NIV-7B04C2EE773CAF9F | BASKET | DOUBLE_TWIST | CHANNEL | GOLD | KT_14 | 1ct | imgs:3
[01:05:47][EMERALD] [3870] ? NIV-7B04C2EE773CAF9F | BASKET | DOUBLE_TWIST | CHANNEL | GOLD | KT_14 | 1ct | imgs:3
[01:05:50][EMERALD] [3871] ? NIV-D411C2574093FCCD | BASKET | DOUBLE_TWIST | CHANNEL | GOLD | KT_14 | 1ct | imgs:3
[01:05:53][EMERALD] [3872] ? NIV-D411C2574093FCCD | BASKET | DOUBLE_TWIST | CHANNEL | GOLD | KT_14 | 1ct | imgs:3
[01:05:56][EMERALD] [3873] ? NIV-D411C2574093FCCD | BASKET | DOUBLE_TWIST | CHANNEL | GOLD | KT_14 | 1ct | imgs:3
[01:06:03][EMERALD] [3874] ? NIV-55E08217A6CEA6B7 | BASKET | DOUBLE_TWIST | CHANNEL | GOLD | KT_18 | 1ct | imgs:1
[01:06:08][EMERALD] [3875] ? NIV-55E08217A6CEA6B7 | BASKET | DOUBLE_TWIST | CHANNEL | GOLD | KT_18 | 1ct | imgs:3
[01:06:11][EMERALD] [3876] ? NIV-55E08217A6CEA6B7 | BASKET | DOUBLE_TWIST | CHANNEL | GOLD | KT_18 | 1ct | imgs:3
[01:06:17][EMERALD] [3877] ? NIV-108A5904B3D905F2 | BASKET | DOUBLE_TWIST | CHANNEL | GOLD | KT_18 | 1ct | imgs:3
[01:06:23][EMERALD] [3878] ? NIV-108A5904B3D905F2 | BASKET | DOUBLE_TWIST | CHANNEL | GOLD | KT_18 | 1ct | imgs:3
[01:06:26][EMERALD] [3879] ? NIV-108A5904B3D905F2 | BASKET | DOUBLE_TWIST | CHANNEL | GOLD | KT_18 | 1ct | imgs:3
[01:06:29][EMERALD] [3880] ? NIV-5CC499D75D73618D | BASKET | DOUBLE_TWIST | CHANNEL | GOLD | KT_18 | 1ct | imgs:3
[01:06:35][EMERALD] [3881] ? NIV-5CC499D75D73618D | BASKET | DOUBLE_TWIST | CHANNEL | GOLD | KT_18 | 1ct | imgs:3
[01:06:38][EMERALD] [3882] ? NIV-5CC499D75D73618D | BASKET | DOUBLE_TWIST | CHANNEL | GOLD | KT_18 | 1ct | imgs:3
[01:06:41][EMERALD] [3883] ? NIV-B8CD6C2D0615DF86 | BASKET | DOUBLE_TWIST | CHANNEL | PLATINUM | PT_950 | 1ct | imgs:3
[01:06:47][EMERALD] [3884] ? NIV-9CEA3A4A34933A90 | BASKET | DOUBLE_TWIST | CHANNEL | GOLD | KT_10 | 1ct | imgs:1
[01:06:53][EMERALD] [3885] ? NIV-9CEA3A4A34933A90 | BASKET | DOUBLE_TWIST | CHANNEL | GOLD | KT_10 | 1ct | imgs:3
[01:06:56][EMERALD] [3886] ? NIV-9CEA3A4A34933A90 | BASKET | DOUBLE_TWIST | CHANNEL | GOLD | KT_10 | 1ct | imgs:3
[01:07:01][EMERALD] [3887] ? NIV-D926653B0B7109EB | BASKET | DOUBLE_TWIST | CHANNEL | GOLD | KT_10 | 1ct | imgs:1
[01:07:05][EMERALD] [3888] ? NIV-D926653B0B7109EB | BASKET | DOUBLE_TWIST | CHANNEL | GOLD | KT_10 | 1ct | imgs:3
[01:07:08][EMERALD] [3889] ? NIV-D926653B0B7109EB | BASKET | DOUBLE_TWIST | CHANNEL | GOLD | KT_10 | 1ct | imgs:3
[01:07:19][EMERALD] [3890] ??  NIV-D926653B0B7109EB | BASKET | DOUBLE_TWIST | CHANNEL | GOLD | KT_10 | 1ct | imgs:0
[01:07:31][EMERALD] [3891] ??  NIV-D926653B0B7109EB | BASKET | DOUBLE_TWIST | CHANNEL | GOLD | KT_10 | 1ct | imgs:0
[01:07:42][EMERALD] [3892] ? NIV-9CA55EEBCF01972D | BASKET | DOUBLE_TWIST | CHANNEL | GOLD | KT_10 | 1ct | imgs:3
[01:07:47][EMERALD] [3893] ? NIV-42AA283679BDAA95 | BASKET | DOUBLE_TWIST | CHANNEL | GOLD | KT_14 | 1ct | imgs:3
[01:07:53][EMERALD] [3894] ? NIV-42AA283679BDAA95 | BASKET | DOUBLE_TWIST | CHANNEL | GOLD | KT_14 | 1ct | imgs:3
[01:07:56][EMERALD] [3895] ? NIV-42AA283679BDAA95 | BASKET | DOUBLE_TWIST | CHANNEL | GOLD | KT_14 | 1ct | imgs:3
[01:08:02][EMERALD] [3896] ? NIV-A24DF53644FE7C78 | BASKET | DOUBLE_TWIST | CHANNEL | GOLD | KT_14 | 1ct | imgs:3
[01:08:08][EMERALD] [3897] ? NIV-A24DF53644FE7C78 | BASKET | DOUBLE_TWIST | CHANNEL | GOLD | KT_14 | 1ct | imgs:3
[01:08:11][EMERALD] [3898] ? NIV-A24DF53644FE7C78 | BASKET | DOUBLE_TWIST | CHANNEL | GOLD | KT_14 | 1ct | imgs:3
[01:08:21][EMERALD] [3899] ? NIV-02C18B3F14EF0F56 | BASKET | DOUBLE_TWIST | CHANNEL | GOLD | KT_14 | 1ct | imgs:3
[01:08:26][EMERALD] [3900] ? NIV-02C18B3F14EF0F56 | BASKET | DOUBLE_TWIST | CHANNEL | GOLD | KT_14 | 1ct | imgs:3
[01:08:32][EMERALD] [3901] ? NIV-02C18B3F14EF0F56 | BASKET | DOUBLE_TWIST | CHANNEL | GOLD | KT_14 | 1ct | imgs:3
[01:08:38][EMERALD] [3902] ? NIV-615948479E21076B | BASKET | DOUBLE_TWIST | CHANNEL | GOLD | KT_18 | 1ct | imgs:3
[01:08:41][EMERALD] [3903] ? NIV-615948479E21076B | BASKET | DOUBLE_TWIST | CHANNEL | GOLD | KT_18 | 1ct | imgs:3
[01:08:47][EMERALD] [3904] ? NIV-615948479E21076B | BASKET | DOUBLE_TWIST | CHANNEL | GOLD | KT_18 | 1ct | imgs:3
[01:08:50][EMERALD] [3905] ? NIV-0B9576710899D024 | BASKET | DOUBLE_TWIST | CHANNEL | GOLD | KT_18 | 1ct | imgs:3
[01:08:53][EMERALD] [3906] ? NIV-0B9576710899D024 | BASKET | DOUBLE_TWIST | CHANNEL | GOLD | KT_18 | 1ct | imgs:3
[01:08:59][EMERALD] [3907] ? NIV-0B9576710899D024 | BASKET | DOUBLE_TWIST | CHANNEL | GOLD | KT_18 | 1ct | imgs:3
[01:09:02][EMERALD] [3908] ? NIV-713EAE145CD1ED5F | BASKET | DOUBLE_TWIST | CHANNEL | GOLD | KT_18 | 1ct | imgs:3
[01:09:05][EMERALD] [3909] ? NIV-713EAE145CD1ED5F | BASKET | DOUBLE_TWIST | CHANNEL | GOLD | KT_18 | 1ct | imgs:3
[01:09:11][EMERALD] [3910] ? NIV-713EAE145CD1ED5F | BASKET | DOUBLE_TWIST | CHANNEL | GOLD | KT_18 | 1ct | imgs:3
[01:09:17][EMERALD] [3911] ? NIV-C703700C271E2ECF | BASKET | DOUBLE_TWIST | CHANNEL | PLATINUM | PT_950 | 1ct | imgs:1
[01:09:23][EMERALD] [3912] ? NIV-4EF070BCD4217F14 | BASKET | DOUBLE_TWIST | CHANNEL | GOLD | KT_10 | 1ct | imgs:3
[01:09:29][EMERALD] [3913] ? NIV-4EF070BCD4217F14 | BASKET | DOUBLE_TWIST | CHANNEL | GOLD | KT_10 | 1ct | imgs:3
[01:09:35][EMERALD] [3914] ? NIV-4EF070BCD4217F14 | BASKET | DOUBLE_TWIST | CHANNEL | GOLD | KT_10 | 1ct | imgs:3
[01:09:41][EMERALD] [3915] ? NIV-3EC5A17992031969 | BASKET | DOUBLE_TWIST | CHANNEL | GOLD | KT_10 | 1ct | imgs:2
[01:09:47][EMERALD] [3916] ? NIV-3EC5A17992031969 | BASKET | DOUBLE_TWIST | CHANNEL | GOLD | KT_10 | 1ct | imgs:3
[01:09:50][EMERALD] [3917] ? NIV-3EC5A17992031969 | BASKET | DOUBLE_TWIST | CHANNEL | GOLD | KT_10 | 1ct | imgs:3
[01:09:53][EMERALD] [3918] ? NIV-03DCE2D8DD2B6DB0 | BASKET | DOUBLE_TWIST | CHANNEL | GOLD | KT_10 | 1ct | imgs:3
[01:09:59][EMERALD] [3919] ? NIV-03DCE2D8DD2B6DB0 | BASKET | DOUBLE_TWIST | CHANNEL | GOLD | KT_10 | 1ct | imgs:3
[01:10:02][EMERALD] [3920] ? NIV-03DCE2D8DD2B6DB0 | BASKET | DOUBLE_TWIST | CHANNEL | GOLD | KT_10 | 1ct | imgs:3
[01:10:05][EMERALD] [3921] ? NIV-DC40C0FEAEBAB163 | BASKET | DOUBLE_TWIST | CHANNEL | GOLD | KT_14 | 1ct | imgs:3
[01:10:08][EMERALD] [3922] ? NIV-DC40C0FEAEBAB163 | BASKET | DOUBLE_TWIST | CHANNEL | GOLD | KT_14 | 1ct | imgs:3
[01:10:14][EMERALD] [3923] ? NIV-DC40C0FEAEBAB163 | BASKET | DOUBLE_TWIST | CHANNEL | GOLD | KT_14 | 1ct | imgs:3
[01:10:17][EMERALD] [3924] ? NIV-C5843A42A70C7DAE | BASKET | DOUBLE_TWIST | CHANNEL | GOLD | KT_14 | 1ct | imgs:3
[01:10:20][EMERALD] [3925] ? NIV-C5843A42A70C7DAE | BASKET | DOUBLE_TWIST | CHANNEL | GOLD | KT_14 | 1ct | imgs:3
[01:10:23][EMERALD] [3926] ? NIV-C5843A42A70C7DAE | BASKET | DOUBLE_TWIST | CHANNEL | GOLD | KT_14 | 1ct | imgs:3
[01:10:26][EMERALD] [3927] ? NIV-FBDB67DBC9FED130 | BASKET | DOUBLE_TWIST | CHANNEL | GOLD | KT_14 | 1ct | imgs:3
[01:10:29][EMERALD] [3928] ? NIV-FBDB67DBC9FED130 | BASKET | DOUBLE_TWIST | CHANNEL | GOLD | KT_14 | 1ct | imgs:3
[01:10:35][EMERALD] [3929] ? NIV-FBDB67DBC9FED130 | BASKET | DOUBLE_TWIST | CHANNEL | GOLD | KT_14 | 1ct | imgs:3
[01:10:41][EMERALD] [3930] ? NIV-2A401D230DE427AC | BASKET | DOUBLE_TWIST | CHANNEL | GOLD | KT_18 | 1ct | imgs:3
[01:10:44][EMERALD] [3931] ? NIV-2A401D230DE427AC | BASKET | DOUBLE_TWIST | CHANNEL | GOLD | KT_18 | 1ct | imgs:3
[01:10:50][EMERALD] [3932] ? NIV-2A401D230DE427AC | BASKET | DOUBLE_TWIST | CHANNEL | GOLD | KT_18 | 1ct | imgs:3
[01:10:53][EMERALD] [3933] ? NIV-89528EF636EFC148 | BASKET | DOUBLE_TWIST | CHANNEL | GOLD | KT_18 | 1ct | imgs:2
[01:10:56][EMERALD] [3934] ? NIV-89528EF636EFC148 | BASKET | DOUBLE_TWIST | CHANNEL | GOLD | KT_18 | 1ct | imgs:3
[01:11:02][EMERALD] [3935] ? NIV-89528EF636EFC148 | BASKET | DOUBLE_TWIST | CHANNEL | GOLD | KT_18 | 1ct | imgs:3
[01:11:05][EMERALD] [3936] ? NIV-93EB6343268246C2 | BASKET | DOUBLE_TWIST | CHANNEL | GOLD | KT_18 | 1ct | imgs:3
[01:11:08][EMERALD] [3937] ? NIV-93EB6343268246C2 | BASKET | DOUBLE_TWIST | CHANNEL | GOLD | KT_18 | 1ct | imgs:3
[01:11:14][EMERALD] [3938] ? NIV-93EB6343268246C2 | BASKET | DOUBLE_TWIST | CHANNEL | GOLD | KT_18 | 1ct | imgs:3
[01:11:17][EMERALD] [3939] ? NIV-F4E67692E061B837 | BASKET | DOUBLE_TWIST | CHANNEL | PLATINUM | PT_950 | 1ct | imgs:3
[01:11:20][EMERALD] [3940] ? NIV-C4A43D07FF588CF7 | BASKET | DOUBLE_TWIST | CHANNEL | GOLD | KT_10 | 1ct | imgs:3
[01:11:26][EMERALD] [3941] ? NIV-C4A43D07FF588CF7 | BASKET | DOUBLE_TWIST | CHANNEL | GOLD | KT_10 | 1ct | imgs:3
[01:11:29][EMERALD] [3942] ? NIV-C4A43D07FF588CF7 | BASKET | DOUBLE_TWIST | CHANNEL | GOLD | KT_10 | 1ct | imgs:3
[01:11:33][EMERALD] [3943] ? NIV-2987C61C74775A48 | BASKET | DOUBLE_TWIST | CHANNEL | GOLD | KT_10 | 1ct | imgs:3
[01:11:38][EMERALD] [3944] ? NIV-2987C61C74775A48 | BASKET | DOUBLE_TWIST | CHANNEL | GOLD | KT_10 | 1ct | imgs:3
[01:11:41][EMERALD] [3945] ? NIV-2987C61C74775A48 | BASKET | DOUBLE_TWIST | CHANNEL | GOLD | KT_10 | 1ct | imgs:3
[01:11:44][EMERALD] [3946] ? NIV-DB044E255C65D6E5 | BASKET | DOUBLE_TWIST | CHANNEL | GOLD | KT_10 | 1ct | imgs:3
[01:11:47][EMERALD] [3947] ? NIV-DB044E255C65D6E5 | BASKET | DOUBLE_TWIST | CHANNEL | GOLD | KT_10 | 1ct | imgs:3
[01:11:53][EMERALD] [3948] ? NIV-DB044E255C65D6E5 | BASKET | DOUBLE_TWIST | CHANNEL | GOLD | KT_10 | 1ct | imgs:3
[01:12:02][EMERALD] [3949] ? NIV-B901D144A5C0F12B | BASKET | DOUBLE_TWIST | CHANNEL | GOLD | KT_14 | 1ct | imgs:3
[01:12:05][EMERALD] [3950] ? NIV-B901D144A5C0F12B | BASKET | DOUBLE_TWIST | CHANNEL | GOLD | KT_14 | 1ct | imgs:3
[01:12:11][EMERALD] [3951] ? NIV-B901D144A5C0F12B | BASKET | DOUBLE_TWIST | CHANNEL | GOLD | KT_14 | 1ct | imgs:3
[01:12:15][EMERALD] [3952] ? NIV-26618D87495A0F05 | BASKET | DOUBLE_TWIST | CHANNEL | GOLD | KT_14 | 1ct | imgs:1
[01:12:20][EMERALD] [3953] ? NIV-26618D87495A0F05 | BASKET | DOUBLE_TWIST | CHANNEL | GOLD | KT_14 | 1ct | imgs:3
[01:12:23][EMERALD] [3954] ? NIV-26618D87495A0F05 | BASKET | DOUBLE_TWIST | CHANNEL | GOLD | KT_14 | 1ct | imgs:3
[01:12:32][EMERALD] [3955] ? NIV-B42C9647B7377177 | BASKET | DOUBLE_TWIST | CHANNEL | GOLD | KT_14 | 1ct | imgs:1
[01:12:35][EMERALD] [3956] ? NIV-B42C9647B7377177 | BASKET | DOUBLE_TWIST | CHANNEL | GOLD | KT_14 | 1ct | imgs:3
[01:12:38][EMERALD] [3957] ? NIV-B42C9647B7377177 | BASKET | DOUBLE_TWIST | CHANNEL | GOLD | KT_14 | 1ct | imgs:3
[01:12:44][EMERALD] [3958] ? NIV-7199A246526C4D1C | BASKET | DOUBLE_TWIST | CHANNEL | GOLD | KT_18 | 1ct | imgs:3
[01:12:47][EMERALD] [3959] ? NIV-7199A246526C4D1C | BASKET | DOUBLE_TWIST | CHANNEL | GOLD | KT_18 | 1ct | imgs:3
[01:12:53][EMERALD] [3960] ? NIV-7199A246526C4D1C | BASKET | DOUBLE_TWIST | CHANNEL | GOLD | KT_18 | 1ct | imgs:3
[01:12:56][EMERALD] [3961] ? NIV-5D23F4E854879ABE | BASKET | DOUBLE_TWIST | CHANNEL | GOLD | KT_18 | 1ct | imgs:3
[01:12:59][EMERALD] [3962] ? NIV-5D23F4E854879ABE | BASKET | DOUBLE_TWIST | CHANNEL | GOLD | KT_18 | 1ct | imgs:3
[01:13:02][EMERALD] [3963] ? NIV-5D23F4E854879ABE | BASKET | DOUBLE_TWIST | CHANNEL | GOLD | KT_18 | 1ct | imgs:3
[01:13:05][EMERALD] [3964] ? NIV-F00E5001CD18A053 | BASKET | DOUBLE_TWIST | CHANNEL | GOLD | KT_18 | 1ct | imgs:3
[01:13:08][EMERALD] [3965] ? NIV-F00E5001CD18A053 | BASKET | DOUBLE_TWIST | CHANNEL | GOLD | KT_18 | 1ct | imgs:3
[01:13:14][EMERALD] [3966] ? NIV-F00E5001CD18A053 | BASKET | DOUBLE_TWIST | CHANNEL | GOLD | KT_18 | 1ct | imgs:3
[01:13:17][EMERALD] [3967] ? NIV-7B79F4FDBAE93E16 | BASKET | DOUBLE_TWIST | CHANNEL | PLATINUM | PT_950 | 1ct | imgs:3
[01:13:23][EMERALD] [3968] ? NIV-8EDA57552D3B9A49 | BASKET | DOUBLE_TWIST | CHANNEL | GOLD | KT_10 | 1ct | imgs:3
[01:13:26][EMERALD] [3969] ? NIV-8EDA57552D3B9A49 | BASKET | DOUBLE_TWIST | CHANNEL | GOLD | KT_10 | 1ct | imgs:3
[01:13:32][EMERALD] [3970] ? NIV-8EDA57552D3B9A49 | BASKET | DOUBLE_TWIST | CHANNEL | GOLD | KT_10 | 1ct | imgs:3
[01:13:35][EMERALD] [3971] ? NIV-97AF797C9E3B89A9 | BASKET | DOUBLE_TWIST | CHANNEL | GOLD | KT_10 | 1ct | imgs:3
[01:13:38][EMERALD] [3972] ? NIV-97AF797C9E3B89A9 | BASKET | DOUBLE_TWIST | CHANNEL | GOLD | KT_10 | 1ct | imgs:3
[01:13:41][EMERALD] [3973] ? NIV-97AF797C9E3B89A9 | BASKET | DOUBLE_TWIST | CHANNEL | GOLD | KT_10 | 1ct | imgs:3
[01:13:44][EMERALD] [3974] ? NIV-53536358101A21EF | BASKET | DOUBLE_TWIST | CHANNEL | GOLD | KT_10 | 1ct | imgs:3
[01:13:50][EMERALD] [3975] ? NIV-53536358101A21EF | BASKET | DOUBLE_TWIST | CHANNEL | GOLD | KT_10 | 1ct | imgs:3
[01:13:53][EMERALD] [3976] ? NIV-53536358101A21EF | BASKET | DOUBLE_TWIST | CHANNEL | GOLD | KT_10 | 1ct | imgs:3
[01:13:56][EMERALD] [3977] ? NIV-A83CF40DC3CA92BD | BASKET | DOUBLE_TWIST | CHANNEL | GOLD | KT_14 | 1ct | imgs:3
[01:14:02][EMERALD] [3978] ? NIV-A83CF40DC3CA92BD | BASKET | DOUBLE_TWIST | CHANNEL | GOLD | KT_14 | 1ct | imgs:3
[01:14:05][EMERALD] [3979] ? NIV-A83CF40DC3CA92BD | BASKET | DOUBLE_TWIST | CHANNEL | GOLD | KT_14 | 1ct | imgs:3
[01:14:08][EMERALD] [3980] ? NIV-D555873E23A4BDEC | BASKET | DOUBLE_TWIST | CHANNEL | GOLD | KT_14 | 1ct | imgs:1
[01:14:11][EMERALD] [3981] ? NIV-D555873E23A4BDEC | BASKET | DOUBLE_TWIST | CHANNEL | GOLD | KT_14 | 1ct | imgs:3
[01:14:17][EMERALD] [3982] ? NIV-D555873E23A4BDEC | BASKET | DOUBLE_TWIST | CHANNEL | GOLD | KT_14 | 1ct | imgs:3
[01:14:20][EMERALD] [3983] ? NIV-212974C422A01D9F | BASKET | DOUBLE_TWIST | CHANNEL | GOLD | KT_14 | 1ct | imgs:3
[01:14:23][EMERALD] [3984] ? NIV-212974C422A01D9F | BASKET | DOUBLE_TWIST | CHANNEL | GOLD | KT_14 | 1ct | imgs:3
[01:14:26][EMERALD] [3985] ? NIV-212974C422A01D9F | BASKET | DOUBLE_TWIST | CHANNEL | GOLD | KT_14 | 1ct | imgs:3
[01:14:32][EMERALD] [3986] ? NIV-3319DAE5AE3B1C99 | BASKET | DOUBLE_TWIST | CHANNEL | GOLD | KT_18 | 1ct | imgs:3
[01:14:35][EMERALD] [3987] ? NIV-3319DAE5AE3B1C99 | BASKET | DOUBLE_TWIST | CHANNEL | GOLD | KT_18 | 1ct | imgs:3
[01:14:38][EMERALD] [3988] ? NIV-3319DAE5AE3B1C99 | BASKET | DOUBLE_TWIST | CHANNEL | GOLD | KT_18 | 1ct | imgs:3
[01:14:41][EMERALD] [3989] ? NIV-36057CDBC38E2613 | BASKET | DOUBLE_TWIST | CHANNEL | GOLD | KT_18 | 1ct | imgs:3
[01:14:44][EMERALD] [3990] ? NIV-36057CDBC38E2613 | BASKET | DOUBLE_TWIST | CHANNEL | GOLD | KT_18 | 1ct | imgs:3
[01:14:50][EMERALD] [3991] ? NIV-36057CDBC38E2613 | BASKET | DOUBLE_TWIST | CHANNEL | GOLD | KT_18 | 1ct | imgs:3
[01:14:53][EMERALD] [3992] ? NIV-F29F6F6032BAD218 | BASKET | DOUBLE_TWIST | CHANNEL | GOLD | KT_18 | 1ct | imgs:3
[01:14:59][EMERALD] [3993] ? NIV-F29F6F6032BAD218 | BASKET | DOUBLE_TWIST | CHANNEL | GOLD | KT_18 | 1ct | imgs:3
[01:15:02][EMERALD] [3994] ? NIV-F29F6F6032BAD218 | BASKET | DOUBLE_TWIST | CHANNEL | GOLD | KT_18 | 1ct | imgs:3
[01:15:05][EMERALD] [3995] ? NIV-5DFA116065AF72DA | BASKET | DOUBLE_TWIST | CHANNEL | PLATINUM | PT_950 | 1ct | imgs:3
[01:15:15][EMERALD] [3996] ? NIV-E4F0E0B64B125983 | BASKET | DOUBLE_TWIST | CHANNEL | GOLD | KT_10 | 1ct | imgs:3
[01:15:20][EMERALD] [3997] ? NIV-E4F0E0B64B125983 | BASKET | DOUBLE_TWIST | CHANNEL | GOLD | KT_10 | 1ct | imgs:3
[01:15:23][EMERALD] [3998] ? NIV-E4F0E0B64B125983 | BASKET | DOUBLE_TWIST | CHANNEL | GOLD | KT_10 | 1ct | imgs:3
[01:15:26][EMERALD] [3999] ? NIV-E1933CC0D37B22D5 | BASKET | DOUBLE_TWIST | CHANNEL | GOLD | KT_10 | 1ct | imgs:2
[01:15:32][EMERALD] [4000] ? NIV-E1933CC0D37B22D5 | BASKET | DOUBLE_TWIST | CHANNEL | GOLD | KT_10 | 1ct | imgs:3
[01:15:35][EMERALD] [4001] ? NIV-E1933CC0D37B22D5 | BASKET | DOUBLE_TWIST | CHANNEL | GOLD | KT_10 | 1ct | imgs:3
[01:15:38][EMERALD] [4002] ? NIV-43506D6E87EBCD07 | BASKET | DOUBLE_TWIST | CHANNEL | GOLD | KT_10 | 1ct | imgs:3
[01:15:41][EMERALD] [4003] ? NIV-43506D6E87EBCD07 | BASKET | DOUBLE_TWIST | CHANNEL | GOLD | KT_10 | 1ct | imgs:3
[01:15:44][EMERALD] [4004] ? NIV-43506D6E87EBCD07 | BASKET | DOUBLE_TWIST | CHANNEL | GOLD | KT_10 | 1ct | imgs:3
[01:15:47][EMERALD] [4005] ? NIV-A9EF2A90B10E2B64 | BASKET | DOUBLE_TWIST | CHANNEL | GOLD | KT_14 | 1ct | imgs:1
[01:15:53][EMERALD] [4006] ? NIV-A9EF2A90B10E2B64 | BASKET | DOUBLE_TWIST | CHANNEL | GOLD | KT_14 | 1ct | imgs:3
[01:15:56][EMERALD] [4007] ? NIV-A9EF2A90B10E2B64 | BASKET | DOUBLE_TWIST | CHANNEL | GOLD | KT_14 | 1ct | imgs:3
[01:15:59][EMERALD] [4008] ? NIV-03A0B66E8127B3A9 | BASKET | DOUBLE_TWIST | CHANNEL | GOLD | KT_14 | 1ct | imgs:3
[01:16:02][EMERALD] [4009] ? NIV-03A0B66E8127B3A9 | BASKET | DOUBLE_TWIST | CHANNEL | GOLD | KT_14 | 1ct | imgs:3
[01:16:05][EMERALD] [4010] ? NIV-03A0B66E8127B3A9 | BASKET | DOUBLE_TWIST | CHANNEL | GOLD | KT_14 | 1ct | imgs:3
[01:16:08][EMERALD] [4011] ? NIV-F2BBD54B7A0D0F55 | BASKET | DOUBLE_TWIST | CHANNEL | GOLD | KT_14 | 1ct | imgs:3
[01:16:11][EMERALD] [4012] ? NIV-F2BBD54B7A0D0F55 | BASKET | DOUBLE_TWIST | CHANNEL | GOLD | KT_14 | 1ct | imgs:3
[01:16:17][EMERALD] [4013] ? NIV-F2BBD54B7A0D0F55 | BASKET | DOUBLE_TWIST | CHANNEL | GOLD | KT_14 | 1ct | imgs:3
[01:16:21][EMERALD] [4014] ? NIV-FEAE779D1C8DE25B | BASKET | DOUBLE_TWIST | CHANNEL | GOLD | KT_18 | 1ct | imgs:1
[01:16:26][EMERALD] [4015] ? NIV-FEAE779D1C8DE25B | BASKET | DOUBLE_TWIST | CHANNEL | GOLD | KT_18 | 1ct | imgs:3
[01:16:29][EMERALD] [4016] ? NIV-FEAE779D1C8DE25B | BASKET | DOUBLE_TWIST | CHANNEL | GOLD | KT_18 | 1ct | imgs:3
[01:16:32][EMERALD] [4017] ? NIV-0A784E2C6CEF5876 | BASKET | DOUBLE_TWIST | CHANNEL | GOLD | KT_18 | 1ct | imgs:3
[01:16:38][EMERALD] [4018] ? NIV-0A784E2C6CEF5876 | BASKET | DOUBLE_TWIST | CHANNEL | GOLD | KT_18 | 1ct | imgs:3
[01:16:41][EMERALD] [4019] ? NIV-0A784E2C6CEF5876 | BASKET | DOUBLE_TWIST | CHANNEL | GOLD | KT_18 | 1ct | imgs:3
[01:16:44][EMERALD] [4020] ? NIV-5C5C662669F5EF51 | BASKET | DOUBLE_TWIST | CHANNEL | GOLD | KT_18 | 1ct | imgs:3
[01:16:50][EMERALD] [4021] ? NIV-5C5C662669F5EF51 | BASKET | DOUBLE_TWIST | CHANNEL | GOLD | KT_18 | 1ct | imgs:3
[01:16:53][EMERALD] [4022] ? NIV-5C5C662669F5EF51 | BASKET | DOUBLE_TWIST | CHANNEL | GOLD | KT_18 | 1ct | imgs:3
[01:16:56][EMERALD] [4023] ? NIV-A63D48B070733440 | BASKET | DOUBLE_TWIST | CHANNEL | PLATINUM | PT_950 | 1ct | imgs:3
[01:17:02][EMERALD] [4024] ? NIV-0AFF5CB2CE0D755D | BASKET | DOUBLE_TWIST | CHANNEL | GOLD | KT_10 | 1ct | imgs:3
[01:17:05][EMERALD] [4025] ? NIV-0AFF5CB2CE0D755D | BASKET | DOUBLE_TWIST | CHANNEL | GOLD | KT_10 | 1ct | imgs:3
[01:17:11][EMERALD] [4026] ? NIV-0AFF5CB2CE0D755D | BASKET | DOUBLE_TWIST | CHANNEL | GOLD | KT_10 | 1ct | imgs:3
[01:17:14][EMERALD] [4027] ? NIV-B6E8DB352A3B522F | BASKET | DOUBLE_TWIST | CHANNEL | GOLD | KT_10 | 1ct | imgs:3
[01:17:17][EMERALD] [4028] ? NIV-B6E8DB352A3B522F | BASKET | DOUBLE_TWIST | CHANNEL | GOLD | KT_10 | 1ct | imgs:3
[01:17:20][EMERALD] [4029] ? NIV-B6E8DB352A3B522F | BASKET | DOUBLE_TWIST | CHANNEL | GOLD | KT_10 | 1ct | imgs:3
[01:17:23][EMERALD] [4030] ? NIV-01260C24BD429B17 | BASKET | DOUBLE_TWIST | CHANNEL | GOLD | KT_10 | 1ct | imgs:3
[01:17:26][EMERALD] [4031] ? NIV-01260C24BD429B17 | BASKET | DOUBLE_TWIST | CHANNEL | GOLD | KT_10 | 1ct | imgs:3
[01:17:32][EMERALD] [4032] ? NIV-01260C24BD429B17 | BASKET | DOUBLE_TWIST | CHANNEL | GOLD | KT_10 | 1ct | imgs:3
[01:17:35][EMERALD] [4033] ? NIV-F111CCF4779160CD | BASKET | DOUBLE_TWIST | CHANNEL | GOLD | KT_14 | 1ct | imgs:3
[01:17:38][EMERALD] [4034] ? NIV-F111CCF4779160CD | BASKET | DOUBLE_TWIST | CHANNEL | GOLD | KT_14 | 1ct | imgs:3
[01:17:44][EMERALD] [4035] ? NIV-F111CCF4779160CD | BASKET | DOUBLE_TWIST | CHANNEL | GOLD | KT_14 | 1ct | imgs:3
[01:17:47][EMERALD] [4036] ? NIV-14AB5CA311DE9A83 | BASKET | DOUBLE_TWIST | CHANNEL | GOLD | KT_14 | 1ct | imgs:3
[01:17:50][EMERALD] [4037] ? NIV-14AB5CA311DE9A83 | BASKET | DOUBLE_TWIST | CHANNEL | GOLD | KT_14 | 1ct | imgs:3
[01:17:56][EMERALD] [4038] ? NIV-14AB5CA311DE9A83 | BASKET | DOUBLE_TWIST | CHANNEL | GOLD | KT_14 | 1ct | imgs:3
[01:17:59][EMERALD] [4039] ? NIV-1747F07F3FD73EDF | BASKET | DOUBLE_TWIST | CHANNEL | GOLD | KT_14 | 1ct | imgs:3
[01:18:02][EMERALD] [4040] ? NIV-1747F07F3FD73EDF | BASKET | DOUBLE_TWIST | CHANNEL | GOLD | KT_14 | 1ct | imgs:3
[01:18:08][EMERALD] [4041] ? NIV-1747F07F3FD73EDF | BASKET | DOUBLE_TWIST | CHANNEL | GOLD | KT_14 | 1ct | imgs:3
[01:18:14][EMERALD] [4042] ? NIV-6E6AEC98E4DF2A6F | BASKET | DOUBLE_TWIST | CHANNEL | GOLD | KT_18 | 1ct | imgs:3
[01:18:17][EMERALD] [4043] ? NIV-6E6AEC98E4DF2A6F | BASKET | DOUBLE_TWIST | CHANNEL | GOLD | KT_18 | 1ct | imgs:3
[01:18:23][EMERALD] [4044] ? NIV-6E6AEC98E4DF2A6F | BASKET | DOUBLE_TWIST | CHANNEL | GOLD | KT_18 | 1ct | imgs:3
[01:18:28][EMERALD] [4045] ? NIV-3D9BFF017BBF6BA7 | BASKET | DOUBLE_TWIST | CHANNEL | GOLD | KT_18 | 1ct | imgs:2
[01:18:35][EMERALD] [4046] ? NIV-3D9BFF017BBF6BA7 | BASKET | DOUBLE_TWIST | CHANNEL | GOLD | KT_18 | 1ct | imgs:3
[01:18:38][EMERALD] [4047] ? NIV-3D9BFF017BBF6BA7 | BASKET | DOUBLE_TWIST | CHANNEL | GOLD | KT_18 | 1ct | imgs:3
[01:18:41][EMERALD] [4048] ? NIV-2DCA35CF2E249AD6 | BASKET | DOUBLE_TWIST | CHANNEL | GOLD | KT_18 | 1ct | imgs:3
[01:18:44][EMERALD] [4049] ? NIV-2DCA35CF2E249AD6 | BASKET | DOUBLE_TWIST | CHANNEL | GOLD | KT_18 | 1ct | imgs:3
[01:18:50][EMERALD] [4050] ? NIV-2DCA35CF2E249AD6 | BASKET | DOUBLE_TWIST | CHANNEL | GOLD | KT_18 | 1ct | imgs:3
[01:18:53][EMERALD] [4051] ? NIV-E00BF2F137A02CB5 | BASKET | DOUBLE_TWIST | CHANNEL | PLATINUM | PT_950 | 1ct | imgs:3
[01:18:59][EMERALD] [4052] ? NIV-34B681E395AC7DA6 | BASKET | DOUBLE_TWIST | CHANNEL | GOLD | KT_10 | 1ct | imgs:3
[01:19:02][EMERALD] [4053] ? NIV-34B681E395AC7DA6 | BASKET | DOUBLE_TWIST | CHANNEL | GOLD | KT_10 | 1ct | imgs:3
[01:19:08][EMERALD] [4054] ? NIV-34B681E395AC7DA6 | BASKET | DOUBLE_TWIST | CHANNEL | GOLD | KT_10 | 1ct | imgs:3
[01:19:12][EMERALD] [4055] ? NIV-FE76BBC7E13C0B19 | BASKET | DOUBLE_TWIST | CHANNEL | GOLD | KT_10 | 1ct | imgs:1
[01:19:17][EMERALD] [4056] ? NIV-FE76BBC7E13C0B19 | BASKET | DOUBLE_TWIST | CHANNEL | GOLD | KT_10 | 1ct | imgs:3
[01:19:20][EMERALD] [4057] ? NIV-FE76BBC7E13C0B19 | BASKET | DOUBLE_TWIST | CHANNEL | GOLD | KT_10 | 1ct | imgs:3
[01:19:25][EMERALD] [4058] ? NIV-C7C566D0B7EA1E79 | BASKET | DOUBLE_TWIST | CHANNEL | GOLD | KT_10 | 1ct | imgs:3
[01:19:29][EMERALD] [4059] ? NIV-C7C566D0B7EA1E79 | BASKET | DOUBLE_TWIST | CHANNEL | GOLD | KT_10 | 1ct | imgs:3
[01:19:35][EMERALD] [4060] ? NIV-C7C566D0B7EA1E79 | BASKET | DOUBLE_TWIST | CHANNEL | GOLD | KT_10 | 1ct | imgs:3
[01:19:38][EMERALD] [4061] ? NIV-AE6B617E342910C4 | BASKET | DOUBLE_TWIST | CHANNEL | GOLD | KT_14 | 1ct | imgs:1
[01:19:44][EMERALD] [4062] ? NIV-AE6B617E342910C4 | BASKET | DOUBLE_TWIST | CHANNEL | GOLD | KT_14 | 1ct | imgs:3
[01:19:47][EMERALD] [4063] ? NIV-AE6B617E342910C4 | BASKET | DOUBLE_TWIST | CHANNEL | GOLD | KT_14 | 1ct | imgs:3
[01:19:50][EMERALD] [4064] ? NIV-C13108F632509B71 | BASKET | DOUBLE_TWIST | CHANNEL | GOLD | KT_14 | 1ct | imgs:3
[01:19:53][EMERALD] [4065] ? NIV-C13108F632509B71 | BASKET | DOUBLE_TWIST | CHANNEL | GOLD | KT_14 | 1ct | imgs:3
[01:19:56][EMERALD] [4066] ? NIV-C13108F632509B71 | BASKET | DOUBLE_TWIST | CHANNEL | GOLD | KT_14 | 1ct | imgs:3
[01:20:02][EMERALD] [4067] ? NIV-009235675D06CED2 | BASKET | DOUBLE_TWIST | CHANNEL | GOLD | KT_14 | 1ct | imgs:3
[01:20:08][EMERALD] [4068] ? NIV-009235675D06CED2 | BASKET | DOUBLE_TWIST | CHANNEL | GOLD | KT_14 | 1ct | imgs:3
[01:20:11][EMERALD] [4069] ? NIV-009235675D06CED2 | BASKET | DOUBLE_TWIST | CHANNEL | GOLD | KT_14 | 1ct | imgs:3
[01:20:14][EMERALD] [4070] ? NIV-A2EA04BDF02A8EAA | BASKET | DOUBLE_TWIST | CHANNEL | GOLD | KT_18 | 1ct | imgs:3
[01:20:20][EMERALD] [4071] ? NIV-A2EA04BDF02A8EAA | BASKET | DOUBLE_TWIST | CHANNEL | GOLD | KT_18 | 1ct | imgs:3
[01:20:23][EMERALD] [4072] ? NIV-A2EA04BDF02A8EAA | BASKET | DOUBLE_TWIST | CHANNEL | GOLD | KT_18 | 1ct | imgs:3
[01:20:26][EMERALD] [4073] ? NIV-9AD88B8995C9796A | BASKET | DOUBLE_TWIST | CHANNEL | GOLD | KT_18 | 1ct | imgs:3
[01:20:29][EMERALD] [4074] ? NIV-9AD88B8995C9796A | BASKET | DOUBLE_TWIST | CHANNEL | GOLD | KT_18 | 1ct | imgs:3
[01:20:35][EMERALD] [4075] ? NIV-9AD88B8995C9796A | BASKET | DOUBLE_TWIST | CHANNEL | GOLD | KT_18 | 1ct | imgs:3
[01:20:38][EMERALD] [4076] ? NIV-D075E742F6D767E9 | BASKET | DOUBLE_TWIST | CHANNEL | GOLD | KT_18 | 1ct | imgs:3
[01:20:41][EMERALD] [4077] ? NIV-D075E742F6D767E9 | BASKET | DOUBLE_TWIST | CHANNEL | GOLD | KT_18 | 1ct | imgs:3
[01:20:44][EMERALD] [4078] ? NIV-D075E742F6D767E9 | BASKET | DOUBLE_TWIST | CHANNEL | GOLD | KT_18 | 1ct | imgs:3
[01:20:47][EMERALD] [4079] ? NIV-506D0DDEBDAF11E9 | BASKET | DOUBLE_TWIST | CHANNEL | PLATINUM | PT_950 | 1ct | imgs:3
[01:20:53][EMERALD] [4080] ? NIV-5689F6970289FF53 | BASKET | DOUBLE_TWIST | CHANNEL | GOLD | KT_10 | 1ct | imgs:3
[01:20:59][EMERALD] [4081] ? NIV-5689F6970289FF53 | BASKET | DOUBLE_TWIST | CHANNEL | GOLD | KT_10 | 1ct | imgs:3
[01:21:02][EMERALD] [4082] ? NIV-5689F6970289FF53 | BASKET | DOUBLE_TWIST | CHANNEL | GOLD | KT_10 | 1ct | imgs:3
[01:21:05][EMERALD] [4083] ? NIV-CCA981EE62A0ED24 | BASKET | DOUBLE_TWIST | CHANNEL | GOLD | KT_10 | 1ct | imgs:3
[01:21:11][EMERALD] [4084] ? NIV-CCA981EE62A0ED24 | BASKET | DOUBLE_TWIST | CHANNEL | GOLD | KT_10 | 1ct | imgs:3
[01:21:14][EMERALD] [4085] ? NIV-CCA981EE62A0ED24 | BASKET | DOUBLE_TWIST | CHANNEL | GOLD | KT_10 | 1ct | imgs:3
[01:21:17][EMERALD] [4086] ? NIV-FCE139C8EC35CA82 | BASKET | DOUBLE_TWIST | CHANNEL | GOLD | KT_10 | 1ct | imgs:3
[01:21:20][EMERALD] [4087] ? NIV-FCE139C8EC35CA82 | BASKET | DOUBLE_TWIST | CHANNEL | GOLD | KT_10 | 1ct | imgs:3
[01:21:23][EMERALD] [4088] ? NIV-FCE139C8EC35CA82 | BASKET | DOUBLE_TWIST | CHANNEL | GOLD | KT_10 | 1ct | imgs:3
[01:21:26][EMERALD] [4089] ? NIV-ED2EC5E54209F6F3 | BASKET | DOUBLE_TWIST | CHANNEL | GOLD | KT_14 | 1ct | imgs:3
[01:21:29][EMERALD] [4090] ? NIV-ED2EC5E54209F6F3 | BASKET | DOUBLE_TWIST | CHANNEL | GOLD | KT_14 | 1ct | imgs:3
[01:21:35][EMERALD] [4091] ? NIV-ED2EC5E54209F6F3 | BASKET | DOUBLE_TWIST | CHANNEL | GOLD | KT_14 | 1ct | imgs:3
[01:21:38][EMERALD] [4092] ? NIV-6D50EC8BBCFF2258 | BASKET | DOUBLE_TWIST | CHANNEL | GOLD | KT_14 | 1ct | imgs:3
[01:21:41][EMERALD] [4093] ? NIV-6D50EC8BBCFF2258 | BASKET | DOUBLE_TWIST | CHANNEL | GOLD | KT_14 | 1ct | imgs:3
[01:21:47][EMERALD] [4094] ? NIV-6D50EC8BBCFF2258 | BASKET | DOUBLE_TWIST | CHANNEL | GOLD | KT_14 | 1ct | imgs:3
[01:21:50][EMERALD] [4095] ? NIV-A34231C6258207ED | BASKET | DOUBLE_TWIST | CHANNEL | GOLD | KT_14 | 1ct | imgs:3
[01:21:53][EMERALD] [4096] ? NIV-A34231C6258207ED | BASKET | DOUBLE_TWIST | CHANNEL | GOLD | KT_14 | 1ct | imgs:3
[01:21:56][EMERALD] [4097] ? NIV-A34231C6258207ED | BASKET | DOUBLE_TWIST | CHANNEL | GOLD | KT_14 | 1ct | imgs:3
[01:21:59][EMERALD] [4098] ? NIV-B40436A1D4B58E34 | BASKET | DOUBLE_TWIST | CHANNEL | GOLD | KT_18 | 1ct | imgs:3
[01:22:02][EMERALD] [4099] ? NIV-B40436A1D4B58E34 | BASKET | DOUBLE_TWIST | CHANNEL | GOLD | KT_18 | 1ct | imgs:3
[01:22:08][EMERALD] [4100] ? NIV-B40436A1D4B58E34 | BASKET | DOUBLE_TWIST | CHANNEL | GOLD | KT_18 | 1ct | imgs:3
[01:22:11][EMERALD] [4101] ? NIV-159614B282119423 | BASKET | DOUBLE_TWIST | CHANNEL | GOLD | KT_18 | 1ct | imgs:2
[01:22:17][EMERALD] [4102] ? NIV-159614B282119423 | BASKET | DOUBLE_TWIST | CHANNEL | GOLD | KT_18 | 1ct | imgs:3
[01:22:20][EMERALD] [4103] ? NIV-159614B282119423 | BASKET | DOUBLE_TWIST | CHANNEL | GOLD | KT_18 | 1ct | imgs:3
[01:22:23][EMERALD] [4104] ? NIV-697578F66BB05AEE | BASKET | DOUBLE_TWIST | CHANNEL | GOLD | KT_18 | 1ct | imgs:3
[01:22:26][EMERALD] [4105] ? NIV-697578F66BB05AEE | BASKET | DOUBLE_TWIST | CHANNEL | GOLD | KT_18 | 1ct | imgs:3
[01:22:29][EMERALD] [4106] ? NIV-697578F66BB05AEE | BASKET | DOUBLE_TWIST | CHANNEL | GOLD | KT_18 | 1ct | imgs:3
[01:22:32][EMERALD] [4107] ? NIV-C1759AB563B1D075 | BASKET | DOUBLE_TWIST | CHANNEL | PLATINUM | PT_950 | 1ct | imgs:3
[01:22:38][EMERALD] [4108] ? NIV-6BFA4A1D409F83B1 | BASKET | DOUBLE_TWIST | CHANNEL | GOLD | KT_10 | 1ct | imgs:3
[01:22:41][EMERALD] [4109] ? NIV-6BFA4A1D409F83B1 | BASKET | DOUBLE_TWIST | CHANNEL | GOLD | KT_10 | 1ct | imgs:3
[01:22:44][EMERALD] [4110] ? NIV-6BFA4A1D409F83B1 | BASKET | DOUBLE_TWIST | CHANNEL | GOLD | KT_10 | 1ct | imgs:3
[01:22:47][EMERALD] [4111] ? NIV-8A932045DCA5694E | BASKET | DOUBLE_TWIST | CHANNEL | GOLD | KT_10 | 1ct | imgs:3
[01:22:50][EMERALD] [4112] ? NIV-8A932045DCA5694E | BASKET | DOUBLE_TWIST | CHANNEL | GOLD | KT_10 | 1ct | imgs:3
[01:22:53][EMERALD] [4113] ? NIV-8A932045DCA5694E | BASKET | DOUBLE_TWIST | CHANNEL | GOLD | KT_10 | 1ct | imgs:3
[01:22:56][EMERALD] [4114] ? NIV-F14F5DFD71E5324F | BASKET | DOUBLE_TWIST | CHANNEL | GOLD | KT_10 | 1ct | imgs:3
[01:22:59][EMERALD] [4115] ? NIV-F14F5DFD71E5324F | BASKET | DOUBLE_TWIST | CHANNEL | GOLD | KT_10 | 1ct | imgs:3
[01:23:02][EMERALD] [4116] ? NIV-F14F5DFD71E5324F | BASKET | DOUBLE_TWIST | CHANNEL | GOLD | KT_10 | 1ct | imgs:3
[01:23:05][EMERALD] [4117] ? NIV-A48B1469CC21DCB5 | BASKET | DOUBLE_TWIST | CHANNEL | GOLD | KT_14 | 1ct | imgs:3
[01:23:11][EMERALD] [4118] ? NIV-A48B1469CC21DCB5 | BASKET | DOUBLE_TWIST | CHANNEL | GOLD | KT_14 | 1ct | imgs:3
[01:23:14][EMERALD] [4119] ? NIV-A48B1469CC21DCB5 | BASKET | DOUBLE_TWIST | CHANNEL | GOLD | KT_14 | 1ct | imgs:3
[01:23:17][EMERALD] [4120] ? NIV-0C7CF1B5F639ECC3 | BASKET | DOUBLE_TWIST | CHANNEL | GOLD | KT_14 | 1ct | imgs:3
[01:23:20][EMERALD] [4121] ? NIV-0C7CF1B5F639ECC3 | BASKET | DOUBLE_TWIST | CHANNEL | GOLD | KT_14 | 1ct | imgs:3
[01:23:26][EMERALD] [4122] ? NIV-0C7CF1B5F639ECC3 | BASKET | DOUBLE_TWIST | CHANNEL | GOLD | KT_14 | 1ct | imgs:3
[01:23:29][EMERALD] [4123] ? NIV-9DB1C6149FCDBE90 | BASKET | DOUBLE_TWIST | CHANNEL | GOLD | KT_14 | 1ct | imgs:3
[01:23:32][EMERALD] [4124] ? NIV-9DB1C6149FCDBE90 | BASKET | DOUBLE_TWIST | CHANNEL | GOLD | KT_14 | 1ct | imgs:3
[01:23:38][EMERALD] [4125] ? NIV-9DB1C6149FCDBE90 | BASKET | DOUBLE_TWIST | CHANNEL | GOLD | KT_14 | 1ct | imgs:3
[01:23:41][EMERALD] [4126] ? NIV-1309907F8CC3C3F8 | BASKET | DOUBLE_TWIST | CHANNEL | GOLD | KT_18 | 1ct | imgs:3
[01:23:44][EMERALD] [4127] ? NIV-1309907F8CC3C3F8 | BASKET | DOUBLE_TWIST | CHANNEL | GOLD | KT_18 | 1ct | imgs:3
[01:23:47][EMERALD] [4128] ? NIV-1309907F8CC3C3F8 | BASKET | DOUBLE_TWIST | CHANNEL | GOLD | KT_18 | 1ct | imgs:3
[01:23:50][EMERALD] [4129] ? NIV-9BD0C250387E06B6 | BASKET | DOUBLE_TWIST | CHANNEL | GOLD | KT_18 | 1ct | imgs:3
[01:23:53][EMERALD] [4130] ? NIV-9BD0C250387E06B6 | BASKET | DOUBLE_TWIST | CHANNEL | GOLD | KT_18 | 1ct | imgs:3
[01:23:59][EMERALD] [4131] ? NIV-9BD0C250387E06B6 | BASKET | DOUBLE_TWIST | CHANNEL | GOLD | KT_18 | 1ct | imgs:3
[01:24:02][EMERALD] [4132] ? NIV-077F24A8EDA185F3 | BASKET | DOUBLE_TWIST | CHANNEL | GOLD | KT_18 | 1ct | imgs:3
[01:24:05][EMERALD] [4133] ? NIV-077F24A8EDA185F3 | BASKET | DOUBLE_TWIST | CHANNEL | GOLD | KT_18 | 1ct | imgs:3
[01:24:08][EMERALD] [4134] ? NIV-077F24A8EDA185F3 | BASKET | DOUBLE_TWIST | CHANNEL | GOLD | KT_18 | 1ct | imgs:3
[01:24:11][EMERALD] [4135] ? NIV-6D9F7714F267D34C | BASKET | DOUBLE_TWIST | CHANNEL | PLATINUM | PT_950 | 1ct | imgs:3
[01:24:17][EMERALD] [4136] ? NIV-004F66F721C29978 | BASKET | DOUBLE_TWIST | CHANNEL | GOLD | KT_10 | 1ct | imgs:3
[01:24:20][EMERALD] [4137] ? NIV-004F66F721C29978 | BASKET | DOUBLE_TWIST | CHANNEL | GOLD | KT_10 | 1ct | imgs:3
[01:24:26][EMERALD] [4138] ? NIV-004F66F721C29978 | BASKET | DOUBLE_TWIST | CHANNEL | GOLD | KT_10 | 1ct | imgs:3
[01:24:31][EMERALD] [4139] ? NIV-29F19DE81C008179 | BASKET | DOUBLE_TWIST | CHANNEL | GOLD | KT_10 | 1ct | imgs:1
[01:24:35][EMERALD] [4140] ? NIV-29F19DE81C008179 | BASKET | DOUBLE_TWIST | CHANNEL | GOLD | KT_10 | 1ct | imgs:3
[01:24:41][EMERALD] [4141] ? NIV-29F19DE81C008179 | BASKET | DOUBLE_TWIST | CHANNEL | GOLD | KT_10 | 1ct | imgs:3
[01:24:44][EMERALD] [4142] ? NIV-6EABC167F60248C2 | BASKET | DOUBLE_TWIST | CHANNEL | GOLD | KT_10 | 1ct | imgs:3
[01:24:50][EMERALD] [4143] ? NIV-6EABC167F60248C2 | BASKET | DOUBLE_TWIST | CHANNEL | GOLD | KT_10 | 1ct | imgs:3
[01:24:53][EMERALD] [4144] ? NIV-6EABC167F60248C2 | BASKET | DOUBLE_TWIST | CHANNEL | GOLD | KT_10 | 1ct | imgs:3
[01:24:56][EMERALD] [4145] ? NIV-87824DEE4E031C22 | BASKET | DOUBLE_TWIST | CHANNEL | GOLD | KT_14 | 1ct | imgs:2
[01:25:02][EMERALD] [4146] ? NIV-87824DEE4E031C22 | BASKET | DOUBLE_TWIST | CHANNEL | GOLD | KT_14 | 1ct | imgs:3
[01:25:05][EMERALD] [4147] ? NIV-87824DEE4E031C22 | BASKET | DOUBLE_TWIST | CHANNEL | GOLD | KT_14 | 1ct | imgs:3
[01:25:08][EMERALD] [4148] ? NIV-16263413BA4595EC | BASKET | DOUBLE_TWIST | CHANNEL | GOLD | KT_14 | 1ct | imgs:3
[01:25:11][EMERALD] [4149] ? NIV-16263413BA4595EC | BASKET | DOUBLE_TWIST | CHANNEL | GOLD | KT_14 | 1ct | imgs:3
[01:25:14][EMERALD] [4150] ? NIV-16263413BA4595EC | BASKET | DOUBLE_TWIST | CHANNEL | GOLD | KT_14 | 1ct | imgs:3
[01:25:17][EMERALD] [4151] ? NIV-57A96327425E649C | BASKET | DOUBLE_TWIST | CHANNEL | GOLD | KT_14 | 1ct | imgs:3
[01:25:20][EMERALD] [4152] ? NIV-57A96327425E649C | BASKET | DOUBLE_TWIST | CHANNEL | GOLD | KT_14 | 1ct | imgs:3
[01:25:26][EMERALD] [4153] ? NIV-57A96327425E649C | BASKET | DOUBLE_TWIST | CHANNEL | GOLD | KT_14 | 1ct | imgs:3
[01:25:29][EMERALD] [4154] ? NIV-4448A48A7D324DA8 | BASKET | DOUBLE_TWIST | CHANNEL | GOLD | KT_18 | 1ct | imgs:3
[01:25:32][EMERALD] [4155] ? NIV-4448A48A7D324DA8 | BASKET | DOUBLE_TWIST | CHANNEL | GOLD | KT_18 | 1ct | imgs:3
[01:25:38][EMERALD] [4156] ? NIV-4448A48A7D324DA8 | BASKET | DOUBLE_TWIST | CHANNEL | GOLD | KT_18 | 1ct | imgs:3
[01:25:41][EMERALD] [4157] ? NIV-DF00A4F5FE389056 | BASKET | DOUBLE_TWIST | CHANNEL | GOLD | KT_18 | 1ct | imgs:3
[01:25:44][EMERALD] [4158] ? NIV-DF00A4F5FE389056 | BASKET | DOUBLE_TWIST | CHANNEL | GOLD | KT_18 | 1ct | imgs:3
[01:25:47][EMERALD] [4159] ? NIV-DF00A4F5FE389056 | BASKET | DOUBLE_TWIST | CHANNEL | GOLD | KT_18 | 1ct | imgs:3
[01:25:50][EMERALD] [4160] ? NIV-66491F581D2B60C0 | BASKET | DOUBLE_TWIST | CHANNEL | GOLD | KT_18 | 1ct | imgs:3
[01:25:56][EMERALD] [4161] ? NIV-66491F581D2B60C0 | BASKET | DOUBLE_TWIST | CHANNEL | GOLD | KT_18 | 1ct | imgs:3
[01:25:59][EMERALD] [4162] ? NIV-66491F581D2B60C0 | BASKET | DOUBLE_TWIST | CHANNEL | GOLD | KT_18 | 1ct | imgs:3
[01:26:02][EMERALD] [4163] ? NIV-848735861D070D4B | BASKET | DOUBLE_TWIST | CHANNEL | PLATINUM | PT_950 | 1ct | imgs:3
[01:26:08][EMERALD] [4164] ? NIV-C76076CE252C932C | BASKET | DOUBLE_TWIST | CHANNEL | GOLD | KT_10 | 1ct | imgs:3
[01:26:11][EMERALD] [4165] ? NIV-C76076CE252C932C | BASKET | DOUBLE_TWIST | CHANNEL | GOLD | KT_10 | 1ct | imgs:3
[01:26:17][EMERALD] [4166] ? NIV-C76076CE252C932C | BASKET | DOUBLE_TWIST | CHANNEL | GOLD | KT_10 | 1ct | imgs:3
[01:26:20][EMERALD] [4167] ? NIV-16C671C4B32DE336 | BASKET | DOUBLE_TWIST | CHANNEL | GOLD | KT_10 | 1ct | imgs:3
[01:26:23][EMERALD] [4168] ? NIV-16C671C4B32DE336 | BASKET | DOUBLE_TWIST | CHANNEL | GOLD | KT_10 | 1ct | imgs:3
[01:26:29][EMERALD] [4169] ? NIV-16C671C4B32DE336 | BASKET | DOUBLE_TWIST | CHANNEL | GOLD | KT_10 | 1ct | imgs:3
[01:26:32][EMERALD] [4170] ? NIV-200AC0FBAAD4AE54 | BASKET | DOUBLE_TWIST | CHANNEL | GOLD | KT_10 | 1ct | imgs:3
[01:26:35][EMERALD] [4171] ? NIV-200AC0FBAAD4AE54 | BASKET | DOUBLE_TWIST | CHANNEL | GOLD | KT_10 | 1ct | imgs:3
[01:26:38][EMERALD] [4172] ? NIV-200AC0FBAAD4AE54 | BASKET | DOUBLE_TWIST | CHANNEL | GOLD | KT_10 | 1ct | imgs:3
[01:26:41][EMERALD] [4173] ? NIV-3C3484DD07ADCA09 | BASKET | DOUBLE_TWIST | CHANNEL | GOLD | KT_14 | 1ct | imgs:3
[01:26:44][EMERALD] [4174] ? NIV-3C3484DD07ADCA09 | BASKET | DOUBLE_TWIST | CHANNEL | GOLD | KT_14 | 1ct | imgs:3
[01:26:50][EMERALD] [4175] ? NIV-3C3484DD07ADCA09 | BASKET | DOUBLE_TWIST | CHANNEL | GOLD | KT_14 | 1ct | imgs:3
[01:26:53][EMERALD] [4176] ? NIV-37AF443CE2D2A550 | BASKET | DOUBLE_TWIST | CHANNEL | GOLD | KT_14 | 1ct | imgs:3
[01:26:56][EMERALD] [4177] ? NIV-37AF443CE2D2A550 | BASKET | DOUBLE_TWIST | CHANNEL | GOLD | KT_14 | 1ct | imgs:3
[01:27:02][EMERALD] [4178] ? NIV-37AF443CE2D2A550 | BASKET | DOUBLE_TWIST | CHANNEL | GOLD | KT_14 | 1ct | imgs:3
[01:27:05][EMERALD] [4179] ? NIV-5EFC3ADD2FE79F6B | BASKET | DOUBLE_TWIST | CHANNEL | GOLD | KT_14 | 1ct | imgs:3
[01:27:08][EMERALD] [4180] ? NIV-5EFC3ADD2FE79F6B | BASKET | DOUBLE_TWIST | CHANNEL | GOLD | KT_14 | 1ct | imgs:3
[01:27:14][EMERALD] [4181] ? NIV-5EFC3ADD2FE79F6B | BASKET | DOUBLE_TWIST | CHANNEL | GOLD | KT_14 | 1ct | imgs:3
[01:27:17][EMERALD] [4182] ? NIV-E03CAFC26C4DC3DF | BASKET | DOUBLE_TWIST | CHANNEL | GOLD | KT_18 | 1ct | imgs:3
[01:27:23][EMERALD] [4183] ? NIV-E03CAFC26C4DC3DF | BASKET | DOUBLE_TWIST | CHANNEL | GOLD | KT_18 | 1ct | imgs:3
[01:27:26][EMERALD] [4184] ? NIV-E03CAFC26C4DC3DF | BASKET | DOUBLE_TWIST | CHANNEL | GOLD | KT_18 | 1ct | imgs:3
[01:27:29][EMERALD] [4185] ? NIV-12B37261FF6B988F | BASKET | DOUBLE_TWIST | CHANNEL | GOLD | KT_18 | 1ct | imgs:3
[01:27:32][EMERALD] [4186] ? NIV-12B37261FF6B988F | BASKET | DOUBLE_TWIST | CHANNEL | GOLD | KT_18 | 1ct | imgs:3
[01:27:35][EMERALD] [4187] ? NIV-12B37261FF6B988F | BASKET | DOUBLE_TWIST | CHANNEL | GOLD | KT_18 | 1ct | imgs:3
[01:27:38][EMERALD] [4188] ? NIV-E004C965B82B3AD8 | BASKET | DOUBLE_TWIST | CHANNEL | GOLD | KT_18 | 1ct | imgs:3
[01:27:41][EMERALD] [4189] ? NIV-E004C965B82B3AD8 | BASKET | DOUBLE_TWIST | CHANNEL | GOLD | KT_18 | 1ct | imgs:3
[01:27:47][EMERALD] [4190] ? NIV-E004C965B82B3AD8 | BASKET | DOUBLE_TWIST | CHANNEL | GOLD | KT_18 | 1ct | imgs:3
[01:27:50][EMERALD] [4191] ? NIV-5017A26BFDD55724 | BASKET | DOUBLE_TWIST | CHANNEL | PLATINUM | PT_950 | 1ct | imgs:3
[01:27:53][EMERALD] [4192] ? NIV-AE8755310B9B64D5 | BASKET | DOUBLE_TWIST | CHANNEL | GOLD | KT_10 | 1ct | imgs:3
[01:27:59][EMERALD] [4193] ? NIV-AE8755310B9B64D5 | BASKET | DOUBLE_TWIST | CHANNEL | GOLD | KT_10 | 1ct | imgs:3
[01:28:02][EMERALD] [4194] ? NIV-AE8755310B9B64D5 | BASKET | DOUBLE_TWIST | CHANNEL | GOLD | KT_10 | 1ct | imgs:3
[01:28:05][EMERALD] [4195] ? NIV-A9EE095872C7B9CE | BASKET | DOUBLE_TWIST | CHANNEL | GOLD | KT_10 | 1ct | imgs:3
[01:28:08][EMERALD] [4196] ? NIV-A9EE095872C7B9CE | BASKET | DOUBLE_TWIST | CHANNEL | GOLD | KT_10 | 1ct | imgs:3
[01:28:11][EMERALD] [4197] ? NIV-A9EE095872C7B9CE | BASKET | DOUBLE_TWIST | CHANNEL | GOLD | KT_10 | 1ct | imgs:3
[01:28:14][EMERALD] [4198] ? NIV-66E0421806EE9C6E | BASKET | DOUBLE_TWIST | CHANNEL | GOLD | KT_10 | 1ct | imgs:3
[01:28:17][EMERALD] [4199] ? NIV-66E0421806EE9C6E | BASKET | DOUBLE_TWIST | CHANNEL | GOLD | KT_10 | 1ct | imgs:3
[01:28:23][EMERALD] [4200] ? NIV-66E0421806EE9C6E | BASKET | DOUBLE_TWIST | CHANNEL | GOLD | KT_10 | 1ct | imgs:3
[01:28:26][EMERALD] [4201] ? NIV-E6391F8030D393E1 | BASKET | DOUBLE_TWIST | CHANNEL | GOLD | KT_14 | 1ct | imgs:3
[01:28:29][EMERALD] [4202] ? NIV-E6391F8030D393E1 | BASKET | DOUBLE_TWIST | CHANNEL | GOLD | KT_14 | 1ct | imgs:3
[01:28:35][EMERALD] [4203] ? NIV-E6391F8030D393E1 | BASKET | DOUBLE_TWIST | CHANNEL | GOLD | KT_14 | 1ct | imgs:3
[01:28:38][EMERALD] [4204] ? NIV-26479D082F19B5B4 | BASKET | DOUBLE_TWIST | CHANNEL | GOLD | KT_14 | 1ct | imgs:3
[01:28:41][EMERALD] [4205] ? NIV-26479D082F19B5B4 | BASKET | DOUBLE_TWIST | CHANNEL | GOLD | KT_14 | 1ct | imgs:3
[01:28:44][EMERALD] [4206] ? NIV-26479D082F19B5B4 | BASKET | DOUBLE_TWIST | CHANNEL | GOLD | KT_14 | 1ct | imgs:3
[01:28:47][EMERALD] [4207] ? NIV-D3C1E0FC8CE2BD99 | BASKET | DOUBLE_TWIST | CHANNEL | GOLD | KT_14 | 1ct | imgs:3
[01:28:50][EMERALD] [4208] ? NIV-D3C1E0FC8CE2BD99 | BASKET | DOUBLE_TWIST | CHANNEL | GOLD | KT_14 | 1ct | imgs:3
[01:28:53][EMERALD] [4209] ? NIV-D3C1E0FC8CE2BD99 | BASKET | DOUBLE_TWIST | CHANNEL | GOLD | KT_14 | 1ct | imgs:3
[01:28:56][EMERALD] [4210] ? NIV-D4DEF206DCAB73DF | BASKET | DOUBLE_TWIST | CHANNEL | GOLD | KT_18 | 1ct | imgs:3
[01:29:02][EMERALD] [4211] ? NIV-D4DEF206DCAB73DF | BASKET | DOUBLE_TWIST | CHANNEL | GOLD | KT_18 | 1ct | imgs:3
[01:29:05][EMERALD] [4212] ? NIV-D4DEF206DCAB73DF | BASKET | DOUBLE_TWIST | CHANNEL | GOLD | KT_18 | 1ct | imgs:3
[01:29:08][EMERALD] [4213] ? NIV-CDF976CE9D7D5C68 | BASKET | DOUBLE_TWIST | CHANNEL | GOLD | KT_18 | 1ct | imgs:3
[01:29:11][EMERALD] [4214] ? NIV-CDF976CE9D7D5C68 | BASKET | DOUBLE_TWIST | CHANNEL | GOLD | KT_18 | 1ct | imgs:3
[01:29:14][EMERALD] [4215] ? NIV-CDF976CE9D7D5C68 | BASKET | DOUBLE_TWIST | CHANNEL | GOLD | KT_18 | 1ct | imgs:3
[01:29:17][EMERALD] [4216] ? NIV-EA9849F8D45DCBD5 | BASKET | DOUBLE_TWIST | CHANNEL | GOLD | KT_18 | 1ct | imgs:3
[01:29:20][EMERALD] [4217] ? NIV-EA9849F8D45DCBD5 | BASKET | DOUBLE_TWIST | CHANNEL | GOLD | KT_18 | 1ct | imgs:3
[01:29:23][EMERALD] [4218] ? NIV-EA9849F8D45DCBD5 | BASKET | DOUBLE_TWIST | CHANNEL | GOLD | KT_18 | 1ct | imgs:3
[01:29:26][EMERALD] [4219] ? NIV-8910244AABBD55E5 | BASKET | DOUBLE_TWIST | CHANNEL | PLATINUM | PT_950 | 1ct | imgs:3
[01:29:32][EMERALD] [4220] ? NIV-5EFB8245EBFCA28C | BASKET | DOUBLE_TWIST | CHANNEL | GOLD | KT_10 | 1ct | imgs:3
[01:29:35][EMERALD] [4221] ? NIV-5EFB8245EBFCA28C | BASKET | DOUBLE_TWIST | CHANNEL | GOLD | KT_10 | 1ct | imgs:3
[01:29:38][EMERALD] [4222] ? NIV-5EFB8245EBFCA28C | BASKET | DOUBLE_TWIST | CHANNEL | GOLD | KT_10 | 1ct | imgs:3
[01:29:41][EMERALD] [4223] ? NIV-3AEDB493717F33A4 | BASKET | DOUBLE_TWIST | CHANNEL | GOLD | KT_10 | 1ct | imgs:3
[01:29:44][EMERALD] [4224] ? NIV-3AEDB493717F33A4 | BASKET | DOUBLE_TWIST | CHANNEL | GOLD | KT_10 | 1ct | imgs:3
[01:29:47][EMERALD] [4225] ? NIV-3AEDB493717F33A4 | BASKET | DOUBLE_TWIST | CHANNEL | GOLD | KT_10 | 1ct | imgs:3
[01:29:50][EMERALD] [4226] ? NIV-1E68664E38C15705 | BASKET | DOUBLE_TWIST | CHANNEL | GOLD | KT_10 | 1ct | imgs:3
[01:29:53][EMERALD] [4227] ? NIV-1E68664E38C15705 | BASKET | DOUBLE_TWIST | CHANNEL | GOLD | KT_10 | 1ct | imgs:3
[01:29:56][EMERALD] [4228] ? NIV-1E68664E38C15705 | BASKET | DOUBLE_TWIST | CHANNEL | GOLD | KT_10 | 1ct | imgs:3
[01:29:59][EMERALD] [4229] ? NIV-840F83FF819E2E3E | BASKET | DOUBLE_TWIST | CHANNEL | GOLD | KT_14 | 1ct | imgs:3
[01:30:05][EMERALD] [4230] ? NIV-840F83FF819E2E3E | BASKET | DOUBLE_TWIST | CHANNEL | GOLD | KT_14 | 1ct | imgs:3
[01:30:08][EMERALD] [4231] ? NIV-840F83FF819E2E3E | BASKET | DOUBLE_TWIST | CHANNEL | GOLD | KT_14 | 1ct | imgs:3
[01:30:11][EMERALD] [4232] ? NIV-C94A888F84A43597 | BASKET | DOUBLE_TWIST | CHANNEL | GOLD | KT_14 | 1ct | imgs:3
[01:30:14][EMERALD] [4233] ? NIV-C94A888F84A43597 | BASKET | DOUBLE_TWIST | CHANNEL | GOLD | KT_14 | 1ct | imgs:3
[01:30:17][EMERALD] [4234] ? NIV-C94A888F84A43597 | BASKET | DOUBLE_TWIST | CHANNEL | GOLD | KT_14 | 1ct | imgs:3
[01:30:20][EMERALD] [4235] ? NIV-9EF70BB7CFD3E3B1 | BASKET | DOUBLE_TWIST | CHANNEL | GOLD | KT_14 | 1ct | imgs:3
[01:30:23][EMERALD] [4236] ? NIV-9EF70BB7CFD3E3B1 | BASKET | DOUBLE_TWIST | CHANNEL | GOLD | KT_14 | 1ct | imgs:3
[01:30:29][EMERALD] [4237] ? NIV-9EF70BB7CFD3E3B1 | BASKET | DOUBLE_TWIST | CHANNEL | GOLD | KT_14 | 1ct | imgs:3
[01:30:32][EMERALD] [4238] ? NIV-1549F16D58D11DF8 | BASKET | DOUBLE_TWIST | CHANNEL | GOLD | KT_18 | 1ct | imgs:3
[01:30:35][EMERALD] [4239] ? NIV-1549F16D58D11DF8 | BASKET | DOUBLE_TWIST | CHANNEL | GOLD | KT_18 | 1ct | imgs:3
[01:30:38][EMERALD] [4240] ? NIV-1549F16D58D11DF8 | BASKET | DOUBLE_TWIST | CHANNEL | GOLD | KT_18 | 1ct | imgs:3
[01:30:41][EMERALD] [4241] ? NIV-2DFA05D82D6BCE25 | BASKET | DOUBLE_TWIST | CHANNEL | GOLD | KT_18 | 1ct | imgs:3
[01:30:44][EMERALD] [4242] ? NIV-2DFA05D82D6BCE25 | BASKET | DOUBLE_TWIST | CHANNEL | GOLD | KT_18 | 1ct | imgs:3
[01:30:50][EMERALD] [4243] ? NIV-2DFA05D82D6BCE25 | BASKET | DOUBLE_TWIST | CHANNEL | GOLD | KT_18 | 1ct | imgs:3
[01:30:53][EMERALD] [4244] ? NIV-C88A9E1820056A94 | BASKET | DOUBLE_TWIST | CHANNEL | GOLD | KT_18 | 1ct | imgs:3
[01:30:56][EMERALD] [4245] ? NIV-C88A9E1820056A94 | BASKET | DOUBLE_TWIST | CHANNEL | GOLD | KT_18 | 1ct | imgs:3
[01:31:02][EMERALD] [4246] ? NIV-C88A9E1820056A94 | BASKET | DOUBLE_TWIST | CHANNEL | GOLD | KT_18 | 1ct | imgs:3
[01:31:05][EMERALD] [4247] ? NIV-D4AE755D4122C8FD | BASKET | DOUBLE_TWIST | CHANNEL | PLATINUM | PT_950 | 1ct | imgs:3
[01:31:11][EMERALD] [4248] ? NIV-84A08E709735187A | BASKET | DOUBLE_TWIST | CHANNEL | GOLD | KT_10 | 1ct | imgs:3
[01:31:14][EMERALD] [4249] ? NIV-84A08E709735187A | BASKET | DOUBLE_TWIST | CHANNEL | GOLD | KT_10 | 1ct | imgs:3
[01:31:17][EMERALD] [4250] ? NIV-84A08E709735187A | BASKET | DOUBLE_TWIST | CHANNEL | GOLD | KT_10 | 1ct | imgs:3
[01:31:20][EMERALD] [4251] ? NIV-1FD068FC23C75958 | BASKET | DOUBLE_TWIST | CHANNEL | GOLD | KT_10 | 1ct | imgs:3
[01:31:23][EMERALD] [4252] ? NIV-1FD068FC23C75958 | BASKET | DOUBLE_TWIST | CHANNEL | GOLD | KT_10 | 1ct | imgs:3
[01:31:26][EMERALD] [4253] ? NIV-1FD068FC23C75958 | BASKET | DOUBLE_TWIST | CHANNEL | GOLD | KT_10 | 1ct | imgs:3
[01:31:29][EMERALD] [4254] ? NIV-D1EFBE34AAAB0453 | BASKET | DOUBLE_TWIST | CHANNEL | GOLD | KT_10 | 1ct | imgs:3
[01:31:32][EMERALD] [4255] ? NIV-D1EFBE34AAAB0453 | BASKET | DOUBLE_TWIST | CHANNEL | GOLD | KT_10 | 1ct | imgs:3
[01:31:38][EMERALD] [4256] ? NIV-D1EFBE34AAAB0453 | BASKET | DOUBLE_TWIST | CHANNEL | GOLD | KT_10 | 1ct | imgs:3
[01:31:41][EMERALD] [4257] ? NIV-C3666DFCB759379F | BASKET | DOUBLE_TWIST | CHANNEL | GOLD | KT_14 | 1ct | imgs:3
[01:31:44][EMERALD]   Re-seleccionando EMERALD (intento 1)
[01:31:44][EMERALD]   Boton no encontrado ? recargando configurador...
[01:32:00][EMERALD]   Re-seleccionando EMERALD (intento 2)
[01:32:03][EMERALD] [4258] ? NIV-2976C15504BEA6A1 | BASKET | DOUBLE_TWIST | CHANNEL | GOLD | KT_14 | 1ct | imgs:3
[01:32:06][EMERALD] [4259] ? NIV-0617BAFFC8F22085 | BASKET | DOUBLE_TWIST | CHANNEL | GOLD | KT_14 | 1ct | imgs:3
[01:32:09][EMERALD] [4260] ? NIV-DFD392AE87D500C9 | BASKET | DOUBLE_TWIST | CHANNEL | GOLD | KT_14 | 1ct | imgs:3
[01:32:12][EMERALD] [4261] ? NIV-577E98AEF40A4E55 | BASKET | DOUBLE_TWIST | CHANNEL | GOLD | KT_14 | 1ct | imgs:3
[01:32:15][EMERALD] [4262] ? NIV-61FD728ECCFBC03B | BASKET | DOUBLE_TWIST | CHANNEL | GOLD | KT_14 | 1ct | imgs:3
[01:32:18][EMERALD] [4263] ? NIV-29DD8E52D3103B43 | BASKET | DOUBLE_TWIST | CHANNEL | GOLD | KT_14 | 1ct | imgs:3
[01:32:21][EMERALD] [4264] ? NIV-022700432B17CE96 | BASKET | DOUBLE_TWIST | CHANNEL | GOLD | KT_14 | 1ct | imgs:3
[01:32:24][EMERALD] [4265] ? NIV-4C58A4FB5312412D | BASKET | DOUBLE_TWIST | CHANNEL | GOLD | KT_14 | 1ct | imgs:3
[01:32:28][EMERALD] [4266] ? NIV-84C7F7530C70F70D | BASKET | DOUBLE_TWIST | CHANNEL | GOLD | KT_18 | 1ct | imgs:3
[01:32:30][EMERALD] [4267] ? NIV-C58B0EAE6D5330BE | BASKET | DOUBLE_TWIST | CHANNEL | GOLD | KT_18 | 1ct | imgs:3
[01:32:33][EMERALD] [4268] ? NIV-EAA574E805638E9C | BASKET | DOUBLE_TWIST | CHANNEL | GOLD | KT_18 | 1ct | imgs:3
[01:32:36][EMERALD] [4269] ? NIV-8E441C273A81DF56 | BASKET | DOUBLE_TWIST | CHANNEL | GOLD | KT_18 | 1ct | imgs:3
[01:32:39][EMERALD] [4270] ? NIV-C3AFBCCBEFFACDF6 | BASKET | DOUBLE_TWIST | CHANNEL | GOLD | KT_18 | 1ct | imgs:3
[01:32:42][EMERALD] [4271] ? NIV-956C60F4CECC038F | BASKET | DOUBLE_TWIST | CHANNEL | GOLD | KT_18 | 1ct | imgs:3
[01:32:46][EMERALD] [4272] ? NIV-D1FAB43C2D1A64D4 | BASKET | DOUBLE_TWIST | CHANNEL | GOLD | KT_18 | 1ct | imgs:3
[01:32:48][EMERALD] [4273] ? NIV-D8A74E718B3EE441 | BASKET | DOUBLE_TWIST | CHANNEL | GOLD | KT_18 | 1ct | imgs:3
[01:32:51][EMERALD] [4274] ? NIV-B24E12D244D82B84 | BASKET | DOUBLE_TWIST | CHANNEL | GOLD | KT_18 | 1ct | imgs:3
[01:32:54][EMERALD] [4275] ? NIV-DE75F99A88EA3D49 | BASKET | DOUBLE_TWIST | CHANNEL | PLATINUM | PT_950 | 1ct | imgs:3
[01:32:59][EMERALD] [4276] ? NIV-6C08AAD53E76D6D1 | BASKET | DOUBLE_TWIST | CHANNEL | GOLD | KT_10 | 1ct | imgs:2
[01:33:03][EMERALD] [4277] ? NIV-6C08AAD53E76D6D1 | BASKET | DOUBLE_TWIST | CHANNEL | GOLD | KT_10 | 1ct | imgs:3
[01:33:06][EMERALD] [4278] ? NIV-6C08AAD53E76D6D1 | BASKET | DOUBLE_TWIST | CHANNEL | GOLD | KT_10 | 1ct | imgs:3
[01:33:09][EMERALD] [4279] ? NIV-D48D0ADCC527820B | BASKET | DOUBLE_TWIST | CHANNEL | GOLD | KT_10 | 1ct | imgs:3
[01:33:13][EMERALD] [4280] ? NIV-D48D0ADCC527820B | BASKET | DOUBLE_TWIST | CHANNEL | GOLD | KT_10 | 1ct | imgs:3
[01:33:18][EMERALD] [4281] ? NIV-D48D0ADCC527820B | BASKET | DOUBLE_TWIST | CHANNEL | GOLD | KT_10 | 1ct | imgs:3
[01:33:21][EMERALD] [4282] ? NIV-5E9E4A8EBCAB8F7E | BASKET | DOUBLE_TWIST | CHANNEL | GOLD | KT_10 | 1ct | imgs:3
[01:33:25][EMERALD] [4283] ? NIV-5E9E4A8EBCAB8F7E | BASKET | DOUBLE_TWIST | CHANNEL | GOLD | KT_10 | 1ct | imgs:3
[01:33:28][EMERALD] [4284] ? NIV-5E9E4A8EBCAB8F7E | BASKET | DOUBLE_TWIST | CHANNEL | GOLD | KT_10 | 1ct | imgs:3
[01:33:31][EMERALD] [4285] ? NIV-DEB51D8FB9D0283C | BASKET | DOUBLE_TWIST | CHANNEL | GOLD | KT_14 | 1ct | imgs:3
[01:33:36][EMERALD] [4286] ? NIV-DEB51D8FB9D0283C | BASKET | DOUBLE_TWIST | CHANNEL | GOLD | KT_14 | 1ct | imgs:3
[01:33:40][EMERALD] [4287] ? NIV-DEB51D8FB9D0283C | BASKET | DOUBLE_TWIST | CHANNEL | GOLD | KT_14 | 1ct | imgs:3
[01:33:42][EMERALD] [4288] ? NIV-70C1BA6B15954E9A | BASKET | DOUBLE_TWIST | CHANNEL | GOLD | KT_14 | 1ct | imgs:3
[01:33:45][EMERALD] [4289] ? NIV-70C1BA6B15954E9A | BASKET | DOUBLE_TWIST | CHANNEL | GOLD | KT_14 | 1ct | imgs:3
[01:33:49][EMERALD] [4290] ? NIV-70C1BA6B15954E9A | BASKET | DOUBLE_TWIST | CHANNEL | GOLD | KT_14 | 1ct | imgs:3
[01:33:51][EMERALD] [4291] ? NIV-BC0361B3E8ED3EE1 | BASKET | DOUBLE_TWIST | CHANNEL | GOLD | KT_14 | 1ct | imgs:3
[01:33:54][EMERALD] [4292] ? NIV-BC0361B3E8ED3EE1 | BASKET | DOUBLE_TWIST | CHANNEL | GOLD | KT_14 | 1ct | imgs:3
[01:33:58][EMERALD] [4293] ? NIV-BC0361B3E8ED3EE1 | BASKET | DOUBLE_TWIST | CHANNEL | GOLD | KT_14 | 1ct | imgs:3
[01:34:01][EMERALD] [4294] ? NIV-EFE76D048B196CBB | BASKET | DOUBLE_TWIST | CHANNEL | GOLD | KT_18 | 1ct | imgs:3
[01:34:04][EMERALD] [4295] ? NIV-EFE76D048B196CBB | BASKET | DOUBLE_TWIST | CHANNEL | GOLD | KT_18 | 1ct | imgs:3
[01:34:09][EMERALD] [4296] ? NIV-EFE76D048B196CBB | BASKET | DOUBLE_TWIST | CHANNEL | GOLD | KT_18 | 1ct | imgs:3
[01:34:12][EMERALD] [4297] ? NIV-799823962688B566 | BASKET | DOUBLE_TWIST | CHANNEL | GOLD | KT_18 | 1ct | imgs:3
[01:34:15][EMERALD] [4298] ? NIV-799823962688B566 | BASKET | DOUBLE_TWIST | CHANNEL | GOLD | KT_18 | 1ct | imgs:3
[01:34:21][EMERALD] [4299] ? NIV-799823962688B566 | BASKET | DOUBLE_TWIST | CHANNEL | GOLD | KT_18 | 1ct | imgs:3
[01:34:24][EMERALD] [4300] ? NIV-9B9EDD127295271E | BASKET | DOUBLE_TWIST | CHANNEL | GOLD | KT_18 | 1ct | imgs:3
[01:34:28][EMERALD] [4301] ? NIV-9B9EDD127295271E | BASKET | DOUBLE_TWIST | CHANNEL | GOLD | KT_18 | 1ct | imgs:3
[01:34:33][EMERALD] [4302] ? NIV-9B9EDD127295271E | BASKET | DOUBLE_TWIST | CHANNEL | GOLD | KT_18 | 1ct | imgs:3
[01:34:36][EMERALD] [4303] ? NIV-4675AFC18615FDBB | BASKET | DOUBLE_TWIST | CHANNEL | PLATINUM | PT_950 | 1ct | imgs:3
[01:34:42][EMERALD] [4304] ? NIV-3E6566E15858F994 | BASKET | DOUBLE_TWIST | CHANNEL | GOLD | KT_10 | 1ct | imgs:3
[01:34:48][EMERALD] [4305] ? NIV-3E6566E15858F994 | BASKET | DOUBLE_TWIST | CHANNEL | GOLD | KT_10 | 1ct | imgs:3
[01:34:52][EMERALD] [4306] ? NIV-3E6566E15858F994 | BASKET | DOUBLE_TWIST | CHANNEL | GOLD | KT_10 | 1ct | imgs:3
[01:34:54][EMERALD] [4307] ? NIV-5E2C72B1021F8475 | BASKET | DOUBLE_TWIST | CHANNEL | GOLD | KT_10 | 1ct | imgs:3
[01:34:58][EMERALD] [4308] ? NIV-5E2C72B1021F8475 | BASKET | DOUBLE_TWIST | CHANNEL | GOLD | KT_10 | 1ct | imgs:3
[01:35:01][EMERALD] [4309] ? NIV-5E2C72B1021F8475 | BASKET | DOUBLE_TWIST | CHANNEL | GOLD | KT_10 | 1ct | imgs:3
[01:35:03][EMERALD] [4310] ? NIV-B6C12105412F092C | BASKET | DOUBLE_TWIST | CHANNEL | GOLD | KT_10 | 1ct | imgs:3
[01:35:07][EMERALD] [4311] ? NIV-B6C12105412F092C | BASKET | DOUBLE_TWIST | CHANNEL | GOLD | KT_10 | 1ct | imgs:3
[01:35:10][EMERALD] [4312] ? NIV-B6C12105412F092C | BASKET | DOUBLE_TWIST | CHANNEL | GOLD | KT_10 | 1ct | imgs:3
[01:35:12][EMERALD] [4313] ? NIV-CFEDF0243363AB29 | BASKET | DOUBLE_TWIST | CHANNEL | GOLD | KT_14 | 1ct | imgs:3
[01:35:16][EMERALD] [4314] ? NIV-CFEDF0243363AB29 | BASKET | DOUBLE_TWIST | CHANNEL | GOLD | KT_14 | 1ct | imgs:3
[01:35:21][EMERALD] [4315] ? NIV-CFEDF0243363AB29 | BASKET | DOUBLE_TWIST | CHANNEL | GOLD | KT_14 | 1ct | imgs:3
[01:35:24][EMERALD] [4316] ? NIV-826AB88203889BC9 | BASKET | DOUBLE_TWIST | CHANNEL | GOLD | KT_14 | 1ct | imgs:3
[01:35:28][EMERALD] [4317] ? NIV-826AB88203889BC9 | BASKET | DOUBLE_TWIST | CHANNEL | GOLD | KT_14 | 1ct | imgs:3
[01:35:33][EMERALD] [4318] ? NIV-826AB88203889BC9 | BASKET | DOUBLE_TWIST | CHANNEL | GOLD | KT_14 | 1ct | imgs:3
[01:35:36][EMERALD] [4319] ? NIV-FBCCB66AE461826F | BASKET | DOUBLE_TWIST | CHANNEL | GOLD | KT_14 | 1ct | imgs:3
[01:35:40][EMERALD] [4320] ? NIV-FBCCB66AE461826F | BASKET | DOUBLE_TWIST | CHANNEL | GOLD | KT_14 | 1ct | imgs:3
[01:35:45][EMERALD] [4321] ? NIV-FBCCB66AE461826F | BASKET | DOUBLE_TWIST | CHANNEL | GOLD | KT_14 | 1ct | imgs:3
[01:35:48][EMERALD] [4322] ? NIV-212C30BDCE503BFB | BASKET | DOUBLE_TWIST | CHANNEL | GOLD | KT_18 | 1ct | imgs:3
[01:35:52][EMERALD] [4323] ? NIV-212C30BDCE503BFB | BASKET | DOUBLE_TWIST | CHANNEL | GOLD | KT_18 | 1ct | imgs:3
[01:35:55][EMERALD] [4324] ? NIV-212C30BDCE503BFB | BASKET | DOUBLE_TWIST | CHANNEL | GOLD | KT_18 | 1ct | imgs:3
[01:35:57][EMERALD] [4325] ? NIV-D341397942DB6ECF | BASKET | DOUBLE_TWIST | CHANNEL | GOLD | KT_18 | 1ct | imgs:3
[01:36:01][EMERALD] [4326] ? NIV-D341397942DB6ECF | BASKET | DOUBLE_TWIST | CHANNEL | GOLD | KT_18 | 1ct | imgs:3
[01:36:06][EMERALD] [4327] ? NIV-D341397942DB6ECF | BASKET | DOUBLE_TWIST | CHANNEL | GOLD | KT_18 | 1ct | imgs:3
[01:36:09][EMERALD] [4328] ? NIV-3FD60824C6CC280B | BASKET | DOUBLE_TWIST | CHANNEL | GOLD | KT_18 | 1ct | imgs:3
[01:36:12][EMERALD] [4329] ? NIV-3FD60824C6CC280B | BASKET | DOUBLE_TWIST | CHANNEL | GOLD | KT_18 | 1ct | imgs:3
[01:36:18][EMERALD] [4330] ? NIV-3FD60824C6CC280B | BASKET | DOUBLE_TWIST | CHANNEL | GOLD | KT_18 | 1ct | imgs:3
[01:36:21][EMERALD] [4331] ? NIV-0E616B037BBD27A6 | BASKET | DOUBLE_TWIST | CHANNEL | PLATINUM | PT_950 | 1ct | imgs:3
[01:36:28][EMERALD] [4332] ? NIV-61D47130A085F566 | BASKET | DOUBLE_TWIST | PRONG | GOLD | KT_10 | 1ct | imgs:3
[01:36:33][EMERALD] [4333] ? NIV-61D47130A085F566 | BASKET | DOUBLE_TWIST | PRONG | GOLD | KT_10 | 1ct | imgs:3
[01:36:36][EMERALD] [4334] ? NIV-61D47130A085F566 | BASKET | DOUBLE_TWIST | PRONG | GOLD | KT_10 | 1ct | imgs:3
[01:36:39][EMERALD] [4335] ? NIV-FAE6E4DE7ADFF392 | BASKET | DOUBLE_TWIST | PRONG | GOLD | KT_10 | 1ct | imgs:3
[01:36:43][EMERALD] [4336] ? NIV-FAE6E4DE7ADFF392 | BASKET | DOUBLE_TWIST | PRONG | GOLD | KT_10 | 1ct | imgs:3
[01:36:46][EMERALD] [4337] ? NIV-FAE6E4DE7ADFF392 | BASKET | DOUBLE_TWIST | PRONG | GOLD | KT_10 | 1ct | imgs:3
[01:36:48][EMERALD] [4338] ? NIV-588AD83AC1A8FA39 | BASKET | DOUBLE_TWIST | PRONG | GOLD | KT_10 | 1ct | imgs:3
[01:36:52][EMERALD] [4339] ? NIV-588AD83AC1A8FA39 | BASKET | DOUBLE_TWIST | PRONG | GOLD | KT_10 | 1ct | imgs:3
[01:36:55][EMERALD] [4340] ? NIV-588AD83AC1A8FA39 | BASKET | DOUBLE_TWIST | PRONG | GOLD | KT_10 | 1ct | imgs:3
[01:36:59][EMERALD] [4341] ? NIV-83CCD1141F542E8E | BASKET | DOUBLE_TWIST | PRONG | GOLD | KT_14 | 1ct | imgs:2
[01:37:03][EMERALD] [4342] ? NIV-83CCD1141F542E8E | BASKET | DOUBLE_TWIST | PRONG | GOLD | KT_14 | 1ct | imgs:3
[01:37:09][EMERALD] [4343] ? NIV-83CCD1141F542E8E | BASKET | DOUBLE_TWIST | PRONG | GOLD | KT_14 | 1ct | imgs:3
[01:37:13][EMERALD] [4344] ? NIV-0DCA8489D50446E5 | BASKET | DOUBLE_TWIST | PRONG | GOLD | KT_14 | 1ct | imgs:3
[01:37:18][EMERALD] [4345] ? NIV-0DCA8489D50446E5 | BASKET | DOUBLE_TWIST | PRONG | GOLD | KT_14 | 1ct | imgs:3
[01:37:21][EMERALD] [4346] ? NIV-0DCA8489D50446E5 | BASKET | DOUBLE_TWIST | PRONG | GOLD | KT_14 | 1ct | imgs:3
[01:37:24][EMERALD] [4347] ? NIV-81F3D9C180E9AD27 | BASKET | DOUBLE_TWIST | PRONG | GOLD | KT_14 | 1ct | imgs:3
[01:37:30][EMERALD] [4348] ? NIV-81F3D9C180E9AD27 | BASKET | DOUBLE_TWIST | PRONG | GOLD | KT_14 | 1ct | imgs:3
[01:37:33][EMERALD] [4349] ? NIV-81F3D9C180E9AD27 | BASKET | DOUBLE_TWIST | PRONG | GOLD | KT_14 | 1ct | imgs:3
[01:37:37][EMERALD] [4350] ? NIV-4A4752AA30560EA1 | BASKET | DOUBLE_TWIST | PRONG | GOLD | KT_18 | 1ct | imgs:3
[01:37:42][EMERALD] [4351] ? NIV-4A4752AA30560EA1 | BASKET | DOUBLE_TWIST | PRONG | GOLD | KT_18 | 1ct | imgs:3
[01:37:46][EMERALD] [4352] ? NIV-4A4752AA30560EA1 | BASKET | DOUBLE_TWIST | PRONG | GOLD | KT_18 | 1ct | imgs:3
[01:37:48][EMERALD] [4353] ? NIV-B9E7FE3CE24828E9 | BASKET | DOUBLE_TWIST | PRONG | GOLD | KT_18 | 1ct | imgs:3
[01:37:52][EMERALD] [4354] ? NIV-B9E7FE3CE24828E9 | BASKET | DOUBLE_TWIST | PRONG | GOLD | KT_18 | 1ct | imgs:3
[01:37:57][EMERALD] [4355] ? NIV-B9E7FE3CE24828E9 | BASKET | DOUBLE_TWIST | PRONG | GOLD | KT_18 | 1ct | imgs:3
[01:38:00][EMERALD] [4356] ? NIV-37BAE220103EA922 | BASKET | DOUBLE_TWIST | PRONG | GOLD | KT_18 | 1ct | imgs:3
[01:38:03][EMERALD] [4357] ? NIV-37BAE220103EA922 | BASKET | DOUBLE_TWIST | PRONG | GOLD | KT_18 | 1ct | imgs:3
[01:38:07][EMERALD] [4358] ? NIV-37BAE220103EA922 | BASKET | DOUBLE_TWIST | PRONG | GOLD | KT_18 | 1ct | imgs:3
[01:38:09][EMERALD] [4359] ? NIV-7A026D2020DED81F | BASKET | DOUBLE_TWIST | PRONG | PLATINUM | PT_950 | 1ct | imgs:3
[01:38:15][EMERALD] [4360] ? NIV-B06EA4C10F8C0FBE | BASKET | DOUBLE_TWIST | PRONG | GOLD | KT_10 | 1ct | imgs:3
[01:38:19][EMERALD] [4361] ? NIV-B06EA4C10F8C0FBE | BASKET | DOUBLE_TWIST | PRONG | GOLD | KT_10 | 1ct | imgs:3
[01:38:24][EMERALD] [4362] ? NIV-B06EA4C10F8C0FBE | BASKET | DOUBLE_TWIST | PRONG | GOLD | KT_10 | 1ct | imgs:3
[01:38:27][EMERALD] [4363] ? NIV-D0FDAB568C3B42E0 | BASKET | DOUBLE_TWIST | PRONG | GOLD | KT_10 | 1ct | imgs:3
[01:38:33][EMERALD] [4364] ? NIV-D0FDAB568C3B42E0 | BASKET | DOUBLE_TWIST | PRONG | GOLD | KT_10 | 1ct | imgs:3
[01:38:37][EMERALD] [4365] ? NIV-D0FDAB568C3B42E0 | BASKET | DOUBLE_TWIST | PRONG | GOLD | KT_10 | 1ct | imgs:3
[01:38:39][EMERALD] [4366] ? NIV-650C2BE646C31298 | BASKET | DOUBLE_TWIST | PRONG | GOLD | KT_10 | 1ct | imgs:3
[01:38:42][EMERALD] [4367] ? NIV-650C2BE646C31298 | BASKET | DOUBLE_TWIST | PRONG | GOLD | KT_10 | 1ct | imgs:3
[01:38:46][EMERALD] [4368] ? NIV-650C2BE646C31298 | BASKET | DOUBLE_TWIST | PRONG | GOLD | KT_10 | 1ct | imgs:3
[01:38:48][EMERALD] [4369] ? NIV-628DB3CA8037E87E | BASKET | DOUBLE_TWIST | PRONG | GOLD | KT_14 | 1ct | imgs:3
[01:38:54][EMERALD] [4370] ? NIV-628DB3CA8037E87E | BASKET | DOUBLE_TWIST | PRONG | GOLD | KT_14 | 1ct | imgs:3
[01:38:58][EMERALD] [4371] ? NIV-628DB3CA8037E87E | BASKET | DOUBLE_TWIST | PRONG | GOLD | KT_14 | 1ct | imgs:3
[01:39:04][EMERALD] [4372] ? NIV-FD101A719AF8C401 | BASKET | DOUBLE_TWIST | PRONG | GOLD | KT_14 | 1ct | imgs:3
[01:39:09][EMERALD] [4373] ? NIV-FD101A719AF8C401 | BASKET | DOUBLE_TWIST | PRONG | GOLD | KT_14 | 1ct | imgs:3
[01:39:13][EMERALD] [4374] ? NIV-FD101A719AF8C401 | BASKET | DOUBLE_TWIST | PRONG | GOLD | KT_14 | 1ct | imgs:3
[01:39:15][EMERALD] [4375] ? NIV-7A0588096E552DE3 | BASKET | DOUBLE_TWIST | PRONG | GOLD | KT_14 | 1ct | imgs:3
[01:39:19][EMERALD] [4376] ? NIV-7A0588096E552DE3 | BASKET | DOUBLE_TWIST | PRONG | GOLD | KT_14 | 1ct | imgs:3
[01:39:24][EMERALD] [4377] ? NIV-7A0588096E552DE3 | BASKET | DOUBLE_TWIST | PRONG | GOLD | KT_14 | 1ct | imgs:3
[01:39:28][EMERALD] [4378] ? NIV-5A27BA82E5BBC399 | BASKET | DOUBLE_TWIST | PRONG | GOLD | KT_18 | 1ct | imgs:3
[01:39:33][EMERALD] [4379] ? NIV-5A27BA82E5BBC399 | BASKET | DOUBLE_TWIST | PRONG | GOLD | KT_18 | 1ct | imgs:3
[01:39:37][EMERALD] [4380] ? NIV-5A27BA82E5BBC399 | BASKET | DOUBLE_TWIST | PRONG | GOLD | KT_18 | 1ct | imgs:3
[01:39:39][EMERALD] [4381] ? NIV-7AB36416122D8D39 | BASKET | DOUBLE_TWIST | PRONG | GOLD | KT_18 | 1ct | imgs:3
[01:39:42][EMERALD] [4382] ? NIV-7AB36416122D8D39 | BASKET | DOUBLE_TWIST | PRONG | GOLD | KT_18 | 1ct | imgs:3
[01:39:46][EMERALD] [4383] ? NIV-7AB36416122D8D39 | BASKET | DOUBLE_TWIST | PRONG | GOLD | KT_18 | 1ct | imgs:3
[01:39:48][EMERALD] [4384] ? NIV-D6AE5A67F98BBDD8 | BASKET | DOUBLE_TWIST | PRONG | GOLD | KT_18 | 1ct | imgs:3
[01:39:52][EMERALD] [4385] ? NIV-D6AE5A67F98BBDD8 | BASKET | DOUBLE_TWIST | PRONG | GOLD | KT_18 | 1ct | imgs:3
[01:39:57][EMERALD] [4386] ? NIV-D6AE5A67F98BBDD8 | BASKET | DOUBLE_TWIST | PRONG | GOLD | KT_18 | 1ct | imgs:3
[01:40:00][EMERALD] [4387] ? NIV-255D65B475C7F10C | BASKET | DOUBLE_TWIST | PRONG | PLATINUM | PT_950 | 1ct | imgs:3
[01:40:06][EMERALD] [4388] ? NIV-EB6C66FBDD9E6AB2 | BASKET | DOUBLE_TWIST | PRONG | GOLD | KT_10 | 1ct | imgs:3
[01:40:12][EMERALD] [4389] ? NIV-EB6C66FBDD9E6AB2 | BASKET | DOUBLE_TWIST | PRONG | GOLD | KT_10 | 1ct | imgs:3
[01:40:16][EMERALD] [4390] ? NIV-EB6C66FBDD9E6AB2 | BASKET | DOUBLE_TWIST | PRONG | GOLD | KT_10 | 1ct | imgs:3
[01:40:18][EMERALD] [4391] ? NIV-670342A76CC48BD7 | BASKET | DOUBLE_TWIST | PRONG | GOLD | KT_10 | 1ct | imgs:3
[01:40:22][EMERALD] [4392] ? NIV-670342A76CC48BD7 | BASKET | DOUBLE_TWIST | PRONG | GOLD | KT_10 | 1ct | imgs:3
[01:40:27][EMERALD] [4393] ? NIV-670342A76CC48BD7 | BASKET | DOUBLE_TWIST | PRONG | GOLD | KT_10 | 1ct | imgs:3
[01:40:30][EMERALD] [4394] ? NIV-84ADD498AE47D49B | BASKET | DOUBLE_TWIST | PRONG | GOLD | KT_10 | 1ct | imgs:3
[01:40:34][EMERALD] [4395] ? NIV-84ADD498AE47D49B | BASKET | DOUBLE_TWIST | PRONG | GOLD | KT_10 | 1ct | imgs:3
[01:40:39][EMERALD] [4396] ? NIV-84ADD498AE47D49B | BASKET | DOUBLE_TWIST | PRONG | GOLD | KT_10 | 1ct | imgs:3
[01:40:43][EMERALD] [4397] ? NIV-7CE0CE11820112FF | BASKET | DOUBLE_TWIST | PRONG | GOLD | KT_14 | 1ct | imgs:3
[01:40:46][EMERALD] [4398] ? NIV-7CE0CE11820112FF | BASKET | DOUBLE_TWIST | PRONG | GOLD | KT_14 | 1ct | imgs:3
[01:40:51][EMERALD] [4399] ? NIV-7CE0CE11820112FF | BASKET | DOUBLE_TWIST | PRONG | GOLD | KT_14 | 1ct | imgs:3
[01:40:54][EMERALD] [4400] ? NIV-EED231AEF4516B90 | BASKET | DOUBLE_TWIST | PRONG | GOLD | KT_14 | 1ct | imgs:3
[01:40:58][EMERALD] [4401] ? NIV-EED231AEF4516B90 | BASKET | DOUBLE_TWIST | PRONG | GOLD | KT_14 | 1ct | imgs:3
[01:41:03][EMERALD] [4402] ? NIV-EED231AEF4516B90 | BASKET | DOUBLE_TWIST | PRONG | GOLD | KT_14 | 1ct | imgs:3
[01:41:06][EMERALD] [4403] ? NIV-E90848491B849617 | BASKET | DOUBLE_TWIST | PRONG | GOLD | KT_14 | 1ct | imgs:3
[01:41:09][EMERALD] [4404] ? NIV-E90848491B849617 | BASKET | DOUBLE_TWIST | PRONG | GOLD | KT_14 | 1ct | imgs:3
[01:41:15][EMERALD] [4405] ? NIV-E90848491B849617 | BASKET | DOUBLE_TWIST | PRONG | GOLD | KT_14 | 1ct | imgs:3
[01:41:18][EMERALD] [4406] ? NIV-0462700F4048916C | BASKET | DOUBLE_TWIST | PRONG | GOLD | KT_18 | 1ct | imgs:3
[01:41:22][EMERALD] [4407] ? NIV-0462700F4048916C | BASKET | DOUBLE_TWIST | PRONG | GOLD | KT_18 | 1ct | imgs:3
[01:41:27][EMERALD] [4408] ? NIV-0462700F4048916C | BASKET | DOUBLE_TWIST | PRONG | GOLD | KT_18 | 1ct | imgs:3
[01:41:30][EMERALD] [4409] ? NIV-9A019EF59F506CC0 | BASKET | DOUBLE_TWIST | PRONG | GOLD | KT_18 | 1ct | imgs:3
[01:41:34][EMERALD] [4410] ? NIV-9A019EF59F506CC0 | BASKET | DOUBLE_TWIST | PRONG | GOLD | KT_18 | 1ct | imgs:3
[01:41:37][EMERALD] [4411] ? NIV-9A019EF59F506CC0 | BASKET | DOUBLE_TWIST | PRONG | GOLD | KT_18 | 1ct | imgs:3
[01:41:39][EMERALD] [4412] ? NIV-60F7EFB6AAB1710F | BASKET | DOUBLE_TWIST | PRONG | GOLD | KT_18 | 1ct | imgs:3
[01:41:45][EMERALD] [4413] ? NIV-60F7EFB6AAB1710F | BASKET | DOUBLE_TWIST | PRONG | GOLD | KT_18 | 1ct | imgs:3
[01:41:48][EMERALD] [4414] ? NIV-60F7EFB6AAB1710F | BASKET | DOUBLE_TWIST | PRONG | GOLD | KT_18 | 1ct | imgs:3
[01:41:51][EMERALD] [4415] ? NIV-FF4BB16AB2E8139E | BASKET | DOUBLE_TWIST | PRONG | PLATINUM | PT_950 | 1ct | imgs:3
[01:41:57][EMERALD] [4416] ? NIV-681534E4148A1370 | BASKET | DOUBLE_TWIST | PRONG | GOLD | KT_10 | 1ct | imgs:3
[01:42:03][EMERALD] [4417] ? NIV-681534E4148A1370 | BASKET | DOUBLE_TWIST | PRONG | GOLD | KT_10 | 1ct | imgs:3
[01:42:07][EMERALD] [4418] ? NIV-681534E4148A1370 | BASKET | DOUBLE_TWIST | PRONG | GOLD | KT_10 | 1ct | imgs:3
[01:42:09][EMERALD] [4419] ? NIV-6120C760A9F214EA | BASKET | DOUBLE_TWIST | PRONG | GOLD | KT_10 | 1ct | imgs:3
[01:42:12][EMERALD] [4420] ? NIV-6120C760A9F214EA | BASKET | DOUBLE_TWIST | PRONG | GOLD | KT_10 | 1ct | imgs:3
[01:42:18][EMERALD] [4421] ? NIV-6120C760A9F214EA | BASKET | DOUBLE_TWIST | PRONG | GOLD | KT_10 | 1ct | imgs:3
[01:42:21][EMERALD] [4422] ? NIV-CC6ED8AC1E861517 | BASKET | DOUBLE_TWIST | PRONG | GOLD | KT_10 | 1ct | imgs:3
[01:42:25][EMERALD] [4423] ? NIV-CC6ED8AC1E861517 | BASKET | DOUBLE_TWIST | PRONG | GOLD | KT_10 | 1ct | imgs:3
[01:42:28][EMERALD] [4424] ? NIV-CC6ED8AC1E861517 | BASKET | DOUBLE_TWIST | PRONG | GOLD | KT_10 | 1ct | imgs:3
[01:42:33][EMERALD] [4425] ? NIV-91BA85B2AB5AC840 | BASKET | DOUBLE_TWIST | PRONG | GOLD | KT_14 | 1ct | imgs:3
[01:42:37][EMERALD] [4426] ? NIV-91BA85B2AB5AC840 | BASKET | DOUBLE_TWIST | PRONG | GOLD | KT_14 | 1ct | imgs:3
[01:42:40][EMERALD] [4427] ? NIV-91BA85B2AB5AC840 | BASKET | DOUBLE_TWIST | PRONG | GOLD | KT_14 | 1ct | imgs:3
[01:42:53][EMERALD] [4428] ??  NIV-91BA85B2AB5AC840 | BASKET | DOUBLE_TWIST | PRONG | GOLD | KT_14 | 1ct | imgs:0
[01:43:05][EMERALD] [4429] ??  NIV-91BA85B2AB5AC840 | BASKET | DOUBLE_TWIST | PRONG | GOLD | KT_14 | 1ct | imgs:0
[01:43:17][EMERALD] [4430] ??  NIV-91BA85B2AB5AC840 | BASKET | DOUBLE_TWIST | PRONG | GOLD | KT_14 | 1ct | imgs:0
[01:43:21][EMERALD] [4431] ? NIV-9061AEABA8C30383 | BASKET | DOUBLE_TWIST | PRONG | GOLD | KT_14 | 1ct | imgs:3
[01:43:25][EMERALD] [4432] ? NIV-9061AEABA8C30383 | BASKET | DOUBLE_TWIST | PRONG | GOLD | KT_14 | 1ct | imgs:3
[01:43:28][EMERALD] [4433] ? NIV-9061AEABA8C30383 | BASKET | DOUBLE_TWIST | PRONG | GOLD | KT_14 | 1ct | imgs:3
[01:43:31][EMERALD] [4434] ? NIV-2F708A7CDF2EC3FF | BASKET | DOUBLE_TWIST | PRONG | GOLD | KT_18 | 1ct | imgs:3
[01:43:36][EMERALD] [4435] ? NIV-2F708A7CDF2EC3FF | BASKET | DOUBLE_TWIST | PRONG | GOLD | KT_18 | 1ct | imgs:3
[01:43:40][EMERALD] [4436] ? NIV-2F708A7CDF2EC3FF | BASKET | DOUBLE_TWIST | PRONG | GOLD | KT_18 | 1ct | imgs:3
[01:43:42][EMERALD] [4437] ? NIV-5134835BE0E0E055 | BASKET | DOUBLE_TWIST | PRONG | GOLD | KT_18 | 1ct | imgs:3
[01:43:46][EMERALD] [4438] ? NIV-5134835BE0E0E055 | BASKET | DOUBLE_TWIST | PRONG | GOLD | KT_18 | 1ct | imgs:3
[01:43:49][EMERALD] [4439] ? NIV-5134835BE0E0E055 | BASKET | DOUBLE_TWIST | PRONG | GOLD | KT_18 | 1ct | imgs:3
[01:43:51][EMERALD] [4440] ? NIV-F32533EA38495EE3 | BASKET | DOUBLE_TWIST | PRONG | GOLD | KT_18 | 1ct | imgs:3
[01:43:55][EMERALD] [4441] ? NIV-F32533EA38495EE3 | BASKET | DOUBLE_TWIST | PRONG | GOLD | KT_18 | 1ct | imgs:3
[01:44:00][EMERALD] [4442] ? NIV-F32533EA38495EE3 | BASKET | DOUBLE_TWIST | PRONG | GOLD | KT_18 | 1ct | imgs:3
[01:44:03][EMERALD] [4443] ? NIV-B4489B31011BC857 | BASKET | DOUBLE_TWIST | PRONG | PLATINUM | PT_950 | 1ct | imgs:3
[01:44:09][EMERALD] [4444] ? NIV-4DF4EB329F6662F8 | BASKET | DOUBLE_TWIST | PRONG | GOLD | KT_10 | 1ct | imgs:3
[01:44:12][EMERALD] [4445] ? NIV-4DF4EB329F6662F8 | BASKET | DOUBLE_TWIST | PRONG | GOLD | KT_10 | 1ct | imgs:3
[01:44:16][EMERALD] [4446] ? NIV-4DF4EB329F6662F8 | BASKET | DOUBLE_TWIST | PRONG | GOLD | KT_10 | 1ct | imgs:3
[01:44:19][EMERALD] [4447] ? NIV-A30A63E57D0FDCF3 | BASKET | DOUBLE_TWIST | PRONG | GOLD | KT_10 | 1ct | imgs:3
[01:44:24][EMERALD] [4448] ? NIV-A30A63E57D0FDCF3 | BASKET | DOUBLE_TWIST | PRONG | GOLD | KT_10 | 1ct | imgs:3
[01:44:27][EMERALD] [4449] ? NIV-A30A63E57D0FDCF3 | BASKET | DOUBLE_TWIST | PRONG | GOLD | KT_10 | 1ct | imgs:3
[01:44:30][EMERALD] [4450] ? NIV-E77CB68172AE39AE | BASKET | DOUBLE_TWIST | PRONG | GOLD | KT_10 | 1ct | imgs:3
[01:44:34][EMERALD] [4451] ? NIV-E77CB68172AE39AE | BASKET | DOUBLE_TWIST | PRONG | GOLD | KT_10 | 1ct | imgs:3
[01:44:39][EMERALD] [4452] ? NIV-E77CB68172AE39AE | BASKET | DOUBLE_TWIST | PRONG | GOLD | KT_10 | 1ct | imgs:3
[01:44:42][EMERALD] [4453] ? NIV-BF78B78572E73084 | BASKET | DOUBLE_TWIST | PRONG | GOLD | KT_14 | 1ct | imgs:3
[01:44:45][EMERALD] [4454] ? NIV-BF78B78572E73084 | BASKET | DOUBLE_TWIST | PRONG | GOLD | KT_14 | 1ct | imgs:3
[01:44:49][EMERALD] [4455] ? NIV-BF78B78572E73084 | BASKET | DOUBLE_TWIST | PRONG | GOLD | KT_14 | 1ct | imgs:3
[01:44:51][EMERALD] [4456] ? NIV-F0C44B90A543EBC5 | BASKET | DOUBLE_TWIST | PRONG | GOLD | KT_14 | 1ct | imgs:3
[01:44:55][EMERALD] [4457] ? NIV-F0C44B90A543EBC5 | BASKET | DOUBLE_TWIST | PRONG | GOLD | KT_14 | 1ct | imgs:3
[01:44:58][EMERALD] [4458] ? NIV-F0C44B90A543EBC5 | BASKET | DOUBLE_TWIST | PRONG | GOLD | KT_14 | 1ct | imgs:3
[01:45:00][EMERALD] [4459] ? NIV-8319BCFF9BFD1E77 | BASKET | DOUBLE_TWIST | PRONG | GOLD | KT_14 | 1ct | imgs:3
[01:45:04][EMERALD] [4460] ? NIV-8319BCFF9BFD1E77 | BASKET | DOUBLE_TWIST | PRONG | GOLD | KT_14 | 1ct | imgs:3
[01:45:09][EMERALD] [4461] ? NIV-8319BCFF9BFD1E77 | BASKET | DOUBLE_TWIST | PRONG | GOLD | KT_14 | 1ct | imgs:3
[01:45:13][EMERALD] [4462] ? NIV-915E54E6ABE89F35 | BASKET | DOUBLE_TWIST | PRONG | GOLD | KT_18 | 1ct | imgs:3
[01:45:18][EMERALD] [4463] ? NIV-915E54E6ABE89F35 | BASKET | DOUBLE_TWIST | PRONG | GOLD | KT_18 | 1ct | imgs:3
[01:45:22][EMERALD] [4464] ? NIV-915E54E6ABE89F35 | BASKET | DOUBLE_TWIST | PRONG | GOLD | KT_18 | 1ct | imgs:3
[01:45:24][EMERALD] [4465] ? NIV-5E690F1DB5F42251 | BASKET | DOUBLE_TWIST | PRONG | GOLD | KT_18 | 1ct | imgs:3
[01:45:28][EMERALD] [4466] ? NIV-5E690F1DB5F42251 | BASKET | DOUBLE_TWIST | PRONG | GOLD | KT_18 | 1ct | imgs:3
[01:45:31][EMERALD] [4467] ? NIV-5E690F1DB5F42251 | BASKET | DOUBLE_TWIST | PRONG | GOLD | KT_18 | 1ct | imgs:3
[01:45:34][EMERALD] [4468] ? NIV-3B6434060A5CFBD0 | BASKET | DOUBLE_TWIST | PRONG | GOLD | KT_18 | 1ct | imgs:3
[01:45:39][EMERALD] [4469] ? NIV-3B6434060A5CFBD0 | BASKET | DOUBLE_TWIST | PRONG | GOLD | KT_18 | 1ct | imgs:3
[01:45:42][EMERALD] [4470] ? NIV-3B6434060A5CFBD0 | BASKET | DOUBLE_TWIST | PRONG | GOLD | KT_18 | 1ct | imgs:3
[01:45:45][EMERALD] [4471] ? NIV-C5AD51C834F7F460 | BASKET | DOUBLE_TWIST | PRONG | PLATINUM | PT_950 | 1ct | imgs:3
[01:45:51][EMERALD] [4472] ? NIV-BF4DF804F66C6C5D | BASKET | DOUBLE_TWIST | PRONG | GOLD | KT_10 | 1ct | imgs:3
[01:45:54][EMERALD] [4473] ? NIV-BF4DF804F66C6C5D | BASKET | DOUBLE_TWIST | PRONG | GOLD | KT_10 | 1ct | imgs:3
[01:46:00][EMERALD] [4474] ? NIV-BF4DF804F66C6C5D | BASKET | DOUBLE_TWIST | PRONG | GOLD | KT_10 | 1ct | imgs:3
[01:46:03][EMERALD] [4475] ? NIV-333624E69A58AE9B | BASKET | DOUBLE_TWIST | PRONG | GOLD | KT_10 | 1ct | imgs:3
[01:46:07][EMERALD] [4476] ? NIV-333624E69A58AE9B | BASKET | DOUBLE_TWIST | PRONG | GOLD | KT_10 | 1ct | imgs:3
[01:46:12][EMERALD] [4477] ? NIV-333624E69A58AE9B | BASKET | DOUBLE_TWIST | PRONG | GOLD | KT_10 | 1ct | imgs:3
[01:46:15][EMERALD] [4478] ? NIV-8AD36EFD2B8ABFA8 | BASKET | DOUBLE_TWIST | PRONG | GOLD | KT_10 | 1ct | imgs:3
[01:46:18][EMERALD] [4479] ? NIV-8AD36EFD2B8ABFA8 | BASKET | DOUBLE_TWIST | PRONG | GOLD | KT_10 | 1ct | imgs:3
[01:46:22][EMERALD] [4480] ? NIV-8AD36EFD2B8ABFA8 | BASKET | DOUBLE_TWIST | PRONG | GOLD | KT_10 | 1ct | imgs:3
[01:46:25][EMERALD] [4481] ? NIV-A8AB10BFAEAE9E46 | BASKET | DOUBLE_TWIST | PRONG | GOLD | KT_14 | 1ct | imgs:3
[01:46:30][EMERALD] [4482] ? NIV-A8AB10BFAEAE9E46 | BASKET | DOUBLE_TWIST | PRONG | GOLD | KT_14 | 1ct | imgs:3
[01:46:34][EMERALD] [4483] ? NIV-A8AB10BFAEAE9E46 | BASKET | DOUBLE_TWIST | PRONG | GOLD | KT_14 | 1ct | imgs:3
[01:46:38][EMERALD] [4484] ? NIV-CC90D0AD348CDBCA | BASKET | DOUBLE_TWIST | PRONG | GOLD | KT_14 | 1ct | imgs:1
[01:46:42][EMERALD] [4485] ? NIV-CC90D0AD348CDBCA | BASKET | DOUBLE_TWIST | PRONG | GOLD | KT_14 | 1ct | imgs:3
[01:46:46][EMERALD] [4486] ? NIV-CC90D0AD348CDBCA | BASKET | DOUBLE_TWIST | PRONG | GOLD | KT_14 | 1ct | imgs:3
[01:46:48][EMERALD] [4487] ? NIV-F818958737D0EA2B | BASKET | DOUBLE_TWIST | PRONG | GOLD | KT_14 | 1ct | imgs:3
[01:46:52][EMERALD] [4488] ? NIV-F818958737D0EA2B | BASKET | DOUBLE_TWIST | PRONG | GOLD | KT_14 | 1ct | imgs:3
[01:46:57][EMERALD] [4489] ? NIV-F818958737D0EA2B | BASKET | DOUBLE_TWIST | PRONG | GOLD | KT_14 | 1ct | imgs:3
[01:47:00][EMERALD] [4490] ? NIV-361292EAFA89223D | BASKET | DOUBLE_TWIST | PRONG | GOLD | KT_18 | 1ct | imgs:3
[01:47:04][EMERALD] [4491] ? NIV-361292EAFA89223D | BASKET | DOUBLE_TWIST | PRONG | GOLD | KT_18 | 1ct | imgs:3
[01:47:07][EMERALD] [4492] ? NIV-361292EAFA89223D | BASKET | DOUBLE_TWIST | PRONG | GOLD | KT_18 | 1ct | imgs:3
[01:47:17][EMERALD] [4493] ??  NIV-361292EAFA89223D | BASKET | DOUBLE_TWIST | PRONG | GOLD | KT_18 | 1ct | imgs:0
[01:47:22][EMERALD] [4494] ? NIV-6343825E4AEEF817 | BASKET | DOUBLE_TWIST | PRONG | GOLD | KT_18 | 1ct | imgs:1
[01:47:27][EMERALD] [4495] ? NIV-6343825E4AEEF817 | BASKET | DOUBLE_TWIST | PRONG | GOLD | KT_18 | 1ct | imgs:3
[01:47:33][EMERALD] [4496] ? NIV-C2FAB8CEED31CF62 | BASKET | DOUBLE_TWIST | PRONG | GOLD | KT_18 | 1ct | imgs:3
[01:47:36][EMERALD] [4497] ? NIV-C2FAB8CEED31CF62 | BASKET | DOUBLE_TWIST | PRONG | GOLD | KT_18 | 1ct | imgs:3
[01:47:40][EMERALD] [4498] ? NIV-C2FAB8CEED31CF62 | BASKET | DOUBLE_TWIST | PRONG | GOLD | KT_18 | 1ct | imgs:3
[01:47:42][EMERALD] [4499] ? NIV-970BB65ECF4A9356 | BASKET | DOUBLE_TWIST | PRONG | PLATINUM | PT_950 | 1ct | imgs:3
[01:47:53][EMERALD] [4500] ? NIV-6BCECC34BA012629 | BASKET | DOUBLE_TWIST | PRONG | GOLD | KT_10 | 1ct | imgs:3
[01:47:57][EMERALD] [4501] ? NIV-6BCECC34BA012629 | BASKET | DOUBLE_TWIST | PRONG | GOLD | KT_10 | 1ct | imgs:3
[01:48:00][EMERALD] [4502] ? NIV-6BCECC34BA012629 | BASKET | DOUBLE_TWIST | PRONG | GOLD | KT_10 | 1ct | imgs:3
[01:48:03][EMERALD] [4503] ? NIV-D8538AEA112C89BC | BASKET | DOUBLE_TWIST | PRONG | GOLD | KT_10 | 1ct | imgs:3
[01:48:09][EMERALD] [4504] ? NIV-D8538AEA112C89BC | BASKET | DOUBLE_TWIST | PRONG | GOLD | KT_10 | 1ct | imgs:3
[01:48:12][EMERALD] [4505] ? NIV-D8538AEA112C89BC | BASKET | DOUBLE_TWIST | PRONG | GOLD | KT_10 | 1ct | imgs:3
[01:48:15][EMERALD] [4506] ? NIV-5739388D4DD90BA5 | BASKET | DOUBLE_TWIST | PRONG | GOLD | KT_10 | 1ct | imgs:3
[01:48:18][EMERALD] [4507] ? NIV-5739388D4DD90BA5 | BASKET | DOUBLE_TWIST | PRONG | GOLD | KT_10 | 1ct | imgs:3
[01:48:24][EMERALD] [4508] ? NIV-5739388D4DD90BA5 | BASKET | DOUBLE_TWIST | PRONG | GOLD | KT_10 | 1ct | imgs:3
[01:48:28][EMERALD] [4509] ? NIV-8ADC829A40ECE7F1 | BASKET | DOUBLE_TWIST | PRONG | GOLD | KT_14 | 1ct | imgs:3
[01:48:33][EMERALD] [4510] ? NIV-8ADC829A40ECE7F1 | BASKET | DOUBLE_TWIST | PRONG | GOLD | KT_14 | 1ct | imgs:3
[01:48:39][EMERALD] [4511] ? NIV-8ADC829A40ECE7F1 | BASKET | DOUBLE_TWIST | PRONG | GOLD | KT_14 | 1ct | imgs:3
[01:48:42][EMERALD] [4512] ? NIV-FE8229B5834ED9D8 | BASKET | DOUBLE_TWIST | PRONG | GOLD | KT_14 | 1ct | imgs:3
[01:48:46][EMERALD] [4513] ? NIV-FE8229B5834ED9D8 | BASKET | DOUBLE_TWIST | PRONG | GOLD | KT_14 | 1ct | imgs:3
[01:48:51][EMERALD] [4514] ? NIV-FE8229B5834ED9D8 | BASKET | DOUBLE_TWIST | PRONG | GOLD | KT_14 | 1ct | imgs:3
[01:48:54][EMERALD] [4515] ? NIV-7163F80342884218 | BASKET | DOUBLE_TWIST | PRONG | GOLD | KT_14 | 1ct | imgs:3
[01:48:58][EMERALD] [4516] ? NIV-7163F80342884218 | BASKET | DOUBLE_TWIST | PRONG | GOLD | KT_14 | 1ct | imgs:3
[01:49:01][EMERALD] [4517] ? NIV-7163F80342884218 | BASKET | DOUBLE_TWIST | PRONG | GOLD | KT_14 | 1ct | imgs:3
[01:49:06][EMERALD] [4518] ? NIV-8E944C6C6E5797A7 | BASKET | DOUBLE_TWIST | PRONG | GOLD | KT_18 | 1ct | imgs:3
[01:49:10][EMERALD] [4519] ? NIV-8E944C6C6E5797A7 | BASKET | DOUBLE_TWIST | PRONG | GOLD | KT_18 | 1ct | imgs:3
[01:49:15][EMERALD] [4520] ? NIV-8E944C6C6E5797A7 | BASKET | DOUBLE_TWIST | PRONG | GOLD | KT_18 | 1ct | imgs:3
[01:49:18][EMERALD] [4521] ? NIV-9DEF98BD1D54187B | BASKET | DOUBLE_TWIST | PRONG | GOLD | KT_18 | 1ct | imgs:3
[01:49:25][EMERALD] [4522] ? NIV-9DEF98BD1D54187B | BASKET | DOUBLE_TWIST | PRONG | GOLD | KT_18 | 1ct | imgs:3
[01:49:30][EMERALD] [4523] ? NIV-9DEF98BD1D54187B | BASKET | DOUBLE_TWIST | PRONG | GOLD | KT_18 | 1ct | imgs:3
[01:49:33][EMERALD] [4524] ? NIV-23B56097B063C93A | BASKET | DOUBLE_TWIST | PRONG | GOLD | KT_18 | 1ct | imgs:3
[01:49:36][EMERALD] [4525] ? NIV-23B56097B063C93A | BASKET | DOUBLE_TWIST | PRONG | GOLD | KT_18 | 1ct | imgs:3
[01:49:40][EMERALD] [4526] ? NIV-23B56097B063C93A | BASKET | DOUBLE_TWIST | PRONG | GOLD | KT_18 | 1ct | imgs:3
[01:49:42][EMERALD] [4527] ? NIV-A0985A18744A1388 | BASKET | DOUBLE_TWIST | PRONG | PLATINUM | PT_950 | 1ct | imgs:3
[01:49:48][EMERALD] [4528] ? NIV-8CA00F21D2C006AE | BASKET | DOUBLE_TWIST | PRONG | GOLD | KT_10 | 1ct | imgs:3
[01:49:52][EMERALD] [4529] ? NIV-8CA00F21D2C006AE | BASKET | DOUBLE_TWIST | PRONG | GOLD | KT_10 | 1ct | imgs:3
[01:49:57][EMERALD] [4530] ? NIV-8CA00F21D2C006AE | BASKET | DOUBLE_TWIST | PRONG | GOLD | KT_10 | 1ct | imgs:3
[01:50:01][EMERALD] [4531] ? NIV-D797B4E232F7CCDA | BASKET | DOUBLE_TWIST | PRONG | GOLD | KT_10 | 1ct | imgs:1
[01:50:06][EMERALD] [4532] ? NIV-D797B4E232F7CCDA | BASKET | DOUBLE_TWIST | PRONG | GOLD | KT_10 | 1ct | imgs:3
[01:50:10][EMERALD] [4533] ? NIV-D797B4E232F7CCDA | BASKET | DOUBLE_TWIST | PRONG | GOLD | KT_10 | 1ct | imgs:3
[01:50:12][EMERALD] [4534] ? NIV-75E003BC17F82200 | BASKET | DOUBLE_TWIST | PRONG | GOLD | KT_10 | 1ct | imgs:3
[01:50:16][EMERALD] [4535] ? NIV-75E003BC17F82200 | BASKET | DOUBLE_TWIST | PRONG | GOLD | KT_10 | 1ct | imgs:3
[01:50:21][EMERALD] [4536] ? NIV-75E003BC17F82200 | BASKET | DOUBLE_TWIST | PRONG | GOLD | KT_10 | 1ct | imgs:3
[01:50:24][EMERALD] [4537] ? NIV-3EF0B59001BE7A6D | BASKET | DOUBLE_TWIST | PRONG | GOLD | KT_14 | 1ct | imgs:3
[01:50:30][EMERALD] [4538] ? NIV-3EF0B59001BE7A6D | BASKET | DOUBLE_TWIST | PRONG | GOLD | KT_14 | 1ct | imgs:3
[01:50:33][EMERALD] [4539] ? NIV-3EF0B59001BE7A6D | BASKET | DOUBLE_TWIST | PRONG | GOLD | KT_14 | 1ct | imgs:3
[01:50:36][EMERALD] [4540] ? NIV-381E0CD3A6958338 | BASKET | DOUBLE_TWIST | PRONG | GOLD | KT_14 | 1ct | imgs:3
[01:50:40][EMERALD] [4541] ? NIV-381E0CD3A6958338 | BASKET | DOUBLE_TWIST | PRONG | GOLD | KT_14 | 1ct | imgs:3
[01:50:45][EMERALD] [4542] ? NIV-381E0CD3A6958338 | BASKET | DOUBLE_TWIST | PRONG | GOLD | KT_14 | 1ct | imgs:3
[01:50:48][EMERALD] [4543] ? NIV-A708440561823550 | BASKET | DOUBLE_TWIST | PRONG | GOLD | KT_14 | 1ct | imgs:3
[01:50:52][EMERALD] [4544] ? NIV-A708440561823550 | BASKET | DOUBLE_TWIST | PRONG | GOLD | KT_14 | 1ct | imgs:3
[01:50:57][EMERALD] [4545] ? NIV-A708440561823550 | BASKET | DOUBLE_TWIST | PRONG | GOLD | KT_14 | 1ct | imgs:3
[01:51:01][EMERALD] [4546] ? NIV-1BC2106E8B883846 | BASKET | DOUBLE_TWIST | PRONG | GOLD | KT_18 | 1ct | imgs:3
[01:51:06][EMERALD] [4547] ? NIV-1BC2106E8B883846 | BASKET | DOUBLE_TWIST | PRONG | GOLD | KT_18 | 1ct | imgs:3
[01:51:10][EMERALD] [4548] ? NIV-1BC2106E8B883846 | BASKET | DOUBLE_TWIST | PRONG | GOLD | KT_18 | 1ct | imgs:3
[01:51:12][EMERALD] [4549] ? NIV-23EA878D5F91A261 | BASKET | DOUBLE_TWIST | PRONG | GOLD | KT_18 | 1ct | imgs:3
[01:51:16][EMERALD] [4550] ? NIV-23EA878D5F91A261 | BASKET | DOUBLE_TWIST | PRONG | GOLD | KT_18 | 1ct | imgs:3
[01:51:21][EMERALD] [4551] ? NIV-23EA878D5F91A261 | BASKET | DOUBLE_TWIST | PRONG | GOLD | KT_18 | 1ct | imgs:3
[01:51:24][EMERALD] [4552] ? NIV-B697B0211F5E6576 | BASKET | DOUBLE_TWIST | PRONG | GOLD | KT_18 | 1ct | imgs:3
[01:51:28][EMERALD] [4553] ? NIV-B697B0211F5E6576 | BASKET | DOUBLE_TWIST | PRONG | GOLD | KT_18 | 1ct | imgs:3
[01:51:33][EMERALD] [4554] ? NIV-B697B0211F5E6576 | BASKET | DOUBLE_TWIST | PRONG | GOLD | KT_18 | 1ct | imgs:3
[01:51:36][EMERALD] [4555] ? NIV-465EAD0852AB4DD1 | BASKET | DOUBLE_TWIST | PRONG | PLATINUM | PT_950 | 1ct | imgs:3
[01:51:40][EMERALD] [4556] ? NIV-5333E77E0EDDA16F | BASKET | DOUBLE_TWIST | PRONG | GOLD | KT_10 | 1ct | imgs:3
[01:51:45][EMERALD] [4557] ? NIV-5333E77E0EDDA16F | BASKET | DOUBLE_TWIST | PRONG | GOLD | KT_10 | 1ct | imgs:3
[01:51:49][EMERALD] [4558] ? NIV-5333E77E0EDDA16F | BASKET | DOUBLE_TWIST | PRONG | GOLD | KT_10 | 1ct | imgs:3
[01:51:52][EMERALD] [4559] ? NIV-E7AAA596305FE854 | BASKET | DOUBLE_TWIST | PRONG | GOLD | KT_10 | 1ct | imgs:3
[01:51:57][EMERALD] [4560] ? NIV-E7AAA596305FE854 | BASKET | DOUBLE_TWIST | PRONG | GOLD | KT_10 | 1ct | imgs:3
[01:52:01][EMERALD] [4561] ? NIV-E7AAA596305FE854 | BASKET | DOUBLE_TWIST | PRONG | GOLD | KT_10 | 1ct | imgs:3
[01:52:03][EMERALD] [4562] ? NIV-EBB08D3362E7FF95 | BASKET | DOUBLE_TWIST | PRONG | GOLD | KT_10 | 1ct | imgs:3
[01:52:07][EMERALD] [4563] ? NIV-EBB08D3362E7FF95 | BASKET | DOUBLE_TWIST | PRONG | GOLD | KT_10 | 1ct | imgs:3
[01:52:12][EMERALD] [4564] ? NIV-EBB08D3362E7FF95 | BASKET | DOUBLE_TWIST | PRONG | GOLD | KT_10 | 1ct | imgs:3
[01:52:15][EMERALD] [4565] ? NIV-AE6859A5AF07FFEA | BASKET | DOUBLE_TWIST | PRONG | GOLD | KT_14 | 1ct | imgs:3
[01:52:21][EMERALD] [4566] ? NIV-AE6859A5AF07FFEA | BASKET | DOUBLE_TWIST | PRONG | GOLD | KT_14 | 1ct | imgs:3
[01:52:25][EMERALD] [4567] ? NIV-AE6859A5AF07FFEA | BASKET | DOUBLE_TWIST | PRONG | GOLD | KT_14 | 1ct | imgs:3
[01:52:27][EMERALD] [4568] ? NIV-A6643F0798701A19 | BASKET | DOUBLE_TWIST | PRONG | GOLD | KT_14 | 1ct | imgs:3
[01:52:31][EMERALD] [4569] ? NIV-A6643F0798701A19 | BASKET | DOUBLE_TWIST | PRONG | GOLD | KT_14 | 1ct | imgs:3
[01:52:36][EMERALD] [4570] ? NIV-A6643F0798701A19 | BASKET | DOUBLE_TWIST | PRONG | GOLD | KT_14 | 1ct | imgs:3
[01:52:39][EMERALD] [4571] ? NIV-FD9D8B92BC27E182 | BASKET | DOUBLE_TWIST | PRONG | GOLD | KT_14 | 1ct | imgs:3
[01:52:43][EMERALD] [4572] ? NIV-FD9D8B92BC27E182 | BASKET | DOUBLE_TWIST | PRONG | GOLD | KT_14 | 1ct | imgs:3
[01:52:48][EMERALD] [4573] ? NIV-FD9D8B92BC27E182 | BASKET | DOUBLE_TWIST | PRONG | GOLD | KT_14 | 1ct | imgs:3
[01:52:52][EMERALD] [4574] ? NIV-F2F1C0FBFA0AF9FF | BASKET | DOUBLE_TWIST | PRONG | GOLD | KT_18 | 1ct | imgs:3
[01:52:55][EMERALD] [4575] ? NIV-F2F1C0FBFA0AF9FF | BASKET | DOUBLE_TWIST | PRONG | GOLD | KT_18 | 1ct | imgs:3
[01:53:00][EMERALD] [4576] ? NIV-F2F1C0FBFA0AF9FF | BASKET | DOUBLE_TWIST | PRONG | GOLD | KT_18 | 1ct | imgs:3
[01:53:03][EMERALD] [4577] ? NIV-E5F52B079D1471D1 | BASKET | DOUBLE_TWIST | PRONG | GOLD | KT_18 | 1ct | imgs:3
[01:53:07][EMERALD] [4578] ? NIV-E5F52B079D1471D1 | BASKET | DOUBLE_TWIST | PRONG | GOLD | KT_18 | 1ct | imgs:3
[01:53:10][EMERALD] [4579] ? NIV-E5F52B079D1471D1 | BASKET | DOUBLE_TWIST | PRONG | GOLD | KT_18 | 1ct | imgs:3
[01:53:12][EMERALD] [4580] ? NIV-444F59E8A54A94C0 | BASKET | DOUBLE_TWIST | PRONG | GOLD | KT_18 | 1ct | imgs:3
[01:53:18][EMERALD] [4581] ? NIV-444F59E8A54A94C0 | BASKET | DOUBLE_TWIST | PRONG | GOLD | KT_18 | 1ct | imgs:3
[01:53:21][EMERALD] [4582] ? NIV-444F59E8A54A94C0 | BASKET | DOUBLE_TWIST | PRONG | GOLD | KT_18 | 1ct | imgs:3
[01:53:24][EMERALD] [4583] ? NIV-8723765374B77CAB | BASKET | DOUBLE_TWIST | PRONG | PLATINUM | PT_950 | 1ct | imgs:3
[01:53:31][EMERALD] [4584] ? NIV-D1553D72D40F0C3F | BASKET | DOUBLE_TWIST | PRONG | GOLD | KT_10 | 1ct | imgs:3
[01:53:36][EMERALD] [4585] ? NIV-D1553D72D40F0C3F | BASKET | DOUBLE_TWIST | PRONG | GOLD | KT_10 | 1ct | imgs:3
[01:53:39][EMERALD] [4586] ? NIV-D1553D72D40F0C3F | BASKET | DOUBLE_TWIST | PRONG | GOLD | KT_10 | 1ct | imgs:3
[01:53:42][EMERALD] [4587] ? NIV-75CD5422EA068AD0 | BASKET | DOUBLE_TWIST | PRONG | GOLD | KT_10 | 1ct | imgs:3
[01:53:45][EMERALD] [4588] ? NIV-75CD5422EA068AD0 | BASKET | DOUBLE_TWIST | PRONG | GOLD | KT_10 | 1ct | imgs:3
[01:53:49][EMERALD] [4589] ? NIV-75CD5422EA068AD0 | BASKET | DOUBLE_TWIST | PRONG | GOLD | KT_10 | 1ct | imgs:3
[01:53:51][EMERALD] [4590] ? NIV-741CA641786D9662 | BASKET | DOUBLE_TWIST | PRONG | GOLD | KT_10 | 1ct | imgs:3
[01:53:55][EMERALD] [4591] ? NIV-741CA641786D9662 | BASKET | DOUBLE_TWIST | PRONG | GOLD | KT_10 | 1ct | imgs:3
[01:53:58][EMERALD] [4592] ? NIV-741CA641786D9662 | BASKET | DOUBLE_TWIST | PRONG | GOLD | KT_10 | 1ct | imgs:3
[01:54:01][EMERALD] [4593] ? NIV-6F4CD80CC371D571 | BASKET | DOUBLE_TWIST | PRONG | GOLD | KT_14 | 1ct | imgs:3
[01:54:06][EMERALD] [4594] ? NIV-6F4CD80CC371D571 | BASKET | DOUBLE_TWIST | PRONG | GOLD | KT_14 | 1ct | imgs:3
[01:54:10][EMERALD] [4595] ? NIV-6F4CD80CC371D571 | BASKET | DOUBLE_TWIST | PRONG | GOLD | KT_14 | 1ct | imgs:3
[01:54:12][EMERALD] [4596] ? NIV-573D8C5098029F76 | BASKET | DOUBLE_TWIST | PRONG | GOLD | KT_14 | 1ct | imgs:3
[01:54:18][EMERALD] [4597] ? NIV-573D8C5098029F76 | BASKET | DOUBLE_TWIST | PRONG | GOLD | KT_14 | 1ct | imgs:3
[01:54:21][EMERALD] [4598] ? NIV-573D8C5098029F76 | BASKET | DOUBLE_TWIST | PRONG | GOLD | KT_14 | 1ct | imgs:3
[01:54:24][EMERALD] [4599] ? NIV-8008D9BA141DDEC7 | BASKET | DOUBLE_TWIST | PRONG | GOLD | KT_14 | 1ct | imgs:3
[01:54:28][EMERALD] [4600] ? NIV-8008D9BA141DDEC7 | BASKET | DOUBLE_TWIST | PRONG | GOLD | KT_14 | 1ct | imgs:3
[01:54:33][EMERALD] [4601] ? NIV-8008D9BA141DDEC7 | BASKET | DOUBLE_TWIST | PRONG | GOLD | KT_14 | 1ct | imgs:3
[01:54:37][EMERALD] [4602] ? NIV-7EBE644197B2C1A8 | BASKET | DOUBLE_TWIST | PRONG | GOLD | KT_18 | 1ct | imgs:3
[01:54:42][EMERALD] [4603] ? NIV-7EBE644197B2C1A8 | BASKET | DOUBLE_TWIST | PRONG | GOLD | KT_18 | 1ct | imgs:3
[01:54:45][EMERALD] [4604] ? NIV-7EBE644197B2C1A8 | BASKET | DOUBLE_TWIST | PRONG | GOLD | KT_18 | 1ct | imgs:3
[01:54:48][EMERALD] [4605] ? NIV-D16048E0B4E72F69 | BASKET | DOUBLE_TWIST | PRONG | GOLD | KT_18 | 1ct | imgs:3
[01:54:52][EMERALD] [4606] ? NIV-D16048E0B4E72F69 | BASKET | DOUBLE_TWIST | PRONG | GOLD | KT_18 | 1ct | imgs:3
[01:54:57][EMERALD] [4607] ? NIV-D16048E0B4E72F69 | BASKET | DOUBLE_TWIST | PRONG | GOLD | KT_18 | 1ct | imgs:3
[01:55:00][EMERALD] [4608] ? NIV-83967EDC39C4BDC7 | BASKET | DOUBLE_TWIST | PRONG | GOLD | KT_18 | 1ct | imgs:3
[01:55:03][EMERALD] [4609] ? NIV-83967EDC39C4BDC7 | BASKET | DOUBLE_TWIST | PRONG | GOLD | KT_18 | 1ct | imgs:3
[01:55:09][EMERALD] [4610] ? NIV-83967EDC39C4BDC7 | BASKET | DOUBLE_TWIST | PRONG | GOLD | KT_18 | 1ct | imgs:3
[01:55:12][EMERALD] [4611] ? NIV-BAE95C6909ABAFEC | BASKET | DOUBLE_TWIST | PRONG | PLATINUM | PT_950 | 1ct | imgs:3
[01:55:16][EMERALD] [4612] ? NIV-5CD491350C1C16B1 | BASKET | DOUBLE_TWIST | PRONG | GOLD | KT_10 | 1ct | imgs:3
[01:55:21][EMERALD] [4613] ? NIV-5CD491350C1C16B1 | BASKET | DOUBLE_TWIST | PRONG | GOLD | KT_10 | 1ct | imgs:3
[01:55:25][EMERALD] [4614] ? NIV-5CD491350C1C16B1 | BASKET | DOUBLE_TWIST | PRONG | GOLD | KT_10 | 1ct | imgs:3
[01:55:27][EMERALD] [4615] ? NIV-B4675DB282DE1161 | BASKET | DOUBLE_TWIST | PRONG | GOLD | KT_10 | 1ct | imgs:3
[01:55:33][EMERALD] [4616] ? NIV-B4675DB282DE1161 | BASKET | DOUBLE_TWIST | PRONG | GOLD | KT_10 | 1ct | imgs:3
[01:55:37][EMERALD] [4617] ? NIV-B4675DB282DE1161 | BASKET | DOUBLE_TWIST | PRONG | GOLD | KT_10 | 1ct | imgs:3
[01:55:39][EMERALD] [4618] ? NIV-583063F4FE814E9D | BASKET | DOUBLE_TWIST | PRONG | GOLD | KT_10 | 1ct | imgs:3
[01:55:43][EMERALD] [4619] ? NIV-583063F4FE814E9D | BASKET | DOUBLE_TWIST | PRONG | GOLD | KT_10 | 1ct | imgs:3
[01:55:48][EMERALD] [4620] ? NIV-583063F4FE814E9D | BASKET | DOUBLE_TWIST | PRONG | GOLD | KT_10 | 1ct | imgs:3
[01:55:52][EMERALD] [4621] ? NIV-09A68E65EC63DD74 | BASKET | DOUBLE_TWIST | PRONG | GOLD | KT_14 | 1ct | imgs:3
[01:55:55][EMERALD] [4622] ? NIV-09A68E65EC63DD74 | BASKET | DOUBLE_TWIST | PRONG | GOLD | KT_14 | 1ct | imgs:3
[01:56:00][EMERALD] [4623] ? NIV-09A68E65EC63DD74 | BASKET | DOUBLE_TWIST | PRONG | GOLD | KT_14 | 1ct | imgs:3
[01:56:05][EMERALD] [4624] ? NIV-3A1A7A560856AB1E | BASKET | DOUBLE_TWIST | PRONG | GOLD | KT_14 | 1ct | imgs:2
[01:56:09][EMERALD] [4625] ? NIV-3A1A7A560856AB1E | BASKET | DOUBLE_TWIST | PRONG | GOLD | KT_14 | 1ct | imgs:3
[01:56:13][EMERALD] [4626] ? NIV-3A1A7A560856AB1E | BASKET | DOUBLE_TWIST | PRONG | GOLD | KT_14 | 1ct | imgs:3
[01:56:15][EMERALD] [4627] ? NIV-E7A832F43FACD659 | BASKET | DOUBLE_TWIST | PRONG | GOLD | KT_14 | 1ct | imgs:3
[01:56:18][EMERALD] [4628] ? NIV-E7A832F43FACD659 | BASKET | DOUBLE_TWIST | PRONG | GOLD | KT_14 | 1ct | imgs:3
[01:56:22][EMERALD] [4629] ? NIV-E7A832F43FACD659 | BASKET | DOUBLE_TWIST | PRONG | GOLD | KT_14 | 1ct | imgs:3
[01:56:25][EMERALD] [4630] ? NIV-877807275267B808 | BASKET | DOUBLE_TWIST | PRONG | GOLD | KT_18 | 1ct | imgs:3
[01:56:28][EMERALD] [4631] ? NIV-877807275267B808 | BASKET | DOUBLE_TWIST | PRONG | GOLD | KT_18 | 1ct | imgs:3
[01:56:33][EMERALD] [4632] ? NIV-877807275267B808 | BASKET | DOUBLE_TWIST | PRONG | GOLD | KT_18 | 1ct | imgs:3
[01:56:36][EMERALD] [4633] ? NIV-A9B1F90B7B2AAB1C | BASKET | DOUBLE_TWIST | PRONG | GOLD | KT_18 | 1ct | imgs:3
[01:56:40][EMERALD] [4634] ? NIV-A9B1F90B7B2AAB1C | BASKET | DOUBLE_TWIST | PRONG | GOLD | KT_18 | 1ct | imgs:3
[01:56:43][EMERALD] [4635] ? NIV-A9B1F90B7B2AAB1C | BASKET | DOUBLE_TWIST | PRONG | GOLD | KT_18 | 1ct | imgs:3
[01:56:45][EMERALD] [4636] ? NIV-E4F753068FB07F18 | BASKET | DOUBLE_TWIST | PRONG | GOLD | KT_18 | 1ct | imgs:3
[01:56:48][EMERALD] [4637] ? NIV-E4F753068FB07F18 | BASKET | DOUBLE_TWIST | PRONG | GOLD | KT_18 | 1ct | imgs:3
[01:56:52][EMERALD] [4638] ? NIV-E4F753068FB07F18 | BASKET | DOUBLE_TWIST | PRONG | GOLD | KT_18 | 1ct | imgs:3
[01:56:54][EMERALD] [4639] ? NIV-CD307A479CB617DC | BASKET | DOUBLE_TWIST | PRONG | PLATINUM | PT_950 | 1ct | imgs:3
[01:56:58][EMERALD] [4640] ? NIV-9992D948930ACAB9 | BASKET | DOUBLE_TWIST | PRONG | GOLD | KT_10 | 1ct | imgs:3
[01:57:03][EMERALD] [4641] ? NIV-9992D948930ACAB9 | BASKET | DOUBLE_TWIST | PRONG | GOLD | KT_10 | 1ct | imgs:3
[01:57:06][EMERALD] [4642] ? NIV-9992D948930ACAB9 | BASKET | DOUBLE_TWIST | PRONG | GOLD | KT_10 | 1ct | imgs:3
[01:57:09][EMERALD] [4643] ? NIV-82A3A2667267ADF4 | BASKET | DOUBLE_TWIST | PRONG | GOLD | KT_10 | 1ct | imgs:3
[01:57:13][EMERALD] [4644] ? NIV-82A3A2667267ADF4 | BASKET | DOUBLE_TWIST | PRONG | GOLD | KT_10 | 1ct | imgs:3
[01:57:18][EMERALD] [4645] ? NIV-82A3A2667267ADF4 | BASKET | DOUBLE_TWIST | PRONG | GOLD | KT_10 | 1ct | imgs:3
[01:57:21][EMERALD] [4646] ? NIV-63D91AE8A1076646 | BASKET | DOUBLE_TWIST | PRONG | GOLD | KT_10 | 1ct | imgs:3
[01:57:25][EMERALD] [4647] ? NIV-63D91AE8A1076646 | BASKET | DOUBLE_TWIST | PRONG | GOLD | KT_10 | 1ct | imgs:3
[01:57:30][EMERALD] [4648] ? NIV-63D91AE8A1076646 | BASKET | DOUBLE_TWIST | PRONG | GOLD | KT_10 | 1ct | imgs:3
[01:57:33][EMERALD] [4649] ? NIV-307CED3E31028E6D | BASKET | DOUBLE_TWIST | PRONG | GOLD | KT_14 | 1ct | imgs:3
[01:57:39][EMERALD] [4650] ? NIV-307CED3E31028E6D | BASKET | DOUBLE_TWIST | PRONG | GOLD | KT_14 | 1ct | imgs:3
[01:57:42][EMERALD] [4651] ? NIV-307CED3E31028E6D | BASKET | DOUBLE_TWIST | PRONG | GOLD | KT_14 | 1ct | imgs:3
[01:57:45][EMERALD] [4652] ? NIV-E6E92358B90EAD0F | BASKET | DOUBLE_TWIST | PRONG | GOLD | KT_14 | 1ct | imgs:3
[01:57:48][EMERALD] [4653] ? NIV-E6E92358B90EAD0F | BASKET | DOUBLE_TWIST | PRONG | GOLD | KT_14 | 1ct | imgs:3
[01:57:52][EMERALD] [4654] ? NIV-E6E92358B90EAD0F | BASKET | DOUBLE_TWIST | PRONG | GOLD | KT_14 | 1ct | imgs:3
[01:57:54][EMERALD] [4655] ? NIV-1687804E685C8F7B | BASKET | DOUBLE_TWIST | PRONG | GOLD | KT_14 | 1ct | imgs:3
[01:58:00][EMERALD] [4656] ? NIV-1687804E685C8F7B | BASKET | DOUBLE_TWIST | PRONG | GOLD | KT_14 | 1ct | imgs:3
[01:58:03][EMERALD] [4657] ? NIV-1687804E685C8F7B | BASKET | DOUBLE_TWIST | PRONG | GOLD | KT_14 | 1ct | imgs:3
[01:58:13][EMERALD] [4658] ? NIV-0E8D801457C852AF | BASKET | DOUBLE_TWIST | PRONG | GOLD | KT_18 | 1ct | imgs:3
[01:58:18][EMERALD] [4659] ? NIV-0E8D801457C852AF | BASKET | DOUBLE_TWIST | PRONG | GOLD | KT_18 | 1ct | imgs:3
[01:58:22][EMERALD] [4660] ? NIV-0E8D801457C852AF | BASKET | DOUBLE_TWIST | PRONG | GOLD | KT_18 | 1ct | imgs:3
[01:58:24][EMERALD] [4661] ? NIV-379C7347CC3FA237 | BASKET | DOUBLE_TWIST | PRONG | GOLD | KT_18 | 1ct | imgs:1
[01:58:28][EMERALD] [4662] ? NIV-379C7347CC3FA237 | BASKET | DOUBLE_TWIST | PRONG | GOLD | KT_18 | 1ct | imgs:3
[01:58:33][EMERALD] [4663] ? NIV-379C7347CC3FA237 | BASKET | DOUBLE_TWIST | PRONG | GOLD | KT_18 | 1ct | imgs:3
[01:58:36][EMERALD] [4664] ? NIV-6F12253FD210C042 | BASKET | DOUBLE_TWIST | PRONG | GOLD | KT_18 | 1ct | imgs:3
[01:58:40][EMERALD] [4665] ? NIV-6F12253FD210C042 | BASKET | DOUBLE_TWIST | PRONG | GOLD | KT_18 | 1ct | imgs:3
[01:58:45][EMERALD] [4666] ? NIV-6F12253FD210C042 | BASKET | DOUBLE_TWIST | PRONG | GOLD | KT_18 | 1ct | imgs:3
[01:58:48][EMERALD] [4667] ? NIV-635672110D406208 | BASKET | DOUBLE_TWIST | PRONG | PLATINUM | PT_950 | 1ct | imgs:3
[01:58:54][EMERALD] [4668] ? NIV-BD3141D85EAD8E5E | BASKET | DOUBLE_TWIST | PRONG | GOLD | KT_10 | 1ct | imgs:3
[01:58:57][EMERALD] [4669] ? NIV-BD3141D85EAD8E5E | BASKET | DOUBLE_TWIST | PRONG | GOLD | KT_10 | 1ct | imgs:3
[01:59:01][EMERALD] [4670] ? NIV-BD3141D85EAD8E5E | BASKET | DOUBLE_TWIST | PRONG | GOLD | KT_10 | 1ct | imgs:3
[01:59:03][EMERALD] [4671] ? NIV-DFAD684C5E884A98 | BASKET | DOUBLE_TWIST | PRONG | GOLD | KT_10 | 1ct | imgs:3
[01:59:07][EMERALD] [4672] ? NIV-DFAD684C5E884A98 | BASKET | DOUBLE_TWIST | PRONG | GOLD | KT_10 | 1ct | imgs:3
[01:59:12][EMERALD] [4673] ? NIV-DFAD684C5E884A98 | BASKET | DOUBLE_TWIST | PRONG | GOLD | KT_10 | 1ct | imgs:3
[01:59:15][EMERALD] [4674] ? NIV-44609D2FA849624C | BASKET | DOUBLE_TWIST | PRONG | GOLD | KT_10 | 1ct | imgs:3
[01:59:18][EMERALD] [4675] ? NIV-44609D2FA849624C | BASKET | DOUBLE_TWIST | PRONG | GOLD | KT_10 | 1ct | imgs:3
[01:59:22][EMERALD] [4676] ? NIV-44609D2FA849624C | BASKET | DOUBLE_TWIST | PRONG | GOLD | KT_10 | 1ct | imgs:3
[01:59:25][EMERALD] [4677] ? NIV-5918E827671B98DB | BASKET | DOUBLE_TWIST | PRONG | GOLD | KT_14 | 1ct | imgs:3
[01:59:30][EMERALD] [4678] ? NIV-5918E827671B98DB | BASKET | DOUBLE_TWIST | PRONG | GOLD | KT_14 | 1ct | imgs:3
[01:59:34][EMERALD] [4679] ? NIV-5918E827671B98DB | BASKET | DOUBLE_TWIST | PRONG | GOLD | KT_14 | 1ct | imgs:3
[01:59:36][EMERALD] [4680] ? NIV-C370DCCAA727EB0C | BASKET | DOUBLE_TWIST | PRONG | GOLD | KT_14 | 1ct | imgs:3
[01:59:42][EMERALD] [4681] ? NIV-C370DCCAA727EB0C | BASKET | DOUBLE_TWIST | PRONG | GOLD | KT_14 | 1ct | imgs:3
[01:59:46][EMERALD] [4682] ? NIV-C370DCCAA727EB0C | BASKET | DOUBLE_TWIST | PRONG | GOLD | KT_14 | 1ct | imgs:3
[01:59:48][EMERALD] [4683] ? NIV-77D1F0018438CB44 | BASKET | DOUBLE_TWIST | PRONG | GOLD | KT_14 | 1ct | imgs:3
[01:59:52][EMERALD] [4684] ? NIV-77D1F0018438CB44 | BASKET | DOUBLE_TWIST | PRONG | GOLD | KT_14 | 1ct | imgs:3
[01:59:57][EMERALD] [4685] ? NIV-77D1F0018438CB44 | BASKET | DOUBLE_TWIST | PRONG | GOLD | KT_14 | 1ct | imgs:3
[02:00:01][EMERALD] [4686] ? NIV-03BE0BF1BA851E02 | BASKET | DOUBLE_TWIST | PRONG | GOLD | KT_18 | 1ct | imgs:3
[02:00:06][EMERALD] [4687] ? NIV-03BE0BF1BA851E02 | BASKET | DOUBLE_TWIST | PRONG | GOLD | KT_18 | 1ct | imgs:3
[02:00:09][EMERALD] [4688] ? NIV-03BE0BF1BA851E02 | BASKET | DOUBLE_TWIST | PRONG | GOLD | KT_18 | 1ct | imgs:3
[02:00:21][EMERALD] [4689] ? NIV-BA862468CA48289C | BASKET | DOUBLE_TWIST | PRONG | GOLD | KT_18 | 1ct | imgs:3
[02:00:24][EMERALD] [4690] ? NIV-BA862468CA48289C | BASKET | DOUBLE_TWIST | PRONG | GOLD | KT_18 | 1ct | imgs:3
[02:00:28][EMERALD] [4691] ? NIV-BA862468CA48289C | BASKET | DOUBLE_TWIST | PRONG | GOLD | KT_18 | 1ct | imgs:3
[02:00:30][EMERALD] [4692] ? NIV-23249C5A614C3603 | BASKET | DOUBLE_TWIST | PRONG | GOLD | KT_18 | 1ct | imgs:3
[02:00:33][EMERALD] [4693] ? NIV-23249C5A614C3603 | BASKET | DOUBLE_TWIST | PRONG | GOLD | KT_18 | 1ct | imgs:3
[02:00:39][EMERALD] [4694] ? NIV-23249C5A614C3603 | BASKET | DOUBLE_TWIST | PRONG | GOLD | KT_18 | 1ct | imgs:3
[02:00:42][EMERALD] [4695] ? NIV-15E2A95F9246C9A4 | BASKET | DOUBLE_TWIST | PRONG | PLATINUM | PT_950 | 1ct | imgs:3
[02:00:48][EMERALD] [4696] ? NIV-B47BD978AF69CDEF | BASKET | DOUBLE_TWIST | PRONG | GOLD | KT_10 | 1ct | imgs:3
[02:00:52][EMERALD] [4697] ? NIV-B47BD978AF69CDEF | BASKET | DOUBLE_TWIST | PRONG | GOLD | KT_10 | 1ct | imgs:3
[02:00:57][EMERALD] [4698] ? NIV-B47BD978AF69CDEF | BASKET | DOUBLE_TWIST | PRONG | GOLD | KT_10 | 1ct | imgs:3
[02:01:00][EMERALD] [4699] ? NIV-625A1100B3FC419A | BASKET | DOUBLE_TWIST | PRONG | GOLD | KT_10 | 1ct | imgs:3
[02:01:06][EMERALD] [4700] ? NIV-625A1100B3FC419A | BASKET | DOUBLE_TWIST | PRONG | GOLD | KT_10 | 1ct | imgs:3
[02:01:10][EMERALD] [4701] ? NIV-625A1100B3FC419A | BASKET | DOUBLE_TWIST | PRONG | GOLD | KT_10 | 1ct | imgs:3
[02:01:12][EMERALD] [4702] ? NIV-6CC39DD662488F11 | BASKET | DOUBLE_TWIST | PRONG | GOLD | KT_10 | 1ct | imgs:3
[02:01:16][EMERALD] [4703] ? NIV-6CC39DD662488F11 | BASKET | DOUBLE_TWIST | PRONG | GOLD | KT_10 | 1ct | imgs:3
[02:01:21][EMERALD] [4704] ? NIV-6CC39DD662488F11 | BASKET | DOUBLE_TWIST | PRONG | GOLD | KT_10 | 1ct | imgs:3
[02:01:27][EMERALD] [4705] ? NIV-2160782A79A4354C | BASKET | DOUBLE_TWIST | PRONG | GOLD | KT_14 | 1ct | imgs:2
[02:01:27][EMERALD]   Re-seleccionando EMERALD (intento 1)
[02:01:27][EMERALD]   Boton no encontrado ? recargando configurador...
[02:01:53][EMERALD]   Re-seleccionando EMERALD (intento 2)
[02:01:56][EMERALD] [4706] ? NIV-5F5A857F33EF336D | BASKET | DOUBLE_TWIST | PRONG | GOLD | KT_14 | 1ct | imgs:3
[02:01:59][EMERALD] [4707] ? NIV-0617BAFFC8F22085 | BASKET | DOUBLE_TWIST | PRONG | GOLD | KT_14 | 1ct | imgs:3
[02:02:02][EMERALD] [4708] ? NIV-DFD392AE87D500C9 | BASKET | DOUBLE_TWIST | PRONG | GOLD | KT_14 | 1ct | imgs:3
[02:02:05][EMERALD] [4709] ? NIV-577E98AEF40A4E55 | BASKET | DOUBLE_TWIST | PRONG | GOLD | KT_14 | 1ct | imgs:3
[02:02:08][EMERALD] [4710] ? NIV-61FD728ECCFBC03B | BASKET | DOUBLE_TWIST | PRONG | GOLD | KT_14 | 1ct | imgs:3
[02:02:11][EMERALD] [4711] ? NIV-29DD8E52D3103B43 | BASKET | DOUBLE_TWIST | PRONG | GOLD | KT_14 | 1ct | imgs:3
[02:02:14][EMERALD] [4712] ? NIV-022700432B17CE96 | BASKET | DOUBLE_TWIST | PRONG | GOLD | KT_14 | 1ct | imgs:3
[02:02:17][EMERALD] [4713] ? NIV-4C58A4FB5312412D | BASKET | DOUBLE_TWIST | PRONG | GOLD | KT_14 | 1ct | imgs:3
[02:02:20][EMERALD] [4714] ? NIV-84C7F7530C70F70D | BASKET | DOUBLE_TWIST | PRONG | GOLD | KT_18 | 1ct | imgs:3
[02:02:23][EMERALD] [4715] ? NIV-C58B0EAE6D5330BE | BASKET | DOUBLE_TWIST | PRONG | GOLD | KT_18 | 1ct | imgs:3
[02:02:26][EMERALD] [4716] ? NIV-EAA574E805638E9C | BASKET | DOUBLE_TWIST | PRONG | GOLD | KT_18 | 1ct | imgs:3
[02:02:29][EMERALD] [4717] ? NIV-8E441C273A81DF56 | BASKET | DOUBLE_TWIST | PRONG | GOLD | KT_18 | 1ct | imgs:3
[02:02:32][EMERALD] [4718] ? NIV-C3AFBCCBEFFACDF6 | BASKET | DOUBLE_TWIST | PRONG | GOLD | KT_18 | 1ct | imgs:3
[02:02:35][EMERALD] [4719] ? NIV-956C60F4CECC038F | BASKET | DOUBLE_TWIST | PRONG | GOLD | KT_18 | 1ct | imgs:3
[02:02:38][EMERALD] [4720] ? NIV-D1FAB43C2D1A64D4 | BASKET | DOUBLE_TWIST | PRONG | GOLD | KT_18 | 1ct | imgs:3
[02:02:41][EMERALD] [4721] ? NIV-D8A74E718B3EE441 | BASKET | DOUBLE_TWIST | PRONG | GOLD | KT_18 | 1ct | imgs:3
[02:02:44][EMERALD] [4722] ? NIV-B24E12D244D82B84 | BASKET | DOUBLE_TWIST | PRONG | GOLD | KT_18 | 1ct | imgs:3
[02:02:47][EMERALD] [4723] ? NIV-DE75F99A88EA3D49 | BASKET | DOUBLE_TWIST | PRONG | PLATINUM | PT_950 | 1ct | imgs:3
[02:02:50][EMERALD] [4724] ? NIV-3E6566E15858F994 | BASKET | DOUBLE_TWIST | PRONG | GOLD | KT_10 | 1ct | imgs:3
[02:02:53][EMERALD] [4725] ? NIV-3E6566E15858F994 | BASKET | DOUBLE_TWIST | PRONG | GOLD | KT_10 | 1ct | imgs:3
[02:02:59][EMERALD] [4726] ? NIV-3E6566E15858F994 | BASKET | DOUBLE_TWIST | PRONG | GOLD | KT_10 | 1ct | imgs:3
[02:03:02][EMERALD] [4727] ? NIV-5E2C72B1021F8475 | BASKET | DOUBLE_TWIST | PRONG | GOLD | KT_10 | 1ct | imgs:3
[02:03:05][EMERALD] [4728] ? NIV-5E2C72B1021F8475 | BASKET | DOUBLE_TWIST | PRONG | GOLD | KT_10 | 1ct | imgs:3
[02:03:08][EMERALD] [4729] ? NIV-5E2C72B1021F8475 | BASKET | DOUBLE_TWIST | PRONG | GOLD | KT_10 | 1ct | imgs:3
[02:03:11][EMERALD] [4730] ? NIV-B6C12105412F092C | BASKET | DOUBLE_TWIST | PRONG | GOLD | KT_10 | 1ct | imgs:3
[02:03:14][EMERALD] [4731] ? NIV-B6C12105412F092C | BASKET | DOUBLE_TWIST | PRONG | GOLD | KT_10 | 1ct | imgs:3
[02:03:20][EMERALD] [4732] ? NIV-B6C12105412F092C | BASKET | DOUBLE_TWIST | PRONG | GOLD | KT_10 | 1ct | imgs:3
[02:03:23][EMERALD] [4733] ? NIV-CFEDF0243363AB29 | BASKET | DOUBLE_TWIST | PRONG | GOLD | KT_14 | 1ct | imgs:3
[02:03:26][EMERALD] [4734] ? NIV-CFEDF0243363AB29 | BASKET | DOUBLE_TWIST | PRONG | GOLD | KT_14 | 1ct | imgs:3
[02:03:29][EMERALD] [4735] ? NIV-CFEDF0243363AB29 | BASKET | DOUBLE_TWIST | PRONG | GOLD | KT_14 | 1ct | imgs:3
[02:03:32][EMERALD] [4736] ? NIV-826AB88203889BC9 | BASKET | DOUBLE_TWIST | PRONG | GOLD | KT_14 | 1ct | imgs:3
[02:03:35][EMERALD] [4737] ? NIV-826AB88203889BC9 | BASKET | DOUBLE_TWIST | PRONG | GOLD | KT_14 | 1ct | imgs:3
[02:03:38][EMERALD] [4738] ? NIV-826AB88203889BC9 | BASKET | DOUBLE_TWIST | PRONG | GOLD | KT_14 | 1ct | imgs:3
[02:03:41][EMERALD] [4739] ? NIV-FBCCB66AE461826F | BASKET | DOUBLE_TWIST | PRONG | GOLD | KT_14 | 1ct | imgs:3
[02:03:44][EMERALD] [4740] ? NIV-FBCCB66AE461826F | BASKET | DOUBLE_TWIST | PRONG | GOLD | KT_14 | 1ct | imgs:3
[02:03:50][EMERALD] [4741] ? NIV-FBCCB66AE461826F | BASKET | DOUBLE_TWIST | PRONG | GOLD | KT_14 | 1ct | imgs:3
[02:03:53][EMERALD] [4742] ? NIV-212C30BDCE503BFB | BASKET | DOUBLE_TWIST | PRONG | GOLD | KT_18 | 1ct | imgs:3
[02:03:59][EMERALD] [4743] ? NIV-212C30BDCE503BFB | BASKET | DOUBLE_TWIST | PRONG | GOLD | KT_18 | 1ct | imgs:3
[02:04:02][EMERALD] [4744] ? NIV-212C30BDCE503BFB | BASKET | DOUBLE_TWIST | PRONG | GOLD | KT_18 | 1ct | imgs:3
[02:04:05][EMERALD] [4745] ? NIV-D341397942DB6ECF | BASKET | DOUBLE_TWIST | PRONG | GOLD | KT_18 | 1ct | imgs:3
[02:04:08][EMERALD] [4746] ? NIV-D341397942DB6ECF | BASKET | DOUBLE_TWIST | PRONG | GOLD | KT_18 | 1ct | imgs:3
[02:04:11][EMERALD] [4747] ? NIV-D341397942DB6ECF | BASKET | DOUBLE_TWIST | PRONG | GOLD | KT_18 | 1ct | imgs:3
[02:04:14][EMERALD] [4748] ? NIV-3FD60824C6CC280B | BASKET | DOUBLE_TWIST | PRONG | GOLD | KT_18 | 1ct | imgs:3
[02:04:17][EMERALD] [4749] ? NIV-3FD60824C6CC280B | BASKET | DOUBLE_TWIST | PRONG | GOLD | KT_18 | 1ct | imgs:3
[02:04:20][EMERALD] [4750] ? NIV-3FD60824C6CC280B | BASKET | DOUBLE_TWIST | PRONG | GOLD | KT_18 | 1ct | imgs:3
[02:04:23][EMERALD] [4751] ? NIV-0E616B037BBD27A6 | BASKET | DOUBLE_TWIST | PRONG | PLATINUM | PT_950 | 1ct | imgs:3
[02:04:29][EMERALD] [4752] ? NIV-B22E915376FC6C98 | BASKET | DOUBLE_TWIST | BEAD | GOLD | KT_10 | 1ct | imgs:3
[02:04:35][EMERALD] [4753] ? NIV-B22E915376FC6C98 | BASKET | DOUBLE_TWIST | BEAD | GOLD | KT_10 | 1ct | imgs:3
[02:04:38][EMERALD] [4754] ? NIV-B22E915376FC6C98 | BASKET | DOUBLE_TWIST | BEAD | GOLD | KT_10 | 1ct | imgs:3
[02:04:41][EMERALD] [4755] ? NIV-E87A2C66FDE911AD | BASKET | DOUBLE_TWIST | BEAD | GOLD | KT_10 | 1ct | imgs:3
[02:04:44][EMERALD] [4756] ? NIV-E87A2C66FDE911AD | BASKET | DOUBLE_TWIST | BEAD | GOLD | KT_10 | 1ct | imgs:3
[02:04:50][EMERALD] [4757] ? NIV-E87A2C66FDE911AD | BASKET | DOUBLE_TWIST | BEAD | GOLD | KT_10 | 1ct | imgs:3
[02:04:53][EMERALD] [4758] ? NIV-9C450C522ECDBADD | BASKET | DOUBLE_TWIST | BEAD | GOLD | KT_10 | 1ct | imgs:3
[02:04:56][EMERALD] [4759] ? NIV-9C450C522ECDBADD | BASKET | DOUBLE_TWIST | BEAD | GOLD | KT_10 | 1ct | imgs:3
[02:05:02][EMERALD] [4760] ? NIV-9C450C522ECDBADD | BASKET | DOUBLE_TWIST | BEAD | GOLD | KT_10 | 1ct | imgs:3
[02:05:05][EMERALD] [4761] ? NIV-A321DD0E569D6F43 | BASKET | DOUBLE_TWIST | BEAD | GOLD | KT_14 | 1ct | imgs:3
[02:05:08][EMERALD] [4762] ? NIV-A321DD0E569D6F43 | BASKET | DOUBLE_TWIST | BEAD | GOLD | KT_14 | 1ct | imgs:3
[02:05:14][EMERALD] [4763] ? NIV-A321DD0E569D6F43 | BASKET | DOUBLE_TWIST | BEAD | GOLD | KT_14 | 1ct | imgs:3
[02:05:17][EMERALD] [4764] ? NIV-E980BAE4A2F73B6D | BASKET | DOUBLE_TWIST | BEAD | GOLD | KT_14 | 1ct | imgs:3
[02:05:23][EMERALD] [4765] ? NIV-E980BAE4A2F73B6D | BASKET | DOUBLE_TWIST | BEAD | GOLD | KT_14 | 1ct | imgs:3
[02:05:26][EMERALD] [4766] ? NIV-E980BAE4A2F73B6D | BASKET | DOUBLE_TWIST | BEAD | GOLD | KT_14 | 1ct | imgs:3
[02:05:29][EMERALD] [4767] ? NIV-634D46EE41AC4258 | BASKET | DOUBLE_TWIST | BEAD | GOLD | KT_14 | 1ct | imgs:3
[02:05:35][EMERALD] [4768] ? NIV-634D46EE41AC4258 | BASKET | DOUBLE_TWIST | BEAD | GOLD | KT_14 | 1ct | imgs:3
[02:05:38][EMERALD] [4769] ? NIV-634D46EE41AC4258 | BASKET | DOUBLE_TWIST | BEAD | GOLD | KT_14 | 1ct | imgs:3
[02:05:44][EMERALD] [4770] ? NIV-355688164C6B47CD | BASKET | DOUBLE_TWIST | BEAD | GOLD | KT_18 | 1ct | imgs:3
[02:05:47][EMERALD] [4771] ? NIV-355688164C6B47CD | BASKET | DOUBLE_TWIST | BEAD | GOLD | KT_18 | 1ct | imgs:3
[02:05:50][EMERALD] [4772] ? NIV-355688164C6B47CD | BASKET | DOUBLE_TWIST | BEAD | GOLD | KT_18 | 1ct | imgs:3
[02:05:53][EMERALD] [4773] ? NIV-42F9FC9046D74717 | BASKET | DOUBLE_TWIST | BEAD | GOLD | KT_18 | 1ct | imgs:3
[02:05:56][EMERALD] [4774] ? NIV-42F9FC9046D74717 | BASKET | DOUBLE_TWIST | BEAD | GOLD | KT_18 | 1ct | imgs:3
[02:05:59][EMERALD] [4775] ? NIV-42F9FC9046D74717 | BASKET | DOUBLE_TWIST | BEAD | GOLD | KT_18 | 1ct | imgs:3
[02:06:02][EMERALD] [4776] ? NIV-B1F7F3E3B6B8AA50 | BASKET | DOUBLE_TWIST | BEAD | GOLD | KT_18 | 1ct | imgs:3
[02:06:05][EMERALD] [4777] ? NIV-B1F7F3E3B6B8AA50 | BASKET | DOUBLE_TWIST | BEAD | GOLD | KT_18 | 1ct | imgs:3
[02:06:08][EMERALD] [4778] ? NIV-B1F7F3E3B6B8AA50 | BASKET | DOUBLE_TWIST | BEAD | GOLD | KT_18 | 1ct | imgs:3
[02:06:11][EMERALD] [4779] ? NIV-766CB2830C5ADFB7 | BASKET | DOUBLE_TWIST | BEAD | PLATINUM | PT_950 | 1ct | imgs:3
[02:06:17][EMERALD] [4780] ? NIV-DCBD696181608E25 | BASKET | DOUBLE_TWIST | BEAD | GOLD | KT_10 | 1ct | imgs:3
[02:06:23][EMERALD] [4781] ? NIV-DCBD696181608E25 | BASKET | DOUBLE_TWIST | BEAD | GOLD | KT_10 | 1ct | imgs:3
[02:06:26][EMERALD] [4782] ? NIV-DCBD696181608E25 | BASKET | DOUBLE_TWIST | BEAD | GOLD | KT_10 | 1ct | imgs:3
[02:06:29][EMERALD] [4783] ? NIV-83D2B4BC36E8FD51 | BASKET | DOUBLE_TWIST | BEAD | GOLD | KT_10 | 1ct | imgs:3
[02:06:32][EMERALD] [4784] ? NIV-83D2B4BC36E8FD51 | BASKET | DOUBLE_TWIST | BEAD | GOLD | KT_10 | 1ct | imgs:3
[02:06:35][EMERALD] [4785] ? NIV-83D2B4BC36E8FD51 | BASKET | DOUBLE_TWIST | BEAD | GOLD | KT_10 | 1ct | imgs:3
[02:06:38][EMERALD] [4786] ? NIV-1CB6B7F5FD32CE07 | BASKET | DOUBLE_TWIST | BEAD | GOLD | KT_10 | 1ct | imgs:3
[02:06:41][EMERALD] [4787] ? NIV-1CB6B7F5FD32CE07 | BASKET | DOUBLE_TWIST | BEAD | GOLD | KT_10 | 1ct | imgs:3
[02:06:44][EMERALD] [4788] ? NIV-1CB6B7F5FD32CE07 | BASKET | DOUBLE_TWIST | BEAD | GOLD | KT_10 | 1ct | imgs:3
[02:06:47][EMERALD] [4789] ? NIV-9B06FD87F7770DC8 | BASKET | DOUBLE_TWIST | BEAD | GOLD | KT_14 | 1ct | imgs:3
[02:06:50][EMERALD] [4790] ? NIV-9B06FD87F7770DC8 | BASKET | DOUBLE_TWIST | BEAD | GOLD | KT_14 | 1ct | imgs:3
[02:06:56][EMERALD] [4791] ? NIV-9B06FD87F7770DC8 | BASKET | DOUBLE_TWIST | BEAD | GOLD | KT_14 | 1ct | imgs:3
[02:06:59][EMERALD] [4792] ? NIV-B140D8B3FB9EC806 | BASKET | DOUBLE_TWIST | BEAD | GOLD | KT_14 | 1ct | imgs:3
[02:07:02][EMERALD] [4793] ? NIV-B140D8B3FB9EC806 | BASKET | DOUBLE_TWIST | BEAD | GOLD | KT_14 | 1ct | imgs:3
[02:07:05][EMERALD] [4794] ? NIV-B140D8B3FB9EC806 | BASKET | DOUBLE_TWIST | BEAD | GOLD | KT_14 | 1ct | imgs:3
[02:07:08][EMERALD] [4795] ? NIV-9E1F61C74DDE3F0C | BASKET | DOUBLE_TWIST | BEAD | GOLD | KT_14 | 1ct | imgs:3
[02:07:14][EMERALD] [4796] ? NIV-9E1F61C74DDE3F0C | BASKET | DOUBLE_TWIST | BEAD | GOLD | KT_14 | 1ct | imgs:3
[02:07:17][EMERALD] [4797] ? NIV-9E1F61C74DDE3F0C | BASKET | DOUBLE_TWIST | BEAD | GOLD | KT_14 | 1ct | imgs:3
[02:07:20][EMERALD] [4798] ? NIV-23235114F9F0E02E | BASKET | DOUBLE_TWIST | BEAD | GOLD | KT_18 | 1ct | imgs:3
[02:07:23][EMERALD] [4799] ? NIV-23235114F9F0E02E | BASKET | DOUBLE_TWIST | BEAD | GOLD | KT_18 | 1ct | imgs:3
[02:07:29][EMERALD] [4800] ? NIV-23235114F9F0E02E | BASKET | DOUBLE_TWIST | BEAD | GOLD | KT_18 | 1ct | imgs:3
[02:07:32][EMERALD] [4801] ? NIV-127F437ABD27CBD4 | BASKET | DOUBLE_TWIST | BEAD | GOLD | KT_18 | 1ct | imgs:3
[02:07:35][EMERALD] [4802] ? NIV-127F437ABD27CBD4 | BASKET | DOUBLE_TWIST | BEAD | GOLD | KT_18 | 1ct | imgs:3
[02:07:38][EMERALD] [4803] ? NIV-127F437ABD27CBD4 | BASKET | DOUBLE_TWIST | BEAD | GOLD | KT_18 | 1ct | imgs:3
[02:07:41][EMERALD] [4804] ? NIV-CCF6EA2B925DE193 | BASKET | DOUBLE_TWIST | BEAD | GOLD | KT_18 | 1ct | imgs:3
[02:07:44][EMERALD] [4805] ? NIV-CCF6EA2B925DE193 | BASKET | DOUBLE_TWIST | BEAD | GOLD | KT_18 | 1ct | imgs:3
[02:07:47][EMERALD] [4806] ? NIV-CCF6EA2B925DE193 | BASKET | DOUBLE_TWIST | BEAD | GOLD | KT_18 | 1ct | imgs:3
[02:07:50][EMERALD] [4807] ? NIV-BA658107281BF914 | BASKET | DOUBLE_TWIST | BEAD | PLATINUM | PT_950 | 1ct | imgs:3
[02:07:56][EMERALD] [4808] ? NIV-C70CD74235B93FBB | BASKET | DOUBLE_TWIST | BEAD | GOLD | KT_10 | 1ct | imgs:3
[02:07:59][EMERALD] [4809] ? NIV-C70CD74235B93FBB | BASKET | DOUBLE_TWIST | BEAD | GOLD | KT_10 | 1ct | imgs:3
[02:08:05][EMERALD] [4810] ? NIV-C70CD74235B93FBB | BASKET | DOUBLE_TWIST | BEAD | GOLD | KT_10 | 1ct | imgs:3
[02:08:08][EMERALD] [4811] ? NIV-1DB39D2DA61F00A8 | BASKET | DOUBLE_TWIST | BEAD | GOLD | KT_10 | 1ct | imgs:3
[02:08:11][EMERALD] [4812] ? NIV-1DB39D2DA61F00A8 | BASKET | DOUBLE_TWIST | BEAD | GOLD | KT_10 | 1ct | imgs:3
[02:08:17][EMERALD] [4813] ? NIV-1DB39D2DA61F00A8 | BASKET | DOUBLE_TWIST | BEAD | GOLD | KT_10 | 1ct | imgs:3
[02:08:20][EMERALD] [4814] ? NIV-9A159C5BFD15BB82 | BASKET | DOUBLE_TWIST | BEAD | GOLD | KT_10 | 1ct | imgs:3
[02:08:26][EMERALD] [4815] ? NIV-9A159C5BFD15BB82 | BASKET | DOUBLE_TWIST | BEAD | GOLD | KT_10 | 1ct | imgs:3
[02:08:29][EMERALD] [4816] ? NIV-9A159C5BFD15BB82 | BASKET | DOUBLE_TWIST | BEAD | GOLD | KT_10 | 1ct | imgs:3
[02:08:35][EMERALD] [4817] ? NIV-E700501B4B79FC3E | BASKET | DOUBLE_TWIST | BEAD | GOLD | KT_14 | 1ct | imgs:3
[02:08:38][EMERALD] [4818] ? NIV-E700501B4B79FC3E | BASKET | DOUBLE_TWIST | BEAD | GOLD | KT_14 | 1ct | imgs:3
[02:08:41][EMERALD] [4819] ? NIV-E700501B4B79FC3E | BASKET | DOUBLE_TWIST | BEAD | GOLD | KT_14 | 1ct | imgs:3
[02:08:44][EMERALD] [4820] ? NIV-3C071EB031703182 | BASKET | DOUBLE_TWIST | BEAD | GOLD | KT_14 | 1ct | imgs:3
[02:08:47][EMERALD] [4821] ? NIV-3C071EB031703182 | BASKET | DOUBLE_TWIST | BEAD | GOLD | KT_14 | 1ct | imgs:3
[02:08:53][EMERALD] [4822] ? NIV-3C071EB031703182 | BASKET | DOUBLE_TWIST | BEAD | GOLD | KT_14 | 1ct | imgs:3
[02:08:56][EMERALD] [4823] ? NIV-9B0D5B72D6E16FEF | BASKET | DOUBLE_TWIST | BEAD | GOLD | KT_14 | 1ct | imgs:3
[02:08:59][EMERALD] [4824] ? NIV-9B0D5B72D6E16FEF | BASKET | DOUBLE_TWIST | BEAD | GOLD | KT_14 | 1ct | imgs:3
[02:09:02][EMERALD] [4825] ? NIV-9B0D5B72D6E16FEF | BASKET | DOUBLE_TWIST | BEAD | GOLD | KT_14 | 1ct | imgs:3
[02:09:05][EMERALD] [4826] ? NIV-F4BF73827238F7A0 | BASKET | DOUBLE_TWIST | BEAD | GOLD | KT_18 | 1ct | imgs:3
[02:09:11][EMERALD] [4827] ? NIV-F4BF73827238F7A0 | BASKET | DOUBLE_TWIST | BEAD | GOLD | KT_18 | 1ct | imgs:3
[02:09:14][EMERALD] [4828] ? NIV-F4BF73827238F7A0 | BASKET | DOUBLE_TWIST | BEAD | GOLD | KT_18 | 1ct | imgs:3
[02:09:17][EMERALD] [4829] ? NIV-7CB1EF61EB1F7A4C | BASKET | DOUBLE_TWIST | BEAD | GOLD | KT_18 | 1ct | imgs:3
[02:09:20][EMERALD] [4830] ? NIV-7CB1EF61EB1F7A4C | BASKET | DOUBLE_TWIST | BEAD | GOLD | KT_18 | 1ct | imgs:3
[02:09:23][EMERALD] [4831] ? NIV-7CB1EF61EB1F7A4C | BASKET | DOUBLE_TWIST | BEAD | GOLD | KT_18 | 1ct | imgs:3
[02:09:26][EMERALD] [4832] ? NIV-258D0A56EA0E6A0E | BASKET | DOUBLE_TWIST | BEAD | GOLD | KT_18 | 1ct | imgs:3
[02:09:29][EMERALD] [4833] ? NIV-258D0A56EA0E6A0E | BASKET | DOUBLE_TWIST | BEAD | GOLD | KT_18 | 1ct | imgs:3
[02:09:32][EMERALD] [4834] ? NIV-258D0A56EA0E6A0E | BASKET | DOUBLE_TWIST | BEAD | GOLD | KT_18 | 1ct | imgs:3
[02:09:35][EMERALD] [4835] ? NIV-95C991BE48316A64 | BASKET | DOUBLE_TWIST | BEAD | PLATINUM | PT_950 | 1ct | imgs:3
[02:09:41][EMERALD] [4836] ? NIV-D2F331F90F7DBEA6 | BASKET | DOUBLE_TWIST | BEAD | GOLD | KT_10 | 1ct | imgs:3
[02:09:44][EMERALD] [4837] ? NIV-D2F331F90F7DBEA6 | BASKET | DOUBLE_TWIST | BEAD | GOLD | KT_10 | 1ct | imgs:3
[02:09:47][EMERALD] [4838] ? NIV-D2F331F90F7DBEA6 | BASKET | DOUBLE_TWIST | BEAD | GOLD | KT_10 | 1ct | imgs:3
[02:09:50][EMERALD] [4839] ? NIV-2435BE8EEF6BE3BF | BASKET | DOUBLE_TWIST | BEAD | GOLD | KT_10 | 1ct | imgs:3
[02:09:56][EMERALD] [4840] ? NIV-2435BE8EEF6BE3BF | BASKET | DOUBLE_TWIST | BEAD | GOLD | KT_10 | 1ct | imgs:3
[02:10:02][EMERALD] [4841] ? NIV-2435BE8EEF6BE3BF | BASKET | DOUBLE_TWIST | BEAD | GOLD | KT_10 | 1ct | imgs:3
[02:10:05][EMERALD] [4842] ? NIV-98E85A89FDA015B8 | BASKET | DOUBLE_TWIST | BEAD | GOLD | KT_10 | 1ct | imgs:3
[02:10:08][EMERALD] [4843] ? NIV-98E85A89FDA015B8 | BASKET | DOUBLE_TWIST | BEAD | GOLD | KT_10 | 1ct | imgs:3
[02:10:11][EMERALD] [4844] ? NIV-98E85A89FDA015B8 | BASKET | DOUBLE_TWIST | BEAD | GOLD | KT_10 | 1ct | imgs:3
[02:10:16][EMERALD] [4845] ? NIV-A58AE6166D03FCCD | BASKET | DOUBLE_TWIST | BEAD | GOLD | KT_14 | 1ct | imgs:3
[02:10:20][EMERALD] [4846] ? NIV-A58AE6166D03FCCD | BASKET | DOUBLE_TWIST | BEAD | GOLD | KT_14 | 1ct | imgs:3
[02:10:23][EMERALD] [4847] ? NIV-A58AE6166D03FCCD | BASKET | DOUBLE_TWIST | BEAD | GOLD | KT_14 | 1ct | imgs:3
[02:10:26][EMERALD] [4848] ? NIV-CBD51D7260E2B7DC | BASKET | DOUBLE_TWIST | BEAD | GOLD | KT_14 | 1ct | imgs:3
[02:10:32][EMERALD] [4849] ? NIV-CBD51D7260E2B7DC | BASKET | DOUBLE_TWIST | BEAD | GOLD | KT_14 | 1ct | imgs:3
[02:10:35][EMERALD] [4850] ? NIV-CBD51D7260E2B7DC | BASKET | DOUBLE_TWIST | BEAD | GOLD | KT_14 | 1ct | imgs:3
[02:10:38][EMERALD] [4851] ? NIV-8FEFE789974681D0 | BASKET | DOUBLE_TWIST | BEAD | GOLD | KT_14 | 1ct | imgs:3
[02:10:41][EMERALD] [4852] ? NIV-8FEFE789974681D0 | BASKET | DOUBLE_TWIST | BEAD | GOLD | KT_14 | 1ct | imgs:3
[02:10:47][EMERALD] [4853] ? NIV-8FEFE789974681D0 | BASKET | DOUBLE_TWIST | BEAD | GOLD | KT_14 | 1ct | imgs:3
[02:10:53][EMERALD] [4854] ? NIV-E5639693404AA35D | BASKET | DOUBLE_TWIST | BEAD | GOLD | KT_18 | 1ct | imgs:3
[02:10:56][EMERALD] [4855] ? NIV-E5639693404AA35D | BASKET | DOUBLE_TWIST | BEAD | GOLD | KT_18 | 1ct | imgs:3
[02:11:02][EMERALD] [4856] ? NIV-E5639693404AA35D | BASKET | DOUBLE_TWIST | BEAD | GOLD | KT_18 | 1ct | imgs:3
[02:11:05][EMERALD] [4857] ? NIV-E980624B369B404D | BASKET | DOUBLE_TWIST | BEAD | GOLD | KT_18 | 1ct | imgs:3
[02:11:08][EMERALD] [4858] ? NIV-E980624B369B404D | BASKET | DOUBLE_TWIST | BEAD | GOLD | KT_18 | 1ct | imgs:3
[02:11:14][EMERALD] [4859] ? NIV-E980624B369B404D | BASKET | DOUBLE_TWIST | BEAD | GOLD | KT_18 | 1ct | imgs:3
[02:11:17][EMERALD] [4860] ? NIV-655A1E3F6E3B2D86 | BASKET | DOUBLE_TWIST | BEAD | GOLD | KT_18 | 1ct | imgs:3
[02:11:23][EMERALD] [4861] ? NIV-655A1E3F6E3B2D86 | BASKET | DOUBLE_TWIST | BEAD | GOLD | KT_18 | 1ct | imgs:3
[02:11:26][EMERALD] [4862] ? NIV-655A1E3F6E3B2D86 | BASKET | DOUBLE_TWIST | BEAD | GOLD | KT_18 | 1ct | imgs:3
[02:11:29][EMERALD] [4863] ? NIV-65AB76C58348998B | BASKET | DOUBLE_TWIST | BEAD | PLATINUM | PT_950 | 1ct | imgs:3
[02:11:35][EMERALD] [4864] ? NIV-CEEA5B55B3BF46A2 | BASKET | DOUBLE_TWIST | BEAD | GOLD | KT_10 | 1ct | imgs:3
[02:11:38][EMERALD] [4865] ? NIV-CEEA5B55B3BF46A2 | BASKET | DOUBLE_TWIST | BEAD | GOLD | KT_10 | 1ct | imgs:3
[02:11:41][EMERALD] [4866] ? NIV-CEEA5B55B3BF46A2 | BASKET | DOUBLE_TWIST | BEAD | GOLD | KT_10 | 1ct | imgs:3
[02:11:44][EMERALD] [4867] ? NIV-19982BCF3236CFD2 | BASKET | DOUBLE_TWIST | BEAD | GOLD | KT_10 | 1ct | imgs:3
[02:11:47][EMERALD] [4868] ? NIV-19982BCF3236CFD2 | BASKET | DOUBLE_TWIST | BEAD | GOLD | KT_10 | 1ct | imgs:3
[02:11:50][EMERALD] [4869] ? NIV-19982BCF3236CFD2 | BASKET | DOUBLE_TWIST | BEAD | GOLD | KT_10 | 1ct | imgs:3
[02:11:53][EMERALD] [4870] ? NIV-FB980E07C6D92382 | BASKET | DOUBLE_TWIST | BEAD | GOLD | KT_10 | 1ct | imgs:3
[02:11:56][EMERALD] [4871] ? NIV-FB980E07C6D92382 | BASKET | DOUBLE_TWIST | BEAD | GOLD | KT_10 | 1ct | imgs:3
[02:12:02][EMERALD] [4872] ? NIV-FB980E07C6D92382 | BASKET | DOUBLE_TWIST | BEAD | GOLD | KT_10 | 1ct | imgs:3
[02:12:05][EMERALD] [4873] ? NIV-3689FEB15D383679 | BASKET | DOUBLE_TWIST | BEAD | GOLD | KT_14 | 1ct | imgs:3
[02:12:08][EMERALD] [4874] ? NIV-3689FEB15D383679 | BASKET | DOUBLE_TWIST | BEAD | GOLD | KT_14 | 1ct | imgs:3
[02:12:11][EMERALD] [4875] ? NIV-3689FEB15D383679 | BASKET | DOUBLE_TWIST | BEAD | GOLD | KT_14 | 1ct | imgs:3
[02:12:14][EMERALD] [4876] ? NIV-CC51E5003B45868C | BASKET | DOUBLE_TWIST | BEAD | GOLD | KT_14 | 1ct | imgs:3
[02:12:17][EMERALD] [4877] ? NIV-CC51E5003B45868C | BASKET | DOUBLE_TWIST | BEAD | GOLD | KT_14 | 1ct | imgs:3
[02:12:23][EMERALD] [4878] ? NIV-CC51E5003B45868C | BASKET | DOUBLE_TWIST | BEAD | GOLD | KT_14 | 1ct | imgs:3
[02:12:26][EMERALD] [4879] ? NIV-4B2924B54D12EED1 | BASKET | DOUBLE_TWIST | BEAD | GOLD | KT_14 | 1ct | imgs:3
[02:12:29][EMERALD] [4880] ? NIV-4B2924B54D12EED1 | BASKET | DOUBLE_TWIST | BEAD | GOLD | KT_14 | 1ct | imgs:3
[02:12:32][EMERALD] [4881] ? NIV-4B2924B54D12EED1 | BASKET | DOUBLE_TWIST | BEAD | GOLD | KT_14 | 1ct | imgs:3
[02:12:35][EMERALD] [4882] ? NIV-A1BC0F48519790CE | BASKET | DOUBLE_TWIST | BEAD | GOLD | KT_18 | 1ct | imgs:3
[02:12:41][EMERALD] [4883] ? NIV-A1BC0F48519790CE | BASKET | DOUBLE_TWIST | BEAD | GOLD | KT_18 | 1ct | imgs:3
[02:12:44][EMERALD] [4884] ? NIV-A1BC0F48519790CE | BASKET | DOUBLE_TWIST | BEAD | GOLD | KT_18 | 1ct | imgs:3
[02:12:55][EMERALD] [4885] ??  NIV-A1BC0F48519790CE | BASKET | DOUBLE_TWIST | BEAD | GOLD | KT_18 | 1ct | imgs:0
[02:12:59][EMERALD] [4886] ? NIV-8221FDD77C563495 | BASKET | DOUBLE_TWIST | BEAD | GOLD | KT_18 | 1ct | imgs:3
[02:13:02][EMERALD] [4887] ? NIV-8221FDD77C563495 | BASKET | DOUBLE_TWIST | BEAD | GOLD | KT_18 | 1ct | imgs:3
[02:13:05][EMERALD] [4888] ? NIV-5275CDA4C8B0AA64 | BASKET | DOUBLE_TWIST | BEAD | GOLD | KT_18 | 1ct | imgs:3
[02:13:08][EMERALD] [4889] ? NIV-5275CDA4C8B0AA64 | BASKET | DOUBLE_TWIST | BEAD | GOLD | KT_18 | 1ct | imgs:3
[02:13:14][EMERALD] [4890] ? NIV-5275CDA4C8B0AA64 | BASKET | DOUBLE_TWIST | BEAD | GOLD | KT_18 | 1ct | imgs:3
[02:13:17][EMERALD] [4891] ? NIV-2B3AB0AD76165927 | BASKET | DOUBLE_TWIST | BEAD | PLATINUM | PT_950 | 1ct | imgs:3
[02:13:23][EMERALD] [4892] ? NIV-712C63BDA2B1CAB6 | BASKET | DOUBLE_TWIST | BEAD | GOLD | KT_10 | 1ct | imgs:3
[02:13:26][EMERALD] [4893] ? NIV-712C63BDA2B1CAB6 | BASKET | DOUBLE_TWIST | BEAD | GOLD | KT_10 | 1ct | imgs:3
[02:13:29][EMERALD] [4894] ? NIV-712C63BDA2B1CAB6 | BASKET | DOUBLE_TWIST | BEAD | GOLD | KT_10 | 1ct | imgs:3
[02:13:32][EMERALD] [4895] ? NIV-745B5EDD76FE47C1 | BASKET | DOUBLE_TWIST | BEAD | GOLD | KT_10 | 1ct | imgs:3
[02:13:35][EMERALD] [4896] ? NIV-745B5EDD76FE47C1 | BASKET | DOUBLE_TWIST | BEAD | GOLD | KT_10 | 1ct | imgs:3
[02:13:38][EMERALD] [4897] ? NIV-745B5EDD76FE47C1 | BASKET | DOUBLE_TWIST | BEAD | GOLD | KT_10 | 1ct | imgs:3
[02:13:41][EMERALD] [4898] ? NIV-D265FB3FB734E64C | BASKET | DOUBLE_TWIST | BEAD | GOLD | KT_10 | 1ct | imgs:3
[02:13:44][EMERALD] [4899] ? NIV-D265FB3FB734E64C | BASKET | DOUBLE_TWIST | BEAD | GOLD | KT_10 | 1ct | imgs:3
[02:13:50][EMERALD] [4900] ? NIV-D265FB3FB734E64C | BASKET | DOUBLE_TWIST | BEAD | GOLD | KT_10 | 1ct | imgs:3
[02:13:55][EMERALD] [4901] ? NIV-D45A99DA1B2AAD6B | BASKET | DOUBLE_TWIST | BEAD | GOLD | KT_14 | 1ct | imgs:3
[02:13:59][EMERALD] [4902] ? NIV-D45A99DA1B2AAD6B | BASKET | DOUBLE_TWIST | BEAD | GOLD | KT_14 | 1ct | imgs:3
[02:14:02][EMERALD] [4903] ? NIV-D45A99DA1B2AAD6B | BASKET | DOUBLE_TWIST | BEAD | GOLD | KT_14 | 1ct | imgs:3
[02:14:05][EMERALD] [4904] ? NIV-469040966A4FA416 | BASKET | DOUBLE_TWIST | BEAD | GOLD | KT_14 | 1ct | imgs:3
[02:14:11][EMERALD] [4905] ? NIV-469040966A4FA416 | BASKET | DOUBLE_TWIST | BEAD | GOLD | KT_14 | 1ct | imgs:3
[02:14:14][EMERALD] [4906] ? NIV-469040966A4FA416 | BASKET | DOUBLE_TWIST | BEAD | GOLD | KT_14 | 1ct | imgs:3
[02:14:19][EMERALD] [4907] ? NIV-B809D59CD77DCA68 | BASKET | DOUBLE_TWIST | BEAD | GOLD | KT_14 | 1ct | imgs:1
[02:14:23][EMERALD] [4908] ? NIV-B809D59CD77DCA68 | BASKET | DOUBLE_TWIST | BEAD | GOLD | KT_14 | 1ct | imgs:3
[02:14:26][EMERALD] [4909] ? NIV-B809D59CD77DCA68 | BASKET | DOUBLE_TWIST | BEAD | GOLD | KT_14 | 1ct | imgs:3
[02:14:32][EMERALD] [4910] ? NIV-13DDC8D4B5BBDA8D | BASKET | DOUBLE_TWIST | BEAD | GOLD | KT_18 | 1ct | imgs:3
[02:14:35][EMERALD] [4911] ? NIV-13DDC8D4B5BBDA8D | BASKET | DOUBLE_TWIST | BEAD | GOLD | KT_18 | 1ct | imgs:3
[02:14:38][EMERALD] [4912] ? NIV-13DDC8D4B5BBDA8D | BASKET | DOUBLE_TWIST | BEAD | GOLD | KT_18 | 1ct | imgs:3
[02:14:41][EMERALD] [4913] ? NIV-4BCE20E20B55AB37 | BASKET | DOUBLE_TWIST | BEAD | GOLD | KT_18 | 1ct | imgs:3
[02:14:47][EMERALD] [4914] ? NIV-4BCE20E20B55AB37 | BASKET | DOUBLE_TWIST | BEAD | GOLD | KT_18 | 1ct | imgs:3
[02:14:50][EMERALD] [4915] ? NIV-4BCE20E20B55AB37 | BASKET | DOUBLE_TWIST | BEAD | GOLD | KT_18 | 1ct | imgs:3
[02:14:53][EMERALD] [4916] ? NIV-F78F6093A7758B38 | BASKET | DOUBLE_TWIST | BEAD | GOLD | KT_18 | 1ct | imgs:3
[02:14:56][EMERALD] [4917] ? NIV-F78F6093A7758B38 | BASKET | DOUBLE_TWIST | BEAD | GOLD | KT_18 | 1ct | imgs:3
[02:15:02][EMERALD] [4918] ? NIV-F78F6093A7758B38 | BASKET | DOUBLE_TWIST | BEAD | GOLD | KT_18 | 1ct | imgs:3
[02:15:13][EMERALD] [4919] ??  NIV-F78F6093A7758B38 | BASKET | DOUBLE_TWIST | BEAD | PLATINUM | PT_950 | 1ct | imgs:0
[02:15:20][EMERALD] [4920] ? NIV-AB28FCA0E35964B6 | BASKET | DOUBLE_TWIST | BEAD | GOLD | KT_10 | 1ct | imgs:3
[02:15:26][EMERALD] [4921] ? NIV-AB28FCA0E35964B6 | BASKET | DOUBLE_TWIST | BEAD | GOLD | KT_10 | 1ct | imgs:3
[02:15:29][EMERALD] [4922] ? NIV-AB28FCA0E35964B6 | BASKET | DOUBLE_TWIST | BEAD | GOLD | KT_10 | 1ct | imgs:3
[02:15:40][EMERALD] [4923] ??  NIV-AB28FCA0E35964B6 | BASKET | DOUBLE_TWIST | BEAD | GOLD | KT_10 | 1ct | imgs:0
[02:15:44][EMERALD] [4924] ? NIV-0FBB1C3637AB1C11 | BASKET | DOUBLE_TWIST | BEAD | GOLD | KT_10 | 1ct | imgs:3
[02:15:47][EMERALD] [4925] ? NIV-0FBB1C3637AB1C11 | BASKET | DOUBLE_TWIST | BEAD | GOLD | KT_10 | 1ct | imgs:3
[02:15:51][EMERALD] [4926] ? NIV-4B6405062CAD615F | BASKET | DOUBLE_TWIST | BEAD | GOLD | KT_10 | 1ct | imgs:2
[02:15:56][EMERALD] [4927] ? NIV-4B6405062CAD615F | BASKET | DOUBLE_TWIST | BEAD | GOLD | KT_10 | 1ct | imgs:3
[02:15:59][EMERALD] [4928] ? NIV-4B6405062CAD615F | BASKET | DOUBLE_TWIST | BEAD | GOLD | KT_10 | 1ct | imgs:3
[02:16:02][EMERALD] [4929] ? NIV-1B363BACC1B945DB | BASKET | DOUBLE_TWIST | BEAD | GOLD | KT_14 | 1ct | imgs:3
[02:16:08][EMERALD] [4930] ? NIV-1B363BACC1B945DB | BASKET | DOUBLE_TWIST | BEAD | GOLD | KT_14 | 1ct | imgs:3
[02:16:11][EMERALD] [4931] ? NIV-1B363BACC1B945DB | BASKET | DOUBLE_TWIST | BEAD | GOLD | KT_14 | 1ct | imgs:3
[02:16:14][EMERALD] [4932] ? NIV-E073821E119C80D7 | BASKET | DOUBLE_TWIST | BEAD | GOLD | KT_14 | 1ct | imgs:3
[02:16:17][EMERALD] [4933] ? NIV-E073821E119C80D7 | BASKET | DOUBLE_TWIST | BEAD | GOLD | KT_14 | 1ct | imgs:3
[02:16:20][EMERALD] [4934] ? NIV-E073821E119C80D7 | BASKET | DOUBLE_TWIST | BEAD | GOLD | KT_14 | 1ct | imgs:3
[02:16:23][EMERALD] [4935] ? NIV-356F5ED0C5EF6B57 | BASKET | DOUBLE_TWIST | BEAD | GOLD | KT_14 | 1ct | imgs:3
[02:16:26][EMERALD] [4936] ? NIV-356F5ED0C5EF6B57 | BASKET | DOUBLE_TWIST | BEAD | GOLD | KT_14 | 1ct | imgs:3
[02:16:29][EMERALD] [4937] ? NIV-356F5ED0C5EF6B57 | BASKET | DOUBLE_TWIST | BEAD | GOLD | KT_14 | 1ct | imgs:3
[02:16:35][EMERALD] [4938] ? NIV-2287CB2833973EB6 | BASKET | DOUBLE_TWIST | BEAD | GOLD | KT_18 | 1ct | imgs:3
[02:16:38][EMERALD] [4939] ? NIV-2287CB2833973EB6 | BASKET | DOUBLE_TWIST | BEAD | GOLD | KT_18 | 1ct | imgs:3
[02:16:41][EMERALD] [4940] ? NIV-2287CB2833973EB6 | BASKET | DOUBLE_TWIST | BEAD | GOLD | KT_18 | 1ct | imgs:3
[02:16:44][EMERALD] [4941] ? NIV-76EFD8D5D955A57A | BASKET | DOUBLE_TWIST | BEAD | GOLD | KT_18 | 1ct | imgs:3
[02:16:47][EMERALD] [4942] ? NIV-76EFD8D5D955A57A | BASKET | DOUBLE_TWIST | BEAD | GOLD | KT_18 | 1ct | imgs:3
[02:16:50][EMERALD] [4943] ? NIV-76EFD8D5D955A57A | BASKET | DOUBLE_TWIST | BEAD | GOLD | KT_18 | 1ct | imgs:3
[02:16:53][EMERALD] [4944] ? NIV-793E4398E5874279 | BASKET | DOUBLE_TWIST | BEAD | GOLD | KT_18 | 1ct | imgs:3
[02:16:56][EMERALD] [4945] ? NIV-793E4398E5874279 | BASKET | DOUBLE_TWIST | BEAD | GOLD | KT_18 | 1ct | imgs:3
[02:17:02][EMERALD] [4946] ? NIV-793E4398E5874279 | BASKET | DOUBLE_TWIST | BEAD | GOLD | KT_18 | 1ct | imgs:3
[02:17:05][EMERALD] [4947] ? NIV-7F4225969AADC9DD | BASKET | DOUBLE_TWIST | BEAD | PLATINUM | PT_950 | 1ct | imgs:3
[02:17:11][EMERALD] [4948] ? NIV-0B0EF1463E47058E | BASKET | DOUBLE_TWIST | BEAD | GOLD | KT_10 | 1ct | imgs:3
[02:17:14][EMERALD] [4949] ? NIV-0B0EF1463E47058E | BASKET | DOUBLE_TWIST | BEAD | GOLD | KT_10 | 1ct | imgs:3
[02:17:17][EMERALD] [4950] ? NIV-0B0EF1463E47058E | BASKET | DOUBLE_TWIST | BEAD | GOLD | KT_10 | 1ct | imgs:3
[02:17:28][EMERALD] [4951] ??  NIV-0B0EF1463E47058E | BASKET | DOUBLE_TWIST | BEAD | GOLD | KT_10 | 1ct | imgs:0
[02:17:40][EMERALD] [4952] ??  NIV-0B0EF1463E47058E | BASKET | DOUBLE_TWIST | BEAD | GOLD | KT_10 | 1ct | imgs:0
[02:17:52][EMERALD] [4953] ??  NIV-0B0EF1463E47058E | BASKET | DOUBLE_TWIST | BEAD | GOLD | KT_10 | 1ct | imgs:0
[02:17:56][EMERALD] [4954] ? NIV-5920DD9BBBA81320 | BASKET | DOUBLE_TWIST | BEAD | GOLD | KT_10 | 1ct | imgs:3
[02:18:02][EMERALD] [4955] ? NIV-5920DD9BBBA81320 | BASKET | DOUBLE_TWIST | BEAD | GOLD | KT_10 | 1ct | imgs:3
[02:18:05][EMERALD] [4956] ? NIV-5920DD9BBBA81320 | BASKET | DOUBLE_TWIST | BEAD | GOLD | KT_10 | 1ct | imgs:3
[02:18:09][EMERALD] [4957] ? NIV-C1633F520FF5A093 | BASKET | DOUBLE_TWIST | BEAD | GOLD | KT_14 | 1ct | imgs:3
[02:18:14][EMERALD] [4958] ? NIV-C1633F520FF5A093 | BASKET | DOUBLE_TWIST | BEAD | GOLD | KT_14 | 1ct | imgs:3
[02:18:17][EMERALD] [4959] ? NIV-C1633F520FF5A093 | BASKET | DOUBLE_TWIST | BEAD | GOLD | KT_14 | 1ct | imgs:3
[02:18:20][EMERALD] [4960] ? NIV-A7203B175AEC4F5F | BASKET | DOUBLE_TWIST | BEAD | GOLD | KT_14 | 1ct | imgs:3
[02:18:26][EMERALD] [4961] ? NIV-A7203B175AEC4F5F | BASKET | DOUBLE_TWIST | BEAD | GOLD | KT_14 | 1ct | imgs:3
[02:18:29][EMERALD] [4962] ? NIV-A7203B175AEC4F5F | BASKET | DOUBLE_TWIST | BEAD | GOLD | KT_14 | 1ct | imgs:3
[02:18:32][EMERALD] [4963] ? NIV-A3850FDDD1A51B95 | BASKET | DOUBLE_TWIST | BEAD | GOLD | KT_14 | 1ct | imgs:3
[02:18:35][EMERALD] [4964] ? NIV-A3850FDDD1A51B95 | BASKET | DOUBLE_TWIST | BEAD | GOLD | KT_14 | 1ct | imgs:3
[02:18:41][EMERALD] [4965] ? NIV-A3850FDDD1A51B95 | BASKET | DOUBLE_TWIST | BEAD | GOLD | KT_14 | 1ct | imgs:3
[02:18:44][EMERALD] [4966] ? NIV-71B331A8370AB92F | BASKET | DOUBLE_TWIST | BEAD | GOLD | KT_18 | 1ct | imgs:3
[02:18:50][EMERALD] [4967] ? NIV-71B331A8370AB92F | BASKET | DOUBLE_TWIST | BEAD | GOLD | KT_18 | 1ct | imgs:3
[02:18:53][EMERALD] [4968] ? NIV-71B331A8370AB92F | BASKET | DOUBLE_TWIST | BEAD | GOLD | KT_18 | 1ct | imgs:3
[02:18:56][EMERALD] [4969] ? NIV-72D69B508FAFE41B | BASKET | DOUBLE_TWIST | BEAD | GOLD | KT_18 | 1ct | imgs:3
[02:18:59][EMERALD] [4970] ? NIV-72D69B508FAFE41B | BASKET | DOUBLE_TWIST | BEAD | GOLD | KT_18 | 1ct | imgs:3
[02:19:05][EMERALD] [4971] ? NIV-72D69B508FAFE41B | BASKET | DOUBLE_TWIST | BEAD | GOLD | KT_18 | 1ct | imgs:3
[02:19:08][EMERALD] [4972] ? NIV-F08555DD5CC9D047 | BASKET | DOUBLE_TWIST | BEAD | GOLD | KT_18 | 1ct | imgs:3
[02:19:11][EMERALD] [4973] ? NIV-F08555DD5CC9D047 | BASKET | DOUBLE_TWIST | BEAD | GOLD | KT_18 | 1ct | imgs:3
[02:19:17][EMERALD] [4974] ? NIV-F08555DD5CC9D047 | BASKET | DOUBLE_TWIST | BEAD | GOLD | KT_18 | 1ct | imgs:3
[02:19:20][EMERALD] [4975] ? NIV-B65C0AE4B77D495A | BASKET | DOUBLE_TWIST | BEAD | PLATINUM | PT_950 | 1ct | imgs:3
[02:19:26][EMERALD] [4976] ? NIV-6555692DB4A02DD5 | BASKET | DOUBLE_TWIST | BEAD | GOLD | KT_10 | 1ct | imgs:3
[02:19:29][EMERALD] [4977] ? NIV-6555692DB4A02DD5 | BASKET | DOUBLE_TWIST | BEAD | GOLD | KT_10 | 1ct | imgs:3
[02:19:32][EMERALD] [4978] ? NIV-6555692DB4A02DD5 | BASKET | DOUBLE_TWIST | BEAD | GOLD | KT_10 | 1ct | imgs:3
[02:19:36][EMERALD] [4979] ? NIV-49A124DF7C19AFCA | BASKET | DOUBLE_TWIST | BEAD | GOLD | KT_10 | 1ct | imgs:1
[02:19:41][EMERALD] [4980] ? NIV-49A124DF7C19AFCA | BASKET | DOUBLE_TWIST | BEAD | GOLD | KT_10 | 1ct | imgs:3
[02:19:44][EMERALD] [4981] ? NIV-49A124DF7C19AFCA | BASKET | DOUBLE_TWIST | BEAD | GOLD | KT_10 | 1ct | imgs:3
[02:19:47][EMERALD] [4982] ? NIV-026BB9844A6E31EB | BASKET | DOUBLE_TWIST | BEAD | GOLD | KT_10 | 1ct | imgs:3
[02:19:53][EMERALD] [4983] ? NIV-026BB9844A6E31EB | BASKET | DOUBLE_TWIST | BEAD | GOLD | KT_10 | 1ct | imgs:3
[02:19:56][EMERALD] [4984] ? NIV-026BB9844A6E31EB | BASKET | DOUBLE_TWIST | BEAD | GOLD | KT_10 | 1ct | imgs:3
[02:20:02][EMERALD] [4985] ? NIV-EA4403FB5BA1AC3E | BASKET | DOUBLE_TWIST | BEAD | GOLD | KT_14 | 1ct | imgs:3
[02:20:05][EMERALD] [4986] ? NIV-EA4403FB5BA1AC3E | BASKET | DOUBLE_TWIST | BEAD | GOLD | KT_14 | 1ct | imgs:3
[02:20:11][EMERALD] [4987] ? NIV-EA4403FB5BA1AC3E | BASKET | DOUBLE_TWIST | BEAD | GOLD | KT_14 | 1ct | imgs:3
[02:20:14][EMERALD] [4988] ? NIV-D38F0C827A69DB36 | BASKET | DOUBLE_TWIST | BEAD | GOLD | KT_14 | 1ct | imgs:3
[02:20:17][EMERALD] [4989] ? NIV-D38F0C827A69DB36 | BASKET | DOUBLE_TWIST | BEAD | GOLD | KT_14 | 1ct | imgs:3
[02:20:20][EMERALD] [4990] ? NIV-D38F0C827A69DB36 | BASKET | DOUBLE_TWIST | BEAD | GOLD | KT_14 | 1ct | imgs:3
[02:20:26][EMERALD] [4991] ? NIV-8D05ECCC5BEA8B5E | BASKET | DOUBLE_TWIST | BEAD | GOLD | KT_14 | 1ct | imgs:3
[02:20:29][EMERALD] [4992] ? NIV-8D05ECCC5BEA8B5E | BASKET | DOUBLE_TWIST | BEAD | GOLD | KT_14 | 1ct | imgs:3
[02:20:35][EMERALD] [4993] ? NIV-8D05ECCC5BEA8B5E | BASKET | DOUBLE_TWIST | BEAD | GOLD | KT_14 | 1ct | imgs:3
[02:20:38][EMERALD] [4994] ? NIV-E4C2D385559C1741 | BASKET | DOUBLE_TWIST | BEAD | GOLD | KT_18 | 1ct | imgs:3
[02:20:41][EMERALD] [4995] ? NIV-E4C2D385559C1741 | BASKET | DOUBLE_TWIST | BEAD | GOLD | KT_18 | 1ct | imgs:3
[02:20:47][EMERALD] [4996] ? NIV-E4C2D385559C1741 | BASKET | DOUBLE_TWIST | BEAD | GOLD | KT_18 | 1ct | imgs:3
[02:20:50][EMERALD] [4997] ? NIV-75AE70EA6D123DF3 | BASKET | DOUBLE_TWIST | BEAD | GOLD | KT_18 | 1ct | imgs:2
[02:20:56][EMERALD] [4998] ? NIV-75AE70EA6D123DF3 | BASKET | DOUBLE_TWIST | BEAD | GOLD | KT_18 | 1ct | imgs:3
[02:20:59][EMERALD] [4999] ? NIV-75AE70EA6D123DF3 | BASKET | DOUBLE_TWIST | BEAD | GOLD | KT_18 | 1ct | imgs:3
[02:21:02][EMERALD] [5000] ? NIV-2AA149E4F57AFCC3 | BASKET | DOUBLE_TWIST | BEAD | GOLD | KT_18 | 1ct | imgs:3
[02:21:08][EMERALD] [5001] ? NIV-2AA149E4F57AFCC3 | BASKET | DOUBLE_TWIST | BEAD | GOLD | KT_18 | 1ct | imgs:3
[02:21:11][EMERALD] [5002] ? NIV-2AA149E4F57AFCC3 | BASKET | DOUBLE_TWIST | BEAD | GOLD | KT_18 | 1ct | imgs:3
[02:21:14][EMERALD] [5003] ? NIV-B4C7291153E43F0D | BASKET | DOUBLE_TWIST | BEAD | PLATINUM | PT_950 | 1ct | imgs:3
[02:21:20][EMERALD] [5004] ? NIV-B6162543371F06FE | BASKET | DOUBLE_TWIST | BEAD | GOLD | KT_10 | 1ct | imgs:3
[02:21:23][EMERALD] [5005] ? NIV-B6162543371F06FE | BASKET | DOUBLE_TWIST | BEAD | GOLD | KT_10 | 1ct | imgs:3
[02:21:26][EMERALD] [5006] ? NIV-B6162543371F06FE | BASKET | DOUBLE_TWIST | BEAD | GOLD | KT_10 | 1ct | imgs:3
[02:21:29][EMERALD] [5007] ? NIV-592A7567CA9F96A3 | BASKET | DOUBLE_TWIST | BEAD | GOLD | KT_10 | 1ct | imgs:3
[02:21:32][EMERALD] [5008] ? NIV-592A7567CA9F96A3 | BASKET | DOUBLE_TWIST | BEAD | GOLD | KT_10 | 1ct | imgs:3
[02:21:35][EMERALD] [5009] ? NIV-592A7567CA9F96A3 | BASKET | DOUBLE_TWIST | BEAD | GOLD | KT_10 | 1ct | imgs:3
[02:21:38][EMERALD] [5010] ? NIV-4F9BC9F87901204A | BASKET | DOUBLE_TWIST | BEAD | GOLD | KT_10 | 1ct | imgs:3
[02:21:41][EMERALD] [5011] ? NIV-4F9BC9F87901204A | BASKET | DOUBLE_TWIST | BEAD | GOLD | KT_10 | 1ct | imgs:3
[02:21:47][EMERALD] [5012] ? NIV-4F9BC9F87901204A | BASKET | DOUBLE_TWIST | BEAD | GOLD | KT_10 | 1ct | imgs:3
[02:21:50][EMERALD] [5013] ? NIV-9EB9A97E972C61EB | BASKET | DOUBLE_TWIST | BEAD | GOLD | KT_14 | 1ct | imgs:3
[02:21:53][EMERALD] [5014] ? NIV-9EB9A97E972C61EB | BASKET | DOUBLE_TWIST | BEAD | GOLD | KT_14 | 1ct | imgs:3
[02:21:59][EMERALD] [5015] ? NIV-9EB9A97E972C61EB | BASKET | DOUBLE_TWIST | BEAD | GOLD | KT_14 | 1ct | imgs:3
[02:22:02][EMERALD] [5016] ? NIV-A9BB2078C55691DB | BASKET | DOUBLE_TWIST | BEAD | GOLD | KT_14 | 1ct | imgs:3
[02:22:05][EMERALD] [5017] ? NIV-A9BB2078C55691DB | BASKET | DOUBLE_TWIST | BEAD | GOLD | KT_14 | 1ct | imgs:3
[02:22:11][EMERALD] [5018] ? NIV-A9BB2078C55691DB | BASKET | DOUBLE_TWIST | BEAD | GOLD | KT_14 | 1ct | imgs:3
[02:22:14][EMERALD] [5019] ? NIV-11945ABF127B24EE | BASKET | DOUBLE_TWIST | BEAD | GOLD | KT_14 | 1ct | imgs:3
[02:22:17][EMERALD] [5020] ? NIV-11945ABF127B24EE | BASKET | DOUBLE_TWIST | BEAD | GOLD | KT_14 | 1ct | imgs:3
[02:22:20][EMERALD] [5021] ? NIV-11945ABF127B24EE | BASKET | DOUBLE_TWIST | BEAD | GOLD | KT_14 | 1ct | imgs:3
[02:22:26][EMERALD] [5022] ? NIV-6C79B9A7713E3FCF | BASKET | DOUBLE_TWIST | BEAD | GOLD | KT_18 | 1ct | imgs:3
[02:22:29][EMERALD] [5023] ? NIV-6C79B9A7713E3FCF | BASKET | DOUBLE_TWIST | BEAD | GOLD | KT_18 | 1ct | imgs:3
[02:22:32][EMERALD] [5024] ? NIV-6C79B9A7713E3FCF | BASKET | DOUBLE_TWIST | BEAD | GOLD | KT_18 | 1ct | imgs:3
[02:22:35][EMERALD] [5025] ? NIV-58B5DB9A5CFACB59 | BASKET | DOUBLE_TWIST | BEAD | GOLD | KT_18 | 1ct | imgs:3
[02:22:38][EMERALD] [5026] ? NIV-58B5DB9A5CFACB59 | BASKET | DOUBLE_TWIST | BEAD | GOLD | KT_18 | 1ct | imgs:3
[02:22:44][EMERALD] [5027] ? NIV-58B5DB9A5CFACB59 | BASKET | DOUBLE_TWIST | BEAD | GOLD | KT_18 | 1ct | imgs:3
[02:22:47][EMERALD] [5028] ? NIV-AE6D773ADD6FC703 | BASKET | DOUBLE_TWIST | BEAD | GOLD | KT_18 | 1ct | imgs:3
[02:22:50][EMERALD] [5029] ? NIV-AE6D773ADD6FC703 | BASKET | DOUBLE_TWIST | BEAD | GOLD | KT_18 | 1ct | imgs:3
[02:22:53][EMERALD] [5030] ? NIV-AE6D773ADD6FC703 | BASKET | DOUBLE_TWIST | BEAD | GOLD | KT_18 | 1ct | imgs:3
[02:22:56][EMERALD] [5031] ? NIV-D17CAEB23AA8BF29 | BASKET | DOUBLE_TWIST | BEAD | PLATINUM | PT_950 | 1ct | imgs:3
[02:22:59][EMERALD] [5032] ? NIV-F620A5CCBD85AA5C | BASKET | DOUBLE_TWIST | BEAD | GOLD | KT_10 | 1ct | imgs:1
[02:23:05][EMERALD] [5033] ? NIV-F620A5CCBD85AA5C | BASKET | DOUBLE_TWIST | BEAD | GOLD | KT_10 | 1ct | imgs:3
[02:23:08][EMERALD] [5034] ? NIV-F620A5CCBD85AA5C | BASKET | DOUBLE_TWIST | BEAD | GOLD | KT_10 | 1ct | imgs:3
[02:23:11][EMERALD] [5035] ? NIV-F8DA608F8AA431D5 | BASKET | DOUBLE_TWIST | BEAD | GOLD | KT_10 | 1ct | imgs:3
[02:23:14][EMERALD] [5036] ? NIV-F8DA608F8AA431D5 | BASKET | DOUBLE_TWIST | BEAD | GOLD | KT_10 | 1ct | imgs:3
[02:23:17][EMERALD] [5037] ? NIV-F8DA608F8AA431D5 | BASKET | DOUBLE_TWIST | BEAD | GOLD | KT_10 | 1ct | imgs:3
[02:23:20][EMERALD] [5038] ? NIV-CB466A3A43DFDDA8 | BASKET | DOUBLE_TWIST | BEAD | GOLD | KT_10 | 1ct | imgs:3
[02:23:23][EMERALD] [5039] ? NIV-CB466A3A43DFDDA8 | BASKET | DOUBLE_TWIST | BEAD | GOLD | KT_10 | 1ct | imgs:3
[02:23:26][EMERALD] [5040] ? NIV-CB466A3A43DFDDA8 | BASKET | DOUBLE_TWIST | BEAD | GOLD | KT_10 | 1ct | imgs:3
[02:23:29][EMERALD] [5041] ? NIV-1E108BAA3EC6027F | BASKET | DOUBLE_TWIST | BEAD | GOLD | KT_14 | 1ct | imgs:3
[02:23:32][EMERALD] [5042] ? NIV-1E108BAA3EC6027F | BASKET | DOUBLE_TWIST | BEAD | GOLD | KT_14 | 1ct | imgs:3
[02:23:35][EMERALD] [5043] ? NIV-1E108BAA3EC6027F | BASKET | DOUBLE_TWIST | BEAD | GOLD | KT_14 | 1ct | imgs:3
[02:23:38][EMERALD] [5044] ? NIV-EF4E70E33BCB6381 | BASKET | DOUBLE_TWIST | BEAD | GOLD | KT_14 | 1ct | imgs:3
[02:23:41][EMERALD] [5045] ? NIV-EF4E70E33BCB6381 | BASKET | DOUBLE_TWIST | BEAD | GOLD | KT_14 | 1ct | imgs:3
[02:23:47][EMERALD] [5046] ? NIV-EF4E70E33BCB6381 | BASKET | DOUBLE_TWIST | BEAD | GOLD | KT_14 | 1ct | imgs:3
[02:23:50][EMERALD] [5047] ? NIV-E28C30A340F903BC | BASKET | DOUBLE_TWIST | BEAD | GOLD | KT_14 | 1ct | imgs:3
[02:23:53][EMERALD] [5048] ? NIV-E28C30A340F903BC | BASKET | DOUBLE_TWIST | BEAD | GOLD | KT_14 | 1ct | imgs:3
[02:23:56][EMERALD] [5049] ? NIV-E28C30A340F903BC | BASKET | DOUBLE_TWIST | BEAD | GOLD | KT_14 | 1ct | imgs:3
[02:23:59][EMERALD] [5050] ? NIV-22A44E017C06C057 | BASKET | DOUBLE_TWIST | BEAD | GOLD | KT_18 | 1ct | imgs:3
[02:24:02][EMERALD] [5051] ? NIV-22A44E017C06C057 | BASKET | DOUBLE_TWIST | BEAD | GOLD | KT_18 | 1ct | imgs:3
[02:24:08][EMERALD] [5052] ? NIV-22A44E017C06C057 | BASKET | DOUBLE_TWIST | BEAD | GOLD | KT_18 | 1ct | imgs:3
[02:24:11][EMERALD] [5053] ? NIV-995420D0EBB8B96E | BASKET | DOUBLE_TWIST | BEAD | GOLD | KT_18 | 1ct | imgs:3
[02:24:14][EMERALD] [5054] ? NIV-995420D0EBB8B96E | BASKET | DOUBLE_TWIST | BEAD | GOLD | KT_18 | 1ct | imgs:3
[02:24:17][EMERALD] [5055] ? NIV-995420D0EBB8B96E | BASKET | DOUBLE_TWIST | BEAD | GOLD | KT_18 | 1ct | imgs:3
[02:24:20][EMERALD] [5056] ? NIV-95C35CFE0EC49374 | BASKET | DOUBLE_TWIST | BEAD | GOLD | KT_18 | 1ct | imgs:3
[02:24:23][EMERALD] [5057] ? NIV-95C35CFE0EC49374 | BASKET | DOUBLE_TWIST | BEAD | GOLD | KT_18 | 1ct | imgs:3
[02:24:26][EMERALD] [5058] ? NIV-95C35CFE0EC49374 | BASKET | DOUBLE_TWIST | BEAD | GOLD | KT_18 | 1ct | imgs:3
[02:24:29][EMERALD] [5059] ? NIV-E9B0E96458FD0A78 | BASKET | DOUBLE_TWIST | BEAD | PLATINUM | PT_950 | 1ct | imgs:3
[02:24:32][EMERALD] [5060] ? NIV-F9DBBD0B2A57CDC3 | BASKET | DOUBLE_TWIST | BEAD | GOLD | KT_10 | 1ct | imgs:3
[02:24:38][EMERALD] [5061] ? NIV-F9DBBD0B2A57CDC3 | BASKET | DOUBLE_TWIST | BEAD | GOLD | KT_10 | 1ct | imgs:3
[02:24:44][EMERALD] [5062] ? NIV-F9DBBD0B2A57CDC3 | BASKET | DOUBLE_TWIST | BEAD | GOLD | KT_10 | 1ct | imgs:3
[02:24:47][EMERALD] [5063] ? NIV-E043D35348BAA501 | BASKET | DOUBLE_TWIST | BEAD | GOLD | KT_10 | 1ct | imgs:3
[02:24:50][EMERALD] [5064] ? NIV-E043D35348BAA501 | BASKET | DOUBLE_TWIST | BEAD | GOLD | KT_10 | 1ct | imgs:3
[02:24:53][EMERALD] [5065] ? NIV-E043D35348BAA501 | BASKET | DOUBLE_TWIST | BEAD | GOLD | KT_10 | 1ct | imgs:3
[02:24:56][EMERALD] [5066] ? NIV-19C0039FDEDF4870 | BASKET | DOUBLE_TWIST | BEAD | GOLD | KT_10 | 1ct | imgs:3
[02:24:59][EMERALD] [5067] ? NIV-19C0039FDEDF4870 | BASKET | DOUBLE_TWIST | BEAD | GOLD | KT_10 | 1ct | imgs:3
[02:25:02][EMERALD] [5068] ? NIV-19C0039FDEDF4870 | BASKET | DOUBLE_TWIST | BEAD | GOLD | KT_10 | 1ct | imgs:3
[02:25:05][EMERALD] [5069] ? NIV-DA0B957A48CA8EA5 | BASKET | DOUBLE_TWIST | BEAD | GOLD | KT_14 | 1ct | imgs:3
[02:25:08][EMERALD] [5070] ? NIV-DA0B957A48CA8EA5 | BASKET | DOUBLE_TWIST | BEAD | GOLD | KT_14 | 1ct | imgs:3
[02:25:14][EMERALD] [5071] ? NIV-DA0B957A48CA8EA5 | BASKET | DOUBLE_TWIST | BEAD | GOLD | KT_14 | 1ct | imgs:3
[02:25:17][EMERALD] [5072] ? NIV-72D2CFDC2D34A7E6 | BASKET | DOUBLE_TWIST | BEAD | GOLD | KT_14 | 1ct | imgs:3
[02:25:20][EMERALD] [5073] ? NIV-72D2CFDC2D34A7E6 | BASKET | DOUBLE_TWIST | BEAD | GOLD | KT_14 | 1ct | imgs:3
[02:25:26][EMERALD] [5074] ? NIV-72D2CFDC2D34A7E6 | BASKET | DOUBLE_TWIST | BEAD | GOLD | KT_14 | 1ct | imgs:3
[02:25:29][EMERALD] [5075] ? NIV-CD897648DE5691EF | BASKET | DOUBLE_TWIST | BEAD | GOLD | KT_14 | 1ct | imgs:3
[02:25:32][EMERALD] [5076] ? NIV-CD897648DE5691EF | BASKET | DOUBLE_TWIST | BEAD | GOLD | KT_14 | 1ct | imgs:3
[02:25:38][EMERALD] [5077] ? NIV-CD897648DE5691EF | BASKET | DOUBLE_TWIST | BEAD | GOLD | KT_14 | 1ct | imgs:3
[02:25:41][EMERALD] [5078] ? NIV-00DD13E1EF64DB69 | BASKET | DOUBLE_TWIST | BEAD | GOLD | KT_18 | 1ct | imgs:3
[02:25:44][EMERALD] [5079] ? NIV-00DD13E1EF64DB69 | BASKET | DOUBLE_TWIST | BEAD | GOLD | KT_18 | 1ct | imgs:3
[02:25:50][EMERALD] [5080] ? NIV-00DD13E1EF64DB69 | BASKET | DOUBLE_TWIST | BEAD | GOLD | KT_18 | 1ct | imgs:3
[02:25:53][EMERALD] [5081] ? NIV-E4C056AAFBCBB0B6 | BASKET | DOUBLE_TWIST | BEAD | GOLD | KT_18 | 1ct | imgs:3
[02:25:56][EMERALD] [5082] ? NIV-E4C056AAFBCBB0B6 | BASKET | DOUBLE_TWIST | BEAD | GOLD | KT_18 | 1ct | imgs:3
[02:25:59][EMERALD] [5083] ? NIV-E4C056AAFBCBB0B6 | BASKET | DOUBLE_TWIST | BEAD | GOLD | KT_18 | 1ct | imgs:3
[02:26:02][EMERALD] [5084] ? NIV-571BB1192B46EBD8 | BASKET | DOUBLE_TWIST | BEAD | GOLD | KT_18 | 1ct | imgs:3
[02:26:05][EMERALD] [5085] ? NIV-571BB1192B46EBD8 | BASKET | DOUBLE_TWIST | BEAD | GOLD | KT_18 | 1ct | imgs:3
[02:26:11][EMERALD] [5086] ? NIV-571BB1192B46EBD8 | BASKET | DOUBLE_TWIST | BEAD | GOLD | KT_18 | 1ct | imgs:3
[02:26:14][EMERALD] [5087] ? NIV-44DD95493DA60841 | BASKET | DOUBLE_TWIST | BEAD | PLATINUM | PT_950 | 1ct | imgs:3
[02:26:20][EMERALD] [5088] ? NIV-4D0149724E7E3D59 | BASKET | DOUBLE_TWIST | BEAD | GOLD | KT_10 | 1ct | imgs:3
[02:26:23][EMERALD] [5089] ? NIV-4D0149724E7E3D59 | BASKET | DOUBLE_TWIST | BEAD | GOLD | KT_10 | 1ct | imgs:3
[02:26:29][EMERALD] [5090] ? NIV-4D0149724E7E3D59 | BASKET | DOUBLE_TWIST | BEAD | GOLD | KT_10 | 1ct | imgs:3
[02:26:32][EMERALD] [5091] ? NIV-275A28D67900A74C | BASKET | DOUBLE_TWIST | BEAD | GOLD | KT_10 | 1ct | imgs:3
[02:26:35][EMERALD] [5092] ? NIV-275A28D67900A74C | BASKET | DOUBLE_TWIST | BEAD | GOLD | KT_10 | 1ct | imgs:3
[02:26:38][EMERALD] [5093] ? NIV-275A28D67900A74C | BASKET | DOUBLE_TWIST | BEAD | GOLD | KT_10 | 1ct | imgs:3
[02:26:41][EMERALD] [5094] ? NIV-C8E2C3137F624282 | BASKET | DOUBLE_TWIST | BEAD | GOLD | KT_10 | 1ct | imgs:3
[02:26:44][EMERALD] [5095] ? NIV-C8E2C3137F624282 | BASKET | DOUBLE_TWIST | BEAD | GOLD | KT_10 | 1ct | imgs:3
[02:26:50][EMERALD] [5096] ? NIV-C8E2C3137F624282 | BASKET | DOUBLE_TWIST | BEAD | GOLD | KT_10 | 1ct | imgs:3
[02:26:53][EMERALD] [5097] ? NIV-F2936D9649EE36C9 | BASKET | DOUBLE_TWIST | BEAD | GOLD | KT_14 | 1ct | imgs:3
[02:26:59][EMERALD] [5098] ? NIV-F2936D9649EE36C9 | BASKET | DOUBLE_TWIST | BEAD | GOLD | KT_14 | 1ct | imgs:3
[02:27:02][EMERALD] [5099] ? NIV-F2936D9649EE36C9 | BASKET | DOUBLE_TWIST | BEAD | GOLD | KT_14 | 1ct | imgs:3
[02:27:05][EMERALD] [5100] ? NIV-E20FFD12464D54C0 | BASKET | DOUBLE_TWIST | BEAD | GOLD | KT_14 | 1ct | imgs:2
[02:27:11][EMERALD] [5101] ? NIV-E20FFD12464D54C0 | BASKET | DOUBLE_TWIST | BEAD | GOLD | KT_14 | 1ct | imgs:3
[02:27:14][EMERALD] [5102] ? NIV-E20FFD12464D54C0 | BASKET | DOUBLE_TWIST | BEAD | GOLD | KT_14 | 1ct | imgs:3
[02:27:17][EMERALD] [5103] ? NIV-CC9BD4F54A41ECD4 | BASKET | DOUBLE_TWIST | BEAD | GOLD | KT_14 | 1ct | imgs:3
[02:27:20][EMERALD] [5104] ? NIV-CC9BD4F54A41ECD4 | BASKET | DOUBLE_TWIST | BEAD | GOLD | KT_14 | 1ct | imgs:3
[02:27:26][EMERALD] [5105] ? NIV-CC9BD4F54A41ECD4 | BASKET | DOUBLE_TWIST | BEAD | GOLD | KT_14 | 1ct | imgs:3
[02:27:29][EMERALD] [5106] ? NIV-A0CE47F384BE731E | BASKET | DOUBLE_TWIST | BEAD | GOLD | KT_18 | 1ct | imgs:3
[02:27:32][EMERALD] [5107] ? NIV-A0CE47F384BE731E | BASKET | DOUBLE_TWIST | BEAD | GOLD | KT_18 | 1ct | imgs:3
[02:27:35][EMERALD] [5108] ? NIV-A0CE47F384BE731E | BASKET | DOUBLE_TWIST | BEAD | GOLD | KT_18 | 1ct | imgs:3
[02:27:38][EMERALD] [5109] ? NIV-9E334BB789CAE636 | BASKET | DOUBLE_TWIST | BEAD | GOLD | KT_18 | 1ct | imgs:3
[02:27:44][EMERALD] [5110] ? NIV-9E334BB789CAE636 | BASKET | DOUBLE_TWIST | BEAD | GOLD | KT_18 | 1ct | imgs:3
[02:27:47][EMERALD] [5111] ? NIV-9E334BB789CAE636 | BASKET | DOUBLE_TWIST | BEAD | GOLD | KT_18 | 1ct | imgs:3
[02:27:50][EMERALD] [5112] ? NIV-5F27E81A04615BA1 | BASKET | DOUBLE_TWIST | BEAD | GOLD | KT_18 | 1ct | imgs:3
[02:27:53][EMERALD] [5113] ? NIV-5F27E81A04615BA1 | BASKET | DOUBLE_TWIST | BEAD | GOLD | KT_18 | 1ct | imgs:3
[02:27:56][EMERALD] [5114] ? NIV-5F27E81A04615BA1 | BASKET | DOUBLE_TWIST | BEAD | GOLD | KT_18 | 1ct | imgs:3
[02:27:59][EMERALD] [5115] ? NIV-5939BC525B3D8632 | BASKET | DOUBLE_TWIST | BEAD | PLATINUM | PT_950 | 1ct | imgs:3
[02:28:05][EMERALD] [5116] ? NIV-7DB7C27F2FE03F32 | BASKET | DOUBLE_TWIST | BEAD | GOLD | KT_10 | 1ct | imgs:3
[02:28:08][EMERALD] [5117] ? NIV-7DB7C27F2FE03F32 | BASKET | DOUBLE_TWIST | BEAD | GOLD | KT_10 | 1ct | imgs:3
[02:28:14][EMERALD] [5118] ? NIV-7DB7C27F2FE03F32 | BASKET | DOUBLE_TWIST | BEAD | GOLD | KT_10 | 1ct | imgs:3
[02:28:17][EMERALD] [5119] ? NIV-62BDDB206B511C9C | BASKET | DOUBLE_TWIST | BEAD | GOLD | KT_10 | 1ct | imgs:3
[02:28:20][EMERALD] [5120] ? NIV-62BDDB206B511C9C | BASKET | DOUBLE_TWIST | BEAD | GOLD | KT_10 | 1ct | imgs:3
[02:28:26][EMERALD] [5121] ? NIV-62BDDB206B511C9C | BASKET | DOUBLE_TWIST | BEAD | GOLD | KT_10 | 1ct | imgs:3
[02:28:29][EMERALD] [5122] ? NIV-A13BFC5901ED9A84 | BASKET | DOUBLE_TWIST | BEAD | GOLD | KT_10 | 1ct | imgs:3
[02:28:32][EMERALD] [5123] ? NIV-A13BFC5901ED9A84 | BASKET | DOUBLE_TWIST | BEAD | GOLD | KT_10 | 1ct | imgs:3
[02:28:35][EMERALD] [5124] ? NIV-A13BFC5901ED9A84 | BASKET | DOUBLE_TWIST | BEAD | GOLD | KT_10 | 1ct | imgs:3
[02:28:41][EMERALD] [5125] ? NIV-F8B5406FD3DCC0B7 | BASKET | DOUBLE_TWIST | BEAD | GOLD | KT_14 | 1ct | imgs:3
[02:28:44][EMERALD] [5126] ? NIV-F8B5406FD3DCC0B7 | BASKET | DOUBLE_TWIST | BEAD | GOLD | KT_14 | 1ct | imgs:3
[02:28:47][EMERALD] [5127] ? NIV-F8B5406FD3DCC0B7 | BASKET | DOUBLE_TWIST | BEAD | GOLD | KT_14 | 1ct | imgs:3
[02:28:50][EMERALD] [5128] ? NIV-C102CA4DA8202FC0 | BASKET | DOUBLE_TWIST | BEAD | GOLD | KT_14 | 1ct | imgs:3
[02:28:53][EMERALD] [5129] ? NIV-C102CA4DA8202FC0 | BASKET | DOUBLE_TWIST | BEAD | GOLD | KT_14 | 1ct | imgs:3
[02:28:56][EMERALD] [5130] ? NIV-C102CA4DA8202FC0 | BASKET | DOUBLE_TWIST | BEAD | GOLD | KT_14 | 1ct | imgs:3
[02:28:59][EMERALD] [5131] ? NIV-C377ACD7E4318A0E | BASKET | DOUBLE_TWIST | BEAD | GOLD | KT_14 | 1ct | imgs:3
[02:29:05][EMERALD] [5132] ? NIV-C377ACD7E4318A0E | BASKET | DOUBLE_TWIST | BEAD | GOLD | KT_14 | 1ct | imgs:3
[02:29:08][EMERALD] [5133] ? NIV-C377ACD7E4318A0E | BASKET | DOUBLE_TWIST | BEAD | GOLD | KT_14 | 1ct | imgs:3
[02:29:14][EMERALD] [5134] ? NIV-DFE6049EC5D44FB5 | BASKET | DOUBLE_TWIST | BEAD | GOLD | KT_18 | 1ct | imgs:3
[02:29:17][EMERALD] [5135] ? NIV-DFE6049EC5D44FB5 | BASKET | DOUBLE_TWIST | BEAD | GOLD | KT_18 | 1ct | imgs:3
[02:29:20][EMERALD] [5136] ? NIV-DFE6049EC5D44FB5 | BASKET | DOUBLE_TWIST | BEAD | GOLD | KT_18 | 1ct | imgs:3
[02:29:23][EMERALD] [5137] ? NIV-1D1296AC42D6DED0 | BASKET | DOUBLE_TWIST | BEAD | GOLD | KT_18 | 1ct | imgs:3
[02:29:26][EMERALD] [5138] ? NIV-1D1296AC42D6DED0 | BASKET | DOUBLE_TWIST | BEAD | GOLD | KT_18 | 1ct | imgs:3
[02:29:29][EMERALD] [5139] ? NIV-1D1296AC42D6DED0 | BASKET | DOUBLE_TWIST | BEAD | GOLD | KT_18 | 1ct | imgs:3
[02:29:32][EMERALD] [5140] ? NIV-17FAF776BA8EBA7A | BASKET | DOUBLE_TWIST | BEAD | GOLD | KT_18 | 1ct | imgs:3
[02:29:38][EMERALD] [5141] ? NIV-17FAF776BA8EBA7A | BASKET | DOUBLE_TWIST | BEAD | GOLD | KT_18 | 1ct | imgs:3
[02:29:41][EMERALD] [5142] ? NIV-17FAF776BA8EBA7A | BASKET | DOUBLE_TWIST | BEAD | GOLD | KT_18 | 1ct | imgs:3
[02:29:44][EMERALD] [5143] ? NIV-ADF8338C8CDDC06D | BASKET | DOUBLE_TWIST | BEAD | PLATINUM | PT_950 | 1ct | imgs:3
[02:29:50][EMERALD] [5144] ? NIV-F996297AC4C9CE58 | BASKET | DOUBLE_TWIST | BEAD | GOLD | KT_10 | 1ct | imgs:3
[02:29:53][EMERALD] [5145] ? NIV-F996297AC4C9CE58 | BASKET | DOUBLE_TWIST | BEAD | GOLD | KT_10 | 1ct | imgs:3
[02:29:56][EMERALD] [5146] ? NIV-F996297AC4C9CE58 | BASKET | DOUBLE_TWIST | BEAD | GOLD | KT_10 | 1ct | imgs:3
[02:29:59][EMERALD] [5147] ? NIV-E5A2B457CE7A4A27 | BASKET | DOUBLE_TWIST | BEAD | GOLD | KT_10 | 1ct | imgs:3
[02:30:02][EMERALD] [5148] ? NIV-E5A2B457CE7A4A27 | BASKET | DOUBLE_TWIST | BEAD | GOLD | KT_10 | 1ct | imgs:3
[02:30:05][EMERALD] [5149] ? NIV-E5A2B457CE7A4A27 | BASKET | DOUBLE_TWIST | BEAD | GOLD | KT_10 | 1ct | imgs:3
[02:30:08][EMERALD] [5150] ? NIV-92DC6AEBF62DBA33 | BASKET | DOUBLE_TWIST | BEAD | GOLD | KT_10 | 1ct | imgs:3
[02:30:11][EMERALD] [5151] ? NIV-92DC6AEBF62DBA33 | BASKET | DOUBLE_TWIST | BEAD | GOLD | KT_10 | 1ct | imgs:3
[02:30:17][EMERALD] [5152] ? NIV-92DC6AEBF62DBA33 | BASKET | DOUBLE_TWIST | BEAD | GOLD | KT_10 | 1ct | imgs:3
[02:30:21][EMERALD] [5153] ? NIV-11CD36CF6E33946D | BASKET | DOUBLE_TWIST | BEAD | GOLD | KT_14 | 1ct | imgs:1
[02:30:26][EMERALD] [5154] ? NIV-11CD36CF6E33946D | BASKET | DOUBLE_TWIST | BEAD | GOLD | KT_14 | 1ct | imgs:3
[02:30:29][EMERALD] [5155] ? NIV-11CD36CF6E33946D | BASKET | DOUBLE_TWIST | BEAD | GOLD | KT_14 | 1ct | imgs:3
[02:30:32][EMERALD] [5156] ? NIV-41D0C6FAA258E4CE | BASKET | DOUBLE_TWIST | BEAD | GOLD | KT_14 | 1ct | imgs:3
[02:30:35][EMERALD] [5157] ? NIV-41D0C6FAA258E4CE | BASKET | DOUBLE_TWIST | BEAD | GOLD | KT_14 | 1ct | imgs:3
[02:30:41][EMERALD] [5158] ? NIV-41D0C6FAA258E4CE | BASKET | DOUBLE_TWIST | BEAD | GOLD | KT_14 | 1ct | imgs:3
[02:30:44][EMERALD] [5159] ? NIV-D6BBA809ED9F86D3 | BASKET | DOUBLE_TWIST | BEAD | GOLD | KT_14 | 1ct | imgs:3
[02:30:47][EMERALD] [5160] ? NIV-D6BBA809ED9F86D3 | BASKET | DOUBLE_TWIST | BEAD | GOLD | KT_14 | 1ct | imgs:3
[02:30:53][EMERALD] [5161] ? NIV-D6BBA809ED9F86D3 | BASKET | DOUBLE_TWIST | BEAD | GOLD | KT_14 | 1ct | imgs:3
[02:30:56][EMERALD] [5162] ? NIV-38AA439AC1D93F63 | BASKET | DOUBLE_TWIST | BEAD | GOLD | KT_18 | 1ct | imgs:3
[02:30:59][EMERALD] [5163] ? NIV-38AA439AC1D93F63 | BASKET | DOUBLE_TWIST | BEAD | GOLD | KT_18 | 1ct | imgs:3
[02:31:05][EMERALD] [5164] ? NIV-38AA439AC1D93F63 | BASKET | DOUBLE_TWIST | BEAD | GOLD | KT_18 | 1ct | imgs:3
[02:31:08][EMERALD] [5165] ? NIV-EB3449F34894378B | BASKET | DOUBLE_TWIST | BEAD | GOLD | KT_18 | 1ct | imgs:3
[02:31:10][EMERALD]   Re-seleccionando EMERALD (intento 1)
[02:31:10][EMERALD]   Boton no encontrado ? recargando configurador...
[02:31:27][EMERALD]   Re-seleccionando EMERALD (intento 2)
[02:31:30][EMERALD] [5166] ? NIV-2976C15504BEA6A1 | BASKET | DOUBLE_TWIST | BEAD | GOLD | KT_18 | 1ct | imgs:3
[02:31:32][EMERALD] [5167] ? NIV-0617BAFFC8F22085 | BASKET | DOUBLE_TWIST | BEAD | GOLD | KT_18 | 1ct | imgs:3
[02:31:35][EMERALD] [5168] ? NIV-29DD8E52D3103B43 | BASKET | DOUBLE_TWIST | BEAD | GOLD | KT_18 | 1ct | imgs:3
[02:31:38][EMERALD] [5169] ? NIV-022700432B17CE96 | BASKET | DOUBLE_TWIST | BEAD | GOLD | KT_18 | 1ct | imgs:3
[02:31:41][EMERALD] [5170] ? NIV-4C58A4FB5312412D | BASKET | DOUBLE_TWIST | BEAD | GOLD | KT_18 | 1ct | imgs:3
[02:31:44][EMERALD] [5171] ? NIV-DE75F99A88EA3D49 | BASKET | DOUBLE_TWIST | BEAD | PLATINUM | PT_950 | 1ct | imgs:3
[02:31:50][EMERALD] [5172] ? NIV-DA15B06EABE82FFF | BASKET | HIDDEN_HALO | NONE | GOLD | KT_10 | 1ct | imgs:3
[02:31:54][EMERALD] [5173] ? NIV-DA15B06EABE82FFF | BASKET | HIDDEN_HALO | NONE | GOLD | KT_10 | 1ct | imgs:3
[02:31:59][EMERALD] [5174] ? NIV-DA15B06EABE82FFF | BASKET | HIDDEN_HALO | NONE | GOLD | KT_10 | 1ct | imgs:3
[02:32:02][EMERALD] [5175] ? NIV-1D877936CF1EEAB2 | BASKET | HIDDEN_HALO | NONE | GOLD | KT_10 | 1ct | imgs:3
[02:32:06][EMERALD] [5176] ? NIV-1D877936CF1EEAB2 | BASKET | HIDDEN_HALO | NONE | GOLD | KT_10 | 1ct | imgs:3
[02:32:11][EMERALD] [5177] ? NIV-1D877936CF1EEAB2 | BASKET | HIDDEN_HALO | NONE | GOLD | KT_10 | 1ct | imgs:3
[02:32:14][EMERALD] [5178] ? NIV-5DC22D6739D055FC | BASKET | HIDDEN_HALO | NONE | GOLD | KT_10 | 1ct | imgs:3
[02:32:18][EMERALD] [5179] ? NIV-5DC22D6739D055FC | BASKET | HIDDEN_HALO | NONE | GOLD | KT_10 | 1ct | imgs:3
[02:32:23][EMERALD] [5180] ? NIV-5DC22D6739D055FC | BASKET | HIDDEN_HALO | NONE | GOLD | KT_10 | 1ct | imgs:3
[02:32:26][EMERALD] [5181] ? NIV-7CCFD84C397C4383 | BASKET | HIDDEN_HALO | NONE | GOLD | KT_14 | 1ct | imgs:3
[02:32:30][EMERALD] [5182] ? NIV-7CCFD84C397C4383 | BASKET | HIDDEN_HALO | NONE | GOLD | KT_14 | 1ct | imgs:3
[02:32:36][EMERALD] [5183] ? NIV-7CCFD84C397C4383 | BASKET | HIDDEN_HALO | NONE | GOLD | KT_14 | 1ct | imgs:3
[02:32:38][EMERALD] [5184] ? NIV-2B64EFA614CDDC86 | BASKET | HIDDEN_HALO | NONE | GOLD | KT_14 | 1ct | imgs:3
[02:32:42][EMERALD] [5185] ? NIV-2B64EFA614CDDC86 | BASKET | HIDDEN_HALO | NONE | GOLD | KT_14 | 1ct | imgs:3
[02:32:45][EMERALD] [5186] ? NIV-2B64EFA614CDDC86 | BASKET | HIDDEN_HALO | NONE | GOLD | KT_14 | 1ct | imgs:3
[02:32:47][EMERALD] [5187] ? NIV-3EE6644577CEC2B0 | BASKET | HIDDEN_HALO | NONE | GOLD | KT_14 | 1ct | imgs:3
[02:32:50][EMERALD] [5188] ? NIV-3EE6644577CEC2B0 | BASKET | HIDDEN_HALO | NONE | GOLD | KT_14 | 1ct | imgs:3
[02:32:54][EMERALD] [5189] ? NIV-3EE6644577CEC2B0 | BASKET | HIDDEN_HALO | NONE | GOLD | KT_14 | 1ct | imgs:3
[02:32:57][EMERALD] [5190] ? NIV-2F546D4B79636557 | BASKET | HIDDEN_HALO | NONE | GOLD | KT_18 | 1ct | imgs:3
[02:33:00][EMERALD] [5191] ? NIV-2F546D4B79636557 | BASKET | HIDDEN_HALO | NONE | GOLD | KT_18 | 1ct | imgs:3
[02:33:05][EMERALD] [5192] ? NIV-2F546D4B79636557 | BASKET | HIDDEN_HALO | NONE | GOLD | KT_18 | 1ct | imgs:3
[02:33:08][EMERALD] [5193] ? NIV-34DCB5E6F227D746 | BASKET | HIDDEN_HALO | NONE | GOLD | KT_18 | 1ct | imgs:3
[02:33:12][EMERALD] [5194] ? NIV-34DCB5E6F227D746 | BASKET | HIDDEN_HALO | NONE | GOLD | KT_18 | 1ct | imgs:3
[02:33:15][EMERALD] [5195] ? NIV-34DCB5E6F227D746 | BASKET | HIDDEN_HALO | NONE | GOLD | KT_18 | 1ct | imgs:3
[02:33:17][EMERALD] [5196] ? NIV-7EED017FE15A3656 | BASKET | HIDDEN_HALO | NONE | GOLD | KT_18 | 1ct | imgs:3
[02:33:20][EMERALD] [5197] ? NIV-7EED017FE15A3656 | BASKET | HIDDEN_HALO | NONE | GOLD | KT_18 | 1ct | imgs:3
[02:33:24][EMERALD] [5198] ? NIV-7EED017FE15A3656 | BASKET | HIDDEN_HALO | NONE | GOLD | KT_18 | 1ct | imgs:3
[02:33:26][EMERALD] [5199] ? NIV-C93843990D8B5CDB | BASKET | HIDDEN_HALO | NONE | PLATINUM | PT_950 | 1ct | imgs:3
[02:33:30][EMERALD] [5200] ? NIV-0EC7C91EE2F56B2A | BASKET | HIDDEN_HALO | NONE | GOLD | KT_10 | 1ct | imgs:3
[02:33:32][EMERALD] [5201] ? NIV-76B01A5D2C5706C6 | BASKET | HIDDEN_HALO | NONE | GOLD | KT_10 | 1ct | imgs:3
[02:33:35][EMERALD] [5202] ? NIV-1A2B76743307D797 | BASKET | HIDDEN_HALO | NONE | GOLD | KT_10 | 1ct | imgs:3
[02:33:38][EMERALD] [5203] ? NIV-C4CF02EBF0B67372 | BASKET | HIDDEN_HALO | NONE | GOLD | KT_10 | 1ct | imgs:3
[02:33:41][EMERALD] [5204] ? NIV-A64413B20EA83773 | BASKET | HIDDEN_HALO | NONE | GOLD | KT_10 | 1ct | imgs:3
[02:33:44][EMERALD] [5205] ? NIV-14A45263191D9FE6 | BASKET | HIDDEN_HALO | NONE | GOLD | KT_10 | 1ct | imgs:3
[02:33:47][EMERALD] [5206] ? NIV-5E4D1E0C18803D3B | BASKET | HIDDEN_HALO | NONE | GOLD | KT_10 | 1ct | imgs:3
[02:33:50][EMERALD] [5207] ? NIV-16215C028C8FD95C | BASKET | HIDDEN_HALO | NONE | GOLD | KT_10 | 1ct | imgs:3
[02:33:53][EMERALD] [5208] ? NIV-03F4C0E2EF9EC31F | BASKET | HIDDEN_HALO | NONE | GOLD | KT_10 | 1ct | imgs:3
[02:33:59][EMERALD] [5209] ? NIV-A1B9B22706305568 | BASKET | HIDDEN_HALO | NONE | GOLD | KT_14 | 1ct | imgs:3
[02:34:02][EMERALD] [5210] ? NIV-88918448355F2E2D | BASKET | HIDDEN_HALO | NONE | GOLD | KT_14 | 1ct | imgs:3
[02:34:05][EMERALD] [5211] ? NIV-D8179F3B29F792A0 | BASKET | HIDDEN_HALO | NONE | GOLD | KT_14 | 1ct | imgs:3
[02:34:09][EMERALD] [5212] ? NIV-5C3FA48FC3577CCB | BASKET | HIDDEN_HALO | NONE | GOLD | KT_14 | 1ct | imgs:1
[02:34:11][EMERALD] [5213] ? NIV-BEA373B58421E92C | BASKET | HIDDEN_HALO | NONE | GOLD | KT_14 | 1ct | imgs:3
[02:34:14][EMERALD] [5214] ? NIV-C6095D507F01DA85 | BASKET | HIDDEN_HALO | NONE | GOLD | KT_14 | 1ct | imgs:3
[02:34:18][EMERALD] [5215] ? NIV-02EFFECF7D08A59F | BASKET | HIDDEN_HALO | NONE | GOLD | KT_14 | 1ct | imgs:3
[02:34:20][EMERALD] [5216] ? NIV-46E39136B1ACA1FF | BASKET | HIDDEN_HALO | NONE | GOLD | KT_14 | 1ct | imgs:3
[02:34:23][EMERALD] [5217] ? NIV-A83B6FC624AF860F | BASKET | HIDDEN_HALO | NONE | GOLD | KT_14 | 1ct | imgs:3
[02:34:27][EMERALD] [5218] ? NIV-BA9C799BC1DB583A | BASKET | HIDDEN_HALO | NONE | GOLD | KT_18 | 1ct | imgs:3
[02:34:29][EMERALD] [5219] ? NIV-EA6C43553EF63E3E | BASKET | HIDDEN_HALO | NONE | GOLD | KT_18 | 1ct | imgs:3
[02:34:32][EMERALD] [5220] ? NIV-4401DC245C2546BB | BASKET | HIDDEN_HALO | NONE | GOLD | KT_18 | 1ct | imgs:3
[02:34:35][EMERALD] [5221] ? NIV-C50BBF2BC8733DEB | BASKET | HIDDEN_HALO | NONE | GOLD | KT_18 | 1ct | imgs:3
[02:34:38][EMERALD] [5222] ? NIV-655BEE5453D74EF8 | BASKET | HIDDEN_HALO | NONE | GOLD | KT_18 | 1ct | imgs:3
[02:34:41][EMERALD] [5223] ? NIV-50DBBEA93ED2D39D | BASKET | HIDDEN_HALO | NONE | GOLD | KT_18 | 1ct | imgs:3
[02:34:44][EMERALD] [5224] ? NIV-50642285B9ACA52F | BASKET | HIDDEN_HALO | NONE | GOLD | KT_18 | 1ct | imgs:3
[02:34:47][EMERALD] [5225] ? NIV-7223D7211FE1D8BF | BASKET | HIDDEN_HALO | NONE | GOLD | KT_18 | 1ct | imgs:3
[02:34:50][EMERALD] [5226] ? NIV-61341354FE7E88FE | BASKET | HIDDEN_HALO | NONE | GOLD | KT_18 | 1ct | imgs:3
[02:34:53][EMERALD] [5227] ? NIV-D233CB8C4F4E7BE9 | BASKET | HIDDEN_HALO | NONE | PLATINUM | PT_950 | 1ct | imgs:3
[02:34:55][EMERALD]   Re-seleccionando EMERALD (intento 1)
[02:34:59][EMERALD] [5228] ? NIV-2976C15504BEA6A1 | BASKET | HIDDEN_HALO | NONE | GOLD | KT_10 | 1ct | imgs:3
[02:35:02][EMERALD] [5229] ? NIV-5F5A857F33EF336D | BASKET | HIDDEN_HALO | NONE | GOLD | KT_10 | 1ct | imgs:3
[02:35:05][EMERALD] [5230] ? NIV-0617BAFFC8F22085 | BASKET | HIDDEN_HALO | NONE | GOLD | KT_10 | 1ct | imgs:3
[02:35:08][EMERALD] [5231] ? NIV-DFD392AE87D500C9 | BASKET | HIDDEN_HALO | NONE | GOLD | KT_10 | 1ct | imgs:3
[02:35:11][EMERALD] [5232] ? NIV-577E98AEF40A4E55 | BASKET | HIDDEN_HALO | NONE | GOLD | KT_10 | 1ct | imgs:3
[02:35:15][EMERALD] [5233] ? NIV-61FD728ECCFBC03B | BASKET | HIDDEN_HALO | NONE | GOLD | KT_10 | 1ct | imgs:3
[02:35:17][EMERALD] [5234] ? NIV-29DD8E52D3103B43 | BASKET | HIDDEN_HALO | NONE | GOLD | KT_10 | 1ct | imgs:3
[02:35:20][EMERALD] [5235] ? NIV-022700432B17CE96 | BASKET | HIDDEN_HALO | NONE | GOLD | KT_10 | 1ct | imgs:3
[02:35:23][EMERALD] [5236] ? NIV-4C58A4FB5312412D | BASKET | HIDDEN_HALO | NONE | GOLD | KT_10 | 1ct | imgs:3
[02:35:29][EMERALD] [5237] ? NIV-81E6232CCE8CA806 | BASKET | HIDDEN_HALO | NONE | GOLD | KT_14 | 1ct | imgs:3
[02:35:32][EMERALD] [5238] ? NIV-4C3578A90A6059BB | BASKET | HIDDEN_HALO | NONE | GOLD | KT_14 | 1ct | imgs:3
[02:35:35][EMERALD] [5239] ? NIV-E25D858417889171 | BASKET | HIDDEN_HALO | NONE | GOLD | KT_14 | 1ct | imgs:3
[02:35:38][EMERALD] [5240] ? NIV-D858673F8DBD7BA6 | BASKET | HIDDEN_HALO | NONE | GOLD | KT_14 | 1ct | imgs:1
[02:35:41][EMERALD] [5241] ? NIV-E0402D71A5EDBF75 | BASKET | HIDDEN_HALO | NONE | GOLD | KT_14 | 1ct | imgs:3
[02:35:44][EMERALD] [5242] ? NIV-24F4E28AF3790386 | BASKET | HIDDEN_HALO | NONE | GOLD | KT_14 | 1ct | imgs:3
[02:35:47][EMERALD] [5243] ? NIV-EF4553EADC0F27DE | BASKET | HIDDEN_HALO | NONE | GOLD | KT_14 | 1ct | imgs:3
[02:35:50][EMERALD] [5244] ? NIV-001E20217C64FE5F | BASKET | HIDDEN_HALO | NONE | GOLD | KT_14 | 1ct | imgs:3
[02:35:53][EMERALD] [5245] ? NIV-5ACADED7F7C47728 | BASKET | HIDDEN_HALO | NONE | GOLD | KT_14 | 1ct | imgs:3
[02:35:59][EMERALD] [5246] ? NIV-84C7F7530C70F70D | BASKET | HIDDEN_HALO | NONE | GOLD | KT_18 | 1ct | imgs:3
[02:36:02][EMERALD] [5247] ? NIV-C58B0EAE6D5330BE | BASKET | HIDDEN_HALO | NONE | GOLD | KT_18 | 1ct | imgs:3
[02:36:05][EMERALD] [5248] ? NIV-EAA574E805638E9C | BASKET | HIDDEN_HALO | NONE | GOLD | KT_18 | 1ct | imgs:3
[02:36:08][EMERALD] [5249] ? NIV-8E441C273A81DF56 | BASKET | HIDDEN_HALO | NONE | GOLD | KT_18 | 1ct | imgs:3
[02:36:11][EMERALD] [5250] ? NIV-C3AFBCCBEFFACDF6 | BASKET | HIDDEN_HALO | NONE | GOLD | KT_18 | 1ct | imgs:3
[02:36:14][EMERALD] [5251] ? NIV-956C60F4CECC038F | BASKET | HIDDEN_HALO | NONE | GOLD | KT_18 | 1ct | imgs:3
[02:36:17][EMERALD] [5252] ? NIV-D1FAB43C2D1A64D4 | BASKET | HIDDEN_HALO | NONE | GOLD | KT_18 | 1ct | imgs:3
[02:36:20][EMERALD] [5253] ? NIV-D8A74E718B3EE441 | BASKET | HIDDEN_HALO | NONE | GOLD | KT_18 | 1ct | imgs:3
[02:36:23][EMERALD] [5254] ? NIV-B24E12D244D82B84 | BASKET | HIDDEN_HALO | NONE | GOLD | KT_18 | 1ct | imgs:3
[02:36:26][EMERALD] [5255] ? NIV-DE75F99A88EA3D49 | BASKET | HIDDEN_HALO | NONE | PLATINUM | PT_950 | 1ct | imgs:3
[02:36:32][EMERALD] [5256] ? NIV-AC78CBA0F62BC297 | BASKET | HIDDEN_HALO | U_PAVE | GOLD | KT_10 | 1ct | imgs:3
[02:36:36][EMERALD] [5257] ? NIV-AC78CBA0F62BC297 | BASKET | HIDDEN_HALO | U_PAVE | GOLD | KT_10 | 1ct | imgs:3
[02:36:39][EMERALD] [5258] ? NIV-AC78CBA0F62BC297 | BASKET | HIDDEN_HALO | U_PAVE | GOLD | KT_10 | 1ct | imgs:3
[02:36:41][EMERALD] [5259] ? NIV-61D80F68AA7E6FFF | BASKET | HIDDEN_HALO | U_PAVE | GOLD | KT_10 | 1ct | imgs:3
[02:36:44][EMERALD] [5260] ? NIV-61D80F68AA7E6FFF | BASKET | HIDDEN_HALO | U_PAVE | GOLD | KT_10 | 1ct | imgs:3
[02:36:50][EMERALD] [5261] ? NIV-61D80F68AA7E6FFF | BASKET | HIDDEN_HALO | U_PAVE | GOLD | KT_10 | 1ct | imgs:3
[02:36:53][EMERALD] [5262] ? NIV-9AA250BE431B1156 | BASKET | HIDDEN_HALO | U_PAVE | GOLD | KT_10 | 1ct | imgs:3
[02:36:57][EMERALD] [5263] ? NIV-9AA250BE431B1156 | BASKET | HIDDEN_HALO | U_PAVE | GOLD | KT_10 | 1ct | imgs:3
[02:37:00][EMERALD] [5264] ? NIV-9AA250BE431B1156 | BASKET | HIDDEN_HALO | U_PAVE | GOLD | KT_10 | 1ct | imgs:3
[02:37:05][EMERALD] [5265] ? NIV-D7922B9F18696CB9 | BASKET | HIDDEN_HALO | U_PAVE | GOLD | KT_14 | 1ct | imgs:3
[02:37:09][EMERALD] [5266] ? NIV-D7922B9F18696CB9 | BASKET | HIDDEN_HALO | U_PAVE | GOLD | KT_14 | 1ct | imgs:3
[02:37:12][EMERALD] [5267] ? NIV-D7922B9F18696CB9 | BASKET | HIDDEN_HALO | U_PAVE | GOLD | KT_14 | 1ct | imgs:3
[02:37:14][EMERALD] [5268] ? NIV-5A63188C36EF5BDD | BASKET | HIDDEN_HALO | U_PAVE | GOLD | KT_14 | 1ct | imgs:3
[02:37:18][EMERALD] [5269] ? NIV-5A63188C36EF5BDD | BASKET | HIDDEN_HALO | U_PAVE | GOLD | KT_14 | 1ct | imgs:3
[02:37:23][EMERALD] [5270] ? NIV-5A63188C36EF5BDD | BASKET | HIDDEN_HALO | U_PAVE | GOLD | KT_14 | 1ct | imgs:3
[02:37:26][EMERALD] [5271] ? NIV-82AD766379B97DD9 | BASKET | HIDDEN_HALO | U_PAVE | GOLD | KT_14 | 1ct | imgs:3
[02:37:30][EMERALD] [5272] ? NIV-82AD766379B97DD9 | BASKET | HIDDEN_HALO | U_PAVE | GOLD | KT_14 | 1ct | imgs:3
[02:37:33][EMERALD] [5273] ? NIV-82AD766379B97DD9 | BASKET | HIDDEN_HALO | U_PAVE | GOLD | KT_14 | 1ct | imgs:3
[02:37:38][EMERALD] [5274] ? NIV-161EAA6A8F1A9089 | BASKET | HIDDEN_HALO | U_PAVE | GOLD | KT_18 | 1ct | imgs:3
[02:37:41][EMERALD] [5275] ? NIV-161EAA6A8F1A9089 | BASKET | HIDDEN_HALO | U_PAVE | GOLD | KT_18 | 1ct | imgs:3
[02:37:45][EMERALD] [5276] ? NIV-161EAA6A8F1A9089 | BASKET | HIDDEN_HALO | U_PAVE | GOLD | KT_18 | 1ct | imgs:3
[02:37:47][EMERALD] [5277] ? NIV-C7AFB64CAC1D5E57 | BASKET | HIDDEN_HALO | U_PAVE | GOLD | KT_18 | 1ct | imgs:3
[02:37:50][EMERALD] [5278] ? NIV-C7AFB64CAC1D5E57 | BASKET | HIDDEN_HALO | U_PAVE | GOLD | KT_18 | 1ct | imgs:3
[02:37:56][EMERALD] [5279] ? NIV-C7AFB64CAC1D5E57 | BASKET | HIDDEN_HALO | U_PAVE | GOLD | KT_18 | 1ct | imgs:3
[02:37:59][EMERALD] [5280] ? NIV-48D88B30E0B477EB | BASKET | HIDDEN_HALO | U_PAVE | GOLD | KT_18 | 1ct | imgs:3
[02:38:05][EMERALD] [5281] ? NIV-48D88B30E0B477EB | BASKET | HIDDEN_HALO | U_PAVE | GOLD | KT_18 | 1ct | imgs:3
[02:38:08][EMERALD] [5282] ? NIV-48D88B30E0B477EB | BASKET | HIDDEN_HALO | U_PAVE | GOLD | KT_18 | 1ct | imgs:3
[02:38:11][EMERALD] [5283] ? NIV-E5075AE80270A0AE | BASKET | HIDDEN_HALO | U_PAVE | PLATINUM | PT_950 | 1ct | imgs:3
[02:38:17][EMERALD] [5284] ? NIV-5F5D85F26AC2AB42 | BASKET | HIDDEN_HALO | U_PAVE | GOLD | KT_10 | 1ct | imgs:3
[02:38:23][EMERALD] [5285] ? NIV-5F5D85F26AC2AB42 | BASKET | HIDDEN_HALO | U_PAVE | GOLD | KT_10 | 1ct | imgs:3
[02:38:27][EMERALD] [5286] ? NIV-5F5D85F26AC2AB42 | BASKET | HIDDEN_HALO | U_PAVE | GOLD | KT_10 | 1ct | imgs:3
[02:38:29][EMERALD] [5287] ? NIV-5389FA3B9F2D15F1 | BASKET | HIDDEN_HALO | U_PAVE | GOLD | KT_10 | 1ct | imgs:3
[02:38:33][EMERALD] [5288] ? NIV-5389FA3B9F2D15F1 | BASKET | HIDDEN_HALO | U_PAVE | GOLD | KT_10 | 1ct | imgs:3
[02:38:36][EMERALD] [5289] ? NIV-5389FA3B9F2D15F1 | BASKET | HIDDEN_HALO | U_PAVE | GOLD | KT_10 | 1ct | imgs:3
[02:38:38][EMERALD] [5290] ? NIV-C43FC6EAE3CDBA33 | BASKET | HIDDEN_HALO | U_PAVE | GOLD | KT_10 | 1ct | imgs:3
[02:38:42][EMERALD] [5291] ? NIV-C43FC6EAE3CDBA33 | BASKET | HIDDEN_HALO | U_PAVE | GOLD | KT_10 | 1ct | imgs:3
[02:38:47][EMERALD] [5292] ? NIV-C43FC6EAE3CDBA33 | BASKET | HIDDEN_HALO | U_PAVE | GOLD | KT_10 | 1ct | imgs:3
[02:38:50][EMERALD] [5293] ? NIV-97A1623ECE541DD7 | BASKET | HIDDEN_HALO | U_PAVE | GOLD | KT_14 | 1ct | imgs:3
[02:38:54][EMERALD] [5294] ? NIV-97A1623ECE541DD7 | BASKET | HIDDEN_HALO | U_PAVE | GOLD | KT_14 | 1ct | imgs:3
[02:38:57][EMERALD] [5295] ? NIV-97A1623ECE541DD7 | BASKET | HIDDEN_HALO | U_PAVE | GOLD | KT_14 | 1ct | imgs:3
[02:38:59][EMERALD] [5296] ? NIV-384604681F398C4F | BASKET | HIDDEN_HALO | U_PAVE | GOLD | KT_14 | 1ct | imgs:3
[02:39:02][EMERALD] [5297] ? NIV-384604681F398C4F | BASKET | HIDDEN_HALO | U_PAVE | GOLD | KT_14 | 1ct | imgs:3
[02:39:06][EMERALD] [5298] ? NIV-384604681F398C4F | BASKET | HIDDEN_HALO | U_PAVE | GOLD | KT_14 | 1ct | imgs:3
[02:39:08][EMERALD] [5299] ? NIV-46DF8A71C89CAF20 | BASKET | HIDDEN_HALO | U_PAVE | GOLD | KT_14 | 1ct | imgs:3
[02:39:12][EMERALD] [5300] ? NIV-46DF8A71C89CAF20 | BASKET | HIDDEN_HALO | U_PAVE | GOLD | KT_14 | 1ct | imgs:3
[02:39:17][EMERALD] [5301] ? NIV-46DF8A71C89CAF20 | BASKET | HIDDEN_HALO | U_PAVE | GOLD | KT_14 | 1ct | imgs:3
[02:39:20][EMERALD] [5302] ? NIV-227A724F253AC4BC | BASKET | HIDDEN_HALO | U_PAVE | GOLD | KT_18 | 1ct | imgs:3
[02:39:26][EMERALD] [5303] ? NIV-227A724F253AC4BC | BASKET | HIDDEN_HALO | U_PAVE | GOLD | KT_18 | 1ct | imgs:3
[02:39:30][EMERALD] [5304] ? NIV-227A724F253AC4BC | BASKET | HIDDEN_HALO | U_PAVE | GOLD | KT_18 | 1ct | imgs:3
[02:39:32][EMERALD] [5305] ? NIV-200D3B598735D614 | BASKET | HIDDEN_HALO | U_PAVE | GOLD | KT_18 | 1ct | imgs:3
[02:39:36][EMERALD] [5306] ? NIV-200D3B598735D614 | BASKET | HIDDEN_HALO | U_PAVE | GOLD | KT_18 | 1ct | imgs:3
[02:39:41][EMERALD] [5307] ? NIV-200D3B598735D614 | BASKET | HIDDEN_HALO | U_PAVE | GOLD | KT_18 | 1ct | imgs:3
[02:39:44][EMERALD] [5308] ? NIV-C6717B7799527684 | BASKET | HIDDEN_HALO | U_PAVE | GOLD | KT_18 | 1ct | imgs:3
[02:39:47][EMERALD] [5309] ? NIV-C6717B7799527684 | BASKET | HIDDEN_HALO | U_PAVE | GOLD | KT_18 | 1ct | imgs:3
[02:39:54][EMERALD] [5310] ? NIV-C6717B7799527684 | BASKET | HIDDEN_HALO | U_PAVE | GOLD | KT_18 | 1ct | imgs:3
[02:39:56][EMERALD] [5311] ? NIV-DE0DB900D748AB72 | BASKET | HIDDEN_HALO | U_PAVE | PLATINUM | PT_950 | 1ct | imgs:3
[02:40:02][EMERALD] [5312] ? NIV-8561179530FF9B19 | BASKET | HIDDEN_HALO | U_PAVE | GOLD | KT_10 | 1ct | imgs:3
[02:40:06][EMERALD] [5313] ? NIV-8561179530FF9B19 | BASKET | HIDDEN_HALO | U_PAVE | GOLD | KT_10 | 1ct | imgs:3
[02:40:09][EMERALD] [5314] ? NIV-8561179530FF9B19 | BASKET | HIDDEN_HALO | U_PAVE | GOLD | KT_10 | 1ct | imgs:3
[02:40:11][EMERALD] [5315] ? NIV-C1DE8A3CF6F83FEB | BASKET | HIDDEN_HALO | U_PAVE | GOLD | KT_10 | 1ct | imgs:3
[02:40:17][EMERALD] [5316] ? NIV-C1DE8A3CF6F83FEB | BASKET | HIDDEN_HALO | U_PAVE | GOLD | KT_10 | 1ct | imgs:3
[02:40:21][EMERALD] [5317] ? NIV-C1DE8A3CF6F83FEB | BASKET | HIDDEN_HALO | U_PAVE | GOLD | KT_10 | 1ct | imgs:3
[02:40:23][EMERALD] [5318] ? NIV-E15DE5E70DC3DB96 | BASKET | HIDDEN_HALO | U_PAVE | GOLD | KT_10 | 1ct | imgs:3
[02:40:26][EMERALD] [5319] ? NIV-E15DE5E70DC3DB96 | BASKET | HIDDEN_HALO | U_PAVE | GOLD | KT_10 | 1ct | imgs:3
[02:40:30][EMERALD] [5320] ? NIV-E15DE5E70DC3DB96 | BASKET | HIDDEN_HALO | U_PAVE | GOLD | KT_10 | 1ct | imgs:3
[02:40:35][EMERALD] [5321] ? NIV-69A5C2C22032988B | BASKET | HIDDEN_HALO | U_PAVE | GOLD | KT_14 | 1ct | imgs:3
[02:40:38][EMERALD] [5322] ? NIV-69A5C2C22032988B | BASKET | HIDDEN_HALO | U_PAVE | GOLD | KT_14 | 1ct | imgs:3
[02:40:42][EMERALD] [5323] ? NIV-69A5C2C22032988B | BASKET | HIDDEN_HALO | U_PAVE | GOLD | KT_14 | 1ct | imgs:3
[02:40:44][EMERALD] [5324] ? NIV-B150C028AEFE595B | BASKET | HIDDEN_HALO | U_PAVE | GOLD | KT_14 | 1ct | imgs:3
[02:40:48][EMERALD] [5325] ? NIV-B150C028AEFE595B | BASKET | HIDDEN_HALO | U_PAVE | GOLD | KT_14 | 1ct | imgs:3
[02:40:51][EMERALD] [5326] ? NIV-B150C028AEFE595B | BASKET | HIDDEN_HALO | U_PAVE | GOLD | KT_14 | 1ct | imgs:3
[02:40:53][EMERALD] [5327] ? NIV-8BFB28F0C993DF39 | BASKET | HIDDEN_HALO | U_PAVE | GOLD | KT_14 | 1ct | imgs:3
[02:40:57][EMERALD] [5328] ? NIV-8BFB28F0C993DF39 | BASKET | HIDDEN_HALO | U_PAVE | GOLD | KT_14 | 1ct | imgs:3
[02:41:02][EMERALD] [5329] ? NIV-8BFB28F0C993DF39 | BASKET | HIDDEN_HALO | U_PAVE | GOLD | KT_14 | 1ct | imgs:3
[02:41:06][EMERALD] [5330] ? NIV-486FC45A00208C82 | BASKET | HIDDEN_HALO | U_PAVE | GOLD | KT_18 | 1ct | imgs:3
[02:41:11][EMERALD] [5331] ? NIV-486FC45A00208C82 | BASKET | HIDDEN_HALO | U_PAVE | GOLD | KT_18 | 1ct | imgs:3
[02:41:15][EMERALD] [5332] ? NIV-486FC45A00208C82 | BASKET | HIDDEN_HALO | U_PAVE | GOLD | KT_18 | 1ct | imgs:3
[02:41:17][EMERALD] [5333] ? NIV-F1D076A2C0DD34B4 | BASKET | HIDDEN_HALO | U_PAVE | GOLD | KT_18 | 1ct | imgs:3
[02:41:21][EMERALD] [5334] ? NIV-F1D076A2C0DD34B4 | BASKET | HIDDEN_HALO | U_PAVE | GOLD | KT_18 | 1ct | imgs:3
[02:41:24][EMERALD] [5335] ? NIV-F1D076A2C0DD34B4 | BASKET | HIDDEN_HALO | U_PAVE | GOLD | KT_18 | 1ct | imgs:3
[02:41:26][EMERALD] [5336] ? NIV-868CD5A93D722B94 | BASKET | HIDDEN_HALO | U_PAVE | GOLD | KT_18 | 1ct | imgs:3
[02:41:30][EMERALD] [5337] ? NIV-868CD5A93D722B94 | BASKET | HIDDEN_HALO | U_PAVE | GOLD | KT_18 | 1ct | imgs:3
[02:41:35][EMERALD] [5338] ? NIV-868CD5A93D722B94 | BASKET | HIDDEN_HALO | U_PAVE | GOLD | KT_18 | 1ct | imgs:3
[02:41:38][EMERALD] [5339] ? NIV-DB8752B67AE38A68 | BASKET | HIDDEN_HALO | U_PAVE | PLATINUM | PT_950 | 1ct | imgs:3
[02:41:44][EMERALD] [5340] ? NIV-7B4772EF35DAF56D | BASKET | HIDDEN_HALO | U_PAVE | GOLD | KT_10 | 1ct | imgs:3
[02:41:48][EMERALD] [5341] ? NIV-7B4772EF35DAF56D | BASKET | HIDDEN_HALO | U_PAVE | GOLD | KT_10 | 1ct | imgs:3
[02:41:53][EMERALD] [5342] ? NIV-7B4772EF35DAF56D | BASKET | HIDDEN_HALO | U_PAVE | GOLD | KT_10 | 1ct | imgs:3
[02:41:56][EMERALD] [5343] ? NIV-EDABC89AA78C7AB7 | BASKET | HIDDEN_HALO | U_PAVE | GOLD | KT_10 | 1ct | imgs:3
[02:42:00][EMERALD] [5344] ? NIV-EDABC89AA78C7AB7 | BASKET | HIDDEN_HALO | U_PAVE | GOLD | KT_10 | 1ct | imgs:3
[02:42:05][EMERALD] [5345] ? NIV-EDABC89AA78C7AB7 | BASKET | HIDDEN_HALO | U_PAVE | GOLD | KT_10 | 1ct | imgs:3
[02:42:08][EMERALD] [5346] ? NIV-A35337ED05D984CF | BASKET | HIDDEN_HALO | U_PAVE | GOLD | KT_10 | 1ct | imgs:3
[02:42:12][EMERALD] [5347] ? NIV-A35337ED05D984CF | BASKET | HIDDEN_HALO | U_PAVE | GOLD | KT_10 | 1ct | imgs:3
[02:42:17][EMERALD] [5348] ? NIV-A35337ED05D984CF | BASKET | HIDDEN_HALO | U_PAVE | GOLD | KT_10 | 1ct | imgs:3
[02:42:21][EMERALD] [5349] ? NIV-EFAD60F691006280 | BASKET | HIDDEN_HALO | U_PAVE | GOLD | KT_14 | 1ct | imgs:3
[02:42:24][EMERALD] [5350] ? NIV-EFAD60F691006280 | BASKET | HIDDEN_HALO | U_PAVE | GOLD | KT_14 | 1ct | imgs:3
[02:42:29][EMERALD] [5351] ? NIV-EFAD60F691006280 | BASKET | HIDDEN_HALO | U_PAVE | GOLD | KT_14 | 1ct | imgs:3
[02:42:32][EMERALD] [5352] ? NIV-43E26BD0EF618E3D | BASKET | HIDDEN_HALO | U_PAVE | GOLD | KT_14 | 1ct | imgs:3
[02:42:36][EMERALD] [5353] ? NIV-43E26BD0EF618E3D | BASKET | HIDDEN_HALO | U_PAVE | GOLD | KT_14 | 1ct | imgs:3
[02:42:41][EMERALD] [5354] ? NIV-43E26BD0EF618E3D | BASKET | HIDDEN_HALO | U_PAVE | GOLD | KT_14 | 1ct | imgs:3
[02:42:44][EMERALD] [5355] ? NIV-7CEE95150BEB2542 | BASKET | HIDDEN_HALO | U_PAVE | GOLD | KT_14 | 1ct | imgs:3
[02:42:47][EMERALD] [5356] ? NIV-7CEE95150BEB2542 | BASKET | HIDDEN_HALO | U_PAVE | GOLD | KT_14 | 1ct | imgs:3
[02:42:53][EMERALD] [5357] ? NIV-7CEE95150BEB2542 | BASKET | HIDDEN_HALO | U_PAVE | GOLD | KT_14 | 1ct | imgs:3
[02:42:56][EMERALD] [5358] ? NIV-95B1995DEF2A519F | BASKET | HIDDEN_HALO | U_PAVE | GOLD | KT_18 | 1ct | imgs:3
[02:43:00][EMERALD] [5359] ? NIV-95B1995DEF2A519F | BASKET | HIDDEN_HALO | U_PAVE | GOLD | KT_18 | 1ct | imgs:3
[02:43:03][EMERALD] [5360] ? NIV-95B1995DEF2A519F | BASKET | HIDDEN_HALO | U_PAVE | GOLD | KT_18 | 1ct | imgs:3
[02:43:05][EMERALD] [5361] ? NIV-2DEA7A00DAD1DCF0 | BASKET | HIDDEN_HALO | U_PAVE | GOLD | KT_18 | 1ct | imgs:3
[02:43:08][EMERALD] [5362] ? NIV-2DEA7A00DAD1DCF0 | BASKET | HIDDEN_HALO | U_PAVE | GOLD | KT_18 | 1ct | imgs:3
[02:43:12][EMERALD] [5363] ? NIV-2DEA7A00DAD1DCF0 | BASKET | HIDDEN_HALO | U_PAVE | GOLD | KT_18 | 1ct | imgs:3
[02:43:14][EMERALD] [5364] ? NIV-D5A29B3D1A72B4A9 | BASKET | HIDDEN_HALO | U_PAVE | GOLD | KT_18 | 1ct | imgs:3
[02:43:18][EMERALD] [5365] ? NIV-D5A29B3D1A72B4A9 | BASKET | HIDDEN_HALO | U_PAVE | GOLD | KT_18 | 1ct | imgs:3
[02:43:21][EMERALD] [5366] ? NIV-D5A29B3D1A72B4A9 | BASKET | HIDDEN_HALO | U_PAVE | GOLD | KT_18 | 1ct | imgs:3
[02:43:23][EMERALD] [5367] ? NIV-6DF1A9F4658EBAC8 | BASKET | HIDDEN_HALO | U_PAVE | PLATINUM | PT_950 | 1ct | imgs:3
[02:43:29][EMERALD] [5368] ? NIV-C79ED4639EC8E8DC | BASKET | HIDDEN_HALO | U_PAVE | GOLD | KT_10 | 1ct | imgs:3
[02:43:32][EMERALD] [5369] ? NIV-C79ED4639EC8E8DC | BASKET | HIDDEN_HALO | U_PAVE | GOLD | KT_10 | 1ct | imgs:3
[02:43:36][EMERALD] [5370] ? NIV-C79ED4639EC8E8DC | BASKET | HIDDEN_HALO | U_PAVE | GOLD | KT_10 | 1ct | imgs:3
[02:43:38][EMERALD] [5371] ? NIV-F5D868108A70F005 | BASKET | HIDDEN_HALO | U_PAVE | GOLD | KT_10 | 1ct | imgs:3
[02:43:41][EMERALD] [5372] ? NIV-F5D868108A70F005 | BASKET | HIDDEN_HALO | U_PAVE | GOLD | KT_10 | 1ct | imgs:3
[02:43:45][EMERALD] [5373] ? NIV-F5D868108A70F005 | BASKET | HIDDEN_HALO | U_PAVE | GOLD | KT_10 | 1ct | imgs:3
[02:43:47][EMERALD] [5374] ? NIV-31DEADE9458CB465 | BASKET | HIDDEN_HALO | U_PAVE | GOLD | KT_10 | 1ct | imgs:2
[02:43:51][EMERALD] [5375] ? NIV-31DEADE9458CB465 | BASKET | HIDDEN_HALO | U_PAVE | GOLD | KT_10 | 1ct | imgs:3
[02:43:56][EMERALD] [5376] ? NIV-31DEADE9458CB465 | BASKET | HIDDEN_HALO | U_PAVE | GOLD | KT_10 | 1ct | imgs:3
[02:43:59][EMERALD] [5377] ? NIV-4C6B8B122AA79ED1 | BASKET | HIDDEN_HALO | U_PAVE | GOLD | KT_14 | 1ct | imgs:3
[02:44:02][EMERALD] [5378] ? NIV-4C6B8B122AA79ED1 | BASKET | HIDDEN_HALO | U_PAVE | GOLD | KT_14 | 1ct | imgs:3
[02:44:06][EMERALD] [5379] ? NIV-4C6B8B122AA79ED1 | BASKET | HIDDEN_HALO | U_PAVE | GOLD | KT_14 | 1ct | imgs:3
[02:44:08][EMERALD] [5380] ? NIV-FAE1EE52D34FD7CA | BASKET | HIDDEN_HALO | U_PAVE | GOLD | KT_14 | 1ct | imgs:3
[02:44:12][EMERALD] [5381] ? NIV-FAE1EE52D34FD7CA | BASKET | HIDDEN_HALO | U_PAVE | GOLD | KT_14 | 1ct | imgs:3
[02:44:17][EMERALD] [5382] ? NIV-FAE1EE52D34FD7CA | BASKET | HIDDEN_HALO | U_PAVE | GOLD | KT_14 | 1ct | imgs:3
[02:44:20][EMERALD] [5383] ? NIV-91C2528E38110239 | BASKET | HIDDEN_HALO | U_PAVE | GOLD | KT_14 | 1ct | imgs:3
[02:44:24][EMERALD] [5384] ? NIV-91C2528E38110239 | BASKET | HIDDEN_HALO | U_PAVE | GOLD | KT_14 | 1ct | imgs:3
[02:44:29][EMERALD] [5385] ? NIV-91C2528E38110239 | BASKET | HIDDEN_HALO | U_PAVE | GOLD | KT_14 | 1ct | imgs:3
[02:44:33][EMERALD] [5386] ? NIV-E2F905D5F8E2C326 | BASKET | HIDDEN_HALO | U_PAVE | GOLD | KT_18 | 1ct | imgs:3
[02:44:38][EMERALD] [5387] ? NIV-E2F905D5F8E2C326 | BASKET | HIDDEN_HALO | U_PAVE | GOLD | KT_18 | 1ct | imgs:3
[02:44:42][EMERALD] [5388] ? NIV-E2F905D5F8E2C326 | BASKET | HIDDEN_HALO | U_PAVE | GOLD | KT_18 | 1ct | imgs:3
[02:44:44][EMERALD] [5389] ? NIV-2DA1D80148FC8A45 | BASKET | HIDDEN_HALO | U_PAVE | GOLD | KT_18 | 1ct | imgs:3
[02:44:47][EMERALD] [5390] ? NIV-2DA1D80148FC8A45 | BASKET | HIDDEN_HALO | U_PAVE | GOLD | KT_18 | 1ct | imgs:3
[02:44:51][EMERALD] [5391] ? NIV-2DA1D80148FC8A45 | BASKET | HIDDEN_HALO | U_PAVE | GOLD | KT_18 | 1ct | imgs:3
[02:44:53][EMERALD] [5392] ? NIV-D37C40461AF724E0 | BASKET | HIDDEN_HALO | U_PAVE | GOLD | KT_18 | 1ct | imgs:3
[02:44:59][EMERALD] [5393] ? NIV-D37C40461AF724E0 | BASKET | HIDDEN_HALO | U_PAVE | GOLD | KT_18 | 1ct | imgs:3
[02:45:05][EMERALD] [5394] ? NIV-D37C40461AF724E0 | BASKET | HIDDEN_HALO | U_PAVE | GOLD | KT_18 | 1ct | imgs:3
[02:45:08][EMERALD] [5395] ? NIV-1970BB3A620ADF6A | BASKET | HIDDEN_HALO | U_PAVE | PLATINUM | PT_950 | 1ct | imgs:3
[02:45:14][EMERALD] [5396] ? NIV-D6DC4E3C07EF0EF5 | BASKET | HIDDEN_HALO | U_PAVE | GOLD | KT_10 | 1ct | imgs:3
[02:45:18][EMERALD] [5397] ? NIV-D6DC4E3C07EF0EF5 | BASKET | HIDDEN_HALO | U_PAVE | GOLD | KT_10 | 1ct | imgs:3
[02:45:21][EMERALD] [5398] ? NIV-D6DC4E3C07EF0EF5 | BASKET | HIDDEN_HALO | U_PAVE | GOLD | KT_10 | 1ct | imgs:3
[02:45:23][EMERALD] [5399] ? NIV-7E781B3F97B778A0 | BASKET | HIDDEN_HALO | U_PAVE | GOLD | KT_10 | 1ct | imgs:3
[02:45:27][EMERALD] [5400] ? NIV-7E781B3F97B778A0 | BASKET | HIDDEN_HALO | U_PAVE | GOLD | KT_10 | 1ct | imgs:3
[02:45:32][EMERALD] [5401] ? NIV-7E781B3F97B778A0 | BASKET | HIDDEN_HALO | U_PAVE | GOLD | KT_10 | 1ct | imgs:3
[02:45:35][EMERALD] [5402] ? NIV-F432F52AAFDD9F02 | BASKET | HIDDEN_HALO | U_PAVE | GOLD | KT_10 | 1ct | imgs:3
[02:45:39][EMERALD] [5403] ? NIV-F432F52AAFDD9F02 | BASKET | HIDDEN_HALO | U_PAVE | GOLD | KT_10 | 1ct | imgs:3
[02:45:44][EMERALD] [5404] ? NIV-F432F52AAFDD9F02 | BASKET | HIDDEN_HALO | U_PAVE | GOLD | KT_10 | 1ct | imgs:3
[02:45:47][EMERALD] [5405] ? NIV-4E7ABCBB9F9E4724 | BASKET | HIDDEN_HALO | U_PAVE | GOLD | KT_14 | 1ct | imgs:3
[02:45:51][EMERALD] [5406] ? NIV-4E7ABCBB9F9E4724 | BASKET | HIDDEN_HALO | U_PAVE | GOLD | KT_14 | 1ct | imgs:3
[02:45:56][EMERALD] [5407] ? NIV-4E7ABCBB9F9E4724 | BASKET | HIDDEN_HALO | U_PAVE | GOLD | KT_14 | 1ct | imgs:3
[02:45:59][EMERALD] [5408] ? NIV-09EB93EC20B72C1A | BASKET | HIDDEN_HALO | U_PAVE | GOLD | KT_14 | 1ct | imgs:3
[02:46:03][EMERALD] [5409] ? NIV-09EB93EC20B72C1A | BASKET | HIDDEN_HALO | U_PAVE | GOLD | KT_14 | 1ct | imgs:3
[02:46:06][EMERALD] [5410] ? NIV-09EB93EC20B72C1A | BASKET | HIDDEN_HALO | U_PAVE | GOLD | KT_14 | 1ct | imgs:3
[02:46:09][EMERALD] [5411] ? NIV-4A99A0CA1CB2A4E7 | BASKET | HIDDEN_HALO | U_PAVE | GOLD | KT_14 | 1ct | imgs:3
[02:46:14][EMERALD] [5412] ? NIV-4A99A0CA1CB2A4E7 | BASKET | HIDDEN_HALO | U_PAVE | GOLD | KT_14 | 1ct | imgs:3
[02:46:18][EMERALD] [5413] ? NIV-4A99A0CA1CB2A4E7 | BASKET | HIDDEN_HALO | U_PAVE | GOLD | KT_14 | 1ct | imgs:3
[02:46:22][EMERALD] [5414] ? NIV-D83E2CE9632CD31F | BASKET | HIDDEN_HALO | U_PAVE | GOLD | KT_18 | 1ct | imgs:3
[02:46:26][EMERALD] [5415] ? NIV-D83E2CE9632CD31F | BASKET | HIDDEN_HALO | U_PAVE | GOLD | KT_18 | 1ct | imgs:3
[02:46:32][EMERALD] [5416] ? NIV-D83E2CE9632CD31F | BASKET | HIDDEN_HALO | U_PAVE | GOLD | KT_18 | 1ct | imgs:3
[02:46:35][EMERALD] [5417] ? NIV-A731BE7DCEFEEC65 | BASKET | HIDDEN_HALO | U_PAVE | GOLD | KT_18 | 1ct | imgs:3
[02:46:39][EMERALD] [5418] ? NIV-A731BE7DCEFEEC65 | BASKET | HIDDEN_HALO | U_PAVE | GOLD | KT_18 | 1ct | imgs:3
[02:46:44][EMERALD] [5419] ? NIV-A731BE7DCEFEEC65 | BASKET | HIDDEN_HALO | U_PAVE | GOLD | KT_18 | 1ct | imgs:3
[02:46:47][EMERALD] [5420] ? NIV-7C8F6E76ADDCBA44 | BASKET | HIDDEN_HALO | U_PAVE | GOLD | KT_18 | 1ct | imgs:3
[02:46:51][EMERALD] [5421] ? NIV-7C8F6E76ADDCBA44 | BASKET | HIDDEN_HALO | U_PAVE | GOLD | KT_18 | 1ct | imgs:3
[02:46:56][EMERALD] [5422] ? NIV-7C8F6E76ADDCBA44 | BASKET | HIDDEN_HALO | U_PAVE | GOLD | KT_18 | 1ct | imgs:3
[02:46:59][EMERALD] [5423] ? NIV-B1F43B1F3EAC6B2F | BASKET | HIDDEN_HALO | U_PAVE | PLATINUM | PT_950 | 1ct | imgs:3
[02:47:08][EMERALD] [5424] ? NIV-391D98EEBD659037 | BASKET | HIDDEN_HALO | U_PAVE | GOLD | KT_10 | 1ct | imgs:3
[02:47:12][EMERALD] [5425] ? NIV-391D98EEBD659037 | BASKET | HIDDEN_HALO | U_PAVE | GOLD | KT_10 | 1ct | imgs:3
[02:47:17][EMERALD] [5426] ? NIV-391D98EEBD659037 | BASKET | HIDDEN_HALO | U_PAVE | GOLD | KT_10 | 1ct | imgs:3
[02:47:20][EMERALD] [5427] ? NIV-3F6DA94E1DED6CE7 | BASKET | HIDDEN_HALO | U_PAVE | GOLD | KT_10 | 1ct | imgs:3
[02:47:23][EMERALD] [5428] ? NIV-3F6DA94E1DED6CE7 | BASKET | HIDDEN_HALO | U_PAVE | GOLD | KT_10 | 1ct | imgs:3
[02:47:27][EMERALD] [5429] ? NIV-3F6DA94E1DED6CE7 | BASKET | HIDDEN_HALO | U_PAVE | GOLD | KT_10 | 1ct | imgs:3
[02:47:29][EMERALD] [5430] ? NIV-3D56BF8FA9DCE5F4 | BASKET | HIDDEN_HALO | U_PAVE | GOLD | KT_10 | 1ct | imgs:3
[02:47:35][EMERALD] [5431] ? NIV-3D56BF8FA9DCE5F4 | BASKET | HIDDEN_HALO | U_PAVE | GOLD | KT_10 | 1ct | imgs:3
[02:47:38][EMERALD] [5432] ? NIV-3D56BF8FA9DCE5F4 | BASKET | HIDDEN_HALO | U_PAVE | GOLD | KT_10 | 1ct | imgs:3
[02:47:41][EMERALD] [5433] ? NIV-380A76C4E973CC60 | BASKET | HIDDEN_HALO | U_PAVE | GOLD | KT_14 | 1ct | imgs:3
[02:47:47][EMERALD] [5434] ? NIV-380A76C4E973CC60 | BASKET | HIDDEN_HALO | U_PAVE | GOLD | KT_14 | 1ct | imgs:3
[02:47:50][EMERALD] [5435] ? NIV-380A76C4E973CC60 | BASKET | HIDDEN_HALO | U_PAVE | GOLD | KT_14 | 1ct | imgs:3
[02:47:53][EMERALD] [5436] ? NIV-1D2474D748FBE216 | BASKET | HIDDEN_HALO | U_PAVE | GOLD | KT_14 | 1ct | imgs:3
[02:47:59][EMERALD] [5437] ? NIV-1D2474D748FBE216 | BASKET | HIDDEN_HALO | U_PAVE | GOLD | KT_14 | 1ct | imgs:3
[02:48:05][EMERALD] [5438] ? NIV-1D2474D748FBE216 | BASKET | HIDDEN_HALO | U_PAVE | GOLD | KT_14 | 1ct | imgs:3
[02:48:08][EMERALD] [5439] ? NIV-10345D823B11717A | BASKET | HIDDEN_HALO | U_PAVE | GOLD | KT_14 | 1ct | imgs:3
[02:48:12][EMERALD] [5440] ? NIV-10345D823B11717A | BASKET | HIDDEN_HALO | U_PAVE | GOLD | KT_14 | 1ct | imgs:3
[02:48:17][EMERALD] [5441] ? NIV-10345D823B11717A | BASKET | HIDDEN_HALO | U_PAVE | GOLD | KT_14 | 1ct | imgs:3
[02:48:20][EMERALD] [5442] ? NIV-6D862E36203CE544 | BASKET | HIDDEN_HALO | U_PAVE | GOLD | KT_18 | 1ct | imgs:3
[02:48:24][EMERALD] [5443] ? NIV-6D862E36203CE544 | BASKET | HIDDEN_HALO | U_PAVE | GOLD | KT_18 | 1ct | imgs:3
[02:48:27][EMERALD] [5444] ? NIV-6D862E36203CE544 | BASKET | HIDDEN_HALO | U_PAVE | GOLD | KT_18 | 1ct | imgs:3
[02:48:29][EMERALD] [5445] ? NIV-07F01D32682A683E | BASKET | HIDDEN_HALO | U_PAVE | GOLD | KT_18 | 1ct | imgs:3
[02:48:33][EMERALD] [5446] ? NIV-07F01D32682A683E | BASKET | HIDDEN_HALO | U_PAVE | GOLD | KT_18 | 1ct | imgs:3
[02:48:38][EMERALD] [5447] ? NIV-07F01D32682A683E | BASKET | HIDDEN_HALO | U_PAVE | GOLD | KT_18 | 1ct | imgs:3
[02:48:41][EMERALD] [5448] ? NIV-D95EF666A8C3EEDF | BASKET | HIDDEN_HALO | U_PAVE | GOLD | KT_18 | 1ct | imgs:3
[02:48:45][EMERALD] [5449] ? NIV-D95EF666A8C3EEDF | BASKET | HIDDEN_HALO | U_PAVE | GOLD | KT_18 | 1ct | imgs:3
[02:48:50][EMERALD] [5450] ? NIV-D95EF666A8C3EEDF | BASKET | HIDDEN_HALO | U_PAVE | GOLD | KT_18 | 1ct | imgs:3
[02:48:53][EMERALD] [5451] ? NIV-F0C5EA20907698FC | BASKET | HIDDEN_HALO | U_PAVE | PLATINUM | PT_950 | 1ct | imgs:3
[02:48:59][EMERALD] [5452] ? NIV-5745FB5FCA006820 | BASKET | HIDDEN_HALO | U_PAVE | GOLD | KT_10 | 1ct | imgs:3
[02:49:03][EMERALD] [5453] ? NIV-5745FB5FCA006820 | BASKET | HIDDEN_HALO | U_PAVE | GOLD | KT_10 | 1ct | imgs:3
[02:49:08][EMERALD] [5454] ? NIV-5745FB5FCA006820 | BASKET | HIDDEN_HALO | U_PAVE | GOLD | KT_10 | 1ct | imgs:3
[02:49:11][EMERALD] [5455] ? NIV-70D702C28E6DFA75 | BASKET | HIDDEN_HALO | U_PAVE | GOLD | KT_10 | 1ct | imgs:3
[02:49:15][EMERALD] [5456] ? NIV-70D702C28E6DFA75 | BASKET | HIDDEN_HALO | U_PAVE | GOLD | KT_10 | 1ct | imgs:3
[02:49:18][EMERALD] [5457] ? NIV-70D702C28E6DFA75 | BASKET | HIDDEN_HALO | U_PAVE | GOLD | KT_10 | 1ct | imgs:3
[02:49:20][EMERALD] [5458] ? NIV-77FCF81CC9B772F9 | BASKET | HIDDEN_HALO | U_PAVE | GOLD | KT_10 | 1ct | imgs:3
[02:49:24][EMERALD] [5459] ? NIV-77FCF81CC9B772F9 | BASKET | HIDDEN_HALO | U_PAVE | GOLD | KT_10 | 1ct | imgs:3
[02:49:29][EMERALD] [5460] ? NIV-77FCF81CC9B772F9 | BASKET | HIDDEN_HALO | U_PAVE | GOLD | KT_10 | 1ct | imgs:3
[02:49:32][EMERALD] [5461] ? NIV-14B3C28780D6872B | BASKET | HIDDEN_HALO | U_PAVE | GOLD | KT_14 | 1ct | imgs:3
[02:49:36][EMERALD] [5462] ? NIV-14B3C28780D6872B | BASKET | HIDDEN_HALO | U_PAVE | GOLD | KT_14 | 1ct | imgs:3
[02:49:42][EMERALD] [5463] ? NIV-14B3C28780D6872B | BASKET | HIDDEN_HALO | U_PAVE | GOLD | KT_14 | 1ct | imgs:3
[02:49:44][EMERALD] [5464] ? NIV-DCDE1880EC5E3209 | BASKET | HIDDEN_HALO | U_PAVE | GOLD | KT_14 | 1ct | imgs:3
[02:49:48][EMERALD] [5465] ? NIV-DCDE1880EC5E3209 | BASKET | HIDDEN_HALO | U_PAVE | GOLD | KT_14 | 1ct | imgs:3
[02:49:53][EMERALD] [5466] ? NIV-DCDE1880EC5E3209 | BASKET | HIDDEN_HALO | U_PAVE | GOLD | KT_14 | 1ct | imgs:3
[02:49:56][EMERALD] [5467] ? NIV-9BD5B5EBA4C8D786 | BASKET | HIDDEN_HALO | U_PAVE | GOLD | KT_14 | 1ct | imgs:3
[02:50:00][EMERALD] [5468] ? NIV-9BD5B5EBA4C8D786 | BASKET | HIDDEN_HALO | U_PAVE | GOLD | KT_14 | 1ct | imgs:3
[02:50:03][EMERALD] [5469] ? NIV-9BD5B5EBA4C8D786 | BASKET | HIDDEN_HALO | U_PAVE | GOLD | KT_14 | 1ct | imgs:3
[02:50:08][EMERALD] [5470] ? NIV-B770CA9F038FEB19 | BASKET | HIDDEN_HALO | U_PAVE | GOLD | KT_18 | 1ct | imgs:3
[02:50:14][EMERALD] [5471] ? NIV-B770CA9F038FEB19 | BASKET | HIDDEN_HALO | U_PAVE | GOLD | KT_18 | 1ct | imgs:3
[02:50:18][EMERALD] [5472] ? NIV-B770CA9F038FEB19 | BASKET | HIDDEN_HALO | U_PAVE | GOLD | KT_18 | 1ct | imgs:3
[02:50:20][EMERALD] [5473] ? NIV-5E3FE0A835CCC3FE | BASKET | HIDDEN_HALO | U_PAVE | GOLD | KT_18 | 1ct | imgs:3
[02:50:26][EMERALD] [5474] ? NIV-5E3FE0A835CCC3FE | BASKET | HIDDEN_HALO | U_PAVE | GOLD | KT_18 | 1ct | imgs:3
[02:50:30][EMERALD] [5475] ? NIV-5E3FE0A835CCC3FE | BASKET | HIDDEN_HALO | U_PAVE | GOLD | KT_18 | 1ct | imgs:3
[02:50:32][EMERALD] [5476] ? NIV-6AA55F5E09169870 | BASKET | HIDDEN_HALO | U_PAVE | GOLD | KT_18 | 1ct | imgs:3
[02:50:36][EMERALD] [5477] ? NIV-6AA55F5E09169870 | BASKET | HIDDEN_HALO | U_PAVE | GOLD | KT_18 | 1ct | imgs:3
[02:50:39][EMERALD] [5478] ? NIV-6AA55F5E09169870 | BASKET | HIDDEN_HALO | U_PAVE | GOLD | KT_18 | 1ct | imgs:3
[02:50:41][EMERALD] [5479] ? NIV-A94FAF6D63AD4919 | BASKET | HIDDEN_HALO | U_PAVE | PLATINUM | PT_950 | 1ct | imgs:3
[02:50:47][EMERALD] [5480] ? NIV-337470E58EB27AE3 | BASKET | HIDDEN_HALO | U_PAVE | GOLD | KT_10 | 1ct | imgs:3
[02:50:51][EMERALD] [5481] ? NIV-337470E58EB27AE3 | BASKET | HIDDEN_HALO | U_PAVE | GOLD | KT_10 | 1ct | imgs:3
[02:50:56][EMERALD] [5482] ? NIV-337470E58EB27AE3 | BASKET | HIDDEN_HALO | U_PAVE | GOLD | KT_10 | 1ct | imgs:3
[02:50:59][EMERALD] [5483] ? NIV-D2F07E38CC4AF6CC | BASKET | HIDDEN_HALO | U_PAVE | GOLD | KT_10 | 1ct | imgs:3
[02:51:03][EMERALD] [5484] ? NIV-D2F07E38CC4AF6CC | BASKET | HIDDEN_HALO | U_PAVE | GOLD | KT_10 | 1ct | imgs:3
[02:51:08][EMERALD] [5485] ? NIV-D2F07E38CC4AF6CC | BASKET | HIDDEN_HALO | U_PAVE | GOLD | KT_10 | 1ct | imgs:3
[02:51:11][EMERALD] [5486] ? NIV-64853FF116820415 | BASKET | HIDDEN_HALO | U_PAVE | GOLD | KT_10 | 1ct | imgs:3
[02:51:14][EMERALD] [5487] ? NIV-64853FF116820415 | BASKET | HIDDEN_HALO | U_PAVE | GOLD | KT_10 | 1ct | imgs:3
[02:51:18][EMERALD] [5488] ? NIV-64853FF116820415 | BASKET | HIDDEN_HALO | U_PAVE | GOLD | KT_10 | 1ct | imgs:3
[02:51:23][EMERALD] [5489] ? NIV-26FA374AFF39005E | BASKET | HIDDEN_HALO | U_PAVE | GOLD | KT_14 | 1ct | imgs:3
[02:51:27][EMERALD] [5490] ? NIV-26FA374AFF39005E | BASKET | HIDDEN_HALO | U_PAVE | GOLD | KT_14 | 1ct | imgs:3
[02:51:32][EMERALD] [5491] ? NIV-26FA374AFF39005E | BASKET | HIDDEN_HALO | U_PAVE | GOLD | KT_14 | 1ct | imgs:3
[02:51:35][EMERALD] [5492] ? NIV-E7B5084B369A62FC | BASKET | HIDDEN_HALO | U_PAVE | GOLD | KT_14 | 1ct | imgs:3
[02:51:38][EMERALD] [5493] ? NIV-E7B5084B369A62FC | BASKET | HIDDEN_HALO | U_PAVE | GOLD | KT_14 | 1ct | imgs:3
[02:51:42][EMERALD] [5494] ? NIV-E7B5084B369A62FC | BASKET | HIDDEN_HALO | U_PAVE | GOLD | KT_14 | 1ct | imgs:3
[02:51:44][EMERALD] [5495] ? NIV-1848BFA88C34B828 | BASKET | HIDDEN_HALO | U_PAVE | GOLD | KT_14 | 1ct | imgs:3
[02:51:47][EMERALD] [5496] ? NIV-1848BFA88C34B828 | BASKET | HIDDEN_HALO | U_PAVE | GOLD | KT_14 | 1ct | imgs:3
[02:51:51][EMERALD] [5497] ? NIV-1848BFA88C34B828 | BASKET | HIDDEN_HALO | U_PAVE | GOLD | KT_14 | 1ct | imgs:3
[02:51:56][EMERALD] [5498] ? NIV-5851E75BA709D1A6 | BASKET | HIDDEN_HALO | U_PAVE | GOLD | KT_18 | 1ct | imgs:3
[02:52:00][EMERALD] [5499] ? NIV-5851E75BA709D1A6 | BASKET | HIDDEN_HALO | U_PAVE | GOLD | KT_18 | 1ct | imgs:3
[02:52:05][EMERALD] [5500] ? NIV-5851E75BA709D1A6 | BASKET | HIDDEN_HALO | U_PAVE | GOLD | KT_18 | 1ct | imgs:3
[02:52:08][EMERALD] [5501] ? NIV-1225FC55E2387C10 | BASKET | HIDDEN_HALO | U_PAVE | GOLD | KT_18 | 1ct | imgs:3
[02:52:12][EMERALD] [5502] ? NIV-1225FC55E2387C10 | BASKET | HIDDEN_HALO | U_PAVE | GOLD | KT_18 | 1ct | imgs:3
[02:52:17][EMERALD] [5503] ? NIV-1225FC55E2387C10 | BASKET | HIDDEN_HALO | U_PAVE | GOLD | KT_18 | 1ct | imgs:3
[02:52:20][EMERALD] [5504] ? NIV-1EAD6A3BAE3EA8AB | BASKET | HIDDEN_HALO | U_PAVE | GOLD | KT_18 | 1ct | imgs:3
[02:52:24][EMERALD] [5505] ? NIV-1EAD6A3BAE3EA8AB | BASKET | HIDDEN_HALO | U_PAVE | GOLD | KT_18 | 1ct | imgs:3
[02:52:29][EMERALD] [5506] ? NIV-1EAD6A3BAE3EA8AB | BASKET | HIDDEN_HALO | U_PAVE | GOLD | KT_18 | 1ct | imgs:3
[02:52:32][EMERALD] [5507] ? NIV-28A22B48BC57A0A6 | BASKET | HIDDEN_HALO | U_PAVE | PLATINUM | PT_950 | 1ct | imgs:3
[02:52:38][EMERALD] [5508] ? NIV-9F1A660AF50B9EA8 | BASKET | HIDDEN_HALO | U_PAVE | GOLD | KT_10 | 1ct | imgs:3
[02:52:41][EMERALD] [5509] ? NIV-9F1A660AF50B9EA8 | BASKET | HIDDEN_HALO | U_PAVE | GOLD | KT_10 | 1ct | imgs:3
[02:52:45][EMERALD] [5510] ? NIV-9F1A660AF50B9EA8 | BASKET | HIDDEN_HALO | U_PAVE | GOLD | KT_10 | 1ct | imgs:3
[02:52:49][EMERALD] [5511] ? NIV-A043F11133048895 | BASKET | HIDDEN_HALO | U_PAVE | GOLD | KT_10 | 1ct | imgs:1
[02:52:53][EMERALD] [5512] ? NIV-A043F11133048895 | BASKET | HIDDEN_HALO | U_PAVE | GOLD | KT_10 | 1ct | imgs:3
[02:52:57][EMERALD] [5513] ? NIV-A043F11133048895 | BASKET | HIDDEN_HALO | U_PAVE | GOLD | KT_10 | 1ct | imgs:3
[02:52:59][EMERALD] [5514] ? NIV-31D18ECDE92756FE | BASKET | HIDDEN_HALO | U_PAVE | GOLD | KT_10 | 1ct | imgs:3
[02:53:02][EMERALD] [5515] ? NIV-31D18ECDE92756FE | BASKET | HIDDEN_HALO | U_PAVE | GOLD | KT_10 | 1ct | imgs:3
[02:53:08][EMERALD] [5516] ? NIV-31D18ECDE92756FE | BASKET | HIDDEN_HALO | U_PAVE | GOLD | KT_10 | 1ct | imgs:3
[02:53:11][EMERALD] [5517] ? NIV-D96CB31BD031841B | BASKET | HIDDEN_HALO | U_PAVE | GOLD | KT_14 | 1ct | imgs:3
[02:53:15][EMERALD] [5518] ? NIV-D96CB31BD031841B | BASKET | HIDDEN_HALO | U_PAVE | GOLD | KT_14 | 1ct | imgs:3
[02:53:20][EMERALD] [5519] ? NIV-D96CB31BD031841B | BASKET | HIDDEN_HALO | U_PAVE | GOLD | KT_14 | 1ct | imgs:3
[02:53:23][EMERALD] [5520] ? NIV-2CB7511B01172963 | BASKET | HIDDEN_HALO | U_PAVE | GOLD | KT_14 | 1ct | imgs:3
[02:53:27][EMERALD] [5521] ? NIV-2CB7511B01172963 | BASKET | HIDDEN_HALO | U_PAVE | GOLD | KT_14 | 1ct | imgs:3
[02:53:32][EMERALD] [5522] ? NIV-2CB7511B01172963 | BASKET | HIDDEN_HALO | U_PAVE | GOLD | KT_14 | 1ct | imgs:3
[02:53:35][EMERALD] [5523] ? NIV-E41A2310F97EB07C | BASKET | HIDDEN_HALO | U_PAVE | GOLD | KT_14 | 1ct | imgs:3
[02:53:38][EMERALD] [5524] ? NIV-E41A2310F97EB07C | BASKET | HIDDEN_HALO | U_PAVE | GOLD | KT_14 | 1ct | imgs:3
[02:53:42][EMERALD] [5525] ? NIV-E41A2310F97EB07C | BASKET | HIDDEN_HALO | U_PAVE | GOLD | KT_14 | 1ct | imgs:3
[02:53:47][EMERALD] [5526] ? NIV-508BACFE94AC0958 | BASKET | HIDDEN_HALO | U_PAVE | GOLD | KT_18 | 1ct | imgs:3
[02:53:50][EMERALD] [5527] ? NIV-508BACFE94AC0958 | BASKET | HIDDEN_HALO | U_PAVE | GOLD | KT_18 | 1ct | imgs:3
[02:53:54][EMERALD] [5528] ? NIV-508BACFE94AC0958 | BASKET | HIDDEN_HALO | U_PAVE | GOLD | KT_18 | 1ct | imgs:3
[02:53:56][EMERALD] [5529] ? NIV-532659C8AC8CB07F | BASKET | HIDDEN_HALO | U_PAVE | GOLD | KT_18 | 1ct | imgs:3
[02:53:59][EMERALD] [5530] ? NIV-532659C8AC8CB07F | BASKET | HIDDEN_HALO | U_PAVE | GOLD | KT_18 | 1ct | imgs:3
[02:54:03][EMERALD] [5531] ? NIV-532659C8AC8CB07F | BASKET | HIDDEN_HALO | U_PAVE | GOLD | KT_18 | 1ct | imgs:3
[02:54:05][EMERALD] [5532] ? NIV-E5DEAEEA1E3B0168 | BASKET | HIDDEN_HALO | U_PAVE | GOLD | KT_18 | 1ct | imgs:3
[02:54:11][EMERALD] [5533] ? NIV-E5DEAEEA1E3B0168 | BASKET | HIDDEN_HALO | U_PAVE | GOLD | KT_18 | 1ct | imgs:3
[02:54:15][EMERALD] [5534] ? NIV-E5DEAEEA1E3B0168 | BASKET | HIDDEN_HALO | U_PAVE | GOLD | KT_18 | 1ct | imgs:3
[02:54:17][EMERALD] [5535] ? NIV-31A7A38C16DAA3DE | BASKET | HIDDEN_HALO | U_PAVE | PLATINUM | PT_950 | 1ct | imgs:3
[02:54:23][EMERALD] [5536] ? NIV-32F1CE7B3BE097E3 | BASKET | HIDDEN_HALO | U_PAVE | GOLD | KT_10 | 1ct | imgs:3
[02:54:26][EMERALD] [5537] ? NIV-32F1CE7B3BE097E3 | BASKET | HIDDEN_HALO | U_PAVE | GOLD | KT_10 | 1ct | imgs:3
[02:54:30][EMERALD] [5538] ? NIV-32F1CE7B3BE097E3 | BASKET | HIDDEN_HALO | U_PAVE | GOLD | KT_10 | 1ct | imgs:3
[02:54:32][EMERALD] [5539] ? NIV-DD19BB62A5BC9625 | BASKET | HIDDEN_HALO | U_PAVE | GOLD | KT_10 | 1ct | imgs:3
[02:54:36][EMERALD] [5540] ? NIV-DD19BB62A5BC9625 | BASKET | HIDDEN_HALO | U_PAVE | GOLD | KT_10 | 1ct | imgs:3
[02:54:39][EMERALD] [5541] ? NIV-DD19BB62A5BC9625 | BASKET | HIDDEN_HALO | U_PAVE | GOLD | KT_10 | 1ct | imgs:3
[02:54:42][EMERALD] [5542] ? NIV-3FFB254073E0DC17 | BASKET | HIDDEN_HALO | U_PAVE | GOLD | KT_10 | 1ct | imgs:3
[02:54:47][EMERALD] [5543] ? NIV-3FFB254073E0DC17 | BASKET | HIDDEN_HALO | U_PAVE | GOLD | KT_10 | 1ct | imgs:3
[02:54:50][EMERALD] [5544] ? NIV-3FFB254073E0DC17 | BASKET | HIDDEN_HALO | U_PAVE | GOLD | KT_10 | 1ct | imgs:3
[02:54:53][EMERALD] [5545] ? NIV-2F74FD07C581D9F8 | BASKET | HIDDEN_HALO | U_PAVE | GOLD | KT_14 | 1ct | imgs:3
[02:54:59][EMERALD] [5546] ? NIV-2F74FD07C581D9F8 | BASKET | HIDDEN_HALO | U_PAVE | GOLD | KT_14 | 1ct | imgs:3
[02:55:02][EMERALD] [5547] ? NIV-2F74FD07C581D9F8 | BASKET | HIDDEN_HALO | U_PAVE | GOLD | KT_14 | 1ct | imgs:3
[02:55:08][EMERALD] [5548] ? NIV-C4199F2E7A0BC2B0 | BASKET | HIDDEN_HALO | U_PAVE | GOLD | KT_14 | 1ct | imgs:3
[02:55:12][EMERALD] [5549] ? NIV-C4199F2E7A0BC2B0 | BASKET | HIDDEN_HALO | U_PAVE | GOLD | KT_14 | 1ct | imgs:3
[02:55:17][EMERALD] [5550] ? NIV-C4199F2E7A0BC2B0 | BASKET | HIDDEN_HALO | U_PAVE | GOLD | KT_14 | 1ct | imgs:3
[02:55:20][EMERALD] [5551] ? NIV-44B09832B2240D48 | BASKET | HIDDEN_HALO | U_PAVE | GOLD | KT_14 | 1ct | imgs:3
[02:55:24][EMERALD] [5552] ? NIV-44B09832B2240D48 | BASKET | HIDDEN_HALO | U_PAVE | GOLD | KT_14 | 1ct | imgs:3
[02:55:29][EMERALD] [5553] ? NIV-44B09832B2240D48 | BASKET | HIDDEN_HALO | U_PAVE | GOLD | KT_14 | 1ct | imgs:3
[02:55:33][EMERALD] [5554] ? NIV-68EC3B05AE23B9F8 | BASKET | HIDDEN_HALO | U_PAVE | GOLD | KT_18 | 1ct | imgs:3
[02:55:38][EMERALD] [5555] ? NIV-68EC3B05AE23B9F8 | BASKET | HIDDEN_HALO | U_PAVE | GOLD | KT_18 | 1ct | imgs:3
[02:55:42][EMERALD] [5556] ? NIV-68EC3B05AE23B9F8 | BASKET | HIDDEN_HALO | U_PAVE | GOLD | KT_18 | 1ct | imgs:3
[02:55:44][EMERALD] [5557] ? NIV-0218312F05ED8721 | BASKET | HIDDEN_HALO | U_PAVE | GOLD | KT_18 | 1ct | imgs:3
[02:55:48][EMERALD] [5558] ? NIV-0218312F05ED8721 | BASKET | HIDDEN_HALO | U_PAVE | GOLD | KT_18 | 1ct | imgs:3
[02:55:51][EMERALD] [5559] ? NIV-0218312F05ED8721 | BASKET | HIDDEN_HALO | U_PAVE | GOLD | KT_18 | 1ct | imgs:3
[02:55:53][EMERALD] [5560] ? NIV-75A7618BCC763323 | BASKET | HIDDEN_HALO | U_PAVE | GOLD | KT_18 | 1ct | imgs:3
[02:55:59][EMERALD] [5561] ? NIV-75A7618BCC763323 | BASKET | HIDDEN_HALO | U_PAVE | GOLD | KT_18 | 1ct | imgs:3
[02:56:02][EMERALD] [5562] ? NIV-75A7618BCC763323 | BASKET | HIDDEN_HALO | U_PAVE | GOLD | KT_18 | 1ct | imgs:3
[02:56:05][EMERALD] [5563] ? NIV-0203AFD91425ADDB | BASKET | HIDDEN_HALO | U_PAVE | PLATINUM | PT_950 | 1ct | imgs:3
[02:56:11][EMERALD] [5564] ? NIV-7B58F04A8942DF0C | BASKET | HIDDEN_HALO | U_PAVE | GOLD | KT_10 | 1ct | imgs:3
[02:56:14][EMERALD] [5565] ? NIV-7B58F04A8942DF0C | BASKET | HIDDEN_HALO | U_PAVE | GOLD | KT_10 | 1ct | imgs:3
[02:56:18][EMERALD] [5566] ? NIV-7B58F04A8942DF0C | BASKET | HIDDEN_HALO | U_PAVE | GOLD | KT_10 | 1ct | imgs:3
[02:56:20][EMERALD] [5567] ? NIV-0A23276524120D48 | BASKET | HIDDEN_HALO | U_PAVE | GOLD | KT_10 | 1ct | imgs:3
[02:56:24][EMERALD] [5568] ? NIV-0A23276524120D48 | BASKET | HIDDEN_HALO | U_PAVE | GOLD | KT_10 | 1ct | imgs:3
[02:56:29][EMERALD] [5569] ? NIV-0A23276524120D48 | BASKET | HIDDEN_HALO | U_PAVE | GOLD | KT_10 | 1ct | imgs:3
[02:56:32][EMERALD] [5570] ? NIV-2F3B561B54FED251 | BASKET | HIDDEN_HALO | U_PAVE | GOLD | KT_10 | 1ct | imgs:3
[02:56:36][EMERALD] [5571] ? NIV-2F3B561B54FED251 | BASKET | HIDDEN_HALO | U_PAVE | GOLD | KT_10 | 1ct | imgs:3
[02:56:39][EMERALD] [5572] ? NIV-2F3B561B54FED251 | BASKET | HIDDEN_HALO | U_PAVE | GOLD | KT_10 | 1ct | imgs:3
[02:56:44][EMERALD] [5573] ? NIV-7DB4CC52A1D9F2C7 | BASKET | HIDDEN_HALO | U_PAVE | GOLD | KT_14 | 1ct | imgs:3
[02:56:48][EMERALD] [5574] ? NIV-7DB4CC52A1D9F2C7 | BASKET | HIDDEN_HALO | U_PAVE | GOLD | KT_14 | 1ct | imgs:3
[02:56:51][EMERALD] [5575] ? NIV-7DB4CC52A1D9F2C7 | BASKET | HIDDEN_HALO | U_PAVE | GOLD | KT_14 | 1ct | imgs:3
[02:56:54][EMERALD] [5576] ? NIV-82ADD8637F9F823C | BASKET | HIDDEN_HALO | U_PAVE | GOLD | KT_14 | 1ct | imgs:3
[02:56:59][EMERALD] [5577] ? NIV-82ADD8637F9F823C | BASKET | HIDDEN_HALO | U_PAVE | GOLD | KT_14 | 1ct | imgs:3
[02:57:05][EMERALD] [5578] ? NIV-82ADD8637F9F823C | BASKET | HIDDEN_HALO | U_PAVE | GOLD | KT_14 | 1ct | imgs:3
[02:57:08][EMERALD] [5579] ? NIV-1188306BC38F660F | BASKET | HIDDEN_HALO | U_PAVE | GOLD | KT_14 | 1ct | imgs:3
[02:57:12][EMERALD] [5580] ? NIV-1188306BC38F660F | BASKET | HIDDEN_HALO | U_PAVE | GOLD | KT_14 | 1ct | imgs:3
[02:57:17][EMERALD] [5581] ? NIV-1188306BC38F660F | BASKET | HIDDEN_HALO | U_PAVE | GOLD | KT_14 | 1ct | imgs:3
[02:57:21][EMERALD] [5582] ? NIV-CC5AABDCB93C8D35 | BASKET | HIDDEN_HALO | U_PAVE | GOLD | KT_18 | 1ct | imgs:2
[02:57:26][EMERALD] [5583] ? NIV-CC5AABDCB93C8D35 | BASKET | HIDDEN_HALO | U_PAVE | GOLD | KT_18 | 1ct | imgs:3
[02:57:29][EMERALD] [5584] ? NIV-CC5AABDCB93C8D35 | BASKET | HIDDEN_HALO | U_PAVE | GOLD | KT_18 | 1ct | imgs:3
[02:57:32][EMERALD] [5585] ? NIV-E1C93967A5349EB8 | BASKET | HIDDEN_HALO | U_PAVE | GOLD | KT_18 | 1ct | imgs:3
[02:57:36][EMERALD] [5586] ? NIV-E1C93967A5349EB8 | BASKET | HIDDEN_HALO | U_PAVE | GOLD | KT_18 | 1ct | imgs:3
[02:57:41][EMERALD] [5587] ? NIV-E1C93967A5349EB8 | BASKET | HIDDEN_HALO | U_PAVE | GOLD | KT_18 | 1ct | imgs:3
[02:57:44][EMERALD] [5588] ? NIV-C0F3B5BADBB7A47C | BASKET | HIDDEN_HALO | U_PAVE | GOLD | KT_18 | 1ct | imgs:3
[02:57:48][EMERALD] [5589] ? NIV-C0F3B5BADBB7A47C | BASKET | HIDDEN_HALO | U_PAVE | GOLD | KT_18 | 1ct | imgs:3
[02:57:53][EMERALD] [5590] ? NIV-C0F3B5BADBB7A47C | BASKET | HIDDEN_HALO | U_PAVE | GOLD | KT_18 | 1ct | imgs:3
[02:57:56][EMERALD] [5591] ? NIV-0A3C51768A71A3D9 | BASKET | HIDDEN_HALO | U_PAVE | PLATINUM | PT_950 | 1ct | imgs:3
[02:58:02][EMERALD] [5592] ? NIV-20DD3AAAE02962A3 | BASKET | HIDDEN_HALO | U_PAVE | GOLD | KT_10 | 1ct | imgs:3
[02:58:06][EMERALD] [5593] ? NIV-20DD3AAAE02962A3 | BASKET | HIDDEN_HALO | U_PAVE | GOLD | KT_10 | 1ct | imgs:3
[02:58:11][EMERALD] [5594] ? NIV-20DD3AAAE02962A3 | BASKET | HIDDEN_HALO | U_PAVE | GOLD | KT_10 | 1ct | imgs:3
[02:58:14][EMERALD] [5595] ? NIV-8060A3112B1FF3B4 | BASKET | HIDDEN_HALO | U_PAVE | GOLD | KT_10 | 1ct | imgs:3
[02:58:18][EMERALD] [5596] ? NIV-8060A3112B1FF3B4 | BASKET | HIDDEN_HALO | U_PAVE | GOLD | KT_10 | 1ct | imgs:3
[02:58:21][EMERALD] [5597] ? NIV-8060A3112B1FF3B4 | BASKET | HIDDEN_HALO | U_PAVE | GOLD | KT_10 | 1ct | imgs:3
[02:58:24][EMERALD] [5598] ? NIV-61B40D8F1A9FDC2D | BASKET | HIDDEN_HALO | U_PAVE | GOLD | KT_10 | 1ct | imgs:3
[02:58:29][EMERALD] [5599] ? NIV-61B40D8F1A9FDC2D | BASKET | HIDDEN_HALO | U_PAVE | GOLD | KT_10 | 1ct | imgs:3
[02:58:33][EMERALD] [5600] ? NIV-61B40D8F1A9FDC2D | BASKET | HIDDEN_HALO | U_PAVE | GOLD | KT_10 | 1ct | imgs:3
[02:58:36][EMERALD] [5601] ? NIV-543EBD13FF813D68 | BASKET | HIDDEN_HALO | U_PAVE | GOLD | KT_14 | 1ct | imgs:2
[02:58:41][EMERALD] [5602] ? NIV-543EBD13FF813D68 | BASKET | HIDDEN_HALO | U_PAVE | GOLD | KT_14 | 1ct | imgs:3
[02:58:45][EMERALD] [5603] ? NIV-543EBD13FF813D68 | BASKET | HIDDEN_HALO | U_PAVE | GOLD | KT_14 | 1ct | imgs:3
[02:58:47][EMERALD] [5604] ? NIV-9BC21C734096EBB2 | BASKET | HIDDEN_HALO | U_PAVE | GOLD | KT_14 | 1ct | imgs:3
[02:58:51][EMERALD] [5605] ? NIV-9BC21C734096EBB2 | BASKET | HIDDEN_HALO | U_PAVE | GOLD | KT_14 | 1ct | imgs:3
[02:58:56][EMERALD] [5606] ? NIV-9BC21C734096EBB2 | BASKET | HIDDEN_HALO | U_PAVE | GOLD | KT_14 | 1ct | imgs:3
[02:58:59][EMERALD] [5607] ? NIV-A72DC76A56802E20 | BASKET | HIDDEN_HALO | U_PAVE | GOLD | KT_14 | 1ct | imgs:3
[02:59:03][EMERALD] [5608] ? NIV-A72DC76A56802E20 | BASKET | HIDDEN_HALO | U_PAVE | GOLD | KT_14 | 1ct | imgs:3
[02:59:08][EMERALD] [5609] ? NIV-A72DC76A56802E20 | BASKET | HIDDEN_HALO | U_PAVE | GOLD | KT_14 | 1ct | imgs:3
[02:59:11][EMERALD] [5610] ? NIV-8D57EA4272FFA665 | BASKET | HIDDEN_HALO | U_PAVE | GOLD | KT_18 | 1ct | imgs:3
[02:59:15][EMERALD] [5611] ? NIV-8D57EA4272FFA665 | BASKET | HIDDEN_HALO | U_PAVE | GOLD | KT_18 | 1ct | imgs:3
[02:59:18][EMERALD] [5612] ? NIV-8D57EA4272FFA665 | BASKET | HIDDEN_HALO | U_PAVE | GOLD | KT_18 | 1ct | imgs:3
[02:59:20][EMERALD] [5613] ? NIV-02CE90BD3111BE01 | BASKET | HIDDEN_HALO | U_PAVE | GOLD | KT_18 | 1ct | imgs:3
[02:59:24][EMERALD] [5614] ? NIV-02CE90BD3111BE01 | BASKET | HIDDEN_HALO | U_PAVE | GOLD | KT_18 | 1ct | imgs:3
[02:59:29][EMERALD] [5615] ? NIV-02CE90BD3111BE01 | BASKET | HIDDEN_HALO | U_PAVE | GOLD | KT_18 | 1ct | imgs:3
[02:59:32][EMERALD] [5616] ? NIV-998B53B4BDB841D6 | BASKET | HIDDEN_HALO | U_PAVE | GOLD | KT_18 | 1ct | imgs:3
[02:59:35][EMERALD] [5617] ? NIV-998B53B4BDB841D6 | BASKET | HIDDEN_HALO | U_PAVE | GOLD | KT_18 | 1ct | imgs:3
[02:59:39][EMERALD] [5618] ? NIV-998B53B4BDB841D6 | BASKET | HIDDEN_HALO | U_PAVE | GOLD | KT_18 | 1ct | imgs:3
[02:59:41][EMERALD] [5619] ? NIV-FE9D31D9DE7B3035 | BASKET | HIDDEN_HALO | U_PAVE | PLATINUM | PT_950 | 1ct | imgs:3
[02:59:45][EMERALD] [5620] ? NIV-59A15B4E89CC6603 | BASKET | HIDDEN_HALO | U_PAVE | GOLD | KT_10 | 1ct | imgs:3
[02:59:50][EMERALD] [5621] ? NIV-59A15B4E89CC6603 | BASKET | HIDDEN_HALO | U_PAVE | GOLD | KT_10 | 1ct | imgs:3
[02:59:56][EMERALD] [5622] ? NIV-59A15B4E89CC6603 | BASKET | HIDDEN_HALO | U_PAVE | GOLD | KT_10 | 1ct | imgs:3
[03:00:06][EMERALD] [5623] ? NIV-B804421DAE1B2692 | BASKET | HIDDEN_HALO | U_PAVE | GOLD | KT_10 | 1ct | imgs:1
[03:00:11][EMERALD] [5624] ? NIV-B804421DAE1B2692 | BASKET | HIDDEN_HALO | U_PAVE | GOLD | KT_10 | 1ct | imgs:3
[03:00:15][EMERALD] [5625] ? NIV-B804421DAE1B2692 | BASKET | HIDDEN_HALO | U_PAVE | GOLD | KT_10 | 1ct | imgs:3
[03:00:17][EMERALD] [5626] ? NIV-B3C3D210964E18E8 | BASKET | HIDDEN_HALO | U_PAVE | GOLD | KT_10 | 1ct | imgs:3
[03:00:21][EMERALD] [5627] ? NIV-B3C3D210964E18E8 | BASKET | HIDDEN_HALO | U_PAVE | GOLD | KT_10 | 1ct | imgs:3
[03:00:26][EMERALD] [5628] ? NIV-B3C3D210964E18E8 | BASKET | HIDDEN_HALO | U_PAVE | GOLD | KT_10 | 1ct | imgs:3
[03:00:29][EMERALD] [5629] ? NIV-F2FEAF22D75A9674 | BASKET | HIDDEN_HALO | U_PAVE | GOLD | KT_14 | 1ct | imgs:3
[03:00:33][EMERALD] [5630] ? NIV-F2FEAF22D75A9674 | BASKET | HIDDEN_HALO | U_PAVE | GOLD | KT_14 | 1ct | imgs:3
[03:00:38][EMERALD] [5631] ? NIV-F2FEAF22D75A9674 | BASKET | HIDDEN_HALO | U_PAVE | GOLD | KT_14 | 1ct | imgs:3
[03:00:42][EMERALD] [5632] ? NIV-4499E86A165667EC | BASKET | HIDDEN_HALO | U_PAVE | GOLD | KT_14 | 1ct | imgs:3
[03:00:47][EMERALD] [5633] ? NIV-4499E86A165667EC | BASKET | HIDDEN_HALO | U_PAVE | GOLD | KT_14 | 1ct | imgs:3
[03:00:51][EMERALD] [5634] ? NIV-4499E86A165667EC | BASKET | HIDDEN_HALO | U_PAVE | GOLD | KT_14 | 1ct | imgs:3
[03:01:02][EMERALD] [5635] ??  NIV-6E66753C58B88EE1 | BASKET | HIDDEN_HALO | U_PAVE | GOLD | KT_14 | 1ct | imgs:0
[03:01:02][EMERALD]   Re-seleccionando EMERALD (intento 1)
[03:01:02][EMERALD]   Boton no encontrado ? recargando configurador...
[03:01:18][EMERALD]   Re-seleccionando EMERALD (intento 2)
[03:01:20][EMERALD] [5636] ? NIV-5F5A857F33EF336D | BASKET | HIDDEN_HALO | U_PAVE | GOLD | KT_14 | 1ct | imgs:3
[03:01:23][EMERALD] [5637] ? NIV-0617BAFFC8F22085 | BASKET | HIDDEN_HALO | U_PAVE | GOLD | KT_14 | 1ct | imgs:3
[03:01:26][EMERALD] [5638] ? NIV-84C7F7530C70F70D | BASKET | HIDDEN_HALO | U_PAVE | GOLD | KT_18 | 1ct | imgs:3
[03:01:31][EMERALD] [5639] ? NIV-C58B0EAE6D5330BE | BASKET | HIDDEN_HALO | U_PAVE | GOLD | KT_18 | 1ct | imgs:3
[03:01:35][EMERALD] [5640] ? NIV-EAA574E805638E9C | BASKET | HIDDEN_HALO | U_PAVE | GOLD | KT_18 | 1ct | imgs:3
[03:01:38][EMERALD] [5641] ? NIV-8E441C273A81DF56 | BASKET | HIDDEN_HALO | U_PAVE | GOLD | KT_18 | 1ct | imgs:3
[03:01:41][EMERALD] [5642] ? NIV-C3AFBCCBEFFACDF6 | BASKET | HIDDEN_HALO | U_PAVE | GOLD | KT_18 | 1ct | imgs:3
[03:01:44][EMERALD] [5643] ? NIV-956C60F4CECC038F | BASKET | HIDDEN_HALO | U_PAVE | GOLD | KT_18 | 1ct | imgs:3
[03:01:47][EMERALD] [5644] ? NIV-D1FAB43C2D1A64D4 | BASKET | HIDDEN_HALO | U_PAVE | GOLD | KT_18 | 1ct | imgs:3
[03:01:50][EMERALD] [5645] ? NIV-D8A74E718B3EE441 | BASKET | HIDDEN_HALO | U_PAVE | GOLD | KT_18 | 1ct | imgs:3
[03:01:53][EMERALD] [5646] ? NIV-B24E12D244D82B84 | BASKET | HIDDEN_HALO | U_PAVE | GOLD | KT_18 | 1ct | imgs:3
[03:01:56][EMERALD] [5647] ? NIV-DE75F99A88EA3D49 | BASKET | HIDDEN_HALO | U_PAVE | PLATINUM | PT_950 | 1ct | imgs:3
[03:01:59][EMERALD] [5648] ? NIV-3E6566E15858F994 | BASKET | HIDDEN_HALO | U_PAVE | GOLD | KT_10 | 1ct | imgs:3
[03:02:05][EMERALD] [5649] ? NIV-3E6566E15858F994 | BASKET | HIDDEN_HALO | U_PAVE | GOLD | KT_10 | 1ct | imgs:3
[03:02:08][EMERALD] [5650] ? NIV-3E6566E15858F994 | BASKET | HIDDEN_HALO | U_PAVE | GOLD | KT_10 | 1ct | imgs:3
[03:02:14][EMERALD] [5651] ? NIV-5E2C72B1021F8475 | BASKET | HIDDEN_HALO | U_PAVE | GOLD | KT_10 | 1ct | imgs:2
[03:02:17][EMERALD] [5652] ? NIV-5E2C72B1021F8475 | BASKET | HIDDEN_HALO | U_PAVE | GOLD | KT_10 | 1ct | imgs:3
[03:02:20][EMERALD] [5653] ? NIV-5E2C72B1021F8475 | BASKET | HIDDEN_HALO | U_PAVE | GOLD | KT_10 | 1ct | imgs:3
[03:02:26][EMERALD] [5654] ? NIV-B6C12105412F092C | BASKET | HIDDEN_HALO | U_PAVE | GOLD | KT_10 | 1ct | imgs:3
[03:02:29][EMERALD] [5655] ? NIV-B6C12105412F092C | BASKET | HIDDEN_HALO | U_PAVE | GOLD | KT_10 | 1ct | imgs:3
[03:02:35][EMERALD] [5656] ? NIV-B6C12105412F092C | BASKET | HIDDEN_HALO | U_PAVE | GOLD | KT_10 | 1ct | imgs:3
[03:02:45][EMERALD] [5657] ? NIV-CFEDF0243363AB29 | BASKET | HIDDEN_HALO | U_PAVE | GOLD | KT_14 | 1ct | imgs:1
[03:02:50][EMERALD] [5658] ? NIV-CFEDF0243363AB29 | BASKET | HIDDEN_HALO | U_PAVE | GOLD | KT_14 | 1ct | imgs:3
[03:02:56][EMERALD] [5659] ? NIV-CFEDF0243363AB29 | BASKET | HIDDEN_HALO | U_PAVE | GOLD | KT_14 | 1ct | imgs:3
[03:02:59][EMERALD] [5660] ? NIV-826AB88203889BC9 | BASKET | HIDDEN_HALO | U_PAVE | GOLD | KT_14 | 1ct | imgs:3
[03:03:05][EMERALD] [5661] ? NIV-826AB88203889BC9 | BASKET | HIDDEN_HALO | U_PAVE | GOLD | KT_14 | 1ct | imgs:3
[03:03:08][EMERALD] [5662] ? NIV-826AB88203889BC9 | BASKET | HIDDEN_HALO | U_PAVE | GOLD | KT_14 | 1ct | imgs:3
[03:03:11][EMERALD] [5663] ? NIV-FBCCB66AE461826F | BASKET | HIDDEN_HALO | U_PAVE | GOLD | KT_14 | 1ct | imgs:3
[03:03:14][EMERALD] [5664] ? NIV-FBCCB66AE461826F | BASKET | HIDDEN_HALO | U_PAVE | GOLD | KT_14 | 1ct | imgs:3
[03:03:17][EMERALD] [5665] ? NIV-FBCCB66AE461826F | BASKET | HIDDEN_HALO | U_PAVE | GOLD | KT_14 | 1ct | imgs:3
[03:03:20][EMERALD] [5666] ? NIV-212C30BDCE503BFB | BASKET | HIDDEN_HALO | U_PAVE | GOLD | KT_18 | 1ct | imgs:3
[03:03:26][EMERALD] [5667] ? NIV-212C30BDCE503BFB | BASKET | HIDDEN_HALO | U_PAVE | GOLD | KT_18 | 1ct | imgs:3
[03:03:29][EMERALD] [5668] ? NIV-212C30BDCE503BFB | BASKET | HIDDEN_HALO | U_PAVE | GOLD | KT_18 | 1ct | imgs:3
[03:03:36][EMERALD] [5669] ? NIV-D341397942DB6ECF | BASKET | HIDDEN_HALO | U_PAVE | GOLD | KT_18 | 1ct | imgs:3
[03:03:41][EMERALD] [5670] ? NIV-D341397942DB6ECF | BASKET | HIDDEN_HALO | U_PAVE | GOLD | KT_18 | 1ct | imgs:3
[03:03:44][EMERALD] [5671] ? NIV-D341397942DB6ECF | BASKET | HIDDEN_HALO | U_PAVE | GOLD | KT_18 | 1ct | imgs:3
[03:03:47][EMERALD] [5672] ? NIV-3FD60824C6CC280B | BASKET | HIDDEN_HALO | U_PAVE | GOLD | KT_18 | 1ct | imgs:3
[03:03:51][EMERALD] [5673] ? NIV-3FD60824C6CC280B | BASKET | HIDDEN_HALO | U_PAVE | GOLD | KT_18 | 1ct | imgs:3
[03:03:56][EMERALD] [5674] ? NIV-3FD60824C6CC280B | BASKET | HIDDEN_HALO | U_PAVE | GOLD | KT_18 | 1ct | imgs:3
[03:03:59][EMERALD] [5675] ? NIV-0E616B037BBD27A6 | BASKET | HIDDEN_HALO | U_PAVE | PLATINUM | PT_950 | 1ct | imgs:3
[03:04:08][EMERALD] [5676] ? NIV-CD227B9B07175F5F | BASKET | HIDDEN_HALO | CHANNEL | GOLD | KT_10 | 1ct | imgs:3
[03:04:11][EMERALD] [5677] ? NIV-CD227B9B07175F5F | BASKET | HIDDEN_HALO | CHANNEL | GOLD | KT_10 | 1ct | imgs:3
[03:04:17][EMERALD] [5678] ? NIV-CD227B9B07175F5F | BASKET | HIDDEN_HALO | CHANNEL | GOLD | KT_10 | 1ct | imgs:3
[03:04:20][EMERALD] [5679] ? NIV-AE7F28C47F8D190A | BASKET | HIDDEN_HALO | CHANNEL | GOLD | KT_10 | 1ct | imgs:3
[03:04:23][EMERALD] [5680] ? NIV-AE7F28C47F8D190A | BASKET | HIDDEN_HALO | CHANNEL | GOLD | KT_10 | 1ct | imgs:3
[03:04:29][EMERALD] [5681] ? NIV-AE7F28C47F8D190A | BASKET | HIDDEN_HALO | CHANNEL | GOLD | KT_10 | 1ct | imgs:3
[03:04:32][EMERALD] [5682] ? NIV-9E43316F3EF57666 | BASKET | HIDDEN_HALO | CHANNEL | GOLD | KT_10 | 1ct | imgs:3
[03:04:35][EMERALD] [5683] ? NIV-9E43316F3EF57666 | BASKET | HIDDEN_HALO | CHANNEL | GOLD | KT_10 | 1ct | imgs:3
[03:04:41][EMERALD] [5684] ? NIV-9E43316F3EF57666 | BASKET | HIDDEN_HALO | CHANNEL | GOLD | KT_10 | 1ct | imgs:3
[03:04:44][EMERALD] [5685] ? NIV-F3736826154CFB3A | BASKET | HIDDEN_HALO | CHANNEL | GOLD | KT_14 | 1ct | imgs:3
[03:04:47][EMERALD] [5686] ? NIV-F3736826154CFB3A | BASKET | HIDDEN_HALO | CHANNEL | GOLD | KT_14 | 1ct | imgs:3
[03:04:50][EMERALD] [5687] ? NIV-F3736826154CFB3A | BASKET | HIDDEN_HALO | CHANNEL | GOLD | KT_14 | 1ct | imgs:3
[03:04:53][EMERALD] [5688] ? NIV-F11F72709E39547D | BASKET | HIDDEN_HALO | CHANNEL | GOLD | KT_14 | 1ct | imgs:3
[03:04:56][EMERALD] [5689] ? NIV-F11F72709E39547D | BASKET | HIDDEN_HALO | CHANNEL | GOLD | KT_14 | 1ct | imgs:3
[03:05:02][EMERALD] [5690] ? NIV-F11F72709E39547D | BASKET | HIDDEN_HALO | CHANNEL | GOLD | KT_14 | 1ct | imgs:3
[03:05:05][EMERALD] [5691] ? NIV-1E9F1FCDE103C145 | BASKET | HIDDEN_HALO | CHANNEL | GOLD | KT_14 | 1ct | imgs:3
[03:05:11][EMERALD] [5692] ? NIV-1E9F1FCDE103C145 | BASKET | HIDDEN_HALO | CHANNEL | GOLD | KT_14 | 1ct | imgs:3
[03:05:14][EMERALD] [5693] ? NIV-1E9F1FCDE103C145 | BASKET | HIDDEN_HALO | CHANNEL | GOLD | KT_14 | 1ct | imgs:3
[03:05:17][EMERALD] [5694] ? NIV-22FEAFBC5E66A79A | BASKET | HIDDEN_HALO | CHANNEL | GOLD | KT_18 | 1ct | imgs:3
[03:05:20][EMERALD] [5695] ? NIV-22FEAFBC5E66A79A | BASKET | HIDDEN_HALO | CHANNEL | GOLD | KT_18 | 1ct | imgs:3
[03:05:26][EMERALD] [5696] ? NIV-22FEAFBC5E66A79A | BASKET | HIDDEN_HALO | CHANNEL | GOLD | KT_18 | 1ct | imgs:3
[03:05:29][EMERALD] [5697] ? NIV-70C45400F47EC6F5 | BASKET | HIDDEN_HALO | CHANNEL | GOLD | KT_18 | 1ct | imgs:3
[03:05:32][EMERALD] [5698] ? NIV-70C45400F47EC6F5 | BASKET | HIDDEN_HALO | CHANNEL | GOLD | KT_18 | 1ct | imgs:3
[03:05:35][EMERALD] [5699] ? NIV-70C45400F47EC6F5 | BASKET | HIDDEN_HALO | CHANNEL | GOLD | KT_18 | 1ct | imgs:3
[03:05:38][EMERALD] [5700] ? NIV-C20148435E30C002 | BASKET | HIDDEN_HALO | CHANNEL | GOLD | KT_18 | 1ct | imgs:3
[03:05:41][EMERALD] [5701] ? NIV-C20148435E30C002 | BASKET | HIDDEN_HALO | CHANNEL | GOLD | KT_18 | 1ct | imgs:3
[03:05:47][EMERALD] [5702] ? NIV-C20148435E30C002 | BASKET | HIDDEN_HALO | CHANNEL | GOLD | KT_18 | 1ct | imgs:3
[03:05:50][EMERALD] [5703] ? NIV-AD90F9FD0E480079 | BASKET | HIDDEN_HALO | CHANNEL | PLATINUM | PT_950 | 1ct | imgs:3
[03:05:56][EMERALD] [5704] ? NIV-6D1372E0ACDC50D1 | BASKET | HIDDEN_HALO | CHANNEL | GOLD | KT_10 | 1ct | imgs:3
[03:05:59][EMERALD] [5705] ? NIV-6D1372E0ACDC50D1 | BASKET | HIDDEN_HALO | CHANNEL | GOLD | KT_10 | 1ct | imgs:3
[03:06:02][EMERALD] [5706] ? NIV-6D1372E0ACDC50D1 | BASKET | HIDDEN_HALO | CHANNEL | GOLD | KT_10 | 1ct | imgs:3
[03:06:05][EMERALD] [5707] ? NIV-794A1939914C967F | BASKET | HIDDEN_HALO | CHANNEL | GOLD | KT_10 | 1ct | imgs:3
[03:06:08][EMERALD] [5708] ? NIV-794A1939914C967F | BASKET | HIDDEN_HALO | CHANNEL | GOLD | KT_10 | 1ct | imgs:3
[03:06:11][EMERALD] [5709] ? NIV-794A1939914C967F | BASKET | HIDDEN_HALO | CHANNEL | GOLD | KT_10 | 1ct | imgs:3
[03:06:14][EMERALD] [5710] ? NIV-2D4AA3BC7A4D873E | BASKET | HIDDEN_HALO | CHANNEL | GOLD | KT_10 | 1ct | imgs:3
[03:06:17][EMERALD] [5711] ? NIV-2D4AA3BC7A4D873E | BASKET | HIDDEN_HALO | CHANNEL | GOLD | KT_10 | 1ct | imgs:3
[03:06:23][EMERALD] [5712] ? NIV-2D4AA3BC7A4D873E | BASKET | HIDDEN_HALO | CHANNEL | GOLD | KT_10 | 1ct | imgs:3
[03:06:26][EMERALD] [5713] ? NIV-CC02EE866F3C662D | BASKET | HIDDEN_HALO | CHANNEL | GOLD | KT_14 | 1ct | imgs:3
[03:06:29][EMERALD] [5714] ? NIV-CC02EE866F3C662D | BASKET | HIDDEN_HALO | CHANNEL | GOLD | KT_14 | 1ct | imgs:3
[03:06:32][EMERALD] [5715] ? NIV-CC02EE866F3C662D | BASKET | HIDDEN_HALO | CHANNEL | GOLD | KT_14 | 1ct | imgs:3
[03:06:35][EMERALD] [5716] ? NIV-7B04C2EE773CAF9F | BASKET | HIDDEN_HALO | CHANNEL | GOLD | KT_14 | 1ct | imgs:3
[03:06:38][EMERALD] [5717] ? NIV-7B04C2EE773CAF9F | BASKET | HIDDEN_HALO | CHANNEL | GOLD | KT_14 | 1ct | imgs:3
[03:06:42][EMERALD] [5718] ? NIV-7B04C2EE773CAF9F | BASKET | HIDDEN_HALO | CHANNEL | GOLD | KT_14 | 1ct | imgs:3
[03:06:44][EMERALD] [5719] ? NIV-D411C2574093FCCD | BASKET | HIDDEN_HALO | CHANNEL | GOLD | KT_14 | 1ct | imgs:3
[03:06:47][EMERALD] [5720] ? NIV-D411C2574093FCCD | BASKET | HIDDEN_HALO | CHANNEL | GOLD | KT_14 | 1ct | imgs:3
[03:06:53][EMERALD] [5721] ? NIV-D411C2574093FCCD | BASKET | HIDDEN_HALO | CHANNEL | GOLD | KT_14 | 1ct | imgs:3
[03:06:56][EMERALD] [5722] ? NIV-55E08217A6CEA6B7 | BASKET | HIDDEN_HALO | CHANNEL | GOLD | KT_18 | 1ct | imgs:3
[03:06:59][EMERALD] [5723] ? NIV-55E08217A6CEA6B7 | BASKET | HIDDEN_HALO | CHANNEL | GOLD | KT_18 | 1ct | imgs:3
[03:07:02][EMERALD] [5724] ? NIV-55E08217A6CEA6B7 | BASKET | HIDDEN_HALO | CHANNEL | GOLD | KT_18 | 1ct | imgs:3
[03:07:05][EMERALD] [5725] ? NIV-108A5904B3D905F2 | BASKET | HIDDEN_HALO | CHANNEL | GOLD | KT_18 | 1ct | imgs:3
[03:07:08][EMERALD] [5726] ? NIV-108A5904B3D905F2 | BASKET | HIDDEN_HALO | CHANNEL | GOLD | KT_18 | 1ct | imgs:3
[03:07:11][EMERALD] [5727] ? NIV-108A5904B3D905F2 | BASKET | HIDDEN_HALO | CHANNEL | GOLD | KT_18 | 1ct | imgs:3
[03:07:14][EMERALD] [5728] ? NIV-5CC499D75D73618D | BASKET | HIDDEN_HALO | CHANNEL | GOLD | KT_18 | 1ct | imgs:3
[03:07:17][EMERALD] [5729] ? NIV-5CC499D75D73618D | BASKET | HIDDEN_HALO | CHANNEL | GOLD | KT_18 | 1ct | imgs:3
[03:07:23][EMERALD] [5730] ? NIV-5CC499D75D73618D | BASKET | HIDDEN_HALO | CHANNEL | GOLD | KT_18 | 1ct | imgs:3
[03:07:26][EMERALD] [5731] ? NIV-B8CD6C2D0615DF86 | BASKET | HIDDEN_HALO | CHANNEL | PLATINUM | PT_950 | 1ct | imgs:3
[03:07:32][EMERALD] [5732] ? NIV-9CEA3A4A34933A90 | BASKET | HIDDEN_HALO | CHANNEL | GOLD | KT_10 | 1ct | imgs:3
[03:07:35][EMERALD] [5733] ? NIV-9CEA3A4A34933A90 | BASKET | HIDDEN_HALO | CHANNEL | GOLD | KT_10 | 1ct | imgs:3
[03:07:41][EMERALD] [5734] ? NIV-9CEA3A4A34933A90 | BASKET | HIDDEN_HALO | CHANNEL | GOLD | KT_10 | 1ct | imgs:3
[03:07:44][EMERALD] [5735] ? NIV-D926653B0B7109EB | BASKET | HIDDEN_HALO | CHANNEL | GOLD | KT_10 | 1ct | imgs:3
[03:07:50][EMERALD] [5736] ? NIV-D926653B0B7109EB | BASKET | HIDDEN_HALO | CHANNEL | GOLD | KT_10 | 1ct | imgs:3
[03:07:53][EMERALD] [5737] ? NIV-D926653B0B7109EB | BASKET | HIDDEN_HALO | CHANNEL | GOLD | KT_10 | 1ct | imgs:3
[03:07:56][EMERALD] [5738] ? NIV-9CA55EEBCF01972D | BASKET | HIDDEN_HALO | CHANNEL | GOLD | KT_10 | 1ct | imgs:3
[03:08:02][EMERALD] [5739] ? NIV-9CA55EEBCF01972D | BASKET | HIDDEN_HALO | CHANNEL | GOLD | KT_10 | 1ct | imgs:3
[03:08:08][EMERALD] [5740] ? NIV-9CA55EEBCF01972D | BASKET | HIDDEN_HALO | CHANNEL | GOLD | KT_10 | 1ct | imgs:3
[03:08:11][EMERALD] [5741] ? NIV-42AA283679BDAA95 | BASKET | HIDDEN_HALO | CHANNEL | GOLD | KT_14 | 1ct | imgs:3
[03:08:14][EMERALD] [5742] ? NIV-42AA283679BDAA95 | BASKET | HIDDEN_HALO | CHANNEL | GOLD | KT_14 | 1ct | imgs:3
[03:08:17][EMERALD] [5743] ? NIV-42AA283679BDAA95 | BASKET | HIDDEN_HALO | CHANNEL | GOLD | KT_14 | 1ct | imgs:3
[03:08:20][EMERALD] [5744] ? NIV-A24DF53644FE7C78 | BASKET | HIDDEN_HALO | CHANNEL | GOLD | KT_14 | 1ct | imgs:3
[03:08:23][EMERALD] [5745] ? NIV-A24DF53644FE7C78 | BASKET | HIDDEN_HALO | CHANNEL | GOLD | KT_14 | 1ct | imgs:3
[03:08:29][EMERALD] [5746] ? NIV-A24DF53644FE7C78 | BASKET | HIDDEN_HALO | CHANNEL | GOLD | KT_14 | 1ct | imgs:3
[03:08:32][EMERALD] [5747] ? NIV-02C18B3F14EF0F56 | BASKET | HIDDEN_HALO | CHANNEL | GOLD | KT_14 | 1ct | imgs:3
[03:08:35][EMERALD] [5748] ? NIV-02C18B3F14EF0F56 | BASKET | HIDDEN_HALO | CHANNEL | GOLD | KT_14 | 1ct | imgs:3
[03:08:41][EMERALD] [5749] ? NIV-02C18B3F14EF0F56 | BASKET | HIDDEN_HALO | CHANNEL | GOLD | KT_14 | 1ct | imgs:3
[03:08:44][EMERALD] [5750] ? NIV-615948479E21076B | BASKET | HIDDEN_HALO | CHANNEL | GOLD | KT_18 | 1ct | imgs:3
[03:08:47][EMERALD] [5751] ? NIV-615948479E21076B | BASKET | HIDDEN_HALO | CHANNEL | GOLD | KT_18 | 1ct | imgs:3
[03:08:53][EMERALD] [5752] ? NIV-615948479E21076B | BASKET | HIDDEN_HALO | CHANNEL | GOLD | KT_18 | 1ct | imgs:3
[03:08:56][EMERALD] [5753] ? NIV-0B9576710899D024 | BASKET | HIDDEN_HALO | CHANNEL | GOLD | KT_18 | 1ct | imgs:3
[03:08:59][EMERALD] [5754] ? NIV-0B9576710899D024 | BASKET | HIDDEN_HALO | CHANNEL | GOLD | KT_18 | 1ct | imgs:3
[03:09:05][EMERALD] [5755] ? NIV-0B9576710899D024 | BASKET | HIDDEN_HALO | CHANNEL | GOLD | KT_18 | 1ct | imgs:3
[03:09:08][EMERALD] [5756] ? NIV-713EAE145CD1ED5F | BASKET | HIDDEN_HALO | CHANNEL | GOLD | KT_18 | 1ct | imgs:3
[03:09:14][EMERALD] [5757] ? NIV-713EAE145CD1ED5F | BASKET | HIDDEN_HALO | CHANNEL | GOLD | KT_18 | 1ct | imgs:3
[03:09:17][EMERALD] [5758] ? NIV-713EAE145CD1ED5F | BASKET | HIDDEN_HALO | CHANNEL | GOLD | KT_18 | 1ct | imgs:3
[03:09:20][EMERALD] [5759] ? NIV-C703700C271E2ECF | BASKET | HIDDEN_HALO | CHANNEL | PLATINUM | PT_950 | 1ct | imgs:3
[03:09:26][EMERALD] [5760] ? NIV-4EF070BCD4217F14 | BASKET | HIDDEN_HALO | CHANNEL | GOLD | KT_10 | 1ct | imgs:3
[03:09:29][EMERALD] [5761] ? NIV-4EF070BCD4217F14 | BASKET | HIDDEN_HALO | CHANNEL | GOLD | KT_10 | 1ct | imgs:3
[03:09:35][EMERALD] [5762] ? NIV-4EF070BCD4217F14 | BASKET | HIDDEN_HALO | CHANNEL | GOLD | KT_10 | 1ct | imgs:3
[03:09:38][EMERALD] [5763] ? NIV-3EC5A17992031969 | BASKET | HIDDEN_HALO | CHANNEL | GOLD | KT_10 | 1ct | imgs:3
[03:09:41][EMERALD] [5764] ? NIV-3EC5A17992031969 | BASKET | HIDDEN_HALO | CHANNEL | GOLD | KT_10 | 1ct | imgs:3
[03:09:47][EMERALD] [5765] ? NIV-3EC5A17992031969 | BASKET | HIDDEN_HALO | CHANNEL | GOLD | KT_10 | 1ct | imgs:3
[03:09:50][EMERALD] [5766] ? NIV-03DCE2D8DD2B6DB0 | BASKET | HIDDEN_HALO | CHANNEL | GOLD | KT_10 | 1ct | imgs:3
[03:09:56][EMERALD] [5767] ? NIV-03DCE2D8DD2B6DB0 | BASKET | HIDDEN_HALO | CHANNEL | GOLD | KT_10 | 1ct | imgs:3
[03:09:59][EMERALD] [5768] ? NIV-03DCE2D8DD2B6DB0 | BASKET | HIDDEN_HALO | CHANNEL | GOLD | KT_10 | 1ct | imgs:3
[03:10:05][EMERALD] [5769] ? NIV-DC40C0FEAEBAB163 | BASKET | HIDDEN_HALO | CHANNEL | GOLD | KT_14 | 1ct | imgs:3
[03:10:08][EMERALD] [5770] ? NIV-DC40C0FEAEBAB163 | BASKET | HIDDEN_HALO | CHANNEL | GOLD | KT_14 | 1ct | imgs:3
[03:10:14][EMERALD] [5771] ? NIV-DC40C0FEAEBAB163 | BASKET | HIDDEN_HALO | CHANNEL | GOLD | KT_14 | 1ct | imgs:3
[03:10:21][EMERALD] [5772] ? NIV-C5843A42A70C7DAE | BASKET | HIDDEN_HALO | CHANNEL | GOLD | KT_14 | 1ct | imgs:3
[03:10:26][EMERALD] [5773] ? NIV-C5843A42A70C7DAE | BASKET | HIDDEN_HALO | CHANNEL | GOLD | KT_14 | 1ct | imgs:3
[03:10:29][EMERALD] [5774] ? NIV-C5843A42A70C7DAE | BASKET | HIDDEN_HALO | CHANNEL | GOLD | KT_14 | 1ct | imgs:3
[03:10:32][EMERALD] [5775] ? NIV-FBDB67DBC9FED130 | BASKET | HIDDEN_HALO | CHANNEL | GOLD | KT_14 | 1ct | imgs:3
[03:10:38][EMERALD] [5776] ? NIV-FBDB67DBC9FED130 | BASKET | HIDDEN_HALO | CHANNEL | GOLD | KT_14 | 1ct | imgs:3
[03:10:41][EMERALD] [5777] ? NIV-FBDB67DBC9FED130 | BASKET | HIDDEN_HALO | CHANNEL | GOLD | KT_14 | 1ct | imgs:3
[03:10:47][EMERALD] [5778] ? NIV-2A401D230DE427AC | BASKET | HIDDEN_HALO | CHANNEL | GOLD | KT_18 | 1ct | imgs:3
[03:10:50][EMERALD] [5779] ? NIV-2A401D230DE427AC | BASKET | HIDDEN_HALO | CHANNEL | GOLD | KT_18 | 1ct | imgs:3
[03:10:53][EMERALD] [5780] ? NIV-2A401D230DE427AC | BASKET | HIDDEN_HALO | CHANNEL | GOLD | KT_18 | 1ct | imgs:3
[03:10:56][EMERALD] [5781] ? NIV-89528EF636EFC148 | BASKET | HIDDEN_HALO | CHANNEL | GOLD | KT_18 | 1ct | imgs:3
[03:11:02][EMERALD] [5782] ? NIV-89528EF636EFC148 | BASKET | HIDDEN_HALO | CHANNEL | GOLD | KT_18 | 1ct | imgs:3
[03:11:05][EMERALD] [5783] ? NIV-89528EF636EFC148 | BASKET | HIDDEN_HALO | CHANNEL | GOLD | KT_18 | 1ct | imgs:3
[03:11:08][EMERALD] [5784] ? NIV-93EB6343268246C2 | BASKET | HIDDEN_HALO | CHANNEL | GOLD | KT_18 | 1ct | imgs:3
[03:11:14][EMERALD] [5785] ? NIV-93EB6343268246C2 | BASKET | HIDDEN_HALO | CHANNEL | GOLD | KT_18 | 1ct | imgs:3
[03:11:17][EMERALD] [5786] ? NIV-93EB6343268246C2 | BASKET | HIDDEN_HALO | CHANNEL | GOLD | KT_18 | 1ct | imgs:3
[03:11:20][EMERALD] [5787] ? NIV-F4E67692E061B837 | BASKET | HIDDEN_HALO | CHANNEL | PLATINUM | PT_950 | 1ct | imgs:3
[03:11:26][EMERALD] [5788] ? NIV-C4A43D07FF588CF7 | BASKET | HIDDEN_HALO | CHANNEL | GOLD | KT_10 | 1ct | imgs:3
[03:11:29][EMERALD] [5789] ? NIV-C4A43D07FF588CF7 | BASKET | HIDDEN_HALO | CHANNEL | GOLD | KT_10 | 1ct | imgs:3
[03:11:32][EMERALD] [5790] ? NIV-C4A43D07FF588CF7 | BASKET | HIDDEN_HALO | CHANNEL | GOLD | KT_10 | 1ct | imgs:3
[03:11:35][EMERALD] [5791] ? NIV-2987C61C74775A48 | BASKET | HIDDEN_HALO | CHANNEL | GOLD | KT_10 | 1ct | imgs:3
[03:11:41][EMERALD] [5792] ? NIV-2987C61C74775A48 | BASKET | HIDDEN_HALO | CHANNEL | GOLD | KT_10 | 1ct | imgs:3
[03:11:44][EMERALD] [5793] ? NIV-2987C61C74775A48 | BASKET | HIDDEN_HALO | CHANNEL | GOLD | KT_10 | 1ct | imgs:3
[03:11:47][EMERALD] [5794] ? NIV-DB044E255C65D6E5 | BASKET | HIDDEN_HALO | CHANNEL | GOLD | KT_10 | 1ct | imgs:3
[03:11:50][EMERALD] [5795] ? NIV-DB044E255C65D6E5 | BASKET | HIDDEN_HALO | CHANNEL | GOLD | KT_10 | 1ct | imgs:3
[03:11:53][EMERALD] [5796] ? NIV-DB044E255C65D6E5 | BASKET | HIDDEN_HALO | CHANNEL | GOLD | KT_10 | 1ct | imgs:3
[03:11:56][EMERALD] [5797] ? NIV-B901D144A5C0F12B | BASKET | HIDDEN_HALO | CHANNEL | GOLD | KT_14 | 1ct | imgs:3
[03:11:59][EMERALD] [5798] ? NIV-B901D144A5C0F12B | BASKET | HIDDEN_HALO | CHANNEL | GOLD | KT_14 | 1ct | imgs:3
[03:12:05][EMERALD] [5799] ? NIV-B901D144A5C0F12B | BASKET | HIDDEN_HALO | CHANNEL | GOLD | KT_14 | 1ct | imgs:3
[03:12:08][EMERALD] [5800] ? NIV-26618D87495A0F05 | BASKET | HIDDEN_HALO | CHANNEL | GOLD | KT_14 | 1ct | imgs:3
[03:12:11][EMERALD] [5801] ? NIV-26618D87495A0F05 | BASKET | HIDDEN_HALO | CHANNEL | GOLD | KT_14 | 1ct | imgs:3
[03:12:17][EMERALD] [5802] ? NIV-26618D87495A0F05 | BASKET | HIDDEN_HALO | CHANNEL | GOLD | KT_14 | 1ct | imgs:3
[03:12:20][EMERALD] [5803] ? NIV-B42C9647B7377177 | BASKET | HIDDEN_HALO | CHANNEL | GOLD | KT_14 | 1ct | imgs:3
[03:12:23][EMERALD] [5804] ? NIV-B42C9647B7377177 | BASKET | HIDDEN_HALO | CHANNEL | GOLD | KT_14 | 1ct | imgs:3
[03:12:26][EMERALD] [5805] ? NIV-B42C9647B7377177 | BASKET | HIDDEN_HALO | CHANNEL | GOLD | KT_14 | 1ct | imgs:3
[03:12:32][EMERALD] [5806] ? NIV-7199A246526C4D1C | BASKET | HIDDEN_HALO | CHANNEL | GOLD | KT_18 | 1ct | imgs:3
[03:12:35][EMERALD] [5807] ? NIV-7199A246526C4D1C | BASKET | HIDDEN_HALO | CHANNEL | GOLD | KT_18 | 1ct | imgs:3
[03:12:38][EMERALD] [5808] ? NIV-7199A246526C4D1C | BASKET | HIDDEN_HALO | CHANNEL | GOLD | KT_18 | 1ct | imgs:3
[03:12:41][EMERALD] [5809] ? NIV-5D23F4E854879ABE | BASKET | HIDDEN_HALO | CHANNEL | GOLD | KT_18 | 1ct | imgs:3
[03:12:44][EMERALD] [5810] ? NIV-5D23F4E854879ABE | BASKET | HIDDEN_HALO | CHANNEL | GOLD | KT_18 | 1ct | imgs:3
[03:12:47][EMERALD] [5811] ? NIV-5D23F4E854879ABE | BASKET | HIDDEN_HALO | CHANNEL | GOLD | KT_18 | 1ct | imgs:3
[03:12:50][EMERALD] [5812] ? NIV-F00E5001CD18A053 | BASKET | HIDDEN_HALO | CHANNEL | GOLD | KT_18 | 1ct | imgs:3
[03:12:53][EMERALD] [5813] ? NIV-F00E5001CD18A053 | BASKET | HIDDEN_HALO | CHANNEL | GOLD | KT_18 | 1ct | imgs:3
[03:12:56][EMERALD] [5814] ? NIV-F00E5001CD18A053 | BASKET | HIDDEN_HALO | CHANNEL | GOLD | KT_18 | 1ct | imgs:3
[03:12:59][EMERALD] [5815] ? NIV-7B79F4FDBAE93E16 | BASKET | HIDDEN_HALO | CHANNEL | PLATINUM | PT_950 | 1ct | imgs:3
[03:13:05][EMERALD] [5816] ? NIV-8EDA57552D3B9A49 | BASKET | HIDDEN_HALO | CHANNEL | GOLD | KT_10 | 1ct | imgs:3
[03:13:08][EMERALD] [5817] ? NIV-8EDA57552D3B9A49 | BASKET | HIDDEN_HALO | CHANNEL | GOLD | KT_10 | 1ct | imgs:3
[03:13:14][EMERALD] [5818] ? NIV-8EDA57552D3B9A49 | BASKET | HIDDEN_HALO | CHANNEL | GOLD | KT_10 | 1ct | imgs:3
[03:13:17][EMERALD] [5819] ? NIV-97AF797C9E3B89A9 | BASKET | HIDDEN_HALO | CHANNEL | GOLD | KT_10 | 1ct | imgs:3
[03:13:20][EMERALD] [5820] ? NIV-97AF797C9E3B89A9 | BASKET | HIDDEN_HALO | CHANNEL | GOLD | KT_10 | 1ct | imgs:3
[03:13:26][EMERALD] [5821] ? NIV-97AF797C9E3B89A9 | BASKET | HIDDEN_HALO | CHANNEL | GOLD | KT_10 | 1ct | imgs:3
[03:13:29][EMERALD] [5822] ? NIV-53536358101A21EF | BASKET | HIDDEN_HALO | CHANNEL | GOLD | KT_10 | 1ct | imgs:3
[03:13:32][EMERALD] [5823] ? NIV-53536358101A21EF | BASKET | HIDDEN_HALO | CHANNEL | GOLD | KT_10 | 1ct | imgs:3
[03:13:35][EMERALD] [5824] ? NIV-53536358101A21EF | BASKET | HIDDEN_HALO | CHANNEL | GOLD | KT_10 | 1ct | imgs:3
[03:13:41][EMERALD] [5825] ? NIV-A83CF40DC3CA92BD | BASKET | HIDDEN_HALO | CHANNEL | GOLD | KT_14 | 1ct | imgs:3
[03:13:44][EMERALD] [5826] ? NIV-A83CF40DC3CA92BD | BASKET | HIDDEN_HALO | CHANNEL | GOLD | KT_14 | 1ct | imgs:3
[03:13:50][EMERALD] [5827] ? NIV-A83CF40DC3CA92BD | BASKET | HIDDEN_HALO | CHANNEL | GOLD | KT_14 | 1ct | imgs:3
[03:13:53][EMERALD] [5828] ? NIV-D555873E23A4BDEC | BASKET | HIDDEN_HALO | CHANNEL | GOLD | KT_14 | 1ct | imgs:3
[03:13:56][EMERALD] [5829] ? NIV-D555873E23A4BDEC | BASKET | HIDDEN_HALO | CHANNEL | GOLD | KT_14 | 1ct | imgs:3
[03:13:59][EMERALD] [5830] ? NIV-D555873E23A4BDEC | BASKET | HIDDEN_HALO | CHANNEL | GOLD | KT_14 | 1ct | imgs:3
[03:14:02][EMERALD] [5831] ? NIV-212974C422A01D9F | BASKET | HIDDEN_HALO | CHANNEL | GOLD | KT_14 | 1ct | imgs:3
[03:14:05][EMERALD] [5832] ? NIV-212974C422A01D9F | BASKET | HIDDEN_HALO | CHANNEL | GOLD | KT_14 | 1ct | imgs:3
[03:14:11][EMERALD] [5833] ? NIV-212974C422A01D9F | BASKET | HIDDEN_HALO | CHANNEL | GOLD | KT_14 | 1ct | imgs:3
[03:14:14][EMERALD] [5834] ? NIV-3319DAE5AE3B1C99 | BASKET | HIDDEN_HALO | CHANNEL | GOLD | KT_18 | 1ct | imgs:3
[03:14:17][EMERALD] [5835] ? NIV-3319DAE5AE3B1C99 | BASKET | HIDDEN_HALO | CHANNEL | GOLD | KT_18 | 1ct | imgs:3
[03:14:20][EMERALD] [5836] ? NIV-3319DAE5AE3B1C99 | BASKET | HIDDEN_HALO | CHANNEL | GOLD | KT_18 | 1ct | imgs:3
[03:14:23][EMERALD] [5837] ? NIV-36057CDBC38E2613 | BASKET | HIDDEN_HALO | CHANNEL | GOLD | KT_18 | 1ct | imgs:3
[03:14:26][EMERALD] [5838] ? NIV-36057CDBC38E2613 | BASKET | HIDDEN_HALO | CHANNEL | GOLD | KT_18 | 1ct | imgs:3
[03:14:29][EMERALD] [5839] ? NIV-36057CDBC38E2613 | BASKET | HIDDEN_HALO | CHANNEL | GOLD | KT_18 | 1ct | imgs:3
[03:14:32][EMERALD] [5840] ? NIV-F29F6F6032BAD218 | BASKET | HIDDEN_HALO | CHANNEL | GOLD | KT_18 | 1ct | imgs:3
[03:14:35][EMERALD] [5841] ? NIV-F29F6F6032BAD218 | BASKET | HIDDEN_HALO | CHANNEL | GOLD | KT_18 | 1ct | imgs:3
[03:14:41][EMERALD] [5842] ? NIV-F29F6F6032BAD218 | BASKET | HIDDEN_HALO | CHANNEL | GOLD | KT_18 | 1ct | imgs:3
[03:14:44][EMERALD] [5843] ? NIV-5DFA116065AF72DA | BASKET | HIDDEN_HALO | CHANNEL | PLATINUM | PT_950 | 1ct | imgs:3
[03:14:53][EMERALD] [5844] ? NIV-E4F0E0B64B125983 | BASKET | HIDDEN_HALO | CHANNEL | GOLD | KT_10 | 1ct | imgs:3
[03:14:56][EMERALD] [5845] ? NIV-E4F0E0B64B125983 | BASKET | HIDDEN_HALO | CHANNEL | GOLD | KT_10 | 1ct | imgs:3
[03:14:59][EMERALD] [5846] ? NIV-E4F0E0B64B125983 | BASKET | HIDDEN_HALO | CHANNEL | GOLD | KT_10 | 1ct | imgs:3
[03:15:02][EMERALD] [5847] ? NIV-E1933CC0D37B22D5 | BASKET | HIDDEN_HALO | CHANNEL | GOLD | KT_10 | 1ct | imgs:3
[03:15:05][EMERALD] [5848] ? NIV-E1933CC0D37B22D5 | BASKET | HIDDEN_HALO | CHANNEL | GOLD | KT_10 | 1ct | imgs:3
[03:15:11][EMERALD] [5849] ? NIV-E1933CC0D37B22D5 | BASKET | HIDDEN_HALO | CHANNEL | GOLD | KT_10 | 1ct | imgs:3
[03:15:14][EMERALD] [5850] ? NIV-43506D6E87EBCD07 | BASKET | HIDDEN_HALO | CHANNEL | GOLD | KT_10 | 1ct | imgs:3
[03:15:17][EMERALD] [5851] ? NIV-43506D6E87EBCD07 | BASKET | HIDDEN_HALO | CHANNEL | GOLD | KT_10 | 1ct | imgs:3
[03:15:20][EMERALD] [5852] ? NIV-43506D6E87EBCD07 | BASKET | HIDDEN_HALO | CHANNEL | GOLD | KT_10 | 1ct | imgs:3
[03:15:26][EMERALD] [5853] ? NIV-A9EF2A90B10E2B64 | BASKET | HIDDEN_HALO | CHANNEL | GOLD | KT_14 | 1ct | imgs:3
[03:15:29][EMERALD] [5854] ? NIV-A9EF2A90B10E2B64 | BASKET | HIDDEN_HALO | CHANNEL | GOLD | KT_14 | 1ct | imgs:3
[03:15:35][EMERALD] [5855] ? NIV-A9EF2A90B10E2B64 | BASKET | HIDDEN_HALO | CHANNEL | GOLD | KT_14 | 1ct | imgs:3
[03:15:38][EMERALD] [5856] ? NIV-03A0B66E8127B3A9 | BASKET | HIDDEN_HALO | CHANNEL | GOLD | KT_14 | 1ct | imgs:3
[03:15:41][EMERALD] [5857] ? NIV-03A0B66E8127B3A9 | BASKET | HIDDEN_HALO | CHANNEL | GOLD | KT_14 | 1ct | imgs:3
[03:15:44][EMERALD] [5858] ? NIV-03A0B66E8127B3A9 | BASKET | HIDDEN_HALO | CHANNEL | GOLD | KT_14 | 1ct | imgs:3
[03:15:47][EMERALD] [5859] ? NIV-F2BBD54B7A0D0F55 | BASKET | HIDDEN_HALO | CHANNEL | GOLD | KT_14 | 1ct | imgs:3
[03:15:50][EMERALD] [5860] ? NIV-F2BBD54B7A0D0F55 | BASKET | HIDDEN_HALO | CHANNEL | GOLD | KT_14 | 1ct | imgs:3
[03:15:56][EMERALD] [5861] ? NIV-F2BBD54B7A0D0F55 | BASKET | HIDDEN_HALO | CHANNEL | GOLD | KT_14 | 1ct | imgs:3
[03:16:02][EMERALD] [5862] ? NIV-FEAE779D1C8DE25B | BASKET | HIDDEN_HALO | CHANNEL | GOLD | KT_18 | 1ct | imgs:3
[03:16:05][EMERALD] [5863] ? NIV-FEAE779D1C8DE25B | BASKET | HIDDEN_HALO | CHANNEL | GOLD | KT_18 | 1ct | imgs:3
[03:16:08][EMERALD] [5864] ? NIV-FEAE779D1C8DE25B | BASKET | HIDDEN_HALO | CHANNEL | GOLD | KT_18 | 1ct | imgs:3
[03:16:11][EMERALD] [5865] ? NIV-0A784E2C6CEF5876 | BASKET | HIDDEN_HALO | CHANNEL | GOLD | KT_18 | 1ct | imgs:3
[03:16:14][EMERALD] [5866] ? NIV-0A784E2C6CEF5876 | BASKET | HIDDEN_HALO | CHANNEL | GOLD | KT_18 | 1ct | imgs:3
[03:16:17][EMERALD] [5867] ? NIV-0A784E2C6CEF5876 | BASKET | HIDDEN_HALO | CHANNEL | GOLD | KT_18 | 1ct | imgs:3
[03:16:20][EMERALD] [5868] ? NIV-5C5C662669F5EF51 | BASKET | HIDDEN_HALO | CHANNEL | GOLD | KT_18 | 1ct | imgs:3
[03:16:23][EMERALD] [5869] ? NIV-5C5C662669F5EF51 | BASKET | HIDDEN_HALO | CHANNEL | GOLD | KT_18 | 1ct | imgs:3
[03:16:26][EMERALD] [5870] ? NIV-5C5C662669F5EF51 | BASKET | HIDDEN_HALO | CHANNEL | GOLD | KT_18 | 1ct | imgs:3
[03:16:29][EMERALD] [5871] ? NIV-A63D48B070733440 | BASKET | HIDDEN_HALO | CHANNEL | PLATINUM | PT_950 | 1ct | imgs:3
[03:16:35][EMERALD] [5872] ? NIV-0AFF5CB2CE0D755D | BASKET | HIDDEN_HALO | CHANNEL | GOLD | KT_10 | 1ct | imgs:3
[03:16:38][EMERALD] [5873] ? NIV-0AFF5CB2CE0D755D | BASKET | HIDDEN_HALO | CHANNEL | GOLD | KT_10 | 1ct | imgs:3
[03:16:41][EMERALD] [5874] ? NIV-0AFF5CB2CE0D755D | BASKET | HIDDEN_HALO | CHANNEL | GOLD | KT_10 | 1ct | imgs:3
[03:16:44][EMERALD] [5875] ? NIV-B6E8DB352A3B522F | BASKET | HIDDEN_HALO | CHANNEL | GOLD | KT_10 | 1ct | imgs:3
[03:16:47][EMERALD] [5876] ? NIV-B6E8DB352A3B522F | BASKET | HIDDEN_HALO | CHANNEL | GOLD | KT_10 | 1ct | imgs:3
[03:16:53][EMERALD] [5877] ? NIV-B6E8DB352A3B522F | BASKET | HIDDEN_HALO | CHANNEL | GOLD | KT_10 | 1ct | imgs:3
[03:16:56][EMERALD] [5878] ? NIV-01260C24BD429B17 | BASKET | HIDDEN_HALO | CHANNEL | GOLD | KT_10 | 1ct | imgs:3
[03:16:59][EMERALD] [5879] ? NIV-01260C24BD429B17 | BASKET | HIDDEN_HALO | CHANNEL | GOLD | KT_10 | 1ct | imgs:3
[03:17:02][EMERALD] [5880] ? NIV-01260C24BD429B17 | BASKET | HIDDEN_HALO | CHANNEL | GOLD | KT_10 | 1ct | imgs:3
[03:17:08][EMERALD] [5881] ? NIV-F111CCF4779160CD | BASKET | HIDDEN_HALO | CHANNEL | GOLD | KT_14 | 1ct | imgs:3
[03:17:11][EMERALD] [5882] ? NIV-F111CCF4779160CD | BASKET | HIDDEN_HALO | CHANNEL | GOLD | KT_14 | 1ct | imgs:3
[03:17:17][EMERALD] [5883] ? NIV-F111CCF4779160CD | BASKET | HIDDEN_HALO | CHANNEL | GOLD | KT_14 | 1ct | imgs:3
[03:17:20][EMERALD] [5884] ? NIV-14AB5CA311DE9A83 | BASKET | HIDDEN_HALO | CHANNEL | GOLD | KT_14 | 1ct | imgs:3
[03:17:23][EMERALD] [5885] ? NIV-14AB5CA311DE9A83 | BASKET | HIDDEN_HALO | CHANNEL | GOLD | KT_14 | 1ct | imgs:3
[03:17:29][EMERALD] [5886] ? NIV-14AB5CA311DE9A83 | BASKET | HIDDEN_HALO | CHANNEL | GOLD | KT_14 | 1ct | imgs:3
[03:17:32][EMERALD] [5887] ? NIV-1747F07F3FD73EDF | BASKET | HIDDEN_HALO | CHANNEL | GOLD | KT_14 | 1ct | imgs:3
[03:17:35][EMERALD] [5888] ? NIV-1747F07F3FD73EDF | BASKET | HIDDEN_HALO | CHANNEL | GOLD | KT_14 | 1ct | imgs:3
[03:17:38][EMERALD] [5889] ? NIV-1747F07F3FD73EDF | BASKET | HIDDEN_HALO | CHANNEL | GOLD | KT_14 | 1ct | imgs:3
[03:17:44][EMERALD] [5890] ? NIV-6E6AEC98E4DF2A6F | BASKET | HIDDEN_HALO | CHANNEL | GOLD | KT_18 | 1ct | imgs:3
[03:17:50][EMERALD] [5891] ? NIV-6E6AEC98E4DF2A6F | BASKET | HIDDEN_HALO | CHANNEL | GOLD | KT_18 | 1ct | imgs:3
[03:17:53][EMERALD] [5892] ? NIV-6E6AEC98E4DF2A6F | BASKET | HIDDEN_HALO | CHANNEL | GOLD | KT_18 | 1ct | imgs:3
[03:17:56][EMERALD] [5893] ? NIV-3D9BFF017BBF6BA7 | BASKET | HIDDEN_HALO | CHANNEL | GOLD | KT_18 | 1ct | imgs:1
[03:18:02][EMERALD] [5894] ? NIV-3D9BFF017BBF6BA7 | BASKET | HIDDEN_HALO | CHANNEL | GOLD | KT_18 | 1ct | imgs:3
[03:18:05][EMERALD] [5895] ? NIV-3D9BFF017BBF6BA7 | BASKET | HIDDEN_HALO | CHANNEL | GOLD | KT_18 | 1ct | imgs:3
[03:18:08][EMERALD] [5896] ? NIV-2DCA35CF2E249AD6 | BASKET | HIDDEN_HALO | CHANNEL | GOLD | KT_18 | 1ct | imgs:3
[03:18:11][EMERALD] [5897] ? NIV-2DCA35CF2E249AD6 | BASKET | HIDDEN_HALO | CHANNEL | GOLD | KT_18 | 1ct | imgs:3
[03:18:14][EMERALD] [5898] ? NIV-2DCA35CF2E249AD6 | BASKET | HIDDEN_HALO | CHANNEL | GOLD | KT_18 | 1ct | imgs:3
[03:18:17][EMERALD] [5899] ? NIV-E00BF2F137A02CB5 | BASKET | HIDDEN_HALO | CHANNEL | PLATINUM | PT_950 | 1ct | imgs:3
[03:18:23][EMERALD] [5900] ? NIV-34B681E395AC7DA6 | BASKET | HIDDEN_HALO | CHANNEL | GOLD | KT_10 | 1ct | imgs:3
[03:18:26][EMERALD] [5901] ? NIV-34B681E395AC7DA6 | BASKET | HIDDEN_HALO | CHANNEL | GOLD | KT_10 | 1ct | imgs:3
[03:18:32][EMERALD] [5902] ? NIV-34B681E395AC7DA6 | BASKET | HIDDEN_HALO | CHANNEL | GOLD | KT_10 | 1ct | imgs:3
[03:18:35][EMERALD] [5903] ? NIV-FE76BBC7E13C0B19 | BASKET | HIDDEN_HALO | CHANNEL | GOLD | KT_10 | 1ct | imgs:3
[03:18:38][EMERALD] [5904] ? NIV-FE76BBC7E13C0B19 | BASKET | HIDDEN_HALO | CHANNEL | GOLD | KT_10 | 1ct | imgs:3
[03:18:44][EMERALD] [5905] ? NIV-FE76BBC7E13C0B19 | BASKET | HIDDEN_HALO | CHANNEL | GOLD | KT_10 | 1ct | imgs:3
[03:18:47][EMERALD] [5906] ? NIV-C7C566D0B7EA1E79 | BASKET | HIDDEN_HALO | CHANNEL | GOLD | KT_10 | 1ct | imgs:3
[03:18:50][EMERALD] [5907] ? NIV-C7C566D0B7EA1E79 | BASKET | HIDDEN_HALO | CHANNEL | GOLD | KT_10 | 1ct | imgs:3
[03:18:53][EMERALD] [5908] ? NIV-C7C566D0B7EA1E79 | BASKET | HIDDEN_HALO | CHANNEL | GOLD | KT_10 | 1ct | imgs:3
[03:18:59][EMERALD] [5909] ? NIV-AE6B617E342910C4 | BASKET | HIDDEN_HALO | CHANNEL | GOLD | KT_14 | 1ct | imgs:3
[03:19:02][EMERALD] [5910] ? NIV-AE6B617E342910C4 | BASKET | HIDDEN_HALO | CHANNEL | GOLD | KT_14 | 1ct | imgs:3
[03:19:05][EMERALD] [5911] ? NIV-AE6B617E342910C4 | BASKET | HIDDEN_HALO | CHANNEL | GOLD | KT_14 | 1ct | imgs:3
[03:19:08][EMERALD] [5912] ? NIV-C13108F632509B71 | BASKET | HIDDEN_HALO | CHANNEL | GOLD | KT_14 | 1ct | imgs:3
[03:19:14][EMERALD] [5913] ? NIV-C13108F632509B71 | BASKET | HIDDEN_HALO | CHANNEL | GOLD | KT_14 | 1ct | imgs:3
[03:19:17][EMERALD] [5914] ? NIV-C13108F632509B71 | BASKET | HIDDEN_HALO | CHANNEL | GOLD | KT_14 | 1ct | imgs:3
[03:19:20][EMERALD] [5915] ? NIV-009235675D06CED2 | BASKET | HIDDEN_HALO | CHANNEL | GOLD | KT_14 | 1ct | imgs:3
[03:19:23][EMERALD] [5916] ? NIV-009235675D06CED2 | BASKET | HIDDEN_HALO | CHANNEL | GOLD | KT_14 | 1ct | imgs:3
[03:19:29][EMERALD] [5917] ? NIV-009235675D06CED2 | BASKET | HIDDEN_HALO | CHANNEL | GOLD | KT_14 | 1ct | imgs:3
[03:19:32][EMERALD] [5918] ? NIV-A2EA04BDF02A8EAA | BASKET | HIDDEN_HALO | CHANNEL | GOLD | KT_18 | 1ct | imgs:3
[03:19:38][EMERALD] [5919] ? NIV-A2EA04BDF02A8EAA | BASKET | HIDDEN_HALO | CHANNEL | GOLD | KT_18 | 1ct | imgs:3
[03:19:41][EMERALD] [5920] ? NIV-A2EA04BDF02A8EAA | BASKET | HIDDEN_HALO | CHANNEL | GOLD | KT_18 | 1ct | imgs:3
[03:19:45][EMERALD] [5921] ? NIV-9AD88B8995C9796A | BASKET | HIDDEN_HALO | CHANNEL | GOLD | KT_18 | 1ct | imgs:3
[03:19:50][EMERALD] [5922] ? NIV-9AD88B8995C9796A | BASKET | HIDDEN_HALO | CHANNEL | GOLD | KT_18 | 1ct | imgs:3
[03:19:53][EMERALD] [5923] ? NIV-9AD88B8995C9796A | BASKET | HIDDEN_HALO | CHANNEL | GOLD | KT_18 | 1ct | imgs:3
[03:19:56][EMERALD] [5924] ? NIV-D075E742F6D767E9 | BASKET | HIDDEN_HALO | CHANNEL | GOLD | KT_18 | 1ct | imgs:3
[03:19:59][EMERALD] [5925] ? NIV-D075E742F6D767E9 | BASKET | HIDDEN_HALO | CHANNEL | GOLD | KT_18 | 1ct | imgs:3
[03:20:02][EMERALD] [5926] ? NIV-D075E742F6D767E9 | BASKET | HIDDEN_HALO | CHANNEL | GOLD | KT_18 | 1ct | imgs:3
[03:20:05][EMERALD] [5927] ? NIV-506D0DDEBDAF11E9 | BASKET | HIDDEN_HALO | CHANNEL | PLATINUM | PT_950 | 1ct | imgs:3
[03:20:11][EMERALD] [5928] ? NIV-5689F6970289FF53 | BASKET | HIDDEN_HALO | CHANNEL | GOLD | KT_10 | 1ct | imgs:3
[03:20:14][EMERALD] [5929] ? NIV-5689F6970289FF53 | BASKET | HIDDEN_HALO | CHANNEL | GOLD | KT_10 | 1ct | imgs:3
[03:20:17][EMERALD] [5930] ? NIV-5689F6970289FF53 | BASKET | HIDDEN_HALO | CHANNEL | GOLD | KT_10 | 1ct | imgs:3
[03:20:20][EMERALD] [5931] ? NIV-CCA981EE62A0ED24 | BASKET | HIDDEN_HALO | CHANNEL | GOLD | KT_10 | 1ct | imgs:3
[03:20:23][EMERALD] [5932] ? NIV-CCA981EE62A0ED24 | BASKET | HIDDEN_HALO | CHANNEL | GOLD | KT_10 | 1ct | imgs:3
[03:20:26][EMERALD] [5933] ? NIV-CCA981EE62A0ED24 | BASKET | HIDDEN_HALO | CHANNEL | GOLD | KT_10 | 1ct | imgs:3
[03:20:29][EMERALD] [5934] ? NIV-FCE139C8EC35CA82 | BASKET | HIDDEN_HALO | CHANNEL | GOLD | KT_10 | 1ct | imgs:3
[03:20:32][EMERALD] [5935] ? NIV-FCE139C8EC35CA82 | BASKET | HIDDEN_HALO | CHANNEL | GOLD | KT_10 | 1ct | imgs:3
[03:20:35][EMERALD] [5936] ? NIV-FCE139C8EC35CA82 | BASKET | HIDDEN_HALO | CHANNEL | GOLD | KT_10 | 1ct | imgs:3
[03:20:39][EMERALD] [5937] ? NIV-ED2EC5E54209F6F3 | BASKET | HIDDEN_HALO | CHANNEL | GOLD | KT_14 | 1ct | imgs:3
[03:20:44][EMERALD] [5938] ? NIV-ED2EC5E54209F6F3 | BASKET | HIDDEN_HALO | CHANNEL | GOLD | KT_14 | 1ct | imgs:3
[03:20:47][EMERALD] [5939] ? NIV-ED2EC5E54209F6F3 | BASKET | HIDDEN_HALO | CHANNEL | GOLD | KT_14 | 1ct | imgs:3
[03:20:50][EMERALD] [5940] ? NIV-6D50EC8BBCFF2258 | BASKET | HIDDEN_HALO | CHANNEL | GOLD | KT_14 | 1ct | imgs:3
[03:20:56][EMERALD] [5941] ? NIV-6D50EC8BBCFF2258 | BASKET | HIDDEN_HALO | CHANNEL | GOLD | KT_14 | 1ct | imgs:3
[03:20:59][EMERALD] [5942] ? NIV-6D50EC8BBCFF2258 | BASKET | HIDDEN_HALO | CHANNEL | GOLD | KT_14 | 1ct | imgs:3
[03:21:02][EMERALD] [5943] ? NIV-A34231C6258207ED | BASKET | HIDDEN_HALO | CHANNEL | GOLD | KT_14 | 1ct | imgs:3
[03:21:08][EMERALD] [5944] ? NIV-A34231C6258207ED | BASKET | HIDDEN_HALO | CHANNEL | GOLD | KT_14 | 1ct | imgs:3
[03:21:11][EMERALD] [5945] ? NIV-A34231C6258207ED | BASKET | HIDDEN_HALO | CHANNEL | GOLD | KT_14 | 1ct | imgs:3
[03:21:14][EMERALD] [5946] ? NIV-B40436A1D4B58E34 | BASKET | HIDDEN_HALO | CHANNEL | GOLD | KT_18 | 1ct | imgs:3
[03:21:17][EMERALD] [5947] ? NIV-B40436A1D4B58E34 | BASKET | HIDDEN_HALO | CHANNEL | GOLD | KT_18 | 1ct | imgs:3
[03:21:23][EMERALD] [5948] ? NIV-B40436A1D4B58E34 | BASKET | HIDDEN_HALO | CHANNEL | GOLD | KT_18 | 1ct | imgs:3
[03:21:26][EMERALD] [5949] ? NIV-159614B282119423 | BASKET | HIDDEN_HALO | CHANNEL | GOLD | KT_18 | 1ct | imgs:3
[03:21:29][EMERALD] [5950] ? NIV-159614B282119423 | BASKET | HIDDEN_HALO | CHANNEL | GOLD | KT_18 | 1ct | imgs:3
[03:21:35][EMERALD] [5951] ? NIV-159614B282119423 | BASKET | HIDDEN_HALO | CHANNEL | GOLD | KT_18 | 1ct | imgs:3
[03:21:38][EMERALD] [5952] ? NIV-697578F66BB05AEE | BASKET | HIDDEN_HALO | CHANNEL | GOLD | KT_18 | 1ct | imgs:3
[03:21:41][EMERALD] [5953] ? NIV-697578F66BB05AEE | BASKET | HIDDEN_HALO | CHANNEL | GOLD | KT_18 | 1ct | imgs:3
[03:21:47][EMERALD] [5954] ? NIV-697578F66BB05AEE | BASKET | HIDDEN_HALO | CHANNEL | GOLD | KT_18 | 1ct | imgs:3
[03:21:50][EMERALD] [5955] ? NIV-C1759AB563B1D075 | BASKET | HIDDEN_HALO | CHANNEL | PLATINUM | PT_950 | 1ct | imgs:3
[03:21:56][EMERALD] [5956] ? NIV-6BFA4A1D409F83B1 | BASKET | HIDDEN_HALO | CHANNEL | GOLD | KT_10 | 1ct | imgs:3
[03:21:59][EMERALD] [5957] ? NIV-6BFA4A1D409F83B1 | BASKET | HIDDEN_HALO | CHANNEL | GOLD | KT_10 | 1ct | imgs:3
[03:22:05][EMERALD] [5958] ? NIV-6BFA4A1D409F83B1 | BASKET | HIDDEN_HALO | CHANNEL | GOLD | KT_10 | 1ct | imgs:3
[03:22:08][EMERALD] [5959] ? NIV-8A932045DCA5694E | BASKET | HIDDEN_HALO | CHANNEL | GOLD | KT_10 | 1ct | imgs:3
[03:22:11][EMERALD] [5960] ? NIV-8A932045DCA5694E | BASKET | HIDDEN_HALO | CHANNEL | GOLD | KT_10 | 1ct | imgs:3
[03:22:17][EMERALD] [5961] ? NIV-8A932045DCA5694E | BASKET | HIDDEN_HALO | CHANNEL | GOLD | KT_10 | 1ct | imgs:3
[03:22:20][EMERALD] [5962] ? NIV-F14F5DFD71E5324F | BASKET | HIDDEN_HALO | CHANNEL | GOLD | KT_10 | 1ct | imgs:3
[03:22:24][EMERALD] [5963] ? NIV-F14F5DFD71E5324F | BASKET | HIDDEN_HALO | CHANNEL | GOLD | KT_10 | 1ct | imgs:3
[03:22:29][EMERALD] [5964] ? NIV-F14F5DFD71E5324F | BASKET | HIDDEN_HALO | CHANNEL | GOLD | KT_10 | 1ct | imgs:3
[03:22:32][EMERALD] [5965] ? NIV-A48B1469CC21DCB5 | BASKET | HIDDEN_HALO | CHANNEL | GOLD | KT_14 | 1ct | imgs:3
[03:22:38][EMERALD] [5966] ? NIV-A48B1469CC21DCB5 | BASKET | HIDDEN_HALO | CHANNEL | GOLD | KT_14 | 1ct | imgs:3
[03:22:41][EMERALD] [5967] ? NIV-A48B1469CC21DCB5 | BASKET | HIDDEN_HALO | CHANNEL | GOLD | KT_14 | 1ct | imgs:3
[03:22:44][EMERALD] [5968] ? NIV-0C7CF1B5F639ECC3 | BASKET | HIDDEN_HALO | CHANNEL | GOLD | KT_14 | 1ct | imgs:3
[03:22:47][EMERALD] [5969] ? NIV-0C7CF1B5F639ECC3 | BASKET | HIDDEN_HALO | CHANNEL | GOLD | KT_14 | 1ct | imgs:3
[03:22:50][EMERALD] [5970] ? NIV-0C7CF1B5F639ECC3 | BASKET | HIDDEN_HALO | CHANNEL | GOLD | KT_14 | 1ct | imgs:3
[03:22:53][EMERALD] [5971] ? NIV-9DB1C6149FCDBE90 | BASKET | HIDDEN_HALO | CHANNEL | GOLD | KT_14 | 1ct | imgs:3
[03:22:56][EMERALD] [5972] ? NIV-9DB1C6149FCDBE90 | BASKET | HIDDEN_HALO | CHANNEL | GOLD | KT_14 | 1ct | imgs:3
[03:23:02][EMERALD] [5973] ? NIV-9DB1C6149FCDBE90 | BASKET | HIDDEN_HALO | CHANNEL | GOLD | KT_14 | 1ct | imgs:3
[03:23:05][EMERALD] [5974] ? NIV-1309907F8CC3C3F8 | BASKET | HIDDEN_HALO | CHANNEL | GOLD | KT_18 | 1ct | imgs:3
[03:23:08][EMERALD] [5975] ? NIV-1309907F8CC3C3F8 | BASKET | HIDDEN_HALO | CHANNEL | GOLD | KT_18 | 1ct | imgs:3
[03:23:14][EMERALD] [5976] ? NIV-1309907F8CC3C3F8 | BASKET | HIDDEN_HALO | CHANNEL | GOLD | KT_18 | 1ct | imgs:3
[03:23:17][EMERALD] [5977] ? NIV-9BD0C250387E06B6 | BASKET | HIDDEN_HALO | CHANNEL | GOLD | KT_18 | 1ct | imgs:3
[03:23:20][EMERALD] [5978] ? NIV-9BD0C250387E06B6 | BASKET | HIDDEN_HALO | CHANNEL | GOLD | KT_18 | 1ct | imgs:3
[03:23:26][EMERALD] [5979] ? NIV-9BD0C250387E06B6 | BASKET | HIDDEN_HALO | CHANNEL | GOLD | KT_18 | 1ct | imgs:3
[03:23:29][EMERALD] [5980] ? NIV-077F24A8EDA185F3 | BASKET | HIDDEN_HALO | CHANNEL | GOLD | KT_18 | 1ct | imgs:3
[03:23:32][EMERALD] [5981] ? NIV-077F24A8EDA185F3 | BASKET | HIDDEN_HALO | CHANNEL | GOLD | KT_18 | 1ct | imgs:3
[03:23:35][EMERALD] [5982] ? NIV-077F24A8EDA185F3 | BASKET | HIDDEN_HALO | CHANNEL | GOLD | KT_18 | 1ct | imgs:3
[03:23:38][EMERALD] [5983] ? NIV-6D9F7714F267D34C | BASKET | HIDDEN_HALO | CHANNEL | PLATINUM | PT_950 | 1ct | imgs:3
[03:23:44][EMERALD] [5984] ? NIV-004F66F721C29978 | BASKET | HIDDEN_HALO | CHANNEL | GOLD | KT_10 | 1ct | imgs:3
[03:23:47][EMERALD] [5985] ? NIV-004F66F721C29978 | BASKET | HIDDEN_HALO | CHANNEL | GOLD | KT_10 | 1ct | imgs:3
[03:23:50][EMERALD] [5986] ? NIV-004F66F721C29978 | BASKET | HIDDEN_HALO | CHANNEL | GOLD | KT_10 | 1ct | imgs:3
[03:23:53][EMERALD] [5987] ? NIV-29F19DE81C008179 | BASKET | HIDDEN_HALO | CHANNEL | GOLD | KT_10 | 1ct | imgs:3
[03:23:56][EMERALD] [5988] ? NIV-29F19DE81C008179 | BASKET | HIDDEN_HALO | CHANNEL | GOLD | KT_10 | 1ct | imgs:3
[03:24:02][EMERALD] [5989] ? NIV-29F19DE81C008179 | BASKET | HIDDEN_HALO | CHANNEL | GOLD | KT_10 | 1ct | imgs:3
[03:24:05][EMERALD] [5990] ? NIV-6EABC167F60248C2 | BASKET | HIDDEN_HALO | CHANNEL | GOLD | KT_10 | 1ct | imgs:3
[03:24:08][EMERALD] [5991] ? NIV-6EABC167F60248C2 | BASKET | HIDDEN_HALO | CHANNEL | GOLD | KT_10 | 1ct | imgs:3
[03:24:11][EMERALD] [5992] ? NIV-6EABC167F60248C2 | BASKET | HIDDEN_HALO | CHANNEL | GOLD | KT_10 | 1ct | imgs:3
[03:24:14][EMERALD] [5993] ? NIV-87824DEE4E031C22 | BASKET | HIDDEN_HALO | CHANNEL | GOLD | KT_14 | 1ct | imgs:3
[03:24:20][EMERALD] [5994] ? NIV-87824DEE4E031C22 | BASKET | HIDDEN_HALO | CHANNEL | GOLD | KT_14 | 1ct | imgs:3
[03:24:23][EMERALD] [5995] ? NIV-87824DEE4E031C22 | BASKET | HIDDEN_HALO | CHANNEL | GOLD | KT_14 | 1ct | imgs:3
[03:24:26][EMERALD] [5996] ? NIV-16263413BA4595EC | BASKET | HIDDEN_HALO | CHANNEL | GOLD | KT_14 | 1ct | imgs:3
[03:24:29][EMERALD] [5997] ? NIV-16263413BA4595EC | BASKET | HIDDEN_HALO | CHANNEL | GOLD | KT_14 | 1ct | imgs:3
[03:24:32][EMERALD] [5998] ? NIV-16263413BA4595EC | BASKET | HIDDEN_HALO | CHANNEL | GOLD | KT_14 | 1ct | imgs:3
[03:24:35][EMERALD] [5999] ? NIV-57A96327425E649C | BASKET | HIDDEN_HALO | CHANNEL | GOLD | KT_14 | 1ct | imgs:3
[03:24:38][EMERALD] [6000] ? NIV-57A96327425E649C | BASKET | HIDDEN_HALO | CHANNEL | GOLD | KT_14 | 1ct | imgs:3
[03:24:44][EMERALD] [6001] ? NIV-57A96327425E649C | BASKET | HIDDEN_HALO | CHANNEL | GOLD | KT_14 | 1ct | imgs:3
[03:24:47][EMERALD] [6002] ? NIV-4448A48A7D324DA8 | BASKET | HIDDEN_HALO | CHANNEL | GOLD | KT_18 | 1ct | imgs:3
[03:24:50][EMERALD] [6003] ? NIV-4448A48A7D324DA8 | BASKET | HIDDEN_HALO | CHANNEL | GOLD | KT_18 | 1ct | imgs:3
[03:24:53][EMERALD] [6004] ? NIV-4448A48A7D324DA8 | BASKET | HIDDEN_HALO | CHANNEL | GOLD | KT_18 | 1ct | imgs:3
[03:24:56][EMERALD] [6005] ? NIV-DF00A4F5FE389056 | BASKET | HIDDEN_HALO | CHANNEL | GOLD | KT_18 | 1ct | imgs:3
[03:24:59][EMERALD] [6006] ? NIV-DF00A4F5FE389056 | BASKET | HIDDEN_HALO | CHANNEL | GOLD | KT_18 | 1ct | imgs:3
[03:25:02][EMERALD] [6007] ? NIV-DF00A4F5FE389056 | BASKET | HIDDEN_HALO | CHANNEL | GOLD | KT_18 | 1ct | imgs:3
[03:25:05][EMERALD] [6008] ? NIV-66491F581D2B60C0 | BASKET | HIDDEN_HALO | CHANNEL | GOLD | KT_18 | 1ct | imgs:3
[03:25:08][EMERALD] [6009] ? NIV-66491F581D2B60C0 | BASKET | HIDDEN_HALO | CHANNEL | GOLD | KT_18 | 1ct | imgs:3
[03:25:14][EMERALD] [6010] ? NIV-66491F581D2B60C0 | BASKET | HIDDEN_HALO | CHANNEL | GOLD | KT_18 | 1ct | imgs:3
[03:25:17][EMERALD] [6011] ? NIV-848735861D070D4B | BASKET | HIDDEN_HALO | CHANNEL | PLATINUM | PT_950 | 1ct | imgs:3
[03:25:23][EMERALD] [6012] ? NIV-C76076CE252C932C | BASKET | HIDDEN_HALO | CHANNEL | GOLD | KT_10 | 1ct | imgs:3
[03:25:26][EMERALD] [6013] ? NIV-C76076CE252C932C | BASKET | HIDDEN_HALO | CHANNEL | GOLD | KT_10 | 1ct | imgs:3
[03:25:32][EMERALD] [6014] ? NIV-C76076CE252C932C | BASKET | HIDDEN_HALO | CHANNEL | GOLD | KT_10 | 1ct | imgs:3
[03:25:35][EMERALD] [6015] ? NIV-16C671C4B32DE336 | BASKET | HIDDEN_HALO | CHANNEL | GOLD | KT_10 | 1ct | imgs:3
[03:25:38][EMERALD] [6016] ? NIV-16C671C4B32DE336 | BASKET | HIDDEN_HALO | CHANNEL | GOLD | KT_10 | 1ct | imgs:3
[03:25:41][EMERALD] [6017] ? NIV-16C671C4B32DE336 | BASKET | HIDDEN_HALO | CHANNEL | GOLD | KT_10 | 1ct | imgs:3
[03:25:44][EMERALD] [6018] ? NIV-200AC0FBAAD4AE54 | BASKET | HIDDEN_HALO | CHANNEL | GOLD | KT_10 | 1ct | imgs:3
[03:25:47][EMERALD] [6019] ? NIV-200AC0FBAAD4AE54 | BASKET | HIDDEN_HALO | CHANNEL | GOLD | KT_10 | 1ct | imgs:3
[03:25:50][EMERALD] [6020] ? NIV-200AC0FBAAD4AE54 | BASKET | HIDDEN_HALO | CHANNEL | GOLD | KT_10 | 1ct | imgs:3
[03:25:56][EMERALD] [6021] ? NIV-3C3484DD07ADCA09 | BASKET | HIDDEN_HALO | CHANNEL | GOLD | KT_14 | 1ct | imgs:3
[03:25:59][EMERALD] [6022] ? NIV-3C3484DD07ADCA09 | BASKET | HIDDEN_HALO | CHANNEL | GOLD | KT_14 | 1ct | imgs:3
[03:26:02][EMERALD] [6023] ? NIV-3C3484DD07ADCA09 | BASKET | HIDDEN_HALO | CHANNEL | GOLD | KT_14 | 1ct | imgs:3
[03:26:05][EMERALD] [6024] ? NIV-37AF443CE2D2A550 | BASKET | HIDDEN_HALO | CHANNEL | GOLD | KT_14 | 1ct | imgs:3
[03:26:08][EMERALD] [6025] ? NIV-37AF443CE2D2A550 | BASKET | HIDDEN_HALO | CHANNEL | GOLD | KT_14 | 1ct | imgs:3
[03:26:11][EMERALD] [6026] ? NIV-37AF443CE2D2A550 | BASKET | HIDDEN_HALO | CHANNEL | GOLD | KT_14 | 1ct | imgs:3
[03:26:14][EMERALD] [6027] ? NIV-5EFC3ADD2FE79F6B | BASKET | HIDDEN_HALO | CHANNEL | GOLD | KT_14 | 1ct | imgs:3
[03:26:17][EMERALD] [6028] ? NIV-5EFC3ADD2FE79F6B | BASKET | HIDDEN_HALO | CHANNEL | GOLD | KT_14 | 1ct | imgs:3
[03:26:20][EMERALD] [6029] ? NIV-5EFC3ADD2FE79F6B | BASKET | HIDDEN_HALO | CHANNEL | GOLD | KT_14 | 1ct | imgs:3
[03:26:23][EMERALD] [6030] ? NIV-E03CAFC26C4DC3DF | BASKET | HIDDEN_HALO | CHANNEL | GOLD | KT_18 | 1ct | imgs:3
[03:26:26][EMERALD] [6031] ? NIV-E03CAFC26C4DC3DF | BASKET | HIDDEN_HALO | CHANNEL | GOLD | KT_18 | 1ct | imgs:3
[03:26:32][EMERALD] [6032] ? NIV-E03CAFC26C4DC3DF | BASKET | HIDDEN_HALO | CHANNEL | GOLD | KT_18 | 1ct | imgs:3
[03:26:35][EMERALD] [6033] ? NIV-12B37261FF6B988F | BASKET | HIDDEN_HALO | CHANNEL | GOLD | KT_18 | 1ct | imgs:3
[03:26:38][EMERALD] [6034] ? NIV-12B37261FF6B988F | BASKET | HIDDEN_HALO | CHANNEL | GOLD | KT_18 | 1ct | imgs:3
[03:26:41][EMERALD] [6035] ? NIV-12B37261FF6B988F | BASKET | HIDDEN_HALO | CHANNEL | GOLD | KT_18 | 1ct | imgs:3
[03:26:44][EMERALD] [6036] ? NIV-E004C965B82B3AD8 | BASKET | HIDDEN_HALO | CHANNEL | GOLD | KT_18 | 1ct | imgs:3
[03:26:47][EMERALD] [6037] ? NIV-E004C965B82B3AD8 | BASKET | HIDDEN_HALO | CHANNEL | GOLD | KT_18 | 1ct | imgs:3
[03:26:53][EMERALD] [6038] ? NIV-E004C965B82B3AD8 | BASKET | HIDDEN_HALO | CHANNEL | GOLD | KT_18 | 1ct | imgs:3
[03:26:56][EMERALD] [6039] ? NIV-5017A26BFDD55724 | BASKET | HIDDEN_HALO | CHANNEL | PLATINUM | PT_950 | 1ct | imgs:3
[03:26:59][EMERALD] [6040] ? NIV-AE8755310B9B64D5 | BASKET | HIDDEN_HALO | CHANNEL | GOLD | KT_10 | 1ct | imgs:3
[03:27:05][EMERALD] [6041] ? NIV-AE8755310B9B64D5 | BASKET | HIDDEN_HALO | CHANNEL | GOLD | KT_10 | 1ct | imgs:3
[03:27:08][EMERALD] [6042] ? NIV-AE8755310B9B64D5 | BASKET | HIDDEN_HALO | CHANNEL | GOLD | KT_10 | 1ct | imgs:3
[03:27:11][EMERALD] [6043] ? NIV-A9EE095872C7B9CE | BASKET | HIDDEN_HALO | CHANNEL | GOLD | KT_10 | 1ct | imgs:3
[03:27:14][EMERALD] [6044] ? NIV-A9EE095872C7B9CE | BASKET | HIDDEN_HALO | CHANNEL | GOLD | KT_10 | 1ct | imgs:3
[03:27:20][EMERALD] [6045] ? NIV-A9EE095872C7B9CE | BASKET | HIDDEN_HALO | CHANNEL | GOLD | KT_10 | 1ct | imgs:3
[03:27:23][EMERALD] [6046] ? NIV-66E0421806EE9C6E | BASKET | HIDDEN_HALO | CHANNEL | GOLD | KT_10 | 1ct | imgs:3
[03:27:26][EMERALD] [6047] ? NIV-66E0421806EE9C6E | BASKET | HIDDEN_HALO | CHANNEL | GOLD | KT_10 | 1ct | imgs:3
[03:27:30][EMERALD] [6048] ? NIV-66E0421806EE9C6E | BASKET | HIDDEN_HALO | CHANNEL | GOLD | KT_10 | 1ct | imgs:3
[03:27:35][EMERALD] [6049] ? NIV-E6391F8030D393E1 | BASKET | HIDDEN_HALO | CHANNEL | GOLD | KT_14 | 1ct | imgs:3
[03:27:38][EMERALD] [6050] ? NIV-E6391F8030D393E1 | BASKET | HIDDEN_HALO | CHANNEL | GOLD | KT_14 | 1ct | imgs:3
[03:27:44][EMERALD] [6051] ? NIV-E6391F8030D393E1 | BASKET | HIDDEN_HALO | CHANNEL | GOLD | KT_14 | 1ct | imgs:3
[03:27:47][EMERALD] [6052] ? NIV-26479D082F19B5B4 | BASKET | HIDDEN_HALO | CHANNEL | GOLD | KT_14 | 1ct | imgs:3
[03:27:50][EMERALD] [6053] ? NIV-26479D082F19B5B4 | BASKET | HIDDEN_HALO | CHANNEL | GOLD | KT_14 | 1ct | imgs:3
[03:27:53][EMERALD] [6054] ? NIV-26479D082F19B5B4 | BASKET | HIDDEN_HALO | CHANNEL | GOLD | KT_14 | 1ct | imgs:3
[03:27:56][EMERALD] [6055] ? NIV-D3C1E0FC8CE2BD99 | BASKET | HIDDEN_HALO | CHANNEL | GOLD | KT_14 | 1ct | imgs:3
[03:27:59][EMERALD] [6056] ? NIV-D3C1E0FC8CE2BD99 | BASKET | HIDDEN_HALO | CHANNEL | GOLD | KT_14 | 1ct | imgs:3
[03:28:05][EMERALD] [6057] ? NIV-D3C1E0FC8CE2BD99 | BASKET | HIDDEN_HALO | CHANNEL | GOLD | KT_14 | 1ct | imgs:3
[03:28:08][EMERALD] [6058] ? NIV-D4DEF206DCAB73DF | BASKET | HIDDEN_HALO | CHANNEL | GOLD | KT_18 | 1ct | imgs:3
[03:28:11][EMERALD] [6059] ? NIV-D4DEF206DCAB73DF | BASKET | HIDDEN_HALO | CHANNEL | GOLD | KT_18 | 1ct | imgs:3
[03:28:14][EMERALD] [6060] ? NIV-D4DEF206DCAB73DF | BASKET | HIDDEN_HALO | CHANNEL | GOLD | KT_18 | 1ct | imgs:3
[03:28:17][EMERALD] [6061] ? NIV-CDF976CE9D7D5C68 | BASKET | HIDDEN_HALO | CHANNEL | GOLD | KT_18 | 1ct | imgs:3
[03:28:20][EMERALD] [6062] ? NIV-CDF976CE9D7D5C68 | BASKET | HIDDEN_HALO | CHANNEL | GOLD | KT_18 | 1ct | imgs:3
[03:28:26][EMERALD] [6063] ? NIV-CDF976CE9D7D5C68 | BASKET | HIDDEN_HALO | CHANNEL | GOLD | KT_18 | 1ct | imgs:3
[03:28:29][EMERALD] [6064] ? NIV-EA9849F8D45DCBD5 | BASKET | HIDDEN_HALO | CHANNEL | GOLD | KT_18 | 1ct | imgs:3
[03:28:32][EMERALD] [6065] ? NIV-EA9849F8D45DCBD5 | BASKET | HIDDEN_HALO | CHANNEL | GOLD | KT_18 | 1ct | imgs:3
[03:28:35][EMERALD] [6066] ? NIV-EA9849F8D45DCBD5 | BASKET | HIDDEN_HALO | CHANNEL | GOLD | KT_18 | 1ct | imgs:3
[03:28:38][EMERALD] [6067] ? NIV-8910244AABBD55E5 | BASKET | HIDDEN_HALO | CHANNEL | PLATINUM | PT_950 | 1ct | imgs:3
[03:28:44][EMERALD] [6068] ? NIV-5EFB8245EBFCA28C | BASKET | HIDDEN_HALO | CHANNEL | GOLD | KT_10 | 1ct | imgs:1
[03:28:50][EMERALD] [6069] ? NIV-5EFB8245EBFCA28C | BASKET | HIDDEN_HALO | CHANNEL | GOLD | KT_10 | 1ct | imgs:3
[03:28:53][EMERALD] [6070] ? NIV-5EFB8245EBFCA28C | BASKET | HIDDEN_HALO | CHANNEL | GOLD | KT_10 | 1ct | imgs:3
[03:28:56][EMERALD] [6071] ? NIV-3AEDB493717F33A4 | BASKET | HIDDEN_HALO | CHANNEL | GOLD | KT_10 | 1ct | imgs:3
[03:28:59][EMERALD] [6072] ? NIV-3AEDB493717F33A4 | BASKET | HIDDEN_HALO | CHANNEL | GOLD | KT_10 | 1ct | imgs:3
[03:29:05][EMERALD] [6073] ? NIV-3AEDB493717F33A4 | BASKET | HIDDEN_HALO | CHANNEL | GOLD | KT_10 | 1ct | imgs:3
[03:29:08][EMERALD] [6074] ? NIV-1E68664E38C15705 | BASKET | HIDDEN_HALO | CHANNEL | GOLD | KT_10 | 1ct | imgs:3
[03:29:11][EMERALD] [6075] ? NIV-1E68664E38C15705 | BASKET | HIDDEN_HALO | CHANNEL | GOLD | KT_10 | 1ct | imgs:3
[03:29:17][EMERALD] [6076] ? NIV-1E68664E38C15705 | BASKET | HIDDEN_HALO | CHANNEL | GOLD | KT_10 | 1ct | imgs:3
[03:29:23][EMERALD] [6077] ? NIV-840F83FF819E2E3E | BASKET | HIDDEN_HALO | CHANNEL | GOLD | KT_14 | 1ct | imgs:3
[03:29:26][EMERALD] [6078] ? NIV-840F83FF819E2E3E | BASKET | HIDDEN_HALO | CHANNEL | GOLD | KT_14 | 1ct | imgs:3
[03:29:29][EMERALD] [6079] ? NIV-840F83FF819E2E3E | BASKET | HIDDEN_HALO | CHANNEL | GOLD | KT_14 | 1ct | imgs:3
[03:29:32][EMERALD] [6080] ? NIV-C94A888F84A43597 | BASKET | HIDDEN_HALO | CHANNEL | GOLD | KT_14 | 1ct | imgs:3
[03:29:35][EMERALD] [6081] ? NIV-C94A888F84A43597 | BASKET | HIDDEN_HALO | CHANNEL | GOLD | KT_14 | 1ct | imgs:3
[03:29:41][EMERALD] [6082] ? NIV-C94A888F84A43597 | BASKET | HIDDEN_HALO | CHANNEL | GOLD | KT_14 | 1ct | imgs:3
[03:29:44][EMERALD] [6083] ? NIV-9EF70BB7CFD3E3B1 | BASKET | HIDDEN_HALO | CHANNEL | GOLD | KT_14 | 1ct | imgs:3
[03:29:47][EMERALD] [6084] ? NIV-9EF70BB7CFD3E3B1 | BASKET | HIDDEN_HALO | CHANNEL | GOLD | KT_14 | 1ct | imgs:3
[03:29:53][EMERALD] [6085] ? NIV-9EF70BB7CFD3E3B1 | BASKET | HIDDEN_HALO | CHANNEL | GOLD | KT_14 | 1ct | imgs:3
[03:29:56][EMERALD] [6086] ? NIV-1549F16D58D11DF8 | BASKET | HIDDEN_HALO | CHANNEL | GOLD | KT_18 | 1ct | imgs:3
[03:29:59][EMERALD] [6087] ? NIV-1549F16D58D11DF8 | BASKET | HIDDEN_HALO | CHANNEL | GOLD | KT_18 | 1ct | imgs:3
[03:30:05][EMERALD] [6088] ? NIV-1549F16D58D11DF8 | BASKET | HIDDEN_HALO | CHANNEL | GOLD | KT_18 | 1ct | imgs:3
[03:30:08][EMERALD] [6089] ? NIV-2DFA05D82D6BCE25 | BASKET | HIDDEN_HALO | CHANNEL | GOLD | KT_18 | 1ct | imgs:1
[03:30:14][EMERALD] [6090] ? NIV-2DFA05D82D6BCE25 | BASKET | HIDDEN_HALO | CHANNEL | GOLD | KT_18 | 1ct | imgs:3
[03:30:17][EMERALD] [6091] ? NIV-2DFA05D82D6BCE25 | BASKET | HIDDEN_HALO | CHANNEL | GOLD | KT_18 | 1ct | imgs:3
[03:30:20][EMERALD] [6092] ? NIV-C88A9E1820056A94 | BASKET | HIDDEN_HALO | CHANNEL | GOLD | KT_18 | 1ct | imgs:3
[03:30:23][EMERALD] [6093] ? NIV-C88A9E1820056A94 | BASKET | HIDDEN_HALO | CHANNEL | GOLD | KT_18 | 1ct | imgs:3
[03:30:26][EMERALD] [6094] ? NIV-C88A9E1820056A94 | BASKET | HIDDEN_HALO | CHANNEL | GOLD | KT_18 | 1ct | imgs:3
[03:30:29][EMERALD] [6095] ? NIV-D4AE755D4122C8FD | BASKET | HIDDEN_HALO | CHANNEL | PLATINUM | PT_950 | 1ct | imgs:3
[03:30:35][EMERALD] [6096] ? NIV-84A08E709735187A | BASKET | HIDDEN_HALO | CHANNEL | GOLD | KT_10 | 1ct | imgs:3
[03:30:41][EMERALD] [6097] ? NIV-84A08E709735187A | BASKET | HIDDEN_HALO | CHANNEL | GOLD | KT_10 | 1ct | imgs:3
[03:30:46][EMERALD]   Re-seleccionando EMERALD (intento 1)
[03:30:47][EMERALD]   Boton no encontrado ? recargando configurador...
[03:31:22][EMERALD]   Error recargando: Page.wait_for_selector: Timeout 30000ms exceeded.
Call log:
  - waiting for locator("button[data-automation-id=\"center-stone-shape-EMERALD\"]") to be visible

[03:31:22][EMERALD]   Re-seleccionando EMERALD (intento 2)
[03:31:22][EMERALD]   Boton no encontrado ? recargando configurador...
[03:31:39][EMERALD]   Re-seleccionando EMERALD (intento 3)
[03:31:46][EMERALD] [6098] ? NIV-2976C15504BEA6A1 | BASKET | HIDDEN_HALO | CHANNEL | GOLD | KT_10 | 1ct | imgs:3
[03:31:49][EMERALD] [6099] ? NIV-DFD392AE87D500C9 | BASKET | HIDDEN_HALO | CHANNEL | GOLD | KT_10 | 1ct | imgs:1
[03:31:52][EMERALD] [6100] ? NIV-577E98AEF40A4E55 | BASKET | HIDDEN_HALO | CHANNEL | GOLD | KT_10 | 1ct | imgs:1
[03:31:58][EMERALD] [6101] ? NIV-61FD728ECCFBC03B | BASKET | HIDDEN_HALO | CHANNEL | GOLD | KT_10 | 1ct | imgs:1
[03:32:04][EMERALD] [6102] ? NIV-29DD8E52D3103B43 | BASKET | HIDDEN_HALO | CHANNEL | GOLD | KT_10 | 1ct | imgs:1
[03:32:06][EMERALD] [6103] ? NIV-022700432B17CE96 | BASKET | HIDDEN_HALO | CHANNEL | GOLD | KT_10 | 1ct | imgs:3
[03:32:09][EMERALD] [6104] ? NIV-4C58A4FB5312412D | BASKET | HIDDEN_HALO | CHANNEL | GOLD | KT_10 | 1ct | imgs:3
[03:32:12][EMERALD] [6105] ? NIV-81E6232CCE8CA806 | BASKET | HIDDEN_HALO | CHANNEL | GOLD | KT_14 | 1ct | imgs:3
[03:32:15][EMERALD] [6106] ? NIV-4C3578A90A6059BB | BASKET | HIDDEN_HALO | CHANNEL | GOLD | KT_14 | 1ct | imgs:3
[03:32:18][EMERALD] [6107] ? NIV-E25D858417889171 | BASKET | HIDDEN_HALO | CHANNEL | GOLD | KT_14 | 1ct | imgs:3
[03:32:24][EMERALD] [6108] ? NIV-D858673F8DBD7BA6 | BASKET | HIDDEN_HALO | CHANNEL | GOLD | KT_14 | 1ct | imgs:3
[03:32:28][EMERALD] [6109] ? NIV-E0402D71A5EDBF75 | BASKET | HIDDEN_HALO | CHANNEL | GOLD | KT_14 | 1ct | imgs:1
[03:32:31][EMERALD] [6110] ? NIV-24F4E28AF3790386 | BASKET | HIDDEN_HALO | CHANNEL | GOLD | KT_14 | 1ct | imgs:3
[03:32:34][EMERALD] [6111] ? NIV-EF4553EADC0F27DE | BASKET | HIDDEN_HALO | CHANNEL | GOLD | KT_14 | 1ct | imgs:3
[03:32:36][EMERALD] [6112] ? NIV-001E20217C64FE5F | BASKET | HIDDEN_HALO | CHANNEL | GOLD | KT_14 | 1ct | imgs:3
[03:32:39][EMERALD] [6113] ? NIV-5ACADED7F7C47728 | BASKET | HIDDEN_HALO | CHANNEL | GOLD | KT_14 | 1ct | imgs:3
[03:32:45][EMERALD] [6114] ? NIV-84C7F7530C70F70D | BASKET | HIDDEN_HALO | CHANNEL | GOLD | KT_18 | 1ct | imgs:3
[03:32:48][EMERALD] [6115] ? NIV-C58B0EAE6D5330BE | BASKET | HIDDEN_HALO | CHANNEL | GOLD | KT_18 | 1ct | imgs:1
[03:32:51][EMERALD] [6116] ? NIV-EAA574E805638E9C | BASKET | HIDDEN_HALO | CHANNEL | GOLD | KT_18 | 1ct | imgs:3
[03:32:57][EMERALD] [6117] ? NIV-8E441C273A81DF56 | BASKET | HIDDEN_HALO | CHANNEL | GOLD | KT_18 | 1ct | imgs:3
[03:33:00][EMERALD] [6118] ? NIV-C3AFBCCBEFFACDF6 | BASKET | HIDDEN_HALO | CHANNEL | GOLD | KT_18 | 1ct | imgs:3
[03:33:04][EMERALD] [6119] ? NIV-956C60F4CECC038F | BASKET | HIDDEN_HALO | CHANNEL | GOLD | KT_18 | 1ct | imgs:3
[03:33:09][EMERALD] [6120] ? NIV-D1FAB43C2D1A64D4 | BASKET | HIDDEN_HALO | CHANNEL | GOLD | KT_18 | 1ct | imgs:3
[03:33:15][EMERALD] [6121] ? NIV-D8A74E718B3EE441 | BASKET | HIDDEN_HALO | CHANNEL | GOLD | KT_18 | 1ct | imgs:3
[03:33:18][EMERALD] [6122] ? NIV-B24E12D244D82B84 | BASKET | HIDDEN_HALO | CHANNEL | GOLD | KT_18 | 1ct | imgs:3
[03:33:22][EMERALD] [6123] ? NIV-DE75F99A88EA3D49 | BASKET | HIDDEN_HALO | CHANNEL | PLATINUM | PT_950 | 1ct | imgs:3
[03:33:28][EMERALD] [6124] ? NIV-6C08AAD53E76D6D1 | BASKET | HIDDEN_HALO | CHANNEL | GOLD | KT_10 | 1ct | imgs:1
[03:33:33][EMERALD] [6125] ? NIV-6C08AAD53E76D6D1 | BASKET | HIDDEN_HALO | CHANNEL | GOLD | KT_10 | 1ct | imgs:3
[03:33:37][EMERALD] [6126] ? NIV-6C08AAD53E76D6D1 | BASKET | HIDDEN_HALO | CHANNEL | GOLD | KT_10 | 1ct | imgs:3
[03:33:41][EMERALD] [6127] ? NIV-D48D0ADCC527820B | BASKET | HIDDEN_HALO | CHANNEL | GOLD | KT_10 | 1ct | imgs:1
[03:33:48][EMERALD] [6128] ? NIV-D48D0ADCC527820B | BASKET | HIDDEN_HALO | CHANNEL | GOLD | KT_10 | 1ct | imgs:3
[03:33:54][EMERALD] [6129] ? NIV-D48D0ADCC527820B | BASKET | HIDDEN_HALO | CHANNEL | GOLD | KT_10 | 1ct | imgs:3
[03:33:58][EMERALD] [6130] ? NIV-5E9E4A8EBCAB8F7E | BASKET | HIDDEN_HALO | CHANNEL | GOLD | KT_10 | 1ct | imgs:1
[03:34:03][EMERALD] [6131] ? NIV-5E9E4A8EBCAB8F7E | BASKET | HIDDEN_HALO | CHANNEL | GOLD | KT_10 | 1ct | imgs:3
[03:34:07][EMERALD] [6132] ? NIV-5E9E4A8EBCAB8F7E | BASKET | HIDDEN_HALO | CHANNEL | GOLD | KT_10 | 1ct | imgs:3
[03:34:14][EMERALD] [6133] ? NIV-DEB51D8FB9D0283C | BASKET | HIDDEN_HALO | CHANNEL | GOLD | KT_14 | 1ct | imgs:1
[03:34:18][EMERALD] [6134] ? NIV-DEB51D8FB9D0283C | BASKET | HIDDEN_HALO | CHANNEL | GOLD | KT_14 | 1ct | imgs:3
[03:34:24][EMERALD] [6135] ? NIV-DEB51D8FB9D0283C | BASKET | HIDDEN_HALO | CHANNEL | GOLD | KT_14 | 1ct | imgs:3
[03:34:28][EMERALD] [6136] ? NIV-70C1BA6B15954E9A | BASKET | HIDDEN_HALO | CHANNEL | GOLD | KT_14 | 1ct | imgs:1
[03:34:33][EMERALD] [6137] ? NIV-70C1BA6B15954E9A | BASKET | HIDDEN_HALO | CHANNEL | GOLD | KT_14 | 1ct | imgs:3
[03:34:36][EMERALD] [6138] ? NIV-70C1BA6B15954E9A | BASKET | HIDDEN_HALO | CHANNEL | GOLD | KT_14 | 1ct | imgs:3
[03:34:40][EMERALD] [6139] ? NIV-BC0361B3E8ED3EE1 | BASKET | HIDDEN_HALO | CHANNEL | GOLD | KT_14 | 1ct | imgs:1
[03:34:45][EMERALD] [6140] ? NIV-BC0361B3E8ED3EE1 | BASKET | HIDDEN_HALO | CHANNEL | GOLD | KT_14 | 1ct | imgs:3
[03:34:51][EMERALD] [6141] ? NIV-BC0361B3E8ED3EE1 | BASKET | HIDDEN_HALO | CHANNEL | GOLD | KT_14 | 1ct | imgs:3
[03:35:01][EMERALD] [6142] ? NIV-EFE76D048B196CBB | BASKET | HIDDEN_HALO | CHANNEL | GOLD | KT_18 | 1ct | imgs:1
[03:35:06][EMERALD] [6143] ? NIV-EFE76D048B196CBB | BASKET | HIDDEN_HALO | CHANNEL | GOLD | KT_18 | 1ct | imgs:3
[03:35:09][EMERALD] [6144] ? NIV-EFE76D048B196CBB | BASKET | HIDDEN_HALO | CHANNEL | GOLD | KT_18 | 1ct | imgs:3
[03:35:13][EMERALD] [6145] ? NIV-799823962688B566 | BASKET | HIDDEN_HALO | CHANNEL | GOLD | KT_18 | 1ct | imgs:3
[03:35:18][EMERALD] [6146] ? NIV-799823962688B566 | BASKET | HIDDEN_HALO | CHANNEL | GOLD | KT_18 | 1ct | imgs:3
[03:35:24][EMERALD] [6147] ? NIV-799823962688B566 | BASKET | HIDDEN_HALO | CHANNEL | GOLD | KT_18 | 1ct | imgs:3
[03:35:29][EMERALD] [6148] ? NIV-9B9EDD127295271E | BASKET | HIDDEN_HALO | CHANNEL | GOLD | KT_18 | 1ct | imgs:1
[03:35:33][EMERALD] [6149] ? NIV-9B9EDD127295271E | BASKET | HIDDEN_HALO | CHANNEL | GOLD | KT_18 | 1ct | imgs:3
[03:35:37][EMERALD] [6150] ? NIV-9B9EDD127295271E | BASKET | HIDDEN_HALO | CHANNEL | GOLD | KT_18 | 1ct | imgs:3
[03:35:39][EMERALD] [6151] ? NIV-4675AFC18615FDBB | BASKET | HIDDEN_HALO | CHANNEL | PLATINUM | PT_950 | 1ct | imgs:1
[03:35:45][EMERALD] [6152] ? NIV-3E6566E15858F994 | BASKET | HIDDEN_HALO | CHANNEL | GOLD | KT_10 | 1ct | imgs:3
[03:35:49][EMERALD] [6153] ? NIV-3E6566E15858F994 | BASKET | HIDDEN_HALO | CHANNEL | GOLD | KT_10 | 1ct | imgs:3
[03:35:54][EMERALD] [6154] ? NIV-3E6566E15858F994 | BASKET | HIDDEN_HALO | CHANNEL | GOLD | KT_10 | 1ct | imgs:3
[03:35:57][EMERALD] [6155] ? NIV-5E2C72B1021F8475 | BASKET | HIDDEN_HALO | CHANNEL | GOLD | KT_10 | 1ct | imgs:3
[03:36:03][EMERALD] [6156] ? NIV-5E2C72B1021F8475 | BASKET | HIDDEN_HALO | CHANNEL | GOLD | KT_10 | 1ct | imgs:3
[03:36:09][EMERALD] [6157] ? NIV-5E2C72B1021F8475 | BASKET | HIDDEN_HALO | CHANNEL | GOLD | KT_10 | 1ct | imgs:3
[03:36:12][EMERALD] [6158] ? NIV-B6C12105412F092C | BASKET | HIDDEN_HALO | CHANNEL | GOLD | KT_10 | 1ct | imgs:3
[03:36:18][EMERALD] [6159] ? NIV-B6C12105412F092C | BASKET | HIDDEN_HALO | CHANNEL | GOLD | KT_10 | 1ct | imgs:3
[03:36:24][EMERALD] [6160] ? NIV-B6C12105412F092C | BASKET | HIDDEN_HALO | CHANNEL | GOLD | KT_10 | 1ct | imgs:3
[03:36:27][EMERALD] [6161] ? NIV-CFEDF0243363AB29 | BASKET | HIDDEN_HALO | CHANNEL | GOLD | KT_14 | 1ct | imgs:3
[03:36:33][EMERALD] [6162] ? NIV-CFEDF0243363AB29 | BASKET | HIDDEN_HALO | CHANNEL | GOLD | KT_14 | 1ct | imgs:3
[03:36:36][EMERALD] [6163] ? NIV-CFEDF0243363AB29 | BASKET | HIDDEN_HALO | CHANNEL | GOLD | KT_14 | 1ct | imgs:3
[03:36:39][EMERALD] [6164] ? NIV-826AB88203889BC9 | BASKET | HIDDEN_HALO | CHANNEL | GOLD | KT_14 | 1ct | imgs:3
[03:36:45][EMERALD] [6165] ? NIV-826AB88203889BC9 | BASKET | HIDDEN_HALO | CHANNEL | GOLD | KT_14 | 1ct | imgs:3
[03:36:51][EMERALD] [6166] ? NIV-826AB88203889BC9 | BASKET | HIDDEN_HALO | CHANNEL | GOLD | KT_14 | 1ct | imgs:3
[03:36:54][EMERALD] [6167] ? NIV-FBCCB66AE461826F | BASKET | HIDDEN_HALO | CHANNEL | GOLD | KT_14 | 1ct | imgs:3
[03:36:57][EMERALD] [6168] ? NIV-FBCCB66AE461826F | BASKET | HIDDEN_HALO | CHANNEL | GOLD | KT_14 | 1ct | imgs:3
[03:37:01][EMERALD] [6169] ? NIV-FBCCB66AE461826F | BASKET | HIDDEN_HALO | CHANNEL | GOLD | KT_14 | 1ct | imgs:3
[03:37:06][EMERALD] [6170] ? NIV-212C30BDCE503BFB | BASKET | HIDDEN_HALO | CHANNEL | GOLD | KT_18 | 1ct | imgs:3
[03:37:12][EMERALD] [6171] ? NIV-212C30BDCE503BFB | BASKET | HIDDEN_HALO | CHANNEL | GOLD | KT_18 | 1ct | imgs:3
[03:37:18][EMERALD] [6172] ? NIV-212C30BDCE503BFB | BASKET | HIDDEN_HALO | CHANNEL | GOLD | KT_18 | 1ct | imgs:3
[03:37:21][EMERALD] [6173] ? NIV-D341397942DB6ECF | BASKET | HIDDEN_HALO | CHANNEL | GOLD | KT_18 | 1ct | imgs:3
[03:37:27][EMERALD] [6174] ? NIV-D341397942DB6ECF | BASKET | HIDDEN_HALO | CHANNEL | GOLD | KT_18 | 1ct | imgs:3
[03:37:33][EMERALD] [6175] ? NIV-D341397942DB6ECF | BASKET | HIDDEN_HALO | CHANNEL | GOLD | KT_18 | 1ct | imgs:3
[03:37:37][EMERALD] [6176] ? NIV-3FD60824C6CC280B | BASKET | HIDDEN_HALO | CHANNEL | GOLD | KT_18 | 1ct | imgs:3
[03:37:42][EMERALD] [6177] ? NIV-3FD60824C6CC280B | BASKET | HIDDEN_HALO | CHANNEL | GOLD | KT_18 | 1ct | imgs:3
[03:37:48][EMERALD] [6178] ? NIV-3FD60824C6CC280B | BASKET | HIDDEN_HALO | CHANNEL | GOLD | KT_18 | 1ct | imgs:3
[03:37:52][EMERALD] [6179] ? NIV-0E616B037BBD27A6 | BASKET | HIDDEN_HALO | CHANNEL | PLATINUM | PT_950 | 1ct | imgs:3
[03:38:06][EMERALD] [6180] ? NIV-61D47130A085F566 | BASKET | HIDDEN_HALO | PRONG | GOLD | KT_10 | 1ct | imgs:1
[03:38:12][EMERALD] [6181] ? NIV-61D47130A085F566 | BASKET | HIDDEN_HALO | PRONG | GOLD | KT_10 | 1ct | imgs:3
[03:38:15][EMERALD] [6182] ? NIV-61D47130A085F566 | BASKET | HIDDEN_HALO | PRONG | GOLD | KT_10 | 1ct | imgs:3
[03:38:18][EMERALD] [6183] ? NIV-FAE6E4DE7ADFF392 | BASKET | HIDDEN_HALO | PRONG | GOLD | KT_10 | 1ct | imgs:3
[03:38:22][EMERALD] [6184] ? NIV-FAE6E4DE7ADFF392 | BASKET | HIDDEN_HALO | PRONG | GOLD | KT_10 | 1ct | imgs:3
[03:38:27][EMERALD] [6185] ? NIV-FAE6E4DE7ADFF392 | BASKET | HIDDEN_HALO | PRONG | GOLD | KT_10 | 1ct | imgs:3
[03:38:31][EMERALD] [6186] ? NIV-588AD83AC1A8FA39 | BASKET | HIDDEN_HALO | PRONG | GOLD | KT_10 | 1ct | imgs:1
[03:38:36][EMERALD] [6187] ? NIV-588AD83AC1A8FA39 | BASKET | HIDDEN_HALO | PRONG | GOLD | KT_10 | 1ct | imgs:3
[03:38:42][EMERALD] [6188] ? NIV-588AD83AC1A8FA39 | BASKET | HIDDEN_HALO | PRONG | GOLD | KT_10 | 1ct | imgs:3
[03:38:50][EMERALD] [6189] ? NIV-83CCD1141F542E8E | BASKET | HIDDEN_HALO | PRONG | GOLD | KT_14 | 1ct | imgs:1
[03:38:54][EMERALD] [6190] ? NIV-83CCD1141F542E8E | BASKET | HIDDEN_HALO | PRONG | GOLD | KT_14 | 1ct | imgs:3
[03:38:57][EMERALD] [6191] ? NIV-83CCD1141F542E8E | BASKET | HIDDEN_HALO | PRONG | GOLD | KT_14 | 1ct | imgs:3
[03:39:00][EMERALD] [6192] ? NIV-0DCA8489D50446E5 | BASKET | HIDDEN_HALO | PRONG | GOLD | KT_14 | 1ct | imgs:3
[03:39:04][EMERALD] [6193] ? NIV-0DCA8489D50446E5 | BASKET | HIDDEN_HALO | PRONG | GOLD | KT_14 | 1ct | imgs:3
[03:39:09][EMERALD] [6194] ? NIV-0DCA8489D50446E5 | BASKET | HIDDEN_HALO | PRONG | GOLD | KT_14 | 1ct | imgs:3
[03:39:12][EMERALD] [6195] ? NIV-81F3D9C180E9AD27 | BASKET | HIDDEN_HALO | PRONG | GOLD | KT_14 | 1ct | imgs:3
[03:39:15][EMERALD] [6196] ? NIV-81F3D9C180E9AD27 | BASKET | HIDDEN_HALO | PRONG | GOLD | KT_14 | 1ct | imgs:3
[03:39:21][EMERALD] [6197] ? NIV-81F3D9C180E9AD27 | BASKET | HIDDEN_HALO | PRONG | GOLD | KT_14 | 1ct | imgs:3
[03:39:26][EMERALD] [6198] ? NIV-4A4752AA30560EA1 | BASKET | HIDDEN_HALO | PRONG | GOLD | KT_18 | 1ct | imgs:1
[03:39:30][EMERALD] [6199] ? NIV-4A4752AA30560EA1 | BASKET | HIDDEN_HALO | PRONG | GOLD | KT_18 | 1ct | imgs:3
[03:39:36][EMERALD] [6200] ? NIV-4A4752AA30560EA1 | BASKET | HIDDEN_HALO | PRONG | GOLD | KT_18 | 1ct | imgs:3
[03:39:41][EMERALD] [6201] ? NIV-B9E7FE3CE24828E9 | BASKET | HIDDEN_HALO | PRONG | GOLD | KT_18 | 1ct | imgs:3
[03:39:45][EMERALD] [6202] ? NIV-B9E7FE3CE24828E9 | BASKET | HIDDEN_HALO | PRONG | GOLD | KT_18 | 1ct | imgs:3
[03:39:48][EMERALD] [6203] ? NIV-B9E7FE3CE24828E9 | BASKET | HIDDEN_HALO | PRONG | GOLD | KT_18 | 1ct | imgs:3
[03:39:56][EMERALD] [6204] ? NIV-37BAE220103EA922 | BASKET | HIDDEN_HALO | PRONG | GOLD | KT_18 | 1ct | imgs:1
[03:40:00][EMERALD] [6205] ? NIV-37BAE220103EA922 | BASKET | HIDDEN_HALO | PRONG | GOLD | KT_18 | 1ct | imgs:3
[03:40:04][EMERALD] [6206] ? NIV-37BAE220103EA922 | BASKET | HIDDEN_HALO | PRONG | GOLD | KT_18 | 1ct | imgs:3
[03:40:09][EMERALD] [6207] ? NIV-7A026D2020DED81F | BASKET | HIDDEN_HALO | PRONG | PLATINUM | PT_950 | 1ct | imgs:3
[03:40:17][EMERALD] [6208] ? NIV-B06EA4C10F8C0FBE | BASKET | HIDDEN_HALO | PRONG | GOLD | KT_10 | 1ct | imgs:1
[03:40:21][EMERALD] [6209] ? NIV-B06EA4C10F8C0FBE | BASKET | HIDDEN_HALO | PRONG | GOLD | KT_10 | 1ct | imgs:3
[03:40:25][EMERALD] [6210] ? NIV-B06EA4C10F8C0FBE | BASKET | HIDDEN_HALO | PRONG | GOLD | KT_10 | 1ct | imgs:3
[03:40:29][EMERALD] [6211] ? NIV-D0FDAB568C3B42E0 | BASKET | HIDDEN_HALO | PRONG | GOLD | KT_10 | 1ct | imgs:1
[03:40:33][EMERALD] [6212] ? NIV-D0FDAB568C3B42E0 | BASKET | HIDDEN_HALO | PRONG | GOLD | KT_10 | 1ct | imgs:3
[03:40:39][EMERALD] [6213] ? NIV-D0FDAB568C3B42E0 | BASKET | HIDDEN_HALO | PRONG | GOLD | KT_10 | 1ct | imgs:3
[03:40:44][EMERALD] [6214] ? NIV-650C2BE646C31298 | BASKET | HIDDEN_HALO | PRONG | GOLD | KT_10 | 1ct | imgs:2
[03:40:48][EMERALD] [6215] ? NIV-650C2BE646C31298 | BASKET | HIDDEN_HALO | PRONG | GOLD | KT_10 | 1ct | imgs:3
[03:40:51][EMERALD] [6216] ? NIV-650C2BE646C31298 | BASKET | HIDDEN_HALO | PRONG | GOLD | KT_10 | 1ct | imgs:3
[03:40:54][EMERALD] [6217] ? NIV-628DB3CA8037E87E | BASKET | HIDDEN_HALO | PRONG | GOLD | KT_14 | 1ct | imgs:3
[03:41:00][EMERALD] [6218] ? NIV-628DB3CA8037E87E | BASKET | HIDDEN_HALO | PRONG | GOLD | KT_14 | 1ct | imgs:3
[03:41:03][EMERALD] [6219] ? NIV-628DB3CA8037E87E | BASKET | HIDDEN_HALO | PRONG | GOLD | KT_14 | 1ct | imgs:3
[03:41:07][EMERALD] [6220] ? NIV-FD101A719AF8C401 | BASKET | HIDDEN_HALO | PRONG | GOLD | KT_14 | 1ct | imgs:1
[03:41:12][EMERALD] [6221] ? NIV-FD101A719AF8C401 | BASKET | HIDDEN_HALO | PRONG | GOLD | KT_14 | 1ct | imgs:3
[03:41:15][EMERALD] [6222] ? NIV-FD101A719AF8C401 | BASKET | HIDDEN_HALO | PRONG | GOLD | KT_14 | 1ct | imgs:3
[03:41:18][EMERALD] [6223] ? NIV-7A0588096E552DE3 | BASKET | HIDDEN_HALO | PRONG | GOLD | KT_14 | 1ct | imgs:3
[03:41:24][EMERALD] [6224] ? NIV-7A0588096E552DE3 | BASKET | HIDDEN_HALO | PRONG | GOLD | KT_14 | 1ct | imgs:3
[03:41:30][EMERALD] [6225] ? NIV-7A0588096E552DE3 | BASKET | HIDDEN_HALO | PRONG | GOLD | KT_14 | 1ct | imgs:3
[03:41:39][EMERALD] [6226] ? NIV-5A27BA82E5BBC399 | BASKET | HIDDEN_HALO | PRONG | GOLD | KT_18 | 1ct | imgs:1
[03:41:42][EMERALD] [6227] ? NIV-5A27BA82E5BBC399 | BASKET | HIDDEN_HALO | PRONG | GOLD | KT_18 | 1ct | imgs:3
[03:41:48][EMERALD] [6228] ? NIV-5A27BA82E5BBC399 | BASKET | HIDDEN_HALO | PRONG | GOLD | KT_18 | 1ct | imgs:3
[03:41:51][EMERALD] [6229] ? NIV-7AB36416122D8D39 | BASKET | HIDDEN_HALO | PRONG | GOLD | KT_18 | 1ct | imgs:3
[03:41:57][EMERALD] [6230] ? NIV-7AB36416122D8D39 | BASKET | HIDDEN_HALO | PRONG | GOLD | KT_18 | 1ct | imgs:3
[03:42:03][EMERALD] [6231] ? NIV-7AB36416122D8D39 | BASKET | HIDDEN_HALO | PRONG | GOLD | KT_18 | 1ct | imgs:3
[03:42:06][EMERALD] [6232] ? NIV-D6AE5A67F98BBDD8 | BASKET | HIDDEN_HALO | PRONG | GOLD | KT_18 | 1ct | imgs:3
[03:42:12][EMERALD] [6233] ? NIV-D6AE5A67F98BBDD8 | BASKET | HIDDEN_HALO | PRONG | GOLD | KT_18 | 1ct | imgs:3
[03:42:18][EMERALD] [6234] ? NIV-D6AE5A67F98BBDD8 | BASKET | HIDDEN_HALO | PRONG | GOLD | KT_18 | 1ct | imgs:3
[03:42:22][EMERALD] [6235] ? NIV-255D65B475C7F10C | BASKET | HIDDEN_HALO | PRONG | PLATINUM | PT_950 | 1ct | imgs:3
[03:42:28][EMERALD] [6236] ? NIV-EB6C66FBDD9E6AB2 | BASKET | HIDDEN_HALO | PRONG | GOLD | KT_10 | 1ct | imgs:3
[03:42:31][EMERALD] [6237] ? NIV-EB6C66FBDD9E6AB2 | BASKET | HIDDEN_HALO | PRONG | GOLD | KT_10 | 1ct | imgs:3
[03:42:36][EMERALD] [6238] ? NIV-EB6C66FBDD9E6AB2 | BASKET | HIDDEN_HALO | PRONG | GOLD | KT_10 | 1ct | imgs:3
[03:42:39][EMERALD] [6239] ? NIV-670342A76CC48BD7 | BASKET | HIDDEN_HALO | PRONG | GOLD | KT_10 | 1ct | imgs:3
[03:42:43][EMERALD] [6240] ? NIV-670342A76CC48BD7 | BASKET | HIDDEN_HALO | PRONG | GOLD | KT_10 | 1ct | imgs:3
[03:42:48][EMERALD] [6241] ? NIV-670342A76CC48BD7 | BASKET | HIDDEN_HALO | PRONG | GOLD | KT_10 | 1ct | imgs:3
[03:42:51][EMERALD] [6242] ? NIV-84ADD498AE47D49B | BASKET | HIDDEN_HALO | PRONG | GOLD | KT_10 | 1ct | imgs:3
[03:42:57][EMERALD] [6243] ? NIV-84ADD498AE47D49B | BASKET | HIDDEN_HALO | PRONG | GOLD | KT_10 | 1ct | imgs:3
[03:43:01][EMERALD] [6244] ? NIV-84ADD498AE47D49B | BASKET | HIDDEN_HALO | PRONG | GOLD | KT_10 | 1ct | imgs:3
[03:43:06][EMERALD] [6245] ? NIV-7CE0CE11820112FF | BASKET | HIDDEN_HALO | PRONG | GOLD | KT_14 | 1ct | imgs:3
[03:43:12][EMERALD] [6246] ? NIV-7CE0CE11820112FF | BASKET | HIDDEN_HALO | PRONG | GOLD | KT_14 | 1ct | imgs:3
[03:43:18][EMERALD] [6247] ? NIV-7CE0CE11820112FF | BASKET | HIDDEN_HALO | PRONG | GOLD | KT_14 | 1ct | imgs:3
[03:43:21][EMERALD] [6248] ? NIV-EED231AEF4516B90 | BASKET | HIDDEN_HALO | PRONG | GOLD | KT_14 | 1ct | imgs:3
[03:43:27][EMERALD] [6249] ? NIV-EED231AEF4516B90 | BASKET | HIDDEN_HALO | PRONG | GOLD | KT_14 | 1ct | imgs:3
[03:43:33][EMERALD] [6250] ? NIV-EED231AEF4516B90 | BASKET | HIDDEN_HALO | PRONG | GOLD | KT_14 | 1ct | imgs:3
[03:43:36][EMERALD] [6251] ? NIV-E90848491B849617 | BASKET | HIDDEN_HALO | PRONG | GOLD | KT_14 | 1ct | imgs:3
[03:43:42][EMERALD] [6252] ? NIV-E90848491B849617 | BASKET | HIDDEN_HALO | PRONG | GOLD | KT_14 | 1ct | imgs:3
[03:43:48][EMERALD] [6253] ? NIV-E90848491B849617 | BASKET | HIDDEN_HALO | PRONG | GOLD | KT_14 | 1ct | imgs:3
[03:43:54][EMERALD] [6254] ? NIV-0462700F4048916C | BASKET | HIDDEN_HALO | PRONG | GOLD | KT_18 | 1ct | imgs:3
[03:44:00][EMERALD] [6255] ? NIV-0462700F4048916C | BASKET | HIDDEN_HALO | PRONG | GOLD | KT_18 | 1ct | imgs:3
[03:44:04][EMERALD] [6256] ? NIV-0462700F4048916C | BASKET | HIDDEN_HALO | PRONG | GOLD | KT_18 | 1ct | imgs:3
[03:44:06][EMERALD] [6257] ? NIV-9A019EF59F506CC0 | BASKET | HIDDEN_HALO | PRONG | GOLD | KT_18 | 1ct | imgs:3
[03:44:12][EMERALD] [6258] ? NIV-9A019EF59F506CC0 | BASKET | HIDDEN_HALO | PRONG | GOLD | KT_18 | 1ct | imgs:3
[03:44:16][EMERALD] [6259] ? NIV-9A019EF59F506CC0 | BASKET | HIDDEN_HALO | PRONG | GOLD | KT_18 | 1ct | imgs:3
[03:44:18][EMERALD] [6260] ? NIV-60F7EFB6AAB1710F | BASKET | HIDDEN_HALO | PRONG | GOLD | KT_18 | 1ct | imgs:3
[03:44:24][EMERALD] [6261] ? NIV-60F7EFB6AAB1710F | BASKET | HIDDEN_HALO | PRONG | GOLD | KT_18 | 1ct | imgs:3
[03:44:30][EMERALD] [6262] ? NIV-60F7EFB6AAB1710F | BASKET | HIDDEN_HALO | PRONG | GOLD | KT_18 | 1ct | imgs:3
[03:44:33][EMERALD] [6263] ? NIV-FF4BB16AB2E8139E | BASKET | HIDDEN_HALO | PRONG | PLATINUM | PT_950 | 1ct | imgs:3
[03:44:40][EMERALD] [6264] ? NIV-681534E4148A1370 | BASKET | HIDDEN_HALO | PRONG | GOLD | KT_10 | 1ct | imgs:3
[03:44:45][EMERALD] [6265] ? NIV-681534E4148A1370 | BASKET | HIDDEN_HALO | PRONG | GOLD | KT_10 | 1ct | imgs:3
[03:44:49][EMERALD] [6266] ? NIV-681534E4148A1370 | BASKET | HIDDEN_HALO | PRONG | GOLD | KT_10 | 1ct | imgs:3
[03:44:52][EMERALD] [6267] ? NIV-6120C760A9F214EA | BASKET | HIDDEN_HALO | PRONG | GOLD | KT_10 | 1ct | imgs:3
[03:44:57][EMERALD] [6268] ? NIV-6120C760A9F214EA | BASKET | HIDDEN_HALO | PRONG | GOLD | KT_10 | 1ct | imgs:3
[03:45:03][EMERALD] [6269] ? NIV-6120C760A9F214EA | BASKET | HIDDEN_HALO | PRONG | GOLD | KT_10 | 1ct | imgs:3
[03:45:07][EMERALD] [6270] ? NIV-CC6ED8AC1E861517 | BASKET | HIDDEN_HALO | PRONG | GOLD | KT_10 | 1ct | imgs:3
[03:45:12][EMERALD] [6271] ? NIV-CC6ED8AC1E861517 | BASKET | HIDDEN_HALO | PRONG | GOLD | KT_10 | 1ct | imgs:3
[03:45:18][EMERALD] [6272] ? NIV-CC6ED8AC1E861517 | BASKET | HIDDEN_HALO | PRONG | GOLD | KT_10 | 1ct | imgs:3
[03:45:22][EMERALD] [6273] ? NIV-91BA85B2AB5AC840 | BASKET | HIDDEN_HALO | PRONG | GOLD | KT_14 | 1ct | imgs:3
[03:45:27][EMERALD] [6274] ? NIV-91BA85B2AB5AC840 | BASKET | HIDDEN_HALO | PRONG | GOLD | KT_14 | 1ct | imgs:3
[03:45:31][EMERALD] [6275] ? NIV-91BA85B2AB5AC840 | BASKET | HIDDEN_HALO | PRONG | GOLD | KT_14 | 1ct | imgs:3
[03:45:36][EMERALD] [6276] ? NIV-AE94D0D3E18E3903 | BASKET | HIDDEN_HALO | PRONG | GOLD | KT_14 | 1ct | imgs:3
[03:45:39][EMERALD] [6277] ? NIV-AE94D0D3E18E3903 | BASKET | HIDDEN_HALO | PRONG | GOLD | KT_14 | 1ct | imgs:3
[03:45:45][EMERALD] [6278] ? NIV-AE94D0D3E18E3903 | BASKET | HIDDEN_HALO | PRONG | GOLD | KT_14 | 1ct | imgs:3
[03:45:48][EMERALD] [6279] ? NIV-9061AEABA8C30383 | BASKET | HIDDEN_HALO | PRONG | GOLD | KT_14 | 1ct | imgs:3
[03:45:54][EMERALD] [6280] ? NIV-9061AEABA8C30383 | BASKET | HIDDEN_HALO | PRONG | GOLD | KT_14 | 1ct | imgs:3
[03:46:00][EMERALD] [6281] ? NIV-9061AEABA8C30383 | BASKET | HIDDEN_HALO | PRONG | GOLD | KT_14 | 1ct | imgs:3
[03:46:04][EMERALD] [6282] ? NIV-2F708A7CDF2EC3FF | BASKET | HIDDEN_HALO | PRONG | GOLD | KT_18 | 1ct | imgs:3
[03:46:09][EMERALD] [6283] ? NIV-2F708A7CDF2EC3FF | BASKET | HIDDEN_HALO | PRONG | GOLD | KT_18 | 1ct | imgs:3
[03:46:12][EMERALD] [6284] ? NIV-2F708A7CDF2EC3FF | BASKET | HIDDEN_HALO | PRONG | GOLD | KT_18 | 1ct | imgs:3
[03:46:15][EMERALD] [6285] ? NIV-5134835BE0E0E055 | BASKET | HIDDEN_HALO | PRONG | GOLD | KT_18 | 1ct | imgs:3
[03:46:21][EMERALD] [6286] ? NIV-5134835BE0E0E055 | BASKET | HIDDEN_HALO | PRONG | GOLD | KT_18 | 1ct | imgs:3
[03:46:24][EMERALD] [6287] ? NIV-5134835BE0E0E055 | BASKET | HIDDEN_HALO | PRONG | GOLD | KT_18 | 1ct | imgs:3
[03:46:27][EMERALD] [6288] ? NIV-F32533EA38495EE3 | BASKET | HIDDEN_HALO | PRONG | GOLD | KT_18 | 1ct | imgs:3
[03:46:31][EMERALD] [6289] ? NIV-F32533EA38495EE3 | BASKET | HIDDEN_HALO | PRONG | GOLD | KT_18 | 1ct | imgs:3
[03:46:36][EMERALD] [6290] ? NIV-F32533EA38495EE3 | BASKET | HIDDEN_HALO | PRONG | GOLD | KT_18 | 1ct | imgs:3
[03:46:39][EMERALD] [6291] ? NIV-B4489B31011BC857 | BASKET | HIDDEN_HALO | PRONG | PLATINUM | PT_950 | 1ct | imgs:3
[03:46:49][EMERALD] [6292] ? NIV-4DF4EB329F6662F8 | BASKET | HIDDEN_HALO | PRONG | GOLD | KT_10 | 1ct | imgs:1
[03:46:54][EMERALD] [6293] ? NIV-4DF4EB329F6662F8 | BASKET | HIDDEN_HALO | PRONG | GOLD | KT_10 | 1ct | imgs:3
[03:47:00][EMERALD] [6294] ? NIV-4DF4EB329F6662F8 | BASKET | HIDDEN_HALO | PRONG | GOLD | KT_10 | 1ct | imgs:3
[03:47:03][EMERALD] [6295] ? NIV-A30A63E57D0FDCF3 | BASKET | HIDDEN_HALO | PRONG | GOLD | KT_10 | 1ct | imgs:1
[03:47:09][EMERALD] [6296] ? NIV-A30A63E57D0FDCF3 | BASKET | HIDDEN_HALO | PRONG | GOLD | KT_10 | 1ct | imgs:3
[03:47:12][EMERALD] [6297] ? NIV-A30A63E57D0FDCF3 | BASKET | HIDDEN_HALO | PRONG | GOLD | KT_10 | 1ct | imgs:3
[03:47:15][EMERALD] [6298] ? NIV-E77CB68172AE39AE | BASKET | HIDDEN_HALO | PRONG | GOLD | KT_10 | 1ct | imgs:3
[03:47:18][EMERALD] [6299] ? NIV-E77CB68172AE39AE | BASKET | HIDDEN_HALO | PRONG | GOLD | KT_10 | 1ct | imgs:3
[03:47:24][EMERALD] [6300] ? NIV-E77CB68172AE39AE | BASKET | HIDDEN_HALO | PRONG | GOLD | KT_10 | 1ct | imgs:3
[03:47:31][EMERALD] [6301] ? NIV-BF78B78572E73084 | BASKET | HIDDEN_HALO | PRONG | GOLD | KT_14 | 1ct | imgs:1
[03:47:36][EMERALD] [6302] ? NIV-BF78B78572E73084 | BASKET | HIDDEN_HALO | PRONG | GOLD | KT_14 | 1ct | imgs:3
[03:47:42][EMERALD] [6303] ? NIV-BF78B78572E73084 | BASKET | HIDDEN_HALO | PRONG | GOLD | KT_14 | 1ct | imgs:3
[03:47:48][EMERALD] [6304] ? NIV-F0C44B90A543EBC5 | BASKET | HIDDEN_HALO | PRONG | GOLD | KT_14 | 1ct | imgs:3
[03:47:54][EMERALD] [6305] ? NIV-F0C44B90A543EBC5 | BASKET | HIDDEN_HALO | PRONG | GOLD | KT_14 | 1ct | imgs:3
[03:47:58][EMERALD] [6306] ? NIV-F0C44B90A543EBC5 | BASKET | HIDDEN_HALO | PRONG | GOLD | KT_14 | 1ct | imgs:3
[03:48:00][EMERALD] [6307] ? NIV-8319BCFF9BFD1E77 | BASKET | HIDDEN_HALO | PRONG | GOLD | KT_14 | 1ct | imgs:3
[03:48:06][EMERALD] [6308] ? NIV-8319BCFF9BFD1E77 | BASKET | HIDDEN_HALO | PRONG | GOLD | KT_14 | 1ct | imgs:3
[03:48:12][EMERALD] [6309] ? NIV-8319BCFF9BFD1E77 | BASKET | HIDDEN_HALO | PRONG | GOLD | KT_14 | 1ct | imgs:3
[03:48:18][EMERALD] [6310] ? NIV-915E54E6ABE89F35 | BASKET | HIDDEN_HALO | PRONG | GOLD | KT_18 | 1ct | imgs:3
[03:48:24][EMERALD] [6311] ? NIV-915E54E6ABE89F35 | BASKET | HIDDEN_HALO | PRONG | GOLD | KT_18 | 1ct | imgs:3
[03:48:28][EMERALD] [6312] ? NIV-915E54E6ABE89F35 | BASKET | HIDDEN_HALO | PRONG | GOLD | KT_18 | 1ct | imgs:3
[03:48:30][EMERALD] [6313] ? NIV-5E690F1DB5F42251 | BASKET | HIDDEN_HALO | PRONG | GOLD | KT_18 | 1ct | imgs:3
[03:48:36][EMERALD] [6314] ? NIV-5E690F1DB5F42251 | BASKET | HIDDEN_HALO | PRONG | GOLD | KT_18 | 1ct | imgs:3
[03:48:42][EMERALD] [6315] ? NIV-5E690F1DB5F42251 | BASKET | HIDDEN_HALO | PRONG | GOLD | KT_18 | 1ct | imgs:3
[03:48:45][EMERALD] [6316] ? NIV-3B6434060A5CFBD0 | BASKET | HIDDEN_HALO | PRONG | GOLD | KT_18 | 1ct | imgs:3
[03:48:48][EMERALD] [6317] ? NIV-3B6434060A5CFBD0 | BASKET | HIDDEN_HALO | PRONG | GOLD | KT_18 | 1ct | imgs:3
[03:48:54][EMERALD] [6318] ? NIV-3B6434060A5CFBD0 | BASKET | HIDDEN_HALO | PRONG | GOLD | KT_18 | 1ct | imgs:3
[03:48:57][EMERALD] [6319] ? NIV-C5AD51C834F7F460 | BASKET | HIDDEN_HALO | PRONG | PLATINUM | PT_950 | 1ct | imgs:3
[03:49:03][EMERALD] [6320] ? NIV-BF4DF804F66C6C5D | BASKET | HIDDEN_HALO | PRONG | GOLD | KT_10 | 1ct | imgs:3
[03:49:09][EMERALD] [6321] ? NIV-BF4DF804F66C6C5D | BASKET | HIDDEN_HALO | PRONG | GOLD | KT_10 | 1ct | imgs:3
[03:49:12][EMERALD] [6322] ? NIV-BF4DF804F66C6C5D | BASKET | HIDDEN_HALO | PRONG | GOLD | KT_10 | 1ct | imgs:3
[03:49:15][EMERALD] [6323] ? NIV-333624E69A58AE9B | BASKET | HIDDEN_HALO | PRONG | GOLD | KT_10 | 1ct | imgs:3
[03:49:19][EMERALD] [6324] ? NIV-333624E69A58AE9B | BASKET | HIDDEN_HALO | PRONG | GOLD | KT_10 | 1ct | imgs:3
[03:49:24][EMERALD] [6325] ? NIV-333624E69A58AE9B | BASKET | HIDDEN_HALO | PRONG | GOLD | KT_10 | 1ct | imgs:3
[03:49:27][EMERALD] [6326] ? NIV-8AD36EFD2B8ABFA8 | BASKET | HIDDEN_HALO | PRONG | GOLD | KT_10 | 1ct | imgs:3
[03:49:31][EMERALD] [6327] ? NIV-8AD36EFD2B8ABFA8 | BASKET | HIDDEN_HALO | PRONG | GOLD | KT_10 | 1ct | imgs:3
[03:49:36][EMERALD] [6328] ? NIV-8AD36EFD2B8ABFA8 | BASKET | HIDDEN_HALO | PRONG | GOLD | KT_10 | 1ct | imgs:3
[03:49:50][EMERALD] [6329] ??  NIV-F818958737D0EA2B | BASKET | HIDDEN_HALO | PRONG | GOLD | KT_14 | 1ct | imgs:0
[03:49:54][EMERALD] [6330] ? NIV-A8AB10BFAEAE9E46 | BASKET | HIDDEN_HALO | PRONG | GOLD | KT_14 | 1ct | imgs:1
[03:49:58][EMERALD] [6331] ? NIV-A8AB10BFAEAE9E46 | BASKET | HIDDEN_HALO | PRONG | GOLD | KT_14 | 1ct | imgs:3
[03:50:08][EMERALD] [6332] ? NIV-CC90D0AD348CDBCA | BASKET | HIDDEN_HALO | PRONG | GOLD | KT_14 | 1ct | imgs:1
[03:50:12][EMERALD] [6333] ? NIV-CC90D0AD348CDBCA | BASKET | HIDDEN_HALO | PRONG | GOLD | KT_14 | 1ct | imgs:3
[03:50:15][EMERALD] [6334] ? NIV-CC90D0AD348CDBCA | BASKET | HIDDEN_HALO | PRONG | GOLD | KT_14 | 1ct | imgs:3
[03:50:18][EMERALD] [6335] ? NIV-F818958737D0EA2B | BASKET | HIDDEN_HALO | PRONG | GOLD | KT_14 | 1ct | imgs:3
[03:50:24][EMERALD] [6336] ? NIV-F818958737D0EA2B | BASKET | HIDDEN_HALO | PRONG | GOLD | KT_14 | 1ct | imgs:3
[03:50:30][EMERALD] [6337] ? NIV-F818958737D0EA2B | BASKET | HIDDEN_HALO | PRONG | GOLD | KT_14 | 1ct | imgs:3
[03:50:42][EMERALD] [6338] ??  NIV-F818958737D0EA2B | BASKET | HIDDEN_HALO | PRONG | GOLD | KT_18 | 1ct | imgs:0
[03:50:53][EMERALD] [6339] ??  NIV-F818958737D0EA2B | BASKET | HIDDEN_HALO | PRONG | GOLD | KT_18 | 1ct | imgs:0
[03:51:04][EMERALD] [6340] ? NIV-361292EAFA89223D | BASKET | HIDDEN_HALO | PRONG | GOLD | KT_18 | 1ct | imgs:1
[03:51:09][EMERALD] [6341] ? NIV-6343825E4AEEF817 | BASKET | HIDDEN_HALO | PRONG | GOLD | KT_18 | 1ct | imgs:1
[03:51:15][EMERALD] [6342] ? NIV-6343825E4AEEF817 | BASKET | HIDDEN_HALO | PRONG | GOLD | KT_18 | 1ct | imgs:3
[03:51:21][EMERALD] [6343] ? NIV-6343825E4AEEF817 | BASKET | HIDDEN_HALO | PRONG | GOLD | KT_18 | 1ct | imgs:3
[03:51:24][EMERALD] [6344] ? NIV-C2FAB8CEED31CF62 | BASKET | HIDDEN_HALO | PRONG | GOLD | KT_18 | 1ct | imgs:3
[03:51:28][EMERALD] [6345] ? NIV-C2FAB8CEED31CF62 | BASKET | HIDDEN_HALO | PRONG | GOLD | KT_18 | 1ct | imgs:3
[03:51:33][EMERALD] [6346] ? NIV-C2FAB8CEED31CF62 | BASKET | HIDDEN_HALO | PRONG | GOLD | KT_18 | 1ct | imgs:3
[03:51:36][EMERALD] [6347] ? NIV-970BB65ECF4A9356 | BASKET | HIDDEN_HALO | PRONG | PLATINUM | PT_950 | 1ct | imgs:3
[03:51:47][EMERALD] [6348] ? NIV-6BCECC34BA012629 | BASKET | HIDDEN_HALO | PRONG | GOLD | KT_10 | 1ct | imgs:3
[03:51:51][EMERALD] [6349] ? NIV-6BCECC34BA012629 | BASKET | HIDDEN_HALO | PRONG | GOLD | KT_10 | 1ct | imgs:3
[03:51:55][EMERALD] [6350] ? NIV-6BCECC34BA012629 | BASKET | HIDDEN_HALO | PRONG | GOLD | KT_10 | 1ct | imgs:3
[03:51:59][EMERALD] [6351] ? NIV-D8538AEA112C89BC | BASKET | HIDDEN_HALO | PRONG | GOLD | KT_10 | 1ct | imgs:1
[03:52:03][EMERALD] [6352] ? NIV-D8538AEA112C89BC | BASKET | HIDDEN_HALO | PRONG | GOLD | KT_10 | 1ct | imgs:3
[03:52:09][EMERALD] [6353] ? NIV-D8538AEA112C89BC | BASKET | HIDDEN_HALO | PRONG | GOLD | KT_10 | 1ct | imgs:3
[03:52:13][EMERALD] [6354] ? NIV-5739388D4DD90BA5 | BASKET | HIDDEN_HALO | PRONG | GOLD | KT_10 | 1ct | imgs:3
[03:52:18][EMERALD] [6355] ? NIV-5739388D4DD90BA5 | BASKET | HIDDEN_HALO | PRONG | GOLD | KT_10 | 1ct | imgs:3
[03:52:21][EMERALD] [6356] ? NIV-5739388D4DD90BA5 | BASKET | HIDDEN_HALO | PRONG | GOLD | KT_10 | 1ct | imgs:3
[03:52:25][EMERALD] [6357] ? NIV-8ADC829A40ECE7F1 | BASKET | HIDDEN_HALO | PRONG | GOLD | KT_14 | 1ct | imgs:1
[03:52:30][EMERALD] [6358] ? NIV-8ADC829A40ECE7F1 | BASKET | HIDDEN_HALO | PRONG | GOLD | KT_14 | 1ct | imgs:3
[03:52:33][EMERALD] [6359] ? NIV-8ADC829A40ECE7F1 | BASKET | HIDDEN_HALO | PRONG | GOLD | KT_14 | 1ct | imgs:3
[03:52:39][EMERALD] [6360] ? NIV-FE8229B5834ED9D8 | BASKET | HIDDEN_HALO | PRONG | GOLD | KT_14 | 1ct | imgs:2
[03:52:45][EMERALD] [6361] ? NIV-FE8229B5834ED9D8 | BASKET | HIDDEN_HALO | PRONG | GOLD | KT_14 | 1ct | imgs:3
[03:52:51][EMERALD] [6362] ? NIV-FE8229B5834ED9D8 | BASKET | HIDDEN_HALO | PRONG | GOLD | KT_14 | 1ct | imgs:3
[03:52:55][EMERALD] [6363] ? NIV-7163F80342884218 | BASKET | HIDDEN_HALO | PRONG | GOLD | KT_14 | 1ct | imgs:3
[03:53:00][EMERALD] [6364] ? NIV-7163F80342884218 | BASKET | HIDDEN_HALO | PRONG | GOLD | KT_14 | 1ct | imgs:3
[03:53:03][EMERALD] [6365] ? NIV-7163F80342884218 | BASKET | HIDDEN_HALO | PRONG | GOLD | KT_14 | 1ct | imgs:3
[03:53:09][EMERALD] [6366] ? NIV-8E944C6C6E5797A7 | BASKET | HIDDEN_HALO | PRONG | GOLD | KT_18 | 1ct | imgs:3
[03:53:15][EMERALD] [6367] ? NIV-8E944C6C6E5797A7 | BASKET | HIDDEN_HALO | PRONG | GOLD | KT_18 | 1ct | imgs:3
[03:53:21][EMERALD] [6368] ? NIV-8E944C6C6E5797A7 | BASKET | HIDDEN_HALO | PRONG | GOLD | KT_18 | 1ct | imgs:3
[03:53:27][EMERALD] [6369] ? NIV-9DEF98BD1D54187B | BASKET | HIDDEN_HALO | PRONG | GOLD | KT_18 | 1ct | imgs:2
[03:53:30][EMERALD] [6370] ? NIV-9DEF98BD1D54187B | BASKET | HIDDEN_HALO | PRONG | GOLD | KT_18 | 1ct | imgs:3
[03:53:34][EMERALD] [6371] ? NIV-9DEF98BD1D54187B | BASKET | HIDDEN_HALO | PRONG | GOLD | KT_18 | 1ct | imgs:3
[03:53:36][EMERALD] [6372] ? NIV-23B56097B063C93A | BASKET | HIDDEN_HALO | PRONG | GOLD | KT_18 | 1ct | imgs:3
[03:53:40][EMERALD] [6373] ? NIV-23B56097B063C93A | BASKET | HIDDEN_HALO | PRONG | GOLD | KT_18 | 1ct | imgs:3
[03:53:43][EMERALD] [6374] ? NIV-23B56097B063C93A | BASKET | HIDDEN_HALO | PRONG | GOLD | KT_18 | 1ct | imgs:3
[03:53:45][EMERALD] [6375] ? NIV-A0985A18744A1388 | BASKET | HIDDEN_HALO | PRONG | PLATINUM | PT_950 | 1ct | imgs:3
[03:53:53][EMERALD] [6376] ? NIV-8CA00F21D2C006AE | BASKET | HIDDEN_HALO | PRONG | GOLD | KT_10 | 1ct | imgs:1
[03:53:58][EMERALD] [6377] ? NIV-8CA00F21D2C006AE | BASKET | HIDDEN_HALO | PRONG | GOLD | KT_10 | 1ct | imgs:3
[03:54:03][EMERALD] [6378] ? NIV-8CA00F21D2C006AE | BASKET | HIDDEN_HALO | PRONG | GOLD | KT_10 | 1ct | imgs:3
[03:54:12][EMERALD] [6379] ? NIV-D797B4E232F7CCDA | BASKET | HIDDEN_HALO | PRONG | GOLD | KT_10 | 1ct | imgs:3
[03:54:18][EMERALD] [6380] ? NIV-D797B4E232F7CCDA | BASKET | HIDDEN_HALO | PRONG | GOLD | KT_10 | 1ct | imgs:3
[03:54:24][EMERALD] [6381] ? NIV-D797B4E232F7CCDA | BASKET | HIDDEN_HALO | PRONG | GOLD | KT_10 | 1ct | imgs:3
[03:54:29][EMERALD] [6382] ? NIV-75E003BC17F82200 | BASKET | HIDDEN_HALO | PRONG | GOLD | KT_10 | 1ct | imgs:1
[03:54:33][EMERALD] [6383] ? NIV-75E003BC17F82200 | BASKET | HIDDEN_HALO | PRONG | GOLD | KT_10 | 1ct | imgs:3
[03:54:40][EMERALD] [6384] ? NIV-75E003BC17F82200 | BASKET | HIDDEN_HALO | PRONG | GOLD | KT_10 | 1ct | imgs:3
[03:54:45][EMERALD] [6385] ? NIV-3EF0B59001BE7A6D | BASKET | HIDDEN_HALO | PRONG | GOLD | KT_14 | 1ct | imgs:3
[03:54:51][EMERALD] [6386] ? NIV-3EF0B59001BE7A6D | BASKET | HIDDEN_HALO | PRONG | GOLD | KT_14 | 1ct | imgs:3
[03:54:54][EMERALD] [6387] ? NIV-3EF0B59001BE7A6D | BASKET | HIDDEN_HALO | PRONG | GOLD | KT_14 | 1ct | imgs:3
[03:54:58][EMERALD] [6388] ? NIV-381E0CD3A6958338 | BASKET | HIDDEN_HALO | PRONG | GOLD | KT_14 | 1ct | imgs:1
[03:55:03][EMERALD] [6389] ? NIV-381E0CD3A6958338 | BASKET | HIDDEN_HALO | PRONG | GOLD | KT_14 | 1ct | imgs:3
[03:55:09][EMERALD] [6390] ? NIV-381E0CD3A6958338 | BASKET | HIDDEN_HALO | PRONG | GOLD | KT_14 | 1ct | imgs:3
[03:55:12][EMERALD] [6391] ? NIV-A708440561823550 | BASKET | HIDDEN_HALO | PRONG | GOLD | KT_14 | 1ct | imgs:3
[03:55:18][EMERALD] [6392] ? NIV-A708440561823550 | BASKET | HIDDEN_HALO | PRONG | GOLD | KT_14 | 1ct | imgs:3
[03:55:22][EMERALD] [6393] ? NIV-A708440561823550 | BASKET | HIDDEN_HALO | PRONG | GOLD | KT_14 | 1ct | imgs:3
[03:55:27][EMERALD] [6394] ? NIV-1BC2106E8B883846 | BASKET | HIDDEN_HALO | PRONG | GOLD | KT_18 | 1ct | imgs:3
[03:55:30][EMERALD] [6395] ? NIV-1BC2106E8B883846 | BASKET | HIDDEN_HALO | PRONG | GOLD | KT_18 | 1ct | imgs:3
[03:55:34][EMERALD] [6396] ? NIV-1BC2106E8B883846 | BASKET | HIDDEN_HALO | PRONG | GOLD | KT_18 | 1ct | imgs:3
[03:55:36][EMERALD] [6397] ? NIV-23EA878D5F91A261 | BASKET | HIDDEN_HALO | PRONG | GOLD | KT_18 | 1ct | imgs:3
[03:55:42][EMERALD] [6398] ? NIV-23EA878D5F91A261 | BASKET | HIDDEN_HALO | PRONG | GOLD | KT_18 | 1ct | imgs:3
[03:55:45][EMERALD] [6399] ? NIV-23EA878D5F91A261 | BASKET | HIDDEN_HALO | PRONG | GOLD | KT_18 | 1ct | imgs:3
[03:55:49][EMERALD] [6400] ? NIV-B697B0211F5E6576 | BASKET | HIDDEN_HALO | PRONG | GOLD | KT_18 | 1ct | imgs:3
[03:55:54][EMERALD] [6401] ? NIV-B697B0211F5E6576 | BASKET | HIDDEN_HALO | PRONG | GOLD | KT_18 | 1ct | imgs:3
[03:55:58][EMERALD] [6402] ? NIV-B697B0211F5E6576 | BASKET | HIDDEN_HALO | PRONG | GOLD | KT_18 | 1ct | imgs:3
[03:56:00][EMERALD] [6403] ? NIV-465EAD0852AB4DD1 | BASKET | HIDDEN_HALO | PRONG | PLATINUM | PT_950 | 1ct | imgs:3
[03:56:06][EMERALD] [6404] ? NIV-5333E77E0EDDA16F | BASKET | HIDDEN_HALO | PRONG | GOLD | KT_10 | 1ct | imgs:3
[03:56:13][EMERALD] [6405] ? NIV-5333E77E0EDDA16F | BASKET | HIDDEN_HALO | PRONG | GOLD | KT_10 | 1ct | imgs:3
[03:56:18][EMERALD] [6406] ? NIV-5333E77E0EDDA16F | BASKET | HIDDEN_HALO | PRONG | GOLD | KT_10 | 1ct | imgs:3
[03:56:22][EMERALD] [6407] ? NIV-E7AAA596305FE854 | BASKET | HIDDEN_HALO | PRONG | GOLD | KT_10 | 1ct | imgs:3
[03:56:27][EMERALD] [6408] ? NIV-E7AAA596305FE854 | BASKET | HIDDEN_HALO | PRONG | GOLD | KT_10 | 1ct | imgs:3
[03:56:31][EMERALD] [6409] ? NIV-E7AAA596305FE854 | BASKET | HIDDEN_HALO | PRONG | GOLD | KT_10 | 1ct | imgs:3
[03:56:33][EMERALD] [6410] ? NIV-EBB08D3362E7FF95 | BASKET | HIDDEN_HALO | PRONG | GOLD | KT_10 | 1ct | imgs:3
[03:56:39][EMERALD] [6411] ? NIV-EBB08D3362E7FF95 | BASKET | HIDDEN_HALO | PRONG | GOLD | KT_10 | 1ct | imgs:3
[03:56:42][EMERALD] [6412] ? NIV-EBB08D3362E7FF95 | BASKET | HIDDEN_HALO | PRONG | GOLD | KT_10 | 1ct | imgs:3
[03:56:45][EMERALD] [6413] ? NIV-AE6859A5AF07FFEA | BASKET | HIDDEN_HALO | PRONG | GOLD | KT_14 | 1ct | imgs:3
[03:56:51][EMERALD] [6414] ? NIV-AE6859A5AF07FFEA | BASKET | HIDDEN_HALO | PRONG | GOLD | KT_14 | 1ct | imgs:3
[03:56:57][EMERALD] [6415] ? NIV-AE6859A5AF07FFEA | BASKET | HIDDEN_HALO | PRONG | GOLD | KT_14 | 1ct | imgs:3
[03:57:00][EMERALD] [6416] ? NIV-A6643F0798701A19 | BASKET | HIDDEN_HALO | PRONG | GOLD | KT_14 | 1ct | imgs:3
[03:57:06][EMERALD] [6417] ? NIV-A6643F0798701A19 | BASKET | HIDDEN_HALO | PRONG | GOLD | KT_14 | 1ct | imgs:3
[03:57:12][EMERALD] [6418] ? NIV-A6643F0798701A19 | BASKET | HIDDEN_HALO | PRONG | GOLD | KT_14 | 1ct | imgs:3
[03:57:15][EMERALD] [6419] ? NIV-FD9D8B92BC27E182 | BASKET | HIDDEN_HALO | PRONG | GOLD | KT_14 | 1ct | imgs:3
[03:57:21][EMERALD] [6420] ? NIV-FD9D8B92BC27E182 | BASKET | HIDDEN_HALO | PRONG | GOLD | KT_14 | 1ct | imgs:3
[03:57:27][EMERALD] [6421] ? NIV-FD9D8B92BC27E182 | BASKET | HIDDEN_HALO | PRONG | GOLD | KT_14 | 1ct | imgs:3
[03:57:33][EMERALD] [6422] ? NIV-F2F1C0FBFA0AF9FF | BASKET | HIDDEN_HALO | PRONG | GOLD | KT_18 | 1ct | imgs:3
[03:57:39][EMERALD] [6423] ? NIV-F2F1C0FBFA0AF9FF | BASKET | HIDDEN_HALO | PRONG | GOLD | KT_18 | 1ct | imgs:3
[03:57:45][EMERALD] [6424] ? NIV-F2F1C0FBFA0AF9FF | BASKET | HIDDEN_HALO | PRONG | GOLD | KT_18 | 1ct | imgs:3
[03:57:49][EMERALD] [6425] ? NIV-E5F52B079D1471D1 | BASKET | HIDDEN_HALO | PRONG | GOLD | KT_18 | 1ct | imgs:3
[03:57:54][EMERALD] [6426] ? NIV-E5F52B079D1471D1 | BASKET | HIDDEN_HALO | PRONG | GOLD | KT_18 | 1ct | imgs:3
[03:57:57][EMERALD] [6427] ? NIV-E5F52B079D1471D1 | BASKET | HIDDEN_HALO | PRONG | GOLD | KT_18 | 1ct | imgs:3
[03:58:00][EMERALD] [6428] ? NIV-444F59E8A54A94C0 | BASKET | HIDDEN_HALO | PRONG | GOLD | KT_18 | 1ct | imgs:3
[03:58:06][EMERALD] [6429] ? NIV-444F59E8A54A94C0 | BASKET | HIDDEN_HALO | PRONG | GOLD | KT_18 | 1ct | imgs:3
[03:58:12][EMERALD] [6430] ? NIV-444F59E8A54A94C0 | BASKET | HIDDEN_HALO | PRONG | GOLD | KT_18 | 1ct | imgs:3
[03:58:15][EMERALD] [6431] ? NIV-8723765374B77CAB | BASKET | HIDDEN_HALO | PRONG | PLATINUM | PT_950 | 1ct | imgs:3
[03:58:22][EMERALD] [6432] ? NIV-D1553D72D40F0C3F | BASKET | HIDDEN_HALO | PRONG | GOLD | KT_10 | 1ct | imgs:3
[03:58:27][EMERALD] [6433] ? NIV-D1553D72D40F0C3F | BASKET | HIDDEN_HALO | PRONG | GOLD | KT_10 | 1ct | imgs:3
[03:58:33][EMERALD] [6434] ? NIV-D1553D72D40F0C3F | BASKET | HIDDEN_HALO | PRONG | GOLD | KT_10 | 1ct | imgs:3
[03:58:39][EMERALD] [6435] ? NIV-75CD5422EA068AD0 | BASKET | HIDDEN_HALO | PRONG | GOLD | KT_10 | 1ct | imgs:3
[03:58:45][EMERALD] [6436] ? NIV-75CD5422EA068AD0 | BASKET | HIDDEN_HALO | PRONG | GOLD | KT_10 | 1ct | imgs:3
[03:58:51][EMERALD] [6437] ? NIV-75CD5422EA068AD0 | BASKET | HIDDEN_HALO | PRONG | GOLD | KT_10 | 1ct | imgs:3
[03:58:54][EMERALD] [6438] ? NIV-741CA641786D9662 | BASKET | HIDDEN_HALO | PRONG | GOLD | KT_10 | 1ct | imgs:3
[03:58:57][EMERALD] [6439] ? NIV-741CA641786D9662 | BASKET | HIDDEN_HALO | PRONG | GOLD | KT_10 | 1ct | imgs:3
[03:59:01][EMERALD] [6440] ? NIV-741CA641786D9662 | BASKET | HIDDEN_HALO | PRONG | GOLD | KT_10 | 1ct | imgs:3
[03:59:06][EMERALD] [6441] ? NIV-6F4CD80CC371D571 | BASKET | HIDDEN_HALO | PRONG | GOLD | KT_14 | 1ct | imgs:3
[03:59:10][EMERALD] [6442] ? NIV-6F4CD80CC371D571 | BASKET | HIDDEN_HALO | PRONG | GOLD | KT_14 | 1ct | imgs:3
[03:59:15][EMERALD] [6443] ? NIV-6F4CD80CC371D571 | BASKET | HIDDEN_HALO | PRONG | GOLD | KT_14 | 1ct | imgs:3
[03:59:18][EMERALD] [6444] ? NIV-573D8C5098029F76 | BASKET | HIDDEN_HALO | PRONG | GOLD | KT_14 | 1ct | imgs:3
[03:59:24][EMERALD] [6445] ? NIV-573D8C5098029F76 | BASKET | HIDDEN_HALO | PRONG | GOLD | KT_14 | 1ct | imgs:3
[03:59:30][EMERALD] [6446] ? NIV-573D8C5098029F76 | BASKET | HIDDEN_HALO | PRONG | GOLD | KT_14 | 1ct | imgs:3
[03:59:33][EMERALD] [6447] ? NIV-8008D9BA141DDEC7 | BASKET | HIDDEN_HALO | PRONG | GOLD | KT_14 | 1ct | imgs:1
[03:59:37][EMERALD] [6448] ? NIV-8008D9BA141DDEC7 | BASKET | HIDDEN_HALO | PRONG | GOLD | KT_14 | 1ct | imgs:3
[03:59:43][EMERALD] [6449] ? NIV-8008D9BA141DDEC7 | BASKET | HIDDEN_HALO | PRONG | GOLD | KT_14 | 1ct | imgs:3
[03:59:49][EMERALD] [6450] ? NIV-7EBE644197B2C1A8 | BASKET | HIDDEN_HALO | PRONG | GOLD | KT_18 | 1ct | imgs:3
[03:59:54][EMERALD] [6451] ? NIV-7EBE644197B2C1A8 | BASKET | HIDDEN_HALO | PRONG | GOLD | KT_18 | 1ct | imgs:3
[03:59:58][EMERALD] [6452] ? NIV-7EBE644197B2C1A8 | BASKET | HIDDEN_HALO | PRONG | GOLD | KT_18 | 1ct | imgs:3
[04:00:01][EMERALD] [6453] ? NIV-D16048E0B4E72F69 | BASKET | HIDDEN_HALO | PRONG | GOLD | KT_18 | 1ct | imgs:3
[04:00:06][EMERALD] [6454] ? NIV-D16048E0B4E72F69 | BASKET | HIDDEN_HALO | PRONG | GOLD | KT_18 | 1ct | imgs:3
[04:00:12][EMERALD] [6455] ? NIV-D16048E0B4E72F69 | BASKET | HIDDEN_HALO | PRONG | GOLD | KT_18 | 1ct | imgs:3
[04:00:15][EMERALD] [6456] ? NIV-83967EDC39C4BDC7 | BASKET | HIDDEN_HALO | PRONG | GOLD | KT_18 | 1ct | imgs:3
[04:00:21][EMERALD] [6457] ? NIV-83967EDC39C4BDC7 | BASKET | HIDDEN_HALO | PRONG | GOLD | KT_18 | 1ct | imgs:3
[04:00:25][EMERALD] [6458] ? NIV-83967EDC39C4BDC7 | BASKET | HIDDEN_HALO | PRONG | GOLD | KT_18 | 1ct | imgs:3
[04:00:27][EMERALD] [6459] ? NIV-BAE95C6909ABAFEC | BASKET | HIDDEN_HALO | PRONG | PLATINUM | PT_950 | 1ct | imgs:3
[04:00:33][EMERALD] [6460] ? NIV-5CD491350C1C16B1 | BASKET | HIDDEN_HALO | PRONG | GOLD | KT_10 | 1ct | imgs:3
[04:00:39][EMERALD] [6461] ? NIV-5CD491350C1C16B1 | BASKET | HIDDEN_HALO | PRONG | GOLD | KT_10 | 1ct | imgs:3
[04:00:42][EMERALD] [6462] ? NIV-5CD491350C1C16B1 | BASKET | HIDDEN_HALO | PRONG | GOLD | KT_10 | 1ct | imgs:3
[04:00:45][EMERALD] [6463] ? NIV-B4675DB282DE1161 | BASKET | HIDDEN_HALO | PRONG | GOLD | KT_10 | 1ct | imgs:3
[04:00:48][EMERALD] [6464] ? NIV-B4675DB282DE1161 | BASKET | HIDDEN_HALO | PRONG | GOLD | KT_10 | 1ct | imgs:3
[04:00:52][EMERALD] [6465] ? NIV-B4675DB282DE1161 | BASKET | HIDDEN_HALO | PRONG | GOLD | KT_10 | 1ct | imgs:3
[04:00:54][EMERALD] [6466] ? NIV-583063F4FE814E9D | BASKET | HIDDEN_HALO | PRONG | GOLD | KT_10 | 1ct | imgs:3
[04:01:00][EMERALD] [6467] ? NIV-583063F4FE814E9D | BASKET | HIDDEN_HALO | PRONG | GOLD | KT_10 | 1ct | imgs:3
[04:01:05][EMERALD]   Re-seleccionando EMERALD (intento 1)
[04:01:05][EMERALD]   Boton no encontrado ? recargando configurador...
[04:01:38][EMERALD]   Re-seleccionando EMERALD (intento 2)
[04:01:45][EMERALD] [6468] ? NIV-2976C15504BEA6A1 | BASKET | HIDDEN_HALO | PRONG | GOLD | KT_10 | 1ct | imgs:3
[04:01:50][EMERALD] [6469] ? NIV-81E6232CCE8CA806 | BASKET | HIDDEN_HALO | PRONG | GOLD | KT_14 | 1ct | imgs:3
[04:01:54][EMERALD] [6470] ? NIV-4C3578A90A6059BB | BASKET | HIDDEN_HALO | PRONG | GOLD | KT_14 | 1ct | imgs:3
[04:01:57][EMERALD] [6471] ? NIV-E25D858417889171 | BASKET | HIDDEN_HALO | PRONG | GOLD | KT_14 | 1ct | imgs:3
[04:02:00][EMERALD] [6472] ? NIV-D858673F8DBD7BA6 | BASKET | HIDDEN_HALO | PRONG | GOLD | KT_14 | 1ct | imgs:3
[04:02:03][EMERALD] [6473] ? NIV-E0402D71A5EDBF75 | BASKET | HIDDEN_HALO | PRONG | GOLD | KT_14 | 1ct | imgs:3
[04:02:06][EMERALD] [6474] ? NIV-24F4E28AF3790386 | BASKET | HIDDEN_HALO | PRONG | GOLD | KT_14 | 1ct | imgs:3
[04:02:09][EMERALD] [6475] ? NIV-EF4553EADC0F27DE | BASKET | HIDDEN_HALO | PRONG | GOLD | KT_14 | 1ct | imgs:3
[04:02:12][EMERALD] [6476] ? NIV-001E20217C64FE5F | BASKET | HIDDEN_HALO | PRONG | GOLD | KT_14 | 1ct | imgs:3
[04:02:15][EMERALD] [6477] ? NIV-5ACADED7F7C47728 | BASKET | HIDDEN_HALO | PRONG | GOLD | KT_14 | 1ct | imgs:3
[04:02:22][EMERALD] [6478] ? NIV-84C7F7530C70F70D | BASKET | HIDDEN_HALO | PRONG | GOLD | KT_18 | 1ct | imgs:3
[04:02:27][EMERALD] [6479] ? NIV-C58B0EAE6D5330BE | BASKET | HIDDEN_HALO | PRONG | GOLD | KT_18 | 1ct | imgs:3
[04:02:32][EMERALD] [6480] ? NIV-EAA574E805638E9C | BASKET | HIDDEN_HALO | PRONG | GOLD | KT_18 | 1ct | imgs:3
[04:02:36][EMERALD] [6481] ? NIV-8E441C273A81DF56 | BASKET | HIDDEN_HALO | PRONG | GOLD | KT_18 | 1ct | imgs:3
[04:02:38][EMERALD] [6482] ? NIV-C3AFBCCBEFFACDF6 | BASKET | HIDDEN_HALO | PRONG | GOLD | KT_18 | 1ct | imgs:3
[04:02:42][EMERALD] [6483] ? NIV-956C60F4CECC038F | BASKET | HIDDEN_HALO | PRONG | GOLD | KT_18 | 1ct | imgs:3
[04:02:44][EMERALD] [6484] ? NIV-D1FAB43C2D1A64D4 | BASKET | HIDDEN_HALO | PRONG | GOLD | KT_18 | 1ct | imgs:3
[04:02:48][EMERALD] [6485] ? NIV-D8A74E718B3EE441 | BASKET | HIDDEN_HALO | PRONG | GOLD | KT_18 | 1ct | imgs:3
[04:02:50][EMERALD] [6486] ? NIV-B24E12D244D82B84 | BASKET | HIDDEN_HALO | PRONG | GOLD | KT_18 | 1ct | imgs:3
[04:02:54][EMERALD] [6487] ? NIV-DE75F99A88EA3D49 | BASKET | HIDDEN_HALO | PRONG | PLATINUM | PT_950 | 1ct | imgs:3
[04:03:00][EMERALD] [6488] ? NIV-3E6566E15858F994 | BASKET | HIDDEN_HALO | PRONG | GOLD | KT_10 | 1ct | imgs:3
[04:03:05][EMERALD] [6489] ? NIV-3E6566E15858F994 | BASKET | HIDDEN_HALO | PRONG | GOLD | KT_10 | 1ct | imgs:3
[04:03:09][EMERALD] [6490] ? NIV-3E6566E15858F994 | BASKET | HIDDEN_HALO | PRONG | GOLD | KT_10 | 1ct | imgs:3
[04:03:12][EMERALD] [6491] ? NIV-5E2C72B1021F8475 | BASKET | HIDDEN_HALO | PRONG | GOLD | KT_10 | 1ct | imgs:3
[04:03:18][EMERALD] [6492] ? NIV-5E2C72B1021F8475 | BASKET | HIDDEN_HALO | PRONG | GOLD | KT_10 | 1ct | imgs:3
[04:03:23][EMERALD] [6493] ? NIV-5E2C72B1021F8475 | BASKET | HIDDEN_HALO | PRONG | GOLD | KT_10 | 1ct | imgs:3
[04:03:27][EMERALD] [6494] ? NIV-B6C12105412F092C | BASKET | HIDDEN_HALO | PRONG | GOLD | KT_10 | 1ct | imgs:3
[04:03:32][EMERALD] [6495] ? NIV-B6C12105412F092C | BASKET | HIDDEN_HALO | PRONG | GOLD | KT_10 | 1ct | imgs:3
[04:03:36][EMERALD] [6496] ? NIV-B6C12105412F092C | BASKET | HIDDEN_HALO | PRONG | GOLD | KT_10 | 1ct | imgs:3
[04:03:39][EMERALD] [6497] ? NIV-CFEDF0243363AB29 | BASKET | HIDDEN_HALO | PRONG | GOLD | KT_14 | 1ct | imgs:3
[04:03:44][EMERALD] [6498] ? NIV-CFEDF0243363AB29 | BASKET | HIDDEN_HALO | PRONG | GOLD | KT_14 | 1ct | imgs:3
[04:03:48][EMERALD] [6499] ? NIV-CFEDF0243363AB29 | BASKET | HIDDEN_HALO | PRONG | GOLD | KT_14 | 1ct | imgs:3
[04:03:51][EMERALD] [6500] ? NIV-826AB88203889BC9 | BASKET | HIDDEN_HALO | PRONG | GOLD | KT_14 | 1ct | imgs:3
[04:03:57][EMERALD] [6501] ? NIV-826AB88203889BC9 | BASKET | HIDDEN_HALO | PRONG | GOLD | KT_14 | 1ct | imgs:3
[04:04:00][EMERALD] [6502] ? NIV-826AB88203889BC9 | BASKET | HIDDEN_HALO | PRONG | GOLD | KT_14 | 1ct | imgs:3
[04:04:03][EMERALD] [6503] ? NIV-FBCCB66AE461826F | BASKET | HIDDEN_HALO | PRONG | GOLD | KT_14 | 1ct | imgs:3
[04:04:09][EMERALD] [6504] ? NIV-FBCCB66AE461826F | BASKET | HIDDEN_HALO | PRONG | GOLD | KT_14 | 1ct | imgs:3
[04:04:14][EMERALD] [6505] ? NIV-FBCCB66AE461826F | BASKET | HIDDEN_HALO | PRONG | GOLD | KT_14 | 1ct | imgs:3
[04:04:18][EMERALD] [6506] ? NIV-212C30BDCE503BFB | BASKET | HIDDEN_HALO | PRONG | GOLD | KT_18 | 1ct | imgs:3
[04:04:23][EMERALD] [6507] ? NIV-212C30BDCE503BFB | BASKET | HIDDEN_HALO | PRONG | GOLD | KT_18 | 1ct | imgs:3
[04:04:27][EMERALD] [6508] ? NIV-212C30BDCE503BFB | BASKET | HIDDEN_HALO | PRONG | GOLD | KT_18 | 1ct | imgs:3
[04:04:29][EMERALD] [6509] ? NIV-D341397942DB6ECF | BASKET | HIDDEN_HALO | PRONG | GOLD | KT_18 | 1ct | imgs:3
[04:04:33][EMERALD] [6510] ? NIV-D341397942DB6ECF | BASKET | HIDDEN_HALO | PRONG | GOLD | KT_18 | 1ct | imgs:3
[04:04:39][EMERALD] [6511] ? NIV-D341397942DB6ECF | BASKET | HIDDEN_HALO | PRONG | GOLD | KT_18 | 1ct | imgs:3
[04:04:42][EMERALD] [6512] ? NIV-3FD60824C6CC280B | BASKET | HIDDEN_HALO | PRONG | GOLD | KT_18 | 1ct | imgs:3
[04:04:47][EMERALD] [6513] ? NIV-3FD60824C6CC280B | BASKET | HIDDEN_HALO | PRONG | GOLD | KT_18 | 1ct | imgs:3
[04:04:51][EMERALD] [6514] ? NIV-3FD60824C6CC280B | BASKET | HIDDEN_HALO | PRONG | GOLD | KT_18 | 1ct | imgs:3
[04:04:53][EMERALD] [6515] ? NIV-0E616B037BBD27A6 | BASKET | HIDDEN_HALO | PRONG | PLATINUM | PT_950 | 1ct | imgs:3
[04:05:06][EMERALD] [6516] ? NIV-B22E915376FC6C98 | BASKET | HIDDEN_HALO | BEAD | GOLD | KT_10 | 1ct | imgs:2
[04:05:11][EMERALD] [6517] ? NIV-B22E915376FC6C98 | BASKET | HIDDEN_HALO | BEAD | GOLD | KT_10 | 1ct | imgs:3
[04:05:17][EMERALD] [6518] ? NIV-B22E915376FC6C98 | BASKET | HIDDEN_HALO | BEAD | GOLD | KT_10 | 1ct | imgs:3
[04:05:20][EMERALD] [6519] ? NIV-E87A2C66FDE911AD | BASKET | HIDDEN_HALO | BEAD | GOLD | KT_10 | 1ct | imgs:3
[04:05:24][EMERALD] [6520] ? NIV-E87A2C66FDE911AD | BASKET | HIDDEN_HALO | BEAD | GOLD | KT_10 | 1ct | imgs:3
[04:05:29][EMERALD] [6521] ? NIV-E87A2C66FDE911AD | BASKET | HIDDEN_HALO | BEAD | GOLD | KT_10 | 1ct | imgs:3
[04:05:32][EMERALD] [6522] ? NIV-9C450C522ECDBADD | BASKET | HIDDEN_HALO | BEAD | GOLD | KT_10 | 1ct | imgs:3
[04:05:39][EMERALD] [6523] ? NIV-9C450C522ECDBADD | BASKET | HIDDEN_HALO | BEAD | GOLD | KT_10 | 1ct | imgs:3
[04:05:45][EMERALD] [6524] ? NIV-9C450C522ECDBADD | BASKET | HIDDEN_HALO | BEAD | GOLD | KT_10 | 1ct | imgs:3
[04:05:47][EMERALD] [6525] ? NIV-A321DD0E569D6F43 | BASKET | HIDDEN_HALO | BEAD | GOLD | KT_14 | 1ct | imgs:1
[04:05:51][EMERALD] [6526] ? NIV-A321DD0E569D6F43 | BASKET | HIDDEN_HALO | BEAD | GOLD | KT_14 | 1ct | imgs:3
[04:05:57][EMERALD] [6527] ? NIV-A321DD0E569D6F43 | BASKET | HIDDEN_HALO | BEAD | GOLD | KT_14 | 1ct | imgs:3
[04:06:00][EMERALD] [6528] ? NIV-E980BAE4A2F73B6D | BASKET | HIDDEN_HALO | BEAD | GOLD | KT_14 | 1ct | imgs:1
[04:06:05][EMERALD] [6529] ? NIV-E980BAE4A2F73B6D | BASKET | HIDDEN_HALO | BEAD | GOLD | KT_14 | 1ct | imgs:3
[04:06:09][EMERALD] [6530] ? NIV-E980BAE4A2F73B6D | BASKET | HIDDEN_HALO | BEAD | GOLD | KT_14 | 1ct | imgs:3
[04:06:12][EMERALD] [6531] ? NIV-634D46EE41AC4258 | BASKET | HIDDEN_HALO | BEAD | GOLD | KT_14 | 1ct | imgs:1
[04:06:15][EMERALD] [6532] ? NIV-634D46EE41AC4258 | BASKET | HIDDEN_HALO | BEAD | GOLD | KT_14 | 1ct | imgs:3
[04:06:20][EMERALD] [6533] ? NIV-634D46EE41AC4258 | BASKET | HIDDEN_HALO | BEAD | GOLD | KT_14 | 1ct | imgs:3
[04:06:24][EMERALD] [6534] ? NIV-355688164C6B47CD | BASKET | HIDDEN_HALO | BEAD | GOLD | KT_18 | 1ct | imgs:3
[04:06:30][EMERALD] [6535] ? NIV-355688164C6B47CD | BASKET | HIDDEN_HALO | BEAD | GOLD | KT_18 | 1ct | imgs:3
[04:06:36][EMERALD] [6536] ? NIV-355688164C6B47CD | BASKET | HIDDEN_HALO | BEAD | GOLD | KT_18 | 1ct | imgs:3
[04:06:38][EMERALD] [6537] ? NIV-42F9FC9046D74717 | BASKET | HIDDEN_HALO | BEAD | GOLD | KT_18 | 1ct | imgs:3
[04:06:42][EMERALD] [6538] ? NIV-42F9FC9046D74717 | BASKET | HIDDEN_HALO | BEAD | GOLD | KT_18 | 1ct | imgs:3
[04:06:48][EMERALD] [6539] ? NIV-42F9FC9046D74717 | BASKET | HIDDEN_HALO | BEAD | GOLD | KT_18 | 1ct | imgs:3
[04:06:51][EMERALD] [6540] ? NIV-B1F7F3E3B6B8AA50 | BASKET | HIDDEN_HALO | BEAD | GOLD | KT_18 | 1ct | imgs:1
[04:06:57][EMERALD] [6541] ? NIV-B1F7F3E3B6B8AA50 | BASKET | HIDDEN_HALO | BEAD | GOLD | KT_18 | 1ct | imgs:3
[04:07:03][EMERALD] [6542] ? NIV-B1F7F3E3B6B8AA50 | BASKET | HIDDEN_HALO | BEAD | GOLD | KT_18 | 1ct | imgs:3
[04:07:09][EMERALD] [6543] ? NIV-766CB2830C5ADFB7 | BASKET | HIDDEN_HALO | BEAD | PLATINUM | PT_950 | 1ct | imgs:3
[04:07:15][EMERALD] [6544] ? NIV-DCBD696181608E25 | BASKET | HIDDEN_HALO | BEAD | GOLD | KT_10 | 1ct | imgs:3
[04:07:20][EMERALD] [6545] ? NIV-DCBD696181608E25 | BASKET | HIDDEN_HALO | BEAD | GOLD | KT_10 | 1ct | imgs:3
[04:07:24][EMERALD] [6546] ? NIV-DCBD696181608E25 | BASKET | HIDDEN_HALO | BEAD | GOLD | KT_10 | 1ct | imgs:3
[04:07:28][EMERALD] [6547] ? NIV-83D2B4BC36E8FD51 | BASKET | HIDDEN_HALO | BEAD | GOLD | KT_10 | 1ct | imgs:1
[04:07:32][EMERALD] [6548] ? NIV-83D2B4BC36E8FD51 | BASKET | HIDDEN_HALO | BEAD | GOLD | KT_10 | 1ct | imgs:3
[04:07:36][EMERALD] [6549] ? NIV-83D2B4BC36E8FD51 | BASKET | HIDDEN_HALO | BEAD | GOLD | KT_10 | 1ct | imgs:3
[04:07:38][EMERALD] [6550] ? NIV-1CB6B7F5FD32CE07 | BASKET | HIDDEN_HALO | BEAD | GOLD | KT_10 | 1ct | imgs:3
[04:07:45][EMERALD] [6551] ? NIV-1CB6B7F5FD32CE07 | BASKET | HIDDEN_HALO | BEAD | GOLD | KT_10 | 1ct | imgs:3
[04:07:51][EMERALD] [6552] ? NIV-1CB6B7F5FD32CE07 | BASKET | HIDDEN_HALO | BEAD | GOLD | KT_10 | 1ct | imgs:3
[04:08:00][EMERALD] [6553] ? NIV-9B06FD87F7770DC8 | BASKET | HIDDEN_HALO | BEAD | GOLD | KT_14 | 1ct | imgs:1
[04:08:05][EMERALD] [6554] ? NIV-9B06FD87F7770DC8 | BASKET | HIDDEN_HALO | BEAD | GOLD | KT_14 | 1ct | imgs:3
[04:08:09][EMERALD] [6555] ? NIV-9B06FD87F7770DC8 | BASKET | HIDDEN_HALO | BEAD | GOLD | KT_14 | 1ct | imgs:3
[04:08:14][EMERALD] [6556] ? NIV-B140D8B3FB9EC806 | BASKET | HIDDEN_HALO | BEAD | GOLD | KT_14 | 1ct | imgs:1
[04:08:18][EMERALD] [6557] ? NIV-B140D8B3FB9EC806 | BASKET | HIDDEN_HALO | BEAD | GOLD | KT_14 | 1ct | imgs:3
[04:08:23][EMERALD] [6558] ? NIV-B140D8B3FB9EC806 | BASKET | HIDDEN_HALO | BEAD | GOLD | KT_14 | 1ct | imgs:3
[04:08:27][EMERALD] [6559] ? NIV-9E1F61C74DDE3F0C | BASKET | HIDDEN_HALO | BEAD | GOLD | KT_14 | 1ct | imgs:3
[04:08:32][EMERALD] [6560] ? NIV-9E1F61C74DDE3F0C | BASKET | HIDDEN_HALO | BEAD | GOLD | KT_14 | 1ct | imgs:3
[04:08:38][EMERALD] [6561] ? NIV-9E1F61C74DDE3F0C | BASKET | HIDDEN_HALO | BEAD | GOLD | KT_14 | 1ct | imgs:3
[04:08:41][EMERALD] [6562] ? NIV-23235114F9F0E02E | BASKET | HIDDEN_HALO | BEAD | GOLD | KT_18 | 1ct | imgs:3
[04:08:47][EMERALD] [6563] ? NIV-23235114F9F0E02E | BASKET | HIDDEN_HALO | BEAD | GOLD | KT_18 | 1ct | imgs:3
[04:08:51][EMERALD] [6564] ? NIV-23235114F9F0E02E | BASKET | HIDDEN_HALO | BEAD | GOLD | KT_18 | 1ct | imgs:3
[04:09:00][EMERALD] [6565] ? NIV-127F437ABD27CBD4 | BASKET | HIDDEN_HALO | BEAD | GOLD | KT_18 | 1ct | imgs:1
[04:09:05][EMERALD] [6566] ? NIV-127F437ABD27CBD4 | BASKET | HIDDEN_HALO | BEAD | GOLD | KT_18 | 1ct | imgs:3
[04:09:09][EMERALD] [6567] ? NIV-127F437ABD27CBD4 | BASKET | HIDDEN_HALO | BEAD | GOLD | KT_18 | 1ct | imgs:3
[04:09:11][EMERALD] [6568] ? NIV-CCF6EA2B925DE193 | BASKET | HIDDEN_HALO | BEAD | GOLD | KT_18 | 1ct | imgs:3
[04:09:15][EMERALD] [6569] ? NIV-CCF6EA2B925DE193 | BASKET | HIDDEN_HALO | BEAD | GOLD | KT_18 | 1ct | imgs:3
[04:09:20][EMERALD] [6570] ? NIV-CCF6EA2B925DE193 | BASKET | HIDDEN_HALO | BEAD | GOLD | KT_18 | 1ct | imgs:3
[04:09:23][EMERALD] [6571] ? NIV-BA658107281BF914 | BASKET | HIDDEN_HALO | BEAD | PLATINUM | PT_950 | 1ct | imgs:3
[04:09:30][EMERALD] [6572] ? NIV-C70CD74235B93FBB | BASKET | HIDDEN_HALO | BEAD | GOLD | KT_10 | 1ct | imgs:1
[04:09:35][EMERALD] [6573] ? NIV-C70CD74235B93FBB | BASKET | HIDDEN_HALO | BEAD | GOLD | KT_10 | 1ct | imgs:3
[04:09:42][EMERALD] [6574] ? NIV-C70CD74235B93FBB | BASKET | HIDDEN_HALO | BEAD | GOLD | KT_10 | 1ct | imgs:3
[04:09:45][EMERALD] [6575] ? NIV-1DB39D2DA61F00A8 | BASKET | HIDDEN_HALO | BEAD | GOLD | KT_10 | 1ct | imgs:1
[04:09:50][EMERALD] [6576] ? NIV-1DB39D2DA61F00A8 | BASKET | HIDDEN_HALO | BEAD | GOLD | KT_10 | 1ct | imgs:3
[04:09:56][EMERALD] [6577] ? NIV-1DB39D2DA61F00A8 | BASKET | HIDDEN_HALO | BEAD | GOLD | KT_10 | 1ct | imgs:3
[04:10:03][EMERALD] [6578] ? NIV-9A159C5BFD15BB82 | BASKET | HIDDEN_HALO | BEAD | GOLD | KT_10 | 1ct | imgs:2
[04:10:06][EMERALD] [6579] ? NIV-9A159C5BFD15BB82 | BASKET | HIDDEN_HALO | BEAD | GOLD | KT_10 | 1ct | imgs:3
[04:10:11][EMERALD] [6580] ? NIV-9A159C5BFD15BB82 | BASKET | HIDDEN_HALO | BEAD | GOLD | KT_10 | 1ct | imgs:3
[04:10:18][EMERALD] [6581] ? NIV-E700501B4B79FC3E | BASKET | HIDDEN_HALO | BEAD | GOLD | KT_14 | 1ct | imgs:3
[04:10:21][EMERALD] [6582] ? NIV-E700501B4B79FC3E | BASKET | HIDDEN_HALO | BEAD | GOLD | KT_14 | 1ct | imgs:3
[04:10:26][EMERALD] [6583] ? NIV-E700501B4B79FC3E | BASKET | HIDDEN_HALO | BEAD | GOLD | KT_14 | 1ct | imgs:3
[04:10:31][EMERALD] [6584] ? NIV-3C071EB031703182 | BASKET | HIDDEN_HALO | BEAD | GOLD | KT_14 | 1ct | imgs:2
[04:10:36][EMERALD] [6585] ? NIV-3C071EB031703182 | BASKET | HIDDEN_HALO | BEAD | GOLD | KT_14 | 1ct | imgs:3
[04:10:42][EMERALD] [6586] ? NIV-3C071EB031703182 | BASKET | HIDDEN_HALO | BEAD | GOLD | KT_14 | 1ct | imgs:3
[04:10:45][EMERALD] [6587] ? NIV-9B0D5B72D6E16FEF | BASKET | HIDDEN_HALO | BEAD | GOLD | KT_14 | 1ct | imgs:3
[04:10:50][EMERALD] [6588] ? NIV-9B0D5B72D6E16FEF | BASKET | HIDDEN_HALO | BEAD | GOLD | KT_14 | 1ct | imgs:3
[04:10:54][EMERALD] [6589] ? NIV-9B0D5B72D6E16FEF | BASKET | HIDDEN_HALO | BEAD | GOLD | KT_14 | 1ct | imgs:3
[04:11:00][EMERALD] [6590] ? NIV-F4BF73827238F7A0 | BASKET | HIDDEN_HALO | BEAD | GOLD | KT_18 | 1ct | imgs:3
[04:11:05][EMERALD] [6591] ? NIV-F4BF73827238F7A0 | BASKET | HIDDEN_HALO | BEAD | GOLD | KT_18 | 1ct | imgs:3
[04:11:11][EMERALD] [6592] ? NIV-F4BF73827238F7A0 | BASKET | HIDDEN_HALO | BEAD | GOLD | KT_18 | 1ct | imgs:3
[04:11:17][EMERALD] [6593] ? NIV-7CB1EF61EB1F7A4C | BASKET | HIDDEN_HALO | BEAD | GOLD | KT_18 | 1ct | imgs:1
[04:11:23][EMERALD] [6594] ? NIV-7CB1EF61EB1F7A4C | BASKET | HIDDEN_HALO | BEAD | GOLD | KT_18 | 1ct | imgs:3
[04:11:27][EMERALD] [6595] ? NIV-7CB1EF61EB1F7A4C | BASKET | HIDDEN_HALO | BEAD | GOLD | KT_18 | 1ct | imgs:3
[04:11:29][EMERALD] [6596] ? NIV-258D0A56EA0E6A0E | BASKET | HIDDEN_HALO | BEAD | GOLD | KT_18 | 1ct | imgs:3
[04:11:35][EMERALD] [6597] ? NIV-258D0A56EA0E6A0E | BASKET | HIDDEN_HALO | BEAD | GOLD | KT_18 | 1ct | imgs:3
[04:11:39][EMERALD] [6598] ? NIV-258D0A56EA0E6A0E | BASKET | HIDDEN_HALO | BEAD | GOLD | KT_18 | 1ct | imgs:3
[04:11:42][EMERALD] [6599] ? NIV-95C991BE48316A64 | BASKET | HIDDEN_HALO | BEAD | PLATINUM | PT_950 | 1ct | imgs:3
[04:11:50][EMERALD] [6600] ? NIV-D2F331F90F7DBEA6 | BASKET | HIDDEN_HALO | BEAD | GOLD | KT_10 | 1ct | imgs:3
[04:11:57][EMERALD] [6601] ? NIV-D2F331F90F7DBEA6 | BASKET | HIDDEN_HALO | BEAD | GOLD | KT_10 | 1ct | imgs:3
[04:12:02][EMERALD] [6602] ? NIV-D2F331F90F7DBEA6 | BASKET | HIDDEN_HALO | BEAD | GOLD | KT_10 | 1ct | imgs:3
[04:12:05][EMERALD] [6603] ? NIV-2435BE8EEF6BE3BF | BASKET | HIDDEN_HALO | BEAD | GOLD | KT_10 | 1ct | imgs:3
[04:12:09][EMERALD] [6604] ? NIV-2435BE8EEF6BE3BF | BASKET | HIDDEN_HALO | BEAD | GOLD | KT_10 | 1ct | imgs:3
[04:12:12][EMERALD] [6605] ? NIV-2435BE8EEF6BE3BF | BASKET | HIDDEN_HALO | BEAD | GOLD | KT_10 | 1ct | imgs:3
[04:12:14][EMERALD] [6606] ? NIV-98E85A89FDA015B8 | BASKET | HIDDEN_HALO | BEAD | GOLD | KT_10 | 1ct | imgs:3
[04:12:21][EMERALD] [6607] ? NIV-98E85A89FDA015B8 | BASKET | HIDDEN_HALO | BEAD | GOLD | KT_10 | 1ct | imgs:3
[04:12:26][EMERALD] [6608] ? NIV-98E85A89FDA015B8 | BASKET | HIDDEN_HALO | BEAD | GOLD | KT_10 | 1ct | imgs:3
[04:12:33][EMERALD] [6609] ? NIV-A58AE6166D03FCCD | BASKET | HIDDEN_HALO | BEAD | GOLD | KT_14 | 1ct | imgs:2
[04:12:39][EMERALD] [6610] ? NIV-A58AE6166D03FCCD | BASKET | HIDDEN_HALO | BEAD | GOLD | KT_14 | 1ct | imgs:3
[04:12:42][EMERALD] [6611] ? NIV-A58AE6166D03FCCD | BASKET | HIDDEN_HALO | BEAD | GOLD | KT_14 | 1ct | imgs:3
[04:12:46][EMERALD] [6612] ? NIV-CBD51D7260E2B7DC | BASKET | HIDDEN_HALO | BEAD | GOLD | KT_14 | 1ct | imgs:1
[04:12:50][EMERALD] [6613] ? NIV-CBD51D7260E2B7DC | BASKET | HIDDEN_HALO | BEAD | GOLD | KT_14 | 1ct | imgs:3
[04:12:54][EMERALD] [6614] ? NIV-CBD51D7260E2B7DC | BASKET | HIDDEN_HALO | BEAD | GOLD | KT_14 | 1ct | imgs:3
[04:12:57][EMERALD] [6615] ? NIV-8FEFE789974681D0 | BASKET | HIDDEN_HALO | BEAD | GOLD | KT_14 | 1ct | imgs:3
[04:13:03][EMERALD] [6616] ? NIV-8FEFE789974681D0 | BASKET | HIDDEN_HALO | BEAD | GOLD | KT_14 | 1ct | imgs:3
[04:13:06][EMERALD] [6617] ? NIV-8FEFE789974681D0 | BASKET | HIDDEN_HALO | BEAD | GOLD | KT_14 | 1ct | imgs:3
[04:13:12][EMERALD] [6618] ? NIV-E5639693404AA35D | BASKET | HIDDEN_HALO | BEAD | GOLD | KT_18 | 1ct | imgs:3
[04:13:15][EMERALD] [6619] ? NIV-E5639693404AA35D | BASKET | HIDDEN_HALO | BEAD | GOLD | KT_18 | 1ct | imgs:3
[04:13:20][EMERALD] [6620] ? NIV-E5639693404AA35D | BASKET | HIDDEN_HALO | BEAD | GOLD | KT_18 | 1ct | imgs:3
[04:13:27][EMERALD] [6621] ? NIV-E980624B369B404D | BASKET | HIDDEN_HALO | BEAD | GOLD | KT_18 | 1ct | imgs:3
[04:13:33][EMERALD] [6622] ? NIV-E980624B369B404D | BASKET | HIDDEN_HALO | BEAD | GOLD | KT_18 | 1ct | imgs:3
[04:13:38][EMERALD] [6623] ? NIV-E980624B369B404D | BASKET | HIDDEN_HALO | BEAD | GOLD | KT_18 | 1ct | imgs:3
[04:13:42][EMERALD] [6624] ? NIV-655A1E3F6E3B2D86 | BASKET | HIDDEN_HALO | BEAD | GOLD | KT_18 | 1ct | imgs:1
[04:13:45][EMERALD] [6625] ? NIV-655A1E3F6E3B2D86 | BASKET | HIDDEN_HALO | BEAD | GOLD | KT_18 | 1ct | imgs:3
[04:13:51][EMERALD] [6626] ? NIV-655A1E3F6E3B2D86 | BASKET | HIDDEN_HALO | BEAD | GOLD | KT_18 | 1ct | imgs:3
[04:13:54][EMERALD] [6627] ? NIV-65AB76C58348998B | BASKET | HIDDEN_HALO | BEAD | PLATINUM | PT_950 | 1ct | imgs:3
[04:14:00][EMERALD] [6628] ? NIV-CEEA5B55B3BF46A2 | BASKET | HIDDEN_HALO | BEAD | GOLD | KT_10 | 1ct | imgs:3
[04:14:05][EMERALD] [6629] ? NIV-CEEA5B55B3BF46A2 | BASKET | HIDDEN_HALO | BEAD | GOLD | KT_10 | 1ct | imgs:3
[04:14:09][EMERALD] [6630] ? NIV-CEEA5B55B3BF46A2 | BASKET | HIDDEN_HALO | BEAD | GOLD | KT_10 | 1ct | imgs:3
[04:14:11][EMERALD] [6631] ? NIV-19982BCF3236CFD2 | BASKET | HIDDEN_HALO | BEAD | GOLD | KT_10 | 1ct | imgs:3
[04:14:15][EMERALD] [6632] ? NIV-19982BCF3236CFD2 | BASKET | HIDDEN_HALO | BEAD | GOLD | KT_10 | 1ct | imgs:3
[04:14:18][EMERALD] [6633] ? NIV-19982BCF3236CFD2 | BASKET | HIDDEN_HALO | BEAD | GOLD | KT_10 | 1ct | imgs:3
[04:14:21][EMERALD] [6634] ? NIV-FB980E07C6D92382 | BASKET | HIDDEN_HALO | BEAD | GOLD | KT_10 | 1ct | imgs:3
[04:14:27][EMERALD] [6635] ? NIV-FB980E07C6D92382 | BASKET | HIDDEN_HALO | BEAD | GOLD | KT_10 | 1ct | imgs:3
[04:14:33][EMERALD] [6636] ? NIV-FB980E07C6D92382 | BASKET | HIDDEN_HALO | BEAD | GOLD | KT_10 | 1ct | imgs:3
[04:14:38][EMERALD] [6637] ? NIV-3689FEB15D383679 | BASKET | HIDDEN_HALO | BEAD | GOLD | KT_14 | 1ct | imgs:3
[04:14:45][EMERALD] [6638] ? NIV-3689FEB15D383679 | BASKET | HIDDEN_HALO | BEAD | GOLD | KT_14 | 1ct | imgs:3
[04:14:50][EMERALD] [6639] ? NIV-3689FEB15D383679 | BASKET | HIDDEN_HALO | BEAD | GOLD | KT_14 | 1ct | imgs:3
[04:14:56][EMERALD] [6640] ? NIV-CC51E5003B45868C | BASKET | HIDDEN_HALO | BEAD | GOLD | KT_14 | 1ct | imgs:1
[04:15:00][EMERALD] [6641] ? NIV-CC51E5003B45868C | BASKET | HIDDEN_HALO | BEAD | GOLD | KT_14 | 1ct | imgs:3
[04:15:05][EMERALD] [6642] ? NIV-CC51E5003B45868C | BASKET | HIDDEN_HALO | BEAD | GOLD | KT_14 | 1ct | imgs:3
[04:15:09][EMERALD] [6643] ? NIV-4B2924B54D12EED1 | BASKET | HIDDEN_HALO | BEAD | GOLD | KT_14 | 1ct | imgs:1
[04:15:14][EMERALD] [6644] ? NIV-4B2924B54D12EED1 | BASKET | HIDDEN_HALO | BEAD | GOLD | KT_14 | 1ct | imgs:3
[04:15:20][EMERALD] [6645] ? NIV-4B2924B54D12EED1 | BASKET | HIDDEN_HALO | BEAD | GOLD | KT_14 | 1ct | imgs:3
[04:15:23][EMERALD] [6646] ? NIV-A1BC0F48519790CE | BASKET | HIDDEN_HALO | BEAD | GOLD | KT_18 | 1ct | imgs:1
[04:15:27][EMERALD] [6647] ? NIV-A1BC0F48519790CE | BASKET | HIDDEN_HALO | BEAD | GOLD | KT_18 | 1ct | imgs:3
[04:15:33][EMERALD] [6648] ? NIV-A1BC0F48519790CE | BASKET | HIDDEN_HALO | BEAD | GOLD | KT_18 | 1ct | imgs:3
[04:15:35][EMERALD] [6649] ? NIV-8221FDD77C563495 | BASKET | HIDDEN_HALO | BEAD | GOLD | KT_18 | 1ct | imgs:3
[04:15:41][EMERALD] [6650] ? NIV-8221FDD77C563495 | BASKET | HIDDEN_HALO | BEAD | GOLD | KT_18 | 1ct | imgs:3
[04:15:45][EMERALD] [6651] ? NIV-8221FDD77C563495 | BASKET | HIDDEN_HALO | BEAD | GOLD | KT_18 | 1ct | imgs:3
[04:15:48][EMERALD] [6652] ? NIV-5275CDA4C8B0AA64 | BASKET | HIDDEN_HALO | BEAD | GOLD | KT_18 | 1ct | imgs:1
[04:15:53][EMERALD] [6653] ? NIV-5275CDA4C8B0AA64 | BASKET | HIDDEN_HALO | BEAD | GOLD | KT_18 | 1ct | imgs:3
[04:15:57][EMERALD] [6654] ? NIV-5275CDA4C8B0AA64 | BASKET | HIDDEN_HALO | BEAD | GOLD | KT_18 | 1ct | imgs:3
[04:16:00][EMERALD] [6655] ? NIV-2B3AB0AD76165927 | BASKET | HIDDEN_HALO | BEAD | PLATINUM | PT_950 | 1ct | imgs:3
[04:16:09][EMERALD] [6656] ? NIV-712C63BDA2B1CAB6 | BASKET | HIDDEN_HALO | BEAD | GOLD | KT_10 | 1ct | imgs:3
[04:16:14][EMERALD] [6657] ? NIV-712C63BDA2B1CAB6 | BASKET | HIDDEN_HALO | BEAD | GOLD | KT_10 | 1ct | imgs:3
[04:16:18][EMERALD] [6658] ? NIV-712C63BDA2B1CAB6 | BASKET | HIDDEN_HALO | BEAD | GOLD | KT_10 | 1ct | imgs:3
[04:16:22][EMERALD] [6659] ? NIV-745B5EDD76FE47C1 | BASKET | HIDDEN_HALO | BEAD | GOLD | KT_10 | 1ct | imgs:1
[04:16:27][EMERALD] [6660] ? NIV-745B5EDD76FE47C1 | BASKET | HIDDEN_HALO | BEAD | GOLD | KT_10 | 1ct | imgs:3
[04:16:32][EMERALD] [6661] ? NIV-745B5EDD76FE47C1 | BASKET | HIDDEN_HALO | BEAD | GOLD | KT_10 | 1ct | imgs:3
[04:16:35][EMERALD] [6662] ? NIV-D265FB3FB734E64C | BASKET | HIDDEN_HALO | BEAD | GOLD | KT_10 | 1ct | imgs:1
[04:16:39][EMERALD] [6663] ? NIV-D265FB3FB734E64C | BASKET | HIDDEN_HALO | BEAD | GOLD | KT_10 | 1ct | imgs:3
[04:16:45][EMERALD] [6664] ? NIV-D265FB3FB734E64C | BASKET | HIDDEN_HALO | BEAD | GOLD | KT_10 | 1ct | imgs:3
[04:16:51][EMERALD] [6665] ? NIV-D45A99DA1B2AAD6B | BASKET | HIDDEN_HALO | BEAD | GOLD | KT_14 | 1ct | imgs:1
[04:16:56][EMERALD] [6666] ? NIV-D45A99DA1B2AAD6B | BASKET | HIDDEN_HALO | BEAD | GOLD | KT_14 | 1ct | imgs:3
[04:17:00][EMERALD] [6667] ? NIV-D45A99DA1B2AAD6B | BASKET | HIDDEN_HALO | BEAD | GOLD | KT_14 | 1ct | imgs:3
[04:17:03][EMERALD] [6668] ? NIV-469040966A4FA416 | BASKET | HIDDEN_HALO | BEAD | GOLD | KT_14 | 1ct | imgs:3
[04:17:09][EMERALD] [6669] ? NIV-469040966A4FA416 | BASKET | HIDDEN_HALO | BEAD | GOLD | KT_14 | 1ct | imgs:3
[04:17:12][EMERALD] [6670] ? NIV-469040966A4FA416 | BASKET | HIDDEN_HALO | BEAD | GOLD | KT_14 | 1ct | imgs:3
[04:17:15][EMERALD] [6671] ? NIV-B809D59CD77DCA68 | BASKET | HIDDEN_HALO | BEAD | GOLD | KT_14 | 1ct | imgs:3
[04:17:20][EMERALD] [6672] ? NIV-B809D59CD77DCA68 | BASKET | HIDDEN_HALO | BEAD | GOLD | KT_14 | 1ct | imgs:3
[04:17:26][EMERALD] [6673] ? NIV-B809D59CD77DCA68 | BASKET | HIDDEN_HALO | BEAD | GOLD | KT_14 | 1ct | imgs:3
[04:17:36][EMERALD] [6674] ? NIV-13DDC8D4B5BBDA8D | BASKET | HIDDEN_HALO | BEAD | GOLD | KT_18 | 1ct | imgs:1
[04:17:41][EMERALD] [6675] ? NIV-13DDC8D4B5BBDA8D | BASKET | HIDDEN_HALO | BEAD | GOLD | KT_18 | 1ct | imgs:3
[04:17:48][EMERALD] [6676] ? NIV-13DDC8D4B5BBDA8D | BASKET | HIDDEN_HALO | BEAD | GOLD | KT_18 | 1ct | imgs:3
[04:17:53][EMERALD] [6677] ? NIV-4BCE20E20B55AB37 | BASKET | HIDDEN_HALO | BEAD | GOLD | KT_18 | 1ct | imgs:2
[04:17:57][EMERALD] [6678] ? NIV-4BCE20E20B55AB37 | BASKET | HIDDEN_HALO | BEAD | GOLD | KT_18 | 1ct | imgs:3
[04:18:03][EMERALD] [6679] ? NIV-4BCE20E20B55AB37 | BASKET | HIDDEN_HALO | BEAD | GOLD | KT_18 | 1ct | imgs:3
[04:18:10][EMERALD] [6680] ? NIV-F78F6093A7758B38 | BASKET | HIDDEN_HALO | BEAD | GOLD | KT_18 | 1ct | imgs:3
[04:18:14][EMERALD] [6681] ? NIV-F78F6093A7758B38 | BASKET | HIDDEN_HALO | BEAD | GOLD | KT_18 | 1ct | imgs:3
[04:18:20][EMERALD] [6682] ? NIV-F78F6093A7758B38 | BASKET | HIDDEN_HALO | BEAD | GOLD | KT_18 | 1ct | imgs:3
[04:18:23][EMERALD] [6683] ? NIV-6D2DB2D8517A4823 | BASKET | HIDDEN_HALO | BEAD | PLATINUM | PT_950 | 1ct | imgs:3
[04:18:36][EMERALD] [6684] ? NIV-AB28FCA0E35964B6 | BASKET | HIDDEN_HALO | BEAD | GOLD | KT_10 | 1ct | imgs:3
[04:18:41][EMERALD] [6685] ? NIV-AB28FCA0E35964B6 | BASKET | HIDDEN_HALO | BEAD | GOLD | KT_10 | 1ct | imgs:3
[04:18:45][EMERALD] [6686] ? NIV-AB28FCA0E35964B6 | BASKET | HIDDEN_HALO | BEAD | GOLD | KT_10 | 1ct | imgs:3
[04:18:48][EMERALD] [6687] ? NIV-0FBB1C3637AB1C11 | BASKET | HIDDEN_HALO | BEAD | GOLD | KT_10 | 1ct | imgs:3
[04:18:54][EMERALD] [6688] ? NIV-0FBB1C3637AB1C11 | BASKET | HIDDEN_HALO | BEAD | GOLD | KT_10 | 1ct | imgs:3
[04:18:59][EMERALD] [6689] ? NIV-0FBB1C3637AB1C11 | BASKET | HIDDEN_HALO | BEAD | GOLD | KT_10 | 1ct | imgs:3
[04:19:03][EMERALD] [6690] ? NIV-4B6405062CAD615F | BASKET | HIDDEN_HALO | BEAD | GOLD | KT_10 | 1ct | imgs:3
[04:19:09][EMERALD] [6691] ? NIV-4B6405062CAD615F | BASKET | HIDDEN_HALO | BEAD | GOLD | KT_10 | 1ct | imgs:3
[04:19:15][EMERALD] [6692] ? NIV-4B6405062CAD615F | BASKET | HIDDEN_HALO | BEAD | GOLD | KT_10 | 1ct | imgs:3
[04:19:25][EMERALD] [6693] ? NIV-1B363BACC1B945DB | BASKET | HIDDEN_HALO | BEAD | GOLD | KT_14 | 1ct | imgs:1
[04:19:29][EMERALD] [6694] ? NIV-1B363BACC1B945DB | BASKET | HIDDEN_HALO | BEAD | GOLD | KT_14 | 1ct | imgs:3
[04:19:33][EMERALD] [6695] ? NIV-1B363BACC1B945DB | BASKET | HIDDEN_HALO | BEAD | GOLD | KT_14 | 1ct | imgs:3
[04:19:35][EMERALD] [6696] ? NIV-E073821E119C80D7 | BASKET | HIDDEN_HALO | BEAD | GOLD | KT_14 | 1ct | imgs:3
[04:19:42][EMERALD] [6697] ? NIV-E073821E119C80D7 | BASKET | HIDDEN_HALO | BEAD | GOLD | KT_14 | 1ct | imgs:3
[04:19:48][EMERALD] [6698] ? NIV-E073821E119C80D7 | BASKET | HIDDEN_HALO | BEAD | GOLD | KT_14 | 1ct | imgs:3
[04:19:50][EMERALD] [6699] ? NIV-356F5ED0C5EF6B57 | BASKET | HIDDEN_HALO | BEAD | GOLD | KT_14 | 1ct | imgs:3
[04:19:54][EMERALD] [6700] ? NIV-356F5ED0C5EF6B57 | BASKET | HIDDEN_HALO | BEAD | GOLD | KT_14 | 1ct | imgs:3
[04:19:59][EMERALD] [6701] ? NIV-356F5ED0C5EF6B57 | BASKET | HIDDEN_HALO | BEAD | GOLD | KT_14 | 1ct | imgs:3
[04:20:05][EMERALD] [6702] ? NIV-2287CB2833973EB6 | BASKET | HIDDEN_HALO | BEAD | GOLD | KT_18 | 1ct | imgs:1
[04:20:09][EMERALD] [6703] ? NIV-2287CB2833973EB6 | BASKET | HIDDEN_HALO | BEAD | GOLD | KT_18 | 1ct | imgs:3
[04:20:14][EMERALD] [6704] ? NIV-2287CB2833973EB6 | BASKET | HIDDEN_HALO | BEAD | GOLD | KT_18 | 1ct | imgs:3
[04:20:17][EMERALD] [6705] ? NIV-76EFD8D5D955A57A | BASKET | HIDDEN_HALO | BEAD | GOLD | KT_18 | 1ct | imgs:3
[04:20:23][EMERALD] [6706] ? NIV-76EFD8D5D955A57A | BASKET | HIDDEN_HALO | BEAD | GOLD | KT_18 | 1ct | imgs:3
[04:20:27][EMERALD] [6707] ? NIV-76EFD8D5D955A57A | BASKET | HIDDEN_HALO | BEAD | GOLD | KT_18 | 1ct | imgs:3
[04:20:38][EMERALD] [6708] ??  NIV-793E4398E5874279 | BASKET | HIDDEN_HALO | BEAD | GOLD | KT_18 | 1ct | imgs:0
[04:20:44][EMERALD] [6709] ? NIV-793E4398E5874279 | BASKET | HIDDEN_HALO | BEAD | GOLD | KT_18 | 1ct | imgs:3
[04:20:48][EMERALD] [6710] ? NIV-793E4398E5874279 | BASKET | HIDDEN_HALO | BEAD | GOLD | KT_18 | 1ct | imgs:3
[04:20:50][EMERALD] [6711] ? NIV-7F4225969AADC9DD | BASKET | HIDDEN_HALO | BEAD | PLATINUM | PT_950 | 1ct | imgs:3
[04:20:57][EMERALD] [6712] ? NIV-0B0EF1463E47058E | BASKET | HIDDEN_HALO | BEAD | GOLD | KT_10 | 1ct | imgs:3
[04:21:02][EMERALD] [6713] ? NIV-0B0EF1463E47058E | BASKET | HIDDEN_HALO | BEAD | GOLD | KT_10 | 1ct | imgs:3
[04:21:09][EMERALD] [6714] ? NIV-0B0EF1463E47058E | BASKET | HIDDEN_HALO | BEAD | GOLD | KT_10 | 1ct | imgs:3
[04:21:12][EMERALD] [6715] ? NIV-6C8924A4095383BE | BASKET | HIDDEN_HALO | BEAD | GOLD | KT_10 | 1ct | imgs:3
[04:21:18][EMERALD] [6716] ? NIV-6C8924A4095383BE | BASKET | HIDDEN_HALO | BEAD | GOLD | KT_10 | 1ct | imgs:3
[04:21:24][EMERALD] [6717] ? NIV-6C8924A4095383BE | BASKET | HIDDEN_HALO | BEAD | GOLD | KT_10 | 1ct | imgs:3
[04:21:27][EMERALD] [6718] ? NIV-5920DD9BBBA81320 | BASKET | HIDDEN_HALO | BEAD | GOLD | KT_10 | 1ct | imgs:3
[04:21:32][EMERALD] [6719] ? NIV-5920DD9BBBA81320 | BASKET | HIDDEN_HALO | BEAD | GOLD | KT_10 | 1ct | imgs:3
[04:21:38][EMERALD] [6720] ? NIV-5920DD9BBBA81320 | BASKET | HIDDEN_HALO | BEAD | GOLD | KT_10 | 1ct | imgs:3
[04:21:44][EMERALD] [6721] ? NIV-C1633F520FF5A093 | BASKET | HIDDEN_HALO | BEAD | GOLD | KT_14 | 1ct | imgs:3
[04:21:51][EMERALD] [6722] ? NIV-C1633F520FF5A093 | BASKET | HIDDEN_HALO | BEAD | GOLD | KT_14 | 1ct | imgs:3
[04:21:56][EMERALD] [6723] ? NIV-C1633F520FF5A093 | BASKET | HIDDEN_HALO | BEAD | GOLD | KT_14 | 1ct | imgs:3
[04:22:00][EMERALD] [6724] ? NIV-A7203B175AEC4F5F | BASKET | HIDDEN_HALO | BEAD | GOLD | KT_14 | 1ct | imgs:3
[04:22:06][EMERALD] [6725] ? NIV-A7203B175AEC4F5F | BASKET | HIDDEN_HALO | BEAD | GOLD | KT_14 | 1ct | imgs:3
[04:22:12][EMERALD] [6726] ? NIV-A7203B175AEC4F5F | BASKET | HIDDEN_HALO | BEAD | GOLD | KT_14 | 1ct | imgs:3
[04:22:15][EMERALD] [6727] ? NIV-A3850FDDD1A51B95 | BASKET | HIDDEN_HALO | BEAD | GOLD | KT_14 | 1ct | imgs:3
[04:22:21][EMERALD] [6728] ? NIV-A3850FDDD1A51B95 | BASKET | HIDDEN_HALO | BEAD | GOLD | KT_14 | 1ct | imgs:3
[04:22:24][EMERALD] [6729] ? NIV-A3850FDDD1A51B95 | BASKET | HIDDEN_HALO | BEAD | GOLD | KT_14 | 1ct | imgs:3
[04:22:29][EMERALD] [6730] ? NIV-71B331A8370AB92F | BASKET | HIDDEN_HALO | BEAD | GOLD | KT_18 | 1ct | imgs:3
[04:22:33][EMERALD] [6731] ? NIV-71B331A8370AB92F | BASKET | HIDDEN_HALO | BEAD | GOLD | KT_18 | 1ct | imgs:3
[04:22:36][EMERALD] [6732] ? NIV-71B331A8370AB92F | BASKET | HIDDEN_HALO | BEAD | GOLD | KT_18 | 1ct | imgs:3
[04:22:38][EMERALD] [6733] ? NIV-72D69B508FAFE41B | BASKET | HIDDEN_HALO | BEAD | GOLD | KT_18 | 1ct | imgs:3
[04:22:45][EMERALD] [6734] ? NIV-72D69B508FAFE41B | BASKET | HIDDEN_HALO | BEAD | GOLD | KT_18 | 1ct | imgs:3
[04:22:50][EMERALD] [6735] ? NIV-72D69B508FAFE41B | BASKET | HIDDEN_HALO | BEAD | GOLD | KT_18 | 1ct | imgs:3
[04:22:54][EMERALD] [6736] ? NIV-F08555DD5CC9D047 | BASKET | HIDDEN_HALO | BEAD | GOLD | KT_18 | 1ct | imgs:3
[04:22:57][EMERALD] [6737] ? NIV-F08555DD5CC9D047 | BASKET | HIDDEN_HALO | BEAD | GOLD | KT_18 | 1ct | imgs:3
[04:23:03][EMERALD] [6738] ? NIV-F08555DD5CC9D047 | BASKET | HIDDEN_HALO | BEAD | GOLD | KT_18 | 1ct | imgs:3
[04:23:05][EMERALD] [6739] ? NIV-B65C0AE4B77D495A | BASKET | HIDDEN_HALO | BEAD | PLATINUM | PT_950 | 1ct | imgs:3
[04:23:12][EMERALD] [6740] ? NIV-6555692DB4A02DD5 | BASKET | HIDDEN_HALO | BEAD | GOLD | KT_10 | 1ct | imgs:3
[04:23:17][EMERALD] [6741] ? NIV-6555692DB4A02DD5 | BASKET | HIDDEN_HALO | BEAD | GOLD | KT_10 | 1ct | imgs:3
[04:23:21][EMERALD] [6742] ? NIV-6555692DB4A02DD5 | BASKET | HIDDEN_HALO | BEAD | GOLD | KT_10 | 1ct | imgs:3
[04:23:24][EMERALD] [6743] ? NIV-49A124DF7C19AFCA | BASKET | HIDDEN_HALO | BEAD | GOLD | KT_10 | 1ct | imgs:1
[04:23:30][EMERALD] [6744] ? NIV-49A124DF7C19AFCA | BASKET | HIDDEN_HALO | BEAD | GOLD | KT_10 | 1ct | imgs:3
[04:23:35][EMERALD] [6745] ? NIV-49A124DF7C19AFCA | BASKET | HIDDEN_HALO | BEAD | GOLD | KT_10 | 1ct | imgs:3
[04:23:44][EMERALD] [6746] ? NIV-026BB9844A6E31EB | BASKET | HIDDEN_HALO | BEAD | GOLD | KT_10 | 1ct | imgs:1
[04:23:48][EMERALD] [6747] ? NIV-026BB9844A6E31EB | BASKET | HIDDEN_HALO | BEAD | GOLD | KT_10 | 1ct | imgs:3
[04:23:54][EMERALD] [6748] ? NIV-026BB9844A6E31EB | BASKET | HIDDEN_HALO | BEAD | GOLD | KT_10 | 1ct | imgs:3
[04:24:07][EMERALD] [6749] ??  NIV-026BB9844A6E31EB | BASKET | HIDDEN_HALO | BEAD | GOLD | KT_14 | 1ct | imgs:0
[04:24:20][EMERALD] [6750] ??  NIV-026BB9844A6E31EB | BASKET | HIDDEN_HALO | BEAD | GOLD | KT_14 | 1ct | imgs:0
[04:24:23][EMERALD] [6751] ? NIV-EA4403FB5BA1AC3E | BASKET | HIDDEN_HALO | BEAD | GOLD | KT_14 | 1ct | imgs:3
[04:24:28][EMERALD] [6752] ? NIV-D38F0C827A69DB36 | BASKET | HIDDEN_HALO | BEAD | GOLD | KT_14 | 1ct | imgs:1
[04:24:33][EMERALD] [6753] ? NIV-D38F0C827A69DB36 | BASKET | HIDDEN_HALO | BEAD | GOLD | KT_14 | 1ct | imgs:3
[04:24:39][EMERALD] [6754] ? NIV-D38F0C827A69DB36 | BASKET | HIDDEN_HALO | BEAD | GOLD | KT_14 | 1ct | imgs:3
[04:24:45][EMERALD] [6755] ? NIV-8D05ECCC5BEA8B5E | BASKET | HIDDEN_HALO | BEAD | GOLD | KT_14 | 1ct | imgs:1
[04:24:51][EMERALD] [6756] ? NIV-8D05ECCC5BEA8B5E | BASKET | HIDDEN_HALO | BEAD | GOLD | KT_14 | 1ct | imgs:3
[04:24:57][EMERALD] [6757] ? NIV-8D05ECCC5BEA8B5E | BASKET | HIDDEN_HALO | BEAD | GOLD | KT_14 | 1ct | imgs:3
[04:25:03][EMERALD] [6758] ? NIV-E4C2D385559C1741 | BASKET | HIDDEN_HALO | BEAD | GOLD | KT_18 | 1ct | imgs:1
[04:25:08][EMERALD] [6759] ? NIV-E4C2D385559C1741 | BASKET | HIDDEN_HALO | BEAD | GOLD | KT_18 | 1ct | imgs:3
[04:25:15][EMERALD] [6760] ? NIV-E4C2D385559C1741 | BASKET | HIDDEN_HALO | BEAD | GOLD | KT_18 | 1ct | imgs:3
[04:25:19][EMERALD] [6761] ? NIV-75AE70EA6D123DF3 | BASKET | HIDDEN_HALO | BEAD | GOLD | KT_18 | 1ct | imgs:1
[04:25:23][EMERALD] [6762] ? NIV-75AE70EA6D123DF3 | BASKET | HIDDEN_HALO | BEAD | GOLD | KT_18 | 1ct | imgs:3
[04:25:27][EMERALD] [6763] ? NIV-75AE70EA6D123DF3 | BASKET | HIDDEN_HALO | BEAD | GOLD | KT_18 | 1ct | imgs:3
[04:25:30][EMERALD] [6764] ? NIV-2AA149E4F57AFCC3 | BASKET | HIDDEN_HALO | BEAD | GOLD | KT_18 | 1ct | imgs:3
[04:25:36][EMERALD] [6765] ? NIV-2AA149E4F57AFCC3 | BASKET | HIDDEN_HALO | BEAD | GOLD | KT_18 | 1ct | imgs:3
[04:25:41][EMERALD] [6766] ? NIV-2AA149E4F57AFCC3 | BASKET | HIDDEN_HALO | BEAD | GOLD | KT_18 | 1ct | imgs:3
[04:25:45][EMERALD] [6767] ? NIV-B4C7291153E43F0D | BASKET | HIDDEN_HALO | BEAD | PLATINUM | PT_950 | 1ct | imgs:3
[04:25:54][EMERALD] [6768] ? NIV-B6162543371F06FE | BASKET | HIDDEN_HALO | BEAD | GOLD | KT_10 | 1ct | imgs:1
[04:26:00][EMERALD] [6769] ? NIV-B6162543371F06FE | BASKET | HIDDEN_HALO | BEAD | GOLD | KT_10 | 1ct | imgs:3
[04:26:05][EMERALD] [6770] ? NIV-B6162543371F06FE | BASKET | HIDDEN_HALO | BEAD | GOLD | KT_10 | 1ct | imgs:3
[04:26:08][EMERALD] [6771] ? NIV-592A7567CA9F96A3 | BASKET | HIDDEN_HALO | BEAD | GOLD | KT_10 | 1ct | imgs:3
[04:26:12][EMERALD] [6772] ? NIV-592A7567CA9F96A3 | BASKET | HIDDEN_HALO | BEAD | GOLD | KT_10 | 1ct | imgs:3
[04:26:17][EMERALD] [6773] ? NIV-592A7567CA9F96A3 | BASKET | HIDDEN_HALO | BEAD | GOLD | KT_10 | 1ct | imgs:3
[04:26:21][EMERALD] [6774] ? NIV-4F9BC9F87901204A | BASKET | HIDDEN_HALO | BEAD | GOLD | KT_10 | 1ct | imgs:3
[04:26:26][EMERALD] [6775] ? NIV-4F9BC9F87901204A | BASKET | HIDDEN_HALO | BEAD | GOLD | KT_10 | 1ct | imgs:3
[04:26:30][EMERALD] [6776] ? NIV-4F9BC9F87901204A | BASKET | HIDDEN_HALO | BEAD | GOLD | KT_10 | 1ct | imgs:3
[04:26:36][EMERALD] [6777] ? NIV-9EB9A97E972C61EB | BASKET | HIDDEN_HALO | BEAD | GOLD | KT_14 | 1ct | imgs:3
[04:26:42][EMERALD] [6778] ? NIV-9EB9A97E972C61EB | BASKET | HIDDEN_HALO | BEAD | GOLD | KT_14 | 1ct | imgs:3
[04:26:47][EMERALD] [6779] ? NIV-9EB9A97E972C61EB | BASKET | HIDDEN_HALO | BEAD | GOLD | KT_14 | 1ct | imgs:3
[04:26:50][EMERALD] [6780] ? NIV-A9BB2078C55691DB | BASKET | HIDDEN_HALO | BEAD | GOLD | KT_14 | 1ct | imgs:3
[04:26:56][EMERALD] [6781] ? NIV-A9BB2078C55691DB | BASKET | HIDDEN_HALO | BEAD | GOLD | KT_14 | 1ct | imgs:3
[04:27:00][EMERALD] [6782] ? NIV-A9BB2078C55691DB | BASKET | HIDDEN_HALO | BEAD | GOLD | KT_14 | 1ct | imgs:3
[04:27:03][EMERALD] [6783] ? NIV-11945ABF127B24EE | BASKET | HIDDEN_HALO | BEAD | GOLD | KT_14 | 1ct | imgs:3
[04:27:08][EMERALD] [6784] ? NIV-11945ABF127B24EE | BASKET | HIDDEN_HALO | BEAD | GOLD | KT_14 | 1ct | imgs:3
[04:27:15][EMERALD] [6785] ? NIV-11945ABF127B24EE | BASKET | HIDDEN_HALO | BEAD | GOLD | KT_14 | 1ct | imgs:3
[04:27:20][EMERALD] [6786] ? NIV-6C79B9A7713E3FCF | BASKET | HIDDEN_HALO | BEAD | GOLD | KT_18 | 1ct | imgs:1
[04:27:27][EMERALD] [6787] ? NIV-6C79B9A7713E3FCF | BASKET | HIDDEN_HALO | BEAD | GOLD | KT_18 | 1ct | imgs:3
[04:27:32][EMERALD] [6788] ? NIV-6C79B9A7713E3FCF | BASKET | HIDDEN_HALO | BEAD | GOLD | KT_18 | 1ct | imgs:3
[04:27:37][EMERALD] [6789] ? NIV-58B5DB9A5CFACB59 | BASKET | HIDDEN_HALO | BEAD | GOLD | KT_18 | 1ct | imgs:2
[04:27:41][EMERALD] [6790] ? NIV-58B5DB9A5CFACB59 | BASKET | HIDDEN_HALO | BEAD | GOLD | KT_18 | 1ct | imgs:3
[04:27:45][EMERALD] [6791] ? NIV-58B5DB9A5CFACB59 | BASKET | HIDDEN_HALO | BEAD | GOLD | KT_18 | 1ct | imgs:3
[04:27:47][EMERALD] [6792] ? NIV-AE6D773ADD6FC703 | BASKET | HIDDEN_HALO | BEAD | GOLD | KT_18 | 1ct | imgs:3
[04:27:51][EMERALD] [6793] ? NIV-AE6D773ADD6FC703 | BASKET | HIDDEN_HALO | BEAD | GOLD | KT_18 | 1ct | imgs:3
[04:27:56][EMERALD] [6794] ? NIV-AE6D773ADD6FC703 | BASKET | HIDDEN_HALO | BEAD | GOLD | KT_18 | 1ct | imgs:3
[04:28:00][EMERALD] [6795] ? NIV-D17CAEB23AA8BF29 | BASKET | HIDDEN_HALO | BEAD | PLATINUM | PT_950 | 1ct | imgs:3
[04:28:05][EMERALD] [6796] ? NIV-F620A5CCBD85AA5C | BASKET | HIDDEN_HALO | BEAD | GOLD | KT_10 | 1ct | imgs:3
[04:28:12][EMERALD] [6797] ? NIV-F620A5CCBD85AA5C | BASKET | HIDDEN_HALO | BEAD | GOLD | KT_10 | 1ct | imgs:3
[04:28:17][EMERALD] [6798] ? NIV-F620A5CCBD85AA5C | BASKET | HIDDEN_HALO | BEAD | GOLD | KT_10 | 1ct | imgs:3
[04:28:20][EMERALD] [6799] ? NIV-F8DA608F8AA431D5 | BASKET | HIDDEN_HALO | BEAD | GOLD | KT_10 | 1ct | imgs:3
[04:28:26][EMERALD] [6800] ? NIV-F8DA608F8AA431D5 | BASKET | HIDDEN_HALO | BEAD | GOLD | KT_10 | 1ct | imgs:3
[04:28:32][EMERALD] [6801] ? NIV-F8DA608F8AA431D5 | BASKET | HIDDEN_HALO | BEAD | GOLD | KT_10 | 1ct | imgs:3
[04:28:36][EMERALD] [6802] ? NIV-CB466A3A43DFDDA8 | BASKET | HIDDEN_HALO | BEAD | GOLD | KT_10 | 1ct | imgs:3
[04:28:41][EMERALD] [6803] ? NIV-CB466A3A43DFDDA8 | BASKET | HIDDEN_HALO | BEAD | GOLD | KT_10 | 1ct | imgs:3
[04:28:48][EMERALD] [6804] ? NIV-CB466A3A43DFDDA8 | BASKET | HIDDEN_HALO | BEAD | GOLD | KT_10 | 1ct | imgs:3
[04:28:54][EMERALD] [6805] ? NIV-1E108BAA3EC6027F | BASKET | HIDDEN_HALO | BEAD | GOLD | KT_14 | 1ct | imgs:3
[04:28:59][EMERALD] [6806] ? NIV-1E108BAA3EC6027F | BASKET | HIDDEN_HALO | BEAD | GOLD | KT_14 | 1ct | imgs:3
[04:29:03][EMERALD] [6807] ? NIV-1E108BAA3EC6027F | BASKET | HIDDEN_HALO | BEAD | GOLD | KT_14 | 1ct | imgs:3
[04:29:07][EMERALD] [6808] ? NIV-EF4E70E33BCB6381 | BASKET | HIDDEN_HALO | BEAD | GOLD | KT_14 | 1ct | imgs:1
[04:29:11][EMERALD] [6809] ? NIV-EF4E70E33BCB6381 | BASKET | HIDDEN_HALO | BEAD | GOLD | KT_14 | 1ct | imgs:3
[04:29:15][EMERALD] [6810] ? NIV-EF4E70E33BCB6381 | BASKET | HIDDEN_HALO | BEAD | GOLD | KT_14 | 1ct | imgs:3
[04:29:17][EMERALD] [6811] ? NIV-E28C30A340F903BC | BASKET | HIDDEN_HALO | BEAD | GOLD | KT_14 | 1ct | imgs:3
[04:29:21][EMERALD] [6812] ? NIV-E28C30A340F903BC | BASKET | HIDDEN_HALO | BEAD | GOLD | KT_14 | 1ct | imgs:3
[04:29:27][EMERALD] [6813] ? NIV-E28C30A340F903BC | BASKET | HIDDEN_HALO | BEAD | GOLD | KT_14 | 1ct | imgs:3
[04:29:33][EMERALD] [6814] ? NIV-22A44E017C06C057 | BASKET | HIDDEN_HALO | BEAD | GOLD | KT_18 | 1ct | imgs:1
[04:29:39][EMERALD] [6815] ? NIV-22A44E017C06C057 | BASKET | HIDDEN_HALO | BEAD | GOLD | KT_18 | 1ct | imgs:3
[04:29:44][EMERALD] [6816] ? NIV-22A44E017C06C057 | BASKET | HIDDEN_HALO | BEAD | GOLD | KT_18 | 1ct | imgs:3
[04:29:53][EMERALD] [6817] ? NIV-995420D0EBB8B96E | BASKET | HIDDEN_HALO | BEAD | GOLD | KT_18 | 1ct | imgs:1
[04:29:57][EMERALD] [6818] ? NIV-995420D0EBB8B96E | BASKET | HIDDEN_HALO | BEAD | GOLD | KT_18 | 1ct | imgs:3
[04:30:02][EMERALD] [6819] ? NIV-995420D0EBB8B96E | BASKET | HIDDEN_HALO | BEAD | GOLD | KT_18 | 1ct | imgs:3
[04:30:08][EMERALD] [6820] ? NIV-95C35CFE0EC49374 | BASKET | HIDDEN_HALO | BEAD | GOLD | KT_18 | 1ct | imgs:1
[04:30:12][EMERALD] [6821] ? NIV-95C35CFE0EC49374 | BASKET | HIDDEN_HALO | BEAD | GOLD | KT_18 | 1ct | imgs:3
[04:30:18][EMERALD] [6822] ? NIV-95C35CFE0EC49374 | BASKET | HIDDEN_HALO | BEAD | GOLD | KT_18 | 1ct | imgs:3
[04:30:24][EMERALD] [6823] ? NIV-E9B0E96458FD0A78 | BASKET | HIDDEN_HALO | BEAD | PLATINUM | PT_950 | 1ct | imgs:3
[04:30:30][EMERALD] [6824] ? NIV-F9DBBD0B2A57CDC3 | BASKET | HIDDEN_HALO | BEAD | GOLD | KT_10 | 1ct | imgs:1
[04:30:35][EMERALD] [6825] ? NIV-F9DBBD0B2A57CDC3 | BASKET | HIDDEN_HALO | BEAD | GOLD | KT_10 | 1ct | imgs:3
[04:30:39][EMERALD] [6826] ? NIV-F9DBBD0B2A57CDC3 | BASKET | HIDDEN_HALO | BEAD | GOLD | KT_10 | 1ct | imgs:3
[04:30:41][EMERALD] [6827] ? NIV-E043D35348BAA501 | BASKET | HIDDEN_HALO | BEAD | GOLD | KT_10 | 1ct | imgs:3
[04:30:45][EMERALD] [6828] ? NIV-E043D35348BAA501 | BASKET | HIDDEN_HALO | BEAD | GOLD | KT_10 | 1ct | imgs:3
[04:30:50][EMERALD] [6829] ? NIV-E043D35348BAA501 | BASKET | HIDDEN_HALO | BEAD | GOLD | KT_10 | 1ct | imgs:3
[04:30:55][EMERALD]   Re-seleccionando EMERALD (intento 1)
[04:30:55][EMERALD]   Boton no encontrado ? recargando configurador...
[04:31:31][EMERALD]   Error recargando: Page.wait_for_selector: Timeout 30000ms exceeded.
Call log:
  - waiting for locator("button[data-automation-id=\"center-stone-shape-EMERALD\"]") to be visible

[04:31:31][EMERALD]   Re-seleccionando EMERALD (intento 2)
[04:31:31][EMERALD]   Boton no encontrado ? recargando configurador...
[04:32:00][EMERALD]   Re-seleccionando EMERALD (intento 3)
[04:32:03][EMERALD] [6830] ? NIV-2976C15504BEA6A1 | BASKET | HIDDEN_HALO | BEAD | GOLD | KT_10 | 1ct | imgs:3
[04:32:06][EMERALD] [6831] ? NIV-5F5A857F33EF336D | BASKET | HIDDEN_HALO | BEAD | GOLD | KT_10 | 1ct | imgs:3
[04:32:09][EMERALD] [6832] ? NIV-0617BAFFC8F22085 | BASKET | HIDDEN_HALO | BEAD | GOLD | KT_10 | 1ct | imgs:3
[04:32:17][EMERALD] [6833] ? NIV-81E6232CCE8CA806 | BASKET | HIDDEN_HALO | BEAD | GOLD | KT_14 | 1ct | imgs:1
[04:32:21][EMERALD] [6834] ? NIV-4C3578A90A6059BB | BASKET | HIDDEN_HALO | BEAD | GOLD | KT_14 | 1ct | imgs:1
[04:32:25][EMERALD] [6835] ? NIV-E25D858417889171 | BASKET | HIDDEN_HALO | BEAD | GOLD | KT_14 | 1ct | imgs:1
[04:32:32][EMERALD] [6836] ? NIV-D858673F8DBD7BA6 | BASKET | HIDDEN_HALO | BEAD | GOLD | KT_14 | 1ct | imgs:1
[04:32:38][EMERALD] [6837] ? NIV-E0402D71A5EDBF75 | BASKET | HIDDEN_HALO | BEAD | GOLD | KT_14 | 1ct | imgs:1
[04:32:42][EMERALD] [6838] ? NIV-24F4E28AF3790386 | BASKET | HIDDEN_HALO | BEAD | GOLD | KT_14 | 1ct | imgs:3
[04:32:46][EMERALD] [6839] ? NIV-EF4553EADC0F27DE | BASKET | HIDDEN_HALO | BEAD | GOLD | KT_14 | 1ct | imgs:1
[04:32:48][EMERALD] [6840] ? NIV-001E20217C64FE5F | BASKET | HIDDEN_HALO | BEAD | GOLD | KT_14 | 1ct | imgs:3
[04:32:51][EMERALD] [6841] ? NIV-5ACADED7F7C47728 | BASKET | HIDDEN_HALO | BEAD | GOLD | KT_14 | 1ct | imgs:3
[04:32:57][EMERALD] [6842] ? NIV-84C7F7530C70F70D | BASKET | HIDDEN_HALO | BEAD | GOLD | KT_18 | 1ct | imgs:1
[04:33:02][EMERALD] [6843] ? NIV-C58B0EAE6D5330BE | BASKET | HIDDEN_HALO | BEAD | GOLD | KT_18 | 1ct | imgs:1
[04:33:04][EMERALD] [6844] ? NIV-EAA574E805638E9C | BASKET | HIDDEN_HALO | BEAD | GOLD | KT_18 | 1ct | imgs:3
[04:33:10][EMERALD] [6845] ? NIV-8E441C273A81DF56 | BASKET | HIDDEN_HALO | BEAD | GOLD | KT_18 | 1ct | imgs:1
[04:33:14][EMERALD] [6846] ? NIV-C3AFBCCBEFFACDF6 | BASKET | HIDDEN_HALO | BEAD | GOLD | KT_18 | 1ct | imgs:2
[04:33:21][EMERALD] [6847] ? NIV-956C60F4CECC038F | BASKET | HIDDEN_HALO | BEAD | GOLD | KT_18 | 1ct | imgs:1
[04:33:31][EMERALD] [6848] ? NIV-D1FAB43C2D1A64D4 | BASKET | HIDDEN_HALO | BEAD | GOLD | KT_18 | 1ct | imgs:3
[04:33:37][EMERALD] [6849] ? NIV-D8A74E718B3EE441 | BASKET | HIDDEN_HALO | BEAD | GOLD | KT_18 | 1ct | imgs:1
[04:33:39][EMERALD] [6850] ? NIV-B24E12D244D82B84 | BASKET | HIDDEN_HALO | BEAD | GOLD | KT_18 | 1ct | imgs:3
[04:33:46][EMERALD] [6851] ? NIV-DE75F99A88EA3D49 | BASKET | HIDDEN_HALO | BEAD | PLATINUM | PT_950 | 1ct | imgs:1
[04:33:55][EMERALD] [6852] ? NIV-A4C9FA085D15DB32 | BASKET | HIDDEN_HALO | PAVE | GOLD | KT_10 | 1ct | imgs:1
[04:34:00][EMERALD] [6853] ? NIV-A4C9FA085D15DB32 | BASKET | HIDDEN_HALO | PAVE | GOLD | KT_10 | 1ct | imgs:3
[04:34:04][EMERALD] [6854] ? NIV-A4C9FA085D15DB32 | BASKET | HIDDEN_HALO | PAVE | GOLD | KT_10 | 1ct | imgs:3
[04:34:12][EMERALD] [6855] ? NIV-ED1206114E83A449 | BASKET | HIDDEN_HALO | PAVE | GOLD | KT_10 | 1ct | imgs:1
[04:34:15][EMERALD] [6856] ? NIV-ED1206114E83A449 | BASKET | HIDDEN_HALO | PAVE | GOLD | KT_10 | 1ct | imgs:3
[04:34:19][EMERALD] [6857] ? NIV-ED1206114E83A449 | BASKET | HIDDEN_HALO | PAVE | GOLD | KT_10 | 1ct | imgs:3
[04:34:21][EMERALD] [6858] ? NIV-1FEB8C4CF355B518 | BASKET | HIDDEN_HALO | PAVE | GOLD | KT_10 | 1ct | imgs:3
[04:34:25][EMERALD] [6859] ? NIV-1FEB8C4CF355B518 | BASKET | HIDDEN_HALO | PAVE | GOLD | KT_10 | 1ct | imgs:3
[04:34:30][EMERALD] [6860] ? NIV-1FEB8C4CF355B518 | BASKET | HIDDEN_HALO | PAVE | GOLD | KT_10 | 1ct | imgs:3
[04:34:37][EMERALD] [6861] ? NIV-0FA85225140D532C | BASKET | HIDDEN_HALO | PAVE | GOLD | KT_14 | 1ct | imgs:3
[04:34:42][EMERALD] [6862] ? NIV-0FA85225140D532C | BASKET | HIDDEN_HALO | PAVE | GOLD | KT_14 | 1ct | imgs:3
[04:34:48][EMERALD] [6863] ? NIV-0FA85225140D532C | BASKET | HIDDEN_HALO | PAVE | GOLD | KT_14 | 1ct | imgs:3
[04:34:59][EMERALD] [6864] ??  NIV-0FA85225140D532C | BASKET | HIDDEN_HALO | PAVE | GOLD | KT_14 | 1ct | imgs:0
[04:35:11][EMERALD] [6865] ??  NIV-0FA85225140D532C | BASKET | HIDDEN_HALO | PAVE | GOLD | KT_14 | 1ct | imgs:0
[04:35:23][EMERALD] [6866] ??  NIV-0FA85225140D532C | BASKET | HIDDEN_HALO | PAVE | GOLD | KT_14 | 1ct | imgs:0
[04:35:27][EMERALD] [6867] ? NIV-7543B70FE3D77A5D | BASKET | HIDDEN_HALO | PAVE | GOLD | KT_14 | 1ct | imgs:3
[04:35:30][EMERALD] [6868] ? NIV-7543B70FE3D77A5D | BASKET | HIDDEN_HALO | PAVE | GOLD | KT_14 | 1ct | imgs:3
[04:35:36][EMERALD] [6869] ? NIV-7543B70FE3D77A5D | BASKET | HIDDEN_HALO | PAVE | GOLD | KT_14 | 1ct | imgs:3
[04:35:41][EMERALD] [6870] ? NIV-881AC5DBCE1400DE | BASKET | HIDDEN_HALO | PAVE | GOLD | KT_18 | 1ct | imgs:3
[04:35:45][EMERALD] [6871] ? NIV-881AC5DBCE1400DE | BASKET | HIDDEN_HALO | PAVE | GOLD | KT_18 | 1ct | imgs:3
[04:35:48][EMERALD] [6872] ? NIV-881AC5DBCE1400DE | BASKET | HIDDEN_HALO | PAVE | GOLD | KT_18 | 1ct | imgs:3
[04:35:52][EMERALD] [6873] ? NIV-2F4A12C7DC449BED | BASKET | HIDDEN_HALO | PAVE | GOLD | KT_18 | 1ct | imgs:1
[04:35:57][EMERALD] [6874] ? NIV-2F4A12C7DC449BED | BASKET | HIDDEN_HALO | PAVE | GOLD | KT_18 | 1ct | imgs:3
[04:36:01][EMERALD] [6875] ? NIV-2F4A12C7DC449BED | BASKET | HIDDEN_HALO | PAVE | GOLD | KT_18 | 1ct | imgs:3
[04:36:11][EMERALD] [6876] ??  NIV-2F4A12C7DC449BED | BASKET | HIDDEN_HALO | PAVE | GOLD | KT_18 | 1ct | imgs:0
[04:36:23][EMERALD] [6877] ??  NIV-2F4A12C7DC449BED | BASKET | HIDDEN_HALO | PAVE | GOLD | KT_18 | 1ct | imgs:0
[04:36:36][EMERALD] [6878] ??  NIV-2F4A12C7DC449BED | BASKET | HIDDEN_HALO | PAVE | GOLD | KT_18 | 1ct | imgs:0
[04:36:41][EMERALD] [6879] ? NIV-6431E41CCF71A359 | BASKET | HIDDEN_HALO | PAVE | PLATINUM | PT_950 | 1ct | imgs:1
[04:36:48][EMERALD] [6880] ? NIV-EACFC2A910F67278 | BASKET | HIDDEN_HALO | PAVE | GOLD | KT_10 | 1ct | imgs:3
[04:36:54][EMERALD] [6881] ? NIV-EACFC2A910F67278 | BASKET | HIDDEN_HALO | PAVE | GOLD | KT_10 | 1ct | imgs:3
[04:37:00][EMERALD] [6882] ? NIV-EACFC2A910F67278 | BASKET | HIDDEN_HALO | PAVE | GOLD | KT_10 | 1ct | imgs:3
[04:37:04][EMERALD] [6883] ? NIV-CDA73EC6ACC79D4A | BASKET | HIDDEN_HALO | PAVE | GOLD | KT_10 | 1ct | imgs:3
[04:37:09][EMERALD] [6884] ? NIV-CDA73EC6ACC79D4A | BASKET | HIDDEN_HALO | PAVE | GOLD | KT_10 | 1ct | imgs:3
[04:37:15][EMERALD] [6885] ? NIV-CDA73EC6ACC79D4A | BASKET | HIDDEN_HALO | PAVE | GOLD | KT_10 | 1ct | imgs:3
[04:37:19][EMERALD] [6886] ? NIV-B6454A331291AD17 | BASKET | HIDDEN_HALO | PAVE | GOLD | KT_10 | 1ct | imgs:3
[04:37:24][EMERALD] [6887] ? NIV-B6454A331291AD17 | BASKET | HIDDEN_HALO | PAVE | GOLD | KT_10 | 1ct | imgs:3
[04:37:28][EMERALD] [6888] ? NIV-B6454A331291AD17 | BASKET | HIDDEN_HALO | PAVE | GOLD | KT_10 | 1ct | imgs:3
[04:37:33][EMERALD] [6889] ? NIV-F5FBDD4D7F330CCB | BASKET | HIDDEN_HALO | PAVE | GOLD | KT_14 | 1ct | imgs:1
[04:37:40][EMERALD] [6890] ? NIV-F5FBDD4D7F330CCB | BASKET | HIDDEN_HALO | PAVE | GOLD | KT_14 | 1ct | imgs:3
[04:37:45][EMERALD] [6891] ? NIV-F5FBDD4D7F330CCB | BASKET | HIDDEN_HALO | PAVE | GOLD | KT_14 | 1ct | imgs:3
[04:37:48][EMERALD] [6892] ? NIV-4BED9B82B03F07ED | BASKET | HIDDEN_HALO | PAVE | GOLD | KT_14 | 1ct | imgs:2
[04:37:52][EMERALD] [6893] ? NIV-4BED9B82B03F07ED | BASKET | HIDDEN_HALO | PAVE | GOLD | KT_14 | 1ct | imgs:3
[04:37:57][EMERALD] [6894] ? NIV-4BED9B82B03F07ED | BASKET | HIDDEN_HALO | PAVE | GOLD | KT_14 | 1ct | imgs:3
[04:38:00][EMERALD] [6895] ? NIV-4F5405157337B831 | BASKET | HIDDEN_HALO | PAVE | GOLD | KT_14 | 1ct | imgs:3
[04:38:03][EMERALD] [6896] ? NIV-4F5405157337B831 | BASKET | HIDDEN_HALO | PAVE | GOLD | KT_14 | 1ct | imgs:3
[04:38:07][EMERALD] [6897] ? NIV-4F5405157337B831 | BASKET | HIDDEN_HALO | PAVE | GOLD | KT_14 | 1ct | imgs:3
[04:38:17][EMERALD] [6898] ??  NIV-4F5405157337B831 | BASKET | HIDDEN_HALO | PAVE | GOLD | KT_18 | 1ct | imgs:0
[04:38:30][EMERALD] [6899] ??  NIV-4F5405157337B831 | BASKET | HIDDEN_HALO | PAVE | GOLD | KT_18 | 1ct | imgs:0
[04:38:36][EMERALD] [6900] ? NIV-D6CCC36AD63BE9FA | BASKET | HIDDEN_HALO | PAVE | GOLD | KT_18 | 1ct | imgs:3
[04:38:39][EMERALD] [6901] ? NIV-CEF5CCF1F9737A7F | BASKET | HIDDEN_HALO | PAVE | GOLD | KT_18 | 1ct | imgs:3
[04:38:43][EMERALD] [6902] ? NIV-CEF5CCF1F9737A7F | BASKET | HIDDEN_HALO | PAVE | GOLD | KT_18 | 1ct | imgs:3
[04:38:48][EMERALD] [6903] ? NIV-CEF5CCF1F9737A7F | BASKET | HIDDEN_HALO | PAVE | GOLD | KT_18 | 1ct | imgs:3
[04:38:59][EMERALD] [6904] ??  NIV-CEF5CCF1F9737A7F | BASKET | HIDDEN_HALO | PAVE | GOLD | KT_18 | 1ct | imgs:0
[04:39:11][EMERALD] [6905] ??  NIV-CEF5CCF1F9737A7F | BASKET | HIDDEN_HALO | PAVE | GOLD | KT_18 | 1ct | imgs:0
[04:39:23][EMERALD] [6906] ??  NIV-CEF5CCF1F9737A7F | BASKET | HIDDEN_HALO | PAVE | GOLD | KT_18 | 1ct | imgs:0
[04:39:35][EMERALD] [6907] ??  NIV-CEF5CCF1F9737A7F | BASKET | HIDDEN_HALO | PAVE | PLATINUM | PT_950 | 1ct | imgs:0
[04:39:39][EMERALD] [6908] ? NIV-D739D655FA29EE50 | BASKET | HIDDEN_HALO | PAVE | GOLD | KT_10 | 1ct | imgs:3
[04:39:43][EMERALD] [6909] ? NIV-D739D655FA29EE50 | BASKET | HIDDEN_HALO | PAVE | GOLD | KT_10 | 1ct | imgs:3
[04:39:48][EMERALD] [6910] ? NIV-D739D655FA29EE50 | BASKET | HIDDEN_HALO | PAVE | GOLD | KT_10 | 1ct | imgs:3
[04:39:59][EMERALD] [6911] ??  NIV-D739D655FA29EE50 | BASKET | HIDDEN_HALO | PAVE | GOLD | KT_10 | 1ct | imgs:0
[04:40:11][EMERALD] [6912] ??  NIV-D739D655FA29EE50 | BASKET | HIDDEN_HALO | PAVE | GOLD | KT_10 | 1ct | imgs:0
[04:40:23][EMERALD] [6913] ??  NIV-D739D655FA29EE50 | BASKET | HIDDEN_HALO | PAVE | GOLD | KT_10 | 1ct | imgs:0
[04:40:27][EMERALD] [6914] ? NIV-2DE55A5779EF0FE0 | BASKET | HIDDEN_HALO | PAVE | GOLD | KT_10 | 1ct | imgs:3
[04:40:30][EMERALD] [6915] ? NIV-2DE55A5779EF0FE0 | BASKET | HIDDEN_HALO | PAVE | GOLD | KT_10 | 1ct | imgs:3
[04:40:34][EMERALD] [6916] ? NIV-2DE55A5779EF0FE0 | BASKET | HIDDEN_HALO | PAVE | GOLD | KT_10 | 1ct | imgs:3
[04:40:47][EMERALD] [6917] ??  NIV-450BB2A88F48ABE7 | BASKET | HIDDEN_HALO | PAVE | GOLD | KT_14 | 1ct | imgs:0
[04:40:59][EMERALD] [6918] ??  NIV-450BB2A88F48ABE7 | BASKET | HIDDEN_HALO | PAVE | GOLD | KT_14 | 1ct | imgs:0
[04:41:06][EMERALD] [6919] ? NIV-DA30A394269BF1DD | BASKET | HIDDEN_HALO | PAVE | GOLD | KT_14 | 1ct | imgs:3
[04:41:17][EMERALD] [6920] ? NIV-E307F27C6DCC85D5 | BASKET | HIDDEN_HALO | PAVE | GOLD | KT_14 | 1ct | imgs:3
[04:41:21][EMERALD] [6921] ? NIV-E307F27C6DCC85D5 | BASKET | HIDDEN_HALO | PAVE | GOLD | KT_14 | 1ct | imgs:3
[04:41:25][EMERALD] [6922] ? NIV-E307F27C6DCC85D5 | BASKET | HIDDEN_HALO | PAVE | GOLD | KT_14 | 1ct | imgs:3
[04:41:27][EMERALD] [6923] ? NIV-450BB2A88F48ABE7 | BASKET | HIDDEN_HALO | PAVE | GOLD | KT_14 | 1ct | imgs:3
[04:41:31][EMERALD] [6924] ? NIV-450BB2A88F48ABE7 | BASKET | HIDDEN_HALO | PAVE | GOLD | KT_14 | 1ct | imgs:3
[04:41:34][EMERALD] [6925] ? NIV-450BB2A88F48ABE7 | BASKET | HIDDEN_HALO | PAVE | GOLD | KT_14 | 1ct | imgs:3
[04:41:38][EMERALD] [6926] ? NIV-AC0FF84F062890BD | BASKET | HIDDEN_HALO | PAVE | GOLD | KT_18 | 1ct | imgs:2
[04:41:42][EMERALD] [6927] ? NIV-AC0FF84F062890BD | BASKET | HIDDEN_HALO | PAVE | GOLD | KT_18 | 1ct | imgs:3
[04:41:45][EMERALD] [6928] ? NIV-AC0FF84F062890BD | BASKET | HIDDEN_HALO | PAVE | GOLD | KT_18 | 1ct | imgs:3
[04:41:48][EMERALD] [6929] ? NIV-37F29B77BFF0E66E | BASKET | HIDDEN_HALO | PAVE | GOLD | KT_18 | 1ct | imgs:3
[04:41:54][EMERALD] [6930] ? NIV-37F29B77BFF0E66E | BASKET | HIDDEN_HALO | PAVE | GOLD | KT_18 | 1ct | imgs:3
[04:41:58][EMERALD] [6931] ? NIV-37F29B77BFF0E66E | BASKET | HIDDEN_HALO | PAVE | GOLD | KT_18 | 1ct | imgs:3
[04:42:00][EMERALD] [6932] ? NIV-C8DBF7C0EDF9FDB6 | BASKET | HIDDEN_HALO | PAVE | GOLD | KT_18 | 1ct | imgs:3
[04:42:03][EMERALD] [6933] ? NIV-C8DBF7C0EDF9FDB6 | BASKET | HIDDEN_HALO | PAVE | GOLD | KT_18 | 1ct | imgs:3
[04:42:07][EMERALD] [6934] ? NIV-C8DBF7C0EDF9FDB6 | BASKET | HIDDEN_HALO | PAVE | GOLD | KT_18 | 1ct | imgs:3
[04:42:17][EMERALD] [6935] ??  NIV-C8DBF7C0EDF9FDB6 | BASKET | HIDDEN_HALO | PAVE | PLATINUM | PT_950 | 1ct | imgs:0
[04:42:32][EMERALD] [6936] ??  NIV-1B90C1EDC00EA135 | BASKET | HIDDEN_HALO | PAVE | GOLD | KT_10 | 1ct | imgs:0
[04:42:44][EMERALD] [6937] ??  NIV-1B90C1EDC00EA135 | BASKET | HIDDEN_HALO | PAVE | GOLD | KT_10 | 1ct | imgs:0
[04:42:48][EMERALD] [6938] ? NIV-B5F96ECC11CC3A2F | BASKET | HIDDEN_HALO | PAVE | GOLD | KT_10 | 1ct | imgs:3
[04:42:51][EMERALD] [6939] ? NIV-07E9365997DDEDFB | BASKET | HIDDEN_HALO | PAVE | GOLD | KT_10 | 1ct | imgs:3
[04:42:55][EMERALD] [6940] ? NIV-07E9365997DDEDFB | BASKET | HIDDEN_HALO | PAVE | GOLD | KT_10 | 1ct | imgs:3
[04:43:00][EMERALD] [6941] ? NIV-07E9365997DDEDFB | BASKET | HIDDEN_HALO | PAVE | GOLD | KT_10 | 1ct | imgs:3
[04:43:08][EMERALD] [6942] ? NIV-D06B6B10B45907B8 | BASKET | HIDDEN_HALO | PAVE | GOLD | KT_10 | 1ct | imgs:1
[04:43:12][EMERALD] [6943] ? NIV-D06B6B10B45907B8 | BASKET | HIDDEN_HALO | PAVE | GOLD | KT_10 | 1ct | imgs:3
[04:43:18][EMERALD] [6944] ? NIV-D06B6B10B45907B8 | BASKET | HIDDEN_HALO | PAVE | GOLD | KT_10 | 1ct | imgs:3
[04:43:23][EMERALD] [6945] ? NIV-8C47FC9BE700CECA | BASKET | HIDDEN_HALO | PAVE | GOLD | KT_14 | 1ct | imgs:3
[04:43:27][EMERALD] [6946] ? NIV-8C47FC9BE700CECA | BASKET | HIDDEN_HALO | PAVE | GOLD | KT_14 | 1ct | imgs:3
[04:43:30][EMERALD] [6947] ? NIV-8C47FC9BE700CECA | BASKET | HIDDEN_HALO | PAVE | GOLD | KT_14 | 1ct | imgs:3
[04:43:34][EMERALD] [6948] ? NIV-D823EF9A5B446E2C | BASKET | HIDDEN_HALO | PAVE | GOLD | KT_14 | 1ct | imgs:3
[04:43:39][EMERALD] [6949] ? NIV-D823EF9A5B446E2C | BASKET | HIDDEN_HALO | PAVE | GOLD | KT_14 | 1ct | imgs:3
[04:43:45][EMERALD] [6950] ? NIV-D823EF9A5B446E2C | BASKET | HIDDEN_HALO | PAVE | GOLD | KT_14 | 1ct | imgs:3
[04:43:48][EMERALD] [6951] ? NIV-951BA5F82F81EFF2 | BASKET | HIDDEN_HALO | PAVE | GOLD | KT_14 | 1ct | imgs:3
[04:43:54][EMERALD] [6952] ? NIV-951BA5F82F81EFF2 | BASKET | HIDDEN_HALO | PAVE | GOLD | KT_14 | 1ct | imgs:3
[04:44:00][EMERALD] [6953] ? NIV-951BA5F82F81EFF2 | BASKET | HIDDEN_HALO | PAVE | GOLD | KT_14 | 1ct | imgs:3
[04:44:06][EMERALD] [6954] ? NIV-AE5D9CB84888CD28 | BASKET | HIDDEN_HALO | PAVE | GOLD | KT_18 | 1ct | imgs:1
[04:44:12][EMERALD] [6955] ? NIV-AE5D9CB84888CD28 | BASKET | HIDDEN_HALO | PAVE | GOLD | KT_18 | 1ct | imgs:3
[04:44:18][EMERALD] [6956] ? NIV-AE5D9CB84888CD28 | BASKET | HIDDEN_HALO | PAVE | GOLD | KT_18 | 1ct | imgs:3
[04:44:22][EMERALD] [6957] ? NIV-33691A6863EAEA85 | BASKET | HIDDEN_HALO | PAVE | GOLD | KT_18 | 1ct | imgs:1
[04:44:27][EMERALD] [6958] ? NIV-33691A6863EAEA85 | BASKET | HIDDEN_HALO | PAVE | GOLD | KT_18 | 1ct | imgs:3
[04:44:30][EMERALD] [6959] ? NIV-33691A6863EAEA85 | BASKET | HIDDEN_HALO | PAVE | GOLD | KT_18 | 1ct | imgs:3
[04:44:33][EMERALD] [6960] ? NIV-191446CA9E78E44B | BASKET | HIDDEN_HALO | PAVE | GOLD | KT_18 | 1ct | imgs:3
[04:44:39][EMERALD] [6961] ? NIV-191446CA9E78E44B | BASKET | HIDDEN_HALO | PAVE | GOLD | KT_18 | 1ct | imgs:3
[04:44:43][EMERALD] [6962] ? NIV-191446CA9E78E44B | BASKET | HIDDEN_HALO | PAVE | GOLD | KT_18 | 1ct | imgs:3
[04:44:45][EMERALD] [6963] ? NIV-1B90C1EDC00EA135 | BASKET | HIDDEN_HALO | PAVE | PLATINUM | PT_950 | 1ct | imgs:3
[04:44:51][EMERALD] [6964] ? NIV-9E3CEF5DA02D817B | BASKET | HIDDEN_HALO | PAVE | GOLD | KT_10 | 1ct | imgs:3
[04:44:54][EMERALD] [6965] ? NIV-9E3CEF5DA02D817B | BASKET | HIDDEN_HALO | PAVE | GOLD | KT_10 | 1ct | imgs:3
[04:45:00][EMERALD] [6966] ? NIV-9E3CEF5DA02D817B | BASKET | HIDDEN_HALO | PAVE | GOLD | KT_10 | 1ct | imgs:3
[04:45:03][EMERALD] [6967] ? NIV-6AECB1DFAE83D965 | BASKET | HIDDEN_HALO | PAVE | GOLD | KT_10 | 1ct | imgs:3
[04:45:07][EMERALD] [6968] ? NIV-6AECB1DFAE83D965 | BASKET | HIDDEN_HALO | PAVE | GOLD | KT_10 | 1ct | imgs:3
[04:45:12][EMERALD] [6969] ? NIV-6AECB1DFAE83D965 | BASKET | HIDDEN_HALO | PAVE | GOLD | KT_10 | 1ct | imgs:3
[04:45:15][EMERALD] [6970] ? NIV-7118464ADD2B8CB7 | BASKET | HIDDEN_HALO | PAVE | GOLD | KT_10 | 1ct | imgs:3
[04:45:22][EMERALD] [6971] ? NIV-7118464ADD2B8CB7 | BASKET | HIDDEN_HALO | PAVE | GOLD | KT_10 | 1ct | imgs:3
[04:45:27][EMERALD] [6972] ? NIV-7118464ADD2B8CB7 | BASKET | HIDDEN_HALO | PAVE | GOLD | KT_10 | 1ct | imgs:3
[04:45:33][EMERALD] [6973] ? NIV-E04B2BA58FC8ACCD | BASKET | HIDDEN_HALO | PAVE | GOLD | KT_14 | 1ct | imgs:3
[04:45:37][EMERALD] [6974] ? NIV-E04B2BA58FC8ACCD | BASKET | HIDDEN_HALO | PAVE | GOLD | KT_14 | 1ct | imgs:3
[04:45:40][EMERALD] [6975] ? NIV-E04B2BA58FC8ACCD | BASKET | HIDDEN_HALO | PAVE | GOLD | KT_14 | 1ct | imgs:3
[04:45:43][EMERALD] [6976] ? NIV-E8F9650880FB6861 | BASKET | HIDDEN_HALO | PAVE | GOLD | KT_14 | 1ct | imgs:3
[04:45:48][EMERALD] [6977] ? NIV-E8F9650880FB6861 | BASKET | HIDDEN_HALO | PAVE | GOLD | KT_14 | 1ct | imgs:3
[04:45:51][EMERALD] [6978] ? NIV-E8F9650880FB6861 | BASKET | HIDDEN_HALO | PAVE | GOLD | KT_14 | 1ct | imgs:3
[04:46:02][EMERALD] [6979] ??  NIV-E8F9650880FB6861 | BASKET | HIDDEN_HALO | PAVE | GOLD | KT_14 | 1ct | imgs:0
[04:46:09][EMERALD] [6980] ? NIV-5B5656196BC6FF1D | BASKET | HIDDEN_HALO | PAVE | GOLD | KT_14 | 1ct | imgs:3
[04:46:15][EMERALD] [6981] ? NIV-5B5656196BC6FF1D | BASKET | HIDDEN_HALO | PAVE | GOLD | KT_14 | 1ct | imgs:3
[04:46:21][EMERALD] [6982] ? NIV-952EF436489798B1 | BASKET | HIDDEN_HALO | PAVE | GOLD | KT_18 | 1ct | imgs:3
[04:46:27][EMERALD] [6983] ? NIV-952EF436489798B1 | BASKET | HIDDEN_HALO | PAVE | GOLD | KT_18 | 1ct | imgs:3
[04:46:30][EMERALD] [6984] ? NIV-952EF436489798B1 | BASKET | HIDDEN_HALO | PAVE | GOLD | KT_18 | 1ct | imgs:3
[04:46:33][EMERALD] [6985] ? NIV-7344A0D0939663D0 | BASKET | HIDDEN_HALO | PAVE | GOLD | KT_18 | 1ct | imgs:3
[04:46:39][EMERALD] [6986] ? NIV-7344A0D0939663D0 | BASKET | HIDDEN_HALO | PAVE | GOLD | KT_18 | 1ct | imgs:3
[04:46:45][EMERALD] [6987] ? NIV-7344A0D0939663D0 | BASKET | HIDDEN_HALO | PAVE | GOLD | KT_18 | 1ct | imgs:3
[04:46:48][EMERALD] [6988] ? NIV-8E7D4E43907E6D35 | BASKET | HIDDEN_HALO | PAVE | GOLD | KT_18 | 1ct | imgs:3
[04:46:52][EMERALD] [6989] ? NIV-8E7D4E43907E6D35 | BASKET | HIDDEN_HALO | PAVE | GOLD | KT_18 | 1ct | imgs:3
[04:46:57][EMERALD] [6990] ? NIV-8E7D4E43907E6D35 | BASKET | HIDDEN_HALO | PAVE | GOLD | KT_18 | 1ct | imgs:3
[04:47:02][EMERALD] [6991] ? NIV-53968574A4060A8C | BASKET | HIDDEN_HALO | PAVE | PLATINUM | PT_950 | 1ct | imgs:2
[04:47:06][EMERALD] [6992] ? NIV-FF9601E6F5EF8595 | BASKET | HIDDEN_HALO | PAVE | GOLD | KT_10 | 1ct | imgs:3
[04:47:10][EMERALD] [6993] ? NIV-FF9601E6F5EF8595 | BASKET | HIDDEN_HALO | PAVE | GOLD | KT_10 | 1ct | imgs:3
[04:47:15][EMERALD] [6994] ? NIV-FF9601E6F5EF8595 | BASKET | HIDDEN_HALO | PAVE | GOLD | KT_10 | 1ct | imgs:3
[04:47:19][EMERALD] [6995] ? NIV-278F2DF99FE7C0A6 | BASKET | HIDDEN_HALO | PAVE | GOLD | KT_10 | 1ct | imgs:1
[04:47:24][EMERALD] [6996] ? NIV-278F2DF99FE7C0A6 | BASKET | HIDDEN_HALO | PAVE | GOLD | KT_10 | 1ct | imgs:3
[04:47:28][EMERALD] [6997] ? NIV-278F2DF99FE7C0A6 | BASKET | HIDDEN_HALO | PAVE | GOLD | KT_10 | 1ct | imgs:3
[04:47:36][EMERALD] [6998] ? NIV-8D053123AE156B92 | BASKET | HIDDEN_HALO | PAVE | GOLD | KT_10 | 1ct | imgs:1
[04:47:39][EMERALD] [6999] ? NIV-8D053123AE156B92 | BASKET | HIDDEN_HALO | PAVE | GOLD | KT_10 | 1ct | imgs:3
[04:47:43][EMERALD] [7000] ? NIV-8D053123AE156B92 | BASKET | HIDDEN_HALO | PAVE | GOLD | KT_10 | 1ct | imgs:3
[04:47:49][EMERALD] [7001] ? NIV-31B9206CB14F58C2 | BASKET | HIDDEN_HALO | PAVE | GOLD | KT_14 | 1ct | imgs:2
[04:47:54][EMERALD] [7002] ? NIV-31B9206CB14F58C2 | BASKET | HIDDEN_HALO | PAVE | GOLD | KT_14 | 1ct | imgs:3
[04:48:00][EMERALD] [7003] ? NIV-31B9206CB14F58C2 | BASKET | HIDDEN_HALO | PAVE | GOLD | KT_14 | 1ct | imgs:3
[04:48:04][EMERALD] [7004] ? NIV-D852E2A58582E385 | BASKET | HIDDEN_HALO | PAVE | GOLD | KT_14 | 1ct | imgs:3
[04:48:09][EMERALD] [7005] ? NIV-D852E2A58582E385 | BASKET | HIDDEN_HALO | PAVE | GOLD | KT_14 | 1ct | imgs:3
[04:48:13][EMERALD] [7006] ? NIV-D852E2A58582E385 | BASKET | HIDDEN_HALO | PAVE | GOLD | KT_14 | 1ct | imgs:3
[04:48:15][EMERALD] [7007] ? NIV-FE18BAD3701FB379 | BASKET | HIDDEN_HALO | PAVE | GOLD | KT_14 | 1ct | imgs:3
[04:48:21][EMERALD] [7008] ? NIV-FE18BAD3701FB379 | BASKET | HIDDEN_HALO | PAVE | GOLD | KT_14 | 1ct | imgs:3
[04:48:27][EMERALD] [7009] ? NIV-FE18BAD3701FB379 | BASKET | HIDDEN_HALO | PAVE | GOLD | KT_14 | 1ct | imgs:3
[04:48:33][EMERALD] [7010] ? NIV-813BC23E6821BA38 | BASKET | HIDDEN_HALO | PAVE | GOLD | KT_18 | 1ct | imgs:3
[04:48:39][EMERALD] [7011] ? NIV-813BC23E6821BA38 | BASKET | HIDDEN_HALO | PAVE | GOLD | KT_18 | 1ct | imgs:3
[04:48:43][EMERALD] [7012] ? NIV-813BC23E6821BA38 | BASKET | HIDDEN_HALO | PAVE | GOLD | KT_18 | 1ct | imgs:3
[04:48:47][EMERALD] [7013] ? NIV-A38737B34A93D078 | BASKET | HIDDEN_HALO | PAVE | GOLD | KT_18 | 1ct | imgs:1
[04:48:51][EMERALD] [7014] ? NIV-A38737B34A93D078 | BASKET | HIDDEN_HALO | PAVE | GOLD | KT_18 | 1ct | imgs:3
[04:48:57][EMERALD] [7015] ? NIV-A38737B34A93D078 | BASKET | HIDDEN_HALO | PAVE | GOLD | KT_18 | 1ct | imgs:3
[04:49:03][EMERALD] [7016] ? NIV-14AF1A763A345983 | BASKET | HIDDEN_HALO | PAVE | GOLD | KT_18 | 1ct | imgs:1
[04:49:07][EMERALD] [7017] ? NIV-14AF1A763A345983 | BASKET | HIDDEN_HALO | PAVE | GOLD | KT_18 | 1ct | imgs:3
[04:49:12][EMERALD] [7018] ? NIV-14AF1A763A345983 | BASKET | HIDDEN_HALO | PAVE | GOLD | KT_18 | 1ct | imgs:3
[04:49:15][EMERALD] [7019] ? NIV-266BAB122828B2B7 | BASKET | HIDDEN_HALO | PAVE | PLATINUM | PT_950 | 1ct | imgs:3
[04:49:29][EMERALD] [7020] ? NIV-1056E15F4E285886 | BASKET | HIDDEN_HALO | PAVE | GOLD | KT_10 | 1ct | imgs:2
[04:49:33][EMERALD] [7021] ? NIV-1056E15F4E285886 | BASKET | HIDDEN_HALO | PAVE | GOLD | KT_10 | 1ct | imgs:3
[04:49:39][EMERALD] [7022] ? NIV-1056E15F4E285886 | BASKET | HIDDEN_HALO | PAVE | GOLD | KT_10 | 1ct | imgs:3
[04:49:42][EMERALD] [7023] ? NIV-E7F9F69BEFE72E04 | BASKET | HIDDEN_HALO | PAVE | GOLD | KT_10 | 1ct | imgs:3
[04:49:46][EMERALD] [7024] ? NIV-E7F9F69BEFE72E04 | BASKET | HIDDEN_HALO | PAVE | GOLD | KT_10 | 1ct | imgs:3
[04:49:51][EMERALD] [7025] ? NIV-E7F9F69BEFE72E04 | BASKET | HIDDEN_HALO | PAVE | GOLD | KT_10 | 1ct | imgs:3
[04:49:54][EMERALD] [7026] ? NIV-8531232BC9578CA4 | BASKET | HIDDEN_HALO | PAVE | GOLD | KT_10 | 1ct | imgs:3
[04:50:00][EMERALD] [7027] ? NIV-8531232BC9578CA4 | BASKET | HIDDEN_HALO | PAVE | GOLD | KT_10 | 1ct | imgs:3
[04:50:06][EMERALD] [7028] ? NIV-8531232BC9578CA4 | BASKET | HIDDEN_HALO | PAVE | GOLD | KT_10 | 1ct | imgs:3
[04:50:10][EMERALD] [7029] ? NIV-CEDAEAA4A7B94419 | BASKET | HIDDEN_HALO | PAVE | GOLD | KT_14 | 1ct | imgs:1
[04:50:15][EMERALD] [7030] ? NIV-CEDAEAA4A7B94419 | BASKET | HIDDEN_HALO | PAVE | GOLD | KT_14 | 1ct | imgs:3
[04:50:21][EMERALD] [7031] ? NIV-CEDAEAA4A7B94419 | BASKET | HIDDEN_HALO | PAVE | GOLD | KT_14 | 1ct | imgs:3
[04:50:24][EMERALD] [7032] ? NIV-B411B5BBCC37C9E7 | BASKET | HIDDEN_HALO | PAVE | GOLD | KT_14 | 1ct | imgs:3
[04:50:30][EMERALD] [7033] ? NIV-B411B5BBCC37C9E7 | BASKET | HIDDEN_HALO | PAVE | GOLD | KT_14 | 1ct | imgs:3
[04:50:36][EMERALD] [7034] ? NIV-B411B5BBCC37C9E7 | BASKET | HIDDEN_HALO | PAVE | GOLD | KT_14 | 1ct | imgs:3
[04:50:39][EMERALD] [7035] ? NIV-C984C448686CF929 | BASKET | HIDDEN_HALO | PAVE | GOLD | KT_14 | 1ct | imgs:3
[04:50:42][EMERALD] [7036] ? NIV-C984C448686CF929 | BASKET | HIDDEN_HALO | PAVE | GOLD | KT_14 | 1ct | imgs:3
[04:50:48][EMERALD] [7037] ? NIV-C984C448686CF929 | BASKET | HIDDEN_HALO | PAVE | GOLD | KT_14 | 1ct | imgs:3
[04:50:54][EMERALD] [7038] ? NIV-DD89046AED58174E | BASKET | HIDDEN_HALO | PAVE | GOLD | KT_18 | 1ct | imgs:3
[04:51:00][EMERALD] [7039] ? NIV-DD89046AED58174E | BASKET | HIDDEN_HALO | PAVE | GOLD | KT_18 | 1ct | imgs:3
[04:51:06][EMERALD] [7040] ? NIV-DD89046AED58174E | BASKET | HIDDEN_HALO | PAVE | GOLD | KT_18 | 1ct | imgs:3
[04:51:11][EMERALD] [7041] ? NIV-36FFF4569DF685A3 | BASKET | HIDDEN_HALO | PAVE | GOLD | KT_18 | 1ct | imgs:1
[04:51:15][EMERALD] [7042] ? NIV-36FFF4569DF685A3 | BASKET | HIDDEN_HALO | PAVE | GOLD | KT_18 | 1ct | imgs:3
[04:51:18][EMERALD] [7043] ? NIV-36FFF4569DF685A3 | BASKET | HIDDEN_HALO | PAVE | GOLD | KT_18 | 1ct | imgs:3
[04:51:21][EMERALD] [7044] ? NIV-35CFACCA0A73350F | BASKET | HIDDEN_HALO | PAVE | GOLD | KT_18 | 1ct | imgs:3
[04:51:27][EMERALD] [7045] ? NIV-35CFACCA0A73350F | BASKET | HIDDEN_HALO | PAVE | GOLD | KT_18 | 1ct | imgs:3
[04:51:33][EMERALD] [7046] ? NIV-35CFACCA0A73350F | BASKET | HIDDEN_HALO | PAVE | GOLD | KT_18 | 1ct | imgs:3
[04:51:36][EMERALD] [7047] ? NIV-9E66CA02B6046E50 | BASKET | HIDDEN_HALO | PAVE | PLATINUM | PT_950 | 1ct | imgs:3
[04:51:42][EMERALD] [7048] ? NIV-0E8832A021C13BAF | BASKET | HIDDEN_HALO | PAVE | GOLD | KT_10 | 1ct | imgs:3
[04:51:48][EMERALD] [7049] ? NIV-0E8832A021C13BAF | BASKET | HIDDEN_HALO | PAVE | GOLD | KT_10 | 1ct | imgs:3
[04:51:54][EMERALD] [7050] ? NIV-0E8832A021C13BAF | BASKET | HIDDEN_HALO | PAVE | GOLD | KT_10 | 1ct | imgs:3
[04:51:58][EMERALD] [7051] ? NIV-A19CDC7EEC3D5DA0 | BASKET | HIDDEN_HALO | PAVE | GOLD | KT_10 | 1ct | imgs:1
[04:52:03][EMERALD] [7052] ? NIV-A19CDC7EEC3D5DA0 | BASKET | HIDDEN_HALO | PAVE | GOLD | KT_10 | 1ct | imgs:3
[04:52:09][EMERALD] [7053] ? NIV-A19CDC7EEC3D5DA0 | BASKET | HIDDEN_HALO | PAVE | GOLD | KT_10 | 1ct | imgs:3
[04:52:12][EMERALD] [7054] ? NIV-71D010D7131D92FC | BASKET | HIDDEN_HALO | PAVE | GOLD | KT_10 | 1ct | imgs:3
[04:52:18][EMERALD] [7055] ? NIV-71D010D7131D92FC | BASKET | HIDDEN_HALO | PAVE | GOLD | KT_10 | 1ct | imgs:3
[04:52:24][EMERALD] [7056] ? NIV-71D010D7131D92FC | BASKET | HIDDEN_HALO | PAVE | GOLD | KT_10 | 1ct | imgs:3
[04:52:30][EMERALD] [7057] ? NIV-378031988FC9F16E | BASKET | HIDDEN_HALO | PAVE | GOLD | KT_14 | 1ct | imgs:3
[04:52:36][EMERALD] [7058] ? NIV-378031988FC9F16E | BASKET | HIDDEN_HALO | PAVE | GOLD | KT_14 | 1ct | imgs:3
[04:52:40][EMERALD] [7059] ? NIV-378031988FC9F16E | BASKET | HIDDEN_HALO | PAVE | GOLD | KT_14 | 1ct | imgs:3
[04:52:42][EMERALD] [7060] ? NIV-06EB72E80BE25F69 | BASKET | HIDDEN_HALO | PAVE | GOLD | KT_14 | 1ct | imgs:3
[04:52:48][EMERALD] [7061] ? NIV-06EB72E80BE25F69 | BASKET | HIDDEN_HALO | PAVE | GOLD | KT_14 | 1ct | imgs:3
[04:52:54][EMERALD] [7062] ? NIV-06EB72E80BE25F69 | BASKET | HIDDEN_HALO | PAVE | GOLD | KT_14 | 1ct | imgs:3
[04:52:57][EMERALD] [7063] ? NIV-3B6B2FA5939B5B08 | BASKET | HIDDEN_HALO | PAVE | GOLD | KT_14 | 1ct | imgs:3
[04:53:03][EMERALD] [7064] ? NIV-3B6B2FA5939B5B08 | BASKET | HIDDEN_HALO | PAVE | GOLD | KT_14 | 1ct | imgs:3
[04:53:09][EMERALD] [7065] ? NIV-3B6B2FA5939B5B08 | BASKET | HIDDEN_HALO | PAVE | GOLD | KT_14 | 1ct | imgs:3
[04:53:15][EMERALD] [7066] ? NIV-4BABA90053F58AC3 | BASKET | HIDDEN_HALO | PAVE | GOLD | KT_18 | 1ct | imgs:3
[04:53:21][EMERALD] [7067] ? NIV-4BABA90053F58AC3 | BASKET | HIDDEN_HALO | PAVE | GOLD | KT_18 | 1ct | imgs:3
[04:53:27][EMERALD] [7068] ? NIV-4BABA90053F58AC3 | BASKET | HIDDEN_HALO | PAVE | GOLD | KT_18 | 1ct | imgs:3
[04:53:31][EMERALD] [7069] ? NIV-C614EA116D3B4C10 | BASKET | HIDDEN_HALO | PAVE | GOLD | KT_18 | 1ct | imgs:3
[04:53:36][EMERALD] [7070] ? NIV-C614EA116D3B4C10 | BASKET | HIDDEN_HALO | PAVE | GOLD | KT_18 | 1ct | imgs:3
[04:53:42][EMERALD] [7071] ? NIV-C614EA116D3B4C10 | BASKET | HIDDEN_HALO | PAVE | GOLD | KT_18 | 1ct | imgs:3
[04:53:45][EMERALD] [7072] ? NIV-FFBA51A79D383A2E | BASKET | HIDDEN_HALO | PAVE | GOLD | KT_18 | 1ct | imgs:3
[04:53:51][EMERALD] [7073] ? NIV-FFBA51A79D383A2E | BASKET | HIDDEN_HALO | PAVE | GOLD | KT_18 | 1ct | imgs:3
[04:53:55][EMERALD] [7074] ? NIV-FFBA51A79D383A2E | BASKET | HIDDEN_HALO | PAVE | GOLD | KT_18 | 1ct | imgs:3
[04:53:58][EMERALD] [7075] ? NIV-0494D5780D164832 | BASKET | HIDDEN_HALO | PAVE | PLATINUM | PT_950 | 1ct | imgs:3
[04:54:04][EMERALD] [7076] ? NIV-28E3E3B3021B616B | BASKET | HIDDEN_HALO | PAVE | GOLD | KT_10 | 1ct | imgs:3
[04:54:09][EMERALD] [7077] ? NIV-28E3E3B3021B616B | BASKET | HIDDEN_HALO | PAVE | GOLD | KT_10 | 1ct | imgs:3
[04:54:12][EMERALD] [7078] ? NIV-28E3E3B3021B616B | BASKET | HIDDEN_HALO | PAVE | GOLD | KT_10 | 1ct | imgs:3
[04:54:15][EMERALD] [7079] ? NIV-D5C1A805E1019AC4 | BASKET | HIDDEN_HALO | PAVE | GOLD | KT_10 | 1ct | imgs:3
[04:54:21][EMERALD] [7080] ? NIV-D5C1A805E1019AC4 | BASKET | HIDDEN_HALO | PAVE | GOLD | KT_10 | 1ct | imgs:3
[04:54:28][EMERALD] [7081] ? NIV-D5C1A805E1019AC4 | BASKET | HIDDEN_HALO | PAVE | GOLD | KT_10 | 1ct | imgs:3
[04:54:32][EMERALD] [7082] ? NIV-D217B8C2153EB68C | BASKET | HIDDEN_HALO | PAVE | GOLD | KT_10 | 1ct | imgs:1
[04:54:36][EMERALD] [7083] ? NIV-D217B8C2153EB68C | BASKET | HIDDEN_HALO | PAVE | GOLD | KT_10 | 1ct | imgs:3
[04:54:42][EMERALD] [7084] ? NIV-D217B8C2153EB68C | BASKET | HIDDEN_HALO | PAVE | GOLD | KT_10 | 1ct | imgs:3
[04:54:48][EMERALD] [7085] ? NIV-06F687ECDB4B7822 | BASKET | HIDDEN_HALO | PAVE | GOLD | KT_14 | 1ct | imgs:3
[04:54:55][EMERALD] [7086] ? NIV-06F687ECDB4B7822 | BASKET | HIDDEN_HALO | PAVE | GOLD | KT_14 | 1ct | imgs:3
[04:55:00][EMERALD] [7087] ? NIV-06F687ECDB4B7822 | BASKET | HIDDEN_HALO | PAVE | GOLD | KT_14 | 1ct | imgs:3
[04:55:04][EMERALD] [7088] ? NIV-D8A62B8D3E659224 | BASKET | HIDDEN_HALO | PAVE | GOLD | KT_14 | 1ct | imgs:1
[04:55:09][EMERALD] [7089] ? NIV-D8A62B8D3E659224 | BASKET | HIDDEN_HALO | PAVE | GOLD | KT_14 | 1ct | imgs:3
[04:55:12][EMERALD] [7090] ? NIV-D8A62B8D3E659224 | BASKET | HIDDEN_HALO | PAVE | GOLD | KT_14 | 1ct | imgs:3
[04:55:15][EMERALD] [7091] ? NIV-1DC056987E3F7648 | BASKET | HIDDEN_HALO | PAVE | GOLD | KT_14 | 1ct | imgs:3
[04:55:19][EMERALD] [7092] ? NIV-1DC056987E3F7648 | BASKET | HIDDEN_HALO | PAVE | GOLD | KT_14 | 1ct | imgs:3
[04:55:24][EMERALD] [7093] ? NIV-1DC056987E3F7648 | BASKET | HIDDEN_HALO | PAVE | GOLD | KT_14 | 1ct | imgs:3
[04:55:30][EMERALD] [7094] ? NIV-3D334C3D60B24C3D | BASKET | HIDDEN_HALO | PAVE | GOLD | KT_18 | 1ct | imgs:3
[04:55:34][EMERALD] [7095] ? NIV-3D334C3D60B24C3D | BASKET | HIDDEN_HALO | PAVE | GOLD | KT_18 | 1ct | imgs:3
[04:55:37][EMERALD] [7096] ? NIV-3D334C3D60B24C3D | BASKET | HIDDEN_HALO | PAVE | GOLD | KT_18 | 1ct | imgs:3
[04:55:40][EMERALD] [7097] ? NIV-E162E477AEADE441 | BASKET | HIDDEN_HALO | PAVE | GOLD | KT_18 | 1ct | imgs:1
[04:55:46][EMERALD] [7098] ? NIV-E162E477AEADE441 | BASKET | HIDDEN_HALO | PAVE | GOLD | KT_18 | 1ct | imgs:3
[04:55:51][EMERALD] [7099] ? NIV-E162E477AEADE441 | BASKET | HIDDEN_HALO | PAVE | GOLD | KT_18 | 1ct | imgs:3
[04:55:55][EMERALD] [7100] ? NIV-E84DC4BA79CDE541 | BASKET | HIDDEN_HALO | PAVE | GOLD | KT_18 | 1ct | imgs:1
[04:56:01][EMERALD] [7101] ? NIV-E84DC4BA79CDE541 | BASKET | HIDDEN_HALO | PAVE | GOLD | KT_18 | 1ct | imgs:3
[04:56:06][EMERALD] [7102] ? NIV-E84DC4BA79CDE541 | BASKET | HIDDEN_HALO | PAVE | GOLD | KT_18 | 1ct | imgs:3
[04:56:10][EMERALD] [7103] ? NIV-FF4CC8D3EB7FF0E3 | BASKET | HIDDEN_HALO | PAVE | PLATINUM | PT_950 | 1ct | imgs:3
[04:56:18][EMERALD] [7104] ? NIV-22BCCA995FA22E2D | BASKET | HIDDEN_HALO | PAVE | GOLD | KT_10 | 1ct | imgs:1
[04:56:22][EMERALD] [7105] ? NIV-22BCCA995FA22E2D | BASKET | HIDDEN_HALO | PAVE | GOLD | KT_10 | 1ct | imgs:3
[04:56:27][EMERALD] [7106] ? NIV-22BCCA995FA22E2D | BASKET | HIDDEN_HALO | PAVE | GOLD | KT_10 | 1ct | imgs:3
[04:56:30][EMERALD] [7107] ? NIV-22D3C43C7EF8FB67 | BASKET | HIDDEN_HALO | PAVE | GOLD | KT_10 | 1ct | imgs:3
[04:56:36][EMERALD] [7108] ? NIV-22D3C43C7EF8FB67 | BASKET | HIDDEN_HALO | PAVE | GOLD | KT_10 | 1ct | imgs:3
[04:56:42][EMERALD] [7109] ? NIV-22D3C43C7EF8FB67 | BASKET | HIDDEN_HALO | PAVE | GOLD | KT_10 | 1ct | imgs:3
[04:56:46][EMERALD] [7110] ? NIV-5DB09BA38035FF5D | BASKET | HIDDEN_HALO | PAVE | GOLD | KT_10 | 1ct | imgs:1
[04:56:51][EMERALD] [7111] ? NIV-5DB09BA38035FF5D | BASKET | HIDDEN_HALO | PAVE | GOLD | KT_10 | 1ct | imgs:3
[04:56:57][EMERALD] [7112] ? NIV-5DB09BA38035FF5D | BASKET | HIDDEN_HALO | PAVE | GOLD | KT_10 | 1ct | imgs:3
[04:57:03][EMERALD] [7113] ? NIV-93E2521DC073C70A | BASKET | HIDDEN_HALO | PAVE | GOLD | KT_14 | 1ct | imgs:3
[04:57:07][EMERALD] [7114] ? NIV-93E2521DC073C70A | BASKET | HIDDEN_HALO | PAVE | GOLD | KT_14 | 1ct | imgs:3
[04:57:12][EMERALD] [7115] ? NIV-93E2521DC073C70A | BASKET | HIDDEN_HALO | PAVE | GOLD | KT_14 | 1ct | imgs:3
[04:57:15][EMERALD] [7116] ? NIV-8CD91940E77FC410 | BASKET | HIDDEN_HALO | PAVE | GOLD | KT_14 | 1ct | imgs:3
[04:57:18][EMERALD] [7117] ? NIV-8CD91940E77FC410 | BASKET | HIDDEN_HALO | PAVE | GOLD | KT_14 | 1ct | imgs:3
[04:57:24][EMERALD] [7118] ? NIV-8CD91940E77FC410 | BASKET | HIDDEN_HALO | PAVE | GOLD | KT_14 | 1ct | imgs:3
[04:57:27][EMERALD] [7119] ? NIV-8A04966D0BC63883 | BASKET | HIDDEN_HALO | PAVE | GOLD | KT_14 | 1ct | imgs:3
[04:57:30][EMERALD] [7120] ? NIV-8A04966D0BC63883 | BASKET | HIDDEN_HALO | PAVE | GOLD | KT_14 | 1ct | imgs:3
[04:57:36][EMERALD] [7121] ? NIV-8A04966D0BC63883 | BASKET | HIDDEN_HALO | PAVE | GOLD | KT_14 | 1ct | imgs:3
[04:57:39][EMERALD] [7122] ? NIV-6B719B624AF2DE51 | BASKET | HIDDEN_HALO | PAVE | GOLD | KT_18 | 1ct | imgs:3
[04:57:43][EMERALD] [7123] ? NIV-6B719B624AF2DE51 | BASKET | HIDDEN_HALO | PAVE | GOLD | KT_18 | 1ct | imgs:3
[04:57:48][EMERALD] [7124] ? NIV-6B719B624AF2DE51 | BASKET | HIDDEN_HALO | PAVE | GOLD | KT_18 | 1ct | imgs:3
[04:57:51][EMERALD] [7125] ? NIV-FC3CA42059051E24 | BASKET | HIDDEN_HALO | PAVE | GOLD | KT_18 | 1ct | imgs:3
[04:57:55][EMERALD] [7126] ? NIV-FC3CA42059051E24 | BASKET | HIDDEN_HALO | PAVE | GOLD | KT_18 | 1ct | imgs:3
[04:58:00][EMERALD] [7127] ? NIV-FC3CA42059051E24 | BASKET | HIDDEN_HALO | PAVE | GOLD | KT_18 | 1ct | imgs:3
[04:58:03][EMERALD] [7128] ? NIV-1A587DF2B9B28507 | BASKET | HIDDEN_HALO | PAVE | GOLD | KT_18 | 1ct | imgs:3
[04:58:09][EMERALD] [7129] ? NIV-1A587DF2B9B28507 | BASKET | HIDDEN_HALO | PAVE | GOLD | KT_18 | 1ct | imgs:3
[04:58:15][EMERALD] [7130] ? NIV-1A587DF2B9B28507 | BASKET | HIDDEN_HALO | PAVE | GOLD | KT_18 | 1ct | imgs:3
[04:58:19][EMERALD] [7131] ? NIV-F0C5C3ADF0412E6D | BASKET | HIDDEN_HALO | PAVE | PLATINUM | PT_950 | 1ct | imgs:1
[04:58:24][EMERALD] [7132] ? NIV-910D397D65B07A9E | BASKET | HIDDEN_HALO | PAVE | GOLD | KT_10 | 1ct | imgs:3
[04:58:28][EMERALD] [7133] ? NIV-910D397D65B07A9E | BASKET | HIDDEN_HALO | PAVE | GOLD | KT_10 | 1ct | imgs:3
[04:58:31][EMERALD] [7134] ? NIV-910D397D65B07A9E | BASKET | HIDDEN_HALO | PAVE | GOLD | KT_10 | 1ct | imgs:3
[04:58:35][EMERALD] [7135] ? NIV-8CFF01F4F7D52D40 | BASKET | HIDDEN_HALO | PAVE | GOLD | KT_10 | 1ct | imgs:1
[04:58:39][EMERALD] [7136] ? NIV-8CFF01F4F7D52D40 | BASKET | HIDDEN_HALO | PAVE | GOLD | KT_10 | 1ct | imgs:3
[04:58:45][EMERALD] [7137] ? NIV-8CFF01F4F7D52D40 | BASKET | HIDDEN_HALO | PAVE | GOLD | KT_10 | 1ct | imgs:3
[04:58:48][EMERALD] [7138] ? NIV-DC81E993AD3D413C | BASKET | HIDDEN_HALO | PAVE | GOLD | KT_10 | 1ct | imgs:3
[04:58:52][EMERALD] [7139] ? NIV-DC81E993AD3D413C | BASKET | HIDDEN_HALO | PAVE | GOLD | KT_10 | 1ct | imgs:3
[04:58:57][EMERALD] [7140] ? NIV-DC81E993AD3D413C | BASKET | HIDDEN_HALO | PAVE | GOLD | KT_10 | 1ct | imgs:3
[04:59:00][EMERALD] [7141] ? NIV-9ACBA2C125922F5A | BASKET | HIDDEN_HALO | PAVE | GOLD | KT_14 | 1ct | imgs:3
[04:59:04][EMERALD] [7142] ? NIV-9ACBA2C125922F5A | BASKET | HIDDEN_HALO | PAVE | GOLD | KT_14 | 1ct | imgs:3
[04:59:09][EMERALD] [7143] ? NIV-9ACBA2C125922F5A | BASKET | HIDDEN_HALO | PAVE | GOLD | KT_14 | 1ct | imgs:3
[04:59:15][EMERALD] [7144] ? NIV-7DFCB28145B4CCE4 | BASKET | HIDDEN_HALO | PAVE | GOLD | KT_14 | 1ct | imgs:1
[04:59:18][EMERALD] [7145] ? NIV-7DFCB28145B4CCE4 | BASKET | HIDDEN_HALO | PAVE | GOLD | KT_14 | 1ct | imgs:3
[04:59:24][EMERALD] [7146] ? NIV-7DFCB28145B4CCE4 | BASKET | HIDDEN_HALO | PAVE | GOLD | KT_14 | 1ct | imgs:3
[04:59:28][EMERALD] [7147] ? NIV-40E4821F6E0382B3 | BASKET | HIDDEN_HALO | PAVE | GOLD | KT_14 | 1ct | imgs:1
[04:59:34][EMERALD] [7148] ? NIV-40E4821F6E0382B3 | BASKET | HIDDEN_HALO | PAVE | GOLD | KT_14 | 1ct | imgs:3
[04:59:39][EMERALD] [7149] ? NIV-40E4821F6E0382B3 | BASKET | HIDDEN_HALO | PAVE | GOLD | KT_14 | 1ct | imgs:3
[04:59:45][EMERALD] [7150] ? NIV-8367CD21E7D54E81 | BASKET | HIDDEN_HALO | PAVE | GOLD | KT_18 | 1ct | imgs:3
[04:59:51][EMERALD] [7151] ? NIV-8367CD21E7D54E81 | BASKET | HIDDEN_HALO | PAVE | GOLD | KT_18 | 1ct | imgs:3
[04:59:58][EMERALD] [7152] ? NIV-8367CD21E7D54E81 | BASKET | HIDDEN_HALO | PAVE | GOLD | KT_18 | 1ct | imgs:3
[05:00:01][EMERALD] [7153] ? NIV-655160D212AEC081 | BASKET | HIDDEN_HALO | PAVE | GOLD | KT_18 | 1ct | imgs:3
[05:00:04][EMERALD] [7154] ? NIV-655160D212AEC081 | BASKET | HIDDEN_HALO | PAVE | GOLD | KT_18 | 1ct | imgs:3
[05:00:09][EMERALD] [7155] ? NIV-655160D212AEC081 | BASKET | HIDDEN_HALO | PAVE | GOLD | KT_18 | 1ct | imgs:3
[05:00:12][EMERALD] [7156] ? NIV-B3C6A23828E58100 | BASKET | HIDDEN_HALO | PAVE | GOLD | KT_18 | 1ct | imgs:3
[05:00:18][EMERALD] [7157] ? NIV-B3C6A23828E58100 | BASKET | HIDDEN_HALO | PAVE | GOLD | KT_18 | 1ct | imgs:3
[05:00:21][EMERALD] [7158] ? NIV-B3C6A23828E58100 | BASKET | HIDDEN_HALO | PAVE | GOLD | KT_18 | 1ct | imgs:3
[05:00:24][EMERALD] [7159] ? NIV-5C9D7ADAF2A18CFA | BASKET | HIDDEN_HALO | PAVE | PLATINUM | PT_950 | 1ct | imgs:3
[05:00:30][EMERALD] [7160] ? NIV-13FD9522A11EF2EE | BASKET | HIDDEN_HALO | PAVE | GOLD | KT_10 | 1ct | imgs:3
[05:00:36][EMERALD] [7161] ? NIV-13FD9522A11EF2EE | BASKET | HIDDEN_HALO | PAVE | GOLD | KT_10 | 1ct | imgs:3
[05:00:42][EMERALD] [7162] ? NIV-13FD9522A11EF2EE | BASKET | HIDDEN_HALO | PAVE | GOLD | KT_10 | 1ct | imgs:3
[05:00:46][EMERALD] [7163] ? NIV-7D36C4401D4D9FAB | BASKET | HIDDEN_HALO | PAVE | GOLD | KT_10 | 1ct | imgs:3
[05:00:51][EMERALD] [7164] ? NIV-7D36C4401D4D9FAB | BASKET | HIDDEN_HALO | PAVE | GOLD | KT_10 | 1ct | imgs:3
[05:00:55][EMERALD] [7165] ? NIV-7D36C4401D4D9FAB | BASKET | HIDDEN_HALO | PAVE | GOLD | KT_10 | 1ct | imgs:3
[05:00:57][EMERALD] [7166] ? NIV-7CDBB58E2418F162 | BASKET | HIDDEN_HALO | PAVE | GOLD | KT_10 | 1ct | imgs:1
[05:01:00][EMERALD] [7167] ? NIV-7CDBB58E2418F162 | BASKET | HIDDEN_HALO | PAVE | GOLD | KT_10 | 1ct | imgs:3
[05:01:06][EMERALD] [7168] ? NIV-7CDBB58E2418F162 | BASKET | HIDDEN_HALO | PAVE | GOLD | KT_10 | 1ct | imgs:3
[05:01:09][EMERALD] [7169] ? NIV-5A1A7318719BD2B0 | BASKET | HIDDEN_HALO | PAVE | GOLD | KT_14 | 1ct | imgs:1
[05:01:15][EMERALD] [7170] ? NIV-5A1A7318719BD2B0 | BASKET | HIDDEN_HALO | PAVE | GOLD | KT_14 | 1ct | imgs:3
[05:01:19][EMERALD] [7171] ? NIV-5A1A7318719BD2B0 | BASKET | HIDDEN_HALO | PAVE | GOLD | KT_14 | 1ct | imgs:3
[05:01:26][EMERALD] [7172] ??  NIV-DEF8C9C6E7B0A2D3 | BASKET | HIDDEN_HALO | PAVE | GOLD | KT_14 | 1ct | imgs:0
[05:01:26][EMERALD]   Re-seleccionando EMERALD (intento 1)
[05:01:27][EMERALD]   Boton no encontrado ? recargando configurador...
[05:02:03][EMERALD]   Error recargando: Page.wait_for_selector: Timeout 30000ms exceeded.
Call log:
  - waiting for locator("button[data-automation-id=\"center-stone-shape-EMERALD\"]") to be visible

[05:02:03][EMERALD]   Re-seleccionando EMERALD (intento 2)
[05:02:03][EMERALD]   Boton no encontrado ? recargando configurador...
[05:02:39][EMERALD]   Error recargando: Page.wait_for_selector: Timeout 30000ms exceeded.
Call log:
  - waiting for locator("button[data-automation-id=\"center-stone-shape-EMERALD\"]") to be visible

[05:02:39][EMERALD]   Re-seleccionando EMERALD (intento 3)
[05:02:39][EMERALD]   Boton no encontrado ? recargando configurador...
[05:03:18][EMERALD]   Error recargando: Page.wait_for_selector: Timeout 30000ms exceeded.
Call log:
  - waiting for locator("button[data-automation-id=\"center-stone-shape-EMERALD\"]") to be visible

[05:03:18][EMERALD]   Re-seleccionando EMERALD (intento 4)
[05:03:18][EMERALD]   Boton no encontrado ? recargando configurador...
[05:03:42][EMERALD]   Re-seleccionando EMERALD (intento 5)
[05:03:47][EMERALD] [7173] ? NIV-5F5A857F33EF336D | BASKET | HIDDEN_HALO | PAVE | GOLD | KT_14 | 1ct | imgs:3
[05:03:50][EMERALD] [7174] ? NIV-0617BAFFC8F22085 | BASKET | HIDDEN_HALO | PAVE | GOLD | KT_14 | 1ct | imgs:3
[05:04:00][EMERALD] [7175] ? NIV-29DD8E52D3103B43 | BASKET | HIDDEN_HALO | PAVE | GOLD | KT_14 | 1ct | imgs:1
[05:04:05][EMERALD] [7176] ? NIV-022700432B17CE96 | BASKET | HIDDEN_HALO | PAVE | GOLD | KT_14 | 1ct | imgs:1
[05:04:11][EMERALD] [7177] ? NIV-4C58A4FB5312412D | BASKET | HIDDEN_HALO | PAVE | GOLD | KT_14 | 1ct | imgs:3
[05:04:17][EMERALD] [7178] ? NIV-84C7F7530C70F70D | BASKET | HIDDEN_HALO | PAVE | GOLD | KT_18 | 1ct | imgs:1
[05:04:21][EMERALD] [7179] ? NIV-C58B0EAE6D5330BE | BASKET | HIDDEN_HALO | PAVE | GOLD | KT_18 | 1ct | imgs:2
[05:04:33][EMERALD] [7180] ? NIV-EAA574E805638E9C | BASKET | HIDDEN_HALO | PAVE | GOLD | KT_18 | 1ct | imgs:3
[05:04:43][EMERALD] [7181] ? NIV-8E441C273A81DF56 | BASKET | HIDDEN_HALO | PAVE | GOLD | KT_18 | 1ct | imgs:1
[05:04:47][EMERALD] [7182] ? NIV-C3AFBCCBEFFACDF6 | BASKET | HIDDEN_HALO | PAVE | GOLD | KT_18 | 1ct | imgs:1
[05:04:50][EMERALD] [7183] ? NIV-956C60F4CECC038F | BASKET | HIDDEN_HALO | PAVE | GOLD | KT_18 | 1ct | imgs:3
[05:04:53][EMERALD] [7184] ? NIV-D1FAB43C2D1A64D4 | BASKET | HIDDEN_HALO | PAVE | GOLD | KT_18 | 1ct | imgs:3
[05:04:56][EMERALD] [7185] ? NIV-D8A74E718B3EE441 | BASKET | HIDDEN_HALO | PAVE | GOLD | KT_18 | 1ct | imgs:3
[05:04:59][EMERALD] [7186] ? NIV-B24E12D244D82B84 | BASKET | HIDDEN_HALO | PAVE | GOLD | KT_18 | 1ct | imgs:3
[05:05:04][EMERALD] [7187] ? NIV-DE75F99A88EA3D49 | BASKET | HIDDEN_HALO | PAVE | PLATINUM | PT_950 | 1ct | imgs:1
[05:05:09][EMERALD] [7188] ? NIV-CE2B8A8DFBD0AACF | BASKET | KNIFE_EDGE | NONE | GOLD | KT_10 | 1ct | imgs:1
[05:05:14][EMERALD] [7189] ? NIV-CE2B8A8DFBD0AACF | BASKET | KNIFE_EDGE | NONE | GOLD | KT_10 | 1ct | imgs:3
[05:05:20][EMERALD] [7190] ? NIV-CE2B8A8DFBD0AACF | BASKET | KNIFE_EDGE | NONE | GOLD | KT_10 | 1ct | imgs:3
[05:05:25][EMERALD] [7191] ? NIV-A7F53139CD2E17CB | BASKET | KNIFE_EDGE | NONE | GOLD | KT_10 | 1ct | imgs:1
[05:05:29][EMERALD] [7192] ? NIV-A7F53139CD2E17CB | BASKET | KNIFE_EDGE | NONE | GOLD | KT_10 | 1ct | imgs:3
[05:05:35][EMERALD] [7193] ? NIV-A7F53139CD2E17CB | BASKET | KNIFE_EDGE | NONE | GOLD | KT_10 | 1ct | imgs:3
[05:05:40][EMERALD] [7194] ? NIV-0FD67BBA4BEEBFA4 | BASKET | KNIFE_EDGE | NONE | GOLD | KT_10 | 1ct | imgs:1
[05:05:44][EMERALD] [7195] ? NIV-0FD67BBA4BEEBFA4 | BASKET | KNIFE_EDGE | NONE | GOLD | KT_10 | 1ct | imgs:3
[05:05:50][EMERALD] [7196] ? NIV-0FD67BBA4BEEBFA4 | BASKET | KNIFE_EDGE | NONE | GOLD | KT_10 | 1ct | imgs:3
[05:05:58][EMERALD] [7197] ? NIV-B40224D9D93B1BD8 | BASKET | KNIFE_EDGE | NONE | GOLD | KT_14 | 1ct | imgs:1
[05:06:02][EMERALD] [7198] ? NIV-B40224D9D93B1BD8 | BASKET | KNIFE_EDGE | NONE | GOLD | KT_14 | 1ct | imgs:3
[05:06:05][EMERALD] [7199] ? NIV-B40224D9D93B1BD8 | BASKET | KNIFE_EDGE | NONE | GOLD | KT_14 | 1ct | imgs:3
[05:06:09][EMERALD] [7200] ? NIV-0A9291A05703A880 | BASKET | KNIFE_EDGE | NONE | GOLD | KT_14 | 1ct | imgs:1
[05:06:14][EMERALD] [7201] ? NIV-0A9291A05703A880 | BASKET | KNIFE_EDGE | NONE | GOLD | KT_14 | 1ct | imgs:3
[05:06:20][EMERALD] [7202] ? NIV-0A9291A05703A880 | BASKET | KNIFE_EDGE | NONE | GOLD | KT_14 | 1ct | imgs:3
[05:06:24][EMERALD] [7203] ? NIV-886184C71E595217 | BASKET | KNIFE_EDGE | NONE | GOLD | KT_14 | 1ct | imgs:1
[05:06:29][EMERALD] [7204] ? NIV-886184C71E595217 | BASKET | KNIFE_EDGE | NONE | GOLD | KT_14 | 1ct | imgs:3
[05:06:35][EMERALD] [7205] ? NIV-886184C71E595217 | BASKET | KNIFE_EDGE | NONE | GOLD | KT_14 | 1ct | imgs:3
[05:06:41][EMERALD] [7206] ? NIV-EE119FACD8D326AE | BASKET | KNIFE_EDGE | NONE | GOLD | KT_18 | 1ct | imgs:1
[05:06:47][EMERALD] [7207] ? NIV-EE119FACD8D326AE | BASKET | KNIFE_EDGE | NONE | GOLD | KT_18 | 1ct | imgs:3
[05:06:53][EMERALD] [7208] ? NIV-EE119FACD8D326AE | BASKET | KNIFE_EDGE | NONE | GOLD | KT_18 | 1ct | imgs:3
[05:06:56][EMERALD] [7209] ? NIV-584A0901181783A4 | BASKET | KNIFE_EDGE | NONE | GOLD | KT_18 | 1ct | imgs:3
[05:06:59][EMERALD] [7210] ? NIV-584A0901181783A4 | BASKET | KNIFE_EDGE | NONE | GOLD | KT_18 | 1ct | imgs:3
[05:07:02][EMERALD] [7211] ? NIV-584A0901181783A4 | BASKET | KNIFE_EDGE | NONE | GOLD | KT_18 | 1ct | imgs:3
[05:07:09][EMERALD] [7212] ? NIV-557DB523B194F677 | BASKET | KNIFE_EDGE | NONE | GOLD | KT_18 | 1ct | imgs:1
[05:07:14][EMERALD] [7213] ? NIV-557DB523B194F677 | BASKET | KNIFE_EDGE | NONE | GOLD | KT_18 | 1ct | imgs:3
[05:07:17][EMERALD] [7214] ? NIV-557DB523B194F677 | BASKET | KNIFE_EDGE | NONE | GOLD | KT_18 | 1ct | imgs:3
[05:07:20][EMERALD] [7215] ? NIV-6ADFBDD95BF7D21C | BASKET | KNIFE_EDGE | NONE | PLATINUM | PT_950 | 1ct | imgs:2
[05:07:29][EMERALD] [7216] ? NIV-FF3353C7403650A9 | BASKET | KNIFE_EDGE | U_PAVE | GOLD | KT_10 | 1ct | imgs:3
[05:07:32][EMERALD] [7217] ? NIV-FF3353C7403650A9 | BASKET | KNIFE_EDGE | U_PAVE | GOLD | KT_10 | 1ct | imgs:3
[05:07:38][EMERALD] [7218] ? NIV-FF3353C7403650A9 | BASKET | KNIFE_EDGE | U_PAVE | GOLD | KT_10 | 1ct | imgs:3
[05:07:41][EMERALD] [7219] ? NIV-14E6591DCEE13D70 | BASKET | KNIFE_EDGE | U_PAVE | GOLD | KT_10 | 1ct | imgs:3
[05:07:47][EMERALD] [7220] ? NIV-14E6591DCEE13D70 | BASKET | KNIFE_EDGE | U_PAVE | GOLD | KT_10 | 1ct | imgs:3
[05:07:53][EMERALD] [7221] ? NIV-14E6591DCEE13D70 | BASKET | KNIFE_EDGE | U_PAVE | GOLD | KT_10 | 1ct | imgs:3
[05:07:59][EMERALD] [7222] ? NIV-410F35369F644B04 | BASKET | KNIFE_EDGE | U_PAVE | GOLD | KT_10 | 1ct | imgs:2
[05:08:05][EMERALD] [7223] ? NIV-410F35369F644B04 | BASKET | KNIFE_EDGE | U_PAVE | GOLD | KT_10 | 1ct | imgs:3
[05:08:11][EMERALD] [7224] ? NIV-410F35369F644B04 | BASKET | KNIFE_EDGE | U_PAVE | GOLD | KT_10 | 1ct | imgs:3
[05:08:14][EMERALD] [7225] ? NIV-FE832FEA223E14D1 | BASKET | KNIFE_EDGE | U_PAVE | GOLD | KT_14 | 1ct | imgs:3
[05:08:20][EMERALD] [7226] ? NIV-FE832FEA223E14D1 | BASKET | KNIFE_EDGE | U_PAVE | GOLD | KT_14 | 1ct | imgs:3
[05:08:23][EMERALD] [7227] ? NIV-FE832FEA223E14D1 | BASKET | KNIFE_EDGE | U_PAVE | GOLD | KT_14 | 1ct | imgs:3
[05:08:26][EMERALD] [7228] ? NIV-0EAF32FD10FD7AB4 | BASKET | KNIFE_EDGE | U_PAVE | GOLD | KT_14 | 1ct | imgs:3
[05:08:32][EMERALD] [7229] ? NIV-0EAF32FD10FD7AB4 | BASKET | KNIFE_EDGE | U_PAVE | GOLD | KT_14 | 1ct | imgs:3
[05:08:35][EMERALD] [7230] ? NIV-0EAF32FD10FD7AB4 | BASKET | KNIFE_EDGE | U_PAVE | GOLD | KT_14 | 1ct | imgs:3
[05:08:38][EMERALD] [7231] ? NIV-F89EE5B7A7342B38 | BASKET | KNIFE_EDGE | U_PAVE | GOLD | KT_14 | 1ct | imgs:1
[05:08:42][EMERALD] [7232] ? NIV-F89EE5B7A7342B38 | BASKET | KNIFE_EDGE | U_PAVE | GOLD | KT_14 | 1ct | imgs:3
[05:08:47][EMERALD] [7233] ? NIV-F89EE5B7A7342B38 | BASKET | KNIFE_EDGE | U_PAVE | GOLD | KT_14 | 1ct | imgs:3
[05:08:55][EMERALD] [7234] ? NIV-AF71863758365E68 | BASKET | KNIFE_EDGE | U_PAVE | GOLD | KT_18 | 1ct | imgs:1
[05:08:59][EMERALD] [7235] ? NIV-AF71863758365E68 | BASKET | KNIFE_EDGE | U_PAVE | GOLD | KT_18 | 1ct | imgs:3
[05:09:02][EMERALD] [7236] ? NIV-AF71863758365E68 | BASKET | KNIFE_EDGE | U_PAVE | GOLD | KT_18 | 1ct | imgs:3
[05:09:05][EMERALD] [7237] ? NIV-AC20629D746273DD | BASKET | KNIFE_EDGE | U_PAVE | GOLD | KT_18 | 1ct | imgs:1
[05:09:11][EMERALD] [7238] ? NIV-AC20629D746273DD | BASKET | KNIFE_EDGE | U_PAVE | GOLD | KT_18 | 1ct | imgs:3
[05:09:17][EMERALD] [7239] ? NIV-AC20629D746273DD | BASKET | KNIFE_EDGE | U_PAVE | GOLD | KT_18 | 1ct | imgs:3
[05:09:22][EMERALD] [7240] ? NIV-7DB97BD11205D557 | BASKET | KNIFE_EDGE | U_PAVE | GOLD | KT_18 | 1ct | imgs:1
[05:09:26][EMERALD] [7241] ? NIV-7DB97BD11205D557 | BASKET | KNIFE_EDGE | U_PAVE | GOLD | KT_18 | 1ct | imgs:3
[05:09:32][EMERALD] [7242] ? NIV-7DB97BD11205D557 | BASKET | KNIFE_EDGE | U_PAVE | GOLD | KT_18 | 1ct | imgs:3
[05:09:38][EMERALD] [7243] ? NIV-EDF102551BC04E9E | BASKET | KNIFE_EDGE | U_PAVE | PLATINUM | PT_950 | 1ct | imgs:3
[05:09:46][EMERALD] [7244] ? NIV-ABED5C9B77407D5E | BASKET | KNIFE_EDGE | U_PAVE | GOLD | KT_10 | 1ct | imgs:1
[05:09:50][EMERALD] [7245] ? NIV-ABED5C9B77407D5E | BASKET | KNIFE_EDGE | U_PAVE | GOLD | KT_10 | 1ct | imgs:3
[05:09:56][EMERALD] [7246] ? NIV-ABED5C9B77407D5E | BASKET | KNIFE_EDGE | U_PAVE | GOLD | KT_10 | 1ct | imgs:3
[05:09:59][EMERALD] [7247] ? NIV-C99B244F7E0163FA | BASKET | KNIFE_EDGE | U_PAVE | GOLD | KT_10 | 1ct | imgs:3
[05:10:05][EMERALD] [7248] ? NIV-C99B244F7E0163FA | BASKET | KNIFE_EDGE | U_PAVE | GOLD | KT_10 | 1ct | imgs:3
[05:10:09][EMERALD] [7249] ? NIV-C99B244F7E0163FA | BASKET | KNIFE_EDGE | U_PAVE | GOLD | KT_10 | 1ct | imgs:3
[05:10:13][EMERALD] [7250] ? NIV-392F17C6E8B2A022 | BASKET | KNIFE_EDGE | U_PAVE | GOLD | KT_10 | 1ct | imgs:1
[05:10:17][EMERALD] [7251] ? NIV-392F17C6E8B2A022 | BASKET | KNIFE_EDGE | U_PAVE | GOLD | KT_10 | 1ct | imgs:3
[05:10:20][EMERALD] [7252] ? NIV-392F17C6E8B2A022 | BASKET | KNIFE_EDGE | U_PAVE | GOLD | KT_10 | 1ct | imgs:3
[05:10:27][EMERALD] [7253] ? NIV-3AF09E779BD1FD98 | BASKET | KNIFE_EDGE | U_PAVE | GOLD | KT_14 | 1ct | imgs:1
[05:10:32][EMERALD] [7254] ? NIV-3AF09E779BD1FD98 | BASKET | KNIFE_EDGE | U_PAVE | GOLD | KT_14 | 1ct | imgs:3
[05:10:35][EMERALD] [7255] ? NIV-3AF09E779BD1FD98 | BASKET | KNIFE_EDGE | U_PAVE | GOLD | KT_14 | 1ct | imgs:3
[05:10:39][EMERALD] [7256] ? NIV-92D362FC8485B75F | BASKET | KNIFE_EDGE | U_PAVE | GOLD | KT_14 | 1ct | imgs:1
[05:10:44][EMERALD] [7257] ? NIV-92D362FC8485B75F | BASKET | KNIFE_EDGE | U_PAVE | GOLD | KT_14 | 1ct | imgs:3
[05:10:50][EMERALD] [7258] ? NIV-92D362FC8485B75F | BASKET | KNIFE_EDGE | U_PAVE | GOLD | KT_14 | 1ct | imgs:3
[05:10:57][EMERALD] [7259] ? NIV-FA910D8E0DA80549 | BASKET | KNIFE_EDGE | U_PAVE | GOLD | KT_14 | 1ct | imgs:1
[05:11:02][EMERALD] [7260] ? NIV-FA910D8E0DA80549 | BASKET | KNIFE_EDGE | U_PAVE | GOLD | KT_14 | 1ct | imgs:3
[05:11:08][EMERALD] [7261] ? NIV-FA910D8E0DA80549 | BASKET | KNIFE_EDGE | U_PAVE | GOLD | KT_14 | 1ct | imgs:3
[05:11:17][EMERALD] [7262] ? NIV-3446D8317DF3DF7F | BASKET | KNIFE_EDGE | U_PAVE | GOLD | KT_18 | 1ct | imgs:1
[05:11:23][EMERALD] [7263] ? NIV-3446D8317DF3DF7F | BASKET | KNIFE_EDGE | U_PAVE | GOLD | KT_18 | 1ct | imgs:3
[05:11:29][EMERALD] [7264] ? NIV-3446D8317DF3DF7F | BASKET | KNIFE_EDGE | U_PAVE | GOLD | KT_18 | 1ct | imgs:3
[05:11:34][EMERALD] [7265] ? NIV-2D72E92D83D703BD | BASKET | KNIFE_EDGE | U_PAVE | GOLD | KT_18 | 1ct | imgs:1
[05:11:38][EMERALD] [7266] ? NIV-2D72E92D83D703BD | BASKET | KNIFE_EDGE | U_PAVE | GOLD | KT_18 | 1ct | imgs:3
[05:11:41][EMERALD] [7267] ? NIV-2D72E92D83D703BD | BASKET | KNIFE_EDGE | U_PAVE | GOLD | KT_18 | 1ct | imgs:3
[05:11:44][EMERALD] [7268] ? NIV-085829ACFCEF5DD8 | BASKET | KNIFE_EDGE | U_PAVE | GOLD | KT_18 | 1ct | imgs:3
[05:11:50][EMERALD] [7269] ? NIV-085829ACFCEF5DD8 | BASKET | KNIFE_EDGE | U_PAVE | GOLD | KT_18 | 1ct | imgs:3
[05:11:53][EMERALD] [7270] ? NIV-085829ACFCEF5DD8 | BASKET | KNIFE_EDGE | U_PAVE | GOLD | KT_18 | 1ct | imgs:3
[05:12:01][EMERALD] [7271] ? NIV-E47DDFAD0820867C | BASKET | KNIFE_EDGE | U_PAVE | PLATINUM | PT_950 | 1ct | imgs:3
[05:12:13][EMERALD] [7272] ? NIV-83AF0E643AF8CC99 | BASKET | KNIFE_EDGE | U_PAVE | GOLD | KT_10 | 1ct | imgs:1
[05:12:17][EMERALD] [7273] ? NIV-83AF0E643AF8CC99 | BASKET | KNIFE_EDGE | U_PAVE | GOLD | KT_10 | 1ct | imgs:3
[05:12:23][EMERALD] [7274] ? NIV-83AF0E643AF8CC99 | BASKET | KNIFE_EDGE | U_PAVE | GOLD | KT_10 | 1ct | imgs:3
[05:12:30][EMERALD] [7275] ? NIV-3C384BE607DD7BD1 | BASKET | KNIFE_EDGE | U_PAVE | GOLD | KT_10 | 1ct | imgs:2
[05:12:35][EMERALD] [7276] ? NIV-3C384BE607DD7BD1 | BASKET | KNIFE_EDGE | U_PAVE | GOLD | KT_10 | 1ct | imgs:3
[05:12:38][EMERALD] [7277] ? NIV-3C384BE607DD7BD1 | BASKET | KNIFE_EDGE | U_PAVE | GOLD | KT_10 | 1ct | imgs:3
[05:12:49][EMERALD] [7278] ??  NIV-3C384BE607DD7BD1 | BASKET | KNIFE_EDGE | U_PAVE | GOLD | KT_10 | 1ct | imgs:0
[05:12:56][EMERALD] [7279] ? NIV-F7200673436BF36E | BASKET | KNIFE_EDGE | U_PAVE | GOLD | KT_10 | 1ct | imgs:1
[05:12:59][EMERALD] [7280] ? NIV-F7200673436BF36E | BASKET | KNIFE_EDGE | U_PAVE | GOLD | KT_10 | 1ct | imgs:3
[05:13:05][EMERALD] [7281] ? NIV-6063C5356CA9CE73 | BASKET | KNIFE_EDGE | U_PAVE | GOLD | KT_14 | 1ct | imgs:3
[05:13:08][EMERALD] [7282] ? NIV-6063C5356CA9CE73 | BASKET | KNIFE_EDGE | U_PAVE | GOLD | KT_14 | 1ct | imgs:3
[05:13:11][EMERALD] [7283] ? NIV-6063C5356CA9CE73 | BASKET | KNIFE_EDGE | U_PAVE | GOLD | KT_14 | 1ct | imgs:3
[05:13:14][EMERALD] [7284] ? NIV-B76B5AAAE5BF6C17 | BASKET | KNIFE_EDGE | U_PAVE | GOLD | KT_14 | 1ct | imgs:3
[05:13:20][EMERALD] [7285] ? NIV-B76B5AAAE5BF6C17 | BASKET | KNIFE_EDGE | U_PAVE | GOLD | KT_14 | 1ct | imgs:3
[05:13:26][EMERALD] [7286] ? NIV-B76B5AAAE5BF6C17 | BASKET | KNIFE_EDGE | U_PAVE | GOLD | KT_14 | 1ct | imgs:3
[05:13:29][EMERALD] [7287] ? NIV-1F746BF050CCE7E5 | BASKET | KNIFE_EDGE | U_PAVE | GOLD | KT_14 | 1ct | imgs:3
[05:13:35][EMERALD] [7288] ? NIV-1F746BF050CCE7E5 | BASKET | KNIFE_EDGE | U_PAVE | GOLD | KT_14 | 1ct | imgs:3
[05:13:41][EMERALD] [7289] ? NIV-1F746BF050CCE7E5 | BASKET | KNIFE_EDGE | U_PAVE | GOLD | KT_14 | 1ct | imgs:3
[05:13:47][EMERALD] [7290] ? NIV-A9975DB3FF09B0CE | BASKET | KNIFE_EDGE | U_PAVE | GOLD | KT_18 | 1ct | imgs:3
[05:13:53][EMERALD] [7291] ? NIV-A9975DB3FF09B0CE | BASKET | KNIFE_EDGE | U_PAVE | GOLD | KT_18 | 1ct | imgs:3
[05:13:56][EMERALD] [7292] ? NIV-A9975DB3FF09B0CE | BASKET | KNIFE_EDGE | U_PAVE | GOLD | KT_18 | 1ct | imgs:3
[05:14:00][EMERALD] [7293] ? NIV-8E297302EA8C7A29 | BASKET | KNIFE_EDGE | U_PAVE | GOLD | KT_18 | 1ct | imgs:3
[05:14:05][EMERALD] [7294] ? NIV-8E297302EA8C7A29 | BASKET | KNIFE_EDGE | U_PAVE | GOLD | KT_18 | 1ct | imgs:3
[05:14:08][EMERALD] [7295] ? NIV-8E297302EA8C7A29 | BASKET | KNIFE_EDGE | U_PAVE | GOLD | KT_18 | 1ct | imgs:3
[05:14:11][EMERALD] [7296] ? NIV-886E3A0704580531 | BASKET | KNIFE_EDGE | U_PAVE | GOLD | KT_18 | 1ct | imgs:3
[05:14:17][EMERALD] [7297] ? NIV-886E3A0704580531 | BASKET | KNIFE_EDGE | U_PAVE | GOLD | KT_18 | 1ct | imgs:3
[05:14:23][EMERALD] [7298] ? NIV-886E3A0704580531 | BASKET | KNIFE_EDGE | U_PAVE | GOLD | KT_18 | 1ct | imgs:3
[05:14:26][EMERALD] [7299] ? NIV-9DB8446CDE685F00 | BASKET | KNIFE_EDGE | U_PAVE | PLATINUM | PT_950 | 1ct | imgs:3
[05:14:35][EMERALD] [7300] ? NIV-7ABBE60E9C815B2A | BASKET | KNIFE_EDGE | U_PAVE | GOLD | KT_10 | 1ct | imgs:3
[05:14:39][EMERALD]   Re-seleccionando EMERALD (intento 1)
[05:14:39][EMERALD]   Boton no encontrado ? recargando configurador...
[05:15:03][EMERALD]   Re-seleccionando EMERALD (intento 2)
[05:15:06][EMERALD] [7301] ? NIV-2976C15504BEA6A1 | BASKET | KNIFE_EDGE | U_PAVE | GOLD | KT_10 | 1ct | imgs:3
[05:15:08][EMERALD] [7302] ? NIV-0617BAFFC8F22085 | BASKET | KNIFE_EDGE | U_PAVE | GOLD | KT_10 | 1ct | imgs:3
[05:15:16][EMERALD] [7303] ? NIV-DFD392AE87D500C9 | BASKET | KNIFE_EDGE | U_PAVE | GOLD | KT_10 | 1ct | imgs:1
[05:15:21][EMERALD] [7304] ? NIV-577E98AEF40A4E55 | BASKET | KNIFE_EDGE | U_PAVE | GOLD | KT_10 | 1ct | imgs:2
[05:15:25][EMERALD] [7305] ? NIV-61FD728ECCFBC03B | BASKET | KNIFE_EDGE | U_PAVE | GOLD | KT_10 | 1ct | imgs:2
[05:15:29][EMERALD] [7306] ? NIV-29DD8E52D3103B43 | BASKET | KNIFE_EDGE | U_PAVE | GOLD | KT_10 | 1ct | imgs:3
[05:15:32][EMERALD] [7307] ? NIV-022700432B17CE96 | BASKET | KNIFE_EDGE | U_PAVE | GOLD | KT_10 | 1ct | imgs:3
[05:15:35][EMERALD] [7308] ? NIV-4C58A4FB5312412D | BASKET | KNIFE_EDGE | U_PAVE | GOLD | KT_10 | 1ct | imgs:3
[05:15:39][EMERALD] [7309] ? NIV-81E6232CCE8CA806 | BASKET | KNIFE_EDGE | U_PAVE | GOLD | KT_14 | 1ct | imgs:3
[05:15:41][EMERALD] [7310] ? NIV-4C3578A90A6059BB | BASKET | KNIFE_EDGE | U_PAVE | GOLD | KT_14 | 1ct | imgs:3
[05:15:45][EMERALD] [7311] ? NIV-E25D858417889171 | BASKET | KNIFE_EDGE | U_PAVE | GOLD | KT_14 | 1ct | imgs:3
[05:15:50][EMERALD] [7312] ? NIV-D858673F8DBD7BA6 | BASKET | KNIFE_EDGE | U_PAVE | GOLD | KT_14 | 1ct | imgs:3
[05:15:53][EMERALD] [7313] ? NIV-E0402D71A5EDBF75 | BASKET | KNIFE_EDGE | U_PAVE | GOLD | KT_14 | 1ct | imgs:3
[05:15:56][EMERALD] [7314] ? NIV-24F4E28AF3790386 | BASKET | KNIFE_EDGE | U_PAVE | GOLD | KT_14 | 1ct | imgs:3
[05:16:02][EMERALD] [7315] ? NIV-EF4553EADC0F27DE | BASKET | KNIFE_EDGE | U_PAVE | GOLD | KT_14 | 1ct | imgs:1
[05:16:07][EMERALD] [7316] ? NIV-001E20217C64FE5F | BASKET | KNIFE_EDGE | U_PAVE | GOLD | KT_14 | 1ct | imgs:1
[05:16:09][EMERALD] [7317] ? NIV-5ACADED7F7C47728 | BASKET | KNIFE_EDGE | U_PAVE | GOLD | KT_14 | 1ct | imgs:3
[05:16:17][EMERALD] [7318] ? NIV-84C7F7530C70F70D | BASKET | KNIFE_EDGE | U_PAVE | GOLD | KT_18 | 1ct | imgs:3
[05:16:20][EMERALD] [7319] ? NIV-C58B0EAE6D5330BE | BASKET | KNIFE_EDGE | U_PAVE | GOLD | KT_18 | 1ct | imgs:3
[05:16:23][EMERALD] [7320] ? NIV-EAA574E805638E9C | BASKET | KNIFE_EDGE | U_PAVE | GOLD | KT_18 | 1ct | imgs:3
[05:16:29][EMERALD] [7321] ? NIV-8E441C273A81DF56 | BASKET | KNIFE_EDGE | U_PAVE | GOLD | KT_18 | 1ct | imgs:3
[05:16:32][EMERALD] [7322] ? NIV-C3AFBCCBEFFACDF6 | BASKET | KNIFE_EDGE | U_PAVE | GOLD | KT_18 | 1ct | imgs:3
[05:16:35][EMERALD] [7323] ? NIV-956C60F4CECC038F | BASKET | KNIFE_EDGE | U_PAVE | GOLD | KT_18 | 1ct | imgs:3
[05:16:38][EMERALD] [7324] ? NIV-D1FAB43C2D1A64D4 | BASKET | KNIFE_EDGE | U_PAVE | GOLD | KT_18 | 1ct | imgs:3
[05:16:41][EMERALD] [7325] ? NIV-D8A74E718B3EE441 | BASKET | KNIFE_EDGE | U_PAVE | GOLD | KT_18 | 1ct | imgs:3
[05:16:44][EMERALD] [7326] ? NIV-B24E12D244D82B84 | BASKET | KNIFE_EDGE | U_PAVE | GOLD | KT_18 | 1ct | imgs:3
[05:16:48][EMERALD] [7327] ? NIV-DE75F99A88EA3D49 | BASKET | KNIFE_EDGE | U_PAVE | PLATINUM | PT_950 | 1ct | imgs:3
[05:16:57][EMERALD] [7328] ? NIV-B22E915376FC6C98 | BASKET | KNIFE_EDGE | BEAD | GOLD | KT_10 | 1ct | imgs:3
[05:17:02][EMERALD] [7329] ? NIV-B22E915376FC6C98 | BASKET | KNIFE_EDGE | BEAD | GOLD | KT_10 | 1ct | imgs:3
[05:17:06][EMERALD] [7330] ? NIV-B22E915376FC6C98 | BASKET | KNIFE_EDGE | BEAD | GOLD | KT_10 | 1ct | imgs:3
[05:17:09][EMERALD] [7331] ? NIV-E87A2C66FDE911AD | BASKET | KNIFE_EDGE | BEAD | GOLD | KT_10 | 1ct | imgs:2
[05:17:14][EMERALD] [7332] ? NIV-E87A2C66FDE911AD | BASKET | KNIFE_EDGE | BEAD | GOLD | KT_10 | 1ct | imgs:3
[05:17:20][EMERALD] [7333] ? NIV-E87A2C66FDE911AD | BASKET | KNIFE_EDGE | BEAD | GOLD | KT_10 | 1ct | imgs:3
[05:17:24][EMERALD] [7334] ? NIV-9C450C522ECDBADD | BASKET | KNIFE_EDGE | BEAD | GOLD | KT_10 | 1ct | imgs:1
[05:17:29][EMERALD] [7335] ? NIV-9C450C522ECDBADD | BASKET | KNIFE_EDGE | BEAD | GOLD | KT_10 | 1ct | imgs:3
[05:17:35][EMERALD] [7336] ? NIV-9C450C522ECDBADD | BASKET | KNIFE_EDGE | BEAD | GOLD | KT_10 | 1ct | imgs:3
[05:17:41][EMERALD] [7337] ? NIV-A321DD0E569D6F43 | BASKET | KNIFE_EDGE | BEAD | GOLD | KT_14 | 1ct | imgs:1
[05:17:47][EMERALD] [7338] ? NIV-A321DD0E569D6F43 | BASKET | KNIFE_EDGE | BEAD | GOLD | KT_14 | 1ct | imgs:3
[05:17:51][EMERALD] [7339] ? NIV-A321DD0E569D6F43 | BASKET | KNIFE_EDGE | BEAD | GOLD | KT_14 | 1ct | imgs:3
[05:17:54][EMERALD] [7340] ? NIV-E980BAE4A2F73B6D | BASKET | KNIFE_EDGE | BEAD | GOLD | KT_14 | 1ct | imgs:1
[05:17:59][EMERALD] [7341] ? NIV-E980BAE4A2F73B6D | BASKET | KNIFE_EDGE | BEAD | GOLD | KT_14 | 1ct | imgs:3
[05:18:03][EMERALD] [7342] ? NIV-E980BAE4A2F73B6D | BASKET | KNIFE_EDGE | BEAD | GOLD | KT_14 | 1ct | imgs:3
[05:18:07][EMERALD] [7343] ? NIV-634D46EE41AC4258 | BASKET | KNIFE_EDGE | BEAD | GOLD | KT_14 | 1ct | imgs:1
[05:18:11][EMERALD] [7344] ? NIV-634D46EE41AC4258 | BASKET | KNIFE_EDGE | BEAD | GOLD | KT_14 | 1ct | imgs:3
[05:18:15][EMERALD] [7345] ? NIV-634D46EE41AC4258 | BASKET | KNIFE_EDGE | BEAD | GOLD | KT_14 | 1ct | imgs:3
[05:18:18][EMERALD] [7346] ? NIV-355688164C6B47CD | BASKET | KNIFE_EDGE | BEAD | GOLD | KT_18 | 1ct | imgs:2
[05:18:23][EMERALD] [7347] ? NIV-355688164C6B47CD | BASKET | KNIFE_EDGE | BEAD | GOLD | KT_18 | 1ct | imgs:3
[05:18:29][EMERALD] [7348] ? NIV-355688164C6B47CD | BASKET | KNIFE_EDGE | BEAD | GOLD | KT_18 | 1ct | imgs:3
[05:18:40][EMERALD] [7349] ??  NIV-355688164C6B47CD | BASKET | KNIFE_EDGE | BEAD | GOLD | KT_18 | 1ct | imgs:0
[05:18:52][EMERALD] [7350] ? NIV-42F9FC9046D74717 | BASKET | KNIFE_EDGE | BEAD | GOLD | KT_18 | 1ct | imgs:1
[05:18:56][EMERALD] [7351] ? NIV-42F9FC9046D74717 | BASKET | KNIFE_EDGE | BEAD | GOLD | KT_18 | 1ct | imgs:3
[05:19:00][EMERALD] [7352] ? NIV-B1F7F3E3B6B8AA50 | BASKET | KNIFE_EDGE | BEAD | GOLD | KT_18 | 1ct | imgs:3
[05:19:03][EMERALD] [7353] ? NIV-B1F7F3E3B6B8AA50 | BASKET | KNIFE_EDGE | BEAD | GOLD | KT_18 | 1ct | imgs:3
[05:19:08][EMERALD] [7354] ? NIV-B1F7F3E3B6B8AA50 | BASKET | KNIFE_EDGE | BEAD | GOLD | KT_18 | 1ct | imgs:3
[05:19:11][EMERALD] [7355] ? NIV-766CB2830C5ADFB7 | BASKET | KNIFE_EDGE | BEAD | PLATINUM | PT_950 | 1ct | imgs:3
[05:19:17][EMERALD] [7356] ? NIV-DCBD696181608E25 | BASKET | KNIFE_EDGE | BEAD | GOLD | KT_10 | 1ct | imgs:3
[05:19:21][EMERALD] [7357] ? NIV-DCBD696181608E25 | BASKET | KNIFE_EDGE | BEAD | GOLD | KT_10 | 1ct | imgs:3
[05:19:26][EMERALD] [7358] ? NIV-DCBD696181608E25 | BASKET | KNIFE_EDGE | BEAD | GOLD | KT_10 | 1ct | imgs:3
[05:19:30][EMERALD] [7359] ? NIV-83D2B4BC36E8FD51 | BASKET | KNIFE_EDGE | BEAD | GOLD | KT_10 | 1ct | imgs:1
[05:19:35][EMERALD] [7360] ? NIV-83D2B4BC36E8FD51 | BASKET | KNIFE_EDGE | BEAD | GOLD | KT_10 | 1ct | imgs:3
[05:19:41][EMERALD] [7361] ? NIV-83D2B4BC36E8FD51 | BASKET | KNIFE_EDGE | BEAD | GOLD | KT_10 | 1ct | imgs:3
[05:19:44][EMERALD] [7362] ? NIV-1CB6B7F5FD32CE07 | BASKET | KNIFE_EDGE | BEAD | GOLD | KT_10 | 1ct | imgs:1
[05:19:48][EMERALD] [7363] ? NIV-1CB6B7F5FD32CE07 | BASKET | KNIFE_EDGE | BEAD | GOLD | KT_10 | 1ct | imgs:3
[05:19:53][EMERALD] [7364] ? NIV-1CB6B7F5FD32CE07 | BASKET | KNIFE_EDGE | BEAD | GOLD | KT_10 | 1ct | imgs:3
[05:19:57][EMERALD] [7365] ? NIV-9B06FD87F7770DC8 | BASKET | KNIFE_EDGE | BEAD | GOLD | KT_14 | 1ct | imgs:3
[05:20:02][EMERALD] [7366] ? NIV-9B06FD87F7770DC8 | BASKET | KNIFE_EDGE | BEAD | GOLD | KT_14 | 1ct | imgs:3
[05:20:08][EMERALD] [7367] ? NIV-9B06FD87F7770DC8 | BASKET | KNIFE_EDGE | BEAD | GOLD | KT_14 | 1ct | imgs:3
[05:20:12][EMERALD] [7368] ? NIV-B140D8B3FB9EC806 | BASKET | KNIFE_EDGE | BEAD | GOLD | KT_14 | 1ct | imgs:1
[05:20:17][EMERALD] [7369] ? NIV-B140D8B3FB9EC806 | BASKET | KNIFE_EDGE | BEAD | GOLD | KT_14 | 1ct | imgs:3
[05:20:21][EMERALD] [7370] ? NIV-B140D8B3FB9EC806 | BASKET | KNIFE_EDGE | BEAD | GOLD | KT_14 | 1ct | imgs:3
[05:20:23][EMERALD] [7371] ? NIV-9E1F61C74DDE3F0C | BASKET | KNIFE_EDGE | BEAD | GOLD | KT_14 | 1ct | imgs:3
[05:20:27][EMERALD] [7372] ? NIV-9E1F61C74DDE3F0C | BASKET | KNIFE_EDGE | BEAD | GOLD | KT_14 | 1ct | imgs:3
[05:20:32][EMERALD] [7373] ? NIV-9E1F61C74DDE3F0C | BASKET | KNIFE_EDGE | BEAD | GOLD | KT_14 | 1ct | imgs:3
[05:20:39][EMERALD] [7374] ? NIV-23235114F9F0E02E | BASKET | KNIFE_EDGE | BEAD | GOLD | KT_18 | 1ct | imgs:1
[05:20:44][EMERALD] [7375] ? NIV-23235114F9F0E02E | BASKET | KNIFE_EDGE | BEAD | GOLD | KT_18 | 1ct | imgs:3
[05:20:48][EMERALD] [7376] ? NIV-23235114F9F0E02E | BASKET | KNIFE_EDGE | BEAD | GOLD | KT_18 | 1ct | imgs:3
[05:20:53][EMERALD] [7377] ? NIV-127F437ABD27CBD4 | BASKET | KNIFE_EDGE | BEAD | GOLD | KT_18 | 1ct | imgs:1
[05:20:56][EMERALD] [7378] ? NIV-127F437ABD27CBD4 | BASKET | KNIFE_EDGE | BEAD | GOLD | KT_18 | 1ct | imgs:3
[05:21:02][EMERALD] [7379] ? NIV-127F437ABD27CBD4 | BASKET | KNIFE_EDGE | BEAD | GOLD | KT_18 | 1ct | imgs:3
[05:21:09][EMERALD] [7380] ? NIV-CCF6EA2B925DE193 | BASKET | KNIFE_EDGE | BEAD | GOLD | KT_18 | 1ct | imgs:1
[05:21:14][EMERALD] [7381] ? NIV-CCF6EA2B925DE193 | BASKET | KNIFE_EDGE | BEAD | GOLD | KT_18 | 1ct | imgs:3
[05:21:20][EMERALD] [7382] ? NIV-CCF6EA2B925DE193 | BASKET | KNIFE_EDGE | BEAD | GOLD | KT_18 | 1ct | imgs:3
[05:21:24][EMERALD] [7383] ? NIV-BA658107281BF914 | BASKET | KNIFE_EDGE | BEAD | PLATINUM | PT_950 | 1ct | imgs:3
[05:21:32][EMERALD] [7384] ? NIV-C70CD74235B93FBB | BASKET | KNIFE_EDGE | BEAD | GOLD | KT_10 | 1ct | imgs:1
[05:21:35][EMERALD] [7385] ? NIV-C70CD74235B93FBB | BASKET | KNIFE_EDGE | BEAD | GOLD | KT_10 | 1ct | imgs:3
[05:21:39][EMERALD] [7386] ? NIV-C70CD74235B93FBB | BASKET | KNIFE_EDGE | BEAD | GOLD | KT_10 | 1ct | imgs:3
[05:21:43][EMERALD] [7387] ? NIV-1DB39D2DA61F00A8 | BASKET | KNIFE_EDGE | BEAD | GOLD | KT_10 | 1ct | imgs:1
[05:21:47][EMERALD] [7388] ? NIV-1DB39D2DA61F00A8 | BASKET | KNIFE_EDGE | BEAD | GOLD | KT_10 | 1ct | imgs:3
[05:21:53][EMERALD] [7389] ? NIV-1DB39D2DA61F00A8 | BASKET | KNIFE_EDGE | BEAD | GOLD | KT_10 | 1ct | imgs:3
[05:21:56][EMERALD] [7390] ? NIV-9A159C5BFD15BB82 | BASKET | KNIFE_EDGE | BEAD | GOLD | KT_10 | 1ct | imgs:3
[05:22:02][EMERALD] [7391] ? NIV-9A159C5BFD15BB82 | BASKET | KNIFE_EDGE | BEAD | GOLD | KT_10 | 1ct | imgs:3
[05:22:06][EMERALD] [7392] ? NIV-9A159C5BFD15BB82 | BASKET | KNIFE_EDGE | BEAD | GOLD | KT_10 | 1ct | imgs:3
[05:22:13][EMERALD] [7393] ? NIV-E700501B4B79FC3E | BASKET | KNIFE_EDGE | BEAD | GOLD | KT_14 | 1ct | imgs:1
[05:22:18][EMERALD] [7394] ? NIV-E700501B4B79FC3E | BASKET | KNIFE_EDGE | BEAD | GOLD | KT_14 | 1ct | imgs:3
[05:22:24][EMERALD] [7395] ? NIV-E700501B4B79FC3E | BASKET | KNIFE_EDGE | BEAD | GOLD | KT_14 | 1ct | imgs:3
[05:22:28][EMERALD] [7396] ? NIV-3C071EB031703182 | BASKET | KNIFE_EDGE | BEAD | GOLD | KT_14 | 1ct | imgs:1
[05:22:32][EMERALD] [7397] ? NIV-3C071EB031703182 | BASKET | KNIFE_EDGE | BEAD | GOLD | KT_14 | 1ct | imgs:3
[05:22:39][EMERALD] [7398] ? NIV-3C071EB031703182 | BASKET | KNIFE_EDGE | BEAD | GOLD | KT_14 | 1ct | imgs:3
[05:22:45][EMERALD] [7399] ? NIV-9B0D5B72D6E16FEF | BASKET | KNIFE_EDGE | BEAD | GOLD | KT_14 | 1ct | imgs:1
[05:22:51][EMERALD] [7400] ? NIV-9B0D5B72D6E16FEF | BASKET | KNIFE_EDGE | BEAD | GOLD | KT_14 | 1ct | imgs:3
[05:22:56][EMERALD] [7401] ? NIV-9B0D5B72D6E16FEF | BASKET | KNIFE_EDGE | BEAD | GOLD | KT_14 | 1ct | imgs:3
[05:23:02][EMERALD] [7402] ? NIV-F4BF73827238F7A0 | BASKET | KNIFE_EDGE | BEAD | GOLD | KT_18 | 1ct | imgs:1
[05:23:08][EMERALD] [7403] ? NIV-F4BF73827238F7A0 | BASKET | KNIFE_EDGE | BEAD | GOLD | KT_18 | 1ct | imgs:3
[05:23:15][EMERALD] [7404] ? NIV-F4BF73827238F7A0 | BASKET | KNIFE_EDGE | BEAD | GOLD | KT_18 | 1ct | imgs:3
[05:23:18][EMERALD] [7405] ? NIV-7CB1EF61EB1F7A4C | BASKET | KNIFE_EDGE | BEAD | GOLD | KT_18 | 1ct | imgs:1
[05:23:23][EMERALD] [7406] ? NIV-7CB1EF61EB1F7A4C | BASKET | KNIFE_EDGE | BEAD | GOLD | KT_18 | 1ct | imgs:3
[05:23:29][EMERALD] [7407] ? NIV-7CB1EF61EB1F7A4C | BASKET | KNIFE_EDGE | BEAD | GOLD | KT_18 | 1ct | imgs:3
[05:23:33][EMERALD] [7408] ? NIV-258D0A56EA0E6A0E | BASKET | KNIFE_EDGE | BEAD | GOLD | KT_18 | 1ct | imgs:1
[05:23:38][EMERALD] [7409] ? NIV-258D0A56EA0E6A0E | BASKET | KNIFE_EDGE | BEAD | GOLD | KT_18 | 1ct | imgs:3
[05:23:44][EMERALD] [7410] ? NIV-258D0A56EA0E6A0E | BASKET | KNIFE_EDGE | BEAD | GOLD | KT_18 | 1ct | imgs:3
[05:23:52][EMERALD] [7411] ? NIV-95C991BE48316A64 | BASKET | KNIFE_EDGE | BEAD | PLATINUM | PT_950 | 1ct | imgs:1
[05:24:00][EMERALD] [7412] ? NIV-D2F331F90F7DBEA6 | BASKET | KNIFE_EDGE | BEAD | GOLD | KT_10 | 1ct | imgs:1
[05:24:05][EMERALD] [7413] ? NIV-D2F331F90F7DBEA6 | BASKET | KNIFE_EDGE | BEAD | GOLD | KT_10 | 1ct | imgs:3
[05:24:09][EMERALD] [7414] ? NIV-D2F331F90F7DBEA6 | BASKET | KNIFE_EDGE | BEAD | GOLD | KT_10 | 1ct | imgs:3
[05:24:11][EMERALD] [7415] ? NIV-2435BE8EEF6BE3BF | BASKET | KNIFE_EDGE | BEAD | GOLD | KT_10 | 1ct | imgs:3
[05:24:17][EMERALD] [7416] ? NIV-2435BE8EEF6BE3BF | BASKET | KNIFE_EDGE | BEAD | GOLD | KT_10 | 1ct | imgs:3
[05:24:23][EMERALD] [7417] ? NIV-2435BE8EEF6BE3BF | BASKET | KNIFE_EDGE | BEAD | GOLD | KT_10 | 1ct | imgs:3
[05:24:28][EMERALD] [7418] ? NIV-98E85A89FDA015B8 | BASKET | KNIFE_EDGE | BEAD | GOLD | KT_10 | 1ct | imgs:1
[05:24:33][EMERALD] [7419] ? NIV-98E85A89FDA015B8 | BASKET | KNIFE_EDGE | BEAD | GOLD | KT_10 | 1ct | imgs:3
[05:24:38][EMERALD] [7420] ? NIV-98E85A89FDA015B8 | BASKET | KNIFE_EDGE | BEAD | GOLD | KT_10 | 1ct | imgs:3
[05:24:44][EMERALD] [7421] ? NIV-A58AE6166D03FCCD | BASKET | KNIFE_EDGE | BEAD | GOLD | KT_14 | 1ct | imgs:3
[05:24:50][EMERALD] [7422] ? NIV-A58AE6166D03FCCD | BASKET | KNIFE_EDGE | BEAD | GOLD | KT_14 | 1ct | imgs:3
[05:24:56][EMERALD] [7423] ? NIV-A58AE6166D03FCCD | BASKET | KNIFE_EDGE | BEAD | GOLD | KT_14 | 1ct | imgs:3
[05:24:59][EMERALD] [7424] ? NIV-CBD51D7260E2B7DC | BASKET | KNIFE_EDGE | BEAD | GOLD | KT_14 | 1ct | imgs:3
[05:25:05][EMERALD] [7425] ? NIV-CBD51D7260E2B7DC | BASKET | KNIFE_EDGE | BEAD | GOLD | KT_14 | 1ct | imgs:3
[05:25:11][EMERALD] [7426] ? NIV-CBD51D7260E2B7DC | BASKET | KNIFE_EDGE | BEAD | GOLD | KT_14 | 1ct | imgs:3
[05:25:15][EMERALD] [7427] ? NIV-8FEFE789974681D0 | BASKET | KNIFE_EDGE | BEAD | GOLD | KT_14 | 1ct | imgs:3
[05:25:20][EMERALD] [7428] ? NIV-8FEFE789974681D0 | BASKET | KNIFE_EDGE | BEAD | GOLD | KT_14 | 1ct | imgs:3
[05:25:26][EMERALD] [7429] ? NIV-8FEFE789974681D0 | BASKET | KNIFE_EDGE | BEAD | GOLD | KT_14 | 1ct | imgs:3
[05:25:32][EMERALD] [7430] ? NIV-E5639693404AA35D | BASKET | KNIFE_EDGE | BEAD | GOLD | KT_18 | 1ct | imgs:3
[05:25:38][EMERALD] [7431] ? NIV-E5639693404AA35D | BASKET | KNIFE_EDGE | BEAD | GOLD | KT_18 | 1ct | imgs:3
[05:25:44][EMERALD] [7432] ? NIV-E5639693404AA35D | BASKET | KNIFE_EDGE | BEAD | GOLD | KT_18 | 1ct | imgs:3
[05:25:51][EMERALD] [7433] ? NIV-E980624B369B404D | BASKET | KNIFE_EDGE | BEAD | GOLD | KT_18 | 1ct | imgs:1
[05:25:54][EMERALD] [7434] ? NIV-E980624B369B404D | BASKET | KNIFE_EDGE | BEAD | GOLD | KT_18 | 1ct | imgs:3
[05:25:59][EMERALD] [7435] ? NIV-E980624B369B404D | BASKET | KNIFE_EDGE | BEAD | GOLD | KT_18 | 1ct | imgs:3
[05:26:02][EMERALD] [7436] ? NIV-655A1E3F6E3B2D86 | BASKET | KNIFE_EDGE | BEAD | GOLD | KT_18 | 1ct | imgs:3
[05:26:08][EMERALD] [7437] ? NIV-655A1E3F6E3B2D86 | BASKET | KNIFE_EDGE | BEAD | GOLD | KT_18 | 1ct | imgs:3
[05:26:14][EMERALD] [7438] ? NIV-655A1E3F6E3B2D86 | BASKET | KNIFE_EDGE | BEAD | GOLD | KT_18 | 1ct | imgs:3
[05:26:17][EMERALD] [7439] ? NIV-65AB76C58348998B | BASKET | KNIFE_EDGE | BEAD | PLATINUM | PT_950 | 1ct | imgs:3
[05:26:23][EMERALD] [7440] ? NIV-CEEA5B55B3BF46A2 | BASKET | KNIFE_EDGE | BEAD | GOLD | KT_10 | 1ct | imgs:3
[05:26:29][EMERALD] [7441] ? NIV-CEEA5B55B3BF46A2 | BASKET | KNIFE_EDGE | BEAD | GOLD | KT_10 | 1ct | imgs:3
[05:26:32][EMERALD] [7442] ? NIV-CEEA5B55B3BF46A2 | BASKET | KNIFE_EDGE | BEAD | GOLD | KT_10 | 1ct | imgs:3
[05:26:35][EMERALD] [7443] ? NIV-19982BCF3236CFD2 | BASKET | KNIFE_EDGE | BEAD | GOLD | KT_10 | 1ct | imgs:3
[05:26:41][EMERALD] [7444] ? NIV-19982BCF3236CFD2 | BASKET | KNIFE_EDGE | BEAD | GOLD | KT_10 | 1ct | imgs:3
[05:26:47][EMERALD] [7445] ? NIV-19982BCF3236CFD2 | BASKET | KNIFE_EDGE | BEAD | GOLD | KT_10 | 1ct | imgs:3
[05:26:50][EMERALD] [7446] ? NIV-FB980E07C6D92382 | BASKET | KNIFE_EDGE | BEAD | GOLD | KT_10 | 1ct | imgs:3
[05:26:54][EMERALD] [7447] ? NIV-FB980E07C6D92382 | BASKET | KNIFE_EDGE | BEAD | GOLD | KT_10 | 1ct | imgs:3
[05:26:57][EMERALD] [7448] ? NIV-FB980E07C6D92382 | BASKET | KNIFE_EDGE | BEAD | GOLD | KT_10 | 1ct | imgs:3
[05:27:04][EMERALD] [7449] ? NIV-3689FEB15D383679 | BASKET | KNIFE_EDGE | BEAD | GOLD | KT_14 | 1ct | imgs:1
[05:27:08][EMERALD] [7450] ? NIV-3689FEB15D383679 | BASKET | KNIFE_EDGE | BEAD | GOLD | KT_14 | 1ct | imgs:3
[05:27:14][EMERALD] [7451] ? NIV-3689FEB15D383679 | BASKET | KNIFE_EDGE | BEAD | GOLD | KT_14 | 1ct | imgs:3
[05:27:25][EMERALD] [7452] ??  NIV-3689FEB15D383679 | BASKET | KNIFE_EDGE | BEAD | GOLD | KT_14 | 1ct | imgs:0
[05:27:38][EMERALD] [7453] ??  NIV-3689FEB15D383679 | BASKET | KNIFE_EDGE | BEAD | GOLD | KT_14 | 1ct | imgs:0
[05:27:49][EMERALD] [7454] ??  NIV-3689FEB15D383679 | BASKET | KNIFE_EDGE | BEAD | GOLD | KT_14 | 1ct | imgs:0
[05:27:51][EMERALD] [7455] ? NIV-4B2924B54D12EED1 | BASKET | KNIFE_EDGE | BEAD | GOLD | KT_14 | 1ct | imgs:3
[05:27:56][EMERALD] [7456] ? NIV-4B2924B54D12EED1 | BASKET | KNIFE_EDGE | BEAD | GOLD | KT_14 | 1ct | imgs:3
[05:28:00][EMERALD] [7457] ? NIV-4B2924B54D12EED1 | BASKET | KNIFE_EDGE | BEAD | GOLD | KT_14 | 1ct | imgs:3
[05:28:07][EMERALD] [7458] ? NIV-A1BC0F48519790CE | BASKET | KNIFE_EDGE | BEAD | GOLD | KT_18 | 1ct | imgs:3
[05:28:11][EMERALD] [7459] ? NIV-A1BC0F48519790CE | BASKET | KNIFE_EDGE | BEAD | GOLD | KT_18 | 1ct | imgs:3
[05:28:17][EMERALD] [7460] ? NIV-A1BC0F48519790CE | BASKET | KNIFE_EDGE | BEAD | GOLD | KT_18 | 1ct | imgs:3
[05:28:21][EMERALD] [7461] ? NIV-8221FDD77C563495 | BASKET | KNIFE_EDGE | BEAD | GOLD | KT_18 | 1ct | imgs:3
[05:28:26][EMERALD] [7462] ? NIV-8221FDD77C563495 | BASKET | KNIFE_EDGE | BEAD | GOLD | KT_18 | 1ct | imgs:3
[05:28:30][EMERALD] [7463] ? NIV-8221FDD77C563495 | BASKET | KNIFE_EDGE | BEAD | GOLD | KT_18 | 1ct | imgs:3
[05:28:32][EMERALD] [7464] ? NIV-5275CDA4C8B0AA64 | BASKET | KNIFE_EDGE | BEAD | GOLD | KT_18 | 1ct | imgs:3
[05:28:36][EMERALD] [7465] ? NIV-5275CDA4C8B0AA64 | BASKET | KNIFE_EDGE | BEAD | GOLD | KT_18 | 1ct | imgs:3
[05:28:41][EMERALD] [7466] ? NIV-5275CDA4C8B0AA64 | BASKET | KNIFE_EDGE | BEAD | GOLD | KT_18 | 1ct | imgs:3
[05:28:44][EMERALD] [7467] ? NIV-2B3AB0AD76165927 | BASKET | KNIFE_EDGE | BEAD | PLATINUM | PT_950 | 1ct | imgs:3
[05:28:50][EMERALD] [7468] ? NIV-712C63BDA2B1CAB6 | BASKET | KNIFE_EDGE | BEAD | GOLD | KT_10 | 1ct | imgs:3
[05:28:56][EMERALD] [7469] ? NIV-712C63BDA2B1CAB6 | BASKET | KNIFE_EDGE | BEAD | GOLD | KT_10 | 1ct | imgs:3
[05:29:00][EMERALD] [7470] ? NIV-712C63BDA2B1CAB6 | BASKET | KNIFE_EDGE | BEAD | GOLD | KT_10 | 1ct | imgs:3
[05:29:02][EMERALD] [7471] ? NIV-745B5EDD76FE47C1 | BASKET | KNIFE_EDGE | BEAD | GOLD | KT_10 | 1ct | imgs:3
[05:29:08][EMERALD] [7472] ? NIV-745B5EDD76FE47C1 | BASKET | KNIFE_EDGE | BEAD | GOLD | KT_10 | 1ct | imgs:3
[05:29:14][EMERALD] [7473] ? NIV-745B5EDD76FE47C1 | BASKET | KNIFE_EDGE | BEAD | GOLD | KT_10 | 1ct | imgs:3
[05:29:18][EMERALD] [7474] ? NIV-D265FB3FB734E64C | BASKET | KNIFE_EDGE | BEAD | GOLD | KT_10 | 1ct | imgs:1
[05:29:23][EMERALD] [7475] ? NIV-D265FB3FB734E64C | BASKET | KNIFE_EDGE | BEAD | GOLD | KT_10 | 1ct | imgs:3
[05:29:29][EMERALD] [7476] ? NIV-D265FB3FB734E64C | BASKET | KNIFE_EDGE | BEAD | GOLD | KT_10 | 1ct | imgs:3
[05:29:35][EMERALD] [7477] ? NIV-D45A99DA1B2AAD6B | BASKET | KNIFE_EDGE | BEAD | GOLD | KT_14 | 1ct | imgs:3
[05:29:41][EMERALD] [7478] ? NIV-D45A99DA1B2AAD6B | BASKET | KNIFE_EDGE | BEAD | GOLD | KT_14 | 1ct | imgs:3
[05:29:47][EMERALD] [7479] ? NIV-D45A99DA1B2AAD6B | BASKET | KNIFE_EDGE | BEAD | GOLD | KT_14 | 1ct | imgs:3
[05:29:51][EMERALD] [7480] ? NIV-469040966A4FA416 | BASKET | KNIFE_EDGE | BEAD | GOLD | KT_14 | 1ct | imgs:3
[05:29:56][EMERALD] [7481] ? NIV-469040966A4FA416 | BASKET | KNIFE_EDGE | BEAD | GOLD | KT_14 | 1ct | imgs:3
[05:30:00][EMERALD] [7482] ? NIV-469040966A4FA416 | BASKET | KNIFE_EDGE | BEAD | GOLD | KT_14 | 1ct | imgs:3
[05:30:02][EMERALD] [7483] ? NIV-B809D59CD77DCA68 | BASKET | KNIFE_EDGE | BEAD | GOLD | KT_14 | 1ct | imgs:3
[05:30:06][EMERALD] [7484] ? NIV-B809D59CD77DCA68 | BASKET | KNIFE_EDGE | BEAD | GOLD | KT_14 | 1ct | imgs:3
[05:30:12][EMERALD] [7485] ? NIV-B809D59CD77DCA68 | BASKET | KNIFE_EDGE | BEAD | GOLD | KT_14 | 1ct | imgs:3
[05:30:19][EMERALD] [7486] ? NIV-13DDC8D4B5BBDA8D | BASKET | KNIFE_EDGE | BEAD | GOLD | KT_18 | 1ct | imgs:1
[05:30:23][EMERALD] [7487] ? NIV-13DDC8D4B5BBDA8D | BASKET | KNIFE_EDGE | BEAD | GOLD | KT_18 | 1ct | imgs:3
[05:30:27][EMERALD] [7488] ? NIV-13DDC8D4B5BBDA8D | BASKET | KNIFE_EDGE | BEAD | GOLD | KT_18 | 1ct | imgs:3
[05:30:33][EMERALD] [7489] ? NIV-4BCE20E20B55AB37 | BASKET | KNIFE_EDGE | BEAD | GOLD | KT_18 | 1ct | imgs:3
[05:30:38][EMERALD] [7490] ? NIV-4BCE20E20B55AB37 | BASKET | KNIFE_EDGE | BEAD | GOLD | KT_18 | 1ct | imgs:3
[05:30:44][EMERALD] [7491] ? NIV-4BCE20E20B55AB37 | BASKET | KNIFE_EDGE | BEAD | GOLD | KT_18 | 1ct | imgs:3
[05:30:48][EMERALD] [7492] ? NIV-F78F6093A7758B38 | BASKET | KNIFE_EDGE | BEAD | GOLD | KT_18 | 1ct | imgs:1
[05:30:51][EMERALD] [7493] ? NIV-F78F6093A7758B38 | BASKET | KNIFE_EDGE | BEAD | GOLD | KT_18 | 1ct | imgs:3
[05:30:56][EMERALD] [7494] ? NIV-F78F6093A7758B38 | BASKET | KNIFE_EDGE | BEAD | GOLD | KT_18 | 1ct | imgs:3
[05:31:00][EMERALD] [7495] ? NIV-6D2DB2D8517A4823 | BASKET | KNIFE_EDGE | BEAD | PLATINUM | PT_950 | 1ct | imgs:3
[05:31:12][EMERALD] [7496] ? NIV-AB28FCA0E35964B6 | BASKET | KNIFE_EDGE | BEAD | GOLD | KT_10 | 1ct | imgs:1
[05:31:18][EMERALD] [7497] ? NIV-AB28FCA0E35964B6 | BASKET | KNIFE_EDGE | BEAD | GOLD | KT_10 | 1ct | imgs:3
[05:31:23][EMERALD] [7498] ? NIV-AB28FCA0E35964B6 | BASKET | KNIFE_EDGE | BEAD | GOLD | KT_10 | 1ct | imgs:3
[05:31:26][EMERALD] [7499] ? NIV-0FBB1C3637AB1C11 | BASKET | KNIFE_EDGE | BEAD | GOLD | KT_10 | 1ct | imgs:3
[05:31:32][EMERALD] [7500] ? NIV-0FBB1C3637AB1C11 | BASKET | KNIFE_EDGE | BEAD | GOLD | KT_10 | 1ct | imgs:3
[05:31:38][EMERALD] [7501] ? NIV-0FBB1C3637AB1C11 | BASKET | KNIFE_EDGE | BEAD | GOLD | KT_10 | 1ct | imgs:3
[05:31:41][EMERALD] [7502] ? NIV-4B6405062CAD615F | BASKET | KNIFE_EDGE | BEAD | GOLD | KT_10 | 1ct | imgs:3
[05:31:47][EMERALD] [7503] ? NIV-4B6405062CAD615F | BASKET | KNIFE_EDGE | BEAD | GOLD | KT_10 | 1ct | imgs:3
[05:31:51][EMERALD] [7504] ? NIV-4B6405062CAD615F | BASKET | KNIFE_EDGE | BEAD | GOLD | KT_10 | 1ct | imgs:3
[05:31:56][EMERALD] [7505] ? NIV-1B363BACC1B945DB | BASKET | KNIFE_EDGE | BEAD | GOLD | KT_14 | 1ct | imgs:3
[05:32:02][EMERALD] [7506] ? NIV-1B363BACC1B945DB | BASKET | KNIFE_EDGE | BEAD | GOLD | KT_14 | 1ct | imgs:3
[05:32:08][EMERALD] [7507] ? NIV-1B363BACC1B945DB | BASKET | KNIFE_EDGE | BEAD | GOLD | KT_14 | 1ct | imgs:3
[05:32:12][EMERALD] [7508] ? NIV-E073821E119C80D7 | BASKET | KNIFE_EDGE | BEAD | GOLD | KT_14 | 1ct | imgs:1
[05:32:15][EMERALD] [7509] ? NIV-E073821E119C80D7 | BASKET | KNIFE_EDGE | BEAD | GOLD | KT_14 | 1ct | imgs:3
[05:32:20][EMERALD] [7510] ? NIV-E073821E119C80D7 | BASKET | KNIFE_EDGE | BEAD | GOLD | KT_14 | 1ct | imgs:3
[05:32:23][EMERALD] [7511] ? NIV-356F5ED0C5EF6B57 | BASKET | KNIFE_EDGE | BEAD | GOLD | KT_14 | 1ct | imgs:3
[05:32:27][EMERALD] [7512] ? NIV-356F5ED0C5EF6B57 | BASKET | KNIFE_EDGE | BEAD | GOLD | KT_14 | 1ct | imgs:3
[05:32:30][EMERALD] [7513] ? NIV-356F5ED0C5EF6B57 | BASKET | KNIFE_EDGE | BEAD | GOLD | KT_14 | 1ct | imgs:3
[05:32:35][EMERALD] [7514] ? NIV-2287CB2833973EB6 | BASKET | KNIFE_EDGE | BEAD | GOLD | KT_18 | 1ct | imgs:3
[05:32:41][EMERALD] [7515] ? NIV-2287CB2833973EB6 | BASKET | KNIFE_EDGE | BEAD | GOLD | KT_18 | 1ct | imgs:3
[05:32:47][EMERALD] [7516] ? NIV-2287CB2833973EB6 | BASKET | KNIFE_EDGE | BEAD | GOLD | KT_18 | 1ct | imgs:3
[05:32:50][EMERALD] [7517] ? NIV-76EFD8D5D955A57A | BASKET | KNIFE_EDGE | BEAD | GOLD | KT_18 | 1ct | imgs:3
[05:32:57][EMERALD] [7518] ? NIV-76EFD8D5D955A57A | BASKET | KNIFE_EDGE | BEAD | GOLD | KT_18 | 1ct | imgs:3
[05:33:02][EMERALD] [7519] ? NIV-76EFD8D5D955A57A | BASKET | KNIFE_EDGE | BEAD | GOLD | KT_18 | 1ct | imgs:3
[05:33:06][EMERALD] [7520] ? NIV-793E4398E5874279 | BASKET | KNIFE_EDGE | BEAD | GOLD | KT_18 | 1ct | imgs:3
[05:33:12][EMERALD] [7521] ? NIV-793E4398E5874279 | BASKET | KNIFE_EDGE | BEAD | GOLD | KT_18 | 1ct | imgs:3
[05:33:18][EMERALD] [7522] ? NIV-793E4398E5874279 | BASKET | KNIFE_EDGE | BEAD | GOLD | KT_18 | 1ct | imgs:3
[05:33:21][EMERALD] [7523] ? NIV-7F4225969AADC9DD | BASKET | KNIFE_EDGE | BEAD | PLATINUM | PT_950 | 1ct | imgs:3
[05:33:26][EMERALD] [7524] ? NIV-0B0EF1463E47058E | BASKET | KNIFE_EDGE | BEAD | GOLD | KT_10 | 1ct | imgs:3
[05:33:30][EMERALD] [7525] ? NIV-0B0EF1463E47058E | BASKET | KNIFE_EDGE | BEAD | GOLD | KT_10 | 1ct | imgs:3
[05:33:33][EMERALD] [7526] ? NIV-0B0EF1463E47058E | BASKET | KNIFE_EDGE | BEAD | GOLD | KT_10 | 1ct | imgs:3
[05:33:36][EMERALD] [7527] ? NIV-6C8924A4095383BE | BASKET | KNIFE_EDGE | BEAD | GOLD | KT_10 | 1ct | imgs:3
[05:33:39][EMERALD] [7528] ? NIV-6C8924A4095383BE | BASKET | KNIFE_EDGE | BEAD | GOLD | KT_10 | 1ct | imgs:3
[05:33:44][EMERALD] [7529] ? NIV-6C8924A4095383BE | BASKET | KNIFE_EDGE | BEAD | GOLD | KT_10 | 1ct | imgs:3
[05:33:48][EMERALD] [7530] ? NIV-5920DD9BBBA81320 | BASKET | KNIFE_EDGE | BEAD | GOLD | KT_10 | 1ct | imgs:1
[05:33:53][EMERALD] [7531] ? NIV-5920DD9BBBA81320 | BASKET | KNIFE_EDGE | BEAD | GOLD | KT_10 | 1ct | imgs:3
[05:33:59][EMERALD] [7532] ? NIV-5920DD9BBBA81320 | BASKET | KNIFE_EDGE | BEAD | GOLD | KT_10 | 1ct | imgs:3
[05:34:03][EMERALD] [7533] ? NIV-C1633F520FF5A093 | BASKET | KNIFE_EDGE | BEAD | GOLD | KT_14 | 1ct | imgs:1
[05:34:09][EMERALD] [7534] ? NIV-C1633F520FF5A093 | BASKET | KNIFE_EDGE | BEAD | GOLD | KT_14 | 1ct | imgs:3
[05:34:14][EMERALD] [7535] ? NIV-C1633F520FF5A093 | BASKET | KNIFE_EDGE | BEAD | GOLD | KT_14 | 1ct | imgs:3
[05:34:21][EMERALD] [7536] ? NIV-A7203B175AEC4F5F | BASKET | KNIFE_EDGE | BEAD | GOLD | KT_14 | 1ct | imgs:1
[05:34:26][EMERALD] [7537] ? NIV-A7203B175AEC4F5F | BASKET | KNIFE_EDGE | BEAD | GOLD | KT_14 | 1ct | imgs:3
[05:34:30][EMERALD] [7538] ? NIV-A7203B175AEC4F5F | BASKET | KNIFE_EDGE | BEAD | GOLD | KT_14 | 1ct | imgs:3
[05:34:33][EMERALD] [7539] ? NIV-A3850FDDD1A51B95 | BASKET | KNIFE_EDGE | BEAD | GOLD | KT_14 | 1ct | imgs:3
[05:34:38][EMERALD] [7540] ? NIV-A3850FDDD1A51B95 | BASKET | KNIFE_EDGE | BEAD | GOLD | KT_14 | 1ct | imgs:3
[05:34:44][EMERALD] [7541] ? NIV-A3850FDDD1A51B95 | BASKET | KNIFE_EDGE | BEAD | GOLD | KT_14 | 1ct | imgs:3
[05:34:51][EMERALD] [7542] ? NIV-71B331A8370AB92F | BASKET | KNIFE_EDGE | BEAD | GOLD | KT_18 | 1ct | imgs:3
[05:34:56][EMERALD] [7543] ? NIV-71B331A8370AB92F | BASKET | KNIFE_EDGE | BEAD | GOLD | KT_18 | 1ct | imgs:3
[05:35:02][EMERALD] [7544] ? NIV-71B331A8370AB92F | BASKET | KNIFE_EDGE | BEAD | GOLD | KT_18 | 1ct | imgs:3
[05:35:05][EMERALD] [7545] ? NIV-72D69B508FAFE41B | BASKET | KNIFE_EDGE | BEAD | GOLD | KT_18 | 1ct | imgs:3
[05:35:09][EMERALD] [7546] ? NIV-72D69B508FAFE41B | BASKET | KNIFE_EDGE | BEAD | GOLD | KT_18 | 1ct | imgs:3
[05:35:14][EMERALD] [7547] ? NIV-72D69B508FAFE41B | BASKET | KNIFE_EDGE | BEAD | GOLD | KT_18 | 1ct | imgs:3
[05:35:17][EMERALD] [7548] ? NIV-F08555DD5CC9D047 | BASKET | KNIFE_EDGE | BEAD | GOLD | KT_18 | 1ct | imgs:3
[05:35:21][EMERALD] [7549] ? NIV-F08555DD5CC9D047 | BASKET | KNIFE_EDGE | BEAD | GOLD | KT_18 | 1ct | imgs:3
[05:35:26][EMERALD] [7550] ? NIV-F08555DD5CC9D047 | BASKET | KNIFE_EDGE | BEAD | GOLD | KT_18 | 1ct | imgs:3
[05:35:29][EMERALD] [7551] ? NIV-B65C0AE4B77D495A | BASKET | KNIFE_EDGE | BEAD | PLATINUM | PT_950 | 1ct | imgs:3
[05:35:35][EMERALD] [7552] ? NIV-6555692DB4A02DD5 | BASKET | KNIFE_EDGE | BEAD | GOLD | KT_10 | 1ct | imgs:3
[05:35:41][EMERALD] [7553] ? NIV-6555692DB4A02DD5 | BASKET | KNIFE_EDGE | BEAD | GOLD | KT_10 | 1ct | imgs:3
[05:35:45][EMERALD] [7554] ? NIV-6555692DB4A02DD5 | BASKET | KNIFE_EDGE | BEAD | GOLD | KT_10 | 1ct | imgs:3
[05:35:51][EMERALD] [7555] ? NIV-49A124DF7C19AFCA | BASKET | KNIFE_EDGE | BEAD | GOLD | KT_10 | 1ct | imgs:1
[05:35:56][EMERALD] [7556] ? NIV-49A124DF7C19AFCA | BASKET | KNIFE_EDGE | BEAD | GOLD | KT_10 | 1ct | imgs:3
[05:36:00][EMERALD] [7557] ? NIV-49A124DF7C19AFCA | BASKET | KNIFE_EDGE | BEAD | GOLD | KT_10 | 1ct | imgs:3
[05:36:02][EMERALD] [7558] ? NIV-026BB9844A6E31EB | BASKET | KNIFE_EDGE | BEAD | GOLD | KT_10 | 1ct | imgs:1
[05:36:06][EMERALD] [7559] ? NIV-026BB9844A6E31EB | BASKET | KNIFE_EDGE | BEAD | GOLD | KT_10 | 1ct | imgs:3
[05:36:11][EMERALD] [7560] ? NIV-026BB9844A6E31EB | BASKET | KNIFE_EDGE | BEAD | GOLD | KT_10 | 1ct | imgs:3
[05:36:14][EMERALD] [7561] ? NIV-EA4403FB5BA1AC3E | BASKET | KNIFE_EDGE | BEAD | GOLD | KT_14 | 1ct | imgs:3
[05:36:18][EMERALD] [7562] ? NIV-EA4403FB5BA1AC3E | BASKET | KNIFE_EDGE | BEAD | GOLD | KT_14 | 1ct | imgs:3
[05:36:23][EMERALD] [7563] ? NIV-EA4403FB5BA1AC3E | BASKET | KNIFE_EDGE | BEAD | GOLD | KT_14 | 1ct | imgs:3
[05:36:34][EMERALD] [7564] ??  NIV-D38F0C827A69DB36 | BASKET | KNIFE_EDGE | BEAD | GOLD | KT_14 | 1ct | imgs:0
[05:36:38][EMERALD] [7565] ? NIV-D38F0C827A69DB36 | BASKET | KNIFE_EDGE | BEAD | GOLD | KT_14 | 1ct | imgs:3
[05:36:42][EMERALD] [7566] ? NIV-D38F0C827A69DB36 | BASKET | KNIFE_EDGE | BEAD | GOLD | KT_14 | 1ct | imgs:3
[05:36:44][EMERALD] [7567] ? NIV-8D05ECCC5BEA8B5E | BASKET | KNIFE_EDGE | BEAD | GOLD | KT_14 | 1ct | imgs:3
[05:36:50][EMERALD] [7568] ? NIV-8D05ECCC5BEA8B5E | BASKET | KNIFE_EDGE | BEAD | GOLD | KT_14 | 1ct | imgs:3
[05:36:54][EMERALD] [7569] ? NIV-8D05ECCC5BEA8B5E | BASKET | KNIFE_EDGE | BEAD | GOLD | KT_14 | 1ct | imgs:3
[05:37:01][EMERALD] [7570] ? NIV-E4C2D385559C1741 | BASKET | KNIFE_EDGE | BEAD | GOLD | KT_18 | 1ct | imgs:1
[05:37:05][EMERALD] [7571] ? NIV-E4C2D385559C1741 | BASKET | KNIFE_EDGE | BEAD | GOLD | KT_18 | 1ct | imgs:3
[05:37:12][EMERALD] [7572] ? NIV-E4C2D385559C1741 | BASKET | KNIFE_EDGE | BEAD | GOLD | KT_18 | 1ct | imgs:3
[05:37:19][EMERALD] [7573] ? NIV-75AE70EA6D123DF3 | BASKET | KNIFE_EDGE | BEAD | GOLD | KT_18 | 1ct | imgs:1
[05:37:24][EMERALD] [7574] ? NIV-75AE70EA6D123DF3 | BASKET | KNIFE_EDGE | BEAD | GOLD | KT_18 | 1ct | imgs:3
[05:37:29][EMERALD] [7575] ? NIV-75AE70EA6D123DF3 | BASKET | KNIFE_EDGE | BEAD | GOLD | KT_18 | 1ct | imgs:3
[05:37:34][EMERALD] [7576] ? NIV-2AA149E4F57AFCC3 | BASKET | KNIFE_EDGE | BEAD | GOLD | KT_18 | 1ct | imgs:1
[05:37:39][EMERALD] [7577] ? NIV-2AA149E4F57AFCC3 | BASKET | KNIFE_EDGE | BEAD | GOLD | KT_18 | 1ct | imgs:3
[05:37:44][EMERALD] [7578] ? NIV-2AA149E4F57AFCC3 | BASKET | KNIFE_EDGE | BEAD | GOLD | KT_18 | 1ct | imgs:3
[05:37:47][EMERALD] [7579] ? NIV-B4C7291153E43F0D | BASKET | KNIFE_EDGE | BEAD | PLATINUM | PT_950 | 1ct | imgs:3
[05:37:57][EMERALD] [7580] ? NIV-B6162543371F06FE | BASKET | KNIFE_EDGE | BEAD | GOLD | KT_10 | 1ct | imgs:3
[05:38:02][EMERALD] [7581] ? NIV-B6162543371F06FE | BASKET | KNIFE_EDGE | BEAD | GOLD | KT_10 | 1ct | imgs:3
[05:38:06][EMERALD] [7582] ? NIV-B6162543371F06FE | BASKET | KNIFE_EDGE | BEAD | GOLD | KT_10 | 1ct | imgs:3
[05:38:09][EMERALD] [7583] ? NIV-592A7567CA9F96A3 | BASKET | KNIFE_EDGE | BEAD | GOLD | KT_10 | 1ct | imgs:1
[05:38:14][EMERALD] [7584] ? NIV-592A7567CA9F96A3 | BASKET | KNIFE_EDGE | BEAD | GOLD | KT_10 | 1ct | imgs:3
[05:38:18][EMERALD] [7585] ? NIV-592A7567CA9F96A3 | BASKET | KNIFE_EDGE | BEAD | GOLD | KT_10 | 1ct | imgs:3
[05:38:20][EMERALD] [7586] ? NIV-4F9BC9F87901204A | BASKET | KNIFE_EDGE | BEAD | GOLD | KT_10 | 1ct | imgs:1
[05:38:27][EMERALD] [7587] ? NIV-4F9BC9F87901204A | BASKET | KNIFE_EDGE | BEAD | GOLD | KT_10 | 1ct | imgs:3
[05:38:32][EMERALD] [7588] ? NIV-4F9BC9F87901204A | BASKET | KNIFE_EDGE | BEAD | GOLD | KT_10 | 1ct | imgs:3
[05:38:39][EMERALD] [7589] ? NIV-9EB9A97E972C61EB | BASKET | KNIFE_EDGE | BEAD | GOLD | KT_14 | 1ct | imgs:1
[05:38:44][EMERALD] [7590] ? NIV-9EB9A97E972C61EB | BASKET | KNIFE_EDGE | BEAD | GOLD | KT_14 | 1ct | imgs:3
[05:38:50][EMERALD] [7591] ? NIV-9EB9A97E972C61EB | BASKET | KNIFE_EDGE | BEAD | GOLD | KT_14 | 1ct | imgs:3
[05:38:56][EMERALD] [7592] ? NIV-A9BB2078C55691DB | BASKET | KNIFE_EDGE | BEAD | GOLD | KT_14 | 1ct | imgs:1
[05:38:59][EMERALD] [7593] ? NIV-A9BB2078C55691DB | BASKET | KNIFE_EDGE | BEAD | GOLD | KT_14 | 1ct | imgs:3
[05:39:05][EMERALD] [7594] ? NIV-A9BB2078C55691DB | BASKET | KNIFE_EDGE | BEAD | GOLD | KT_14 | 1ct | imgs:3
[05:39:08][EMERALD] [7595] ? NIV-11945ABF127B24EE | BASKET | KNIFE_EDGE | BEAD | GOLD | KT_14 | 1ct | imgs:3
[05:39:12][EMERALD] [7596] ? NIV-11945ABF127B24EE | BASKET | KNIFE_EDGE | BEAD | GOLD | KT_14 | 1ct | imgs:3
[05:39:17][EMERALD] [7597] ? NIV-11945ABF127B24EE | BASKET | KNIFE_EDGE | BEAD | GOLD | KT_14 | 1ct | imgs:3
[05:39:21][EMERALD] [7598] ? NIV-6C79B9A7713E3FCF | BASKET | KNIFE_EDGE | BEAD | GOLD | KT_18 | 1ct | imgs:1
[05:39:24][EMERALD] [7599] ? NIV-6C79B9A7713E3FCF | BASKET | KNIFE_EDGE | BEAD | GOLD | KT_18 | 1ct | imgs:3
[05:39:30][EMERALD] [7600] ? NIV-6C79B9A7713E3FCF | BASKET | KNIFE_EDGE | BEAD | GOLD | KT_18 | 1ct | imgs:3
[05:39:35][EMERALD] [7601] ? NIV-58B5DB9A5CFACB59 | BASKET | KNIFE_EDGE | BEAD | GOLD | KT_18 | 1ct | imgs:1
[05:39:38][EMERALD] [7602] ? NIV-58B5DB9A5CFACB59 | BASKET | KNIFE_EDGE | BEAD | GOLD | KT_18 | 1ct | imgs:3
[05:39:42][EMERALD] [7603] ? NIV-58B5DB9A5CFACB59 | BASKET | KNIFE_EDGE | BEAD | GOLD | KT_18 | 1ct | imgs:3
[05:39:47][EMERALD] [7604] ? NIV-AE6D773ADD6FC703 | BASKET | KNIFE_EDGE | BEAD | GOLD | KT_18 | 1ct | imgs:3
[05:39:51][EMERALD] [7605] ? NIV-AE6D773ADD6FC703 | BASKET | KNIFE_EDGE | BEAD | GOLD | KT_18 | 1ct | imgs:3
[05:39:56][EMERALD] [7606] ? NIV-AE6D773ADD6FC703 | BASKET | KNIFE_EDGE | BEAD | GOLD | KT_18 | 1ct | imgs:3
[05:40:00][EMERALD] [7607] ? NIV-D17CAEB23AA8BF29 | BASKET | KNIFE_EDGE | BEAD | PLATINUM | PT_950 | 1ct | imgs:3
[05:40:08][EMERALD] [7608] ? NIV-F620A5CCBD85AA5C | BASKET | KNIFE_EDGE | BEAD | GOLD | KT_10 | 1ct | imgs:3
[05:40:14][EMERALD] [7609] ? NIV-F620A5CCBD85AA5C | BASKET | KNIFE_EDGE | BEAD | GOLD | KT_10 | 1ct | imgs:3
[05:40:20][EMERALD] [7610] ? NIV-F620A5CCBD85AA5C | BASKET | KNIFE_EDGE | BEAD | GOLD | KT_10 | 1ct | imgs:3
[05:40:23][EMERALD] [7611] ? NIV-F8DA608F8AA431D5 | BASKET | KNIFE_EDGE | BEAD | GOLD | KT_10 | 1ct | imgs:3
[05:40:29][EMERALD] [7612] ? NIV-F8DA608F8AA431D5 | BASKET | KNIFE_EDGE | BEAD | GOLD | KT_10 | 1ct | imgs:3
[05:40:35][EMERALD] [7613] ? NIV-F8DA608F8AA431D5 | BASKET | KNIFE_EDGE | BEAD | GOLD | KT_10 | 1ct | imgs:3
[05:40:42][EMERALD] [7614] ? NIV-CB466A3A43DFDDA8 | BASKET | KNIFE_EDGE | BEAD | GOLD | KT_10 | 1ct | imgs:1
[05:40:47][EMERALD] [7615] ? NIV-CB466A3A43DFDDA8 | BASKET | KNIFE_EDGE | BEAD | GOLD | KT_10 | 1ct | imgs:3
[05:40:51][EMERALD] [7616] ? NIV-CB466A3A43DFDDA8 | BASKET | KNIFE_EDGE | BEAD | GOLD | KT_10 | 1ct | imgs:3
[05:40:57][EMERALD] [7617] ? NIV-1E108BAA3EC6027F | BASKET | KNIFE_EDGE | BEAD | GOLD | KT_14 | 1ct | imgs:1
[05:41:02][EMERALD] [7618] ? NIV-1E108BAA3EC6027F | BASKET | KNIFE_EDGE | BEAD | GOLD | KT_14 | 1ct | imgs:3
[05:41:06][EMERALD] [7619] ? NIV-1E108BAA3EC6027F | BASKET | KNIFE_EDGE | BEAD | GOLD | KT_14 | 1ct | imgs:3
[05:41:16][EMERALD] [7620] ??  NIV-1E108BAA3EC6027F | BASKET | KNIFE_EDGE | BEAD | GOLD | KT_14 | 1ct | imgs:0
[05:41:20][EMERALD] [7621] ? NIV-EF4E70E33BCB6381 | BASKET | KNIFE_EDGE | BEAD | GOLD | KT_14 | 1ct | imgs:3
[05:41:26][EMERALD] [7622] ? NIV-EF4E70E33BCB6381 | BASKET | KNIFE_EDGE | BEAD | GOLD | KT_14 | 1ct | imgs:3
[05:41:29][EMERALD] [7623] ? NIV-E28C30A340F903BC | BASKET | KNIFE_EDGE | BEAD | GOLD | KT_14 | 1ct | imgs:3
[05:41:32][EMERALD] [7624] ? NIV-E28C30A340F903BC | BASKET | KNIFE_EDGE | BEAD | GOLD | KT_14 | 1ct | imgs:3
[05:41:36][EMERALD] [7625] ? NIV-E28C30A340F903BC | BASKET | KNIFE_EDGE | BEAD | GOLD | KT_14 | 1ct | imgs:3
[05:41:46][EMERALD] [7626] ? NIV-22A44E017C06C057 | BASKET | KNIFE_EDGE | BEAD | GOLD | KT_18 | 1ct | imgs:1
[05:41:50][EMERALD] [7627] ? NIV-22A44E017C06C057 | BASKET | KNIFE_EDGE | BEAD | GOLD | KT_18 | 1ct | imgs:3
[05:41:53][EMERALD] [7628] ? NIV-22A44E017C06C057 | BASKET | KNIFE_EDGE | BEAD | GOLD | KT_18 | 1ct | imgs:3
[05:42:01][EMERALD] [7629] ? NIV-995420D0EBB8B96E | BASKET | KNIFE_EDGE | BEAD | GOLD | KT_18 | 1ct | imgs:1
[05:42:06][EMERALD] [7630] ? NIV-995420D0EBB8B96E | BASKET | KNIFE_EDGE | BEAD | GOLD | KT_18 | 1ct | imgs:3
[05:42:11][EMERALD] [7631] ? NIV-995420D0EBB8B96E | BASKET | KNIFE_EDGE | BEAD | GOLD | KT_18 | 1ct | imgs:3
[05:42:14][EMERALD] [7632] ? NIV-95C35CFE0EC49374 | BASKET | KNIFE_EDGE | BEAD | GOLD | KT_18 | 1ct | imgs:3
[05:42:18][EMERALD] [7633] ? NIV-95C35CFE0EC49374 | BASKET | KNIFE_EDGE | BEAD | GOLD | KT_18 | 1ct | imgs:3
[05:42:23][EMERALD] [7634] ? NIV-95C35CFE0EC49374 | BASKET | KNIFE_EDGE | BEAD | GOLD | KT_18 | 1ct | imgs:3
[05:42:27][EMERALD] [7635] ? NIV-E9B0E96458FD0A78 | BASKET | KNIFE_EDGE | BEAD | PLATINUM | PT_950 | 1ct | imgs:1
[05:42:32][EMERALD] [7636] ? NIV-F9DBBD0B2A57CDC3 | BASKET | KNIFE_EDGE | BEAD | GOLD | KT_10 | 1ct | imgs:3
[05:42:38][EMERALD] [7637] ? NIV-F9DBBD0B2A57CDC3 | BASKET | KNIFE_EDGE | BEAD | GOLD | KT_10 | 1ct | imgs:3
[05:42:44][EMERALD] [7638] ? NIV-F9DBBD0B2A57CDC3 | BASKET | KNIFE_EDGE | BEAD | GOLD | KT_10 | 1ct | imgs:3
[05:42:48][EMERALD] [7639] ? NIV-E043D35348BAA501 | BASKET | KNIFE_EDGE | BEAD | GOLD | KT_10 | 1ct | imgs:1
[05:42:53][EMERALD] [7640] ? NIV-E043D35348BAA501 | BASKET | KNIFE_EDGE | BEAD | GOLD | KT_10 | 1ct | imgs:3
[05:42:59][EMERALD] [7641] ? NIV-E043D35348BAA501 | BASKET | KNIFE_EDGE | BEAD | GOLD | KT_10 | 1ct | imgs:3
[05:43:03][EMERALD] [7642] ? NIV-19C0039FDEDF4870 | BASKET | KNIFE_EDGE | BEAD | GOLD | KT_10 | 1ct | imgs:3
[05:43:09][EMERALD] [7643] ? NIV-19C0039FDEDF4870 | BASKET | KNIFE_EDGE | BEAD | GOLD | KT_10 | 1ct | imgs:3
[05:43:12][EMERALD] [7644] ? NIV-19C0039FDEDF4870 | BASKET | KNIFE_EDGE | BEAD | GOLD | KT_10 | 1ct | imgs:3
[05:43:16][EMERALD] [7645] ? NIV-DA0B957A48CA8EA5 | BASKET | KNIFE_EDGE | BEAD | GOLD | KT_14 | 1ct | imgs:1
[05:43:21][EMERALD] [7646] ? NIV-DA0B957A48CA8EA5 | BASKET | KNIFE_EDGE | BEAD | GOLD | KT_14 | 1ct | imgs:3
[05:43:26][EMERALD] [7647] ? NIV-DA0B957A48CA8EA5 | BASKET | KNIFE_EDGE | BEAD | GOLD | KT_14 | 1ct | imgs:3
[05:43:33][EMERALD] [7648] ? NIV-72D2CFDC2D34A7E6 | BASKET | KNIFE_EDGE | BEAD | GOLD | KT_14 | 1ct | imgs:1
[05:43:39][EMERALD] [7649] ? NIV-72D2CFDC2D34A7E6 | BASKET | KNIFE_EDGE | BEAD | GOLD | KT_14 | 1ct | imgs:3
[05:43:44][EMERALD] [7650] ? NIV-72D2CFDC2D34A7E6 | BASKET | KNIFE_EDGE | BEAD | GOLD | KT_14 | 1ct | imgs:3
[05:43:48][EMERALD] [7651] ? NIV-CD897648DE5691EF | BASKET | KNIFE_EDGE | BEAD | GOLD | KT_14 | 1ct | imgs:3
[05:43:53][EMERALD] [7652] ? NIV-CD897648DE5691EF | BASKET | KNIFE_EDGE | BEAD | GOLD | KT_14 | 1ct | imgs:3
[05:43:59][EMERALD] [7653] ? NIV-CD897648DE5691EF | BASKET | KNIFE_EDGE | BEAD | GOLD | KT_14 | 1ct | imgs:3
[05:44:03][EMERALD] [7654] ? NIV-00DD13E1EF64DB69 | BASKET | KNIFE_EDGE | BEAD | GOLD | KT_18 | 1ct | imgs:3
[05:44:08][EMERALD] [7655] ? NIV-00DD13E1EF64DB69 | BASKET | KNIFE_EDGE | BEAD | GOLD | KT_18 | 1ct | imgs:3
[05:44:12][EMERALD] [7656] ? NIV-00DD13E1EF64DB69 | BASKET | KNIFE_EDGE | BEAD | GOLD | KT_18 | 1ct | imgs:3
[05:44:15][EMERALD] [7657] ? NIV-E4C056AAFBCBB0B6 | BASKET | KNIFE_EDGE | BEAD | GOLD | KT_18 | 1ct | imgs:3
[05:44:20][EMERALD] [7658] ? NIV-E4C056AAFBCBB0B6 | BASKET | KNIFE_EDGE | BEAD | GOLD | KT_18 | 1ct | imgs:3
[05:44:26][EMERALD] [7659] ? NIV-E4C056AAFBCBB0B6 | BASKET | KNIFE_EDGE | BEAD | GOLD | KT_18 | 1ct | imgs:3
[05:44:37][EMERALD] [7660] ??  NIV-E4C056AAFBCBB0B6 | BASKET | KNIFE_EDGE | BEAD | GOLD | KT_18 | 1ct | imgs:0
[05:44:38][EMERALD]   Re-seleccionando EMERALD (intento 1)
[05:44:38][EMERALD]   Boton no encontrado ? recargando configurador...
[05:45:14][EMERALD]   Error recargando: Page.wait_for_selector: Timeout 30000ms exceeded.
Call log:
  - waiting for locator("button[data-automation-id=\"center-stone-shape-EMERALD\"]") to be visible

[05:45:14][EMERALD]   Re-seleccionando EMERALD (intento 2)
[05:45:14][EMERALD]   Boton no encontrado ? recargando configurador...
[05:45:39][EMERALD]   Re-seleccionando EMERALD (intento 3)
[05:45:42][EMERALD] [7661] ? NIV-5F5A857F33EF336D | BASKET | KNIFE_EDGE | BEAD | GOLD | KT_18 | 1ct | imgs:3
[05:45:52][EMERALD] [7662] ? NIV-0617BAFFC8F22085 | BASKET | KNIFE_EDGE | BEAD | GOLD | KT_18 | 1ct | imgs:3
[05:45:57][EMERALD] [7663] ? NIV-DE75F99A88EA3D49 | BASKET | KNIFE_EDGE | BEAD | PLATINUM | PT_950 | 1ct | imgs:1
[05:46:05][EMERALD] [7664] ? NIV-A4C9FA085D15DB32 | BASKET | KNIFE_EDGE | PAVE | GOLD | KT_10 | 1ct | imgs:1
[05:46:09][EMERALD] [7665] ? NIV-A4C9FA085D15DB32 | BASKET | KNIFE_EDGE | PAVE | GOLD | KT_10 | 1ct | imgs:3
[05:46:15][EMERALD] [7666] ? NIV-A4C9FA085D15DB32 | BASKET | KNIFE_EDGE | PAVE | GOLD | KT_10 | 1ct | imgs:3
[05:46:20][EMERALD] [7667] ? NIV-ED1206114E83A449 | BASKET | KNIFE_EDGE | PAVE | GOLD | KT_10 | 1ct | imgs:1
[05:46:24][EMERALD] [7668] ? NIV-ED1206114E83A449 | BASKET | KNIFE_EDGE | PAVE | GOLD | KT_10 | 1ct | imgs:3
[05:46:27][EMERALD] [7669] ? NIV-ED1206114E83A449 | BASKET | KNIFE_EDGE | PAVE | GOLD | KT_10 | 1ct | imgs:3
[05:46:32][EMERALD] [7670] ? NIV-1FEB8C4CF355B518 | BASKET | KNIFE_EDGE | PAVE | GOLD | KT_10 | 1ct | imgs:3
[05:46:35][EMERALD] [7671] ? NIV-1FEB8C4CF355B518 | BASKET | KNIFE_EDGE | PAVE | GOLD | KT_10 | 1ct | imgs:3
[05:46:39][EMERALD] [7672] ? NIV-1FEB8C4CF355B518 | BASKET | KNIFE_EDGE | PAVE | GOLD | KT_10 | 1ct | imgs:3
[05:46:46][EMERALD] [7673] ? NIV-0FA85225140D532C | BASKET | KNIFE_EDGE | PAVE | GOLD | KT_14 | 1ct | imgs:3
[05:46:51][EMERALD] [7674] ? NIV-0FA85225140D532C | BASKET | KNIFE_EDGE | PAVE | GOLD | KT_14 | 1ct | imgs:3
[05:46:54][EMERALD] [7675] ? NIV-0FA85225140D532C | BASKET | KNIFE_EDGE | PAVE | GOLD | KT_14 | 1ct | imgs:3
[05:47:04][EMERALD] [7676] ??  NIV-0FA85225140D532C | BASKET | KNIFE_EDGE | PAVE | GOLD | KT_14 | 1ct | imgs:0
[05:47:14][EMERALD] [7677] ? NIV-FA642ECB0583865A | BASKET | KNIFE_EDGE | PAVE | GOLD | KT_14 | 1ct | imgs:1
[05:47:18][EMERALD] [7678] ? NIV-FA642ECB0583865A | BASKET | KNIFE_EDGE | PAVE | GOLD | KT_14 | 1ct | imgs:3
[05:47:21][EMERALD] [7679] ? NIV-7543B70FE3D77A5D | BASKET | KNIFE_EDGE | PAVE | GOLD | KT_14 | 1ct | imgs:3
[05:47:26][EMERALD] [7680] ? NIV-7543B70FE3D77A5D | BASKET | KNIFE_EDGE | PAVE | GOLD | KT_14 | 1ct | imgs:3
[05:47:32][EMERALD] [7681] ? NIV-7543B70FE3D77A5D | BASKET | KNIFE_EDGE | PAVE | GOLD | KT_14 | 1ct | imgs:3
[05:47:38][EMERALD] [7682] ? NIV-881AC5DBCE1400DE | BASKET | KNIFE_EDGE | PAVE | GOLD | KT_18 | 1ct | imgs:3
[05:47:42][EMERALD] [7683] ? NIV-881AC5DBCE1400DE | BASKET | KNIFE_EDGE | PAVE | GOLD | KT_18 | 1ct | imgs:3
[05:47:47][EMERALD] [7684] ? NIV-881AC5DBCE1400DE | BASKET | KNIFE_EDGE | PAVE | GOLD | KT_18 | 1ct | imgs:3
[05:47:57][EMERALD] [7685] ? NIV-2F4A12C7DC449BED | BASKET | KNIFE_EDGE | PAVE | GOLD | KT_18 | 1ct | imgs:3
[05:48:03][EMERALD] [7686] ? NIV-2F4A12C7DC449BED | BASKET | KNIFE_EDGE | PAVE | GOLD | KT_18 | 1ct | imgs:3
[05:48:09][EMERALD] [7687] ? NIV-2F4A12C7DC449BED | BASKET | KNIFE_EDGE | PAVE | GOLD | KT_18 | 1ct | imgs:3
[05:48:11][EMERALD] [7688] ? NIV-3DEB5DEF61950AE4 | BASKET | KNIFE_EDGE | PAVE | GOLD | KT_18 | 1ct | imgs:3
[05:48:17][EMERALD] [7689] ? NIV-3DEB5DEF61950AE4 | BASKET | KNIFE_EDGE | PAVE | GOLD | KT_18 | 1ct | imgs:3
[05:48:21][EMERALD] [7690] ? NIV-3DEB5DEF61950AE4 | BASKET | KNIFE_EDGE | PAVE | GOLD | KT_18 | 1ct | imgs:3
[05:48:32][EMERALD] [7691] ??  NIV-3DEB5DEF61950AE4 | BASKET | KNIFE_EDGE | PAVE | PLATINUM | PT_950 | 1ct | imgs:0
[05:48:43][EMERALD] [7692] ??  NIV-3DEB5DEF61950AE4 | BASKET | KNIFE_EDGE | PAVE | GOLD | KT_10 | 1ct | imgs:0
[05:48:59][EMERALD] [7693] ??  NIV-3DEB5DEF61950AE4 | BASKET | KNIFE_EDGE | PAVE | GOLD | KT_10 | 1ct | imgs:0
[05:49:07][EMERALD] [7694] ? NIV-EACFC2A910F67278 | BASKET | KNIFE_EDGE | PAVE | GOLD | KT_10 | 1ct | imgs:1
[05:49:11][EMERALD] [7695] ? NIV-CDA73EC6ACC79D4A | BASKET | KNIFE_EDGE | PAVE | GOLD | KT_10 | 1ct | imgs:3
[05:49:15][EMERALD] [7696] ? NIV-CDA73EC6ACC79D4A | BASKET | KNIFE_EDGE | PAVE | GOLD | KT_10 | 1ct | imgs:3
[05:49:21][EMERALD] [7697] ? NIV-CDA73EC6ACC79D4A | BASKET | KNIFE_EDGE | PAVE | GOLD | KT_10 | 1ct | imgs:3
[05:49:25][EMERALD] [7698] ? NIV-B6454A331291AD17 | BASKET | KNIFE_EDGE | PAVE | GOLD | KT_10 | 1ct | imgs:1
[05:49:30][EMERALD] [7699] ? NIV-B6454A331291AD17 | BASKET | KNIFE_EDGE | PAVE | GOLD | KT_10 | 1ct | imgs:3
[05:49:36][EMERALD] [7700] ? NIV-B6454A331291AD17 | BASKET | KNIFE_EDGE | PAVE | GOLD | KT_10 | 1ct | imgs:3
[05:49:44][EMERALD] [7701] ? NIV-F5FBDD4D7F330CCB | BASKET | KNIFE_EDGE | PAVE | GOLD | KT_14 | 1ct | imgs:1
[05:49:48][EMERALD] [7702] ? NIV-F5FBDD4D7F330CCB | BASKET | KNIFE_EDGE | PAVE | GOLD | KT_14 | 1ct | imgs:3
[05:49:54][EMERALD] [7703] ? NIV-F5FBDD4D7F330CCB | BASKET | KNIFE_EDGE | PAVE | GOLD | KT_14 | 1ct | imgs:3
[05:50:00][EMERALD] [7704] ? NIV-4BED9B82B03F07ED | BASKET | KNIFE_EDGE | PAVE | GOLD | KT_14 | 1ct | imgs:1
[05:50:05][EMERALD] [7705] ? NIV-4BED9B82B03F07ED | BASKET | KNIFE_EDGE | PAVE | GOLD | KT_14 | 1ct | imgs:3
[05:50:09][EMERALD] [7706] ? NIV-4BED9B82B03F07ED | BASKET | KNIFE_EDGE | PAVE | GOLD | KT_14 | 1ct | imgs:3
[05:50:14][EMERALD] [7707] ? NIV-4F5405157337B831 | BASKET | KNIFE_EDGE | PAVE | GOLD | KT_14 | 1ct | imgs:1
[05:50:21][EMERALD] [7708] ? NIV-4F5405157337B831 | BASKET | KNIFE_EDGE | PAVE | GOLD | KT_14 | 1ct | imgs:3
[05:50:27][EMERALD] [7709] ? NIV-4F5405157337B831 | BASKET | KNIFE_EDGE | PAVE | GOLD | KT_14 | 1ct | imgs:3
[05:50:34][EMERALD] [7710] ? NIV-D6CCC36AD63BE9FA | BASKET | KNIFE_EDGE | PAVE | GOLD | KT_18 | 1ct | imgs:1
[05:50:39][EMERALD] [7711] ? NIV-D6CCC36AD63BE9FA | BASKET | KNIFE_EDGE | PAVE | GOLD | KT_18 | 1ct | imgs:3
[05:50:45][EMERALD] [7712] ? NIV-D6CCC36AD63BE9FA | BASKET | KNIFE_EDGE | PAVE | GOLD | KT_18 | 1ct | imgs:3
[05:50:48][EMERALD] [7713] ? NIV-CEF5CCF1F9737A7F | BASKET | KNIFE_EDGE | PAVE | GOLD | KT_18 | 1ct | imgs:3
[05:50:53][EMERALD] [7714] ? NIV-CEF5CCF1F9737A7F | BASKET | KNIFE_EDGE | PAVE | GOLD | KT_18 | 1ct | imgs:3
[05:50:57][EMERALD] [7715] ? NIV-CEF5CCF1F9737A7F | BASKET | KNIFE_EDGE | PAVE | GOLD | KT_18 | 1ct | imgs:3
[05:51:01][EMERALD] [7716] ? NIV-5536DA520BAABCA7 | BASKET | KNIFE_EDGE | PAVE | GOLD | KT_18 | 1ct | imgs:2
[05:51:06][EMERALD] [7717] ? NIV-5536DA520BAABCA7 | BASKET | KNIFE_EDGE | PAVE | GOLD | KT_18 | 1ct | imgs:3
[05:51:12][EMERALD] [7718] ? NIV-5536DA520BAABCA7 | BASKET | KNIFE_EDGE | PAVE | GOLD | KT_18 | 1ct | imgs:3
[05:51:17][EMERALD] [7719] ? NIV-CB12C4992A460434 | BASKET | KNIFE_EDGE | PAVE | PLATINUM | PT_950 | 1ct | imgs:3
[05:51:23][EMERALD] [7720] ? NIV-D739D655FA29EE50 | BASKET | KNIFE_EDGE | PAVE | GOLD | KT_10 | 1ct | imgs:1
[05:51:30][EMERALD] [7721] ? NIV-D739D655FA29EE50 | BASKET | KNIFE_EDGE | PAVE | GOLD | KT_10 | 1ct | imgs:3
[05:51:36][EMERALD] [7722] ? NIV-D739D655FA29EE50 | BASKET | KNIFE_EDGE | PAVE | GOLD | KT_10 | 1ct | imgs:3
[05:51:41][EMERALD] [7723] ? NIV-AB50A5611AFFFEDD | BASKET | KNIFE_EDGE | PAVE | GOLD | KT_10 | 1ct | imgs:3
[05:51:48][EMERALD] [7724] ? NIV-AB50A5611AFFFEDD | BASKET | KNIFE_EDGE | PAVE | GOLD | KT_10 | 1ct | imgs:3
[05:51:54][EMERALD] [7725] ? NIV-AB50A5611AFFFEDD | BASKET | KNIFE_EDGE | PAVE | GOLD | KT_10 | 1ct | imgs:3
[05:51:57][EMERALD] [7726] ? NIV-2DE55A5779EF0FE0 | BASKET | KNIFE_EDGE | PAVE | GOLD | KT_10 | 1ct | imgs:1
[05:52:03][EMERALD] [7727] ? NIV-2DE55A5779EF0FE0 | BASKET | KNIFE_EDGE | PAVE | GOLD | KT_10 | 1ct | imgs:3
[05:52:08][EMERALD] [7728] ? NIV-2DE55A5779EF0FE0 | BASKET | KNIFE_EDGE | PAVE | GOLD | KT_10 | 1ct | imgs:3
[05:52:15][EMERALD] [7729] ? NIV-DA30A394269BF1DD | BASKET | KNIFE_EDGE | PAVE | GOLD | KT_14 | 1ct | imgs:3
[05:52:20][EMERALD] [7730] ? NIV-DA30A394269BF1DD | BASKET | KNIFE_EDGE | PAVE | GOLD | KT_14 | 1ct | imgs:3
[05:52:24][EMERALD] [7731] ? NIV-DA30A394269BF1DD | BASKET | KNIFE_EDGE | PAVE | GOLD | KT_14 | 1ct | imgs:3
[05:52:27][EMERALD] [7732] ? NIV-E307F27C6DCC85D5 | BASKET | KNIFE_EDGE | PAVE | GOLD | KT_14 | 1ct | imgs:1
[05:52:33][EMERALD] [7733] ? NIV-E307F27C6DCC85D5 | BASKET | KNIFE_EDGE | PAVE | GOLD | KT_14 | 1ct | imgs:3
[05:52:39][EMERALD] [7734] ? NIV-E307F27C6DCC85D5 | BASKET | KNIFE_EDGE | PAVE | GOLD | KT_14 | 1ct | imgs:3
[05:52:44][EMERALD] [7735] ? NIV-450BB2A88F48ABE7 | BASKET | KNIFE_EDGE | PAVE | GOLD | KT_14 | 1ct | imgs:1
[05:52:48][EMERALD] [7736] ? NIV-450BB2A88F48ABE7 | BASKET | KNIFE_EDGE | PAVE | GOLD | KT_14 | 1ct | imgs:3
[05:52:51][EMERALD] [7737] ? NIV-450BB2A88F48ABE7 | BASKET | KNIFE_EDGE | PAVE | GOLD | KT_14 | 1ct | imgs:3
[05:52:57][EMERALD] [7738] ? NIV-AC0FF84F062890BD | BASKET | KNIFE_EDGE | PAVE | GOLD | KT_18 | 1ct | imgs:3
[05:53:02][EMERALD] [7739] ? NIV-AC0FF84F062890BD | BASKET | KNIFE_EDGE | PAVE | GOLD | KT_18 | 1ct | imgs:3
[05:53:06][EMERALD] [7740] ? NIV-AC0FF84F062890BD | BASKET | KNIFE_EDGE | PAVE | GOLD | KT_18 | 1ct | imgs:3
[05:53:09][EMERALD] [7741] ? NIV-37F29B77BFF0E66E | BASKET | KNIFE_EDGE | PAVE | GOLD | KT_18 | 1ct | imgs:2
[05:53:14][EMERALD] [7742] ? NIV-37F29B77BFF0E66E | BASKET | KNIFE_EDGE | PAVE | GOLD | KT_18 | 1ct | imgs:3
[05:53:18][EMERALD] [7743] ? NIV-37F29B77BFF0E66E | BASKET | KNIFE_EDGE | PAVE | GOLD | KT_18 | 1ct | imgs:3
[05:53:24][EMERALD] [7744] ? NIV-C8DBF7C0EDF9FDB6 | BASKET | KNIFE_EDGE | PAVE | GOLD | KT_18 | 1ct | imgs:3
[05:53:27][EMERALD] [7745] ? NIV-C8DBF7C0EDF9FDB6 | BASKET | KNIFE_EDGE | PAVE | GOLD | KT_18 | 1ct | imgs:3
[05:53:30][EMERALD] [7746] ? NIV-C8DBF7C0EDF9FDB6 | BASKET | KNIFE_EDGE | PAVE | GOLD | KT_18 | 1ct | imgs:3
[05:53:33][EMERALD] [7747] ? NIV-A3052C4C799235A2 | BASKET | KNIFE_EDGE | PAVE | PLATINUM | PT_950 | 1ct | imgs:3
[05:53:42][EMERALD] [7748] ? NIV-B5F96ECC11CC3A2F | BASKET | KNIFE_EDGE | PAVE | GOLD | KT_10 | 1ct | imgs:3
[05:53:47][EMERALD] [7749] ? NIV-B5F96ECC11CC3A2F | BASKET | KNIFE_EDGE | PAVE | GOLD | KT_10 | 1ct | imgs:3
[05:53:51][EMERALD] [7750] ? NIV-B5F96ECC11CC3A2F | BASKET | KNIFE_EDGE | PAVE | GOLD | KT_10 | 1ct | imgs:3
[05:53:53][EMERALD] [7751] ? NIV-07E9365997DDEDFB | BASKET | KNIFE_EDGE | PAVE | GOLD | KT_10 | 1ct | imgs:3
[05:53:57][EMERALD] [7752] ? NIV-07E9365997DDEDFB | BASKET | KNIFE_EDGE | PAVE | GOLD | KT_10 | 1ct | imgs:3
[05:54:03][EMERALD] [7753] ? NIV-07E9365997DDEDFB | BASKET | KNIFE_EDGE | PAVE | GOLD | KT_10 | 1ct | imgs:3
[05:54:07][EMERALD] [7754] ? NIV-D06B6B10B45907B8 | BASKET | KNIFE_EDGE | PAVE | GOLD | KT_10 | 1ct | imgs:3
[05:54:11][EMERALD] [7755] ? NIV-D06B6B10B45907B8 | BASKET | KNIFE_EDGE | PAVE | GOLD | KT_10 | 1ct | imgs:3
[05:54:18][EMERALD] [7756] ? NIV-D06B6B10B45907B8 | BASKET | KNIFE_EDGE | PAVE | GOLD | KT_10 | 1ct | imgs:3
[05:54:24][EMERALD] [7757] ? NIV-8C47FC9BE700CECA | BASKET | KNIFE_EDGE | PAVE | GOLD | KT_14 | 1ct | imgs:3
[05:54:30][EMERALD] [7758] ? NIV-8C47FC9BE700CECA | BASKET | KNIFE_EDGE | PAVE | GOLD | KT_14 | 1ct | imgs:3
[05:54:36][EMERALD] [7759] ? NIV-8C47FC9BE700CECA | BASKET | KNIFE_EDGE | PAVE | GOLD | KT_14 | 1ct | imgs:3
[05:54:38][EMERALD] [7760] ? NIV-D823EF9A5B446E2C | BASKET | KNIFE_EDGE | PAVE | GOLD | KT_14 | 1ct | imgs:3
[05:54:44][EMERALD] [7761] ? NIV-D823EF9A5B446E2C | BASKET | KNIFE_EDGE | PAVE | GOLD | KT_14 | 1ct | imgs:3
[05:54:48][EMERALD] [7762] ? NIV-D823EF9A5B446E2C | BASKET | KNIFE_EDGE | PAVE | GOLD | KT_14 | 1ct | imgs:3
[05:54:50][EMERALD] [7763] ? NIV-951BA5F82F81EFF2 | BASKET | KNIFE_EDGE | PAVE | GOLD | KT_14 | 1ct | imgs:3
[05:54:54][EMERALD] [7764] ? NIV-951BA5F82F81EFF2 | BASKET | KNIFE_EDGE | PAVE | GOLD | KT_14 | 1ct | imgs:3
[05:55:00][EMERALD] [7765] ? NIV-951BA5F82F81EFF2 | BASKET | KNIFE_EDGE | PAVE | GOLD | KT_14 | 1ct | imgs:3
[05:55:06][EMERALD] [7766] ? NIV-AE5D9CB84888CD28 | BASKET | KNIFE_EDGE | PAVE | GOLD | KT_18 | 1ct | imgs:3
[05:55:09][EMERALD] [7767] ? NIV-AE5D9CB84888CD28 | BASKET | KNIFE_EDGE | PAVE | GOLD | KT_18 | 1ct | imgs:3
[05:55:12][EMERALD] [7768] ? NIV-AE5D9CB84888CD28 | BASKET | KNIFE_EDGE | PAVE | GOLD | KT_18 | 1ct | imgs:3
[05:55:15][EMERALD] [7769] ? NIV-33691A6863EAEA85 | BASKET | KNIFE_EDGE | PAVE | GOLD | KT_18 | 1ct | imgs:3
[05:55:21][EMERALD] [7770] ? NIV-33691A6863EAEA85 | BASKET | KNIFE_EDGE | PAVE | GOLD | KT_18 | 1ct | imgs:3
[05:55:27][EMERALD] [7771] ? NIV-33691A6863EAEA85 | BASKET | KNIFE_EDGE | PAVE | GOLD | KT_18 | 1ct | imgs:3
[05:55:30][EMERALD] [7772] ? NIV-191446CA9E78E44B | BASKET | KNIFE_EDGE | PAVE | GOLD | KT_18 | 1ct | imgs:3
[05:55:36][EMERALD] [7773] ? NIV-191446CA9E78E44B | BASKET | KNIFE_EDGE | PAVE | GOLD | KT_18 | 1ct | imgs:3
[05:55:39][EMERALD] [7774] ? NIV-191446CA9E78E44B | BASKET | KNIFE_EDGE | PAVE | GOLD | KT_18 | 1ct | imgs:3
[05:55:41][EMERALD] [7775] ? NIV-1B90C1EDC00EA135 | BASKET | KNIFE_EDGE | PAVE | PLATINUM | PT_950 | 1ct | imgs:3
[05:55:47][EMERALD] [7776] ? NIV-9E3CEF5DA02D817B | BASKET | KNIFE_EDGE | PAVE | GOLD | KT_10 | 1ct | imgs:3
[05:55:51][EMERALD] [7777] ? NIV-9E3CEF5DA02D817B | BASKET | KNIFE_EDGE | PAVE | GOLD | KT_10 | 1ct | imgs:3
[05:55:56][EMERALD] [7778] ? NIV-9E3CEF5DA02D817B | BASKET | KNIFE_EDGE | PAVE | GOLD | KT_10 | 1ct | imgs:3
[05:56:00][EMERALD] [7779] ? NIV-6AECB1DFAE83D965 | BASKET | KNIFE_EDGE | PAVE | GOLD | KT_10 | 1ct | imgs:3
[05:56:06][EMERALD] [7780] ? NIV-6AECB1DFAE83D965 | BASKET | KNIFE_EDGE | PAVE | GOLD | KT_10 | 1ct | imgs:3
[05:56:12][EMERALD] [7781] ? NIV-6AECB1DFAE83D965 | BASKET | KNIFE_EDGE | PAVE | GOLD | KT_10 | 1ct | imgs:3
[05:56:15][EMERALD] [7782] ? NIV-7118464ADD2B8CB7 | BASKET | KNIFE_EDGE | PAVE | GOLD | KT_10 | 1ct | imgs:3
[05:56:20][EMERALD] [7783] ? NIV-7118464ADD2B8CB7 | BASKET | KNIFE_EDGE | PAVE | GOLD | KT_10 | 1ct | imgs:3
[05:56:27][EMERALD] [7784] ? NIV-7118464ADD2B8CB7 | BASKET | KNIFE_EDGE | PAVE | GOLD | KT_10 | 1ct | imgs:3
[05:56:33][EMERALD] [7785] ? NIV-E04B2BA58FC8ACCD | BASKET | KNIFE_EDGE | PAVE | GOLD | KT_14 | 1ct | imgs:3
[05:56:39][EMERALD] [7786] ? NIV-E04B2BA58FC8ACCD | BASKET | KNIFE_EDGE | PAVE | GOLD | KT_14 | 1ct | imgs:3
[05:56:44][EMERALD] [7787] ? NIV-E04B2BA58FC8ACCD | BASKET | KNIFE_EDGE | PAVE | GOLD | KT_14 | 1ct | imgs:3
[05:56:47][EMERALD] [7788] ? NIV-E8F9650880FB6861 | BASKET | KNIFE_EDGE | PAVE | GOLD | KT_14 | 1ct | imgs:3
[05:56:51][EMERALD] [7789] ? NIV-E8F9650880FB6861 | BASKET | KNIFE_EDGE | PAVE | GOLD | KT_14 | 1ct | imgs:3
[05:56:57][EMERALD] [7790] ? NIV-E8F9650880FB6861 | BASKET | KNIFE_EDGE | PAVE | GOLD | KT_14 | 1ct | imgs:3
[05:57:00][EMERALD] [7791] ? NIV-5B5656196BC6FF1D | BASKET | KNIFE_EDGE | PAVE | GOLD | KT_14 | 1ct | imgs:3
[05:57:06][EMERALD] [7792] ? NIV-5B5656196BC6FF1D | BASKET | KNIFE_EDGE | PAVE | GOLD | KT_14 | 1ct | imgs:3
[05:57:12][EMERALD] [7793] ? NIV-5B5656196BC6FF1D | BASKET | KNIFE_EDGE | PAVE | GOLD | KT_14 | 1ct | imgs:3
[05:57:17][EMERALD] [7794] ? NIV-952EF436489798B1 | BASKET | KNIFE_EDGE | PAVE | GOLD | KT_18 | 1ct | imgs:1
[05:57:21][EMERALD] [7795] ? NIV-952EF436489798B1 | BASKET | KNIFE_EDGE | PAVE | GOLD | KT_18 | 1ct | imgs:3
[05:57:27][EMERALD] [7796] ? NIV-952EF436489798B1 | BASKET | KNIFE_EDGE | PAVE | GOLD | KT_18 | 1ct | imgs:3
[05:57:30][EMERALD] [7797] ? NIV-7344A0D0939663D0 | BASKET | KNIFE_EDGE | PAVE | GOLD | KT_18 | 1ct | imgs:3
[05:57:35][EMERALD] [7798] ? NIV-7344A0D0939663D0 | BASKET | KNIFE_EDGE | PAVE | GOLD | KT_18 | 1ct | imgs:3
[05:57:39][EMERALD] [7799] ? NIV-7344A0D0939663D0 | BASKET | KNIFE_EDGE | PAVE | GOLD | KT_18 | 1ct | imgs:3
[05:57:43][EMERALD] [7800] ? NIV-8E7D4E43907E6D35 | BASKET | KNIFE_EDGE | PAVE | GOLD | KT_18 | 1ct | imgs:1
[05:57:47][EMERALD] [7801] ? NIV-8E7D4E43907E6D35 | BASKET | KNIFE_EDGE | PAVE | GOLD | KT_18 | 1ct | imgs:3
[05:57:51][EMERALD] [7802] ? NIV-8E7D4E43907E6D35 | BASKET | KNIFE_EDGE | PAVE | GOLD | KT_18 | 1ct | imgs:3
[05:57:59][EMERALD] [7803] ? NIV-53968574A4060A8C | BASKET | KNIFE_EDGE | PAVE | PLATINUM | PT_950 | 1ct | imgs:1
[05:58:05][EMERALD] [7804] ? NIV-FF9601E6F5EF8595 | BASKET | KNIFE_EDGE | PAVE | GOLD | KT_10 | 1ct | imgs:1
[05:58:09][EMERALD] [7805] ? NIV-FF9601E6F5EF8595 | BASKET | KNIFE_EDGE | PAVE | GOLD | KT_10 | 1ct | imgs:3
[05:58:15][EMERALD] [7806] ? NIV-FF9601E6F5EF8595 | BASKET | KNIFE_EDGE | PAVE | GOLD | KT_10 | 1ct | imgs:3
[05:58:21][EMERALD] [7807] ? NIV-278F2DF99FE7C0A6 | BASKET | KNIFE_EDGE | PAVE | GOLD | KT_10 | 1ct | imgs:1
[05:58:27][EMERALD] [7808] ? NIV-278F2DF99FE7C0A6 | BASKET | KNIFE_EDGE | PAVE | GOLD | KT_10 | 1ct | imgs:3
[05:58:33][EMERALD] [7809] ? NIV-278F2DF99FE7C0A6 | BASKET | KNIFE_EDGE | PAVE | GOLD | KT_10 | 1ct | imgs:3
[05:58:42][EMERALD] [7810] ? NIV-8D053123AE156B92 | BASKET | KNIFE_EDGE | PAVE | GOLD | KT_10 | 1ct | imgs:1
[05:58:48][EMERALD] [7811] ? NIV-8D053123AE156B92 | BASKET | KNIFE_EDGE | PAVE | GOLD | KT_10 | 1ct | imgs:3
[05:58:51][EMERALD] [7812] ? NIV-8D053123AE156B92 | BASKET | KNIFE_EDGE | PAVE | GOLD | KT_10 | 1ct | imgs:3
[05:58:56][EMERALD] [7813] ? NIV-31B9206CB14F58C2 | BASKET | KNIFE_EDGE | PAVE | GOLD | KT_14 | 1ct | imgs:3
[05:59:00][EMERALD] [7814] ? NIV-31B9206CB14F58C2 | BASKET | KNIFE_EDGE | PAVE | GOLD | KT_14 | 1ct | imgs:3
[05:59:03][EMERALD] [7815] ? NIV-31B9206CB14F58C2 | BASKET | KNIFE_EDGE | PAVE | GOLD | KT_14 | 1ct | imgs:3
[05:59:06][EMERALD] [7816] ? NIV-D852E2A58582E385 | BASKET | KNIFE_EDGE | PAVE | GOLD | KT_14 | 1ct | imgs:3
[05:59:11][EMERALD] [7817] ? NIV-D852E2A58582E385 | BASKET | KNIFE_EDGE | PAVE | GOLD | KT_14 | 1ct | imgs:3
[05:59:15][EMERALD] [7818] ? NIV-D852E2A58582E385 | BASKET | KNIFE_EDGE | PAVE | GOLD | KT_14 | 1ct | imgs:3
[05:59:17][EMERALD] [7819] ? NIV-FE18BAD3701FB379 | BASKET | KNIFE_EDGE | PAVE | GOLD | KT_14 | 1ct | imgs:3
[05:59:21][EMERALD] [7820] ? NIV-FE18BAD3701FB379 | BASKET | KNIFE_EDGE | PAVE | GOLD | KT_14 | 1ct | imgs:3
[05:59:27][EMERALD] [7821] ? NIV-FE18BAD3701FB379 | BASKET | KNIFE_EDGE | PAVE | GOLD | KT_14 | 1ct | imgs:3
[05:59:32][EMERALD] [7822] ? NIV-813BC23E6821BA38 | BASKET | KNIFE_EDGE | PAVE | GOLD | KT_18 | 1ct | imgs:3
[05:59:39][EMERALD] [7823] ? NIV-813BC23E6821BA38 | BASKET | KNIFE_EDGE | PAVE | GOLD | KT_18 | 1ct | imgs:3
[05:59:45][EMERALD] [7824] ? NIV-813BC23E6821BA38 | BASKET | KNIFE_EDGE | PAVE | GOLD | KT_18 | 1ct | imgs:3
[05:59:48][EMERALD] [7825] ? NIV-A38737B34A93D078 | BASKET | KNIFE_EDGE | PAVE | GOLD | KT_18 | 1ct | imgs:3
[05:59:53][EMERALD] [7826] ? NIV-A38737B34A93D078 | BASKET | KNIFE_EDGE | PAVE | GOLD | KT_18 | 1ct | imgs:3
[05:59:57][EMERALD] [7827] ? NIV-A38737B34A93D078 | BASKET | KNIFE_EDGE | PAVE | GOLD | KT_18 | 1ct | imgs:3
[05:59:59][EMERALD] [7828] ? NIV-14AF1A763A345983 | BASKET | KNIFE_EDGE | PAVE | GOLD | KT_18 | 1ct | imgs:3
[06:00:03][EMERALD] [7829] ? NIV-14AF1A763A345983 | BASKET | KNIFE_EDGE | PAVE | GOLD | KT_18 | 1ct | imgs:3
[06:00:09][EMERALD] [7830] ? NIV-14AF1A763A345983 | BASKET | KNIFE_EDGE | PAVE | GOLD | KT_18 | 1ct | imgs:3
[06:00:15][EMERALD] [7831] ? NIV-266BAB122828B2B7 | BASKET | KNIFE_EDGE | PAVE | PLATINUM | PT_950 | 1ct | imgs:3
[06:00:26][EMERALD] [7832] ? NIV-1056E15F4E285886 | BASKET | KNIFE_EDGE | PAVE | GOLD | KT_10 | 1ct | imgs:3
[06:00:30][EMERALD] [7833] ? NIV-1056E15F4E285886 | BASKET | KNIFE_EDGE | PAVE | GOLD | KT_10 | 1ct | imgs:3
[06:00:36][EMERALD] [7834] ? NIV-1056E15F4E285886 | BASKET | KNIFE_EDGE | PAVE | GOLD | KT_10 | 1ct | imgs:3
[06:00:40][EMERALD] [7835] ? NIV-E7F9F69BEFE72E04 | BASKET | KNIFE_EDGE | PAVE | GOLD | KT_10 | 1ct | imgs:1
[06:00:44][EMERALD] [7836] ? NIV-E7F9F69BEFE72E04 | BASKET | KNIFE_EDGE | PAVE | GOLD | KT_10 | 1ct | imgs:3
[06:00:48][EMERALD] [7837] ? NIV-E7F9F69BEFE72E04 | BASKET | KNIFE_EDGE | PAVE | GOLD | KT_10 | 1ct | imgs:3
[06:00:53][EMERALD] [7838] ? NIV-8531232BC9578CA4 | BASKET | KNIFE_EDGE | PAVE | GOLD | KT_10 | 1ct | imgs:1
[06:01:00][EMERALD] [7839] ? NIV-8531232BC9578CA4 | BASKET | KNIFE_EDGE | PAVE | GOLD | KT_10 | 1ct | imgs:3
[06:01:06][EMERALD] [7840] ? NIV-8531232BC9578CA4 | BASKET | KNIFE_EDGE | PAVE | GOLD | KT_10 | 1ct | imgs:3
[06:01:19][EMERALD] [7841] ??  NIV-8531232BC9578CA4 | BASKET | KNIFE_EDGE | PAVE | GOLD | KT_14 | 1ct | imgs:0
[06:01:31][EMERALD] [7842] ??  NIV-8531232BC9578CA4 | BASKET | KNIFE_EDGE | PAVE | GOLD | KT_14 | 1ct | imgs:0
[06:01:43][EMERALD] [7843] ??  NIV-8531232BC9578CA4 | BASKET | KNIFE_EDGE | PAVE | GOLD | KT_14 | 1ct | imgs:0
[06:01:47][EMERALD] [7844] ? NIV-B411B5BBCC37C9E7 | BASKET | KNIFE_EDGE | PAVE | GOLD | KT_14 | 1ct | imgs:3
[06:01:51][EMERALD] [7845] ? NIV-B411B5BBCC37C9E7 | BASKET | KNIFE_EDGE | PAVE | GOLD | KT_14 | 1ct | imgs:3
[06:01:54][EMERALD] [7846] ? NIV-B411B5BBCC37C9E7 | BASKET | KNIFE_EDGE | PAVE | GOLD | KT_14 | 1ct | imgs:3
[06:01:57][EMERALD] [7847] ? NIV-C984C448686CF929 | BASKET | KNIFE_EDGE | PAVE | GOLD | KT_14 | 1ct | imgs:2
[06:02:02][EMERALD] [7848] ? NIV-C984C448686CF929 | BASKET | KNIFE_EDGE | PAVE | GOLD | KT_14 | 1ct | imgs:3
[06:02:06][EMERALD] [7849] ? NIV-C984C448686CF929 | BASKET | KNIFE_EDGE | PAVE | GOLD | KT_14 | 1ct | imgs:3
[06:02:12][EMERALD] [7850] ? NIV-DD89046AED58174E | BASKET | KNIFE_EDGE | PAVE | GOLD | KT_18 | 1ct | imgs:3
[06:02:15][EMERALD] [7851] ? NIV-DD89046AED58174E | BASKET | KNIFE_EDGE | PAVE | GOLD | KT_18 | 1ct | imgs:3
[06:02:20][EMERALD] [7852] ? NIV-DD89046AED58174E | BASKET | KNIFE_EDGE | PAVE | GOLD | KT_18 | 1ct | imgs:3
[06:02:24][EMERALD] [7853] ? NIV-36FFF4569DF685A3 | BASKET | KNIFE_EDGE | PAVE | GOLD | KT_18 | 1ct | imgs:3
[06:02:30][EMERALD] [7854] ? NIV-36FFF4569DF685A3 | BASKET | KNIFE_EDGE | PAVE | GOLD | KT_18 | 1ct | imgs:3
[06:02:36][EMERALD] [7855] ? NIV-36FFF4569DF685A3 | BASKET | KNIFE_EDGE | PAVE | GOLD | KT_18 | 1ct | imgs:3
[06:02:39][EMERALD] [7856] ? NIV-35CFACCA0A73350F | BASKET | KNIFE_EDGE | PAVE | GOLD | KT_18 | 1ct | imgs:3
[06:02:42][EMERALD] [7857] ? NIV-35CFACCA0A73350F | BASKET | KNIFE_EDGE | PAVE | GOLD | KT_18 | 1ct | imgs:3
[06:02:45][EMERALD] [7858] ? NIV-35CFACCA0A73350F | BASKET | KNIFE_EDGE | PAVE | GOLD | KT_18 | 1ct | imgs:3
[06:02:51][EMERALD] [7859] ? NIV-9E66CA02B6046E50 | BASKET | KNIFE_EDGE | PAVE | PLATINUM | PT_950 | 1ct | imgs:3
[06:02:57][EMERALD] [7860] ? NIV-0E8832A021C13BAF | BASKET | KNIFE_EDGE | PAVE | GOLD | KT_10 | 1ct | imgs:3
[06:03:03][EMERALD] [7861] ? NIV-0E8832A021C13BAF | BASKET | KNIFE_EDGE | PAVE | GOLD | KT_10 | 1ct | imgs:3
[06:03:09][EMERALD] [7862] ? NIV-0E8832A021C13BAF | BASKET | KNIFE_EDGE | PAVE | GOLD | KT_10 | 1ct | imgs:3
[06:03:13][EMERALD] [7863] ? NIV-A19CDC7EEC3D5DA0 | BASKET | KNIFE_EDGE | PAVE | GOLD | KT_10 | 1ct | imgs:1
[06:03:18][EMERALD] [7864] ? NIV-A19CDC7EEC3D5DA0 | BASKET | KNIFE_EDGE | PAVE | GOLD | KT_10 | 1ct | imgs:3
[06:03:21][EMERALD] [7865] ? NIV-A19CDC7EEC3D5DA0 | BASKET | KNIFE_EDGE | PAVE | GOLD | KT_10 | 1ct | imgs:3
[06:03:27][EMERALD] [7866] ? NIV-71D010D7131D92FC | BASKET | KNIFE_EDGE | PAVE | GOLD | KT_10 | 1ct | imgs:3
[06:03:30][EMERALD] [7867] ? NIV-71D010D7131D92FC | BASKET | KNIFE_EDGE | PAVE | GOLD | KT_10 | 1ct | imgs:3
[06:03:35][EMERALD] [7868] ? NIV-71D010D7131D92FC | BASKET | KNIFE_EDGE | PAVE | GOLD | KT_10 | 1ct | imgs:3
[06:03:42][EMERALD] [7869] ? NIV-378031988FC9F16E | BASKET | KNIFE_EDGE | PAVE | GOLD | KT_14 | 1ct | imgs:3
[06:03:48][EMERALD] [7870] ? NIV-378031988FC9F16E | BASKET | KNIFE_EDGE | PAVE | GOLD | KT_14 | 1ct | imgs:3
[06:03:53][EMERALD] [7871] ? NIV-378031988FC9F16E | BASKET | KNIFE_EDGE | PAVE | GOLD | KT_14 | 1ct | imgs:3
[06:03:56][EMERALD] [7872] ? NIV-06EB72E80BE25F69 | BASKET | KNIFE_EDGE | PAVE | GOLD | KT_14 | 1ct | imgs:3
[06:04:00][EMERALD] [7873] ? NIV-06EB72E80BE25F69 | BASKET | KNIFE_EDGE | PAVE | GOLD | KT_14 | 1ct | imgs:3
[06:04:06][EMERALD] [7874] ? NIV-06EB72E80BE25F69 | BASKET | KNIFE_EDGE | PAVE | GOLD | KT_14 | 1ct | imgs:3
[06:04:11][EMERALD] [7875] ? NIV-3B6B2FA5939B5B08 | BASKET | KNIFE_EDGE | PAVE | GOLD | KT_14 | 1ct | imgs:3
[06:04:15][EMERALD] [7876] ? NIV-3B6B2FA5939B5B08 | BASKET | KNIFE_EDGE | PAVE | GOLD | KT_14 | 1ct | imgs:3
[06:04:20][EMERALD] [7877] ? NIV-3B6B2FA5939B5B08 | BASKET | KNIFE_EDGE | PAVE | GOLD | KT_14 | 1ct | imgs:3
[06:04:25][EMERALD] [7878] ? NIV-4BABA90053F58AC3 | BASKET | KNIFE_EDGE | PAVE | GOLD | KT_18 | 1ct | imgs:2
[06:04:30][EMERALD] [7879] ? NIV-4BABA90053F58AC3 | BASKET | KNIFE_EDGE | PAVE | GOLD | KT_18 | 1ct | imgs:3
[06:04:33][EMERALD] [7880] ? NIV-4BABA90053F58AC3 | BASKET | KNIFE_EDGE | PAVE | GOLD | KT_18 | 1ct | imgs:3
[06:04:36][EMERALD] [7881] ? NIV-C614EA116D3B4C10 | BASKET | KNIFE_EDGE | PAVE | GOLD | KT_18 | 1ct | imgs:1
[06:04:41][EMERALD] [7882] ? NIV-C614EA116D3B4C10 | BASKET | KNIFE_EDGE | PAVE | GOLD | KT_18 | 1ct | imgs:3
[06:04:45][EMERALD] [7883] ? NIV-C614EA116D3B4C10 | BASKET | KNIFE_EDGE | PAVE | GOLD | KT_18 | 1ct | imgs:3
[06:04:48][EMERALD] [7884] ? NIV-FFBA51A79D383A2E | BASKET | KNIFE_EDGE | PAVE | GOLD | KT_18 | 1ct | imgs:3
[06:04:54][EMERALD] [7885] ? NIV-FFBA51A79D383A2E | BASKET | KNIFE_EDGE | PAVE | GOLD | KT_18 | 1ct | imgs:3
[06:04:59][EMERALD] [7886] ? NIV-FFBA51A79D383A2E | BASKET | KNIFE_EDGE | PAVE | GOLD | KT_18 | 1ct | imgs:3
[06:05:03][EMERALD] [7887] ? NIV-0494D5780D164832 | BASKET | KNIFE_EDGE | PAVE | PLATINUM | PT_950 | 1ct | imgs:3
[06:05:06][EMERALD] [7888] ? NIV-28E3E3B3021B616B | BASKET | KNIFE_EDGE | PAVE | GOLD | KT_10 | 1ct | imgs:3
[06:05:11][EMERALD] [7889] ? NIV-28E3E3B3021B616B | BASKET | KNIFE_EDGE | PAVE | GOLD | KT_10 | 1ct | imgs:3
[06:05:18][EMERALD] [7890] ? NIV-28E3E3B3021B616B | BASKET | KNIFE_EDGE | PAVE | GOLD | KT_10 | 1ct | imgs:3
[06:05:21][EMERALD] [7891] ? NIV-D5C1A805E1019AC4 | BASKET | KNIFE_EDGE | PAVE | GOLD | KT_10 | 1ct | imgs:3
[06:05:27][EMERALD] [7892] ? NIV-D5C1A805E1019AC4 | BASKET | KNIFE_EDGE | PAVE | GOLD | KT_10 | 1ct | imgs:3
[06:05:30][EMERALD] [7893] ? NIV-D5C1A805E1019AC4 | BASKET | KNIFE_EDGE | PAVE | GOLD | KT_10 | 1ct | imgs:3
[06:05:36][EMERALD] [7894] ? NIV-D217B8C2153EB68C | BASKET | KNIFE_EDGE | PAVE | GOLD | KT_10 | 1ct | imgs:3
[06:05:42][EMERALD] [7895] ? NIV-D217B8C2153EB68C | BASKET | KNIFE_EDGE | PAVE | GOLD | KT_10 | 1ct | imgs:3
[06:05:48][EMERALD] [7896] ? NIV-D217B8C2153EB68C | BASKET | KNIFE_EDGE | PAVE | GOLD | KT_10 | 1ct | imgs:3
[06:05:54][EMERALD] [7897] ? NIV-06F687ECDB4B7822 | BASKET | KNIFE_EDGE | PAVE | GOLD | KT_14 | 1ct | imgs:3
[06:06:00][EMERALD] [7898] ? NIV-06F687ECDB4B7822 | BASKET | KNIFE_EDGE | PAVE | GOLD | KT_14 | 1ct | imgs:3
[06:06:06][EMERALD] [7899] ? NIV-06F687ECDB4B7822 | BASKET | KNIFE_EDGE | PAVE | GOLD | KT_14 | 1ct | imgs:3
[06:06:09][EMERALD] [7900] ? NIV-D8A62B8D3E659224 | BASKET | KNIFE_EDGE | PAVE | GOLD | KT_14 | 1ct | imgs:3
[06:06:15][EMERALD] [7901] ? NIV-D8A62B8D3E659224 | BASKET | KNIFE_EDGE | PAVE | GOLD | KT_14 | 1ct | imgs:3
[06:06:20][EMERALD] [7902] ? NIV-D8A62B8D3E659224 | BASKET | KNIFE_EDGE | PAVE | GOLD | KT_14 | 1ct | imgs:3
[06:06:23][EMERALD] [7903] ? NIV-1DC056987E3F7648 | BASKET | KNIFE_EDGE | PAVE | GOLD | KT_14 | 1ct | imgs:3
[06:06:27][EMERALD] [7904] ? NIV-1DC056987E3F7648 | BASKET | KNIFE_EDGE | PAVE | GOLD | KT_14 | 1ct | imgs:3
[06:06:32][EMERALD] [7905] ? NIV-1DC056987E3F7648 | BASKET | KNIFE_EDGE | PAVE | GOLD | KT_14 | 1ct | imgs:3
[06:06:35][EMERALD] [7906] ? NIV-3D334C3D60B24C3D | BASKET | KNIFE_EDGE | PAVE | GOLD | KT_18 | 1ct | imgs:3
[06:06:39][EMERALD] [7907] ? NIV-3D334C3D60B24C3D | BASKET | KNIFE_EDGE | PAVE | GOLD | KT_18 | 1ct | imgs:3
[06:06:42][EMERALD] [7908] ? NIV-3D334C3D60B24C3D | BASKET | KNIFE_EDGE | PAVE | GOLD | KT_18 | 1ct | imgs:3
[06:06:46][EMERALD] [7909] ? NIV-E162E477AEADE441 | BASKET | KNIFE_EDGE | PAVE | GOLD | KT_18 | 1ct | imgs:1
[06:06:51][EMERALD] [7910] ? NIV-E162E477AEADE441 | BASKET | KNIFE_EDGE | PAVE | GOLD | KT_18 | 1ct | imgs:3
[06:06:57][EMERALD] [7911] ? NIV-E162E477AEADE441 | BASKET | KNIFE_EDGE | PAVE | GOLD | KT_18 | 1ct | imgs:3
[06:07:03][EMERALD] [7912] ? NIV-E84DC4BA79CDE541 | BASKET | KNIFE_EDGE | PAVE | GOLD | KT_18 | 1ct | imgs:3
[06:07:08][EMERALD] [7913] ? NIV-E84DC4BA79CDE541 | BASKET | KNIFE_EDGE | PAVE | GOLD | KT_18 | 1ct | imgs:3
[06:07:15][EMERALD] [7914] ? NIV-E84DC4BA79CDE541 | BASKET | KNIFE_EDGE | PAVE | GOLD | KT_18 | 1ct | imgs:3
[06:07:17][EMERALD] [7915] ? NIV-FF4CC8D3EB7FF0E3 | BASKET | KNIFE_EDGE | PAVE | PLATINUM | PT_950 | 1ct | imgs:3
[06:07:27][EMERALD] [7916] ? NIV-22BCCA995FA22E2D | BASKET | KNIFE_EDGE | PAVE | GOLD | KT_10 | 1ct | imgs:3
[06:07:30][EMERALD] [7917] ? NIV-22BCCA995FA22E2D | BASKET | KNIFE_EDGE | PAVE | GOLD | KT_10 | 1ct | imgs:3
[06:07:35][EMERALD] [7918] ? NIV-22BCCA995FA22E2D | BASKET | KNIFE_EDGE | PAVE | GOLD | KT_10 | 1ct | imgs:3
[06:07:38][EMERALD] [7919] ? NIV-22D3C43C7EF8FB67 | BASKET | KNIFE_EDGE | PAVE | GOLD | KT_10 | 1ct | imgs:3
[06:07:42][EMERALD] [7920] ? NIV-22D3C43C7EF8FB67 | BASKET | KNIFE_EDGE | PAVE | GOLD | KT_10 | 1ct | imgs:3
[06:07:48][EMERALD] [7921] ? NIV-22D3C43C7EF8FB67 | BASKET | KNIFE_EDGE | PAVE | GOLD | KT_10 | 1ct | imgs:3
[06:07:56][EMERALD] [7922] ? NIV-5DB09BA38035FF5D | BASKET | KNIFE_EDGE | PAVE | GOLD | KT_10 | 1ct | imgs:2
[06:08:03][EMERALD] [7923] ? NIV-5DB09BA38035FF5D | BASKET | KNIFE_EDGE | PAVE | GOLD | KT_10 | 1ct | imgs:3
[06:08:09][EMERALD] [7924] ? NIV-5DB09BA38035FF5D | BASKET | KNIFE_EDGE | PAVE | GOLD | KT_10 | 1ct | imgs:3
[06:08:12][EMERALD] [7925] ? NIV-93E2521DC073C70A | BASKET | KNIFE_EDGE | PAVE | GOLD | KT_14 | 1ct | imgs:3
[06:08:18][EMERALD] [7926] ? NIV-93E2521DC073C70A | BASKET | KNIFE_EDGE | PAVE | GOLD | KT_14 | 1ct | imgs:3
[06:08:23][EMERALD] [7927] ? NIV-93E2521DC073C70A | BASKET | KNIFE_EDGE | PAVE | GOLD | KT_14 | 1ct | imgs:3
[06:08:27][EMERALD] [7928] ? NIV-8CD91940E77FC410 | BASKET | KNIFE_EDGE | PAVE | GOLD | KT_14 | 1ct | imgs:3
[06:08:33][EMERALD] [7929] ? NIV-8CD91940E77FC410 | BASKET | KNIFE_EDGE | PAVE | GOLD | KT_14 | 1ct | imgs:3
[06:08:36][EMERALD] [7930] ? NIV-8CD91940E77FC410 | BASKET | KNIFE_EDGE | PAVE | GOLD | KT_14 | 1ct | imgs:3
[06:08:46][EMERALD] [7931] ? NIV-8A04966D0BC63883 | BASKET | KNIFE_EDGE | PAVE | GOLD | KT_14 | 1ct | imgs:1
[06:08:50][EMERALD] [7932] ? NIV-8A04966D0BC63883 | BASKET | KNIFE_EDGE | PAVE | GOLD | KT_14 | 1ct | imgs:3
[06:08:57][EMERALD] [7933] ? NIV-8A04966D0BC63883 | BASKET | KNIFE_EDGE | PAVE | GOLD | KT_14 | 1ct | imgs:3
[06:09:04][EMERALD] [7934] ? NIV-6B719B624AF2DE51 | BASKET | KNIFE_EDGE | PAVE | GOLD | KT_18 | 1ct | imgs:3
[06:09:09][EMERALD] [7935] ? NIV-6B719B624AF2DE51 | BASKET | KNIFE_EDGE | PAVE | GOLD | KT_18 | 1ct | imgs:3
[06:09:15][EMERALD] [7936] ? NIV-6B719B624AF2DE51 | BASKET | KNIFE_EDGE | PAVE | GOLD | KT_18 | 1ct | imgs:3
[06:09:18][EMERALD] [7937] ? NIV-FC3CA42059051E24 | BASKET | KNIFE_EDGE | PAVE | GOLD | KT_18 | 1ct | imgs:3
[06:09:24][EMERALD] [7938] ? NIV-FC3CA42059051E24 | BASKET | KNIFE_EDGE | PAVE | GOLD | KT_18 | 1ct | imgs:3
[06:09:30][EMERALD] [7939] ? NIV-FC3CA42059051E24 | BASKET | KNIFE_EDGE | PAVE | GOLD | KT_18 | 1ct | imgs:3
[06:09:33][EMERALD] [7940] ? NIV-1A587DF2B9B28507 | BASKET | KNIFE_EDGE | PAVE | GOLD | KT_18 | 1ct | imgs:3
[06:09:38][EMERALD] [7941] ? NIV-1A587DF2B9B28507 | BASKET | KNIFE_EDGE | PAVE | GOLD | KT_18 | 1ct | imgs:3
[06:09:42][EMERALD] [7942] ? NIV-1A587DF2B9B28507 | BASKET | KNIFE_EDGE | PAVE | GOLD | KT_18 | 1ct | imgs:3
[06:09:45][EMERALD] [7943] ? NIV-F0C5C3ADF0412E6D | BASKET | KNIFE_EDGE | PAVE | PLATINUM | PT_950 | 1ct | imgs:3
[06:09:51][EMERALD] [7944] ? NIV-910D397D65B07A9E | BASKET | KNIFE_EDGE | PAVE | GOLD | KT_10 | 1ct | imgs:3
[06:09:57][EMERALD] [7945] ? NIV-910D397D65B07A9E | BASKET | KNIFE_EDGE | PAVE | GOLD | KT_10 | 1ct | imgs:3
[06:10:03][EMERALD] [7946] ? NIV-910D397D65B07A9E | BASKET | KNIFE_EDGE | PAVE | GOLD | KT_10 | 1ct | imgs:3
[06:10:08][EMERALD] [7947] ? NIV-8CFF01F4F7D52D40 | BASKET | KNIFE_EDGE | PAVE | GOLD | KT_10 | 1ct | imgs:1
[06:10:11][EMERALD] [7948] ? NIV-8CFF01F4F7D52D40 | BASKET | KNIFE_EDGE | PAVE | GOLD | KT_10 | 1ct | imgs:3
[06:10:15][EMERALD] [7949] ? NIV-8CFF01F4F7D52D40 | BASKET | KNIFE_EDGE | PAVE | GOLD | KT_10 | 1ct | imgs:3
[06:10:23][EMERALD] [7950] ? NIV-DC81E993AD3D413C | BASKET | KNIFE_EDGE | PAVE | GOLD | KT_10 | 1ct | imgs:2
[06:10:27][EMERALD] [7951] ? NIV-DC81E993AD3D413C | BASKET | KNIFE_EDGE | PAVE | GOLD | KT_10 | 1ct | imgs:3
[06:10:32][EMERALD] [7952] ? NIV-DC81E993AD3D413C | BASKET | KNIFE_EDGE | PAVE | GOLD | KT_10 | 1ct | imgs:3
[06:10:39][EMERALD] [7953] ? NIV-9ACBA2C125922F5A | BASKET | KNIFE_EDGE | PAVE | GOLD | KT_14 | 1ct | imgs:3
[06:10:43][EMERALD] [7954] ? NIV-9ACBA2C125922F5A | BASKET | KNIFE_EDGE | PAVE | GOLD | KT_14 | 1ct | imgs:3
[06:10:48][EMERALD] [7955] ? NIV-9ACBA2C125922F5A | BASKET | KNIFE_EDGE | PAVE | GOLD | KT_14 | 1ct | imgs:3
[06:10:51][EMERALD] [7956] ? NIV-7DFCB28145B4CCE4 | BASKET | KNIFE_EDGE | PAVE | GOLD | KT_14 | 1ct | imgs:3
[06:10:57][EMERALD] [7957] ? NIV-7DFCB28145B4CCE4 | BASKET | KNIFE_EDGE | PAVE | GOLD | KT_14 | 1ct | imgs:3
[06:11:03][EMERALD] [7958] ? NIV-7DFCB28145B4CCE4 | BASKET | KNIFE_EDGE | PAVE | GOLD | KT_14 | 1ct | imgs:3
[06:11:09][EMERALD] [7959] ? NIV-40E4821F6E0382B3 | BASKET | KNIFE_EDGE | PAVE | GOLD | KT_14 | 1ct | imgs:1
[06:11:14][EMERALD] [7960] ? NIV-40E4821F6E0382B3 | BASKET | KNIFE_EDGE | PAVE | GOLD | KT_14 | 1ct | imgs:3
[06:11:18][EMERALD] [7961] ? NIV-40E4821F6E0382B3 | BASKET | KNIFE_EDGE | PAVE | GOLD | KT_14 | 1ct | imgs:3
[06:11:25][EMERALD] [7962] ? NIV-8367CD21E7D54E81 | BASKET | KNIFE_EDGE | PAVE | GOLD | KT_18 | 1ct | imgs:1
[06:11:30][EMERALD] [7963] ? NIV-8367CD21E7D54E81 | BASKET | KNIFE_EDGE | PAVE | GOLD | KT_18 | 1ct | imgs:3
[06:11:36][EMERALD] [7964] ? NIV-8367CD21E7D54E81 | BASKET | KNIFE_EDGE | PAVE | GOLD | KT_18 | 1ct | imgs:3
[06:11:39][EMERALD] [7965] ? NIV-655160D212AEC081 | BASKET | KNIFE_EDGE | PAVE | GOLD | KT_18 | 1ct | imgs:3
[06:11:44][EMERALD] [7966] ? NIV-655160D212AEC081 | BASKET | KNIFE_EDGE | PAVE | GOLD | KT_18 | 1ct | imgs:3
[06:11:48][EMERALD] [7967] ? NIV-655160D212AEC081 | BASKET | KNIFE_EDGE | PAVE | GOLD | KT_18 | 1ct | imgs:3
[06:11:51][EMERALD] [7968] ? NIV-B3C6A23828E58100 | BASKET | KNIFE_EDGE | PAVE | GOLD | KT_18 | 1ct | imgs:3
[06:11:57][EMERALD] [7969] ? NIV-B3C6A23828E58100 | BASKET | KNIFE_EDGE | PAVE | GOLD | KT_18 | 1ct | imgs:3
[06:12:02][EMERALD] [7970] ? NIV-B3C6A23828E58100 | BASKET | KNIFE_EDGE | PAVE | GOLD | KT_18 | 1ct | imgs:3
[06:12:05][EMERALD] [7971] ? NIV-5C9D7ADAF2A18CFA | BASKET | KNIFE_EDGE | PAVE | PLATINUM | PT_950 | 1ct | imgs:3
[06:12:11][EMERALD] [7972] ? NIV-13FD9522A11EF2EE | BASKET | KNIFE_EDGE | PAVE | GOLD | KT_10 | 1ct | imgs:3
[06:12:15][EMERALD] [7973] ? NIV-13FD9522A11EF2EE | BASKET | KNIFE_EDGE | PAVE | GOLD | KT_10 | 1ct | imgs:3
[06:12:18][EMERALD] [7974] ? NIV-13FD9522A11EF2EE | BASKET | KNIFE_EDGE | PAVE | GOLD | KT_10 | 1ct | imgs:3
[06:12:21][EMERALD] [7975] ? NIV-7D36C4401D4D9FAB | BASKET | KNIFE_EDGE | PAVE | GOLD | KT_10 | 1ct | imgs:1
[06:12:27][EMERALD] [7976] ? NIV-7D36C4401D4D9FAB | BASKET | KNIFE_EDGE | PAVE | GOLD | KT_10 | 1ct | imgs:3
[06:12:33][EMERALD] [7977] ? NIV-7D36C4401D4D9FAB | BASKET | KNIFE_EDGE | PAVE | GOLD | KT_10 | 1ct | imgs:3
[06:12:36][EMERALD] [7978] ? NIV-7CDBB58E2418F162 | BASKET | KNIFE_EDGE | PAVE | GOLD | KT_10 | 1ct | imgs:3
[06:12:42][EMERALD] [7979] ? NIV-7CDBB58E2418F162 | BASKET | KNIFE_EDGE | PAVE | GOLD | KT_10 | 1ct | imgs:3
[06:12:45][EMERALD] [7980] ? NIV-7CDBB58E2418F162 | BASKET | KNIFE_EDGE | PAVE | GOLD | KT_10 | 1ct | imgs:3
[06:12:51][EMERALD] [7981] ? NIV-5A1A7318719BD2B0 | BASKET | KNIFE_EDGE | PAVE | GOLD | KT_14 | 1ct | imgs:3
[06:12:57][EMERALD] [7982] ? NIV-5A1A7318719BD2B0 | BASKET | KNIFE_EDGE | PAVE | GOLD | KT_14 | 1ct | imgs:3
[06:13:03][EMERALD] [7983] ? NIV-5A1A7318719BD2B0 | BASKET | KNIFE_EDGE | PAVE | GOLD | KT_14 | 1ct | imgs:3
[06:13:14][EMERALD] [7984] ??  NIV-5A1A7318719BD2B0 | BASKET | KNIFE_EDGE | PAVE | GOLD | KT_14 | 1ct | imgs:0
[06:13:18][EMERALD] [7985] ? NIV-DEF8C9C6E7B0A2D3 | BASKET | KNIFE_EDGE | PAVE | GOLD | KT_14 | 1ct | imgs:3
[06:13:24][EMERALD] [7986] ? NIV-DEF8C9C6E7B0A2D3 | BASKET | KNIFE_EDGE | PAVE | GOLD | KT_14 | 1ct | imgs:3
[06:13:30][EMERALD] [7987] ? NIV-BC8368ECE0F3527E | BASKET | KNIFE_EDGE | PAVE | GOLD | KT_14 | 1ct | imgs:1
[06:13:35][EMERALD] [7988] ? NIV-BC8368ECE0F3527E | BASKET | KNIFE_EDGE | PAVE | GOLD | KT_14 | 1ct | imgs:3
[06:13:42][EMERALD] [7989] ? NIV-BC8368ECE0F3527E | BASKET | KNIFE_EDGE | PAVE | GOLD | KT_14 | 1ct | imgs:3
[06:13:47][EMERALD] [7990] ? NIV-B245590AD872F65D | BASKET | KNIFE_EDGE | PAVE | GOLD | KT_18 | 1ct | imgs:3
[06:13:54][EMERALD] [7991] ? NIV-B245590AD872F65D | BASKET | KNIFE_EDGE | PAVE | GOLD | KT_18 | 1ct | imgs:3
[06:13:59][EMERALD] [7992] ? NIV-B245590AD872F65D | BASKET | KNIFE_EDGE | PAVE | GOLD | KT_18 | 1ct | imgs:3
[06:14:03][EMERALD] [7993] ? NIV-D4FFD08BDE00C2A6 | BASKET | KNIFE_EDGE | PAVE | GOLD | KT_18 | 1ct | imgs:3
[06:14:09][EMERALD] [7994] ? NIV-D4FFD08BDE00C2A6 | BASKET | KNIFE_EDGE | PAVE | GOLD | KT_18 | 1ct | imgs:3
[06:14:15][EMERALD] [7995] ? NIV-D4FFD08BDE00C2A6 | BASKET | KNIFE_EDGE | PAVE | GOLD | KT_18 | 1ct | imgs:3
[06:14:17][EMERALD] [7996] ? NIV-DAA19F477763A160 | BASKET | KNIFE_EDGE | PAVE | GOLD | KT_18 | 1ct | imgs:3
[06:14:21][EMERALD] [7997] ? NIV-DAA19F477763A160 | BASKET | KNIFE_EDGE | PAVE | GOLD | KT_18 | 1ct | imgs:3
[06:14:26][EMERALD] [7998] ? NIV-DAA19F477763A160 | BASKET | KNIFE_EDGE | PAVE | GOLD | KT_18 | 1ct | imgs:3
[06:14:30][EMERALD] [7999] ? NIV-85199B28F44E4356 | BASKET | KNIFE_EDGE | PAVE | PLATINUM | PT_950 | 1ct | imgs:2
[06:14:36][EMERALD] [8000] ? NIV-DA452B86DB6CCC2C | BASKET | KNIFE_EDGE | PAVE | GOLD | KT_10 | 1ct | imgs:3
[06:14:42][EMERALD] [8001] ? NIV-DA452B86DB6CCC2C | BASKET | KNIFE_EDGE | PAVE | GOLD | KT_10 | 1ct | imgs:3
[06:14:48][EMERALD] [8002] ? NIV-DA452B86DB6CCC2C | BASKET | KNIFE_EDGE | PAVE | GOLD | KT_10 | 1ct | imgs:3
[06:14:50][EMERALD] [8003] ? NIV-B29D7AAFC18851B1 | BASKET | KNIFE_EDGE | PAVE | GOLD | KT_10 | 1ct | imgs:3
[06:14:54][EMERALD] [8004] ? NIV-B29D7AAFC18851B1 | BASKET | KNIFE_EDGE | PAVE | GOLD | KT_10 | 1ct | imgs:3
[06:14:59][EMERALD] [8005] ? NIV-B29D7AAFC18851B1 | BASKET | KNIFE_EDGE | PAVE | GOLD | KT_10 | 1ct | imgs:3
[06:15:11][EMERALD] [8006] ??  NIV-34AABF18DB3217AE | BASKET | KNIFE_EDGE | PAVE | GOLD | KT_10 | 1ct | imgs:0
[06:15:11][EMERALD]   Re-seleccionando EMERALD (intento 1)
[06:15:11][EMERALD]   Boton no encontrado ? recargando configurador...
[06:15:38][EMERALD]   Re-seleccionando EMERALD (intento 2)
[06:15:47][EMERALD] [8007] ? NIV-5F5A857F33EF336D | BASKET | KNIFE_EDGE | PAVE | GOLD | KT_10 | 1ct | imgs:3
[06:15:49][EMERALD] [8008] ? NIV-0617BAFFC8F22085 | BASKET | KNIFE_EDGE | PAVE | GOLD | KT_10 | 1ct | imgs:3
[06:15:54][EMERALD] [8009] ? NIV-81E6232CCE8CA806 | BASKET | KNIFE_EDGE | PAVE | GOLD | KT_14 | 1ct | imgs:3
[06:16:01][EMERALD] [8010] ? NIV-4C3578A90A6059BB | BASKET | KNIFE_EDGE | PAVE | GOLD | KT_14 | 1ct | imgs:1
[06:16:11][EMERALD] [8011] ? NIV-E25D858417889171 | BASKET | KNIFE_EDGE | PAVE | GOLD | KT_14 | 1ct | imgs:1
[06:16:19][EMERALD] [8012] ? NIV-D858673F8DBD7BA6 | BASKET | KNIFE_EDGE | PAVE | GOLD | KT_14 | 1ct | imgs:1
[06:16:27][EMERALD] [8013] ? NIV-E0402D71A5EDBF75 | BASKET | KNIFE_EDGE | PAVE | GOLD | KT_14 | 1ct | imgs:3
[06:16:35][EMERALD] [8014] ? NIV-24F4E28AF3790386 | BASKET | KNIFE_EDGE | PAVE | GOLD | KT_14 | 1ct | imgs:3
[06:16:40][EMERALD] [8015] ? NIV-EF4553EADC0F27DE | BASKET | KNIFE_EDGE | PAVE | GOLD | KT_14 | 1ct | imgs:1
[06:16:48][EMERALD] [8016] ? NIV-001E20217C64FE5F | BASKET | KNIFE_EDGE | PAVE | GOLD | KT_14 | 1ct | imgs:1
[06:16:58][EMERALD] [8017] ? NIV-5ACADED7F7C47728 | BASKET | KNIFE_EDGE | PAVE | GOLD | KT_14 | 1ct | imgs:1
[06:17:03][EMERALD] [8018] ? NIV-84C7F7530C70F70D | BASKET | KNIFE_EDGE | PAVE | GOLD | KT_18 | 1ct | imgs:3
[06:17:06][EMERALD] [8019] ? NIV-C58B0EAE6D5330BE | BASKET | KNIFE_EDGE | PAVE | GOLD | KT_18 | 1ct | imgs:3
[06:17:09][EMERALD] [8020] ? NIV-EAA574E805638E9C | BASKET | KNIFE_EDGE | PAVE | GOLD | KT_18 | 1ct | imgs:3
[06:17:14][EMERALD] [8021] ? NIV-8E441C273A81DF56 | BASKET | KNIFE_EDGE | PAVE | GOLD | KT_18 | 1ct | imgs:3
[06:17:18][EMERALD] [8022] ? NIV-C3AFBCCBEFFACDF6 | BASKET | KNIFE_EDGE | PAVE | GOLD | KT_18 | 1ct | imgs:1
[06:17:21][EMERALD] [8023] ? NIV-956C60F4CECC038F | BASKET | KNIFE_EDGE | PAVE | GOLD | KT_18 | 1ct | imgs:3
[06:17:25][EMERALD] [8024] ? NIV-D1FAB43C2D1A64D4 | BASKET | KNIFE_EDGE | PAVE | GOLD | KT_18 | 1ct | imgs:1
[06:17:28][EMERALD] [8025] ? NIV-D8A74E718B3EE441 | BASKET | KNIFE_EDGE | PAVE | GOLD | KT_18 | 1ct | imgs:3
[06:17:30][EMERALD] [8026] ? NIV-B24E12D244D82B84 | BASKET | KNIFE_EDGE | PAVE | GOLD | KT_18 | 1ct | imgs:3
[06:17:33][EMERALD] [8027] ? NIV-DE75F99A88EA3D49 | BASKET | KNIFE_EDGE | PAVE | PLATINUM | PT_950 | 1ct | imgs:3
[06:17:40][EMERALD] [8028] ? NIV-6C08AAD53E76D6D1 | BASKET | KNIFE_EDGE | PAVE | GOLD | KT_10 | 1ct | imgs:1
[06:17:45][EMERALD] [8029] ? NIV-6C08AAD53E76D6D1 | BASKET | KNIFE_EDGE | PAVE | GOLD | KT_10 | 1ct | imgs:3
[06:17:48][EMERALD] [8030] ? NIV-6C08AAD53E76D6D1 | BASKET | KNIFE_EDGE | PAVE | GOLD | KT_10 | 1ct | imgs:3
[06:17:51][EMERALD] [8031] ? NIV-D48D0ADCC527820B | BASKET | KNIFE_EDGE | PAVE | GOLD | KT_10 | 1ct | imgs:3
[06:17:57][EMERALD] [8032] ? NIV-D48D0ADCC527820B | BASKET | KNIFE_EDGE | PAVE | GOLD | KT_10 | 1ct | imgs:3
[06:18:03][EMERALD] [8033] ? NIV-D48D0ADCC527820B | BASKET | KNIFE_EDGE | PAVE | GOLD | KT_10 | 1ct | imgs:3
[06:18:07][EMERALD] [8034] ? NIV-5E9E4A8EBCAB8F7E | BASKET | KNIFE_EDGE | PAVE | GOLD | KT_10 | 1ct | imgs:1
[06:18:12][EMERALD] [8035] ? NIV-5E9E4A8EBCAB8F7E | BASKET | KNIFE_EDGE | PAVE | GOLD | KT_10 | 1ct | imgs:3
[06:18:15][EMERALD] [8036] ? NIV-5E9E4A8EBCAB8F7E | BASKET | KNIFE_EDGE | PAVE | GOLD | KT_10 | 1ct | imgs:3
[06:18:23][EMERALD] [8037] ? NIV-DEB51D8FB9D0283C | BASKET | KNIFE_EDGE | PAVE | GOLD | KT_14 | 1ct | imgs:1
[06:18:27][EMERALD] [8038] ? NIV-DEB51D8FB9D0283C | BASKET | KNIFE_EDGE | PAVE | GOLD | KT_14 | 1ct | imgs:3
[06:18:30][EMERALD] [8039] ? NIV-DEB51D8FB9D0283C | BASKET | KNIFE_EDGE | PAVE | GOLD | KT_14 | 1ct | imgs:3
[06:18:33][EMERALD] [8040] ? NIV-70C1BA6B15954E9A | BASKET | KNIFE_EDGE | PAVE | GOLD | KT_14 | 1ct | imgs:1
[06:18:39][EMERALD] [8041] ? NIV-70C1BA6B15954E9A | BASKET | KNIFE_EDGE | PAVE | GOLD | KT_14 | 1ct | imgs:3
[06:18:45][EMERALD] [8042] ? NIV-70C1BA6B15954E9A | BASKET | KNIFE_EDGE | PAVE | GOLD | KT_14 | 1ct | imgs:3
[06:18:48][EMERALD] [8043] ? NIV-BC0361B3E8ED3EE1 | BASKET | KNIFE_EDGE | PAVE | GOLD | KT_14 | 1ct | imgs:3
[06:18:54][EMERALD] [8044] ? NIV-BC0361B3E8ED3EE1 | BASKET | KNIFE_EDGE | PAVE | GOLD | KT_14 | 1ct | imgs:3
[06:19:00][EMERALD] [8045] ? NIV-BC0361B3E8ED3EE1 | BASKET | KNIFE_EDGE | PAVE | GOLD | KT_14 | 1ct | imgs:3
[06:19:06][EMERALD] [8046] ? NIV-EFE76D048B196CBB | BASKET | KNIFE_EDGE | PAVE | GOLD | KT_18 | 1ct | imgs:3
[06:19:09][EMERALD] [8047] ? NIV-EFE76D048B196CBB | BASKET | KNIFE_EDGE | PAVE | GOLD | KT_18 | 1ct | imgs:3
[06:19:15][EMERALD] [8048] ? NIV-EFE76D048B196CBB | BASKET | KNIFE_EDGE | PAVE | GOLD | KT_18 | 1ct | imgs:3
[06:19:18][EMERALD] [8049] ? NIV-799823962688B566 | BASKET | KNIFE_EDGE | PAVE | GOLD | KT_18 | 1ct | imgs:3
[06:19:21][EMERALD] [8050] ? NIV-799823962688B566 | BASKET | KNIFE_EDGE | PAVE | GOLD | KT_18 | 1ct | imgs:3
[06:19:27][EMERALD] [8051] ? NIV-799823962688B566 | BASKET | KNIFE_EDGE | PAVE | GOLD | KT_18 | 1ct | imgs:3
[06:19:30][EMERALD] [8052] ? NIV-9B9EDD127295271E | BASKET | KNIFE_EDGE | PAVE | GOLD | KT_18 | 1ct | imgs:3
[06:19:34][EMERALD] [8053] ? NIV-9B9EDD127295271E | BASKET | KNIFE_EDGE | PAVE | GOLD | KT_18 | 1ct | imgs:3
[06:19:39][EMERALD] [8054] ? NIV-9B9EDD127295271E | BASKET | KNIFE_EDGE | PAVE | GOLD | KT_18 | 1ct | imgs:3
[06:19:44][EMERALD] [8055] ? NIV-4675AFC18615FDBB | BASKET | KNIFE_EDGE | PAVE | PLATINUM | PT_950 | 1ct | imgs:3
[06:19:59][EMERALD] [8056] ??  NIV-3E6566E15858F994 | BASKET | KNIFE_EDGE | PAVE | GOLD | KT_10 | 1ct | imgs:0
[06:20:06][EMERALD] [8057] ? NIV-3E6566E15858F994 | BASKET | KNIFE_EDGE | PAVE | GOLD | KT_10 | 1ct | imgs:3
[06:20:12][EMERALD] [8058] ? NIV-3E6566E15858F994 | BASKET | KNIFE_EDGE | PAVE | GOLD | KT_10 | 1ct | imgs:3
[06:20:17][EMERALD] [8059] ? NIV-5E2C72B1021F8475 | BASKET | KNIFE_EDGE | PAVE | GOLD | KT_10 | 1ct | imgs:1
[06:20:21][EMERALD] [8060] ? NIV-5E2C72B1021F8475 | BASKET | KNIFE_EDGE | PAVE | GOLD | KT_10 | 1ct | imgs:3
[06:20:24][EMERALD] [8061] ? NIV-5E2C72B1021F8475 | BASKET | KNIFE_EDGE | PAVE | GOLD | KT_10 | 1ct | imgs:3
[06:20:31][EMERALD] [8062] ? NIV-B6C12105412F092C | BASKET | KNIFE_EDGE | PAVE | GOLD | KT_10 | 1ct | imgs:1
[06:20:36][EMERALD] [8063] ? NIV-B6C12105412F092C | BASKET | KNIFE_EDGE | PAVE | GOLD | KT_10 | 1ct | imgs:3
[06:20:39][EMERALD] [8064] ? NIV-B6C12105412F092C | BASKET | KNIFE_EDGE | PAVE | GOLD | KT_10 | 1ct | imgs:3
[06:20:45][EMERALD] [8065] ? NIV-CFEDF0243363AB29 | BASKET | KNIFE_EDGE | PAVE | GOLD | KT_14 | 1ct | imgs:1
[06:20:51][EMERALD] [8066] ? NIV-CFEDF0243363AB29 | BASKET | KNIFE_EDGE | PAVE | GOLD | KT_14 | 1ct | imgs:3
[06:20:57][EMERALD] [8067] ? NIV-CFEDF0243363AB29 | BASKET | KNIFE_EDGE | PAVE | GOLD | KT_14 | 1ct | imgs:3
[06:21:02][EMERALD] [8068] ? NIV-826AB88203889BC9 | BASKET | KNIFE_EDGE | PAVE | GOLD | KT_14 | 1ct | imgs:2
[06:21:06][EMERALD] [8069] ? NIV-826AB88203889BC9 | BASKET | KNIFE_EDGE | PAVE | GOLD | KT_14 | 1ct | imgs:3
[06:21:09][EMERALD] [8070] ? NIV-826AB88203889BC9 | BASKET | KNIFE_EDGE | PAVE | GOLD | KT_14 | 1ct | imgs:3
[06:21:12][EMERALD] [8071] ? NIV-FBCCB66AE461826F | BASKET | KNIFE_EDGE | PAVE | GOLD | KT_14 | 1ct | imgs:1
[06:21:15][EMERALD] [8072] ? NIV-FBCCB66AE461826F | BASKET | KNIFE_EDGE | PAVE | GOLD | KT_14 | 1ct | imgs:3
[06:21:19][EMERALD] [8073] ? NIV-FBCCB66AE461826F | BASKET | KNIFE_EDGE | PAVE | GOLD | KT_14 | 1ct | imgs:3
[06:21:26][EMERALD] [8074] ? NIV-212C30BDCE503BFB | BASKET | KNIFE_EDGE | PAVE | GOLD | KT_18 | 1ct | imgs:3
[06:21:30][EMERALD] [8075] ? NIV-212C30BDCE503BFB | BASKET | KNIFE_EDGE | PAVE | GOLD | KT_18 | 1ct | imgs:3
[06:21:36][EMERALD] [8076] ? NIV-212C30BDCE503BFB | BASKET | KNIFE_EDGE | PAVE | GOLD | KT_18 | 1ct | imgs:3
[06:21:42][EMERALD] [8077] ? NIV-D341397942DB6ECF | BASKET | KNIFE_EDGE | PAVE | GOLD | KT_18 | 1ct | imgs:3
[06:21:45][EMERALD] [8078] ? NIV-D341397942DB6ECF | BASKET | KNIFE_EDGE | PAVE | GOLD | KT_18 | 1ct | imgs:3
[06:21:51][EMERALD] [8079] ? NIV-D341397942DB6ECF | BASKET | KNIFE_EDGE | PAVE | GOLD | KT_18 | 1ct | imgs:3
[06:21:55][EMERALD] [8080] ? NIV-3FD60824C6CC280B | BASKET | KNIFE_EDGE | PAVE | GOLD | KT_18 | 1ct | imgs:1
[06:22:00][EMERALD] [8081] ? NIV-3FD60824C6CC280B | BASKET | KNIFE_EDGE | PAVE | GOLD | KT_18 | 1ct | imgs:3
[06:22:06][EMERALD] [8082] ? NIV-3FD60824C6CC280B | BASKET | KNIFE_EDGE | PAVE | GOLD | KT_18 | 1ct | imgs:3
[06:22:13][EMERALD] [8083] ? NIV-0E616B037BBD27A6 | BASKET | KNIFE_EDGE | PAVE | PLATINUM | PT_950 | 1ct | imgs:1
[06:22:21][EMERALD] [8084] ? NIV-2976C15504BEA6A1 | BASKET | SINGLE | NONE | GOLD | KT_10 | 1ct | imgs:3
[06:22:25][EMERALD] [8085] ? NIV-2976C15504BEA6A1 | BASKET | SINGLE | NONE | GOLD | KT_10 | 1ct | imgs:3
[06:22:30][EMERALD] [8086] ? NIV-2976C15504BEA6A1 | BASKET | SINGLE | NONE | GOLD | KT_10 | 1ct | imgs:3
[06:22:37][EMERALD] [8087] ? NIV-DFD392AE87D500C9 | BASKET | SINGLE | NONE | GOLD | KT_10 | 1ct | imgs:1
[06:22:42][EMERALD] [8088] ? NIV-DFD392AE87D500C9 | BASKET | SINGLE | NONE | GOLD | KT_10 | 1ct | imgs:3
[06:22:45][EMERALD] [8089] ? NIV-DFD392AE87D500C9 | BASKET | SINGLE | NONE | GOLD | KT_10 | 1ct | imgs:3
[06:22:48][EMERALD] [8090] ? NIV-29DD8E52D3103B43 | BASKET | SINGLE | NONE | GOLD | KT_10 | 1ct | imgs:3
[06:22:54][EMERALD] [8091] ? NIV-29DD8E52D3103B43 | BASKET | SINGLE | NONE | GOLD | KT_10 | 1ct | imgs:3
[06:23:00][EMERALD] [8092] ? NIV-29DD8E52D3103B43 | BASKET | SINGLE | NONE | GOLD | KT_10 | 1ct | imgs:3
[06:23:06][EMERALD] [8093] ? NIV-81E6232CCE8CA806 | BASKET | SINGLE | NONE | GOLD | KT_14 | 1ct | imgs:3
[06:23:12][EMERALD] [8094] ? NIV-81E6232CCE8CA806 | BASKET | SINGLE | NONE | GOLD | KT_14 | 1ct | imgs:3
[06:23:18][EMERALD] [8095] ? NIV-81E6232CCE8CA806 | BASKET | SINGLE | NONE | GOLD | KT_14 | 1ct | imgs:3
[06:23:21][EMERALD] [8096] ? NIV-D858673F8DBD7BA6 | BASKET | SINGLE | NONE | GOLD | KT_14 | 1ct | imgs:3
[06:23:24][EMERALD] [8097] ? NIV-D858673F8DBD7BA6 | BASKET | SINGLE | NONE | GOLD | KT_14 | 1ct | imgs:3
[06:23:30][EMERALD] [8098] ? NIV-D858673F8DBD7BA6 | BASKET | SINGLE | NONE | GOLD | KT_14 | 1ct | imgs:3
[06:23:33][EMERALD] [8099] ? NIV-EF4553EADC0F27DE | BASKET | SINGLE | NONE | GOLD | KT_14 | 1ct | imgs:3
[06:23:36][EMERALD] [8100] ? NIV-EF4553EADC0F27DE | BASKET | SINGLE | NONE | GOLD | KT_14 | 1ct | imgs:3
[06:23:42][EMERALD] [8101] ? NIV-EF4553EADC0F27DE | BASKET | SINGLE | NONE | GOLD | KT_14 | 1ct | imgs:3
[06:23:48][EMERALD] [8102] ? NIV-84C7F7530C70F70D | BASKET | SINGLE | NONE | GOLD | KT_18 | 1ct | imgs:3
[06:23:51][EMERALD] [8103] ? NIV-84C7F7530C70F70D | BASKET | SINGLE | NONE | GOLD | KT_18 | 1ct | imgs:3
[06:23:57][EMERALD] [8104] ? NIV-84C7F7530C70F70D | BASKET | SINGLE | NONE | GOLD | KT_18 | 1ct | imgs:3
[06:24:00][EMERALD] [8105] ? NIV-8E441C273A81DF56 | BASKET | SINGLE | NONE | GOLD | KT_18 | 1ct | imgs:3
[06:24:06][EMERALD] [8106] ? NIV-8E441C273A81DF56 | BASKET | SINGLE | NONE | GOLD | KT_18 | 1ct | imgs:3
[06:24:12][EMERALD] [8107] ? NIV-8E441C273A81DF56 | BASKET | SINGLE | NONE | GOLD | KT_18 | 1ct | imgs:3
[06:24:15][EMERALD] [8108] ? NIV-D1FAB43C2D1A64D4 | BASKET | SINGLE | NONE | GOLD | KT_18 | 1ct | imgs:3
[06:24:21][EMERALD] [8109] ? NIV-D1FAB43C2D1A64D4 | BASKET | SINGLE | NONE | GOLD | KT_18 | 1ct | imgs:3
[06:24:27][EMERALD] [8110] ? NIV-D1FAB43C2D1A64D4 | BASKET | SINGLE | NONE | GOLD | KT_18 | 1ct | imgs:3
[06:24:30][EMERALD] [8111] ? NIV-DE75F99A88EA3D49 | BASKET | SINGLE | NONE | PLATINUM | PT_950 | 1ct | imgs:3
[06:24:36][EMERALD] [8112] ? NIV-6C08AAD53E76D6D1 | BASKET | SINGLE | NONE | GOLD | KT_10 | 1ct | imgs:3
[06:24:42][EMERALD] [8113] ? NIV-6C08AAD53E76D6D1 | BASKET | SINGLE | NONE | GOLD | KT_10 | 1ct | imgs:3
[06:24:46][EMERALD] [8114] ? NIV-6C08AAD53E76D6D1 | BASKET | SINGLE | NONE | GOLD | KT_10 | 1ct | imgs:3
[06:24:48][EMERALD] [8115] ? NIV-D48D0ADCC527820B | BASKET | SINGLE | NONE | GOLD | KT_10 | 1ct | imgs:3
[06:24:52][EMERALD] [8116] ? NIV-D48D0ADCC527820B | BASKET | SINGLE | NONE | GOLD | KT_10 | 1ct | imgs:3
[06:24:57][EMERALD] [8117] ? NIV-D48D0ADCC527820B | BASKET | SINGLE | NONE | GOLD | KT_10 | 1ct | imgs:3
[06:25:00][EMERALD] [8118] ? NIV-5E9E4A8EBCAB8F7E | BASKET | SINGLE | NONE | GOLD | KT_10 | 1ct | imgs:3
[06:25:04][EMERALD] [8119] ? NIV-5E9E4A8EBCAB8F7E | BASKET | SINGLE | NONE | GOLD | KT_10 | 1ct | imgs:3
[06:25:09][EMERALD] [8120] ? NIV-5E9E4A8EBCAB8F7E | BASKET | SINGLE | NONE | GOLD | KT_10 | 1ct | imgs:3
[06:25:15][EMERALD] [8121] ? NIV-DEB51D8FB9D0283C | BASKET | SINGLE | NONE | GOLD | KT_14 | 1ct | imgs:3
[06:25:18][EMERALD] [8122] ? NIV-DEB51D8FB9D0283C | BASKET | SINGLE | NONE | GOLD | KT_14 | 1ct | imgs:3
[06:25:24][EMERALD] [8123] ? NIV-DEB51D8FB9D0283C | BASKET | SINGLE | NONE | GOLD | KT_14 | 1ct | imgs:3
[06:25:27][EMERALD] [8124] ? NIV-70C1BA6B15954E9A | BASKET | SINGLE | NONE | GOLD | KT_14 | 1ct | imgs:3
[06:25:33][EMERALD] [8125] ? NIV-70C1BA6B15954E9A | BASKET | SINGLE | NONE | GOLD | KT_14 | 1ct | imgs:3
[06:25:36][EMERALD] [8126] ? NIV-70C1BA6B15954E9A | BASKET | SINGLE | NONE | GOLD | KT_14 | 1ct | imgs:3
[06:25:39][EMERALD] [8127] ? NIV-BC0361B3E8ED3EE1 | BASKET | SINGLE | NONE | GOLD | KT_14 | 1ct | imgs:3
[06:25:45][EMERALD] [8128] ? NIV-BC0361B3E8ED3EE1 | BASKET | SINGLE | NONE | GOLD | KT_14 | 1ct | imgs:3
[06:25:51][EMERALD] [8129] ? NIV-BC0361B3E8ED3EE1 | BASKET | SINGLE | NONE | GOLD | KT_14 | 1ct | imgs:3
[06:25:57][EMERALD] [8130] ? NIV-EFE76D048B196CBB | BASKET | SINGLE | NONE | GOLD | KT_18 | 1ct | imgs:3
[06:26:03][EMERALD] [8131] ? NIV-EFE76D048B196CBB | BASKET | SINGLE | NONE | GOLD | KT_18 | 1ct | imgs:3
[06:26:07][EMERALD] [8132] ? NIV-EFE76D048B196CBB | BASKET | SINGLE | NONE | GOLD | KT_18 | 1ct | imgs:3
[06:26:09][EMERALD] [8133] ? NIV-799823962688B566 | BASKET | SINGLE | NONE | GOLD | KT_18 | 1ct | imgs:3
[06:26:15][EMERALD] [8134] ? NIV-799823962688B566 | BASKET | SINGLE | NONE | GOLD | KT_18 | 1ct | imgs:3
[06:26:18][EMERALD] [8135] ? NIV-799823962688B566 | BASKET | SINGLE | NONE | GOLD | KT_18 | 1ct | imgs:3
[06:26:21][EMERALD] [8136] ? NIV-9B9EDD127295271E | BASKET | SINGLE | NONE | GOLD | KT_18 | 1ct | imgs:3
[06:26:27][EMERALD] [8137] ? NIV-9B9EDD127295271E | BASKET | SINGLE | NONE | GOLD | KT_18 | 1ct | imgs:3
[06:26:33][EMERALD] [8138] ? NIV-9B9EDD127295271E | BASKET | SINGLE | NONE | GOLD | KT_18 | 1ct | imgs:3
[06:26:36][EMERALD] [8139] ? NIV-4675AFC18615FDBB | BASKET | SINGLE | NONE | PLATINUM | PT_950 | 1ct | imgs:3
[06:26:42][EMERALD] [8140] ? NIV-3E6566E15858F994 | BASKET | SINGLE | NONE | GOLD | KT_10 | 1ct | imgs:3
[06:26:48][EMERALD] [8141] ? NIV-3E6566E15858F994 | BASKET | SINGLE | NONE | GOLD | KT_10 | 1ct | imgs:3
[06:26:54][EMERALD] [8142] ? NIV-3E6566E15858F994 | BASKET | SINGLE | NONE | GOLD | KT_10 | 1ct | imgs:3
[06:26:57][EMERALD] [8143] ? NIV-5E2C72B1021F8475 | BASKET | SINGLE | NONE | GOLD | KT_10 | 1ct | imgs:3
[06:27:03][EMERALD] [8144] ? NIV-5E2C72B1021F8475 | BASKET | SINGLE | NONE | GOLD | KT_10 | 1ct | imgs:3
[06:27:09][EMERALD] [8145] ? NIV-5E2C72B1021F8475 | BASKET | SINGLE | NONE | GOLD | KT_10 | 1ct | imgs:3
[06:27:12][EMERALD] [8146] ? NIV-B6C12105412F092C | BASKET | SINGLE | NONE | GOLD | KT_10 | 1ct | imgs:3
[06:27:18][EMERALD] [8147] ? NIV-B6C12105412F092C | BASKET | SINGLE | NONE | GOLD | KT_10 | 1ct | imgs:3
[06:27:24][EMERALD] [8148] ? NIV-B6C12105412F092C | BASKET | SINGLE | NONE | GOLD | KT_10 | 1ct | imgs:3
[06:27:27][EMERALD] [8149] ? NIV-CFEDF0243363AB29 | BASKET | SINGLE | NONE | GOLD | KT_14 | 1ct | imgs:3
[06:27:31][EMERALD] [8150] ? NIV-CFEDF0243363AB29 | BASKET | SINGLE | NONE | GOLD | KT_14 | 1ct | imgs:3
[06:27:36][EMERALD] [8151] ? NIV-CFEDF0243363AB29 | BASKET | SINGLE | NONE | GOLD | KT_14 | 1ct | imgs:3
[06:27:39][EMERALD] [8152] ? NIV-826AB88203889BC9 | BASKET | SINGLE | NONE | GOLD | KT_14 | 1ct | imgs:3
[06:27:42][EMERALD] [8153] ? NIV-826AB88203889BC9 | BASKET | SINGLE | NONE | GOLD | KT_14 | 1ct | imgs:3
[06:27:45][EMERALD] [8154] ? NIV-826AB88203889BC9 | BASKET | SINGLE | NONE | GOLD | KT_14 | 1ct | imgs:3
[06:27:48][EMERALD] [8155] ? NIV-FBCCB66AE461826F | BASKET | SINGLE | NONE | GOLD | KT_14 | 1ct | imgs:3
[06:27:54][EMERALD] [8156] ? NIV-FBCCB66AE461826F | BASKET | SINGLE | NONE | GOLD | KT_14 | 1ct | imgs:3
[06:27:58][EMERALD] [8157] ? NIV-FBCCB66AE461826F | BASKET | SINGLE | NONE | GOLD | KT_14 | 1ct | imgs:3
[06:28:01][EMERALD] [8158] ? NIV-212C30BDCE503BFB | BASKET | SINGLE | NONE | GOLD | KT_18 | 1ct | imgs:3
[06:28:06][EMERALD] [8159] ? NIV-212C30BDCE503BFB | BASKET | SINGLE | NONE | GOLD | KT_18 | 1ct | imgs:3
[06:28:12][EMERALD] [8160] ? NIV-212C30BDCE503BFB | BASKET | SINGLE | NONE | GOLD | KT_18 | 1ct | imgs:3
[06:28:16][EMERALD] [8161] ? NIV-D341397942DB6ECF | BASKET | SINGLE | NONE | GOLD | KT_18 | 1ct | imgs:3
[06:28:21][EMERALD] [8162] ? NIV-D341397942DB6ECF | BASKET | SINGLE | NONE | GOLD | KT_18 | 1ct | imgs:3
[06:28:27][EMERALD] [8163] ? NIV-D341397942DB6ECF | BASKET | SINGLE | NONE | GOLD | KT_18 | 1ct | imgs:3
[06:28:31][EMERALD] [8164] ? NIV-3FD60824C6CC280B | BASKET | SINGLE | NONE | GOLD | KT_18 | 1ct | imgs:3
[06:28:36][EMERALD] [8165] ? NIV-3FD60824C6CC280B | BASKET | SINGLE | NONE | GOLD | KT_18 | 1ct | imgs:3
[06:28:42][EMERALD] [8166] ? NIV-3FD60824C6CC280B | BASKET | SINGLE | NONE | GOLD | KT_18 | 1ct | imgs:3
[06:28:48][EMERALD] [8167] ? NIV-0E616B037BBD27A6 | BASKET | SINGLE | NONE | PLATINUM | PT_950 | 1ct | imgs:3
[06:28:57][EMERALD] [8168] ? NIV-6DD049BA6D7A3F4A | BASKET | SINGLE | NONE | GOLD | KT_10 | 1ct | imgs:1
[06:29:03][EMERALD] [8169] ? NIV-6DD049BA6D7A3F4A | BASKET | SINGLE | NONE | GOLD | KT_10 | 1ct | imgs:3
[06:29:06][EMERALD] [8170] ? NIV-6DD049BA6D7A3F4A | BASKET | SINGLE | NONE | GOLD | KT_10 | 1ct | imgs:3
[06:29:10][EMERALD] [8171] ? NIV-183C0E3A83D7067F | BASKET | SINGLE | NONE | GOLD | KT_10 | 1ct | imgs:1
[06:29:15][EMERALD] [8172] ? NIV-183C0E3A83D7067F | BASKET | SINGLE | NONE | GOLD | KT_10 | 1ct | imgs:3
[06:29:18][EMERALD] [8173] ? NIV-183C0E3A83D7067F | BASKET | SINGLE | NONE | GOLD | KT_10 | 1ct | imgs:3
[06:29:21][EMERALD] [8174] ? NIV-9971456040BD3F6B | BASKET | SINGLE | NONE | GOLD | KT_10 | 1ct | imgs:3
[06:29:25][EMERALD] [8175] ? NIV-9971456040BD3F6B | BASKET | SINGLE | NONE | GOLD | KT_10 | 1ct | imgs:3
[06:29:30][EMERALD] [8176] ? NIV-9971456040BD3F6B | BASKET | SINGLE | NONE | GOLD | KT_10 | 1ct | imgs:3
[06:29:33][EMERALD] [8177] ? NIV-5BE126DE735E08F4 | BASKET | SINGLE | NONE | GOLD | KT_14 | 1ct | imgs:3
[06:29:39][EMERALD] [8178] ? NIV-5BE126DE735E08F4 | BASKET | SINGLE | NONE | GOLD | KT_14 | 1ct | imgs:3
[06:29:42][EMERALD] [8179] ? NIV-5BE126DE735E08F4 | BASKET | SINGLE | NONE | GOLD | KT_14 | 1ct | imgs:3
[06:29:46][EMERALD] [8180] ? NIV-F8F6A62311F2A0DF | BASKET | SINGLE | NONE | GOLD | KT_14 | 1ct | imgs:1
[06:29:51][EMERALD] [8181] ? NIV-F8F6A62311F2A0DF | BASKET | SINGLE | NONE | GOLD | KT_14 | 1ct | imgs:3
[06:29:54][EMERALD] [8182] ? NIV-F8F6A62311F2A0DF | BASKET | SINGLE | NONE | GOLD | KT_14 | 1ct | imgs:3
[06:29:57][EMERALD] [8183] ? NIV-14DAED96C1F7D434 | BASKET | SINGLE | NONE | GOLD | KT_14 | 1ct | imgs:3
[06:30:03][EMERALD] [8184] ? NIV-14DAED96C1F7D434 | BASKET | SINGLE | NONE | GOLD | KT_14 | 1ct | imgs:3
[06:30:09][EMERALD] [8185] ? NIV-14DAED96C1F7D434 | BASKET | SINGLE | NONE | GOLD | KT_14 | 1ct | imgs:3
[06:30:13][EMERALD] [8186] ? NIV-8BD7E6B3C59ADA65 | BASKET | SINGLE | NONE | GOLD | KT_18 | 1ct | imgs:3
[06:30:18][EMERALD] [8187] ? NIV-8BD7E6B3C59ADA65 | BASKET | SINGLE | NONE | GOLD | KT_18 | 1ct | imgs:3
[06:30:21][EMERALD] [8188] ? NIV-8BD7E6B3C59ADA65 | BASKET | SINGLE | NONE | GOLD | KT_18 | 1ct | imgs:3
[06:30:24][EMERALD] [8189] ? NIV-8AC02EF934365EEE | BASKET | SINGLE | NONE | GOLD | KT_18 | 1ct | imgs:3
[06:30:30][EMERALD] [8190] ? NIV-8AC02EF934365EEE | BASKET | SINGLE | NONE | GOLD | KT_18 | 1ct | imgs:3
[06:30:36][EMERALD] [8191] ? NIV-8AC02EF934365EEE | BASKET | SINGLE | NONE | GOLD | KT_18 | 1ct | imgs:3
[06:30:39][EMERALD] [8192] ? NIV-98C06C9C72D7779A | BASKET | SINGLE | NONE | GOLD | KT_18 | 1ct | imgs:3
[06:30:45][EMERALD] [8193] ? NIV-98C06C9C72D7779A | BASKET | SINGLE | NONE | GOLD | KT_18 | 1ct | imgs:3
[06:30:51][EMERALD] [8194] ? NIV-98C06C9C72D7779A | BASKET | SINGLE | NONE | GOLD | KT_18 | 1ct | imgs:3
[06:30:54][EMERALD] [8195] ? NIV-9E67D2158994C42E | BASKET | SINGLE | NONE | PLATINUM | PT_950 | 1ct | imgs:3
[06:31:00][EMERALD] [8196] ? NIV-0E8D8B7738274B79 | BASKET | SINGLE | NONE | GOLD | KT_10 | 1ct | imgs:3
[06:31:03][EMERALD] [8197] ? NIV-0E8D8B7738274B79 | BASKET | SINGLE | NONE | GOLD | KT_10 | 1ct | imgs:3
[06:31:07][EMERALD] [8198] ? NIV-0E8D8B7738274B79 | BASKET | SINGLE | NONE | GOLD | KT_10 | 1ct | imgs:3
[06:31:10][EMERALD] [8199] ? NIV-59FB9FB48B1919F3 | BASKET | SINGLE | NONE | GOLD | KT_10 | 1ct | imgs:3
[06:31:15][EMERALD] [8200] ? NIV-59FB9FB48B1919F3 | BASKET | SINGLE | NONE | GOLD | KT_10 | 1ct | imgs:3
[06:31:21][EMERALD] [8201] ? NIV-59FB9FB48B1919F3 | BASKET | SINGLE | NONE | GOLD | KT_10 | 1ct | imgs:3
[06:31:24][EMERALD] [8202] ? NIV-B8D28660020D8A0E | BASKET | SINGLE | NONE | GOLD | KT_10 | 1ct | imgs:3
[06:31:30][EMERALD] [8203] ? NIV-B8D28660020D8A0E | BASKET | SINGLE | NONE | GOLD | KT_10 | 1ct | imgs:3
[06:31:33][EMERALD] [8204] ? NIV-B8D28660020D8A0E | BASKET | SINGLE | NONE | GOLD | KT_10 | 1ct | imgs:3
[06:31:39][EMERALD] [8205] ? NIV-134174B5F65ED49F | BASKET | SINGLE | NONE | GOLD | KT_14 | 1ct | imgs:3
[06:31:45][EMERALD] [8206] ? NIV-134174B5F65ED49F | BASKET | SINGLE | NONE | GOLD | KT_14 | 1ct | imgs:3
[06:31:49][EMERALD] [8207] ? NIV-134174B5F65ED49F | BASKET | SINGLE | NONE | GOLD | KT_14 | 1ct | imgs:3
[06:31:51][EMERALD] [8208] ? NIV-8B0178267D726233 | BASKET | SINGLE | NONE | GOLD | KT_14 | 1ct | imgs:3
[06:31:55][EMERALD] [8209] ? NIV-8B0178267D726233 | BASKET | SINGLE | NONE | GOLD | KT_14 | 1ct | imgs:3
[06:32:00][EMERALD] [8210] ? NIV-8B0178267D726233 | BASKET | SINGLE | NONE | GOLD | KT_14 | 1ct | imgs:3
[06:32:03][EMERALD] [8211] ? NIV-B9E186C24500E624 | BASKET | SINGLE | NONE | GOLD | KT_14 | 1ct | imgs:3
[06:32:06][EMERALD] [8212] ? NIV-B9E186C24500E624 | BASKET | SINGLE | NONE | GOLD | KT_14 | 1ct | imgs:3
[06:32:09][EMERALD] [8213] ? NIV-B9E186C24500E624 | BASKET | SINGLE | NONE | GOLD | KT_14 | 1ct | imgs:3
[06:32:14][EMERALD] [8214] ? NIV-E8113491ECBA1358 | BASKET | SINGLE | NONE | GOLD | KT_18 | 1ct | imgs:1
[06:32:18][EMERALD] [8215] ? NIV-E8113491ECBA1358 | BASKET | SINGLE | NONE | GOLD | KT_18 | 1ct | imgs:3
[06:32:21][EMERALD] [8216] ? NIV-E8113491ECBA1358 | BASKET | SINGLE | NONE | GOLD | KT_18 | 1ct | imgs:3
[06:32:24][EMERALD] [8217] ? NIV-BF42BD004DE3CF3A | BASKET | SINGLE | NONE | GOLD | KT_18 | 1ct | imgs:1
[06:32:30][EMERALD] [8218] ? NIV-BF42BD004DE3CF3A | BASKET | SINGLE | NONE | GOLD | KT_18 | 1ct | imgs:3
[06:32:36][EMERALD] [8219] ? NIV-BF42BD004DE3CF3A | BASKET | SINGLE | NONE | GOLD | KT_18 | 1ct | imgs:3
[06:32:42][EMERALD] [8220] ? NIV-55E350E722DEA468 | BASKET | SINGLE | NONE | GOLD | KT_18 | 1ct | imgs:3
[06:32:45][EMERALD] [8221] ? NIV-55E350E722DEA468 | BASKET | SINGLE | NONE | GOLD | KT_18 | 1ct | imgs:3
[06:32:51][EMERALD] [8222] ? NIV-55E350E722DEA468 | BASKET | SINGLE | NONE | GOLD | KT_18 | 1ct | imgs:3
[06:32:54][EMERALD] [8223] ? NIV-BFB790931961BB42 | BASKET | SINGLE | NONE | PLATINUM | PT_950 | 1ct | imgs:3
[06:33:03][EMERALD] [8224] ? NIV-0EEBA060C0E74D66 | BASKET | SINGLE | NONE | GOLD | KT_10 | 1ct | imgs:3
[06:33:09][EMERALD] [8225] ? NIV-0EEBA060C0E74D66 | BASKET | SINGLE | NONE | GOLD | KT_10 | 1ct | imgs:3
[06:33:15][EMERALD] [8226] ? NIV-0EEBA060C0E74D66 | BASKET | SINGLE | NONE | GOLD | KT_10 | 1ct | imgs:3
[06:33:19][EMERALD] [8227] ? NIV-9C2497D80829D452 | BASKET | SINGLE | NONE | GOLD | KT_10 | 1ct | imgs:1
[06:33:24][EMERALD] [8228] ? NIV-9C2497D80829D452 | BASKET | SINGLE | NONE | GOLD | KT_10 | 1ct | imgs:3
[06:33:28][EMERALD] [8229] ? NIV-9C2497D80829D452 | BASKET | SINGLE | NONE | GOLD | KT_10 | 1ct | imgs:3
[06:33:30][EMERALD] [8230] ? NIV-CCEC8FC54237CE35 | BASKET | SINGLE | NONE | GOLD | KT_10 | 1ct | imgs:3
[06:33:36][EMERALD] [8231] ? NIV-CCEC8FC54237CE35 | BASKET | SINGLE | NONE | GOLD | KT_10 | 1ct | imgs:3
[06:33:39][EMERALD] [8232] ? NIV-CCEC8FC54237CE35 | BASKET | SINGLE | NONE | GOLD | KT_10 | 1ct | imgs:3
[06:33:42][EMERALD] [8233] ? NIV-B9B6DD43D96E532D | BASKET | SINGLE | NONE | GOLD | KT_14 | 1ct | imgs:3
[06:33:48][EMERALD] [8234] ? NIV-B9B6DD43D96E532D | BASKET | SINGLE | NONE | GOLD | KT_14 | 1ct | imgs:3
[06:33:54][EMERALD] [8235] ? NIV-B9B6DD43D96E532D | BASKET | SINGLE | NONE | GOLD | KT_14 | 1ct | imgs:3
[06:33:58][EMERALD] [8236] ? NIV-9857AF3A9005445A | BASKET | SINGLE | NONE | GOLD | KT_14 | 1ct | imgs:1
[06:34:03][EMERALD] [8237] ? NIV-9857AF3A9005445A | BASKET | SINGLE | NONE | GOLD | KT_14 | 1ct | imgs:3
[06:34:09][EMERALD] [8238] ? NIV-9857AF3A9005445A | BASKET | SINGLE | NONE | GOLD | KT_14 | 1ct | imgs:3
[06:34:20][EMERALD] [8239] ??  NIV-9857AF3A9005445A | BASKET | SINGLE | NONE | GOLD | KT_14 | 1ct | imgs:0
[06:34:24][EMERALD] [8240] ? NIV-8614821B2204FCD9 | BASKET | SINGLE | NONE | GOLD | KT_14 | 1ct | imgs:3
[06:34:30][EMERALD] [8241] ? NIV-8614821B2204FCD9 | BASKET | SINGLE | NONE | GOLD | KT_14 | 1ct | imgs:3
[06:34:34][EMERALD] [8242] ? NIV-82C4090A163B9F5F | BASKET | SINGLE | NONE | GOLD | KT_18 | 1ct | imgs:3
[06:34:39][EMERALD] [8243] ? NIV-82C4090A163B9F5F | BASKET | SINGLE | NONE | GOLD | KT_18 | 1ct | imgs:3
[06:34:45][EMERALD] [8244] ? NIV-82C4090A163B9F5F | BASKET | SINGLE | NONE | GOLD | KT_18 | 1ct | imgs:3
[06:34:49][EMERALD] [8245] ? NIV-B0BE6695F301A19D | BASKET | SINGLE | NONE | GOLD | KT_18 | 1ct | imgs:3
[06:34:54][EMERALD] [8246] ? NIV-B0BE6695F301A19D | BASKET | SINGLE | NONE | GOLD | KT_18 | 1ct | imgs:3
[06:34:58][EMERALD] [8247] ? NIV-B0BE6695F301A19D | BASKET | SINGLE | NONE | GOLD | KT_18 | 1ct | imgs:3
[06:35:00][EMERALD] [8248] ? NIV-7ED5AC0906DC11D1 | BASKET | SINGLE | NONE | GOLD | KT_18 | 1ct | imgs:3
[06:35:03][EMERALD] [8249] ? NIV-7ED5AC0906DC11D1 | BASKET | SINGLE | NONE | GOLD | KT_18 | 1ct | imgs:3
[06:35:09][EMERALD] [8250] ? NIV-7ED5AC0906DC11D1 | BASKET | SINGLE | NONE | GOLD | KT_18 | 1ct | imgs:3
[06:35:12][EMERALD] [8251] ? NIV-F3E14D49BACD6EFA | BASKET | SINGLE | NONE | PLATINUM | PT_950 | 1ct | imgs:3
[06:35:21][EMERALD] [8252] ? NIV-DDC6989F5CD8A519 | BASKET | SINGLE | NONE | GOLD | KT_10 | 1ct | imgs:3
[06:35:27][EMERALD] [8253] ? NIV-DDC6989F5CD8A519 | BASKET | SINGLE | NONE | GOLD | KT_10 | 1ct | imgs:3
[06:35:33][EMERALD] [8254] ? NIV-DDC6989F5CD8A519 | BASKET | SINGLE | NONE | GOLD | KT_10 | 1ct | imgs:3
[06:35:39][EMERALD] [8255] ? NIV-0CAD46A69ABF8D5B | BASKET | SINGLE | NONE | GOLD | KT_10 | 1ct | imgs:1
[06:35:45][EMERALD] [8256] ? NIV-0CAD46A69ABF8D5B | BASKET | SINGLE | NONE | GOLD | KT_10 | 1ct | imgs:3
[06:35:48][EMERALD] [8257] ? NIV-0CAD46A69ABF8D5B | BASKET | SINGLE | NONE | GOLD | KT_10 | 1ct | imgs:3
[06:35:52][EMERALD] [8258] ? NIV-049ED7D51F75402D | BASKET | SINGLE | NONE | GOLD | KT_10 | 1ct | imgs:3
[06:35:57][EMERALD] [8259] ? NIV-049ED7D51F75402D | BASKET | SINGLE | NONE | GOLD | KT_10 | 1ct | imgs:3
[06:36:00][EMERALD] [8260] ? NIV-049ED7D51F75402D | BASKET | SINGLE | NONE | GOLD | KT_10 | 1ct | imgs:3
[06:36:14][EMERALD] [8261] ??  NIV-049ED7D51F75402D | BASKET | SINGLE | NONE | GOLD | KT_14 | 1ct | imgs:0
[06:36:26][EMERALD] [8262] ??  NIV-049ED7D51F75402D | BASKET | SINGLE | NONE | GOLD | KT_14 | 1ct | imgs:0
[06:36:38][EMERALD] [8263] ??  NIV-049ED7D51F75402D | BASKET | SINGLE | NONE | GOLD | KT_14 | 1ct | imgs:0
[06:36:48][EMERALD] [8264] ? NIV-396A0D99AAB4D42A | BASKET | SINGLE | NONE | GOLD | KT_14 | 1ct | imgs:3
[06:36:54][EMERALD] [8265] ? NIV-396A0D99AAB4D42A | BASKET | SINGLE | NONE | GOLD | KT_14 | 1ct | imgs:3
[06:36:57][EMERALD] [8266] ? NIV-396A0D99AAB4D42A | BASKET | SINGLE | NONE | GOLD | KT_14 | 1ct | imgs:3
[06:37:00][EMERALD] [8267] ? NIV-ED7F6E23C8FF1060 | BASKET | SINGLE | NONE | GOLD | KT_14 | 1ct | imgs:3
[06:37:04][EMERALD] [8268] ? NIV-ED7F6E23C8FF1060 | BASKET | SINGLE | NONE | GOLD | KT_14 | 1ct | imgs:3
[06:37:09][EMERALD] [8269] ? NIV-ED7F6E23C8FF1060 | BASKET | SINGLE | NONE | GOLD | KT_14 | 1ct | imgs:3
[06:37:18][EMERALD] [8270] ? NIV-AEDB65A53DC564C9 | BASKET | SINGLE | NONE | GOLD | KT_18 | 1ct | imgs:1
[06:37:21][EMERALD] [8271] ? NIV-AEDB65A53DC564C9 | BASKET | SINGLE | NONE | GOLD | KT_18 | 1ct | imgs:3
[06:37:27][EMERALD] [8272] ? NIV-AEDB65A53DC564C9 | BASKET | SINGLE | NONE | GOLD | KT_18 | 1ct | imgs:3
[06:37:30][EMERALD] [8273] ? NIV-30DF166CF035BAA1 | BASKET | SINGLE | NONE | GOLD | KT_18 | 1ct | imgs:3
[06:37:33][EMERALD] [8274] ? NIV-30DF166CF035BAA1 | BASKET | SINGLE | NONE | GOLD | KT_18 | 1ct | imgs:3
[06:37:39][EMERALD] [8275] ? NIV-30DF166CF035BAA1 | BASKET | SINGLE | NONE | GOLD | KT_18 | 1ct | imgs:3
[06:37:42][EMERALD] [8276] ? NIV-A5D97A0F4A3382BF | BASKET | SINGLE | NONE | GOLD | KT_18 | 1ct | imgs:3
[06:37:48][EMERALD] [8277] ? NIV-A5D97A0F4A3382BF | BASKET | SINGLE | NONE | GOLD | KT_18 | 1ct | imgs:3
[06:37:54][EMERALD] [8278] ? NIV-A5D97A0F4A3382BF | BASKET | SINGLE | NONE | GOLD | KT_18 | 1ct | imgs:3
[06:37:58][EMERALD] [8279] ? NIV-20D263F2E8263BB2 | BASKET | SINGLE | NONE | PLATINUM | PT_950 | 1ct | imgs:1
[06:38:06][EMERALD] [8280] ? NIV-83CB1239F2CDDABD | BASKET | SINGLE | NONE | GOLD | KT_10 | 1ct | imgs:3
[06:38:12][EMERALD] [8281] ? NIV-83CB1239F2CDDABD | BASKET | SINGLE | NONE | GOLD | KT_10 | 1ct | imgs:3
[06:38:15][EMERALD] [8282] ? NIV-83CB1239F2CDDABD | BASKET | SINGLE | NONE | GOLD | KT_10 | 1ct | imgs:3
[06:38:18][EMERALD] [8283] ? NIV-C4EF9B76FE98DD6A | BASKET | SINGLE | NONE | GOLD | KT_10 | 1ct | imgs:3
[06:38:22][EMERALD] [8284] ? NIV-C4EF9B76FE98DD6A | BASKET | SINGLE | NONE | GOLD | KT_10 | 1ct | imgs:3
[06:38:27][EMERALD] [8285] ? NIV-C4EF9B76FE98DD6A | BASKET | SINGLE | NONE | GOLD | KT_10 | 1ct | imgs:3
[06:38:38][EMERALD] [8286] ??  NIV-C4EF9B76FE98DD6A | BASKET | SINGLE | NONE | GOLD | KT_10 | 1ct | imgs:0
[06:38:42][EMERALD] [8287] ? NIV-2F19EBDA323C45C4 | BASKET | SINGLE | NONE | GOLD | KT_10 | 1ct | imgs:3
[06:38:48][EMERALD] [8288] ? NIV-2F19EBDA323C45C4 | BASKET | SINGLE | NONE | GOLD | KT_10 | 1ct | imgs:3
[06:38:55][EMERALD] [8289] ? NIV-0C28521C9886CCF8 | BASKET | SINGLE | NONE | GOLD | KT_14 | 1ct | imgs:1
[06:39:00][EMERALD] [8290] ? NIV-0C28521C9886CCF8 | BASKET | SINGLE | NONE | GOLD | KT_14 | 1ct | imgs:3
[06:39:06][EMERALD] [8291] ? NIV-0C28521C9886CCF8 | BASKET | SINGLE | NONE | GOLD | KT_14 | 1ct | imgs:3
[06:39:14][EMERALD] [8292] ? NIV-60DE4D3C469ED162 | BASKET | SINGLE | NONE | GOLD | KT_14 | 1ct | imgs:1
[06:39:21][EMERALD] [8293] ? NIV-60DE4D3C469ED162 | BASKET | SINGLE | NONE | GOLD | KT_14 | 1ct | imgs:3
[06:39:27][EMERALD] [8294] ? NIV-60DE4D3C469ED162 | BASKET | SINGLE | NONE | GOLD | KT_14 | 1ct | imgs:3
[06:39:30][EMERALD] [8295] ? NIV-82F97ACA26D04BF4 | BASKET | SINGLE | NONE | GOLD | KT_14 | 1ct | imgs:3
[06:39:36][EMERALD] [8296] ? NIV-82F97ACA26D04BF4 | BASKET | SINGLE | NONE | GOLD | KT_14 | 1ct | imgs:3
[06:39:39][EMERALD] [8297] ? NIV-82F97ACA26D04BF4 | BASKET | SINGLE | NONE | GOLD | KT_14 | 1ct | imgs:3
[06:39:42][EMERALD] [8298] ? NIV-3DFE4991203559AB | BASKET | SINGLE | NONE | GOLD | KT_18 | 1ct | imgs:1
[06:39:48][EMERALD] [8299] ? NIV-3DFE4991203559AB | BASKET | SINGLE | NONE | GOLD | KT_18 | 1ct | imgs:3
[06:39:54][EMERALD] [8300] ? NIV-3DFE4991203559AB | BASKET | SINGLE | NONE | GOLD | KT_18 | 1ct | imgs:3
[06:39:57][EMERALD] [8301] ? NIV-502E9BAF0D055B95 | BASKET | SINGLE | NONE | GOLD | KT_18 | 1ct | imgs:3
[06:40:03][EMERALD] [8302] ? NIV-502E9BAF0D055B95 | BASKET | SINGLE | NONE | GOLD | KT_18 | 1ct | imgs:3
[06:40:09][EMERALD] [8303] ? NIV-502E9BAF0D055B95 | BASKET | SINGLE | NONE | GOLD | KT_18 | 1ct | imgs:3
[06:40:12][EMERALD] [8304] ? NIV-26E32E3A88C6659E | BASKET | SINGLE | NONE | GOLD | KT_18 | 1ct | imgs:3
[06:40:18][EMERALD] [8305] ? NIV-26E32E3A88C6659E | BASKET | SINGLE | NONE | GOLD | KT_18 | 1ct | imgs:3
[06:40:24][EMERALD] [8306] ? NIV-26E32E3A88C6659E | BASKET | SINGLE | NONE | GOLD | KT_18 | 1ct | imgs:3
[06:40:27][EMERALD] [8307] ? NIV-50EAC918F02AC65A | BASKET | SINGLE | NONE | PLATINUM | PT_950 | 1ct | imgs:3
[06:40:33][EMERALD] [8308] ? NIV-34E9DF836630DE86 | BASKET | SINGLE | NONE | GOLD | KT_10 | 1ct | imgs:3
[06:40:39][EMERALD] [8309] ? NIV-34E9DF836630DE86 | BASKET | SINGLE | NONE | GOLD | KT_10 | 1ct | imgs:3
[06:40:45][EMERALD] [8310] ? NIV-34E9DF836630DE86 | BASKET | SINGLE | NONE | GOLD | KT_10 | 1ct | imgs:3
[06:40:48][EMERALD] [8311] ? NIV-7388B46A7AE02FFE | BASKET | SINGLE | NONE | GOLD | KT_10 | 1ct | imgs:1
[06:40:54][EMERALD] [8312] ? NIV-7388B46A7AE02FFE | BASKET | SINGLE | NONE | GOLD | KT_10 | 1ct | imgs:3
[06:41:00][EMERALD] [8313] ? NIV-7388B46A7AE02FFE | BASKET | SINGLE | NONE | GOLD | KT_10 | 1ct | imgs:3
[06:41:03][EMERALD] [8314] ? NIV-7821EDEE6DE6CC66 | BASKET | SINGLE | NONE | GOLD | KT_10 | 1ct | imgs:3
[06:41:09][EMERALD] [8315] ? NIV-7821EDEE6DE6CC66 | BASKET | SINGLE | NONE | GOLD | KT_10 | 1ct | imgs:3
[06:41:13][EMERALD] [8316] ? NIV-7821EDEE6DE6CC66 | BASKET | SINGLE | NONE | GOLD | KT_10 | 1ct | imgs:3
[06:41:18][EMERALD] [8317] ? NIV-63AD2E075262CE39 | BASKET | SINGLE | NONE | GOLD | KT_14 | 1ct | imgs:3
[06:41:24][EMERALD] [8318] ? NIV-63AD2E075262CE39 | BASKET | SINGLE | NONE | GOLD | KT_14 | 1ct | imgs:3
[06:41:30][EMERALD] [8319] ? NIV-63AD2E075262CE39 | BASKET | SINGLE | NONE | GOLD | KT_14 | 1ct | imgs:3
[06:41:33][EMERALD] [8320] ? NIV-703EEAFE3DB61C81 | BASKET | SINGLE | NONE | GOLD | KT_14 | 1ct | imgs:3
[06:41:39][EMERALD] [8321] ? NIV-703EEAFE3DB61C81 | BASKET | SINGLE | NONE | GOLD | KT_14 | 1ct | imgs:3
[06:41:42][EMERALD] [8322] ? NIV-703EEAFE3DB61C81 | BASKET | SINGLE | NONE | GOLD | KT_14 | 1ct | imgs:3
[06:41:45][EMERALD] [8323] ? NIV-89D5C2C95FF23FC0 | BASKET | SINGLE | NONE | GOLD | KT_14 | 1ct | imgs:1
[06:41:49][EMERALD] [8324] ? NIV-89D5C2C95FF23FC0 | BASKET | SINGLE | NONE | GOLD | KT_14 | 1ct | imgs:3
[06:41:54][EMERALD] [8325] ? NIV-89D5C2C95FF23FC0 | BASKET | SINGLE | NONE | GOLD | KT_14 | 1ct | imgs:3
[06:42:00][EMERALD] [8326] ? NIV-9361D083E951F640 | BASKET | SINGLE | NONE | GOLD | KT_18 | 1ct | imgs:3
[06:42:04][EMERALD] [8327] ? NIV-9361D083E951F640 | BASKET | SINGLE | NONE | GOLD | KT_18 | 1ct | imgs:3
[06:42:09][EMERALD] [8328] ? NIV-9361D083E951F640 | BASKET | SINGLE | NONE | GOLD | KT_18 | 1ct | imgs:3
[06:42:12][EMERALD] [8329] ? NIV-6A724EC74117D1AB | BASKET | SINGLE | NONE | GOLD | KT_18 | 1ct | imgs:3
[06:42:18][EMERALD] [8330] ? NIV-6A724EC74117D1AB | BASKET | SINGLE | NONE | GOLD | KT_18 | 1ct | imgs:3
[06:42:22][EMERALD] [8331] ? NIV-6A724EC74117D1AB | BASKET | SINGLE | NONE | GOLD | KT_18 | 1ct | imgs:3
[06:42:27][EMERALD] [8332] ? NIV-687580EF902247C9 | BASKET | SINGLE | NONE | GOLD | KT_18 | 1ct | imgs:3
[06:42:33][EMERALD] [8333] ? NIV-687580EF902247C9 | BASKET | SINGLE | NONE | GOLD | KT_18 | 1ct | imgs:3
[06:42:39][EMERALD] [8334] ? NIV-687580EF902247C9 | BASKET | SINGLE | NONE | GOLD | KT_18 | 1ct | imgs:3
[06:42:42][EMERALD] [8335] ? NIV-9B211D3C17420344 | BASKET | SINGLE | NONE | PLATINUM | PT_950 | 1ct | imgs:3
[06:42:51][EMERALD] [8336] ? NIV-AC78CBA0F62BC297 | BASKET | SINGLE | U_PAVE | GOLD | KT_10 | 1ct | imgs:3
[06:42:57][EMERALD] [8337] ? NIV-AC78CBA0F62BC297 | BASKET | SINGLE | U_PAVE | GOLD | KT_10 | 1ct | imgs:3
[06:43:03][EMERALD] [8338] ? NIV-AC78CBA0F62BC297 | BASKET | SINGLE | U_PAVE | GOLD | KT_10 | 1ct | imgs:3
[06:43:06][EMERALD] [8339] ? NIV-61D80F68AA7E6FFF | BASKET | SINGLE | U_PAVE | GOLD | KT_10 | 1ct | imgs:3
[06:43:12][EMERALD] [8340] ? NIV-61D80F68AA7E6FFF | BASKET | SINGLE | U_PAVE | GOLD | KT_10 | 1ct | imgs:3
[06:43:18][EMERALD] [8341] ? NIV-61D80F68AA7E6FFF | BASKET | SINGLE | U_PAVE | GOLD | KT_10 | 1ct | imgs:3
[06:43:21][EMERALD] [8342] ? NIV-9AA250BE431B1156 | BASKET | SINGLE | U_PAVE | GOLD | KT_10 | 1ct | imgs:3
[06:43:27][EMERALD] [8343] ? NIV-9AA250BE431B1156 | BASKET | SINGLE | U_PAVE | GOLD | KT_10 | 1ct | imgs:3
[06:43:33][EMERALD] [8344] ? NIV-9AA250BE431B1156 | BASKET | SINGLE | U_PAVE | GOLD | KT_10 | 1ct | imgs:3
[06:43:36][EMERALD] [8345] ? NIV-D7922B9F18696CB9 | BASKET | SINGLE | U_PAVE | GOLD | KT_14 | 1ct | imgs:2
[06:43:42][EMERALD] [8346] ? NIV-D7922B9F18696CB9 | BASKET | SINGLE | U_PAVE | GOLD | KT_14 | 1ct | imgs:3
[06:43:48][EMERALD] [8347] ? NIV-D7922B9F18696CB9 | BASKET | SINGLE | U_PAVE | GOLD | KT_14 | 1ct | imgs:3
[06:43:51][EMERALD] [8348] ? NIV-5A63188C36EF5BDD | BASKET | SINGLE | U_PAVE | GOLD | KT_14 | 1ct | imgs:3
[06:43:57][EMERALD] [8349] ? NIV-5A63188C36EF5BDD | BASKET | SINGLE | U_PAVE | GOLD | KT_14 | 1ct | imgs:3
[06:44:03][EMERALD] [8350] ? NIV-5A63188C36EF5BDD | BASKET | SINGLE | U_PAVE | GOLD | KT_14 | 1ct | imgs:3
[06:44:06][EMERALD] [8351] ? NIV-82AD766379B97DD9 | BASKET | SINGLE | U_PAVE | GOLD | KT_14 | 1ct | imgs:3
[06:44:12][EMERALD] [8352] ? NIV-82AD766379B97DD9 | BASKET | SINGLE | U_PAVE | GOLD | KT_14 | 1ct | imgs:3
[06:44:18][EMERALD] [8353] ? NIV-82AD766379B97DD9 | BASKET | SINGLE | U_PAVE | GOLD | KT_14 | 1ct | imgs:3
[06:44:24][EMERALD] [8354] ? NIV-161EAA6A8F1A9089 | BASKET | SINGLE | U_PAVE | GOLD | KT_18 | 1ct | imgs:3
[06:44:30][EMERALD] [8355] ? NIV-161EAA6A8F1A9089 | BASKET | SINGLE | U_PAVE | GOLD | KT_18 | 1ct | imgs:3
[06:44:36][EMERALD] [8356] ? NIV-161EAA6A8F1A9089 | BASKET | SINGLE | U_PAVE | GOLD | KT_18 | 1ct | imgs:3
[06:44:39][EMERALD] [8357] ? NIV-C7AFB64CAC1D5E57 | BASKET | SINGLE | U_PAVE | GOLD | KT_18 | 1ct | imgs:3
[06:44:42][EMERALD] [8358] ? NIV-C7AFB64CAC1D5E57 | BASKET | SINGLE | U_PAVE | GOLD | KT_18 | 1ct | imgs:3
[06:44:46][EMERALD] [8359] ? NIV-C7AFB64CAC1D5E57 | BASKET | SINGLE | U_PAVE | GOLD | KT_18 | 1ct | imgs:3
[06:44:48][EMERALD] [8360] ? NIV-48D88B30E0B477EB | BASKET | SINGLE | U_PAVE | GOLD | KT_18 | 1ct | imgs:1
[06:44:54][EMERALD] [8361] ? NIV-48D88B30E0B477EB | BASKET | SINGLE | U_PAVE | GOLD | KT_18 | 1ct | imgs:3
[06:44:59][EMERALD]   Re-seleccionando EMERALD (intento 1)
[06:44:59][EMERALD]   Boton no encontrado ? recargando configurador...
[06:45:34][EMERALD]   Error recargando: Page.wait_for_selector: Timeout 30000ms exceeded.
Call log:
  - waiting for locator("button[data-automation-id=\"center-stone-shape-EMERALD\"]") to be visible

[06:45:34][EMERALD]   Re-seleccionando EMERALD (intento 2)
[06:45:34][EMERALD]   Boton no encontrado ? recargando configurador...
[06:45:59][EMERALD]   Re-seleccionando EMERALD (intento 3)
[06:46:09][EMERALD] [8362] ? NIV-2976C15504BEA6A1 | BASKET | SINGLE | U_PAVE | GOLD | KT_18 | 1ct | imgs:3
[06:46:14][EMERALD] [8363] ? NIV-DE75F99A88EA3D49 | BASKET | SINGLE | U_PAVE | PLATINUM | PT_950 | 1ct | imgs:1
[06:46:29][EMERALD] [8364] ??  NIV-6C08AAD53E76D6D1 | BASKET | SINGLE | U_PAVE | GOLD | KT_10 | 1ct | imgs:0
[06:46:32][EMERALD] [8365] ? NIV-6C08AAD53E76D6D1 | BASKET | SINGLE | U_PAVE | GOLD | KT_10 | 1ct | imgs:3
[06:46:39][EMERALD] [8366] ? NIV-6C08AAD53E76D6D1 | BASKET | SINGLE | U_PAVE | GOLD | KT_10 | 1ct | imgs:3
[06:46:46][EMERALD] [8367] ? NIV-D48D0ADCC527820B | BASKET | SINGLE | U_PAVE | GOLD | KT_10 | 1ct | imgs:1
[06:46:51][EMERALD] [8368] ? NIV-D48D0ADCC527820B | BASKET | SINGLE | U_PAVE | GOLD | KT_10 | 1ct | imgs:3
[06:46:56][EMERALD] [8369] ? NIV-D48D0ADCC527820B | BASKET | SINGLE | U_PAVE | GOLD | KT_10 | 1ct | imgs:3
[06:47:03][EMERALD] [8370] ? NIV-5E9E4A8EBCAB8F7E | BASKET | SINGLE | U_PAVE | GOLD | KT_10 | 1ct | imgs:2
[06:47:08][EMERALD] [8371] ? NIV-5E9E4A8EBCAB8F7E | BASKET | SINGLE | U_PAVE | GOLD | KT_10 | 1ct | imgs:3
[06:47:12][EMERALD] [8372] ? NIV-5E9E4A8EBCAB8F7E | BASKET | SINGLE | U_PAVE | GOLD | KT_10 | 1ct | imgs:3
[06:47:16][EMERALD] [8373] ? NIV-DEB51D8FB9D0283C | BASKET | SINGLE | U_PAVE | GOLD | KT_14 | 1ct | imgs:3
[06:47:20][EMERALD] [8374] ? NIV-DEB51D8FB9D0283C | BASKET | SINGLE | U_PAVE | GOLD | KT_14 | 1ct | imgs:3
[06:47:24][EMERALD] [8375] ? NIV-DEB51D8FB9D0283C | BASKET | SINGLE | U_PAVE | GOLD | KT_14 | 1ct | imgs:3
[06:47:28][EMERALD] [8376] ? NIV-70C1BA6B15954E9A | BASKET | SINGLE | U_PAVE | GOLD | KT_14 | 1ct | imgs:3
[06:47:33][EMERALD] [8377] ? NIV-70C1BA6B15954E9A | BASKET | SINGLE | U_PAVE | GOLD | KT_14 | 1ct | imgs:3
[06:47:39][EMERALD] [8378] ? NIV-70C1BA6B15954E9A | BASKET | SINGLE | U_PAVE | GOLD | KT_14 | 1ct | imgs:3
[06:47:42][EMERALD] [8379] ? NIV-BC0361B3E8ED3EE1 | BASKET | SINGLE | U_PAVE | GOLD | KT_14 | 1ct | imgs:3
[06:47:48][EMERALD] [8380] ? NIV-BC0361B3E8ED3EE1 | BASKET | SINGLE | U_PAVE | GOLD | KT_14 | 1ct | imgs:3
[06:47:53][EMERALD] [8381] ? NIV-BC0361B3E8ED3EE1 | BASKET | SINGLE | U_PAVE | GOLD | KT_14 | 1ct | imgs:3
[06:48:00][EMERALD] [8382] ? NIV-EFE76D048B196CBB | BASKET | SINGLE | U_PAVE | GOLD | KT_18 | 1ct | imgs:3
[06:48:03][EMERALD] [8383] ? NIV-EFE76D048B196CBB | BASKET | SINGLE | U_PAVE | GOLD | KT_18 | 1ct | imgs:3
[06:48:09][EMERALD] [8384] ? NIV-EFE76D048B196CBB | BASKET | SINGLE | U_PAVE | GOLD | KT_18 | 1ct | imgs:3
[06:48:13][EMERALD] [8385] ? NIV-799823962688B566 | BASKET | SINGLE | U_PAVE | GOLD | KT_18 | 1ct | imgs:3
[06:48:18][EMERALD] [8386] ? NIV-799823962688B566 | BASKET | SINGLE | U_PAVE | GOLD | KT_18 | 1ct | imgs:3
[06:48:24][EMERALD] [8387] ? NIV-799823962688B566 | BASKET | SINGLE | U_PAVE | GOLD | KT_18 | 1ct | imgs:3
[06:48:30][EMERALD] [8388] ? NIV-9B9EDD127295271E | BASKET | SINGLE | U_PAVE | GOLD | KT_18 | 1ct | imgs:1
[06:48:36][EMERALD] [8389] ? NIV-9B9EDD127295271E | BASKET | SINGLE | U_PAVE | GOLD | KT_18 | 1ct | imgs:3
[06:48:42][EMERALD] [8390] ? NIV-9B9EDD127295271E | BASKET | SINGLE | U_PAVE | GOLD | KT_18 | 1ct | imgs:3
[06:48:47][EMERALD] [8391] ? NIV-4675AFC18615FDBB | BASKET | SINGLE | U_PAVE | PLATINUM | PT_950 | 1ct | imgs:1
[06:48:53][EMERALD] [8392] ? NIV-3E6566E15858F994 | BASKET | SINGLE | U_PAVE | GOLD | KT_10 | 1ct | imgs:1
[06:48:58][EMERALD] [8393] ? NIV-3E6566E15858F994 | BASKET | SINGLE | U_PAVE | GOLD | KT_10 | 1ct | imgs:3
[06:49:03][EMERALD] [8394] ? NIV-3E6566E15858F994 | BASKET | SINGLE | U_PAVE | GOLD | KT_10 | 1ct | imgs:3
[06:49:11][EMERALD] [8395] ? NIV-5E2C72B1021F8475 | BASKET | SINGLE | U_PAVE | GOLD | KT_10 | 1ct | imgs:1
[06:49:15][EMERALD] [8396] ? NIV-5E2C72B1021F8475 | BASKET | SINGLE | U_PAVE | GOLD | KT_10 | 1ct | imgs:3
[06:49:21][EMERALD] [8397] ? NIV-5E2C72B1021F8475 | BASKET | SINGLE | U_PAVE | GOLD | KT_10 | 1ct | imgs:3
[06:49:27][EMERALD] [8398] ? NIV-B6C12105412F092C | BASKET | SINGLE | U_PAVE | GOLD | KT_10 | 1ct | imgs:1
[06:49:30][EMERALD] [8399] ? NIV-B6C12105412F092C | BASKET | SINGLE | U_PAVE | GOLD | KT_10 | 1ct | imgs:3
[06:49:35][EMERALD] [8400] ? NIV-B6C12105412F092C | BASKET | SINGLE | U_PAVE | GOLD | KT_10 | 1ct | imgs:3
[06:49:41][EMERALD] [8401] ? NIV-CFEDF0243363AB29 | BASKET | SINGLE | U_PAVE | GOLD | KT_14 | 1ct | imgs:3
[06:49:45][EMERALD] [8402] ? NIV-CFEDF0243363AB29 | BASKET | SINGLE | U_PAVE | GOLD | KT_14 | 1ct | imgs:3
[06:49:48][EMERALD] [8403] ? NIV-CFEDF0243363AB29 | BASKET | SINGLE | U_PAVE | GOLD | KT_14 | 1ct | imgs:3
[06:49:53][EMERALD] [8404] ? NIV-826AB88203889BC9 | BASKET | SINGLE | U_PAVE | GOLD | KT_14 | 1ct | imgs:1
[06:50:00][EMERALD] [8405] ? NIV-826AB88203889BC9 | BASKET | SINGLE | U_PAVE | GOLD | KT_14 | 1ct | imgs:3
[06:50:06][EMERALD] [8406] ? NIV-826AB88203889BC9 | BASKET | SINGLE | U_PAVE | GOLD | KT_14 | 1ct | imgs:3
[06:50:15][EMERALD] [8407] ? NIV-FBCCB66AE461826F | BASKET | SINGLE | U_PAVE | GOLD | KT_14 | 1ct | imgs:1
[06:50:20][EMERALD] [8408] ? NIV-FBCCB66AE461826F | BASKET | SINGLE | U_PAVE | GOLD | KT_14 | 1ct | imgs:3
[06:50:24][EMERALD] [8409] ? NIV-FBCCB66AE461826F | BASKET | SINGLE | U_PAVE | GOLD | KT_14 | 1ct | imgs:3
[06:50:35][EMERALD] [8410] ??  NIV-FBCCB66AE461826F | BASKET | SINGLE | U_PAVE | GOLD | KT_18 | 1ct | imgs:0
[06:50:47][EMERALD] [8411] ??  NIV-212C30BDCE503BFB | BASKET | SINGLE | U_PAVE | GOLD | KT_18 | 1ct | imgs:0
[06:50:51][EMERALD] [8412] ? NIV-212C30BDCE503BFB | BASKET | SINGLE | U_PAVE | GOLD | KT_18 | 1ct | imgs:3
[06:51:02][EMERALD] [8413] ??  NIV-D341397942DB6ECF | BASKET | SINGLE | U_PAVE | GOLD | KT_18 | 1ct | imgs:0
[06:51:10][EMERALD] [8414] ? NIV-D341397942DB6ECF | BASKET | SINGLE | U_PAVE | GOLD | KT_18 | 1ct | imgs:1
[06:51:14][EMERALD] [8415] ? NIV-D341397942DB6ECF | BASKET | SINGLE | U_PAVE | GOLD | KT_18 | 1ct | imgs:1
[06:51:26][EMERALD] [8416] ??  NIV-D341397942DB6ECF | BASKET | SINGLE | U_PAVE | GOLD | KT_18 | 1ct | imgs:0
[06:51:38][EMERALD] [8417] ??  NIV-D341397942DB6ECF | BASKET | SINGLE | U_PAVE | GOLD | KT_18 | 1ct | imgs:0
[06:51:53][EMERALD] [8418] ??  NIV-D341397942DB6ECF | BASKET | SINGLE | U_PAVE | GOLD | KT_18 | 1ct | imgs:0
[06:52:05][EMERALD] [8419] ??  NIV-D341397942DB6ECF | BASKET | SINGLE | U_PAVE | PLATINUM | PT_950 | 1ct | imgs:0
[06:52:20][EMERALD] [8420] ??  NIV-D341397942DB6ECF | BASKET | SINGLE | CHANNEL | GOLD | KT_10 | 1ct | imgs:0
[06:52:34][EMERALD] [8421] ??  NIV-D341397942DB6ECF | BASKET | SINGLE | CHANNEL | GOLD | KT_10 | 1ct | imgs:0
[06:52:46][EMERALD] [8422] ??  NIV-D341397942DB6ECF | BASKET | SINGLE | CHANNEL | GOLD | KT_10 | 1ct | imgs:0
[06:52:56][EMERALD] [8423] ??  NIV-D341397942DB6ECF | BASKET | SINGLE | CHANNEL | GOLD | KT_10 | 1ct | imgs:0
[06:53:10][EMERALD] [8424] ??  NIV-D341397942DB6ECF | BASKET | SINGLE | CHANNEL | GOLD | KT_10 | 1ct | imgs:0
[06:53:23][EMERALD] [8425] ??  NIV-D341397942DB6ECF | BASKET | SINGLE | CHANNEL | GOLD | KT_10 | 1ct | imgs:0
[06:53:35][EMERALD] [8426] ??  NIV-D341397942DB6ECF | BASKET | SINGLE | CHANNEL | GOLD | KT_10 | 1ct | imgs:0
[06:53:47][EMERALD] [8427] ??  NIV-D341397942DB6ECF | BASKET | SINGLE | CHANNEL | GOLD | KT_10 | 1ct | imgs:0
[06:53:58][EMERALD] [8428] ??  NIV-9E43316F3EF57666 | BASKET | SINGLE | CHANNEL | GOLD | KT_10 | 1ct | imgs:0
[06:54:10][EMERALD] [8429] ??  NIV-F3736826154CFB3A | BASKET | SINGLE | CHANNEL | GOLD | KT_14 | 1ct | imgs:0
[06:54:22][EMERALD] [8430] ??  NIV-F3736826154CFB3A | BASKET | SINGLE | CHANNEL | GOLD | KT_14 | 1ct | imgs:0
[06:54:35][EMERALD] [8431] ??  NIV-F3736826154CFB3A | BASKET | SINGLE | CHANNEL | GOLD | KT_14 | 1ct | imgs:0
[06:54:46][EMERALD] [8432] ??  NIV-F3736826154CFB3A | BASKET | SINGLE | CHANNEL | GOLD | KT_14 | 1ct | imgs:0
[06:54:54][EMERALD] [8433] ? NIV-F11F72709E39547D | BASKET | SINGLE | CHANNEL | GOLD | KT_14 | 1ct | imgs:1
[06:55:00][EMERALD] [8434] ? NIV-F11F72709E39547D | BASKET | SINGLE | CHANNEL | GOLD | KT_14 | 1ct | imgs:3
[06:55:10][EMERALD] [8435] ??  NIV-1E9F1FCDE103C145 | BASKET | SINGLE | CHANNEL | GOLD | KT_14 | 1ct | imgs:0
[06:55:14][EMERALD] [8436] ? NIV-1E9F1FCDE103C145 | BASKET | SINGLE | CHANNEL | GOLD | KT_14 | 1ct | imgs:3
