[21:31:00][CUSHION] Retomando ? 5540 ya hechos
[21:31:00][CUSHION] Iniciando worker para CUSHION
[21:31:06][CUSHION] Cargando configurador...
[21:31:35][CUSHION] Configurador listo ? seleccionando CUSHION
[21:31:37][CUSHION] Seleccionando ROUND como base...
[21:31:38][CUSHION] DEBUG btn CUSHION: {'disabled': False, 'ariaDisabled': None, 'ariaPressed': 'false', 'classes': 'MuiButtonBase-root MuiToggleButtonGroup-grouped MuiToggleButtonGroup-groupedHori', 'visible': True}
[21:31:38][CUSHION]   Re-seleccionando CUSHION (intento 1)
[21:31:40][CUSHION]   POST-CLICK: {'ap': 'true', 'ac': None, 'classes': 'MuiButtonBase-root|MuiToggleButtonGroup-grouped|MuiToggleButtonGroup-groupedHorizontal|MuiToggleButton-root|Mui-selected|MuiToggleButton-sizeMedium|MuiToggleButton-standard|jewellery-configurator-toggle-button|MuiToggleButtonGroup-middleButton|css-66ecda'}
[21:31:40][CUSHION] Comenzando scrape DOM-driven...
[21:35:22][CUSHION]   Re-seleccionando CUSHION (intento 1)
[21:35:22][CUSHION]   Boton no encontrado ? recargando configurador...
[21:35:40][CUSHION]   Re-seleccionando CUSHION (intento 2)
[21:35:43][CUSHION]   POST-CLICK: {'ap': 'true', 'ac': None, 'classes': 'MuiButtonBase-root|MuiToggleButtonGroup-grouped|MuiToggleButtonGroup-groupedHorizontal|MuiToggleButton-root|Mui-selected|MuiToggleButton-sizeMedium|MuiToggleButton-standard|jewellery-configurator-toggle-button|MuiToggleButtonGroup-middleButton|css-66ecda'}
[21:36:40][CUSHION] [113] ? NIV-08013CFF2DD36CB1 | BASKET | CONTEMPORARY | CHANNEL | GOLD | KT_10 | 1ct | imgs:3
[21:36:43][CUSHION] [114] ? NIV-08013CFF2DD36CB1 | BASKET | CONTEMPORARY | CHANNEL | GOLD | KT_10 | 1ct | imgs:3
[21:36:49][CUSHION] [115] ? NIV-08013CFF2DD36CB1 | BASKET | CONTEMPORARY | CHANNEL | GOLD | KT_10 | 1ct | imgs:3
[21:36:52][CUSHION] [116] ? NIV-35E92FBEF4FD0DE6 | BASKET | CONTEMPORARY | CHANNEL | GOLD | KT_10 | 1ct | imgs:3
[21:36:55][CUSHION] [117] ? NIV-35E92FBEF4FD0DE6 | BASKET | CONTEMPORARY | CHANNEL | GOLD | KT_10 | 1ct | imgs:3
[21:36:59][CUSHION] [118] ? NIV-35E92FBEF4FD0DE6 | BASKET | CONTEMPORARY | CHANNEL | GOLD | KT_10 | 1ct | imgs:3
[21:37:01][CUSHION] [119] ? NIV-AECC661C314F4631 | BASKET | CONTEMPORARY | CHANNEL | GOLD | KT_10 | 1ct | imgs:3
[21:37:05][CUSHION] [120] ? NIV-AECC661C314F4631 | BASKET | CONTEMPORARY | CHANNEL | GOLD | KT_10 | 1ct | imgs:3
[21:37:10][CUSHION] [121] ? NIV-AECC661C314F4631 | BASKET | CONTEMPORARY | CHANNEL | GOLD | KT_10 | 1ct | imgs:3
[21:37:13][CUSHION] [122] ? NIV-EBDC299415EE1467 | BASKET | CONTEMPORARY | CHANNEL | GOLD | KT_14 | 1ct | imgs:3
[21:37:16][CUSHION] [123] ? NIV-EBDC299415EE1467 | BASKET | CONTEMPORARY | CHANNEL | GOLD | KT_14 | 1ct | imgs:3
[21:37:20][CUSHION] [124] ? NIV-EBDC299415EE1467 | BASKET | CONTEMPORARY | CHANNEL | GOLD | KT_14 | 1ct | imgs:3
[21:37:22][CUSHION] [125] ? NIV-F91EA7C3058696E9 | BASKET | CONTEMPORARY | CHANNEL | GOLD | KT_14 | 1ct | imgs:3
[21:37:28][CUSHION] [126] ? NIV-F91EA7C3058696E9 | BASKET | CONTEMPORARY | CHANNEL | GOLD | KT_14 | 1ct | imgs:3
[21:37:34][CUSHION] [127] ? NIV-F91EA7C3058696E9 | BASKET | CONTEMPORARY | CHANNEL | GOLD | KT_14 | 1ct | imgs:3
[21:37:37][CUSHION] [128] ? NIV-478D9E8AB4FBD970 | BASKET | CONTEMPORARY | CHANNEL | GOLD | KT_14 | 1ct | imgs:3
[21:37:40][CUSHION] [129] ? NIV-478D9E8AB4FBD970 | BASKET | CONTEMPORARY | CHANNEL | GOLD | KT_14 | 1ct | imgs:3
[21:37:46][CUSHION] [130] ? NIV-478D9E8AB4FBD970 | BASKET | CONTEMPORARY | CHANNEL | GOLD | KT_14 | 1ct | imgs:3
[21:37:49][CUSHION] [131] ? NIV-A64046560684B416 | BASKET | CONTEMPORARY | CHANNEL | GOLD | KT_18 | 1ct | imgs:3
[21:37:52][CUSHION] [132] ? NIV-A64046560684B416 | BASKET | CONTEMPORARY | CHANNEL | GOLD | KT_18 | 1ct | imgs:3
[21:37:58][CUSHION] [133] ? NIV-A64046560684B416 | BASKET | CONTEMPORARY | CHANNEL | GOLD | KT_18 | 1ct | imgs:3
[21:38:01][CUSHION] [134] ? NIV-53D51CF3CE309FD8 | BASKET | CONTEMPORARY | CHANNEL | GOLD | KT_18 | 1ct | imgs:3
[21:38:07][CUSHION] [135] ? NIV-53D51CF3CE309FD8 | BASKET | CONTEMPORARY | CHANNEL | GOLD | KT_18 | 1ct | imgs:3
[21:38:10][CUSHION] [136] ? NIV-53D51CF3CE309FD8 | BASKET | CONTEMPORARY | CHANNEL | GOLD | KT_18 | 1ct | imgs:3
[21:38:13][CUSHION] [137] ? NIV-F01411A1417AD890 | BASKET | CONTEMPORARY | CHANNEL | GOLD | KT_18 | 1ct | imgs:3
[21:38:16][CUSHION] [138] ? NIV-F01411A1417AD890 | BASKET | CONTEMPORARY | CHANNEL | GOLD | KT_18 | 1ct | imgs:3
[21:38:22][CUSHION] [139] ? NIV-F01411A1417AD890 | BASKET | CONTEMPORARY | CHANNEL | GOLD | KT_18 | 1ct | imgs:3
[21:38:25][CUSHION] [140] ? NIV-B1C46F3E74D67C62 | BASKET | CONTEMPORARY | CHANNEL | PLATINUM | PT_950 | 1ct | imgs:3
[21:38:31][CUSHION] [141] ? NIV-A5E9CBE5439444DA | BASKET | CONTEMPORARY | CHANNEL | GOLD | KT_10 | 1ct | imgs:3
[21:38:34][CUSHION] [142] ? NIV-A5E9CBE5439444DA | BASKET | CONTEMPORARY | CHANNEL | GOLD | KT_10 | 1ct | imgs:3
[21:38:40][CUSHION] [143] ? NIV-A5E9CBE5439444DA | BASKET | CONTEMPORARY | CHANNEL | GOLD | KT_10 | 1ct | imgs:3
[21:38:43][CUSHION] [144] ? NIV-F173AE11588A3325 | BASKET | CONTEMPORARY | CHANNEL | GOLD | KT_10 | 1ct | imgs:3
[21:38:46][CUSHION] [145] ? NIV-F173AE11588A3325 | BASKET | CONTEMPORARY | CHANNEL | GOLD | KT_10 | 1ct | imgs:3
[21:38:52][CUSHION] [146] ? NIV-F173AE11588A3325 | BASKET | CONTEMPORARY | CHANNEL | GOLD | KT_10 | 1ct | imgs:3
[21:38:55][CUSHION] [147] ? NIV-5D1B3BE1B648F266 | BASKET | CONTEMPORARY | CHANNEL | GOLD | KT_10 | 1ct | imgs:3
[21:38:59][CUSHION] [148] ? NIV-5D1B3BE1B648F266 | BASKET | CONTEMPORARY | CHANNEL | GOLD | KT_10 | 1ct | imgs:3
[21:39:04][CUSHION] [149] ? NIV-5D1B3BE1B648F266 | BASKET | CONTEMPORARY | CHANNEL | GOLD | KT_10 | 1ct | imgs:3
[21:39:07][CUSHION] [150] ? NIV-0C4A0C91AD2C8FA4 | BASKET | CONTEMPORARY | CHANNEL | GOLD | KT_14 | 1ct | imgs:3
[21:39:10][CUSHION] [151] ? NIV-0C4A0C91AD2C8FA4 | BASKET | CONTEMPORARY | CHANNEL | GOLD | KT_14 | 1ct | imgs:3
[21:39:16][CUSHION] [152] ? NIV-0C4A0C91AD2C8FA4 | BASKET | CONTEMPORARY | CHANNEL | GOLD | KT_14 | 1ct | imgs:3
[21:39:19][CUSHION] [153] ? NIV-8413A1717AD4D7B9 | BASKET | CONTEMPORARY | CHANNEL | GOLD | KT_14 | 1ct | imgs:3
[21:39:22][CUSHION] [154] ? NIV-8413A1717AD4D7B9 | BASKET | CONTEMPORARY | CHANNEL | GOLD | KT_14 | 1ct | imgs:3
[21:39:28][CUSHION] [155] ? NIV-8413A1717AD4D7B9 | BASKET | CONTEMPORARY | CHANNEL | GOLD | KT_14 | 1ct | imgs:3
[21:39:31][CUSHION] [156] ? NIV-984B677473A7141D | BASKET | CONTEMPORARY | CHANNEL | GOLD | KT_14 | 1ct | imgs:3
[21:39:37][CUSHION] [157] ? NIV-984B677473A7141D | BASKET | CONTEMPORARY | CHANNEL | GOLD | KT_14 | 1ct | imgs:3
[21:39:40][CUSHION] [158] ? NIV-984B677473A7141D | BASKET | CONTEMPORARY | CHANNEL | GOLD | KT_14 | 1ct | imgs:3
[21:39:44][CUSHION] [159] ? NIV-E304C58D41D2E732 | BASKET | CONTEMPORARY | CHANNEL | GOLD | KT_18 | 1ct | imgs:3
[21:39:49][CUSHION] [160] ? NIV-E304C58D41D2E732 | BASKET | CONTEMPORARY | CHANNEL | GOLD | KT_18 | 1ct | imgs:3
[21:39:52][CUSHION] [161] ? NIV-E304C58D41D2E732 | BASKET | CONTEMPORARY | CHANNEL | GOLD | KT_18 | 1ct | imgs:3
[21:39:56][CUSHION] [162] ? NIV-E1D8E1B6FDAFDD73 | BASKET | CONTEMPORARY | CHANNEL | GOLD | KT_18 | 1ct | imgs:1
[21:40:01][CUSHION] [163] ? NIV-E1D8E1B6FDAFDD73 | BASKET | CONTEMPORARY | CHANNEL | GOLD | KT_18 | 1ct | imgs:3
[21:40:04][CUSHION] [164] ? NIV-E1D8E1B6FDAFDD73 | BASKET | CONTEMPORARY | CHANNEL | GOLD | KT_18 | 1ct | imgs:3
[21:40:07][CUSHION] [165] ? NIV-2E7CE95D2FB7C1A0 | BASKET | CONTEMPORARY | CHANNEL | GOLD | KT_18 | 1ct | imgs:3
[21:40:10][CUSHION] [166] ? NIV-2E7CE95D2FB7C1A0 | BASKET | CONTEMPORARY | CHANNEL | GOLD | KT_18 | 1ct | imgs:3
[21:40:16][CUSHION] [167] ? NIV-2E7CE95D2FB7C1A0 | BASKET | CONTEMPORARY | CHANNEL | GOLD | KT_18 | 1ct | imgs:3
[21:40:19][CUSHION] [168] ? NIV-AE4B5D07AD304C03 | BASKET | CONTEMPORARY | CHANNEL | PLATINUM | PT_950 | 1ct | imgs:3
[21:40:25][CUSHION] [169] ? NIV-EA81532FBA6C0EF1 | BASKET | CONTEMPORARY | CHANNEL | GOLD | KT_10 | 1ct | imgs:3
[21:40:28][CUSHION] [170] ? NIV-EA81532FBA6C0EF1 | BASKET | CONTEMPORARY | CHANNEL | GOLD | KT_10 | 1ct | imgs:3
[21:40:34][CUSHION] [171] ? NIV-EA81532FBA6C0EF1 | BASKET | CONTEMPORARY | CHANNEL | GOLD | KT_10 | 1ct | imgs:3
[21:40:37][CUSHION] [172] ? NIV-AE5C05295723479D | BASKET | CONTEMPORARY | CHANNEL | GOLD | KT_10 | 1ct | imgs:3
[21:40:43][CUSHION] [173] ? NIV-AE5C05295723479D | BASKET | CONTEMPORARY | CHANNEL | GOLD | KT_10 | 1ct | imgs:3
[21:40:46][CUSHION] [174] ? NIV-AE5C05295723479D | BASKET | CONTEMPORARY | CHANNEL | GOLD | KT_10 | 1ct | imgs:3
[21:40:49][CUSHION] [175] ? NIV-FF6CB384DF5595EE | BASKET | CONTEMPORARY | CHANNEL | GOLD | KT_10 | 1ct | imgs:3
[21:40:52][CUSHION] [176] ? NIV-FF6CB384DF5595EE | BASKET | CONTEMPORARY | CHANNEL | GOLD | KT_10 | 1ct | imgs:3
[21:40:55][CUSHION] [177] ? NIV-FF6CB384DF5595EE | BASKET | CONTEMPORARY | CHANNEL | GOLD | KT_10 | 1ct | imgs:3
[21:41:01][CUSHION] [178] ? NIV-3C510DAB9431067D | BASKET | CONTEMPORARY | CHANNEL | GOLD | KT_14 | 1ct | imgs:3
[21:41:04][CUSHION] [179] ? NIV-3C510DAB9431067D | BASKET | CONTEMPORARY | CHANNEL | GOLD | KT_14 | 1ct | imgs:3
[21:41:10][CUSHION] [180] ? NIV-3C510DAB9431067D | BASKET | CONTEMPORARY | CHANNEL | GOLD | KT_14 | 1ct | imgs:3
[21:41:13][CUSHION] [181] ? NIV-36550BEB87EF4D9E | BASKET | CONTEMPORARY | CHANNEL | GOLD | KT_14 | 1ct | imgs:3
[21:41:16][CUSHION] [182] ? NIV-36550BEB87EF4D9E | BASKET | CONTEMPORARY | CHANNEL | GOLD | KT_14 | 1ct | imgs:3
[21:41:22][CUSHION] [183] ? NIV-36550BEB87EF4D9E | BASKET | CONTEMPORARY | CHANNEL | GOLD | KT_14 | 1ct | imgs:3
[21:41:25][CUSHION] [184] ? NIV-3916B072CCF88D12 | BASKET | CONTEMPORARY | CHANNEL | GOLD | KT_14 | 1ct | imgs:3
[21:41:28][CUSHION] [185] ? NIV-3916B072CCF88D12 | BASKET | CONTEMPORARY | CHANNEL | GOLD | KT_14 | 1ct | imgs:3
[21:41:34][CUSHION] [186] ? NIV-3916B072CCF88D12 | BASKET | CONTEMPORARY | CHANNEL | GOLD | KT_14 | 1ct | imgs:3
[21:41:37][CUSHION] [187] ? NIV-6A17C4940812F1DC | BASKET | CONTEMPORARY | CHANNEL | GOLD | KT_18 | 1ct | imgs:3
[21:41:40][CUSHION] [188] ? NIV-6A17C4940812F1DC | BASKET | CONTEMPORARY | CHANNEL | GOLD | KT_18 | 1ct | imgs:3
[21:41:46][CUSHION] [189] ? NIV-6A17C4940812F1DC | BASKET | CONTEMPORARY | CHANNEL | GOLD | KT_18 | 1ct | imgs:3
[21:41:49][CUSHION] [190] ? NIV-DE10B85D475A4F8C | BASKET | CONTEMPORARY | CHANNEL | GOLD | KT_18 | 1ct | imgs:3
[21:41:55][CUSHION] [191] ? NIV-DE10B85D475A4F8C | BASKET | CONTEMPORARY | CHANNEL | GOLD | KT_18 | 1ct | imgs:3
[21:41:58][CUSHION] [192] ? NIV-DE10B85D475A4F8C | BASKET | CONTEMPORARY | CHANNEL | GOLD | KT_18 | 1ct | imgs:3
[21:42:04][CUSHION] [193] ? NIV-FF106716CCD64EAC | BASKET | CONTEMPORARY | CHANNEL | GOLD | KT_18 | 1ct | imgs:3
[21:42:10][CUSHION] [194] ? NIV-FF106716CCD64EAC | BASKET | CONTEMPORARY | CHANNEL | GOLD | KT_18 | 1ct | imgs:3
[21:42:14][CUSHION] [195] ? NIV-FF106716CCD64EAC | BASKET | CONTEMPORARY | CHANNEL | GOLD | KT_18 | 1ct | imgs:3
[21:42:19][CUSHION] [196] ? NIV-A4667DC331E9E186 | BASKET | CONTEMPORARY | CHANNEL | PLATINUM | PT_950 | 1ct | imgs:3
[21:42:25][CUSHION] [197] ? NIV-171161479B41F2F9 | BASKET | CONTEMPORARY | CHANNEL | GOLD | KT_10 | 1ct | imgs:3
[21:42:31][CUSHION] [198] ? NIV-171161479B41F2F9 | BASKET | CONTEMPORARY | CHANNEL | GOLD | KT_10 | 1ct | imgs:3
[21:42:37][CUSHION] [199] ? NIV-171161479B41F2F9 | BASKET | CONTEMPORARY | CHANNEL | GOLD | KT_10 | 1ct | imgs:3
[21:42:40][CUSHION] [200] ? NIV-924F42660294D11D | BASKET | CONTEMPORARY | CHANNEL | GOLD | KT_10 | 1ct | imgs:1
[21:42:46][CUSHION] [201] ? NIV-924F42660294D11D | BASKET | CONTEMPORARY | CHANNEL | GOLD | KT_10 | 1ct | imgs:3
[21:42:49][CUSHION] [202] ? NIV-924F42660294D11D | BASKET | CONTEMPORARY | CHANNEL | GOLD | KT_10 | 1ct | imgs:3
[21:42:52][CUSHION] [203] ? NIV-7EA85B7EFBE4DBDD | BASKET | CONTEMPORARY | CHANNEL | GOLD | KT_10 | 1ct | imgs:3
[21:42:55][CUSHION] [204] ? NIV-7EA85B7EFBE4DBDD | BASKET | CONTEMPORARY | CHANNEL | GOLD | KT_10 | 1ct | imgs:3
[21:43:01][CUSHION] [205] ? NIV-7EA85B7EFBE4DBDD | BASKET | CONTEMPORARY | CHANNEL | GOLD | KT_10 | 1ct | imgs:3
[21:43:04][CUSHION] [206] ? NIV-3319EC0137845985 | BASKET | CONTEMPORARY | CHANNEL | GOLD | KT_14 | 1ct | imgs:3
[21:43:10][CUSHION] [207] ? NIV-3319EC0137845985 | BASKET | CONTEMPORARY | CHANNEL | GOLD | KT_14 | 1ct | imgs:3
[21:43:13][CUSHION] [208] ? NIV-3319EC0137845985 | BASKET | CONTEMPORARY | CHANNEL | GOLD | KT_14 | 1ct | imgs:3
[21:43:16][CUSHION] [209] ? NIV-6924BC42D2806CB5 | BASKET | CONTEMPORARY | CHANNEL | GOLD | KT_14 | 1ct | imgs:3
[21:43:22][CUSHION] [210] ? NIV-6924BC42D2806CB5 | BASKET | CONTEMPORARY | CHANNEL | GOLD | KT_14 | 1ct | imgs:3
[21:43:26][CUSHION] [211] ? NIV-6924BC42D2806CB5 | BASKET | CONTEMPORARY | CHANNEL | GOLD | KT_14 | 1ct | imgs:3
[21:43:28][CUSHION] [212] ? NIV-E0878673846D8A52 | BASKET | CONTEMPORARY | CHANNEL | GOLD | KT_14 | 1ct | imgs:2
[21:43:34][CUSHION] [213] ? NIV-E0878673846D8A52 | BASKET | CONTEMPORARY | CHANNEL | GOLD | KT_14 | 1ct | imgs:3
[21:43:37][CUSHION] [214] ? NIV-E0878673846D8A52 | BASKET | CONTEMPORARY | CHANNEL | GOLD | KT_14 | 1ct | imgs:3
[21:43:40][CUSHION] [215] ? NIV-78CF6D7F26D52222 | BASKET | CONTEMPORARY | CHANNEL | GOLD | KT_18 | 1ct | imgs:3
[21:43:46][CUSHION] [216] ? NIV-78CF6D7F26D52222 | BASKET | CONTEMPORARY | CHANNEL | GOLD | KT_18 | 1ct | imgs:3
[21:43:49][CUSHION] [217] ? NIV-78CF6D7F26D52222 | BASKET | CONTEMPORARY | CHANNEL | GOLD | KT_18 | 1ct | imgs:3
[21:43:52][CUSHION] [218] ? NIV-785D35C3EFE5E2D8 | BASKET | CONTEMPORARY | CHANNEL | GOLD | KT_18 | 1ct | imgs:3
[21:43:55][CUSHION] [219] ? NIV-785D35C3EFE5E2D8 | BASKET | CONTEMPORARY | CHANNEL | GOLD | KT_18 | 1ct | imgs:3
[21:44:01][CUSHION] [220] ? NIV-785D35C3EFE5E2D8 | BASKET | CONTEMPORARY | CHANNEL | GOLD | KT_18 | 1ct | imgs:3
[21:44:04][CUSHION] [221] ? NIV-DEA7FAD01E22C939 | BASKET | CONTEMPORARY | CHANNEL | GOLD | KT_18 | 1ct | imgs:3
[21:44:07][CUSHION] [222] ? NIV-DEA7FAD01E22C939 | BASKET | CONTEMPORARY | CHANNEL | GOLD | KT_18 | 1ct | imgs:3
[21:44:13][CUSHION] [223] ? NIV-DEA7FAD01E22C939 | BASKET | CONTEMPORARY | CHANNEL | GOLD | KT_18 | 1ct | imgs:3
[21:44:16][CUSHION] [224] ? NIV-881B05984016CE9B | BASKET | CONTEMPORARY | CHANNEL | PLATINUM | PT_950 | 1ct | imgs:3
[21:44:22][CUSHION] [225] ? NIV-EB13ED2B57212E64 | BASKET | CONTEMPORARY | CHANNEL | GOLD | KT_10 | 1ct | imgs:3
[21:44:25][CUSHION] [226] ? NIV-EB13ED2B57212E64 | BASKET | CONTEMPORARY | CHANNEL | GOLD | KT_10 | 1ct | imgs:3
[21:44:31][CUSHION] [227] ? NIV-EB13ED2B57212E64 | BASKET | CONTEMPORARY | CHANNEL | GOLD | KT_10 | 1ct | imgs:3
[21:44:34][CUSHION] [228] ? NIV-4490C734806AA51C | BASKET | CONTEMPORARY | CHANNEL | GOLD | KT_10 | 1ct | imgs:3
[21:44:37][CUSHION] [229] ? NIV-4490C734806AA51C | BASKET | CONTEMPORARY | CHANNEL | GOLD | KT_10 | 1ct | imgs:3
[21:44:43][CUSHION] [230] ? NIV-4490C734806AA51C | BASKET | CONTEMPORARY | CHANNEL | GOLD | KT_10 | 1ct | imgs:3
[21:44:46][CUSHION] [231] ? NIV-076BB594C69DC3F3 | BASKET | CONTEMPORARY | CHANNEL | GOLD | KT_10 | 1ct | imgs:3
[21:44:52][CUSHION] [232] ? NIV-076BB594C69DC3F3 | BASKET | CONTEMPORARY | CHANNEL | GOLD | KT_10 | 1ct | imgs:3
[21:44:55][CUSHION] [233] ? NIV-076BB594C69DC3F3 | BASKET | CONTEMPORARY | CHANNEL | GOLD | KT_10 | 1ct | imgs:3
[21:45:01][CUSHION] [234] ? NIV-58DF8403CDAD3ECD | BASKET | CONTEMPORARY | CHANNEL | GOLD | KT_14 | 1ct | imgs:3
[21:45:04][CUSHION] [235] ? NIV-58DF8403CDAD3ECD | BASKET | CONTEMPORARY | CHANNEL | GOLD | KT_14 | 1ct | imgs:3
[21:45:07][CUSHION] [236] ? NIV-58DF8403CDAD3ECD | BASKET | CONTEMPORARY | CHANNEL | GOLD | KT_14 | 1ct | imgs:3
[21:45:10][CUSHION] [237] ? NIV-DBB7025C15959F38 | BASKET | CONTEMPORARY | CHANNEL | GOLD | KT_14 | 1ct | imgs:3
[21:45:16][CUSHION] [238] ? NIV-DBB7025C15959F38 | BASKET | CONTEMPORARY | CHANNEL | GOLD | KT_14 | 1ct | imgs:3
[21:45:19][CUSHION] [239] ? NIV-DBB7025C15959F38 | BASKET | CONTEMPORARY | CHANNEL | GOLD | KT_14 | 1ct | imgs:3
[21:45:22][CUSHION] [240] ? NIV-0F4908C70F43BCAD | BASKET | CONTEMPORARY | CHANNEL | GOLD | KT_14 | 1ct | imgs:3
[21:45:25][CUSHION] [241] ? NIV-0F4908C70F43BCAD | BASKET | CONTEMPORARY | CHANNEL | GOLD | KT_14 | 1ct | imgs:3
[21:45:31][CUSHION] [242] ? NIV-0F4908C70F43BCAD | BASKET | CONTEMPORARY | CHANNEL | GOLD | KT_14 | 1ct | imgs:3
[21:45:35][CUSHION] [243] ? NIV-2DEEDA36C471C846 | BASKET | CONTEMPORARY | CHANNEL | GOLD | KT_18 | 1ct | imgs:3
[21:45:40][CUSHION] [244] ? NIV-2DEEDA36C471C846 | BASKET | CONTEMPORARY | CHANNEL | GOLD | KT_18 | 1ct | imgs:3
[21:45:46][CUSHION] [245] ? NIV-2DEEDA36C471C846 | BASKET | CONTEMPORARY | CHANNEL | GOLD | KT_18 | 1ct | imgs:3
[21:45:49][CUSHION] [246] ? NIV-AE1F5529451CD79F | BASKET | CONTEMPORARY | CHANNEL | GOLD | KT_18 | 1ct | imgs:3
[21:45:52][CUSHION] [247] ? NIV-AE1F5529451CD79F | BASKET | CONTEMPORARY | CHANNEL | GOLD | KT_18 | 1ct | imgs:3
[21:45:55][CUSHION] [248] ? NIV-AE1F5529451CD79F | BASKET | CONTEMPORARY | CHANNEL | GOLD | KT_18 | 1ct | imgs:3
[21:45:58][CUSHION] [249] ? NIV-B8786D7796A6243D | BASKET | CONTEMPORARY | CHANNEL | GOLD | KT_18 | 1ct | imgs:3
[21:46:01][CUSHION] [250] ? NIV-B8786D7796A6243D | BASKET | CONTEMPORARY | CHANNEL | GOLD | KT_18 | 1ct | imgs:3
[21:46:07][CUSHION] [251] ? NIV-B8786D7796A6243D | BASKET | CONTEMPORARY | CHANNEL | GOLD | KT_18 | 1ct | imgs:3
[21:46:10][CUSHION] [252] ? NIV-2FFAA6A26C0C73B6 | BASKET | CONTEMPORARY | CHANNEL | PLATINUM | PT_950 | 1ct | imgs:3
[21:46:16][CUSHION] [253] ? NIV-E9C5DFD4C98CAF83 | BASKET | CONTEMPORARY | CHANNEL | GOLD | KT_10 | 1ct | imgs:3
[21:46:19][CUSHION] [254] ? NIV-E9C5DFD4C98CAF83 | BASKET | CONTEMPORARY | CHANNEL | GOLD | KT_10 | 1ct | imgs:3
[21:46:25][CUSHION] [255] ? NIV-E9C5DFD4C98CAF83 | BASKET | CONTEMPORARY | CHANNEL | GOLD | KT_10 | 1ct | imgs:3
[21:46:28][CUSHION] [256] ? NIV-A8E0082045AC9C48 | BASKET | CONTEMPORARY | CHANNEL | GOLD | KT_10 | 1ct | imgs:3
[21:46:31][CUSHION] [257] ? NIV-A8E0082045AC9C48 | BASKET | CONTEMPORARY | CHANNEL | GOLD | KT_10 | 1ct | imgs:3
[21:46:34][CUSHION] [258] ? NIV-A8E0082045AC9C48 | BASKET | CONTEMPORARY | CHANNEL | GOLD | KT_10 | 1ct | imgs:3
[21:46:37][CUSHION] [259] ? NIV-E42A66604D9345D8 | BASKET | CONTEMPORARY | CHANNEL | GOLD | KT_10 | 1ct | imgs:3
[21:46:40][CUSHION] [260] ? NIV-E42A66604D9345D8 | BASKET | CONTEMPORARY | CHANNEL | GOLD | KT_10 | 1ct | imgs:3
[21:46:43][CUSHION] [261] ? NIV-E42A66604D9345D8 | BASKET | CONTEMPORARY | CHANNEL | GOLD | KT_10 | 1ct | imgs:3
[21:46:49][CUSHION] [262] ? NIV-102408BC968DE636 | BASKET | CONTEMPORARY | CHANNEL | GOLD | KT_14 | 1ct | imgs:3
[21:46:52][CUSHION] [263] ? NIV-102408BC968DE636 | BASKET | CONTEMPORARY | CHANNEL | GOLD | KT_14 | 1ct | imgs:3
[21:46:55][CUSHION] [264] ? NIV-102408BC968DE636 | BASKET | CONTEMPORARY | CHANNEL | GOLD | KT_14 | 1ct | imgs:3
[21:46:58][CUSHION] [265] ? NIV-9E52BF94B273B44A | BASKET | CONTEMPORARY | CHANNEL | GOLD | KT_14 | 1ct | imgs:3
[21:47:04][CUSHION] [266] ? NIV-9E52BF94B273B44A | BASKET | CONTEMPORARY | CHANNEL | GOLD | KT_14 | 1ct | imgs:3
[21:47:07][CUSHION] [267] ? NIV-9E52BF94B273B44A | BASKET | CONTEMPORARY | CHANNEL | GOLD | KT_14 | 1ct | imgs:3
[21:47:10][CUSHION] [268] ? NIV-7907602C450424BB | BASKET | CONTEMPORARY | CHANNEL | GOLD | KT_14 | 1ct | imgs:3
[21:47:13][CUSHION] [269] ? NIV-7907602C450424BB | BASKET | CONTEMPORARY | CHANNEL | GOLD | KT_14 | 1ct | imgs:3
[21:47:16][CUSHION] [270] ? NIV-7907602C450424BB | BASKET | CONTEMPORARY | CHANNEL | GOLD | KT_14 | 1ct | imgs:3
[21:47:20][CUSHION] [271] ? NIV-DDC51E8FD6E40859 | BASKET | CONTEMPORARY | CHANNEL | GOLD | KT_18 | 1ct | imgs:3
[21:47:25][CUSHION] [272] ? NIV-DDC51E8FD6E40859 | BASKET | CONTEMPORARY | CHANNEL | GOLD | KT_18 | 1ct | imgs:3
[21:47:28][CUSHION] [273] ? NIV-DDC51E8FD6E40859 | BASKET | CONTEMPORARY | CHANNEL | GOLD | KT_18 | 1ct | imgs:3
[21:47:31][CUSHION] [274] ? NIV-2DB9DA1201CFE4BB | BASKET | CONTEMPORARY | CHANNEL | GOLD | KT_18 | 1ct | imgs:3
[21:47:37][CUSHION] [275] ? NIV-2DB9DA1201CFE4BB | BASKET | CONTEMPORARY | CHANNEL | GOLD | KT_18 | 1ct | imgs:3
[21:47:40][CUSHION] [276] ? NIV-2DB9DA1201CFE4BB | BASKET | CONTEMPORARY | CHANNEL | GOLD | KT_18 | 1ct | imgs:3
[21:47:43][CUSHION] [277] ? NIV-A9B8D0374EAF52A7 | BASKET | CONTEMPORARY | CHANNEL | GOLD | KT_18 | 1ct | imgs:3
[21:47:47][CUSHION] [278] ? NIV-A9B8D0374EAF52A7 | BASKET | CONTEMPORARY | CHANNEL | GOLD | KT_18 | 1ct | imgs:3
[21:47:52][CUSHION] [279] ? NIV-A9B8D0374EAF52A7 | BASKET | CONTEMPORARY | CHANNEL | GOLD | KT_18 | 1ct | imgs:3
[21:47:55][CUSHION] [280] ? NIV-98A248E6A03A7E05 | BASKET | CONTEMPORARY | CHANNEL | PLATINUM | PT_950 | 1ct | imgs:3
[21:48:04][CUSHION] [281] ? NIV-72F15D0B47D05015 | BASKET | CONTEMPORARY | CHANNEL | GOLD | KT_10 | 1ct | imgs:3
[21:48:07][CUSHION] [282] ? NIV-72F15D0B47D05015 | BASKET | CONTEMPORARY | CHANNEL | GOLD | KT_10 | 1ct | imgs:3
[21:48:13][CUSHION] [283] ? NIV-72F15D0B47D05015 | BASKET | CONTEMPORARY | CHANNEL | GOLD | KT_10 | 1ct | imgs:3
[21:48:16][CUSHION] [284] ? NIV-4CF098DB90E5A94B | BASKET | CONTEMPORARY | CHANNEL | GOLD | KT_10 | 1ct | imgs:3
[21:48:19][CUSHION] [285] ? NIV-4CF098DB90E5A94B | BASKET | CONTEMPORARY | CHANNEL | GOLD | KT_10 | 1ct | imgs:3
[21:48:23][CUSHION] [286] ? NIV-4CF098DB90E5A94B | BASKET | CONTEMPORARY | CHANNEL | GOLD | KT_10 | 1ct | imgs:3
[21:48:25][CUSHION] [287] ? NIV-8D2B9759B3326DC4 | BASKET | CONTEMPORARY | CHANNEL | GOLD | KT_10 | 1ct | imgs:3
[21:48:31][CUSHION] [288] ? NIV-8D2B9759B3326DC4 | BASKET | CONTEMPORARY | CHANNEL | GOLD | KT_10 | 1ct | imgs:3
[21:48:37][CUSHION] [289] ? NIV-8D2B9759B3326DC4 | BASKET | CONTEMPORARY | CHANNEL | GOLD | KT_10 | 1ct | imgs:3
[21:48:40][CUSHION] [290] ? NIV-DAC4E14F79F44246 | BASKET | CONTEMPORARY | CHANNEL | GOLD | KT_14 | 1ct | imgs:3
[21:48:46][CUSHION] [291] ? NIV-DAC4E14F79F44246 | BASKET | CONTEMPORARY | CHANNEL | GOLD | KT_14 | 1ct | imgs:3
[21:48:50][CUSHION] [292] ? NIV-DAC4E14F79F44246 | BASKET | CONTEMPORARY | CHANNEL | GOLD | KT_14 | 1ct | imgs:3
[21:48:52][CUSHION] [293] ? NIV-406563424BF14E70 | BASKET | CONTEMPORARY | CHANNEL | GOLD | KT_14 | 1ct | imgs:3
[21:48:58][CUSHION] [294] ? NIV-406563424BF14E70 | BASKET | CONTEMPORARY | CHANNEL | GOLD | KT_14 | 1ct | imgs:3
[21:49:04][CUSHION] [295] ? NIV-406563424BF14E70 | BASKET | CONTEMPORARY | CHANNEL | GOLD | KT_14 | 1ct | imgs:3
[21:49:07][CUSHION] [296] ? NIV-7790A65F0EF80560 | BASKET | CONTEMPORARY | CHANNEL | GOLD | KT_14 | 1ct | imgs:3
[21:49:10][CUSHION] [297] ? NIV-7790A65F0EF80560 | BASKET | CONTEMPORARY | CHANNEL | GOLD | KT_14 | 1ct | imgs:3
[21:49:16][CUSHION] [298] ? NIV-7790A65F0EF80560 | BASKET | CONTEMPORARY | CHANNEL | GOLD | KT_14 | 1ct | imgs:3
[21:49:21][CUSHION] [299] ? NIV-8B0B88349E84E9D3 | BASKET | CONTEMPORARY | CHANNEL | GOLD | KT_18 | 1ct | imgs:3
[21:49:25][CUSHION] [300] ? NIV-8B0B88349E84E9D3 | BASKET | CONTEMPORARY | CHANNEL | GOLD | KT_18 | 1ct | imgs:3
[21:49:28][CUSHION] [301] ? NIV-8B0B88349E84E9D3 | BASKET | CONTEMPORARY | CHANNEL | GOLD | KT_18 | 1ct | imgs:3
[21:49:31][CUSHION] [302] ? NIV-83E4FACE5A62C985 | BASKET | CONTEMPORARY | CHANNEL | GOLD | KT_18 | 1ct | imgs:3
[21:49:34][CUSHION] [303] ? NIV-83E4FACE5A62C985 | BASKET | CONTEMPORARY | CHANNEL | GOLD | KT_18 | 1ct | imgs:3
[21:49:37][CUSHION] [304] ? NIV-83E4FACE5A62C985 | BASKET | CONTEMPORARY | CHANNEL | GOLD | KT_18 | 1ct | imgs:3
[21:49:40][CUSHION] [305] ? NIV-C22189ADA9DBB407 | BASKET | CONTEMPORARY | CHANNEL | GOLD | KT_18 | 1ct | imgs:3
[21:49:43][CUSHION] [306] ? NIV-C22189ADA9DBB407 | BASKET | CONTEMPORARY | CHANNEL | GOLD | KT_18 | 1ct | imgs:3
[21:49:49][CUSHION] [307] ? NIV-C22189ADA9DBB407 | BASKET | CONTEMPORARY | CHANNEL | GOLD | KT_18 | 1ct | imgs:3
[21:49:52][CUSHION] [308] ? NIV-C90C1D255EE6018C | BASKET | CONTEMPORARY | CHANNEL | PLATINUM | PT_950 | 1ct | imgs:3
[21:49:58][CUSHION] [309] ? NIV-11A4EF2B1AE4EEC5 | BASKET | CONTEMPORARY | CHANNEL | GOLD | KT_10 | 1ct | imgs:3
[21:50:01][CUSHION] [310] ? NIV-11A4EF2B1AE4EEC5 | BASKET | CONTEMPORARY | CHANNEL | GOLD | KT_10 | 1ct | imgs:3
[21:50:05][CUSHION] [311] ? NIV-11A4EF2B1AE4EEC5 | BASKET | CONTEMPORARY | CHANNEL | GOLD | KT_10 | 1ct | imgs:3
[21:50:07][CUSHION] [312] ? NIV-62EE8D7C35EE46DD | BASKET | CONTEMPORARY | CHANNEL | GOLD | KT_10 | 1ct | imgs:3
[21:50:13][CUSHION] [313] ? NIV-62EE8D7C35EE46DD | BASKET | CONTEMPORARY | CHANNEL | GOLD | KT_10 | 1ct | imgs:3
[21:50:16][CUSHION] [314] ? NIV-62EE8D7C35EE46DD | BASKET | CONTEMPORARY | CHANNEL | GOLD | KT_10 | 1ct | imgs:3
[21:50:19][CUSHION] [315] ? NIV-0972F6CA14B87BC6 | BASKET | CONTEMPORARY | CHANNEL | GOLD | KT_10 | 1ct | imgs:3
[21:50:25][CUSHION] [316] ? NIV-0972F6CA14B87BC6 | BASKET | CONTEMPORARY | CHANNEL | GOLD | KT_10 | 1ct | imgs:3
[21:50:28][CUSHION] [317] ? NIV-0972F6CA14B87BC6 | BASKET | CONTEMPORARY | CHANNEL | GOLD | KT_10 | 1ct | imgs:3
[21:50:34][CUSHION] [318] ? NIV-DEDD2604ADD0D1D7 | BASKET | CONTEMPORARY | CHANNEL | GOLD | KT_14 | 1ct | imgs:3
[21:50:37][CUSHION] [319] ? NIV-DEDD2604ADD0D1D7 | BASKET | CONTEMPORARY | CHANNEL | GOLD | KT_14 | 1ct | imgs:3
[21:50:40][CUSHION] [320] ? NIV-DEDD2604ADD0D1D7 | BASKET | CONTEMPORARY | CHANNEL | GOLD | KT_14 | 1ct | imgs:3
[21:50:43][CUSHION] [321] ? NIV-D09755714EFBB596 | BASKET | CONTEMPORARY | CHANNEL | GOLD | KT_14 | 1ct | imgs:3
[21:50:46][CUSHION] [322] ? NIV-D09755714EFBB596 | BASKET | CONTEMPORARY | CHANNEL | GOLD | KT_14 | 1ct | imgs:3
[21:50:49][CUSHION] [323] ? NIV-D09755714EFBB596 | BASKET | CONTEMPORARY | CHANNEL | GOLD | KT_14 | 1ct | imgs:3
[21:50:52][CUSHION] [324] ? NIV-CFC7FD1BD30F9320 | BASKET | CONTEMPORARY | CHANNEL | GOLD | KT_14 | 1ct | imgs:3
[21:50:55][CUSHION] [325] ? NIV-CFC7FD1BD30F9320 | BASKET | CONTEMPORARY | CHANNEL | GOLD | KT_14 | 1ct | imgs:3
[21:51:01][CUSHION] [326] ? NIV-CFC7FD1BD30F9320 | BASKET | CONTEMPORARY | CHANNEL | GOLD | KT_14 | 1ct | imgs:3
[21:51:04][CUSHION] [327] ? NIV-7A1370A1D7C23640 | BASKET | CONTEMPORARY | CHANNEL | GOLD | KT_18 | 1ct | imgs:3
[21:51:07][CUSHION] [328] ? NIV-7A1370A1D7C23640 | BASKET | CONTEMPORARY | CHANNEL | GOLD | KT_18 | 1ct | imgs:3
[21:51:10][CUSHION] [329] ? NIV-7A1370A1D7C23640 | BASKET | CONTEMPORARY | CHANNEL | GOLD | KT_18 | 1ct | imgs:3
[21:51:13][CUSHION] [330] ? NIV-C285B25E1048681C | BASKET | CONTEMPORARY | CHANNEL | GOLD | KT_18 | 1ct | imgs:3
[21:51:16][CUSHION] [331] ? NIV-C285B25E1048681C | BASKET | CONTEMPORARY | CHANNEL | GOLD | KT_18 | 1ct | imgs:3
[21:51:19][CUSHION] [332] ? NIV-C285B25E1048681C | BASKET | CONTEMPORARY | CHANNEL | GOLD | KT_18 | 1ct | imgs:3
[21:51:22][CUSHION] [333] ? NIV-2AAB68E9E456B683 | BASKET | CONTEMPORARY | CHANNEL | GOLD | KT_18 | 1ct | imgs:3
[21:51:25][CUSHION] [334] ? NIV-2AAB68E9E456B683 | BASKET | CONTEMPORARY | CHANNEL | GOLD | KT_18 | 1ct | imgs:3
[21:51:31][CUSHION] [335] ? NIV-2AAB68E9E456B683 | BASKET | CONTEMPORARY | CHANNEL | GOLD | KT_18 | 1ct | imgs:3
[21:51:34][CUSHION] [336] ? NIV-61CE05C0BA442B8B | BASKET | CONTEMPORARY | CHANNEL | PLATINUM | PT_950 | 1ct | imgs:3
[21:51:40][CUSHION] [337] ? NIV-1BAA51F12056450B | BASKET | CONTEMPORARY | CHANNEL | GOLD | KT_10 | 1ct | imgs:3
[21:51:43][CUSHION] [338] ? NIV-1BAA51F12056450B | BASKET | CONTEMPORARY | CHANNEL | GOLD | KT_10 | 1ct | imgs:3
[21:51:46][CUSHION] [339] ? NIV-1BAA51F12056450B | BASKET | CONTEMPORARY | CHANNEL | GOLD | KT_10 | 1ct | imgs:3
[21:51:49][CUSHION] [340] ? NIV-69F4C524ABBAD6D9 | BASKET | CONTEMPORARY | CHANNEL | GOLD | KT_10 | 1ct | imgs:3
[21:51:52][CUSHION] [341] ? NIV-69F4C524ABBAD6D9 | BASKET | CONTEMPORARY | CHANNEL | GOLD | KT_10 | 1ct | imgs:3
[21:51:55][CUSHION] [342] ? NIV-69F4C524ABBAD6D9 | BASKET | CONTEMPORARY | CHANNEL | GOLD | KT_10 | 1ct | imgs:3
[21:51:58][CUSHION] [343] ? NIV-2A1ABA9791ACB76B | BASKET | CONTEMPORARY | CHANNEL | GOLD | KT_10 | 1ct | imgs:3
[21:52:04][CUSHION] [344] ? NIV-2A1ABA9791ACB76B | BASKET | CONTEMPORARY | CHANNEL | GOLD | KT_10 | 1ct | imgs:3
[21:52:07][CUSHION] [345] ? NIV-2A1ABA9791ACB76B | BASKET | CONTEMPORARY | CHANNEL | GOLD | KT_10 | 1ct | imgs:3
[21:52:13][CUSHION] [346] ? NIV-BDC97ADD1EF41A59 | BASKET | CONTEMPORARY | CHANNEL | GOLD | KT_14 | 1ct | imgs:3
[21:52:16][CUSHION] [347] ? NIV-BDC97ADD1EF41A59 | BASKET | CONTEMPORARY | CHANNEL | GOLD | KT_14 | 1ct | imgs:3
[21:52:19][CUSHION] [348] ? NIV-BDC97ADD1EF41A59 | BASKET | CONTEMPORARY | CHANNEL | GOLD | KT_14 | 1ct | imgs:3
[21:52:22][CUSHION] [349] ? NIV-24BBC5EAAAB70AAF | BASKET | CONTEMPORARY | CHANNEL | GOLD | KT_14 | 1ct | imgs:3
[21:52:25][CUSHION] [350] ? NIV-24BBC5EAAAB70AAF | BASKET | CONTEMPORARY | CHANNEL | GOLD | KT_14 | 1ct | imgs:3
[21:52:28][CUSHION] [351] ? NIV-24BBC5EAAAB70AAF | BASKET | CONTEMPORARY | CHANNEL | GOLD | KT_14 | 1ct | imgs:3
[21:52:31][CUSHION] [352] ? NIV-32098745BBD45DB8 | BASKET | CONTEMPORARY | CHANNEL | GOLD | KT_14 | 1ct | imgs:3
[21:52:37][CUSHION] [353] ? NIV-32098745BBD45DB8 | BASKET | CONTEMPORARY | CHANNEL | GOLD | KT_14 | 1ct | imgs:3
[21:52:40][CUSHION] [354] ? NIV-32098745BBD45DB8 | BASKET | CONTEMPORARY | CHANNEL | GOLD | KT_14 | 1ct | imgs:3
[21:52:43][CUSHION] [355] ? NIV-96A40935682428A4 | BASKET | CONTEMPORARY | CHANNEL | GOLD | KT_18 | 1ct | imgs:3
[21:52:49][CUSHION] [356] ? NIV-96A40935682428A4 | BASKET | CONTEMPORARY | CHANNEL | GOLD | KT_18 | 1ct | imgs:3
[21:52:52][CUSHION] [357] ? NIV-96A40935682428A4 | BASKET | CONTEMPORARY | CHANNEL | GOLD | KT_18 | 1ct | imgs:3
[21:52:55][CUSHION] [358] ? NIV-42A3A1940E1D1E73 | BASKET | CONTEMPORARY | CHANNEL | GOLD | KT_18 | 1ct | imgs:3
[21:52:58][CUSHION] [359] ? NIV-42A3A1940E1D1E73 | BASKET | CONTEMPORARY | CHANNEL | GOLD | KT_18 | 1ct | imgs:3
[21:53:01][CUSHION] [360] ? NIV-42A3A1940E1D1E73 | BASKET | CONTEMPORARY | CHANNEL | GOLD | KT_18 | 1ct | imgs:3
[21:53:04][CUSHION] [361] ? NIV-5B560141790221FC | BASKET | CONTEMPORARY | CHANNEL | GOLD | KT_18 | 1ct | imgs:3
[21:53:07][CUSHION] [362] ? NIV-5B560141790221FC | BASKET | CONTEMPORARY | CHANNEL | GOLD | KT_18 | 1ct | imgs:3
[21:53:10][CUSHION] [363] ? NIV-5B560141790221FC | BASKET | CONTEMPORARY | CHANNEL | GOLD | KT_18 | 1ct | imgs:3
[21:53:13][CUSHION] [364] ? NIV-4F7D22270446C991 | BASKET | CONTEMPORARY | CHANNEL | PLATINUM | PT_950 | 1ct | imgs:3
[21:53:19][CUSHION] [365] ? NIV-7FD10F33D55CA2E1 | BASKET | CONTEMPORARY | CHANNEL | GOLD | KT_10 | 1ct | imgs:3
[21:53:22][CUSHION] [366] ? NIV-7FD10F33D55CA2E1 | BASKET | CONTEMPORARY | CHANNEL | GOLD | KT_10 | 1ct | imgs:3
[21:53:28][CUSHION] [367] ? NIV-7FD10F33D55CA2E1 | BASKET | CONTEMPORARY | CHANNEL | GOLD | KT_10 | 1ct | imgs:3
[21:53:31][CUSHION] [368] ? NIV-A1E92518435B7087 | BASKET | CONTEMPORARY | CHANNEL | GOLD | KT_10 | 1ct | imgs:3
[21:53:34][CUSHION] [369] ? NIV-A1E92518435B7087 | BASKET | CONTEMPORARY | CHANNEL | GOLD | KT_10 | 1ct | imgs:3
[21:53:37][CUSHION] [370] ? NIV-A1E92518435B7087 | BASKET | CONTEMPORARY | CHANNEL | GOLD | KT_10 | 1ct | imgs:3
[21:53:40][CUSHION] [371] ? NIV-2CF8DAEBD637A9DF | BASKET | CONTEMPORARY | CHANNEL | GOLD | KT_10 | 1ct | imgs:3
[21:53:43][CUSHION] [372] ? NIV-2CF8DAEBD637A9DF | BASKET | CONTEMPORARY | CHANNEL | GOLD | KT_10 | 1ct | imgs:3
[21:53:49][CUSHION] [373] ? NIV-2CF8DAEBD637A9DF | BASKET | CONTEMPORARY | CHANNEL | GOLD | KT_10 | 1ct | imgs:3
[21:53:52][CUSHION] [374] ? NIV-55F90A5440F1B057 | BASKET | CONTEMPORARY | CHANNEL | GOLD | KT_14 | 1ct | imgs:3
[21:53:55][CUSHION] [375] ? NIV-55F90A5440F1B057 | BASKET | CONTEMPORARY | CHANNEL | GOLD | KT_14 | 1ct | imgs:3
[21:54:01][CUSHION] [376] ? NIV-55F90A5440F1B057 | BASKET | CONTEMPORARY | CHANNEL | GOLD | KT_14 | 1ct | imgs:3
[21:54:04][CUSHION] [377] ? NIV-CE1DF475959B68F7 | BASKET | CONTEMPORARY | CHANNEL | GOLD | KT_14 | 1ct | imgs:3
[21:54:07][CUSHION] [378] ? NIV-CE1DF475959B68F7 | BASKET | CONTEMPORARY | CHANNEL | GOLD | KT_14 | 1ct | imgs:3
[21:54:10][CUSHION] [379] ? NIV-CE1DF475959B68F7 | BASKET | CONTEMPORARY | CHANNEL | GOLD | KT_14 | 1ct | imgs:3
[21:54:13][CUSHION] [380] ? NIV-B33CAEF66D23A875 | BASKET | CONTEMPORARY | CHANNEL | GOLD | KT_14 | 1ct | imgs:3
[21:54:16][CUSHION] [381] ? NIV-B33CAEF66D23A875 | BASKET | CONTEMPORARY | CHANNEL | GOLD | KT_14 | 1ct | imgs:3
[21:54:22][CUSHION] [382] ? NIV-B33CAEF66D23A875 | BASKET | CONTEMPORARY | CHANNEL | GOLD | KT_14 | 1ct | imgs:3
[21:54:25][CUSHION] [383] ? NIV-5BA88AC9A1E639D6 | BASKET | CONTEMPORARY | CHANNEL | GOLD | KT_18 | 1ct | imgs:3
[21:54:28][CUSHION] [384] ? NIV-5BA88AC9A1E639D6 | BASKET | CONTEMPORARY | CHANNEL | GOLD | KT_18 | 1ct | imgs:3
[21:54:31][CUSHION] [385] ? NIV-5BA88AC9A1E639D6 | BASKET | CONTEMPORARY | CHANNEL | GOLD | KT_18 | 1ct | imgs:3
[21:54:34][CUSHION] [386] ? NIV-6268493E45B2B987 | BASKET | CONTEMPORARY | CHANNEL | GOLD | KT_18 | 1ct | imgs:3
[21:54:37][CUSHION] [387] ? NIV-6268493E45B2B987 | BASKET | CONTEMPORARY | CHANNEL | GOLD | KT_18 | 1ct | imgs:3
[21:54:43][CUSHION] [388] ? NIV-6268493E45B2B987 | BASKET | CONTEMPORARY | CHANNEL | GOLD | KT_18 | 1ct | imgs:3
[21:54:46][CUSHION] [389] ? NIV-88C6C2FC626EF8CD | BASKET | CONTEMPORARY | CHANNEL | GOLD | KT_18 | 1ct | imgs:3
[21:54:49][CUSHION] [390] ? NIV-88C6C2FC626EF8CD | BASKET | CONTEMPORARY | CHANNEL | GOLD | KT_18 | 1ct | imgs:3
[21:54:52][CUSHION] [391] ? NIV-88C6C2FC626EF8CD | BASKET | CONTEMPORARY | CHANNEL | GOLD | KT_18 | 1ct | imgs:3
[21:54:55][CUSHION] [392] ? NIV-F55492433D4B1164 | BASKET | CONTEMPORARY | CHANNEL | PLATINUM | PT_950 | 1ct | imgs:3
[21:55:01][CUSHION] [393] ? NIV-2F9E870B34F1F687 | BASKET | CONTEMPORARY | CHANNEL | GOLD | KT_10 | 1ct | imgs:3
[21:55:04][CUSHION] [394] ? NIV-2F9E870B34F1F687 | BASKET | CONTEMPORARY | CHANNEL | GOLD | KT_10 | 1ct | imgs:3
[21:55:07][CUSHION] [395] ? NIV-2F9E870B34F1F687 | BASKET | CONTEMPORARY | CHANNEL | GOLD | KT_10 | 1ct | imgs:3
[21:55:10][CUSHION] [396] ? NIV-6978918E260DCFFA | BASKET | CONTEMPORARY | CHANNEL | GOLD | KT_10 | 1ct | imgs:3
[21:55:13][CUSHION] [397] ? NIV-6978918E260DCFFA | BASKET | CONTEMPORARY | CHANNEL | GOLD | KT_10 | 1ct | imgs:3
[21:55:19][CUSHION] [398] ? NIV-6978918E260DCFFA | BASKET | CONTEMPORARY | CHANNEL | GOLD | KT_10 | 1ct | imgs:3
[21:55:22][CUSHION] [399] ? NIV-8DF0395B3AA06D45 | BASKET | CONTEMPORARY | CHANNEL | GOLD | KT_10 | 1ct | imgs:3
[21:55:25][CUSHION] [400] ? NIV-8DF0395B3AA06D45 | BASKET | CONTEMPORARY | CHANNEL | GOLD | KT_10 | 1ct | imgs:3
[21:55:28][CUSHION] [401] ? NIV-8DF0395B3AA06D45 | BASKET | CONTEMPORARY | CHANNEL | GOLD | KT_10 | 1ct | imgs:3
[21:55:34][CUSHION] [402] ? NIV-68F0BEC1D4F7617D | BASKET | CONTEMPORARY | CHANNEL | GOLD | KT_14 | 1ct | imgs:3
[21:55:37][CUSHION] [403] ? NIV-68F0BEC1D4F7617D | BASKET | CONTEMPORARY | CHANNEL | GOLD | KT_14 | 1ct | imgs:3
[21:55:43][CUSHION] [404] ? NIV-68F0BEC1D4F7617D | BASKET | CONTEMPORARY | CHANNEL | GOLD | KT_14 | 1ct | imgs:3
[21:55:46][CUSHION] [405] ? NIV-E6D2E6C4733AE140 | BASKET | CONTEMPORARY | CHANNEL | GOLD | KT_14 | 1ct | imgs:3
[21:55:49][CUSHION] [406] ? NIV-E6D2E6C4733AE140 | BASKET | CONTEMPORARY | CHANNEL | GOLD | KT_14 | 1ct | imgs:3
[21:55:55][CUSHION] [407] ? NIV-E6D2E6C4733AE140 | BASKET | CONTEMPORARY | CHANNEL | GOLD | KT_14 | 1ct | imgs:3
[21:55:58][CUSHION] [408] ? NIV-6FD6F9BE98D7C04B | BASKET | CONTEMPORARY | CHANNEL | GOLD | KT_14 | 1ct | imgs:3
[21:56:01][CUSHION] [409] ? NIV-6FD6F9BE98D7C04B | BASKET | CONTEMPORARY | CHANNEL | GOLD | KT_14 | 1ct | imgs:3
[21:56:04][CUSHION] [410] ? NIV-6FD6F9BE98D7C04B | BASKET | CONTEMPORARY | CHANNEL | GOLD | KT_14 | 1ct | imgs:3
[21:56:07][CUSHION] [411] ? NIV-8726307925F00EFD | BASKET | CONTEMPORARY | CHANNEL | GOLD | KT_18 | 1ct | imgs:3
[21:56:10][CUSHION] [412] ? NIV-8726307925F00EFD | BASKET | CONTEMPORARY | CHANNEL | GOLD | KT_18 | 1ct | imgs:3
[21:56:16][CUSHION] [413] ? NIV-8726307925F00EFD | BASKET | CONTEMPORARY | CHANNEL | GOLD | KT_18 | 1ct | imgs:3
[21:56:19][CUSHION] [414] ? NIV-F8BE75B1BB2DD372 | BASKET | CONTEMPORARY | CHANNEL | GOLD | KT_18 | 1ct | imgs:3
[21:56:22][CUSHION] [415] ? NIV-F8BE75B1BB2DD372 | BASKET | CONTEMPORARY | CHANNEL | GOLD | KT_18 | 1ct | imgs:3
[21:56:25][CUSHION] [416] ? NIV-F8BE75B1BB2DD372 | BASKET | CONTEMPORARY | CHANNEL | GOLD | KT_18 | 1ct | imgs:3
[21:56:28][CUSHION] [417] ? NIV-610372460454EE48 | BASKET | CONTEMPORARY | CHANNEL | GOLD | KT_18 | 1ct | imgs:3
[21:56:31][CUSHION] [418] ? NIV-610372460454EE48 | BASKET | CONTEMPORARY | CHANNEL | GOLD | KT_18 | 1ct | imgs:3
[21:56:37][CUSHION] [419] ? NIV-610372460454EE48 | BASKET | CONTEMPORARY | CHANNEL | GOLD | KT_18 | 1ct | imgs:3
[21:56:40][CUSHION] [420] ? NIV-C8F510C9739D3E4F | BASKET | CONTEMPORARY | CHANNEL | PLATINUM | PT_950 | 1ct | imgs:3
[21:56:43][CUSHION] [421] ? NIV-B0F641FC5040B998 | BASKET | CONTEMPORARY | CHANNEL | GOLD | KT_10 | 1ct | imgs:3
[21:56:49][CUSHION] [422] ? NIV-B0F641FC5040B998 | BASKET | CONTEMPORARY | CHANNEL | GOLD | KT_10 | 1ct | imgs:3
[21:56:52][CUSHION] [423] ? NIV-B0F641FC5040B998 | BASKET | CONTEMPORARY | CHANNEL | GOLD | KT_10 | 1ct | imgs:3
[21:56:55][CUSHION] [424] ? NIV-D471656D896F78E8 | BASKET | CONTEMPORARY | CHANNEL | GOLD | KT_10 | 1ct | imgs:3
[21:56:58][CUSHION] [425] ? NIV-D471656D896F78E8 | BASKET | CONTEMPORARY | CHANNEL | GOLD | KT_10 | 1ct | imgs:3
[21:57:01][CUSHION] [426] ? NIV-D471656D896F78E8 | BASKET | CONTEMPORARY | CHANNEL | GOLD | KT_10 | 1ct | imgs:3
[21:57:04][CUSHION] [427] ? NIV-D7F3FB66A9018194 | BASKET | CONTEMPORARY | CHANNEL | GOLD | KT_10 | 1ct | imgs:3
[21:57:07][CUSHION] [428] ? NIV-D7F3FB66A9018194 | BASKET | CONTEMPORARY | CHANNEL | GOLD | KT_10 | 1ct | imgs:3
[21:57:13][CUSHION] [429] ? NIV-D7F3FB66A9018194 | BASKET | CONTEMPORARY | CHANNEL | GOLD | KT_10 | 1ct | imgs:3
[21:57:16][CUSHION] [430] ? NIV-AFCF244990C87008 | BASKET | CONTEMPORARY | CHANNEL | GOLD | KT_14 | 1ct | imgs:3
[21:57:19][CUSHION] [431] ? NIV-AFCF244990C87008 | BASKET | CONTEMPORARY | CHANNEL | GOLD | KT_14 | 1ct | imgs:3
[21:57:25][CUSHION] [432] ? NIV-AFCF244990C87008 | BASKET | CONTEMPORARY | CHANNEL | GOLD | KT_14 | 1ct | imgs:3
[21:57:28][CUSHION] [433] ? NIV-55665B709130F606 | BASKET | CONTEMPORARY | CHANNEL | GOLD | KT_14 | 1ct | imgs:3
[21:57:31][CUSHION] [434] ? NIV-55665B709130F606 | BASKET | CONTEMPORARY | CHANNEL | GOLD | KT_14 | 1ct | imgs:3
[21:57:37][CUSHION] [435] ? NIV-55665B709130F606 | BASKET | CONTEMPORARY | CHANNEL | GOLD | KT_14 | 1ct | imgs:3
[21:57:40][CUSHION] [436] ? NIV-D92C84A47885AA3F | BASKET | CONTEMPORARY | CHANNEL | GOLD | KT_14 | 1ct | imgs:3
[21:57:43][CUSHION] [437] ? NIV-D92C84A47885AA3F | BASKET | CONTEMPORARY | CHANNEL | GOLD | KT_14 | 1ct | imgs:3
[21:57:46][CUSHION] [438] ? NIV-D92C84A47885AA3F | BASKET | CONTEMPORARY | CHANNEL | GOLD | KT_14 | 1ct | imgs:3
[21:57:49][CUSHION] [439] ? NIV-B82216C4A16A4165 | BASKET | CONTEMPORARY | CHANNEL | GOLD | KT_18 | 1ct | imgs:3
[21:57:52][CUSHION] [440] ? NIV-B82216C4A16A4165 | BASKET | CONTEMPORARY | CHANNEL | GOLD | KT_18 | 1ct | imgs:3
[21:57:58][CUSHION] [441] ? NIV-B82216C4A16A4165 | BASKET | CONTEMPORARY | CHANNEL | GOLD | KT_18 | 1ct | imgs:3
[21:58:01][CUSHION] [442] ? NIV-83AE07819FC3B13A | BASKET | CONTEMPORARY | CHANNEL | GOLD | KT_18 | 1ct | imgs:3
[21:58:04][CUSHION] [443] ? NIV-83AE07819FC3B13A | BASKET | CONTEMPORARY | CHANNEL | GOLD | KT_18 | 1ct | imgs:3
[21:58:10][CUSHION] [444] ? NIV-83AE07819FC3B13A | BASKET | CONTEMPORARY | CHANNEL | GOLD | KT_18 | 1ct | imgs:3
[21:58:13][CUSHION] [445] ? NIV-582842F2282D5AE9 | BASKET | CONTEMPORARY | CHANNEL | GOLD | KT_18 | 1ct | imgs:3
[21:58:16][CUSHION] [446] ? NIV-582842F2282D5AE9 | BASKET | CONTEMPORARY | CHANNEL | GOLD | KT_18 | 1ct | imgs:3
[21:58:22][CUSHION] [447] ? NIV-582842F2282D5AE9 | BASKET | CONTEMPORARY | CHANNEL | GOLD | KT_18 | 1ct | imgs:3
[21:58:25][CUSHION] [448] ? NIV-A7A4D21843DA9903 | BASKET | CONTEMPORARY | CHANNEL | PLATINUM | PT_950 | 1ct | imgs:3
[21:58:31][CUSHION] [449] ? NIV-8F5FEB5E2588A860 | BASKET | CONTEMPORARY | CHANNEL | GOLD | KT_10 | 1ct | imgs:3
[21:58:34][CUSHION] [450] ? NIV-8F5FEB5E2588A860 | BASKET | CONTEMPORARY | CHANNEL | GOLD | KT_10 | 1ct | imgs:3
[21:58:40][CUSHION] [451] ? NIV-8F5FEB5E2588A860 | BASKET | CONTEMPORARY | CHANNEL | GOLD | KT_10 | 1ct | imgs:3
[21:58:43][CUSHION] [452] ? NIV-7626A1B9A2EE0563 | BASKET | CONTEMPORARY | CHANNEL | GOLD | KT_10 | 1ct | imgs:3
[21:58:46][CUSHION] [453] ? NIV-7626A1B9A2EE0563 | BASKET | CONTEMPORARY | CHANNEL | GOLD | KT_10 | 1ct | imgs:3
[21:58:52][CUSHION] [454] ? NIV-7626A1B9A2EE0563 | BASKET | CONTEMPORARY | CHANNEL | GOLD | KT_10 | 1ct | imgs:3
[21:58:55][CUSHION] [455] ? NIV-DF7C0E39E48E400B | BASKET | CONTEMPORARY | CHANNEL | GOLD | KT_10 | 1ct | imgs:3
[21:58:58][CUSHION] [456] ? NIV-DF7C0E39E48E400B | BASKET | CONTEMPORARY | CHANNEL | GOLD | KT_10 | 1ct | imgs:3
[21:59:04][CUSHION] [457] ? NIV-DF7C0E39E48E400B | BASKET | CONTEMPORARY | CHANNEL | GOLD | KT_10 | 1ct | imgs:3
[21:59:07][CUSHION] [458] ? NIV-B4DC88F4C141C400 | BASKET | CONTEMPORARY | CHANNEL | GOLD | KT_14 | 1ct | imgs:3
[21:59:10][CUSHION] [459] ? NIV-B4DC88F4C141C400 | BASKET | CONTEMPORARY | CHANNEL | GOLD | KT_14 | 1ct | imgs:3
[21:59:13][CUSHION] [460] ? NIV-B4DC88F4C141C400 | BASKET | CONTEMPORARY | CHANNEL | GOLD | KT_14 | 1ct | imgs:3
[21:59:16][CUSHION] [461] ? NIV-320FB5F06BBD0EB6 | BASKET | CONTEMPORARY | CHANNEL | GOLD | KT_14 | 1ct | imgs:3
[21:59:19][CUSHION] [462] ? NIV-320FB5F06BBD0EB6 | BASKET | CONTEMPORARY | CHANNEL | GOLD | KT_14 | 1ct | imgs:3
[21:59:25][CUSHION] [463] ? NIV-320FB5F06BBD0EB6 | BASKET | CONTEMPORARY | CHANNEL | GOLD | KT_14 | 1ct | imgs:3
[21:59:28][CUSHION] [464] ? NIV-941F44915BB8A1D7 | BASKET | CONTEMPORARY | CHANNEL | GOLD | KT_14 | 1ct | imgs:3
[21:59:31][CUSHION] [465] ? NIV-941F44915BB8A1D7 | BASKET | CONTEMPORARY | CHANNEL | GOLD | KT_14 | 1ct | imgs:3
[21:59:37][CUSHION] [466] ? NIV-941F44915BB8A1D7 | BASKET | CONTEMPORARY | CHANNEL | GOLD | KT_14 | 1ct | imgs:3
[21:59:43][CUSHION] [467] ? NIV-8477468835C350A3 | BASKET | CONTEMPORARY | CHANNEL | GOLD | KT_18 | 1ct | imgs:3
[21:59:46][CUSHION] [468] ? NIV-8477468835C350A3 | BASKET | CONTEMPORARY | CHANNEL | GOLD | KT_18 | 1ct | imgs:3
[21:59:49][CUSHION] [469] ? NIV-8477468835C350A3 | BASKET | CONTEMPORARY | CHANNEL | GOLD | KT_18 | 1ct | imgs:3
[21:59:52][CUSHION] [470] ? NIV-C0BD15D4D35379C5 | BASKET | CONTEMPORARY | CHANNEL | GOLD | KT_18 | 1ct | imgs:3
[21:59:55][CUSHION] [471] ? NIV-C0BD15D4D35379C5 | BASKET | CONTEMPORARY | CHANNEL | GOLD | KT_18 | 1ct | imgs:3
[21:59:58][CUSHION] [472] ? NIV-C0BD15D4D35379C5 | BASKET | CONTEMPORARY | CHANNEL | GOLD | KT_18 | 1ct | imgs:3
[22:00:01][CUSHION] [473] ? NIV-1806086467FE0CDB | BASKET | CONTEMPORARY | CHANNEL | GOLD | KT_18 | 1ct | imgs:3
[22:00:07][CUSHION] [474] ? NIV-1806086467FE0CDB | BASKET | CONTEMPORARY | CHANNEL | GOLD | KT_18 | 1ct | imgs:3
[22:00:10][CUSHION] [475] ? NIV-1806086467FE0CDB | BASKET | CONTEMPORARY | CHANNEL | GOLD | KT_18 | 1ct | imgs:3
[22:00:13][CUSHION] [476] ? NIV-F6AB02C4EB511B24 | BASKET | CONTEMPORARY | CHANNEL | PLATINUM | PT_950 | 1ct | imgs:3
[22:00:17][CUSHION] [477] ? NIV-8C194226CE40C3B5 | BASKET | CONTEMPORARY | CHANNEL | GOLD | KT_10 | 1ct | imgs:3
[22:00:22][CUSHION] [478] ? NIV-8C194226CE40C3B5 | BASKET | CONTEMPORARY | CHANNEL | GOLD | KT_10 | 1ct | imgs:3
[22:00:25][CUSHION] [479] ? NIV-8C194226CE40C3B5 | BASKET | CONTEMPORARY | CHANNEL | GOLD | KT_10 | 1ct | imgs:3
[22:00:28][CUSHION] [480] ? NIV-E5E12BC6EFC0F107 | BASKET | CONTEMPORARY | CHANNEL | GOLD | KT_10 | 1ct | imgs:3
[22:00:31][CUSHION] [481] ? NIV-E5E12BC6EFC0F107 | BASKET | CONTEMPORARY | CHANNEL | GOLD | KT_10 | 1ct | imgs:3
[22:00:34][CUSHION] [482] ? NIV-E5E12BC6EFC0F107 | BASKET | CONTEMPORARY | CHANNEL | GOLD | KT_10 | 1ct | imgs:3
[22:00:37][CUSHION] [483] ? NIV-E9B15669151ED92A | BASKET | CONTEMPORARY | CHANNEL | GOLD | KT_10 | 1ct | imgs:3
[22:00:40][CUSHION] [484] ? NIV-E9B15669151ED92A | BASKET | CONTEMPORARY | CHANNEL | GOLD | KT_10 | 1ct | imgs:3
[22:00:43][CUSHION] [485] ? NIV-E9B15669151ED92A | BASKET | CONTEMPORARY | CHANNEL | GOLD | KT_10 | 1ct | imgs:3
[22:00:46][CUSHION] [486] ? NIV-5B04697F31B88582 | BASKET | CONTEMPORARY | CHANNEL | GOLD | KT_14 | 1ct | imgs:3
[22:00:49][CUSHION] [487] ? NIV-5B04697F31B88582 | BASKET | CONTEMPORARY | CHANNEL | GOLD | KT_14 | 1ct | imgs:3
[22:00:55][CUSHION] [488] ? NIV-5B04697F31B88582 | BASKET | CONTEMPORARY | CHANNEL | GOLD | KT_14 | 1ct | imgs:3
[22:00:58][CUSHION] [489] ? NIV-E0537AB0F6483225 | BASKET | CONTEMPORARY | CHANNEL | GOLD | KT_14 | 1ct | imgs:3
[22:01:01][CUSHION] [490] ? NIV-E0537AB0F6483225 | BASKET | CONTEMPORARY | CHANNEL | GOLD | KT_14 | 1ct | imgs:3
[22:01:04][CUSHION] [491] ? NIV-E0537AB0F6483225 | BASKET | CONTEMPORARY | CHANNEL | GOLD | KT_14 | 1ct | imgs:3
[22:01:08][CUSHION] [492] ? NIV-85953A24630BA886 | BASKET | CONTEMPORARY | CHANNEL | GOLD | KT_14 | 1ct | imgs:3
[22:01:13][CUSHION] [493] ? NIV-85953A24630BA886 | BASKET | CONTEMPORARY | CHANNEL | GOLD | KT_14 | 1ct | imgs:3
[22:01:16][CUSHION] [494] ? NIV-85953A24630BA886 | BASKET | CONTEMPORARY | CHANNEL | GOLD | KT_14 | 1ct | imgs:3
[22:01:19][CUSHION] [495] ? NIV-E60EC61E0979FD88 | BASKET | CONTEMPORARY | CHANNEL | GOLD | KT_18 | 1ct | imgs:3
[22:01:25][CUSHION] [496] ? NIV-E60EC61E0979FD88 | BASKET | CONTEMPORARY | CHANNEL | GOLD | KT_18 | 1ct | imgs:3
[22:01:28][CUSHION] [497] ? NIV-E60EC61E0979FD88 | BASKET | CONTEMPORARY | CHANNEL | GOLD | KT_18 | 1ct | imgs:3
[22:01:31][CUSHION] [498] ? NIV-663506AB6ED5174F | BASKET | CONTEMPORARY | CHANNEL | GOLD | KT_18 | 1ct | imgs:3
[22:01:34][CUSHION] [499] ? NIV-663506AB6ED5174F | BASKET | CONTEMPORARY | CHANNEL | GOLD | KT_18 | 1ct | imgs:3
[22:01:40][CUSHION] [500] ? NIV-663506AB6ED5174F | BASKET | CONTEMPORARY | CHANNEL | GOLD | KT_18 | 1ct | imgs:3
[22:01:43][CUSHION] [501] ? NIV-0460F8DF6024EB07 | BASKET | CONTEMPORARY | CHANNEL | GOLD | KT_18 | 1ct | imgs:3
[22:01:46][CUSHION] [502] ? NIV-0460F8DF6024EB07 | BASKET | CONTEMPORARY | CHANNEL | GOLD | KT_18 | 1ct | imgs:3
[22:01:49][CUSHION] [503] ? NIV-0460F8DF6024EB07 | BASKET | CONTEMPORARY | CHANNEL | GOLD | KT_18 | 1ct | imgs:3
[22:01:52][CUSHION] [504] ? NIV-469AA2C223F14BB4 | BASKET | CONTEMPORARY | CHANNEL | PLATINUM | PT_950 | 1ct | imgs:3
[22:01:55][CUSHION] [505] ? NIV-7C10A1D52B7C8DF4 | BASKET | CONTEMPORARY | CHANNEL | GOLD | KT_10 | 1ct | imgs:3
[22:02:01][CUSHION] [506] ? NIV-7C10A1D52B7C8DF4 | BASKET | CONTEMPORARY | CHANNEL | GOLD | KT_10 | 1ct | imgs:3
[22:02:04][CUSHION] [507] ? NIV-7C10A1D52B7C8DF4 | BASKET | CONTEMPORARY | CHANNEL | GOLD | KT_10 | 1ct | imgs:3
[22:02:07][CUSHION] [508] ? NIV-829ABA6F3E7D74FA | BASKET | CONTEMPORARY | CHANNEL | GOLD | KT_10 | 1ct | imgs:3
[22:02:10][CUSHION] [509] ? NIV-829ABA6F3E7D74FA | BASKET | CONTEMPORARY | CHANNEL | GOLD | KT_10 | 1ct | imgs:3
[22:02:13][CUSHION] [510] ? NIV-829ABA6F3E7D74FA | BASKET | CONTEMPORARY | CHANNEL | GOLD | KT_10 | 1ct | imgs:3
[22:02:16][CUSHION] [511] ? NIV-D0E095B94D5560B3 | BASKET | CONTEMPORARY | CHANNEL | GOLD | KT_10 | 1ct | imgs:3
[22:02:19][CUSHION] [512] ? NIV-D0E095B94D5560B3 | BASKET | CONTEMPORARY | CHANNEL | GOLD | KT_10 | 1ct | imgs:3
[22:02:25][CUSHION] [513] ? NIV-D0E095B94D5560B3 | BASKET | CONTEMPORARY | CHANNEL | GOLD | KT_10 | 1ct | imgs:3
[22:02:28][CUSHION] [514] ? NIV-6BD64695945BA74A | BASKET | CONTEMPORARY | CHANNEL | GOLD | KT_14 | 1ct | imgs:3
[22:02:31][CUSHION] [515] ? NIV-6BD64695945BA74A | BASKET | CONTEMPORARY | CHANNEL | GOLD | KT_14 | 1ct | imgs:3
[22:02:37][CUSHION] [516] ? NIV-6BD64695945BA74A | BASKET | CONTEMPORARY | CHANNEL | GOLD | KT_14 | 1ct | imgs:3
[22:02:40][CUSHION] [517] ? NIV-74B23434F4C3B8F2 | BASKET | CONTEMPORARY | CHANNEL | GOLD | KT_14 | 1ct | imgs:3
[22:02:46][CUSHION] [518] ? NIV-74B23434F4C3B8F2 | BASKET | CONTEMPORARY | CHANNEL | GOLD | KT_14 | 1ct | imgs:3
[22:02:49][CUSHION] [519] ? NIV-74B23434F4C3B8F2 | BASKET | CONTEMPORARY | CHANNEL | GOLD | KT_14 | 1ct | imgs:3
[22:02:52][CUSHION] [520] ? NIV-C69E70B553E425E1 | BASKET | CONTEMPORARY | CHANNEL | GOLD | KT_14 | 1ct | imgs:3
[22:02:55][CUSHION] [521] ? NIV-C69E70B553E425E1 | BASKET | CONTEMPORARY | CHANNEL | GOLD | KT_14 | 1ct | imgs:3
[22:03:01][CUSHION] [522] ? NIV-C69E70B553E425E1 | BASKET | CONTEMPORARY | CHANNEL | GOLD | KT_14 | 1ct | imgs:3
[22:03:07][CUSHION] [523] ? NIV-3852ACC2B5D51DD6 | BASKET | CONTEMPORARY | CHANNEL | GOLD | KT_18 | 1ct | imgs:3
[22:03:10][CUSHION] [524] ? NIV-3852ACC2B5D51DD6 | BASKET | CONTEMPORARY | CHANNEL | GOLD | KT_18 | 1ct | imgs:3
[22:03:16][CUSHION] [525] ? NIV-3852ACC2B5D51DD6 | BASKET | CONTEMPORARY | CHANNEL | GOLD | KT_18 | 1ct | imgs:3
[22:03:19][CUSHION] [526] ? NIV-6EF0BD9D6769F500 | BASKET | CONTEMPORARY | CHANNEL | GOLD | KT_18 | 1ct | imgs:3
[22:03:22][CUSHION] [527] ? NIV-6EF0BD9D6769F500 | BASKET | CONTEMPORARY | CHANNEL | GOLD | KT_18 | 1ct | imgs:3
[22:03:28][CUSHION] [528] ? NIV-6EF0BD9D6769F500 | BASKET | CONTEMPORARY | CHANNEL | GOLD | KT_18 | 1ct | imgs:3
[22:03:31][CUSHION] [529] ? NIV-B126DB06763E23DB | BASKET | CONTEMPORARY | CHANNEL | GOLD | KT_18 | 1ct | imgs:3
[22:03:34][CUSHION] [530] ? NIV-B126DB06763E23DB | BASKET | CONTEMPORARY | CHANNEL | GOLD | KT_18 | 1ct | imgs:3
[22:03:37][CUSHION] [531] ? NIV-B126DB06763E23DB | BASKET | CONTEMPORARY | CHANNEL | GOLD | KT_18 | 1ct | imgs:3
[22:03:40][CUSHION] [532] ? NIV-6D84B76FE86F5EF7 | BASKET | CONTEMPORARY | CHANNEL | PLATINUM | PT_950 | 1ct | imgs:3
[22:03:49][CUSHION] [533] ? NIV-A7EB52108E4D700D | BASKET | CONTEMPORARY | CHANNEL | GOLD | KT_10 | 1ct | imgs:3
[22:03:52][CUSHION] [534] ? NIV-A7EB52108E4D700D | BASKET | CONTEMPORARY | CHANNEL | GOLD | KT_10 | 1ct | imgs:3
[22:03:58][CUSHION] [535] ? NIV-A7EB52108E4D700D | BASKET | CONTEMPORARY | CHANNEL | GOLD | KT_10 | 1ct | imgs:3
[22:04:01][CUSHION] [536] ? NIV-EE1F867409C5EEEF | BASKET | CONTEMPORARY | CHANNEL | GOLD | KT_10 | 1ct | imgs:3
[22:04:04][CUSHION] [537] ? NIV-EE1F867409C5EEEF | BASKET | CONTEMPORARY | CHANNEL | GOLD | KT_10 | 1ct | imgs:3
[22:04:07][CUSHION] [538] ? NIV-EE1F867409C5EEEF | BASKET | CONTEMPORARY | CHANNEL | GOLD | KT_10 | 1ct | imgs:3
[22:04:18][CUSHION] [539] ??  NIV-EE1F867409C5EEEF | BASKET | CONTEMPORARY | CHANNEL | GOLD | KT_10 | 1ct | imgs:0
[22:04:30][CUSHION] [540] ??  NIV-EE1F867409C5EEEF | BASKET | CONTEMPORARY | CHANNEL | GOLD | KT_10 | 1ct | imgs:0
[22:04:38][CUSHION] [541] ? NIV-3C2FAAB1917AB383 | BASKET | CONTEMPORARY | CHANNEL | GOLD | KT_10 | 1ct | imgs:3
[22:04:43][CUSHION] [542] ? NIV-53D387E742CB607D | BASKET | CONTEMPORARY | CHANNEL | GOLD | KT_14 | 1ct | imgs:3
[22:04:46][CUSHION] [543] ? NIV-53D387E742CB607D | BASKET | CONTEMPORARY | CHANNEL | GOLD | KT_14 | 1ct | imgs:3
[22:04:49][CUSHION] [544] ? NIV-53D387E742CB607D | BASKET | CONTEMPORARY | CHANNEL | GOLD | KT_14 | 1ct | imgs:3
[22:04:52][CUSHION] [545] ? NIV-7DB16E6186018274 | BASKET | CONTEMPORARY | CHANNEL | GOLD | KT_14 | 1ct | imgs:1
[22:04:58][CUSHION] [546] ? NIV-7DB16E6186018274 | BASKET | CONTEMPORARY | CHANNEL | GOLD | KT_14 | 1ct | imgs:3
[22:05:01][CUSHION] [547] ? NIV-7DB16E6186018274 | BASKET | CONTEMPORARY | CHANNEL | GOLD | KT_14 | 1ct | imgs:3
[22:05:04][CUSHION] [548] ? NIV-F01C7B75B2D10A28 | BASKET | CONTEMPORARY | CHANNEL | GOLD | KT_14 | 1ct | imgs:3
[22:05:07][CUSHION]   Re-seleccionando CUSHION (intento 1)
[22:05:07][CUSHION]   Boton no encontrado ? recargando configurador...
[22:05:25][CUSHION]   Re-seleccionando CUSHION (intento 2)
[22:05:27][CUSHION]   POST-CLICK: {'ap': 'true', 'ac': None, 'classes': 'MuiButtonBase-root|MuiToggleButtonGroup-grouped|MuiToggleButtonGroup-groupedHorizontal|MuiToggleButton-root|Mui-selected|MuiToggleButton-sizeMedium|MuiToggleButton-standard|jewellery-configurator-toggle-button|MuiToggleButtonGroup-middleButton|css-66ecda'}
[22:05:28][CUSHION] [549] ? NIV-77CA058E09AC987B | BASKET | CONTEMPORARY | CHANNEL | GOLD | KT_14 | 1ct | imgs:3
[22:05:31][CUSHION] [550] ? NIV-9D79A793F43BD574 | BASKET | CONTEMPORARY | CHANNEL | GOLD | KT_14 | 1ct | imgs:3
[22:05:34][CUSHION] [551] ? NIV-B4005D7D32572DBB | BASKET | CONTEMPORARY | CHANNEL | GOLD | KT_18 | 1ct | imgs:3
[22:05:37][CUSHION] [552] ? NIV-C7BB65D30BEF7E86 | BASKET | CONTEMPORARY | CHANNEL | GOLD | KT_18 | 1ct | imgs:3
[22:05:40][CUSHION] [553] ? NIV-1C9D8C7F4F1D828E | BASKET | CONTEMPORARY | CHANNEL | GOLD | KT_18 | 1ct | imgs:3
[22:05:43][CUSHION] [554] ? NIV-37D296180F6AD2CC | BASKET | CONTEMPORARY | CHANNEL | GOLD | KT_18 | 1ct | imgs:3
[22:05:46][CUSHION] [555] ? NIV-A151544E456906F1 | BASKET | CONTEMPORARY | CHANNEL | GOLD | KT_18 | 1ct | imgs:3
[22:05:49][CUSHION] [556] ? NIV-06B823BA53189283 | BASKET | CONTEMPORARY | CHANNEL | GOLD | KT_18 | 1ct | imgs:3
[22:05:52][CUSHION] [557] ? NIV-B2C08226542EA1F5 | BASKET | CONTEMPORARY | CHANNEL | GOLD | KT_18 | 1ct | imgs:3
[22:05:55][CUSHION] [558] ? NIV-197B4F4885BAC1F3 | BASKET | CONTEMPORARY | CHANNEL | GOLD | KT_18 | 1ct | imgs:3
[22:05:58][CUSHION] [559] ? NIV-8C6E9A19A41C7A59 | BASKET | CONTEMPORARY | CHANNEL | GOLD | KT_18 | 1ct | imgs:3
[22:06:01][CUSHION] [560] ? NIV-96F8BAE6A4C98EA0 | BASKET | CONTEMPORARY | CHANNEL | PLATINUM | PT_950 | 1ct | imgs:3
[22:06:07][CUSHION] [561] ? NIV-FB9C50423C4510E2 | BASKET | CONTEMPORARY | CHANNEL | GOLD | KT_10 | 1ct | imgs:3
[22:06:10][CUSHION] [562] ? NIV-FB9C50423C4510E2 | BASKET | CONTEMPORARY | CHANNEL | GOLD | KT_10 | 1ct | imgs:3
[22:06:16][CUSHION] [563] ? NIV-FB9C50423C4510E2 | BASKET | CONTEMPORARY | CHANNEL | GOLD | KT_10 | 1ct | imgs:3
[22:06:19][CUSHION] [564] ? NIV-1D229C7811B3CED7 | BASKET | CONTEMPORARY | CHANNEL | GOLD | KT_10 | 1ct | imgs:3
[22:06:22][CUSHION] [565] ? NIV-1D229C7811B3CED7 | BASKET | CONTEMPORARY | CHANNEL | GOLD | KT_10 | 1ct | imgs:3
[22:06:25][CUSHION] [566] ? NIV-1D229C7811B3CED7 | BASKET | CONTEMPORARY | CHANNEL | GOLD | KT_10 | 1ct | imgs:3
[22:06:28][CUSHION] [567] ? NIV-A6E9B9E2BA42E8A5 | BASKET | CONTEMPORARY | CHANNEL | GOLD | KT_10 | 1ct | imgs:3
[22:06:31][CUSHION] [568] ? NIV-A6E9B9E2BA42E8A5 | BASKET | CONTEMPORARY | CHANNEL | GOLD | KT_10 | 1ct | imgs:3
[22:06:35][CUSHION] [569] ? NIV-A6E9B9E2BA42E8A5 | BASKET | CONTEMPORARY | CHANNEL | GOLD | KT_10 | 1ct | imgs:3
[22:06:37][CUSHION] [570] ? NIV-A423D4CC67149071 | BASKET | CONTEMPORARY | CHANNEL | GOLD | KT_14 | 1ct | imgs:3
[22:06:43][CUSHION] [571] ? NIV-A423D4CC67149071 | BASKET | CONTEMPORARY | CHANNEL | GOLD | KT_14 | 1ct | imgs:3
[22:06:46][CUSHION] [572] ? NIV-A423D4CC67149071 | BASKET | CONTEMPORARY | CHANNEL | GOLD | KT_14 | 1ct | imgs:3
[22:06:49][CUSHION] [573] ? NIV-52A685A3201F5A4B | BASKET | CONTEMPORARY | CHANNEL | GOLD | KT_14 | 1ct | imgs:3
[22:06:52][CUSHION] [574] ? NIV-52A685A3201F5A4B | BASKET | CONTEMPORARY | CHANNEL | GOLD | KT_14 | 1ct | imgs:3
[22:06:58][CUSHION] [575] ? NIV-52A685A3201F5A4B | BASKET | CONTEMPORARY | CHANNEL | GOLD | KT_14 | 1ct | imgs:3
[22:07:01][CUSHION] [576] ? NIV-F070376B0CA8AAD7 | BASKET | CONTEMPORARY | CHANNEL | GOLD | KT_14 | 1ct | imgs:3
[22:07:04][CUSHION] [577] ? NIV-F070376B0CA8AAD7 | BASKET | CONTEMPORARY | CHANNEL | GOLD | KT_14 | 1ct | imgs:3
[22:07:07][CUSHION] [578] ? NIV-F070376B0CA8AAD7 | BASKET | CONTEMPORARY | CHANNEL | GOLD | KT_14 | 1ct | imgs:3
[22:07:10][CUSHION] [579] ? NIV-80ECDD3D5BB09B84 | BASKET | CONTEMPORARY | CHANNEL | GOLD | KT_18 | 1ct | imgs:3
[22:07:13][CUSHION] [580] ? NIV-80ECDD3D5BB09B84 | BASKET | CONTEMPORARY | CHANNEL | GOLD | KT_18 | 1ct | imgs:3
[22:07:19][CUSHION] [581] ? NIV-80ECDD3D5BB09B84 | BASKET | CONTEMPORARY | CHANNEL | GOLD | KT_18 | 1ct | imgs:3
[22:07:22][CUSHION] [582] ? NIV-2279036C552E1A13 | BASKET | CONTEMPORARY | CHANNEL | GOLD | KT_18 | 1ct | imgs:3
[22:07:25][CUSHION] [583] ? NIV-2279036C552E1A13 | BASKET | CONTEMPORARY | CHANNEL | GOLD | KT_18 | 1ct | imgs:3
[22:07:31][CUSHION] [584] ? NIV-2279036C552E1A13 | BASKET | CONTEMPORARY | CHANNEL | GOLD | KT_18 | 1ct | imgs:3
[22:07:34][CUSHION] [585] ? NIV-8B272D4A3178A554 | BASKET | CONTEMPORARY | CHANNEL | GOLD | KT_18 | 1ct | imgs:3
[22:07:37][CUSHION] [586] ? NIV-8B272D4A3178A554 | BASKET | CONTEMPORARY | CHANNEL | GOLD | KT_18 | 1ct | imgs:3
[22:07:43][CUSHION] [587] ? NIV-8B272D4A3178A554 | BASKET | CONTEMPORARY | CHANNEL | GOLD | KT_18 | 1ct | imgs:3
[22:07:46][CUSHION] [588] ? NIV-8345CF794721CF79 | BASKET | CONTEMPORARY | CHANNEL | PLATINUM | PT_950 | 1ct | imgs:3
[22:07:49][CUSHION] [589] ? NIV-B79971D8C5E8885F | BASKET | CONTEMPORARY | CHANNEL | GOLD | KT_10 | 1ct | imgs:3
[22:07:55][CUSHION] [590] ? NIV-B79971D8C5E8885F | BASKET | CONTEMPORARY | CHANNEL | GOLD | KT_10 | 1ct | imgs:3
[22:07:58][CUSHION] [591] ? NIV-B79971D8C5E8885F | BASKET | CONTEMPORARY | CHANNEL | GOLD | KT_10 | 1ct | imgs:3
[22:08:01][CUSHION] [592] ? NIV-309E2ACB7547444D | BASKET | CONTEMPORARY | CHANNEL | GOLD | KT_10 | 1ct | imgs:3
[22:08:07][CUSHION] [593] ? NIV-309E2ACB7547444D | BASKET | CONTEMPORARY | CHANNEL | GOLD | KT_10 | 1ct | imgs:3
[22:08:10][CUSHION] [594] ? NIV-309E2ACB7547444D | BASKET | CONTEMPORARY | CHANNEL | GOLD | KT_10 | 1ct | imgs:3
[22:08:13][CUSHION] [595] ? NIV-3E2C7A25467F9DFD | BASKET | CONTEMPORARY | CHANNEL | GOLD | KT_10 | 1ct | imgs:3
[22:08:16][CUSHION] [596] ? NIV-3E2C7A25467F9DFD | BASKET | CONTEMPORARY | CHANNEL | GOLD | KT_10 | 1ct | imgs:3
[22:08:22][CUSHION] [597] ? NIV-3E2C7A25467F9DFD | BASKET | CONTEMPORARY | CHANNEL | GOLD | KT_10 | 1ct | imgs:3
[22:08:25][CUSHION] [598] ? NIV-5F7F11BB2CBBF38F | BASKET | CONTEMPORARY | CHANNEL | GOLD | KT_14 | 1ct | imgs:3
[22:08:28][CUSHION] [599] ? NIV-5F7F11BB2CBBF38F | BASKET | CONTEMPORARY | CHANNEL | GOLD | KT_14 | 1ct | imgs:3
[22:08:34][CUSHION] [600] ? NIV-5F7F11BB2CBBF38F | BASKET | CONTEMPORARY | CHANNEL | GOLD | KT_14 | 1ct | imgs:3
[22:08:37][CUSHION] [601] ? NIV-3B10D029E84E41BB | BASKET | CONTEMPORARY | CHANNEL | GOLD | KT_14 | 1ct | imgs:3
[22:08:40][CUSHION] [602] ? NIV-3B10D029E84E41BB | BASKET | CONTEMPORARY | CHANNEL | GOLD | KT_14 | 1ct | imgs:3
[22:08:43][CUSHION] [603] ? NIV-3B10D029E84E41BB | BASKET | CONTEMPORARY | CHANNEL | GOLD | KT_14 | 1ct | imgs:3
[22:08:46][CUSHION] [604] ? NIV-2FD30C1744D6258B | BASKET | CONTEMPORARY | CHANNEL | GOLD | KT_14 | 1ct | imgs:3
[22:08:49][CUSHION] [605] ? NIV-2FD30C1744D6258B | BASKET | CONTEMPORARY | CHANNEL | GOLD | KT_14 | 1ct | imgs:3
[22:08:55][CUSHION] [606] ? NIV-2FD30C1744D6258B | BASKET | CONTEMPORARY | CHANNEL | GOLD | KT_14 | 1ct | imgs:3
[22:08:59][CUSHION] [607] ? NIV-8641114F4BE3E73A | BASKET | CONTEMPORARY | CHANNEL | GOLD | KT_18 | 1ct | imgs:3
[22:09:04][CUSHION] [608] ? NIV-8641114F4BE3E73A | BASKET | CONTEMPORARY | CHANNEL | GOLD | KT_18 | 1ct | imgs:3
[22:09:07][CUSHION] [609] ? NIV-8641114F4BE3E73A | BASKET | CONTEMPORARY | CHANNEL | GOLD | KT_18 | 1ct | imgs:3
[22:09:10][CUSHION] [610] ? NIV-6972916A79A5E0F6 | BASKET | CONTEMPORARY | CHANNEL | GOLD | KT_18 | 1ct | imgs:3
[22:09:13][CUSHION] [611] ? NIV-6972916A79A5E0F6 | BASKET | CONTEMPORARY | CHANNEL | GOLD | KT_18 | 1ct | imgs:3
[22:09:16][CUSHION] [612] ? NIV-6972916A79A5E0F6 | BASKET | CONTEMPORARY | CHANNEL | GOLD | KT_18 | 1ct | imgs:3
[22:09:19][CUSHION] [613] ? NIV-72C37C351BBC0AAB | BASKET | CONTEMPORARY | CHANNEL | GOLD | KT_18 | 1ct | imgs:3
[22:09:22][CUSHION] [614] ? NIV-72C37C351BBC0AAB | BASKET | CONTEMPORARY | CHANNEL | GOLD | KT_18 | 1ct | imgs:3
[22:09:25][CUSHION] [615] ? NIV-72C37C351BBC0AAB | BASKET | CONTEMPORARY | CHANNEL | GOLD | KT_18 | 1ct | imgs:3
[22:09:28][CUSHION] [616] ? NIV-D491C0D1059F7EBA | BASKET | CONTEMPORARY | CHANNEL | PLATINUM | PT_950 | 1ct | imgs:3
[22:34:52][CUSHION]   click_button error (jewellery-configurator-mounting-metal-color-option-YELLOW_GOLD): ElementHandle.get_attribute: Execution context was destroyed, most likely because of a navigation
Call log:
  - waiting for locator(":scope")

[22:34:53][CUSHION]   Re-seleccionando CUSHION (intento 1)
[22:34:53][CUSHION]   Boton no encontrado ? recargando configurador...
[22:35:26][CUSHION]   Error recargando: Page.wait_for_selector: Timeout 30000ms exceeded.
Call log:
  - waiting for locator("button[data-automation-id=\"center-stone-shape-CUSHION\"]") to be visible

[22:35:26][CUSHION]   Re-seleccionando CUSHION (intento 2)
[22:35:26][CUSHION]   Boton no encontrado ? recargando configurador...
[22:35:41][CUSHION]   Re-seleccionando CUSHION (intento 3)
[22:35:43][CUSHION]   POST-CLICK: {'ap': 'true', 'ac': None, 'classes': 'MuiButtonBase-root|MuiToggleButtonGroup-grouped|MuiToggleButtonGroup-groupedHorizontal|MuiToggleButton-root|Mui-selected|MuiToggleButton-sizeMedium|MuiToggleButton-standard|jewellery-configurator-toggle-button|MuiToggleButtonGroup-middleButton|css-66ecda'}
[23:05:07][CUSHION]   Re-seleccionando CUSHION (intento 1)
[23:05:07][CUSHION]   Boton no encontrado ? recargando configurador...
[23:05:24][CUSHION]   Re-seleccionando CUSHION (intento 2)
[23:05:26][CUSHION]   POST-CLICK: {'ap': 'true', 'ac': None, 'classes': 'MuiButtonBase-root|MuiToggleButtonGroup-grouped|MuiToggleButtonGroup-groupedHorizontal|MuiToggleButton-root|Mui-selected|MuiToggleButton-sizeMedium|MuiToggleButton-standard|jewellery-configurator-toggle-button|MuiToggleButtonGroup-middleButton|css-66ecda'}
[23:08:34][CUSHION]   Re-seleccionando CUSHION (intento 1)
[23:08:35][CUSHION]   POST-CLICK: {'ap': 'true', 'ac': None, 'classes': 'MuiButtonBase-root|MuiToggleButtonGroup-grouped|MuiToggleButtonGroup-groupedHorizontal|MuiToggleButton-root|Mui-selected|MuiToggleButton-sizeMedium|MuiToggleButton-standard|jewellery-configurator-toggle-button|MuiToggleButtonGroup-middleButton|css-66ecda'}
[23:34:50][CUSHION]   Re-seleccionando CUSHION (intento 1)
[23:34:51][CUSHION]   Boton no encontrado ? recargando configurador...
[23:35:04][CUSHION]   Re-seleccionando CUSHION (intento 2)
[23:35:06][CUSHION]   POST-CLICK: {'ap': 'true', 'ac': None, 'classes': 'MuiButtonBase-root|MuiToggleButtonGroup-grouped|MuiToggleButtonGroup-groupedHorizontal|MuiToggleButton-root|Mui-selected|MuiToggleButton-sizeMedium|MuiToggleButton-standard|jewellery-configurator-toggle-button|MuiToggleButtonGroup-middleButton|css-66ecda'}
[23:38:51][CUSHION] [2409] ? NIV-08013CFF2DD36CB1 | BASKET | DOUBLE | CHANNEL | GOLD | KT_10 | 1ct | imgs:3
[23:38:54][CUSHION] [2410] ? NIV-08013CFF2DD36CB1 | BASKET | DOUBLE | CHANNEL | GOLD | KT_10 | 1ct | imgs:3
[23:38:58][CUSHION] [2411] ? NIV-08013CFF2DD36CB1 | BASKET | DOUBLE | CHANNEL | GOLD | KT_10 | 1ct | imgs:3
[23:39:00][CUSHION] [2412] ? NIV-35E92FBEF4FD0DE6 | BASKET | DOUBLE | CHANNEL | GOLD | KT_10 | 1ct | imgs:3
[23:39:04][CUSHION] [2413] ? NIV-35E92FBEF4FD0DE6 | BASKET | DOUBLE | CHANNEL | GOLD | KT_10 | 1ct | imgs:3
[23:39:07][CUSHION] [2414] ? NIV-35E92FBEF4FD0DE6 | BASKET | DOUBLE | CHANNEL | GOLD | KT_10 | 1ct | imgs:3
[23:39:09][CUSHION] [2415] ? NIV-AECC661C314F4631 | BASKET | DOUBLE | CHANNEL | GOLD | KT_10 | 1ct | imgs:3
[23:39:15][CUSHION] [2416] ? NIV-AECC661C314F4631 | BASKET | DOUBLE | CHANNEL | GOLD | KT_10 | 1ct | imgs:3
[23:39:21][CUSHION] [2417] ? NIV-AECC661C314F4631 | BASKET | DOUBLE | CHANNEL | GOLD | KT_10 | 1ct | imgs:3
[23:39:25][CUSHION] [2418] ? NIV-EBDC299415EE1467 | BASKET | DOUBLE | CHANNEL | GOLD | KT_14 | 1ct | imgs:3
[23:39:28][CUSHION] [2419] ? NIV-EBDC299415EE1467 | BASKET | DOUBLE | CHANNEL | GOLD | KT_14 | 1ct | imgs:3
[23:39:31][CUSHION] [2420] ? NIV-EBDC299415EE1467 | BASKET | DOUBLE | CHANNEL | GOLD | KT_14 | 1ct | imgs:3
[23:39:33][CUSHION] [2421] ? NIV-F91EA7C3058696E9 | BASKET | DOUBLE | CHANNEL | GOLD | KT_14 | 1ct | imgs:3
[23:39:37][CUSHION] [2422] ? NIV-F91EA7C3058696E9 | BASKET | DOUBLE | CHANNEL | GOLD | KT_14 | 1ct | imgs:3
[23:39:40][CUSHION] [2423] ? NIV-F91EA7C3058696E9 | BASKET | DOUBLE | CHANNEL | GOLD | KT_14 | 1ct | imgs:3
[23:39:42][CUSHION] [2424] ? NIV-478D9E8AB4FBD970 | BASKET | DOUBLE | CHANNEL | GOLD | KT_14 | 1ct | imgs:3
[23:39:48][CUSHION] [2425] ? NIV-478D9E8AB4FBD970 | BASKET | DOUBLE | CHANNEL | GOLD | KT_14 | 1ct | imgs:3
[23:39:52][CUSHION] [2426] ? NIV-478D9E8AB4FBD970 | BASKET | DOUBLE | CHANNEL | GOLD | KT_14 | 1ct | imgs:3
[23:39:55][CUSHION] [2427] ? NIV-A64046560684B416 | BASKET | DOUBLE | CHANNEL | GOLD | KT_18 | 1ct | imgs:3
[23:40:00][CUSHION] [2428] ? NIV-A64046560684B416 | BASKET | DOUBLE | CHANNEL | GOLD | KT_18 | 1ct | imgs:3
[23:40:04][CUSHION] [2429] ? NIV-A64046560684B416 | BASKET | DOUBLE | CHANNEL | GOLD | KT_18 | 1ct | imgs:3
[23:40:06][CUSHION] [2430] ? NIV-53D51CF3CE309FD8 | BASKET | DOUBLE | CHANNEL | GOLD | KT_18 | 1ct | imgs:3
[23:40:10][CUSHION] [2431] ? NIV-53D51CF3CE309FD8 | BASKET | DOUBLE | CHANNEL | GOLD | KT_18 | 1ct | imgs:3
[23:40:13][CUSHION] [2432] ? NIV-53D51CF3CE309FD8 | BASKET | DOUBLE | CHANNEL | GOLD | KT_18 | 1ct | imgs:3
[23:40:15][CUSHION] [2433] ? NIV-F01411A1417AD890 | BASKET | DOUBLE | CHANNEL | GOLD | KT_18 | 1ct | imgs:3
[23:40:19][CUSHION] [2434] ? NIV-F01411A1417AD890 | BASKET | DOUBLE | CHANNEL | GOLD | KT_18 | 1ct | imgs:3
[23:40:22][CUSHION] [2435] ? NIV-F01411A1417AD890 | BASKET | DOUBLE | CHANNEL | GOLD | KT_18 | 1ct | imgs:3
[23:40:24][CUSHION] [2436] ? NIV-B1C46F3E74D67C62 | BASKET | DOUBLE | CHANNEL | PLATINUM | PT_950 | 1ct | imgs:3
[23:40:28][CUSHION] [2437] ? NIV-A5E9CBE5439444DA | BASKET | DOUBLE | CHANNEL | GOLD | KT_10 | 1ct | imgs:3
[23:40:33][CUSHION] [2438] ? NIV-A5E9CBE5439444DA | BASKET | DOUBLE | CHANNEL | GOLD | KT_10 | 1ct | imgs:3
[23:40:36][CUSHION] [2439] ? NIV-A5E9CBE5439444DA | BASKET | DOUBLE | CHANNEL | GOLD | KT_10 | 1ct | imgs:3
[23:40:39][CUSHION] [2440] ? NIV-F173AE11588A3325 | BASKET | DOUBLE | CHANNEL | GOLD | KT_10 | 1ct | imgs:3
[23:40:42][CUSHION] [2441] ? NIV-F173AE11588A3325 | BASKET | DOUBLE | CHANNEL | GOLD | KT_10 | 1ct | imgs:3
[23:40:46][CUSHION] [2442] ? NIV-F173AE11588A3325 | BASKET | DOUBLE | CHANNEL | GOLD | KT_10 | 1ct | imgs:3
[23:40:48][CUSHION] [2443] ? NIV-5D1B3BE1B648F266 | BASKET | DOUBLE | CHANNEL | GOLD | KT_10 | 1ct | imgs:3
[23:40:52][CUSHION] [2444] ? NIV-5D1B3BE1B648F266 | BASKET | DOUBLE | CHANNEL | GOLD | KT_10 | 1ct | imgs:3
[23:40:57][CUSHION] [2445] ? NIV-5D1B3BE1B648F266 | BASKET | DOUBLE | CHANNEL | GOLD | KT_10 | 1ct | imgs:3
[23:41:01][CUSHION] [2446] ? NIV-0C4A0C91AD2C8FA4 | BASKET | DOUBLE | CHANNEL | GOLD | KT_14 | 1ct | imgs:3
[23:41:06][CUSHION] [2447] ? NIV-0C4A0C91AD2C8FA4 | BASKET | DOUBLE | CHANNEL | GOLD | KT_14 | 1ct | imgs:3
[23:41:10][CUSHION] [2448] ? NIV-0C4A0C91AD2C8FA4 | BASKET | DOUBLE | CHANNEL | GOLD | KT_14 | 1ct | imgs:3
[23:41:12][CUSHION] [2449] ? NIV-8413A1717AD4D7B9 | BASKET | DOUBLE | CHANNEL | GOLD | KT_14 | 1ct | imgs:3
[23:41:16][CUSHION] [2450] ? NIV-8413A1717AD4D7B9 | BASKET | DOUBLE | CHANNEL | GOLD | KT_14 | 1ct | imgs:3
[23:41:21][CUSHION] [2451] ? NIV-8413A1717AD4D7B9 | BASKET | DOUBLE | CHANNEL | GOLD | KT_14 | 1ct | imgs:3
[23:41:24][CUSHION] [2452] ? NIV-984B677473A7141D | BASKET | DOUBLE | CHANNEL | GOLD | KT_14 | 1ct | imgs:3
[23:41:28][CUSHION] [2453] ? NIV-984B677473A7141D | BASKET | DOUBLE | CHANNEL | GOLD | KT_14 | 1ct | imgs:3
[23:41:33][CUSHION] [2454] ? NIV-984B677473A7141D | BASKET | DOUBLE | CHANNEL | GOLD | KT_14 | 1ct | imgs:3
[23:41:39][CUSHION] [2455] ? NIV-E304C58D41D2E732 | BASKET | DOUBLE | CHANNEL | GOLD | KT_18 | 1ct | imgs:3
[23:41:43][CUSHION] [2456] ? NIV-E304C58D41D2E732 | BASKET | DOUBLE | CHANNEL | GOLD | KT_18 | 1ct | imgs:3
[23:41:48][CUSHION] [2457] ? NIV-E304C58D41D2E732 | BASKET | DOUBLE | CHANNEL | GOLD | KT_18 | 1ct | imgs:3
[23:41:59][CUSHION] [2458] ??  NIV-E304C58D41D2E732 | BASKET | DOUBLE | CHANNEL | GOLD | KT_18 | 1ct | imgs:0
[23:42:04][CUSHION] [2459] ? NIV-E1D8E1B6FDAFDD73 | BASKET | DOUBLE | CHANNEL | GOLD | KT_18 | 1ct | imgs:3
[23:42:09][CUSHION] [2460] ? NIV-E1D8E1B6FDAFDD73 | BASKET | DOUBLE | CHANNEL | GOLD | KT_18 | 1ct | imgs:3
[23:42:12][CUSHION] [2461] ? NIV-2E7CE95D2FB7C1A0 | BASKET | DOUBLE | CHANNEL | GOLD | KT_18 | 1ct | imgs:3
[23:42:15][CUSHION] [2462] ? NIV-2E7CE95D2FB7C1A0 | BASKET | DOUBLE | CHANNEL | GOLD | KT_18 | 1ct | imgs:3
[23:42:19][CUSHION] [2463] ? NIV-2E7CE95D2FB7C1A0 | BASKET | DOUBLE | CHANNEL | GOLD | KT_18 | 1ct | imgs:3
[23:42:21][CUSHION] [2464] ? NIV-AE4B5D07AD304C03 | BASKET | DOUBLE | CHANNEL | PLATINUM | PT_950 | 1ct | imgs:3
[23:42:27][CUSHION] [2465] ? NIV-EA81532FBA6C0EF1 | BASKET | DOUBLE | CHANNEL | GOLD | KT_10 | 1ct | imgs:3
[23:42:31][CUSHION] [2466] ? NIV-EA81532FBA6C0EF1 | BASKET | DOUBLE | CHANNEL | GOLD | KT_10 | 1ct | imgs:3
[23:42:34][CUSHION] [2467] ? NIV-EA81532FBA6C0EF1 | BASKET | DOUBLE | CHANNEL | GOLD | KT_10 | 1ct | imgs:3
[23:42:36][CUSHION] [2468] ? NIV-AE5C05295723479D | BASKET | DOUBLE | CHANNEL | GOLD | KT_10 | 1ct | imgs:3
[23:42:40][CUSHION] [2469] ? NIV-AE5C05295723479D | BASKET | DOUBLE | CHANNEL | GOLD | KT_10 | 1ct | imgs:3
[23:42:45][CUSHION] [2470] ? NIV-AE5C05295723479D | BASKET | DOUBLE | CHANNEL | GOLD | KT_10 | 1ct | imgs:3
[23:42:48][CUSHION] [2471] ? NIV-FF6CB384DF5595EE | BASKET | DOUBLE | CHANNEL | GOLD | KT_10 | 1ct | imgs:3
[23:42:52][CUSHION] [2472] ? NIV-FF6CB384DF5595EE | BASKET | DOUBLE | CHANNEL | GOLD | KT_10 | 1ct | imgs:3
[23:42:57][CUSHION] [2473] ? NIV-FF6CB384DF5595EE | BASKET | DOUBLE | CHANNEL | GOLD | KT_10 | 1ct | imgs:3
[23:43:02][CUSHION] [2474] ? NIV-3C510DAB9431067D | BASKET | DOUBLE | CHANNEL | GOLD | KT_14 | 1ct | imgs:1
[23:43:06][CUSHION] [2475] ? NIV-3C510DAB9431067D | BASKET | DOUBLE | CHANNEL | GOLD | KT_14 | 1ct | imgs:3
[23:43:10][CUSHION] [2476] ? NIV-3C510DAB9431067D | BASKET | DOUBLE | CHANNEL | GOLD | KT_14 | 1ct | imgs:3
[23:43:12][CUSHION] [2477] ? NIV-36550BEB87EF4D9E | BASKET | DOUBLE | CHANNEL | GOLD | KT_14 | 1ct | imgs:3
[23:43:16][CUSHION] [2478] ? NIV-36550BEB87EF4D9E | BASKET | DOUBLE | CHANNEL | GOLD | KT_14 | 1ct | imgs:3
[23:43:21][CUSHION] [2479] ? NIV-36550BEB87EF4D9E | BASKET | DOUBLE | CHANNEL | GOLD | KT_14 | 1ct | imgs:3
[23:43:24][CUSHION] [2480] ? NIV-3916B072CCF88D12 | BASKET | DOUBLE | CHANNEL | GOLD | KT_14 | 1ct | imgs:3
[23:43:28][CUSHION] [2481] ? NIV-3916B072CCF88D12 | BASKET | DOUBLE | CHANNEL | GOLD | KT_14 | 1ct | imgs:3
[23:43:31][CUSHION] [2482] ? NIV-3916B072CCF88D12 | BASKET | DOUBLE | CHANNEL | GOLD | KT_14 | 1ct | imgs:3
[23:43:36][CUSHION] [2483] ? NIV-6A17C4940812F1DC | BASKET | DOUBLE | CHANNEL | GOLD | KT_18 | 1ct | imgs:3
[23:43:39][CUSHION] [2484] ? NIV-6A17C4940812F1DC | BASKET | DOUBLE | CHANNEL | GOLD | KT_18 | 1ct | imgs:3
[23:43:43][CUSHION] [2485] ? NIV-6A17C4940812F1DC | BASKET | DOUBLE | CHANNEL | GOLD | KT_18 | 1ct | imgs:3
[23:43:53][CUSHION] [2486] ??  NIV-6A17C4940812F1DC | BASKET | DOUBLE | CHANNEL | GOLD | KT_18 | 1ct | imgs:0
[23:44:02][CUSHION] [2487] ? NIV-DE10B85D475A4F8C | BASKET | DOUBLE | CHANNEL | GOLD | KT_18 | 1ct | imgs:1
[23:44:06][CUSHION] [2488] ? NIV-DE10B85D475A4F8C | BASKET | DOUBLE | CHANNEL | GOLD | KT_18 | 1ct | imgs:3
[23:44:09][CUSHION] [2489] ? NIV-FF106716CCD64EAC | BASKET | DOUBLE | CHANNEL | GOLD | KT_18 | 1ct | imgs:3
[23:44:13][CUSHION] [2490] ? NIV-FF106716CCD64EAC | BASKET | DOUBLE | CHANNEL | GOLD | KT_18 | 1ct | imgs:3
[23:44:16][CUSHION] [2491] ? NIV-FF106716CCD64EAC | BASKET | DOUBLE | CHANNEL | GOLD | KT_18 | 1ct | imgs:3
[23:44:18][CUSHION] [2492] ? NIV-A4667DC331E9E186 | BASKET | DOUBLE | CHANNEL | PLATINUM | PT_950 | 1ct | imgs:3
[23:44:24][CUSHION] [2493] ? NIV-171161479B41F2F9 | BASKET | DOUBLE | CHANNEL | GOLD | KT_10 | 1ct | imgs:3
[23:44:28][CUSHION] [2494] ? NIV-171161479B41F2F9 | BASKET | DOUBLE | CHANNEL | GOLD | KT_10 | 1ct | imgs:3
[23:44:33][CUSHION] [2495] ? NIV-171161479B41F2F9 | BASKET | DOUBLE | CHANNEL | GOLD | KT_10 | 1ct | imgs:3
[23:44:36][CUSHION] [2496] ? NIV-924F42660294D11D | BASKET | DOUBLE | CHANNEL | GOLD | KT_10 | 1ct | imgs:3
[23:44:40][CUSHION] [2497] ? NIV-924F42660294D11D | BASKET | DOUBLE | CHANNEL | GOLD | KT_10 | 1ct | imgs:3
[23:44:45][CUSHION] [2498] ? NIV-924F42660294D11D | BASKET | DOUBLE | CHANNEL | GOLD | KT_10 | 1ct | imgs:3
[23:44:48][CUSHION] [2499] ? NIV-7EA85B7EFBE4DBDD | BASKET | DOUBLE | CHANNEL | GOLD | KT_10 | 1ct | imgs:3
[23:44:52][CUSHION] [2500] ? NIV-7EA85B7EFBE4DBDD | BASKET | DOUBLE | CHANNEL | GOLD | KT_10 | 1ct | imgs:3
[23:44:55][CUSHION] [2501] ? NIV-7EA85B7EFBE4DBDD | BASKET | DOUBLE | CHANNEL | GOLD | KT_10 | 1ct | imgs:3
[23:44:58][CUSHION] [2502] ? NIV-3319EC0137845985 | BASKET | DOUBLE | CHANNEL | GOLD | KT_14 | 1ct | imgs:3
[23:45:01][CUSHION] [2503] ? NIV-3319EC0137845985 | BASKET | DOUBLE | CHANNEL | GOLD | KT_14 | 1ct | imgs:3
[23:45:06][CUSHION] [2504] ? NIV-3319EC0137845985 | BASKET | DOUBLE | CHANNEL | GOLD | KT_14 | 1ct | imgs:3
[23:45:09][CUSHION] [2505] ? NIV-6924BC42D2806CB5 | BASKET | DOUBLE | CHANNEL | GOLD | KT_14 | 1ct | imgs:3
[23:45:13][CUSHION] [2506] ? NIV-6924BC42D2806CB5 | BASKET | DOUBLE | CHANNEL | GOLD | KT_14 | 1ct | imgs:3
[23:45:16][CUSHION] [2507] ? NIV-6924BC42D2806CB5 | BASKET | DOUBLE | CHANNEL | GOLD | KT_14 | 1ct | imgs:3
[23:45:18][CUSHION] [2508] ? NIV-E0878673846D8A52 | BASKET | DOUBLE | CHANNEL | GOLD | KT_14 | 1ct | imgs:3
[23:45:22][CUSHION] [2509] ? NIV-E0878673846D8A52 | BASKET | DOUBLE | CHANNEL | GOLD | KT_14 | 1ct | imgs:3
[23:45:25][CUSHION] [2510] ? NIV-E0878673846D8A52 | BASKET | DOUBLE | CHANNEL | GOLD | KT_14 | 1ct | imgs:3
[23:45:30][CUSHION] [2511] ? NIV-78CF6D7F26D52222 | BASKET | DOUBLE | CHANNEL | GOLD | KT_18 | 1ct | imgs:3
[23:45:34][CUSHION] [2512] ? NIV-78CF6D7F26D52222 | BASKET | DOUBLE | CHANNEL | GOLD | KT_18 | 1ct | imgs:3
[23:45:37][CUSHION] [2513] ? NIV-78CF6D7F26D52222 | BASKET | DOUBLE | CHANNEL | GOLD | KT_18 | 1ct | imgs:3
[23:45:39][CUSHION] [2514] ? NIV-785D35C3EFE5E2D8 | BASKET | DOUBLE | CHANNEL | GOLD | KT_18 | 1ct | imgs:3
[23:45:43][CUSHION] [2515] ? NIV-785D35C3EFE5E2D8 | BASKET | DOUBLE | CHANNEL | GOLD | KT_18 | 1ct | imgs:3
[23:45:48][CUSHION] [2516] ? NIV-785D35C3EFE5E2D8 | BASKET | DOUBLE | CHANNEL | GOLD | KT_18 | 1ct | imgs:3
[23:45:51][CUSHION] [2517] ? NIV-DEA7FAD01E22C939 | BASKET | DOUBLE | CHANNEL | GOLD | KT_18 | 1ct | imgs:3
[23:45:55][CUSHION] [2518] ? NIV-DEA7FAD01E22C939 | BASKET | DOUBLE | CHANNEL | GOLD | KT_18 | 1ct | imgs:3
[23:45:58][CUSHION] [2519] ? NIV-DEA7FAD01E22C939 | BASKET | DOUBLE | CHANNEL | GOLD | KT_18 | 1ct | imgs:3
[23:46:00][CUSHION] [2520] ? NIV-881B05984016CE9B | BASKET | DOUBLE | CHANNEL | PLATINUM | PT_950 | 1ct | imgs:3
[23:46:06][CUSHION] [2521] ? NIV-EB13ED2B57212E64 | BASKET | DOUBLE | CHANNEL | GOLD | KT_10 | 1ct | imgs:3
[23:46:10][CUSHION] [2522] ? NIV-EB13ED2B57212E64 | BASKET | DOUBLE | CHANNEL | GOLD | KT_10 | 1ct | imgs:3
[23:46:15][CUSHION] [2523] ? NIV-EB13ED2B57212E64 | BASKET | DOUBLE | CHANNEL | GOLD | KT_10 | 1ct | imgs:3
[23:46:18][CUSHION] [2524] ? NIV-4490C734806AA51C | BASKET | DOUBLE | CHANNEL | GOLD | KT_10 | 1ct | imgs:3
[23:46:22][CUSHION] [2525] ? NIV-4490C734806AA51C | BASKET | DOUBLE | CHANNEL | GOLD | KT_10 | 1ct | imgs:3
[23:46:27][CUSHION] [2526] ? NIV-4490C734806AA51C | BASKET | DOUBLE | CHANNEL | GOLD | KT_10 | 1ct | imgs:3
[23:46:30][CUSHION] [2527] ? NIV-076BB594C69DC3F3 | BASKET | DOUBLE | CHANNEL | GOLD | KT_10 | 1ct | imgs:3
[23:46:34][CUSHION] [2528] ? NIV-076BB594C69DC3F3 | BASKET | DOUBLE | CHANNEL | GOLD | KT_10 | 1ct | imgs:3
[23:46:39][CUSHION] [2529] ? NIV-076BB594C69DC3F3 | BASKET | DOUBLE | CHANNEL | GOLD | KT_10 | 1ct | imgs:3
[23:46:43][CUSHION] [2530] ? NIV-58DF8403CDAD3ECD | BASKET | DOUBLE | CHANNEL | GOLD | KT_14 | 1ct | imgs:3
[23:46:48][CUSHION] [2531] ? NIV-58DF8403CDAD3ECD | BASKET | DOUBLE | CHANNEL | GOLD | KT_14 | 1ct | imgs:3
[23:46:52][CUSHION] [2532] ? NIV-58DF8403CDAD3ECD | BASKET | DOUBLE | CHANNEL | GOLD | KT_14 | 1ct | imgs:3
[23:46:54][CUSHION] [2533] ? NIV-DBB7025C15959F38 | BASKET | DOUBLE | CHANNEL | GOLD | KT_14 | 1ct | imgs:3
[23:46:58][CUSHION] [2534] ? NIV-DBB7025C15959F38 | BASKET | DOUBLE | CHANNEL | GOLD | KT_14 | 1ct | imgs:3
[23:47:01][CUSHION] [2535] ? NIV-DBB7025C15959F38 | BASKET | DOUBLE | CHANNEL | GOLD | KT_14 | 1ct | imgs:3
[23:47:03][CUSHION] [2536] ? NIV-0F4908C70F43BCAD | BASKET | DOUBLE | CHANNEL | GOLD | KT_14 | 1ct | imgs:3
[23:47:07][CUSHION] [2537] ? NIV-0F4908C70F43BCAD | BASKET | DOUBLE | CHANNEL | GOLD | KT_14 | 1ct | imgs:3
[23:47:10][CUSHION] [2538] ? NIV-0F4908C70F43BCAD | BASKET | DOUBLE | CHANNEL | GOLD | KT_14 | 1ct | imgs:3
[23:47:14][CUSHION] [2539] ? NIV-2DEEDA36C471C846 | BASKET | DOUBLE | CHANNEL | GOLD | KT_18 | 1ct | imgs:3
[23:47:18][CUSHION] [2540] ? NIV-2DEEDA36C471C846 | BASKET | DOUBLE | CHANNEL | GOLD | KT_18 | 1ct | imgs:3
[23:47:22][CUSHION] [2541] ? NIV-2DEEDA36C471C846 | BASKET | DOUBLE | CHANNEL | GOLD | KT_18 | 1ct | imgs:3
[23:47:24][CUSHION] [2542] ? NIV-AE1F5529451CD79F | BASKET | DOUBLE | CHANNEL | GOLD | KT_18 | 1ct | imgs:3
[23:47:28][CUSHION] [2543] ? NIV-AE1F5529451CD79F | BASKET | DOUBLE | CHANNEL | GOLD | KT_18 | 1ct | imgs:3
[23:47:33][CUSHION] [2544] ? NIV-AE1F5529451CD79F | BASKET | DOUBLE | CHANNEL | GOLD | KT_18 | 1ct | imgs:3
[23:47:36][CUSHION] [2545] ? NIV-B8786D7796A6243D | BASKET | DOUBLE | CHANNEL | GOLD | KT_18 | 1ct | imgs:3
[23:47:42][CUSHION] [2546] ? NIV-B8786D7796A6243D | BASKET | DOUBLE | CHANNEL | GOLD | KT_18 | 1ct | imgs:3
[23:47:45][CUSHION] [2547] ? NIV-B8786D7796A6243D | BASKET | DOUBLE | CHANNEL | GOLD | KT_18 | 1ct | imgs:3
[23:47:48][CUSHION] [2548] ? NIV-2FFAA6A26C0C73B6 | BASKET | DOUBLE | CHANNEL | PLATINUM | PT_950 | 1ct | imgs:3
[23:47:54][CUSHION] [2549] ? NIV-E9C5DFD4C98CAF83 | BASKET | DOUBLE | CHANNEL | GOLD | KT_10 | 1ct | imgs:3
[23:47:58][CUSHION] [2550] ? NIV-E9C5DFD4C98CAF83 | BASKET | DOUBLE | CHANNEL | GOLD | KT_10 | 1ct | imgs:3
[23:48:01][CUSHION] [2551] ? NIV-E9C5DFD4C98CAF83 | BASKET | DOUBLE | CHANNEL | GOLD | KT_10 | 1ct | imgs:3
[23:48:03][CUSHION] [2552] ? NIV-A8E0082045AC9C48 | BASKET | DOUBLE | CHANNEL | GOLD | KT_10 | 1ct | imgs:3
[23:48:06][CUSHION] [2553] ? NIV-A8E0082045AC9C48 | BASKET | DOUBLE | CHANNEL | GOLD | KT_10 | 1ct | imgs:3
[23:48:10][CUSHION] [2554] ? NIV-A8E0082045AC9C48 | BASKET | DOUBLE | CHANNEL | GOLD | KT_10 | 1ct | imgs:3
[23:48:12][CUSHION] [2555] ? NIV-E42A66604D9345D8 | BASKET | DOUBLE | CHANNEL | GOLD | KT_10 | 1ct | imgs:3
[23:48:15][CUSHION] [2556] ? NIV-E42A66604D9345D8 | BASKET | DOUBLE | CHANNEL | GOLD | KT_10 | 1ct | imgs:3
[23:48:19][CUSHION] [2557] ? NIV-E42A66604D9345D8 | BASKET | DOUBLE | CHANNEL | GOLD | KT_10 | 1ct | imgs:3
[23:48:28][CUSHION] [2558] ? NIV-102408BC968DE636 | BASKET | DOUBLE | CHANNEL | GOLD | KT_14 | 1ct | imgs:1
[23:48:33][CUSHION] [2559] ? NIV-102408BC968DE636 | BASKET | DOUBLE | CHANNEL | GOLD | KT_14 | 1ct | imgs:3
[23:48:37][CUSHION] [2560] ? NIV-102408BC968DE636 | BASKET | DOUBLE | CHANNEL | GOLD | KT_14 | 1ct | imgs:3
[23:48:41][CUSHION] [2561] ? NIV-9E52BF94B273B44A | BASKET | DOUBLE | CHANNEL | GOLD | KT_14 | 1ct | imgs:1
[23:48:45][CUSHION] [2562] ? NIV-9E52BF94B273B44A | BASKET | DOUBLE | CHANNEL | GOLD | KT_14 | 1ct | imgs:3
[23:48:49][CUSHION] [2563] ? NIV-9E52BF94B273B44A | BASKET | DOUBLE | CHANNEL | GOLD | KT_14 | 1ct | imgs:3
[23:48:51][CUSHION] [2564] ? NIV-7907602C450424BB | BASKET | DOUBLE | CHANNEL | GOLD | KT_14 | 1ct | imgs:3
[23:48:55][CUSHION] [2565] ? NIV-7907602C450424BB | BASKET | DOUBLE | CHANNEL | GOLD | KT_14 | 1ct | imgs:3
[23:49:00][CUSHION] [2566] ? NIV-7907602C450424BB | BASKET | DOUBLE | CHANNEL | GOLD | KT_14 | 1ct | imgs:3
[23:49:06][CUSHION] [2567] ? NIV-DDC51E8FD6E40859 | BASKET | DOUBLE | CHANNEL | GOLD | KT_18 | 1ct | imgs:3
[23:49:12][CUSHION] [2568] ? NIV-DDC51E8FD6E40859 | BASKET | DOUBLE | CHANNEL | GOLD | KT_18 | 1ct | imgs:3
[23:49:15][CUSHION] [2569] ? NIV-DDC51E8FD6E40859 | BASKET | DOUBLE | CHANNEL | GOLD | KT_18 | 1ct | imgs:3
[23:49:18][CUSHION] [2570] ? NIV-2DB9DA1201CFE4BB | BASKET | DOUBLE | CHANNEL | GOLD | KT_18 | 1ct | imgs:3
[23:49:22][CUSHION] [2571] ? NIV-2DB9DA1201CFE4BB | BASKET | DOUBLE | CHANNEL | GOLD | KT_18 | 1ct | imgs:3
[23:49:25][CUSHION] [2572] ? NIV-2DB9DA1201CFE4BB | BASKET | DOUBLE | CHANNEL | GOLD | KT_18 | 1ct | imgs:3
[23:49:28][CUSHION] [2573] ? NIV-A9B8D0374EAF52A7 | BASKET | DOUBLE | CHANNEL | GOLD | KT_18 | 1ct | imgs:3
[23:49:33][CUSHION] [2574] ? NIV-A9B8D0374EAF52A7 | BASKET | DOUBLE | CHANNEL | GOLD | KT_18 | 1ct | imgs:3
[23:49:37][CUSHION] [2575] ? NIV-A9B8D0374EAF52A7 | BASKET | DOUBLE | CHANNEL | GOLD | KT_18 | 1ct | imgs:3
[23:49:39][CUSHION] [2576] ? NIV-98A248E6A03A7E05 | BASKET | DOUBLE | CHANNEL | PLATINUM | PT_950 | 1ct | imgs:3
[23:49:48][CUSHION] [2577] ? NIV-72F15D0B47D05015 | BASKET | DOUBLE | CHANNEL | GOLD | KT_10 | 1ct | imgs:3
[23:49:52][CUSHION] [2578] ? NIV-72F15D0B47D05015 | BASKET | DOUBLE | CHANNEL | GOLD | KT_10 | 1ct | imgs:3
[23:49:57][CUSHION] [2579] ? NIV-72F15D0B47D05015 | BASKET | DOUBLE | CHANNEL | GOLD | KT_10 | 1ct | imgs:3
[23:50:00][CUSHION] [2580] ? NIV-4CF098DB90E5A94B | BASKET | DOUBLE | CHANNEL | GOLD | KT_10 | 1ct | imgs:3
[23:50:03][CUSHION] [2581] ? NIV-4CF098DB90E5A94B | BASKET | DOUBLE | CHANNEL | GOLD | KT_10 | 1ct | imgs:3
[23:50:07][CUSHION] [2582] ? NIV-4CF098DB90E5A94B | BASKET | DOUBLE | CHANNEL | GOLD | KT_10 | 1ct | imgs:3
[23:50:11][CUSHION] [2583] ? NIV-8D2B9759B3326DC4 | BASKET | DOUBLE | CHANNEL | GOLD | KT_10 | 1ct | imgs:3
[23:50:15][CUSHION] [2584] ? NIV-8D2B9759B3326DC4 | BASKET | DOUBLE | CHANNEL | GOLD | KT_10 | 1ct | imgs:3
[23:50:19][CUSHION] [2585] ? NIV-8D2B9759B3326DC4 | BASKET | DOUBLE | CHANNEL | GOLD | KT_10 | 1ct | imgs:3
[23:50:22][CUSHION] [2586] ? NIV-DAC4E14F79F44246 | BASKET | DOUBLE | CHANNEL | GOLD | KT_14 | 1ct | imgs:3
[23:50:27][CUSHION] [2587] ? NIV-DAC4E14F79F44246 | BASKET | DOUBLE | CHANNEL | GOLD | KT_14 | 1ct | imgs:3
[23:50:30][CUSHION] [2588] ? NIV-DAC4E14F79F44246 | BASKET | DOUBLE | CHANNEL | GOLD | KT_14 | 1ct | imgs:3
[23:50:33][CUSHION] [2589] ? NIV-406563424BF14E70 | BASKET | DOUBLE | CHANNEL | GOLD | KT_14 | 1ct | imgs:3
[23:50:37][CUSHION] [2590] ? NIV-406563424BF14E70 | BASKET | DOUBLE | CHANNEL | GOLD | KT_14 | 1ct | imgs:3
[23:50:40][CUSHION] [2591] ? NIV-406563424BF14E70 | BASKET | DOUBLE | CHANNEL | GOLD | KT_14 | 1ct | imgs:3
[23:50:42][CUSHION] [2592] ? NIV-7790A65F0EF80560 | BASKET | DOUBLE | CHANNEL | GOLD | KT_14 | 1ct | imgs:3
[23:50:45][CUSHION] [2593] ? NIV-7790A65F0EF80560 | BASKET | DOUBLE | CHANNEL | GOLD | KT_14 | 1ct | imgs:3
[23:50:49][CUSHION] [2594] ? NIV-7790A65F0EF80560 | BASKET | DOUBLE | CHANNEL | GOLD | KT_14 | 1ct | imgs:3
[23:50:52][CUSHION] [2595] ? NIV-8B0B88349E84E9D3 | BASKET | DOUBLE | CHANNEL | GOLD | KT_18 | 1ct | imgs:3
[23:50:55][CUSHION] [2596] ? NIV-8B0B88349E84E9D3 | BASKET | DOUBLE | CHANNEL | GOLD | KT_18 | 1ct | imgs:3
[23:51:01][CUSHION] [2597] ? NIV-8B0B88349E84E9D3 | BASKET | DOUBLE | CHANNEL | GOLD | KT_18 | 1ct | imgs:3
[23:51:03][CUSHION] [2598] ? NIV-83E4FACE5A62C985 | BASKET | DOUBLE | CHANNEL | GOLD | KT_18 | 1ct | imgs:3
[23:51:07][CUSHION] [2599] ? NIV-83E4FACE5A62C985 | BASKET | DOUBLE | CHANNEL | GOLD | KT_18 | 1ct | imgs:3
[23:51:12][CUSHION] [2600] ? NIV-83E4FACE5A62C985 | BASKET | DOUBLE | CHANNEL | GOLD | KT_18 | 1ct | imgs:3
[23:51:15][CUSHION] [2601] ? NIV-C22189ADA9DBB407 | BASKET | DOUBLE | CHANNEL | GOLD | KT_18 | 1ct | imgs:3
[23:51:19][CUSHION] [2602] ? NIV-C22189ADA9DBB407 | BASKET | DOUBLE | CHANNEL | GOLD | KT_18 | 1ct | imgs:3
[23:51:22][CUSHION] [2603] ? NIV-C22189ADA9DBB407 | BASKET | DOUBLE | CHANNEL | GOLD | KT_18 | 1ct | imgs:3
[23:51:24][CUSHION] [2604] ? NIV-C90C1D255EE6018C | BASKET | DOUBLE | CHANNEL | PLATINUM | PT_950 | 1ct | imgs:3
[23:51:31][CUSHION] [2605] ? NIV-11A4EF2B1AE4EEC5 | BASKET | DOUBLE | CHANNEL | GOLD | KT_10 | 1ct | imgs:3
[23:51:36][CUSHION] [2606] ? NIV-11A4EF2B1AE4EEC5 | BASKET | DOUBLE | CHANNEL | GOLD | KT_10 | 1ct | imgs:3
[23:51:40][CUSHION] [2607] ? NIV-11A4EF2B1AE4EEC5 | BASKET | DOUBLE | CHANNEL | GOLD | KT_10 | 1ct | imgs:3
[23:51:42][CUSHION] [2608] ? NIV-62EE8D7C35EE46DD | BASKET | DOUBLE | CHANNEL | GOLD | KT_10 | 1ct | imgs:1
[23:51:46][CUSHION] [2609] ? NIV-62EE8D7C35EE46DD | BASKET | DOUBLE | CHANNEL | GOLD | KT_10 | 1ct | imgs:3
[23:51:51][CUSHION] [2610] ? NIV-62EE8D7C35EE46DD | BASKET | DOUBLE | CHANNEL | GOLD | KT_10 | 1ct | imgs:3
[23:51:55][CUSHION] [2611] ? NIV-0972F6CA14B87BC6 | BASKET | DOUBLE | CHANNEL | GOLD | KT_10 | 1ct | imgs:3
[23:51:58][CUSHION] [2612] ? NIV-0972F6CA14B87BC6 | BASKET | DOUBLE | CHANNEL | GOLD | KT_10 | 1ct | imgs:3
[23:52:03][CUSHION] [2613] ? NIV-0972F6CA14B87BC6 | BASKET | DOUBLE | CHANNEL | GOLD | KT_10 | 1ct | imgs:3
[23:52:09][CUSHION] [2614] ? NIV-DEDD2604ADD0D1D7 | BASKET | DOUBLE | CHANNEL | GOLD | KT_14 | 1ct | imgs:3
[23:52:13][CUSHION] [2615] ? NIV-DEDD2604ADD0D1D7 | BASKET | DOUBLE | CHANNEL | GOLD | KT_14 | 1ct | imgs:3
[23:52:16][CUSHION] [2616] ? NIV-DEDD2604ADD0D1D7 | BASKET | DOUBLE | CHANNEL | GOLD | KT_14 | 1ct | imgs:3
[23:52:18][CUSHION] [2617] ? NIV-D09755714EFBB596 | BASKET | DOUBLE | CHANNEL | GOLD | KT_14 | 1ct | imgs:3
[23:52:22][CUSHION] [2618] ? NIV-D09755714EFBB596 | BASKET | DOUBLE | CHANNEL | GOLD | KT_14 | 1ct | imgs:3
[23:52:27][CUSHION] [2619] ? NIV-D09755714EFBB596 | BASKET | DOUBLE | CHANNEL | GOLD | KT_14 | 1ct | imgs:3
[23:52:30][CUSHION] [2620] ? NIV-CFC7FD1BD30F9320 | BASKET | DOUBLE | CHANNEL | GOLD | KT_14 | 1ct | imgs:3
[23:52:34][CUSHION] [2621] ? NIV-CFC7FD1BD30F9320 | BASKET | DOUBLE | CHANNEL | GOLD | KT_14 | 1ct | imgs:3
[23:52:37][CUSHION] [2622] ? NIV-CFC7FD1BD30F9320 | BASKET | DOUBLE | CHANNEL | GOLD | KT_14 | 1ct | imgs:3
[23:52:40][CUSHION] [2623] ? NIV-7A1370A1D7C23640 | BASKET | DOUBLE | CHANNEL | GOLD | KT_18 | 1ct | imgs:3
[23:52:45][CUSHION] [2624] ? NIV-7A1370A1D7C23640 | BASKET | DOUBLE | CHANNEL | GOLD | KT_18 | 1ct | imgs:3
[23:52:51][CUSHION] [2625] ? NIV-7A1370A1D7C23640 | BASKET | DOUBLE | CHANNEL | GOLD | KT_18 | 1ct | imgs:3
[23:52:54][CUSHION] [2626] ? NIV-C285B25E1048681C | BASKET | DOUBLE | CHANNEL | GOLD | KT_18 | 1ct | imgs:3
[23:52:58][CUSHION] [2627] ? NIV-C285B25E1048681C | BASKET | DOUBLE | CHANNEL | GOLD | KT_18 | 1ct | imgs:3
[23:53:03][CUSHION] [2628] ? NIV-C285B25E1048681C | BASKET | DOUBLE | CHANNEL | GOLD | KT_18 | 1ct | imgs:3
[23:53:06][CUSHION] [2629] ? NIV-2AAB68E9E456B683 | BASKET | DOUBLE | CHANNEL | GOLD | KT_18 | 1ct | imgs:3
[23:53:10][CUSHION] [2630] ? NIV-2AAB68E9E456B683 | BASKET | DOUBLE | CHANNEL | GOLD | KT_18 | 1ct | imgs:3
[23:53:13][CUSHION] [2631] ? NIV-2AAB68E9E456B683 | BASKET | DOUBLE | CHANNEL | GOLD | KT_18 | 1ct | imgs:3
[23:53:15][CUSHION] [2632] ? NIV-61CE05C0BA442B8B | BASKET | DOUBLE | CHANNEL | PLATINUM | PT_950 | 1ct | imgs:3
[23:53:21][CUSHION] [2633] ? NIV-1BAA51F12056450B | BASKET | DOUBLE | CHANNEL | GOLD | KT_10 | 1ct | imgs:3
[23:53:25][CUSHION] [2634] ? NIV-1BAA51F12056450B | BASKET | DOUBLE | CHANNEL | GOLD | KT_10 | 1ct | imgs:3
[23:53:30][CUSHION] [2635] ? NIV-1BAA51F12056450B | BASKET | DOUBLE | CHANNEL | GOLD | KT_10 | 1ct | imgs:3
[23:53:33][CUSHION] [2636] ? NIV-69F4C524ABBAD6D9 | BASKET | DOUBLE | CHANNEL | GOLD | KT_10 | 1ct | imgs:3
[23:53:37][CUSHION] [2637] ? NIV-69F4C524ABBAD6D9 | BASKET | DOUBLE | CHANNEL | GOLD | KT_10 | 1ct | imgs:3
[23:53:40][CUSHION] [2638] ? NIV-69F4C524ABBAD6D9 | BASKET | DOUBLE | CHANNEL | GOLD | KT_10 | 1ct | imgs:3
[23:53:42][CUSHION] [2639] ? NIV-2A1ABA9791ACB76B | BASKET | DOUBLE | CHANNEL | GOLD | KT_10 | 1ct | imgs:3
[23:53:45][CUSHION] [2640] ? NIV-2A1ABA9791ACB76B | BASKET | DOUBLE | CHANNEL | GOLD | KT_10 | 1ct | imgs:3
[23:53:49][CUSHION] [2641] ? NIV-2A1ABA9791ACB76B | BASKET | DOUBLE | CHANNEL | GOLD | KT_10 | 1ct | imgs:3
[23:53:52][CUSHION] [2642] ? NIV-BDC97ADD1EF41A59 | BASKET | DOUBLE | CHANNEL | GOLD | KT_14 | 1ct | imgs:3
[23:53:55][CUSHION] [2643] ? NIV-BDC97ADD1EF41A59 | BASKET | DOUBLE | CHANNEL | GOLD | KT_14 | 1ct | imgs:3
[23:54:00][CUSHION] [2644] ? NIV-BDC97ADD1EF41A59 | BASKET | DOUBLE | CHANNEL | GOLD | KT_14 | 1ct | imgs:3
[23:54:03][CUSHION] [2645] ? NIV-24BBC5EAAAB70AAF | BASKET | DOUBLE | CHANNEL | GOLD | KT_14 | 1ct | imgs:3
[23:54:06][CUSHION] [2646] ? NIV-24BBC5EAAAB70AAF | BASKET | DOUBLE | CHANNEL | GOLD | KT_14 | 1ct | imgs:3
[23:54:10][CUSHION] [2647] ? NIV-24BBC5EAAAB70AAF | BASKET | DOUBLE | CHANNEL | GOLD | KT_14 | 1ct | imgs:3
[23:54:12][CUSHION] [2648] ? NIV-32098745BBD45DB8 | BASKET | DOUBLE | CHANNEL | GOLD | KT_14 | 1ct | imgs:3
[23:54:16][CUSHION] [2649] ? NIV-32098745BBD45DB8 | BASKET | DOUBLE | CHANNEL | GOLD | KT_14 | 1ct | imgs:3
[23:54:19][CUSHION] [2650] ? NIV-32098745BBD45DB8 | BASKET | DOUBLE | CHANNEL | GOLD | KT_14 | 1ct | imgs:3
[23:54:22][CUSHION] [2651] ? NIV-96A40935682428A4 | BASKET | DOUBLE | CHANNEL | GOLD | KT_18 | 1ct | imgs:3
[23:54:27][CUSHION] [2652] ? NIV-96A40935682428A4 | BASKET | DOUBLE | CHANNEL | GOLD | KT_18 | 1ct | imgs:3
[23:54:31][CUSHION] [2653] ? NIV-96A40935682428A4 | BASKET | DOUBLE | CHANNEL | GOLD | KT_18 | 1ct | imgs:3
[23:54:33][CUSHION] [2654] ? NIV-42A3A1940E1D1E73 | BASKET | DOUBLE | CHANNEL | GOLD | KT_18 | 1ct | imgs:3
[23:54:37][CUSHION] [2655] ? NIV-42A3A1940E1D1E73 | BASKET | DOUBLE | CHANNEL | GOLD | KT_18 | 1ct | imgs:3
[23:54:40][CUSHION] [2656] ? NIV-42A3A1940E1D1E73 | BASKET | DOUBLE | CHANNEL | GOLD | KT_18 | 1ct | imgs:3
[23:54:42][CUSHION] [2657] ? NIV-5B560141790221FC | BASKET | DOUBLE | CHANNEL | GOLD | KT_18 | 1ct | imgs:3
[23:54:46][CUSHION] [2658] ? NIV-5B560141790221FC | BASKET | DOUBLE | CHANNEL | GOLD | KT_18 | 1ct | imgs:3
[23:54:49][CUSHION] [2659] ? NIV-5B560141790221FC | BASKET | DOUBLE | CHANNEL | GOLD | KT_18 | 1ct | imgs:3
[23:54:51][CUSHION] [2660] ? NIV-4F7D22270446C991 | BASKET | DOUBLE | CHANNEL | PLATINUM | PT_950 | 1ct | imgs:3
[23:54:58][CUSHION] [2661] ? NIV-7FD10F33D55CA2E1 | BASKET | DOUBLE | CHANNEL | GOLD | KT_10 | 1ct | imgs:3
[23:55:03][CUSHION] [2662] ? NIV-7FD10F33D55CA2E1 | BASKET | DOUBLE | CHANNEL | GOLD | KT_10 | 1ct | imgs:3
[23:55:09][CUSHION] [2663] ? NIV-7FD10F33D55CA2E1 | BASKET | DOUBLE | CHANNEL | GOLD | KT_10 | 1ct | imgs:3
[23:55:12][CUSHION] [2664] ? NIV-A1E92518435B7087 | BASKET | DOUBLE | CHANNEL | GOLD | KT_10 | 1ct | imgs:3
[23:55:16][CUSHION] [2665] ? NIV-A1E92518435B7087 | BASKET | DOUBLE | CHANNEL | GOLD | KT_10 | 1ct | imgs:3
[23:55:19][CUSHION] [2666] ? NIV-A1E92518435B7087 | BASKET | DOUBLE | CHANNEL | GOLD | KT_10 | 1ct | imgs:3
[23:55:21][CUSHION] [2667] ? NIV-2CF8DAEBD637A9DF | BASKET | DOUBLE | CHANNEL | GOLD | KT_10 | 1ct | imgs:3
[23:55:25][CUSHION] [2668] ? NIV-2CF8DAEBD637A9DF | BASKET | DOUBLE | CHANNEL | GOLD | KT_10 | 1ct | imgs:3
[23:55:28][CUSHION] [2669] ? NIV-2CF8DAEBD637A9DF | BASKET | DOUBLE | CHANNEL | GOLD | KT_10 | 1ct | imgs:3
[23:55:31][CUSHION] [2670] ? NIV-55F90A5440F1B057 | BASKET | DOUBLE | CHANNEL | GOLD | KT_14 | 1ct | imgs:3
[23:55:36][CUSHION] [2671] ? NIV-55F90A5440F1B057 | BASKET | DOUBLE | CHANNEL | GOLD | KT_14 | 1ct | imgs:3
[23:55:39][CUSHION] [2672] ? NIV-55F90A5440F1B057 | BASKET | DOUBLE | CHANNEL | GOLD | KT_14 | 1ct | imgs:3
[23:55:42][CUSHION] [2673] ? NIV-CE1DF475959B68F7 | BASKET | DOUBLE | CHANNEL | GOLD | KT_14 | 1ct | imgs:3
[23:55:46][CUSHION] [2674] ? NIV-CE1DF475959B68F7 | BASKET | DOUBLE | CHANNEL | GOLD | KT_14 | 1ct | imgs:3
[23:55:49][CUSHION] [2675] ? NIV-CE1DF475959B68F7 | BASKET | DOUBLE | CHANNEL | GOLD | KT_14 | 1ct | imgs:3
[23:55:51][CUSHION] [2676] ? NIV-B33CAEF66D23A875 | BASKET | DOUBLE | CHANNEL | GOLD | KT_14 | 1ct | imgs:3
[23:55:55][CUSHION] [2677] ? NIV-B33CAEF66D23A875 | BASKET | DOUBLE | CHANNEL | GOLD | KT_14 | 1ct | imgs:3
[23:56:00][CUSHION] [2678] ? NIV-B33CAEF66D23A875 | BASKET | DOUBLE | CHANNEL | GOLD | KT_14 | 1ct | imgs:3
[23:56:03][CUSHION] [2679] ? NIV-5BA88AC9A1E639D6 | BASKET | DOUBLE | CHANNEL | GOLD | KT_18 | 1ct | imgs:3
[23:56:07][CUSHION] [2680] ? NIV-5BA88AC9A1E639D6 | BASKET | DOUBLE | CHANNEL | GOLD | KT_18 | 1ct | imgs:3
[23:56:10][CUSHION] [2681] ? NIV-5BA88AC9A1E639D6 | BASKET | DOUBLE | CHANNEL | GOLD | KT_18 | 1ct | imgs:3
[23:56:12][CUSHION] [2682] ? NIV-6268493E45B2B987 | BASKET | DOUBLE | CHANNEL | GOLD | KT_18 | 1ct | imgs:3
[23:56:16][CUSHION] [2683] ? NIV-6268493E45B2B987 | BASKET | DOUBLE | CHANNEL | GOLD | KT_18 | 1ct | imgs:3
[23:56:19][CUSHION] [2684] ? NIV-6268493E45B2B987 | BASKET | DOUBLE | CHANNEL | GOLD | KT_18 | 1ct | imgs:3
[23:56:21][CUSHION] [2685] ? NIV-88C6C2FC626EF8CD | BASKET | DOUBLE | CHANNEL | GOLD | KT_18 | 1ct | imgs:3
[23:56:25][CUSHION] [2686] ? NIV-88C6C2FC626EF8CD | BASKET | DOUBLE | CHANNEL | GOLD | KT_18 | 1ct | imgs:3
[23:56:30][CUSHION] [2687] ? NIV-88C6C2FC626EF8CD | BASKET | DOUBLE | CHANNEL | GOLD | KT_18 | 1ct | imgs:3
[23:56:33][CUSHION] [2688] ? NIV-F55492433D4B1164 | BASKET | DOUBLE | CHANNEL | PLATINUM | PT_950 | 1ct | imgs:3
[23:56:39][CUSHION] [2689] ? NIV-2F9E870B34F1F687 | BASKET | DOUBLE | CHANNEL | GOLD | KT_10 | 1ct | imgs:3
[23:56:43][CUSHION] [2690] ? NIV-2F9E870B34F1F687 | BASKET | DOUBLE | CHANNEL | GOLD | KT_10 | 1ct | imgs:3
[23:56:46][CUSHION] [2691] ? NIV-2F9E870B34F1F687 | BASKET | DOUBLE | CHANNEL | GOLD | KT_10 | 1ct | imgs:3
[23:56:48][CUSHION] [2692] ? NIV-6978918E260DCFFA | BASKET | DOUBLE | CHANNEL | GOLD | KT_10 | 1ct | imgs:3
[23:56:52][CUSHION] [2693] ? NIV-6978918E260DCFFA | BASKET | DOUBLE | CHANNEL | GOLD | KT_10 | 1ct | imgs:3
[23:56:57][CUSHION] [2694] ? NIV-6978918E260DCFFA | BASKET | DOUBLE | CHANNEL | GOLD | KT_10 | 1ct | imgs:3
[23:57:00][CUSHION] [2695] ? NIV-8DF0395B3AA06D45 | BASKET | DOUBLE | CHANNEL | GOLD | KT_10 | 1ct | imgs:3
[23:57:04][CUSHION] [2696] ? NIV-8DF0395B3AA06D45 | BASKET | DOUBLE | CHANNEL | GOLD | KT_10 | 1ct | imgs:3
[23:57:09][CUSHION] [2697] ? NIV-8DF0395B3AA06D45 | BASKET | DOUBLE | CHANNEL | GOLD | KT_10 | 1ct | imgs:3
[23:57:13][CUSHION] [2698] ? NIV-68F0BEC1D4F7617D | BASKET | DOUBLE | CHANNEL | GOLD | KT_14 | 1ct | imgs:3
[23:57:18][CUSHION] [2699] ? NIV-68F0BEC1D4F7617D | BASKET | DOUBLE | CHANNEL | GOLD | KT_14 | 1ct | imgs:3
[23:57:22][CUSHION] [2700] ? NIV-68F0BEC1D4F7617D | BASKET | DOUBLE | CHANNEL | GOLD | KT_14 | 1ct | imgs:3
[23:57:24][CUSHION] [2701] ? NIV-E6D2E6C4733AE140 | BASKET | DOUBLE | CHANNEL | GOLD | KT_14 | 1ct | imgs:3
[23:57:28][CUSHION] [2702] ? NIV-E6D2E6C4733AE140 | BASKET | DOUBLE | CHANNEL | GOLD | KT_14 | 1ct | imgs:3
[23:57:31][CUSHION] [2703] ? NIV-E6D2E6C4733AE140 | BASKET | DOUBLE | CHANNEL | GOLD | KT_14 | 1ct | imgs:3
[23:57:33][CUSHION] [2704] ? NIV-6FD6F9BE98D7C04B | BASKET | DOUBLE | CHANNEL | GOLD | KT_14 | 1ct | imgs:3
[23:57:39][CUSHION] [2705] ? NIV-6FD6F9BE98D7C04B | BASKET | DOUBLE | CHANNEL | GOLD | KT_14 | 1ct | imgs:3
[23:57:43][CUSHION] [2706] ? NIV-6FD6F9BE98D7C04B | BASKET | DOUBLE | CHANNEL | GOLD | KT_14 | 1ct | imgs:3
[23:57:48][CUSHION] [2707] ? NIV-8726307925F00EFD | BASKET | DOUBLE | CHANNEL | GOLD | KT_18 | 1ct | imgs:3
[23:57:52][CUSHION] [2708] ? NIV-8726307925F00EFD | BASKET | DOUBLE | CHANNEL | GOLD | KT_18 | 1ct | imgs:3
[23:57:57][CUSHION] [2709] ? NIV-8726307925F00EFD | BASKET | DOUBLE | CHANNEL | GOLD | KT_18 | 1ct | imgs:3
[23:58:00][CUSHION] [2710] ? NIV-F8BE75B1BB2DD372 | BASKET | DOUBLE | CHANNEL | GOLD | KT_18 | 1ct | imgs:3
[23:58:03][CUSHION] [2711] ? NIV-F8BE75B1BB2DD372 | BASKET | DOUBLE | CHANNEL | GOLD | KT_18 | 1ct | imgs:3
[23:58:07][CUSHION] [2712] ? NIV-F8BE75B1BB2DD372 | BASKET | DOUBLE | CHANNEL | GOLD | KT_18 | 1ct | imgs:3
[23:58:09][CUSHION] [2713] ? NIV-610372460454EE48 | BASKET | DOUBLE | CHANNEL | GOLD | KT_18 | 1ct | imgs:3
[23:58:13][CUSHION] [2714] ? NIV-610372460454EE48 | BASKET | DOUBLE | CHANNEL | GOLD | KT_18 | 1ct | imgs:3
[23:58:18][CUSHION] [2715] ? NIV-610372460454EE48 | BASKET | DOUBLE | CHANNEL | GOLD | KT_18 | 1ct | imgs:3
[23:58:21][CUSHION] [2716] ? NIV-C8F510C9739D3E4F | BASKET | DOUBLE | CHANNEL | PLATINUM | PT_950 | 1ct | imgs:3
[23:58:27][CUSHION] [2717] ? NIV-B0F641FC5040B998 | BASKET | DOUBLE | CHANNEL | GOLD | KT_10 | 1ct | imgs:3
[23:58:33][CUSHION] [2718] ? NIV-B0F641FC5040B998 | BASKET | DOUBLE | CHANNEL | GOLD | KT_10 | 1ct | imgs:3
[23:58:36][CUSHION] [2719] ? NIV-B0F641FC5040B998 | BASKET | DOUBLE | CHANNEL | GOLD | KT_10 | 1ct | imgs:3
[23:58:39][CUSHION] [2720] ? NIV-D471656D896F78E8 | BASKET | DOUBLE | CHANNEL | GOLD | KT_10 | 1ct | imgs:3
[23:58:43][CUSHION] [2721] ? NIV-D471656D896F78E8 | BASKET | DOUBLE | CHANNEL | GOLD | KT_10 | 1ct | imgs:3
[23:58:46][CUSHION] [2722] ? NIV-D471656D896F78E8 | BASKET | DOUBLE | CHANNEL | GOLD | KT_10 | 1ct | imgs:3
[23:58:48][CUSHION] [2723] ? NIV-D7F3FB66A9018194 | BASKET | DOUBLE | CHANNEL | GOLD | KT_10 | 1ct | imgs:3
[23:58:52][CUSHION] [2724] ? NIV-D7F3FB66A9018194 | BASKET | DOUBLE | CHANNEL | GOLD | KT_10 | 1ct | imgs:3
[23:58:55][CUSHION] [2725] ? NIV-D7F3FB66A9018194 | BASKET | DOUBLE | CHANNEL | GOLD | KT_10 | 1ct | imgs:3
[23:58:58][CUSHION] [2726] ? NIV-AFCF244990C87008 | BASKET | DOUBLE | CHANNEL | GOLD | KT_14 | 1ct | imgs:3
[23:59:03][CUSHION] [2727] ? NIV-AFCF244990C87008 | BASKET | DOUBLE | CHANNEL | GOLD | KT_14 | 1ct | imgs:3
[23:59:09][CUSHION] [2728] ? NIV-AFCF244990C87008 | BASKET | DOUBLE | CHANNEL | GOLD | KT_14 | 1ct | imgs:3
[23:59:12][CUSHION] [2729] ? NIV-55665B709130F606 | BASKET | DOUBLE | CHANNEL | GOLD | KT_14 | 1ct | imgs:3
[23:59:16][CUSHION] [2730] ? NIV-55665B709130F606 | BASKET | DOUBLE | CHANNEL | GOLD | KT_14 | 1ct | imgs:3
[23:59:19][CUSHION] [2731] ? NIV-55665B709130F606 | BASKET | DOUBLE | CHANNEL | GOLD | KT_14 | 1ct | imgs:3
[23:59:21][CUSHION] [2732] ? NIV-D92C84A47885AA3F | BASKET | DOUBLE | CHANNEL | GOLD | KT_14 | 1ct | imgs:3
[23:59:25][CUSHION] [2733] ? NIV-D92C84A47885AA3F | BASKET | DOUBLE | CHANNEL | GOLD | KT_14 | 1ct | imgs:3
[23:59:28][CUSHION] [2734] ? NIV-D92C84A47885AA3F | BASKET | DOUBLE | CHANNEL | GOLD | KT_14 | 1ct | imgs:3
[23:59:33][CUSHION] [2735] ? NIV-B82216C4A16A4165 | BASKET | DOUBLE | CHANNEL | GOLD | KT_18 | 1ct | imgs:3
[23:59:37][CUSHION] [2736] ? NIV-B82216C4A16A4165 | BASKET | DOUBLE | CHANNEL | GOLD | KT_18 | 1ct | imgs:3
[23:59:40][CUSHION] [2737] ? NIV-B82216C4A16A4165 | BASKET | DOUBLE | CHANNEL | GOLD | KT_18 | 1ct | imgs:3
[23:59:42][CUSHION] [2738] ? NIV-83AE07819FC3B13A | BASKET | DOUBLE | CHANNEL | GOLD | KT_18 | 1ct | imgs:3
[23:59:46][CUSHION] [2739] ? NIV-83AE07819FC3B13A | BASKET | DOUBLE | CHANNEL | GOLD | KT_18 | 1ct | imgs:3
[23:59:49][CUSHION] [2740] ? NIV-83AE07819FC3B13A | BASKET | DOUBLE | CHANNEL | GOLD | KT_18 | 1ct | imgs:3
[23:59:51][CUSHION] [2741] ? NIV-582842F2282D5AE9 | BASKET | DOUBLE | CHANNEL | GOLD | KT_18 | 1ct | imgs:3
[23:59:55][CUSHION] [2742] ? NIV-582842F2282D5AE9 | BASKET | DOUBLE | CHANNEL | GOLD | KT_18 | 1ct | imgs:3
[23:59:58][CUSHION] [2743] ? NIV-582842F2282D5AE9 | BASKET | DOUBLE | CHANNEL | GOLD | KT_18 | 1ct | imgs:3
[00:00:00][CUSHION] [2744] ? NIV-A7A4D21843DA9903 | BASKET | DOUBLE | CHANNEL | PLATINUM | PT_950 | 1ct | imgs:3
[00:00:06][CUSHION] [2745] ? NIV-8F5FEB5E2588A860 | BASKET | DOUBLE | CHANNEL | GOLD | KT_10 | 1ct | imgs:3
[00:00:10][CUSHION] [2746] ? NIV-8F5FEB5E2588A860 | BASKET | DOUBLE | CHANNEL | GOLD | KT_10 | 1ct | imgs:3
[00:00:13][CUSHION] [2747] ? NIV-8F5FEB5E2588A860 | BASKET | DOUBLE | CHANNEL | GOLD | KT_10 | 1ct | imgs:3
[00:00:16][CUSHION] [2748] ? NIV-7626A1B9A2EE0563 | BASKET | DOUBLE | CHANNEL | GOLD | KT_10 | 1ct | imgs:1
[00:00:21][CUSHION] [2749] ? NIV-7626A1B9A2EE0563 | BASKET | DOUBLE | CHANNEL | GOLD | KT_10 | 1ct | imgs:3
[00:00:25][CUSHION] [2750] ? NIV-7626A1B9A2EE0563 | BASKET | DOUBLE | CHANNEL | GOLD | KT_10 | 1ct | imgs:3
[00:00:28][CUSHION] [2751] ? NIV-DF7C0E39E48E400B | BASKET | DOUBLE | CHANNEL | GOLD | KT_10 | 1ct | imgs:2
[00:00:31][CUSHION] [2752] ? NIV-DF7C0E39E48E400B | BASKET | DOUBLE | CHANNEL | GOLD | KT_10 | 1ct | imgs:3
[00:00:36][CUSHION] [2753] ? NIV-DF7C0E39E48E400B | BASKET | DOUBLE | CHANNEL | GOLD | KT_10 | 1ct | imgs:3
[00:00:40][CUSHION] [2754] ? NIV-B4DC88F4C141C400 | BASKET | DOUBLE | CHANNEL | GOLD | KT_14 | 1ct | imgs:3
[00:00:43][CUSHION] [2755] ? NIV-B4DC88F4C141C400 | BASKET | DOUBLE | CHANNEL | GOLD | KT_14 | 1ct | imgs:3
[00:00:48][CUSHION] [2756] ? NIV-B4DC88F4C141C400 | BASKET | DOUBLE | CHANNEL | GOLD | KT_14 | 1ct | imgs:3
[00:00:59][CUSHION] [2757] ??  NIV-B4DC88F4C141C400 | BASKET | DOUBLE | CHANNEL | GOLD | KT_14 | 1ct | imgs:0
[00:01:11][CUSHION] [2758] ??  NIV-B4DC88F4C141C400 | BASKET | DOUBLE | CHANNEL | GOLD | KT_14 | 1ct | imgs:0
[00:01:15][CUSHION] [2759] ? NIV-320FB5F06BBD0EB6 | BASKET | DOUBLE | CHANNEL | GOLD | KT_14 | 1ct | imgs:3
[00:01:18][CUSHION] [2760] ? NIV-941F44915BB8A1D7 | BASKET | DOUBLE | CHANNEL | GOLD | KT_14 | 1ct | imgs:3
[00:01:22][CUSHION] [2761] ? NIV-941F44915BB8A1D7 | BASKET | DOUBLE | CHANNEL | GOLD | KT_14 | 1ct | imgs:3
[00:01:27][CUSHION] [2762] ? NIV-941F44915BB8A1D7 | BASKET | DOUBLE | CHANNEL | GOLD | KT_14 | 1ct | imgs:3
[00:01:30][CUSHION] [2763] ? NIV-8477468835C350A3 | BASKET | DOUBLE | CHANNEL | GOLD | KT_18 | 1ct | imgs:3
[00:01:33][CUSHION] [2764] ? NIV-8477468835C350A3 | BASKET | DOUBLE | CHANNEL | GOLD | KT_18 | 1ct | imgs:3
[00:01:37][CUSHION] [2765] ? NIV-8477468835C350A3 | BASKET | DOUBLE | CHANNEL | GOLD | KT_18 | 1ct | imgs:3
[00:01:40][CUSHION] [2766] ? NIV-C0BD15D4D35379C5 | BASKET | DOUBLE | CHANNEL | GOLD | KT_18 | 1ct | imgs:3
[00:01:45][CUSHION] [2767] ? NIV-C0BD15D4D35379C5 | BASKET | DOUBLE | CHANNEL | GOLD | KT_18 | 1ct | imgs:3
[00:01:49][CUSHION] [2768] ? NIV-C0BD15D4D35379C5 | BASKET | DOUBLE | CHANNEL | GOLD | KT_18 | 1ct | imgs:3
[00:01:51][CUSHION] [2769] ? NIV-1806086467FE0CDB | BASKET | DOUBLE | CHANNEL | GOLD | KT_18 | 1ct | imgs:3
[00:01:57][CUSHION] [2770] ? NIV-1806086467FE0CDB | BASKET | DOUBLE | CHANNEL | GOLD | KT_18 | 1ct | imgs:3
[00:02:00][CUSHION] [2771] ? NIV-1806086467FE0CDB | BASKET | DOUBLE | CHANNEL | GOLD | KT_18 | 1ct | imgs:3
[00:02:03][CUSHION] [2772] ? NIV-F6AB02C4EB511B24 | BASKET | DOUBLE | CHANNEL | PLATINUM | PT_950 | 1ct | imgs:3
[00:02:09][CUSHION] [2773] ? NIV-8C194226CE40C3B5 | BASKET | DOUBLE | CHANNEL | GOLD | KT_10 | 1ct | imgs:3
[00:02:13][CUSHION] [2774] ? NIV-8C194226CE40C3B5 | BASKET | DOUBLE | CHANNEL | GOLD | KT_10 | 1ct | imgs:3
[00:02:18][CUSHION] [2775] ? NIV-8C194226CE40C3B5 | BASKET | DOUBLE | CHANNEL | GOLD | KT_10 | 1ct | imgs:3
[00:02:21][CUSHION] [2776] ? NIV-E5E12BC6EFC0F107 | BASKET | DOUBLE | CHANNEL | GOLD | KT_10 | 1ct | imgs:3
[00:02:25][CUSHION] [2777] ? NIV-E5E12BC6EFC0F107 | BASKET | DOUBLE | CHANNEL | GOLD | KT_10 | 1ct | imgs:3
[00:02:30][CUSHION] [2778] ? NIV-E5E12BC6EFC0F107 | BASKET | DOUBLE | CHANNEL | GOLD | KT_10 | 1ct | imgs:3
[00:02:33][CUSHION] [2779] ? NIV-E9B15669151ED92A | BASKET | DOUBLE | CHANNEL | GOLD | KT_10 | 1ct | imgs:3
[00:02:37][CUSHION] [2780] ? NIV-E9B15669151ED92A | BASKET | DOUBLE | CHANNEL | GOLD | KT_10 | 1ct | imgs:3
[00:02:40][CUSHION] [2781] ? NIV-E9B15669151ED92A | BASKET | DOUBLE | CHANNEL | GOLD | KT_10 | 1ct | imgs:3
[00:02:43][CUSHION] [2782] ? NIV-5B04697F31B88582 | BASKET | DOUBLE | CHANNEL | GOLD | KT_14 | 1ct | imgs:3
[00:02:48][CUSHION] [2783] ? NIV-5B04697F31B88582 | BASKET | DOUBLE | CHANNEL | GOLD | KT_14 | 1ct | imgs:3
[00:02:54][CUSHION] [2784] ? NIV-5B04697F31B88582 | BASKET | DOUBLE | CHANNEL | GOLD | KT_14 | 1ct | imgs:3
[00:02:58][CUSHION] [2785] ? NIV-E0537AB0F6483225 | BASKET | DOUBLE | CHANNEL | GOLD | KT_14 | 1ct | imgs:3
[00:03:01][CUSHION] [2786] ? NIV-E0537AB0F6483225 | BASKET | DOUBLE | CHANNEL | GOLD | KT_14 | 1ct | imgs:3
[00:03:06][CUSHION] [2787] ? NIV-E0537AB0F6483225 | BASKET | DOUBLE | CHANNEL | GOLD | KT_14 | 1ct | imgs:3
[00:03:09][CUSHION] [2788] ? NIV-85953A24630BA886 | BASKET | DOUBLE | CHANNEL | GOLD | KT_14 | 1ct | imgs:3
[00:03:12][CUSHION] [2789] ? NIV-85953A24630BA886 | BASKET | DOUBLE | CHANNEL | GOLD | KT_14 | 1ct | imgs:3
[00:03:16][CUSHION] [2790] ? NIV-85953A24630BA886 | BASKET | DOUBLE | CHANNEL | GOLD | KT_14 | 1ct | imgs:3
[00:03:19][CUSHION] [2791] ? NIV-E60EC61E0979FD88 | BASKET | DOUBLE | CHANNEL | GOLD | KT_18 | 1ct | imgs:3
[00:03:22][CUSHION] [2792] ? NIV-E60EC61E0979FD88 | BASKET | DOUBLE | CHANNEL | GOLD | KT_18 | 1ct | imgs:3
[00:03:27][CUSHION] [2793] ? NIV-E60EC61E0979FD88 | BASKET | DOUBLE | CHANNEL | GOLD | KT_18 | 1ct | imgs:3
[00:03:30][CUSHION] [2794] ? NIV-663506AB6ED5174F | BASKET | DOUBLE | CHANNEL | GOLD | KT_18 | 1ct | imgs:3
[00:03:34][CUSHION] [2795] ? NIV-663506AB6ED5174F | BASKET | DOUBLE | CHANNEL | GOLD | KT_18 | 1ct | imgs:3
[00:03:37][CUSHION] [2796] ? NIV-663506AB6ED5174F | BASKET | DOUBLE | CHANNEL | GOLD | KT_18 | 1ct | imgs:3
[00:03:39][CUSHION] [2797] ? NIV-0460F8DF6024EB07 | BASKET | DOUBLE | CHANNEL | GOLD | KT_18 | 1ct | imgs:3
[00:03:43][CUSHION] [2798] ? NIV-0460F8DF6024EB07 | BASKET | DOUBLE | CHANNEL | GOLD | KT_18 | 1ct | imgs:3
[00:03:48][CUSHION] [2799] ? NIV-0460F8DF6024EB07 | BASKET | DOUBLE | CHANNEL | GOLD | KT_18 | 1ct | imgs:3
[00:03:51][CUSHION] [2800] ? NIV-469AA2C223F14BB4 | BASKET | DOUBLE | CHANNEL | PLATINUM | PT_950 | 1ct | imgs:3
[00:03:55][CUSHION] [2801] ? NIV-7C10A1D52B7C8DF4 | BASKET | DOUBLE | CHANNEL | GOLD | KT_10 | 1ct | imgs:3
[00:04:00][CUSHION] [2802] ? NIV-7C10A1D52B7C8DF4 | BASKET | DOUBLE | CHANNEL | GOLD | KT_10 | 1ct | imgs:3
[00:04:04][CUSHION] [2803] ? NIV-7C10A1D52B7C8DF4 | BASKET | DOUBLE | CHANNEL | GOLD | KT_10 | 1ct | imgs:3
[00:04:06][CUSHION] [2804] ? NIV-829ABA6F3E7D74FA | BASKET | DOUBLE | CHANNEL | GOLD | KT_10 | 1ct | imgs:3
[00:04:12][CUSHION] [2805] ? NIV-829ABA6F3E7D74FA | BASKET | DOUBLE | CHANNEL | GOLD | KT_10 | 1ct | imgs:3
[00:04:16][CUSHION] [2806] ? NIV-829ABA6F3E7D74FA | BASKET | DOUBLE | CHANNEL | GOLD | KT_10 | 1ct | imgs:3
[00:04:18][CUSHION] [2807] ? NIV-D0E095B94D5560B3 | BASKET | DOUBLE | CHANNEL | GOLD | KT_10 | 1ct | imgs:3
[00:04:22][CUSHION] [2808] ? NIV-D0E095B94D5560B3 | BASKET | DOUBLE | CHANNEL | GOLD | KT_10 | 1ct | imgs:3
[00:04:25][CUSHION] [2809] ? NIV-D0E095B94D5560B3 | BASKET | DOUBLE | CHANNEL | GOLD | KT_10 | 1ct | imgs:3
[00:04:28][CUSHION] [2810] ? NIV-6BD64695945BA74A | BASKET | DOUBLE | CHANNEL | GOLD | KT_14 | 1ct | imgs:3
[00:04:32][CUSHION]   Re-seleccionando CUSHION (intento 1)
[00:04:33][CUSHION]   Boton no encontrado ? recargando configurador...
[00:04:46][CUSHION]   Re-seleccionando CUSHION (intento 2)
[00:04:48][CUSHION]   POST-CLICK: {'ap': 'true', 'ac': None, 'classes': 'MuiButtonBase-root|MuiToggleButtonGroup-grouped|MuiToggleButtonGroup-groupedHorizontal|MuiToggleButton-root|Mui-selected|MuiToggleButton-sizeMedium|MuiToggleButton-standard|jewellery-configurator-toggle-button|MuiToggleButtonGroup-middleButton|css-66ecda'}
[00:04:49][CUSHION] [2811] ? NIV-77CA058E09AC987B | BASKET | DOUBLE | CHANNEL | GOLD | KT_14 | 1ct | imgs:3
[00:04:52][CUSHION] [2812] ? NIV-9D79A793F43BD574 | BASKET | DOUBLE | CHANNEL | GOLD | KT_14 | 1ct | imgs:3
[00:04:55][CUSHION] [2813] ? NIV-9527D9C4F0C6B8DB | BASKET | DOUBLE | CHANNEL | GOLD | KT_14 | 1ct | imgs:3
[00:04:58][CUSHION] [2814] ? NIV-B0231B3D817023C9 | BASKET | DOUBLE | CHANNEL | GOLD | KT_14 | 1ct | imgs:3
[00:05:01][CUSHION] [2815] ? NIV-D79D876D4F84F5D1 | BASKET | DOUBLE | CHANNEL | GOLD | KT_14 | 1ct | imgs:3
[00:05:04][CUSHION] [2816] ? NIV-0B268C97AA78BB2D | BASKET | DOUBLE | CHANNEL | GOLD | KT_14 | 1ct | imgs:3
[00:05:07][CUSHION] [2817] ? NIV-9F9395B60052D18B | BASKET | DOUBLE | CHANNEL | GOLD | KT_14 | 1ct | imgs:3
[00:05:10][CUSHION] [2818] ? NIV-EEF3D1BFF16452A4 | BASKET | DOUBLE | CHANNEL | GOLD | KT_14 | 1ct | imgs:3
[00:05:16][CUSHION] [2819] ? NIV-B4005D7D32572DBB | BASKET | DOUBLE | CHANNEL | GOLD | KT_18 | 1ct | imgs:3
[00:05:19][CUSHION] [2820] ? NIV-C7BB65D30BEF7E86 | BASKET | DOUBLE | CHANNEL | GOLD | KT_18 | 1ct | imgs:3
[00:05:22][CUSHION] [2821] ? NIV-1C9D8C7F4F1D828E | BASKET | DOUBLE | CHANNEL | GOLD | KT_18 | 1ct | imgs:3
[00:05:25][CUSHION] [2822] ? NIV-37D296180F6AD2CC | BASKET | DOUBLE | CHANNEL | GOLD | KT_18 | 1ct | imgs:3
[00:05:28][CUSHION] [2823] ? NIV-A151544E456906F1 | BASKET | DOUBLE | CHANNEL | GOLD | KT_18 | 1ct | imgs:3
[00:05:31][CUSHION] [2824] ? NIV-06B823BA53189283 | BASKET | DOUBLE | CHANNEL | GOLD | KT_18 | 1ct | imgs:3
[00:05:35][CUSHION] [2825] ? NIV-B2C08226542EA1F5 | BASKET | DOUBLE | CHANNEL | GOLD | KT_18 | 1ct | imgs:3
[00:05:37][CUSHION] [2826] ? NIV-197B4F4885BAC1F3 | BASKET | DOUBLE | CHANNEL | GOLD | KT_18 | 1ct | imgs:3
[00:05:40][CUSHION] [2827] ? NIV-8C6E9A19A41C7A59 | BASKET | DOUBLE | CHANNEL | GOLD | KT_18 | 1ct | imgs:3
[00:05:43][CUSHION] [2828] ? NIV-96F8BAE6A4C98EA0 | BASKET | DOUBLE | CHANNEL | PLATINUM | PT_950 | 1ct | imgs:3
[00:05:49][CUSHION] [2829] ? NIV-12FCBFA6F0B4022C | BASKET | DOUBLE | PRONG | GOLD | KT_10 | 1ct | imgs:3
[00:05:52][CUSHION] [2830] ? NIV-12FCBFA6F0B4022C | BASKET | DOUBLE | PRONG | GOLD | KT_10 | 1ct | imgs:3
[00:05:55][CUSHION] [2831] ? NIV-12FCBFA6F0B4022C | BASKET | DOUBLE | PRONG | GOLD | KT_10 | 1ct | imgs:3
[00:06:00][CUSHION] [2832] ? NIV-60D6C262580091C2 | BASKET | DOUBLE | PRONG | GOLD | KT_10 | 1ct | imgs:1
[00:06:04][CUSHION] [2833] ? NIV-60D6C262580091C2 | BASKET | DOUBLE | PRONG | GOLD | KT_10 | 1ct | imgs:3
[00:06:07][CUSHION] [2834] ? NIV-60D6C262580091C2 | BASKET | DOUBLE | PRONG | GOLD | KT_10 | 1ct | imgs:3
[00:06:10][CUSHION] [2835] ? NIV-1F3DCFECA6E7D778 | BASKET | DOUBLE | PRONG | GOLD | KT_10 | 1ct | imgs:3
[00:06:13][CUSHION] [2836] ? NIV-1F3DCFECA6E7D778 | BASKET | DOUBLE | PRONG | GOLD | KT_10 | 1ct | imgs:3
[00:06:19][CUSHION] [2837] ? NIV-1F3DCFECA6E7D778 | BASKET | DOUBLE | PRONG | GOLD | KT_10 | 1ct | imgs:3
[00:06:22][CUSHION] [2838] ? NIV-48331762558C0DB0 | BASKET | DOUBLE | PRONG | GOLD | KT_14 | 1ct | imgs:3
[00:06:25][CUSHION] [2839] ? NIV-48331762558C0DB0 | BASKET | DOUBLE | PRONG | GOLD | KT_14 | 1ct | imgs:3
[00:06:31][CUSHION] [2840] ? NIV-48331762558C0DB0 | BASKET | DOUBLE | PRONG | GOLD | KT_14 | 1ct | imgs:3
[00:06:34][CUSHION] [2841] ? NIV-459D48FAAA61E900 | BASKET | DOUBLE | PRONG | GOLD | KT_14 | 1ct | imgs:3
[00:06:37][CUSHION] [2842] ? NIV-459D48FAAA61E900 | BASKET | DOUBLE | PRONG | GOLD | KT_14 | 1ct | imgs:3
[00:06:41][CUSHION] [2843] ? NIV-459D48FAAA61E900 | BASKET | DOUBLE | PRONG | GOLD | KT_14 | 1ct | imgs:3
[00:06:43][CUSHION] [2844] ? NIV-06FCCE4B094BEA8C | BASKET | DOUBLE | PRONG | GOLD | KT_14 | 1ct | imgs:3
[00:06:49][CUSHION] [2845] ? NIV-06FCCE4B094BEA8C | BASKET | DOUBLE | PRONG | GOLD | KT_14 | 1ct | imgs:3
[00:06:52][CUSHION] [2846] ? NIV-06FCCE4B094BEA8C | BASKET | DOUBLE | PRONG | GOLD | KT_14 | 1ct | imgs:3
[00:06:55][CUSHION] [2847] ? NIV-733B3FDFB0A8DC1A | BASKET | DOUBLE | PRONG | GOLD | KT_18 | 1ct | imgs:3
[00:06:58][CUSHION] [2848] ? NIV-733B3FDFB0A8DC1A | BASKET | DOUBLE | PRONG | GOLD | KT_18 | 1ct | imgs:3
[00:07:04][CUSHION] [2849] ? NIV-733B3FDFB0A8DC1A | BASKET | DOUBLE | PRONG | GOLD | KT_18 | 1ct | imgs:3
[00:07:07][CUSHION] [2850] ? NIV-526CFE1EDAB705AF | BASKET | DOUBLE | PRONG | GOLD | KT_18 | 1ct | imgs:3
[00:07:10][CUSHION] [2851] ? NIV-526CFE1EDAB705AF | BASKET | DOUBLE | PRONG | GOLD | KT_18 | 1ct | imgs:3
[00:07:13][CUSHION] [2852] ? NIV-526CFE1EDAB705AF | BASKET | DOUBLE | PRONG | GOLD | KT_18 | 1ct | imgs:3
[00:07:16][CUSHION] [2853] ? NIV-2F6D517FB0BCD875 | BASKET | DOUBLE | PRONG | GOLD | KT_18 | 1ct | imgs:3
[00:07:19][CUSHION] [2854] ? NIV-2F6D517FB0BCD875 | BASKET | DOUBLE | PRONG | GOLD | KT_18 | 1ct | imgs:3
[00:07:25][CUSHION] [2855] ? NIV-2F6D517FB0BCD875 | BASKET | DOUBLE | PRONG | GOLD | KT_18 | 1ct | imgs:3
[00:07:28][CUSHION] [2856] ? NIV-42005551AA05846D | BASKET | DOUBLE | PRONG | PLATINUM | PT_950 | 1ct | imgs:3
[00:07:31][CUSHION] [2857] ? NIV-2A4AD933D3F07A1E | BASKET | DOUBLE | PRONG | GOLD | KT_10 | 1ct | imgs:3
[00:07:34][CUSHION] [2858] ? NIV-2A4AD933D3F07A1E | BASKET | DOUBLE | PRONG | GOLD | KT_10 | 1ct | imgs:3
[00:07:40][CUSHION] [2859] ? NIV-2A4AD933D3F07A1E | BASKET | DOUBLE | PRONG | GOLD | KT_10 | 1ct | imgs:3
[00:07:43][CUSHION] [2860] ? NIV-6D3F0113CD1F7D24 | BASKET | DOUBLE | PRONG | GOLD | KT_10 | 1ct | imgs:3
[00:07:46][CUSHION] [2861] ? NIV-6D3F0113CD1F7D24 | BASKET | DOUBLE | PRONG | GOLD | KT_10 | 1ct | imgs:3
[00:07:49][CUSHION] [2862] ? NIV-6D3F0113CD1F7D24 | BASKET | DOUBLE | PRONG | GOLD | KT_10 | 1ct | imgs:3
[00:07:52][CUSHION] [2863] ? NIV-9733A78884569980 | BASKET | DOUBLE | PRONG | GOLD | KT_10 | 1ct | imgs:3
[00:07:55][CUSHION] [2864] ? NIV-9733A78884569980 | BASKET | DOUBLE | PRONG | GOLD | KT_10 | 1ct | imgs:3
[00:08:01][CUSHION] [2865] ? NIV-9733A78884569980 | BASKET | DOUBLE | PRONG | GOLD | KT_10 | 1ct | imgs:3
[00:08:04][CUSHION] [2866] ? NIV-95C6FDA46CB891B7 | BASKET | DOUBLE | PRONG | GOLD | KT_14 | 1ct | imgs:3
[00:08:10][CUSHION] [2867] ? NIV-95C6FDA46CB891B7 | BASKET | DOUBLE | PRONG | GOLD | KT_14 | 1ct | imgs:3
[00:08:13][CUSHION] [2868] ? NIV-95C6FDA46CB891B7 | BASKET | DOUBLE | PRONG | GOLD | KT_14 | 1ct | imgs:3
[00:08:16][CUSHION] [2869] ? NIV-677EE5E9674DD26B | BASKET | DOUBLE | PRONG | GOLD | KT_14 | 1ct | imgs:3
[00:08:19][CUSHION] [2870] ? NIV-677EE5E9674DD26B | BASKET | DOUBLE | PRONG | GOLD | KT_14 | 1ct | imgs:3
[00:08:25][CUSHION] [2871] ? NIV-677EE5E9674DD26B | BASKET | DOUBLE | PRONG | GOLD | KT_14 | 1ct | imgs:3
[00:08:28][CUSHION] [2872] ? NIV-82E28490B591EC15 | BASKET | DOUBLE | PRONG | GOLD | KT_14 | 1ct | imgs:3
[00:08:31][CUSHION] [2873] ? NIV-82E28490B591EC15 | BASKET | DOUBLE | PRONG | GOLD | KT_14 | 1ct | imgs:3
[00:08:34][CUSHION] [2874] ? NIV-82E28490B591EC15 | BASKET | DOUBLE | PRONG | GOLD | KT_14 | 1ct | imgs:3
[00:08:37][CUSHION] [2875] ? NIV-E0BD7282260E2ED6 | BASKET | DOUBLE | PRONG | GOLD | KT_18 | 1ct | imgs:3
[00:08:43][CUSHION] [2876] ? NIV-E0BD7282260E2ED6 | BASKET | DOUBLE | PRONG | GOLD | KT_18 | 1ct | imgs:3
[00:08:46][CUSHION] [2877] ? NIV-E0BD7282260E2ED6 | BASKET | DOUBLE | PRONG | GOLD | KT_18 | 1ct | imgs:3
[00:08:49][CUSHION] [2878] ? NIV-6A38C1E584A9C26A | BASKET | DOUBLE | PRONG | GOLD | KT_18 | 1ct | imgs:3
[00:08:52][CUSHION] [2879] ? NIV-6A38C1E584A9C26A | BASKET | DOUBLE | PRONG | GOLD | KT_18 | 1ct | imgs:3
[00:08:58][CUSHION] [2880] ? NIV-6A38C1E584A9C26A | BASKET | DOUBLE | PRONG | GOLD | KT_18 | 1ct | imgs:3
[00:09:01][CUSHION] [2881] ? NIV-458FE52D26A208A3 | BASKET | DOUBLE | PRONG | GOLD | KT_18 | 1ct | imgs:3
[00:09:04][CUSHION] [2882] ? NIV-458FE52D26A208A3 | BASKET | DOUBLE | PRONG | GOLD | KT_18 | 1ct | imgs:3
[00:09:10][CUSHION] [2883] ? NIV-458FE52D26A208A3 | BASKET | DOUBLE | PRONG | GOLD | KT_18 | 1ct | imgs:3
[00:09:13][CUSHION] [2884] ? NIV-663049CC1F49E895 | BASKET | DOUBLE | PRONG | PLATINUM | PT_950 | 1ct | imgs:3
[00:09:19][CUSHION] [2885] ? NIV-5C66C1B7C93B9A01 | BASKET | DOUBLE | PRONG | GOLD | KT_10 | 1ct | imgs:3
[00:09:22][CUSHION] [2886] ? NIV-5C66C1B7C93B9A01 | BASKET | DOUBLE | PRONG | GOLD | KT_10 | 1ct | imgs:3
[00:09:28][CUSHION] [2887] ? NIV-5C66C1B7C93B9A01 | BASKET | DOUBLE | PRONG | GOLD | KT_10 | 1ct | imgs:3
[00:09:31][CUSHION] [2888] ? NIV-DDFC004AD625D92C | BASKET | DOUBLE | PRONG | GOLD | KT_10 | 1ct | imgs:3
[00:09:34][CUSHION] [2889] ? NIV-DDFC004AD625D92C | BASKET | DOUBLE | PRONG | GOLD | KT_10 | 1ct | imgs:3
[00:09:40][CUSHION] [2890] ? NIV-DDFC004AD625D92C | BASKET | DOUBLE | PRONG | GOLD | KT_10 | 1ct | imgs:3
[00:09:43][CUSHION] [2891] ? NIV-AE688BE0ABD8CFA2 | BASKET | DOUBLE | PRONG | GOLD | KT_10 | 1ct | imgs:3
[00:09:46][CUSHION] [2892] ? NIV-AE688BE0ABD8CFA2 | BASKET | DOUBLE | PRONG | GOLD | KT_10 | 1ct | imgs:3
[00:09:52][CUSHION] [2893] ? NIV-AE688BE0ABD8CFA2 | BASKET | DOUBLE | PRONG | GOLD | KT_10 | 1ct | imgs:3
[00:09:55][CUSHION] [2894] ? NIV-C2ED656FF336814A | BASKET | DOUBLE | PRONG | GOLD | KT_14 | 1ct | imgs:3
[00:09:58][CUSHION] [2895] ? NIV-C2ED656FF336814A | BASKET | DOUBLE | PRONG | GOLD | KT_14 | 1ct | imgs:3
[00:10:01][CUSHION] [2896] ? NIV-C2ED656FF336814A | BASKET | DOUBLE | PRONG | GOLD | KT_14 | 1ct | imgs:3
[00:10:04][CUSHION] [2897] ? NIV-DCF5A7CF4BBB99FF | BASKET | DOUBLE | PRONG | GOLD | KT_14 | 1ct | imgs:3
[00:10:07][CUSHION] [2898] ? NIV-DCF5A7CF4BBB99FF | BASKET | DOUBLE | PRONG | GOLD | KT_14 | 1ct | imgs:3
[00:10:10][CUSHION] [2899] ? NIV-DCF5A7CF4BBB99FF | BASKET | DOUBLE | PRONG | GOLD | KT_14 | 1ct | imgs:3
[00:10:13][CUSHION] [2900] ? NIV-ADE2B0E84E98E541 | BASKET | DOUBLE | PRONG | GOLD | KT_14 | 1ct | imgs:3
[00:10:16][CUSHION] [2901] ? NIV-ADE2B0E84E98E541 | BASKET | DOUBLE | PRONG | GOLD | KT_14 | 1ct | imgs:3
[00:10:19][CUSHION] [2902] ? NIV-ADE2B0E84E98E541 | BASKET | DOUBLE | PRONG | GOLD | KT_14 | 1ct | imgs:3
[00:10:25][CUSHION] [2903] ? NIV-F8757DA17969FD95 | BASKET | DOUBLE | PRONG | GOLD | KT_18 | 1ct | imgs:3
[00:10:28][CUSHION] [2904] ? NIV-F8757DA17969FD95 | BASKET | DOUBLE | PRONG | GOLD | KT_18 | 1ct | imgs:3
[00:10:34][CUSHION] [2905] ? NIV-F8757DA17969FD95 | BASKET | DOUBLE | PRONG | GOLD | KT_18 | 1ct | imgs:3
[00:10:37][CUSHION] [2906] ? NIV-A3F78292B09A5533 | BASKET | DOUBLE | PRONG | GOLD | KT_18 | 1ct | imgs:3
[00:10:40][CUSHION] [2907] ? NIV-A3F78292B09A5533 | BASKET | DOUBLE | PRONG | GOLD | KT_18 | 1ct | imgs:3
[00:10:46][CUSHION] [2908] ? NIV-A3F78292B09A5533 | BASKET | DOUBLE | PRONG | GOLD | KT_18 | 1ct | imgs:3
[00:10:49][CUSHION] [2909] ? NIV-AEFE7D064176920B | BASKET | DOUBLE | PRONG | GOLD | KT_18 | 1ct | imgs:3
[00:10:52][CUSHION] [2910] ? NIV-AEFE7D064176920B | BASKET | DOUBLE | PRONG | GOLD | KT_18 | 1ct | imgs:3
[00:10:55][CUSHION] [2911] ? NIV-AEFE7D064176920B | BASKET | DOUBLE | PRONG | GOLD | KT_18 | 1ct | imgs:3
[00:10:58][CUSHION] [2912] ? NIV-69451CE606A588A9 | BASKET | DOUBLE | PRONG | PLATINUM | PT_950 | 1ct | imgs:3
[00:11:04][CUSHION] [2913] ? NIV-9A429C92364403D8 | BASKET | DOUBLE | PRONG | GOLD | KT_10 | 1ct | imgs:3
[00:11:10][CUSHION] [2914] ? NIV-9A429C92364403D8 | BASKET | DOUBLE | PRONG | GOLD | KT_10 | 1ct | imgs:3
[00:11:13][CUSHION] [2915] ? NIV-9A429C92364403D8 | BASKET | DOUBLE | PRONG | GOLD | KT_10 | 1ct | imgs:3
[00:11:16][CUSHION] [2916] ? NIV-DCF3C77FD73CC7B0 | BASKET | DOUBLE | PRONG | GOLD | KT_10 | 1ct | imgs:3
[00:11:19][CUSHION] [2917] ? NIV-DCF3C77FD73CC7B0 | BASKET | DOUBLE | PRONG | GOLD | KT_10 | 1ct | imgs:3
[00:11:22][CUSHION] [2918] ? NIV-DCF3C77FD73CC7B0 | BASKET | DOUBLE | PRONG | GOLD | KT_10 | 1ct | imgs:3
[00:11:25][CUSHION] [2919] ? NIV-5BA00A54A15E03FD | BASKET | DOUBLE | PRONG | GOLD | KT_10 | 1ct | imgs:3
[00:11:28][CUSHION] [2920] ? NIV-5BA00A54A15E03FD | BASKET | DOUBLE | PRONG | GOLD | KT_10 | 1ct | imgs:3
[00:11:34][CUSHION] [2921] ? NIV-5BA00A54A15E03FD | BASKET | DOUBLE | PRONG | GOLD | KT_10 | 1ct | imgs:3
[00:11:37][CUSHION] [2922] ? NIV-64A05D37D3228AA4 | BASKET | DOUBLE | PRONG | GOLD | KT_14 | 1ct | imgs:3
[00:11:43][CUSHION] [2923] ? NIV-64A05D37D3228AA4 | BASKET | DOUBLE | PRONG | GOLD | KT_14 | 1ct | imgs:3
[00:11:46][CUSHION] [2924] ? NIV-64A05D37D3228AA4 | BASKET | DOUBLE | PRONG | GOLD | KT_14 | 1ct | imgs:3
[00:11:49][CUSHION] [2925] ? NIV-D527DCE9600A602C | BASKET | DOUBLE | PRONG | GOLD | KT_14 | 1ct | imgs:3
[00:11:52][CUSHION] [2926] ? NIV-D527DCE9600A602C | BASKET | DOUBLE | PRONG | GOLD | KT_14 | 1ct | imgs:3
[00:11:58][CUSHION] [2927] ? NIV-D527DCE9600A602C | BASKET | DOUBLE | PRONG | GOLD | KT_14 | 1ct | imgs:3
[00:12:01][CUSHION] [2928] ? NIV-7030C8B166F7433A | BASKET | DOUBLE | PRONG | GOLD | KT_14 | 1ct | imgs:3
[00:12:04][CUSHION] [2929] ? NIV-7030C8B166F7433A | BASKET | DOUBLE | PRONG | GOLD | KT_14 | 1ct | imgs:3
[00:12:07][CUSHION] [2930] ? NIV-7030C8B166F7433A | BASKET | DOUBLE | PRONG | GOLD | KT_14 | 1ct | imgs:3
[00:12:10][CUSHION] [2931] ? NIV-5A20CFD31D0D7039 | BASKET | DOUBLE | PRONG | GOLD | KT_18 | 1ct | imgs:3
[00:12:16][CUSHION] [2932] ? NIV-5A20CFD31D0D7039 | BASKET | DOUBLE | PRONG | GOLD | KT_18 | 1ct | imgs:3
[00:12:19][CUSHION] [2933] ? NIV-5A20CFD31D0D7039 | BASKET | DOUBLE | PRONG | GOLD | KT_18 | 1ct | imgs:3
[00:12:22][CUSHION] [2934] ? NIV-2023F2BFBDF344AA | BASKET | DOUBLE | PRONG | GOLD | KT_18 | 1ct | imgs:3
[00:12:25][CUSHION] [2935] ? NIV-2023F2BFBDF344AA | BASKET | DOUBLE | PRONG | GOLD | KT_18 | 1ct | imgs:3
[00:12:28][CUSHION] [2936] ? NIV-2023F2BFBDF344AA | BASKET | DOUBLE | PRONG | GOLD | KT_18 | 1ct | imgs:3
[00:12:31][CUSHION] [2937] ? NIV-7B89993582DC4052 | BASKET | DOUBLE | PRONG | GOLD | KT_18 | 1ct | imgs:3
[00:12:34][CUSHION] [2938] ? NIV-7B89993582DC4052 | BASKET | DOUBLE | PRONG | GOLD | KT_18 | 1ct | imgs:3
[00:12:37][CUSHION] [2939] ? NIV-7B89993582DC4052 | BASKET | DOUBLE | PRONG | GOLD | KT_18 | 1ct | imgs:3
[00:12:40][CUSHION] [2940] ? NIV-35B8E8C59115C065 | BASKET | DOUBLE | PRONG | PLATINUM | PT_950 | 1ct | imgs:3
[00:12:46][CUSHION] [2941] ? NIV-C3ABBD680779A01A | BASKET | DOUBLE | PRONG | GOLD | KT_10 | 1ct | imgs:3
[00:12:49][CUSHION] [2942] ? NIV-C3ABBD680779A01A | BASKET | DOUBLE | PRONG | GOLD | KT_10 | 1ct | imgs:3
[00:12:52][CUSHION] [2943] ? NIV-C3ABBD680779A01A | BASKET | DOUBLE | PRONG | GOLD | KT_10 | 1ct | imgs:3
[00:12:55][CUSHION] [2944] ? NIV-FA1A9230EC9A7AB5 | BASKET | DOUBLE | PRONG | GOLD | KT_10 | 1ct | imgs:3
[00:12:58][CUSHION] [2945] ? NIV-FA1A9230EC9A7AB5 | BASKET | DOUBLE | PRONG | GOLD | KT_10 | 1ct | imgs:3
[00:13:04][CUSHION] [2946] ? NIV-FA1A9230EC9A7AB5 | BASKET | DOUBLE | PRONG | GOLD | KT_10 | 1ct | imgs:3
[00:13:07][CUSHION] [2947] ? NIV-60C06F568069673E | BASKET | DOUBLE | PRONG | GOLD | KT_10 | 1ct | imgs:3
[00:13:10][CUSHION] [2948] ? NIV-60C06F568069673E | BASKET | DOUBLE | PRONG | GOLD | KT_10 | 1ct | imgs:3
[00:13:13][CUSHION] [2949] ? NIV-60C06F568069673E | BASKET | DOUBLE | PRONG | GOLD | KT_10 | 1ct | imgs:3
[00:13:16][CUSHION] [2950] ? NIV-DDBC49E054C1094D | BASKET | DOUBLE | PRONG | GOLD | KT_14 | 1ct | imgs:3
[00:13:19][CUSHION] [2951] ? NIV-DDBC49E054C1094D | BASKET | DOUBLE | PRONG | GOLD | KT_14 | 1ct | imgs:3
[00:13:25][CUSHION] [2952] ? NIV-DDBC49E054C1094D | BASKET | DOUBLE | PRONG | GOLD | KT_14 | 1ct | imgs:3
[00:13:28][CUSHION] [2953] ? NIV-A91B8B1895E1239B | BASKET | DOUBLE | PRONG | GOLD | KT_14 | 1ct | imgs:3
[00:13:31][CUSHION] [2954] ? NIV-A91B8B1895E1239B | BASKET | DOUBLE | PRONG | GOLD | KT_14 | 1ct | imgs:3
[00:13:34][CUSHION] [2955] ? NIV-A91B8B1895E1239B | BASKET | DOUBLE | PRONG | GOLD | KT_14 | 1ct | imgs:3
[00:13:37][CUSHION] [2956] ? NIV-C5941920B68F329C | BASKET | DOUBLE | PRONG | GOLD | KT_14 | 1ct | imgs:3
[00:13:40][CUSHION] [2957] ? NIV-C5941920B68F329C | BASKET | DOUBLE | PRONG | GOLD | KT_14 | 1ct | imgs:3
[00:13:46][CUSHION] [2958] ? NIV-C5941920B68F329C | BASKET | DOUBLE | PRONG | GOLD | KT_14 | 1ct | imgs:3
[00:13:49][CUSHION] [2959] ? NIV-BC0B521DC8C2302C | BASKET | DOUBLE | PRONG | GOLD | KT_18 | 1ct | imgs:3
[00:13:52][CUSHION] [2960] ? NIV-BC0B521DC8C2302C | BASKET | DOUBLE | PRONG | GOLD | KT_18 | 1ct | imgs:3
[00:13:56][CUSHION] [2961] ? NIV-BC0B521DC8C2302C | BASKET | DOUBLE | PRONG | GOLD | KT_18 | 1ct | imgs:3
[00:13:58][CUSHION] [2962] ? NIV-7AD548942BE523A0 | BASKET | DOUBLE | PRONG | GOLD | KT_18 | 1ct | imgs:3
[00:14:01][CUSHION] [2963] ? NIV-7AD548942BE523A0 | BASKET | DOUBLE | PRONG | GOLD | KT_18 | 1ct | imgs:3
[00:14:07][CUSHION] [2964] ? NIV-7AD548942BE523A0 | BASKET | DOUBLE | PRONG | GOLD | KT_18 | 1ct | imgs:3
[00:14:10][CUSHION] [2965] ? NIV-4284415F64067319 | BASKET | DOUBLE | PRONG | GOLD | KT_18 | 1ct | imgs:3
[00:14:13][CUSHION] [2966] ? NIV-4284415F64067319 | BASKET | DOUBLE | PRONG | GOLD | KT_18 | 1ct | imgs:3
[00:14:19][CUSHION] [2967] ? NIV-4284415F64067319 | BASKET | DOUBLE | PRONG | GOLD | KT_18 | 1ct | imgs:3
[00:14:22][CUSHION] [2968] ? NIV-92135F7225513C0F | BASKET | DOUBLE | PRONG | PLATINUM | PT_950 | 1ct | imgs:3
[00:14:28][CUSHION] [2969] ? NIV-0F93448384FCB39F | BASKET | DOUBLE | PRONG | GOLD | KT_10 | 1ct | imgs:3
[00:14:31][CUSHION] [2970] ? NIV-0F93448384FCB39F | BASKET | DOUBLE | PRONG | GOLD | KT_10 | 1ct | imgs:3
[00:14:34][CUSHION] [2971] ? NIV-0F93448384FCB39F | BASKET | DOUBLE | PRONG | GOLD | KT_10 | 1ct | imgs:3
[00:14:37][CUSHION] [2972] ? NIV-AE8AD8DB614DBD18 | BASKET | DOUBLE | PRONG | GOLD | KT_10 | 1ct | imgs:3
[00:14:40][CUSHION] [2973] ? NIV-AE8AD8DB614DBD18 | BASKET | DOUBLE | PRONG | GOLD | KT_10 | 1ct | imgs:3
[00:14:43][CUSHION] [2974] ? NIV-AE8AD8DB614DBD18 | BASKET | DOUBLE | PRONG | GOLD | KT_10 | 1ct | imgs:3
[00:14:46][CUSHION] [2975] ? NIV-E56DFB1E29439C21 | BASKET | DOUBLE | PRONG | GOLD | KT_10 | 1ct | imgs:3
[00:14:50][CUSHION] [2976] ? NIV-E56DFB1E29439C21 | BASKET | DOUBLE | PRONG | GOLD | KT_10 | 1ct | imgs:3
[00:14:55][CUSHION] [2977] ? NIV-E56DFB1E29439C21 | BASKET | DOUBLE | PRONG | GOLD | KT_10 | 1ct | imgs:3
[00:14:58][CUSHION] [2978] ? NIV-5CD6D9309B804A00 | BASKET | DOUBLE | PRONG | GOLD | KT_14 | 1ct | imgs:3
[00:15:01][CUSHION] [2979] ? NIV-5CD6D9309B804A00 | BASKET | DOUBLE | PRONG | GOLD | KT_14 | 1ct | imgs:3
[00:15:07][CUSHION] [2980] ? NIV-5CD6D9309B804A00 | BASKET | DOUBLE | PRONG | GOLD | KT_14 | 1ct | imgs:3
[00:15:10][CUSHION] [2981] ? NIV-935E3D42BE08F295 | BASKET | DOUBLE | PRONG | GOLD | KT_14 | 1ct | imgs:3
[00:15:13][CUSHION] [2982] ? NIV-935E3D42BE08F295 | BASKET | DOUBLE | PRONG | GOLD | KT_14 | 1ct | imgs:3
[00:15:16][CUSHION] [2983] ? NIV-935E3D42BE08F295 | BASKET | DOUBLE | PRONG | GOLD | KT_14 | 1ct | imgs:3
[00:15:19][CUSHION] [2984] ? NIV-55C26D8BA7ADB0F6 | BASKET | DOUBLE | PRONG | GOLD | KT_14 | 1ct | imgs:3
[00:15:25][CUSHION] [2985] ? NIV-55C26D8BA7ADB0F6 | BASKET | DOUBLE | PRONG | GOLD | KT_14 | 1ct | imgs:3
[00:15:28][CUSHION] [2986] ? NIV-55C26D8BA7ADB0F6 | BASKET | DOUBLE | PRONG | GOLD | KT_14 | 1ct | imgs:3
[00:15:31][CUSHION] [2987] ? NIV-3DE2DCD10A1BEF5E | BASKET | DOUBLE | PRONG | GOLD | KT_18 | 1ct | imgs:3
[00:15:37][CUSHION] [2988] ? NIV-3DE2DCD10A1BEF5E | BASKET | DOUBLE | PRONG | GOLD | KT_18 | 1ct | imgs:3
[00:15:40][CUSHION] [2989] ? NIV-3DE2DCD10A1BEF5E | BASKET | DOUBLE | PRONG | GOLD | KT_18 | 1ct | imgs:3
[00:15:43][CUSHION] [2990] ? NIV-B34369FCAE1B2C1D | BASKET | DOUBLE | PRONG | GOLD | KT_18 | 1ct | imgs:3
[00:15:46][CUSHION] [2991] ? NIV-B34369FCAE1B2C1D | BASKET | DOUBLE | PRONG | GOLD | KT_18 | 1ct | imgs:3
[00:15:49][CUSHION] [2992] ? NIV-B34369FCAE1B2C1D | BASKET | DOUBLE | PRONG | GOLD | KT_18 | 1ct | imgs:3
[00:15:52][CUSHION] [2993] ? NIV-98887156B568DF4C | BASKET | DOUBLE | PRONG | GOLD | KT_18 | 1ct | imgs:3
[00:15:55][CUSHION] [2994] ? NIV-98887156B568DF4C | BASKET | DOUBLE | PRONG | GOLD | KT_18 | 1ct | imgs:3
[00:15:58][CUSHION] [2995] ? NIV-98887156B568DF4C | BASKET | DOUBLE | PRONG | GOLD | KT_18 | 1ct | imgs:3
[00:16:01][CUSHION] [2996] ? NIV-BFD49212C27AD782 | BASKET | DOUBLE | PRONG | PLATINUM | PT_950 | 1ct | imgs:3
[00:16:10][CUSHION] [2997] ? NIV-AEAC97C9548850F7 | BASKET | DOUBLE | PRONG | GOLD | KT_10 | 1ct | imgs:3
[00:16:13][CUSHION] [2998] ? NIV-AEAC97C9548850F7 | BASKET | DOUBLE | PRONG | GOLD | KT_10 | 1ct | imgs:3
[00:16:16][CUSHION] [2999] ? NIV-AEAC97C9548850F7 | BASKET | DOUBLE | PRONG | GOLD | KT_10 | 1ct | imgs:3
[00:16:19][CUSHION] [3000] ? NIV-6EDF209FD74F47DD | BASKET | DOUBLE | PRONG | GOLD | KT_10 | 1ct | imgs:3
[00:16:22][CUSHION] [3001] ? NIV-6EDF209FD74F47DD | BASKET | DOUBLE | PRONG | GOLD | KT_10 | 1ct | imgs:3
[00:16:25][CUSHION] [3002] ? NIV-6EDF209FD74F47DD | BASKET | DOUBLE | PRONG | GOLD | KT_10 | 1ct | imgs:3
[00:16:28][CUSHION] [3003] ? NIV-56053C2A85661AF9 | BASKET | DOUBLE | PRONG | GOLD | KT_10 | 1ct | imgs:3
[00:16:31][CUSHION] [3004] ? NIV-56053C2A85661AF9 | BASKET | DOUBLE | PRONG | GOLD | KT_10 | 1ct | imgs:3
[00:16:37][CUSHION] [3005] ? NIV-56053C2A85661AF9 | BASKET | DOUBLE | PRONG | GOLD | KT_10 | 1ct | imgs:3
[00:16:40][CUSHION] [3006] ? NIV-2901C1663FBBC4C9 | BASKET | DOUBLE | PRONG | GOLD | KT_14 | 1ct | imgs:3
[00:16:43][CUSHION] [3007] ? NIV-2901C1663FBBC4C9 | BASKET | DOUBLE | PRONG | GOLD | KT_14 | 1ct | imgs:3
[00:16:49][CUSHION] [3008] ? NIV-2901C1663FBBC4C9 | BASKET | DOUBLE | PRONG | GOLD | KT_14 | 1ct | imgs:3
[00:16:52][CUSHION] [3009] ? NIV-BBD5D509D102B286 | BASKET | DOUBLE | PRONG | GOLD | KT_14 | 1ct | imgs:3
[00:16:55][CUSHION] [3010] ? NIV-BBD5D509D102B286 | BASKET | DOUBLE | PRONG | GOLD | KT_14 | 1ct | imgs:3
[00:16:58][CUSHION] [3011] ? NIV-BBD5D509D102B286 | BASKET | DOUBLE | PRONG | GOLD | KT_14 | 1ct | imgs:3
[00:17:01][CUSHION] [3012] ? NIV-5D53E95FE1DB9C80 | BASKET | DOUBLE | PRONG | GOLD | KT_14 | 1ct | imgs:3
[00:17:04][CUSHION] [3013] ? NIV-5D53E95FE1DB9C80 | BASKET | DOUBLE | PRONG | GOLD | KT_14 | 1ct | imgs:3
[00:17:07][CUSHION] [3014] ? NIV-5D53E95FE1DB9C80 | BASKET | DOUBLE | PRONG | GOLD | KT_14 | 1ct | imgs:3
[00:17:18][CUSHION] [3015] ??  NIV-56FB44C30DBC91EC | BASKET | DOUBLE | PRONG | GOLD | KT_18 | 1ct | imgs:0
[00:17:22][CUSHION] [3016] ? NIV-54140AFB49AEE35F | BASKET | DOUBLE | PRONG | GOLD | KT_18 | 1ct | imgs:3
[00:17:25][CUSHION] [3017] ? NIV-54140AFB49AEE35F | BASKET | DOUBLE | PRONG | GOLD | KT_18 | 1ct | imgs:3
[00:17:31][CUSHION] [3018] ? NIV-647E2967A8BD5D1F | BASKET | DOUBLE | PRONG | GOLD | KT_18 | 1ct | imgs:2
[00:17:37][CUSHION] [3019] ? NIV-647E2967A8BD5D1F | BASKET | DOUBLE | PRONG | GOLD | KT_18 | 1ct | imgs:3
[00:17:41][CUSHION] [3020] ? NIV-647E2967A8BD5D1F | BASKET | DOUBLE | PRONG | GOLD | KT_18 | 1ct | imgs:3
[00:17:43][CUSHION] [3021] ? NIV-56FB44C30DBC91EC | BASKET | DOUBLE | PRONG | GOLD | KT_18 | 1ct | imgs:3
[00:17:46][CUSHION] [3022] ? NIV-56FB44C30DBC91EC | BASKET | DOUBLE | PRONG | GOLD | KT_18 | 1ct | imgs:3
[00:17:49][CUSHION] [3023] ? NIV-56FB44C30DBC91EC | BASKET | DOUBLE | PRONG | GOLD | KT_18 | 1ct | imgs:3
[00:17:52][CUSHION] [3024] ? NIV-7BC21EA78DD69422 | BASKET | DOUBLE | PRONG | PLATINUM | PT_950 | 1ct | imgs:3
[00:17:58][CUSHION] [3025] ? NIV-FAE4F6E8B1CC8936 | BASKET | DOUBLE | PRONG | GOLD | KT_10 | 1ct | imgs:3
[00:18:01][CUSHION] [3026] ? NIV-FAE4F6E8B1CC8936 | BASKET | DOUBLE | PRONG | GOLD | KT_10 | 1ct | imgs:3
[00:18:04][CUSHION] [3027] ? NIV-FAE4F6E8B1CC8936 | BASKET | DOUBLE | PRONG | GOLD | KT_10 | 1ct | imgs:3
[00:18:07][CUSHION] [3028] ? NIV-DA86025331253D44 | BASKET | DOUBLE | PRONG | GOLD | KT_10 | 1ct | imgs:3
[00:18:10][CUSHION] [3029] ? NIV-DA86025331253D44 | BASKET | DOUBLE | PRONG | GOLD | KT_10 | 1ct | imgs:3
[00:18:14][CUSHION] [3030] ? NIV-DA86025331253D44 | BASKET | DOUBLE | PRONG | GOLD | KT_10 | 1ct | imgs:3
[00:18:16][CUSHION] [3031] ? NIV-8919EDA4CE4E14B3 | BASKET | DOUBLE | PRONG | GOLD | KT_10 | 1ct | imgs:3
[00:18:19][CUSHION] [3032] ? NIV-8919EDA4CE4E14B3 | BASKET | DOUBLE | PRONG | GOLD | KT_10 | 1ct | imgs:3
[00:18:22][CUSHION] [3033] ? NIV-8919EDA4CE4E14B3 | BASKET | DOUBLE | PRONG | GOLD | KT_10 | 1ct | imgs:3
[00:18:28][CUSHION] [3034] ? NIV-64A9DF5872B826AB | BASKET | DOUBLE | PRONG | GOLD | KT_14 | 1ct | imgs:3
[00:18:31][CUSHION] [3035] ? NIV-64A9DF5872B826AB | BASKET | DOUBLE | PRONG | GOLD | KT_14 | 1ct | imgs:3
[00:18:34][CUSHION] [3036] ? NIV-64A9DF5872B826AB | BASKET | DOUBLE | PRONG | GOLD | KT_14 | 1ct | imgs:3
[00:18:37][CUSHION] [3037] ? NIV-C0BC0E85A359951D | BASKET | DOUBLE | PRONG | GOLD | KT_14 | 1ct | imgs:3
[00:18:40][CUSHION] [3038] ? NIV-C0BC0E85A359951D | BASKET | DOUBLE | PRONG | GOLD | KT_14 | 1ct | imgs:3
[00:18:43][CUSHION] [3039] ? NIV-C0BC0E85A359951D | BASKET | DOUBLE | PRONG | GOLD | KT_14 | 1ct | imgs:3
[00:18:46][CUSHION] [3040] ? NIV-47AB5670C61FF389 | BASKET | DOUBLE | PRONG | GOLD | KT_14 | 1ct | imgs:3
[00:18:52][CUSHION] [3041] ? NIV-47AB5670C61FF389 | BASKET | DOUBLE | PRONG | GOLD | KT_14 | 1ct | imgs:3
[00:18:55][CUSHION] [3042] ? NIV-47AB5670C61FF389 | BASKET | DOUBLE | PRONG | GOLD | KT_14 | 1ct | imgs:3
[00:18:58][CUSHION] [3043] ? NIV-172B85C564918761 | BASKET | DOUBLE | PRONG | GOLD | KT_18 | 1ct | imgs:3
[00:19:04][CUSHION] [3044] ? NIV-172B85C564918761 | BASKET | DOUBLE | PRONG | GOLD | KT_18 | 1ct | imgs:3
[00:19:07][CUSHION] [3045] ? NIV-172B85C564918761 | BASKET | DOUBLE | PRONG | GOLD | KT_18 | 1ct | imgs:3
[00:19:10][CUSHION] [3046] ? NIV-D81C09767544F627 | BASKET | DOUBLE | PRONG | GOLD | KT_18 | 1ct | imgs:3
[00:19:13][CUSHION] [3047] ? NIV-D81C09767544F627 | BASKET | DOUBLE | PRONG | GOLD | KT_18 | 1ct | imgs:3
[00:19:19][CUSHION] [3048] ? NIV-D81C09767544F627 | BASKET | DOUBLE | PRONG | GOLD | KT_18 | 1ct | imgs:3
[00:19:22][CUSHION] [3049] ? NIV-AB8CCA7EFAF6FD36 | BASKET | DOUBLE | PRONG | GOLD | KT_18 | 1ct | imgs:3
[00:19:28][CUSHION] [3050] ? NIV-AB8CCA7EFAF6FD36 | BASKET | DOUBLE | PRONG | GOLD | KT_18 | 1ct | imgs:3
[00:19:31][CUSHION] [3051] ? NIV-AB8CCA7EFAF6FD36 | BASKET | DOUBLE | PRONG | GOLD | KT_18 | 1ct | imgs:3
[00:19:34][CUSHION] [3052] ? NIV-0B1CE4B3340596A5 | BASKET | DOUBLE | PRONG | PLATINUM | PT_950 | 1ct | imgs:3
[00:19:40][CUSHION] [3053] ? NIV-CB79AF092F57D297 | BASKET | DOUBLE | PRONG | GOLD | KT_10 | 1ct | imgs:3
[00:19:46][CUSHION] [3054] ? NIV-CB79AF092F57D297 | BASKET | DOUBLE | PRONG | GOLD | KT_10 | 1ct | imgs:3
[00:19:49][CUSHION] [3055] ? NIV-CB79AF092F57D297 | BASKET | DOUBLE | PRONG | GOLD | KT_10 | 1ct | imgs:3
[00:19:52][CUSHION] [3056] ? NIV-B0B8D50744DCA822 | BASKET | DOUBLE | PRONG | GOLD | KT_10 | 1ct | imgs:3
[00:19:55][CUSHION] [3057] ? NIV-B0B8D50744DCA822 | BASKET | DOUBLE | PRONG | GOLD | KT_10 | 1ct | imgs:3
[00:20:01][CUSHION] [3058] ? NIV-B0B8D50744DCA822 | BASKET | DOUBLE | PRONG | GOLD | KT_10 | 1ct | imgs:3
[00:20:04][CUSHION] [3059] ? NIV-D6371CC7A4184BBB | BASKET | DOUBLE | PRONG | GOLD | KT_10 | 1ct | imgs:3
[00:20:07][CUSHION] [3060] ? NIV-D6371CC7A4184BBB | BASKET | DOUBLE | PRONG | GOLD | KT_10 | 1ct | imgs:3
[00:20:10][CUSHION] [3061] ? NIV-D6371CC7A4184BBB | BASKET | DOUBLE | PRONG | GOLD | KT_10 | 1ct | imgs:3
[00:20:16][CUSHION] [3062] ? NIV-078B3166C1032F25 | BASKET | DOUBLE | PRONG | GOLD | KT_14 | 1ct | imgs:3
[00:20:19][CUSHION] [3063] ? NIV-078B3166C1032F25 | BASKET | DOUBLE | PRONG | GOLD | KT_14 | 1ct | imgs:3
[00:20:22][CUSHION] [3064] ? NIV-078B3166C1032F25 | BASKET | DOUBLE | PRONG | GOLD | KT_14 | 1ct | imgs:3
[00:20:25][CUSHION] [3065] ? NIV-2BE8AA33007F358C | BASKET | DOUBLE | PRONG | GOLD | KT_14 | 1ct | imgs:3
[00:20:28][CUSHION] [3066] ? NIV-2BE8AA33007F358C | BASKET | DOUBLE | PRONG | GOLD | KT_14 | 1ct | imgs:3
[00:20:31][CUSHION] [3067] ? NIV-2BE8AA33007F358C | BASKET | DOUBLE | PRONG | GOLD | KT_14 | 1ct | imgs:3
[00:20:34][CUSHION] [3068] ? NIV-C059AD7877B3633A | BASKET | DOUBLE | PRONG | GOLD | KT_14 | 1ct | imgs:3
[00:20:40][CUSHION] [3069] ? NIV-C059AD7877B3633A | BASKET | DOUBLE | PRONG | GOLD | KT_14 | 1ct | imgs:3
[00:20:43][CUSHION] [3070] ? NIV-C059AD7877B3633A | BASKET | DOUBLE | PRONG | GOLD | KT_14 | 1ct | imgs:3
[00:20:46][CUSHION] [3071] ? NIV-6F8F6E2FBBA256B6 | BASKET | DOUBLE | PRONG | GOLD | KT_18 | 1ct | imgs:3
[00:20:49][CUSHION] [3072] ? NIV-6F8F6E2FBBA256B6 | BASKET | DOUBLE | PRONG | GOLD | KT_18 | 1ct | imgs:3
[00:20:55][CUSHION] [3073] ? NIV-6F8F6E2FBBA256B6 | BASKET | DOUBLE | PRONG | GOLD | KT_18 | 1ct | imgs:3
[00:20:58][CUSHION] [3074] ? NIV-D72F35353D90795E | BASKET | DOUBLE | PRONG | GOLD | KT_18 | 1ct | imgs:3
[00:21:02][CUSHION] [3075] ? NIV-D72F35353D90795E | BASKET | DOUBLE | PRONG | GOLD | KT_18 | 1ct | imgs:3
[00:21:07][CUSHION] [3076] ? NIV-D72F35353D90795E | BASKET | DOUBLE | PRONG | GOLD | KT_18 | 1ct | imgs:3
[00:21:10][CUSHION] [3077] ? NIV-637F8331290B5299 | BASKET | DOUBLE | PRONG | GOLD | KT_18 | 1ct | imgs:3
[00:21:16][CUSHION] [3078] ? NIV-637F8331290B5299 | BASKET | DOUBLE | PRONG | GOLD | KT_18 | 1ct | imgs:3
[00:21:19][CUSHION] [3079] ? NIV-637F8331290B5299 | BASKET | DOUBLE | PRONG | GOLD | KT_18 | 1ct | imgs:3
[00:21:22][CUSHION] [3080] ? NIV-09A88C87DDA38A52 | BASKET | DOUBLE | PRONG | PLATINUM | PT_950 | 1ct | imgs:3
[00:21:28][CUSHION] [3081] ? NIV-9CFC90CD938E0848 | BASKET | DOUBLE | PRONG | GOLD | KT_10 | 1ct | imgs:3
[00:21:34][CUSHION] [3082] ? NIV-9CFC90CD938E0848 | BASKET | DOUBLE | PRONG | GOLD | KT_10 | 1ct | imgs:3
[00:21:37][CUSHION] [3083] ? NIV-9CFC90CD938E0848 | BASKET | DOUBLE | PRONG | GOLD | KT_10 | 1ct | imgs:3
[00:21:40][CUSHION] [3084] ? NIV-2FA7D3F20793206B | BASKET | DOUBLE | PRONG | GOLD | KT_10 | 1ct | imgs:3
[00:21:46][CUSHION] [3085] ? NIV-2FA7D3F20793206B | BASKET | DOUBLE | PRONG | GOLD | KT_10 | 1ct | imgs:3
[00:21:49][CUSHION] [3086] ? NIV-2FA7D3F20793206B | BASKET | DOUBLE | PRONG | GOLD | KT_10 | 1ct | imgs:3
[00:21:52][CUSHION] [3087] ? NIV-85A152D362CA84A8 | BASKET | DOUBLE | PRONG | GOLD | KT_10 | 1ct | imgs:3
[00:21:58][CUSHION] [3088] ? NIV-85A152D362CA84A8 | BASKET | DOUBLE | PRONG | GOLD | KT_10 | 1ct | imgs:3
[00:22:01][CUSHION] [3089] ? NIV-85A152D362CA84A8 | BASKET | DOUBLE | PRONG | GOLD | KT_10 | 1ct | imgs:3
[00:22:04][CUSHION] [3090] ? NIV-991E0B1A88220F25 | BASKET | DOUBLE | PRONG | GOLD | KT_14 | 1ct | imgs:3
[00:22:07][CUSHION] [3091] ? NIV-991E0B1A88220F25 | BASKET | DOUBLE | PRONG | GOLD | KT_14 | 1ct | imgs:3
[00:22:13][CUSHION] [3092] ? NIV-991E0B1A88220F25 | BASKET | DOUBLE | PRONG | GOLD | KT_14 | 1ct | imgs:3
[00:22:16][CUSHION] [3093] ? NIV-9F3F189ACC674AF2 | BASKET | DOUBLE | PRONG | GOLD | KT_14 | 1ct | imgs:3
[00:22:19][CUSHION] [3094] ? NIV-9F3F189ACC674AF2 | BASKET | DOUBLE | PRONG | GOLD | KT_14 | 1ct | imgs:3
[00:22:25][CUSHION] [3095] ? NIV-9F3F189ACC674AF2 | BASKET | DOUBLE | PRONG | GOLD | KT_14 | 1ct | imgs:3
[00:22:28][CUSHION] [3096] ? NIV-7923000659BD08BC | BASKET | DOUBLE | PRONG | GOLD | KT_14 | 1ct | imgs:3
[00:22:31][CUSHION] [3097] ? NIV-7923000659BD08BC | BASKET | DOUBLE | PRONG | GOLD | KT_14 | 1ct | imgs:3
[00:22:34][CUSHION] [3098] ? NIV-7923000659BD08BC | BASKET | DOUBLE | PRONG | GOLD | KT_14 | 1ct | imgs:3
[00:22:37][CUSHION] [3099] ? NIV-07CBBA5208ABB548 | BASKET | DOUBLE | PRONG | GOLD | KT_18 | 1ct | imgs:3
[00:22:43][CUSHION] [3100] ? NIV-07CBBA5208ABB548 | BASKET | DOUBLE | PRONG | GOLD | KT_18 | 1ct | imgs:3
[00:22:46][CUSHION] [3101] ? NIV-07CBBA5208ABB548 | BASKET | DOUBLE | PRONG | GOLD | KT_18 | 1ct | imgs:3
[00:22:49][CUSHION] [3102] ? NIV-0FCC96BA200948EC | BASKET | DOUBLE | PRONG | GOLD | KT_18 | 1ct | imgs:3
[00:22:52][CUSHION] [3103] ? NIV-0FCC96BA200948EC | BASKET | DOUBLE | PRONG | GOLD | KT_18 | 1ct | imgs:3
[00:22:58][CUSHION] [3104] ? NIV-0FCC96BA200948EC | BASKET | DOUBLE | PRONG | GOLD | KT_18 | 1ct | imgs:3
[00:23:01][CUSHION] [3105] ? NIV-E1EA6AC0FC2B5A33 | BASKET | DOUBLE | PRONG | GOLD | KT_18 | 1ct | imgs:3
[00:23:04][CUSHION] [3106] ? NIV-E1EA6AC0FC2B5A33 | BASKET | DOUBLE | PRONG | GOLD | KT_18 | 1ct | imgs:3
[00:23:08][CUSHION] [3107] ? NIV-E1EA6AC0FC2B5A33 | BASKET | DOUBLE | PRONG | GOLD | KT_18 | 1ct | imgs:3
[00:23:10][CUSHION] [3108] ? NIV-063A9D66415C8904 | BASKET | DOUBLE | PRONG | PLATINUM | PT_950 | 1ct | imgs:3
[00:23:13][CUSHION] [3109] ? NIV-AF42269D633C45BE | BASKET | DOUBLE | PRONG | GOLD | KT_10 | 1ct | imgs:3
[00:23:19][CUSHION] [3110] ? NIV-AF42269D633C45BE | BASKET | DOUBLE | PRONG | GOLD | KT_10 | 1ct | imgs:3
[00:23:22][CUSHION] [3111] ? NIV-AF42269D633C45BE | BASKET | DOUBLE | PRONG | GOLD | KT_10 | 1ct | imgs:3
[00:23:25][CUSHION] [3112] ? NIV-4ADFBBCE3CDF8BA0 | BASKET | DOUBLE | PRONG | GOLD | KT_10 | 1ct | imgs:3
[00:23:28][CUSHION] [3113] ? NIV-4ADFBBCE3CDF8BA0 | BASKET | DOUBLE | PRONG | GOLD | KT_10 | 1ct | imgs:3
[00:23:31][CUSHION] [3114] ? NIV-4ADFBBCE3CDF8BA0 | BASKET | DOUBLE | PRONG | GOLD | KT_10 | 1ct | imgs:3
[00:23:34][CUSHION] [3115] ? NIV-1ECD90A14FED65E1 | BASKET | DOUBLE | PRONG | GOLD | KT_10 | 1ct | imgs:3
[00:23:37][CUSHION] [3116] ? NIV-1ECD90A14FED65E1 | BASKET | DOUBLE | PRONG | GOLD | KT_10 | 1ct | imgs:3
[00:23:40][CUSHION] [3117] ? NIV-1ECD90A14FED65E1 | BASKET | DOUBLE | PRONG | GOLD | KT_10 | 1ct | imgs:3
[00:23:43][CUSHION] [3118] ? NIV-4D9DD8A86C037412 | BASKET | DOUBLE | PRONG | GOLD | KT_14 | 1ct | imgs:3
[00:23:46][CUSHION] [3119] ? NIV-4D9DD8A86C037412 | BASKET | DOUBLE | PRONG | GOLD | KT_14 | 1ct | imgs:3
[00:23:52][CUSHION] [3120] ? NIV-4D9DD8A86C037412 | BASKET | DOUBLE | PRONG | GOLD | KT_14 | 1ct | imgs:3
[00:23:55][CUSHION] [3121] ? NIV-0AB1320DDE6591A3 | BASKET | DOUBLE | PRONG | GOLD | KT_14 | 1ct | imgs:3
[00:23:58][CUSHION] [3122] ? NIV-0AB1320DDE6591A3 | BASKET | DOUBLE | PRONG | GOLD | KT_14 | 1ct | imgs:3
[00:24:01][CUSHION] [3123] ? NIV-0AB1320DDE6591A3 | BASKET | DOUBLE | PRONG | GOLD | KT_14 | 1ct | imgs:3
[00:24:04][CUSHION] [3124] ? NIV-EE4B3D63B1B55F7A | BASKET | DOUBLE | PRONG | GOLD | KT_14 | 1ct | imgs:3
[00:24:08][CUSHION] [3125] ? NIV-EE4B3D63B1B55F7A | BASKET | DOUBLE | PRONG | GOLD | KT_14 | 1ct | imgs:3
[00:24:13][CUSHION] [3126] ? NIV-EE4B3D63B1B55F7A | BASKET | DOUBLE | PRONG | GOLD | KT_14 | 1ct | imgs:3
[00:24:16][CUSHION] [3127] ? NIV-DD76AF5985A1B951 | BASKET | DOUBLE | PRONG | GOLD | KT_18 | 1ct | imgs:3
[00:24:22][CUSHION] [3128] ? NIV-DD76AF5985A1B951 | BASKET | DOUBLE | PRONG | GOLD | KT_18 | 1ct | imgs:3
[00:24:25][CUSHION] [3129] ? NIV-DD76AF5985A1B951 | BASKET | DOUBLE | PRONG | GOLD | KT_18 | 1ct | imgs:3
[00:24:28][CUSHION] [3130] ? NIV-8A037A3FF5F67CD1 | BASKET | DOUBLE | PRONG | GOLD | KT_18 | 1ct | imgs:3
[00:24:31][CUSHION] [3131] ? NIV-8A037A3FF5F67CD1 | BASKET | DOUBLE | PRONG | GOLD | KT_18 | 1ct | imgs:3
[00:24:37][CUSHION] [3132] ? NIV-8A037A3FF5F67CD1 | BASKET | DOUBLE | PRONG | GOLD | KT_18 | 1ct | imgs:3
[00:24:40][CUSHION] [3133] ? NIV-2BEE64C508B24450 | BASKET | DOUBLE | PRONG | GOLD | KT_18 | 1ct | imgs:3
[00:24:43][CUSHION] [3134] ? NIV-2BEE64C508B24450 | BASKET | DOUBLE | PRONG | GOLD | KT_18 | 1ct | imgs:3
[00:24:46][CUSHION] [3135] ? NIV-2BEE64C508B24450 | BASKET | DOUBLE | PRONG | GOLD | KT_18 | 1ct | imgs:3
[00:24:49][CUSHION] [3136] ? NIV-D197B6A0D64A7C90 | BASKET | DOUBLE | PRONG | PLATINUM | PT_950 | 1ct | imgs:3
[00:24:55][CUSHION] [3137] ? NIV-66028896956F9DE9 | BASKET | DOUBLE | PRONG | GOLD | KT_10 | 1ct | imgs:3
[00:24:59][CUSHION] [3138] ? NIV-66028896956F9DE9 | BASKET | DOUBLE | PRONG | GOLD | KT_10 | 1ct | imgs:3
[00:25:04][CUSHION] [3139] ? NIV-66028896956F9DE9 | BASKET | DOUBLE | PRONG | GOLD | KT_10 | 1ct | imgs:3
[00:25:07][CUSHION] [3140] ? NIV-A9713E62190CCF6C | BASKET | DOUBLE | PRONG | GOLD | KT_10 | 1ct | imgs:3
[00:25:10][CUSHION] [3141] ? NIV-A9713E62190CCF6C | BASKET | DOUBLE | PRONG | GOLD | KT_10 | 1ct | imgs:3
[00:25:16][CUSHION] [3142] ? NIV-A9713E62190CCF6C | BASKET | DOUBLE | PRONG | GOLD | KT_10 | 1ct | imgs:3
[00:25:19][CUSHION] [3143] ? NIV-BDFE6A2E5B945748 | BASKET | DOUBLE | PRONG | GOLD | KT_10 | 1ct | imgs:3
[00:25:22][CUSHION] [3144] ? NIV-BDFE6A2E5B945748 | BASKET | DOUBLE | PRONG | GOLD | KT_10 | 1ct | imgs:3
[00:25:28][CUSHION] [3145] ? NIV-BDFE6A2E5B945748 | BASKET | DOUBLE | PRONG | GOLD | KT_10 | 1ct | imgs:3
[00:25:31][CUSHION] [3146] ? NIV-68DA67111CF8E003 | BASKET | DOUBLE | PRONG | GOLD | KT_14 | 1ct | imgs:3
[00:25:34][CUSHION] [3147] ? NIV-68DA67111CF8E003 | BASKET | DOUBLE | PRONG | GOLD | KT_14 | 1ct | imgs:3
[00:25:40][CUSHION] [3148] ? NIV-68DA67111CF8E003 | BASKET | DOUBLE | PRONG | GOLD | KT_14 | 1ct | imgs:3
[00:25:43][CUSHION] [3149] ? NIV-AA30BCD2DE31A71E | BASKET | DOUBLE | PRONG | GOLD | KT_14 | 1ct | imgs:3
[00:25:46][CUSHION] [3150] ? NIV-AA30BCD2DE31A71E | BASKET | DOUBLE | PRONG | GOLD | KT_14 | 1ct | imgs:3
[00:25:52][CUSHION] [3151] ? NIV-AA30BCD2DE31A71E | BASKET | DOUBLE | PRONG | GOLD | KT_14 | 1ct | imgs:3
[00:25:55][CUSHION] [3152] ? NIV-B6EDB96993924A6D | BASKET | DOUBLE | PRONG | GOLD | KT_14 | 1ct | imgs:3
[00:25:58][CUSHION] [3153] ? NIV-B6EDB96993924A6D | BASKET | DOUBLE | PRONG | GOLD | KT_14 | 1ct | imgs:3
[00:26:01][CUSHION] [3154] ? NIV-B6EDB96993924A6D | BASKET | DOUBLE | PRONG | GOLD | KT_14 | 1ct | imgs:3
[00:26:04][CUSHION] [3155] ? NIV-27FD682D0CE3FF4B | BASKET | DOUBLE | PRONG | GOLD | KT_18 | 1ct | imgs:3
[00:26:07][CUSHION] [3156] ? NIV-27FD682D0CE3FF4B | BASKET | DOUBLE | PRONG | GOLD | KT_18 | 1ct | imgs:3
[00:26:10][CUSHION] [3157] ? NIV-27FD682D0CE3FF4B | BASKET | DOUBLE | PRONG | GOLD | KT_18 | 1ct | imgs:3
[00:26:13][CUSHION] [3158] ? NIV-B71E9BAF4FBFA58C | BASKET | DOUBLE | PRONG | GOLD | KT_18 | 1ct | imgs:3
[00:26:16][CUSHION] [3159] ? NIV-B71E9BAF4FBFA58C | BASKET | DOUBLE | PRONG | GOLD | KT_18 | 1ct | imgs:3
[00:26:19][CUSHION] [3160] ? NIV-B71E9BAF4FBFA58C | BASKET | DOUBLE | PRONG | GOLD | KT_18 | 1ct | imgs:3
[00:26:22][CUSHION] [3161] ? NIV-A83ADB6E135873F5 | BASKET | DOUBLE | PRONG | GOLD | KT_18 | 1ct | imgs:3
[00:26:25][CUSHION] [3162] ? NIV-A83ADB6E135873F5 | BASKET | DOUBLE | PRONG | GOLD | KT_18 | 1ct | imgs:3
[00:26:31][CUSHION] [3163] ? NIV-A83ADB6E135873F5 | BASKET | DOUBLE | PRONG | GOLD | KT_18 | 1ct | imgs:3
[00:26:34][CUSHION] [3164] ? NIV-65DBC1652F42BCE8 | BASKET | DOUBLE | PRONG | PLATINUM | PT_950 | 1ct | imgs:3
[00:26:40][CUSHION] [3165] ? NIV-C7A182E1C96D0DCE | BASKET | DOUBLE | PRONG | GOLD | KT_10 | 1ct | imgs:3
[00:26:46][CUSHION] [3166] ? NIV-C7A182E1C96D0DCE | BASKET | DOUBLE | PRONG | GOLD | KT_10 | 1ct | imgs:3
[00:26:52][CUSHION] [3167] ? NIV-C7A182E1C96D0DCE | BASKET | DOUBLE | PRONG | GOLD | KT_10 | 1ct | imgs:3
[00:26:55][CUSHION] [3168] ? NIV-A1AB289F9F573906 | BASKET | DOUBLE | PRONG | GOLD | KT_10 | 1ct | imgs:3
[00:26:58][CUSHION] [3169] ? NIV-A1AB289F9F573906 | BASKET | DOUBLE | PRONG | GOLD | KT_10 | 1ct | imgs:3
[00:27:04][CUSHION] [3170] ? NIV-A1AB289F9F573906 | BASKET | DOUBLE | PRONG | GOLD | KT_10 | 1ct | imgs:3
[00:27:07][CUSHION] [3171] ? NIV-87F8FE0ACE282C2F | BASKET | DOUBLE | PRONG | GOLD | KT_10 | 1ct | imgs:3
[00:27:10][CUSHION] [3172] ? NIV-87F8FE0ACE282C2F | BASKET | DOUBLE | PRONG | GOLD | KT_10 | 1ct | imgs:3
[00:27:13][CUSHION] [3173] ? NIV-87F8FE0ACE282C2F | BASKET | DOUBLE | PRONG | GOLD | KT_10 | 1ct | imgs:3
[00:27:19][CUSHION] [3174] ? NIV-E94337A09013E631 | BASKET | DOUBLE | PRONG | GOLD | KT_14 | 1ct | imgs:3
[00:27:22][CUSHION] [3175] ? NIV-E94337A09013E631 | BASKET | DOUBLE | PRONG | GOLD | KT_14 | 1ct | imgs:3
[00:27:25][CUSHION] [3176] ? NIV-E94337A09013E631 | BASKET | DOUBLE | PRONG | GOLD | KT_14 | 1ct | imgs:3
[00:27:28][CUSHION] [3177] ? NIV-440F8A10BE705F72 | BASKET | DOUBLE | PRONG | GOLD | KT_14 | 1ct | imgs:3
[00:27:31][CUSHION] [3178] ? NIV-440F8A10BE705F72 | BASKET | DOUBLE | PRONG | GOLD | KT_14 | 1ct | imgs:3
[00:27:35][CUSHION] [3179] ? NIV-440F8A10BE705F72 | BASKET | DOUBLE | PRONG | GOLD | KT_14 | 1ct | imgs:3
[00:27:37][CUSHION] [3180] ? NIV-F96B4D8BB63B3D5A | BASKET | DOUBLE | PRONG | GOLD | KT_14 | 1ct | imgs:3
[00:27:43][CUSHION] [3181] ? NIV-F96B4D8BB63B3D5A | BASKET | DOUBLE | PRONG | GOLD | KT_14 | 1ct | imgs:3
[00:27:46][CUSHION] [3182] ? NIV-F96B4D8BB63B3D5A | BASKET | DOUBLE | PRONG | GOLD | KT_14 | 1ct | imgs:3
[00:27:49][CUSHION] [3183] ? NIV-74080067D2BCDB9B | BASKET | DOUBLE | PRONG | GOLD | KT_18 | 1ct | imgs:3
[00:27:55][CUSHION] [3184] ? NIV-74080067D2BCDB9B | BASKET | DOUBLE | PRONG | GOLD | KT_18 | 1ct | imgs:3
[00:28:01][CUSHION] [3185] ? NIV-74080067D2BCDB9B | BASKET | DOUBLE | PRONG | GOLD | KT_18 | 1ct | imgs:3
[00:28:04][CUSHION] [3186] ? NIV-B18F26AA1656DD01 | BASKET | DOUBLE | PRONG | GOLD | KT_18 | 1ct | imgs:3
[00:28:07][CUSHION] [3187] ? NIV-B18F26AA1656DD01 | BASKET | DOUBLE | PRONG | GOLD | KT_18 | 1ct | imgs:3
[00:28:13][CUSHION] [3188] ? NIV-B18F26AA1656DD01 | BASKET | DOUBLE | PRONG | GOLD | KT_18 | 1ct | imgs:3
[00:28:16][CUSHION] [3189] ? NIV-516EC99026ABBB79 | BASKET | DOUBLE | PRONG | GOLD | KT_18 | 1ct | imgs:3
[00:28:19][CUSHION] [3190] ? NIV-516EC99026ABBB79 | BASKET | DOUBLE | PRONG | GOLD | KT_18 | 1ct | imgs:3
[00:28:22][CUSHION] [3191] ? NIV-516EC99026ABBB79 | BASKET | DOUBLE | PRONG | GOLD | KT_18 | 1ct | imgs:3
[00:28:25][CUSHION] [3192] ? NIV-7CB5899575A42A75 | BASKET | DOUBLE | PRONG | PLATINUM | PT_950 | 1ct | imgs:3
[00:28:31][CUSHION] [3193] ? NIV-597E9E62BFFE17E1 | BASKET | DOUBLE | PRONG | GOLD | KT_10 | 1ct | imgs:3
[00:28:34][CUSHION] [3194] ? NIV-597E9E62BFFE17E1 | BASKET | DOUBLE | PRONG | GOLD | KT_10 | 1ct | imgs:3
[00:28:37][CUSHION] [3195] ? NIV-597E9E62BFFE17E1 | BASKET | DOUBLE | PRONG | GOLD | KT_10 | 1ct | imgs:3
[00:28:40][CUSHION] [3196] ? NIV-68AE7E95927A82E8 | BASKET | DOUBLE | PRONG | GOLD | KT_10 | 1ct | imgs:3
[00:28:44][CUSHION] [3197] ? NIV-68AE7E95927A82E8 | BASKET | DOUBLE | PRONG | GOLD | KT_10 | 1ct | imgs:3
[00:28:49][CUSHION] [3198] ? NIV-68AE7E95927A82E8 | BASKET | DOUBLE | PRONG | GOLD | KT_10 | 1ct | imgs:3
[00:28:52][CUSHION] [3199] ? NIV-C0041E9554BC23A4 | BASKET | DOUBLE | PRONG | GOLD | KT_10 | 1ct | imgs:3
[00:28:55][CUSHION] [3200] ? NIV-C0041E9554BC23A4 | BASKET | DOUBLE | PRONG | GOLD | KT_10 | 1ct | imgs:3
[00:28:59][CUSHION] [3201] ? NIV-C0041E9554BC23A4 | BASKET | DOUBLE | PRONG | GOLD | KT_10 | 1ct | imgs:3
[00:29:02][CUSHION] [3202] ? NIV-2F7D8CD29E11FF13 | BASKET | DOUBLE | PRONG | GOLD | KT_14 | 1ct | imgs:3
[00:29:07][CUSHION] [3203] ? NIV-2F7D8CD29E11FF13 | BASKET | DOUBLE | PRONG | GOLD | KT_14 | 1ct | imgs:3
[00:29:10][CUSHION] [3204] ? NIV-2F7D8CD29E11FF13 | BASKET | DOUBLE | PRONG | GOLD | KT_14 | 1ct | imgs:3
[00:29:13][CUSHION] [3205] ? NIV-6CBF159C402BF199 | BASKET | DOUBLE | PRONG | GOLD | KT_14 | 1ct | imgs:3
[00:29:19][CUSHION] [3206] ? NIV-6CBF159C402BF199 | BASKET | DOUBLE | PRONG | GOLD | KT_14 | 1ct | imgs:3
[00:29:23][CUSHION] [3207] ? NIV-6CBF159C402BF199 | BASKET | DOUBLE | PRONG | GOLD | KT_14 | 1ct | imgs:3
[00:29:25][CUSHION] [3208] ? NIV-C6CB2B565CCB04B8 | BASKET | DOUBLE | PRONG | GOLD | KT_14 | 1ct | imgs:3
[00:29:28][CUSHION] [3209] ? NIV-C6CB2B565CCB04B8 | BASKET | DOUBLE | PRONG | GOLD | KT_14 | 1ct | imgs:3
[00:29:31][CUSHION] [3210] ? NIV-C6CB2B565CCB04B8 | BASKET | DOUBLE | PRONG | GOLD | KT_14 | 1ct | imgs:3
[00:29:34][CUSHION] [3211] ? NIV-9F86FC23C0F35403 | BASKET | DOUBLE | PRONG | GOLD | KT_18 | 1ct | imgs:3
[00:29:40][CUSHION] [3212] ? NIV-9F86FC23C0F35403 | BASKET | DOUBLE | PRONG | GOLD | KT_18 | 1ct | imgs:3
[00:29:43][CUSHION] [3213] ? NIV-9F86FC23C0F35403 | BASKET | DOUBLE | PRONG | GOLD | KT_18 | 1ct | imgs:3
[00:29:46][CUSHION] [3214] ? NIV-399CEE4F9C57E8F8 | BASKET | DOUBLE | PRONG | GOLD | KT_18 | 1ct | imgs:3
[00:29:49][CUSHION] [3215] ? NIV-399CEE4F9C57E8F8 | BASKET | DOUBLE | PRONG | GOLD | KT_18 | 1ct | imgs:3
[00:29:52][CUSHION] [3216] ? NIV-399CEE4F9C57E8F8 | BASKET | DOUBLE | PRONG | GOLD | KT_18 | 1ct | imgs:3
[00:29:55][CUSHION] [3217] ? NIV-423AF073960817B6 | BASKET | DOUBLE | PRONG | GOLD | KT_18 | 1ct | imgs:3
[00:29:58][CUSHION] [3218] ? NIV-423AF073960817B6 | BASKET | DOUBLE | PRONG | GOLD | KT_18 | 1ct | imgs:3
[00:30:01][CUSHION] [3219] ? NIV-423AF073960817B6 | BASKET | DOUBLE | PRONG | GOLD | KT_18 | 1ct | imgs:3
[00:30:04][CUSHION] [3220] ? NIV-273DB768267008EB | BASKET | DOUBLE | PRONG | PLATINUM | PT_950 | 1ct | imgs:3
[00:30:10][CUSHION] [3221] ? NIV-334A94915A588E08 | BASKET | DOUBLE | PRONG | GOLD | KT_10 | 1ct | imgs:3
[00:30:13][CUSHION] [3222] ? NIV-334A94915A588E08 | BASKET | DOUBLE | PRONG | GOLD | KT_10 | 1ct | imgs:3
[00:30:19][CUSHION] [3223] ? NIV-334A94915A588E08 | BASKET | DOUBLE | PRONG | GOLD | KT_10 | 1ct | imgs:3
[00:30:22][CUSHION] [3224] ? NIV-48C5D9C06DD15D74 | BASKET | DOUBLE | PRONG | GOLD | KT_10 | 1ct | imgs:3
[00:30:25][CUSHION] [3225] ? NIV-48C5D9C06DD15D74 | BASKET | DOUBLE | PRONG | GOLD | KT_10 | 1ct | imgs:3
[00:30:31][CUSHION] [3226] ? NIV-48C5D9C06DD15D74 | BASKET | DOUBLE | PRONG | GOLD | KT_10 | 1ct | imgs:3
[00:30:34][CUSHION] [3227] ? NIV-15D225DDA2DB35A0 | BASKET | DOUBLE | PRONG | GOLD | KT_10 | 1ct | imgs:3
[00:30:37][CUSHION] [3228] ? NIV-15D225DDA2DB35A0 | BASKET | DOUBLE | PRONG | GOLD | KT_10 | 1ct | imgs:3
[00:30:43][CUSHION] [3229] ? NIV-15D225DDA2DB35A0 | BASKET | DOUBLE | PRONG | GOLD | KT_10 | 1ct | imgs:3
[00:30:46][CUSHION] [3230] ? NIV-E9B2F46BB72C1CC2 | BASKET | DOUBLE | PRONG | GOLD | KT_14 | 1ct | imgs:3
[00:30:49][CUSHION] [3231] ? NIV-E9B2F46BB72C1CC2 | BASKET | DOUBLE | PRONG | GOLD | KT_14 | 1ct | imgs:3
[00:30:52][CUSHION] [3232] ? NIV-E9B2F46BB72C1CC2 | BASKET | DOUBLE | PRONG | GOLD | KT_14 | 1ct | imgs:3
[00:30:55][CUSHION] [3233] ? NIV-0570EC79621B467A | BASKET | DOUBLE | PRONG | GOLD | KT_14 | 1ct | imgs:3
[00:30:58][CUSHION] [3234] ? NIV-0570EC79621B467A | BASKET | DOUBLE | PRONG | GOLD | KT_14 | 1ct | imgs:3
[00:31:01][CUSHION] [3235] ? NIV-0570EC79621B467A | BASKET | DOUBLE | PRONG | GOLD | KT_14 | 1ct | imgs:3
[00:31:04][CUSHION] [3236] ? NIV-92498095D6614E0E | BASKET | DOUBLE | PRONG | GOLD | KT_14 | 1ct | imgs:3
[00:31:10][CUSHION] [3237] ? NIV-92498095D6614E0E | BASKET | DOUBLE | PRONG | GOLD | KT_14 | 1ct | imgs:3
[00:31:13][CUSHION] [3238] ? NIV-92498095D6614E0E | BASKET | DOUBLE | PRONG | GOLD | KT_14 | 1ct | imgs:3
[00:31:16][CUSHION] [3239] ? NIV-87AA18A12CBFA760 | BASKET | DOUBLE | PRONG | GOLD | KT_18 | 1ct | imgs:3
[00:31:22][CUSHION] [3240] ? NIV-87AA18A12CBFA760 | BASKET | DOUBLE | PRONG | GOLD | KT_18 | 1ct | imgs:3
[00:31:25][CUSHION] [3241] ? NIV-87AA18A12CBFA760 | BASKET | DOUBLE | PRONG | GOLD | KT_18 | 1ct | imgs:3
[00:31:28][CUSHION] [3242] ? NIV-D4D21BEF0F75CF65 | BASKET | DOUBLE | PRONG | GOLD | KT_18 | 1ct | imgs:3
[00:31:31][CUSHION] [3243] ? NIV-D4D21BEF0F75CF65 | BASKET | DOUBLE | PRONG | GOLD | KT_18 | 1ct | imgs:3
[00:31:34][CUSHION] [3244] ? NIV-D4D21BEF0F75CF65 | BASKET | DOUBLE | PRONG | GOLD | KT_18 | 1ct | imgs:3
[00:31:37][CUSHION] [3245] ? NIV-2F9C542F0F3FEDCB | BASKET | DOUBLE | PRONG | GOLD | KT_18 | 1ct | imgs:3
[00:31:41][CUSHION] [3246] ? NIV-2F9C542F0F3FEDCB | BASKET | DOUBLE | PRONG | GOLD | KT_18 | 1ct | imgs:3
[00:31:46][CUSHION] [3247] ? NIV-2F9C542F0F3FEDCB | BASKET | DOUBLE | PRONG | GOLD | KT_18 | 1ct | imgs:3
[00:31:49][CUSHION] [3248] ? NIV-0163701F4118ADD5 | BASKET | DOUBLE | PRONG | PLATINUM | PT_950 | 1ct | imgs:3
[00:34:13][CUSHION]   Re-seleccionando CUSHION (intento 1)
[00:34:14][CUSHION]   Boton no encontrado ? recargando configurador...
[00:34:27][CUSHION]   Re-seleccionando CUSHION (intento 2)
[00:34:28][CUSHION]   POST-CLICK: {'ap': 'true', 'ac': None, 'classes': 'MuiButtonBase-root|MuiToggleButtonGroup-grouped|MuiToggleButtonGroup-groupedHorizontal|MuiToggleButton-root|Mui-selected|MuiToggleButton-sizeMedium|MuiToggleButton-standard|jewellery-configurator-toggle-button|MuiToggleButtonGroup-middleButton|css-66ecda'}
[01:03:56][CUSHION]   Re-seleccionando CUSHION (intento 1)
[01:03:56][CUSHION]   Boton no encontrado ? recargando configurador...
[01:04:13][CUSHION]   Re-seleccionando CUSHION (intento 2)
[01:04:15][CUSHION]   POST-CLICK: {'ap': 'true', 'ac': None, 'classes': 'MuiButtonBase-root|MuiToggleButtonGroup-grouped|MuiToggleButtonGroup-groupedHorizontal|MuiToggleButton-root|Mui-selected|MuiToggleButton-sizeMedium|MuiToggleButton-standard|jewellery-configurator-toggle-button|MuiToggleButtonGroup-middleButton|css-66ecda'}
[01:08:33][CUSHION]   Re-seleccionando CUSHION (intento 1)
[01:08:35][CUSHION]   POST-CLICK: {'ap': 'true', 'ac': None, 'classes': 'MuiButtonBase-root|MuiToggleButtonGroup-grouped|MuiToggleButtonGroup-groupedHorizontal|MuiToggleButton-root|Mui-selected|MuiToggleButton-sizeMedium|MuiToggleButton-standard|jewellery-configurator-toggle-button|MuiToggleButtonGroup-middleButton|css-66ecda'}
[01:33:39][CUSHION]   Re-seleccionando CUSHION (intento 1)
[01:33:39][CUSHION]   Boton no encontrado ? recargando configurador...
[01:34:13][CUSHION]   Error recargando: Page.wait_for_selector: Timeout 30000ms exceeded.
Call log:
  - waiting for locator("button[data-automation-id=\"center-stone-shape-CUSHION\"]") to be visible

[01:34:13][CUSHION]   Re-seleccionando CUSHION (intento 2)
[01:34:13][CUSHION]   Boton no encontrado ? recargando configurador...
[01:34:27][CUSHION]   Re-seleccionando CUSHION (intento 3)
[01:34:29][CUSHION]   POST-CLICK: {'ap': 'true', 'ac': None, 'classes': 'MuiButtonBase-root|MuiToggleButtonGroup-grouped|MuiToggleButtonGroup-groupedHorizontal|MuiToggleButton-root|Mui-selected|MuiToggleButton-sizeMedium|MuiToggleButton-standard|jewellery-configurator-toggle-button|MuiToggleButtonGroup-middleButton|css-66ecda'}
[01:34:54][CUSHION] [4500] ? NIV-08013CFF2DD36CB1 | BASKET | DOUBLE_TWIST | CHANNEL | GOLD | KT_10 | 1ct | imgs:3
[01:34:58][CUSHION] [4501] ? NIV-08013CFF2DD36CB1 | BASKET | DOUBLE_TWIST | CHANNEL | GOLD | KT_10 | 1ct | imgs:3
[01:35:03][CUSHION] [4502] ? NIV-08013CFF2DD36CB1 | BASKET | DOUBLE_TWIST | CHANNEL | GOLD | KT_10 | 1ct | imgs:3
[01:35:06][CUSHION] [4503] ? NIV-35E92FBEF4FD0DE6 | BASKET | DOUBLE_TWIST | CHANNEL | GOLD | KT_10 | 1ct | imgs:3
[01:35:09][CUSHION] [4504] ? NIV-35E92FBEF4FD0DE6 | BASKET | DOUBLE_TWIST | CHANNEL | GOLD | KT_10 | 1ct | imgs:3
[01:35:12][CUSHION] [4505] ? NIV-35E92FBEF4FD0DE6 | BASKET | DOUBLE_TWIST | CHANNEL | GOLD | KT_10 | 1ct | imgs:3
[01:35:15][CUSHION] [4506] ? NIV-AECC661C314F4631 | BASKET | DOUBLE_TWIST | CHANNEL | GOLD | KT_10 | 1ct | imgs:3
[01:35:18][CUSHION] [4507] ? NIV-AECC661C314F4631 | BASKET | DOUBLE_TWIST | CHANNEL | GOLD | KT_10 | 1ct | imgs:3
[01:35:24][CUSHION] [4508] ? NIV-AECC661C314F4631 | BASKET | DOUBLE_TWIST | CHANNEL | GOLD | KT_10 | 1ct | imgs:3
[01:35:28][CUSHION] [4509] ? NIV-EBDC299415EE1467 | BASKET | DOUBLE_TWIST | CHANNEL | GOLD | KT_14 | 1ct | imgs:3
[01:35:33][CUSHION] [4510] ? NIV-EBDC299415EE1467 | BASKET | DOUBLE_TWIST | CHANNEL | GOLD | KT_14 | 1ct | imgs:3
[01:35:36][CUSHION] [4511] ? NIV-EBDC299415EE1467 | BASKET | DOUBLE_TWIST | CHANNEL | GOLD | KT_14 | 1ct | imgs:3
[01:35:40][CUSHION] [4512] ? NIV-F91EA7C3058696E9 | BASKET | DOUBLE_TWIST | CHANNEL | GOLD | KT_14 | 1ct | imgs:3
[01:35:45][CUSHION] [4513] ? NIV-F91EA7C3058696E9 | BASKET | DOUBLE_TWIST | CHANNEL | GOLD | KT_14 | 1ct | imgs:3
[01:35:49][CUSHION] [4514] ? NIV-F91EA7C3058696E9 | BASKET | DOUBLE_TWIST | CHANNEL | GOLD | KT_14 | 1ct | imgs:3
[01:35:51][CUSHION] [4515] ? NIV-478D9E8AB4FBD970 | BASKET | DOUBLE_TWIST | CHANNEL | GOLD | KT_14 | 1ct | imgs:3
[01:35:54][CUSHION] [4516] ? NIV-478D9E8AB4FBD970 | BASKET | DOUBLE_TWIST | CHANNEL | GOLD | KT_14 | 1ct | imgs:3
[01:35:58][CUSHION] [4517] ? NIV-478D9E8AB4FBD970 | BASKET | DOUBLE_TWIST | CHANNEL | GOLD | KT_14 | 1ct | imgs:3
[01:36:03][CUSHION] [4518] ? NIV-A64046560684B416 | BASKET | DOUBLE_TWIST | CHANNEL | GOLD | KT_18 | 1ct | imgs:3
[01:36:06][CUSHION] [4519] ? NIV-A64046560684B416 | BASKET | DOUBLE_TWIST | CHANNEL | GOLD | KT_18 | 1ct | imgs:3
[01:36:12][CUSHION] [4520] ? NIV-A64046560684B416 | BASKET | DOUBLE_TWIST | CHANNEL | GOLD | KT_18 | 1ct | imgs:3
[01:36:15][CUSHION] [4521] ? NIV-53D51CF3CE309FD8 | BASKET | DOUBLE_TWIST | CHANNEL | GOLD | KT_18 | 1ct | imgs:3
[01:36:21][CUSHION] [4522] ? NIV-53D51CF3CE309FD8 | BASKET | DOUBLE_TWIST | CHANNEL | GOLD | KT_18 | 1ct | imgs:3
[01:36:25][CUSHION] [4523] ? NIV-53D51CF3CE309FD8 | BASKET | DOUBLE_TWIST | CHANNEL | GOLD | KT_18 | 1ct | imgs:3
[01:36:27][CUSHION] [4524] ? NIV-F01411A1417AD890 | BASKET | DOUBLE_TWIST | CHANNEL | GOLD | KT_18 | 1ct | imgs:1
[01:36:30][CUSHION] [4525] ? NIV-F01411A1417AD890 | BASKET | DOUBLE_TWIST | CHANNEL | GOLD | KT_18 | 1ct | imgs:3
[01:36:33][CUSHION] [4526] ? NIV-F01411A1417AD890 | BASKET | DOUBLE_TWIST | CHANNEL | GOLD | KT_18 | 1ct | imgs:3
[01:36:36][CUSHION] [4527] ? NIV-B1C46F3E74D67C62 | BASKET | DOUBLE_TWIST | CHANNEL | PLATINUM | PT_950 | 1ct | imgs:3
[01:36:42][CUSHION] [4528] ? NIV-A5E9CBE5439444DA | BASKET | DOUBLE_TWIST | CHANNEL | GOLD | KT_10 | 1ct | imgs:3
[01:36:45][CUSHION] [4529] ? NIV-A5E9CBE5439444DA | BASKET | DOUBLE_TWIST | CHANNEL | GOLD | KT_10 | 1ct | imgs:3
[01:36:49][CUSHION] [4530] ? NIV-A5E9CBE5439444DA | BASKET | DOUBLE_TWIST | CHANNEL | GOLD | KT_10 | 1ct | imgs:3
[01:36:51][CUSHION] [4531] ? NIV-F173AE11588A3325 | BASKET | DOUBLE_TWIST | CHANNEL | GOLD | KT_10 | 1ct | imgs:3
[01:36:54][CUSHION] [4532] ? NIV-F173AE11588A3325 | BASKET | DOUBLE_TWIST | CHANNEL | GOLD | KT_10 | 1ct | imgs:3
[01:37:00][CUSHION] [4533] ? NIV-F173AE11588A3325 | BASKET | DOUBLE_TWIST | CHANNEL | GOLD | KT_10 | 1ct | imgs:3
[01:37:03][CUSHION] [4534] ? NIV-5D1B3BE1B648F266 | BASKET | DOUBLE_TWIST | CHANNEL | GOLD | KT_10 | 1ct | imgs:3
[01:37:09][CUSHION] [4535] ? NIV-5D1B3BE1B648F266 | BASKET | DOUBLE_TWIST | CHANNEL | GOLD | KT_10 | 1ct | imgs:3
[01:37:15][CUSHION] [4536] ? NIV-5D1B3BE1B648F266 | BASKET | DOUBLE_TWIST | CHANNEL | GOLD | KT_10 | 1ct | imgs:3
[01:37:18][CUSHION] [4537] ? NIV-0C4A0C91AD2C8FA4 | BASKET | DOUBLE_TWIST | CHANNEL | GOLD | KT_14 | 1ct | imgs:3
[01:37:21][CUSHION] [4538] ? NIV-0C4A0C91AD2C8FA4 | BASKET | DOUBLE_TWIST | CHANNEL | GOLD | KT_14 | 1ct | imgs:3
[01:37:27][CUSHION] [4539] ? NIV-0C4A0C91AD2C8FA4 | BASKET | DOUBLE_TWIST | CHANNEL | GOLD | KT_14 | 1ct | imgs:3
[01:37:30][CUSHION] [4540] ? NIV-8413A1717AD4D7B9 | BASKET | DOUBLE_TWIST | CHANNEL | GOLD | KT_14 | 1ct | imgs:3
[01:37:33][CUSHION] [4541] ? NIV-8413A1717AD4D7B9 | BASKET | DOUBLE_TWIST | CHANNEL | GOLD | KT_14 | 1ct | imgs:3
[01:37:39][CUSHION] [4542] ? NIV-8413A1717AD4D7B9 | BASKET | DOUBLE_TWIST | CHANNEL | GOLD | KT_14 | 1ct | imgs:3
[01:37:42][CUSHION] [4543] ? NIV-984B677473A7141D | BASKET | DOUBLE_TWIST | CHANNEL | GOLD | KT_14 | 1ct | imgs:3
[01:37:45][CUSHION] [4544] ? NIV-984B677473A7141D | BASKET | DOUBLE_TWIST | CHANNEL | GOLD | KT_14 | 1ct | imgs:3
[01:37:48][CUSHION] [4545] ? NIV-984B677473A7141D | BASKET | DOUBLE_TWIST | CHANNEL | GOLD | KT_14 | 1ct | imgs:3
[01:37:51][CUSHION] [4546] ? NIV-E304C58D41D2E732 | BASKET | DOUBLE_TWIST | CHANNEL | GOLD | KT_18 | 1ct | imgs:3
[01:37:57][CUSHION] [4547] ? NIV-E304C58D41D2E732 | BASKET | DOUBLE_TWIST | CHANNEL | GOLD | KT_18 | 1ct | imgs:3
[01:38:00][CUSHION] [4548] ? NIV-E304C58D41D2E732 | BASKET | DOUBLE_TWIST | CHANNEL | GOLD | KT_18 | 1ct | imgs:3
[01:38:03][CUSHION] [4549] ? NIV-E1D8E1B6FDAFDD73 | BASKET | DOUBLE_TWIST | CHANNEL | GOLD | KT_18 | 1ct | imgs:3
[01:38:06][CUSHION] [4550] ? NIV-E1D8E1B6FDAFDD73 | BASKET | DOUBLE_TWIST | CHANNEL | GOLD | KT_18 | 1ct | imgs:3
[01:38:10][CUSHION] [4551] ? NIV-E1D8E1B6FDAFDD73 | BASKET | DOUBLE_TWIST | CHANNEL | GOLD | KT_18 | 1ct | imgs:3
[01:38:12][CUSHION] [4552] ? NIV-2E7CE95D2FB7C1A0 | BASKET | DOUBLE_TWIST | CHANNEL | GOLD | KT_18 | 1ct | imgs:3
[01:38:15][CUSHION] [4553] ? NIV-2E7CE95D2FB7C1A0 | BASKET | DOUBLE_TWIST | CHANNEL | GOLD | KT_18 | 1ct | imgs:3
[01:38:19][CUSHION] [4554] ? NIV-2E7CE95D2FB7C1A0 | BASKET | DOUBLE_TWIST | CHANNEL | GOLD | KT_18 | 1ct | imgs:3
[01:38:21][CUSHION] [4555] ? NIV-AE4B5D07AD304C03 | BASKET | DOUBLE_TWIST | CHANNEL | PLATINUM | PT_950 | 1ct | imgs:3
[01:38:27][CUSHION] [4556] ? NIV-EA81532FBA6C0EF1 | BASKET | DOUBLE_TWIST | CHANNEL | GOLD | KT_10 | 1ct | imgs:3
[01:38:33][CUSHION] [4557] ? NIV-EA81532FBA6C0EF1 | BASKET | DOUBLE_TWIST | CHANNEL | GOLD | KT_10 | 1ct | imgs:3
[01:38:39][CUSHION] [4558] ? NIV-EA81532FBA6C0EF1 | BASKET | DOUBLE_TWIST | CHANNEL | GOLD | KT_10 | 1ct | imgs:3
[01:38:42][CUSHION] [4559] ? NIV-AE5C05295723479D | BASKET | DOUBLE_TWIST | CHANNEL | GOLD | KT_10 | 1ct | imgs:3
[01:38:45][CUSHION] [4560] ? NIV-AE5C05295723479D | BASKET | DOUBLE_TWIST | CHANNEL | GOLD | KT_10 | 1ct | imgs:3
[01:38:51][CUSHION] [4561] ? NIV-AE5C05295723479D | BASKET | DOUBLE_TWIST | CHANNEL | GOLD | KT_10 | 1ct | imgs:3
[01:38:54][CUSHION] [4562] ? NIV-FF6CB384DF5595EE | BASKET | DOUBLE_TWIST | CHANNEL | GOLD | KT_10 | 1ct | imgs:3
[01:38:57][CUSHION] [4563] ? NIV-FF6CB384DF5595EE | BASKET | DOUBLE_TWIST | CHANNEL | GOLD | KT_10 | 1ct | imgs:3
[01:39:03][CUSHION] [4564] ? NIV-FF6CB384DF5595EE | BASKET | DOUBLE_TWIST | CHANNEL | GOLD | KT_10 | 1ct | imgs:3
[01:39:12][CUSHION] [4565] ? NIV-3C510DAB9431067D | BASKET | DOUBLE_TWIST | CHANNEL | GOLD | KT_14 | 1ct | imgs:3
[01:39:15][CUSHION] [4566] ? NIV-3C510DAB9431067D | BASKET | DOUBLE_TWIST | CHANNEL | GOLD | KT_14 | 1ct | imgs:3
[01:39:18][CUSHION] [4567] ? NIV-3C510DAB9431067D | BASKET | DOUBLE_TWIST | CHANNEL | GOLD | KT_14 | 1ct | imgs:3
[01:39:21][CUSHION] [4568] ? NIV-36550BEB87EF4D9E | BASKET | DOUBLE_TWIST | CHANNEL | GOLD | KT_14 | 1ct | imgs:2
[01:39:27][CUSHION] [4569] ? NIV-36550BEB87EF4D9E | BASKET | DOUBLE_TWIST | CHANNEL | GOLD | KT_14 | 1ct | imgs:3
[01:39:31][CUSHION] [4570] ? NIV-36550BEB87EF4D9E | BASKET | DOUBLE_TWIST | CHANNEL | GOLD | KT_14 | 1ct | imgs:3
[01:39:33][CUSHION] [4571] ? NIV-3916B072CCF88D12 | BASKET | DOUBLE_TWIST | CHANNEL | GOLD | KT_14 | 1ct | imgs:3
[01:39:36][CUSHION] [4572] ? NIV-3916B072CCF88D12 | BASKET | DOUBLE_TWIST | CHANNEL | GOLD | KT_14 | 1ct | imgs:3
[01:39:42][CUSHION] [4573] ? NIV-3916B072CCF88D12 | BASKET | DOUBLE_TWIST | CHANNEL | GOLD | KT_14 | 1ct | imgs:3
[01:39:45][CUSHION] [4574] ? NIV-6A17C4940812F1DC | BASKET | DOUBLE_TWIST | CHANNEL | GOLD | KT_18 | 1ct | imgs:3
[01:39:51][CUSHION] [4575] ? NIV-6A17C4940812F1DC | BASKET | DOUBLE_TWIST | CHANNEL | GOLD | KT_18 | 1ct | imgs:3
[01:39:57][CUSHION] [4576] ? NIV-6A17C4940812F1DC | BASKET | DOUBLE_TWIST | CHANNEL | GOLD | KT_18 | 1ct | imgs:3
[01:40:00][CUSHION] [4577] ? NIV-DE10B85D475A4F8C | BASKET | DOUBLE_TWIST | CHANNEL | GOLD | KT_18 | 1ct | imgs:3
[01:40:03][CUSHION] [4578] ? NIV-DE10B85D475A4F8C | BASKET | DOUBLE_TWIST | CHANNEL | GOLD | KT_18 | 1ct | imgs:3
[01:40:07][CUSHION] [4579] ? NIV-DE10B85D475A4F8C | BASKET | DOUBLE_TWIST | CHANNEL | GOLD | KT_18 | 1ct | imgs:3
[01:40:09][CUSHION] [4580] ? NIV-FF106716CCD64EAC | BASKET | DOUBLE_TWIST | CHANNEL | GOLD | KT_18 | 1ct | imgs:3
[01:40:15][CUSHION] [4581] ? NIV-FF106716CCD64EAC | BASKET | DOUBLE_TWIST | CHANNEL | GOLD | KT_18 | 1ct | imgs:3
[01:40:18][CUSHION] [4582] ? NIV-FF106716CCD64EAC | BASKET | DOUBLE_TWIST | CHANNEL | GOLD | KT_18 | 1ct | imgs:3
[01:40:21][CUSHION] [4583] ? NIV-A4667DC331E9E186 | BASKET | DOUBLE_TWIST | CHANNEL | PLATINUM | PT_950 | 1ct | imgs:3
[01:40:27][CUSHION] [4584] ? NIV-171161479B41F2F9 | BASKET | DOUBLE_TWIST | CHANNEL | GOLD | KT_10 | 1ct | imgs:3
[01:40:31][CUSHION] [4585] ? NIV-171161479B41F2F9 | BASKET | DOUBLE_TWIST | CHANNEL | GOLD | KT_10 | 1ct | imgs:3
[01:40:36][CUSHION] [4586] ? NIV-171161479B41F2F9 | BASKET | DOUBLE_TWIST | CHANNEL | GOLD | KT_10 | 1ct | imgs:3
[01:40:39][CUSHION] [4587] ? NIV-924F42660294D11D | BASKET | DOUBLE_TWIST | CHANNEL | GOLD | KT_10 | 1ct | imgs:3
[01:40:43][CUSHION] [4588] ? NIV-924F42660294D11D | BASKET | DOUBLE_TWIST | CHANNEL | GOLD | KT_10 | 1ct | imgs:3
[01:40:48][CUSHION] [4589] ? NIV-924F42660294D11D | BASKET | DOUBLE_TWIST | CHANNEL | GOLD | KT_10 | 1ct | imgs:3
[01:40:52][CUSHION] [4590] ? NIV-7EA85B7EFBE4DBDD | BASKET | DOUBLE_TWIST | CHANNEL | GOLD | KT_10 | 1ct | imgs:3
[01:40:57][CUSHION] [4591] ? NIV-7EA85B7EFBE4DBDD | BASKET | DOUBLE_TWIST | CHANNEL | GOLD | KT_10 | 1ct | imgs:3
[01:41:00][CUSHION] [4592] ? NIV-7EA85B7EFBE4DBDD | BASKET | DOUBLE_TWIST | CHANNEL | GOLD | KT_10 | 1ct | imgs:3
[01:41:03][CUSHION] [4593] ? NIV-3319EC0137845985 | BASKET | DOUBLE_TWIST | CHANNEL | GOLD | KT_14 | 1ct | imgs:3
[01:41:06][CUSHION] [4594] ? NIV-3319EC0137845985 | BASKET | DOUBLE_TWIST | CHANNEL | GOLD | KT_14 | 1ct | imgs:3
[01:41:09][CUSHION] [4595] ? NIV-3319EC0137845985 | BASKET | DOUBLE_TWIST | CHANNEL | GOLD | KT_14 | 1ct | imgs:3
[01:41:12][CUSHION] [4596] ? NIV-6924BC42D2806CB5 | BASKET | DOUBLE_TWIST | CHANNEL | GOLD | KT_14 | 1ct | imgs:3
[01:41:18][CUSHION] [4597] ? NIV-6924BC42D2806CB5 | BASKET | DOUBLE_TWIST | CHANNEL | GOLD | KT_14 | 1ct | imgs:3
[01:41:21][CUSHION] [4598] ? NIV-6924BC42D2806CB5 | BASKET | DOUBLE_TWIST | CHANNEL | GOLD | KT_14 | 1ct | imgs:3
[01:41:24][CUSHION] [4599] ? NIV-E0878673846D8A52 | BASKET | DOUBLE_TWIST | CHANNEL | GOLD | KT_14 | 1ct | imgs:3
[01:41:27][CUSHION] [4600] ? NIV-E0878673846D8A52 | BASKET | DOUBLE_TWIST | CHANNEL | GOLD | KT_14 | 1ct | imgs:3
[01:41:33][CUSHION] [4601] ? NIV-E0878673846D8A52 | BASKET | DOUBLE_TWIST | CHANNEL | GOLD | KT_14 | 1ct | imgs:3
[01:41:38][CUSHION] [4602] ? NIV-78CF6D7F26D52222 | BASKET | DOUBLE_TWIST | CHANNEL | GOLD | KT_18 | 1ct | imgs:3
[01:41:42][CUSHION] [4603] ? NIV-78CF6D7F26D52222 | BASKET | DOUBLE_TWIST | CHANNEL | GOLD | KT_18 | 1ct | imgs:3
[01:41:46][CUSHION] [4604] ? NIV-78CF6D7F26D52222 | BASKET | DOUBLE_TWIST | CHANNEL | GOLD | KT_18 | 1ct | imgs:3
[01:41:48][CUSHION] [4605] ? NIV-785D35C3EFE5E2D8 | BASKET | DOUBLE_TWIST | CHANNEL | GOLD | KT_18 | 1ct | imgs:3
[01:41:51][CUSHION] [4606] ? NIV-785D35C3EFE5E2D8 | BASKET | DOUBLE_TWIST | CHANNEL | GOLD | KT_18 | 1ct | imgs:3
[01:41:57][CUSHION] [4607] ? NIV-785D35C3EFE5E2D8 | BASKET | DOUBLE_TWIST | CHANNEL | GOLD | KT_18 | 1ct | imgs:3
[01:42:00][CUSHION] [4608] ? NIV-DEA7FAD01E22C939 | BASKET | DOUBLE_TWIST | CHANNEL | GOLD | KT_18 | 1ct | imgs:3
[01:42:03][CUSHION] [4609] ? NIV-DEA7FAD01E22C939 | BASKET | DOUBLE_TWIST | CHANNEL | GOLD | KT_18 | 1ct | imgs:3
[01:42:07][CUSHION] [4610] ? NIV-DEA7FAD01E22C939 | BASKET | DOUBLE_TWIST | CHANNEL | GOLD | KT_18 | 1ct | imgs:3
[01:42:09][CUSHION] [4611] ? NIV-881B05984016CE9B | BASKET | DOUBLE_TWIST | CHANNEL | PLATINUM | PT_950 | 1ct | imgs:3
[01:42:21][CUSHION] [4612] ??  NIV-2FFAA6A26C0C73B6 | BASKET | DOUBLE_TWIST | CHANNEL | GOLD | KT_10 | 1ct | imgs:0
[01:42:32][CUSHION] [4613] ??  NIV-2FFAA6A26C0C73B6 | BASKET | DOUBLE_TWIST | CHANNEL | GOLD | KT_10 | 1ct | imgs:0
[01:42:44][CUSHION] [4614] ??  NIV-2FFAA6A26C0C73B6 | BASKET | DOUBLE_TWIST | CHANNEL | GOLD | KT_10 | 1ct | imgs:0
[01:42:48][CUSHION] [4615] ? NIV-4490C734806AA51C | BASKET | DOUBLE_TWIST | CHANNEL | GOLD | KT_10 | 1ct | imgs:3
[01:42:54][CUSHION] [4616] ? NIV-4490C734806AA51C | BASKET | DOUBLE_TWIST | CHANNEL | GOLD | KT_10 | 1ct | imgs:3
[01:42:57][CUSHION] [4617] ? NIV-4490C734806AA51C | BASKET | DOUBLE_TWIST | CHANNEL | GOLD | KT_10 | 1ct | imgs:3
[01:43:00][CUSHION] [4618] ? NIV-076BB594C69DC3F3 | BASKET | DOUBLE_TWIST | CHANNEL | GOLD | KT_10 | 1ct | imgs:3
[01:43:03][CUSHION] [4619] ? NIV-076BB594C69DC3F3 | BASKET | DOUBLE_TWIST | CHANNEL | GOLD | KT_10 | 1ct | imgs:3
[01:43:06][CUSHION] [4620] ? NIV-076BB594C69DC3F3 | BASKET | DOUBLE_TWIST | CHANNEL | GOLD | KT_10 | 1ct | imgs:3
[01:43:09][CUSHION] [4621] ? NIV-58DF8403CDAD3ECD | BASKET | DOUBLE_TWIST | CHANNEL | GOLD | KT_14 | 1ct | imgs:3
[01:43:13][CUSHION] [4622] ? NIV-58DF8403CDAD3ECD | BASKET | DOUBLE_TWIST | CHANNEL | GOLD | KT_14 | 1ct | imgs:3
[01:43:18][CUSHION] [4623] ? NIV-58DF8403CDAD3ECD | BASKET | DOUBLE_TWIST | CHANNEL | GOLD | KT_14 | 1ct | imgs:3
[01:43:21][CUSHION] [4624] ? NIV-DBB7025C15959F38 | BASKET | DOUBLE_TWIST | CHANNEL | GOLD | KT_14 | 1ct | imgs:3
[01:43:24][CUSHION] [4625] ? NIV-DBB7025C15959F38 | BASKET | DOUBLE_TWIST | CHANNEL | GOLD | KT_14 | 1ct | imgs:3
[01:43:27][CUSHION] [4626] ? NIV-DBB7025C15959F38 | BASKET | DOUBLE_TWIST | CHANNEL | GOLD | KT_14 | 1ct | imgs:3
[01:43:30][CUSHION] [4627] ? NIV-0F4908C70F43BCAD | BASKET | DOUBLE_TWIST | CHANNEL | GOLD | KT_14 | 1ct | imgs:3
[01:43:33][CUSHION] [4628] ? NIV-0F4908C70F43BCAD | BASKET | DOUBLE_TWIST | CHANNEL | GOLD | KT_14 | 1ct | imgs:3
[01:43:39][CUSHION] [4629] ? NIV-0F4908C70F43BCAD | BASKET | DOUBLE_TWIST | CHANNEL | GOLD | KT_14 | 1ct | imgs:3
[01:43:43][CUSHION] [4630] ? NIV-2DEEDA36C471C846 | BASKET | DOUBLE_TWIST | CHANNEL | GOLD | KT_18 | 1ct | imgs:3
[01:43:48][CUSHION] [4631] ? NIV-2DEEDA36C471C846 | BASKET | DOUBLE_TWIST | CHANNEL | GOLD | KT_18 | 1ct | imgs:3
[01:43:51][CUSHION] [4632] ? NIV-2DEEDA36C471C846 | BASKET | DOUBLE_TWIST | CHANNEL | GOLD | KT_18 | 1ct | imgs:3
[01:43:54][CUSHION] [4633] ? NIV-AE1F5529451CD79F | BASKET | DOUBLE_TWIST | CHANNEL | GOLD | KT_18 | 1ct | imgs:3
[01:43:57][CUSHION] [4634] ? NIV-AE1F5529451CD79F | BASKET | DOUBLE_TWIST | CHANNEL | GOLD | KT_18 | 1ct | imgs:3
[01:44:01][CUSHION] [4635] ? NIV-AE1F5529451CD79F | BASKET | DOUBLE_TWIST | CHANNEL | GOLD | KT_18 | 1ct | imgs:3
[01:44:03][CUSHION] [4636] ? NIV-B8786D7796A6243D | BASKET | DOUBLE_TWIST | CHANNEL | GOLD | KT_18 | 1ct | imgs:3
[01:44:07][CUSHION] [4637] ? NIV-B8786D7796A6243D | BASKET | DOUBLE_TWIST | CHANNEL | GOLD | KT_18 | 1ct | imgs:3
[01:44:12][CUSHION] [4638] ? NIV-B8786D7796A6243D | BASKET | DOUBLE_TWIST | CHANNEL | GOLD | KT_18 | 1ct | imgs:3
[01:44:15][CUSHION] [4639] ? NIV-2FFAA6A26C0C73B6 | BASKET | DOUBLE_TWIST | CHANNEL | PLATINUM | PT_950 | 1ct | imgs:3
[01:44:21][CUSHION] [4640] ? NIV-E9C5DFD4C98CAF83 | BASKET | DOUBLE_TWIST | CHANNEL | GOLD | KT_10 | 1ct | imgs:3
[01:44:24][CUSHION] [4641] ? NIV-E9C5DFD4C98CAF83 | BASKET | DOUBLE_TWIST | CHANNEL | GOLD | KT_10 | 1ct | imgs:3
[01:44:27][CUSHION] [4642] ? NIV-E9C5DFD4C98CAF83 | BASKET | DOUBLE_TWIST | CHANNEL | GOLD | KT_10 | 1ct | imgs:3
[01:44:30][CUSHION] [4643] ? NIV-A8E0082045AC9C48 | BASKET | DOUBLE_TWIST | CHANNEL | GOLD | KT_10 | 1ct | imgs:3
[01:44:33][CUSHION] [4644] ? NIV-A8E0082045AC9C48 | BASKET | DOUBLE_TWIST | CHANNEL | GOLD | KT_10 | 1ct | imgs:3
[01:44:39][CUSHION] [4645] ? NIV-A8E0082045AC9C48 | BASKET | DOUBLE_TWIST | CHANNEL | GOLD | KT_10 | 1ct | imgs:3
[01:44:42][CUSHION] [4646] ? NIV-E42A66604D9345D8 | BASKET | DOUBLE_TWIST | CHANNEL | GOLD | KT_10 | 1ct | imgs:3
[01:44:45][CUSHION] [4647] ? NIV-E42A66604D9345D8 | BASKET | DOUBLE_TWIST | CHANNEL | GOLD | KT_10 | 1ct | imgs:3
[01:44:48][CUSHION] [4648] ? NIV-E42A66604D9345D8 | BASKET | DOUBLE_TWIST | CHANNEL | GOLD | KT_10 | 1ct | imgs:3
[01:44:51][CUSHION] [4649] ? NIV-102408BC968DE636 | BASKET | DOUBLE_TWIST | CHANNEL | GOLD | KT_14 | 1ct | imgs:3
[01:44:57][CUSHION] [4650] ? NIV-102408BC968DE636 | BASKET | DOUBLE_TWIST | CHANNEL | GOLD | KT_14 | 1ct | imgs:3
[01:45:00][CUSHION] [4651] ? NIV-102408BC968DE636 | BASKET | DOUBLE_TWIST | CHANNEL | GOLD | KT_14 | 1ct | imgs:3
[01:45:03][CUSHION] [4652] ? NIV-9E52BF94B273B44A | BASKET | DOUBLE_TWIST | CHANNEL | GOLD | KT_14 | 1ct | imgs:3
[01:45:06][CUSHION] [4653] ? NIV-9E52BF94B273B44A | BASKET | DOUBLE_TWIST | CHANNEL | GOLD | KT_14 | 1ct | imgs:3
[01:45:09][CUSHION] [4654] ? NIV-9E52BF94B273B44A | BASKET | DOUBLE_TWIST | CHANNEL | GOLD | KT_14 | 1ct | imgs:3
[01:45:12][CUSHION] [4655] ? NIV-7907602C450424BB | BASKET | DOUBLE_TWIST | CHANNEL | GOLD | KT_14 | 1ct | imgs:3
[01:45:18][CUSHION] [4656] ? NIV-7907602C450424BB | BASKET | DOUBLE_TWIST | CHANNEL | GOLD | KT_14 | 1ct | imgs:3
[01:45:21][CUSHION] [4657] ? NIV-7907602C450424BB | BASKET | DOUBLE_TWIST | CHANNEL | GOLD | KT_14 | 1ct | imgs:3
[01:45:24][CUSHION] [4658] ? NIV-DDC51E8FD6E40859 | BASKET | DOUBLE_TWIST | CHANNEL | GOLD | KT_18 | 1ct | imgs:3
[01:45:27][CUSHION] [4659] ? NIV-DDC51E8FD6E40859 | BASKET | DOUBLE_TWIST | CHANNEL | GOLD | KT_18 | 1ct | imgs:3
[01:45:31][CUSHION] [4660] ? NIV-DDC51E8FD6E40859 | BASKET | DOUBLE_TWIST | CHANNEL | GOLD | KT_18 | 1ct | imgs:3
[01:45:34][CUSHION] [4661] ? NIV-2DB9DA1201CFE4BB | BASKET | DOUBLE_TWIST | CHANNEL | GOLD | KT_18 | 1ct | imgs:3
[01:45:39][CUSHION] [4662] ? NIV-2DB9DA1201CFE4BB | BASKET | DOUBLE_TWIST | CHANNEL | GOLD | KT_18 | 1ct | imgs:3
[01:45:42][CUSHION] [4663] ? NIV-2DB9DA1201CFE4BB | BASKET | DOUBLE_TWIST | CHANNEL | GOLD | KT_18 | 1ct | imgs:3
[01:45:45][CUSHION] [4664] ? NIV-A9B8D0374EAF52A7 | BASKET | DOUBLE_TWIST | CHANNEL | GOLD | KT_18 | 1ct | imgs:3
[01:45:48][CUSHION] [4665] ? NIV-A9B8D0374EAF52A7 | BASKET | DOUBLE_TWIST | CHANNEL | GOLD | KT_18 | 1ct | imgs:3
[01:45:52][CUSHION] [4666] ? NIV-A9B8D0374EAF52A7 | BASKET | DOUBLE_TWIST | CHANNEL | GOLD | KT_18 | 1ct | imgs:3
[01:45:54][CUSHION] [4667] ? NIV-98A248E6A03A7E05 | BASKET | DOUBLE_TWIST | CHANNEL | PLATINUM | PT_950 | 1ct | imgs:3
[01:46:03][CUSHION] [4668] ? NIV-72F15D0B47D05015 | BASKET | DOUBLE_TWIST | CHANNEL | GOLD | KT_10 | 1ct | imgs:3
[01:46:09][CUSHION] [4669] ? NIV-72F15D0B47D05015 | BASKET | DOUBLE_TWIST | CHANNEL | GOLD | KT_10 | 1ct | imgs:3
[01:46:12][CUSHION] [4670] ? NIV-72F15D0B47D05015 | BASKET | DOUBLE_TWIST | CHANNEL | GOLD | KT_10 | 1ct | imgs:3
[01:46:16][CUSHION] [4671] ? NIV-4CF098DB90E5A94B | BASKET | DOUBLE_TWIST | CHANNEL | GOLD | KT_10 | 1ct | imgs:1
[01:46:21][CUSHION] [4672] ? NIV-4CF098DB90E5A94B | BASKET | DOUBLE_TWIST | CHANNEL | GOLD | KT_10 | 1ct | imgs:3
[01:46:25][CUSHION] [4673] ? NIV-4CF098DB90E5A94B | BASKET | DOUBLE_TWIST | CHANNEL | GOLD | KT_10 | 1ct | imgs:3
[01:46:27][CUSHION] [4674] ? NIV-8D2B9759B3326DC4 | BASKET | DOUBLE_TWIST | CHANNEL | GOLD | KT_10 | 1ct | imgs:3
[01:46:30][CUSHION] [4675] ? NIV-8D2B9759B3326DC4 | BASKET | DOUBLE_TWIST | CHANNEL | GOLD | KT_10 | 1ct | imgs:3
[01:46:36][CUSHION] [4676] ? NIV-8D2B9759B3326DC4 | BASKET | DOUBLE_TWIST | CHANNEL | GOLD | KT_10 | 1ct | imgs:3
[01:46:42][CUSHION] [4677] ? NIV-DAC4E14F79F44246 | BASKET | DOUBLE_TWIST | CHANNEL | GOLD | KT_14 | 1ct | imgs:3
[01:46:45][CUSHION] [4678] ? NIV-DAC4E14F79F44246 | BASKET | DOUBLE_TWIST | CHANNEL | GOLD | KT_14 | 1ct | imgs:3
[01:46:51][CUSHION] [4679] ? NIV-DAC4E14F79F44246 | BASKET | DOUBLE_TWIST | CHANNEL | GOLD | KT_14 | 1ct | imgs:3
[01:46:54][CUSHION] [4680] ? NIV-406563424BF14E70 | BASKET | DOUBLE_TWIST | CHANNEL | GOLD | KT_14 | 1ct | imgs:3
[01:46:57][CUSHION] [4681] ? NIV-406563424BF14E70 | BASKET | DOUBLE_TWIST | CHANNEL | GOLD | KT_14 | 1ct | imgs:3
[01:47:00][CUSHION] [4682] ? NIV-406563424BF14E70 | BASKET | DOUBLE_TWIST | CHANNEL | GOLD | KT_14 | 1ct | imgs:3
[01:47:03][CUSHION] [4683] ? NIV-7790A65F0EF80560 | BASKET | DOUBLE_TWIST | CHANNEL | GOLD | KT_14 | 1ct | imgs:3
[01:47:06][CUSHION] [4684] ? NIV-7790A65F0EF80560 | BASKET | DOUBLE_TWIST | CHANNEL | GOLD | KT_14 | 1ct | imgs:3
[01:47:09][CUSHION] [4685] ? NIV-7790A65F0EF80560 | BASKET | DOUBLE_TWIST | CHANNEL | GOLD | KT_14 | 1ct | imgs:3
[01:47:15][CUSHION] [4686] ? NIV-8B0B88349E84E9D3 | BASKET | DOUBLE_TWIST | CHANNEL | GOLD | KT_18 | 1ct | imgs:3
[01:47:18][CUSHION] [4687] ? NIV-8B0B88349E84E9D3 | BASKET | DOUBLE_TWIST | CHANNEL | GOLD | KT_18 | 1ct | imgs:3
[01:47:21][CUSHION] [4688] ? NIV-8B0B88349E84E9D3 | BASKET | DOUBLE_TWIST | CHANNEL | GOLD | KT_18 | 1ct | imgs:3
[01:47:24][CUSHION] [4689] ? NIV-83E4FACE5A62C985 | BASKET | DOUBLE_TWIST | CHANNEL | GOLD | KT_18 | 1ct | imgs:3
[01:47:27][CUSHION] [4690] ? NIV-83E4FACE5A62C985 | BASKET | DOUBLE_TWIST | CHANNEL | GOLD | KT_18 | 1ct | imgs:3
[01:47:33][CUSHION] [4691] ? NIV-83E4FACE5A62C985 | BASKET | DOUBLE_TWIST | CHANNEL | GOLD | KT_18 | 1ct | imgs:3
[01:47:36][CUSHION] [4692] ? NIV-C22189ADA9DBB407 | BASKET | DOUBLE_TWIST | CHANNEL | GOLD | KT_18 | 1ct | imgs:3
[01:47:39][CUSHION] [4693] ? NIV-C22189ADA9DBB407 | BASKET | DOUBLE_TWIST | CHANNEL | GOLD | KT_18 | 1ct | imgs:3
[01:47:45][CUSHION] [4694] ? NIV-C22189ADA9DBB407 | BASKET | DOUBLE_TWIST | CHANNEL | GOLD | KT_18 | 1ct | imgs:3
[01:47:48][CUSHION] [4695] ? NIV-C90C1D255EE6018C | BASKET | DOUBLE_TWIST | CHANNEL | PLATINUM | PT_950 | 1ct | imgs:3
[01:47:54][CUSHION] [4696] ? NIV-11A4EF2B1AE4EEC5 | BASKET | DOUBLE_TWIST | CHANNEL | GOLD | KT_10 | 1ct | imgs:3
[01:47:57][CUSHION] [4697] ? NIV-11A4EF2B1AE4EEC5 | BASKET | DOUBLE_TWIST | CHANNEL | GOLD | KT_10 | 1ct | imgs:3
[01:48:00][CUSHION] [4698] ? NIV-11A4EF2B1AE4EEC5 | BASKET | DOUBLE_TWIST | CHANNEL | GOLD | KT_10 | 1ct | imgs:3
[01:48:03][CUSHION] [4699] ? NIV-62EE8D7C35EE46DD | BASKET | DOUBLE_TWIST | CHANNEL | GOLD | KT_10 | 1ct | imgs:3
[01:48:06][CUSHION] [4700] ? NIV-62EE8D7C35EE46DD | BASKET | DOUBLE_TWIST | CHANNEL | GOLD | KT_10 | 1ct | imgs:3
[01:48:12][CUSHION] [4701] ? NIV-62EE8D7C35EE46DD | BASKET | DOUBLE_TWIST | CHANNEL | GOLD | KT_10 | 1ct | imgs:3
[01:48:15][CUSHION] [4702] ? NIV-0972F6CA14B87BC6 | BASKET | DOUBLE_TWIST | CHANNEL | GOLD | KT_10 | 1ct | imgs:3
[01:48:18][CUSHION] [4703] ? NIV-0972F6CA14B87BC6 | BASKET | DOUBLE_TWIST | CHANNEL | GOLD | KT_10 | 1ct | imgs:3
[01:48:24][CUSHION] [4704] ? NIV-0972F6CA14B87BC6 | BASKET | DOUBLE_TWIST | CHANNEL | GOLD | KT_10 | 1ct | imgs:3
[01:48:30][CUSHION] [4705] ? NIV-DEDD2604ADD0D1D7 | BASKET | DOUBLE_TWIST | CHANNEL | GOLD | KT_14 | 1ct | imgs:3
[01:48:33][CUSHION] [4706] ? NIV-DEDD2604ADD0D1D7 | BASKET | DOUBLE_TWIST | CHANNEL | GOLD | KT_14 | 1ct | imgs:3
[01:48:39][CUSHION] [4707] ? NIV-DEDD2604ADD0D1D7 | BASKET | DOUBLE_TWIST | CHANNEL | GOLD | KT_14 | 1ct | imgs:3
[01:48:42][CUSHION] [4708] ? NIV-D09755714EFBB596 | BASKET | DOUBLE_TWIST | CHANNEL | GOLD | KT_14 | 1ct | imgs:3
[01:48:46][CUSHION] [4709] ? NIV-D09755714EFBB596 | BASKET | DOUBLE_TWIST | CHANNEL | GOLD | KT_14 | 1ct | imgs:3
[01:48:51][CUSHION] [4710] ? NIV-D09755714EFBB596 | BASKET | DOUBLE_TWIST | CHANNEL | GOLD | KT_14 | 1ct | imgs:3
[01:48:54][CUSHION] [4711] ? NIV-CFC7FD1BD30F9320 | BASKET | DOUBLE_TWIST | CHANNEL | GOLD | KT_14 | 1ct | imgs:3
[01:48:57][CUSHION] [4712] ? NIV-CFC7FD1BD30F9320 | BASKET | DOUBLE_TWIST | CHANNEL | GOLD | KT_14 | 1ct | imgs:3
[01:49:01][CUSHION] [4713] ? NIV-CFC7FD1BD30F9320 | BASKET | DOUBLE_TWIST | CHANNEL | GOLD | KT_14 | 1ct | imgs:3
[01:49:06][CUSHION] [4714] ? NIV-7A1370A1D7C23640 | BASKET | DOUBLE_TWIST | CHANNEL | GOLD | KT_18 | 1ct | imgs:3
[01:49:09][CUSHION] [4715] ? NIV-7A1370A1D7C23640 | BASKET | DOUBLE_TWIST | CHANNEL | GOLD | KT_18 | 1ct | imgs:3
[01:49:15][CUSHION] [4716] ? NIV-7A1370A1D7C23640 | BASKET | DOUBLE_TWIST | CHANNEL | GOLD | KT_18 | 1ct | imgs:3
[01:49:20][CUSHION] [4717] ? NIV-C285B25E1048681C | BASKET | DOUBLE_TWIST | CHANNEL | GOLD | KT_18 | 1ct | imgs:3
[01:49:24][CUSHION] [4718] ? NIV-C285B25E1048681C | BASKET | DOUBLE_TWIST | CHANNEL | GOLD | KT_18 | 1ct | imgs:3
[01:49:30][CUSHION] [4719] ? NIV-C285B25E1048681C | BASKET | DOUBLE_TWIST | CHANNEL | GOLD | KT_18 | 1ct | imgs:3
[01:49:33][CUSHION] [4720] ? NIV-2AAB68E9E456B683 | BASKET | DOUBLE_TWIST | CHANNEL | GOLD | KT_18 | 1ct | imgs:3
[01:49:36][CUSHION] [4721] ? NIV-2AAB68E9E456B683 | BASKET | DOUBLE_TWIST | CHANNEL | GOLD | KT_18 | 1ct | imgs:3
[01:49:42][CUSHION] [4722] ? NIV-2AAB68E9E456B683 | BASKET | DOUBLE_TWIST | CHANNEL | GOLD | KT_18 | 1ct | imgs:3
[01:49:45][CUSHION] [4723] ? NIV-61CE05C0BA442B8B | BASKET | DOUBLE_TWIST | CHANNEL | PLATINUM | PT_950 | 1ct | imgs:3
[01:49:51][CUSHION] [4724] ? NIV-1BAA51F12056450B | BASKET | DOUBLE_TWIST | CHANNEL | GOLD | KT_10 | 1ct | imgs:3
[01:49:54][CUSHION] [4725] ? NIV-1BAA51F12056450B | BASKET | DOUBLE_TWIST | CHANNEL | GOLD | KT_10 | 1ct | imgs:3
[01:49:57][CUSHION] [4726] ? NIV-1BAA51F12056450B | BASKET | DOUBLE_TWIST | CHANNEL | GOLD | KT_10 | 1ct | imgs:3
[01:50:03][CUSHION] [4727] ? NIV-69F4C524ABBAD6D9 | BASKET | DOUBLE_TWIST | CHANNEL | GOLD | KT_10 | 1ct | imgs:2
[01:50:07][CUSHION] [4728] ? NIV-69F4C524ABBAD6D9 | BASKET | DOUBLE_TWIST | CHANNEL | GOLD | KT_10 | 1ct | imgs:3
[01:50:12][CUSHION] [4729] ? NIV-69F4C524ABBAD6D9 | BASKET | DOUBLE_TWIST | CHANNEL | GOLD | KT_10 | 1ct | imgs:3
[01:50:15][CUSHION] [4730] ? NIV-2A1ABA9791ACB76B | BASKET | DOUBLE_TWIST | CHANNEL | GOLD | KT_10 | 1ct | imgs:3
[01:50:19][CUSHION] [4731] ? NIV-2A1ABA9791ACB76B | BASKET | DOUBLE_TWIST | CHANNEL | GOLD | KT_10 | 1ct | imgs:3
[01:50:24][CUSHION] [4732] ? NIV-2A1ABA9791ACB76B | BASKET | DOUBLE_TWIST | CHANNEL | GOLD | KT_10 | 1ct | imgs:3
[01:50:30][CUSHION] [4733] ? NIV-BDC97ADD1EF41A59 | BASKET | DOUBLE_TWIST | CHANNEL | GOLD | KT_14 | 1ct | imgs:3
[01:50:33][CUSHION] [4734] ? NIV-BDC97ADD1EF41A59 | BASKET | DOUBLE_TWIST | CHANNEL | GOLD | KT_14 | 1ct | imgs:3
[01:50:39][CUSHION] [4735] ? NIV-BDC97ADD1EF41A59 | BASKET | DOUBLE_TWIST | CHANNEL | GOLD | KT_14 | 1ct | imgs:3
[01:50:42][CUSHION] [4736] ? NIV-24BBC5EAAAB70AAF | BASKET | DOUBLE_TWIST | CHANNEL | GOLD | KT_14 | 1ct | imgs:3
[01:50:48][CUSHION] [4737] ? NIV-24BBC5EAAAB70AAF | BASKET | DOUBLE_TWIST | CHANNEL | GOLD | KT_14 | 1ct | imgs:3
[01:50:51][CUSHION] [4738] ? NIV-24BBC5EAAAB70AAF | BASKET | DOUBLE_TWIST | CHANNEL | GOLD | KT_14 | 1ct | imgs:3
[01:50:54][CUSHION] [4739] ? NIV-32098745BBD45DB8 | BASKET | DOUBLE_TWIST | CHANNEL | GOLD | KT_14 | 1ct | imgs:3
[01:50:58][CUSHION] [4740] ? NIV-32098745BBD45DB8 | BASKET | DOUBLE_TWIST | CHANNEL | GOLD | KT_14 | 1ct | imgs:3
[01:51:03][CUSHION] [4741] ? NIV-32098745BBD45DB8 | BASKET | DOUBLE_TWIST | CHANNEL | GOLD | KT_14 | 1ct | imgs:3
[01:51:06][CUSHION] [4742] ? NIV-96A40935682428A4 | BASKET | DOUBLE_TWIST | CHANNEL | GOLD | KT_18 | 1ct | imgs:3
[01:51:12][CUSHION] [4743] ? NIV-96A40935682428A4 | BASKET | DOUBLE_TWIST | CHANNEL | GOLD | KT_18 | 1ct | imgs:3
[01:51:15][CUSHION] [4744] ? NIV-96A40935682428A4 | BASKET | DOUBLE_TWIST | CHANNEL | GOLD | KT_18 | 1ct | imgs:3
[01:51:18][CUSHION] [4745] ? NIV-42A3A1940E1D1E73 | BASKET | DOUBLE_TWIST | CHANNEL | GOLD | KT_18 | 1ct | imgs:3
[01:51:22][CUSHION] [4746] ? NIV-42A3A1940E1D1E73 | BASKET | DOUBLE_TWIST | CHANNEL | GOLD | KT_18 | 1ct | imgs:3
[01:51:27][CUSHION] [4747] ? NIV-42A3A1940E1D1E73 | BASKET | DOUBLE_TWIST | CHANNEL | GOLD | KT_18 | 1ct | imgs:3
[01:51:30][CUSHION] [4748] ? NIV-5B560141790221FC | BASKET | DOUBLE_TWIST | CHANNEL | GOLD | KT_18 | 1ct | imgs:3
[01:51:33][CUSHION] [4749] ? NIV-5B560141790221FC | BASKET | DOUBLE_TWIST | CHANNEL | GOLD | KT_18 | 1ct | imgs:3
[01:51:39][CUSHION] [4750] ? NIV-5B560141790221FC | BASKET | DOUBLE_TWIST | CHANNEL | GOLD | KT_18 | 1ct | imgs:3
[01:51:42][CUSHION] [4751] ? NIV-4F7D22270446C991 | BASKET | DOUBLE_TWIST | CHANNEL | PLATINUM | PT_950 | 1ct | imgs:3
[01:51:51][CUSHION] [4752] ? NIV-7FD10F33D55CA2E1 | BASKET | DOUBLE_TWIST | CHANNEL | GOLD | KT_10 | 1ct | imgs:3
[01:51:57][CUSHION] [4753] ? NIV-7FD10F33D55CA2E1 | BASKET | DOUBLE_TWIST | CHANNEL | GOLD | KT_10 | 1ct | imgs:3
[01:52:01][CUSHION] [4754] ? NIV-7FD10F33D55CA2E1 | BASKET | DOUBLE_TWIST | CHANNEL | GOLD | KT_10 | 1ct | imgs:3
[01:52:03][CUSHION] [4755] ? NIV-A1E92518435B7087 | BASKET | DOUBLE_TWIST | CHANNEL | GOLD | KT_10 | 1ct | imgs:2
[01:52:09][CUSHION] [4756] ? NIV-A1E92518435B7087 | BASKET | DOUBLE_TWIST | CHANNEL | GOLD | KT_10 | 1ct | imgs:3
[01:52:12][CUSHION] [4757] ? NIV-A1E92518435B7087 | BASKET | DOUBLE_TWIST | CHANNEL | GOLD | KT_10 | 1ct | imgs:3
[01:52:15][CUSHION] [4758] ? NIV-2CF8DAEBD637A9DF | BASKET | DOUBLE_TWIST | CHANNEL | GOLD | KT_10 | 1ct | imgs:3
[01:52:18][CUSHION] [4759] ? NIV-2CF8DAEBD637A9DF | BASKET | DOUBLE_TWIST | CHANNEL | GOLD | KT_10 | 1ct | imgs:3
[01:52:24][CUSHION] [4760] ? NIV-2CF8DAEBD637A9DF | BASKET | DOUBLE_TWIST | CHANNEL | GOLD | KT_10 | 1ct | imgs:3
[01:52:27][CUSHION] [4761] ? NIV-55F90A5440F1B057 | BASKET | DOUBLE_TWIST | CHANNEL | GOLD | KT_14 | 1ct | imgs:3
[01:52:33][CUSHION] [4762] ? NIV-55F90A5440F1B057 | BASKET | DOUBLE_TWIST | CHANNEL | GOLD | KT_14 | 1ct | imgs:3
[01:52:36][CUSHION] [4763] ? NIV-55F90A5440F1B057 | BASKET | DOUBLE_TWIST | CHANNEL | GOLD | KT_14 | 1ct | imgs:3
[01:52:39][CUSHION] [4764] ? NIV-CE1DF475959B68F7 | BASKET | DOUBLE_TWIST | CHANNEL | GOLD | KT_14 | 1ct | imgs:3
[01:52:42][CUSHION] [4765] ? NIV-CE1DF475959B68F7 | BASKET | DOUBLE_TWIST | CHANNEL | GOLD | KT_14 | 1ct | imgs:3
[01:52:48][CUSHION] [4766] ? NIV-CE1DF475959B68F7 | BASKET | DOUBLE_TWIST | CHANNEL | GOLD | KT_14 | 1ct | imgs:3
[01:52:51][CUSHION] [4767] ? NIV-B33CAEF66D23A875 | BASKET | DOUBLE_TWIST | CHANNEL | GOLD | KT_14 | 1ct | imgs:3
[01:52:54][CUSHION] [4768] ? NIV-B33CAEF66D23A875 | BASKET | DOUBLE_TWIST | CHANNEL | GOLD | KT_14 | 1ct | imgs:3
[01:52:58][CUSHION] [4769] ? NIV-B33CAEF66D23A875 | BASKET | DOUBLE_TWIST | CHANNEL | GOLD | KT_14 | 1ct | imgs:3
[01:53:00][CUSHION] [4770] ? NIV-5BA88AC9A1E639D6 | BASKET | DOUBLE_TWIST | CHANNEL | GOLD | KT_18 | 1ct | imgs:3
[01:53:06][CUSHION] [4771] ? NIV-5BA88AC9A1E639D6 | BASKET | DOUBLE_TWIST | CHANNEL | GOLD | KT_18 | 1ct | imgs:3
[01:53:09][CUSHION] [4772] ? NIV-5BA88AC9A1E639D6 | BASKET | DOUBLE_TWIST | CHANNEL | GOLD | KT_18 | 1ct | imgs:3
[01:53:12][CUSHION] [4773] ? NIV-6268493E45B2B987 | BASKET | DOUBLE_TWIST | CHANNEL | GOLD | KT_18 | 1ct | imgs:2
[01:53:18][CUSHION] [4774] ? NIV-6268493E45B2B987 | BASKET | DOUBLE_TWIST | CHANNEL | GOLD | KT_18 | 1ct | imgs:3
[01:53:21][CUSHION] [4775] ? NIV-6268493E45B2B987 | BASKET | DOUBLE_TWIST | CHANNEL | GOLD | KT_18 | 1ct | imgs:3
[01:53:24][CUSHION] [4776] ? NIV-88C6C2FC626EF8CD | BASKET | DOUBLE_TWIST | CHANNEL | GOLD | KT_18 | 1ct | imgs:3
[01:53:30][CUSHION] [4777] ? NIV-88C6C2FC626EF8CD | BASKET | DOUBLE_TWIST | CHANNEL | GOLD | KT_18 | 1ct | imgs:3
[01:53:33][CUSHION] [4778] ? NIV-88C6C2FC626EF8CD | BASKET | DOUBLE_TWIST | CHANNEL | GOLD | KT_18 | 1ct | imgs:3
[01:53:36][CUSHION] [4779] ? NIV-F55492433D4B1164 | BASKET | DOUBLE_TWIST | CHANNEL | PLATINUM | PT_950 | 1ct | imgs:3
[01:53:40][CUSHION] [4780] ? NIV-2F9E870B34F1F687 | BASKET | DOUBLE_TWIST | CHANNEL | GOLD | KT_10 | 1ct | imgs:3
[01:53:45][CUSHION] [4781] ? NIV-2F9E870B34F1F687 | BASKET | DOUBLE_TWIST | CHANNEL | GOLD | KT_10 | 1ct | imgs:3
[01:53:48][CUSHION] [4782] ? NIV-2F9E870B34F1F687 | BASKET | DOUBLE_TWIST | CHANNEL | GOLD | KT_10 | 1ct | imgs:3
[01:53:51][CUSHION] [4783] ? NIV-6978918E260DCFFA | BASKET | DOUBLE_TWIST | CHANNEL | GOLD | KT_10 | 1ct | imgs:3
[01:53:55][CUSHION] [4784] ? NIV-6978918E260DCFFA | BASKET | DOUBLE_TWIST | CHANNEL | GOLD | KT_10 | 1ct | imgs:3
[01:54:00][CUSHION] [4785] ? NIV-6978918E260DCFFA | BASKET | DOUBLE_TWIST | CHANNEL | GOLD | KT_10 | 1ct | imgs:3
[01:54:04][CUSHION] [4786] ? NIV-8DF0395B3AA06D45 | BASKET | DOUBLE_TWIST | CHANNEL | GOLD | KT_10 | 1ct | imgs:3
[01:54:09][CUSHION] [4787] ? NIV-8DF0395B3AA06D45 | BASKET | DOUBLE_TWIST | CHANNEL | GOLD | KT_10 | 1ct | imgs:3
[01:54:12][CUSHION] [4788] ? NIV-8DF0395B3AA06D45 | BASKET | DOUBLE_TWIST | CHANNEL | GOLD | KT_10 | 1ct | imgs:3
[01:54:18][CUSHION] [4789] ? NIV-68F0BEC1D4F7617D | BASKET | DOUBLE_TWIST | CHANNEL | GOLD | KT_14 | 1ct | imgs:3
[01:54:21][CUSHION] [4790] ? NIV-68F0BEC1D4F7617D | BASKET | DOUBLE_TWIST | CHANNEL | GOLD | KT_14 | 1ct | imgs:3
[01:54:24][CUSHION] [4791] ? NIV-68F0BEC1D4F7617D | BASKET | DOUBLE_TWIST | CHANNEL | GOLD | KT_14 | 1ct | imgs:3
[01:54:27][CUSHION] [4792] ? NIV-E6D2E6C4733AE140 | BASKET | DOUBLE_TWIST | CHANNEL | GOLD | KT_14 | 1ct | imgs:3
[01:54:30][CUSHION] [4793] ? NIV-E6D2E6C4733AE140 | BASKET | DOUBLE_TWIST | CHANNEL | GOLD | KT_14 | 1ct | imgs:3
[01:54:33][CUSHION] [4794] ? NIV-E6D2E6C4733AE140 | BASKET | DOUBLE_TWIST | CHANNEL | GOLD | KT_14 | 1ct | imgs:3
[01:54:36][CUSHION] [4795] ? NIV-6FD6F9BE98D7C04B | BASKET | DOUBLE_TWIST | CHANNEL | GOLD | KT_14 | 1ct | imgs:3
[01:54:42][CUSHION] [4796] ? NIV-6FD6F9BE98D7C04B | BASKET | DOUBLE_TWIST | CHANNEL | GOLD | KT_14 | 1ct | imgs:3
[01:54:45][CUSHION] [4797] ? NIV-6FD6F9BE98D7C04B | BASKET | DOUBLE_TWIST | CHANNEL | GOLD | KT_14 | 1ct | imgs:3
[01:54:51][CUSHION] [4798] ? NIV-8726307925F00EFD | BASKET | DOUBLE_TWIST | CHANNEL | GOLD | KT_18 | 1ct | imgs:3
[01:54:54][CUSHION] [4799] ? NIV-8726307925F00EFD | BASKET | DOUBLE_TWIST | CHANNEL | GOLD | KT_18 | 1ct | imgs:3
[01:55:00][CUSHION] [4800] ? NIV-8726307925F00EFD | BASKET | DOUBLE_TWIST | CHANNEL | GOLD | KT_18 | 1ct | imgs:3
[01:55:03][CUSHION] [4801] ? NIV-F8BE75B1BB2DD372 | BASKET | DOUBLE_TWIST | CHANNEL | GOLD | KT_18 | 1ct | imgs:3
[01:55:09][CUSHION] [4802] ? NIV-F8BE75B1BB2DD372 | BASKET | DOUBLE_TWIST | CHANNEL | GOLD | KT_18 | 1ct | imgs:3
[01:55:12][CUSHION] [4803] ? NIV-F8BE75B1BB2DD372 | BASKET | DOUBLE_TWIST | CHANNEL | GOLD | KT_18 | 1ct | imgs:3
[01:55:15][CUSHION] [4804] ? NIV-610372460454EE48 | BASKET | DOUBLE_TWIST | CHANNEL | GOLD | KT_18 | 1ct | imgs:3
[01:55:18][CUSHION] [4805] ? NIV-610372460454EE48 | BASKET | DOUBLE_TWIST | CHANNEL | GOLD | KT_18 | 1ct | imgs:3
[01:55:24][CUSHION] [4806] ? NIV-610372460454EE48 | BASKET | DOUBLE_TWIST | CHANNEL | GOLD | KT_18 | 1ct | imgs:3
[01:55:27][CUSHION] [4807] ? NIV-C8F510C9739D3E4F | BASKET | DOUBLE_TWIST | CHANNEL | PLATINUM | PT_950 | 1ct | imgs:3
[01:55:33][CUSHION] [4808] ? NIV-B0F641FC5040B998 | BASKET | DOUBLE_TWIST | CHANNEL | GOLD | KT_10 | 1ct | imgs:3
[01:55:36][CUSHION] [4809] ? NIV-B0F641FC5040B998 | BASKET | DOUBLE_TWIST | CHANNEL | GOLD | KT_10 | 1ct | imgs:3
[01:55:40][CUSHION] [4810] ? NIV-B0F641FC5040B998 | BASKET | DOUBLE_TWIST | CHANNEL | GOLD | KT_10 | 1ct | imgs:3
[01:55:42][CUSHION] [4811] ? NIV-D471656D896F78E8 | BASKET | DOUBLE_TWIST | CHANNEL | GOLD | KT_10 | 1ct | imgs:3
[01:55:45][CUSHION] [4812] ? NIV-D471656D896F78E8 | BASKET | DOUBLE_TWIST | CHANNEL | GOLD | KT_10 | 1ct | imgs:3
[01:55:48][CUSHION] [4813] ? NIV-D471656D896F78E8 | BASKET | DOUBLE_TWIST | CHANNEL | GOLD | KT_10 | 1ct | imgs:3
[01:55:54][CUSHION] [4814] ? NIV-D7F3FB66A9018194 | BASKET | DOUBLE_TWIST | CHANNEL | GOLD | KT_10 | 1ct | imgs:3
[01:55:57][CUSHION] [4815] ? NIV-D7F3FB66A9018194 | BASKET | DOUBLE_TWIST | CHANNEL | GOLD | KT_10 | 1ct | imgs:3
[01:56:03][CUSHION] [4816] ? NIV-D7F3FB66A9018194 | BASKET | DOUBLE_TWIST | CHANNEL | GOLD | KT_10 | 1ct | imgs:3
[01:56:07][CUSHION] [4817] ? NIV-AFCF244990C87008 | BASKET | DOUBLE_TWIST | CHANNEL | GOLD | KT_14 | 1ct | imgs:3
[01:56:12][CUSHION] [4818] ? NIV-AFCF244990C87008 | BASKET | DOUBLE_TWIST | CHANNEL | GOLD | KT_14 | 1ct | imgs:3
[01:56:18][CUSHION] [4819] ? NIV-AFCF244990C87008 | BASKET | DOUBLE_TWIST | CHANNEL | GOLD | KT_14 | 1ct | imgs:3
[01:56:21][CUSHION] [4820] ? NIV-55665B709130F606 | BASKET | DOUBLE_TWIST | CHANNEL | GOLD | KT_14 | 1ct | imgs:3
[01:56:25][CUSHION] [4821] ? NIV-55665B709130F606 | BASKET | DOUBLE_TWIST | CHANNEL | GOLD | KT_14 | 1ct | imgs:3
[01:56:30][CUSHION] [4822] ? NIV-55665B709130F606 | BASKET | DOUBLE_TWIST | CHANNEL | GOLD | KT_14 | 1ct | imgs:3
[01:56:33][CUSHION] [4823] ? NIV-D92C84A47885AA3F | BASKET | DOUBLE_TWIST | CHANNEL | GOLD | KT_14 | 1ct | imgs:3
[01:56:36][CUSHION] [4824] ? NIV-D92C84A47885AA3F | BASKET | DOUBLE_TWIST | CHANNEL | GOLD | KT_14 | 1ct | imgs:3
[01:56:42][CUSHION] [4825] ? NIV-D92C84A47885AA3F | BASKET | DOUBLE_TWIST | CHANNEL | GOLD | KT_14 | 1ct | imgs:3
[01:56:45][CUSHION] [4826] ? NIV-B82216C4A16A4165 | BASKET | DOUBLE_TWIST | CHANNEL | GOLD | KT_18 | 1ct | imgs:3
[01:56:48][CUSHION] [4827] ? NIV-B82216C4A16A4165 | BASKET | DOUBLE_TWIST | CHANNEL | GOLD | KT_18 | 1ct | imgs:3
[01:56:52][CUSHION] [4828] ? NIV-B82216C4A16A4165 | BASKET | DOUBLE_TWIST | CHANNEL | GOLD | KT_18 | 1ct | imgs:3
[01:56:54][CUSHION] [4829] ? NIV-83AE07819FC3B13A | BASKET | DOUBLE_TWIST | CHANNEL | GOLD | KT_18 | 1ct | imgs:3
[01:56:57][CUSHION] [4830] ? NIV-83AE07819FC3B13A | BASKET | DOUBLE_TWIST | CHANNEL | GOLD | KT_18 | 1ct | imgs:3
[01:57:03][CUSHION] [4831] ? NIV-83AE07819FC3B13A | BASKET | DOUBLE_TWIST | CHANNEL | GOLD | KT_18 | 1ct | imgs:3
[01:57:06][CUSHION] [4832] ? NIV-582842F2282D5AE9 | BASKET | DOUBLE_TWIST | CHANNEL | GOLD | KT_18 | 1ct | imgs:3
[01:57:10][CUSHION] [4833] ? NIV-582842F2282D5AE9 | BASKET | DOUBLE_TWIST | CHANNEL | GOLD | KT_18 | 1ct | imgs:3
[01:57:15][CUSHION] [4834] ? NIV-582842F2282D5AE9 | BASKET | DOUBLE_TWIST | CHANNEL | GOLD | KT_18 | 1ct | imgs:3
[01:57:18][CUSHION] [4835] ? NIV-A7A4D21843DA9903 | BASKET | DOUBLE_TWIST | CHANNEL | PLATINUM | PT_950 | 1ct | imgs:3
[01:57:24][CUSHION] [4836] ? NIV-8F5FEB5E2588A860 | BASKET | DOUBLE_TWIST | CHANNEL | GOLD | KT_10 | 1ct | imgs:3
[01:57:30][CUSHION] [4837] ? NIV-8F5FEB5E2588A860 | BASKET | DOUBLE_TWIST | CHANNEL | GOLD | KT_10 | 1ct | imgs:3
[01:57:33][CUSHION] [4838] ? NIV-8F5FEB5E2588A860 | BASKET | DOUBLE_TWIST | CHANNEL | GOLD | KT_10 | 1ct | imgs:3
[01:57:36][CUSHION] [4839] ? NIV-7626A1B9A2EE0563 | BASKET | DOUBLE_TWIST | CHANNEL | GOLD | KT_10 | 1ct | imgs:3
[01:57:39][CUSHION] [4840] ? NIV-7626A1B9A2EE0563 | BASKET | DOUBLE_TWIST | CHANNEL | GOLD | KT_10 | 1ct | imgs:3
[01:57:43][CUSHION] [4841] ? NIV-7626A1B9A2EE0563 | BASKET | DOUBLE_TWIST | CHANNEL | GOLD | KT_10 | 1ct | imgs:3
[01:57:45][CUSHION] [4842] ? NIV-DF7C0E39E48E400B | BASKET | DOUBLE_TWIST | CHANNEL | GOLD | KT_10 | 1ct | imgs:3
[01:57:48][CUSHION] [4843] ? NIV-DF7C0E39E48E400B | BASKET | DOUBLE_TWIST | CHANNEL | GOLD | KT_10 | 1ct | imgs:3
[01:57:54][CUSHION] [4844] ? NIV-DF7C0E39E48E400B | BASKET | DOUBLE_TWIST | CHANNEL | GOLD | KT_10 | 1ct | imgs:3
[01:57:58][CUSHION] [4845] ? NIV-B4DC88F4C141C400 | BASKET | DOUBLE_TWIST | CHANNEL | GOLD | KT_14 | 1ct | imgs:1
[01:58:03][CUSHION] [4846] ? NIV-B4DC88F4C141C400 | BASKET | DOUBLE_TWIST | CHANNEL | GOLD | KT_14 | 1ct | imgs:3
[01:58:06][CUSHION] [4847] ? NIV-B4DC88F4C141C400 | BASKET | DOUBLE_TWIST | CHANNEL | GOLD | KT_14 | 1ct | imgs:3
[01:58:09][CUSHION] [4848] ? NIV-320FB5F06BBD0EB6 | BASKET | DOUBLE_TWIST | CHANNEL | GOLD | KT_14 | 1ct | imgs:3
[01:58:12][CUSHION] [4849] ? NIV-320FB5F06BBD0EB6 | BASKET | DOUBLE_TWIST | CHANNEL | GOLD | KT_14 | 1ct | imgs:3
[01:58:15][CUSHION] [4850] ? NIV-320FB5F06BBD0EB6 | BASKET | DOUBLE_TWIST | CHANNEL | GOLD | KT_14 | 1ct | imgs:3
[01:58:18][CUSHION] [4851] ? NIV-941F44915BB8A1D7 | BASKET | DOUBLE_TWIST | CHANNEL | GOLD | KT_14 | 1ct | imgs:3
[01:58:21][CUSHION] [4852] ? NIV-941F44915BB8A1D7 | BASKET | DOUBLE_TWIST | CHANNEL | GOLD | KT_14 | 1ct | imgs:3
[01:58:25][CUSHION] [4853] ? NIV-941F44915BB8A1D7 | BASKET | DOUBLE_TWIST | CHANNEL | GOLD | KT_14 | 1ct | imgs:3
[01:58:30][CUSHION] [4854] ? NIV-8477468835C350A3 | BASKET | DOUBLE_TWIST | CHANNEL | GOLD | KT_18 | 1ct | imgs:3
[01:58:33][CUSHION] [4855] ? NIV-8477468835C350A3 | BASKET | DOUBLE_TWIST | CHANNEL | GOLD | KT_18 | 1ct | imgs:3
[01:58:39][CUSHION] [4856] ? NIV-8477468835C350A3 | BASKET | DOUBLE_TWIST | CHANNEL | GOLD | KT_18 | 1ct | imgs:3
[01:58:42][CUSHION] [4857] ? NIV-C0BD15D4D35379C5 | BASKET | DOUBLE_TWIST | CHANNEL | GOLD | KT_18 | 1ct | imgs:3
[01:58:48][CUSHION] [4858] ? NIV-C0BD15D4D35379C5 | BASKET | DOUBLE_TWIST | CHANNEL | GOLD | KT_18 | 1ct | imgs:3
[01:58:51][CUSHION] [4859] ? NIV-C0BD15D4D35379C5 | BASKET | DOUBLE_TWIST | CHANNEL | GOLD | KT_18 | 1ct | imgs:3
[01:58:54][CUSHION] [4860] ? NIV-1806086467FE0CDB | BASKET | DOUBLE_TWIST | CHANNEL | GOLD | KT_18 | 1ct | imgs:3
[01:58:57][CUSHION] [4861] ? NIV-1806086467FE0CDB | BASKET | DOUBLE_TWIST | CHANNEL | GOLD | KT_18 | 1ct | imgs:3
[01:59:03][CUSHION] [4862] ? NIV-1806086467FE0CDB | BASKET | DOUBLE_TWIST | CHANNEL | GOLD | KT_18 | 1ct | imgs:3
[01:59:07][CUSHION] [4863] ? NIV-F6AB02C4EB511B24 | BASKET | DOUBLE_TWIST | CHANNEL | PLATINUM | PT_950 | 1ct | imgs:2
[01:59:12][CUSHION] [4864] ? NIV-8C194226CE40C3B5 | BASKET | DOUBLE_TWIST | CHANNEL | GOLD | KT_10 | 1ct | imgs:3
[01:59:15][CUSHION] [4865] ? NIV-8C194226CE40C3B5 | BASKET | DOUBLE_TWIST | CHANNEL | GOLD | KT_10 | 1ct | imgs:3
[01:59:19][CUSHION] [4866] ? NIV-8C194226CE40C3B5 | BASKET | DOUBLE_TWIST | CHANNEL | GOLD | KT_10 | 1ct | imgs:3
[01:59:26][CUSHION] [4867] ? NIV-E5E12BC6EFC0F107 | BASKET | DOUBLE_TWIST | CHANNEL | GOLD | KT_10 | 1ct | imgs:3
[01:59:30][CUSHION] [4868] ? NIV-E5E12BC6EFC0F107 | BASKET | DOUBLE_TWIST | CHANNEL | GOLD | KT_10 | 1ct | imgs:3
[01:59:33][CUSHION] [4869] ? NIV-E5E12BC6EFC0F107 | BASKET | DOUBLE_TWIST | CHANNEL | GOLD | KT_10 | 1ct | imgs:3
[01:59:37][CUSHION] [4870] ? NIV-E9B15669151ED92A | BASKET | DOUBLE_TWIST | CHANNEL | GOLD | KT_10 | 1ct | imgs:2
[01:59:42][CUSHION] [4871] ? NIV-E9B15669151ED92A | BASKET | DOUBLE_TWIST | CHANNEL | GOLD | KT_10 | 1ct | imgs:3
[01:59:45][CUSHION] [4872] ? NIV-E9B15669151ED92A | BASKET | DOUBLE_TWIST | CHANNEL | GOLD | KT_10 | 1ct | imgs:3
[01:59:49][CUSHION] [4873] ? NIV-5B04697F31B88582 | BASKET | DOUBLE_TWIST | CHANNEL | GOLD | KT_14 | 1ct | imgs:2
[01:59:54][CUSHION] [4874] ? NIV-5B04697F31B88582 | BASKET | DOUBLE_TWIST | CHANNEL | GOLD | KT_14 | 1ct | imgs:3
[01:59:57][CUSHION] [4875] ? NIV-5B04697F31B88582 | BASKET | DOUBLE_TWIST | CHANNEL | GOLD | KT_14 | 1ct | imgs:3
[02:00:00][CUSHION] [4876] ? NIV-E0537AB0F6483225 | BASKET | DOUBLE_TWIST | CHANNEL | GOLD | KT_14 | 1ct | imgs:3
[02:00:03][CUSHION] [4877] ? NIV-E0537AB0F6483225 | BASKET | DOUBLE_TWIST | CHANNEL | GOLD | KT_14 | 1ct | imgs:3
[02:00:07][CUSHION] [4878] ? NIV-E0537AB0F6483225 | BASKET | DOUBLE_TWIST | CHANNEL | GOLD | KT_14 | 1ct | imgs:3
[02:00:09][CUSHION] [4879] ? NIV-85953A24630BA886 | BASKET | DOUBLE_TWIST | CHANNEL | GOLD | KT_14 | 1ct | imgs:3
[02:00:13][CUSHION] [4880] ? NIV-85953A24630BA886 | BASKET | DOUBLE_TWIST | CHANNEL | GOLD | KT_14 | 1ct | imgs:3
[02:00:18][CUSHION] [4881] ? NIV-85953A24630BA886 | BASKET | DOUBLE_TWIST | CHANNEL | GOLD | KT_14 | 1ct | imgs:3
[02:00:22][CUSHION] [4882] ? NIV-E60EC61E0979FD88 | BASKET | DOUBLE_TWIST | CHANNEL | GOLD | KT_18 | 1ct | imgs:3
[02:00:27][CUSHION] [4883] ? NIV-E60EC61E0979FD88 | BASKET | DOUBLE_TWIST | CHANNEL | GOLD | KT_18 | 1ct | imgs:3
[02:00:30][CUSHION] [4884] ? NIV-E60EC61E0979FD88 | BASKET | DOUBLE_TWIST | CHANNEL | GOLD | KT_18 | 1ct | imgs:3
[02:00:33][CUSHION] [4885] ? NIV-663506AB6ED5174F | BASKET | DOUBLE_TWIST | CHANNEL | GOLD | KT_18 | 1ct | imgs:3
[02:00:36][CUSHION] [4886] ? NIV-663506AB6ED5174F | BASKET | DOUBLE_TWIST | CHANNEL | GOLD | KT_18 | 1ct | imgs:3
[02:00:42][CUSHION] [4887] ? NIV-663506AB6ED5174F | BASKET | DOUBLE_TWIST | CHANNEL | GOLD | KT_18 | 1ct | imgs:3
[02:00:45][CUSHION] [4888] ? NIV-0460F8DF6024EB07 | BASKET | DOUBLE_TWIST | CHANNEL | GOLD | KT_18 | 1ct | imgs:3
[02:00:48][CUSHION] [4889] ? NIV-0460F8DF6024EB07 | BASKET | DOUBLE_TWIST | CHANNEL | GOLD | KT_18 | 1ct | imgs:3
[02:00:52][CUSHION] [4890] ? NIV-0460F8DF6024EB07 | BASKET | DOUBLE_TWIST | CHANNEL | GOLD | KT_18 | 1ct | imgs:3
[02:00:54][CUSHION] [4891] ? NIV-469AA2C223F14BB4 | BASKET | DOUBLE_TWIST | CHANNEL | PLATINUM | PT_950 | 1ct | imgs:3
[02:01:00][CUSHION] [4892] ? NIV-7C10A1D52B7C8DF4 | BASKET | DOUBLE_TWIST | CHANNEL | GOLD | KT_10 | 1ct | imgs:3
[02:01:03][CUSHION] [4893] ? NIV-7C10A1D52B7C8DF4 | BASKET | DOUBLE_TWIST | CHANNEL | GOLD | KT_10 | 1ct | imgs:3
[02:01:09][CUSHION] [4894] ? NIV-7C10A1D52B7C8DF4 | BASKET | DOUBLE_TWIST | CHANNEL | GOLD | KT_10 | 1ct | imgs:3
[02:01:12][CUSHION] [4895] ? NIV-829ABA6F3E7D74FA | BASKET | DOUBLE_TWIST | CHANNEL | GOLD | KT_10 | 1ct | imgs:3
[02:01:18][CUSHION] [4896] ? NIV-829ABA6F3E7D74FA | BASKET | DOUBLE_TWIST | CHANNEL | GOLD | KT_10 | 1ct | imgs:3
[02:01:21][CUSHION] [4897] ? NIV-829ABA6F3E7D74FA | BASKET | DOUBLE_TWIST | CHANNEL | GOLD | KT_10 | 1ct | imgs:3
[02:01:24][CUSHION] [4898] ? NIV-D0E095B94D5560B3 | BASKET | DOUBLE_TWIST | CHANNEL | GOLD | KT_10 | 1ct | imgs:3
[02:01:27][CUSHION] [4899] ? NIV-D0E095B94D5560B3 | BASKET | DOUBLE_TWIST | CHANNEL | GOLD | KT_10 | 1ct | imgs:3
[02:01:31][CUSHION] [4900] ? NIV-D0E095B94D5560B3 | BASKET | DOUBLE_TWIST | CHANNEL | GOLD | KT_10 | 1ct | imgs:3
[02:01:33][CUSHION] [4901] ? NIV-6BD64695945BA74A | BASKET | DOUBLE_TWIST | CHANNEL | GOLD | KT_14 | 1ct | imgs:3
[02:01:39][CUSHION] [4902] ? NIV-6BD64695945BA74A | BASKET | DOUBLE_TWIST | CHANNEL | GOLD | KT_14 | 1ct | imgs:3
[02:01:43][CUSHION] [4903] ? NIV-6BD64695945BA74A | BASKET | DOUBLE_TWIST | CHANNEL | GOLD | KT_14 | 1ct | imgs:3
[02:01:45][CUSHION] [4904] ? NIV-74B23434F4C3B8F2 | BASKET | DOUBLE_TWIST | CHANNEL | GOLD | KT_14 | 1ct | imgs:3
[02:01:48][CUSHION] [4905] ? NIV-74B23434F4C3B8F2 | BASKET | DOUBLE_TWIST | CHANNEL | GOLD | KT_14 | 1ct | imgs:3
[02:01:51][CUSHION] [4906] ? NIV-74B23434F4C3B8F2 | BASKET | DOUBLE_TWIST | CHANNEL | GOLD | KT_14 | 1ct | imgs:3
[02:01:54][CUSHION] [4907] ? NIV-C69E70B553E425E1 | BASKET | DOUBLE_TWIST | CHANNEL | GOLD | KT_14 | 1ct | imgs:3
[02:01:58][CUSHION] [4908] ? NIV-C69E70B553E425E1 | BASKET | DOUBLE_TWIST | CHANNEL | GOLD | KT_14 | 1ct | imgs:3
[02:02:03][CUSHION] [4909] ? NIV-C69E70B553E425E1 | BASKET | DOUBLE_TWIST | CHANNEL | GOLD | KT_14 | 1ct | imgs:3
[02:02:07][CUSHION] [4910] ? NIV-3852ACC2B5D51DD6 | BASKET | DOUBLE_TWIST | CHANNEL | GOLD | KT_18 | 1ct | imgs:3
[02:02:12][CUSHION] [4911] ? NIV-3852ACC2B5D51DD6 | BASKET | DOUBLE_TWIST | CHANNEL | GOLD | KT_18 | 1ct | imgs:3
[02:02:15][CUSHION] [4912] ? NIV-3852ACC2B5D51DD6 | BASKET | DOUBLE_TWIST | CHANNEL | GOLD | KT_18 | 1ct | imgs:3
[02:02:18][CUSHION] [4913] ? NIV-6EF0BD9D6769F500 | BASKET | DOUBLE_TWIST | CHANNEL | GOLD | KT_18 | 1ct | imgs:3
[02:02:21][CUSHION] [4914] ? NIV-6EF0BD9D6769F500 | BASKET | DOUBLE_TWIST | CHANNEL | GOLD | KT_18 | 1ct | imgs:3
[02:02:27][CUSHION] [4915] ? NIV-6EF0BD9D6769F500 | BASKET | DOUBLE_TWIST | CHANNEL | GOLD | KT_18 | 1ct | imgs:3
[02:02:30][CUSHION] [4916] ? NIV-B126DB06763E23DB | BASKET | DOUBLE_TWIST | CHANNEL | GOLD | KT_18 | 1ct | imgs:3
[02:02:36][CUSHION] [4917] ? NIV-B126DB06763E23DB | BASKET | DOUBLE_TWIST | CHANNEL | GOLD | KT_18 | 1ct | imgs:3
[02:02:40][CUSHION] [4918] ? NIV-B126DB06763E23DB | BASKET | DOUBLE_TWIST | CHANNEL | GOLD | KT_18 | 1ct | imgs:3
[02:02:42][CUSHION] [4919] ? NIV-6D84B76FE86F5EF7 | BASKET | DOUBLE_TWIST | CHANNEL | PLATINUM | PT_950 | 1ct | imgs:3
[02:03:56][CUSHION]   Re-seleccionando CUSHION (intento 1)
[02:03:56][CUSHION]   Boton no encontrado ? recargando configurador...
[02:04:12][CUSHION]   Re-seleccionando CUSHION (intento 2)
[02:04:14][CUSHION]   POST-CLICK: {'ap': 'true', 'ac': None, 'classes': 'MuiButtonBase-root|MuiToggleButtonGroup-grouped|MuiToggleButtonGroup-groupedHorizontal|MuiToggleButton-root|Mui-selected|MuiToggleButton-sizeMedium|MuiToggleButton-standard|jewellery-configurator-toggle-button|MuiToggleButtonGroup-middleButton|css-66ecda'}
[02:07:15][CUSHION] [5004] ? NIV-12FCBFA6F0B4022C | BASKET | DOUBLE_TWIST | PRONG | GOLD | KT_10 | 1ct | imgs:3
[02:07:18][CUSHION] [5005] ? NIV-12FCBFA6F0B4022C | BASKET | DOUBLE_TWIST | PRONG | GOLD | KT_10 | 1ct | imgs:3
[02:07:21][CUSHION] [5006] ? NIV-12FCBFA6F0B4022C | BASKET | DOUBLE_TWIST | PRONG | GOLD | KT_10 | 1ct | imgs:3
[02:07:24][CUSHION] [5007] ? NIV-60D6C262580091C2 | BASKET | DOUBLE_TWIST | PRONG | GOLD | KT_10 | 1ct | imgs:3
[02:07:27][CUSHION] [5008] ? NIV-60D6C262580091C2 | BASKET | DOUBLE_TWIST | PRONG | GOLD | KT_10 | 1ct | imgs:3
[02:07:33][CUSHION] [5009] ? NIV-60D6C262580091C2 | BASKET | DOUBLE_TWIST | PRONG | GOLD | KT_10 | 1ct | imgs:3
[02:07:36][CUSHION] [5010] ? NIV-1F3DCFECA6E7D778 | BASKET | DOUBLE_TWIST | PRONG | GOLD | KT_10 | 1ct | imgs:3
[02:07:42][CUSHION] [5011] ? NIV-1F3DCFECA6E7D778 | BASKET | DOUBLE_TWIST | PRONG | GOLD | KT_10 | 1ct | imgs:3
[02:07:45][CUSHION] [5012] ? NIV-1F3DCFECA6E7D778 | BASKET | DOUBLE_TWIST | PRONG | GOLD | KT_10 | 1ct | imgs:3
[02:07:48][CUSHION] [5013] ? NIV-48331762558C0DB0 | BASKET | DOUBLE_TWIST | PRONG | GOLD | KT_14 | 1ct | imgs:3
[02:07:54][CUSHION] [5014] ? NIV-48331762558C0DB0 | BASKET | DOUBLE_TWIST | PRONG | GOLD | KT_14 | 1ct | imgs:3
[02:07:57][CUSHION] [5015] ? NIV-48331762558C0DB0 | BASKET | DOUBLE_TWIST | PRONG | GOLD | KT_14 | 1ct | imgs:3
[02:07:59][CUSHION] [5016] ? NIV-459D48FAAA61E900 | BASKET | DOUBLE_TWIST | PRONG | GOLD | KT_14 | 1ct | imgs:3
[02:08:03][CUSHION] [5017] ? NIV-459D48FAAA61E900 | BASKET | DOUBLE_TWIST | PRONG | GOLD | KT_14 | 1ct | imgs:3
[02:08:09][CUSHION] [5018] ? NIV-459D48FAAA61E900 | BASKET | DOUBLE_TWIST | PRONG | GOLD | KT_14 | 1ct | imgs:3
[02:08:12][CUSHION] [5019] ? NIV-06FCCE4B094BEA8C | BASKET | DOUBLE_TWIST | PRONG | GOLD | KT_14 | 1ct | imgs:3
[02:08:18][CUSHION] [5020] ? NIV-06FCCE4B094BEA8C | BASKET | DOUBLE_TWIST | PRONG | GOLD | KT_14 | 1ct | imgs:3
[02:08:21][CUSHION] [5021] ? NIV-06FCCE4B094BEA8C | BASKET | DOUBLE_TWIST | PRONG | GOLD | KT_14 | 1ct | imgs:3
[02:08:26][CUSHION] [5022] ? NIV-733B3FDFB0A8DC1A | BASKET | DOUBLE_TWIST | PRONG | GOLD | KT_18 | 1ct | imgs:3
[02:08:30][CUSHION] [5023] ? NIV-733B3FDFB0A8DC1A | BASKET | DOUBLE_TWIST | PRONG | GOLD | KT_18 | 1ct | imgs:3
[02:08:36][CUSHION] [5024] ? NIV-733B3FDFB0A8DC1A | BASKET | DOUBLE_TWIST | PRONG | GOLD | KT_18 | 1ct | imgs:3
[02:08:39][CUSHION] [5025] ? NIV-526CFE1EDAB705AF | BASKET | DOUBLE_TWIST | PRONG | GOLD | KT_18 | 1ct | imgs:3
[02:08:42][CUSHION] [5026] ? NIV-526CFE1EDAB705AF | BASKET | DOUBLE_TWIST | PRONG | GOLD | KT_18 | 1ct | imgs:3
[02:08:45][CUSHION] [5027] ? NIV-526CFE1EDAB705AF | BASKET | DOUBLE_TWIST | PRONG | GOLD | KT_18 | 1ct | imgs:3
[02:08:47][CUSHION] [5028] ? NIV-2F6D517FB0BCD875 | BASKET | DOUBLE_TWIST | PRONG | GOLD | KT_18 | 1ct | imgs:3
[02:08:51][CUSHION] [5029] ? NIV-2F6D517FB0BCD875 | BASKET | DOUBLE_TWIST | PRONG | GOLD | KT_18 | 1ct | imgs:3
[02:08:57][CUSHION] [5030] ? NIV-2F6D517FB0BCD875 | BASKET | DOUBLE_TWIST | PRONG | GOLD | KT_18 | 1ct | imgs:3
[02:08:59][CUSHION] [5031] ? NIV-42005551AA05846D | BASKET | DOUBLE_TWIST | PRONG | PLATINUM | PT_950 | 1ct | imgs:3
[02:09:06][CUSHION] [5032] ? NIV-2A4AD933D3F07A1E | BASKET | DOUBLE_TWIST | PRONG | GOLD | KT_10 | 1ct | imgs:3
[02:09:09][CUSHION] [5033] ? NIV-2A4AD933D3F07A1E | BASKET | DOUBLE_TWIST | PRONG | GOLD | KT_10 | 1ct | imgs:3
[02:09:15][CUSHION] [5034] ? NIV-2A4AD933D3F07A1E | BASKET | DOUBLE_TWIST | PRONG | GOLD | KT_10 | 1ct | imgs:3
[02:09:17][CUSHION] [5035] ? NIV-6D3F0113CD1F7D24 | BASKET | DOUBLE_TWIST | PRONG | GOLD | KT_10 | 1ct | imgs:3
[02:09:21][CUSHION] [5036] ? NIV-6D3F0113CD1F7D24 | BASKET | DOUBLE_TWIST | PRONG | GOLD | KT_10 | 1ct | imgs:3
[02:09:26][CUSHION] [5037] ? NIV-6D3F0113CD1F7D24 | BASKET | DOUBLE_TWIST | PRONG | GOLD | KT_10 | 1ct | imgs:3
[02:09:30][CUSHION] [5038] ? NIV-9733A78884569980 | BASKET | DOUBLE_TWIST | PRONG | GOLD | KT_10 | 1ct | imgs:3
[02:09:33][CUSHION] [5039] ? NIV-9733A78884569980 | BASKET | DOUBLE_TWIST | PRONG | GOLD | KT_10 | 1ct | imgs:3
[02:09:39][CUSHION] [5040] ? NIV-9733A78884569980 | BASKET | DOUBLE_TWIST | PRONG | GOLD | KT_10 | 1ct | imgs:3
[02:09:49][CUSHION] [5041] ? NIV-95C6FDA46CB891B7 | BASKET | DOUBLE_TWIST | PRONG | GOLD | KT_14 | 1ct | imgs:3
[02:09:54][CUSHION] [5042] ? NIV-95C6FDA46CB891B7 | BASKET | DOUBLE_TWIST | PRONG | GOLD | KT_14 | 1ct | imgs:3
[02:09:57][CUSHION] [5043] ? NIV-95C6FDA46CB891B7 | BASKET | DOUBLE_TWIST | PRONG | GOLD | KT_14 | 1ct | imgs:3
[02:10:00][CUSHION] [5044] ? NIV-677EE5E9674DD26B | BASKET | DOUBLE_TWIST | PRONG | GOLD | KT_14 | 1ct | imgs:3
[02:10:03][CUSHION] [5045] ? NIV-677EE5E9674DD26B | BASKET | DOUBLE_TWIST | PRONG | GOLD | KT_14 | 1ct | imgs:3
[02:10:09][CUSHION] [5046] ? NIV-677EE5E9674DD26B | BASKET | DOUBLE_TWIST | PRONG | GOLD | KT_14 | 1ct | imgs:3
[02:10:11][CUSHION] [5047] ? NIV-82E28490B591EC15 | BASKET | DOUBLE_TWIST | PRONG | GOLD | KT_14 | 1ct | imgs:3
[02:10:15][CUSHION] [5048] ? NIV-82E28490B591EC15 | BASKET | DOUBLE_TWIST | PRONG | GOLD | KT_14 | 1ct | imgs:3
[02:10:18][CUSHION] [5049] ? NIV-82E28490B591EC15 | BASKET | DOUBLE_TWIST | PRONG | GOLD | KT_14 | 1ct | imgs:3
[02:10:21][CUSHION] [5050] ? NIV-E0BD7282260E2ED6 | BASKET | DOUBLE_TWIST | PRONG | GOLD | KT_18 | 1ct | imgs:3
[02:10:24][CUSHION] [5051] ? NIV-E0BD7282260E2ED6 | BASKET | DOUBLE_TWIST | PRONG | GOLD | KT_18 | 1ct | imgs:3
[02:10:30][CUSHION] [5052] ? NIV-E0BD7282260E2ED6 | BASKET | DOUBLE_TWIST | PRONG | GOLD | KT_18 | 1ct | imgs:3
[02:10:32][CUSHION] [5053] ? NIV-6A38C1E584A9C26A | BASKET | DOUBLE_TWIST | PRONG | GOLD | KT_18 | 1ct | imgs:3
[02:10:36][CUSHION] [5054] ? NIV-6A38C1E584A9C26A | BASKET | DOUBLE_TWIST | PRONG | GOLD | KT_18 | 1ct | imgs:3
[02:10:42][CUSHION] [5055] ? NIV-6A38C1E584A9C26A | BASKET | DOUBLE_TWIST | PRONG | GOLD | KT_18 | 1ct | imgs:3
[02:10:45][CUSHION] [5056] ? NIV-458FE52D26A208A3 | BASKET | DOUBLE_TWIST | PRONG | GOLD | KT_18 | 1ct | imgs:3
[02:10:50][CUSHION] [5057] ? NIV-458FE52D26A208A3 | BASKET | DOUBLE_TWIST | PRONG | GOLD | KT_18 | 1ct | imgs:3
[02:10:54][CUSHION] [5058] ? NIV-458FE52D26A208A3 | BASKET | DOUBLE_TWIST | PRONG | GOLD | KT_18 | 1ct | imgs:3
[02:10:57][CUSHION] [5059] ? NIV-663049CC1F49E895 | BASKET | DOUBLE_TWIST | PRONG | PLATINUM | PT_950 | 1ct | imgs:3
[02:11:03][CUSHION] [5060] ? NIV-5C66C1B7C93B9A01 | BASKET | DOUBLE_TWIST | PRONG | GOLD | KT_10 | 1ct | imgs:3
[02:11:06][CUSHION] [5061] ? NIV-5C66C1B7C93B9A01 | BASKET | DOUBLE_TWIST | PRONG | GOLD | KT_10 | 1ct | imgs:3
[02:11:11][CUSHION] [5062] ? NIV-5C66C1B7C93B9A01 | BASKET | DOUBLE_TWIST | PRONG | GOLD | KT_10 | 1ct | imgs:3
[02:11:23][CUSHION] [5063] ??  NIV-5C66C1B7C93B9A01 | BASKET | DOUBLE_TWIST | PRONG | GOLD | KT_10 | 1ct | imgs:0
[02:11:35][CUSHION] [5064] ??  NIV-5C66C1B7C93B9A01 | BASKET | DOUBLE_TWIST | PRONG | GOLD | KT_10 | 1ct | imgs:0
[02:11:41][CUSHION] [5065] ? NIV-DDFC004AD625D92C | BASKET | DOUBLE_TWIST | PRONG | GOLD | KT_10 | 1ct | imgs:3
[02:11:45][CUSHION] [5066] ? NIV-AE688BE0ABD8CFA2 | BASKET | DOUBLE_TWIST | PRONG | GOLD | KT_10 | 1ct | imgs:3
[02:11:48][CUSHION] [5067] ? NIV-AE688BE0ABD8CFA2 | BASKET | DOUBLE_TWIST | PRONG | GOLD | KT_10 | 1ct | imgs:3
[02:11:53][CUSHION] [5068] ? NIV-AE688BE0ABD8CFA2 | BASKET | DOUBLE_TWIST | PRONG | GOLD | KT_10 | 1ct | imgs:3
[02:11:57][CUSHION] [5069] ? NIV-C2ED656FF336814A | BASKET | DOUBLE_TWIST | PRONG | GOLD | KT_14 | 1ct | imgs:3
[02:12:00][CUSHION] [5070] ? NIV-C2ED656FF336814A | BASKET | DOUBLE_TWIST | PRONG | GOLD | KT_14 | 1ct | imgs:3
[02:12:06][CUSHION] [5071] ? NIV-C2ED656FF336814A | BASKET | DOUBLE_TWIST | PRONG | GOLD | KT_14 | 1ct | imgs:3
[02:12:09][CUSHION] [5072] ? NIV-DCF5A7CF4BBB99FF | BASKET | DOUBLE_TWIST | PRONG | GOLD | KT_14 | 1ct | imgs:3
[02:12:12][CUSHION] [5073] ? NIV-DCF5A7CF4BBB99FF | BASKET | DOUBLE_TWIST | PRONG | GOLD | KT_14 | 1ct | imgs:3
[02:12:15][CUSHION] [5074] ? NIV-DCF5A7CF4BBB99FF | BASKET | DOUBLE_TWIST | PRONG | GOLD | KT_14 | 1ct | imgs:3
[02:12:18][CUSHION] [5075] ? NIV-ADE2B0E84E98E541 | BASKET | DOUBLE_TWIST | PRONG | GOLD | KT_14 | 1ct | imgs:3
[02:12:21][CUSHION] [5076] ? NIV-ADE2B0E84E98E541 | BASKET | DOUBLE_TWIST | PRONG | GOLD | KT_14 | 1ct | imgs:3
[02:12:24][CUSHION] [5077] ? NIV-ADE2B0E84E98E541 | BASKET | DOUBLE_TWIST | PRONG | GOLD | KT_14 | 1ct | imgs:3
[02:12:30][CUSHION] [5078] ? NIV-F8757DA17969FD95 | BASKET | DOUBLE_TWIST | PRONG | GOLD | KT_18 | 1ct | imgs:3
[02:12:33][CUSHION] [5079] ? NIV-F8757DA17969FD95 | BASKET | DOUBLE_TWIST | PRONG | GOLD | KT_18 | 1ct | imgs:3
[02:12:39][CUSHION] [5080] ? NIV-F8757DA17969FD95 | BASKET | DOUBLE_TWIST | PRONG | GOLD | KT_18 | 1ct | imgs:3
[02:12:42][CUSHION] [5081] ? NIV-A3F78292B09A5533 | BASKET | DOUBLE_TWIST | PRONG | GOLD | KT_18 | 1ct | imgs:3
[02:12:45][CUSHION] [5082] ? NIV-A3F78292B09A5533 | BASKET | DOUBLE_TWIST | PRONG | GOLD | KT_18 | 1ct | imgs:3
[02:12:51][CUSHION] [5083] ? NIV-A3F78292B09A5533 | BASKET | DOUBLE_TWIST | PRONG | GOLD | KT_18 | 1ct | imgs:3
[02:12:54][CUSHION] [5084] ? NIV-AEFE7D064176920B | BASKET | DOUBLE_TWIST | PRONG | GOLD | KT_18 | 1ct | imgs:3
[02:12:59][CUSHION] [5085] ? NIV-AEFE7D064176920B | BASKET | DOUBLE_TWIST | PRONG | GOLD | KT_18 | 1ct | imgs:3
[02:13:03][CUSHION] [5086] ? NIV-AEFE7D064176920B | BASKET | DOUBLE_TWIST | PRONG | GOLD | KT_18 | 1ct | imgs:3
[02:13:06][CUSHION] [5087] ? NIV-69451CE606A588A9 | BASKET | DOUBLE_TWIST | PRONG | PLATINUM | PT_950 | 1ct | imgs:3
[02:13:12][CUSHION] [5088] ? NIV-9A429C92364403D8 | BASKET | DOUBLE_TWIST | PRONG | GOLD | KT_10 | 1ct | imgs:3
[02:13:15][CUSHION] [5089] ? NIV-9A429C92364403D8 | BASKET | DOUBLE_TWIST | PRONG | GOLD | KT_10 | 1ct | imgs:3
[02:13:20][CUSHION] [5090] ? NIV-9A429C92364403D8 | BASKET | DOUBLE_TWIST | PRONG | GOLD | KT_10 | 1ct | imgs:3
[02:13:23][CUSHION] [5091] ? NIV-DCF3C77FD73CC7B0 | BASKET | DOUBLE_TWIST | PRONG | GOLD | KT_10 | 1ct | imgs:3
[02:13:27][CUSHION] [5092] ? NIV-DCF3C77FD73CC7B0 | BASKET | DOUBLE_TWIST | PRONG | GOLD | KT_10 | 1ct | imgs:3
[02:13:30][CUSHION] [5093] ? NIV-DCF3C77FD73CC7B0 | BASKET | DOUBLE_TWIST | PRONG | GOLD | KT_10 | 1ct | imgs:3
[02:13:33][CUSHION] [5094] ? NIV-5BA00A54A15E03FD | BASKET | DOUBLE_TWIST | PRONG | GOLD | KT_10 | 1ct | imgs:2
[02:13:36][CUSHION] [5095] ? NIV-5BA00A54A15E03FD | BASKET | DOUBLE_TWIST | PRONG | GOLD | KT_10 | 1ct | imgs:3
[02:13:39][CUSHION] [5096] ? NIV-5BA00A54A15E03FD | BASKET | DOUBLE_TWIST | PRONG | GOLD | KT_10 | 1ct | imgs:3
[02:13:50][CUSHION] [5097] ??  NIV-5BA00A54A15E03FD | BASKET | DOUBLE_TWIST | PRONG | GOLD | KT_14 | 1ct | imgs:0
[02:14:02][CUSHION] [5098] ??  NIV-5BA00A54A15E03FD | BASKET | DOUBLE_TWIST | PRONG | GOLD | KT_14 | 1ct | imgs:0
[02:14:14][CUSHION] [5099] ??  NIV-5BA00A54A15E03FD | BASKET | DOUBLE_TWIST | PRONG | GOLD | KT_14 | 1ct | imgs:0
[02:14:18][CUSHION] [5100] ? NIV-D527DCE9600A602C | BASKET | DOUBLE_TWIST | PRONG | GOLD | KT_14 | 1ct | imgs:3
[02:14:21][CUSHION] [5101] ? NIV-D527DCE9600A602C | BASKET | DOUBLE_TWIST | PRONG | GOLD | KT_14 | 1ct | imgs:3
[02:14:24][CUSHION] [5102] ? NIV-D527DCE9600A602C | BASKET | DOUBLE_TWIST | PRONG | GOLD | KT_14 | 1ct | imgs:3
[02:14:30][CUSHION] [5103] ? NIV-7030C8B166F7433A | BASKET | DOUBLE_TWIST | PRONG | GOLD | KT_14 | 1ct | imgs:2
[02:14:36][CUSHION] [5104] ? NIV-7030C8B166F7433A | BASKET | DOUBLE_TWIST | PRONG | GOLD | KT_14 | 1ct | imgs:3
[02:14:39][CUSHION] [5105] ? NIV-7030C8B166F7433A | BASKET | DOUBLE_TWIST | PRONG | GOLD | KT_14 | 1ct | imgs:3
[02:14:45][CUSHION] [5106] ? NIV-5A20CFD31D0D7039 | BASKET | DOUBLE_TWIST | PRONG | GOLD | KT_18 | 1ct | imgs:3
[02:14:48][CUSHION] [5107] ? NIV-5A20CFD31D0D7039 | BASKET | DOUBLE_TWIST | PRONG | GOLD | KT_18 | 1ct | imgs:3
[02:14:53][CUSHION] [5108] ? NIV-5A20CFD31D0D7039 | BASKET | DOUBLE_TWIST | PRONG | GOLD | KT_18 | 1ct | imgs:3
[02:14:57][CUSHION] [5109] ? NIV-2023F2BFBDF344AA | BASKET | DOUBLE_TWIST | PRONG | GOLD | KT_18 | 1ct | imgs:3
[02:15:00][CUSHION] [5110] ? NIV-2023F2BFBDF344AA | BASKET | DOUBLE_TWIST | PRONG | GOLD | KT_18 | 1ct | imgs:3
[02:15:05][CUSHION] [5111] ? NIV-2023F2BFBDF344AA | BASKET | DOUBLE_TWIST | PRONG | GOLD | KT_18 | 1ct | imgs:3
[02:15:08][CUSHION] [5112] ? NIV-7B89993582DC4052 | BASKET | DOUBLE_TWIST | PRONG | GOLD | KT_18 | 1ct | imgs:3
[02:15:12][CUSHION] [5113] ? NIV-7B89993582DC4052 | BASKET | DOUBLE_TWIST | PRONG | GOLD | KT_18 | 1ct | imgs:3
[02:15:15][CUSHION] [5114] ? NIV-7B89993582DC4052 | BASKET | DOUBLE_TWIST | PRONG | GOLD | KT_18 | 1ct | imgs:3
[02:15:18][CUSHION] [5115] ? NIV-35B8E8C59115C065 | BASKET | DOUBLE_TWIST | PRONG | PLATINUM | PT_950 | 1ct | imgs:3
[02:15:24][CUSHION] [5116] ? NIV-C3ABBD680779A01A | BASKET | DOUBLE_TWIST | PRONG | GOLD | KT_10 | 1ct | imgs:3
[02:15:27][CUSHION] [5117] ? NIV-C3ABBD680779A01A | BASKET | DOUBLE_TWIST | PRONG | GOLD | KT_10 | 1ct | imgs:3
[02:15:30][CUSHION] [5118] ? NIV-C3ABBD680779A01A | BASKET | DOUBLE_TWIST | PRONG | GOLD | KT_10 | 1ct | imgs:3
[02:15:33][CUSHION] [5119] ? NIV-FA1A9230EC9A7AB5 | BASKET | DOUBLE_TWIST | PRONG | GOLD | KT_10 | 1ct | imgs:2
[02:15:39][CUSHION] [5120] ? NIV-FA1A9230EC9A7AB5 | BASKET | DOUBLE_TWIST | PRONG | GOLD | KT_10 | 1ct | imgs:3
[02:15:42][CUSHION] [5121] ? NIV-FA1A9230EC9A7AB5 | BASKET | DOUBLE_TWIST | PRONG | GOLD | KT_10 | 1ct | imgs:3
[02:15:44][CUSHION] [5122] ? NIV-60C06F568069673E | BASKET | DOUBLE_TWIST | PRONG | GOLD | KT_10 | 1ct | imgs:3
[02:15:48][CUSHION] [5123] ? NIV-60C06F568069673E | BASKET | DOUBLE_TWIST | PRONG | GOLD | KT_10 | 1ct | imgs:3
[02:15:53][CUSHION] [5124] ? NIV-60C06F568069673E | BASKET | DOUBLE_TWIST | PRONG | GOLD | KT_10 | 1ct | imgs:3
[02:15:59][CUSHION] [5125] ? NIV-DDBC49E054C1094D | BASKET | DOUBLE_TWIST | PRONG | GOLD | KT_14 | 1ct | imgs:3
[02:16:03][CUSHION] [5126] ? NIV-DDBC49E054C1094D | BASKET | DOUBLE_TWIST | PRONG | GOLD | KT_14 | 1ct | imgs:3
[02:16:06][CUSHION] [5127] ? NIV-DDBC49E054C1094D | BASKET | DOUBLE_TWIST | PRONG | GOLD | KT_14 | 1ct | imgs:3
[02:16:09][CUSHION] [5128] ? NIV-A91B8B1895E1239B | BASKET | DOUBLE_TWIST | PRONG | GOLD | KT_14 | 1ct | imgs:3
[02:16:12][CUSHION] [5129] ? NIV-A91B8B1895E1239B | BASKET | DOUBLE_TWIST | PRONG | GOLD | KT_14 | 1ct | imgs:3
[02:16:18][CUSHION] [5130] ? NIV-A91B8B1895E1239B | BASKET | DOUBLE_TWIST | PRONG | GOLD | KT_14 | 1ct | imgs:3
[02:16:21][CUSHION] [5131] ? NIV-C5941920B68F329C | BASKET | DOUBLE_TWIST | PRONG | GOLD | KT_14 | 1ct | imgs:3
[02:16:24][CUSHION] [5132] ? NIV-C5941920B68F329C | BASKET | DOUBLE_TWIST | PRONG | GOLD | KT_14 | 1ct | imgs:3
[02:16:30][CUSHION] [5133] ? NIV-C5941920B68F329C | BASKET | DOUBLE_TWIST | PRONG | GOLD | KT_14 | 1ct | imgs:3
[02:16:36][CUSHION] [5134] ? NIV-BC0B521DC8C2302C | BASKET | DOUBLE_TWIST | PRONG | GOLD | KT_18 | 1ct | imgs:3
[02:16:39][CUSHION] [5135] ? NIV-BC0B521DC8C2302C | BASKET | DOUBLE_TWIST | PRONG | GOLD | KT_18 | 1ct | imgs:3
[02:16:42][CUSHION] [5136] ? NIV-BC0B521DC8C2302C | BASKET | DOUBLE_TWIST | PRONG | GOLD | KT_18 | 1ct | imgs:3
[02:16:45][CUSHION] [5137] ? NIV-7AD548942BE523A0 | BASKET | DOUBLE_TWIST | PRONG | GOLD | KT_18 | 1ct | imgs:3
[02:16:48][CUSHION] [5138] ? NIV-7AD548942BE523A0 | BASKET | DOUBLE_TWIST | PRONG | GOLD | KT_18 | 1ct | imgs:3
[02:16:51][CUSHION] [5139] ? NIV-7AD548942BE523A0 | BASKET | DOUBLE_TWIST | PRONG | GOLD | KT_18 | 1ct | imgs:3
[02:16:54][CUSHION] [5140] ? NIV-4284415F64067319 | BASKET | DOUBLE_TWIST | PRONG | GOLD | KT_18 | 1ct | imgs:3
[02:16:59][CUSHION] [5141] ? NIV-4284415F64067319 | BASKET | DOUBLE_TWIST | PRONG | GOLD | KT_18 | 1ct | imgs:3
[02:17:03][CUSHION] [5142] ? NIV-4284415F64067319 | BASKET | DOUBLE_TWIST | PRONG | GOLD | KT_18 | 1ct | imgs:3
[02:17:06][CUSHION] [5143] ? NIV-92135F7225513C0F | BASKET | DOUBLE_TWIST | PRONG | PLATINUM | PT_950 | 1ct | imgs:3
[02:17:12][CUSHION] [5144] ? NIV-0F93448384FCB39F | BASKET | DOUBLE_TWIST | PRONG | GOLD | KT_10 | 1ct | imgs:3
[02:17:18][CUSHION] [5145] ? NIV-0F93448384FCB39F | BASKET | DOUBLE_TWIST | PRONG | GOLD | KT_10 | 1ct | imgs:3
[02:17:21][CUSHION] [5146] ? NIV-0F93448384FCB39F | BASKET | DOUBLE_TWIST | PRONG | GOLD | KT_10 | 1ct | imgs:3
[02:17:24][CUSHION] [5147] ? NIV-AE8AD8DB614DBD18 | BASKET | DOUBLE_TWIST | PRONG | GOLD | KT_10 | 1ct | imgs:3
[02:17:30][CUSHION] [5148] ? NIV-AE8AD8DB614DBD18 | BASKET | DOUBLE_TWIST | PRONG | GOLD | KT_10 | 1ct | imgs:3
[02:17:33][CUSHION] [5149] ? NIV-AE8AD8DB614DBD18 | BASKET | DOUBLE_TWIST | PRONG | GOLD | KT_10 | 1ct | imgs:3
[02:17:36][CUSHION] [5150] ? NIV-E56DFB1E29439C21 | BASKET | DOUBLE_TWIST | PRONG | GOLD | KT_10 | 1ct | imgs:3
[02:17:39][CUSHION] [5151] ? NIV-E56DFB1E29439C21 | BASKET | DOUBLE_TWIST | PRONG | GOLD | KT_10 | 1ct | imgs:3
[02:17:45][CUSHION] [5152] ? NIV-E56DFB1E29439C21 | BASKET | DOUBLE_TWIST | PRONG | GOLD | KT_10 | 1ct | imgs:3
[02:17:56][CUSHION] [5153] ??  NIV-55C26D8BA7ADB0F6 | BASKET | DOUBLE_TWIST | PRONG | GOLD | KT_14 | 1ct | imgs:0
[02:18:00][CUSHION] [5154] ? NIV-5CD6D9309B804A00 | BASKET | DOUBLE_TWIST | PRONG | GOLD | KT_14 | 1ct | imgs:1
[02:18:06][CUSHION] [5155] ? NIV-5CD6D9309B804A00 | BASKET | DOUBLE_TWIST | PRONG | GOLD | KT_14 | 1ct | imgs:3
[02:18:09][CUSHION] [5156] ? NIV-935E3D42BE08F295 | BASKET | DOUBLE_TWIST | PRONG | GOLD | KT_14 | 1ct | imgs:3
[02:18:12][CUSHION] [5157] ? NIV-935E3D42BE08F295 | BASKET | DOUBLE_TWIST | PRONG | GOLD | KT_14 | 1ct | imgs:3
[02:18:18][CUSHION] [5158] ? NIV-935E3D42BE08F295 | BASKET | DOUBLE_TWIST | PRONG | GOLD | KT_14 | 1ct | imgs:3
[02:18:21][CUSHION] [5159] ? NIV-55C26D8BA7ADB0F6 | BASKET | DOUBLE_TWIST | PRONG | GOLD | KT_14 | 1ct | imgs:3
[02:18:26][CUSHION] [5160] ? NIV-55C26D8BA7ADB0F6 | BASKET | DOUBLE_TWIST | PRONG | GOLD | KT_14 | 1ct | imgs:3
[02:18:30][CUSHION] [5161] ? NIV-55C26D8BA7ADB0F6 | BASKET | DOUBLE_TWIST | PRONG | GOLD | KT_14 | 1ct | imgs:3
[02:18:36][CUSHION] [5162] ? NIV-3DE2DCD10A1BEF5E | BASKET | DOUBLE_TWIST | PRONG | GOLD | KT_18 | 1ct | imgs:3
[02:18:39][CUSHION] [5163] ? NIV-3DE2DCD10A1BEF5E | BASKET | DOUBLE_TWIST | PRONG | GOLD | KT_18 | 1ct | imgs:3
[02:18:42][CUSHION] [5164] ? NIV-3DE2DCD10A1BEF5E | BASKET | DOUBLE_TWIST | PRONG | GOLD | KT_18 | 1ct | imgs:3
[02:18:45][CUSHION] [5165] ? NIV-B34369FCAE1B2C1D | BASKET | DOUBLE_TWIST | PRONG | GOLD | KT_18 | 1ct | imgs:3
[02:18:48][CUSHION] [5166] ? NIV-B34369FCAE1B2C1D | BASKET | DOUBLE_TWIST | PRONG | GOLD | KT_18 | 1ct | imgs:3
[02:18:53][CUSHION] [5167] ? NIV-B34369FCAE1B2C1D | BASKET | DOUBLE_TWIST | PRONG | GOLD | KT_18 | 1ct | imgs:3
[02:18:56][CUSHION] [5168] ? NIV-98887156B568DF4C | BASKET | DOUBLE_TWIST | PRONG | GOLD | KT_18 | 1ct | imgs:3
[02:19:00][CUSHION] [5169] ? NIV-98887156B568DF4C | BASKET | DOUBLE_TWIST | PRONG | GOLD | KT_18 | 1ct | imgs:3
[02:19:03][CUSHION] [5170] ? NIV-98887156B568DF4C | BASKET | DOUBLE_TWIST | PRONG | GOLD | KT_18 | 1ct | imgs:3
[02:19:06][CUSHION] [5171] ? NIV-BFD49212C27AD782 | BASKET | DOUBLE_TWIST | PRONG | PLATINUM | PT_950 | 1ct | imgs:3
[02:19:15][CUSHION] [5172] ? NIV-AEAC97C9548850F7 | BASKET | DOUBLE_TWIST | PRONG | GOLD | KT_10 | 1ct | imgs:3
[02:19:18][CUSHION] [5173] ? NIV-AEAC97C9548850F7 | BASKET | DOUBLE_TWIST | PRONG | GOLD | KT_10 | 1ct | imgs:3
[02:19:21][CUSHION] [5174] ? NIV-AEAC97C9548850F7 | BASKET | DOUBLE_TWIST | PRONG | GOLD | KT_10 | 1ct | imgs:3
[02:19:24][CUSHION] [5175] ? NIV-6EDF209FD74F47DD | BASKET | DOUBLE_TWIST | PRONG | GOLD | KT_10 | 1ct | imgs:3
[02:19:27][CUSHION] [5176] ? NIV-6EDF209FD74F47DD | BASKET | DOUBLE_TWIST | PRONG | GOLD | KT_10 | 1ct | imgs:3
[02:19:30][CUSHION] [5177] ? NIV-6EDF209FD74F47DD | BASKET | DOUBLE_TWIST | PRONG | GOLD | KT_10 | 1ct | imgs:3
[02:19:33][CUSHION] [5178] ? NIV-56053C2A85661AF9 | BASKET | DOUBLE_TWIST | PRONG | GOLD | KT_10 | 1ct | imgs:3
[02:19:36][CUSHION] [5179] ? NIV-56053C2A85661AF9 | BASKET | DOUBLE_TWIST | PRONG | GOLD | KT_10 | 1ct | imgs:3
[02:19:42][CUSHION] [5180] ? NIV-56053C2A85661AF9 | BASKET | DOUBLE_TWIST | PRONG | GOLD | KT_10 | 1ct | imgs:3
[02:19:45][CUSHION] [5181] ? NIV-2901C1663FBBC4C9 | BASKET | DOUBLE_TWIST | PRONG | GOLD | KT_14 | 1ct | imgs:3
[02:19:48][CUSHION] [5182] ? NIV-2901C1663FBBC4C9 | BASKET | DOUBLE_TWIST | PRONG | GOLD | KT_14 | 1ct | imgs:3
[02:19:54][CUSHION] [5183] ? NIV-2901C1663FBBC4C9 | BASKET | DOUBLE_TWIST | PRONG | GOLD | KT_14 | 1ct | imgs:3
[02:19:57][CUSHION] [5184] ? NIV-BBD5D509D102B286 | BASKET | DOUBLE_TWIST | PRONG | GOLD | KT_14 | 1ct | imgs:3
[02:20:00][CUSHION] [5185] ? NIV-BBD5D509D102B286 | BASKET | DOUBLE_TWIST | PRONG | GOLD | KT_14 | 1ct | imgs:3
[02:20:06][CUSHION] [5186] ? NIV-BBD5D509D102B286 | BASKET | DOUBLE_TWIST | PRONG | GOLD | KT_14 | 1ct | imgs:3
[02:20:09][CUSHION] [5187] ? NIV-5D53E95FE1DB9C80 | BASKET | DOUBLE_TWIST | PRONG | GOLD | KT_14 | 1ct | imgs:3
[02:20:12][CUSHION] [5188] ? NIV-5D53E95FE1DB9C80 | BASKET | DOUBLE_TWIST | PRONG | GOLD | KT_14 | 1ct | imgs:3
[02:20:18][CUSHION] [5189] ? NIV-5D53E95FE1DB9C80 | BASKET | DOUBLE_TWIST | PRONG | GOLD | KT_14 | 1ct | imgs:3
[02:20:21][CUSHION] [5190] ? NIV-54140AFB49AEE35F | BASKET | DOUBLE_TWIST | PRONG | GOLD | KT_18 | 1ct | imgs:3
[02:20:24][CUSHION] [5191] ? NIV-54140AFB49AEE35F | BASKET | DOUBLE_TWIST | PRONG | GOLD | KT_18 | 1ct | imgs:3
[02:20:27][CUSHION] [5192] ? NIV-54140AFB49AEE35F | BASKET | DOUBLE_TWIST | PRONG | GOLD | KT_18 | 1ct | imgs:3
[02:20:30][CUSHION] [5193] ? NIV-647E2967A8BD5D1F | BASKET | DOUBLE_TWIST | PRONG | GOLD | KT_18 | 1ct | imgs:3
[02:20:33][CUSHION] [5194] ? NIV-647E2967A8BD5D1F | BASKET | DOUBLE_TWIST | PRONG | GOLD | KT_18 | 1ct | imgs:3
[02:20:36][CUSHION] [5195] ? NIV-647E2967A8BD5D1F | BASKET | DOUBLE_TWIST | PRONG | GOLD | KT_18 | 1ct | imgs:3
[02:20:39][CUSHION] [5196] ? NIV-56FB44C30DBC91EC | BASKET | DOUBLE_TWIST | PRONG | GOLD | KT_18 | 1ct | imgs:3
[02:20:42][CUSHION] [5197] ? NIV-56FB44C30DBC91EC | BASKET | DOUBLE_TWIST | PRONG | GOLD | KT_18 | 1ct | imgs:3
[02:20:47][CUSHION] [5198] ? NIV-56FB44C30DBC91EC | BASKET | DOUBLE_TWIST | PRONG | GOLD | KT_18 | 1ct | imgs:3
[02:20:51][CUSHION] [5199] ? NIV-7BC21EA78DD69422 | BASKET | DOUBLE_TWIST | PRONG | PLATINUM | PT_950 | 1ct | imgs:3
[02:20:57][CUSHION] [5200] ? NIV-FAE4F6E8B1CC8936 | BASKET | DOUBLE_TWIST | PRONG | GOLD | KT_10 | 1ct | imgs:3
[02:21:03][CUSHION] [5201] ? NIV-FAE4F6E8B1CC8936 | BASKET | DOUBLE_TWIST | PRONG | GOLD | KT_10 | 1ct | imgs:3
[02:21:06][CUSHION] [5202] ? NIV-FAE4F6E8B1CC8936 | BASKET | DOUBLE_TWIST | PRONG | GOLD | KT_10 | 1ct | imgs:3
[02:21:09][CUSHION] [5203] ? NIV-DA86025331253D44 | BASKET | DOUBLE_TWIST | PRONG | GOLD | KT_10 | 1ct | imgs:3
[02:21:15][CUSHION] [5204] ? NIV-DA86025331253D44 | BASKET | DOUBLE_TWIST | PRONG | GOLD | KT_10 | 1ct | imgs:3
[02:21:18][CUSHION] [5205] ? NIV-DA86025331253D44 | BASKET | DOUBLE_TWIST | PRONG | GOLD | KT_10 | 1ct | imgs:3
[02:21:20][CUSHION] [5206] ? NIV-8919EDA4CE4E14B3 | BASKET | DOUBLE_TWIST | PRONG | GOLD | KT_10 | 1ct | imgs:3
[02:21:24][CUSHION] [5207] ? NIV-8919EDA4CE4E14B3 | BASKET | DOUBLE_TWIST | PRONG | GOLD | KT_10 | 1ct | imgs:3
[02:21:30][CUSHION] [5208] ? NIV-8919EDA4CE4E14B3 | BASKET | DOUBLE_TWIST | PRONG | GOLD | KT_10 | 1ct | imgs:3
[02:21:33][CUSHION] [5209] ? NIV-64A9DF5872B826AB | BASKET | DOUBLE_TWIST | PRONG | GOLD | KT_14 | 1ct | imgs:1
[02:21:36][CUSHION] [5210] ? NIV-64A9DF5872B826AB | BASKET | DOUBLE_TWIST | PRONG | GOLD | KT_14 | 1ct | imgs:3
[02:21:42][CUSHION] [5211] ? NIV-64A9DF5872B826AB | BASKET | DOUBLE_TWIST | PRONG | GOLD | KT_14 | 1ct | imgs:3
[02:21:44][CUSHION] [5212] ? NIV-C0BC0E85A359951D | BASKET | DOUBLE_TWIST | PRONG | GOLD | KT_14 | 1ct | imgs:3
[02:21:48][CUSHION] [5213] ? NIV-C0BC0E85A359951D | BASKET | DOUBLE_TWIST | PRONG | GOLD | KT_14 | 1ct | imgs:3
[02:21:51][CUSHION] [5214] ? NIV-C0BC0E85A359951D | BASKET | DOUBLE_TWIST | PRONG | GOLD | KT_14 | 1ct | imgs:3
[02:21:54][CUSHION] [5215] ? NIV-47AB5670C61FF389 | BASKET | DOUBLE_TWIST | PRONG | GOLD | KT_14 | 1ct | imgs:3
[02:21:57][CUSHION] [5216] ? NIV-47AB5670C61FF389 | BASKET | DOUBLE_TWIST | PRONG | GOLD | KT_14 | 1ct | imgs:3
[02:22:00][CUSHION] [5217] ? NIV-47AB5670C61FF389 | BASKET | DOUBLE_TWIST | PRONG | GOLD | KT_14 | 1ct | imgs:3
[02:22:03][CUSHION] [5218] ? NIV-172B85C564918761 | BASKET | DOUBLE_TWIST | PRONG | GOLD | KT_18 | 1ct | imgs:3
[02:22:06][CUSHION] [5219] ? NIV-172B85C564918761 | BASKET | DOUBLE_TWIST | PRONG | GOLD | KT_18 | 1ct | imgs:3
[02:22:11][CUSHION] [5220] ? NIV-172B85C564918761 | BASKET | DOUBLE_TWIST | PRONG | GOLD | KT_18 | 1ct | imgs:3
[02:22:15][CUSHION] [5221] ? NIV-D81C09767544F627 | BASKET | DOUBLE_TWIST | PRONG | GOLD | KT_18 | 1ct | imgs:3
[02:22:18][CUSHION] [5222] ? NIV-D81C09767544F627 | BASKET | DOUBLE_TWIST | PRONG | GOLD | KT_18 | 1ct | imgs:3
[02:22:23][CUSHION] [5223] ? NIV-D81C09767544F627 | BASKET | DOUBLE_TWIST | PRONG | GOLD | KT_18 | 1ct | imgs:3
[02:22:27][CUSHION] [5224] ? NIV-AB8CCA7EFAF6FD36 | BASKET | DOUBLE_TWIST | PRONG | GOLD | KT_18 | 1ct | imgs:3
[02:22:30][CUSHION] [5225] ? NIV-AB8CCA7EFAF6FD36 | BASKET | DOUBLE_TWIST | PRONG | GOLD | KT_18 | 1ct | imgs:3
[02:22:33][CUSHION] [5226] ? NIV-AB8CCA7EFAF6FD36 | BASKET | DOUBLE_TWIST | PRONG | GOLD | KT_18 | 1ct | imgs:3
[02:22:35][CUSHION] [5227] ? NIV-0B1CE4B3340596A5 | BASKET | DOUBLE_TWIST | PRONG | PLATINUM | PT_950 | 1ct | imgs:3
[02:22:39][CUSHION] [5228] ? NIV-CB79AF092F57D297 | BASKET | DOUBLE_TWIST | PRONG | GOLD | KT_10 | 1ct | imgs:3
[02:22:42][CUSHION] [5229] ? NIV-CB79AF092F57D297 | BASKET | DOUBLE_TWIST | PRONG | GOLD | KT_10 | 1ct | imgs:3
[02:22:47][CUSHION] [5230] ? NIV-CB79AF092F57D297 | BASKET | DOUBLE_TWIST | PRONG | GOLD | KT_10 | 1ct | imgs:3
[02:22:51][CUSHION] [5231] ? NIV-B0B8D50744DCA822 | BASKET | DOUBLE_TWIST | PRONG | GOLD | KT_10 | 1ct | imgs:3
[02:22:54][CUSHION] [5232] ? NIV-B0B8D50744DCA822 | BASKET | DOUBLE_TWIST | PRONG | GOLD | KT_10 | 1ct | imgs:3
[02:23:00][CUSHION] [5233] ? NIV-B0B8D50744DCA822 | BASKET | DOUBLE_TWIST | PRONG | GOLD | KT_10 | 1ct | imgs:3
[02:23:03][CUSHION] [5234] ? NIV-D6371CC7A4184BBB | BASKET | DOUBLE_TWIST | PRONG | GOLD | KT_10 | 1ct | imgs:3
[02:23:06][CUSHION] [5235] ? NIV-D6371CC7A4184BBB | BASKET | DOUBLE_TWIST | PRONG | GOLD | KT_10 | 1ct | imgs:3
[02:23:12][CUSHION] [5236] ? NIV-D6371CC7A4184BBB | BASKET | DOUBLE_TWIST | PRONG | GOLD | KT_10 | 1ct | imgs:3
[02:23:15][CUSHION] [5237] ? NIV-078B3166C1032F25 | BASKET | DOUBLE_TWIST | PRONG | GOLD | KT_14 | 1ct | imgs:3
[02:23:18][CUSHION] [5238] ? NIV-078B3166C1032F25 | BASKET | DOUBLE_TWIST | PRONG | GOLD | KT_14 | 1ct | imgs:3
[02:23:21][CUSHION] [5239] ? NIV-078B3166C1032F25 | BASKET | DOUBLE_TWIST | PRONG | GOLD | KT_14 | 1ct | imgs:3
[02:23:24][CUSHION] [5240] ? NIV-2BE8AA33007F358C | BASKET | DOUBLE_TWIST | PRONG | GOLD | KT_14 | 1ct | imgs:3
[02:23:27][CUSHION] [5241] ? NIV-2BE8AA33007F358C | BASKET | DOUBLE_TWIST | PRONG | GOLD | KT_14 | 1ct | imgs:3
[02:23:32][CUSHION] [5242] ? NIV-2BE8AA33007F358C | BASKET | DOUBLE_TWIST | PRONG | GOLD | KT_14 | 1ct | imgs:3
[02:23:36][CUSHION] [5243] ? NIV-C059AD7877B3633A | BASKET | DOUBLE_TWIST | PRONG | GOLD | KT_14 | 1ct | imgs:3
[02:23:39][CUSHION] [5244] ? NIV-C059AD7877B3633A | BASKET | DOUBLE_TWIST | PRONG | GOLD | KT_14 | 1ct | imgs:3
[02:23:42][CUSHION] [5245] ? NIV-C059AD7877B3633A | BASKET | DOUBLE_TWIST | PRONG | GOLD | KT_14 | 1ct | imgs:3
[02:23:45][CUSHION] [5246] ? NIV-6F8F6E2FBBA256B6 | BASKET | DOUBLE_TWIST | PRONG | GOLD | KT_18 | 1ct | imgs:3
[02:23:48][CUSHION] [5247] ? NIV-6F8F6E2FBBA256B6 | BASKET | DOUBLE_TWIST | PRONG | GOLD | KT_18 | 1ct | imgs:3
[02:23:53][CUSHION] [5248] ? NIV-6F8F6E2FBBA256B6 | BASKET | DOUBLE_TWIST | PRONG | GOLD | KT_18 | 1ct | imgs:3
[02:23:57][CUSHION] [5249] ? NIV-D72F35353D90795E | BASKET | DOUBLE_TWIST | PRONG | GOLD | KT_18 | 1ct | imgs:3
[02:24:00][CUSHION] [5250] ? NIV-D72F35353D90795E | BASKET | DOUBLE_TWIST | PRONG | GOLD | KT_18 | 1ct | imgs:3
[02:24:03][CUSHION] [5251] ? NIV-D72F35353D90795E | BASKET | DOUBLE_TWIST | PRONG | GOLD | KT_18 | 1ct | imgs:3
[02:24:06][CUSHION] [5252] ? NIV-637F8331290B5299 | BASKET | DOUBLE_TWIST | PRONG | GOLD | KT_18 | 1ct | imgs:3
[02:24:09][CUSHION] [5253] ? NIV-637F8331290B5299 | BASKET | DOUBLE_TWIST | PRONG | GOLD | KT_18 | 1ct | imgs:3
[02:24:14][CUSHION] [5254] ? NIV-637F8331290B5299 | BASKET | DOUBLE_TWIST | PRONG | GOLD | KT_18 | 1ct | imgs:3
[02:24:18][CUSHION] [5255] ? NIV-09A88C87DDA38A52 | BASKET | DOUBLE_TWIST | PRONG | PLATINUM | PT_950 | 1ct | imgs:3
[02:24:23][CUSHION] [5256] ? NIV-9CFC90CD938E0848 | BASKET | DOUBLE_TWIST | PRONG | GOLD | KT_10 | 1ct | imgs:3
[02:24:27][CUSHION] [5257] ? NIV-9CFC90CD938E0848 | BASKET | DOUBLE_TWIST | PRONG | GOLD | KT_10 | 1ct | imgs:3
[02:24:32][CUSHION] [5258] ? NIV-9CFC90CD938E0848 | BASKET | DOUBLE_TWIST | PRONG | GOLD | KT_10 | 1ct | imgs:3
[02:24:35][CUSHION] [5259] ? NIV-2FA7D3F20793206B | BASKET | DOUBLE_TWIST | PRONG | GOLD | KT_10 | 1ct | imgs:3
[02:24:42][CUSHION] [5260] ? NIV-2FA7D3F20793206B | BASKET | DOUBLE_TWIST | PRONG | GOLD | KT_10 | 1ct | imgs:3
[02:24:48][CUSHION] [5261] ? NIV-2FA7D3F20793206B | BASKET | DOUBLE_TWIST | PRONG | GOLD | KT_10 | 1ct | imgs:3
[02:24:51][CUSHION] [5262] ? NIV-85A152D362CA84A8 | BASKET | DOUBLE_TWIST | PRONG | GOLD | KT_10 | 1ct | imgs:3
[02:24:54][CUSHION] [5263] ? NIV-85A152D362CA84A8 | BASKET | DOUBLE_TWIST | PRONG | GOLD | KT_10 | 1ct | imgs:3
[02:24:57][CUSHION] [5264] ? NIV-85A152D362CA84A8 | BASKET | DOUBLE_TWIST | PRONG | GOLD | KT_10 | 1ct | imgs:3
[02:25:01][CUSHION] [5265] ? NIV-991E0B1A88220F25 | BASKET | DOUBLE_TWIST | PRONG | GOLD | KT_14 | 1ct | imgs:2
[02:25:06][CUSHION] [5266] ? NIV-991E0B1A88220F25 | BASKET | DOUBLE_TWIST | PRONG | GOLD | KT_14 | 1ct | imgs:3
[02:25:09][CUSHION] [5267] ? NIV-991E0B1A88220F25 | BASKET | DOUBLE_TWIST | PRONG | GOLD | KT_14 | 1ct | imgs:3
[02:25:11][CUSHION] [5268] ? NIV-9F3F189ACC674AF2 | BASKET | DOUBLE_TWIST | PRONG | GOLD | KT_14 | 1ct | imgs:3
[02:25:15][CUSHION] [5269] ? NIV-9F3F189ACC674AF2 | BASKET | DOUBLE_TWIST | PRONG | GOLD | KT_14 | 1ct | imgs:3
[02:25:21][CUSHION] [5270] ? NIV-9F3F189ACC674AF2 | BASKET | DOUBLE_TWIST | PRONG | GOLD | KT_14 | 1ct | imgs:3
[02:25:24][CUSHION] [5271] ? NIV-7923000659BD08BC | BASKET | DOUBLE_TWIST | PRONG | GOLD | KT_14 | 1ct | imgs:3
[02:25:27][CUSHION] [5272] ? NIV-7923000659BD08BC | BASKET | DOUBLE_TWIST | PRONG | GOLD | KT_14 | 1ct | imgs:3
[02:25:30][CUSHION] [5273] ? NIV-7923000659BD08BC | BASKET | DOUBLE_TWIST | PRONG | GOLD | KT_14 | 1ct | imgs:3
[02:25:33][CUSHION] [5274] ? NIV-07CBBA5208ABB548 | BASKET | DOUBLE_TWIST | PRONG | GOLD | KT_18 | 1ct | imgs:3
[02:25:38][CUSHION] [5275] ? NIV-07CBBA5208ABB548 | BASKET | DOUBLE_TWIST | PRONG | GOLD | KT_18 | 1ct | imgs:3
[02:25:42][CUSHION] [5276] ? NIV-07CBBA5208ABB548 | BASKET | DOUBLE_TWIST | PRONG | GOLD | KT_18 | 1ct | imgs:3
[02:25:45][CUSHION] [5277] ? NIV-0FCC96BA200948EC | BASKET | DOUBLE_TWIST | PRONG | GOLD | KT_18 | 1ct | imgs:3
[02:25:48][CUSHION] [5278] ? NIV-0FCC96BA200948EC | BASKET | DOUBLE_TWIST | PRONG | GOLD | KT_18 | 1ct | imgs:3
[02:25:51][CUSHION] [5279] ? NIV-0FCC96BA200948EC | BASKET | DOUBLE_TWIST | PRONG | GOLD | KT_18 | 1ct | imgs:3
[02:25:54][CUSHION] [5280] ? NIV-E1EA6AC0FC2B5A33 | BASKET | DOUBLE_TWIST | PRONG | GOLD | KT_18 | 1ct | imgs:3
[02:26:00][CUSHION] [5281] ? NIV-E1EA6AC0FC2B5A33 | BASKET | DOUBLE_TWIST | PRONG | GOLD | KT_18 | 1ct | imgs:3
[02:26:06][CUSHION] [5282] ? NIV-E1EA6AC0FC2B5A33 | BASKET | DOUBLE_TWIST | PRONG | GOLD | KT_18 | 1ct | imgs:3
[02:26:08][CUSHION] [5283] ? NIV-063A9D66415C8904 | BASKET | DOUBLE_TWIST | PRONG | PLATINUM | PT_950 | 1ct | imgs:3
[02:26:15][CUSHION] [5284] ? NIV-AF42269D633C45BE | BASKET | DOUBLE_TWIST | PRONG | GOLD | KT_10 | 1ct | imgs:3
[02:26:18][CUSHION] [5285] ? NIV-AF42269D633C45BE | BASKET | DOUBLE_TWIST | PRONG | GOLD | KT_10 | 1ct | imgs:3
[02:26:24][CUSHION] [5286] ? NIV-AF42269D633C45BE | BASKET | DOUBLE_TWIST | PRONG | GOLD | KT_10 | 1ct | imgs:3
[02:26:26][CUSHION] [5287] ? NIV-4ADFBBCE3CDF8BA0 | BASKET | DOUBLE_TWIST | PRONG | GOLD | KT_10 | 1ct | imgs:3
[02:26:30][CUSHION] [5288] ? NIV-4ADFBBCE3CDF8BA0 | BASKET | DOUBLE_TWIST | PRONG | GOLD | KT_10 | 1ct | imgs:3
[02:26:33][CUSHION] [5289] ? NIV-4ADFBBCE3CDF8BA0 | BASKET | DOUBLE_TWIST | PRONG | GOLD | KT_10 | 1ct | imgs:3
[02:26:36][CUSHION] [5290] ? NIV-1ECD90A14FED65E1 | BASKET | DOUBLE_TWIST | PRONG | GOLD | KT_10 | 1ct | imgs:3
[02:26:39][CUSHION] [5291] ? NIV-1ECD90A14FED65E1 | BASKET | DOUBLE_TWIST | PRONG | GOLD | KT_10 | 1ct | imgs:3
[02:26:42][CUSHION] [5292] ? NIV-1ECD90A14FED65E1 | BASKET | DOUBLE_TWIST | PRONG | GOLD | KT_10 | 1ct | imgs:3
[02:26:48][CUSHION] [5293] ? NIV-4D9DD8A86C037412 | BASKET | DOUBLE_TWIST | PRONG | GOLD | KT_14 | 1ct | imgs:3
[02:26:51][CUSHION] [5294] ? NIV-4D9DD8A86C037412 | BASKET | DOUBLE_TWIST | PRONG | GOLD | KT_14 | 1ct | imgs:3
[02:26:54][CUSHION] [5295] ? NIV-4D9DD8A86C037412 | BASKET | DOUBLE_TWIST | PRONG | GOLD | KT_14 | 1ct | imgs:3
[02:26:57][CUSHION] [5296] ? NIV-0AB1320DDE6591A3 | BASKET | DOUBLE_TWIST | PRONG | GOLD | KT_14 | 1ct | imgs:3
[02:27:00][CUSHION] [5297] ? NIV-0AB1320DDE6591A3 | BASKET | DOUBLE_TWIST | PRONG | GOLD | KT_14 | 1ct | imgs:3
[02:27:03][CUSHION] [5298] ? NIV-0AB1320DDE6591A3 | BASKET | DOUBLE_TWIST | PRONG | GOLD | KT_14 | 1ct | imgs:3
[02:27:06][CUSHION] [5299] ? NIV-EE4B3D63B1B55F7A | BASKET | DOUBLE_TWIST | PRONG | GOLD | KT_14 | 1ct | imgs:3
[02:27:09][CUSHION] [5300] ? NIV-EE4B3D63B1B55F7A | BASKET | DOUBLE_TWIST | PRONG | GOLD | KT_14 | 1ct | imgs:3
[02:27:14][CUSHION] [5301] ? NIV-EE4B3D63B1B55F7A | BASKET | DOUBLE_TWIST | PRONG | GOLD | KT_14 | 1ct | imgs:3
[02:27:22][CUSHION] [5302] ? NIV-DD76AF5985A1B951 | BASKET | DOUBLE_TWIST | PRONG | GOLD | KT_18 | 1ct | imgs:1
[02:27:27][CUSHION] [5303] ? NIV-DD76AF5985A1B951 | BASKET | DOUBLE_TWIST | PRONG | GOLD | KT_18 | 1ct | imgs:3
[02:27:30][CUSHION] [5304] ? NIV-DD76AF5985A1B951 | BASKET | DOUBLE_TWIST | PRONG | GOLD | KT_18 | 1ct | imgs:3
[02:27:33][CUSHION] [5305] ? NIV-8A037A3FF5F67CD1 | BASKET | DOUBLE_TWIST | PRONG | GOLD | KT_18 | 1ct | imgs:3
[02:27:38][CUSHION] [5306] ? NIV-8A037A3FF5F67CD1 | BASKET | DOUBLE_TWIST | PRONG | GOLD | KT_18 | 1ct | imgs:3
[02:27:42][CUSHION] [5307] ? NIV-8A037A3FF5F67CD1 | BASKET | DOUBLE_TWIST | PRONG | GOLD | KT_18 | 1ct | imgs:3
[02:27:45][CUSHION] [5308] ? NIV-2BEE64C508B24450 | BASKET | DOUBLE_TWIST | PRONG | GOLD | KT_18 | 1ct | imgs:3
[02:27:48][CUSHION] [5309] ? NIV-2BEE64C508B24450 | BASKET | DOUBLE_TWIST | PRONG | GOLD | KT_18 | 1ct | imgs:3
[02:27:51][CUSHION] [5310] ? NIV-2BEE64C508B24450 | BASKET | DOUBLE_TWIST | PRONG | GOLD | KT_18 | 1ct | imgs:3
[02:27:54][CUSHION] [5311] ? NIV-D197B6A0D64A7C90 | BASKET | DOUBLE_TWIST | PRONG | PLATINUM | PT_950 | 1ct | imgs:3
[02:28:00][CUSHION] [5312] ? NIV-66028896956F9DE9 | BASKET | DOUBLE_TWIST | PRONG | GOLD | KT_10 | 1ct | imgs:3
[02:28:03][CUSHION] [5313] ? NIV-66028896956F9DE9 | BASKET | DOUBLE_TWIST | PRONG | GOLD | KT_10 | 1ct | imgs:3
[02:28:06][CUSHION] [5314] ? NIV-66028896956F9DE9 | BASKET | DOUBLE_TWIST | PRONG | GOLD | KT_10 | 1ct | imgs:3
[02:28:09][CUSHION] [5315] ? NIV-A9713E62190CCF6C | BASKET | DOUBLE_TWIST | PRONG | GOLD | KT_10 | 1ct | imgs:3
[02:28:12][CUSHION] [5316] ? NIV-A9713E62190CCF6C | BASKET | DOUBLE_TWIST | PRONG | GOLD | KT_10 | 1ct | imgs:3
[02:28:15][CUSHION] [5317] ? NIV-A9713E62190CCF6C | BASKET | DOUBLE_TWIST | PRONG | GOLD | KT_10 | 1ct | imgs:3
[02:28:18][CUSHION] [5318] ? NIV-BDFE6A2E5B945748 | BASKET | DOUBLE_TWIST | PRONG | GOLD | KT_10 | 1ct | imgs:3
[02:28:21][CUSHION] [5319] ? NIV-BDFE6A2E5B945748 | BASKET | DOUBLE_TWIST | PRONG | GOLD | KT_10 | 1ct | imgs:3
[02:28:26][CUSHION] [5320] ? NIV-BDFE6A2E5B945748 | BASKET | DOUBLE_TWIST | PRONG | GOLD | KT_10 | 1ct | imgs:3
[02:28:30][CUSHION] [5321] ? NIV-68DA67111CF8E003 | BASKET | DOUBLE_TWIST | PRONG | GOLD | KT_14 | 1ct | imgs:3
[02:28:36][CUSHION] [5322] ? NIV-68DA67111CF8E003 | BASKET | DOUBLE_TWIST | PRONG | GOLD | KT_14 | 1ct | imgs:3
[02:28:39][CUSHION] [5323] ? NIV-68DA67111CF8E003 | BASKET | DOUBLE_TWIST | PRONG | GOLD | KT_14 | 1ct | imgs:3
[02:28:42][CUSHION] [5324] ? NIV-AA30BCD2DE31A71E | BASKET | DOUBLE_TWIST | PRONG | GOLD | KT_14 | 1ct | imgs:3
[02:28:45][CUSHION] [5325] ? NIV-AA30BCD2DE31A71E | BASKET | DOUBLE_TWIST | PRONG | GOLD | KT_14 | 1ct | imgs:3
[02:28:48][CUSHION] [5326] ? NIV-AA30BCD2DE31A71E | BASKET | DOUBLE_TWIST | PRONG | GOLD | KT_14 | 1ct | imgs:3
[02:28:51][CUSHION] [5327] ? NIV-B6EDB96993924A6D | BASKET | DOUBLE_TWIST | PRONG | GOLD | KT_14 | 1ct | imgs:3
[02:28:54][CUSHION] [5328] ? NIV-B6EDB96993924A6D | BASKET | DOUBLE_TWIST | PRONG | GOLD | KT_14 | 1ct | imgs:3
[02:28:57][CUSHION] [5329] ? NIV-B6EDB96993924A6D | BASKET | DOUBLE_TWIST | PRONG | GOLD | KT_14 | 1ct | imgs:3
[02:29:00][CUSHION] [5330] ? NIV-27FD682D0CE3FF4B | BASKET | DOUBLE_TWIST | PRONG | GOLD | KT_18 | 1ct | imgs:3
[02:29:05][CUSHION] [5331] ? NIV-27FD682D0CE3FF4B | BASKET | DOUBLE_TWIST | PRONG | GOLD | KT_18 | 1ct | imgs:3
[02:29:09][CUSHION] [5332] ? NIV-27FD682D0CE3FF4B | BASKET | DOUBLE_TWIST | PRONG | GOLD | KT_18 | 1ct | imgs:3
[02:29:12][CUSHION] [5333] ? NIV-B71E9BAF4FBFA58C | BASKET | DOUBLE_TWIST | PRONG | GOLD | KT_18 | 1ct | imgs:3
[02:29:15][CUSHION] [5334] ? NIV-B71E9BAF4FBFA58C | BASKET | DOUBLE_TWIST | PRONG | GOLD | KT_18 | 1ct | imgs:3
[02:29:18][CUSHION] [5335] ? NIV-B71E9BAF4FBFA58C | BASKET | DOUBLE_TWIST | PRONG | GOLD | KT_18 | 1ct | imgs:3
[02:29:21][CUSHION] [5336] ? NIV-A83ADB6E135873F5 | BASKET | DOUBLE_TWIST | PRONG | GOLD | KT_18 | 1ct | imgs:3
[02:29:24][CUSHION] [5337] ? NIV-A83ADB6E135873F5 | BASKET | DOUBLE_TWIST | PRONG | GOLD | KT_18 | 1ct | imgs:3
[02:29:27][CUSHION] [5338] ? NIV-A83ADB6E135873F5 | BASKET | DOUBLE_TWIST | PRONG | GOLD | KT_18 | 1ct | imgs:3
[02:29:30][CUSHION] [5339] ? NIV-65DBC1652F42BCE8 | BASKET | DOUBLE_TWIST | PRONG | PLATINUM | PT_950 | 1ct | imgs:3
[02:29:36][CUSHION] [5340] ? NIV-C7A182E1C96D0DCE | BASKET | DOUBLE_TWIST | PRONG | GOLD | KT_10 | 1ct | imgs:3
[02:29:39][CUSHION] [5341] ? NIV-C7A182E1C96D0DCE | BASKET | DOUBLE_TWIST | PRONG | GOLD | KT_10 | 1ct | imgs:3
[02:29:45][CUSHION] [5342] ? NIV-C7A182E1C96D0DCE | BASKET | DOUBLE_TWIST | PRONG | GOLD | KT_10 | 1ct | imgs:3
[02:29:56][CUSHION] [5343] ??  NIV-C7A182E1C96D0DCE | BASKET | DOUBLE_TWIST | PRONG | GOLD | KT_10 | 1ct | imgs:0
[02:30:00][CUSHION] [5344] ? NIV-A1AB289F9F573906 | BASKET | DOUBLE_TWIST | PRONG | GOLD | KT_10 | 1ct | imgs:3
[02:30:03][CUSHION] [5345] ? NIV-A1AB289F9F573906 | BASKET | DOUBLE_TWIST | PRONG | GOLD | KT_10 | 1ct | imgs:3
[02:30:06][CUSHION] [5346] ? NIV-87F8FE0ACE282C2F | BASKET | DOUBLE_TWIST | PRONG | GOLD | KT_10 | 1ct | imgs:3
[02:30:12][CUSHION] [5347] ? NIV-87F8FE0ACE282C2F | BASKET | DOUBLE_TWIST | PRONG | GOLD | KT_10 | 1ct | imgs:3
[02:30:15][CUSHION] [5348] ? NIV-87F8FE0ACE282C2F | BASKET | DOUBLE_TWIST | PRONG | GOLD | KT_10 | 1ct | imgs:3
[02:30:21][CUSHION] [5349] ? NIV-E94337A09013E631 | BASKET | DOUBLE_TWIST | PRONG | GOLD | KT_14 | 1ct | imgs:3
[02:30:27][CUSHION] [5350] ? NIV-E94337A09013E631 | BASKET | DOUBLE_TWIST | PRONG | GOLD | KT_14 | 1ct | imgs:3
[02:30:30][CUSHION] [5351] ? NIV-E94337A09013E631 | BASKET | DOUBLE_TWIST | PRONG | GOLD | KT_14 | 1ct | imgs:3
[02:30:40][CUSHION] [5352] ? NIV-440F8A10BE705F72 | BASKET | DOUBLE_TWIST | PRONG | GOLD | KT_14 | 1ct | imgs:3
[02:30:44][CUSHION] [5353] ? NIV-440F8A10BE705F72 | BASKET | DOUBLE_TWIST | PRONG | GOLD | KT_14 | 1ct | imgs:3
[02:30:48][CUSHION] [5354] ? NIV-440F8A10BE705F72 | BASKET | DOUBLE_TWIST | PRONG | GOLD | KT_14 | 1ct | imgs:3
[02:30:50][CUSHION] [5355] ? NIV-F96B4D8BB63B3D5A | BASKET | DOUBLE_TWIST | PRONG | GOLD | KT_14 | 1ct | imgs:3
[02:30:54][CUSHION] [5356] ? NIV-F96B4D8BB63B3D5A | BASKET | DOUBLE_TWIST | PRONG | GOLD | KT_14 | 1ct | imgs:3
[02:31:00][CUSHION] [5357] ? NIV-F96B4D8BB63B3D5A | BASKET | DOUBLE_TWIST | PRONG | GOLD | KT_14 | 1ct | imgs:3
[02:31:03][CUSHION] [5358] ? NIV-74080067D2BCDB9B | BASKET | DOUBLE_TWIST | PRONG | GOLD | KT_18 | 1ct | imgs:3
[02:31:09][CUSHION] [5359] ? NIV-74080067D2BCDB9B | BASKET | DOUBLE_TWIST | PRONG | GOLD | KT_18 | 1ct | imgs:3
[02:31:15][CUSHION] [5360] ? NIV-74080067D2BCDB9B | BASKET | DOUBLE_TWIST | PRONG | GOLD | KT_18 | 1ct | imgs:3
[02:31:18][CUSHION] [5361] ? NIV-B18F26AA1656DD01 | BASKET | DOUBLE_TWIST | PRONG | GOLD | KT_18 | 1ct | imgs:3
[02:31:23][CUSHION] [5362] ? NIV-B18F26AA1656DD01 | BASKET | DOUBLE_TWIST | PRONG | GOLD | KT_18 | 1ct | imgs:3
[02:31:27][CUSHION] [5363] ? NIV-B18F26AA1656DD01 | BASKET | DOUBLE_TWIST | PRONG | GOLD | KT_18 | 1ct | imgs:3
[02:31:30][CUSHION] [5364] ? NIV-516EC99026ABBB79 | BASKET | DOUBLE_TWIST | PRONG | GOLD | KT_18 | 1ct | imgs:3
[02:31:35][CUSHION] [5365] ? NIV-516EC99026ABBB79 | BASKET | DOUBLE_TWIST | PRONG | GOLD | KT_18 | 1ct | imgs:3
[02:31:39][CUSHION] [5366] ? NIV-516EC99026ABBB79 | BASKET | DOUBLE_TWIST | PRONG | GOLD | KT_18 | 1ct | imgs:3
[02:31:42][CUSHION] [5367] ? NIV-7CB5899575A42A75 | BASKET | DOUBLE_TWIST | PRONG | PLATINUM | PT_950 | 1ct | imgs:3
[02:31:45][CUSHION] [5368] ? NIV-597E9E62BFFE17E1 | BASKET | DOUBLE_TWIST | PRONG | GOLD | KT_10 | 1ct | imgs:3
[02:31:51][CUSHION] [5369] ? NIV-597E9E62BFFE17E1 | BASKET | DOUBLE_TWIST | PRONG | GOLD | KT_10 | 1ct | imgs:3
[02:31:54][CUSHION] [5370] ? NIV-597E9E62BFFE17E1 | BASKET | DOUBLE_TWIST | PRONG | GOLD | KT_10 | 1ct | imgs:3
[02:31:57][CUSHION] [5371] ? NIV-68AE7E95927A82E8 | BASKET | DOUBLE_TWIST | PRONG | GOLD | KT_10 | 1ct | imgs:3
[02:32:03][CUSHION] [5372] ? NIV-68AE7E95927A82E8 | BASKET | DOUBLE_TWIST | PRONG | GOLD | KT_10 | 1ct | imgs:3
[02:32:06][CUSHION] [5373] ? NIV-68AE7E95927A82E8 | BASKET | DOUBLE_TWIST | PRONG | GOLD | KT_10 | 1ct | imgs:3
[02:32:09][CUSHION] [5374] ? NIV-C0041E9554BC23A4 | BASKET | DOUBLE_TWIST | PRONG | GOLD | KT_10 | 1ct | imgs:3
[02:32:12][CUSHION] [5375] ? NIV-C0041E9554BC23A4 | BASKET | DOUBLE_TWIST | PRONG | GOLD | KT_10 | 1ct | imgs:3
[02:32:18][CUSHION] [5376] ? NIV-C0041E9554BC23A4 | BASKET | DOUBLE_TWIST | PRONG | GOLD | KT_10 | 1ct | imgs:3
[02:32:21][CUSHION] [5377] ? NIV-2F7D8CD29E11FF13 | BASKET | DOUBLE_TWIST | PRONG | GOLD | KT_14 | 1ct | imgs:3
[02:32:24][CUSHION] [5378] ? NIV-2F7D8CD29E11FF13 | BASKET | DOUBLE_TWIST | PRONG | GOLD | KT_14 | 1ct | imgs:3
[02:32:30][CUSHION] [5379] ? NIV-2F7D8CD29E11FF13 | BASKET | DOUBLE_TWIST | PRONG | GOLD | KT_14 | 1ct | imgs:3
[02:32:33][CUSHION] [5380] ? NIV-6CBF159C402BF199 | BASKET | DOUBLE_TWIST | PRONG | GOLD | KT_14 | 1ct | imgs:3
[02:32:39][CUSHION] [5381] ? NIV-6CBF159C402BF199 | BASKET | DOUBLE_TWIST | PRONG | GOLD | KT_14 | 1ct | imgs:3
[02:32:42][CUSHION] [5382] ? NIV-6CBF159C402BF199 | BASKET | DOUBLE_TWIST | PRONG | GOLD | KT_14 | 1ct | imgs:3
[02:32:44][CUSHION] [5383] ? NIV-C6CB2B565CCB04B8 | BASKET | DOUBLE_TWIST | PRONG | GOLD | KT_14 | 1ct | imgs:3
[02:32:48][CUSHION] [5384] ? NIV-C6CB2B565CCB04B8 | BASKET | DOUBLE_TWIST | PRONG | GOLD | KT_14 | 1ct | imgs:3
[02:32:51][CUSHION] [5385] ? NIV-C6CB2B565CCB04B8 | BASKET | DOUBLE_TWIST | PRONG | GOLD | KT_14 | 1ct | imgs:3
[02:32:54][CUSHION] [5386] ? NIV-9F86FC23C0F35403 | BASKET | DOUBLE_TWIST | PRONG | GOLD | KT_18 | 1ct | imgs:3
[02:32:57][CUSHION] [5387] ? NIV-9F86FC23C0F35403 | BASKET | DOUBLE_TWIST | PRONG | GOLD | KT_18 | 1ct | imgs:3
[02:33:03][CUSHION] [5388] ? NIV-9F86FC23C0F35403 | BASKET | DOUBLE_TWIST | PRONG | GOLD | KT_18 | 1ct | imgs:3
[02:33:06][CUSHION] [5389] ? NIV-399CEE4F9C57E8F8 | BASKET | DOUBLE_TWIST | PRONG | GOLD | KT_18 | 1ct | imgs:3
[02:33:09][CUSHION] [5390] ? NIV-399CEE4F9C57E8F8 | BASKET | DOUBLE_TWIST | PRONG | GOLD | KT_18 | 1ct | imgs:3
[02:33:12][CUSHION] [5391] ? NIV-399CEE4F9C57E8F8 | BASKET | DOUBLE_TWIST | PRONG | GOLD | KT_18 | 1ct | imgs:3
[02:33:15][CUSHION] [5392] ? NIV-423AF073960817B6 | BASKET | DOUBLE_TWIST | PRONG | GOLD | KT_18 | 1ct | imgs:3
[02:33:18][CUSHION] [5393] ? NIV-423AF073960817B6 | BASKET | DOUBLE_TWIST | PRONG | GOLD | KT_18 | 1ct | imgs:3
[02:33:23][CUSHION] [5394] ? NIV-423AF073960817B6 | BASKET | DOUBLE_TWIST | PRONG | GOLD | KT_18 | 1ct | imgs:3
[02:33:27][CUSHION] [5395] ? NIV-273DB768267008EB | BASKET | DOUBLE_TWIST | PRONG | PLATINUM | PT_950 | 1ct | imgs:3
[02:33:30][CUSHION] [5396] ? NIV-334A94915A588E08 | BASKET | DOUBLE_TWIST | PRONG | GOLD | KT_10 | 1ct | imgs:3
[02:33:36][CUSHION] [5397] ? NIV-334A94915A588E08 | BASKET | DOUBLE_TWIST | PRONG | GOLD | KT_10 | 1ct | imgs:3
[02:33:48][CUSHION] [5398] ??  NIV-334A94915A588E08 | BASKET | DOUBLE_TWIST | PRONG | GOLD | KT_10 | 1ct | imgs:0
[02:33:48][CUSHION]   Re-seleccionando CUSHION (intento 1)
[02:33:48][CUSHION]   Boton no encontrado ? recargando configurador...
[02:34:01][CUSHION]   Re-seleccionando CUSHION (intento 2)
[02:34:04][CUSHION]   POST-CLICK: {'ap': 'true', 'ac': None, 'classes': 'MuiButtonBase-root|MuiToggleButtonGroup-grouped|MuiToggleButtonGroup-groupedHorizontal|MuiToggleButton-root|Mui-selected|MuiToggleButton-sizeMedium|MuiToggleButton-standard|jewellery-configurator-toggle-button|MuiToggleButtonGroup-middleButton|css-66ecda'}
[02:34:07][CUSHION] [5399] ? NIV-9527D9C4F0C6B8DB | BASKET | DOUBLE_TWIST | PRONG | GOLD | KT_10 | 1ct | imgs:3
[02:34:10][CUSHION] [5400] ? NIV-B0231B3D817023C9 | BASKET | DOUBLE_TWIST | PRONG | GOLD | KT_10 | 1ct | imgs:3
[02:34:13][CUSHION] [5401] ? NIV-D79D876D4F84F5D1 | BASKET | DOUBLE_TWIST | PRONG | GOLD | KT_10 | 1ct | imgs:3
[02:34:17][CUSHION] [5402] ? NIV-0B268C97AA78BB2D | BASKET | DOUBLE_TWIST | PRONG | GOLD | KT_10 | 1ct | imgs:3
[02:34:19][CUSHION] [5403] ? NIV-9F9395B60052D18B | BASKET | DOUBLE_TWIST | PRONG | GOLD | KT_10 | 1ct | imgs:3
[02:34:22][CUSHION] [5404] ? NIV-EEF3D1BFF16452A4 | BASKET | DOUBLE_TWIST | PRONG | GOLD | KT_10 | 1ct | imgs:3
[02:34:26][CUSHION] [5405] ? NIV-6D4B66DD88294108 | BASKET | DOUBLE_TWIST | PRONG | GOLD | KT_14 | 1ct | imgs:3
[02:34:28][CUSHION] [5406] ? NIV-32D4DDFFD48858F8 | BASKET | DOUBLE_TWIST | PRONG | GOLD | KT_14 | 1ct | imgs:3
[02:34:31][CUSHION] [5407] ? NIV-8715D3CE7B638CDD | BASKET | DOUBLE_TWIST | PRONG | GOLD | KT_14 | 1ct | imgs:3
[02:34:34][CUSHION] [5408] ? NIV-C05A471B7CA2A2B3 | BASKET | DOUBLE_TWIST | PRONG | GOLD | KT_14 | 1ct | imgs:3
[02:34:37][CUSHION] [5409] ? NIV-17BE965A4FF16689 | BASKET | DOUBLE_TWIST | PRONG | GOLD | KT_14 | 1ct | imgs:3
[02:34:40][CUSHION] [5410] ? NIV-F2D7DBD05333162E | BASKET | DOUBLE_TWIST | PRONG | GOLD | KT_14 | 1ct | imgs:3
[02:34:43][CUSHION] [5411] ? NIV-C765007197065129 | BASKET | DOUBLE_TWIST | PRONG | GOLD | KT_14 | 1ct | imgs:3
[02:34:46][CUSHION] [5412] ? NIV-1EEAC083877F7039 | BASKET | DOUBLE_TWIST | PRONG | GOLD | KT_14 | 1ct | imgs:3
[02:34:49][CUSHION] [5413] ? NIV-2335C47F1EFC68D4 | BASKET | DOUBLE_TWIST | PRONG | GOLD | KT_14 | 1ct | imgs:3
[02:34:55][CUSHION] [5414] ? NIV-B4005D7D32572DBB | BASKET | DOUBLE_TWIST | PRONG | GOLD | KT_18 | 1ct | imgs:3
[02:34:58][CUSHION] [5415] ? NIV-C7BB65D30BEF7E86 | BASKET | DOUBLE_TWIST | PRONG | GOLD | KT_18 | 1ct | imgs:3
[02:35:01][CUSHION] [5416] ? NIV-1C9D8C7F4F1D828E | BASKET | DOUBLE_TWIST | PRONG | GOLD | KT_18 | 1ct | imgs:3
[02:35:04][CUSHION] [5417] ? NIV-37D296180F6AD2CC | BASKET | DOUBLE_TWIST | PRONG | GOLD | KT_18 | 1ct | imgs:3
[02:35:07][CUSHION] [5418] ? NIV-A151544E456906F1 | BASKET | DOUBLE_TWIST | PRONG | GOLD | KT_18 | 1ct | imgs:3
[02:35:10][CUSHION] [5419] ? NIV-06B823BA53189283 | BASKET | DOUBLE_TWIST | PRONG | GOLD | KT_18 | 1ct | imgs:3
[02:35:14][CUSHION] [5420] ? NIV-B2C08226542EA1F5 | BASKET | DOUBLE_TWIST | PRONG | GOLD | KT_18 | 1ct | imgs:3
[02:35:16][CUSHION] [5421] ? NIV-197B4F4885BAC1F3 | BASKET | DOUBLE_TWIST | PRONG | GOLD | KT_18 | 1ct | imgs:3
[02:35:19][CUSHION] [5422] ? NIV-8C6E9A19A41C7A59 | BASKET | DOUBLE_TWIST | PRONG | GOLD | KT_18 | 1ct | imgs:3
[02:35:22][CUSHION] [5423] ? NIV-96F8BAE6A4C98EA0 | BASKET | DOUBLE_TWIST | PRONG | PLATINUM | PT_950 | 1ct | imgs:3
[02:41:04][CUSHION] [5535] ? NIV-1774BB59D4295E4B | BASKET | DOUBLE_TWIST | BEAD | PLATINUM | PT_950 | 1ct | imgs:3
[02:41:10][CUSHION] [5536] ? NIV-D95EFC08EBFDA48B | BASKET | DOUBLE_TWIST | BEAD | GOLD | KT_10 | 1ct | imgs:3
[02:41:13][CUSHION] [5537] ? NIV-D95EFC08EBFDA48B | BASKET | DOUBLE_TWIST | BEAD | GOLD | KT_10 | 1ct | imgs:3
[02:41:17][CUSHION] [5538] ? NIV-D95EFC08EBFDA48B | BASKET | DOUBLE_TWIST | BEAD | GOLD | KT_10 | 1ct | imgs:3
[02:41:19][CUSHION] [5539] ? NIV-CE7D6C807B05F749 | BASKET | DOUBLE_TWIST | BEAD | GOLD | KT_10 | 1ct | imgs:3
[02:41:23][CUSHION] [5540] ? NIV-CE7D6C807B05F749 | BASKET | DOUBLE_TWIST | BEAD | GOLD | KT_10 | 1ct | imgs:3
[02:41:26][CUSHION] [5541] ? NIV-CE7D6C807B05F749 | BASKET | DOUBLE_TWIST | BEAD | GOLD | KT_10 | 1ct | imgs:3
[02:41:28][CUSHION] [5542] ? NIV-86C557E1668BBBF9 | BASKET | DOUBLE_TWIST | BEAD | GOLD | KT_10 | 1ct | imgs:3
[02:41:32][CUSHION] [5543] ? NIV-86C557E1668BBBF9 | BASKET | DOUBLE_TWIST | BEAD | GOLD | KT_10 | 1ct | imgs:3
[02:41:37][CUSHION] [5544] ? NIV-86C557E1668BBBF9 | BASKET | DOUBLE_TWIST | BEAD | GOLD | KT_10 | 1ct | imgs:3
[02:41:41][CUSHION] [5545] ? NIV-F4DFA0869CAD4881 | BASKET | DOUBLE_TWIST | BEAD | GOLD | KT_14 | 1ct | imgs:1
[02:41:46][CUSHION] [5546] ? NIV-F4DFA0869CAD4881 | BASKET | DOUBLE_TWIST | BEAD | GOLD | KT_14 | 1ct | imgs:3
[02:41:49][CUSHION] [5547] ? NIV-F4DFA0869CAD4881 | BASKET | DOUBLE_TWIST | BEAD | GOLD | KT_14 | 1ct | imgs:3
[02:41:52][CUSHION] [5548] ? NIV-CF007BAF96BC593D | BASKET | DOUBLE_TWIST | BEAD | GOLD | KT_14 | 1ct | imgs:3
[02:41:56][CUSHION] [5549] ? NIV-CF007BAF96BC593D | BASKET | DOUBLE_TWIST | BEAD | GOLD | KT_14 | 1ct | imgs:3
[02:42:01][CUSHION] [5550] ? NIV-CF007BAF96BC593D | BASKET | DOUBLE_TWIST | BEAD | GOLD | KT_14 | 1ct | imgs:3
[02:42:04][CUSHION] [5551] ? NIV-FDA21AB5C241046C | BASKET | DOUBLE_TWIST | BEAD | GOLD | KT_14 | 1ct | imgs:3
[02:42:10][CUSHION] [5552] ? NIV-FDA21AB5C241046C | BASKET | DOUBLE_TWIST | BEAD | GOLD | KT_14 | 1ct | imgs:3
[02:42:14][CUSHION] [5553] ? NIV-FDA21AB5C241046C | BASKET | DOUBLE_TWIST | BEAD | GOLD | KT_14 | 1ct | imgs:3
[02:42:17][CUSHION] [5554] ? NIV-A4084A75AFCFC353 | BASKET | DOUBLE_TWIST | BEAD | GOLD | KT_18 | 1ct | imgs:3
[02:42:22][CUSHION] [5555] ? NIV-A4084A75AFCFC353 | BASKET | DOUBLE_TWIST | BEAD | GOLD | KT_18 | 1ct | imgs:3
[02:42:26][CUSHION] [5556] ? NIV-A4084A75AFCFC353 | BASKET | DOUBLE_TWIST | BEAD | GOLD | KT_18 | 1ct | imgs:3
[02:42:28][CUSHION] [5557] ? NIV-5C360E33E87F03F1 | BASKET | DOUBLE_TWIST | BEAD | GOLD | KT_18 | 1ct | imgs:3
[02:42:31][CUSHION] [5558] ? NIV-5C360E33E87F03F1 | BASKET | DOUBLE_TWIST | BEAD | GOLD | KT_18 | 1ct | imgs:3
[02:42:35][CUSHION] [5559] ? NIV-5C360E33E87F03F1 | BASKET | DOUBLE_TWIST | BEAD | GOLD | KT_18 | 1ct | imgs:3
[02:42:37][CUSHION] [5560] ? NIV-EF59314BA4BACD00 | BASKET | DOUBLE_TWIST | BEAD | GOLD | KT_18 | 1ct | imgs:3
[02:42:41][CUSHION] [5561] ? NIV-EF59314BA4BACD00 | BASKET | DOUBLE_TWIST | BEAD | GOLD | KT_18 | 1ct | imgs:3
[02:42:46][CUSHION] [5562] ? NIV-EF59314BA4BACD00 | BASKET | DOUBLE_TWIST | BEAD | GOLD | KT_18 | 1ct | imgs:3
[02:42:49][CUSHION] [5563] ? NIV-F7E3E98C42870676 | BASKET | DOUBLE_TWIST | BEAD | PLATINUM | PT_950 | 1ct | imgs:3
[03:03:30][CUSHION]   Re-seleccionando CUSHION (intento 1)
[03:03:30][CUSHION]   Boton no encontrado ? recargando configurador...
[03:03:53][CUSHION]   Re-seleccionando CUSHION (intento 2)
[03:03:55][CUSHION]   POST-CLICK: {'ap': 'true', 'ac': None, 'classes': 'MuiButtonBase-root|MuiToggleButtonGroup-grouped|MuiToggleButtonGroup-groupedHorizontal|MuiToggleButton-root|Mui-selected|MuiToggleButton-sizeMedium|MuiToggleButton-standard|jewellery-configurator-toggle-button|MuiToggleButtonGroup-middleButton|css-66ecda'}
[03:05:45][CUSHION] [6012] ? NIV-1AD88048F69E1C8A | BASKET | HIDDEN_HALO | NONE | GOLD | KT_10 | 1ct | imgs:3
[03:05:49][CUSHION] [6013] ? NIV-1AD88048F69E1C8A | BASKET | HIDDEN_HALO | NONE | GOLD | KT_10 | 1ct | imgs:3
[03:05:52][CUSHION] [6014] ? NIV-1AD88048F69E1C8A | BASKET | HIDDEN_HALO | NONE | GOLD | KT_10 | 1ct | imgs:3
[03:05:54][CUSHION] [6015] ? NIV-63D33ECB0CC84664 | BASKET | HIDDEN_HALO | NONE | GOLD | KT_10 | 1ct | imgs:3
[03:05:58][CUSHION] [6016] ? NIV-63D33ECB0CC84664 | BASKET | HIDDEN_HALO | NONE | GOLD | KT_10 | 1ct | imgs:3
[03:06:03][CUSHION] [6017] ? NIV-63D33ECB0CC84664 | BASKET | HIDDEN_HALO | NONE | GOLD | KT_10 | 1ct | imgs:3
[03:06:07][CUSHION] [6018] ? NIV-4DF6931511D46184 | BASKET | HIDDEN_HALO | NONE | GOLD | KT_10 | 1ct | imgs:3
[03:06:12][CUSHION] [6019] ? NIV-4DF6931511D46184 | BASKET | HIDDEN_HALO | NONE | GOLD | KT_10 | 1ct | imgs:3
[03:06:16][CUSHION] [6020] ? NIV-4DF6931511D46184 | BASKET | HIDDEN_HALO | NONE | GOLD | KT_10 | 1ct | imgs:3
[03:06:19][CUSHION] [6021] ? NIV-BBB564BC7D8DDB79 | BASKET | HIDDEN_HALO | NONE | GOLD | KT_14 | 1ct | imgs:3
[03:06:22][CUSHION] [6022] ? NIV-BBB564BC7D8DDB79 | BASKET | HIDDEN_HALO | NONE | GOLD | KT_14 | 1ct | imgs:3
[03:06:27][CUSHION] [6023] ? NIV-BBB564BC7D8DDB79 | BASKET | HIDDEN_HALO | NONE | GOLD | KT_14 | 1ct | imgs:3
[03:06:30][CUSHION] [6024] ? NIV-97C2CC4BE623E3A6 | BASKET | HIDDEN_HALO | NONE | GOLD | KT_14 | 1ct | imgs:3
[03:06:34][CUSHION] [6025] ? NIV-97C2CC4BE623E3A6 | BASKET | HIDDEN_HALO | NONE | GOLD | KT_14 | 1ct | imgs:3
[03:06:39][CUSHION] [6026] ? NIV-97C2CC4BE623E3A6 | BASKET | HIDDEN_HALO | NONE | GOLD | KT_14 | 1ct | imgs:3
[03:06:42][CUSHION] [6027] ? NIV-5FC85015E39DF3CC | BASKET | HIDDEN_HALO | NONE | GOLD | KT_14 | 1ct | imgs:3
[03:06:46][CUSHION] [6028] ? NIV-5FC85015E39DF3CC | BASKET | HIDDEN_HALO | NONE | GOLD | KT_14 | 1ct | imgs:3
[03:06:49][CUSHION] [6029] ? NIV-5FC85015E39DF3CC | BASKET | HIDDEN_HALO | NONE | GOLD | KT_14 | 1ct | imgs:3
[03:06:51][CUSHION] [6030] ? NIV-716CBD35D9E289F6 | BASKET | HIDDEN_HALO | NONE | GOLD | KT_18 | 1ct | imgs:3
[03:06:55][CUSHION] [6031] ? NIV-716CBD35D9E289F6 | BASKET | HIDDEN_HALO | NONE | GOLD | KT_18 | 1ct | imgs:3
[03:07:00][CUSHION] [6032] ? NIV-716CBD35D9E289F6 | BASKET | HIDDEN_HALO | NONE | GOLD | KT_18 | 1ct | imgs:3
[03:07:04][CUSHION] [6033] ? NIV-E52121EE3DA6FD16 | BASKET | HIDDEN_HALO | NONE | GOLD | KT_18 | 1ct | imgs:3
[03:07:07][CUSHION] [6034] ? NIV-E52121EE3DA6FD16 | BASKET | HIDDEN_HALO | NONE | GOLD | KT_18 | 1ct | imgs:3
[03:07:12][CUSHION] [6035] ? NIV-E52121EE3DA6FD16 | BASKET | HIDDEN_HALO | NONE | GOLD | KT_18 | 1ct | imgs:3
[03:07:15][CUSHION] [6036] ? NIV-91524B1963716A51 | BASKET | HIDDEN_HALO | NONE | GOLD | KT_18 | 1ct | imgs:3
[03:07:19][CUSHION] [6037] ? NIV-91524B1963716A51 | BASKET | HIDDEN_HALO | NONE | GOLD | KT_18 | 1ct | imgs:3
[03:07:22][CUSHION] [6038] ? NIV-91524B1963716A51 | BASKET | HIDDEN_HALO | NONE | GOLD | KT_18 | 1ct | imgs:3
[03:07:24][CUSHION] [6039] ? NIV-6B226A06181D7462 | BASKET | HIDDEN_HALO | NONE | PLATINUM | PT_950 | 1ct | imgs:3
[03:07:30][CUSHION] [6040] ? NIV-27882B10DD3F7851 | BASKET | HIDDEN_HALO | NONE | GOLD | KT_10 | 1ct | imgs:3
[03:07:33][CUSHION] [6041] ? NIV-7689E7711207CFEC | BASKET | HIDDEN_HALO | NONE | GOLD | KT_10 | 1ct | imgs:3
[03:07:36][CUSHION] [6042] ? NIV-AD2D7C3DAC15F174 | BASKET | HIDDEN_HALO | NONE | GOLD | KT_10 | 1ct | imgs:3
[03:07:39][CUSHION] [6043] ? NIV-9A3676F802505F93 | BASKET | HIDDEN_HALO | NONE | GOLD | KT_10 | 1ct | imgs:3
[03:07:43][CUSHION] [6044] ? NIV-0DB050EC173AEE64 | BASKET | HIDDEN_HALO | NONE | GOLD | KT_10 | 1ct | imgs:3
[03:07:45][CUSHION] [6045] ? NIV-446CDD35A9FA479D | BASKET | HIDDEN_HALO | NONE | GOLD | KT_10 | 1ct | imgs:3
[03:07:48][CUSHION] [6046] ? NIV-ED7954B8D3B8A789 | BASKET | HIDDEN_HALO | NONE | GOLD | KT_10 | 1ct | imgs:3
[03:07:51][CUSHION] [6047] ? NIV-5987D6FDF66E2D8C | BASKET | HIDDEN_HALO | NONE | GOLD | KT_10 | 1ct | imgs:3
[03:07:54][CUSHION] [6048] ? NIV-31051F8F571020E8 | BASKET | HIDDEN_HALO | NONE | GOLD | KT_10 | 1ct | imgs:3
[03:07:58][CUSHION] [6049] ? NIV-6E391155B895D0B4 | BASKET | HIDDEN_HALO | NONE | GOLD | KT_14 | 1ct | imgs:3
[03:08:01][CUSHION] [6050] ? NIV-50425EBD5F8D8EEF | BASKET | HIDDEN_HALO | NONE | GOLD | KT_14 | 1ct | imgs:3
[03:08:03][CUSHION] [6051] ? NIV-E91E06A1AA43C4BA | BASKET | HIDDEN_HALO | NONE | GOLD | KT_14 | 1ct | imgs:3
[03:08:06][CUSHION] [6052] ? NIV-7FA2B79CAC35FDD7 | BASKET | HIDDEN_HALO | NONE | GOLD | KT_14 | 1ct | imgs:3
[03:08:09][CUSHION] [6053] ? NIV-D159B8CC0BA1A832 | BASKET | HIDDEN_HALO | NONE | GOLD | KT_14 | 1ct | imgs:3
[03:08:12][CUSHION] [6054] ? NIV-C9FCDF0EAF743A17 | BASKET | HIDDEN_HALO | NONE | GOLD | KT_14 | 1ct | imgs:3
[03:08:15][CUSHION] [6055] ? NIV-8BFD6A16FB9851FA | BASKET | HIDDEN_HALO | NONE | GOLD | KT_14 | 1ct | imgs:3
[03:08:18][CUSHION] [6056] ? NIV-6BF200AE6D1D2FAE | BASKET | HIDDEN_HALO | NONE | GOLD | KT_14 | 1ct | imgs:3
[03:08:21][CUSHION] [6057] ? NIV-BD47A777724D2799 | BASKET | HIDDEN_HALO | NONE | GOLD | KT_14 | 1ct | imgs:3
[03:08:27][CUSHION] [6058] ? NIV-9C92875AC2749D6A | BASKET | HIDDEN_HALO | NONE | GOLD | KT_18 | 1ct | imgs:3
[03:08:30][CUSHION] [6059] ? NIV-19AE09011611F899 | BASKET | HIDDEN_HALO | NONE | GOLD | KT_18 | 1ct | imgs:3
[03:08:34][CUSHION] [6060] ? NIV-2B726984CE4012C9 | BASKET | HIDDEN_HALO | NONE | GOLD | KT_18 | 1ct | imgs:3
[03:08:37][CUSHION] [6061] ? NIV-C78B6516C215AB0B | BASKET | HIDDEN_HALO | NONE | GOLD | KT_18 | 1ct | imgs:3
[03:08:39][CUSHION] [6062] ? NIV-8BF531ABAF84E87A | BASKET | HIDDEN_HALO | NONE | GOLD | KT_18 | 1ct | imgs:3
[03:08:43][CUSHION] [6063] ? NIV-5284C1F01D466320 | BASKET | HIDDEN_HALO | NONE | GOLD | KT_18 | 1ct | imgs:3
[03:08:45][CUSHION] [6064] ? NIV-F86D3E8D3BBB31D3 | BASKET | HIDDEN_HALO | NONE | GOLD | KT_18 | 1ct | imgs:3
[03:08:48][CUSHION] [6065] ? NIV-D5E3A5FFD56DA92A | BASKET | HIDDEN_HALO | NONE | GOLD | KT_18 | 1ct | imgs:3
[03:08:51][CUSHION] [6066] ? NIV-7E9557545B683994 | BASKET | HIDDEN_HALO | NONE | GOLD | KT_18 | 1ct | imgs:3
[03:08:54][CUSHION] [6067] ? NIV-CFCAF0C368887AEE | BASKET | HIDDEN_HALO | NONE | PLATINUM | PT_950 | 1ct | imgs:3
[03:08:56][CUSHION]   Re-seleccionando CUSHION (intento 1)
[03:08:58][CUSHION]   POST-CLICK: {'ap': 'true', 'ac': None, 'classes': 'MuiButtonBase-root|MuiToggleButtonGroup-grouped|MuiToggleButtonGroup-groupedHorizontal|MuiToggleButton-root|Mui-selected|MuiToggleButton-sizeMedium|MuiToggleButton-standard|jewellery-configurator-toggle-button|MuiToggleButtonGroup-middleButton|css-66ecda'}
[03:09:00][CUSHION] [6068] ? NIV-77CA058E09AC987B | BASKET | HIDDEN_HALO | NONE | GOLD | KT_10 | 1ct | imgs:3
[03:09:03][CUSHION] [6069] ? NIV-124978DE438FD5DF | BASKET | HIDDEN_HALO | NONE | GOLD | KT_10 | 1ct | imgs:3
[03:09:06][CUSHION] [6070] ? NIV-9D79A793F43BD574 | BASKET | HIDDEN_HALO | NONE | GOLD | KT_10 | 1ct | imgs:3
[03:09:09][CUSHION] [6071] ? NIV-9527D9C4F0C6B8DB | BASKET | HIDDEN_HALO | NONE | GOLD | KT_10 | 1ct | imgs:3
[03:09:12][CUSHION] [6072] ? NIV-B0231B3D817023C9 | BASKET | HIDDEN_HALO | NONE | GOLD | KT_10 | 1ct | imgs:3
[03:09:15][CUSHION] [6073] ? NIV-D79D876D4F84F5D1 | BASKET | HIDDEN_HALO | NONE | GOLD | KT_10 | 1ct | imgs:3
[03:09:18][CUSHION] [6074] ? NIV-0B268C97AA78BB2D | BASKET | HIDDEN_HALO | NONE | GOLD | KT_10 | 1ct | imgs:3
[03:09:22][CUSHION] [6075] ? NIV-9F9395B60052D18B | BASKET | HIDDEN_HALO | NONE | GOLD | KT_10 | 1ct | imgs:3
[03:09:25][CUSHION] [6076] ? NIV-EEF3D1BFF16452A4 | BASKET | HIDDEN_HALO | NONE | GOLD | KT_10 | 1ct | imgs:3
[03:09:37][CUSHION] [6077] ??  NIV-8715D3CE7B638CDD | BASKET | HIDDEN_HALO | NONE | GOLD | KT_14 | 1ct | imgs:0
[03:09:40][CUSHION] [6078] ? NIV-32D4DDFFD48858F8 | BASKET | HIDDEN_HALO | NONE | GOLD | KT_14 | 1ct | imgs:3
[03:09:43][CUSHION] [6079] ? NIV-8715D3CE7B638CDD | BASKET | HIDDEN_HALO | NONE | GOLD | KT_14 | 1ct | imgs:3
[03:09:46][CUSHION] [6080] ? NIV-C05A471B7CA2A2B3 | BASKET | HIDDEN_HALO | NONE | GOLD | KT_14 | 1ct | imgs:3
[03:09:48][CUSHION] [6081] ? NIV-17BE965A4FF16689 | BASKET | HIDDEN_HALO | NONE | GOLD | KT_14 | 1ct | imgs:3
[03:09:51][CUSHION] [6082] ? NIV-F2D7DBD05333162E | BASKET | HIDDEN_HALO | NONE | GOLD | KT_14 | 1ct | imgs:3
[03:09:55][CUSHION] [6083] ? NIV-C765007197065129 | BASKET | HIDDEN_HALO | NONE | GOLD | KT_14 | 1ct | imgs:3
[03:10:06][CUSHION] [6084] ??  NIV-C765007197065129 | BASKET | HIDDEN_HALO | NONE | GOLD | KT_14 | 1ct | imgs:0
[03:10:10][CUSHION] [6085] ? NIV-2335C47F1EFC68D4 | BASKET | HIDDEN_HALO | NONE | GOLD | KT_14 | 1ct | imgs:3
[03:10:13][CUSHION] [6086] ? NIV-B4005D7D32572DBB | BASKET | HIDDEN_HALO | NONE | GOLD | KT_18 | 1ct | imgs:3
[03:10:15][CUSHION] [6087] ? NIV-C7BB65D30BEF7E86 | BASKET | HIDDEN_HALO | NONE | GOLD | KT_18 | 1ct | imgs:3
[03:10:18][CUSHION] [6088] ? NIV-1C9D8C7F4F1D828E | BASKET | HIDDEN_HALO | NONE | GOLD | KT_18 | 1ct | imgs:3
[03:10:21][CUSHION] [6089] ? NIV-37D296180F6AD2CC | BASKET | HIDDEN_HALO | NONE | GOLD | KT_18 | 1ct | imgs:3
[03:10:24][CUSHION] [6090] ? NIV-A151544E456906F1 | BASKET | HIDDEN_HALO | NONE | GOLD | KT_18 | 1ct | imgs:3
[03:10:27][CUSHION] [6091] ? NIV-06B823BA53189283 | BASKET | HIDDEN_HALO | NONE | GOLD | KT_18 | 1ct | imgs:3
[03:10:31][CUSHION] [6092] ? NIV-B2C08226542EA1F5 | BASKET | HIDDEN_HALO | NONE | GOLD | KT_18 | 1ct | imgs:3
[03:10:34][CUSHION] [6093] ? NIV-197B4F4885BAC1F3 | BASKET | HIDDEN_HALO | NONE | GOLD | KT_18 | 1ct | imgs:3
[03:10:37][CUSHION] [6094] ? NIV-8C6E9A19A41C7A59 | BASKET | HIDDEN_HALO | NONE | GOLD | KT_18 | 1ct | imgs:3
[03:10:39][CUSHION] [6095] ? NIV-96F8BAE6A4C98EA0 | BASKET | HIDDEN_HALO | NONE | PLATINUM | PT_950 | 1ct | imgs:3
[03:10:45][CUSHION] [6096] ? NIV-DCA7F9BA77F85A73 | BASKET | HIDDEN_HALO | U_PAVE | GOLD | KT_10 | 1ct | imgs:3
[03:10:49][CUSHION] [6097] ? NIV-DCA7F9BA77F85A73 | BASKET | HIDDEN_HALO | U_PAVE | GOLD | KT_10 | 1ct | imgs:3
[03:10:52][CUSHION] [6098] ? NIV-DCA7F9BA77F85A73 | BASKET | HIDDEN_HALO | U_PAVE | GOLD | KT_10 | 1ct | imgs:3
[03:10:55][CUSHION] [6099] ? NIV-17021F87480162DF | BASKET | HIDDEN_HALO | U_PAVE | GOLD | KT_10 | 1ct | imgs:3
[03:11:00][CUSHION] [6100] ? NIV-17021F87480162DF | BASKET | HIDDEN_HALO | U_PAVE | GOLD | KT_10 | 1ct | imgs:3
[03:11:04][CUSHION] [6101] ? NIV-17021F87480162DF | BASKET | HIDDEN_HALO | U_PAVE | GOLD | KT_10 | 1ct | imgs:3
[03:11:07][CUSHION] [6102] ? NIV-2523677F32645EBF | BASKET | HIDDEN_HALO | U_PAVE | GOLD | KT_10 | 1ct | imgs:3
[03:11:10][CUSHION] [6103] ? NIV-2523677F32645EBF | BASKET | HIDDEN_HALO | U_PAVE | GOLD | KT_10 | 1ct | imgs:3
[03:11:16][CUSHION] [6104] ? NIV-2523677F32645EBF | BASKET | HIDDEN_HALO | U_PAVE | GOLD | KT_10 | 1ct | imgs:3
[03:11:19][CUSHION] [6105] ? NIV-02B0E7A35A8F739A | BASKET | HIDDEN_HALO | U_PAVE | GOLD | KT_14 | 1ct | imgs:3
[03:11:22][CUSHION] [6106] ? NIV-02B0E7A35A8F739A | BASKET | HIDDEN_HALO | U_PAVE | GOLD | KT_14 | 1ct | imgs:3
[03:11:27][CUSHION] [6107] ? NIV-02B0E7A35A8F739A | BASKET | HIDDEN_HALO | U_PAVE | GOLD | KT_14 | 1ct | imgs:3
[03:11:31][CUSHION] [6108] ? NIV-01817CDCFABD0C50 | BASKET | HIDDEN_HALO | U_PAVE | GOLD | KT_14 | 1ct | imgs:3
[03:11:34][CUSHION] [6109] ? NIV-01817CDCFABD0C50 | BASKET | HIDDEN_HALO | U_PAVE | GOLD | KT_14 | 1ct | imgs:3
[03:11:39][CUSHION] [6110] ? NIV-01817CDCFABD0C50 | BASKET | HIDDEN_HALO | U_PAVE | GOLD | KT_14 | 1ct | imgs:3
[03:11:42][CUSHION] [6111] ? NIV-1C769E357A423448 | BASKET | HIDDEN_HALO | U_PAVE | GOLD | KT_14 | 1ct | imgs:3
[03:11:46][CUSHION] [6112] ? NIV-1C769E357A423448 | BASKET | HIDDEN_HALO | U_PAVE | GOLD | KT_14 | 1ct | imgs:3
[03:11:49][CUSHION] [6113] ? NIV-1C769E357A423448 | BASKET | HIDDEN_HALO | U_PAVE | GOLD | KT_14 | 1ct | imgs:3
[03:11:52][CUSHION] [6114] ? NIV-0373DB1C023DAB6B | BASKET | HIDDEN_HALO | U_PAVE | GOLD | KT_18 | 1ct | imgs:3
[03:11:55][CUSHION] [6115] ? NIV-0373DB1C023DAB6B | BASKET | HIDDEN_HALO | U_PAVE | GOLD | KT_18 | 1ct | imgs:3
[03:12:00][CUSHION] [6116] ? NIV-0373DB1C023DAB6B | BASKET | HIDDEN_HALO | U_PAVE | GOLD | KT_18 | 1ct | imgs:3
[03:12:03][CUSHION] [6117] ? NIV-302344EEB890A80C | BASKET | HIDDEN_HALO | U_PAVE | GOLD | KT_18 | 1ct | imgs:3
[03:12:07][CUSHION] [6118] ? NIV-302344EEB890A80C | BASKET | HIDDEN_HALO | U_PAVE | GOLD | KT_18 | 1ct | imgs:3
[03:12:12][CUSHION] [6119] ? NIV-302344EEB890A80C | BASKET | HIDDEN_HALO | U_PAVE | GOLD | KT_18 | 1ct | imgs:3
[03:12:15][CUSHION] [6120] ? NIV-C2CAA8047AF0AB02 | BASKET | HIDDEN_HALO | U_PAVE | GOLD | KT_18 | 1ct | imgs:3
[03:12:19][CUSHION] [6121] ? NIV-C2CAA8047AF0AB02 | BASKET | HIDDEN_HALO | U_PAVE | GOLD | KT_18 | 1ct | imgs:3
[03:12:22][CUSHION] [6122] ? NIV-C2CAA8047AF0AB02 | BASKET | HIDDEN_HALO | U_PAVE | GOLD | KT_18 | 1ct | imgs:3
[03:12:24][CUSHION] [6123] ? NIV-8B3F2B3F2A405083 | BASKET | HIDDEN_HALO | U_PAVE | PLATINUM | PT_950 | 1ct | imgs:3
[03:12:28][CUSHION] [6124] ? NIV-70C3F4C29F29A41C | BASKET | HIDDEN_HALO | U_PAVE | GOLD | KT_10 | 1ct | imgs:3
[03:12:33][CUSHION] [6125] ? NIV-70C3F4C29F29A41C | BASKET | HIDDEN_HALO | U_PAVE | GOLD | KT_10 | 1ct | imgs:3
[03:12:37][CUSHION] [6126] ? NIV-70C3F4C29F29A41C | BASKET | HIDDEN_HALO | U_PAVE | GOLD | KT_10 | 1ct | imgs:3
[03:12:39][CUSHION] [6127] ? NIV-7A52619487F05ABA | BASKET | HIDDEN_HALO | U_PAVE | GOLD | KT_10 | 1ct | imgs:3
[03:12:43][CUSHION] [6128] ? NIV-7A52619487F05ABA | BASKET | HIDDEN_HALO | U_PAVE | GOLD | KT_10 | 1ct | imgs:3
[03:12:48][CUSHION] [6129] ? NIV-7A52619487F05ABA | BASKET | HIDDEN_HALO | U_PAVE | GOLD | KT_10 | 1ct | imgs:3
[03:12:52][CUSHION] [6130] ? NIV-90A3488CEC8260EB | BASKET | HIDDEN_HALO | U_PAVE | GOLD | KT_10 | 1ct | imgs:3
[03:12:55][CUSHION] [6131] ? NIV-90A3488CEC8260EB | BASKET | HIDDEN_HALO | U_PAVE | GOLD | KT_10 | 1ct | imgs:3
[03:13:01][CUSHION] [6132] ? NIV-90A3488CEC8260EB | BASKET | HIDDEN_HALO | U_PAVE | GOLD | KT_10 | 1ct | imgs:3
[03:13:04][CUSHION] [6133] ? NIV-432C22C6A8FB5E93 | BASKET | HIDDEN_HALO | U_PAVE | GOLD | KT_14 | 1ct | imgs:3
[03:13:07][CUSHION] [6134] ? NIV-432C22C6A8FB5E93 | BASKET | HIDDEN_HALO | U_PAVE | GOLD | KT_14 | 1ct | imgs:3
[03:13:10][CUSHION] [6135] ? NIV-432C22C6A8FB5E93 | BASKET | HIDDEN_HALO | U_PAVE | GOLD | KT_14 | 1ct | imgs:3
[03:13:12][CUSHION] [6136] ? NIV-E9164D5267B98BCE | BASKET | HIDDEN_HALO | U_PAVE | GOLD | KT_14 | 1ct | imgs:3
[03:13:16][CUSHION] [6137] ? NIV-E9164D5267B98BCE | BASKET | HIDDEN_HALO | U_PAVE | GOLD | KT_14 | 1ct | imgs:3
[03:13:19][CUSHION] [6138] ? NIV-E9164D5267B98BCE | BASKET | HIDDEN_HALO | U_PAVE | GOLD | KT_14 | 1ct | imgs:3
[03:13:22][CUSHION] [6139] ? NIV-B4EFB758ED946324 | BASKET | HIDDEN_HALO | U_PAVE | GOLD | KT_14 | 1ct | imgs:3
[03:13:25][CUSHION] [6140] ? NIV-B4EFB758ED946324 | BASKET | HIDDEN_HALO | U_PAVE | GOLD | KT_14 | 1ct | imgs:3
[03:13:28][CUSHION] [6141] ? NIV-B4EFB758ED946324 | BASKET | HIDDEN_HALO | U_PAVE | GOLD | KT_14 | 1ct | imgs:3
[03:13:33][CUSHION] [6142] ? NIV-791D6A5F662527D8 | BASKET | HIDDEN_HALO | U_PAVE | GOLD | KT_18 | 1ct | imgs:3
[03:13:37][CUSHION] [6143] ? NIV-791D6A5F662527D8 | BASKET | HIDDEN_HALO | U_PAVE | GOLD | KT_18 | 1ct | imgs:3
[03:13:43][CUSHION] [6144] ? NIV-791D6A5F662527D8 | BASKET | HIDDEN_HALO | U_PAVE | GOLD | KT_18 | 1ct | imgs:3
[03:13:45][CUSHION] [6145] ? NIV-AC4931D6C06A94CF | BASKET | HIDDEN_HALO | U_PAVE | GOLD | KT_18 | 1ct | imgs:3
[03:13:49][CUSHION] [6146] ? NIV-AC4931D6C06A94CF | BASKET | HIDDEN_HALO | U_PAVE | GOLD | KT_18 | 1ct | imgs:3
[03:13:54][CUSHION] [6147] ? NIV-AC4931D6C06A94CF | BASKET | HIDDEN_HALO | U_PAVE | GOLD | KT_18 | 1ct | imgs:3
[03:13:58][CUSHION] [6148] ? NIV-5EDD9D87E205E596 | BASKET | HIDDEN_HALO | U_PAVE | GOLD | KT_18 | 1ct | imgs:3
[03:14:01][CUSHION] [6149] ? NIV-5EDD9D87E205E596 | BASKET | HIDDEN_HALO | U_PAVE | GOLD | KT_18 | 1ct | imgs:3
[03:14:04][CUSHION] [6150] ? NIV-5EDD9D87E205E596 | BASKET | HIDDEN_HALO | U_PAVE | GOLD | KT_18 | 1ct | imgs:3
[03:14:06][CUSHION] [6151] ? NIV-EBFE978106705895 | BASKET | HIDDEN_HALO | U_PAVE | PLATINUM | PT_950 | 1ct | imgs:3
[03:14:10][CUSHION] [6152] ? NIV-DB03A04A898BD7C2 | BASKET | HIDDEN_HALO | U_PAVE | GOLD | KT_10 | 1ct | imgs:3
[03:14:13][CUSHION] [6153] ? NIV-DB03A04A898BD7C2 | BASKET | HIDDEN_HALO | U_PAVE | GOLD | KT_10 | 1ct | imgs:3
[03:14:19][CUSHION] [6154] ? NIV-DB03A04A898BD7C2 | BASKET | HIDDEN_HALO | U_PAVE | GOLD | KT_10 | 1ct | imgs:3
[03:14:22][CUSHION] [6155] ? NIV-813A7C0880A936C1 | BASKET | HIDDEN_HALO | U_PAVE | GOLD | KT_10 | 1ct | imgs:3
[03:14:25][CUSHION] [6156] ? NIV-813A7C0880A936C1 | BASKET | HIDDEN_HALO | U_PAVE | GOLD | KT_10 | 1ct | imgs:3
[03:14:31][CUSHION] [6157] ? NIV-813A7C0880A936C1 | BASKET | HIDDEN_HALO | U_PAVE | GOLD | KT_10 | 1ct | imgs:3
[03:14:35][CUSHION] [6158] ? NIV-9F1672FEECA5081C | BASKET | HIDDEN_HALO | U_PAVE | GOLD | KT_10 | 1ct | imgs:3
[03:14:40][CUSHION] [6159] ? NIV-9F1672FEECA5081C | BASKET | HIDDEN_HALO | U_PAVE | GOLD | KT_10 | 1ct | imgs:3
[03:14:46][CUSHION] [6160] ? NIV-9F1672FEECA5081C | BASKET | HIDDEN_HALO | U_PAVE | GOLD | KT_10 | 1ct | imgs:3
[03:14:51][CUSHION] [6161] ? NIV-B72A0C3A3301C443 | BASKET | HIDDEN_HALO | U_PAVE | GOLD | KT_14 | 1ct | imgs:3
[03:14:55][CUSHION] [6162] ? NIV-B72A0C3A3301C443 | BASKET | HIDDEN_HALO | U_PAVE | GOLD | KT_14 | 1ct | imgs:3
[03:15:01][CUSHION] [6163] ? NIV-B72A0C3A3301C443 | BASKET | HIDDEN_HALO | U_PAVE | GOLD | KT_14 | 1ct | imgs:3
[03:15:03][CUSHION] [6164] ? NIV-29CAEB2FA7072958 | BASKET | HIDDEN_HALO | U_PAVE | GOLD | KT_14 | 1ct | imgs:3
[03:15:07][CUSHION] [6165] ? NIV-29CAEB2FA7072958 | BASKET | HIDDEN_HALO | U_PAVE | GOLD | KT_14 | 1ct | imgs:3
[03:15:13][CUSHION] [6166] ? NIV-29CAEB2FA7072958 | BASKET | HIDDEN_HALO | U_PAVE | GOLD | KT_14 | 1ct | imgs:3
[03:15:15][CUSHION] [6167] ? NIV-1B439843A1661EAD | BASKET | HIDDEN_HALO | U_PAVE | GOLD | KT_14 | 1ct | imgs:3
[03:15:19][CUSHION] [6168] ? NIV-1B439843A1661EAD | BASKET | HIDDEN_HALO | U_PAVE | GOLD | KT_14 | 1ct | imgs:3
[03:15:22][CUSHION] [6169] ? NIV-1B439843A1661EAD | BASKET | HIDDEN_HALO | U_PAVE | GOLD | KT_14 | 1ct | imgs:3
[03:15:25][CUSHION] [6170] ? NIV-2B51421B930588A6 | BASKET | HIDDEN_HALO | U_PAVE | GOLD | KT_18 | 1ct | imgs:3
[03:15:30][CUSHION] [6171] ? NIV-2B51421B930588A6 | BASKET | HIDDEN_HALO | U_PAVE | GOLD | KT_18 | 1ct | imgs:3
[03:15:34][CUSHION] [6172] ? NIV-2B51421B930588A6 | BASKET | HIDDEN_HALO | U_PAVE | GOLD | KT_18 | 1ct | imgs:3
[03:15:36][CUSHION] [6173] ? NIV-96A18896CA721B0D | BASKET | HIDDEN_HALO | U_PAVE | GOLD | KT_18 | 1ct | imgs:3
[03:15:40][CUSHION] [6174] ? NIV-96A18896CA721B0D | BASKET | HIDDEN_HALO | U_PAVE | GOLD | KT_18 | 1ct | imgs:3
[03:15:43][CUSHION] [6175] ? NIV-96A18896CA721B0D | BASKET | HIDDEN_HALO | U_PAVE | GOLD | KT_18 | 1ct | imgs:3
[03:15:45][CUSHION] [6176] ? NIV-D66873040006D4F9 | BASKET | HIDDEN_HALO | U_PAVE | GOLD | KT_18 | 1ct | imgs:3
[03:15:49][CUSHION] [6177] ? NIV-D66873040006D4F9 | BASKET | HIDDEN_HALO | U_PAVE | GOLD | KT_18 | 1ct | imgs:3
[03:15:52][CUSHION] [6178] ? NIV-D66873040006D4F9 | BASKET | HIDDEN_HALO | U_PAVE | GOLD | KT_18 | 1ct | imgs:3
[03:15:55][CUSHION] [6179] ? NIV-AB646AA62C28F67B | BASKET | HIDDEN_HALO | U_PAVE | PLATINUM | PT_950 | 1ct | imgs:3
[03:16:01][CUSHION] [6180] ? NIV-482F61098EFE246B | BASKET | HIDDEN_HALO | U_PAVE | GOLD | KT_10 | 1ct | imgs:3
[03:16:06][CUSHION] [6181] ? NIV-482F61098EFE246B | BASKET | HIDDEN_HALO | U_PAVE | GOLD | KT_10 | 1ct | imgs:3
[03:16:10][CUSHION] [6182] ? NIV-482F61098EFE246B | BASKET | HIDDEN_HALO | U_PAVE | GOLD | KT_10 | 1ct | imgs:3
[03:16:12][CUSHION] [6183] ? NIV-710428347751A9AF | BASKET | HIDDEN_HALO | U_PAVE | GOLD | KT_10 | 1ct | imgs:3
[03:16:16][CUSHION] [6184] ? NIV-710428347751A9AF | BASKET | HIDDEN_HALO | U_PAVE | GOLD | KT_10 | 1ct | imgs:3
[03:16:19][CUSHION] [6185] ? NIV-710428347751A9AF | BASKET | HIDDEN_HALO | U_PAVE | GOLD | KT_10 | 1ct | imgs:3
[03:16:22][CUSHION] [6186] ? NIV-5B5A3AFCBA11BF23 | BASKET | HIDDEN_HALO | U_PAVE | GOLD | KT_10 | 1ct | imgs:3
[03:16:25][CUSHION] [6187] ? NIV-5B5A3AFCBA11BF23 | BASKET | HIDDEN_HALO | U_PAVE | GOLD | KT_10 | 1ct | imgs:3
[03:16:28][CUSHION] [6188] ? NIV-5B5A3AFCBA11BF23 | BASKET | HIDDEN_HALO | U_PAVE | GOLD | KT_10 | 1ct | imgs:3
[03:16:31][CUSHION] [6189] ? NIV-F757D6E8673B55DE | BASKET | HIDDEN_HALO | U_PAVE | GOLD | KT_14 | 1ct | imgs:1
[03:16:36][CUSHION] [6190] ? NIV-F757D6E8673B55DE | BASKET | HIDDEN_HALO | U_PAVE | GOLD | KT_14 | 1ct | imgs:3
[03:16:40][CUSHION] [6191] ? NIV-F757D6E8673B55DE | BASKET | HIDDEN_HALO | U_PAVE | GOLD | KT_14 | 1ct | imgs:3
[03:16:42][CUSHION] [6192] ? NIV-4C9511F65C5C0ADD | BASKET | HIDDEN_HALO | U_PAVE | GOLD | KT_14 | 1ct | imgs:3
[03:16:46][CUSHION] [6193] ? NIV-4C9511F65C5C0ADD | BASKET | HIDDEN_HALO | U_PAVE | GOLD | KT_14 | 1ct | imgs:3
[03:16:52][CUSHION] [6194] ? NIV-4C9511F65C5C0ADD | BASKET | HIDDEN_HALO | U_PAVE | GOLD | KT_14 | 1ct | imgs:3
[03:16:55][CUSHION] [6195] ? NIV-8CC537D284418CA6 | BASKET | HIDDEN_HALO | U_PAVE | GOLD | KT_14 | 1ct | imgs:3
[03:17:01][CUSHION] [6196] ? NIV-8CC537D284418CA6 | BASKET | HIDDEN_HALO | U_PAVE | GOLD | KT_14 | 1ct | imgs:3
[03:17:04][CUSHION] [6197] ? NIV-8CC537D284418CA6 | BASKET | HIDDEN_HALO | U_PAVE | GOLD | KT_14 | 1ct | imgs:3
[03:17:07][CUSHION] [6198] ? NIV-F35C8A918E68C19F | BASKET | HIDDEN_HALO | U_PAVE | GOLD | KT_18 | 1ct | imgs:3
[03:17:12][CUSHION] [6199] ? NIV-F35C8A918E68C19F | BASKET | HIDDEN_HALO | U_PAVE | GOLD | KT_18 | 1ct | imgs:3
[03:17:16][CUSHION] [6200] ? NIV-F35C8A918E68C19F | BASKET | HIDDEN_HALO | U_PAVE | GOLD | KT_18 | 1ct | imgs:3
[03:17:20][CUSHION] [6201] ? NIV-1F89EB0AE0C4527B | BASKET | HIDDEN_HALO | U_PAVE | GOLD | KT_18 | 1ct | imgs:1
[03:17:25][CUSHION] [6202] ? NIV-1F89EB0AE0C4527B | BASKET | HIDDEN_HALO | U_PAVE | GOLD | KT_18 | 1ct | imgs:3
[03:17:28][CUSHION] [6203] ? NIV-1F89EB0AE0C4527B | BASKET | HIDDEN_HALO | U_PAVE | GOLD | KT_18 | 1ct | imgs:3
[03:17:30][CUSHION] [6204] ? NIV-0430FD50E5F980D7 | BASKET | HIDDEN_HALO | U_PAVE | GOLD | KT_18 | 1ct | imgs:3
[03:17:34][CUSHION] [6205] ? NIV-0430FD50E5F980D7 | BASKET | HIDDEN_HALO | U_PAVE | GOLD | KT_18 | 1ct | imgs:3
[03:17:39][CUSHION] [6206] ? NIV-0430FD50E5F980D7 | BASKET | HIDDEN_HALO | U_PAVE | GOLD | KT_18 | 1ct | imgs:3
[03:17:43][CUSHION] [6207] ? NIV-D683903F422FEA4B | BASKET | HIDDEN_HALO | U_PAVE | PLATINUM | PT_950 | 1ct | imgs:3
[03:17:46][CUSHION] [6208] ? NIV-3F98BCE13557CA8D | BASKET | HIDDEN_HALO | U_PAVE | GOLD | KT_10 | 1ct | imgs:3
[03:17:51][CUSHION] [6209] ? NIV-3F98BCE13557CA8D | BASKET | HIDDEN_HALO | U_PAVE | GOLD | KT_10 | 1ct | imgs:3
[03:17:55][CUSHION] [6210] ? NIV-3F98BCE13557CA8D | BASKET | HIDDEN_HALO | U_PAVE | GOLD | KT_10 | 1ct | imgs:3
[03:17:58][CUSHION] [6211] ? NIV-92A494939747545B | BASKET | HIDDEN_HALO | U_PAVE | GOLD | KT_10 | 1ct | imgs:2
[03:18:03][CUSHION] [6212] ? NIV-92A494939747545B | BASKET | HIDDEN_HALO | U_PAVE | GOLD | KT_10 | 1ct | imgs:3
[03:18:07][CUSHION] [6213] ? NIV-92A494939747545B | BASKET | HIDDEN_HALO | U_PAVE | GOLD | KT_10 | 1ct | imgs:3
[03:18:09][CUSHION] [6214] ? NIV-1EBEA92A8B94C6A0 | BASKET | HIDDEN_HALO | U_PAVE | GOLD | KT_10 | 1ct | imgs:3
[03:18:13][CUSHION] [6215] ? NIV-1EBEA92A8B94C6A0 | BASKET | HIDDEN_HALO | U_PAVE | GOLD | KT_10 | 1ct | imgs:3
[03:18:16][CUSHION] [6216] ? NIV-1EBEA92A8B94C6A0 | BASKET | HIDDEN_HALO | U_PAVE | GOLD | KT_10 | 1ct | imgs:3
[03:18:19][CUSHION] [6217] ? NIV-F3D9D4A166EB31D8 | BASKET | HIDDEN_HALO | U_PAVE | GOLD | KT_14 | 1ct | imgs:3
[03:18:25][CUSHION] [6218] ? NIV-F3D9D4A166EB31D8 | BASKET | HIDDEN_HALO | U_PAVE | GOLD | KT_14 | 1ct | imgs:3
[03:18:30][CUSHION] [6219] ? NIV-F3D9D4A166EB31D8 | BASKET | HIDDEN_HALO | U_PAVE | GOLD | KT_14 | 1ct | imgs:3
[03:18:33][CUSHION] [6220] ? NIV-BE5FD0CF60A4393D | BASKET | HIDDEN_HALO | U_PAVE | GOLD | KT_14 | 1ct | imgs:3
[03:18:37][CUSHION] [6221] ? NIV-BE5FD0CF60A4393D | BASKET | HIDDEN_HALO | U_PAVE | GOLD | KT_14 | 1ct | imgs:3
[03:18:42][CUSHION] [6222] ? NIV-BE5FD0CF60A4393D | BASKET | HIDDEN_HALO | U_PAVE | GOLD | KT_14 | 1ct | imgs:3
[03:18:46][CUSHION] [6223] ? NIV-D4C4B98E8C9843E6 | BASKET | HIDDEN_HALO | U_PAVE | GOLD | KT_14 | 1ct | imgs:3
[03:18:49][CUSHION] [6224] ? NIV-D4C4B98E8C9843E6 | BASKET | HIDDEN_HALO | U_PAVE | GOLD | KT_14 | 1ct | imgs:3
[03:18:55][CUSHION] [6225] ? NIV-D4C4B98E8C9843E6 | BASKET | HIDDEN_HALO | U_PAVE | GOLD | KT_14 | 1ct | imgs:3
[03:18:58][CUSHION] [6226] ? NIV-FE5916D622DF132C | BASKET | HIDDEN_HALO | U_PAVE | GOLD | KT_18 | 1ct | imgs:3
[03:19:01][CUSHION] [6227] ? NIV-FE5916D622DF132C | BASKET | HIDDEN_HALO | U_PAVE | GOLD | KT_18 | 1ct | imgs:3
[03:19:04][CUSHION] [6228] ? NIV-FE5916D622DF132C | BASKET | HIDDEN_HALO | U_PAVE | GOLD | KT_18 | 1ct | imgs:3
[03:19:07][CUSHION] [6229] ? NIV-0474C9232841ECF4 | BASKET | HIDDEN_HALO | U_PAVE | GOLD | KT_18 | 1ct | imgs:3
[03:19:10][CUSHION] [6230] ? NIV-0474C9232841ECF4 | BASKET | HIDDEN_HALO | U_PAVE | GOLD | KT_18 | 1ct | imgs:3
[03:19:13][CUSHION] [6231] ? NIV-0474C9232841ECF4 | BASKET | HIDDEN_HALO | U_PAVE | GOLD | KT_18 | 1ct | imgs:3
[03:19:15][CUSHION] [6232] ? NIV-D58E9EED6C51A430 | BASKET | HIDDEN_HALO | U_PAVE | GOLD | KT_18 | 1ct | imgs:3
[03:19:19][CUSHION] [6233] ? NIV-D58E9EED6C51A430 | BASKET | HIDDEN_HALO | U_PAVE | GOLD | KT_18 | 1ct | imgs:3
[03:19:25][CUSHION] [6234] ? NIV-D58E9EED6C51A430 | BASKET | HIDDEN_HALO | U_PAVE | GOLD | KT_18 | 1ct | imgs:3
[03:19:27][CUSHION] [6235] ? NIV-2EF182F956E1D095 | BASKET | HIDDEN_HALO | U_PAVE | PLATINUM | PT_950 | 1ct | imgs:3
[03:19:33][CUSHION] [6236] ? NIV-2062157E37C88BE1 | BASKET | HIDDEN_HALO | U_PAVE | GOLD | KT_10 | 1ct | imgs:3
[03:19:37][CUSHION] [6237] ? NIV-2062157E37C88BE1 | BASKET | HIDDEN_HALO | U_PAVE | GOLD | KT_10 | 1ct | imgs:3
[03:19:40][CUSHION] [6238] ? NIV-2062157E37C88BE1 | BASKET | HIDDEN_HALO | U_PAVE | GOLD | KT_10 | 1ct | imgs:3
[03:19:46][CUSHION] [6239] ? NIV-4355F07C5CC69821 | BASKET | HIDDEN_HALO | U_PAVE | GOLD | KT_10 | 1ct | imgs:3
[03:19:49][CUSHION] [6240] ? NIV-4355F07C5CC69821 | BASKET | HIDDEN_HALO | U_PAVE | GOLD | KT_10 | 1ct | imgs:3
[03:19:54][CUSHION] [6241] ? NIV-4355F07C5CC69821 | BASKET | HIDDEN_HALO | U_PAVE | GOLD | KT_10 | 1ct | imgs:3
[03:19:57][CUSHION] [6242] ? NIV-2E27A2865B8B4C30 | BASKET | HIDDEN_HALO | U_PAVE | GOLD | KT_10 | 1ct | imgs:3
[03:20:01][CUSHION] [6243] ? NIV-2E27A2865B8B4C30 | BASKET | HIDDEN_HALO | U_PAVE | GOLD | KT_10 | 1ct | imgs:3
[03:20:04][CUSHION] [6244] ? NIV-2E27A2865B8B4C30 | BASKET | HIDDEN_HALO | U_PAVE | GOLD | KT_10 | 1ct | imgs:3
[03:20:07][CUSHION] [6245] ? NIV-BCB9ED339B6F5638 | BASKET | HIDDEN_HALO | U_PAVE | GOLD | KT_14 | 1ct | imgs:3
[03:20:13][CUSHION] [6246] ? NIV-BCB9ED339B6F5638 | BASKET | HIDDEN_HALO | U_PAVE | GOLD | KT_14 | 1ct | imgs:3
[03:20:16][CUSHION] [6247] ? NIV-BCB9ED339B6F5638 | BASKET | HIDDEN_HALO | U_PAVE | GOLD | KT_14 | 1ct | imgs:3
[03:20:19][CUSHION] [6248] ? NIV-39EC00803F6CA09A | BASKET | HIDDEN_HALO | U_PAVE | GOLD | KT_14 | 1ct | imgs:3
[03:20:22][CUSHION] [6249] ? NIV-39EC00803F6CA09A | BASKET | HIDDEN_HALO | U_PAVE | GOLD | KT_14 | 1ct | imgs:3
[03:20:28][CUSHION] [6250] ? NIV-39EC00803F6CA09A | BASKET | HIDDEN_HALO | U_PAVE | GOLD | KT_14 | 1ct | imgs:3
[03:20:30][CUSHION] [6251] ? NIV-F8035BCE03F6E33B | BASKET | HIDDEN_HALO | U_PAVE | GOLD | KT_14 | 1ct | imgs:3
[03:20:34][CUSHION] [6252] ? NIV-F8035BCE03F6E33B | BASKET | HIDDEN_HALO | U_PAVE | GOLD | KT_14 | 1ct | imgs:3
[03:20:39][CUSHION] [6253] ? NIV-F8035BCE03F6E33B | BASKET | HIDDEN_HALO | U_PAVE | GOLD | KT_14 | 1ct | imgs:3
[03:20:42][CUSHION] [6254] ? NIV-6F119604E8463FF6 | BASKET | HIDDEN_HALO | U_PAVE | GOLD | KT_18 | 1ct | imgs:3
[03:20:46][CUSHION] [6255] ? NIV-6F119604E8463FF6 | BASKET | HIDDEN_HALO | U_PAVE | GOLD | KT_18 | 1ct | imgs:3
[03:20:51][CUSHION] [6256] ? NIV-6F119604E8463FF6 | BASKET | HIDDEN_HALO | U_PAVE | GOLD | KT_18 | 1ct | imgs:3
[03:20:54][CUSHION] [6257] ? NIV-575C3D1AD38409AB | BASKET | HIDDEN_HALO | U_PAVE | GOLD | KT_18 | 1ct | imgs:3
[03:20:58][CUSHION] [6258] ? NIV-575C3D1AD38409AB | BASKET | HIDDEN_HALO | U_PAVE | GOLD | KT_18 | 1ct | imgs:3
[03:21:03][CUSHION] [6259] ? NIV-575C3D1AD38409AB | BASKET | HIDDEN_HALO | U_PAVE | GOLD | KT_18 | 1ct | imgs:3
[03:21:06][CUSHION] [6260] ? NIV-98A2D7A99A99E0A2 | BASKET | HIDDEN_HALO | U_PAVE | GOLD | KT_18 | 1ct | imgs:3
[03:21:10][CUSHION] [6261] ? NIV-98A2D7A99A99E0A2 | BASKET | HIDDEN_HALO | U_PAVE | GOLD | KT_18 | 1ct | imgs:3
[03:21:16][CUSHION] [6262] ? NIV-98A2D7A99A99E0A2 | BASKET | HIDDEN_HALO | U_PAVE | GOLD | KT_18 | 1ct | imgs:3
[03:21:18][CUSHION] [6263] ? NIV-236DB5C362B13DDC | BASKET | HIDDEN_HALO | U_PAVE | PLATINUM | PT_950 | 1ct | imgs:3
[03:21:28][CUSHION] [6264] ? NIV-4EBD88D5632E8725 | BASKET | HIDDEN_HALO | U_PAVE | GOLD | KT_10 | 1ct | imgs:3
[03:21:31][CUSHION] [6265] ? NIV-4EBD88D5632E8725 | BASKET | HIDDEN_HALO | U_PAVE | GOLD | KT_10 | 1ct | imgs:3
[03:21:37][CUSHION] [6266] ? NIV-4EBD88D5632E8725 | BASKET | HIDDEN_HALO | U_PAVE | GOLD | KT_10 | 1ct | imgs:3
[03:21:40][CUSHION] [6267] ? NIV-B039B5DBA886A68A | BASKET | HIDDEN_HALO | U_PAVE | GOLD | KT_10 | 1ct | imgs:3
[03:21:43][CUSHION] [6268] ? NIV-B039B5DBA886A68A | BASKET | HIDDEN_HALO | U_PAVE | GOLD | KT_10 | 1ct | imgs:3
[03:21:49][CUSHION] [6269] ? NIV-B039B5DBA886A68A | BASKET | HIDDEN_HALO | U_PAVE | GOLD | KT_10 | 1ct | imgs:3
[03:21:51][CUSHION] [6270] ? NIV-AB7DDB31E482B002 | BASKET | HIDDEN_HALO | U_PAVE | GOLD | KT_10 | 1ct | imgs:3
[03:21:55][CUSHION] [6271] ? NIV-AB7DDB31E482B002 | BASKET | HIDDEN_HALO | U_PAVE | GOLD | KT_10 | 1ct | imgs:3
[03:21:58][CUSHION] [6272] ? NIV-AB7DDB31E482B002 | BASKET | HIDDEN_HALO | U_PAVE | GOLD | KT_10 | 1ct | imgs:3
[03:22:01][CUSHION] [6273] ? NIV-AB488745B418AA45 | BASKET | HIDDEN_HALO | U_PAVE | GOLD | KT_14 | 1ct | imgs:1
[03:22:06][CUSHION] [6274] ? NIV-AB488745B418AA45 | BASKET | HIDDEN_HALO | U_PAVE | GOLD | KT_14 | 1ct | imgs:3
[03:22:10][CUSHION] [6275] ? NIV-AB488745B418AA45 | BASKET | HIDDEN_HALO | U_PAVE | GOLD | KT_14 | 1ct | imgs:3
[03:22:12][CUSHION] [6276] ? NIV-3C73ED0DDB012844 | BASKET | HIDDEN_HALO | U_PAVE | GOLD | KT_14 | 1ct | imgs:3
[03:22:16][CUSHION] [6277] ? NIV-3C73ED0DDB012844 | BASKET | HIDDEN_HALO | U_PAVE | GOLD | KT_14 | 1ct | imgs:3
[03:22:19][CUSHION] [6278] ? NIV-3C73ED0DDB012844 | BASKET | HIDDEN_HALO | U_PAVE | GOLD | KT_14 | 1ct | imgs:3
[03:22:22][CUSHION] [6279] ? NIV-26A2CBA5E1722463 | BASKET | HIDDEN_HALO | U_PAVE | GOLD | KT_14 | 1ct | imgs:3
[03:22:25][CUSHION] [6280] ? NIV-26A2CBA5E1722463 | BASKET | HIDDEN_HALO | U_PAVE | GOLD | KT_14 | 1ct | imgs:3
[03:22:30][CUSHION] [6281] ? NIV-26A2CBA5E1722463 | BASKET | HIDDEN_HALO | U_PAVE | GOLD | KT_14 | 1ct | imgs:3
[03:22:37][CUSHION] [6282] ? NIV-3790D3DC7472C387 | BASKET | HIDDEN_HALO | U_PAVE | GOLD | KT_18 | 1ct | imgs:3
[03:22:40][CUSHION] [6283] ? NIV-3790D3DC7472C387 | BASKET | HIDDEN_HALO | U_PAVE | GOLD | KT_18 | 1ct | imgs:3
[03:22:45][CUSHION] [6284] ? NIV-3790D3DC7472C387 | BASKET | HIDDEN_HALO | U_PAVE | GOLD | KT_18 | 1ct | imgs:3
[03:22:48][CUSHION] [6285] ? NIV-F2112FD04635B1B4 | BASKET | HIDDEN_HALO | U_PAVE | GOLD | KT_18 | 1ct | imgs:3
[03:22:52][CUSHION] [6286] ? NIV-F2112FD04635B1B4 | BASKET | HIDDEN_HALO | U_PAVE | GOLD | KT_18 | 1ct | imgs:3
[03:22:55][CUSHION] [6287] ? NIV-F2112FD04635B1B4 | BASKET | HIDDEN_HALO | U_PAVE | GOLD | KT_18 | 1ct | imgs:3
[03:22:57][CUSHION] [6288] ? NIV-43B8C5B5EABDAAE5 | BASKET | HIDDEN_HALO | U_PAVE | GOLD | KT_18 | 1ct | imgs:3
[03:23:01][CUSHION] [6289] ? NIV-43B8C5B5EABDAAE5 | BASKET | HIDDEN_HALO | U_PAVE | GOLD | KT_18 | 1ct | imgs:3
[03:23:07][CUSHION] [6290] ? NIV-43B8C5B5EABDAAE5 | BASKET | HIDDEN_HALO | U_PAVE | GOLD | KT_18 | 1ct | imgs:3
[03:23:09][CUSHION] [6291] ? NIV-DABC1EC7AECCECDA | BASKET | HIDDEN_HALO | U_PAVE | PLATINUM | PT_950 | 1ct | imgs:3
[03:23:13][CUSHION] [6292] ? NIV-F22EBE689F0C4620 | BASKET | HIDDEN_HALO | U_PAVE | GOLD | KT_10 | 1ct | imgs:3
[03:23:16][CUSHION] [6293] ? NIV-F22EBE689F0C4620 | BASKET | HIDDEN_HALO | U_PAVE | GOLD | KT_10 | 1ct | imgs:3
[03:23:21][CUSHION] [6294] ? NIV-F22EBE689F0C4620 | BASKET | HIDDEN_HALO | U_PAVE | GOLD | KT_10 | 1ct | imgs:3
[03:23:24][CUSHION] [6295] ? NIV-C14FB1DAF9B13155 | BASKET | HIDDEN_HALO | U_PAVE | GOLD | KT_10 | 1ct | imgs:3
[03:23:30][CUSHION] [6296] ? NIV-C14FB1DAF9B13155 | BASKET | HIDDEN_HALO | U_PAVE | GOLD | KT_10 | 1ct | imgs:3
[03:23:34][CUSHION] [6297] ? NIV-C14FB1DAF9B13155 | BASKET | HIDDEN_HALO | U_PAVE | GOLD | KT_10 | 1ct | imgs:3
[03:23:37][CUSHION] [6298] ? NIV-9E518FF89A2631F4 | BASKET | HIDDEN_HALO | U_PAVE | GOLD | KT_10 | 1ct | imgs:1
[03:23:42][CUSHION] [6299] ? NIV-9E518FF89A2631F4 | BASKET | HIDDEN_HALO | U_PAVE | GOLD | KT_10 | 1ct | imgs:3
[03:23:46][CUSHION] [6300] ? NIV-9E518FF89A2631F4 | BASKET | HIDDEN_HALO | U_PAVE | GOLD | KT_10 | 1ct | imgs:3
[03:23:48][CUSHION] [6301] ? NIV-A220838B178C8DC5 | BASKET | HIDDEN_HALO | U_PAVE | GOLD | KT_14 | 1ct | imgs:3
[03:23:52][CUSHION] [6302] ? NIV-A220838B178C8DC5 | BASKET | HIDDEN_HALO | U_PAVE | GOLD | KT_14 | 1ct | imgs:3
[03:23:57][CUSHION] [6303] ? NIV-A220838B178C8DC5 | BASKET | HIDDEN_HALO | U_PAVE | GOLD | KT_14 | 1ct | imgs:3
[03:24:00][CUSHION] [6304] ? NIV-E7FD3F8B87D751E8 | BASKET | HIDDEN_HALO | U_PAVE | GOLD | KT_14 | 1ct | imgs:3
[03:24:04][CUSHION] [6305] ? NIV-E7FD3F8B87D751E8 | BASKET | HIDDEN_HALO | U_PAVE | GOLD | KT_14 | 1ct | imgs:3
[03:24:07][CUSHION] [6306] ? NIV-E7FD3F8B87D751E8 | BASKET | HIDDEN_HALO | U_PAVE | GOLD | KT_14 | 1ct | imgs:3
[03:24:10][CUSHION] [6307] ? NIV-0676AD4A4237848B | BASKET | HIDDEN_HALO | U_PAVE | GOLD | KT_14 | 1ct | imgs:3
[03:24:13][CUSHION] [6308] ? NIV-0676AD4A4237848B | BASKET | HIDDEN_HALO | U_PAVE | GOLD | KT_14 | 1ct | imgs:3
[03:24:18][CUSHION] [6309] ? NIV-0676AD4A4237848B | BASKET | HIDDEN_HALO | U_PAVE | GOLD | KT_14 | 1ct | imgs:3
[03:24:21][CUSHION] [6310] ? NIV-12CB26BC45AA637F | BASKET | HIDDEN_HALO | U_PAVE | GOLD | KT_18 | 1ct | imgs:3
[03:24:25][CUSHION] [6311] ? NIV-12CB26BC45AA637F | BASKET | HIDDEN_HALO | U_PAVE | GOLD | KT_18 | 1ct | imgs:3
[03:24:28][CUSHION] [6312] ? NIV-12CB26BC45AA637F | BASKET | HIDDEN_HALO | U_PAVE | GOLD | KT_18 | 1ct | imgs:3
[03:24:31][CUSHION] [6313] ? NIV-293F28FACC9D2605 | BASKET | HIDDEN_HALO | U_PAVE | GOLD | KT_18 | 1ct | imgs:3
[03:24:36][CUSHION] [6314] ? NIV-293F28FACC9D2605 | BASKET | HIDDEN_HALO | U_PAVE | GOLD | KT_18 | 1ct | imgs:3
[03:24:40][CUSHION] [6315] ? NIV-293F28FACC9D2605 | BASKET | HIDDEN_HALO | U_PAVE | GOLD | KT_18 | 1ct | imgs:3
[03:24:43][CUSHION] [6316] ? NIV-641CC74DE50C3D24 | BASKET | HIDDEN_HALO | U_PAVE | GOLD | KT_18 | 1ct | imgs:3
[03:24:48][CUSHION] [6317] ? NIV-641CC74DE50C3D24 | BASKET | HIDDEN_HALO | U_PAVE | GOLD | KT_18 | 1ct | imgs:3
[03:24:52][CUSHION] [6318] ? NIV-641CC74DE50C3D24 | BASKET | HIDDEN_HALO | U_PAVE | GOLD | KT_18 | 1ct | imgs:3
[03:24:57][CUSHION] [6319] ? NIV-031A46BDD4E7CA16 | BASKET | HIDDEN_HALO | U_PAVE | PLATINUM | PT_950 | 1ct | imgs:3
[03:25:03][CUSHION] [6320] ? NIV-AE89351A4467BC0A | BASKET | HIDDEN_HALO | U_PAVE | GOLD | KT_10 | 1ct | imgs:3
[03:25:07][CUSHION] [6321] ? NIV-AE89351A4467BC0A | BASKET | HIDDEN_HALO | U_PAVE | GOLD | KT_10 | 1ct | imgs:3
[03:25:12][CUSHION] [6322] ? NIV-AE89351A4467BC0A | BASKET | HIDDEN_HALO | U_PAVE | GOLD | KT_10 | 1ct | imgs:3
[03:25:15][CUSHION] [6323] ? NIV-D5C6E114334E7B30 | BASKET | HIDDEN_HALO | U_PAVE | GOLD | KT_10 | 1ct | imgs:3
[03:25:19][CUSHION] [6324] ? NIV-D5C6E114334E7B30 | BASKET | HIDDEN_HALO | U_PAVE | GOLD | KT_10 | 1ct | imgs:3
[03:25:24][CUSHION] [6325] ? NIV-D5C6E114334E7B30 | BASKET | HIDDEN_HALO | U_PAVE | GOLD | KT_10 | 1ct | imgs:3
[03:25:27][CUSHION] [6326] ? NIV-28EFC56109578F21 | BASKET | HIDDEN_HALO | U_PAVE | GOLD | KT_10 | 1ct | imgs:3
[03:25:31][CUSHION] [6327] ? NIV-28EFC56109578F21 | BASKET | HIDDEN_HALO | U_PAVE | GOLD | KT_10 | 1ct | imgs:3
[03:25:34][CUSHION] [6328] ? NIV-28EFC56109578F21 | BASKET | HIDDEN_HALO | U_PAVE | GOLD | KT_10 | 1ct | imgs:3
[03:25:36][CUSHION] [6329] ? NIV-6928BDF5283630A6 | BASKET | HIDDEN_HALO | U_PAVE | GOLD | KT_14 | 1ct | imgs:3
[03:25:40][CUSHION] [6330] ? NIV-6928BDF5283630A6 | BASKET | HIDDEN_HALO | U_PAVE | GOLD | KT_14 | 1ct | imgs:3
[03:25:45][CUSHION] [6331] ? NIV-6928BDF5283630A6 | BASKET | HIDDEN_HALO | U_PAVE | GOLD | KT_14 | 1ct | imgs:3
[03:25:48][CUSHION] [6332] ? NIV-C9E0A799D8A1C685 | BASKET | HIDDEN_HALO | U_PAVE | GOLD | KT_14 | 1ct | imgs:3
[03:25:52][CUSHION] [6333] ? NIV-C9E0A799D8A1C685 | BASKET | HIDDEN_HALO | U_PAVE | GOLD | KT_14 | 1ct | imgs:3
[03:25:55][CUSHION] [6334] ? NIV-C9E0A799D8A1C685 | BASKET | HIDDEN_HALO | U_PAVE | GOLD | KT_14 | 1ct | imgs:3
[03:25:57][CUSHION] [6335] ? NIV-65ABC6AF80E8CBB7 | BASKET | HIDDEN_HALO | U_PAVE | GOLD | KT_14 | 1ct | imgs:3
[03:26:01][CUSHION] [6336] ? NIV-65ABC6AF80E8CBB7 | BASKET | HIDDEN_HALO | U_PAVE | GOLD | KT_14 | 1ct | imgs:3
[03:26:04][CUSHION] [6337] ? NIV-65ABC6AF80E8CBB7 | BASKET | HIDDEN_HALO | U_PAVE | GOLD | KT_14 | 1ct | imgs:3
[03:26:09][CUSHION] [6338] ? NIV-3ECC4083AB6262AC | BASKET | HIDDEN_HALO | U_PAVE | GOLD | KT_18 | 1ct | imgs:3
[03:26:15][CUSHION] [6339] ? NIV-3ECC4083AB6262AC | BASKET | HIDDEN_HALO | U_PAVE | GOLD | KT_18 | 1ct | imgs:3
[03:26:19][CUSHION] [6340] ? NIV-3ECC4083AB6262AC | BASKET | HIDDEN_HALO | U_PAVE | GOLD | KT_18 | 1ct | imgs:3
[03:26:22][CUSHION] [6341] ? NIV-FA91BC7CACA6F0D2 | BASKET | HIDDEN_HALO | U_PAVE | GOLD | KT_18 | 1ct | imgs:3
[03:26:25][CUSHION] [6342] ? NIV-FA91BC7CACA6F0D2 | BASKET | HIDDEN_HALO | U_PAVE | GOLD | KT_18 | 1ct | imgs:3
[03:26:30][CUSHION] [6343] ? NIV-FA91BC7CACA6F0D2 | BASKET | HIDDEN_HALO | U_PAVE | GOLD | KT_18 | 1ct | imgs:3
[03:26:34][CUSHION] [6344] ? NIV-26A744A7A41C9836 | BASKET | HIDDEN_HALO | U_PAVE | GOLD | KT_18 | 1ct | imgs:3
[03:26:37][CUSHION] [6345] ? NIV-26A744A7A41C9836 | BASKET | HIDDEN_HALO | U_PAVE | GOLD | KT_18 | 1ct | imgs:3
[03:26:40][CUSHION] [6346] ? NIV-26A744A7A41C9836 | BASKET | HIDDEN_HALO | U_PAVE | GOLD | KT_18 | 1ct | imgs:3
[03:26:42][CUSHION] [6347] ? NIV-7E9021B9B578AEC4 | BASKET | HIDDEN_HALO | U_PAVE | PLATINUM | PT_950 | 1ct | imgs:3
[03:26:48][CUSHION] [6348] ? NIV-102E07EEC8B79735 | BASKET | HIDDEN_HALO | U_PAVE | GOLD | KT_10 | 1ct | imgs:3
[03:26:52][CUSHION] [6349] ? NIV-102E07EEC8B79735 | BASKET | HIDDEN_HALO | U_PAVE | GOLD | KT_10 | 1ct | imgs:3
[03:26:57][CUSHION] [6350] ? NIV-102E07EEC8B79735 | BASKET | HIDDEN_HALO | U_PAVE | GOLD | KT_10 | 1ct | imgs:3
[03:27:00][CUSHION] [6351] ? NIV-219DC4F6F9ADB7AA | BASKET | HIDDEN_HALO | U_PAVE | GOLD | KT_10 | 1ct | imgs:3
[03:27:04][CUSHION] [6352] ? NIV-219DC4F6F9ADB7AA | BASKET | HIDDEN_HALO | U_PAVE | GOLD | KT_10 | 1ct | imgs:3
[03:27:09][CUSHION] [6353] ? NIV-219DC4F6F9ADB7AA | BASKET | HIDDEN_HALO | U_PAVE | GOLD | KT_10 | 1ct | imgs:3
[03:27:12][CUSHION] [6354] ? NIV-6D74AADF0B69AEC8 | BASKET | HIDDEN_HALO | U_PAVE | GOLD | KT_10 | 1ct | imgs:3
[03:27:16][CUSHION] [6355] ? NIV-6D74AADF0B69AEC8 | BASKET | HIDDEN_HALO | U_PAVE | GOLD | KT_10 | 1ct | imgs:3
[03:27:19][CUSHION] [6356] ? NIV-6D74AADF0B69AEC8 | BASKET | HIDDEN_HALO | U_PAVE | GOLD | KT_10 | 1ct | imgs:3
[03:27:24][CUSHION] [6357] ? NIV-759BB0AF6EDDA1B0 | BASKET | HIDDEN_HALO | U_PAVE | GOLD | KT_14 | 1ct | imgs:3
[03:27:28][CUSHION] [6358] ? NIV-759BB0AF6EDDA1B0 | BASKET | HIDDEN_HALO | U_PAVE | GOLD | KT_14 | 1ct | imgs:3
[03:27:33][CUSHION] [6359] ? NIV-759BB0AF6EDDA1B0 | BASKET | HIDDEN_HALO | U_PAVE | GOLD | KT_14 | 1ct | imgs:3
[03:27:36][CUSHION] [6360] ? NIV-2F4EC5FBB2010F3C | BASKET | HIDDEN_HALO | U_PAVE | GOLD | KT_14 | 1ct | imgs:3
[03:27:40][CUSHION] [6361] ? NIV-2F4EC5FBB2010F3C | BASKET | HIDDEN_HALO | U_PAVE | GOLD | KT_14 | 1ct | imgs:3
[03:27:45][CUSHION] [6362] ? NIV-2F4EC5FBB2010F3C | BASKET | HIDDEN_HALO | U_PAVE | GOLD | KT_14 | 1ct | imgs:3
[03:27:48][CUSHION] [6363] ? NIV-4CABAD69546D6D19 | BASKET | HIDDEN_HALO | U_PAVE | GOLD | KT_14 | 1ct | imgs:3
[03:27:52][CUSHION] [6364] ? NIV-4CABAD69546D6D19 | BASKET | HIDDEN_HALO | U_PAVE | GOLD | KT_14 | 1ct | imgs:3
[03:27:55][CUSHION] [6365] ? NIV-4CABAD69546D6D19 | BASKET | HIDDEN_HALO | U_PAVE | GOLD | KT_14 | 1ct | imgs:3
[03:28:00][CUSHION] [6366] ? NIV-5BE1E7E205EF0C07 | BASKET | HIDDEN_HALO | U_PAVE | GOLD | KT_18 | 1ct | imgs:3
[03:28:04][CUSHION] [6367] ? NIV-5BE1E7E205EF0C07 | BASKET | HIDDEN_HALO | U_PAVE | GOLD | KT_18 | 1ct | imgs:3
[03:28:07][CUSHION] [6368] ? NIV-5BE1E7E205EF0C07 | BASKET | HIDDEN_HALO | U_PAVE | GOLD | KT_18 | 1ct | imgs:3
[03:28:09][CUSHION] [6369] ? NIV-0A842904A1FA0EC9 | BASKET | HIDDEN_HALO | U_PAVE | GOLD | KT_18 | 1ct | imgs:3
[03:28:13][CUSHION] [6370] ? NIV-0A842904A1FA0EC9 | BASKET | HIDDEN_HALO | U_PAVE | GOLD | KT_18 | 1ct | imgs:3
[03:28:16][CUSHION] [6371] ? NIV-0A842904A1FA0EC9 | BASKET | HIDDEN_HALO | U_PAVE | GOLD | KT_18 | 1ct | imgs:3
[03:28:18][CUSHION] [6372] ? NIV-726E5662C483C5B3 | BASKET | HIDDEN_HALO | U_PAVE | GOLD | KT_18 | 1ct | imgs:3
[03:28:22][CUSHION] [6373] ? NIV-726E5662C483C5B3 | BASKET | HIDDEN_HALO | U_PAVE | GOLD | KT_18 | 1ct | imgs:3
[03:28:27][CUSHION] [6374] ? NIV-726E5662C483C5B3 | BASKET | HIDDEN_HALO | U_PAVE | GOLD | KT_18 | 1ct | imgs:3
[03:28:30][CUSHION] [6375] ? NIV-56A2B47AF1EEDD4E | BASKET | HIDDEN_HALO | U_PAVE | PLATINUM | PT_950 | 1ct | imgs:3
[03:28:36][CUSHION] [6376] ? NIV-D2ACBADC0D1AB9F6 | BASKET | HIDDEN_HALO | U_PAVE | GOLD | KT_10 | 1ct | imgs:3
[03:28:40][CUSHION] [6377] ? NIV-D2ACBADC0D1AB9F6 | BASKET | HIDDEN_HALO | U_PAVE | GOLD | KT_10 | 1ct | imgs:3
[03:28:43][CUSHION] [6378] ? NIV-D2ACBADC0D1AB9F6 | BASKET | HIDDEN_HALO | U_PAVE | GOLD | KT_10 | 1ct | imgs:3
[03:28:45][CUSHION] [6379] ? NIV-2034686DAB741BB9 | BASKET | HIDDEN_HALO | U_PAVE | GOLD | KT_10 | 1ct | imgs:3
[03:28:51][CUSHION] [6380] ? NIV-2034686DAB741BB9 | BASKET | HIDDEN_HALO | U_PAVE | GOLD | KT_10 | 1ct | imgs:3
[03:28:55][CUSHION] [6381] ? NIV-2034686DAB741BB9 | BASKET | HIDDEN_HALO | U_PAVE | GOLD | KT_10 | 1ct | imgs:3
[03:28:57][CUSHION] [6382] ? NIV-26E20F53FCD1FA8E | BASKET | HIDDEN_HALO | U_PAVE | GOLD | KT_10 | 1ct | imgs:3
[03:29:01][CUSHION] [6383] ? NIV-26E20F53FCD1FA8E | BASKET | HIDDEN_HALO | U_PAVE | GOLD | KT_10 | 1ct | imgs:3
[03:29:06][CUSHION] [6384] ? NIV-26E20F53FCD1FA8E | BASKET | HIDDEN_HALO | U_PAVE | GOLD | KT_10 | 1ct | imgs:3
[03:29:09][CUSHION] [6385] ? NIV-9D3EAABEF8C82855 | BASKET | HIDDEN_HALO | U_PAVE | GOLD | KT_14 | 1ct | imgs:3
[03:29:13][CUSHION] [6386] ? NIV-9D3EAABEF8C82855 | BASKET | HIDDEN_HALO | U_PAVE | GOLD | KT_14 | 1ct | imgs:3
[03:29:16][CUSHION] [6387] ? NIV-9D3EAABEF8C82855 | BASKET | HIDDEN_HALO | U_PAVE | GOLD | KT_14 | 1ct | imgs:3
[03:29:18][CUSHION] [6388] ? NIV-838ACB963D467589 | BASKET | HIDDEN_HALO | U_PAVE | GOLD | KT_14 | 1ct | imgs:3
[03:29:22][CUSHION] [6389] ? NIV-838ACB963D467589 | BASKET | HIDDEN_HALO | U_PAVE | GOLD | KT_14 | 1ct | imgs:3
[03:29:28][CUSHION] [6390] ? NIV-838ACB963D467589 | BASKET | HIDDEN_HALO | U_PAVE | GOLD | KT_14 | 1ct | imgs:3
[03:29:31][CUSHION] [6391] ? NIV-F4966C4C1EE9B2BE | BASKET | HIDDEN_HALO | U_PAVE | GOLD | KT_14 | 1ct | imgs:3
[03:29:34][CUSHION] [6392] ? NIV-F4966C4C1EE9B2BE | BASKET | HIDDEN_HALO | U_PAVE | GOLD | KT_14 | 1ct | imgs:3
[03:29:40][CUSHION] [6393] ? NIV-F4966C4C1EE9B2BE | BASKET | HIDDEN_HALO | U_PAVE | GOLD | KT_14 | 1ct | imgs:3
[03:29:42][CUSHION] [6394] ? NIV-89A971ABE24C8BEB | BASKET | HIDDEN_HALO | U_PAVE | GOLD | KT_18 | 1ct | imgs:3
[03:29:46][CUSHION] [6395] ? NIV-89A971ABE24C8BEB | BASKET | HIDDEN_HALO | U_PAVE | GOLD | KT_18 | 1ct | imgs:3
[03:29:51][CUSHION] [6396] ? NIV-89A971ABE24C8BEB | BASKET | HIDDEN_HALO | U_PAVE | GOLD | KT_18 | 1ct | imgs:3
[03:29:54][CUSHION] [6397] ? NIV-6797AE6892E6D11D | BASKET | HIDDEN_HALO | U_PAVE | GOLD | KT_18 | 1ct | imgs:3
[03:29:58][CUSHION] [6398] ? NIV-6797AE6892E6D11D | BASKET | HIDDEN_HALO | U_PAVE | GOLD | KT_18 | 1ct | imgs:3
[03:30:04][CUSHION] [6399] ? NIV-6797AE6892E6D11D | BASKET | HIDDEN_HALO | U_PAVE | GOLD | KT_18 | 1ct | imgs:3
[03:30:06][CUSHION] [6400] ? NIV-6906A2C00926D8C0 | BASKET | HIDDEN_HALO | U_PAVE | GOLD | KT_18 | 1ct | imgs:3
[03:30:10][CUSHION] [6401] ? NIV-6906A2C00926D8C0 | BASKET | HIDDEN_HALO | U_PAVE | GOLD | KT_18 | 1ct | imgs:3
[03:30:13][CUSHION] [6402] ? NIV-6906A2C00926D8C0 | BASKET | HIDDEN_HALO | U_PAVE | GOLD | KT_18 | 1ct | imgs:3
[03:30:16][CUSHION] [6403] ? NIV-D94973FDA47CDC0E | BASKET | HIDDEN_HALO | U_PAVE | PLATINUM | PT_950 | 1ct | imgs:3
[03:30:21][CUSHION] [6404] ? NIV-F24074D763012424 | BASKET | HIDDEN_HALO | U_PAVE | GOLD | KT_10 | 1ct | imgs:3
[03:30:25][CUSHION] [6405] ? NIV-F24074D763012424 | BASKET | HIDDEN_HALO | U_PAVE | GOLD | KT_10 | 1ct | imgs:3
[03:30:28][CUSHION] [6406] ? NIV-F24074D763012424 | BASKET | HIDDEN_HALO | U_PAVE | GOLD | KT_10 | 1ct | imgs:3
[03:30:30][CUSHION] [6407] ? NIV-8464AD620D24C9A0 | BASKET | HIDDEN_HALO | U_PAVE | GOLD | KT_10 | 1ct | imgs:3
[03:30:37][CUSHION] [6408] ? NIV-8464AD620D24C9A0 | BASKET | HIDDEN_HALO | U_PAVE | GOLD | KT_10 | 1ct | imgs:3
[03:30:42][CUSHION] [6409] ? NIV-8464AD620D24C9A0 | BASKET | HIDDEN_HALO | U_PAVE | GOLD | KT_10 | 1ct | imgs:3
[03:30:45][CUSHION] [6410] ? NIV-D012BC89F1C5BA13 | BASKET | HIDDEN_HALO | U_PAVE | GOLD | KT_10 | 1ct | imgs:3
[03:30:49][CUSHION] [6411] ? NIV-D012BC89F1C5BA13 | BASKET | HIDDEN_HALO | U_PAVE | GOLD | KT_10 | 1ct | imgs:3
[03:30:55][CUSHION] [6412] ? NIV-D012BC89F1C5BA13 | BASKET | HIDDEN_HALO | U_PAVE | GOLD | KT_10 | 1ct | imgs:3
[03:31:04][CUSHION] [6413] ? NIV-BF7E5EA5B7DE45F0 | BASKET | HIDDEN_HALO | U_PAVE | GOLD | KT_14 | 1ct | imgs:3
[03:31:10][CUSHION] [6414] ? NIV-BF7E5EA5B7DE45F0 | BASKET | HIDDEN_HALO | U_PAVE | GOLD | KT_14 | 1ct | imgs:3
[03:31:16][CUSHION] [6415] ? NIV-BF7E5EA5B7DE45F0 | BASKET | HIDDEN_HALO | U_PAVE | GOLD | KT_14 | 1ct | imgs:3
[03:31:21][CUSHION] [6416] ? NIV-D42FE5B2112F7D8B | BASKET | HIDDEN_HALO | U_PAVE | GOLD | KT_14 | 1ct | imgs:2
[03:31:24][CUSHION] [6417] ? NIV-D42FE5B2112F7D8B | BASKET | HIDDEN_HALO | U_PAVE | GOLD | KT_14 | 1ct | imgs:3
[03:31:28][CUSHION] [6418] ? NIV-D42FE5B2112F7D8B | BASKET | HIDDEN_HALO | U_PAVE | GOLD | KT_14 | 1ct | imgs:3
[03:31:31][CUSHION] [6419] ? NIV-146339DB19E6EAE5 | BASKET | HIDDEN_HALO | U_PAVE | GOLD | KT_14 | 1ct | imgs:3
[03:31:36][CUSHION] [6420] ? NIV-146339DB19E6EAE5 | BASKET | HIDDEN_HALO | U_PAVE | GOLD | KT_14 | 1ct | imgs:3
[03:31:40][CUSHION] [6421] ? NIV-146339DB19E6EAE5 | BASKET | HIDDEN_HALO | U_PAVE | GOLD | KT_14 | 1ct | imgs:3
[03:31:46][CUSHION] [6422] ? NIV-3AC1EFC9D59CA61F | BASKET | HIDDEN_HALO | U_PAVE | GOLD | KT_18 | 1ct | imgs:1
[03:31:51][CUSHION] [6423] ? NIV-3AC1EFC9D59CA61F | BASKET | HIDDEN_HALO | U_PAVE | GOLD | KT_18 | 1ct | imgs:3
[03:31:55][CUSHION] [6424] ? NIV-3AC1EFC9D59CA61F | BASKET | HIDDEN_HALO | U_PAVE | GOLD | KT_18 | 1ct | imgs:3
[03:32:03][CUSHION] [6425] ? NIV-D3A1A2CB525981A6 | BASKET | HIDDEN_HALO | U_PAVE | GOLD | KT_18 | 1ct | imgs:1
[03:32:06][CUSHION] [6426] ? NIV-D3A1A2CB525981A6 | BASKET | HIDDEN_HALO | U_PAVE | GOLD | KT_18 | 1ct | imgs:3
[03:32:10][CUSHION] [6427] ? NIV-D3A1A2CB525981A6 | BASKET | HIDDEN_HALO | U_PAVE | GOLD | KT_18 | 1ct | imgs:3
[03:32:12][CUSHION] [6428] ? NIV-9EDCD271E424E9EA | BASKET | HIDDEN_HALO | U_PAVE | GOLD | KT_18 | 1ct | imgs:3
[03:32:16][CUSHION] [6429] ? NIV-9EDCD271E424E9EA | BASKET | HIDDEN_HALO | U_PAVE | GOLD | KT_18 | 1ct | imgs:3
[03:32:22][CUSHION] [6430] ? NIV-9EDCD271E424E9EA | BASKET | HIDDEN_HALO | U_PAVE | GOLD | KT_18 | 1ct | imgs:3
[03:32:25][CUSHION] [6431] ? NIV-FF678497291FC2B2 | BASKET | HIDDEN_HALO | U_PAVE | PLATINUM | PT_950 | 1ct | imgs:3
[03:32:31][CUSHION] [6432] ? NIV-741D5CB16BE1E200 | BASKET | HIDDEN_HALO | U_PAVE | GOLD | KT_10 | 1ct | imgs:1
[03:32:36][CUSHION] [6433] ? NIV-741D5CB16BE1E200 | BASKET | HIDDEN_HALO | U_PAVE | GOLD | KT_10 | 1ct | imgs:3
[03:32:40][CUSHION] [6434] ? NIV-741D5CB16BE1E200 | BASKET | HIDDEN_HALO | U_PAVE | GOLD | KT_10 | 1ct | imgs:3
[03:32:42][CUSHION] [6435] ? NIV-FC58E71FB2CC4410 | BASKET | HIDDEN_HALO | U_PAVE | GOLD | KT_10 | 1ct | imgs:3
[03:32:46][CUSHION] [6436] ? NIV-FC58E71FB2CC4410 | BASKET | HIDDEN_HALO | U_PAVE | GOLD | KT_10 | 1ct | imgs:3
[03:32:52][CUSHION] [6437] ? NIV-FC58E71FB2CC4410 | BASKET | HIDDEN_HALO | U_PAVE | GOLD | KT_10 | 1ct | imgs:3
[03:32:55][CUSHION] [6438] ? NIV-13AC9CD21A248EC6 | BASKET | HIDDEN_HALO | U_PAVE | GOLD | KT_10 | 1ct | imgs:3
[03:33:01][CUSHION] [6439] ? NIV-13AC9CD21A248EC6 | BASKET | HIDDEN_HALO | U_PAVE | GOLD | KT_10 | 1ct | imgs:3
[03:33:07][CUSHION] [6440] ? NIV-13AC9CD21A248EC6 | BASKET | HIDDEN_HALO | U_PAVE | GOLD | KT_10 | 1ct | imgs:3
[03:33:12][CUSHION] [6441] ? NIV-53A2D1ED11AF3B9B | BASKET | HIDDEN_HALO | U_PAVE | GOLD | KT_14 | 1ct | imgs:1
[03:33:25][CUSHION] [6442] ??  NIV-53A2D1ED11AF3B9B | BASKET | HIDDEN_HALO | U_PAVE | GOLD | KT_14 | 1ct | imgs:0
[03:33:25][CUSHION]   Re-seleccionando CUSHION (intento 1)
[03:33:25][CUSHION]   Boton no encontrado ? recargando configurador...
[03:34:03][CUSHION]   Re-seleccionando CUSHION (intento 2)
[03:34:05][CUSHION]   POST-CLICK: {'ap': 'true', 'ac': None, 'classes': 'MuiButtonBase-root|MuiToggleButtonGroup-grouped|MuiToggleButtonGroup-groupedHorizontal|MuiToggleButton-root|Mui-selected|MuiToggleButton-sizeMedium|MuiToggleButton-standard|jewellery-configurator-toggle-button|MuiToggleButtonGroup-middleButton|css-66ecda'}
[03:34:13][CUSHION] [6443] ? NIV-9D79A793F43BD574 | BASKET | HIDDEN_HALO | U_PAVE | GOLD | KT_14 | 1ct | imgs:3
[03:34:19][CUSHION] [6444] ? NIV-9527D9C4F0C6B8DB | BASKET | HIDDEN_HALO | U_PAVE | GOLD | KT_14 | 1ct | imgs:3
[03:34:22][CUSHION] [6445] ? NIV-B0231B3D817023C9 | BASKET | HIDDEN_HALO | U_PAVE | GOLD | KT_14 | 1ct | imgs:3
[03:34:25][CUSHION] [6446] ? NIV-D79D876D4F84F5D1 | BASKET | HIDDEN_HALO | U_PAVE | GOLD | KT_14 | 1ct | imgs:3
[03:34:31][CUSHION] [6447] ? NIV-0B268C97AA78BB2D | BASKET | HIDDEN_HALO | U_PAVE | GOLD | KT_14 | 1ct | imgs:3
[03:34:34][CUSHION] [6448] ? NIV-9F9395B60052D18B | BASKET | HIDDEN_HALO | U_PAVE | GOLD | KT_14 | 1ct | imgs:3
[03:34:37][CUSHION] [6449] ? NIV-EEF3D1BFF16452A4 | BASKET | HIDDEN_HALO | U_PAVE | GOLD | KT_14 | 1ct | imgs:3
[03:34:44][CUSHION] [6450] ? NIV-B4005D7D32572DBB | BASKET | HIDDEN_HALO | U_PAVE | GOLD | KT_18 | 1ct | imgs:3
[03:34:51][CUSHION] [6451] ? NIV-C7BB65D30BEF7E86 | BASKET | HIDDEN_HALO | U_PAVE | GOLD | KT_18 | 1ct | imgs:3
[03:34:55][CUSHION] [6452] ? NIV-1C9D8C7F4F1D828E | BASKET | HIDDEN_HALO | U_PAVE | GOLD | KT_18 | 1ct | imgs:3
[03:35:03][CUSHION] [6453] ? NIV-37D296180F6AD2CC | BASKET | HIDDEN_HALO | U_PAVE | GOLD | KT_18 | 1ct | imgs:3
[03:35:07][CUSHION] [6454] ? NIV-A151544E456906F1 | BASKET | HIDDEN_HALO | U_PAVE | GOLD | KT_18 | 1ct | imgs:3
[03:35:18][CUSHION] [6455] ??  NIV-A151544E456906F1 | BASKET | HIDDEN_HALO | U_PAVE | GOLD | KT_18 | 1ct | imgs:0
[03:35:22][CUSHION] [6456] ? NIV-B2C08226542EA1F5 | BASKET | HIDDEN_HALO | U_PAVE | GOLD | KT_18 | 1ct | imgs:3
[03:35:25][CUSHION] [6457] ? NIV-197B4F4885BAC1F3 | BASKET | HIDDEN_HALO | U_PAVE | GOLD | KT_18 | 1ct | imgs:3
[03:35:28][CUSHION] [6458] ? NIV-8C6E9A19A41C7A59 | BASKET | HIDDEN_HALO | U_PAVE | GOLD | KT_18 | 1ct | imgs:3
[03:35:31][CUSHION] [6459] ? NIV-96F8BAE6A4C98EA0 | BASKET | HIDDEN_HALO | U_PAVE | PLATINUM | PT_950 | 1ct | imgs:3
[03:35:37][CUSHION] [6460] ? NIV-FB9C50423C4510E2 | BASKET | HIDDEN_HALO | U_PAVE | GOLD | KT_10 | 1ct | imgs:2
[03:35:43][CUSHION] [6461] ? NIV-FB9C50423C4510E2 | BASKET | HIDDEN_HALO | U_PAVE | GOLD | KT_10 | 1ct | imgs:3
[03:35:49][CUSHION] [6462] ? NIV-FB9C50423C4510E2 | BASKET | HIDDEN_HALO | U_PAVE | GOLD | KT_10 | 1ct | imgs:3
[03:35:52][CUSHION] [6463] ? NIV-1D229C7811B3CED7 | BASKET | HIDDEN_HALO | U_PAVE | GOLD | KT_10 | 1ct | imgs:3
[03:35:58][CUSHION] [6464] ? NIV-1D229C7811B3CED7 | BASKET | HIDDEN_HALO | U_PAVE | GOLD | KT_10 | 1ct | imgs:3
[03:36:04][CUSHION] [6465] ? NIV-1D229C7811B3CED7 | BASKET | HIDDEN_HALO | U_PAVE | GOLD | KT_10 | 1ct | imgs:3
[03:36:07][CUSHION] [6466] ? NIV-A6E9B9E2BA42E8A5 | BASKET | HIDDEN_HALO | U_PAVE | GOLD | KT_10 | 1ct | imgs:3
[03:36:13][CUSHION] [6467] ? NIV-A6E9B9E2BA42E8A5 | BASKET | HIDDEN_HALO | U_PAVE | GOLD | KT_10 | 1ct | imgs:3
[03:36:16][CUSHION] [6468] ? NIV-A6E9B9E2BA42E8A5 | BASKET | HIDDEN_HALO | U_PAVE | GOLD | KT_10 | 1ct | imgs:3
[03:36:20][CUSHION] [6469] ? NIV-A423D4CC67149071 | BASKET | HIDDEN_HALO | U_PAVE | GOLD | KT_14 | 1ct | imgs:1
[03:36:25][CUSHION] [6470] ? NIV-A423D4CC67149071 | BASKET | HIDDEN_HALO | U_PAVE | GOLD | KT_14 | 1ct | imgs:3
[03:36:31][CUSHION] [6471] ? NIV-A423D4CC67149071 | BASKET | HIDDEN_HALO | U_PAVE | GOLD | KT_14 | 1ct | imgs:3
[03:36:35][CUSHION] [6472] ? NIV-52A685A3201F5A4B | BASKET | HIDDEN_HALO | U_PAVE | GOLD | KT_14 | 1ct | imgs:3
[03:36:40][CUSHION] [6473] ? NIV-52A685A3201F5A4B | BASKET | HIDDEN_HALO | U_PAVE | GOLD | KT_14 | 1ct | imgs:3
[03:36:43][CUSHION] [6474] ? NIV-52A685A3201F5A4B | BASKET | HIDDEN_HALO | U_PAVE | GOLD | KT_14 | 1ct | imgs:3
[03:36:46][CUSHION] [6475] ? NIV-F070376B0CA8AAD7 | BASKET | HIDDEN_HALO | U_PAVE | GOLD | KT_14 | 1ct | imgs:3
[03:36:49][CUSHION] [6476] ? NIV-F070376B0CA8AAD7 | BASKET | HIDDEN_HALO | U_PAVE | GOLD | KT_14 | 1ct | imgs:3
[03:36:55][CUSHION] [6477] ? NIV-F070376B0CA8AAD7 | BASKET | HIDDEN_HALO | U_PAVE | GOLD | KT_14 | 1ct | imgs:3
[03:36:58][CUSHION] [6478] ? NIV-80ECDD3D5BB09B84 | BASKET | HIDDEN_HALO | U_PAVE | GOLD | KT_18 | 1ct | imgs:3
[03:37:04][CUSHION] [6479] ? NIV-80ECDD3D5BB09B84 | BASKET | HIDDEN_HALO | U_PAVE | GOLD | KT_18 | 1ct | imgs:3
[03:37:07][CUSHION] [6480] ? NIV-80ECDD3D5BB09B84 | BASKET | HIDDEN_HALO | U_PAVE | GOLD | KT_18 | 1ct | imgs:3
[03:37:11][CUSHION] [6481] ? NIV-2279036C552E1A13 | BASKET | HIDDEN_HALO | U_PAVE | GOLD | KT_18 | 1ct | imgs:3
[03:37:16][CUSHION] [6482] ? NIV-2279036C552E1A13 | BASKET | HIDDEN_HALO | U_PAVE | GOLD | KT_18 | 1ct | imgs:3
[03:37:22][CUSHION] [6483] ? NIV-2279036C552E1A13 | BASKET | HIDDEN_HALO | U_PAVE | GOLD | KT_18 | 1ct | imgs:3
[03:37:25][CUSHION] [6484] ? NIV-8B272D4A3178A554 | BASKET | HIDDEN_HALO | U_PAVE | GOLD | KT_18 | 1ct | imgs:3
[03:37:31][CUSHION] [6485] ? NIV-8B272D4A3178A554 | BASKET | HIDDEN_HALO | U_PAVE | GOLD | KT_18 | 1ct | imgs:3
[03:37:37][CUSHION] [6486] ? NIV-8B272D4A3178A554 | BASKET | HIDDEN_HALO | U_PAVE | GOLD | KT_18 | 1ct | imgs:3
[03:37:41][CUSHION] [6487] ? NIV-8345CF794721CF79 | BASKET | HIDDEN_HALO | U_PAVE | PLATINUM | PT_950 | 1ct | imgs:1
[03:37:46][CUSHION] [6488] ? NIV-B79971D8C5E8885F | BASKET | HIDDEN_HALO | U_PAVE | GOLD | KT_10 | 1ct | imgs:3
[03:37:52][CUSHION] [6489] ? NIV-B79971D8C5E8885F | BASKET | HIDDEN_HALO | U_PAVE | GOLD | KT_10 | 1ct | imgs:3
[03:37:55][CUSHION] [6490] ? NIV-B79971D8C5E8885F | BASKET | HIDDEN_HALO | U_PAVE | GOLD | KT_10 | 1ct | imgs:3
[03:38:01][CUSHION] [6491] ? NIV-309E2ACB7547444D | BASKET | HIDDEN_HALO | U_PAVE | GOLD | KT_10 | 1ct | imgs:3
[03:38:07][CUSHION] [6492] ? NIV-309E2ACB7547444D | BASKET | HIDDEN_HALO | U_PAVE | GOLD | KT_10 | 1ct | imgs:3
[03:38:10][CUSHION] [6493] ? NIV-309E2ACB7547444D | BASKET | HIDDEN_HALO | U_PAVE | GOLD | KT_10 | 1ct | imgs:3
[03:38:13][CUSHION] [6494] ? NIV-3E2C7A25467F9DFD | BASKET | HIDDEN_HALO | U_PAVE | GOLD | KT_10 | 1ct | imgs:3
[03:38:16][CUSHION] [6495] ? NIV-3E2C7A25467F9DFD | BASKET | HIDDEN_HALO | U_PAVE | GOLD | KT_10 | 1ct | imgs:3
[03:38:22][CUSHION] [6496] ? NIV-3E2C7A25467F9DFD | BASKET | HIDDEN_HALO | U_PAVE | GOLD | KT_10 | 1ct | imgs:3
[03:38:28][CUSHION] [6497] ? NIV-5F7F11BB2CBBF38F | BASKET | HIDDEN_HALO | U_PAVE | GOLD | KT_14 | 1ct | imgs:3
[03:38:34][CUSHION] [6498] ? NIV-5F7F11BB2CBBF38F | BASKET | HIDDEN_HALO | U_PAVE | GOLD | KT_14 | 1ct | imgs:3
[03:38:40][CUSHION] [6499] ? NIV-5F7F11BB2CBBF38F | BASKET | HIDDEN_HALO | U_PAVE | GOLD | KT_14 | 1ct | imgs:3
[03:38:43][CUSHION] [6500] ? NIV-3B10D029E84E41BB | BASKET | HIDDEN_HALO | U_PAVE | GOLD | KT_14 | 1ct | imgs:3
[03:38:49][CUSHION] [6501] ? NIV-3B10D029E84E41BB | BASKET | HIDDEN_HALO | U_PAVE | GOLD | KT_14 | 1ct | imgs:3
[03:38:52][CUSHION] [6502] ? NIV-3B10D029E84E41BB | BASKET | HIDDEN_HALO | U_PAVE | GOLD | KT_14 | 1ct | imgs:3
[03:38:55][CUSHION] [6503] ? NIV-2FD30C1744D6258B | BASKET | HIDDEN_HALO | U_PAVE | GOLD | KT_14 | 1ct | imgs:3
[03:38:58][CUSHION] [6504] ? NIV-2FD30C1744D6258B | BASKET | HIDDEN_HALO | U_PAVE | GOLD | KT_14 | 1ct | imgs:3
[03:39:04][CUSHION] [6505] ? NIV-2FD30C1744D6258B | BASKET | HIDDEN_HALO | U_PAVE | GOLD | KT_14 | 1ct | imgs:3
[03:39:07][CUSHION] [6506] ? NIV-8641114F4BE3E73A | BASKET | HIDDEN_HALO | U_PAVE | GOLD | KT_18 | 1ct | imgs:3
[03:39:10][CUSHION] [6507] ? NIV-8641114F4BE3E73A | BASKET | HIDDEN_HALO | U_PAVE | GOLD | KT_18 | 1ct | imgs:3
[03:39:16][CUSHION] [6508] ? NIV-8641114F4BE3E73A | BASKET | HIDDEN_HALO | U_PAVE | GOLD | KT_18 | 1ct | imgs:3
[03:39:19][CUSHION] [6509] ? NIV-6972916A79A5E0F6 | BASKET | HIDDEN_HALO | U_PAVE | GOLD | KT_18 | 1ct | imgs:3
[03:39:25][CUSHION] [6510] ? NIV-6972916A79A5E0F6 | BASKET | HIDDEN_HALO | U_PAVE | GOLD | KT_18 | 1ct | imgs:3
[03:39:28][CUSHION] [6511] ? NIV-6972916A79A5E0F6 | BASKET | HIDDEN_HALO | U_PAVE | GOLD | KT_18 | 1ct | imgs:3
[03:39:31][CUSHION] [6512] ? NIV-72C37C351BBC0AAB | BASKET | HIDDEN_HALO | U_PAVE | GOLD | KT_18 | 1ct | imgs:3
[03:39:37][CUSHION] [6513] ? NIV-72C37C351BBC0AAB | BASKET | HIDDEN_HALO | U_PAVE | GOLD | KT_18 | 1ct | imgs:3
[03:39:40][CUSHION] [6514] ? NIV-72C37C351BBC0AAB | BASKET | HIDDEN_HALO | U_PAVE | GOLD | KT_18 | 1ct | imgs:3
[03:39:43][CUSHION] [6515] ? NIV-D491C0D1059F7EBA | BASKET | HIDDEN_HALO | U_PAVE | PLATINUM | PT_950 | 1ct | imgs:3
[03:39:55][CUSHION] [6516] ? NIV-08013CFF2DD36CB1 | BASKET | HIDDEN_HALO | CHANNEL | GOLD | KT_10 | 1ct | imgs:3
[03:40:01][CUSHION] [6517] ? NIV-08013CFF2DD36CB1 | BASKET | HIDDEN_HALO | CHANNEL | GOLD | KT_10 | 1ct | imgs:3
[03:40:04][CUSHION] [6518] ? NIV-08013CFF2DD36CB1 | BASKET | HIDDEN_HALO | CHANNEL | GOLD | KT_10 | 1ct | imgs:3
[03:40:13][CUSHION] [6519] ? NIV-35E92FBEF4FD0DE6 | BASKET | HIDDEN_HALO | CHANNEL | GOLD | KT_10 | 1ct | imgs:1
[03:40:19][CUSHION] [6520] ? NIV-35E92FBEF4FD0DE6 | BASKET | HIDDEN_HALO | CHANNEL | GOLD | KT_10 | 1ct | imgs:3
[03:40:22][CUSHION] [6521] ? NIV-35E92FBEF4FD0DE6 | BASKET | HIDDEN_HALO | CHANNEL | GOLD | KT_10 | 1ct | imgs:3
[03:40:25][CUSHION] [6522] ? NIV-AECC661C314F4631 | BASKET | HIDDEN_HALO | CHANNEL | GOLD | KT_10 | 1ct | imgs:1
[03:40:31][CUSHION] [6523] ? NIV-AECC661C314F4631 | BASKET | HIDDEN_HALO | CHANNEL | GOLD | KT_10 | 1ct | imgs:3
[03:40:37][CUSHION] [6524] ? NIV-AECC661C314F4631 | BASKET | HIDDEN_HALO | CHANNEL | GOLD | KT_10 | 1ct | imgs:3
[03:40:43][CUSHION] [6525] ? NIV-EBDC299415EE1467 | BASKET | HIDDEN_HALO | CHANNEL | GOLD | KT_14 | 1ct | imgs:1
[03:40:49][CUSHION] [6526] ? NIV-EBDC299415EE1467 | BASKET | HIDDEN_HALO | CHANNEL | GOLD | KT_14 | 1ct | imgs:3
[03:40:52][CUSHION] [6527] ? NIV-EBDC299415EE1467 | BASKET | HIDDEN_HALO | CHANNEL | GOLD | KT_14 | 1ct | imgs:3
[03:40:55][CUSHION] [6528] ? NIV-F91EA7C3058696E9 | BASKET | HIDDEN_HALO | CHANNEL | GOLD | KT_14 | 1ct | imgs:3
[03:40:58][CUSHION] [6529] ? NIV-F91EA7C3058696E9 | BASKET | HIDDEN_HALO | CHANNEL | GOLD | KT_14 | 1ct | imgs:3
[03:41:04][CUSHION] [6530] ? NIV-F91EA7C3058696E9 | BASKET | HIDDEN_HALO | CHANNEL | GOLD | KT_14 | 1ct | imgs:3
[03:41:07][CUSHION] [6531] ? NIV-478D9E8AB4FBD970 | BASKET | HIDDEN_HALO | CHANNEL | GOLD | KT_14 | 1ct | imgs:3
[03:41:13][CUSHION] [6532] ? NIV-478D9E8AB4FBD970 | BASKET | HIDDEN_HALO | CHANNEL | GOLD | KT_14 | 1ct | imgs:3
[03:41:19][CUSHION] [6533] ? NIV-478D9E8AB4FBD970 | BASKET | HIDDEN_HALO | CHANNEL | GOLD | KT_14 | 1ct | imgs:3
[03:41:25][CUSHION] [6534] ? NIV-A64046560684B416 | BASKET | HIDDEN_HALO | CHANNEL | GOLD | KT_18 | 1ct | imgs:3
[03:41:28][CUSHION] [6535] ? NIV-A64046560684B416 | BASKET | HIDDEN_HALO | CHANNEL | GOLD | KT_18 | 1ct | imgs:3
[03:41:34][CUSHION] [6536] ? NIV-A64046560684B416 | BASKET | HIDDEN_HALO | CHANNEL | GOLD | KT_18 | 1ct | imgs:3
[03:41:40][CUSHION] [6537] ? NIV-53D51CF3CE309FD8 | BASKET | HIDDEN_HALO | CHANNEL | GOLD | KT_18 | 1ct | imgs:1
[03:41:46][CUSHION] [6538] ? NIV-53D51CF3CE309FD8 | BASKET | HIDDEN_HALO | CHANNEL | GOLD | KT_18 | 1ct | imgs:3
[03:41:52][CUSHION] [6539] ? NIV-53D51CF3CE309FD8 | BASKET | HIDDEN_HALO | CHANNEL | GOLD | KT_18 | 1ct | imgs:3
[03:41:55][CUSHION] [6540] ? NIV-F01411A1417AD890 | BASKET | HIDDEN_HALO | CHANNEL | GOLD | KT_18 | 1ct | imgs:3
[03:42:01][CUSHION] [6541] ? NIV-F01411A1417AD890 | BASKET | HIDDEN_HALO | CHANNEL | GOLD | KT_18 | 1ct | imgs:3
[03:42:07][CUSHION] [6542] ? NIV-F01411A1417AD890 | BASKET | HIDDEN_HALO | CHANNEL | GOLD | KT_18 | 1ct | imgs:3
[03:42:10][CUSHION] [6543] ? NIV-B1C46F3E74D67C62 | BASKET | HIDDEN_HALO | CHANNEL | PLATINUM | PT_950 | 1ct | imgs:3
[03:42:16][CUSHION] [6544] ? NIV-A5E9CBE5439444DA | BASKET | HIDDEN_HALO | CHANNEL | GOLD | KT_10 | 1ct | imgs:3
[03:42:22][CUSHION] [6545] ? NIV-A5E9CBE5439444DA | BASKET | HIDDEN_HALO | CHANNEL | GOLD | KT_10 | 1ct | imgs:3
[03:42:28][CUSHION] [6546] ? NIV-A5E9CBE5439444DA | BASKET | HIDDEN_HALO | CHANNEL | GOLD | KT_10 | 1ct | imgs:3
[03:42:31][CUSHION] [6547] ? NIV-F173AE11588A3325 | BASKET | HIDDEN_HALO | CHANNEL | GOLD | KT_10 | 1ct | imgs:3
[03:42:37][CUSHION] [6548] ? NIV-F173AE11588A3325 | BASKET | HIDDEN_HALO | CHANNEL | GOLD | KT_10 | 1ct | imgs:3
[03:42:43][CUSHION] [6549] ? NIV-F173AE11588A3325 | BASKET | HIDDEN_HALO | CHANNEL | GOLD | KT_10 | 1ct | imgs:3
[03:42:48][CUSHION] [6550] ? NIV-5D1B3BE1B648F266 | BASKET | HIDDEN_HALO | CHANNEL | GOLD | KT_10 | 1ct | imgs:1
[03:42:52][CUSHION] [6551] ? NIV-5D1B3BE1B648F266 | BASKET | HIDDEN_HALO | CHANNEL | GOLD | KT_10 | 1ct | imgs:3
[03:42:56][CUSHION] [6552] ? NIV-5D1B3BE1B648F266 | BASKET | HIDDEN_HALO | CHANNEL | GOLD | KT_10 | 1ct | imgs:3
[03:43:01][CUSHION] [6553] ? NIV-0C4A0C91AD2C8FA4 | BASKET | HIDDEN_HALO | CHANNEL | GOLD | KT_14 | 1ct | imgs:3
[03:43:07][CUSHION] [6554] ? NIV-0C4A0C91AD2C8FA4 | BASKET | HIDDEN_HALO | CHANNEL | GOLD | KT_14 | 1ct | imgs:3
[03:43:13][CUSHION] [6555] ? NIV-0C4A0C91AD2C8FA4 | BASKET | HIDDEN_HALO | CHANNEL | GOLD | KT_14 | 1ct | imgs:3
[03:43:16][CUSHION] [6556] ? NIV-8413A1717AD4D7B9 | BASKET | HIDDEN_HALO | CHANNEL | GOLD | KT_14 | 1ct | imgs:3
[03:43:19][CUSHION] [6557] ? NIV-8413A1717AD4D7B9 | BASKET | HIDDEN_HALO | CHANNEL | GOLD | KT_14 | 1ct | imgs:3
[03:43:25][CUSHION] [6558] ? NIV-8413A1717AD4D7B9 | BASKET | HIDDEN_HALO | CHANNEL | GOLD | KT_14 | 1ct | imgs:3
[03:43:28][CUSHION] [6559] ? NIV-984B677473A7141D | BASKET | HIDDEN_HALO | CHANNEL | GOLD | KT_14 | 1ct | imgs:3
[03:43:34][CUSHION] [6560] ? NIV-984B677473A7141D | BASKET | HIDDEN_HALO | CHANNEL | GOLD | KT_14 | 1ct | imgs:3
[03:43:40][CUSHION] [6561] ? NIV-984B677473A7141D | BASKET | HIDDEN_HALO | CHANNEL | GOLD | KT_14 | 1ct | imgs:3
[03:43:46][CUSHION] [6562] ? NIV-E304C58D41D2E732 | BASKET | HIDDEN_HALO | CHANNEL | GOLD | KT_18 | 1ct | imgs:3
[03:43:52][CUSHION] [6563] ? NIV-E304C58D41D2E732 | BASKET | HIDDEN_HALO | CHANNEL | GOLD | KT_18 | 1ct | imgs:3
[03:43:58][CUSHION] [6564] ? NIV-E304C58D41D2E732 | BASKET | HIDDEN_HALO | CHANNEL | GOLD | KT_18 | 1ct | imgs:3
[03:44:01][CUSHION] [6565] ? NIV-E1D8E1B6FDAFDD73 | BASKET | HIDDEN_HALO | CHANNEL | GOLD | KT_18 | 1ct | imgs:3
[03:44:04][CUSHION] [6566] ? NIV-E1D8E1B6FDAFDD73 | BASKET | HIDDEN_HALO | CHANNEL | GOLD | KT_18 | 1ct | imgs:3
[03:44:07][CUSHION] [6567] ? NIV-E1D8E1B6FDAFDD73 | BASKET | HIDDEN_HALO | CHANNEL | GOLD | KT_18 | 1ct | imgs:3
[03:44:10][CUSHION] [6568] ? NIV-2E7CE95D2FB7C1A0 | BASKET | HIDDEN_HALO | CHANNEL | GOLD | KT_18 | 1ct | imgs:3
[03:44:13][CUSHION] [6569] ? NIV-2E7CE95D2FB7C1A0 | BASKET | HIDDEN_HALO | CHANNEL | GOLD | KT_18 | 1ct | imgs:3
[03:44:19][CUSHION] [6570] ? NIV-2E7CE95D2FB7C1A0 | BASKET | HIDDEN_HALO | CHANNEL | GOLD | KT_18 | 1ct | imgs:3
[03:44:22][CUSHION] [6571] ? NIV-AE4B5D07AD304C03 | BASKET | HIDDEN_HALO | CHANNEL | PLATINUM | PT_950 | 1ct | imgs:3
[03:44:28][CUSHION] [6572] ? NIV-EA81532FBA6C0EF1 | BASKET | HIDDEN_HALO | CHANNEL | GOLD | KT_10 | 1ct | imgs:3
[03:44:34][CUSHION] [6573] ? NIV-EA81532FBA6C0EF1 | BASKET | HIDDEN_HALO | CHANNEL | GOLD | KT_10 | 1ct | imgs:3
[03:44:40][CUSHION] [6574] ? NIV-EA81532FBA6C0EF1 | BASKET | HIDDEN_HALO | CHANNEL | GOLD | KT_10 | 1ct | imgs:3
[03:44:43][CUSHION] [6575] ? NIV-AE5C05295723479D | BASKET | HIDDEN_HALO | CHANNEL | GOLD | KT_10 | 1ct | imgs:3
[03:44:49][CUSHION] [6576] ? NIV-AE5C05295723479D | BASKET | HIDDEN_HALO | CHANNEL | GOLD | KT_10 | 1ct | imgs:3
[03:44:52][CUSHION] [6577] ? NIV-AE5C05295723479D | BASKET | HIDDEN_HALO | CHANNEL | GOLD | KT_10 | 1ct | imgs:3
[03:44:55][CUSHION] [6578] ? NIV-FF6CB384DF5595EE | BASKET | HIDDEN_HALO | CHANNEL | GOLD | KT_10 | 1ct | imgs:3
[03:45:01][CUSHION] [6579] ? NIV-FF6CB384DF5595EE | BASKET | HIDDEN_HALO | CHANNEL | GOLD | KT_10 | 1ct | imgs:3
[03:45:07][CUSHION] [6580] ? NIV-FF6CB384DF5595EE | BASKET | HIDDEN_HALO | CHANNEL | GOLD | KT_10 | 1ct | imgs:3
[03:45:13][CUSHION] [6581] ? NIV-3C510DAB9431067D | BASKET | HIDDEN_HALO | CHANNEL | GOLD | KT_14 | 1ct | imgs:3
[03:45:19][CUSHION] [6582] ? NIV-3C510DAB9431067D | BASKET | HIDDEN_HALO | CHANNEL | GOLD | KT_14 | 1ct | imgs:3
[03:45:22][CUSHION] [6583] ? NIV-3C510DAB9431067D | BASKET | HIDDEN_HALO | CHANNEL | GOLD | KT_14 | 1ct | imgs:3
[03:45:25][CUSHION] [6584] ? NIV-36550BEB87EF4D9E | BASKET | HIDDEN_HALO | CHANNEL | GOLD | KT_14 | 1ct | imgs:3
[03:45:28][CUSHION] [6585] ? NIV-36550BEB87EF4D9E | BASKET | HIDDEN_HALO | CHANNEL | GOLD | KT_14 | 1ct | imgs:3
[03:45:34][CUSHION] [6586] ? NIV-36550BEB87EF4D9E | BASKET | HIDDEN_HALO | CHANNEL | GOLD | KT_14 | 1ct | imgs:3
[03:45:39][CUSHION] [6587] ? NIV-3916B072CCF88D12 | BASKET | HIDDEN_HALO | CHANNEL | GOLD | KT_14 | 1ct | imgs:1
[03:45:46][CUSHION] [6588] ? NIV-3916B072CCF88D12 | BASKET | HIDDEN_HALO | CHANNEL | GOLD | KT_14 | 1ct | imgs:3
[03:45:52][CUSHION] [6589] ? NIV-3916B072CCF88D12 | BASKET | HIDDEN_HALO | CHANNEL | GOLD | KT_14 | 1ct | imgs:3
[03:45:58][CUSHION] [6590] ? NIV-6A17C4940812F1DC | BASKET | HIDDEN_HALO | CHANNEL | GOLD | KT_18 | 1ct | imgs:3
[03:46:04][CUSHION] [6591] ? NIV-6A17C4940812F1DC | BASKET | HIDDEN_HALO | CHANNEL | GOLD | KT_18 | 1ct | imgs:3
[03:46:10][CUSHION] [6592] ? NIV-6A17C4940812F1DC | BASKET | HIDDEN_HALO | CHANNEL | GOLD | KT_18 | 1ct | imgs:3
[03:46:13][CUSHION] [6593] ? NIV-DE10B85D475A4F8C | BASKET | HIDDEN_HALO | CHANNEL | GOLD | KT_18 | 1ct | imgs:3
[03:46:16][CUSHION] [6594] ? NIV-DE10B85D475A4F8C | BASKET | HIDDEN_HALO | CHANNEL | GOLD | KT_18 | 1ct | imgs:3
[03:46:22][CUSHION] [6595] ? NIV-DE10B85D475A4F8C | BASKET | HIDDEN_HALO | CHANNEL | GOLD | KT_18 | 1ct | imgs:3
[03:46:25][CUSHION] [6596] ? NIV-FF106716CCD64EAC | BASKET | HIDDEN_HALO | CHANNEL | GOLD | KT_18 | 1ct | imgs:3
[03:46:31][CUSHION] [6597] ? NIV-FF106716CCD64EAC | BASKET | HIDDEN_HALO | CHANNEL | GOLD | KT_18 | 1ct | imgs:3
[03:46:34][CUSHION] [6598] ? NIV-FF106716CCD64EAC | BASKET | HIDDEN_HALO | CHANNEL | GOLD | KT_18 | 1ct | imgs:3
[03:46:37][CUSHION] [6599] ? NIV-A4667DC331E9E186 | BASKET | HIDDEN_HALO | CHANNEL | PLATINUM | PT_950 | 1ct | imgs:3
[03:46:46][CUSHION] [6600] ? NIV-171161479B41F2F9 | BASKET | HIDDEN_HALO | CHANNEL | GOLD | KT_10 | 1ct | imgs:1
[03:46:52][CUSHION] [6601] ? NIV-171161479B41F2F9 | BASKET | HIDDEN_HALO | CHANNEL | GOLD | KT_10 | 1ct | imgs:3
[03:46:58][CUSHION] [6602] ? NIV-171161479B41F2F9 | BASKET | HIDDEN_HALO | CHANNEL | GOLD | KT_10 | 1ct | imgs:3
[03:47:01][CUSHION] [6603] ? NIV-924F42660294D11D | BASKET | HIDDEN_HALO | CHANNEL | GOLD | KT_10 | 1ct | imgs:3
[03:47:07][CUSHION] [6604] ? NIV-924F42660294D11D | BASKET | HIDDEN_HALO | CHANNEL | GOLD | KT_10 | 1ct | imgs:3
[03:47:10][CUSHION] [6605] ? NIV-924F42660294D11D | BASKET | HIDDEN_HALO | CHANNEL | GOLD | KT_10 | 1ct | imgs:3
[03:47:13][CUSHION] [6606] ? NIV-7EA85B7EFBE4DBDD | BASKET | HIDDEN_HALO | CHANNEL | GOLD | KT_10 | 1ct | imgs:3
[03:47:16][CUSHION] [6607] ? NIV-7EA85B7EFBE4DBDD | BASKET | HIDDEN_HALO | CHANNEL | GOLD | KT_10 | 1ct | imgs:3
[03:47:19][CUSHION] [6608] ? NIV-7EA85B7EFBE4DBDD | BASKET | HIDDEN_HALO | CHANNEL | GOLD | KT_10 | 1ct | imgs:3
[03:47:25][CUSHION] [6609] ? NIV-3319EC0137845985 | BASKET | HIDDEN_HALO | CHANNEL | GOLD | KT_14 | 1ct | imgs:1
[03:47:31][CUSHION] [6610] ? NIV-3319EC0137845985 | BASKET | HIDDEN_HALO | CHANNEL | GOLD | KT_14 | 1ct | imgs:3
[03:47:34][CUSHION] [6611] ? NIV-3319EC0137845985 | BASKET | HIDDEN_HALO | CHANNEL | GOLD | KT_14 | 1ct | imgs:3
[03:47:37][CUSHION] [6612] ? NIV-6924BC42D2806CB5 | BASKET | HIDDEN_HALO | CHANNEL | GOLD | KT_14 | 1ct | imgs:3
[03:47:43][CUSHION] [6613] ? NIV-6924BC42D2806CB5 | BASKET | HIDDEN_HALO | CHANNEL | GOLD | KT_14 | 1ct | imgs:3
[03:47:46][CUSHION] [6614] ? NIV-6924BC42D2806CB5 | BASKET | HIDDEN_HALO | CHANNEL | GOLD | KT_14 | 1ct | imgs:3
[03:47:49][CUSHION] [6615] ? NIV-E0878673846D8A52 | BASKET | HIDDEN_HALO | CHANNEL | GOLD | KT_14 | 1ct | imgs:3
[03:47:52][CUSHION] [6616] ? NIV-E0878673846D8A52 | BASKET | HIDDEN_HALO | CHANNEL | GOLD | KT_14 | 1ct | imgs:3
[03:47:58][CUSHION] [6617] ? NIV-E0878673846D8A52 | BASKET | HIDDEN_HALO | CHANNEL | GOLD | KT_14 | 1ct | imgs:3
[03:48:03][CUSHION] [6618] ? NIV-78CF6D7F26D52222 | BASKET | HIDDEN_HALO | CHANNEL | GOLD | KT_18 | 1ct | imgs:1
[03:48:07][CUSHION] [6619] ? NIV-78CF6D7F26D52222 | BASKET | HIDDEN_HALO | CHANNEL | GOLD | KT_18 | 1ct | imgs:3
[03:48:13][CUSHION] [6620] ? NIV-78CF6D7F26D52222 | BASKET | HIDDEN_HALO | CHANNEL | GOLD | KT_18 | 1ct | imgs:3
[03:48:21][CUSHION] [6621] ? NIV-785D35C3EFE5E2D8 | BASKET | HIDDEN_HALO | CHANNEL | GOLD | KT_18 | 1ct | imgs:1
[03:48:25][CUSHION] [6622] ? NIV-785D35C3EFE5E2D8 | BASKET | HIDDEN_HALO | CHANNEL | GOLD | KT_18 | 1ct | imgs:3
[03:48:28][CUSHION] [6623] ? NIV-785D35C3EFE5E2D8 | BASKET | HIDDEN_HALO | CHANNEL | GOLD | KT_18 | 1ct | imgs:3
[03:48:31][CUSHION] [6624] ? NIV-DEA7FAD01E22C939 | BASKET | HIDDEN_HALO | CHANNEL | GOLD | KT_18 | 1ct | imgs:3
[03:48:34][CUSHION] [6625] ? NIV-DEA7FAD01E22C939 | BASKET | HIDDEN_HALO | CHANNEL | GOLD | KT_18 | 1ct | imgs:3
[03:48:40][CUSHION] [6626] ? NIV-DEA7FAD01E22C939 | BASKET | HIDDEN_HALO | CHANNEL | GOLD | KT_18 | 1ct | imgs:3
[03:48:46][CUSHION] [6627] ? NIV-881B05984016CE9B | BASKET | HIDDEN_HALO | CHANNEL | PLATINUM | PT_950 | 1ct | imgs:3
[03:49:00][CUSHION] [6628] ??  NIV-2FFAA6A26C0C73B6 | BASKET | HIDDEN_HALO | CHANNEL | GOLD | KT_10 | 1ct | imgs:0
[03:49:09][CUSHION] [6629] ? NIV-EB13ED2B57212E64 | BASKET | HIDDEN_HALO | CHANNEL | GOLD | KT_10 | 1ct | imgs:2
[03:49:13][CUSHION] [6630] ? NIV-EB13ED2B57212E64 | BASKET | HIDDEN_HALO | CHANNEL | GOLD | KT_10 | 1ct | imgs:3
[03:49:16][CUSHION] [6631] ? NIV-4490C734806AA51C | BASKET | HIDDEN_HALO | CHANNEL | GOLD | KT_10 | 1ct | imgs:3
[03:49:19][CUSHION] [6632] ? NIV-4490C734806AA51C | BASKET | HIDDEN_HALO | CHANNEL | GOLD | KT_10 | 1ct | imgs:3
[03:49:25][CUSHION] [6633] ? NIV-4490C734806AA51C | BASKET | HIDDEN_HALO | CHANNEL | GOLD | KT_10 | 1ct | imgs:3
[03:49:28][CUSHION] [6634] ? NIV-076BB594C69DC3F3 | BASKET | HIDDEN_HALO | CHANNEL | GOLD | KT_10 | 1ct | imgs:3
[03:49:34][CUSHION] [6635] ? NIV-076BB594C69DC3F3 | BASKET | HIDDEN_HALO | CHANNEL | GOLD | KT_10 | 1ct | imgs:3
[03:49:37][CUSHION] [6636] ? NIV-076BB594C69DC3F3 | BASKET | HIDDEN_HALO | CHANNEL | GOLD | KT_10 | 1ct | imgs:3
[03:49:51][CUSHION] [6637] ??  NIV-0F4908C70F43BCAD | BASKET | HIDDEN_HALO | CHANNEL | GOLD | KT_14 | 1ct | imgs:0
[03:49:59][CUSHION] [6638] ? NIV-58DF8403CDAD3ECD | BASKET | HIDDEN_HALO | CHANNEL | GOLD | KT_14 | 1ct | imgs:1
[03:50:04][CUSHION] [6639] ? NIV-58DF8403CDAD3ECD | BASKET | HIDDEN_HALO | CHANNEL | GOLD | KT_14 | 1ct | imgs:3
[03:50:11][CUSHION] [6640] ? NIV-DBB7025C15959F38 | BASKET | HIDDEN_HALO | CHANNEL | GOLD | KT_14 | 1ct | imgs:1
[03:50:16][CUSHION] [6641] ? NIV-DBB7025C15959F38 | BASKET | HIDDEN_HALO | CHANNEL | GOLD | KT_14 | 1ct | imgs:3
[03:50:22][CUSHION] [6642] ? NIV-DBB7025C15959F38 | BASKET | HIDDEN_HALO | CHANNEL | GOLD | KT_14 | 1ct | imgs:3
[03:50:28][CUSHION] [6643] ? NIV-0F4908C70F43BCAD | BASKET | HIDDEN_HALO | CHANNEL | GOLD | KT_14 | 1ct | imgs:3
[03:50:34][CUSHION] [6644] ? NIV-0F4908C70F43BCAD | BASKET | HIDDEN_HALO | CHANNEL | GOLD | KT_14 | 1ct | imgs:3
[03:50:40][CUSHION] [6645] ? NIV-0F4908C70F43BCAD | BASKET | HIDDEN_HALO | CHANNEL | GOLD | KT_14 | 1ct | imgs:3
[03:50:46][CUSHION] [6646] ? NIV-2DEEDA36C471C846 | BASKET | HIDDEN_HALO | CHANNEL | GOLD | KT_18 | 1ct | imgs:1
[03:50:52][CUSHION] [6647] ? NIV-2DEEDA36C471C846 | BASKET | HIDDEN_HALO | CHANNEL | GOLD | KT_18 | 1ct | imgs:3
[03:50:55][CUSHION] [6648] ? NIV-2DEEDA36C471C846 | BASKET | HIDDEN_HALO | CHANNEL | GOLD | KT_18 | 1ct | imgs:3
[03:50:58][CUSHION] [6649] ? NIV-AE1F5529451CD79F | BASKET | HIDDEN_HALO | CHANNEL | GOLD | KT_18 | 1ct | imgs:2
[03:51:04][CUSHION] [6650] ? NIV-AE1F5529451CD79F | BASKET | HIDDEN_HALO | CHANNEL | GOLD | KT_18 | 1ct | imgs:3
[03:51:07][CUSHION] [6651] ? NIV-AE1F5529451CD79F | BASKET | HIDDEN_HALO | CHANNEL | GOLD | KT_18 | 1ct | imgs:3
[03:51:10][CUSHION] [6652] ? NIV-B8786D7796A6243D | BASKET | HIDDEN_HALO | CHANNEL | GOLD | KT_18 | 1ct | imgs:3
[03:51:13][CUSHION] [6653] ? NIV-B8786D7796A6243D | BASKET | HIDDEN_HALO | CHANNEL | GOLD | KT_18 | 1ct | imgs:3
[03:51:19][CUSHION] [6654] ? NIV-B8786D7796A6243D | BASKET | HIDDEN_HALO | CHANNEL | GOLD | KT_18 | 1ct | imgs:3
[03:51:22][CUSHION] [6655] ? NIV-2FFAA6A26C0C73B6 | BASKET | HIDDEN_HALO | CHANNEL | PLATINUM | PT_950 | 1ct | imgs:3
[03:51:28][CUSHION] [6656] ? NIV-E9C5DFD4C98CAF83 | BASKET | HIDDEN_HALO | CHANNEL | GOLD | KT_10 | 1ct | imgs:1
[03:51:34][CUSHION] [6657] ? NIV-E9C5DFD4C98CAF83 | BASKET | HIDDEN_HALO | CHANNEL | GOLD | KT_10 | 1ct | imgs:3
[03:51:40][CUSHION] [6658] ? NIV-E9C5DFD4C98CAF83 | BASKET | HIDDEN_HALO | CHANNEL | GOLD | KT_10 | 1ct | imgs:3
[03:51:46][CUSHION] [6659] ? NIV-A8E0082045AC9C48 | BASKET | HIDDEN_HALO | CHANNEL | GOLD | KT_10 | 1ct | imgs:1
[03:51:52][CUSHION] [6660] ? NIV-A8E0082045AC9C48 | BASKET | HIDDEN_HALO | CHANNEL | GOLD | KT_10 | 1ct | imgs:3
[03:51:55][CUSHION] [6661] ? NIV-A8E0082045AC9C48 | BASKET | HIDDEN_HALO | CHANNEL | GOLD | KT_10 | 1ct | imgs:3
[03:52:00][CUSHION] [6662] ? NIV-E42A66604D9345D8 | BASKET | HIDDEN_HALO | CHANNEL | GOLD | KT_10 | 1ct | imgs:1
[03:52:07][CUSHION] [6663] ? NIV-E42A66604D9345D8 | BASKET | HIDDEN_HALO | CHANNEL | GOLD | KT_10 | 1ct | imgs:3
[03:52:13][CUSHION] [6664] ? NIV-E42A66604D9345D8 | BASKET | HIDDEN_HALO | CHANNEL | GOLD | KT_10 | 1ct | imgs:3
[03:52:19][CUSHION] [6665] ? NIV-102408BC968DE636 | BASKET | HIDDEN_HALO | CHANNEL | GOLD | KT_14 | 1ct | imgs:3
[03:52:22][CUSHION] [6666] ? NIV-102408BC968DE636 | BASKET | HIDDEN_HALO | CHANNEL | GOLD | KT_14 | 1ct | imgs:3
[03:52:25][CUSHION] [6667] ? NIV-102408BC968DE636 | BASKET | HIDDEN_HALO | CHANNEL | GOLD | KT_14 | 1ct | imgs:3
[03:52:30][CUSHION] [6668] ? NIV-9E52BF94B273B44A | BASKET | HIDDEN_HALO | CHANNEL | GOLD | KT_14 | 1ct | imgs:1
[03:52:34][CUSHION] [6669] ? NIV-9E52BF94B273B44A | BASKET | HIDDEN_HALO | CHANNEL | GOLD | KT_14 | 1ct | imgs:3
[03:52:40][CUSHION] [6670] ? NIV-9E52BF94B273B44A | BASKET | HIDDEN_HALO | CHANNEL | GOLD | KT_14 | 1ct | imgs:3
[03:52:43][CUSHION] [6671] ? NIV-7907602C450424BB | BASKET | HIDDEN_HALO | CHANNEL | GOLD | KT_14 | 1ct | imgs:3
[03:52:47][CUSHION] [6672] ? NIV-7907602C450424BB | BASKET | HIDDEN_HALO | CHANNEL | GOLD | KT_14 | 1ct | imgs:3
[03:52:52][CUSHION] [6673] ? NIV-7907602C450424BB | BASKET | HIDDEN_HALO | CHANNEL | GOLD | KT_14 | 1ct | imgs:3
[03:52:55][CUSHION] [6674] ? NIV-DDC51E8FD6E40859 | BASKET | HIDDEN_HALO | CHANNEL | GOLD | KT_18 | 1ct | imgs:1
[03:53:01][CUSHION] [6675] ? NIV-DDC51E8FD6E40859 | BASKET | HIDDEN_HALO | CHANNEL | GOLD | KT_18 | 1ct | imgs:3
[03:53:07][CUSHION] [6676] ? NIV-DDC51E8FD6E40859 | BASKET | HIDDEN_HALO | CHANNEL | GOLD | KT_18 | 1ct | imgs:3
[03:53:10][CUSHION] [6677] ? NIV-2DB9DA1201CFE4BB | BASKET | HIDDEN_HALO | CHANNEL | GOLD | KT_18 | 1ct | imgs:1
[03:53:16][CUSHION] [6678] ? NIV-2DB9DA1201CFE4BB | BASKET | HIDDEN_HALO | CHANNEL | GOLD | KT_18 | 1ct | imgs:3
[03:53:22][CUSHION] [6679] ? NIV-2DB9DA1201CFE4BB | BASKET | HIDDEN_HALO | CHANNEL | GOLD | KT_18 | 1ct | imgs:3
[03:53:25][CUSHION] [6680] ? NIV-A9B8D0374EAF52A7 | BASKET | HIDDEN_HALO | CHANNEL | GOLD | KT_18 | 1ct | imgs:3
[03:53:31][CUSHION] [6681] ? NIV-A9B8D0374EAF52A7 | BASKET | HIDDEN_HALO | CHANNEL | GOLD | KT_18 | 1ct | imgs:3
[03:53:37][CUSHION] [6682] ? NIV-A9B8D0374EAF52A7 | BASKET | HIDDEN_HALO | CHANNEL | GOLD | KT_18 | 1ct | imgs:3
[03:53:45][CUSHION] [6683] ? NIV-98A248E6A03A7E05 | BASKET | HIDDEN_HALO | CHANNEL | PLATINUM | PT_950 | 1ct | imgs:1
[03:53:59][CUSHION] [6684] ? NIV-72F15D0B47D05015 | BASKET | HIDDEN_HALO | CHANNEL | GOLD | KT_10 | 1ct | imgs:1
[03:54:04][CUSHION] [6685] ? NIV-72F15D0B47D05015 | BASKET | HIDDEN_HALO | CHANNEL | GOLD | KT_10 | 1ct | imgs:3
[03:54:07][CUSHION] [6686] ? NIV-72F15D0B47D05015 | BASKET | HIDDEN_HALO | CHANNEL | GOLD | KT_10 | 1ct | imgs:3
[03:54:10][CUSHION] [6687] ? NIV-4CF098DB90E5A94B | BASKET | HIDDEN_HALO | CHANNEL | GOLD | KT_10 | 1ct | imgs:1
[03:54:16][CUSHION] [6688] ? NIV-4CF098DB90E5A94B | BASKET | HIDDEN_HALO | CHANNEL | GOLD | KT_10 | 1ct | imgs:3
[03:54:22][CUSHION] [6689] ? NIV-4CF098DB90E5A94B | BASKET | HIDDEN_HALO | CHANNEL | GOLD | KT_10 | 1ct | imgs:3
[03:54:26][CUSHION] [6690] ? NIV-8D2B9759B3326DC4 | BASKET | HIDDEN_HALO | CHANNEL | GOLD | KT_10 | 1ct | imgs:1
[03:54:31][CUSHION] [6691] ? NIV-8D2B9759B3326DC4 | BASKET | HIDDEN_HALO | CHANNEL | GOLD | KT_10 | 1ct | imgs:3
[03:54:34][CUSHION] [6692] ? NIV-8D2B9759B3326DC4 | BASKET | HIDDEN_HALO | CHANNEL | GOLD | KT_10 | 1ct | imgs:3
[03:54:40][CUSHION] [6693] ? NIV-DAC4E14F79F44246 | BASKET | HIDDEN_HALO | CHANNEL | GOLD | KT_14 | 1ct | imgs:3
[03:54:46][CUSHION] [6694] ? NIV-DAC4E14F79F44246 | BASKET | HIDDEN_HALO | CHANNEL | GOLD | KT_14 | 1ct | imgs:3
[03:54:52][CUSHION] [6695] ? NIV-DAC4E14F79F44246 | BASKET | HIDDEN_HALO | CHANNEL | GOLD | KT_14 | 1ct | imgs:3
[03:54:55][CUSHION] [6696] ? NIV-406563424BF14E70 | BASKET | HIDDEN_HALO | CHANNEL | GOLD | KT_14 | 1ct | imgs:3
[03:55:01][CUSHION] [6697] ? NIV-406563424BF14E70 | BASKET | HIDDEN_HALO | CHANNEL | GOLD | KT_14 | 1ct | imgs:3
[03:55:04][CUSHION] [6698] ? NIV-406563424BF14E70 | BASKET | HIDDEN_HALO | CHANNEL | GOLD | KT_14 | 1ct | imgs:3
[03:55:07][CUSHION] [6699] ? NIV-7790A65F0EF80560 | BASKET | HIDDEN_HALO | CHANNEL | GOLD | KT_14 | 1ct | imgs:1
[03:55:13][CUSHION] [6700] ? NIV-7790A65F0EF80560 | BASKET | HIDDEN_HALO | CHANNEL | GOLD | KT_14 | 1ct | imgs:3
[03:55:19][CUSHION] [6701] ? NIV-7790A65F0EF80560 | BASKET | HIDDEN_HALO | CHANNEL | GOLD | KT_14 | 1ct | imgs:3
[03:55:25][CUSHION] [6702] ? NIV-8B0B88349E84E9D3 | BASKET | HIDDEN_HALO | CHANNEL | GOLD | KT_18 | 1ct | imgs:3
[03:55:31][CUSHION] [6703] ? NIV-8B0B88349E84E9D3 | BASKET | HIDDEN_HALO | CHANNEL | GOLD | KT_18 | 1ct | imgs:3
[03:55:37][CUSHION] [6704] ? NIV-8B0B88349E84E9D3 | BASKET | HIDDEN_HALO | CHANNEL | GOLD | KT_18 | 1ct | imgs:3
[03:55:40][CUSHION] [6705] ? NIV-83E4FACE5A62C985 | BASKET | HIDDEN_HALO | CHANNEL | GOLD | KT_18 | 1ct | imgs:3
[03:55:43][CUSHION] [6706] ? NIV-83E4FACE5A62C985 | BASKET | HIDDEN_HALO | CHANNEL | GOLD | KT_18 | 1ct | imgs:3
[03:55:49][CUSHION] [6707] ? NIV-83E4FACE5A62C985 | BASKET | HIDDEN_HALO | CHANNEL | GOLD | KT_18 | 1ct | imgs:3
[03:55:52][CUSHION] [6708] ? NIV-C22189ADA9DBB407 | BASKET | HIDDEN_HALO | CHANNEL | GOLD | KT_18 | 1ct | imgs:3
[03:55:55][CUSHION] [6709] ? NIV-C22189ADA9DBB407 | BASKET | HIDDEN_HALO | CHANNEL | GOLD | KT_18 | 1ct | imgs:3
[03:55:58][CUSHION] [6710] ? NIV-C22189ADA9DBB407 | BASKET | HIDDEN_HALO | CHANNEL | GOLD | KT_18 | 1ct | imgs:3
[03:56:01][CUSHION] [6711] ? NIV-C90C1D255EE6018C | BASKET | HIDDEN_HALO | CHANNEL | PLATINUM | PT_950 | 1ct | imgs:3
[03:56:07][CUSHION] [6712] ? NIV-11A4EF2B1AE4EEC5 | BASKET | HIDDEN_HALO | CHANNEL | GOLD | KT_10 | 1ct | imgs:3
[03:56:13][CUSHION] [6713] ? NIV-11A4EF2B1AE4EEC5 | BASKET | HIDDEN_HALO | CHANNEL | GOLD | KT_10 | 1ct | imgs:3
[03:56:19][CUSHION] [6714] ? NIV-11A4EF2B1AE4EEC5 | BASKET | HIDDEN_HALO | CHANNEL | GOLD | KT_10 | 1ct | imgs:3
[03:56:22][CUSHION] [6715] ? NIV-62EE8D7C35EE46DD | BASKET | HIDDEN_HALO | CHANNEL | GOLD | KT_10 | 1ct | imgs:3
[03:56:28][CUSHION] [6716] ? NIV-62EE8D7C35EE46DD | BASKET | HIDDEN_HALO | CHANNEL | GOLD | KT_10 | 1ct | imgs:3
[03:56:34][CUSHION] [6717] ? NIV-62EE8D7C35EE46DD | BASKET | HIDDEN_HALO | CHANNEL | GOLD | KT_10 | 1ct | imgs:3
[03:56:37][CUSHION] [6718] ? NIV-0972F6CA14B87BC6 | BASKET | HIDDEN_HALO | CHANNEL | GOLD | KT_10 | 1ct | imgs:3
[03:56:43][CUSHION] [6719] ? NIV-0972F6CA14B87BC6 | BASKET | HIDDEN_HALO | CHANNEL | GOLD | KT_10 | 1ct | imgs:3
[03:56:49][CUSHION] [6720] ? NIV-0972F6CA14B87BC6 | BASKET | HIDDEN_HALO | CHANNEL | GOLD | KT_10 | 1ct | imgs:3
[03:56:52][CUSHION] [6721] ? NIV-DEDD2604ADD0D1D7 | BASKET | HIDDEN_HALO | CHANNEL | GOLD | KT_14 | 1ct | imgs:3
[03:56:58][CUSHION] [6722] ? NIV-DEDD2604ADD0D1D7 | BASKET | HIDDEN_HALO | CHANNEL | GOLD | KT_14 | 1ct | imgs:3
[03:57:04][CUSHION] [6723] ? NIV-DEDD2604ADD0D1D7 | BASKET | HIDDEN_HALO | CHANNEL | GOLD | KT_14 | 1ct | imgs:3
[03:57:07][CUSHION] [6724] ? NIV-D09755714EFBB596 | BASKET | HIDDEN_HALO | CHANNEL | GOLD | KT_14 | 1ct | imgs:3
[03:57:13][CUSHION] [6725] ? NIV-D09755714EFBB596 | BASKET | HIDDEN_HALO | CHANNEL | GOLD | KT_14 | 1ct | imgs:3
[03:57:16][CUSHION] [6726] ? NIV-D09755714EFBB596 | BASKET | HIDDEN_HALO | CHANNEL | GOLD | KT_14 | 1ct | imgs:3
[03:57:19][CUSHION] [6727] ? NIV-CFC7FD1BD30F9320 | BASKET | HIDDEN_HALO | CHANNEL | GOLD | KT_14 | 1ct | imgs:3
[03:57:25][CUSHION] [6728] ? NIV-CFC7FD1BD30F9320 | BASKET | HIDDEN_HALO | CHANNEL | GOLD | KT_14 | 1ct | imgs:3
[03:57:31][CUSHION] [6729] ? NIV-CFC7FD1BD30F9320 | BASKET | HIDDEN_HALO | CHANNEL | GOLD | KT_14 | 1ct | imgs:3
[03:57:37][CUSHION] [6730] ? NIV-7A1370A1D7C23640 | BASKET | HIDDEN_HALO | CHANNEL | GOLD | KT_18 | 1ct | imgs:3
[03:57:43][CUSHION] [6731] ? NIV-7A1370A1D7C23640 | BASKET | HIDDEN_HALO | CHANNEL | GOLD | KT_18 | 1ct | imgs:3
[03:57:49][CUSHION] [6732] ? NIV-7A1370A1D7C23640 | BASKET | HIDDEN_HALO | CHANNEL | GOLD | KT_18 | 1ct | imgs:3
[03:57:52][CUSHION] [6733] ? NIV-C285B25E1048681C | BASKET | HIDDEN_HALO | CHANNEL | GOLD | KT_18 | 1ct | imgs:3
[03:57:58][CUSHION] [6734] ? NIV-C285B25E1048681C | BASKET | HIDDEN_HALO | CHANNEL | GOLD | KT_18 | 1ct | imgs:3
[03:58:04][CUSHION] [6735] ? NIV-C285B25E1048681C | BASKET | HIDDEN_HALO | CHANNEL | GOLD | KT_18 | 1ct | imgs:3
[03:58:07][CUSHION] [6736] ? NIV-2AAB68E9E456B683 | BASKET | HIDDEN_HALO | CHANNEL | GOLD | KT_18 | 1ct | imgs:3
[03:58:13][CUSHION] [6737] ? NIV-2AAB68E9E456B683 | BASKET | HIDDEN_HALO | CHANNEL | GOLD | KT_18 | 1ct | imgs:3
[03:58:19][CUSHION] [6738] ? NIV-2AAB68E9E456B683 | BASKET | HIDDEN_HALO | CHANNEL | GOLD | KT_18 | 1ct | imgs:3
[03:58:22][CUSHION] [6739] ? NIV-61CE05C0BA442B8B | BASKET | HIDDEN_HALO | CHANNEL | PLATINUM | PT_950 | 1ct | imgs:3
[03:58:28][CUSHION] [6740] ? NIV-1BAA51F12056450B | BASKET | HIDDEN_HALO | CHANNEL | GOLD | KT_10 | 1ct | imgs:3
[03:58:31][CUSHION] [6741] ? NIV-1BAA51F12056450B | BASKET | HIDDEN_HALO | CHANNEL | GOLD | KT_10 | 1ct | imgs:3
[03:58:37][CUSHION] [6742] ? NIV-1BAA51F12056450B | BASKET | HIDDEN_HALO | CHANNEL | GOLD | KT_10 | 1ct | imgs:3
[03:58:40][CUSHION] [6743] ? NIV-69F4C524ABBAD6D9 | BASKET | HIDDEN_HALO | CHANNEL | GOLD | KT_10 | 1ct | imgs:3
[03:58:43][CUSHION] [6744] ? NIV-69F4C524ABBAD6D9 | BASKET | HIDDEN_HALO | CHANNEL | GOLD | KT_10 | 1ct | imgs:3
[03:58:46][CUSHION] [6745] ? NIV-69F4C524ABBAD6D9 | BASKET | HIDDEN_HALO | CHANNEL | GOLD | KT_10 | 1ct | imgs:3
[03:58:49][CUSHION] [6746] ? NIV-2A1ABA9791ACB76B | BASKET | HIDDEN_HALO | CHANNEL | GOLD | KT_10 | 1ct | imgs:3
[03:58:55][CUSHION] [6747] ? NIV-2A1ABA9791ACB76B | BASKET | HIDDEN_HALO | CHANNEL | GOLD | KT_10 | 1ct | imgs:3
[03:58:58][CUSHION] [6748] ? NIV-2A1ABA9791ACB76B | BASKET | HIDDEN_HALO | CHANNEL | GOLD | KT_10 | 1ct | imgs:3
[03:59:02][CUSHION] [6749] ? NIV-BDC97ADD1EF41A59 | BASKET | HIDDEN_HALO | CHANNEL | GOLD | KT_14 | 1ct | imgs:1
[03:59:07][CUSHION] [6750] ? NIV-BDC97ADD1EF41A59 | BASKET | HIDDEN_HALO | CHANNEL | GOLD | KT_14 | 1ct | imgs:3
[03:59:10][CUSHION] [6751] ? NIV-BDC97ADD1EF41A59 | BASKET | HIDDEN_HALO | CHANNEL | GOLD | KT_14 | 1ct | imgs:3
[03:59:13][CUSHION] [6752] ? NIV-24BBC5EAAAB70AAF | BASKET | HIDDEN_HALO | CHANNEL | GOLD | KT_14 | 1ct | imgs:3
[03:59:16][CUSHION] [6753] ? NIV-24BBC5EAAAB70AAF | BASKET | HIDDEN_HALO | CHANNEL | GOLD | KT_14 | 1ct | imgs:3
[03:59:22][CUSHION] [6754] ? NIV-24BBC5EAAAB70AAF | BASKET | HIDDEN_HALO | CHANNEL | GOLD | KT_14 | 1ct | imgs:3
[03:59:25][CUSHION] [6755] ? NIV-32098745BBD45DB8 | BASKET | HIDDEN_HALO | CHANNEL | GOLD | KT_14 | 1ct | imgs:3
[03:59:28][CUSHION] [6756] ? NIV-32098745BBD45DB8 | BASKET | HIDDEN_HALO | CHANNEL | GOLD | KT_14 | 1ct | imgs:3
[03:59:31][CUSHION] [6757] ? NIV-32098745BBD45DB8 | BASKET | HIDDEN_HALO | CHANNEL | GOLD | KT_14 | 1ct | imgs:3
[03:59:37][CUSHION] [6758] ? NIV-96A40935682428A4 | BASKET | HIDDEN_HALO | CHANNEL | GOLD | KT_18 | 1ct | imgs:1
[03:59:43][CUSHION] [6759] ? NIV-96A40935682428A4 | BASKET | HIDDEN_HALO | CHANNEL | GOLD | KT_18 | 1ct | imgs:3
[03:59:49][CUSHION] [6760] ? NIV-96A40935682428A4 | BASKET | HIDDEN_HALO | CHANNEL | GOLD | KT_18 | 1ct | imgs:3
[03:59:52][CUSHION] [6761] ? NIV-42A3A1940E1D1E73 | BASKET | HIDDEN_HALO | CHANNEL | GOLD | KT_18 | 1ct | imgs:3
[03:59:58][CUSHION] [6762] ? NIV-42A3A1940E1D1E73 | BASKET | HIDDEN_HALO | CHANNEL | GOLD | KT_18 | 1ct | imgs:3
[04:00:01][CUSHION] [6763] ? NIV-42A3A1940E1D1E73 | BASKET | HIDDEN_HALO | CHANNEL | GOLD | KT_18 | 1ct | imgs:3
[04:00:07][CUSHION] [6764] ? NIV-5B560141790221FC | BASKET | HIDDEN_HALO | CHANNEL | GOLD | KT_18 | 1ct | imgs:3
[04:00:10][CUSHION] [6765] ? NIV-5B560141790221FC | BASKET | HIDDEN_HALO | CHANNEL | GOLD | KT_18 | 1ct | imgs:3
[04:00:16][CUSHION] [6766] ? NIV-5B560141790221FC | BASKET | HIDDEN_HALO | CHANNEL | GOLD | KT_18 | 1ct | imgs:3
[04:00:19][CUSHION] [6767] ? NIV-4F7D22270446C991 | BASKET | HIDDEN_HALO | CHANNEL | PLATINUM | PT_950 | 1ct | imgs:3
[04:00:25][CUSHION] [6768] ? NIV-7FD10F33D55CA2E1 | BASKET | HIDDEN_HALO | CHANNEL | GOLD | KT_10 | 1ct | imgs:3
[04:00:28][CUSHION] [6769] ? NIV-7FD10F33D55CA2E1 | BASKET | HIDDEN_HALO | CHANNEL | GOLD | KT_10 | 1ct | imgs:3
[04:00:34][CUSHION] [6770] ? NIV-7FD10F33D55CA2E1 | BASKET | HIDDEN_HALO | CHANNEL | GOLD | KT_10 | 1ct | imgs:3
[04:00:37][CUSHION] [6771] ? NIV-A1E92518435B7087 | BASKET | HIDDEN_HALO | CHANNEL | GOLD | KT_10 | 1ct | imgs:2
[04:00:43][CUSHION] [6772] ? NIV-A1E92518435B7087 | BASKET | HIDDEN_HALO | CHANNEL | GOLD | KT_10 | 1ct | imgs:3
[04:00:49][CUSHION] [6773] ? NIV-A1E92518435B7087 | BASKET | HIDDEN_HALO | CHANNEL | GOLD | KT_10 | 1ct | imgs:3
[04:00:52][CUSHION] [6774] ? NIV-2CF8DAEBD637A9DF | BASKET | HIDDEN_HALO | CHANNEL | GOLD | KT_10 | 1ct | imgs:3
[04:00:58][CUSHION] [6775] ? NIV-2CF8DAEBD637A9DF | BASKET | HIDDEN_HALO | CHANNEL | GOLD | KT_10 | 1ct | imgs:3
[04:01:04][CUSHION] [6776] ? NIV-2CF8DAEBD637A9DF | BASKET | HIDDEN_HALO | CHANNEL | GOLD | KT_10 | 1ct | imgs:3
[04:01:10][CUSHION] [6777] ? NIV-55F90A5440F1B057 | BASKET | HIDDEN_HALO | CHANNEL | GOLD | KT_14 | 1ct | imgs:3
[04:01:16][CUSHION] [6778] ? NIV-55F90A5440F1B057 | BASKET | HIDDEN_HALO | CHANNEL | GOLD | KT_14 | 1ct | imgs:3
[04:01:22][CUSHION] [6779] ? NIV-55F90A5440F1B057 | BASKET | HIDDEN_HALO | CHANNEL | GOLD | KT_14 | 1ct | imgs:3
[04:01:27][CUSHION] [6780] ? NIV-CE1DF475959B68F7 | BASKET | HIDDEN_HALO | CHANNEL | GOLD | KT_14 | 1ct | imgs:3
[04:01:31][CUSHION] [6781] ? NIV-CE1DF475959B68F7 | BASKET | HIDDEN_HALO | CHANNEL | GOLD | KT_14 | 1ct | imgs:3
[04:01:37][CUSHION] [6782] ? NIV-CE1DF475959B68F7 | BASKET | HIDDEN_HALO | CHANNEL | GOLD | KT_14 | 1ct | imgs:3
[04:01:43][CUSHION] [6783] ? NIV-B33CAEF66D23A875 | BASKET | HIDDEN_HALO | CHANNEL | GOLD | KT_14 | 1ct | imgs:1
[04:01:49][CUSHION] [6784] ? NIV-B33CAEF66D23A875 | BASKET | HIDDEN_HALO | CHANNEL | GOLD | KT_14 | 1ct | imgs:3
[04:01:52][CUSHION] [6785] ? NIV-B33CAEF66D23A875 | BASKET | HIDDEN_HALO | CHANNEL | GOLD | KT_14 | 1ct | imgs:3
[04:01:57][CUSHION] [6786] ? NIV-5BA88AC9A1E639D6 | BASKET | HIDDEN_HALO | CHANNEL | GOLD | KT_18 | 1ct | imgs:1
[04:02:01][CUSHION] [6787] ? NIV-5BA88AC9A1E639D6 | BASKET | HIDDEN_HALO | CHANNEL | GOLD | KT_18 | 1ct | imgs:3
[04:02:07][CUSHION] [6788] ? NIV-5BA88AC9A1E639D6 | BASKET | HIDDEN_HALO | CHANNEL | GOLD | KT_18 | 1ct | imgs:3
[04:02:11][CUSHION] [6789] ? NIV-6268493E45B2B987 | BASKET | HIDDEN_HALO | CHANNEL | GOLD | KT_18 | 1ct | imgs:2
[04:02:16][CUSHION] [6790] ? NIV-6268493E45B2B987 | BASKET | HIDDEN_HALO | CHANNEL | GOLD | KT_18 | 1ct | imgs:3
[04:02:22][CUSHION] [6791] ? NIV-6268493E45B2B987 | BASKET | HIDDEN_HALO | CHANNEL | GOLD | KT_18 | 1ct | imgs:3
[04:02:29][CUSHION] [6792] ? NIV-88C6C2FC626EF8CD | BASKET | HIDDEN_HALO | CHANNEL | GOLD | KT_18 | 1ct | imgs:1
[04:02:34][CUSHION] [6793] ? NIV-88C6C2FC626EF8CD | BASKET | HIDDEN_HALO | CHANNEL | GOLD | KT_18 | 1ct | imgs:3
[04:02:37][CUSHION] [6794] ? NIV-88C6C2FC626EF8CD | BASKET | HIDDEN_HALO | CHANNEL | GOLD | KT_18 | 1ct | imgs:3
[04:02:40][CUSHION] [6795] ? NIV-F55492433D4B1164 | BASKET | HIDDEN_HALO | CHANNEL | PLATINUM | PT_950 | 1ct | imgs:3
[04:02:46][CUSHION] [6796] ? NIV-2F9E870B34F1F687 | BASKET | HIDDEN_HALO | CHANNEL | GOLD | KT_10 | 1ct | imgs:3
[04:02:49][CUSHION] [6797] ? NIV-2F9E870B34F1F687 | BASKET | HIDDEN_HALO | CHANNEL | GOLD | KT_10 | 1ct | imgs:3
[04:02:55][CUSHION] [6798] ? NIV-2F9E870B34F1F687 | BASKET | HIDDEN_HALO | CHANNEL | GOLD | KT_10 | 1ct | imgs:3
[04:02:58][CUSHION] [6799] ? NIV-6978918E260DCFFA | BASKET | HIDDEN_HALO | CHANNEL | GOLD | KT_10 | 1ct | imgs:3
[04:03:04][CUSHION] [6800] ? NIV-6978918E260DCFFA | BASKET | HIDDEN_HALO | CHANNEL | GOLD | KT_10 | 1ct | imgs:3
[04:03:10][CUSHION] [6801] ? NIV-6978918E260DCFFA | BASKET | HIDDEN_HALO | CHANNEL | GOLD | KT_10 | 1ct | imgs:3
[04:03:13][CUSHION] [6802] ? NIV-8DF0395B3AA06D45 | BASKET | HIDDEN_HALO | CHANNEL | GOLD | KT_10 | 1ct | imgs:3
[04:03:19][CUSHION] [6803] ? NIV-8DF0395B3AA06D45 | BASKET | HIDDEN_HALO | CHANNEL | GOLD | KT_10 | 1ct | imgs:3
[04:03:22][CUSHION]   Re-seleccionando CUSHION (intento 1)
[04:03:22][CUSHION]   Boton no encontrado ? recargando configurador...
[04:03:45][CUSHION]   Re-seleccionando CUSHION (intento 2)
[04:03:47][CUSHION]   POST-CLICK: {'ap': 'true', 'ac': None, 'classes': 'MuiButtonBase-root|MuiToggleButtonGroup-grouped|MuiToggleButtonGroup-groupedHorizontal|MuiToggleButton-root|Mui-selected|MuiToggleButton-sizeMedium|MuiToggleButton-standard|jewellery-configurator-toggle-button|MuiToggleButtonGroup-middleButton|css-66ecda'}
[04:03:55][CUSHION] [6804] ? NIV-77CA058E09AC987B | BASKET | HIDDEN_HALO | CHANNEL | GOLD | KT_10 | 1ct | imgs:3
[04:04:00][CUSHION] [6805] ? NIV-6D4B66DD88294108 | BASKET | HIDDEN_HALO | CHANNEL | GOLD | KT_14 | 1ct | imgs:1
[04:04:04][CUSHION] [6806] ? NIV-32D4DDFFD48858F8 | BASKET | HIDDEN_HALO | CHANNEL | GOLD | KT_14 | 1ct | imgs:2
[04:04:08][CUSHION] [6807] ? NIV-8715D3CE7B638CDD | BASKET | HIDDEN_HALO | CHANNEL | GOLD | KT_14 | 1ct | imgs:3
[04:04:12][CUSHION] [6808] ? NIV-C05A471B7CA2A2B3 | BASKET | HIDDEN_HALO | CHANNEL | GOLD | KT_14 | 1ct | imgs:3
[04:04:15][CUSHION] [6809] ? NIV-17BE965A4FF16689 | BASKET | HIDDEN_HALO | CHANNEL | GOLD | KT_14 | 1ct | imgs:3
[04:04:18][CUSHION] [6810] ? NIV-F2D7DBD05333162E | BASKET | HIDDEN_HALO | CHANNEL | GOLD | KT_14 | 1ct | imgs:3
[04:04:25][CUSHION] [6811] ? NIV-C765007197065129 | BASKET | HIDDEN_HALO | CHANNEL | GOLD | KT_14 | 1ct | imgs:3
[04:04:28][CUSHION] [6812] ? NIV-1EEAC083877F7039 | BASKET | HIDDEN_HALO | CHANNEL | GOLD | KT_14 | 1ct | imgs:1
[04:04:30][CUSHION] [6813] ? NIV-2335C47F1EFC68D4 | BASKET | HIDDEN_HALO | CHANNEL | GOLD | KT_14 | 1ct | imgs:3
[04:04:34][CUSHION] [6814] ? NIV-B4005D7D32572DBB | BASKET | HIDDEN_HALO | CHANNEL | GOLD | KT_18 | 1ct | imgs:3
[04:04:36][CUSHION] [6815] ? NIV-C7BB65D30BEF7E86 | BASKET | HIDDEN_HALO | CHANNEL | GOLD | KT_18 | 1ct | imgs:3
[04:04:39][CUSHION] [6816] ? NIV-1C9D8C7F4F1D828E | BASKET | HIDDEN_HALO | CHANNEL | GOLD | KT_18 | 1ct | imgs:3
[04:04:47][CUSHION] [6817] ? NIV-37D296180F6AD2CC | BASKET | HIDDEN_HALO | CHANNEL | GOLD | KT_18 | 1ct | imgs:3
[04:04:49][CUSHION] [6818] ? NIV-A151544E456906F1 | BASKET | HIDDEN_HALO | CHANNEL | GOLD | KT_18 | 1ct | imgs:3
[04:04:51][CUSHION] [6819] ? NIV-06B823BA53189283 | BASKET | HIDDEN_HALO | CHANNEL | GOLD | KT_18 | 1ct | imgs:2
[04:04:57][CUSHION] [6820] ? NIV-B2C08226542EA1F5 | BASKET | HIDDEN_HALO | CHANNEL | GOLD | KT_18 | 1ct | imgs:3
[04:05:03][CUSHION] [6821] ? NIV-197B4F4885BAC1F3 | BASKET | HIDDEN_HALO | CHANNEL | GOLD | KT_18 | 1ct | imgs:3
[04:05:06][CUSHION] [6822] ? NIV-8C6E9A19A41C7A59 | BASKET | HIDDEN_HALO | CHANNEL | GOLD | KT_18 | 1ct | imgs:3
[04:05:10][CUSHION] [6823] ? NIV-96F8BAE6A4C98EA0 | BASKET | HIDDEN_HALO | CHANNEL | PLATINUM | PT_950 | 1ct | imgs:3
[04:05:15][CUSHION] [6824] ? NIV-B79971D8C5E8885F | BASKET | HIDDEN_HALO | CHANNEL | GOLD | KT_10 | 1ct | imgs:3
[04:05:21][CUSHION] [6825] ? NIV-B79971D8C5E8885F | BASKET | HIDDEN_HALO | CHANNEL | GOLD | KT_10 | 1ct | imgs:3
[04:05:24][CUSHION] [6826] ? NIV-B79971D8C5E8885F | BASKET | HIDDEN_HALO | CHANNEL | GOLD | KT_10 | 1ct | imgs:3
[04:05:27][CUSHION] [6827] ? NIV-309E2ACB7547444D | BASKET | HIDDEN_HALO | CHANNEL | GOLD | KT_10 | 1ct | imgs:3
[04:05:33][CUSHION] [6828] ? NIV-309E2ACB7547444D | BASKET | HIDDEN_HALO | CHANNEL | GOLD | KT_10 | 1ct | imgs:3
[04:05:39][CUSHION] [6829] ? NIV-309E2ACB7547444D | BASKET | HIDDEN_HALO | CHANNEL | GOLD | KT_10 | 1ct | imgs:3
[04:05:42][CUSHION] [6830] ? NIV-3E2C7A25467F9DFD | BASKET | HIDDEN_HALO | CHANNEL | GOLD | KT_10 | 1ct | imgs:3
[04:05:46][CUSHION] [6831] ? NIV-3E2C7A25467F9DFD | BASKET | HIDDEN_HALO | CHANNEL | GOLD | KT_10 | 1ct | imgs:3
[04:05:51][CUSHION] [6832] ? NIV-3E2C7A25467F9DFD | BASKET | HIDDEN_HALO | CHANNEL | GOLD | KT_10 | 1ct | imgs:3
[04:05:57][CUSHION] [6833] ? NIV-5F7F11BB2CBBF38F | BASKET | HIDDEN_HALO | CHANNEL | GOLD | KT_14 | 1ct | imgs:3
[04:06:03][CUSHION] [6834] ? NIV-5F7F11BB2CBBF38F | BASKET | HIDDEN_HALO | CHANNEL | GOLD | KT_14 | 1ct | imgs:3
[04:06:09][CUSHION] [6835] ? NIV-5F7F11BB2CBBF38F | BASKET | HIDDEN_HALO | CHANNEL | GOLD | KT_14 | 1ct | imgs:3
[04:06:13][CUSHION] [6836] ? NIV-3B10D029E84E41BB | BASKET | HIDDEN_HALO | CHANNEL | GOLD | KT_14 | 1ct | imgs:3
[04:06:18][CUSHION] [6837] ? NIV-3B10D029E84E41BB | BASKET | HIDDEN_HALO | CHANNEL | GOLD | KT_14 | 1ct | imgs:3
[04:06:24][CUSHION] [6838] ? NIV-3B10D029E84E41BB | BASKET | HIDDEN_HALO | CHANNEL | GOLD | KT_14 | 1ct | imgs:3
[04:06:27][CUSHION] [6839] ? NIV-2FD30C1744D6258B | BASKET | HIDDEN_HALO | CHANNEL | GOLD | KT_14 | 1ct | imgs:3
[04:06:33][CUSHION] [6840] ? NIV-2FD30C1744D6258B | BASKET | HIDDEN_HALO | CHANNEL | GOLD | KT_14 | 1ct | imgs:3
[04:06:39][CUSHION] [6841] ? NIV-2FD30C1744D6258B | BASKET | HIDDEN_HALO | CHANNEL | GOLD | KT_14 | 1ct | imgs:3
[04:06:45][CUSHION] [6842] ? NIV-8641114F4BE3E73A | BASKET | HIDDEN_HALO | CHANNEL | GOLD | KT_18 | 1ct | imgs:3
[04:06:49][CUSHION] [6843] ? NIV-8641114F4BE3E73A | BASKET | HIDDEN_HALO | CHANNEL | GOLD | KT_18 | 1ct | imgs:3
[04:06:54][CUSHION] [6844] ? NIV-8641114F4BE3E73A | BASKET | HIDDEN_HALO | CHANNEL | GOLD | KT_18 | 1ct | imgs:3
[04:07:01][CUSHION] [6845] ? NIV-6972916A79A5E0F6 | BASKET | HIDDEN_HALO | CHANNEL | GOLD | KT_18 | 1ct | imgs:3
[04:07:06][CUSHION] [6846] ? NIV-6972916A79A5E0F6 | BASKET | HIDDEN_HALO | CHANNEL | GOLD | KT_18 | 1ct | imgs:3
[04:07:12][CUSHION] [6847] ? NIV-6972916A79A5E0F6 | BASKET | HIDDEN_HALO | CHANNEL | GOLD | KT_18 | 1ct | imgs:3
[04:07:17][CUSHION] [6848] ? NIV-72C37C351BBC0AAB | BASKET | HIDDEN_HALO | CHANNEL | GOLD | KT_18 | 1ct | imgs:3
[04:07:21][CUSHION] [6849] ? NIV-72C37C351BBC0AAB | BASKET | HIDDEN_HALO | CHANNEL | GOLD | KT_18 | 1ct | imgs:3
[04:07:25][CUSHION] [6850] ? NIV-72C37C351BBC0AAB | BASKET | HIDDEN_HALO | CHANNEL | GOLD | KT_18 | 1ct | imgs:3
[04:07:30][CUSHION] [6851] ? NIV-D491C0D1059F7EBA | BASKET | HIDDEN_HALO | CHANNEL | PLATINUM | PT_950 | 1ct | imgs:3
[04:33:05][CUSHION]   Re-seleccionando CUSHION (intento 1)
[04:33:05][CUSHION]   Boton no encontrado ? recargando configurador...
[04:33:46][CUSHION]   Error recargando: Page.wait_for_selector: Timeout 30000ms exceeded.
Call log:
  - waiting for locator("button[data-automation-id=\"center-stone-shape-CUSHION\"]") to be visible

[04:33:46][CUSHION]   Re-seleccionando CUSHION (intento 2)
[04:33:46][CUSHION]   Boton no encontrado ? recargando configurador...
[04:34:31][CUSHION]   Error recargando: Page.wait_for_selector: Timeout 30000ms exceeded.
Call log:
  - waiting for locator("button[data-automation-id=\"center-stone-shape-CUSHION\"]") to be visible

[04:34:31][CUSHION]   Re-seleccionando CUSHION (intento 3)
[04:34:31][CUSHION]   Boton no encontrado ? recargando configurador...
[04:34:50][CUSHION]   Re-seleccionando CUSHION (intento 4)
[04:34:52][CUSHION]   POST-CLICK: {'ap': 'true', 'ac': None, 'classes': 'MuiButtonBase-root|MuiToggleButtonGroup-grouped|MuiToggleButtonGroup-groupedHorizontal|MuiToggleButton-root|Mui-selected|MuiToggleButton-sizeMedium|MuiToggleButton-standard|jewellery-configurator-toggle-button|MuiToggleButtonGroup-middleButton|css-66ecda'}
[04:46:56][CUSHION] [7511] ? NIV-C5618070C0FB72E7 | BASKET | HIDDEN_HALO | BEAD | GOLD | KT_14 | 1ct | imgs:3
[04:47:01][CUSHION] [7512] ? NIV-C5618070C0FB72E7 | BASKET | HIDDEN_HALO | BEAD | GOLD | KT_14 | 1ct | imgs:3
[04:47:05][CUSHION] [7513] ? NIV-C5618070C0FB72E7 | BASKET | HIDDEN_HALO | BEAD | GOLD | KT_14 | 1ct | imgs:3
[04:47:08][CUSHION] [7514] ? NIV-FFB8E3021A7E854F | BASKET | HIDDEN_HALO | BEAD | GOLD | KT_18 | 1ct | imgs:3
[04:47:14][CUSHION] [7515] ? NIV-FFB8E3021A7E854F | BASKET | HIDDEN_HALO | BEAD | GOLD | KT_18 | 1ct | imgs:3
[04:47:17][CUSHION] [7516] ? NIV-FFB8E3021A7E854F | BASKET | HIDDEN_HALO | BEAD | GOLD | KT_18 | 1ct | imgs:3
[04:47:20][CUSHION] [7517] ? NIV-495C6C92B8D08F45 | BASKET | HIDDEN_HALO | BEAD | GOLD | KT_18 | 1ct | imgs:1
[04:47:25][CUSHION] [7518] ? NIV-495C6C92B8D08F45 | BASKET | HIDDEN_HALO | BEAD | GOLD | KT_18 | 1ct | imgs:3
[04:47:32][CUSHION] [7519] ? NIV-495C6C92B8D08F45 | BASKET | HIDDEN_HALO | BEAD | GOLD | KT_18 | 1ct | imgs:3
[04:47:34][CUSHION] [7520] ? NIV-8578A1C94B0D95A0 | BASKET | HIDDEN_HALO | BEAD | GOLD | KT_18 | 1ct | imgs:3
[04:47:38][CUSHION] [7521] ? NIV-8578A1C94B0D95A0 | BASKET | HIDDEN_HALO | BEAD | GOLD | KT_18 | 1ct | imgs:3
[04:47:43][CUSHION] [7522] ? NIV-8578A1C94B0D95A0 | BASKET | HIDDEN_HALO | BEAD | GOLD | KT_18 | 1ct | imgs:3
[04:47:46][CUSHION] [7523] ? NIV-4F78CAFB40A148C8 | BASKET | HIDDEN_HALO | BEAD | PLATINUM | PT_950 | 1ct | imgs:3
[04:47:59][CUSHION] [7524] ? NIV-8E9CBDA02E1EB6CA | BASKET | HIDDEN_HALO | BEAD | GOLD | KT_10 | 1ct | imgs:3
[04:48:05][CUSHION] [7525] ? NIV-8E9CBDA02E1EB6CA | BASKET | HIDDEN_HALO | BEAD | GOLD | KT_10 | 1ct | imgs:3
[04:48:10][CUSHION] [7526] ? NIV-8E9CBDA02E1EB6CA | BASKET | HIDDEN_HALO | BEAD | GOLD | KT_10 | 1ct | imgs:3
[04:48:14][CUSHION] [7527] ? NIV-D17F986765DC6B94 | BASKET | HIDDEN_HALO | BEAD | GOLD | KT_10 | 1ct | imgs:1
[04:48:19][CUSHION] [7528] ? NIV-D17F986765DC6B94 | BASKET | HIDDEN_HALO | BEAD | GOLD | KT_10 | 1ct | imgs:3
[04:48:25][CUSHION] [7529] ? NIV-D17F986765DC6B94 | BASKET | HIDDEN_HALO | BEAD | GOLD | KT_10 | 1ct | imgs:3
[04:48:28][CUSHION] [7530] ? NIV-361701D5E11C6F32 | BASKET | HIDDEN_HALO | BEAD | GOLD | KT_10 | 1ct | imgs:3
[04:48:34][CUSHION] [7531] ? NIV-361701D5E11C6F32 | BASKET | HIDDEN_HALO | BEAD | GOLD | KT_10 | 1ct | imgs:3
[04:48:38][CUSHION] [7532] ? NIV-361701D5E11C6F32 | BASKET | HIDDEN_HALO | BEAD | GOLD | KT_10 | 1ct | imgs:3
[04:48:41][CUSHION] [7533] ? NIV-728260F12C9D2741 | BASKET | HIDDEN_HALO | BEAD | GOLD | KT_14 | 1ct | imgs:3
[04:48:47][CUSHION] [7534] ? NIV-728260F12C9D2741 | BASKET | HIDDEN_HALO | BEAD | GOLD | KT_14 | 1ct | imgs:3
[04:48:53][CUSHION] [7535] ? NIV-728260F12C9D2741 | BASKET | HIDDEN_HALO | BEAD | GOLD | KT_14 | 1ct | imgs:3
[04:48:56][CUSHION] [7536] ? NIV-BF9FF039900555A6 | BASKET | HIDDEN_HALO | BEAD | GOLD | KT_14 | 1ct | imgs:1
[04:49:01][CUSHION] [7537] ? NIV-BF9FF039900555A6 | BASKET | HIDDEN_HALO | BEAD | GOLD | KT_14 | 1ct | imgs:3
[04:49:05][CUSHION] [7538] ? NIV-BF9FF039900555A6 | BASKET | HIDDEN_HALO | BEAD | GOLD | KT_14 | 1ct | imgs:3
[04:49:08][CUSHION] [7539] ? NIV-C1434736E3E30A1C | BASKET | HIDDEN_HALO | BEAD | GOLD | KT_14 | 1ct | imgs:3
[04:49:14][CUSHION] [7540] ? NIV-C1434736E3E30A1C | BASKET | HIDDEN_HALO | BEAD | GOLD | KT_14 | 1ct | imgs:3
[04:49:19][CUSHION] [7541] ? NIV-C1434736E3E30A1C | BASKET | HIDDEN_HALO | BEAD | GOLD | KT_14 | 1ct | imgs:3
[04:49:28][CUSHION] [7542] ? NIV-8B79D56380276955 | BASKET | HIDDEN_HALO | BEAD | GOLD | KT_18 | 1ct | imgs:3
[04:49:32][CUSHION] [7543] ? NIV-8B79D56380276955 | BASKET | HIDDEN_HALO | BEAD | GOLD | KT_18 | 1ct | imgs:3
[04:49:35][CUSHION] [7544] ? NIV-8B79D56380276955 | BASKET | HIDDEN_HALO | BEAD | GOLD | KT_18 | 1ct | imgs:3
[04:49:38][CUSHION] [7545] ? NIV-6A4EC6BA6ABE440D | BASKET | HIDDEN_HALO | BEAD | GOLD | KT_18 | 1ct | imgs:3
[04:49:43][CUSHION] [7546] ? NIV-6A4EC6BA6ABE440D | BASKET | HIDDEN_HALO | BEAD | GOLD | KT_18 | 1ct | imgs:3
[04:49:49][CUSHION] [7547] ? NIV-6A4EC6BA6ABE440D | BASKET | HIDDEN_HALO | BEAD | GOLD | KT_18 | 1ct | imgs:3
[04:49:52][CUSHION] [7548] ? NIV-976DE6539F572035 | BASKET | HIDDEN_HALO | BEAD | GOLD | KT_18 | 1ct | imgs:3
[04:49:59][CUSHION] [7549] ? NIV-976DE6539F572035 | BASKET | HIDDEN_HALO | BEAD | GOLD | KT_18 | 1ct | imgs:3
[04:50:02][CUSHION] [7550] ? NIV-976DE6539F572035 | BASKET | HIDDEN_HALO | BEAD | GOLD | KT_18 | 1ct | imgs:3
[04:50:07][CUSHION] [7551] ? NIV-B13AC95C16F88BB6 | BASKET | HIDDEN_HALO | BEAD | PLATINUM | PT_950 | 1ct | imgs:3
[04:50:13][CUSHION] [7552] ? NIV-42B7E2C2E244BD77 | BASKET | HIDDEN_HALO | BEAD | GOLD | KT_10 | 1ct | imgs:1
[04:50:17][CUSHION] [7553] ? NIV-42B7E2C2E244BD77 | BASKET | HIDDEN_HALO | BEAD | GOLD | KT_10 | 1ct | imgs:3
[04:50:22][CUSHION] [7554] ? NIV-42B7E2C2E244BD77 | BASKET | HIDDEN_HALO | BEAD | GOLD | KT_10 | 1ct | imgs:3
[04:50:26][CUSHION] [7555] ? NIV-1D89E8D7F32E1247 | BASKET | HIDDEN_HALO | BEAD | GOLD | KT_10 | 1ct | imgs:3
[04:50:32][CUSHION] [7556] ? NIV-1D89E8D7F32E1247 | BASKET | HIDDEN_HALO | BEAD | GOLD | KT_10 | 1ct | imgs:3
[04:50:37][CUSHION] [7557] ? NIV-1D89E8D7F32E1247 | BASKET | HIDDEN_HALO | BEAD | GOLD | KT_10 | 1ct | imgs:3
[04:50:41][CUSHION] [7558] ? NIV-E03C124C1C409AA6 | BASKET | HIDDEN_HALO | BEAD | GOLD | KT_10 | 1ct | imgs:3
[04:50:46][CUSHION] [7559] ? NIV-E03C124C1C409AA6 | BASKET | HIDDEN_HALO | BEAD | GOLD | KT_10 | 1ct | imgs:3
[04:50:50][CUSHION] [7560] ? NIV-E03C124C1C409AA6 | BASKET | HIDDEN_HALO | BEAD | GOLD | KT_10 | 1ct | imgs:3
[04:50:56][CUSHION] [7561] ? NIV-C56A89E852A9723B | BASKET | HIDDEN_HALO | BEAD | GOLD | KT_14 | 1ct | imgs:1
[04:51:01][CUSHION] [7562] ? NIV-C56A89E852A9723B | BASKET | HIDDEN_HALO | BEAD | GOLD | KT_14 | 1ct | imgs:3
[04:51:05][CUSHION] [7563] ? NIV-C56A89E852A9723B | BASKET | HIDDEN_HALO | BEAD | GOLD | KT_14 | 1ct | imgs:3
[04:51:08][CUSHION] [7564] ? NIV-AD0F3015A29E5324 | BASKET | HIDDEN_HALO | BEAD | GOLD | KT_14 | 1ct | imgs:3
[04:51:13][CUSHION] [7565] ? NIV-AD0F3015A29E5324 | BASKET | HIDDEN_HALO | BEAD | GOLD | KT_14 | 1ct | imgs:3
[04:51:20][CUSHION] [7566] ? NIV-AD0F3015A29E5324 | BASKET | HIDDEN_HALO | BEAD | GOLD | KT_14 | 1ct | imgs:3
[04:51:22][CUSHION] [7567] ? NIV-44140F1997A2A7FD | BASKET | HIDDEN_HALO | BEAD | GOLD | KT_14 | 1ct | imgs:3
[04:51:26][CUSHION] [7568] ? NIV-44140F1997A2A7FD | BASKET | HIDDEN_HALO | BEAD | GOLD | KT_14 | 1ct | imgs:3
[04:51:29][CUSHION] [7569] ? NIV-44140F1997A2A7FD | BASKET | HIDDEN_HALO | BEAD | GOLD | KT_14 | 1ct | imgs:3
[04:51:32][CUSHION] [7570] ? NIV-A2068E6E1D83440C | BASKET | HIDDEN_HALO | BEAD | GOLD | KT_18 | 1ct | imgs:3
[04:51:38][CUSHION] [7571] ? NIV-A2068E6E1D83440C | BASKET | HIDDEN_HALO | BEAD | GOLD | KT_18 | 1ct | imgs:3
[04:51:44][CUSHION] [7572] ? NIV-A2068E6E1D83440C | BASKET | HIDDEN_HALO | BEAD | GOLD | KT_18 | 1ct | imgs:3
[04:51:47][CUSHION] [7573] ? NIV-0CDCBD929DC8CF7A | BASKET | HIDDEN_HALO | BEAD | GOLD | KT_18 | 1ct | imgs:3
[04:51:53][CUSHION] [7574] ? NIV-0CDCBD929DC8CF7A | BASKET | HIDDEN_HALO | BEAD | GOLD | KT_18 | 1ct | imgs:3
[04:51:59][CUSHION] [7575] ? NIV-0CDCBD929DC8CF7A | BASKET | HIDDEN_HALO | BEAD | GOLD | KT_18 | 1ct | imgs:3
[04:52:02][CUSHION] [7576] ? NIV-385AE65AAE2FF7D5 | BASKET | HIDDEN_HALO | BEAD | GOLD | KT_18 | 1ct | imgs:3
[04:52:08][CUSHION] [7577] ? NIV-385AE65AAE2FF7D5 | BASKET | HIDDEN_HALO | BEAD | GOLD | KT_18 | 1ct | imgs:3
[04:52:14][CUSHION] [7578] ? NIV-385AE65AAE2FF7D5 | BASKET | HIDDEN_HALO | BEAD | GOLD | KT_18 | 1ct | imgs:3
[04:52:19][CUSHION] [7579] ? NIV-6E04B505812734B3 | BASKET | HIDDEN_HALO | BEAD | PLATINUM | PT_950 | 1ct | imgs:3
[04:52:25][CUSHION] [7580] ? NIV-47AA4DA4BBDB6260 | BASKET | HIDDEN_HALO | BEAD | GOLD | KT_10 | 1ct | imgs:3
[04:52:29][CUSHION] [7581] ? NIV-47AA4DA4BBDB6260 | BASKET | HIDDEN_HALO | BEAD | GOLD | KT_10 | 1ct | imgs:3
[04:52:34][CUSHION] [7582] ? NIV-47AA4DA4BBDB6260 | BASKET | HIDDEN_HALO | BEAD | GOLD | KT_10 | 1ct | imgs:3
[04:52:37][CUSHION] [7583] ? NIV-F368FEE98615E72A | BASKET | HIDDEN_HALO | BEAD | GOLD | KT_10 | 1ct | imgs:3
[04:52:41][CUSHION] [7584] ? NIV-F368FEE98615E72A | BASKET | HIDDEN_HALO | BEAD | GOLD | KT_10 | 1ct | imgs:3
[04:52:47][CUSHION] [7585] ? NIV-F368FEE98615E72A | BASKET | HIDDEN_HALO | BEAD | GOLD | KT_10 | 1ct | imgs:3
[04:52:50][CUSHION] [7586] ? NIV-985E3F86261AD495 | BASKET | HIDDEN_HALO | BEAD | GOLD | KT_10 | 1ct | imgs:1
[04:52:56][CUSHION] [7587] ? NIV-985E3F86261AD495 | BASKET | HIDDEN_HALO | BEAD | GOLD | KT_10 | 1ct | imgs:3
[04:52:59][CUSHION] [7588] ? NIV-985E3F86261AD495 | BASKET | HIDDEN_HALO | BEAD | GOLD | KT_10 | 1ct | imgs:3
[04:53:04][CUSHION] [7589] ? NIV-79D96D99894188AF | BASKET | HIDDEN_HALO | BEAD | GOLD | KT_14 | 1ct | imgs:3
[04:53:08][CUSHION] [7590] ? NIV-79D96D99894188AF | BASKET | HIDDEN_HALO | BEAD | GOLD | KT_14 | 1ct | imgs:3
[04:53:11][CUSHION] [7591] ? NIV-79D96D99894188AF | BASKET | HIDDEN_HALO | BEAD | GOLD | KT_14 | 1ct | imgs:3
[04:53:14][CUSHION] [7592] ? NIV-FBB24DAA2504D0E4 | BASKET | HIDDEN_HALO | BEAD | GOLD | KT_14 | 1ct | imgs:3
[04:53:20][CUSHION] [7593] ? NIV-FBB24DAA2504D0E4 | BASKET | HIDDEN_HALO | BEAD | GOLD | KT_14 | 1ct | imgs:3
[04:53:25][CUSHION] [7594] ? NIV-FBB24DAA2504D0E4 | BASKET | HIDDEN_HALO | BEAD | GOLD | KT_14 | 1ct | imgs:3
[04:53:29][CUSHION] [7595] ? NIV-46044F987C6859FE | BASKET | HIDDEN_HALO | BEAD | GOLD | KT_14 | 1ct | imgs:3
[04:53:35][CUSHION] [7596] ? NIV-46044F987C6859FE | BASKET | HIDDEN_HALO | BEAD | GOLD | KT_14 | 1ct | imgs:3
[04:53:41][CUSHION] [7597] ? NIV-46044F987C6859FE | BASKET | HIDDEN_HALO | BEAD | GOLD | KT_14 | 1ct | imgs:3
[04:53:46][CUSHION] [7598] ? NIV-10C52080C8115EFD | BASKET | HIDDEN_HALO | BEAD | GOLD | KT_18 | 1ct | imgs:3
[04:53:53][CUSHION] [7599] ? NIV-10C52080C8115EFD | BASKET | HIDDEN_HALO | BEAD | GOLD | KT_18 | 1ct | imgs:3
[04:53:59][CUSHION] [7600] ? NIV-10C52080C8115EFD | BASKET | HIDDEN_HALO | BEAD | GOLD | KT_18 | 1ct | imgs:3
[04:54:02][CUSHION] [7601] ? NIV-D95F6BF1A4587B55 | BASKET | HIDDEN_HALO | BEAD | GOLD | KT_18 | 1ct | imgs:3
[04:54:07][CUSHION] [7602] ? NIV-D95F6BF1A4587B55 | BASKET | HIDDEN_HALO | BEAD | GOLD | KT_18 | 1ct | imgs:3
[04:54:11][CUSHION] [7603] ? NIV-D95F6BF1A4587B55 | BASKET | HIDDEN_HALO | BEAD | GOLD | KT_18 | 1ct | imgs:3
[04:54:13][CUSHION] [7604] ? NIV-03F56528E5083F95 | BASKET | HIDDEN_HALO | BEAD | GOLD | KT_18 | 1ct | imgs:3
[04:54:17][CUSHION] [7605] ? NIV-03F56528E5083F95 | BASKET | HIDDEN_HALO | BEAD | GOLD | KT_18 | 1ct | imgs:3
[04:54:23][CUSHION] [7606] ? NIV-03F56528E5083F95 | BASKET | HIDDEN_HALO | BEAD | GOLD | KT_18 | 1ct | imgs:3
[04:54:26][CUSHION] [7607] ? NIV-F7BC567FE527E1BC | BASKET | HIDDEN_HALO | BEAD | PLATINUM | PT_950 | 1ct | imgs:3
[04:54:35][CUSHION] [7608] ? NIV-E488C3BB3AC8A5B2 | BASKET | HIDDEN_HALO | BEAD | GOLD | KT_10 | 1ct | imgs:1
[04:54:41][CUSHION] [7609] ? NIV-E488C3BB3AC8A5B2 | BASKET | HIDDEN_HALO | BEAD | GOLD | KT_10 | 1ct | imgs:3
[04:54:46][CUSHION] [7610] ? NIV-E488C3BB3AC8A5B2 | BASKET | HIDDEN_HALO | BEAD | GOLD | KT_10 | 1ct | imgs:3
[04:54:50][CUSHION] [7611] ? NIV-9D3B80F203F58F9F | BASKET | HIDDEN_HALO | BEAD | GOLD | KT_10 | 1ct | imgs:3
[04:54:55][CUSHION] [7612] ? NIV-9D3B80F203F58F9F | BASKET | HIDDEN_HALO | BEAD | GOLD | KT_10 | 1ct | imgs:3
[04:54:59][CUSHION] [7613] ? NIV-9D3B80F203F58F9F | BASKET | HIDDEN_HALO | BEAD | GOLD | KT_10 | 1ct | imgs:3
[04:55:02][CUSHION] [7614] ? NIV-94D0BB01FD11BFB9 | BASKET | HIDDEN_HALO | BEAD | GOLD | KT_10 | 1ct | imgs:3
[04:55:05][CUSHION] [7615] ? NIV-94D0BB01FD11BFB9 | BASKET | HIDDEN_HALO | BEAD | GOLD | KT_10 | 1ct | imgs:3
[04:55:10][CUSHION] [7616] ? NIV-94D0BB01FD11BFB9 | BASKET | HIDDEN_HALO | BEAD | GOLD | KT_10 | 1ct | imgs:3
[04:55:14][CUSHION] [7617] ? NIV-7645810B869F06E3 | BASKET | HIDDEN_HALO | BEAD | GOLD | KT_14 | 1ct | imgs:3
[04:55:19][CUSHION] [7618] ? NIV-7645810B869F06E3 | BASKET | HIDDEN_HALO | BEAD | GOLD | KT_14 | 1ct | imgs:3
[04:55:23][CUSHION] [7619] ? NIV-7645810B869F06E3 | BASKET | HIDDEN_HALO | BEAD | GOLD | KT_14 | 1ct | imgs:3
[04:55:26][CUSHION] [7620] ? NIV-01A6125A76353631 | BASKET | HIDDEN_HALO | BEAD | GOLD | KT_14 | 1ct | imgs:3
[04:55:31][CUSHION] [7621] ? NIV-01A6125A76353631 | BASKET | HIDDEN_HALO | BEAD | GOLD | KT_14 | 1ct | imgs:3
[04:55:35][CUSHION] [7622] ? NIV-01A6125A76353631 | BASKET | HIDDEN_HALO | BEAD | GOLD | KT_14 | 1ct | imgs:3
[04:55:38][CUSHION] [7623] ? NIV-E61C16C316ADDD95 | BASKET | HIDDEN_HALO | BEAD | GOLD | KT_14 | 1ct | imgs:3
[04:55:43][CUSHION] [7624] ? NIV-E61C16C316ADDD95 | BASKET | HIDDEN_HALO | BEAD | GOLD | KT_14 | 1ct | imgs:3
[04:55:49][CUSHION] [7625] ? NIV-E61C16C316ADDD95 | BASKET | HIDDEN_HALO | BEAD | GOLD | KT_14 | 1ct | imgs:3
[04:55:53][CUSHION] [7626] ? NIV-66F4A32A712D703F | BASKET | HIDDEN_HALO | BEAD | GOLD | KT_18 | 1ct | imgs:2
[04:55:58][CUSHION] [7627] ? NIV-66F4A32A712D703F | BASKET | HIDDEN_HALO | BEAD | GOLD | KT_18 | 1ct | imgs:3
[04:56:02][CUSHION] [7628] ? NIV-66F4A32A712D703F | BASKET | HIDDEN_HALO | BEAD | GOLD | KT_18 | 1ct | imgs:3
[04:56:04][CUSHION] [7629] ? NIV-6FD4A4D07B5BE0D9 | BASKET | HIDDEN_HALO | BEAD | GOLD | KT_18 | 1ct | imgs:3
[04:56:11][CUSHION] [7630] ? NIV-6FD4A4D07B5BE0D9 | BASKET | HIDDEN_HALO | BEAD | GOLD | KT_18 | 1ct | imgs:3
[04:56:17][CUSHION] [7631] ? NIV-6FD4A4D07B5BE0D9 | BASKET | HIDDEN_HALO | BEAD | GOLD | KT_18 | 1ct | imgs:3
[04:56:23][CUSHION] [7632] ? NIV-DB436FE3990BD261 | BASKET | HIDDEN_HALO | BEAD | GOLD | KT_18 | 1ct | imgs:1
[04:56:29][CUSHION] [7633] ? NIV-DB436FE3990BD261 | BASKET | HIDDEN_HALO | BEAD | GOLD | KT_18 | 1ct | imgs:3
[04:56:32][CUSHION] [7634] ? NIV-DB436FE3990BD261 | BASKET | HIDDEN_HALO | BEAD | GOLD | KT_18 | 1ct | imgs:3
[04:56:34][CUSHION] [7635] ? NIV-6E330A9E4814EFF8 | BASKET | HIDDEN_HALO | BEAD | PLATINUM | PT_950 | 1ct | imgs:3
[04:56:40][CUSHION] [7636] ? NIV-05C33B0C1A1B0395 | BASKET | HIDDEN_HALO | BEAD | GOLD | KT_10 | 1ct | imgs:3
[04:56:44][CUSHION] [7637] ? NIV-05C33B0C1A1B0395 | BASKET | HIDDEN_HALO | BEAD | GOLD | KT_10 | 1ct | imgs:3
[04:56:49][CUSHION] [7638] ? NIV-05C33B0C1A1B0395 | BASKET | HIDDEN_HALO | BEAD | GOLD | KT_10 | 1ct | imgs:3
[04:56:53][CUSHION] [7639] ? NIV-6119BE884A780D10 | BASKET | HIDDEN_HALO | BEAD | GOLD | KT_10 | 1ct | imgs:3
[04:56:59][CUSHION] [7640] ? NIV-6119BE884A780D10 | BASKET | HIDDEN_HALO | BEAD | GOLD | KT_10 | 1ct | imgs:3
[04:57:04][CUSHION] [7641] ? NIV-6119BE884A780D10 | BASKET | HIDDEN_HALO | BEAD | GOLD | KT_10 | 1ct | imgs:3
[04:57:07][CUSHION] [7642] ? NIV-D1475AB6450BA353 | BASKET | HIDDEN_HALO | BEAD | GOLD | KT_10 | 1ct | imgs:3
[04:57:11][CUSHION] [7643] ? NIV-D1475AB6450BA353 | BASKET | HIDDEN_HALO | BEAD | GOLD | KT_10 | 1ct | imgs:3
[04:57:14][CUSHION] [7644] ? NIV-D1475AB6450BA353 | BASKET | HIDDEN_HALO | BEAD | GOLD | KT_10 | 1ct | imgs:3
[04:57:20][CUSHION] [7645] ? NIV-94144E4D9EB82144 | BASKET | HIDDEN_HALO | BEAD | GOLD | KT_14 | 1ct | imgs:3
[04:57:25][CUSHION] [7646] ? NIV-94144E4D9EB82144 | BASKET | HIDDEN_HALO | BEAD | GOLD | KT_14 | 1ct | imgs:3
[04:57:29][CUSHION] [7647] ? NIV-94144E4D9EB82144 | BASKET | HIDDEN_HALO | BEAD | GOLD | KT_14 | 1ct | imgs:3
[04:57:32][CUSHION] [7648] ? NIV-2019238277B76C62 | BASKET | HIDDEN_HALO | BEAD | GOLD | KT_14 | 1ct | imgs:3
[04:57:35][CUSHION] [7649] ? NIV-2019238277B76C62 | BASKET | HIDDEN_HALO | BEAD | GOLD | KT_14 | 1ct | imgs:3
[04:57:38][CUSHION] [7650] ? NIV-2019238277B76C62 | BASKET | HIDDEN_HALO | BEAD | GOLD | KT_14 | 1ct | imgs:3
[04:57:41][CUSHION] [7651] ? NIV-A0692BBAE738335C | BASKET | HIDDEN_HALO | BEAD | GOLD | KT_14 | 1ct | imgs:3
[04:57:47][CUSHION] [7652] ? NIV-A0692BBAE738335C | BASKET | HIDDEN_HALO | BEAD | GOLD | KT_14 | 1ct | imgs:3
[04:57:52][CUSHION] [7653] ? NIV-A0692BBAE738335C | BASKET | HIDDEN_HALO | BEAD | GOLD | KT_14 | 1ct | imgs:3
[04:57:59][CUSHION] [7654] ? NIV-B3BE144781ECCA84 | BASKET | HIDDEN_HALO | BEAD | GOLD | KT_18 | 1ct | imgs:3
[04:58:05][CUSHION] [7655] ? NIV-B3BE144781ECCA84 | BASKET | HIDDEN_HALO | BEAD | GOLD | KT_18 | 1ct | imgs:3
[04:58:10][CUSHION] [7656] ? NIV-B3BE144781ECCA84 | BASKET | HIDDEN_HALO | BEAD | GOLD | KT_18 | 1ct | imgs:3
[04:58:13][CUSHION] [7657] ? NIV-4F857D3F5025F815 | BASKET | HIDDEN_HALO | BEAD | GOLD | KT_18 | 1ct | imgs:3
[04:58:19][CUSHION] [7658] ? NIV-4F857D3F5025F815 | BASKET | HIDDEN_HALO | BEAD | GOLD | KT_18 | 1ct | imgs:3
[04:58:26][CUSHION] [7659] ? NIV-4F857D3F5025F815 | BASKET | HIDDEN_HALO | BEAD | GOLD | KT_18 | 1ct | imgs:3
[04:58:28][CUSHION] [7660] ? NIV-53FBF1875B4D0EE9 | BASKET | HIDDEN_HALO | BEAD | GOLD | KT_18 | 1ct | imgs:3
[04:58:33][CUSHION] [7661] ? NIV-53FBF1875B4D0EE9 | BASKET | HIDDEN_HALO | BEAD | GOLD | KT_18 | 1ct | imgs:3
[04:58:38][CUSHION] [7662] ? NIV-53FBF1875B4D0EE9 | BASKET | HIDDEN_HALO | BEAD | GOLD | KT_18 | 1ct | imgs:3
[04:58:42][CUSHION] [7663] ? NIV-C93F6CCEE236E7C8 | BASKET | HIDDEN_HALO | BEAD | PLATINUM | PT_950 | 1ct | imgs:1
[04:58:46][CUSHION] [7664] ? NIV-BAEE1F46C70154C3 | BASKET | HIDDEN_HALO | BEAD | GOLD | KT_10 | 1ct | imgs:3
[04:58:50][CUSHION] [7665] ? NIV-BAEE1F46C70154C3 | BASKET | HIDDEN_HALO | BEAD | GOLD | KT_10 | 1ct | imgs:3
[04:58:53][CUSHION] [7666] ? NIV-BAEE1F46C70154C3 | BASKET | HIDDEN_HALO | BEAD | GOLD | KT_10 | 1ct | imgs:3
[04:58:56][CUSHION] [7667] ? NIV-9861CE95E6F98791 | BASKET | HIDDEN_HALO | BEAD | GOLD | KT_10 | 1ct | imgs:3
[04:59:02][CUSHION] [7668] ? NIV-9861CE95E6F98791 | BASKET | HIDDEN_HALO | BEAD | GOLD | KT_10 | 1ct | imgs:3
[04:59:08][CUSHION] [7669] ? NIV-9861CE95E6F98791 | BASKET | HIDDEN_HALO | BEAD | GOLD | KT_10 | 1ct | imgs:3
[04:59:17][CUSHION] [7670] ? NIV-1C55ABCD4CD1199F | BASKET | HIDDEN_HALO | BEAD | GOLD | KT_10 | 1ct | imgs:1
[04:59:20][CUSHION] [7671] ? NIV-1C55ABCD4CD1199F | BASKET | HIDDEN_HALO | BEAD | GOLD | KT_10 | 1ct | imgs:3
[04:59:26][CUSHION] [7672] ? NIV-1C55ABCD4CD1199F | BASKET | HIDDEN_HALO | BEAD | GOLD | KT_10 | 1ct | imgs:3
[04:59:31][CUSHION] [7673] ? NIV-7C1BA46800AD37D7 | BASKET | HIDDEN_HALO | BEAD | GOLD | KT_14 | 1ct | imgs:3
[04:59:35][CUSHION] [7674] ? NIV-7C1BA46800AD37D7 | BASKET | HIDDEN_HALO | BEAD | GOLD | KT_14 | 1ct | imgs:3
[04:59:38][CUSHION] [7675] ? NIV-7C1BA46800AD37D7 | BASKET | HIDDEN_HALO | BEAD | GOLD | KT_14 | 1ct | imgs:3
[04:59:41][CUSHION] [7676] ? NIV-E47749997D3412F7 | BASKET | HIDDEN_HALO | BEAD | GOLD | KT_14 | 1ct | imgs:3
[04:59:47][CUSHION] [7677] ? NIV-E47749997D3412F7 | BASKET | HIDDEN_HALO | BEAD | GOLD | KT_14 | 1ct | imgs:3
[04:59:52][CUSHION] [7678] ? NIV-E47749997D3412F7 | BASKET | HIDDEN_HALO | BEAD | GOLD | KT_14 | 1ct | imgs:3
[04:59:56][CUSHION] [7679] ? NIV-F65E6F8A43BE6B26 | BASKET | HIDDEN_HALO | BEAD | GOLD | KT_14 | 1ct | imgs:3
[05:00:02][CUSHION] [7680] ? NIV-F65E6F8A43BE6B26 | BASKET | HIDDEN_HALO | BEAD | GOLD | KT_14 | 1ct | imgs:3
[05:00:08][CUSHION] [7681] ? NIV-F65E6F8A43BE6B26 | BASKET | HIDDEN_HALO | BEAD | GOLD | KT_14 | 1ct | imgs:3
[05:00:13][CUSHION] [7682] ? NIV-7AB8BC5900FFE117 | BASKET | HIDDEN_HALO | BEAD | GOLD | KT_18 | 1ct | imgs:1
[05:00:17][CUSHION] [7683] ? NIV-7AB8BC5900FFE117 | BASKET | HIDDEN_HALO | BEAD | GOLD | KT_18 | 1ct | imgs:3
[05:00:20][CUSHION] [7684] ? NIV-7AB8BC5900FFE117 | BASKET | HIDDEN_HALO | BEAD | GOLD | KT_18 | 1ct | imgs:3
[05:00:23][CUSHION] [7685] ? NIV-5D7084D80FF69163 | BASKET | HIDDEN_HALO | BEAD | GOLD | KT_18 | 1ct | imgs:2
[05:00:29][CUSHION] [7686] ? NIV-5D7084D80FF69163 | BASKET | HIDDEN_HALO | BEAD | GOLD | KT_18 | 1ct | imgs:3
[05:00:35][CUSHION] [7687] ? NIV-5D7084D80FF69163 | BASKET | HIDDEN_HALO | BEAD | GOLD | KT_18 | 1ct | imgs:3
[05:00:37][CUSHION] [7688] ? NIV-09FB3934EA1F8CEC | BASKET | HIDDEN_HALO | BEAD | GOLD | KT_18 | 1ct | imgs:3
[05:00:41][CUSHION] [7689] ? NIV-09FB3934EA1F8CEC | BASKET | HIDDEN_HALO | BEAD | GOLD | KT_18 | 1ct | imgs:3
[05:00:44][CUSHION] [7690] ? NIV-09FB3934EA1F8CEC | BASKET | HIDDEN_HALO | BEAD | GOLD | KT_18 | 1ct | imgs:3
[05:00:47][CUSHION] [7691] ? NIV-E8664BD6B52E9603 | BASKET | HIDDEN_HALO | BEAD | PLATINUM | PT_950 | 1ct | imgs:3
[05:00:52][CUSHION] [7692] ? NIV-ADD411DD78B5295B | BASKET | HIDDEN_HALO | BEAD | GOLD | KT_10 | 1ct | imgs:3
[05:00:56][CUSHION] [7693] ? NIV-ADD411DD78B5295B | BASKET | HIDDEN_HALO | BEAD | GOLD | KT_10 | 1ct | imgs:3
[05:00:59][CUSHION] [7694] ? NIV-ADD411DD78B5295B | BASKET | HIDDEN_HALO | BEAD | GOLD | KT_10 | 1ct | imgs:3
[05:01:01][CUSHION] [7695] ? NIV-8BBAE62EEB3852EF | BASKET | HIDDEN_HALO | BEAD | GOLD | KT_10 | 1ct | imgs:3
[05:01:08][CUSHION] [7696] ? NIV-8BBAE62EEB3852EF | BASKET | HIDDEN_HALO | BEAD | GOLD | KT_10 | 1ct | imgs:3
[05:01:13][CUSHION] [7697] ? NIV-8BBAE62EEB3852EF | BASKET | HIDDEN_HALO | BEAD | GOLD | KT_10 | 1ct | imgs:3
[05:01:17][CUSHION] [7698] ? NIV-694F0144DA3C3950 | BASKET | HIDDEN_HALO | BEAD | GOLD | KT_10 | 1ct | imgs:3
[05:01:22][CUSHION] [7699] ? NIV-694F0144DA3C3950 | BASKET | HIDDEN_HALO | BEAD | GOLD | KT_10 | 1ct | imgs:3
[05:01:29][CUSHION] [7700] ? NIV-694F0144DA3C3950 | BASKET | HIDDEN_HALO | BEAD | GOLD | KT_10 | 1ct | imgs:3
[05:01:43][CUSHION] [7701] ? NIV-ECADDC09F5FDDF38 | BASKET | HIDDEN_HALO | BEAD | GOLD | KT_14 | 1ct | imgs:1
[05:01:47][CUSHION] [7702] ? NIV-ECADDC09F5FDDF38 | BASKET | HIDDEN_HALO | BEAD | GOLD | KT_14 | 1ct | imgs:3
[05:01:53][CUSHION] [7703] ? NIV-ECADDC09F5FDDF38 | BASKET | HIDDEN_HALO | BEAD | GOLD | KT_14 | 1ct | imgs:3
[05:01:58][CUSHION] [7704] ? NIV-5B71DF6BE850F730 | BASKET | HIDDEN_HALO | BEAD | GOLD | KT_14 | 1ct | imgs:1
[05:02:02][CUSHION] [7705] ? NIV-5B71DF6BE850F730 | BASKET | HIDDEN_HALO | BEAD | GOLD | KT_14 | 1ct | imgs:3
[05:02:07][CUSHION] [7706] ? NIV-5B71DF6BE850F730 | BASKET | HIDDEN_HALO | BEAD | GOLD | KT_14 | 1ct | imgs:3
[05:02:10][CUSHION] [7707] ? NIV-E6A39A1021F8934A | BASKET | HIDDEN_HALO | BEAD | GOLD | KT_14 | 1ct | imgs:3
[05:02:14][CUSHION] [7708] ? NIV-E6A39A1021F8934A | BASKET | HIDDEN_HALO | BEAD | GOLD | KT_14 | 1ct | imgs:3
[05:02:20][CUSHION] [7709] ? NIV-E6A39A1021F8934A | BASKET | HIDDEN_HALO | BEAD | GOLD | KT_14 | 1ct | imgs:3
[05:02:29][CUSHION] [7710] ? NIV-045E7EBC08166528 | BASKET | HIDDEN_HALO | BEAD | GOLD | KT_18 | 1ct | imgs:1
[05:02:34][CUSHION] [7711] ? NIV-045E7EBC08166528 | BASKET | HIDDEN_HALO | BEAD | GOLD | KT_18 | 1ct | imgs:3
[05:02:38][CUSHION] [7712] ? NIV-045E7EBC08166528 | BASKET | HIDDEN_HALO | BEAD | GOLD | KT_18 | 1ct | imgs:3
[05:02:41][CUSHION] [7713] ? NIV-443BC17424F4CD12 | BASKET | HIDDEN_HALO | BEAD | GOLD | KT_18 | 1ct | imgs:3
[05:02:46][CUSHION] [7714] ? NIV-443BC17424F4CD12 | BASKET | HIDDEN_HALO | BEAD | GOLD | KT_18 | 1ct | imgs:3
[05:02:50][CUSHION] [7715] ? NIV-443BC17424F4CD12 | BASKET | HIDDEN_HALO | BEAD | GOLD | KT_18 | 1ct | imgs:3
[05:02:56][CUSHION] [7716] ? NIV-BDD1A5164AF4B627 | BASKET | HIDDEN_HALO | BEAD | GOLD | KT_18 | 1ct | imgs:3
[05:03:02][CUSHION] [7717] ? NIV-BDD1A5164AF4B627 | BASKET | HIDDEN_HALO | BEAD | GOLD | KT_18 | 1ct | imgs:3
[05:03:08][CUSHION] [7718] ? NIV-BDD1A5164AF4B627 | BASKET | HIDDEN_HALO | BEAD | GOLD | KT_18 | 1ct | imgs:3
[05:03:12][CUSHION] [7719] ? NIV-721133506DFBE0DB | BASKET | HIDDEN_HALO | BEAD | PLATINUM | PT_950 | 1ct | imgs:1
[05:03:19][CUSHION] [7720] ? NIV-30A1B25624ACB3C4 | BASKET | HIDDEN_HALO | BEAD | GOLD | KT_10 | 1ct | imgs:1
[05:03:26][CUSHION] [7721] ? NIV-30A1B25624ACB3C4 | BASKET | HIDDEN_HALO | BEAD | GOLD | KT_10 | 1ct | imgs:3
[05:03:32][CUSHION] [7722] ? NIV-30A1B25624ACB3C4 | BASKET | HIDDEN_HALO | BEAD | GOLD | KT_10 | 1ct | imgs:3
[05:03:38][CUSHION] [7723] ? NIV-2D69732FCD54500C | BASKET | HIDDEN_HALO | BEAD | GOLD | KT_10 | 1ct | imgs:1
[05:03:41][CUSHION] [7724] ? NIV-2D69732FCD54500C | BASKET | HIDDEN_HALO | BEAD | GOLD | KT_10 | 1ct | imgs:3
[05:03:47][CUSHION] [7725] ? NIV-2D69732FCD54500C | BASKET | HIDDEN_HALO | BEAD | GOLD | KT_10 | 1ct | imgs:3
[05:03:50][CUSHION] [7726] ? NIV-8133E1FC0585213B | BASKET | HIDDEN_HALO | BEAD | GOLD | KT_10 | 1ct | imgs:3
[05:03:53][CUSHION] [7727] ? NIV-8133E1FC0585213B | BASKET | HIDDEN_HALO | BEAD | GOLD | KT_10 | 1ct | imgs:3
[05:03:58][CUSHION] [7728] ? NIV-8133E1FC0585213B | BASKET | HIDDEN_HALO | BEAD | GOLD | KT_10 | 1ct | imgs:3
[05:04:06][CUSHION] [7729] ? NIV-EB1D6E5E79D075F1 | BASKET | HIDDEN_HALO | BEAD | GOLD | KT_14 | 1ct | imgs:1
[05:04:11][CUSHION] [7730] ? NIV-EB1D6E5E79D075F1 | BASKET | HIDDEN_HALO | BEAD | GOLD | KT_14 | 1ct | imgs:3
[05:04:23][CUSHION] [7731] ??  NIV-EB1D6E5E79D075F1 | BASKET | HIDDEN_HALO | BEAD | GOLD | KT_14 | 1ct | imgs:0
[05:04:23][CUSHION]   Re-seleccionando CUSHION (intento 1)
[05:04:23][CUSHION]   Boton no encontrado ? recargando configurador...
[05:04:51][CUSHION]   Re-seleccionando CUSHION (intento 2)
[05:04:53][CUSHION]   POST-CLICK: {'ap': 'true', 'ac': None, 'classes': 'MuiButtonBase-root|MuiToggleButtonGroup-grouped|MuiToggleButtonGroup-groupedHorizontal|MuiToggleButton-root|Mui-selected|MuiToggleButton-sizeMedium|MuiToggleButton-standard|jewellery-configurator-toggle-button|MuiToggleButtonGroup-middleButton|css-66ecda'}
[05:04:57][CUSHION] [7732] ? NIV-9527D9C4F0C6B8DB | BASKET | HIDDEN_HALO | BEAD | GOLD | KT_14 | 1ct | imgs:3
[05:05:05][CUSHION] [7733] ? NIV-B0231B3D817023C9 | BASKET | HIDDEN_HALO | BEAD | GOLD | KT_14 | 1ct | imgs:3
[05:05:09][CUSHION] [7734] ? NIV-D79D876D4F84F5D1 | BASKET | HIDDEN_HALO | BEAD | GOLD | KT_14 | 1ct | imgs:1
[05:05:18][CUSHION] [7735] ? NIV-0B268C97AA78BB2D | BASKET | HIDDEN_HALO | BEAD | GOLD | KT_14 | 1ct | imgs:3
[05:05:22][CUSHION] [7736] ? NIV-9F9395B60052D18B | BASKET | HIDDEN_HALO | BEAD | GOLD | KT_14 | 1ct | imgs:1
[05:05:27][CUSHION] [7737] ? NIV-EEF3D1BFF16452A4 | BASKET | HIDDEN_HALO | BEAD | GOLD | KT_14 | 1ct | imgs:3
[05:05:33][CUSHION] [7738] ? NIV-B4005D7D32572DBB | BASKET | HIDDEN_HALO | BEAD | GOLD | KT_18 | 1ct | imgs:2
[05:05:38][CUSHION] [7739] ? NIV-C7BB65D30BEF7E86 | BASKET | HIDDEN_HALO | BEAD | GOLD | KT_18 | 1ct | imgs:1
[05:05:42][CUSHION] [7740] ? NIV-1C9D8C7F4F1D828E | BASKET | HIDDEN_HALO | BEAD | GOLD | KT_18 | 1ct | imgs:3
[05:05:47][CUSHION] [7741] ? NIV-37D296180F6AD2CC | BASKET | HIDDEN_HALO | BEAD | GOLD | KT_18 | 1ct | imgs:1
[05:05:54][CUSHION] [7742] ? NIV-A151544E456906F1 | BASKET | HIDDEN_HALO | BEAD | GOLD | KT_18 | 1ct | imgs:1
[05:05:57][CUSHION] [7743] ? NIV-06B823BA53189283 | BASKET | HIDDEN_HALO | BEAD | GOLD | KT_18 | 1ct | imgs:3
[05:06:05][CUSHION] [7744] ? NIV-B2C08226542EA1F5 | BASKET | HIDDEN_HALO | BEAD | GOLD | KT_18 | 1ct | imgs:1
[05:06:09][CUSHION] [7745] ? NIV-197B4F4885BAC1F3 | BASKET | HIDDEN_HALO | BEAD | GOLD | KT_18 | 1ct | imgs:3
[05:06:12][CUSHION] [7746] ? NIV-8C6E9A19A41C7A59 | BASKET | HIDDEN_HALO | BEAD | GOLD | KT_18 | 1ct | imgs:3
[05:06:15][CUSHION] [7747] ? NIV-96F8BAE6A4C98EA0 | BASKET | HIDDEN_HALO | BEAD | PLATINUM | PT_950 | 1ct | imgs:3
[05:06:21][CUSHION] [7748] ? NIV-B79971D8C5E8885F | BASKET | HIDDEN_HALO | BEAD | GOLD | KT_10 | 1ct | imgs:3
[05:06:27][CUSHION] [7749] ? NIV-B79971D8C5E8885F | BASKET | HIDDEN_HALO | BEAD | GOLD | KT_10 | 1ct | imgs:3
[05:06:31][CUSHION] [7750] ? NIV-B79971D8C5E8885F | BASKET | HIDDEN_HALO | BEAD | GOLD | KT_10 | 1ct | imgs:3
[05:06:34][CUSHION] [7751] ? NIV-309E2ACB7547444D | BASKET | HIDDEN_HALO | BEAD | GOLD | KT_10 | 1ct | imgs:1
[05:06:39][CUSHION] [7752] ? NIV-309E2ACB7547444D | BASKET | HIDDEN_HALO | BEAD | GOLD | KT_10 | 1ct | imgs:3
[05:06:45][CUSHION] [7753] ? NIV-309E2ACB7547444D | BASKET | HIDDEN_HALO | BEAD | GOLD | KT_10 | 1ct | imgs:3
[05:06:49][CUSHION] [7754] ? NIV-3E2C7A25467F9DFD | BASKET | HIDDEN_HALO | BEAD | GOLD | KT_10 | 1ct | imgs:3
[05:06:54][CUSHION] [7755] ? NIV-3E2C7A25467F9DFD | BASKET | HIDDEN_HALO | BEAD | GOLD | KT_10 | 1ct | imgs:3
[05:07:00][CUSHION] [7756] ? NIV-3E2C7A25467F9DFD | BASKET | HIDDEN_HALO | BEAD | GOLD | KT_10 | 1ct | imgs:3
[05:07:08][CUSHION] [7757] ? NIV-5F7F11BB2CBBF38F | BASKET | HIDDEN_HALO | BEAD | GOLD | KT_14 | 1ct | imgs:1
[05:07:15][CUSHION] [7758] ? NIV-5F7F11BB2CBBF38F | BASKET | HIDDEN_HALO | BEAD | GOLD | KT_14 | 1ct | imgs:3
[05:07:21][CUSHION] [7759] ? NIV-5F7F11BB2CBBF38F | BASKET | HIDDEN_HALO | BEAD | GOLD | KT_14 | 1ct | imgs:3
[05:07:28][CUSHION] [7760] ? NIV-3B10D029E84E41BB | BASKET | HIDDEN_HALO | BEAD | GOLD | KT_14 | 1ct | imgs:1
[05:07:33][CUSHION] [7761] ? NIV-3B10D029E84E41BB | BASKET | HIDDEN_HALO | BEAD | GOLD | KT_14 | 1ct | imgs:3
[05:07:39][CUSHION] [7762] ? NIV-3B10D029E84E41BB | BASKET | HIDDEN_HALO | BEAD | GOLD | KT_14 | 1ct | imgs:3
[05:07:42][CUSHION] [7763] ? NIV-2FD30C1744D6258B | BASKET | HIDDEN_HALO | BEAD | GOLD | KT_14 | 1ct | imgs:3
[05:07:46][CUSHION] [7764] ? NIV-2FD30C1744D6258B | BASKET | HIDDEN_HALO | BEAD | GOLD | KT_14 | 1ct | imgs:3
[05:07:51][CUSHION] [7765] ? NIV-2FD30C1744D6258B | BASKET | HIDDEN_HALO | BEAD | GOLD | KT_14 | 1ct | imgs:3
[05:07:55][CUSHION] [7766] ? NIV-8641114F4BE3E73A | BASKET | HIDDEN_HALO | BEAD | GOLD | KT_18 | 1ct | imgs:3
[05:08:00][CUSHION] [7767] ? NIV-8641114F4BE3E73A | BASKET | HIDDEN_HALO | BEAD | GOLD | KT_18 | 1ct | imgs:3
[05:08:03][CUSHION] [7768] ? NIV-8641114F4BE3E73A | BASKET | HIDDEN_HALO | BEAD | GOLD | KT_18 | 1ct | imgs:3
[05:08:07][CUSHION] [7769] ? NIV-6972916A79A5E0F6 | BASKET | HIDDEN_HALO | BEAD | GOLD | KT_18 | 1ct | imgs:1
[05:08:12][CUSHION] [7770] ? NIV-6972916A79A5E0F6 | BASKET | HIDDEN_HALO | BEAD | GOLD | KT_18 | 1ct | imgs:3
[05:08:15][CUSHION] [7771] ? NIV-6972916A79A5E0F6 | BASKET | HIDDEN_HALO | BEAD | GOLD | KT_18 | 1ct | imgs:3
[05:08:18][CUSHION] [7772] ? NIV-72C37C351BBC0AAB | BASKET | HIDDEN_HALO | BEAD | GOLD | KT_18 | 1ct | imgs:2
[05:08:24][CUSHION] [7773] ? NIV-72C37C351BBC0AAB | BASKET | HIDDEN_HALO | BEAD | GOLD | KT_18 | 1ct | imgs:3
[05:08:30][CUSHION] [7774] ? NIV-72C37C351BBC0AAB | BASKET | HIDDEN_HALO | BEAD | GOLD | KT_18 | 1ct | imgs:3
[05:08:36][CUSHION] [7775] ? NIV-D491C0D1059F7EBA | BASKET | HIDDEN_HALO | BEAD | PLATINUM | PT_950 | 1ct | imgs:3
[05:08:45][CUSHION] [7776] ? NIV-BDAE7AE947BFE237 | BASKET | HIDDEN_HALO | PAVE | GOLD | KT_10 | 1ct | imgs:3
[05:08:48][CUSHION] [7777] ? NIV-BDAE7AE947BFE237 | BASKET | HIDDEN_HALO | PAVE | GOLD | KT_10 | 1ct | imgs:3
[05:08:54][CUSHION] [7778] ? NIV-BDAE7AE947BFE237 | BASKET | HIDDEN_HALO | PAVE | GOLD | KT_10 | 1ct | imgs:3
[05:09:02][CUSHION] [7779] ? NIV-43E545DC16A74E0A | BASKET | HIDDEN_HALO | PAVE | GOLD | KT_10 | 1ct | imgs:1
[05:09:07][CUSHION] [7780] ? NIV-43E545DC16A74E0A | BASKET | HIDDEN_HALO | PAVE | GOLD | KT_10 | 1ct | imgs:3
[05:09:12][CUSHION] [7781] ? NIV-43E545DC16A74E0A | BASKET | HIDDEN_HALO | PAVE | GOLD | KT_10 | 1ct | imgs:3
[05:09:18][CUSHION] [7782] ? NIV-AB69667C1DDFDEC8 | BASKET | HIDDEN_HALO | PAVE | GOLD | KT_10 | 1ct | imgs:1
[05:09:24][CUSHION] [7783] ? NIV-AB69667C1DDFDEC8 | BASKET | HIDDEN_HALO | PAVE | GOLD | KT_10 | 1ct | imgs:3
[05:09:28][CUSHION] [7784] ? NIV-AB69667C1DDFDEC8 | BASKET | HIDDEN_HALO | PAVE | GOLD | KT_10 | 1ct | imgs:3
[05:09:35][CUSHION] [7785] ? NIV-52CEC00B761FD1A6 | BASKET | HIDDEN_HALO | PAVE | GOLD | KT_14 | 1ct | imgs:1
[05:09:39][CUSHION] [7786] ? NIV-52CEC00B761FD1A6 | BASKET | HIDDEN_HALO | PAVE | GOLD | KT_14 | 1ct | imgs:3
[05:09:45][CUSHION] [7787] ? NIV-52CEC00B761FD1A6 | BASKET | HIDDEN_HALO | PAVE | GOLD | KT_14 | 1ct | imgs:3
[05:09:52][CUSHION] [7788] ? NIV-C25A60FB6D69A553 | BASKET | HIDDEN_HALO | PAVE | GOLD | KT_14 | 1ct | imgs:3
[05:09:57][CUSHION] [7789] ? NIV-C25A60FB6D69A553 | BASKET | HIDDEN_HALO | PAVE | GOLD | KT_14 | 1ct | imgs:3
[05:10:03][CUSHION] [7790] ? NIV-C25A60FB6D69A553 | BASKET | HIDDEN_HALO | PAVE | GOLD | KT_14 | 1ct | imgs:3
[05:10:07][CUSHION] [7791] ? NIV-CDC76DE415729FF6 | BASKET | HIDDEN_HALO | PAVE | GOLD | KT_14 | 1ct | imgs:1
[05:10:12][CUSHION] [7792] ? NIV-CDC76DE415729FF6 | BASKET | HIDDEN_HALO | PAVE | GOLD | KT_14 | 1ct | imgs:3
[05:10:16][CUSHION] [7793] ? NIV-CDC76DE415729FF6 | BASKET | HIDDEN_HALO | PAVE | GOLD | KT_14 | 1ct | imgs:3
[05:10:25][CUSHION] [7794] ? NIV-CC9787FF696D0E31 | BASKET | HIDDEN_HALO | PAVE | GOLD | KT_18 | 1ct | imgs:1
[05:10:30][CUSHION] [7795] ? NIV-CC9787FF696D0E31 | BASKET | HIDDEN_HALO | PAVE | GOLD | KT_18 | 1ct | imgs:3
[05:10:34][CUSHION] [7796] ? NIV-CC9787FF696D0E31 | BASKET | HIDDEN_HALO | PAVE | GOLD | KT_18 | 1ct | imgs:3
[05:10:36][CUSHION] [7797] ? NIV-2D646EEE4E4B2F3E | BASKET | HIDDEN_HALO | PAVE | GOLD | KT_18 | 1ct | imgs:3
[05:10:42][CUSHION] [7798] ? NIV-2D646EEE4E4B2F3E | BASKET | HIDDEN_HALO | PAVE | GOLD | KT_18 | 1ct | imgs:3
[05:10:48][CUSHION] [7799] ? NIV-2D646EEE4E4B2F3E | BASKET | HIDDEN_HALO | PAVE | GOLD | KT_18 | 1ct | imgs:3
[05:10:53][CUSHION] [7800] ? NIV-1279C7620357348E | BASKET | HIDDEN_HALO | PAVE | GOLD | KT_18 | 1ct | imgs:1
[05:10:57][CUSHION] [7801] ? NIV-1279C7620357348E | BASKET | HIDDEN_HALO | PAVE | GOLD | KT_18 | 1ct | imgs:3
[05:11:03][CUSHION] [7802] ? NIV-1279C7620357348E | BASKET | HIDDEN_HALO | PAVE | GOLD | KT_18 | 1ct | imgs:3
[05:11:11][CUSHION] [7803] ? NIV-E256CFB1F25ADE77 | BASKET | HIDDEN_HALO | PAVE | PLATINUM | PT_950 | 1ct | imgs:1
[05:11:26][CUSHION] [7804] ??  NIV-E1A99DB68448A5FD | BASKET | HIDDEN_HALO | PAVE | GOLD | KT_10 | 1ct | imgs:0
[05:11:34][CUSHION] [7805] ? NIV-E1A99DB68448A5FD | BASKET | HIDDEN_HALO | PAVE | GOLD | KT_10 | 1ct | imgs:3
[05:11:39][CUSHION] [7806] ? NIV-E1A99DB68448A5FD | BASKET | HIDDEN_HALO | PAVE | GOLD | KT_10 | 1ct | imgs:3
[05:11:47][CUSHION] [7807] ? NIV-DE29B6399E109732 | BASKET | HIDDEN_HALO | PAVE | GOLD | KT_10 | 1ct | imgs:1
[05:11:52][CUSHION] [7808] ? NIV-DE29B6399E109732 | BASKET | HIDDEN_HALO | PAVE | GOLD | KT_10 | 1ct | imgs:3
[05:11:57][CUSHION] [7809] ? NIV-DE29B6399E109732 | BASKET | HIDDEN_HALO | PAVE | GOLD | KT_10 | 1ct | imgs:3
[05:12:04][CUSHION] [7810] ? NIV-7C8359A7E85D9ECA | BASKET | HIDDEN_HALO | PAVE | GOLD | KT_10 | 1ct | imgs:1
[05:12:09][CUSHION] [7811] ? NIV-7C8359A7E85D9ECA | BASKET | HIDDEN_HALO | PAVE | GOLD | KT_10 | 1ct | imgs:3
[05:12:12][CUSHION] [7812] ? NIV-7C8359A7E85D9ECA | BASKET | HIDDEN_HALO | PAVE | GOLD | KT_10 | 1ct | imgs:3
[05:12:18][CUSHION] [7813] ? NIV-76F13650D35BE58A | BASKET | HIDDEN_HALO | PAVE | GOLD | KT_14 | 1ct | imgs:3
[05:12:22][CUSHION] [7814] ? NIV-76F13650D35BE58A | BASKET | HIDDEN_HALO | PAVE | GOLD | KT_14 | 1ct | imgs:3
[05:12:27][CUSHION] [7815] ? NIV-76F13650D35BE58A | BASKET | HIDDEN_HALO | PAVE | GOLD | KT_14 | 1ct | imgs:3
[05:12:30][CUSHION] [7816] ? NIV-DB12EAB0F641A1E3 | BASKET | HIDDEN_HALO | PAVE | GOLD | KT_14 | 1ct | imgs:1
[05:12:36][CUSHION] [7817] ? NIV-DB12EAB0F641A1E3 | BASKET | HIDDEN_HALO | PAVE | GOLD | KT_14 | 1ct | imgs:3
[05:12:42][CUSHION] [7818] ? NIV-DB12EAB0F641A1E3 | BASKET | HIDDEN_HALO | PAVE | GOLD | KT_14 | 1ct | imgs:3
[05:12:46][CUSHION] [7819] ? NIV-A2480A869B8BA165 | BASKET | HIDDEN_HALO | PAVE | GOLD | KT_14 | 1ct | imgs:3
[05:12:51][CUSHION] [7820] ? NIV-A2480A869B8BA165 | BASKET | HIDDEN_HALO | PAVE | GOLD | KT_14 | 1ct | imgs:3
[05:12:57][CUSHION] [7821] ? NIV-A2480A869B8BA165 | BASKET | HIDDEN_HALO | PAVE | GOLD | KT_14 | 1ct | imgs:3
[05:13:03][CUSHION] [7822] ? NIV-080B38B37C870F69 | BASKET | HIDDEN_HALO | PAVE | GOLD | KT_18 | 1ct | imgs:3
[05:13:07][CUSHION] [7823] ? NIV-080B38B37C870F69 | BASKET | HIDDEN_HALO | PAVE | GOLD | KT_18 | 1ct | imgs:3
[05:13:12][CUSHION] [7824] ? NIV-080B38B37C870F69 | BASKET | HIDDEN_HALO | PAVE | GOLD | KT_18 | 1ct | imgs:3
[05:13:18][CUSHION] [7825] ? NIV-8D46FD325CCE875E | BASKET | HIDDEN_HALO | PAVE | GOLD | KT_18 | 1ct | imgs:1
[05:13:22][CUSHION] [7826] ? NIV-8D46FD325CCE875E | BASKET | HIDDEN_HALO | PAVE | GOLD | KT_18 | 1ct | imgs:3
[05:13:27][CUSHION] [7827] ? NIV-8D46FD325CCE875E | BASKET | HIDDEN_HALO | PAVE | GOLD | KT_18 | 1ct | imgs:3
[05:13:30][CUSHION] [7828] ? NIV-B8163589B3C75FBF | BASKET | HIDDEN_HALO | PAVE | GOLD | KT_18 | 1ct | imgs:3
[05:13:36][CUSHION] [7829] ? NIV-B8163589B3C75FBF | BASKET | HIDDEN_HALO | PAVE | GOLD | KT_18 | 1ct | imgs:3
[05:13:40][CUSHION] [7830] ? NIV-B8163589B3C75FBF | BASKET | HIDDEN_HALO | PAVE | GOLD | KT_18 | 1ct | imgs:3
[05:13:42][CUSHION] [7831] ? NIV-9A60C2F58FECCAA0 | BASKET | HIDDEN_HALO | PAVE | PLATINUM | PT_950 | 1ct | imgs:3
[05:13:49][CUSHION] [7832] ? NIV-56C7A26D46BC3B67 | BASKET | HIDDEN_HALO | PAVE | GOLD | KT_10 | 1ct | imgs:3
[05:13:54][CUSHION] [7833] ? NIV-56C7A26D46BC3B67 | BASKET | HIDDEN_HALO | PAVE | GOLD | KT_10 | 1ct | imgs:3
[05:13:57][CUSHION] [7834] ? NIV-56C7A26D46BC3B67 | BASKET | HIDDEN_HALO | PAVE | GOLD | KT_10 | 1ct | imgs:3
[05:14:00][CUSHION] [7835] ? NIV-AE904C58F83844A1 | BASKET | HIDDEN_HALO | PAVE | GOLD | KT_10 | 1ct | imgs:3
[05:14:06][CUSHION] [7836] ? NIV-AE904C58F83844A1 | BASKET | HIDDEN_HALO | PAVE | GOLD | KT_10 | 1ct | imgs:3
[05:14:12][CUSHION] [7837] ? NIV-AE904C58F83844A1 | BASKET | HIDDEN_HALO | PAVE | GOLD | KT_10 | 1ct | imgs:3
[05:14:17][CUSHION] [7838] ? NIV-8D77848AC0EA1D8B | BASKET | HIDDEN_HALO | PAVE | GOLD | KT_10 | 1ct | imgs:3
[05:14:21][CUSHION] [7839] ? NIV-8D77848AC0EA1D8B | BASKET | HIDDEN_HALO | PAVE | GOLD | KT_10 | 1ct | imgs:3
[05:14:27][CUSHION] [7840] ? NIV-8D77848AC0EA1D8B | BASKET | HIDDEN_HALO | PAVE | GOLD | KT_10 | 1ct | imgs:3
[05:14:34][CUSHION] [7841] ? NIV-E2BEBBFC5C97AE35 | BASKET | HIDDEN_HALO | PAVE | GOLD | KT_14 | 1ct | imgs:3
[05:14:39][CUSHION] [7842] ? NIV-E2BEBBFC5C97AE35 | BASKET | HIDDEN_HALO | PAVE | GOLD | KT_14 | 1ct | imgs:3
[05:14:45][CUSHION] [7843] ? NIV-E2BEBBFC5C97AE35 | BASKET | HIDDEN_HALO | PAVE | GOLD | KT_14 | 1ct | imgs:3
[05:14:48][CUSHION] [7844] ? NIV-831335C2F6B532A9 | BASKET | HIDDEN_HALO | PAVE | GOLD | KT_14 | 1ct | imgs:3
[05:14:51][CUSHION] [7845] ? NIV-831335C2F6B532A9 | BASKET | HIDDEN_HALO | PAVE | GOLD | KT_14 | 1ct | imgs:3
[05:14:57][CUSHION] [7846] ? NIV-831335C2F6B532A9 | BASKET | HIDDEN_HALO | PAVE | GOLD | KT_14 | 1ct | imgs:3
[05:15:01][CUSHION] [7847] ? NIV-148D4C8AE1C6ED16 | BASKET | HIDDEN_HALO | PAVE | GOLD | KT_14 | 1ct | imgs:3
[05:15:06][CUSHION] [7848] ? NIV-148D4C8AE1C6ED16 | BASKET | HIDDEN_HALO | PAVE | GOLD | KT_14 | 1ct | imgs:3
[05:15:12][CUSHION] [7849] ? NIV-148D4C8AE1C6ED16 | BASKET | HIDDEN_HALO | PAVE | GOLD | KT_14 | 1ct | imgs:3
[05:15:18][CUSHION] [7850] ? NIV-3AB4721B4361426E | BASKET | HIDDEN_HALO | PAVE | GOLD | KT_18 | 1ct | imgs:1
[05:15:22][CUSHION] [7851] ? NIV-3AB4721B4361426E | BASKET | HIDDEN_HALO | PAVE | GOLD | KT_18 | 1ct | imgs:3
[05:15:27][CUSHION] [7852] ? NIV-3AB4721B4361426E | BASKET | HIDDEN_HALO | PAVE | GOLD | KT_18 | 1ct | imgs:3
[05:15:30][CUSHION] [7853] ? NIV-AA3F5D401508730C | BASKET | HIDDEN_HALO | PAVE | GOLD | KT_18 | 1ct | imgs:3
[05:15:33][CUSHION] [7854] ? NIV-AA3F5D401508730C | BASKET | HIDDEN_HALO | PAVE | GOLD | KT_18 | 1ct | imgs:3
[05:15:39][CUSHION] [7855] ? NIV-AA3F5D401508730C | BASKET | HIDDEN_HALO | PAVE | GOLD | KT_18 | 1ct | imgs:3
[05:15:42][CUSHION] [7856] ? NIV-45124569E98E77F3 | BASKET | HIDDEN_HALO | PAVE | GOLD | KT_18 | 1ct | imgs:3
[05:15:48][CUSHION] [7857] ? NIV-45124569E98E77F3 | BASKET | HIDDEN_HALO | PAVE | GOLD | KT_18 | 1ct | imgs:3
[05:15:54][CUSHION] [7858] ? NIV-45124569E98E77F3 | BASKET | HIDDEN_HALO | PAVE | GOLD | KT_18 | 1ct | imgs:3
[05:15:57][CUSHION] [7859] ? NIV-082A2DFC18869679 | BASKET | HIDDEN_HALO | PAVE | PLATINUM | PT_950 | 1ct | imgs:3
[05:16:06][CUSHION] [7860] ? NIV-0B550DC58F3ECBFE | BASKET | HIDDEN_HALO | PAVE | GOLD | KT_10 | 1ct | imgs:3
[05:16:09][CUSHION] [7861] ? NIV-0B550DC58F3ECBFE | BASKET | HIDDEN_HALO | PAVE | GOLD | KT_10 | 1ct | imgs:3
[05:16:12][CUSHION] [7862] ? NIV-0B550DC58F3ECBFE | BASKET | HIDDEN_HALO | PAVE | GOLD | KT_10 | 1ct | imgs:3
[05:16:18][CUSHION] [7863] ? NIV-669B08A087762228 | BASKET | HIDDEN_HALO | PAVE | GOLD | KT_10 | 1ct | imgs:1
[05:16:21][CUSHION] [7864] ? NIV-669B08A087762228 | BASKET | HIDDEN_HALO | PAVE | GOLD | KT_10 | 1ct | imgs:3
[05:16:27][CUSHION] [7865] ? NIV-669B08A087762228 | BASKET | HIDDEN_HALO | PAVE | GOLD | KT_10 | 1ct | imgs:3
[05:16:34][CUSHION] [7866] ? NIV-EFE807390D704689 | BASKET | HIDDEN_HALO | PAVE | GOLD | KT_10 | 1ct | imgs:2
[05:16:39][CUSHION] [7867] ? NIV-EFE807390D704689 | BASKET | HIDDEN_HALO | PAVE | GOLD | KT_10 | 1ct | imgs:3
[05:16:45][CUSHION] [7868] ? NIV-EFE807390D704689 | BASKET | HIDDEN_HALO | PAVE | GOLD | KT_10 | 1ct | imgs:3
[05:16:49][CUSHION] [7869] ? NIV-4253F4A5A0CF112B | BASKET | HIDDEN_HALO | PAVE | GOLD | KT_14 | 1ct | imgs:1
[05:16:54][CUSHION] [7870] ? NIV-4253F4A5A0CF112B | BASKET | HIDDEN_HALO | PAVE | GOLD | KT_14 | 1ct | imgs:3
[05:17:00][CUSHION] [7871] ? NIV-4253F4A5A0CF112B | BASKET | HIDDEN_HALO | PAVE | GOLD | KT_14 | 1ct | imgs:3
[05:17:03][CUSHION] [7872] ? NIV-2F4987432127E813 | BASKET | HIDDEN_HALO | PAVE | GOLD | KT_14 | 1ct | imgs:3
[05:17:09][CUSHION] [7873] ? NIV-2F4987432127E813 | BASKET | HIDDEN_HALO | PAVE | GOLD | KT_14 | 1ct | imgs:3
[05:17:12][CUSHION] [7874] ? NIV-2F4987432127E813 | BASKET | HIDDEN_HALO | PAVE | GOLD | KT_14 | 1ct | imgs:3
[05:17:16][CUSHION] [7875] ? NIV-174CD135B9CE2DD1 | BASKET | HIDDEN_HALO | PAVE | GOLD | KT_14 | 1ct | imgs:1
[05:17:21][CUSHION] [7876] ? NIV-174CD135B9CE2DD1 | BASKET | HIDDEN_HALO | PAVE | GOLD | KT_14 | 1ct | imgs:3
[05:17:27][CUSHION] [7877] ? NIV-174CD135B9CE2DD1 | BASKET | HIDDEN_HALO | PAVE | GOLD | KT_14 | 1ct | imgs:3
[05:17:34][CUSHION] [7878] ? NIV-90CC35EE7BD138CD | BASKET | HIDDEN_HALO | PAVE | GOLD | KT_18 | 1ct | imgs:1
[05:17:39][CUSHION] [7879] ? NIV-90CC35EE7BD138CD | BASKET | HIDDEN_HALO | PAVE | GOLD | KT_18 | 1ct | imgs:3
[05:17:45][CUSHION] [7880] ? NIV-90CC35EE7BD138CD | BASKET | HIDDEN_HALO | PAVE | GOLD | KT_18 | 1ct | imgs:3
[05:17:50][CUSHION] [7881] ? NIV-2B597E2423A26CB4 | BASKET | HIDDEN_HALO | PAVE | GOLD | KT_18 | 1ct | imgs:1
[05:17:54][CUSHION] [7882] ? NIV-2B597E2423A26CB4 | BASKET | HIDDEN_HALO | PAVE | GOLD | KT_18 | 1ct | imgs:3
[05:18:00][CUSHION] [7883] ? NIV-2B597E2423A26CB4 | BASKET | HIDDEN_HALO | PAVE | GOLD | KT_18 | 1ct | imgs:3
[05:18:05][CUSHION] [7884] ? NIV-11D7E308FE8C40AA | BASKET | HIDDEN_HALO | PAVE | GOLD | KT_18 | 1ct | imgs:1
[05:18:09][CUSHION] [7885] ? NIV-11D7E308FE8C40AA | BASKET | HIDDEN_HALO | PAVE | GOLD | KT_18 | 1ct | imgs:3
[05:18:13][CUSHION] [7886] ? NIV-11D7E308FE8C40AA | BASKET | HIDDEN_HALO | PAVE | GOLD | KT_18 | 1ct | imgs:3
[05:18:16][CUSHION] [7887] ? NIV-4A79D0FEDEE318B7 | BASKET | HIDDEN_HALO | PAVE | PLATINUM | PT_950 | 1ct | imgs:2
[05:18:21][CUSHION] [7888] ? NIV-7294B534E3EE86D0 | BASKET | HIDDEN_HALO | PAVE | GOLD | KT_10 | 1ct | imgs:3
[05:18:25][CUSHION] [7889] ? NIV-7294B534E3EE86D0 | BASKET | HIDDEN_HALO | PAVE | GOLD | KT_10 | 1ct | imgs:3
[05:18:30][CUSHION] [7890] ? NIV-7294B534E3EE86D0 | BASKET | HIDDEN_HALO | PAVE | GOLD | KT_10 | 1ct | imgs:3
[05:18:35][CUSHION] [7891] ? NIV-BAE358A831C1E3A3 | BASKET | HIDDEN_HALO | PAVE | GOLD | KT_10 | 1ct | imgs:1
[05:18:39][CUSHION] [7892] ? NIV-BAE358A831C1E3A3 | BASKET | HIDDEN_HALO | PAVE | GOLD | KT_10 | 1ct | imgs:3
[05:18:45][CUSHION] [7893] ? NIV-BAE358A831C1E3A3 | BASKET | HIDDEN_HALO | PAVE | GOLD | KT_10 | 1ct | imgs:3
[05:18:53][CUSHION] [7894] ? NIV-5631A72E38ABAE57 | BASKET | HIDDEN_HALO | PAVE | GOLD | KT_10 | 1ct | imgs:1
[05:19:00][CUSHION] [7895] ? NIV-5631A72E38ABAE57 | BASKET | HIDDEN_HALO | PAVE | GOLD | KT_10 | 1ct | imgs:3
[05:19:06][CUSHION] [7896] ? NIV-5631A72E38ABAE57 | BASKET | HIDDEN_HALO | PAVE | GOLD | KT_10 | 1ct | imgs:3
[05:19:12][CUSHION] [7897] ? NIV-27332F7181BC2535 | BASKET | HIDDEN_HALO | PAVE | GOLD | KT_14 | 1ct | imgs:3
[05:19:18][CUSHION] [7898] ? NIV-27332F7181BC2535 | BASKET | HIDDEN_HALO | PAVE | GOLD | KT_14 | 1ct | imgs:3
[05:19:24][CUSHION] [7899] ? NIV-27332F7181BC2535 | BASKET | HIDDEN_HALO | PAVE | GOLD | KT_14 | 1ct | imgs:3
[05:19:30][CUSHION] [7900] ? NIV-AF77D23754D121F6 | BASKET | HIDDEN_HALO | PAVE | GOLD | KT_14 | 1ct | imgs:1
[05:19:36][CUSHION] [7901] ? NIV-AF77D23754D121F6 | BASKET | HIDDEN_HALO | PAVE | GOLD | KT_14 | 1ct | imgs:3
[05:19:42][CUSHION] [7902] ? NIV-AF77D23754D121F6 | BASKET | HIDDEN_HALO | PAVE | GOLD | KT_14 | 1ct | imgs:3
[05:19:45][CUSHION] [7903] ? NIV-6C6E6BB68623B097 | BASKET | HIDDEN_HALO | PAVE | GOLD | KT_14 | 1ct | imgs:3
[05:19:51][CUSHION] [7904] ? NIV-6C6E6BB68623B097 | BASKET | HIDDEN_HALO | PAVE | GOLD | KT_14 | 1ct | imgs:3
[05:19:57][CUSHION] [7905] ? NIV-6C6E6BB68623B097 | BASKET | HIDDEN_HALO | PAVE | GOLD | KT_14 | 1ct | imgs:3
[05:20:04][CUSHION] [7906] ? NIV-7C6C1CD3CA5F2648 | BASKET | HIDDEN_HALO | PAVE | GOLD | KT_18 | 1ct | imgs:1
[05:20:09][CUSHION] [7907] ? NIV-7C6C1CD3CA5F2648 | BASKET | HIDDEN_HALO | PAVE | GOLD | KT_18 | 1ct | imgs:3
[05:20:15][CUSHION] [7908] ? NIV-7C6C1CD3CA5F2648 | BASKET | HIDDEN_HALO | PAVE | GOLD | KT_18 | 1ct | imgs:3
[05:20:21][CUSHION] [7909] ? NIV-904C2AB88B951A93 | BASKET | HIDDEN_HALO | PAVE | GOLD | KT_18 | 1ct | imgs:3
[05:20:27][CUSHION] [7910] ? NIV-904C2AB88B951A93 | BASKET | HIDDEN_HALO | PAVE | GOLD | KT_18 | 1ct | imgs:3
[05:20:31][CUSHION] [7911] ? NIV-904C2AB88B951A93 | BASKET | HIDDEN_HALO | PAVE | GOLD | KT_18 | 1ct | imgs:3
[05:20:37][CUSHION] [7912] ? NIV-5DA9B1C2810B8DF3 | BASKET | HIDDEN_HALO | PAVE | GOLD | KT_18 | 1ct | imgs:1
[05:20:42][CUSHION] [7913] ? NIV-5DA9B1C2810B8DF3 | BASKET | HIDDEN_HALO | PAVE | GOLD | KT_18 | 1ct | imgs:3
[05:20:48][CUSHION] [7914] ? NIV-5DA9B1C2810B8DF3 | BASKET | HIDDEN_HALO | PAVE | GOLD | KT_18 | 1ct | imgs:3
[05:20:52][CUSHION] [7915] ? NIV-EB0571730C0186E8 | BASKET | HIDDEN_HALO | PAVE | PLATINUM | PT_950 | 1ct | imgs:3
[05:20:57][CUSHION] [7916] ? NIV-65DAD44C961361F6 | BASKET | HIDDEN_HALO | PAVE | GOLD | KT_10 | 1ct | imgs:1
[05:21:03][CUSHION] [7917] ? NIV-65DAD44C961361F6 | BASKET | HIDDEN_HALO | PAVE | GOLD | KT_10 | 1ct | imgs:3
[05:21:09][CUSHION] [7918] ? NIV-65DAD44C961361F6 | BASKET | HIDDEN_HALO | PAVE | GOLD | KT_10 | 1ct | imgs:3
[05:21:13][CUSHION] [7919] ? NIV-0595A6E3B521F44D | BASKET | HIDDEN_HALO | PAVE | GOLD | KT_10 | 1ct | imgs:1
[05:21:18][CUSHION] [7920] ? NIV-0595A6E3B521F44D | BASKET | HIDDEN_HALO | PAVE | GOLD | KT_10 | 1ct | imgs:3
[05:21:24][CUSHION] [7921] ? NIV-0595A6E3B521F44D | BASKET | HIDDEN_HALO | PAVE | GOLD | KT_10 | 1ct | imgs:3
[05:21:35][CUSHION] [7922] ??  NIV-176D4FAA6A57FD0A | BASKET | HIDDEN_HALO | PAVE | GOLD | KT_10 | 1ct | imgs:0
[05:21:39][CUSHION] [7923] ? NIV-176D4FAA6A57FD0A | BASKET | HIDDEN_HALO | PAVE | GOLD | KT_10 | 1ct | imgs:3
[05:21:45][CUSHION] [7924] ? NIV-176D4FAA6A57FD0A | BASKET | HIDDEN_HALO | PAVE | GOLD | KT_10 | 1ct | imgs:3
[05:21:53][CUSHION] [7925] ? NIV-AEB0658E8CA94C28 | BASKET | HIDDEN_HALO | PAVE | GOLD | KT_14 | 1ct | imgs:1
[05:21:57][CUSHION] [7926] ? NIV-AEB0658E8CA94C28 | BASKET | HIDDEN_HALO | PAVE | GOLD | KT_14 | 1ct | imgs:3
[05:22:01][CUSHION] [7927] ? NIV-AEB0658E8CA94C28 | BASKET | HIDDEN_HALO | PAVE | GOLD | KT_14 | 1ct | imgs:3
[05:22:04][CUSHION] [7928] ? NIV-293C0F536575ACFC | BASKET | HIDDEN_HALO | PAVE | GOLD | KT_14 | 1ct | imgs:3
[05:22:10][CUSHION] [7929] ? NIV-293C0F536575ACFC | BASKET | HIDDEN_HALO | PAVE | GOLD | KT_14 | 1ct | imgs:3
[05:22:15][CUSHION] [7930] ? NIV-293C0F536575ACFC | BASKET | HIDDEN_HALO | PAVE | GOLD | KT_14 | 1ct | imgs:3
[05:22:19][CUSHION] [7931] ? NIV-1E0CF24E81363B57 | BASKET | HIDDEN_HALO | PAVE | GOLD | KT_14 | 1ct | imgs:3
[05:22:24][CUSHION] [7932] ? NIV-1E0CF24E81363B57 | BASKET | HIDDEN_HALO | PAVE | GOLD | KT_14 | 1ct | imgs:3
[05:22:30][CUSHION] [7933] ? NIV-1E0CF24E81363B57 | BASKET | HIDDEN_HALO | PAVE | GOLD | KT_14 | 1ct | imgs:3
[05:22:37][CUSHION] [7934] ? NIV-DAA88936138B81A2 | BASKET | HIDDEN_HALO | PAVE | GOLD | KT_18 | 1ct | imgs:1
[05:22:42][CUSHION] [7935] ? NIV-DAA88936138B81A2 | BASKET | HIDDEN_HALO | PAVE | GOLD | KT_18 | 1ct | imgs:3
[05:22:48][CUSHION] [7936] ? NIV-DAA88936138B81A2 | BASKET | HIDDEN_HALO | PAVE | GOLD | KT_18 | 1ct | imgs:3
[05:22:55][CUSHION] [7937] ? NIV-E6E92724F588E65E | BASKET | HIDDEN_HALO | PAVE | GOLD | KT_18 | 1ct | imgs:3
[05:23:00][CUSHION] [7938] ? NIV-E6E92724F588E65E | BASKET | HIDDEN_HALO | PAVE | GOLD | KT_18 | 1ct | imgs:3
[05:23:03][CUSHION] [7939] ? NIV-E6E92724F588E65E | BASKET | HIDDEN_HALO | PAVE | GOLD | KT_18 | 1ct | imgs:3
[05:23:08][CUSHION] [7940] ? NIV-399E6E4F3BCAEF06 | BASKET | HIDDEN_HALO | PAVE | GOLD | KT_18 | 1ct | imgs:1
[05:23:12][CUSHION] [7941] ? NIV-399E6E4F3BCAEF06 | BASKET | HIDDEN_HALO | PAVE | GOLD | KT_18 | 1ct | imgs:3
[05:23:15][CUSHION] [7942] ? NIV-399E6E4F3BCAEF06 | BASKET | HIDDEN_HALO | PAVE | GOLD | KT_18 | 1ct | imgs:3
[05:23:19][CUSHION] [7943] ? NIV-984281CBA69D41AC | BASKET | HIDDEN_HALO | PAVE | PLATINUM | PT_950 | 1ct | imgs:3
[05:23:28][CUSHION] [7944] ? NIV-DC2C317EC2270A61 | BASKET | HIDDEN_HALO | PAVE | GOLD | KT_10 | 1ct | imgs:3
[05:23:33][CUSHION] [7945] ? NIV-DC2C317EC2270A61 | BASKET | HIDDEN_HALO | PAVE | GOLD | KT_10 | 1ct | imgs:3
[05:23:36][CUSHION] [7946] ? NIV-DC2C317EC2270A61 | BASKET | HIDDEN_HALO | PAVE | GOLD | KT_10 | 1ct | imgs:3
[05:23:42][CUSHION] [7947] ? NIV-AFD2A2CBE1F5749C | BASKET | HIDDEN_HALO | PAVE | GOLD | KT_10 | 1ct | imgs:1
[05:23:48][CUSHION] [7948] ? NIV-AFD2A2CBE1F5749C | BASKET | HIDDEN_HALO | PAVE | GOLD | KT_10 | 1ct | imgs:3
[05:23:54][CUSHION] [7949] ? NIV-AFD2A2CBE1F5749C | BASKET | HIDDEN_HALO | PAVE | GOLD | KT_10 | 1ct | imgs:3
[05:24:04][CUSHION] [7950] ? NIV-C33B87A2C35B9269 | BASKET | HIDDEN_HALO | PAVE | GOLD | KT_10 | 1ct | imgs:1
[05:24:09][CUSHION] [7951] ? NIV-C33B87A2C35B9269 | BASKET | HIDDEN_HALO | PAVE | GOLD | KT_10 | 1ct | imgs:3
[05:24:15][CUSHION] [7952] ? NIV-C33B87A2C35B9269 | BASKET | HIDDEN_HALO | PAVE | GOLD | KT_10 | 1ct | imgs:3
[05:24:21][CUSHION] [7953] ? NIV-A4CE1B6354D75B24 | BASKET | HIDDEN_HALO | PAVE | GOLD | KT_14 | 1ct | imgs:3
[05:24:27][CUSHION] [7954] ? NIV-A4CE1B6354D75B24 | BASKET | HIDDEN_HALO | PAVE | GOLD | KT_14 | 1ct | imgs:3
[05:24:30][CUSHION] [7955] ? NIV-A4CE1B6354D75B24 | BASKET | HIDDEN_HALO | PAVE | GOLD | KT_14 | 1ct | imgs:3
[05:24:34][CUSHION] [7956] ? NIV-6D2858D029D03C1E | BASKET | HIDDEN_HALO | PAVE | GOLD | KT_14 | 1ct | imgs:1
[05:24:39][CUSHION] [7957] ? NIV-6D2858D029D03C1E | BASKET | HIDDEN_HALO | PAVE | GOLD | KT_14 | 1ct | imgs:3
[05:24:45][CUSHION] [7958] ? NIV-6D2858D029D03C1E | BASKET | HIDDEN_HALO | PAVE | GOLD | KT_14 | 1ct | imgs:3
[05:24:48][CUSHION] [7959] ? NIV-82E30F7BFD1B16BC | BASKET | HIDDEN_HALO | PAVE | GOLD | KT_14 | 1ct | imgs:3
[05:24:54][CUSHION] [7960] ? NIV-82E30F7BFD1B16BC | BASKET | HIDDEN_HALO | PAVE | GOLD | KT_14 | 1ct | imgs:3
[05:25:00][CUSHION] [7961] ? NIV-82E30F7BFD1B16BC | BASKET | HIDDEN_HALO | PAVE | GOLD | KT_14 | 1ct | imgs:3
[05:25:06][CUSHION] [7962] ? NIV-8BDD3E505047D0C6 | BASKET | HIDDEN_HALO | PAVE | GOLD | KT_18 | 1ct | imgs:3
[05:25:10][CUSHION] [7963] ? NIV-8BDD3E505047D0C6 | BASKET | HIDDEN_HALO | PAVE | GOLD | KT_18 | 1ct | imgs:3
[05:25:15][CUSHION] [7964] ? NIV-8BDD3E505047D0C6 | BASKET | HIDDEN_HALO | PAVE | GOLD | KT_18 | 1ct | imgs:3
[05:25:18][CUSHION] [7965] ? NIV-A9E986B07C764A8E | BASKET | HIDDEN_HALO | PAVE | GOLD | KT_18 | 1ct | imgs:2
[05:25:24][CUSHION] [7966] ? NIV-A9E986B07C764A8E | BASKET | HIDDEN_HALO | PAVE | GOLD | KT_18 | 1ct | imgs:3
[05:25:30][CUSHION] [7967] ? NIV-A9E986B07C764A8E | BASKET | HIDDEN_HALO | PAVE | GOLD | KT_18 | 1ct | imgs:3
[05:25:33][CUSHION] [7968] ? NIV-BF51C8D2D62910A0 | BASKET | HIDDEN_HALO | PAVE | GOLD | KT_18 | 1ct | imgs:3
[05:25:39][CUSHION] [7969] ? NIV-BF51C8D2D62910A0 | BASKET | HIDDEN_HALO | PAVE | GOLD | KT_18 | 1ct | imgs:3
[05:25:43][CUSHION] [7970] ? NIV-BF51C8D2D62910A0 | BASKET | HIDDEN_HALO | PAVE | GOLD | KT_18 | 1ct | imgs:3
[05:25:45][CUSHION] [7971] ? NIV-6B9EA710B55E471F | BASKET | HIDDEN_HALO | PAVE | PLATINUM | PT_950 | 1ct | imgs:3
[05:25:51][CUSHION] [7972] ? NIV-20B6C605AB99BAB2 | BASKET | HIDDEN_HALO | PAVE | GOLD | KT_10 | 1ct | imgs:1
[05:25:57][CUSHION] [7973] ? NIV-20B6C605AB99BAB2 | BASKET | HIDDEN_HALO | PAVE | GOLD | KT_10 | 1ct | imgs:3
[05:26:03][CUSHION] [7974] ? NIV-20B6C605AB99BAB2 | BASKET | HIDDEN_HALO | PAVE | GOLD | KT_10 | 1ct | imgs:3
[05:26:07][CUSHION] [7975] ? NIV-F438D3E2C2575E75 | BASKET | HIDDEN_HALO | PAVE | GOLD | KT_10 | 1ct | imgs:3
[05:26:12][CUSHION] [7976] ? NIV-F438D3E2C2575E75 | BASKET | HIDDEN_HALO | PAVE | GOLD | KT_10 | 1ct | imgs:3
[05:26:16][CUSHION] [7977] ? NIV-F438D3E2C2575E75 | BASKET | HIDDEN_HALO | PAVE | GOLD | KT_10 | 1ct | imgs:3
[05:26:21][CUSHION] [7978] ? NIV-396395E3C1D8822B | BASKET | HIDDEN_HALO | PAVE | GOLD | KT_10 | 1ct | imgs:3
[05:26:24][CUSHION] [7979] ? NIV-396395E3C1D8822B | BASKET | HIDDEN_HALO | PAVE | GOLD | KT_10 | 1ct | imgs:3
[05:26:30][CUSHION] [7980] ? NIV-396395E3C1D8822B | BASKET | HIDDEN_HALO | PAVE | GOLD | KT_10 | 1ct | imgs:3
[05:26:34][CUSHION] [7981] ? NIV-8ED41EDF8DDDC70F | BASKET | HIDDEN_HALO | PAVE | GOLD | KT_14 | 1ct | imgs:1
[05:26:39][CUSHION] [7982] ? NIV-8ED41EDF8DDDC70F | BASKET | HIDDEN_HALO | PAVE | GOLD | KT_14 | 1ct | imgs:3
[05:26:42][CUSHION] [7983] ? NIV-8ED41EDF8DDDC70F | BASKET | HIDDEN_HALO | PAVE | GOLD | KT_14 | 1ct | imgs:3
[05:26:45][CUSHION] [7984] ? NIV-7DD8BE00032C51DE | BASKET | HIDDEN_HALO | PAVE | GOLD | KT_14 | 1ct | imgs:3
[05:26:51][CUSHION] [7985] ? NIV-7DD8BE00032C51DE | BASKET | HIDDEN_HALO | PAVE | GOLD | KT_14 | 1ct | imgs:3
[05:26:54][CUSHION] [7986] ? NIV-7DD8BE00032C51DE | BASKET | HIDDEN_HALO | PAVE | GOLD | KT_14 | 1ct | imgs:3
[05:26:58][CUSHION] [7987] ? NIV-08F158BAB13C779B | BASKET | HIDDEN_HALO | PAVE | GOLD | KT_14 | 1ct | imgs:1
[05:27:03][CUSHION] [7988] ? NIV-08F158BAB13C779B | BASKET | HIDDEN_HALO | PAVE | GOLD | KT_14 | 1ct | imgs:3
[05:27:07][CUSHION] [7989] ? NIV-08F158BAB13C779B | BASKET | HIDDEN_HALO | PAVE | GOLD | KT_14 | 1ct | imgs:3
[05:27:16][CUSHION] [7990] ? NIV-6D5E4092F5A9F980 | BASKET | HIDDEN_HALO | PAVE | GOLD | KT_18 | 1ct | imgs:1
[05:27:21][CUSHION] [7991] ? NIV-6D5E4092F5A9F980 | BASKET | HIDDEN_HALO | PAVE | GOLD | KT_18 | 1ct | imgs:3
[05:27:27][CUSHION] [7992] ? NIV-6D5E4092F5A9F980 | BASKET | HIDDEN_HALO | PAVE | GOLD | KT_18 | 1ct | imgs:3
[05:27:34][CUSHION] [7993] ? NIV-D6C37F11362716FE | BASKET | HIDDEN_HALO | PAVE | GOLD | KT_18 | 1ct | imgs:1
[05:27:39][CUSHION] [7994] ? NIV-D6C37F11362716FE | BASKET | HIDDEN_HALO | PAVE | GOLD | KT_18 | 1ct | imgs:3
[05:27:45][CUSHION] [7995] ? NIV-D6C37F11362716FE | BASKET | HIDDEN_HALO | PAVE | GOLD | KT_18 | 1ct | imgs:3
[05:27:51][CUSHION] [7996] ? NIV-CF68FC78B6A8B781 | BASKET | HIDDEN_HALO | PAVE | GOLD | KT_18 | 1ct | imgs:1
[05:27:57][CUSHION] [7997] ? NIV-CF68FC78B6A8B781 | BASKET | HIDDEN_HALO | PAVE | GOLD | KT_18 | 1ct | imgs:3
[05:28:03][CUSHION] [7998] ? NIV-CF68FC78B6A8B781 | BASKET | HIDDEN_HALO | PAVE | GOLD | KT_18 | 1ct | imgs:3
[05:28:06][CUSHION] [7999] ? NIV-2B580CECC83F9410 | BASKET | HIDDEN_HALO | PAVE | PLATINUM | PT_950 | 1ct | imgs:3
[05:28:13][CUSHION] [8000] ? NIV-EE2DA5EB890F9B9F | BASKET | HIDDEN_HALO | PAVE | GOLD | KT_10 | 1ct | imgs:3
[05:28:18][CUSHION] [8001] ? NIV-EE2DA5EB890F9B9F | BASKET | HIDDEN_HALO | PAVE | GOLD | KT_10 | 1ct | imgs:3
[05:28:21][CUSHION] [8002] ? NIV-EE2DA5EB890F9B9F | BASKET | HIDDEN_HALO | PAVE | GOLD | KT_10 | 1ct | imgs:3
[05:28:24][CUSHION] [8003] ? NIV-A41375F084F1A19C | BASKET | HIDDEN_HALO | PAVE | GOLD | KT_10 | 1ct | imgs:3
[05:28:30][CUSHION] [8004] ? NIV-A41375F084F1A19C | BASKET | HIDDEN_HALO | PAVE | GOLD | KT_10 | 1ct | imgs:3
[05:28:34][CUSHION] [8005] ? NIV-A41375F084F1A19C | BASKET | HIDDEN_HALO | PAVE | GOLD | KT_10 | 1ct | imgs:3
[05:28:37][CUSHION] [8006] ? NIV-A4CC67080254193C | BASKET | HIDDEN_HALO | PAVE | GOLD | KT_10 | 1ct | imgs:3
[05:28:42][CUSHION] [8007] ? NIV-A4CC67080254193C | BASKET | HIDDEN_HALO | PAVE | GOLD | KT_10 | 1ct | imgs:3
[05:28:46][CUSHION] [8008] ? NIV-A4CC67080254193C | BASKET | HIDDEN_HALO | PAVE | GOLD | KT_10 | 1ct | imgs:3
[05:28:51][CUSHION] [8009] ? NIV-7757BBDE4DA0E31E | BASKET | HIDDEN_HALO | PAVE | GOLD | KT_14 | 1ct | imgs:3
[05:28:57][CUSHION] [8010] ? NIV-7757BBDE4DA0E31E | BASKET | HIDDEN_HALO | PAVE | GOLD | KT_14 | 1ct | imgs:3
[05:29:03][CUSHION] [8011] ? NIV-7757BBDE4DA0E31E | BASKET | HIDDEN_HALO | PAVE | GOLD | KT_14 | 1ct | imgs:3
[05:29:06][CUSHION] [8012] ? NIV-12D97920C2322C96 | BASKET | HIDDEN_HALO | PAVE | GOLD | KT_14 | 1ct | imgs:3
[05:29:12][CUSHION] [8013] ? NIV-12D97920C2322C96 | BASKET | HIDDEN_HALO | PAVE | GOLD | KT_14 | 1ct | imgs:3
[05:29:15][CUSHION] [8014] ? NIV-12D97920C2322C96 | BASKET | HIDDEN_HALO | PAVE | GOLD | KT_14 | 1ct | imgs:3
[05:29:18][CUSHION] [8015] ? NIV-CC82713507E8C9E0 | BASKET | HIDDEN_HALO | PAVE | GOLD | KT_14 | 1ct | imgs:1
[05:29:24][CUSHION] [8016] ? NIV-CC82713507E8C9E0 | BASKET | HIDDEN_HALO | PAVE | GOLD | KT_14 | 1ct | imgs:3
[05:29:30][CUSHION] [8017] ? NIV-CC82713507E8C9E0 | BASKET | HIDDEN_HALO | PAVE | GOLD | KT_14 | 1ct | imgs:3
[05:29:36][CUSHION] [8018] ? NIV-AE6B31FE5D6E56B9 | BASKET | HIDDEN_HALO | PAVE | GOLD | KT_18 | 1ct | imgs:3
[05:29:42][CUSHION] [8019] ? NIV-AE6B31FE5D6E56B9 | BASKET | HIDDEN_HALO | PAVE | GOLD | KT_18 | 1ct | imgs:3
[05:29:48][CUSHION] [8020] ? NIV-AE6B31FE5D6E56B9 | BASKET | HIDDEN_HALO | PAVE | GOLD | KT_18 | 1ct | imgs:3
[05:29:51][CUSHION] [8021] ? NIV-B8DEFC4866DB9B60 | BASKET | HIDDEN_HALO | PAVE | GOLD | KT_18 | 1ct | imgs:3
[05:29:54][CUSHION] [8022] ? NIV-B8DEFC4866DB9B60 | BASKET | HIDDEN_HALO | PAVE | GOLD | KT_18 | 1ct | imgs:3
[05:30:00][CUSHION] [8023] ? NIV-B8DEFC4866DB9B60 | BASKET | HIDDEN_HALO | PAVE | GOLD | KT_18 | 1ct | imgs:3
[05:30:03][CUSHION] [8024] ? NIV-29C7C93732BAEAD0 | BASKET | HIDDEN_HALO | PAVE | GOLD | KT_18 | 1ct | imgs:3
[05:30:09][CUSHION] [8025] ? NIV-29C7C93732BAEAD0 | BASKET | HIDDEN_HALO | PAVE | GOLD | KT_18 | 1ct | imgs:3
[05:30:15][CUSHION] [8026] ? NIV-29C7C93732BAEAD0 | BASKET | HIDDEN_HALO | PAVE | GOLD | KT_18 | 1ct | imgs:3
[05:30:18][CUSHION] [8027] ? NIV-2A5F974525A668C7 | BASKET | HIDDEN_HALO | PAVE | PLATINUM | PT_950 | 1ct | imgs:3
[05:30:27][CUSHION] [8028] ? NIV-7BFC8134EDCBF0D8 | BASKET | HIDDEN_HALO | PAVE | GOLD | KT_10 | 1ct | imgs:3
[05:30:33][CUSHION] [8029] ? NIV-7BFC8134EDCBF0D8 | BASKET | HIDDEN_HALO | PAVE | GOLD | KT_10 | 1ct | imgs:3
[05:30:39][CUSHION] [8030] ? NIV-7BFC8134EDCBF0D8 | BASKET | HIDDEN_HALO | PAVE | GOLD | KT_10 | 1ct | imgs:3
[05:30:50][CUSHION] [8031] ??  NIV-7BFC8134EDCBF0D8 | BASKET | HIDDEN_HALO | PAVE | GOLD | KT_10 | 1ct | imgs:0
[05:30:57][CUSHION] [8032] ? NIV-C5E3DBC0EEDE9BA4 | BASKET | HIDDEN_HALO | PAVE | GOLD | KT_10 | 1ct | imgs:3
[05:31:03][CUSHION] [8033] ? NIV-C5E3DBC0EEDE9BA4 | BASKET | HIDDEN_HALO | PAVE | GOLD | KT_10 | 1ct | imgs:3
[05:31:09][CUSHION] [8034] ? NIV-8F3C2B9FFFEDFE4D | BASKET | HIDDEN_HALO | PAVE | GOLD | KT_10 | 1ct | imgs:3
[05:31:15][CUSHION] [8035] ? NIV-8F3C2B9FFFEDFE4D | BASKET | HIDDEN_HALO | PAVE | GOLD | KT_10 | 1ct | imgs:3
[05:31:21][CUSHION] [8036] ? NIV-8F3C2B9FFFEDFE4D | BASKET | HIDDEN_HALO | PAVE | GOLD | KT_10 | 1ct | imgs:3
[05:31:27][CUSHION] [8037] ? NIV-628F5ECD9FD0BB15 | BASKET | HIDDEN_HALO | PAVE | GOLD | KT_14 | 1ct | imgs:3
[05:31:33][CUSHION] [8038] ? NIV-628F5ECD9FD0BB15 | BASKET | HIDDEN_HALO | PAVE | GOLD | KT_14 | 1ct | imgs:3
[05:31:39][CUSHION] [8039] ? NIV-628F5ECD9FD0BB15 | BASKET | HIDDEN_HALO | PAVE | GOLD | KT_14 | 1ct | imgs:3
[05:31:42][CUSHION] [8040] ? NIV-8F7333FCA9CEF1B0 | BASKET | HIDDEN_HALO | PAVE | GOLD | KT_14 | 1ct | imgs:3
[05:31:45][CUSHION] [8041] ? NIV-8F7333FCA9CEF1B0 | BASKET | HIDDEN_HALO | PAVE | GOLD | KT_14 | 1ct | imgs:3
[05:31:49][CUSHION] [8042] ? NIV-8F7333FCA9CEF1B0 | BASKET | HIDDEN_HALO | PAVE | GOLD | KT_14 | 1ct | imgs:3
[05:31:51][CUSHION] [8043] ? NIV-CA841C2A0353EDF0 | BASKET | HIDDEN_HALO | PAVE | GOLD | KT_14 | 1ct | imgs:3
[05:31:57][CUSHION] [8044] ? NIV-CA841C2A0353EDF0 | BASKET | HIDDEN_HALO | PAVE | GOLD | KT_14 | 1ct | imgs:3
[05:32:00][CUSHION] [8045] ? NIV-CA841C2A0353EDF0 | BASKET | HIDDEN_HALO | PAVE | GOLD | KT_14 | 1ct | imgs:3
[05:32:03][CUSHION] [8046] ? NIV-956828A4BBBFB425 | BASKET | HIDDEN_HALO | PAVE | GOLD | KT_18 | 1ct | imgs:2
[05:32:09][CUSHION] [8047] ? NIV-956828A4BBBFB425 | BASKET | HIDDEN_HALO | PAVE | GOLD | KT_18 | 1ct | imgs:3
[05:32:15][CUSHION] [8048] ? NIV-956828A4BBBFB425 | BASKET | HIDDEN_HALO | PAVE | GOLD | KT_18 | 1ct | imgs:3
[05:32:18][CUSHION] [8049] ? NIV-041E6681BA5E14C2 | BASKET | HIDDEN_HALO | PAVE | GOLD | KT_18 | 1ct | imgs:3
[05:32:21][CUSHION] [8050] ? NIV-041E6681BA5E14C2 | BASKET | HIDDEN_HALO | PAVE | GOLD | KT_18 | 1ct | imgs:3
[05:32:24][CUSHION] [8051] ? NIV-041E6681BA5E14C2 | BASKET | HIDDEN_HALO | PAVE | GOLD | KT_18 | 1ct | imgs:3
[05:32:27][CUSHION] [8052] ? NIV-6FABA5D66A30C3DD | BASKET | HIDDEN_HALO | PAVE | GOLD | KT_18 | 1ct | imgs:3
[05:32:33][CUSHION] [8053] ? NIV-6FABA5D66A30C3DD | BASKET | HIDDEN_HALO | PAVE | GOLD | KT_18 | 1ct | imgs:3
[05:32:39][CUSHION] [8054] ? NIV-6FABA5D66A30C3DD | BASKET | HIDDEN_HALO | PAVE | GOLD | KT_18 | 1ct | imgs:3
[05:32:42][CUSHION] [8055] ? NIV-E13556D5E7802DD3 | BASKET | HIDDEN_HALO | PAVE | PLATINUM | PT_950 | 1ct | imgs:3
[05:32:48][CUSHION] [8056] ? NIV-3A71B289E07A10B1 | BASKET | HIDDEN_HALO | PAVE | GOLD | KT_10 | 1ct | imgs:3
[05:32:52][CUSHION] [8057] ? NIV-3A71B289E07A10B1 | BASKET | HIDDEN_HALO | PAVE | GOLD | KT_10 | 1ct | imgs:3
[05:32:57][CUSHION] [8058] ? NIV-3A71B289E07A10B1 | BASKET | HIDDEN_HALO | PAVE | GOLD | KT_10 | 1ct | imgs:3
[05:33:00][CUSHION] [8059] ? NIV-BCA1A432F88D2499 | BASKET | HIDDEN_HALO | PAVE | GOLD | KT_10 | 1ct | imgs:3
[05:33:06][CUSHION] [8060] ? NIV-BCA1A432F88D2499 | BASKET | HIDDEN_HALO | PAVE | GOLD | KT_10 | 1ct | imgs:3
[05:33:12][CUSHION] [8061] ? NIV-BCA1A432F88D2499 | BASKET | HIDDEN_HALO | PAVE | GOLD | KT_10 | 1ct | imgs:3
[05:33:15][CUSHION] [8062] ? NIV-1359C8F10ADA6D3D | BASKET | HIDDEN_HALO | PAVE | GOLD | KT_10 | 1ct | imgs:3
[05:33:21][CUSHION] [8063] ? NIV-1359C8F10ADA6D3D | BASKET | HIDDEN_HALO | PAVE | GOLD | KT_10 | 1ct | imgs:3
[05:33:27][CUSHION] [8064] ? NIV-1359C8F10ADA6D3D | BASKET | HIDDEN_HALO | PAVE | GOLD | KT_10 | 1ct | imgs:3
[05:33:30][CUSHION] [8065] ? NIV-B49252D5BC88A6BF | BASKET | HIDDEN_HALO | PAVE | GOLD | KT_14 | 1ct | imgs:3
[05:33:34][CUSHION] [8066] ? NIV-B49252D5BC88A6BF | BASKET | HIDDEN_HALO | PAVE | GOLD | KT_14 | 1ct | imgs:3
[05:33:39][CUSHION] [8067] ? NIV-B49252D5BC88A6BF | BASKET | HIDDEN_HALO | PAVE | GOLD | KT_14 | 1ct | imgs:3
[05:33:45][CUSHION] [8068] ? NIV-8316D77C61DFB411 | BASKET | HIDDEN_HALO | PAVE | GOLD | KT_14 | 1ct | imgs:1
[05:33:48][CUSHION] [8069] ? NIV-8316D77C61DFB411 | BASKET | HIDDEN_HALO | PAVE | GOLD | KT_14 | 1ct | imgs:3
[05:33:54][CUSHION] [8070] ? NIV-8316D77C61DFB411 | BASKET | HIDDEN_HALO | PAVE | GOLD | KT_14 | 1ct | imgs:3
[05:34:01][CUSHION] [8071] ? NIV-CCC10F94F0375DD8 | BASKET | HIDDEN_HALO | PAVE | GOLD | KT_14 | 1ct | imgs:3
[05:34:06][CUSHION]   click_button error (jewellery-configurator-mounting-metal-color-option-WHITE_GOLD): Page.query_selector: Protocol error (DOM.describeNode): Cannot find context with specified id
[05:34:06][CUSHION]   Re-seleccionando CUSHION (intento 1)
[05:34:06][CUSHION]   Boton no encontrado ? recargando configurador...
[05:34:42][CUSHION]   Error recargando: Page.wait_for_selector: Timeout 30000ms exceeded.
Call log:
  - waiting for locator("button[data-automation-id=\"center-stone-shape-CUSHION\"]") to be visible

[05:34:42][CUSHION]   Re-seleccionando CUSHION (intento 2)
[05:34:42][CUSHION]   Boton no encontrado ? recargando configurador...
[05:35:10][CUSHION]   Re-seleccionando CUSHION (intento 3)
[05:35:12][CUSHION]   POST-CLICK: {'ap': 'true', 'ac': None, 'classes': 'MuiButtonBase-root|MuiToggleButtonGroup-grouped|MuiToggleButtonGroup-groupedHorizontal|MuiToggleButton-root|Mui-selected|MuiToggleButton-sizeMedium|MuiToggleButton-standard|jewellery-configurator-toggle-button|MuiToggleButtonGroup-middleButton|css-66ecda'}
[05:35:16][CUSHION] [8072] ? NIV-77CA058E09AC987B | BASKET | HIDDEN_HALO | PAVE | GOLD | KT_14 | 1ct | imgs:3
[05:35:18][CUSHION] [8073] ? NIV-9D79A793F43BD574 | BASKET | HIDDEN_HALO | PAVE | GOLD | KT_14 | 1ct | imgs:3
[05:35:21][CUSHION] [8074] ? NIV-B4005D7D32572DBB | BASKET | HIDDEN_HALO | PAVE | GOLD | KT_18 | 1ct | imgs:3
[05:35:24][CUSHION] [8075] ? NIV-C7BB65D30BEF7E86 | BASKET | HIDDEN_HALO | PAVE | GOLD | KT_18 | 1ct | imgs:3
[05:35:27][CUSHION] [8076] ? NIV-1C9D8C7F4F1D828E | BASKET | HIDDEN_HALO | PAVE | GOLD | KT_18 | 1ct | imgs:3
[05:35:32][CUSHION] [8077] ? NIV-37D296180F6AD2CC | BASKET | HIDDEN_HALO | PAVE | GOLD | KT_18 | 1ct | imgs:3
[05:35:36][CUSHION] [8078] ? NIV-A151544E456906F1 | BASKET | HIDDEN_HALO | PAVE | GOLD | KT_18 | 1ct | imgs:3
[05:35:41][CUSHION] [8079] ? NIV-06B823BA53189283 | BASKET | HIDDEN_HALO | PAVE | GOLD | KT_18 | 1ct | imgs:3
[05:35:49][CUSHION] [8080] ? NIV-B2C08226542EA1F5 | BASKET | HIDDEN_HALO | PAVE | GOLD | KT_18 | 1ct | imgs:3
[05:35:52][CUSHION] [8081] ? NIV-197B4F4885BAC1F3 | BASKET | HIDDEN_HALO | PAVE | GOLD | KT_18 | 1ct | imgs:3
[05:35:55][CUSHION] [8082] ? NIV-8C6E9A19A41C7A59 | BASKET | HIDDEN_HALO | PAVE | GOLD | KT_18 | 1ct | imgs:3
[05:36:00][CUSHION] [8083] ? NIV-96F8BAE6A4C98EA0 | BASKET | HIDDEN_HALO | PAVE | PLATINUM | PT_950 | 1ct | imgs:3
[05:36:06][CUSHION] [8084] ? NIV-B79971D8C5E8885F | BASKET | HIDDEN_HALO | PAVE | GOLD | KT_10 | 1ct | imgs:3
[05:36:12][CUSHION] [8085] ? NIV-B79971D8C5E8885F | BASKET | HIDDEN_HALO | PAVE | GOLD | KT_10 | 1ct | imgs:3
[05:36:15][CUSHION] [8086] ? NIV-B79971D8C5E8885F | BASKET | HIDDEN_HALO | PAVE | GOLD | KT_10 | 1ct | imgs:3
[05:36:21][CUSHION] [8087] ? NIV-309E2ACB7547444D | BASKET | HIDDEN_HALO | PAVE | GOLD | KT_10 | 1ct | imgs:1
[05:36:27][CUSHION] [8088] ? NIV-309E2ACB7547444D | BASKET | HIDDEN_HALO | PAVE | GOLD | KT_10 | 1ct | imgs:3
[05:36:33][CUSHION] [8089] ? NIV-309E2ACB7547444D | BASKET | HIDDEN_HALO | PAVE | GOLD | KT_10 | 1ct | imgs:3
[05:36:38][CUSHION] [8090] ? NIV-3E2C7A25467F9DFD | BASKET | HIDDEN_HALO | PAVE | GOLD | KT_10 | 1ct | imgs:3
[05:36:42][CUSHION] [8091] ? NIV-3E2C7A25467F9DFD | BASKET | HIDDEN_HALO | PAVE | GOLD | KT_10 | 1ct | imgs:3
[05:36:45][CUSHION] [8092] ? NIV-3E2C7A25467F9DFD | BASKET | HIDDEN_HALO | PAVE | GOLD | KT_10 | 1ct | imgs:3
[05:36:51][CUSHION] [8093] ? NIV-5F7F11BB2CBBF38F | BASKET | HIDDEN_HALO | PAVE | GOLD | KT_14 | 1ct | imgs:3
[05:36:57][CUSHION] [8094] ? NIV-5F7F11BB2CBBF38F | BASKET | HIDDEN_HALO | PAVE | GOLD | KT_14 | 1ct | imgs:3
[05:37:03][CUSHION] [8095] ? NIV-5F7F11BB2CBBF38F | BASKET | HIDDEN_HALO | PAVE | GOLD | KT_14 | 1ct | imgs:3
[05:37:06][CUSHION] [8096] ? NIV-3B10D029E84E41BB | BASKET | HIDDEN_HALO | PAVE | GOLD | KT_14 | 1ct | imgs:3
[05:37:12][CUSHION] [8097] ? NIV-3B10D029E84E41BB | BASKET | HIDDEN_HALO | PAVE | GOLD | KT_14 | 1ct | imgs:3
[05:37:18][CUSHION] [8098] ? NIV-3B10D029E84E41BB | BASKET | HIDDEN_HALO | PAVE | GOLD | KT_14 | 1ct | imgs:3
[05:37:21][CUSHION] [8099] ? NIV-2FD30C1744D6258B | BASKET | HIDDEN_HALO | PAVE | GOLD | KT_14 | 1ct | imgs:3
[05:37:24][CUSHION] [8100] ? NIV-2FD30C1744D6258B | BASKET | HIDDEN_HALO | PAVE | GOLD | KT_14 | 1ct | imgs:3
[05:37:30][CUSHION] [8101] ? NIV-2FD30C1744D6258B | BASKET | HIDDEN_HALO | PAVE | GOLD | KT_14 | 1ct | imgs:3
[05:37:37][CUSHION] [8102] ? NIV-8641114F4BE3E73A | BASKET | HIDDEN_HALO | PAVE | GOLD | KT_18 | 1ct | imgs:3
[05:37:42][CUSHION] [8103] ? NIV-8641114F4BE3E73A | BASKET | HIDDEN_HALO | PAVE | GOLD | KT_18 | 1ct | imgs:3
[05:37:48][CUSHION] [8104] ? NIV-8641114F4BE3E73A | BASKET | HIDDEN_HALO | PAVE | GOLD | KT_18 | 1ct | imgs:3
[05:37:51][CUSHION] [8105] ? NIV-6972916A79A5E0F6 | BASKET | HIDDEN_HALO | PAVE | GOLD | KT_18 | 1ct | imgs:3
[05:37:57][CUSHION] [8106] ? NIV-6972916A79A5E0F6 | BASKET | HIDDEN_HALO | PAVE | GOLD | KT_18 | 1ct | imgs:3
[05:38:00][CUSHION] [8107] ? NIV-6972916A79A5E0F6 | BASKET | HIDDEN_HALO | PAVE | GOLD | KT_18 | 1ct | imgs:3
[05:38:08][CUSHION] [8108] ? NIV-72C37C351BBC0AAB | BASKET | HIDDEN_HALO | PAVE | GOLD | KT_18 | 1ct | imgs:3
[05:38:12][CUSHION] [8109] ? NIV-72C37C351BBC0AAB | BASKET | HIDDEN_HALO | PAVE | GOLD | KT_18 | 1ct | imgs:3
[05:38:18][CUSHION] [8110] ? NIV-72C37C351BBC0AAB | BASKET | HIDDEN_HALO | PAVE | GOLD | KT_18 | 1ct | imgs:3
[05:38:21][CUSHION] [8111] ? NIV-D491C0D1059F7EBA | BASKET | HIDDEN_HALO | PAVE | PLATINUM | PT_950 | 1ct | imgs:3
[05:38:32][CUSHION] [8112] ? NIV-8B2C224A5BF1F0E5 | BASKET | KNIFE_EDGE | NONE | GOLD | KT_10 | 1ct | imgs:3
[05:38:39][CUSHION] [8113] ? NIV-8B2C224A5BF1F0E5 | BASKET | KNIFE_EDGE | NONE | GOLD | KT_10 | 1ct | imgs:3
[05:38:45][CUSHION] [8114] ? NIV-8B2C224A5BF1F0E5 | BASKET | KNIFE_EDGE | NONE | GOLD | KT_10 | 1ct | imgs:3
[05:38:53][CUSHION] [8115] ? NIV-00FDA9AFD545373C | BASKET | KNIFE_EDGE | NONE | GOLD | KT_10 | 1ct | imgs:1
[05:38:57][CUSHION] [8116] ? NIV-00FDA9AFD545373C | BASKET | KNIFE_EDGE | NONE | GOLD | KT_10 | 1ct | imgs:3
[05:39:03][CUSHION] [8117] ? NIV-00FDA9AFD545373C | BASKET | KNIFE_EDGE | NONE | GOLD | KT_10 | 1ct | imgs:3
[05:39:08][CUSHION] [8118] ? NIV-45F01A6CBFA0FC58 | BASKET | KNIFE_EDGE | NONE | GOLD | KT_10 | 1ct | imgs:1
[05:39:12][CUSHION] [8119] ? NIV-45F01A6CBFA0FC58 | BASKET | KNIFE_EDGE | NONE | GOLD | KT_10 | 1ct | imgs:3
[05:39:18][CUSHION] [8120] ? NIV-45F01A6CBFA0FC58 | BASKET | KNIFE_EDGE | NONE | GOLD | KT_10 | 1ct | imgs:3
[05:39:24][CUSHION] [8121] ? NIV-AFB46DF345AC21C8 | BASKET | KNIFE_EDGE | NONE | GOLD | KT_14 | 1ct | imgs:3
[05:39:30][CUSHION] [8122] ? NIV-AFB46DF345AC21C8 | BASKET | KNIFE_EDGE | NONE | GOLD | KT_14 | 1ct | imgs:3
[05:39:36][CUSHION] [8123] ? NIV-AFB46DF345AC21C8 | BASKET | KNIFE_EDGE | NONE | GOLD | KT_14 | 1ct | imgs:3
[05:39:39][CUSHION] [8124] ? NIV-951D4BE000F637C5 | BASKET | KNIFE_EDGE | NONE | GOLD | KT_14 | 1ct | imgs:3
[05:39:45][CUSHION] [8125] ? NIV-951D4BE000F637C5 | BASKET | KNIFE_EDGE | NONE | GOLD | KT_14 | 1ct | imgs:3
[05:39:51][CUSHION] [8126] ? NIV-951D4BE000F637C5 | BASKET | KNIFE_EDGE | NONE | GOLD | KT_14 | 1ct | imgs:3
[05:39:54][CUSHION] [8127] ? NIV-C524BF1253077AB1 | BASKET | KNIFE_EDGE | NONE | GOLD | KT_14 | 1ct | imgs:1
[05:40:00][CUSHION] [8128] ? NIV-C524BF1253077AB1 | BASKET | KNIFE_EDGE | NONE | GOLD | KT_14 | 1ct | imgs:3
[05:40:06][CUSHION] [8129] ? NIV-C524BF1253077AB1 | BASKET | KNIFE_EDGE | NONE | GOLD | KT_14 | 1ct | imgs:3
[05:40:13][CUSHION] [8130] ? NIV-71217A9304CEF8B6 | BASKET | KNIFE_EDGE | NONE | GOLD | KT_18 | 1ct | imgs:2
[05:40:18][CUSHION] [8131] ? NIV-71217A9304CEF8B6 | BASKET | KNIFE_EDGE | NONE | GOLD | KT_18 | 1ct | imgs:3
[05:40:24][CUSHION] [8132] ? NIV-71217A9304CEF8B6 | BASKET | KNIFE_EDGE | NONE | GOLD | KT_18 | 1ct | imgs:3
[05:40:27][CUSHION] [8133] ? NIV-BC6022035AAFFECD | BASKET | KNIFE_EDGE | NONE | GOLD | KT_18 | 1ct | imgs:3
[05:40:30][CUSHION] [8134] ? NIV-BC6022035AAFFECD | BASKET | KNIFE_EDGE | NONE | GOLD | KT_18 | 1ct | imgs:3
[05:40:36][CUSHION] [8135] ? NIV-BC6022035AAFFECD | BASKET | KNIFE_EDGE | NONE | GOLD | KT_18 | 1ct | imgs:3
[05:40:44][CUSHION] [8136] ? NIV-4F4932F0B257833D | BASKET | KNIFE_EDGE | NONE | GOLD | KT_18 | 1ct | imgs:1
[05:40:48][CUSHION] [8137] ? NIV-4F4932F0B257833D | BASKET | KNIFE_EDGE | NONE | GOLD | KT_18 | 1ct | imgs:3
[05:40:54][CUSHION] [8138] ? NIV-4F4932F0B257833D | BASKET | KNIFE_EDGE | NONE | GOLD | KT_18 | 1ct | imgs:3
[05:41:00][CUSHION] [8139] ? NIV-E3CF009AED4BA034 | BASKET | KNIFE_EDGE | NONE | PLATINUM | PT_950 | 1ct | imgs:1
[05:41:14][CUSHION] [8140] ??  NIV-7E07EE78F77C6D76 | BASKET | KNIFE_EDGE | U_PAVE | GOLD | KT_10 | 1ct | imgs:0
[05:41:18][CUSHION] [8141] ? NIV-7E07EE78F77C6D76 | BASKET | KNIFE_EDGE | U_PAVE | GOLD | KT_10 | 1ct | imgs:3
[05:41:24][CUSHION] [8142] ? NIV-7E07EE78F77C6D76 | BASKET | KNIFE_EDGE | U_PAVE | GOLD | KT_10 | 1ct | imgs:3
[05:41:27][CUSHION] [8143] ? NIV-CD94A3CFF02FAAC3 | BASKET | KNIFE_EDGE | U_PAVE | GOLD | KT_10 | 1ct | imgs:3
[05:41:33][CUSHION] [8144] ? NIV-CD94A3CFF02FAAC3 | BASKET | KNIFE_EDGE | U_PAVE | GOLD | KT_10 | 1ct | imgs:3
[05:41:36][CUSHION] [8145] ? NIV-CD94A3CFF02FAAC3 | BASKET | KNIFE_EDGE | U_PAVE | GOLD | KT_10 | 1ct | imgs:3
[05:41:47][CUSHION] [8146] ??  NIV-DA5447CBE809DFA2 | BASKET | KNIFE_EDGE | U_PAVE | GOLD | KT_10 | 1ct | imgs:0
[05:41:52][CUSHION] [8147] ? NIV-DA5447CBE809DFA2 | BASKET | KNIFE_EDGE | U_PAVE | GOLD | KT_10 | 1ct | imgs:3
[05:41:57][CUSHION] [8148] ? NIV-DA5447CBE809DFA2 | BASKET | KNIFE_EDGE | U_PAVE | GOLD | KT_10 | 1ct | imgs:3
[05:42:07][CUSHION] [8149] ? NIV-54ED67070E801F3B | BASKET | KNIFE_EDGE | U_PAVE | GOLD | KT_14 | 1ct | imgs:1
[05:42:12][CUSHION] [8150] ? NIV-54ED67070E801F3B | BASKET | KNIFE_EDGE | U_PAVE | GOLD | KT_14 | 1ct | imgs:3
[05:42:15][CUSHION] [8151] ? NIV-54ED67070E801F3B | BASKET | KNIFE_EDGE | U_PAVE | GOLD | KT_14 | 1ct | imgs:3
[05:42:18][CUSHION] [8152] ? NIV-D365250B9C035899 | BASKET | KNIFE_EDGE | U_PAVE | GOLD | KT_14 | 1ct | imgs:2
[05:42:24][CUSHION] [8153] ? NIV-D365250B9C035899 | BASKET | KNIFE_EDGE | U_PAVE | GOLD | KT_14 | 1ct | imgs:3
[05:42:30][CUSHION] [8154] ? NIV-D365250B9C035899 | BASKET | KNIFE_EDGE | U_PAVE | GOLD | KT_14 | 1ct | imgs:3
[05:42:33][CUSHION] [8155] ? NIV-1EB63260723CFE2D | BASKET | KNIFE_EDGE | U_PAVE | GOLD | KT_14 | 1ct | imgs:3
[05:42:39][CUSHION] [8156] ? NIV-1EB63260723CFE2D | BASKET | KNIFE_EDGE | U_PAVE | GOLD | KT_14 | 1ct | imgs:3
[05:42:45][CUSHION] [8157] ? NIV-1EB63260723CFE2D | BASKET | KNIFE_EDGE | U_PAVE | GOLD | KT_14 | 1ct | imgs:3
[05:42:55][CUSHION] [8158] ? NIV-C8732F1D5968B399 | BASKET | KNIFE_EDGE | U_PAVE | GOLD | KT_18 | 1ct | imgs:1
[05:43:00][CUSHION] [8159] ? NIV-C8732F1D5968B399 | BASKET | KNIFE_EDGE | U_PAVE | GOLD | KT_18 | 1ct | imgs:3
[05:43:06][CUSHION] [8160] ? NIV-C8732F1D5968B399 | BASKET | KNIFE_EDGE | U_PAVE | GOLD | KT_18 | 1ct | imgs:3
[05:43:09][CUSHION] [8161] ? NIV-80E5E38D413D7978 | BASKET | KNIFE_EDGE | U_PAVE | GOLD | KT_18 | 1ct | imgs:3
[05:43:15][CUSHION] [8162] ? NIV-80E5E38D413D7978 | BASKET | KNIFE_EDGE | U_PAVE | GOLD | KT_18 | 1ct | imgs:3
[05:43:21][CUSHION] [8163] ? NIV-80E5E38D413D7978 | BASKET | KNIFE_EDGE | U_PAVE | GOLD | KT_18 | 1ct | imgs:3
[05:43:24][CUSHION] [8164] ? NIV-25DBDAD023071782 | BASKET | KNIFE_EDGE | U_PAVE | GOLD | KT_18 | 1ct | imgs:3
[05:43:27][CUSHION] [8165] ? NIV-25DBDAD023071782 | BASKET | KNIFE_EDGE | U_PAVE | GOLD | KT_18 | 1ct | imgs:3
[05:43:33][CUSHION] [8166] ? NIV-25DBDAD023071782 | BASKET | KNIFE_EDGE | U_PAVE | GOLD | KT_18 | 1ct | imgs:3
[05:43:36][CUSHION] [8167] ? NIV-0568089964B13800 | BASKET | KNIFE_EDGE | U_PAVE | PLATINUM | PT_950 | 1ct | imgs:3
[05:43:44][CUSHION] [8168] ? NIV-0B26CB1DD2C17AFC | BASKET | KNIFE_EDGE | U_PAVE | GOLD | KT_10 | 1ct | imgs:1
[05:43:48][CUSHION] [8169] ? NIV-0B26CB1DD2C17AFC | BASKET | KNIFE_EDGE | U_PAVE | GOLD | KT_10 | 1ct | imgs:3
[05:43:51][CUSHION] [8170] ? NIV-0B26CB1DD2C17AFC | BASKET | KNIFE_EDGE | U_PAVE | GOLD | KT_10 | 1ct | imgs:3
[05:43:54][CUSHION] [8171] ? NIV-FC0298D84BF1A011 | BASKET | KNIFE_EDGE | U_PAVE | GOLD | KT_10 | 1ct | imgs:3
[05:44:00][CUSHION] [8172] ? NIV-FC0298D84BF1A011 | BASKET | KNIFE_EDGE | U_PAVE | GOLD | KT_10 | 1ct | imgs:3
[05:44:06][CUSHION] [8173] ? NIV-FC0298D84BF1A011 | BASKET | KNIFE_EDGE | U_PAVE | GOLD | KT_10 | 1ct | imgs:3
[05:44:09][CUSHION] [8174] ? NIV-AC89A1B1DF6C50C0 | BASKET | KNIFE_EDGE | U_PAVE | GOLD | KT_10 | 1ct | imgs:3
[05:44:12][CUSHION] [8175] ? NIV-AC89A1B1DF6C50C0 | BASKET | KNIFE_EDGE | U_PAVE | GOLD | KT_10 | 1ct | imgs:3
[05:44:18][CUSHION] [8176] ? NIV-AC89A1B1DF6C50C0 | BASKET | KNIFE_EDGE | U_PAVE | GOLD | KT_10 | 1ct | imgs:3
[05:44:21][CUSHION] [8177] ? NIV-4D260E2DA6844F76 | BASKET | KNIFE_EDGE | U_PAVE | GOLD | KT_14 | 1ct | imgs:3
[05:44:27][CUSHION] [8178] ? NIV-4D260E2DA6844F76 | BASKET | KNIFE_EDGE | U_PAVE | GOLD | KT_14 | 1ct | imgs:3
[05:44:33][CUSHION] [8179] ? NIV-4D260E2DA6844F76 | BASKET | KNIFE_EDGE | U_PAVE | GOLD | KT_14 | 1ct | imgs:3
[05:44:36][CUSHION] [8180] ? NIV-8099C79969DD8269 | BASKET | KNIFE_EDGE | U_PAVE | GOLD | KT_14 | 1ct | imgs:2
[05:44:42][CUSHION] [8181] ? NIV-8099C79969DD8269 | BASKET | KNIFE_EDGE | U_PAVE | GOLD | KT_14 | 1ct | imgs:3
[05:44:48][CUSHION] [8182] ? NIV-8099C79969DD8269 | BASKET | KNIFE_EDGE | U_PAVE | GOLD | KT_14 | 1ct | imgs:3
[05:44:54][CUSHION] [8183] ? NIV-9E296E0CF66896A9 | BASKET | KNIFE_EDGE | U_PAVE | GOLD | KT_14 | 1ct | imgs:3
[05:45:00][CUSHION] [8184] ? NIV-9E296E0CF66896A9 | BASKET | KNIFE_EDGE | U_PAVE | GOLD | KT_14 | 1ct | imgs:3
[05:45:06][CUSHION] [8185] ? NIV-9E296E0CF66896A9 | BASKET | KNIFE_EDGE | U_PAVE | GOLD | KT_14 | 1ct | imgs:3
[05:45:15][CUSHION] [8186] ? NIV-32882C31F28D90C4 | BASKET | KNIFE_EDGE | U_PAVE | GOLD | KT_18 | 1ct | imgs:3
[05:45:21][CUSHION] [8187] ? NIV-32882C31F28D90C4 | BASKET | KNIFE_EDGE | U_PAVE | GOLD | KT_18 | 1ct | imgs:3
[05:45:27][CUSHION] [8188] ? NIV-32882C31F28D90C4 | BASKET | KNIFE_EDGE | U_PAVE | GOLD | KT_18 | 1ct | imgs:3
[05:45:33][CUSHION] [8189] ? NIV-A37BD1B0FB07B16D | BASKET | KNIFE_EDGE | U_PAVE | GOLD | KT_18 | 1ct | imgs:1
[05:45:39][CUSHION] [8190] ? NIV-A37BD1B0FB07B16D | BASKET | KNIFE_EDGE | U_PAVE | GOLD | KT_18 | 1ct | imgs:3
[05:45:42][CUSHION] [8191] ? NIV-A37BD1B0FB07B16D | BASKET | KNIFE_EDGE | U_PAVE | GOLD | KT_18 | 1ct | imgs:3
[05:45:47][CUSHION] [8192] ? NIV-DCC72D99D841AEE7 | BASKET | KNIFE_EDGE | U_PAVE | GOLD | KT_18 | 1ct | imgs:2
[05:45:51][CUSHION] [8193] ? NIV-DCC72D99D841AEE7 | BASKET | KNIFE_EDGE | U_PAVE | GOLD | KT_18 | 1ct | imgs:3
[05:45:54][CUSHION] [8194] ? NIV-DCC72D99D841AEE7 | BASKET | KNIFE_EDGE | U_PAVE | GOLD | KT_18 | 1ct | imgs:3
[05:45:57][CUSHION] [8195] ? NIV-E8D77319FD74F983 | BASKET | KNIFE_EDGE | U_PAVE | PLATINUM | PT_950 | 1ct | imgs:3
[05:46:08][CUSHION] [8196] ? NIV-90963824EB381D8F | BASKET | KNIFE_EDGE | U_PAVE | GOLD | KT_10 | 1ct | imgs:2
[05:46:12][CUSHION] [8197] ? NIV-90963824EB381D8F | BASKET | KNIFE_EDGE | U_PAVE | GOLD | KT_10 | 1ct | imgs:3
[05:46:18][CUSHION] [8198] ? NIV-90963824EB381D8F | BASKET | KNIFE_EDGE | U_PAVE | GOLD | KT_10 | 1ct | imgs:3
[05:46:27][CUSHION] [8199] ? NIV-089B658777CF1C59 | BASKET | KNIFE_EDGE | U_PAVE | GOLD | KT_10 | 1ct | imgs:1
[05:46:30][CUSHION] [8200] ? NIV-089B658777CF1C59 | BASKET | KNIFE_EDGE | U_PAVE | GOLD | KT_10 | 1ct | imgs:3
[05:46:36][CUSHION] [8201] ? NIV-089B658777CF1C59 | BASKET | KNIFE_EDGE | U_PAVE | GOLD | KT_10 | 1ct | imgs:3
[05:46:39][CUSHION] [8202] ? NIV-729A2D2D4EC4A79F | BASKET | KNIFE_EDGE | U_PAVE | GOLD | KT_10 | 1ct | imgs:2
[05:46:45][CUSHION] [8203] ? NIV-729A2D2D4EC4A79F | BASKET | KNIFE_EDGE | U_PAVE | GOLD | KT_10 | 1ct | imgs:3
[05:46:51][CUSHION] [8204] ? NIV-729A2D2D4EC4A79F | BASKET | KNIFE_EDGE | U_PAVE | GOLD | KT_10 | 1ct | imgs:3
[05:46:54][CUSHION] [8205] ? NIV-28EAE894120C1CB3 | BASKET | KNIFE_EDGE | U_PAVE | GOLD | KT_14 | 1ct | imgs:3
[05:46:57][CUSHION] [8206] ? NIV-28EAE894120C1CB3 | BASKET | KNIFE_EDGE | U_PAVE | GOLD | KT_14 | 1ct | imgs:3
[05:47:03][CUSHION] [8207] ? NIV-28EAE894120C1CB3 | BASKET | KNIFE_EDGE | U_PAVE | GOLD | KT_14 | 1ct | imgs:3
[05:47:07][CUSHION] [8208] ? NIV-9E85C47C501260B5 | BASKET | KNIFE_EDGE | U_PAVE | GOLD | KT_14 | 1ct | imgs:3
[05:47:12][CUSHION] [8209] ? NIV-9E85C47C501260B5 | BASKET | KNIFE_EDGE | U_PAVE | GOLD | KT_14 | 1ct | imgs:3
[05:47:18][CUSHION] [8210] ? NIV-9E85C47C501260B5 | BASKET | KNIFE_EDGE | U_PAVE | GOLD | KT_14 | 1ct | imgs:3
[05:47:21][CUSHION] [8211] ? NIV-438F0B7F685A74AA | BASKET | KNIFE_EDGE | U_PAVE | GOLD | KT_14 | 1ct | imgs:1
[05:47:24][CUSHION] [8212] ? NIV-438F0B7F685A74AA | BASKET | KNIFE_EDGE | U_PAVE | GOLD | KT_14 | 1ct | imgs:3
[05:47:30][CUSHION] [8213] ? NIV-438F0B7F685A74AA | BASKET | KNIFE_EDGE | U_PAVE | GOLD | KT_14 | 1ct | imgs:3
[05:47:36][CUSHION] [8214] ? NIV-1A362B64B5F6CE45 | BASKET | KNIFE_EDGE | U_PAVE | GOLD | KT_18 | 1ct | imgs:3
[05:47:42][CUSHION] [8215] ? NIV-1A362B64B5F6CE45 | BASKET | KNIFE_EDGE | U_PAVE | GOLD | KT_18 | 1ct | imgs:3
[05:47:45][CUSHION] [8216] ? NIV-1A362B64B5F6CE45 | BASKET | KNIFE_EDGE | U_PAVE | GOLD | KT_18 | 1ct | imgs:3
[05:47:55][CUSHION] [8217] ? NIV-95285308454B6D0A | BASKET | KNIFE_EDGE | U_PAVE | GOLD | KT_18 | 1ct | imgs:1
[05:48:00][CUSHION] [8218] ? NIV-95285308454B6D0A | BASKET | KNIFE_EDGE | U_PAVE | GOLD | KT_18 | 1ct | imgs:3
[05:48:06][CUSHION] [8219] ? NIV-95285308454B6D0A | BASKET | KNIFE_EDGE | U_PAVE | GOLD | KT_18 | 1ct | imgs:3
[05:48:14][CUSHION] [8220] ? NIV-D3CEEC2998A10826 | BASKET | KNIFE_EDGE | U_PAVE | GOLD | KT_18 | 1ct | imgs:3
[05:48:18][CUSHION] [8221] ? NIV-D3CEEC2998A10826 | BASKET | KNIFE_EDGE | U_PAVE | GOLD | KT_18 | 1ct | imgs:3
[05:48:24][CUSHION] [8222] ? NIV-D3CEEC2998A10826 | BASKET | KNIFE_EDGE | U_PAVE | GOLD | KT_18 | 1ct | imgs:3
[05:48:29][CUSHION] [8223] ? NIV-633DF84122FF52B3 | BASKET | KNIFE_EDGE | U_PAVE | PLATINUM | PT_950 | 1ct | imgs:3
[05:48:44][CUSHION] [8224] ??  NIV-633DF84122FF52B3 | BASKET | KNIFE_EDGE | U_PAVE | GOLD | KT_10 | 1ct | imgs:0
[05:48:59][CUSHION] [8225] ??  NIV-633DF84122FF52B3 | BASKET | KNIFE_EDGE | U_PAVE | GOLD | KT_10 | 1ct | imgs:0
[05:49:07][CUSHION] [8226] ? NIV-0A367FAD80317ADB | BASKET | KNIFE_EDGE | U_PAVE | GOLD | KT_10 | 1ct | imgs:1
[05:49:09][CUSHION] [8227] ? NIV-37345CB08352D9B2 | BASKET | KNIFE_EDGE | U_PAVE | GOLD | KT_10 | 1ct | imgs:1
[05:49:12][CUSHION]   Re-seleccionando CUSHION (intento 1)
[05:49:12][CUSHION]   Boton no encontrado ? recargando configurador...
[05:49:40][CUSHION]   Re-seleccionando CUSHION (intento 2)
[05:49:43][CUSHION]   POST-CLICK: {'ap': 'true', 'ac': None, 'classes': 'MuiButtonBase-root|MuiToggleButtonGroup-grouped|MuiToggleButtonGroup-groupedHorizontal|MuiToggleButton-root|Mui-selected|MuiToggleButton-sizeMedium|MuiToggleButton-standard|jewellery-configurator-toggle-button|MuiToggleButtonGroup-middleButton|css-66ecda'}
[05:49:49][CUSHION] [8228] ? NIV-77CA058E09AC987B | BASKET | KNIFE_EDGE | U_PAVE | GOLD | KT_10 | 1ct | imgs:3
[05:50:01][CUSHION] [8229] ??  NIV-77CA058E09AC987B | BASKET | KNIFE_EDGE | U_PAVE | GOLD | KT_10 | 1ct | imgs:0
[05:50:06][CUSHION] [8230] ? NIV-0B268C97AA78BB2D | BASKET | KNIFE_EDGE | U_PAVE | GOLD | KT_10 | 1ct | imgs:1
[05:50:11][CUSHION] [8231] ? NIV-9F9395B60052D18B | BASKET | KNIFE_EDGE | U_PAVE | GOLD | KT_10 | 1ct | imgs:2
[05:50:19][CUSHION] [8232] ? NIV-EEF3D1BFF16452A4 | BASKET | KNIFE_EDGE | U_PAVE | GOLD | KT_10 | 1ct | imgs:1
[05:50:23][CUSHION] [8233] ? NIV-6D4B66DD88294108 | BASKET | KNIFE_EDGE | U_PAVE | GOLD | KT_14 | 1ct | imgs:1
[05:50:26][CUSHION] [8234] ? NIV-32D4DDFFD48858F8 | BASKET | KNIFE_EDGE | U_PAVE | GOLD | KT_14 | 1ct | imgs:2
[05:50:31][CUSHION] [8235] ? NIV-8715D3CE7B638CDD | BASKET | KNIFE_EDGE | U_PAVE | GOLD | KT_14 | 1ct | imgs:1
[05:50:38][CUSHION] [8236] ? NIV-C05A471B7CA2A2B3 | BASKET | KNIFE_EDGE | U_PAVE | GOLD | KT_14 | 1ct | imgs:1
[05:50:40][CUSHION] [8237] ? NIV-17BE965A4FF16689 | BASKET | KNIFE_EDGE | U_PAVE | GOLD | KT_14 | 1ct | imgs:3
[05:50:43][CUSHION] [8238] ? NIV-F2D7DBD05333162E | BASKET | KNIFE_EDGE | U_PAVE | GOLD | KT_14 | 1ct | imgs:3
[05:50:47][CUSHION] [8239] ? NIV-C765007197065129 | BASKET | KNIFE_EDGE | U_PAVE | GOLD | KT_14 | 1ct | imgs:1
[05:50:53][CUSHION] [8240] ? NIV-1EEAC083877F7039 | BASKET | KNIFE_EDGE | U_PAVE | GOLD | KT_14 | 1ct | imgs:1
[05:50:55][CUSHION] [8241] ? NIV-2335C47F1EFC68D4 | BASKET | KNIFE_EDGE | U_PAVE | GOLD | KT_14 | 1ct | imgs:3
[05:51:01][CUSHION] [8242] ? NIV-B4005D7D32572DBB | BASKET | KNIFE_EDGE | U_PAVE | GOLD | KT_18 | 1ct | imgs:3
[05:51:04][CUSHION] [8243] ? NIV-C7BB65D30BEF7E86 | BASKET | KNIFE_EDGE | U_PAVE | GOLD | KT_18 | 1ct | imgs:3
[05:51:08][CUSHION] [8244] ? NIV-1C9D8C7F4F1D828E | BASKET | KNIFE_EDGE | U_PAVE | GOLD | KT_18 | 1ct | imgs:3
[05:51:14][CUSHION] [8245] ? NIV-37D296180F6AD2CC | BASKET | KNIFE_EDGE | U_PAVE | GOLD | KT_18 | 1ct | imgs:3
[05:51:18][CUSHION] [8246] ? NIV-A151544E456906F1 | BASKET | KNIFE_EDGE | U_PAVE | GOLD | KT_18 | 1ct | imgs:3
[05:51:22][CUSHION] [8247] ? NIV-06B823BA53189283 | BASKET | KNIFE_EDGE | U_PAVE | GOLD | KT_18 | 1ct | imgs:3
[05:51:27][CUSHION] [8248] ? NIV-B2C08226542EA1F5 | BASKET | KNIFE_EDGE | U_PAVE | GOLD | KT_18 | 1ct | imgs:3
[05:51:30][CUSHION] [8249] ? NIV-197B4F4885BAC1F3 | BASKET | KNIFE_EDGE | U_PAVE | GOLD | KT_18 | 1ct | imgs:3
[05:51:34][CUSHION] [8250] ? NIV-8C6E9A19A41C7A59 | BASKET | KNIFE_EDGE | U_PAVE | GOLD | KT_18 | 1ct | imgs:3
[05:51:37][CUSHION] [8251] ? NIV-96F8BAE6A4C98EA0 | BASKET | KNIFE_EDGE | U_PAVE | PLATINUM | PT_950 | 1ct | imgs:3
[05:51:46][CUSHION] [8252] ? NIV-12B4880301AAC64F | BASKET | KNIFE_EDGE | BEAD | GOLD | KT_10 | 1ct | imgs:3
[05:51:53][CUSHION] [8253] ? NIV-12B4880301AAC64F | BASKET | KNIFE_EDGE | BEAD | GOLD | KT_10 | 1ct | imgs:3
[05:51:58][CUSHION] [8254] ? NIV-12B4880301AAC64F | BASKET | KNIFE_EDGE | BEAD | GOLD | KT_10 | 1ct | imgs:3
[05:52:02][CUSHION] [8255] ? NIV-25A5B70B9BF02B04 | BASKET | KNIFE_EDGE | BEAD | GOLD | KT_10 | 1ct | imgs:1
[05:52:07][CUSHION] [8256] ? NIV-25A5B70B9BF02B04 | BASKET | KNIFE_EDGE | BEAD | GOLD | KT_10 | 1ct | imgs:3
[05:52:14][CUSHION] [8257] ? NIV-25A5B70B9BF02B04 | BASKET | KNIFE_EDGE | BEAD | GOLD | KT_10 | 1ct | imgs:3
[05:52:20][CUSHION] [8258] ? NIV-853B87289DB1093E | BASKET | KNIFE_EDGE | BEAD | GOLD | KT_10 | 1ct | imgs:1
[05:52:25][CUSHION] [8259] ? NIV-853B87289DB1093E | BASKET | KNIFE_EDGE | BEAD | GOLD | KT_10 | 1ct | imgs:3
[05:52:29][CUSHION] [8260] ? NIV-853B87289DB1093E | BASKET | KNIFE_EDGE | BEAD | GOLD | KT_10 | 1ct | imgs:3
[05:52:37][CUSHION] [8261] ? NIV-567BBF299D1F8937 | BASKET | KNIFE_EDGE | BEAD | GOLD | KT_14 | 1ct | imgs:1
[05:52:41][CUSHION] [8262] ? NIV-567BBF299D1F8937 | BASKET | KNIFE_EDGE | BEAD | GOLD | KT_14 | 1ct | imgs:3
[05:52:46][CUSHION] [8263] ? NIV-567BBF299D1F8937 | BASKET | KNIFE_EDGE | BEAD | GOLD | KT_14 | 1ct | imgs:3
[05:52:57][CUSHION] [8264] ??  NIV-567BBF299D1F8937 | BASKET | KNIFE_EDGE | BEAD | GOLD | KT_14 | 1ct | imgs:0
[05:53:07][CUSHION] [8265] ? NIV-E60F9540848F1ED2 | BASKET | KNIFE_EDGE | BEAD | GOLD | KT_14 | 1ct | imgs:3
[05:53:10][CUSHION] [8266] ? NIV-E60F9540848F1ED2 | BASKET | KNIFE_EDGE | BEAD | GOLD | KT_14 | 1ct | imgs:3
[05:53:13][CUSHION] [8267] ? NIV-7D2272AC1709951D | BASKET | KNIFE_EDGE | BEAD | GOLD | KT_14 | 1ct | imgs:3
[05:53:17][CUSHION] [8268] ? NIV-7D2272AC1709951D | BASKET | KNIFE_EDGE | BEAD | GOLD | KT_14 | 1ct | imgs:3
[05:53:22][CUSHION] [8269] ? NIV-7D2272AC1709951D | BASKET | KNIFE_EDGE | BEAD | GOLD | KT_14 | 1ct | imgs:3
[05:53:27][CUSHION] [8270] ? NIV-786A12000FB45FEE | BASKET | KNIFE_EDGE | BEAD | GOLD | KT_18 | 1ct | imgs:2
[05:53:31][CUSHION] [8271] ? NIV-786A12000FB45FEE | BASKET | KNIFE_EDGE | BEAD | GOLD | KT_18 | 1ct | imgs:3
[05:53:37][CUSHION] [8272] ? NIV-786A12000FB45FEE | BASKET | KNIFE_EDGE | BEAD | GOLD | KT_18 | 1ct | imgs:3
[05:53:40][CUSHION] [8273] ? NIV-5A2D99472594FC0F | BASKET | KNIFE_EDGE | BEAD | GOLD | KT_18 | 1ct | imgs:3
[05:53:44][CUSHION] [8274] ? NIV-5A2D99472594FC0F | BASKET | KNIFE_EDGE | BEAD | GOLD | KT_18 | 1ct | imgs:3
[05:53:49][CUSHION] [8275] ? NIV-5A2D99472594FC0F | BASKET | KNIFE_EDGE | BEAD | GOLD | KT_18 | 1ct | imgs:3
[05:53:52][CUSHION] [8276] ? NIV-1ADCC9E265D69B29 | BASKET | KNIFE_EDGE | BEAD | GOLD | KT_18 | 1ct | imgs:3
[05:53:56][CUSHION] [8277] ? NIV-1ADCC9E265D69B29 | BASKET | KNIFE_EDGE | BEAD | GOLD | KT_18 | 1ct | imgs:3
[05:54:01][CUSHION] [8278] ? NIV-1ADCC9E265D69B29 | BASKET | KNIFE_EDGE | BEAD | GOLD | KT_18 | 1ct | imgs:3
[05:54:05][CUSHION] [8279] ? NIV-6AC0825DDACCF07E | BASKET | KNIFE_EDGE | BEAD | PLATINUM | PT_950 | 1ct | imgs:3
[05:54:11][CUSHION] [8280] ? NIV-5635AB68F0828ACE | BASKET | KNIFE_EDGE | BEAD | GOLD | KT_10 | 1ct | imgs:3
[05:54:16][CUSHION] [8281] ? NIV-5635AB68F0828ACE | BASKET | KNIFE_EDGE | BEAD | GOLD | KT_10 | 1ct | imgs:3
[05:54:22][CUSHION] [8282] ? NIV-5635AB68F0828ACE | BASKET | KNIFE_EDGE | BEAD | GOLD | KT_10 | 1ct | imgs:3
[05:54:26][CUSHION] [8283] ? NIV-1D82C85FF9E21F0F | BASKET | KNIFE_EDGE | BEAD | GOLD | KT_10 | 1ct | imgs:3
[05:54:32][CUSHION] [8284] ? NIV-1D82C85FF9E21F0F | BASKET | KNIFE_EDGE | BEAD | GOLD | KT_10 | 1ct | imgs:3
[05:54:37][CUSHION] [8285] ? NIV-1D82C85FF9E21F0F | BASKET | KNIFE_EDGE | BEAD | GOLD | KT_10 | 1ct | imgs:3
[05:54:43][CUSHION] [8286] ? NIV-1228A3744F1727D0 | BASKET | KNIFE_EDGE | BEAD | GOLD | KT_10 | 1ct | imgs:1
[05:54:50][CUSHION] [8287] ? NIV-1228A3744F1727D0 | BASKET | KNIFE_EDGE | BEAD | GOLD | KT_10 | 1ct | imgs:3
[05:54:55][CUSHION] [8288] ? NIV-1228A3744F1727D0 | BASKET | KNIFE_EDGE | BEAD | GOLD | KT_10 | 1ct | imgs:3
[05:55:01][CUSHION] [8289] ? NIV-C1DFFD901A7F04AF | BASKET | KNIFE_EDGE | BEAD | GOLD | KT_14 | 1ct | imgs:3
[05:55:07][CUSHION] [8290] ? NIV-C1DFFD901A7F04AF | BASKET | KNIFE_EDGE | BEAD | GOLD | KT_14 | 1ct | imgs:3
[05:55:14][CUSHION] [8291] ? NIV-C1DFFD901A7F04AF | BASKET | KNIFE_EDGE | BEAD | GOLD | KT_14 | 1ct | imgs:3
[05:55:18][CUSHION] [8292] ? NIV-FC452D742A5EE689 | BASKET | KNIFE_EDGE | BEAD | GOLD | KT_14 | 1ct | imgs:1
[05:55:22][CUSHION] [8293] ? NIV-FC452D742A5EE689 | BASKET | KNIFE_EDGE | BEAD | GOLD | KT_14 | 1ct | imgs:3
[05:55:29][CUSHION] [8294] ? NIV-FC452D742A5EE689 | BASKET | KNIFE_EDGE | BEAD | GOLD | KT_14 | 1ct | imgs:3
[05:55:32][CUSHION] [8295] ? NIV-56B51270D3BF3D06 | BASKET | KNIFE_EDGE | BEAD | GOLD | KT_14 | 1ct | imgs:3
[05:55:37][CUSHION] [8296] ? NIV-56B51270D3BF3D06 | BASKET | KNIFE_EDGE | BEAD | GOLD | KT_14 | 1ct | imgs:3
[05:55:43][CUSHION] [8297] ? NIV-56B51270D3BF3D06 | BASKET | KNIFE_EDGE | BEAD | GOLD | KT_14 | 1ct | imgs:3
[05:55:50][CUSHION] [8298] ? NIV-D45A6BD6433C3A89 | BASKET | KNIFE_EDGE | BEAD | GOLD | KT_18 | 1ct | imgs:3
[05:55:56][CUSHION] [8299] ? NIV-D45A6BD6433C3A89 | BASKET | KNIFE_EDGE | BEAD | GOLD | KT_18 | 1ct | imgs:3
[05:56:01][CUSHION] [8300] ? NIV-D45A6BD6433C3A89 | BASKET | KNIFE_EDGE | BEAD | GOLD | KT_18 | 1ct | imgs:3
[05:56:04][CUSHION] [8301] ? NIV-14C81A37CA429EC0 | BASKET | KNIFE_EDGE | BEAD | GOLD | KT_18 | 1ct | imgs:3
[05:56:10][CUSHION] [8302] ? NIV-14C81A37CA429EC0 | BASKET | KNIFE_EDGE | BEAD | GOLD | KT_18 | 1ct | imgs:3
[05:56:16][CUSHION] [8303] ? NIV-14C81A37CA429EC0 | BASKET | KNIFE_EDGE | BEAD | GOLD | KT_18 | 1ct | imgs:3
[05:56:20][CUSHION] [8304] ? NIV-3EB9482AC008CC85 | BASKET | KNIFE_EDGE | BEAD | GOLD | KT_18 | 1ct | imgs:3
[05:56:25][CUSHION] [8305] ? NIV-3EB9482AC008CC85 | BASKET | KNIFE_EDGE | BEAD | GOLD | KT_18 | 1ct | imgs:3
[05:56:32][CUSHION] [8306] ? NIV-3EB9482AC008CC85 | BASKET | KNIFE_EDGE | BEAD | GOLD | KT_18 | 1ct | imgs:3
[05:56:38][CUSHION] [8307] ? NIV-B019B18844A938DB | BASKET | KNIFE_EDGE | BEAD | PLATINUM | PT_950 | 1ct | imgs:3
[05:56:43][CUSHION] [8308] ? NIV-7C699A98539C817D | BASKET | KNIFE_EDGE | BEAD | GOLD | KT_10 | 1ct | imgs:3
[05:56:47][CUSHION] [8309] ? NIV-7C699A98539C817D | BASKET | KNIFE_EDGE | BEAD | GOLD | KT_10 | 1ct | imgs:3
[05:56:50][CUSHION] [8310] ? NIV-7C699A98539C817D | BASKET | KNIFE_EDGE | BEAD | GOLD | KT_10 | 1ct | imgs:3
[05:56:53][CUSHION] [8311] ? NIV-D43B9ECE73C73F50 | BASKET | KNIFE_EDGE | BEAD | GOLD | KT_10 | 1ct | imgs:2
[05:56:58][CUSHION] [8312] ? NIV-D43B9ECE73C73F50 | BASKET | KNIFE_EDGE | BEAD | GOLD | KT_10 | 1ct | imgs:3
[05:57:04][CUSHION] [8313] ? NIV-D43B9ECE73C73F50 | BASKET | KNIFE_EDGE | BEAD | GOLD | KT_10 | 1ct | imgs:3
[05:57:16][CUSHION] [8314] ??  NIV-D43B9ECE73C73F50 | BASKET | KNIFE_EDGE | BEAD | GOLD | KT_10 | 1ct | imgs:0
[05:57:22][CUSHION] [8315] ? NIV-50ADCC342ECF96BA | BASKET | KNIFE_EDGE | BEAD | GOLD | KT_10 | 1ct | imgs:3
[05:57:28][CUSHION] [8316] ? NIV-50ADCC342ECF96BA | BASKET | KNIFE_EDGE | BEAD | GOLD | KT_10 | 1ct | imgs:3
[05:57:36][CUSHION] [8317] ? NIV-33CFDCC4F328AB54 | BASKET | KNIFE_EDGE | BEAD | GOLD | KT_14 | 1ct | imgs:3
[05:57:41][CUSHION] [8318] ? NIV-33CFDCC4F328AB54 | BASKET | KNIFE_EDGE | BEAD | GOLD | KT_14 | 1ct | imgs:3
[05:57:46][CUSHION] [8319] ? NIV-33CFDCC4F328AB54 | BASKET | KNIFE_EDGE | BEAD | GOLD | KT_14 | 1ct | imgs:3
[05:57:52][CUSHION] [8320] ? NIV-8B37E6CFCC1F7035 | BASKET | KNIFE_EDGE | BEAD | GOLD | KT_14 | 1ct | imgs:1
[05:57:59][CUSHION] [8321] ? NIV-8B37E6CFCC1F7035 | BASKET | KNIFE_EDGE | BEAD | GOLD | KT_14 | 1ct | imgs:3
[05:58:05][CUSHION] [8322] ? NIV-8B37E6CFCC1F7035 | BASKET | KNIFE_EDGE | BEAD | GOLD | KT_14 | 1ct | imgs:3
[05:58:10][CUSHION] [8323] ? NIV-A952C326CFEDB294 | BASKET | KNIFE_EDGE | BEAD | GOLD | KT_14 | 1ct | imgs:1
[05:58:16][CUSHION] [8324] ? NIV-A952C326CFEDB294 | BASKET | KNIFE_EDGE | BEAD | GOLD | KT_14 | 1ct | imgs:3
[05:58:22][CUSHION] [8325] ? NIV-A952C326CFEDB294 | BASKET | KNIFE_EDGE | BEAD | GOLD | KT_14 | 1ct | imgs:3
[05:58:29][CUSHION] [8326] ? NIV-63A9B686946FAE6E | BASKET | KNIFE_EDGE | BEAD | GOLD | KT_18 | 1ct | imgs:1
[05:58:34][CUSHION] [8327] ? NIV-63A9B686946FAE6E | BASKET | KNIFE_EDGE | BEAD | GOLD | KT_18 | 1ct | imgs:3
[05:58:40][CUSHION] [8328] ? NIV-63A9B686946FAE6E | BASKET | KNIFE_EDGE | BEAD | GOLD | KT_18 | 1ct | imgs:3
[05:58:44][CUSHION] [8329] ? NIV-37393F7203A8879E | BASKET | KNIFE_EDGE | BEAD | GOLD | KT_18 | 1ct | imgs:1
[05:58:49][CUSHION] [8330] ? NIV-37393F7203A8879E | BASKET | KNIFE_EDGE | BEAD | GOLD | KT_18 | 1ct | imgs:3
[05:58:53][CUSHION] [8331] ? NIV-37393F7203A8879E | BASKET | KNIFE_EDGE | BEAD | GOLD | KT_18 | 1ct | imgs:3
[05:58:55][CUSHION] [8332] ? NIV-B89C62CA7C264F1C | BASKET | KNIFE_EDGE | BEAD | GOLD | KT_18 | 1ct | imgs:3
[05:58:59][CUSHION] [8333] ? NIV-B89C62CA7C264F1C | BASKET | KNIFE_EDGE | BEAD | GOLD | KT_18 | 1ct | imgs:3
[05:59:02][CUSHION] [8334] ? NIV-B89C62CA7C264F1C | BASKET | KNIFE_EDGE | BEAD | GOLD | KT_18 | 1ct | imgs:3
[05:59:08][CUSHION] [8335] ? NIV-474865A80A344305 | BASKET | KNIFE_EDGE | BEAD | PLATINUM | PT_950 | 1ct | imgs:3
[05:59:14][CUSHION] [8336] ? NIV-497233C9EA911C8E | BASKET | KNIFE_EDGE | BEAD | GOLD | KT_10 | 1ct | imgs:3
[05:59:19][CUSHION] [8337] ? NIV-497233C9EA911C8E | BASKET | KNIFE_EDGE | BEAD | GOLD | KT_10 | 1ct | imgs:3
[05:59:25][CUSHION] [8338] ? NIV-497233C9EA911C8E | BASKET | KNIFE_EDGE | BEAD | GOLD | KT_10 | 1ct | imgs:3
[05:59:28][CUSHION] [8339] ? NIV-FDFE4077752196B5 | BASKET | KNIFE_EDGE | BEAD | GOLD | KT_10 | 1ct | imgs:3
[05:59:34][CUSHION] [8340] ? NIV-FDFE4077752196B5 | BASKET | KNIFE_EDGE | BEAD | GOLD | KT_10 | 1ct | imgs:3
[05:59:41][CUSHION] [8341] ? NIV-FDFE4077752196B5 | BASKET | KNIFE_EDGE | BEAD | GOLD | KT_10 | 1ct | imgs:3
[05:59:43][CUSHION] [8342] ? NIV-A195A42A1199AC6D | BASKET | KNIFE_EDGE | BEAD | GOLD | KT_10 | 1ct | imgs:3
[05:59:47][CUSHION] [8343] ? NIV-A195A42A1199AC6D | BASKET | KNIFE_EDGE | BEAD | GOLD | KT_10 | 1ct | imgs:3
[05:59:50][CUSHION] [8344] ? NIV-A195A42A1199AC6D | BASKET | KNIFE_EDGE | BEAD | GOLD | KT_10 | 1ct | imgs:3
[05:59:55][CUSHION] [8345] ? NIV-A9DB6FB66DBC4E23 | BASKET | KNIFE_EDGE | BEAD | GOLD | KT_14 | 1ct | imgs:3
[06:00:01][CUSHION] [8346] ? NIV-A9DB6FB66DBC4E23 | BASKET | KNIFE_EDGE | BEAD | GOLD | KT_14 | 1ct | imgs:3
[06:00:07][CUSHION] [8347] ? NIV-A9DB6FB66DBC4E23 | BASKET | KNIFE_EDGE | BEAD | GOLD | KT_14 | 1ct | imgs:3
[06:00:11][CUSHION] [8348] ? NIV-295E89EEFE6B9607 | BASKET | KNIFE_EDGE | BEAD | GOLD | KT_14 | 1ct | imgs:1
[06:00:16][CUSHION] [8349] ? NIV-295E89EEFE6B9607 | BASKET | KNIFE_EDGE | BEAD | GOLD | KT_14 | 1ct | imgs:3
[06:00:20][CUSHION] [8350] ? NIV-295E89EEFE6B9607 | BASKET | KNIFE_EDGE | BEAD | GOLD | KT_14 | 1ct | imgs:3
[06:00:25][CUSHION] [8351] ? NIV-5C7B62BF6282D2D1 | BASKET | KNIFE_EDGE | BEAD | GOLD | KT_14 | 1ct | imgs:3
[06:00:31][CUSHION] [8352] ? NIV-5C7B62BF6282D2D1 | BASKET | KNIFE_EDGE | BEAD | GOLD | KT_14 | 1ct | imgs:3
[06:00:35][CUSHION] [8353] ? NIV-5C7B62BF6282D2D1 | BASKET | KNIFE_EDGE | BEAD | GOLD | KT_14 | 1ct | imgs:3
[06:00:40][CUSHION] [8354] ? NIV-EA3FC1F7886E80D0 | BASKET | KNIFE_EDGE | BEAD | GOLD | KT_18 | 1ct | imgs:3
[06:00:44][CUSHION] [8355] ? NIV-EA3FC1F7886E80D0 | BASKET | KNIFE_EDGE | BEAD | GOLD | KT_18 | 1ct | imgs:3
[06:00:50][CUSHION] [8356] ? NIV-EA3FC1F7886E80D0 | BASKET | KNIFE_EDGE | BEAD | GOLD | KT_18 | 1ct | imgs:3
[06:00:55][CUSHION] [8357] ? NIV-E174C8662A31FDED | BASKET | KNIFE_EDGE | BEAD | GOLD | KT_18 | 1ct | imgs:1
[06:00:58][CUSHION] [8358] ? NIV-E174C8662A31FDED | BASKET | KNIFE_EDGE | BEAD | GOLD | KT_18 | 1ct | imgs:3
[06:01:04][CUSHION] [8359] ? NIV-E174C8662A31FDED | BASKET | KNIFE_EDGE | BEAD | GOLD | KT_18 | 1ct | imgs:3
[06:01:08][CUSHION] [8360] ? NIV-87B643EB2A9CF7BD | BASKET | KNIFE_EDGE | BEAD | GOLD | KT_18 | 1ct | imgs:1
[06:01:13][CUSHION] [8361] ? NIV-87B643EB2A9CF7BD | BASKET | KNIFE_EDGE | BEAD | GOLD | KT_18 | 1ct | imgs:3
[06:01:19][CUSHION] [8362] ? NIV-87B643EB2A9CF7BD | BASKET | KNIFE_EDGE | BEAD | GOLD | KT_18 | 1ct | imgs:3
[06:01:25][CUSHION] [8363] ? NIV-1774BB59D4295E4B | BASKET | KNIFE_EDGE | BEAD | PLATINUM | PT_950 | 1ct | imgs:3
[06:01:34][CUSHION] [8364] ? NIV-D95EFC08EBFDA48B | BASKET | KNIFE_EDGE | BEAD | GOLD | KT_10 | 1ct | imgs:3
[06:01:40][CUSHION] [8365] ? NIV-D95EFC08EBFDA48B | BASKET | KNIFE_EDGE | BEAD | GOLD | KT_10 | 1ct | imgs:3
[06:01:44][CUSHION] [8366] ? NIV-D95EFC08EBFDA48B | BASKET | KNIFE_EDGE | BEAD | GOLD | KT_10 | 1ct | imgs:3
[06:01:47][CUSHION] [8367] ? NIV-CE7D6C807B05F749 | BASKET | KNIFE_EDGE | BEAD | GOLD | KT_10 | 1ct | imgs:3
[06:01:50][CUSHION] [8368] ? NIV-CE7D6C807B05F749 | BASKET | KNIFE_EDGE | BEAD | GOLD | KT_10 | 1ct | imgs:3
[06:01:55][CUSHION] [8369] ? NIV-CE7D6C807B05F749 | BASKET | KNIFE_EDGE | BEAD | GOLD | KT_10 | 1ct | imgs:3
[06:01:58][CUSHION] [8370] ? NIV-86C557E1668BBBF9 | BASKET | KNIFE_EDGE | BEAD | GOLD | KT_10 | 1ct | imgs:3
[06:02:02][CUSHION] [8371] ? NIV-86C557E1668BBBF9 | BASKET | KNIFE_EDGE | BEAD | GOLD | KT_10 | 1ct | imgs:3
[06:02:07][CUSHION] [8372] ? NIV-86C557E1668BBBF9 | BASKET | KNIFE_EDGE | BEAD | GOLD | KT_10 | 1ct | imgs:3
[06:02:12][CUSHION] [8373] ? NIV-F4DFA0869CAD4881 | BASKET | KNIFE_EDGE | BEAD | GOLD | KT_14 | 1ct | imgs:3
[06:02:16][CUSHION] [8374] ? NIV-F4DFA0869CAD4881 | BASKET | KNIFE_EDGE | BEAD | GOLD | KT_14 | 1ct | imgs:3
[06:02:20][CUSHION] [8375] ? NIV-F4DFA0869CAD4881 | BASKET | KNIFE_EDGE | BEAD | GOLD | KT_14 | 1ct | imgs:3
[06:02:22][CUSHION] [8376] ? NIV-CF007BAF96BC593D | BASKET | KNIFE_EDGE | BEAD | GOLD | KT_14 | 1ct | imgs:3
[06:02:28][CUSHION] [8377] ? NIV-CF007BAF96BC593D | BASKET | KNIFE_EDGE | BEAD | GOLD | KT_14 | 1ct | imgs:3
[06:02:34][CUSHION] [8378] ? NIV-CF007BAF96BC593D | BASKET | KNIFE_EDGE | BEAD | GOLD | KT_14 | 1ct | imgs:3
[06:02:37][CUSHION] [8379] ? NIV-FDA21AB5C241046C | BASKET | KNIFE_EDGE | BEAD | GOLD | KT_14 | 1ct | imgs:3
[06:02:41][CUSHION] [8380] ? NIV-FDA21AB5C241046C | BASKET | KNIFE_EDGE | BEAD | GOLD | KT_14 | 1ct | imgs:3
[06:02:46][CUSHION] [8381] ? NIV-FDA21AB5C241046C | BASKET | KNIFE_EDGE | BEAD | GOLD | KT_14 | 1ct | imgs:3
[06:02:52][CUSHION] [8382] ? NIV-A4084A75AFCFC353 | BASKET | KNIFE_EDGE | BEAD | GOLD | KT_18 | 1ct | imgs:3
[06:02:58][CUSHION] [8383] ? NIV-A4084A75AFCFC353 | BASKET | KNIFE_EDGE | BEAD | GOLD | KT_18 | 1ct | imgs:3
[06:03:04][CUSHION] [8384] ? NIV-A4084A75AFCFC353 | BASKET | KNIFE_EDGE | BEAD | GOLD | KT_18 | 1ct | imgs:3
[06:03:08][CUSHION] [8385] ? NIV-5C360E33E87F03F1 | BASKET | KNIFE_EDGE | BEAD | GOLD | KT_18 | 1ct | imgs:3
[06:03:13][CUSHION] [8386] ? NIV-5C360E33E87F03F1 | BASKET | KNIFE_EDGE | BEAD | GOLD | KT_18 | 1ct | imgs:3
[06:03:19][CUSHION] [8387] ? NIV-5C360E33E87F03F1 | BASKET | KNIFE_EDGE | BEAD | GOLD | KT_18 | 1ct | imgs:3
[06:03:22][CUSHION] [8388] ? NIV-EF59314BA4BACD00 | BASKET | KNIFE_EDGE | BEAD | GOLD | KT_18 | 1ct | imgs:3
[06:03:29][CUSHION] [8389] ? NIV-EF59314BA4BACD00 | BASKET | KNIFE_EDGE | BEAD | GOLD | KT_18 | 1ct | imgs:3
[06:03:34][CUSHION] [8390] ? NIV-EF59314BA4BACD00 | BASKET | KNIFE_EDGE | BEAD | GOLD | KT_18 | 1ct | imgs:3
[06:03:38][CUSHION] [8391] ? NIV-F7E3E98C42870676 | BASKET | KNIFE_EDGE | BEAD | PLATINUM | PT_950 | 1ct | imgs:3
[06:03:43][CUSHION] [8392] ? NIV-13CFC08F8D9E2014 | BASKET | KNIFE_EDGE | BEAD | GOLD | KT_10 | 1ct | imgs:3
[06:03:47][CUSHION] [8393] ? NIV-13CFC08F8D9E2014 | BASKET | KNIFE_EDGE | BEAD | GOLD | KT_10 | 1ct | imgs:3
[06:03:53][CUSHION] [8394] ? NIV-13CFC08F8D9E2014 | BASKET | KNIFE_EDGE | BEAD | GOLD | KT_10 | 1ct | imgs:3
[06:03:56][CUSHION] [8395] ? NIV-4BFBDFD2245BC10A | BASKET | KNIFE_EDGE | BEAD | GOLD | KT_10 | 1ct | imgs:3
[06:04:01][CUSHION] [8396] ? NIV-4BFBDFD2245BC10A | BASKET | KNIFE_EDGE | BEAD | GOLD | KT_10 | 1ct | imgs:3
[06:04:05][CUSHION] [8397] ? NIV-4BFBDFD2245BC10A | BASKET | KNIFE_EDGE | BEAD | GOLD | KT_10 | 1ct | imgs:3
[06:04:10][CUSHION] [8398] ? NIV-BA1588B2BF04D4DC | BASKET | KNIFE_EDGE | BEAD | GOLD | KT_10 | 1ct | imgs:3
[06:04:14][CUSHION] [8399] ? NIV-BA1588B2BF04D4DC | BASKET | KNIFE_EDGE | BEAD | GOLD | KT_10 | 1ct | imgs:3
[06:04:17][CUSHION] [8400] ? NIV-BA1588B2BF04D4DC | BASKET | KNIFE_EDGE | BEAD | GOLD | KT_10 | 1ct | imgs:3
[06:04:22][CUSHION] [8401] ? NIV-9E96F0A6E01C2110 | BASKET | KNIFE_EDGE | BEAD | GOLD | KT_14 | 1ct | imgs:3
[06:04:26][CUSHION] [8402] ? NIV-9E96F0A6E01C2110 | BASKET | KNIFE_EDGE | BEAD | GOLD | KT_14 | 1ct | imgs:3
[06:04:29][CUSHION] [8403] ? NIV-9E96F0A6E01C2110 | BASKET | KNIFE_EDGE | BEAD | GOLD | KT_14 | 1ct | imgs:3
[06:04:31][CUSHION] [8404] ? NIV-B6BCC4746723F4F1 | BASKET | KNIFE_EDGE | BEAD | GOLD | KT_14 | 1ct | imgs:3
[06:04:37][CUSHION] [8405] ? NIV-B6BCC4746723F4F1 | BASKET | KNIFE_EDGE | BEAD | GOLD | KT_14 | 1ct | imgs:3
[06:04:41][CUSHION] [8406] ? NIV-B6BCC4746723F4F1 | BASKET | KNIFE_EDGE | BEAD | GOLD | KT_14 | 1ct | imgs:3
[06:04:43][CUSHION] [8407] ? NIV-C5618070C0FB72E7 | BASKET | KNIFE_EDGE | BEAD | GOLD | KT_14 | 1ct | imgs:3
[06:04:47][CUSHION] [8408] ? NIV-C5618070C0FB72E7 | BASKET | KNIFE_EDGE | BEAD | GOLD | KT_14 | 1ct | imgs:3
[06:04:52][CUSHION] [8409] ? NIV-C5618070C0FB72E7 | BASKET | KNIFE_EDGE | BEAD | GOLD | KT_14 | 1ct | imgs:3
[06:04:58][CUSHION] [8410] ? NIV-FFB8E3021A7E854F | BASKET | KNIFE_EDGE | BEAD | GOLD | KT_18 | 1ct | imgs:1
[06:05:01][CUSHION] [8411] ? NIV-FFB8E3021A7E854F | BASKET | KNIFE_EDGE | BEAD | GOLD | KT_18 | 1ct | imgs:3
[06:05:05][CUSHION] [8412] ? NIV-FFB8E3021A7E854F | BASKET | KNIFE_EDGE | BEAD | GOLD | KT_18 | 1ct | imgs:3
[06:05:07][CUSHION] [8413] ? NIV-495C6C92B8D08F45 | BASKET | KNIFE_EDGE | BEAD | GOLD | KT_18 | 1ct | imgs:3
[06:05:11][CUSHION] [8414] ? NIV-495C6C92B8D08F45 | BASKET | KNIFE_EDGE | BEAD | GOLD | KT_18 | 1ct | imgs:3
[06:05:16][CUSHION] [8415] ? NIV-495C6C92B8D08F45 | BASKET | KNIFE_EDGE | BEAD | GOLD | KT_18 | 1ct | imgs:3
[06:05:19][CUSHION] [8416] ? NIV-8578A1C94B0D95A0 | BASKET | KNIFE_EDGE | BEAD | GOLD | KT_18 | 1ct | imgs:3
[06:05:23][CUSHION] [8417] ? NIV-8578A1C94B0D95A0 | BASKET | KNIFE_EDGE | BEAD | GOLD | KT_18 | 1ct | imgs:3
[06:05:28][CUSHION] [8418] ? NIV-8578A1C94B0D95A0 | BASKET | KNIFE_EDGE | BEAD | GOLD | KT_18 | 1ct | imgs:3
[06:05:31][CUSHION] [8419] ? NIV-4F78CAFB40A148C8 | BASKET | KNIFE_EDGE | BEAD | PLATINUM | PT_950 | 1ct | imgs:3
[06:05:40][CUSHION] [8420] ? NIV-8E9CBDA02E1EB6CA | BASKET | KNIFE_EDGE | BEAD | GOLD | KT_10 | 1ct | imgs:1
[06:05:46][CUSHION] [8421] ? NIV-8E9CBDA02E1EB6CA | BASKET | KNIFE_EDGE | BEAD | GOLD | KT_10 | 1ct | imgs:3
[06:05:50][CUSHION] [8422] ? NIV-8E9CBDA02E1EB6CA | BASKET | KNIFE_EDGE | BEAD | GOLD | KT_10 | 1ct | imgs:3
[06:05:55][CUSHION] [8423] ? NIV-D17F986765DC6B94 | BASKET | KNIFE_EDGE | BEAD | GOLD | KT_10 | 1ct | imgs:1
[06:05:59][CUSHION] [8424] ? NIV-D17F986765DC6B94 | BASKET | KNIFE_EDGE | BEAD | GOLD | KT_10 | 1ct | imgs:3
[06:06:04][CUSHION] [8425] ? NIV-D17F986765DC6B94 | BASKET | KNIFE_EDGE | BEAD | GOLD | KT_10 | 1ct | imgs:3
[06:06:07][CUSHION] [8426] ? NIV-361701D5E11C6F32 | BASKET | KNIFE_EDGE | BEAD | GOLD | KT_10 | 1ct | imgs:3
[06:06:14][CUSHION] [8427] ? NIV-361701D5E11C6F32 | BASKET | KNIFE_EDGE | BEAD | GOLD | KT_10 | 1ct | imgs:3
[06:06:19][CUSHION] [8428] ? NIV-361701D5E11C6F32 | BASKET | KNIFE_EDGE | BEAD | GOLD | KT_10 | 1ct | imgs:3
[06:06:25][CUSHION] [8429] ? NIV-728260F12C9D2741 | BASKET | KNIFE_EDGE | BEAD | GOLD | KT_14 | 1ct | imgs:1
[06:06:31][CUSHION] [8430] ? NIV-728260F12C9D2741 | BASKET | KNIFE_EDGE | BEAD | GOLD | KT_14 | 1ct | imgs:3
[06:06:38][CUSHION] [8431] ? NIV-728260F12C9D2741 | BASKET | KNIFE_EDGE | BEAD | GOLD | KT_14 | 1ct | imgs:3
[06:06:44][CUSHION] [8432] ? NIV-BF9FF039900555A6 | BASKET | KNIFE_EDGE | BEAD | GOLD | KT_14 | 1ct | imgs:1
[06:06:49][CUSHION] [8433] ? NIV-BF9FF039900555A6 | BASKET | KNIFE_EDGE | BEAD | GOLD | KT_14 | 1ct | imgs:3
[06:06:53][CUSHION] [8434] ? NIV-BF9FF039900555A6 | BASKET | KNIFE_EDGE | BEAD | GOLD | KT_14 | 1ct | imgs:3
[06:06:58][CUSHION] [8435] ? NIV-C1434736E3E30A1C | BASKET | KNIFE_EDGE | BEAD | GOLD | KT_14 | 1ct | imgs:3
[06:07:02][CUSHION] [8436] ? NIV-C1434736E3E30A1C | BASKET | KNIFE_EDGE | BEAD | GOLD | KT_14 | 1ct | imgs:3
[06:07:05][CUSHION] [8437] ? NIV-C1434736E3E30A1C | BASKET | KNIFE_EDGE | BEAD | GOLD | KT_14 | 1ct | imgs:3
[06:07:10][CUSHION] [8438] ? NIV-8B79D56380276955 | BASKET | KNIFE_EDGE | BEAD | GOLD | KT_18 | 1ct | imgs:1
[06:07:17][CUSHION] [8439] ? NIV-8B79D56380276955 | BASKET | KNIFE_EDGE | BEAD | GOLD | KT_18 | 1ct | imgs:3
[06:07:22][CUSHION] [8440] ? NIV-8B79D56380276955 | BASKET | KNIFE_EDGE | BEAD | GOLD | KT_18 | 1ct | imgs:3
[06:07:28][CUSHION] [8441] ? NIV-6A4EC6BA6ABE440D | BASKET | KNIFE_EDGE | BEAD | GOLD | KT_18 | 1ct | imgs:1
[06:07:31][CUSHION] [8442] ? NIV-6A4EC6BA6ABE440D | BASKET | KNIFE_EDGE | BEAD | GOLD | KT_18 | 1ct | imgs:3
[06:07:35][CUSHION] [8443] ? NIV-6A4EC6BA6ABE440D | BASKET | KNIFE_EDGE | BEAD | GOLD | KT_18 | 1ct | imgs:3
[06:07:39][CUSHION] [8444] ? NIV-976DE6539F572035 | BASKET | KNIFE_EDGE | BEAD | GOLD | KT_18 | 1ct | imgs:1
[06:07:43][CUSHION] [8445] ? NIV-976DE6539F572035 | BASKET | KNIFE_EDGE | BEAD | GOLD | KT_18 | 1ct | imgs:3
[06:07:50][CUSHION] [8446] ? NIV-976DE6539F572035 | BASKET | KNIFE_EDGE | BEAD | GOLD | KT_18 | 1ct | imgs:3
[06:07:56][CUSHION] [8447] ? NIV-B13AC95C16F88BB6 | BASKET | KNIFE_EDGE | BEAD | PLATINUM | PT_950 | 1ct | imgs:3
[06:08:02][CUSHION] [8448] ? NIV-42B7E2C2E244BD77 | BASKET | KNIFE_EDGE | BEAD | GOLD | KT_10 | 1ct | imgs:3
[06:08:07][CUSHION] [8449] ? NIV-42B7E2C2E244BD77 | BASKET | KNIFE_EDGE | BEAD | GOLD | KT_10 | 1ct | imgs:3
[06:08:11][CUSHION] [8450] ? NIV-42B7E2C2E244BD77 | BASKET | KNIFE_EDGE | BEAD | GOLD | KT_10 | 1ct | imgs:3
[06:08:14][CUSHION] [8451] ? NIV-1D89E8D7F32E1247 | BASKET | KNIFE_EDGE | BEAD | GOLD | KT_10 | 1ct | imgs:1
[06:08:20][CUSHION] [8452] ? NIV-1D89E8D7F32E1247 | BASKET | KNIFE_EDGE | BEAD | GOLD | KT_10 | 1ct | imgs:3
[06:08:25][CUSHION] [8453] ? NIV-1D89E8D7F32E1247 | BASKET | KNIFE_EDGE | BEAD | GOLD | KT_10 | 1ct | imgs:3
[06:08:31][CUSHION] [8454] ? NIV-E03C124C1C409AA6 | BASKET | KNIFE_EDGE | BEAD | GOLD | KT_10 | 1ct | imgs:3
[06:08:35][CUSHION] [8455] ? NIV-E03C124C1C409AA6 | BASKET | KNIFE_EDGE | BEAD | GOLD | KT_10 | 1ct | imgs:3
[06:08:38][CUSHION] [8456] ? NIV-E03C124C1C409AA6 | BASKET | KNIFE_EDGE | BEAD | GOLD | KT_10 | 1ct | imgs:3
[06:08:43][CUSHION] [8457] ? NIV-C56A89E852A9723B | BASKET | KNIFE_EDGE | BEAD | GOLD | KT_14 | 1ct | imgs:3
[06:08:49][CUSHION] [8458] ? NIV-C56A89E852A9723B | BASKET | KNIFE_EDGE | BEAD | GOLD | KT_14 | 1ct | imgs:3
[06:08:56][CUSHION] [8459] ? NIV-C56A89E852A9723B | BASKET | KNIFE_EDGE | BEAD | GOLD | KT_14 | 1ct | imgs:3
[06:08:59][CUSHION] [8460] ? NIV-AD0F3015A29E5324 | BASKET | KNIFE_EDGE | BEAD | GOLD | KT_14 | 1ct | imgs:3
[06:09:02][CUSHION] [8461] ? NIV-AD0F3015A29E5324 | BASKET | KNIFE_EDGE | BEAD | GOLD | KT_14 | 1ct | imgs:3
[06:09:07][CUSHION] [8462] ? NIV-AD0F3015A29E5324 | BASKET | KNIFE_EDGE | BEAD | GOLD | KT_14 | 1ct | imgs:3
[06:09:10][CUSHION] [8463] ? NIV-44140F1997A2A7FD | BASKET | KNIFE_EDGE | BEAD | GOLD | KT_14 | 1ct | imgs:3
[06:09:17][CUSHION] [8464] ? NIV-44140F1997A2A7FD | BASKET | KNIFE_EDGE | BEAD | GOLD | KT_14 | 1ct | imgs:3
[06:09:22][CUSHION] [8465] ? NIV-44140F1997A2A7FD | BASKET | KNIFE_EDGE | BEAD | GOLD | KT_14 | 1ct | imgs:3
[06:09:27][CUSHION] [8466] ? NIV-A2068E6E1D83440C | BASKET | KNIFE_EDGE | BEAD | GOLD | KT_18 | 1ct | imgs:3
[06:09:32][CUSHION] [8467] ? NIV-A2068E6E1D83440C | BASKET | KNIFE_EDGE | BEAD | GOLD | KT_18 | 1ct | imgs:3
[06:09:37][CUSHION] [8468] ? NIV-A2068E6E1D83440C | BASKET | KNIFE_EDGE | BEAD | GOLD | KT_18 | 1ct | imgs:3
[06:09:46][CUSHION] [8469] ? NIV-0CDCBD929DC8CF7A | BASKET | KNIFE_EDGE | BEAD | GOLD | KT_18 | 1ct | imgs:1
[06:09:50][CUSHION] [8470] ? NIV-0CDCBD929DC8CF7A | BASKET | KNIFE_EDGE | BEAD | GOLD | KT_18 | 1ct | imgs:3
[06:09:55][CUSHION] [8471] ? NIV-0CDCBD929DC8CF7A | BASKET | KNIFE_EDGE | BEAD | GOLD | KT_18 | 1ct | imgs:3
[06:10:01][CUSHION] [8472] ? NIV-385AE65AAE2FF7D5 | BASKET | KNIFE_EDGE | BEAD | GOLD | KT_18 | 1ct | imgs:1
[06:10:05][CUSHION] [8473] ? NIV-385AE65AAE2FF7D5 | BASKET | KNIFE_EDGE | BEAD | GOLD | KT_18 | 1ct | imgs:3
[06:10:10][CUSHION] [8474] ? NIV-385AE65AAE2FF7D5 | BASKET | KNIFE_EDGE | BEAD | GOLD | KT_18 | 1ct | imgs:3
[06:10:17][CUSHION] [8475] ? NIV-6E04B505812734B3 | BASKET | KNIFE_EDGE | BEAD | PLATINUM | PT_950 | 1ct | imgs:3
[06:10:22][CUSHION] [8476] ? NIV-47AA4DA4BBDB6260 | BASKET | KNIFE_EDGE | BEAD | GOLD | KT_10 | 1ct | imgs:3
[06:10:26][CUSHION] [8477] ? NIV-47AA4DA4BBDB6260 | BASKET | KNIFE_EDGE | BEAD | GOLD | KT_10 | 1ct | imgs:3
[06:10:31][CUSHION] [8478] ? NIV-47AA4DA4BBDB6260 | BASKET | KNIFE_EDGE | BEAD | GOLD | KT_10 | 1ct | imgs:3
[06:10:37][CUSHION] [8479] ? NIV-F368FEE98615E72A | BASKET | KNIFE_EDGE | BEAD | GOLD | KT_10 | 1ct | imgs:1
[06:10:41][CUSHION] [8480] ? NIV-F368FEE98615E72A | BASKET | KNIFE_EDGE | BEAD | GOLD | KT_10 | 1ct | imgs:3
[06:10:46][CUSHION] [8481] ? NIV-F368FEE98615E72A | BASKET | KNIFE_EDGE | BEAD | GOLD | KT_10 | 1ct | imgs:3
[06:10:51][CUSHION] [8482] ? NIV-985E3F86261AD495 | BASKET | KNIFE_EDGE | BEAD | GOLD | KT_10 | 1ct | imgs:1
[06:10:55][CUSHION] [8483] ? NIV-985E3F86261AD495 | BASKET | KNIFE_EDGE | BEAD | GOLD | KT_10 | 1ct | imgs:3
[06:11:02][CUSHION] [8484] ? NIV-985E3F86261AD495 | BASKET | KNIFE_EDGE | BEAD | GOLD | KT_10 | 1ct | imgs:3
[06:11:10][CUSHION] [8485] ? NIV-79D96D99894188AF | BASKET | KNIFE_EDGE | BEAD | GOLD | KT_14 | 1ct | imgs:3
[06:11:16][CUSHION] [8486] ? NIV-79D96D99894188AF | BASKET | KNIFE_EDGE | BEAD | GOLD | KT_14 | 1ct | imgs:3
[06:11:20][CUSHION] [8487] ? NIV-79D96D99894188AF | BASKET | KNIFE_EDGE | BEAD | GOLD | KT_14 | 1ct | imgs:3
[06:11:25][CUSHION] [8488] ? NIV-FBB24DAA2504D0E4 | BASKET | KNIFE_EDGE | BEAD | GOLD | KT_14 | 1ct | imgs:1
[06:11:29][CUSHION] [8489] ? NIV-FBB24DAA2504D0E4 | BASKET | KNIFE_EDGE | BEAD | GOLD | KT_14 | 1ct | imgs:3
[06:11:34][CUSHION] [8490] ? NIV-FBB24DAA2504D0E4 | BASKET | KNIFE_EDGE | BEAD | GOLD | KT_14 | 1ct | imgs:3
[06:11:38][CUSHION] [8491] ? NIV-46044F987C6859FE | BASKET | KNIFE_EDGE | BEAD | GOLD | KT_14 | 1ct | imgs:3
[06:11:43][CUSHION] [8492] ? NIV-46044F987C6859FE | BASKET | KNIFE_EDGE | BEAD | GOLD | KT_14 | 1ct | imgs:3
[06:11:47][CUSHION] [8493] ? NIV-46044F987C6859FE | BASKET | KNIFE_EDGE | BEAD | GOLD | KT_14 | 1ct | imgs:3
[06:11:50][CUSHION] [8494] ? NIV-10C52080C8115EFD | BASKET | KNIFE_EDGE | BEAD | GOLD | KT_18 | 1ct | imgs:3
[06:11:55][CUSHION] [8495] ? NIV-10C52080C8115EFD | BASKET | KNIFE_EDGE | BEAD | GOLD | KT_18 | 1ct | imgs:3
[06:12:01][CUSHION] [8496] ? NIV-10C52080C8115EFD | BASKET | KNIFE_EDGE | BEAD | GOLD | KT_18 | 1ct | imgs:3
[06:12:05][CUSHION] [8497] ? NIV-D95F6BF1A4587B55 | BASKET | KNIFE_EDGE | BEAD | GOLD | KT_18 | 1ct | imgs:3
[06:12:10][CUSHION] [8498] ? NIV-D95F6BF1A4587B55 | BASKET | KNIFE_EDGE | BEAD | GOLD | KT_18 | 1ct | imgs:3
[06:12:14][CUSHION] [8499] ? NIV-D95F6BF1A4587B55 | BASKET | KNIFE_EDGE | BEAD | GOLD | KT_18 | 1ct | imgs:3
[06:12:17][CUSHION] [8500] ? NIV-03F56528E5083F95 | BASKET | KNIFE_EDGE | BEAD | GOLD | KT_18 | 1ct | imgs:3
[06:12:22][CUSHION] [8501] ? NIV-03F56528E5083F95 | BASKET | KNIFE_EDGE | BEAD | GOLD | KT_18 | 1ct | imgs:3
[06:12:28][CUSHION] [8502] ? NIV-03F56528E5083F95 | BASKET | KNIFE_EDGE | BEAD | GOLD | KT_18 | 1ct | imgs:3
[06:12:32][CUSHION] [8503] ? NIV-F7BC567FE527E1BC | BASKET | KNIFE_EDGE | BEAD | PLATINUM | PT_950 | 1ct | imgs:3
[06:12:40][CUSHION] [8504] ? NIV-E488C3BB3AC8A5B2 | BASKET | KNIFE_EDGE | BEAD | GOLD | KT_10 | 1ct | imgs:3
[06:12:47][CUSHION] [8505] ? NIV-E488C3BB3AC8A5B2 | BASKET | KNIFE_EDGE | BEAD | GOLD | KT_10 | 1ct | imgs:3
[06:12:52][CUSHION] [8506] ? NIV-E488C3BB3AC8A5B2 | BASKET | KNIFE_EDGE | BEAD | GOLD | KT_10 | 1ct | imgs:3
[06:12:55][CUSHION] [8507] ? NIV-9D3B80F203F58F9F | BASKET | KNIFE_EDGE | BEAD | GOLD | KT_10 | 1ct | imgs:3
[06:12:59][CUSHION] [8508] ? NIV-9D3B80F203F58F9F | BASKET | KNIFE_EDGE | BEAD | GOLD | KT_10 | 1ct | imgs:3
[06:13:04][CUSHION] [8509] ? NIV-9D3B80F203F58F9F | BASKET | KNIFE_EDGE | BEAD | GOLD | KT_10 | 1ct | imgs:3
[06:13:07][CUSHION] [8510] ? NIV-94D0BB01FD11BFB9 | BASKET | KNIFE_EDGE | BEAD | GOLD | KT_10 | 1ct | imgs:3
[06:13:13][CUSHION] [8511] ? NIV-94D0BB01FD11BFB9 | BASKET | KNIFE_EDGE | BEAD | GOLD | KT_10 | 1ct | imgs:3
[06:13:17][CUSHION] [8512] ? NIV-94D0BB01FD11BFB9 | BASKET | KNIFE_EDGE | BEAD | GOLD | KT_10 | 1ct | imgs:3
[06:13:20][CUSHION] [8513] ? NIV-7645810B869F06E3 | BASKET | KNIFE_EDGE | BEAD | GOLD | KT_14 | 1ct | imgs:3
[06:13:25][CUSHION] [8514] ? NIV-7645810B869F06E3 | BASKET | KNIFE_EDGE | BEAD | GOLD | KT_14 | 1ct | imgs:3
[06:13:31][CUSHION] [8515] ? NIV-7645810B869F06E3 | BASKET | KNIFE_EDGE | BEAD | GOLD | KT_14 | 1ct | imgs:3
[06:13:34][CUSHION] [8516] ? NIV-01A6125A76353631 | BASKET | KNIFE_EDGE | BEAD | GOLD | KT_14 | 1ct | imgs:3
[06:13:38][CUSHION] [8517] ? NIV-01A6125A76353631 | BASKET | KNIFE_EDGE | BEAD | GOLD | KT_14 | 1ct | imgs:3
[06:13:43][CUSHION] [8518] ? NIV-01A6125A76353631 | BASKET | KNIFE_EDGE | BEAD | GOLD | KT_14 | 1ct | imgs:3
[06:13:46][CUSHION] [8519] ? NIV-E61C16C316ADDD95 | BASKET | KNIFE_EDGE | BEAD | GOLD | KT_14 | 1ct | imgs:3
[06:13:52][CUSHION] [8520] ? NIV-E61C16C316ADDD95 | BASKET | KNIFE_EDGE | BEAD | GOLD | KT_14 | 1ct | imgs:3
[06:13:58][CUSHION] [8521] ? NIV-E61C16C316ADDD95 | BASKET | KNIFE_EDGE | BEAD | GOLD | KT_14 | 1ct | imgs:3
[06:14:04][CUSHION] [8522] ? NIV-66F4A32A712D703F | BASKET | KNIFE_EDGE | BEAD | GOLD | KT_18 | 1ct | imgs:3
[06:14:08][CUSHION] [8523] ? NIV-66F4A32A712D703F | BASKET | KNIFE_EDGE | BEAD | GOLD | KT_18 | 1ct | imgs:3
[06:14:11][CUSHION] [8524] ? NIV-66F4A32A712D703F | BASKET | KNIFE_EDGE | BEAD | GOLD | KT_18 | 1ct | imgs:3
[06:14:14][CUSHION] [8525] ? NIV-6FD4A4D07B5BE0D9 | BASKET | KNIFE_EDGE | BEAD | GOLD | KT_18 | 1ct | imgs:3
[06:14:19][CUSHION] [8526] ? NIV-6FD4A4D07B5BE0D9 | BASKET | KNIFE_EDGE | BEAD | GOLD | KT_18 | 1ct | imgs:3
[06:14:25][CUSHION] [8527] ? NIV-6FD4A4D07B5BE0D9 | BASKET | KNIFE_EDGE | BEAD | GOLD | KT_18 | 1ct | imgs:3
[06:14:28][CUSHION] [8528] ? NIV-DB436FE3990BD261 | BASKET | KNIFE_EDGE | BEAD | GOLD | KT_18 | 1ct | imgs:3
[06:14:32][CUSHION] [8529] ? NIV-DB436FE3990BD261 | BASKET | KNIFE_EDGE | BEAD | GOLD | KT_18 | 1ct | imgs:3
[06:14:37][CUSHION] [8530] ? NIV-DB436FE3990BD261 | BASKET | KNIFE_EDGE | BEAD | GOLD | KT_18 | 1ct | imgs:3
[06:14:40][CUSHION] [8531] ? NIV-6E330A9E4814EFF8 | BASKET | KNIFE_EDGE | BEAD | PLATINUM | PT_950 | 1ct | imgs:3
[06:14:46][CUSHION] [8532] ? NIV-05C33B0C1A1B0395 | BASKET | KNIFE_EDGE | BEAD | GOLD | KT_10 | 1ct | imgs:3
[06:14:49][CUSHION] [8533] ? NIV-05C33B0C1A1B0395 | BASKET | KNIFE_EDGE | BEAD | GOLD | KT_10 | 1ct | imgs:3
[06:14:53][CUSHION] [8534] ? NIV-05C33B0C1A1B0395 | BASKET | KNIFE_EDGE | BEAD | GOLD | KT_10 | 1ct | imgs:3
[06:15:04][CUSHION] [8535] ??  NIV-6119BE884A780D10 | BASKET | KNIFE_EDGE | BEAD | GOLD | KT_10 | 1ct | imgs:0
[06:15:10][CUSHION] [8536] ? NIV-6119BE884A780D10 | BASKET | KNIFE_EDGE | BEAD | GOLD | KT_10 | 1ct | imgs:3
[06:15:16][CUSHION] [8537] ? NIV-6119BE884A780D10 | BASKET | KNIFE_EDGE | BEAD | GOLD | KT_10 | 1ct | imgs:3
[06:15:22][CUSHION] [8538] ? NIV-D1475AB6450BA353 | BASKET | KNIFE_EDGE | BEAD | GOLD | KT_10 | 1ct | imgs:3
[06:15:29][CUSHION] [8539] ? NIV-D1475AB6450BA353 | BASKET | KNIFE_EDGE | BEAD | GOLD | KT_10 | 1ct | imgs:3
[06:15:34][CUSHION] [8540] ? NIV-D1475AB6450BA353 | BASKET | KNIFE_EDGE | BEAD | GOLD | KT_10 | 1ct | imgs:3
[06:15:48][CUSHION] [8541] ? NIV-94144E4D9EB82144 | BASKET | KNIFE_EDGE | BEAD | GOLD | KT_14 | 1ct | imgs:1
[06:15:52][CUSHION] [8542] ? NIV-94144E4D9EB82144 | BASKET | KNIFE_EDGE | BEAD | GOLD | KT_14 | 1ct | imgs:3
[06:15:56][CUSHION] [8543] ? NIV-94144E4D9EB82144 | BASKET | KNIFE_EDGE | BEAD | GOLD | KT_14 | 1ct | imgs:3
[06:16:02][CUSHION] [8544] ? NIV-2019238277B76C62 | BASKET | KNIFE_EDGE | BEAD | GOLD | KT_14 | 1ct | imgs:1
[06:16:07][CUSHION] [8545] ? NIV-2019238277B76C62 | BASKET | KNIFE_EDGE | BEAD | GOLD | KT_14 | 1ct | imgs:3
[06:16:13][CUSHION] [8546] ? NIV-2019238277B76C62 | BASKET | KNIFE_EDGE | BEAD | GOLD | KT_14 | 1ct | imgs:3
[06:16:25][CUSHION] [8547] ??  NIV-2019238277B76C62 | BASKET | KNIFE_EDGE | BEAD | GOLD | KT_14 | 1ct | imgs:0
[06:16:37][CUSHION] [8548] ??  NIV-2019238277B76C62 | BASKET | KNIFE_EDGE | BEAD | GOLD | KT_14 | 1ct | imgs:0
[06:16:48][CUSHION] [8549] ??  NIV-2019238277B76C62 | BASKET | KNIFE_EDGE | BEAD | GOLD | KT_14 | 1ct | imgs:0
[06:16:59][CUSHION] [8550] ? NIV-B3BE144781ECCA84 | BASKET | KNIFE_EDGE | BEAD | GOLD | KT_18 | 1ct | imgs:1
[06:17:04][CUSHION] [8551] ? NIV-B3BE144781ECCA84 | BASKET | KNIFE_EDGE | BEAD | GOLD | KT_18 | 1ct | imgs:3
[06:17:10][CUSHION] [8552] ? NIV-B3BE144781ECCA84 | BASKET | KNIFE_EDGE | BEAD | GOLD | KT_18 | 1ct | imgs:3
[06:17:15][CUSHION] [8553] ? NIV-4F857D3F5025F815 | BASKET | KNIFE_EDGE | BEAD | GOLD | KT_18 | 1ct | imgs:3
[06:17:19][CUSHION] [8554] ? NIV-4F857D3F5025F815 | BASKET | KNIFE_EDGE | BEAD | GOLD | KT_18 | 1ct | imgs:3
[06:17:25][CUSHION] [8555] ? NIV-4F857D3F5025F815 | BASKET | KNIFE_EDGE | BEAD | GOLD | KT_18 | 1ct | imgs:3
[06:17:29][CUSHION] [8556] ? NIV-53FBF1875B4D0EE9 | BASKET | KNIFE_EDGE | BEAD | GOLD | KT_18 | 1ct | imgs:3
[06:17:34][CUSHION] [8557] ? NIV-53FBF1875B4D0EE9 | BASKET | KNIFE_EDGE | BEAD | GOLD | KT_18 | 1ct | imgs:3
[06:17:40][CUSHION] [8558] ? NIV-53FBF1875B4D0EE9 | BASKET | KNIFE_EDGE | BEAD | GOLD | KT_18 | 1ct | imgs:3
[06:17:43][CUSHION] [8559] ? NIV-C93F6CCEE236E7C8 | BASKET | KNIFE_EDGE | BEAD | PLATINUM | PT_950 | 1ct | imgs:3
[06:17:50][CUSHION] [8560] ? NIV-BAEE1F46C70154C3 | BASKET | KNIFE_EDGE | BEAD | GOLD | KT_10 | 1ct | imgs:3
[06:17:55][CUSHION] [8561] ? NIV-BAEE1F46C70154C3 | BASKET | KNIFE_EDGE | BEAD | GOLD | KT_10 | 1ct | imgs:3
[06:17:59][CUSHION] [8562] ? NIV-BAEE1F46C70154C3 | BASKET | KNIFE_EDGE | BEAD | GOLD | KT_10 | 1ct | imgs:3
[06:18:02][CUSHION] [8563] ? NIV-9861CE95E6F98791 | BASKET | KNIFE_EDGE | BEAD | GOLD | KT_10 | 1ct | imgs:3
[06:18:08][CUSHION] [8564] ? NIV-9861CE95E6F98791 | BASKET | KNIFE_EDGE | BEAD | GOLD | KT_10 | 1ct | imgs:3
[06:18:14][CUSHION] [8565] ? NIV-9861CE95E6F98791 | BASKET | KNIFE_EDGE | BEAD | GOLD | KT_10 | 1ct | imgs:3
[06:18:22][CUSHION] [8566] ? NIV-1C55ABCD4CD1199F | BASKET | KNIFE_EDGE | BEAD | GOLD | KT_10 | 1ct | imgs:3
[06:18:26][CUSHION] [8567] ? NIV-1C55ABCD4CD1199F | BASKET | KNIFE_EDGE | BEAD | GOLD | KT_10 | 1ct | imgs:3
[06:18:31][CUSHION] [8568] ? NIV-1C55ABCD4CD1199F | BASKET | KNIFE_EDGE | BEAD | GOLD | KT_10 | 1ct | imgs:3
[06:18:37][CUSHION] [8569] ? NIV-7C1BA46800AD37D7 | BASKET | KNIFE_EDGE | BEAD | GOLD | KT_14 | 1ct | imgs:3
[06:18:43][CUSHION] [8570] ? NIV-7C1BA46800AD37D7 | BASKET | KNIFE_EDGE | BEAD | GOLD | KT_14 | 1ct | imgs:3
[06:18:49][CUSHION] [8571] ? NIV-7C1BA46800AD37D7 | BASKET | KNIFE_EDGE | BEAD | GOLD | KT_14 | 1ct | imgs:3
[06:18:53][CUSHION] [8572] ? NIV-E47749997D3412F7 | BASKET | KNIFE_EDGE | BEAD | GOLD | KT_14 | 1ct | imgs:2
[06:19:06][CUSHION] [8573] ??  NIV-E47749997D3412F7 | BASKET | KNIFE_EDGE | BEAD | GOLD | KT_14 | 1ct | imgs:0
[06:19:06][CUSHION]   Re-seleccionando CUSHION (intento 1)
[06:19:06][CUSHION]   Boton no encontrado ? recargando configurador...
[06:19:36][CUSHION]   Re-seleccionando CUSHION (intento 2)
[06:19:38][CUSHION]   POST-CLICK: {'ap': 'true', 'ac': None, 'classes': 'MuiButtonBase-root|MuiToggleButtonGroup-grouped|MuiToggleButtonGroup-groupedHorizontal|MuiToggleButton-root|Mui-selected|MuiToggleButton-sizeMedium|MuiToggleButton-standard|jewellery-configurator-toggle-button|MuiToggleButtonGroup-middleButton|css-66ecda'}
[06:19:43][CUSHION] [8574] ? NIV-9D79A793F43BD574 | BASKET | KNIFE_EDGE | BEAD | GOLD | KT_14 | 1ct | imgs:3
[06:19:47][CUSHION] [8575] ? NIV-0B268C97AA78BB2D | BASKET | KNIFE_EDGE | BEAD | GOLD | KT_14 | 1ct | imgs:3
[06:19:58][CUSHION] [8576] ? NIV-9F9395B60052D18B | BASKET | KNIFE_EDGE | BEAD | GOLD | KT_14 | 1ct | imgs:3
[06:20:07][CUSHION] [8577] ? NIV-EEF3D1BFF16452A4 | BASKET | KNIFE_EDGE | BEAD | GOLD | KT_14 | 1ct | imgs:3
[06:20:13][CUSHION] [8578] ? NIV-B4005D7D32572DBB | BASKET | KNIFE_EDGE | BEAD | GOLD | KT_18 | 1ct | imgs:3
[06:20:16][CUSHION] [8579] ? NIV-C7BB65D30BEF7E86 | BASKET | KNIFE_EDGE | BEAD | GOLD | KT_18 | 1ct | imgs:3
[06:20:19][CUSHION] [8580] ? NIV-1C9D8C7F4F1D828E | BASKET | KNIFE_EDGE | BEAD | GOLD | KT_18 | 1ct | imgs:3
[06:20:22][CUSHION] [8581] ? NIV-37D296180F6AD2CC | BASKET | KNIFE_EDGE | BEAD | GOLD | KT_18 | 1ct | imgs:3
[06:20:25][CUSHION] [8582] ? NIV-A151544E456906F1 | BASKET | KNIFE_EDGE | BEAD | GOLD | KT_18 | 1ct | imgs:3
[06:20:28][CUSHION] [8583] ? NIV-06B823BA53189283 | BASKET | KNIFE_EDGE | BEAD | GOLD | KT_18 | 1ct | imgs:3
[06:20:34][CUSHION] [8584] ? NIV-B2C08226542EA1F5 | BASKET | KNIFE_EDGE | BEAD | GOLD | KT_18 | 1ct | imgs:3
[06:20:40][CUSHION] [8585] ? NIV-197B4F4885BAC1F3 | BASKET | KNIFE_EDGE | BEAD | GOLD | KT_18 | 1ct | imgs:3
[06:20:43][CUSHION] [8586] ? NIV-8C6E9A19A41C7A59 | BASKET | KNIFE_EDGE | BEAD | GOLD | KT_18 | 1ct | imgs:3
[06:20:49][CUSHION] [8587] ? NIV-96F8BAE6A4C98EA0 | BASKET | KNIFE_EDGE | BEAD | PLATINUM | PT_950 | 1ct | imgs:3
[06:20:55][CUSHION] [8588] ? NIV-BDAE7AE947BFE237 | BASKET | KNIFE_EDGE | PAVE | GOLD | KT_10 | 1ct | imgs:3
[06:21:01][CUSHION] [8589] ? NIV-BDAE7AE947BFE237 | BASKET | KNIFE_EDGE | PAVE | GOLD | KT_10 | 1ct | imgs:3
[06:21:07][CUSHION] [8590] ? NIV-BDAE7AE947BFE237 | BASKET | KNIFE_EDGE | PAVE | GOLD | KT_10 | 1ct | imgs:3
[06:21:10][CUSHION] [8591] ? NIV-43E545DC16A74E0A | BASKET | KNIFE_EDGE | PAVE | GOLD | KT_10 | 1ct | imgs:3
[06:21:13][CUSHION] [8592] ? NIV-43E545DC16A74E0A | BASKET | KNIFE_EDGE | PAVE | GOLD | KT_10 | 1ct | imgs:3
[06:21:19][CUSHION] [8593] ? NIV-43E545DC16A74E0A | BASKET | KNIFE_EDGE | PAVE | GOLD | KT_10 | 1ct | imgs:3
[06:21:22][CUSHION] [8594] ? NIV-AB69667C1DDFDEC8 | BASKET | KNIFE_EDGE | PAVE | GOLD | KT_10 | 1ct | imgs:3
[06:21:28][CUSHION] [8595] ? NIV-AB69667C1DDFDEC8 | BASKET | KNIFE_EDGE | PAVE | GOLD | KT_10 | 1ct | imgs:3
[06:21:34][CUSHION] [8596] ? NIV-AB69667C1DDFDEC8 | BASKET | KNIFE_EDGE | PAVE | GOLD | KT_10 | 1ct | imgs:3
[06:21:40][CUSHION] [8597] ? NIV-52CEC00B761FD1A6 | BASKET | KNIFE_EDGE | PAVE | GOLD | KT_14 | 1ct | imgs:3
[06:21:46][CUSHION] [8598] ? NIV-52CEC00B761FD1A6 | BASKET | KNIFE_EDGE | PAVE | GOLD | KT_14 | 1ct | imgs:3
[06:21:52][CUSHION] [8599] ? NIV-52CEC00B761FD1A6 | BASKET | KNIFE_EDGE | PAVE | GOLD | KT_14 | 1ct | imgs:3
[06:21:56][CUSHION] [8600] ? NIV-C25A60FB6D69A553 | BASKET | KNIFE_EDGE | PAVE | GOLD | KT_14 | 1ct | imgs:1
[06:22:01][CUSHION] [8601] ? NIV-C25A60FB6D69A553 | BASKET | KNIFE_EDGE | PAVE | GOLD | KT_14 | 1ct | imgs:3
[06:22:07][CUSHION] [8602] ? NIV-C25A60FB6D69A553 | BASKET | KNIFE_EDGE | PAVE | GOLD | KT_14 | 1ct | imgs:3
[06:22:10][CUSHION] [8603] ? NIV-CDC76DE415729FF6 | BASKET | KNIFE_EDGE | PAVE | GOLD | KT_14 | 1ct | imgs:3
[06:22:13][CUSHION] [8604] ? NIV-CDC76DE415729FF6 | BASKET | KNIFE_EDGE | PAVE | GOLD | KT_14 | 1ct | imgs:3
[06:22:19][CUSHION] [8605] ? NIV-CDC76DE415729FF6 | BASKET | KNIFE_EDGE | PAVE | GOLD | KT_14 | 1ct | imgs:3
[06:22:27][CUSHION] [8606] ? NIV-CC9787FF696D0E31 | BASKET | KNIFE_EDGE | PAVE | GOLD | KT_18 | 1ct | imgs:1
[06:22:31][CUSHION] [8607] ? NIV-CC9787FF696D0E31 | BASKET | KNIFE_EDGE | PAVE | GOLD | KT_18 | 1ct | imgs:3
[06:22:34][CUSHION] [8608] ? NIV-CC9787FF696D0E31 | BASKET | KNIFE_EDGE | PAVE | GOLD | KT_18 | 1ct | imgs:3
[06:22:39][CUSHION] [8609] ? NIV-2D646EEE4E4B2F3E | BASKET | KNIFE_EDGE | PAVE | GOLD | KT_18 | 1ct | imgs:1
[06:22:43][CUSHION] [8610] ? NIV-2D646EEE4E4B2F3E | BASKET | KNIFE_EDGE | PAVE | GOLD | KT_18 | 1ct | imgs:3
[06:22:49][CUSHION] [8611] ? NIV-2D646EEE4E4B2F3E | BASKET | KNIFE_EDGE | PAVE | GOLD | KT_18 | 1ct | imgs:3
[06:22:53][CUSHION] [8612] ? NIV-1279C7620357348E | BASKET | KNIFE_EDGE | PAVE | GOLD | KT_18 | 1ct | imgs:3
[06:22:58][CUSHION] [8613] ? NIV-1279C7620357348E | BASKET | KNIFE_EDGE | PAVE | GOLD | KT_18 | 1ct | imgs:3
[06:23:04][CUSHION] [8614] ? NIV-1279C7620357348E | BASKET | KNIFE_EDGE | PAVE | GOLD | KT_18 | 1ct | imgs:3
[06:23:08][CUSHION] [8615] ? NIV-E256CFB1F25ADE77 | BASKET | KNIFE_EDGE | PAVE | PLATINUM | PT_950 | 1ct | imgs:1
[06:23:13][CUSHION] [8616] ? NIV-E1A99DB68448A5FD | BASKET | KNIFE_EDGE | PAVE | GOLD | KT_10 | 1ct | imgs:3
[06:23:19][CUSHION] [8617] ? NIV-E1A99DB68448A5FD | BASKET | KNIFE_EDGE | PAVE | GOLD | KT_10 | 1ct | imgs:3
[06:23:25][CUSHION] [8618] ? NIV-E1A99DB68448A5FD | BASKET | KNIFE_EDGE | PAVE | GOLD | KT_10 | 1ct | imgs:3
[06:23:28][CUSHION] [8619] ? NIV-DE29B6399E109732 | BASKET | KNIFE_EDGE | PAVE | GOLD | KT_10 | 1ct | imgs:3
[06:23:34][CUSHION] [8620] ? NIV-DE29B6399E109732 | BASKET | KNIFE_EDGE | PAVE | GOLD | KT_10 | 1ct | imgs:3
[06:23:40][CUSHION] [8621] ? NIV-DE29B6399E109732 | BASKET | KNIFE_EDGE | PAVE | GOLD | KT_10 | 1ct | imgs:3
[06:23:43][CUSHION] [8622] ? NIV-7C8359A7E85D9ECA | BASKET | KNIFE_EDGE | PAVE | GOLD | KT_10 | 1ct | imgs:3
[06:23:49][CUSHION] [8623] ? NIV-7C8359A7E85D9ECA | BASKET | KNIFE_EDGE | PAVE | GOLD | KT_10 | 1ct | imgs:3
[06:23:52][CUSHION] [8624] ? NIV-7C8359A7E85D9ECA | BASKET | KNIFE_EDGE | PAVE | GOLD | KT_10 | 1ct | imgs:3
[06:23:56][CUSHION] [8625] ? NIV-76F13650D35BE58A | BASKET | KNIFE_EDGE | PAVE | GOLD | KT_14 | 1ct | imgs:1
[06:24:01][CUSHION] [8626] ? NIV-76F13650D35BE58A | BASKET | KNIFE_EDGE | PAVE | GOLD | KT_14 | 1ct | imgs:3
[06:24:07][CUSHION] [8627] ? NIV-76F13650D35BE58A | BASKET | KNIFE_EDGE | PAVE | GOLD | KT_14 | 1ct | imgs:3
[06:24:10][CUSHION] [8628] ? NIV-DB12EAB0F641A1E3 | BASKET | KNIFE_EDGE | PAVE | GOLD | KT_14 | 1ct | imgs:3
[06:24:13][CUSHION] [8629] ? NIV-DB12EAB0F641A1E3 | BASKET | KNIFE_EDGE | PAVE | GOLD | KT_14 | 1ct | imgs:3
[06:24:19][CUSHION] [8630] ? NIV-DB12EAB0F641A1E3 | BASKET | KNIFE_EDGE | PAVE | GOLD | KT_14 | 1ct | imgs:3
[06:24:22][CUSHION] [8631] ? NIV-A2480A869B8BA165 | BASKET | KNIFE_EDGE | PAVE | GOLD | KT_14 | 1ct | imgs:3
[06:24:25][CUSHION] [8632] ? NIV-A2480A869B8BA165 | BASKET | KNIFE_EDGE | PAVE | GOLD | KT_14 | 1ct | imgs:3
[06:24:28][CUSHION] [8633] ? NIV-A2480A869B8BA165 | BASKET | KNIFE_EDGE | PAVE | GOLD | KT_14 | 1ct | imgs:3
[06:24:31][CUSHION] [8634] ? NIV-080B38B37C870F69 | BASKET | KNIFE_EDGE | PAVE | GOLD | KT_18 | 1ct | imgs:3
[06:24:37][CUSHION] [8635] ? NIV-080B38B37C870F69 | BASKET | KNIFE_EDGE | PAVE | GOLD | KT_18 | 1ct | imgs:3
[06:24:40][CUSHION] [8636] ? NIV-080B38B37C870F69 | BASKET | KNIFE_EDGE | PAVE | GOLD | KT_18 | 1ct | imgs:3
[06:24:43][CUSHION] [8637] ? NIV-8D46FD325CCE875E | BASKET | KNIFE_EDGE | PAVE | GOLD | KT_18 | 1ct | imgs:3
[06:24:49][CUSHION] [8638] ? NIV-8D46FD325CCE875E | BASKET | KNIFE_EDGE | PAVE | GOLD | KT_18 | 1ct | imgs:3
[06:24:52][CUSHION] [8639] ? NIV-8D46FD325CCE875E | BASKET | KNIFE_EDGE | PAVE | GOLD | KT_18 | 1ct | imgs:3
[06:24:57][CUSHION] [8640] ? NIV-B8163589B3C75FBF | BASKET | KNIFE_EDGE | PAVE | GOLD | KT_18 | 1ct | imgs:1
[06:25:04][CUSHION] [8641] ? NIV-B8163589B3C75FBF | BASKET | KNIFE_EDGE | PAVE | GOLD | KT_18 | 1ct | imgs:3
[06:25:07][CUSHION] [8642] ? NIV-B8163589B3C75FBF | BASKET | KNIFE_EDGE | PAVE | GOLD | KT_18 | 1ct | imgs:3
[06:25:10][CUSHION] [8643] ? NIV-9A60C2F58FECCAA0 | BASKET | KNIFE_EDGE | PAVE | PLATINUM | PT_950 | 1ct | imgs:3
[06:25:20][CUSHION] [8644] ? NIV-56C7A26D46BC3B67 | BASKET | KNIFE_EDGE | PAVE | GOLD | KT_10 | 1ct | imgs:1
[06:25:25][CUSHION] [8645] ? NIV-56C7A26D46BC3B67 | BASKET | KNIFE_EDGE | PAVE | GOLD | KT_10 | 1ct | imgs:3
[06:25:31][CUSHION] [8646] ? NIV-56C7A26D46BC3B67 | BASKET | KNIFE_EDGE | PAVE | GOLD | KT_10 | 1ct | imgs:3
[06:25:34][CUSHION] [8647] ? NIV-AE904C58F83844A1 | BASKET | KNIFE_EDGE | PAVE | GOLD | KT_10 | 1ct | imgs:3
[06:25:40][CUSHION] [8648] ? NIV-AE904C58F83844A1 | BASKET | KNIFE_EDGE | PAVE | GOLD | KT_10 | 1ct | imgs:3
[06:25:46][CUSHION] [8649] ? NIV-AE904C58F83844A1 | BASKET | KNIFE_EDGE | PAVE | GOLD | KT_10 | 1ct | imgs:3
[06:25:49][CUSHION] [8650] ? NIV-8D77848AC0EA1D8B | BASKET | KNIFE_EDGE | PAVE | GOLD | KT_10 | 1ct | imgs:3
[06:25:55][CUSHION] [8651] ? NIV-8D77848AC0EA1D8B | BASKET | KNIFE_EDGE | PAVE | GOLD | KT_10 | 1ct | imgs:3
[06:25:58][CUSHION] [8652] ? NIV-8D77848AC0EA1D8B | BASKET | KNIFE_EDGE | PAVE | GOLD | KT_10 | 1ct | imgs:3
[06:26:01][CUSHION] [8653] ? NIV-E2BEBBFC5C97AE35 | BASKET | KNIFE_EDGE | PAVE | GOLD | KT_14 | 1ct | imgs:3
[06:26:07][CUSHION] [8654] ? NIV-E2BEBBFC5C97AE35 | BASKET | KNIFE_EDGE | PAVE | GOLD | KT_14 | 1ct | imgs:3
[06:26:10][CUSHION] [8655] ? NIV-E2BEBBFC5C97AE35 | BASKET | KNIFE_EDGE | PAVE | GOLD | KT_14 | 1ct | imgs:3
[06:26:17][CUSHION] [8656] ? NIV-831335C2F6B532A9 | BASKET | KNIFE_EDGE | PAVE | GOLD | KT_14 | 1ct | imgs:2
[06:26:22][CUSHION] [8657] ? NIV-831335C2F6B532A9 | BASKET | KNIFE_EDGE | PAVE | GOLD | KT_14 | 1ct | imgs:3
[06:26:28][CUSHION] [8658] ? NIV-831335C2F6B532A9 | BASKET | KNIFE_EDGE | PAVE | GOLD | KT_14 | 1ct | imgs:3
[06:26:35][CUSHION] [8659] ? NIV-148D4C8AE1C6ED16 | BASKET | KNIFE_EDGE | PAVE | GOLD | KT_14 | 1ct | imgs:1
[06:26:40][CUSHION] [8660] ? NIV-148D4C8AE1C6ED16 | BASKET | KNIFE_EDGE | PAVE | GOLD | KT_14 | 1ct | imgs:3
[06:26:46][CUSHION] [8661] ? NIV-148D4C8AE1C6ED16 | BASKET | KNIFE_EDGE | PAVE | GOLD | KT_14 | 1ct | imgs:3
[06:26:52][CUSHION] [8662] ? NIV-3AB4721B4361426E | BASKET | KNIFE_EDGE | PAVE | GOLD | KT_18 | 1ct | imgs:3
[06:26:55][CUSHION] [8663] ? NIV-3AB4721B4361426E | BASKET | KNIFE_EDGE | PAVE | GOLD | KT_18 | 1ct | imgs:3
[06:26:58][CUSHION] [8664] ? NIV-3AB4721B4361426E | BASKET | KNIFE_EDGE | PAVE | GOLD | KT_18 | 1ct | imgs:3
[06:27:01][CUSHION] [8665] ? NIV-AA3F5D401508730C | BASKET | KNIFE_EDGE | PAVE | GOLD | KT_18 | 1ct | imgs:3
[06:27:07][CUSHION] [8666] ? NIV-AA3F5D401508730C | BASKET | KNIFE_EDGE | PAVE | GOLD | KT_18 | 1ct | imgs:3
[06:27:13][CUSHION] [8667] ? NIV-AA3F5D401508730C | BASKET | KNIFE_EDGE | PAVE | GOLD | KT_18 | 1ct | imgs:3
[06:27:16][CUSHION] [8668] ? NIV-45124569E98E77F3 | BASKET | KNIFE_EDGE | PAVE | GOLD | KT_18 | 1ct | imgs:3
[06:27:19][CUSHION] [8669] ? NIV-45124569E98E77F3 | BASKET | KNIFE_EDGE | PAVE | GOLD | KT_18 | 1ct | imgs:3
[06:27:22][CUSHION] [8670] ? NIV-45124569E98E77F3 | BASKET | KNIFE_EDGE | PAVE | GOLD | KT_18 | 1ct | imgs:3
[06:27:26][CUSHION] [8671] ? NIV-082A2DFC18869679 | BASKET | KNIFE_EDGE | PAVE | PLATINUM | PT_950 | 1ct | imgs:1
[06:27:34][CUSHION] [8672] ? NIV-0B550DC58F3ECBFE | BASKET | KNIFE_EDGE | PAVE | GOLD | KT_10 | 1ct | imgs:3
[06:27:40][CUSHION] [8673] ? NIV-0B550DC58F3ECBFE | BASKET | KNIFE_EDGE | PAVE | GOLD | KT_10 | 1ct | imgs:3
[06:27:43][CUSHION] [8674] ? NIV-0B550DC58F3ECBFE | BASKET | KNIFE_EDGE | PAVE | GOLD | KT_10 | 1ct | imgs:3
[06:27:50][CUSHION] [8675] ? NIV-669B08A087762228 | BASKET | KNIFE_EDGE | PAVE | GOLD | KT_10 | 1ct | imgs:1
[06:27:55][CUSHION] [8676] ? NIV-669B08A087762228 | BASKET | KNIFE_EDGE | PAVE | GOLD | KT_10 | 1ct | imgs:3
[06:28:01][CUSHION] [8677] ? NIV-669B08A087762228 | BASKET | KNIFE_EDGE | PAVE | GOLD | KT_10 | 1ct | imgs:3
[06:28:08][CUSHION] [8678] ? NIV-EFE807390D704689 | BASKET | KNIFE_EDGE | PAVE | GOLD | KT_10 | 1ct | imgs:1
[06:28:13][CUSHION] [8679] ? NIV-EFE807390D704689 | BASKET | KNIFE_EDGE | PAVE | GOLD | KT_10 | 1ct | imgs:3
[06:28:19][CUSHION] [8680] ? NIV-EFE807390D704689 | BASKET | KNIFE_EDGE | PAVE | GOLD | KT_10 | 1ct | imgs:3
[06:28:26][CUSHION] [8681] ? NIV-4253F4A5A0CF112B | BASKET | KNIFE_EDGE | PAVE | GOLD | KT_14 | 1ct | imgs:2
[06:28:31][CUSHION] [8682] ? NIV-4253F4A5A0CF112B | BASKET | KNIFE_EDGE | PAVE | GOLD | KT_14 | 1ct | imgs:3
[06:28:37][CUSHION] [8683] ? NIV-4253F4A5A0CF112B | BASKET | KNIFE_EDGE | PAVE | GOLD | KT_14 | 1ct | imgs:3
[06:28:45][CUSHION] [8684] ? NIV-2F4987432127E813 | BASKET | KNIFE_EDGE | PAVE | GOLD | KT_14 | 1ct | imgs:3
[06:28:49][CUSHION] [8685] ? NIV-2F4987432127E813 | BASKET | KNIFE_EDGE | PAVE | GOLD | KT_14 | 1ct | imgs:3
[06:28:55][CUSHION] [8686] ? NIV-2F4987432127E813 | BASKET | KNIFE_EDGE | PAVE | GOLD | KT_14 | 1ct | imgs:3
[06:28:58][CUSHION] [8687] ? NIV-174CD135B9CE2DD1 | BASKET | KNIFE_EDGE | PAVE | GOLD | KT_14 | 1ct | imgs:2
[06:29:04][CUSHION] [8688] ? NIV-174CD135B9CE2DD1 | BASKET | KNIFE_EDGE | PAVE | GOLD | KT_14 | 1ct | imgs:3
[06:29:07][CUSHION] [8689] ? NIV-174CD135B9CE2DD1 | BASKET | KNIFE_EDGE | PAVE | GOLD | KT_14 | 1ct | imgs:3
[06:29:13][CUSHION] [8690] ? NIV-90CC35EE7BD138CD | BASKET | KNIFE_EDGE | PAVE | GOLD | KT_18 | 1ct | imgs:1
[06:29:19][CUSHION] [8691] ? NIV-90CC35EE7BD138CD | BASKET | KNIFE_EDGE | PAVE | GOLD | KT_18 | 1ct | imgs:3
[06:29:25][CUSHION] [8692] ? NIV-90CC35EE7BD138CD | BASKET | KNIFE_EDGE | PAVE | GOLD | KT_18 | 1ct | imgs:3
[06:29:28][CUSHION] [8693] ? NIV-2B597E2423A26CB4 | BASKET | KNIFE_EDGE | PAVE | GOLD | KT_18 | 1ct | imgs:3
[06:29:34][CUSHION] [8694] ? NIV-2B597E2423A26CB4 | BASKET | KNIFE_EDGE | PAVE | GOLD | KT_18 | 1ct | imgs:3
[06:29:37][CUSHION] [8695] ? NIV-2B597E2423A26CB4 | BASKET | KNIFE_EDGE | PAVE | GOLD | KT_18 | 1ct | imgs:3
[06:29:40][CUSHION] [8696] ? NIV-11D7E308FE8C40AA | BASKET | KNIFE_EDGE | PAVE | GOLD | KT_18 | 1ct | imgs:3
[06:29:46][CUSHION] [8697] ? NIV-11D7E308FE8C40AA | BASKET | KNIFE_EDGE | PAVE | GOLD | KT_18 | 1ct | imgs:3
[06:29:52][CUSHION] [8698] ? NIV-11D7E308FE8C40AA | BASKET | KNIFE_EDGE | PAVE | GOLD | KT_18 | 1ct | imgs:3
[06:29:58][CUSHION] [8699] ? NIV-4A79D0FEDEE318B7 | BASKET | KNIFE_EDGE | PAVE | PLATINUM | PT_950 | 1ct | imgs:3
[06:30:04][CUSHION] [8700] ? NIV-7294B534E3EE86D0 | BASKET | KNIFE_EDGE | PAVE | GOLD | KT_10 | 1ct | imgs:3
[06:30:10][CUSHION] [8701] ? NIV-7294B534E3EE86D0 | BASKET | KNIFE_EDGE | PAVE | GOLD | KT_10 | 1ct | imgs:3
[06:30:13][CUSHION] [8702] ? NIV-7294B534E3EE86D0 | BASKET | KNIFE_EDGE | PAVE | GOLD | KT_10 | 1ct | imgs:3
[06:30:16][CUSHION] [8703] ? NIV-BAE358A831C1E3A3 | BASKET | KNIFE_EDGE | PAVE | GOLD | KT_10 | 1ct | imgs:3
[06:30:19][CUSHION] [8704] ? NIV-BAE358A831C1E3A3 | BASKET | KNIFE_EDGE | PAVE | GOLD | KT_10 | 1ct | imgs:3
[06:30:25][CUSHION] [8705] ? NIV-BAE358A831C1E3A3 | BASKET | KNIFE_EDGE | PAVE | GOLD | KT_10 | 1ct | imgs:3
[06:30:28][CUSHION] [8706] ? NIV-5631A72E38ABAE57 | BASKET | KNIFE_EDGE | PAVE | GOLD | KT_10 | 1ct | imgs:3
[06:30:34][CUSHION] [8707] ? NIV-5631A72E38ABAE57 | BASKET | KNIFE_EDGE | PAVE | GOLD | KT_10 | 1ct | imgs:3
[06:30:40][CUSHION] [8708] ? NIV-5631A72E38ABAE57 | BASKET | KNIFE_EDGE | PAVE | GOLD | KT_10 | 1ct | imgs:3
[06:30:46][CUSHION] [8709] ? NIV-27332F7181BC2535 | BASKET | KNIFE_EDGE | PAVE | GOLD | KT_14 | 1ct | imgs:3
[06:30:49][CUSHION] [8710] ? NIV-27332F7181BC2535 | BASKET | KNIFE_EDGE | PAVE | GOLD | KT_14 | 1ct | imgs:3
[06:30:55][CUSHION] [8711] ? NIV-27332F7181BC2535 | BASKET | KNIFE_EDGE | PAVE | GOLD | KT_14 | 1ct | imgs:3
[06:30:58][CUSHION] [8712] ? NIV-AF77D23754D121F6 | BASKET | KNIFE_EDGE | PAVE | GOLD | KT_14 | 1ct | imgs:3
[06:31:01][CUSHION] [8713] ? NIV-AF77D23754D121F6 | BASKET | KNIFE_EDGE | PAVE | GOLD | KT_14 | 1ct | imgs:3
[06:31:07][CUSHION] [8714] ? NIV-AF77D23754D121F6 | BASKET | KNIFE_EDGE | PAVE | GOLD | KT_14 | 1ct | imgs:3
[06:31:10][CUSHION] [8715] ? NIV-6C6E6BB68623B097 | BASKET | KNIFE_EDGE | PAVE | GOLD | KT_14 | 1ct | imgs:3
[06:31:16][CUSHION] [8716] ? NIV-6C6E6BB68623B097 | BASKET | KNIFE_EDGE | PAVE | GOLD | KT_14 | 1ct | imgs:3
[06:31:19][CUSHION] [8717] ? NIV-6C6E6BB68623B097 | BASKET | KNIFE_EDGE | PAVE | GOLD | KT_14 | 1ct | imgs:3
[06:31:26][CUSHION] [8718] ? NIV-7C6C1CD3CA5F2648 | BASKET | KNIFE_EDGE | PAVE | GOLD | KT_18 | 1ct | imgs:3
[06:31:31][CUSHION] [8719] ? NIV-7C6C1CD3CA5F2648 | BASKET | KNIFE_EDGE | PAVE | GOLD | KT_18 | 1ct | imgs:3
[06:31:37][CUSHION] [8720] ? NIV-7C6C1CD3CA5F2648 | BASKET | KNIFE_EDGE | PAVE | GOLD | KT_18 | 1ct | imgs:3
[06:31:40][CUSHION] [8721] ? NIV-904C2AB88B951A93 | BASKET | KNIFE_EDGE | PAVE | GOLD | KT_18 | 1ct | imgs:3
[06:31:46][CUSHION] [8722] ? NIV-904C2AB88B951A93 | BASKET | KNIFE_EDGE | PAVE | GOLD | KT_18 | 1ct | imgs:3
[06:31:52][CUSHION] [8723] ? NIV-904C2AB88B951A93 | BASKET | KNIFE_EDGE | PAVE | GOLD | KT_18 | 1ct | imgs:3
[06:31:55][CUSHION] [8724] ? NIV-5DA9B1C2810B8DF3 | BASKET | KNIFE_EDGE | PAVE | GOLD | KT_18 | 1ct | imgs:3
[06:32:01][CUSHION] [8725] ? NIV-5DA9B1C2810B8DF3 | BASKET | KNIFE_EDGE | PAVE | GOLD | KT_18 | 1ct | imgs:3
[06:32:07][CUSHION] [8726] ? NIV-5DA9B1C2810B8DF3 | BASKET | KNIFE_EDGE | PAVE | GOLD | KT_18 | 1ct | imgs:3
[06:32:10][CUSHION] [8727] ? NIV-EB0571730C0186E8 | BASKET | KNIFE_EDGE | PAVE | PLATINUM | PT_950 | 1ct | imgs:3
[06:32:16][CUSHION] [8728] ? NIV-65DAD44C961361F6 | BASKET | KNIFE_EDGE | PAVE | GOLD | KT_10 | 1ct | imgs:3
[06:32:19][CUSHION] [8729] ? NIV-65DAD44C961361F6 | BASKET | KNIFE_EDGE | PAVE | GOLD | KT_10 | 1ct | imgs:3
[06:32:25][CUSHION] [8730] ? NIV-65DAD44C961361F6 | BASKET | KNIFE_EDGE | PAVE | GOLD | KT_10 | 1ct | imgs:3
[06:32:30][CUSHION] [8731] ? NIV-0595A6E3B521F44D | BASKET | KNIFE_EDGE | PAVE | GOLD | KT_10 | 1ct | imgs:3
[06:32:37][CUSHION] [8732] ? NIV-0595A6E3B521F44D | BASKET | KNIFE_EDGE | PAVE | GOLD | KT_10 | 1ct | imgs:3
[06:32:43][CUSHION] [8733] ? NIV-0595A6E3B521F44D | BASKET | KNIFE_EDGE | PAVE | GOLD | KT_10 | 1ct | imgs:3
[06:32:54][CUSHION] [8734] ??  NIV-0595A6E3B521F44D | BASKET | KNIFE_EDGE | PAVE | GOLD | KT_10 | 1ct | imgs:0
[06:33:06][CUSHION] [8735] ??  NIV-0595A6E3B521F44D | BASKET | KNIFE_EDGE | PAVE | GOLD | KT_10 | 1ct | imgs:0
[06:33:17][CUSHION] [8736] ? NIV-176D4FAA6A57FD0A | BASKET | KNIFE_EDGE | PAVE | GOLD | KT_10 | 1ct | imgs:3
[06:33:22][CUSHION] [8737] ? NIV-AEB0658E8CA94C28 | BASKET | KNIFE_EDGE | PAVE | GOLD | KT_14 | 1ct | imgs:3
[06:33:28][CUSHION] [8738] ? NIV-AEB0658E8CA94C28 | BASKET | KNIFE_EDGE | PAVE | GOLD | KT_14 | 1ct | imgs:3
[06:33:34][CUSHION] [8739] ? NIV-AEB0658E8CA94C28 | BASKET | KNIFE_EDGE | PAVE | GOLD | KT_14 | 1ct | imgs:3
[06:33:45][CUSHION] [8740] ??  NIV-AEB0658E8CA94C28 | BASKET | KNIFE_EDGE | PAVE | GOLD | KT_14 | 1ct | imgs:0
[06:33:57][CUSHION] [8741] ??  NIV-AEB0658E8CA94C28 | BASKET | KNIFE_EDGE | PAVE | GOLD | KT_14 | 1ct | imgs:0
[06:34:09][CUSHION] [8742] ??  NIV-AEB0658E8CA94C28 | BASKET | KNIFE_EDGE | PAVE | GOLD | KT_14 | 1ct | imgs:0
[06:34:13][CUSHION] [8743] ? NIV-1E0CF24E81363B57 | BASKET | KNIFE_EDGE | PAVE | GOLD | KT_14 | 1ct | imgs:2
[06:34:19][CUSHION] [8744] ? NIV-1E0CF24E81363B57 | BASKET | KNIFE_EDGE | PAVE | GOLD | KT_14 | 1ct | imgs:3
[06:34:25][CUSHION] [8745] ? NIV-1E0CF24E81363B57 | BASKET | KNIFE_EDGE | PAVE | GOLD | KT_14 | 1ct | imgs:3
[06:34:31][CUSHION] [8746] ? NIV-DAA88936138B81A2 | BASKET | KNIFE_EDGE | PAVE | GOLD | KT_18 | 1ct | imgs:3
[06:34:37][CUSHION] [8747] ? NIV-DAA88936138B81A2 | BASKET | KNIFE_EDGE | PAVE | GOLD | KT_18 | 1ct | imgs:3
[06:34:43][CUSHION] [8748] ? NIV-DAA88936138B81A2 | BASKET | KNIFE_EDGE | PAVE | GOLD | KT_18 | 1ct | imgs:3
[06:34:46][CUSHION] [8749] ? NIV-E6E92724F588E65E | BASKET | KNIFE_EDGE | PAVE | GOLD | KT_18 | 1ct | imgs:3
[06:34:49][CUSHION] [8750] ? NIV-E6E92724F588E65E | BASKET | KNIFE_EDGE | PAVE | GOLD | KT_18 | 1ct | imgs:3
[06:34:52][CUSHION] [8751] ? NIV-E6E92724F588E65E | BASKET | KNIFE_EDGE | PAVE | GOLD | KT_18 | 1ct | imgs:3
[06:34:55][CUSHION] [8752] ? NIV-399E6E4F3BCAEF06 | BASKET | KNIFE_EDGE | PAVE | GOLD | KT_18 | 1ct | imgs:3
[06:34:58][CUSHION] [8753] ? NIV-399E6E4F3BCAEF06 | BASKET | KNIFE_EDGE | PAVE | GOLD | KT_18 | 1ct | imgs:3
[06:35:04][CUSHION] [8754] ? NIV-399E6E4F3BCAEF06 | BASKET | KNIFE_EDGE | PAVE | GOLD | KT_18 | 1ct | imgs:3
[06:35:08][CUSHION] [8755] ? NIV-984281CBA69D41AC | BASKET | KNIFE_EDGE | PAVE | PLATINUM | PT_950 | 1ct | imgs:3
[06:35:22][CUSHION] [8756] ? NIV-DC2C317EC2270A61 | BASKET | KNIFE_EDGE | PAVE | GOLD | KT_10 | 1ct | imgs:3
[06:35:28][CUSHION] [8757] ? NIV-DC2C317EC2270A61 | BASKET | KNIFE_EDGE | PAVE | GOLD | KT_10 | 1ct | imgs:3
[06:35:34][CUSHION] [8758] ? NIV-DC2C317EC2270A61 | BASKET | KNIFE_EDGE | PAVE | GOLD | KT_10 | 1ct | imgs:3
[06:35:37][CUSHION] [8759] ? NIV-AFD2A2CBE1F5749C | BASKET | KNIFE_EDGE | PAVE | GOLD | KT_10 | 1ct | imgs:3
[06:35:43][CUSHION] [8760] ? NIV-AFD2A2CBE1F5749C | BASKET | KNIFE_EDGE | PAVE | GOLD | KT_10 | 1ct | imgs:3
[06:35:46][CUSHION] [8761] ? NIV-AFD2A2CBE1F5749C | BASKET | KNIFE_EDGE | PAVE | GOLD | KT_10 | 1ct | imgs:3
[06:35:49][CUSHION] [8762] ? NIV-C33B87A2C35B9269 | BASKET | KNIFE_EDGE | PAVE | GOLD | KT_10 | 1ct | imgs:3
[06:35:55][CUSHION] [8763] ? NIV-C33B87A2C35B9269 | BASKET | KNIFE_EDGE | PAVE | GOLD | KT_10 | 1ct | imgs:3
[06:35:58][CUSHION] [8764] ? NIV-C33B87A2C35B9269 | BASKET | KNIFE_EDGE | PAVE | GOLD | KT_10 | 1ct | imgs:3
[06:36:10][CUSHION] [8765] ? NIV-A4CE1B6354D75B24 | BASKET | KNIFE_EDGE | PAVE | GOLD | KT_14 | 1ct | imgs:2
[06:36:16][CUSHION] [8766] ? NIV-A4CE1B6354D75B24 | BASKET | KNIFE_EDGE | PAVE | GOLD | KT_14 | 1ct | imgs:3
[06:36:19][CUSHION] [8767] ? NIV-A4CE1B6354D75B24 | BASKET | KNIFE_EDGE | PAVE | GOLD | KT_14 | 1ct | imgs:3
[06:36:29][CUSHION] [8768] ? NIV-6D2858D029D03C1E | BASKET | KNIFE_EDGE | PAVE | GOLD | KT_14 | 1ct | imgs:1
[06:36:37][CUSHION] [8769] ? NIV-6D2858D029D03C1E | BASKET | KNIFE_EDGE | PAVE | GOLD | KT_14 | 1ct | imgs:3
[06:36:43][CUSHION] [8770] ? NIV-6D2858D029D03C1E | BASKET | KNIFE_EDGE | PAVE | GOLD | KT_14 | 1ct | imgs:3
[06:36:46][CUSHION] [8771] ? NIV-82E30F7BFD1B16BC | BASKET | KNIFE_EDGE | PAVE | GOLD | KT_14 | 1ct | imgs:3
[06:36:52][CUSHION] [8772] ? NIV-82E30F7BFD1B16BC | BASKET | KNIFE_EDGE | PAVE | GOLD | KT_14 | 1ct | imgs:3
[06:36:55][CUSHION] [8773] ? NIV-82E30F7BFD1B16BC | BASKET | KNIFE_EDGE | PAVE | GOLD | KT_14 | 1ct | imgs:3
[06:36:58][CUSHION] [8774] ? NIV-8BDD3E505047D0C6 | BASKET | KNIFE_EDGE | PAVE | GOLD | KT_18 | 1ct | imgs:3
[06:37:04][CUSHION] [8775] ? NIV-8BDD3E505047D0C6 | BASKET | KNIFE_EDGE | PAVE | GOLD | KT_18 | 1ct | imgs:3
[06:37:07][CUSHION] [8776] ? NIV-8BDD3E505047D0C6 | BASKET | KNIFE_EDGE | PAVE | GOLD | KT_18 | 1ct | imgs:3
[06:37:15][CUSHION] [8777] ? NIV-A9E986B07C764A8E | BASKET | KNIFE_EDGE | PAVE | GOLD | KT_18 | 1ct | imgs:1
[06:37:22][CUSHION] [8778] ? NIV-A9E986B07C764A8E | BASKET | KNIFE_EDGE | PAVE | GOLD | KT_18 | 1ct | imgs:3
[06:37:28][CUSHION] [8779] ? NIV-A9E986B07C764A8E | BASKET | KNIFE_EDGE | PAVE | GOLD | KT_18 | 1ct | imgs:3
[06:37:31][CUSHION] [8780] ? NIV-BF51C8D2D62910A0 | BASKET | KNIFE_EDGE | PAVE | GOLD | KT_18 | 1ct | imgs:3
[06:37:37][CUSHION] [8781] ? NIV-BF51C8D2D62910A0 | BASKET | KNIFE_EDGE | PAVE | GOLD | KT_18 | 1ct | imgs:3
[06:37:43][CUSHION] [8782] ? NIV-BF51C8D2D62910A0 | BASKET | KNIFE_EDGE | PAVE | GOLD | KT_18 | 1ct | imgs:3
[06:37:46][CUSHION] [8783] ? NIV-6B9EA710B55E471F | BASKET | KNIFE_EDGE | PAVE | PLATINUM | PT_950 | 1ct | imgs:1
[06:37:55][CUSHION] [8784] ? NIV-20B6C605AB99BAB2 | BASKET | KNIFE_EDGE | PAVE | GOLD | KT_10 | 1ct | imgs:3
[06:38:01][CUSHION] [8785] ? NIV-20B6C605AB99BAB2 | BASKET | KNIFE_EDGE | PAVE | GOLD | KT_10 | 1ct | imgs:3
[06:38:04][CUSHION] [8786] ? NIV-20B6C605AB99BAB2 | BASKET | KNIFE_EDGE | PAVE | GOLD | KT_10 | 1ct | imgs:3
[06:38:07][CUSHION] [8787] ? NIV-F438D3E2C2575E75 | BASKET | KNIFE_EDGE | PAVE | GOLD | KT_10 | 1ct | imgs:3
[06:38:10][CUSHION] [8788] ? NIV-F438D3E2C2575E75 | BASKET | KNIFE_EDGE | PAVE | GOLD | KT_10 | 1ct | imgs:3
[06:38:16][CUSHION] [8789] ? NIV-F438D3E2C2575E75 | BASKET | KNIFE_EDGE | PAVE | GOLD | KT_10 | 1ct | imgs:3
[06:38:22][CUSHION] [8790] ? NIV-396395E3C1D8822B | BASKET | KNIFE_EDGE | PAVE | GOLD | KT_10 | 1ct | imgs:3
[06:38:28][CUSHION] [8791] ? NIV-396395E3C1D8822B | BASKET | KNIFE_EDGE | PAVE | GOLD | KT_10 | 1ct | imgs:3
[06:38:34][CUSHION] [8792] ? NIV-396395E3C1D8822B | BASKET | KNIFE_EDGE | PAVE | GOLD | KT_10 | 1ct | imgs:3
[06:38:42][CUSHION] [8793] ? NIV-8ED41EDF8DDDC70F | BASKET | KNIFE_EDGE | PAVE | GOLD | KT_14 | 1ct | imgs:1
[06:38:49][CUSHION] [8794] ? NIV-8ED41EDF8DDDC70F | BASKET | KNIFE_EDGE | PAVE | GOLD | KT_14 | 1ct | imgs:3
[06:38:55][CUSHION] [8795] ? NIV-8ED41EDF8DDDC70F | BASKET | KNIFE_EDGE | PAVE | GOLD | KT_14 | 1ct | imgs:3
[06:39:02][CUSHION] [8796] ? NIV-7DD8BE00032C51DE | BASKET | KNIFE_EDGE | PAVE | GOLD | KT_14 | 1ct | imgs:1
[06:39:07][CUSHION] [8797] ? NIV-7DD8BE00032C51DE | BASKET | KNIFE_EDGE | PAVE | GOLD | KT_14 | 1ct | imgs:3
[06:39:13][CUSHION] [8798] ? NIV-7DD8BE00032C51DE | BASKET | KNIFE_EDGE | PAVE | GOLD | KT_14 | 1ct | imgs:3
[06:39:17][CUSHION] [8799] ? NIV-08F158BAB13C779B | BASKET | KNIFE_EDGE | PAVE | GOLD | KT_14 | 1ct | imgs:1
[06:39:25][CUSHION] [8800] ? NIV-08F158BAB13C779B | BASKET | KNIFE_EDGE | PAVE | GOLD | KT_14 | 1ct | imgs:3
[06:39:28][CUSHION] [8801] ? NIV-08F158BAB13C779B | BASKET | KNIFE_EDGE | PAVE | GOLD | KT_14 | 1ct | imgs:3
[06:39:31][CUSHION] [8802] ? NIV-6D5E4092F5A9F980 | BASKET | KNIFE_EDGE | PAVE | GOLD | KT_18 | 1ct | imgs:3
[06:39:37][CUSHION] [8803] ? NIV-6D5E4092F5A9F980 | BASKET | KNIFE_EDGE | PAVE | GOLD | KT_18 | 1ct | imgs:3
[06:39:43][CUSHION] [8804] ? NIV-6D5E4092F5A9F980 | BASKET | KNIFE_EDGE | PAVE | GOLD | KT_18 | 1ct | imgs:3
[06:39:46][CUSHION] [8805] ? NIV-D6C37F11362716FE | BASKET | KNIFE_EDGE | PAVE | GOLD | KT_18 | 1ct | imgs:3
[06:39:52][CUSHION] [8806] ? NIV-D6C37F11362716FE | BASKET | KNIFE_EDGE | PAVE | GOLD | KT_18 | 1ct | imgs:3
[06:39:58][CUSHION] [8807] ? NIV-D6C37F11362716FE | BASKET | KNIFE_EDGE | PAVE | GOLD | KT_18 | 1ct | imgs:3
[06:40:01][CUSHION] [8808] ? NIV-CF68FC78B6A8B781 | BASKET | KNIFE_EDGE | PAVE | GOLD | KT_18 | 1ct | imgs:3
[06:40:07][CUSHION] [8809] ? NIV-CF68FC78B6A8B781 | BASKET | KNIFE_EDGE | PAVE | GOLD | KT_18 | 1ct | imgs:3
[06:40:13][CUSHION] [8810] ? NIV-CF68FC78B6A8B781 | BASKET | KNIFE_EDGE | PAVE | GOLD | KT_18 | 1ct | imgs:3
[06:40:16][CUSHION] [8811] ? NIV-2B580CECC83F9410 | BASKET | KNIFE_EDGE | PAVE | PLATINUM | PT_950 | 1ct | imgs:3
[06:40:22][CUSHION] [8812] ? NIV-EE2DA5EB890F9B9F | BASKET | KNIFE_EDGE | PAVE | GOLD | KT_10 | 1ct | imgs:3
[06:40:25][CUSHION] [8813] ? NIV-EE2DA5EB890F9B9F | BASKET | KNIFE_EDGE | PAVE | GOLD | KT_10 | 1ct | imgs:3
[06:40:31][CUSHION] [8814] ? NIV-EE2DA5EB890F9B9F | BASKET | KNIFE_EDGE | PAVE | GOLD | KT_10 | 1ct | imgs:3
[06:40:34][CUSHION] [8815] ? NIV-A41375F084F1A19C | BASKET | KNIFE_EDGE | PAVE | GOLD | KT_10 | 1ct | imgs:1
[06:40:40][CUSHION] [8816] ? NIV-A41375F084F1A19C | BASKET | KNIFE_EDGE | PAVE | GOLD | KT_10 | 1ct | imgs:3
[06:40:43][CUSHION] [8817] ? NIV-A41375F084F1A19C | BASKET | KNIFE_EDGE | PAVE | GOLD | KT_10 | 1ct | imgs:3
[06:40:46][CUSHION] [8818] ? NIV-A4CC67080254193C | BASKET | KNIFE_EDGE | PAVE | GOLD | KT_10 | 1ct | imgs:3
[06:40:52][CUSHION] [8819] ? NIV-A4CC67080254193C | BASKET | KNIFE_EDGE | PAVE | GOLD | KT_10 | 1ct | imgs:3
[06:40:58][CUSHION] [8820] ? NIV-A4CC67080254193C | BASKET | KNIFE_EDGE | PAVE | GOLD | KT_10 | 1ct | imgs:3
[06:41:01][CUSHION] [8821] ? NIV-7757BBDE4DA0E31E | BASKET | KNIFE_EDGE | PAVE | GOLD | KT_14 | 1ct | imgs:3
[06:41:07][CUSHION] [8822] ? NIV-7757BBDE4DA0E31E | BASKET | KNIFE_EDGE | PAVE | GOLD | KT_14 | 1ct | imgs:3
[06:41:13][CUSHION] [8823] ? NIV-7757BBDE4DA0E31E | BASKET | KNIFE_EDGE | PAVE | GOLD | KT_14 | 1ct | imgs:3
[06:41:16][CUSHION] [8824] ? NIV-12D97920C2322C96 | BASKET | KNIFE_EDGE | PAVE | GOLD | KT_14 | 1ct | imgs:3
[06:41:19][CUSHION] [8825] ? NIV-12D97920C2322C96 | BASKET | KNIFE_EDGE | PAVE | GOLD | KT_14 | 1ct | imgs:3
[06:41:25][CUSHION] [8826] ? NIV-12D97920C2322C96 | BASKET | KNIFE_EDGE | PAVE | GOLD | KT_14 | 1ct | imgs:3
[06:41:28][CUSHION] [8827] ? NIV-CC82713507E8C9E0 | BASKET | KNIFE_EDGE | PAVE | GOLD | KT_14 | 1ct | imgs:3
[06:41:31][CUSHION] [8828] ? NIV-CC82713507E8C9E0 | BASKET | KNIFE_EDGE | PAVE | GOLD | KT_14 | 1ct | imgs:3
[06:41:34][CUSHION] [8829] ? NIV-CC82713507E8C9E0 | BASKET | KNIFE_EDGE | PAVE | GOLD | KT_14 | 1ct | imgs:3
[06:41:38][CUSHION] [8830] ? NIV-AE6B31FE5D6E56B9 | BASKET | KNIFE_EDGE | PAVE | GOLD | KT_18 | 1ct | imgs:1
[06:41:43][CUSHION] [8831] ? NIV-AE6B31FE5D6E56B9 | BASKET | KNIFE_EDGE | PAVE | GOLD | KT_18 | 1ct | imgs:3
[06:41:49][CUSHION] [8832] ? NIV-AE6B31FE5D6E56B9 | BASKET | KNIFE_EDGE | PAVE | GOLD | KT_18 | 1ct | imgs:3
[06:41:52][CUSHION] [8833] ? NIV-B8DEFC4866DB9B60 | BASKET | KNIFE_EDGE | PAVE | GOLD | KT_18 | 1ct | imgs:3
[06:41:58][CUSHION] [8834] ? NIV-B8DEFC4866DB9B60 | BASKET | KNIFE_EDGE | PAVE | GOLD | KT_18 | 1ct | imgs:3
[06:42:02][CUSHION] [8835] ? NIV-B8DEFC4866DB9B60 | BASKET | KNIFE_EDGE | PAVE | GOLD | KT_18 | 1ct | imgs:3
[06:42:07][CUSHION] [8836] ? NIV-29C7C93732BAEAD0 | BASKET | KNIFE_EDGE | PAVE | GOLD | KT_18 | 1ct | imgs:3
[06:42:13][CUSHION] [8837] ? NIV-29C7C93732BAEAD0 | BASKET | KNIFE_EDGE | PAVE | GOLD | KT_18 | 1ct | imgs:3
[06:42:19][CUSHION] [8838] ? NIV-29C7C93732BAEAD0 | BASKET | KNIFE_EDGE | PAVE | GOLD | KT_18 | 1ct | imgs:3
[06:42:22][CUSHION] [8839] ? NIV-2A5F974525A668C7 | BASKET | KNIFE_EDGE | PAVE | PLATINUM | PT_950 | 1ct | imgs:3
[06:42:34][CUSHION] [8840] ? NIV-7BFC8134EDCBF0D8 | BASKET | KNIFE_EDGE | PAVE | GOLD | KT_10 | 1ct | imgs:3
[06:42:37][CUSHION] [8841] ? NIV-7BFC8134EDCBF0D8 | BASKET | KNIFE_EDGE | PAVE | GOLD | KT_10 | 1ct | imgs:3
[06:42:43][CUSHION] [8842] ? NIV-7BFC8134EDCBF0D8 | BASKET | KNIFE_EDGE | PAVE | GOLD | KT_10 | 1ct | imgs:3
[06:42:46][CUSHION] [8843] ? NIV-C5E3DBC0EEDE9BA4 | BASKET | KNIFE_EDGE | PAVE | GOLD | KT_10 | 1ct | imgs:1
[06:42:52][CUSHION] [8844] ? NIV-C5E3DBC0EEDE9BA4 | BASKET | KNIFE_EDGE | PAVE | GOLD | KT_10 | 1ct | imgs:3
[06:42:55][CUSHION] [8845] ? NIV-C5E3DBC0EEDE9BA4 | BASKET | KNIFE_EDGE | PAVE | GOLD | KT_10 | 1ct | imgs:3
[06:42:58][CUSHION] [8846] ? NIV-8F3C2B9FFFEDFE4D | BASKET | KNIFE_EDGE | PAVE | GOLD | KT_10 | 1ct | imgs:2
[06:43:04][CUSHION] [8847] ? NIV-8F3C2B9FFFEDFE4D | BASKET | KNIFE_EDGE | PAVE | GOLD | KT_10 | 1ct | imgs:3
[06:43:10][CUSHION] [8848] ? NIV-8F3C2B9FFFEDFE4D | BASKET | KNIFE_EDGE | PAVE | GOLD | KT_10 | 1ct | imgs:3
[06:43:13][CUSHION] [8849] ? NIV-628F5ECD9FD0BB15 | BASKET | KNIFE_EDGE | PAVE | GOLD | KT_14 | 1ct | imgs:3
[06:43:16][CUSHION] [8850] ? NIV-628F5ECD9FD0BB15 | BASKET | KNIFE_EDGE | PAVE | GOLD | KT_14 | 1ct | imgs:3
[06:43:22][CUSHION] [8851] ? NIV-628F5ECD9FD0BB15 | BASKET | KNIFE_EDGE | PAVE | GOLD | KT_14 | 1ct | imgs:3
[06:43:25][CUSHION] [8852] ? NIV-8F7333FCA9CEF1B0 | BASKET | KNIFE_EDGE | PAVE | GOLD | KT_14 | 1ct | imgs:2
[06:43:31][CUSHION] [8853] ? NIV-8F7333FCA9CEF1B0 | BASKET | KNIFE_EDGE | PAVE | GOLD | KT_14 | 1ct | imgs:3
[06:43:37][CUSHION] [8854] ? NIV-8F7333FCA9CEF1B0 | BASKET | KNIFE_EDGE | PAVE | GOLD | KT_14 | 1ct | imgs:3
[06:43:43][CUSHION] [8855] ? NIV-CA841C2A0353EDF0 | BASKET | KNIFE_EDGE | PAVE | GOLD | KT_14 | 1ct | imgs:3
[06:43:49][CUSHION] [8856] ? NIV-CA841C2A0353EDF0 | BASKET | KNIFE_EDGE | PAVE | GOLD | KT_14 | 1ct | imgs:3
[06:43:55][CUSHION] [8857] ? NIV-CA841C2A0353EDF0 | BASKET | KNIFE_EDGE | PAVE | GOLD | KT_14 | 1ct | imgs:3
[06:44:01][CUSHION] [8858] ? NIV-956828A4BBBFB425 | BASKET | KNIFE_EDGE | PAVE | GOLD | KT_18 | 1ct | imgs:3
[06:44:04][CUSHION] [8859] ? NIV-956828A4BBBFB425 | BASKET | KNIFE_EDGE | PAVE | GOLD | KT_18 | 1ct | imgs:3
[06:44:10][CUSHION] [8860] ? NIV-956828A4BBBFB425 | BASKET | KNIFE_EDGE | PAVE | GOLD | KT_18 | 1ct | imgs:3
[06:44:13][CUSHION] [8861] ? NIV-041E6681BA5E14C2 | BASKET | KNIFE_EDGE | PAVE | GOLD | KT_18 | 1ct | imgs:3
[06:44:19][CUSHION] [8862] ? NIV-041E6681BA5E14C2 | BASKET | KNIFE_EDGE | PAVE | GOLD | KT_18 | 1ct | imgs:3
[06:44:25][CUSHION] [8863] ? NIV-041E6681BA5E14C2 | BASKET | KNIFE_EDGE | PAVE | GOLD | KT_18 | 1ct | imgs:3
[06:44:28][CUSHION] [8864] ? NIV-6FABA5D66A30C3DD | BASKET | KNIFE_EDGE | PAVE | GOLD | KT_18 | 1ct | imgs:3
[06:44:34][CUSHION] [8865] ? NIV-6FABA5D66A30C3DD | BASKET | KNIFE_EDGE | PAVE | GOLD | KT_18 | 1ct | imgs:3
[06:44:40][CUSHION] [8866] ? NIV-6FABA5D66A30C3DD | BASKET | KNIFE_EDGE | PAVE | GOLD | KT_18 | 1ct | imgs:3
[06:44:43][CUSHION] [8867] ? NIV-E13556D5E7802DD3 | BASKET | KNIFE_EDGE | PAVE | PLATINUM | PT_950 | 1ct | imgs:1
[06:44:49][CUSHION] [8868] ? NIV-3A71B289E07A10B1 | BASKET | KNIFE_EDGE | PAVE | GOLD | KT_10 | 1ct | imgs:3
[06:44:55][CUSHION] [8869] ? NIV-3A71B289E07A10B1 | BASKET | KNIFE_EDGE | PAVE | GOLD | KT_10 | 1ct | imgs:3
[06:45:01][CUSHION] [8870] ? NIV-3A71B289E07A10B1 | BASKET | KNIFE_EDGE | PAVE | GOLD | KT_10 | 1ct | imgs:3
[06:45:04][CUSHION] [8871] ? NIV-BCA1A432F88D2499 | BASKET | KNIFE_EDGE | PAVE | GOLD | KT_10 | 1ct | imgs:3
[06:45:10][CUSHION] [8872] ? NIV-BCA1A432F88D2499 | BASKET | KNIFE_EDGE | PAVE | GOLD | KT_10 | 1ct | imgs:3
[06:45:16][CUSHION] [8873] ? NIV-BCA1A432F88D2499 | BASKET | KNIFE_EDGE | PAVE | GOLD | KT_10 | 1ct | imgs:3
[06:45:27][CUSHION] [8874] ? NIV-1359C8F10ADA6D3D | BASKET | KNIFE_EDGE | PAVE | GOLD | KT_10 | 1ct | imgs:1
[06:45:31][CUSHION] [8875] ? NIV-1359C8F10ADA6D3D | BASKET | KNIFE_EDGE | PAVE | GOLD | KT_10 | 1ct | imgs:3
[06:45:37][CUSHION] [8876] ? NIV-1359C8F10ADA6D3D | BASKET | KNIFE_EDGE | PAVE | GOLD | KT_10 | 1ct | imgs:3
[06:45:40][CUSHION] [8877] ? NIV-B49252D5BC88A6BF | BASKET | KNIFE_EDGE | PAVE | GOLD | KT_14 | 1ct | imgs:3
[06:45:46][CUSHION] [8878] ? NIV-B49252D5BC88A6BF | BASKET | KNIFE_EDGE | PAVE | GOLD | KT_14 | 1ct | imgs:3
[06:45:49][CUSHION] [8879] ? NIV-B49252D5BC88A6BF | BASKET | KNIFE_EDGE | PAVE | GOLD | KT_14 | 1ct | imgs:3
[06:45:55][CUSHION] [8880] ? NIV-8316D77C61DFB411 | BASKET | KNIFE_EDGE | PAVE | GOLD | KT_14 | 1ct | imgs:2
[06:46:01][CUSHION] [8881] ? NIV-8316D77C61DFB411 | BASKET | KNIFE_EDGE | PAVE | GOLD | KT_14 | 1ct | imgs:3
[06:46:04][CUSHION] [8882] ? NIV-8316D77C61DFB411 | BASKET | KNIFE_EDGE | PAVE | GOLD | KT_14 | 1ct | imgs:3
[06:46:07][CUSHION] [8883] ? NIV-CCC10F94F0375DD8 | BASKET | KNIFE_EDGE | PAVE | GOLD | KT_14 | 1ct | imgs:3
[06:46:10][CUSHION] [8884] ? NIV-CCC10F94F0375DD8 | BASKET | KNIFE_EDGE | PAVE | GOLD | KT_14 | 1ct | imgs:3
[06:46:16][CUSHION] [8885] ? NIV-CCC10F94F0375DD8 | BASKET | KNIFE_EDGE | PAVE | GOLD | KT_14 | 1ct | imgs:3
[06:46:26][CUSHION] [8886] ? NIV-F41B5A91424704C8 | BASKET | KNIFE_EDGE | PAVE | GOLD | KT_18 | 1ct | imgs:1
[06:46:31][CUSHION] [8887] ? NIV-F41B5A91424704C8 | BASKET | KNIFE_EDGE | PAVE | GOLD | KT_18 | 1ct | imgs:3
[06:46:34][CUSHION] [8888] ? NIV-F41B5A91424704C8 | BASKET | KNIFE_EDGE | PAVE | GOLD | KT_18 | 1ct | imgs:3
[06:46:40][CUSHION] [8889] ? NIV-CD3A76FE2FEC2BAD | BASKET | KNIFE_EDGE | PAVE | GOLD | KT_18 | 1ct | imgs:1
[06:46:46][CUSHION] [8890] ? NIV-CD3A76FE2FEC2BAD | BASKET | KNIFE_EDGE | PAVE | GOLD | KT_18 | 1ct | imgs:3
[06:46:49][CUSHION] [8891] ? NIV-CD3A76FE2FEC2BAD | BASKET | KNIFE_EDGE | PAVE | GOLD | KT_18 | 1ct | imgs:3
[06:46:58][CUSHION] [8892] ? NIV-A0F5B0D54719EAE5 | BASKET | KNIFE_EDGE | PAVE | GOLD | KT_18 | 1ct | imgs:1
[06:47:04][CUSHION] [8893] ? NIV-A0F5B0D54719EAE5 | BASKET | KNIFE_EDGE | PAVE | GOLD | KT_18 | 1ct | imgs:3
[06:47:10][CUSHION] [8894] ? NIV-A0F5B0D54719EAE5 | BASKET | KNIFE_EDGE | PAVE | GOLD | KT_18 | 1ct | imgs:3
[06:47:13][CUSHION] [8895] ? NIV-54D8BBECB6C3A982 | BASKET | KNIFE_EDGE | PAVE | PLATINUM | PT_950 | 1ct | imgs:3
[06:47:19][CUSHION] [8896] ? NIV-FA9516F9FCC7AD31 | BASKET | KNIFE_EDGE | PAVE | GOLD | KT_10 | 1ct | imgs:3
[06:47:22][CUSHION] [8897] ? NIV-FA9516F9FCC7AD31 | BASKET | KNIFE_EDGE | PAVE | GOLD | KT_10 | 1ct | imgs:3
[06:47:28][CUSHION] [8898] ? NIV-FA9516F9FCC7AD31 | BASKET | KNIFE_EDGE | PAVE | GOLD | KT_10 | 1ct | imgs:3
[06:47:32][CUSHION] [8899] ? NIV-A048AD279013C6AE | BASKET | KNIFE_EDGE | PAVE | GOLD | KT_10 | 1ct | imgs:1
[06:47:37][CUSHION] [8900] ? NIV-A048AD279013C6AE | BASKET | KNIFE_EDGE | PAVE | GOLD | KT_10 | 1ct | imgs:3
[06:47:40][CUSHION] [8901] ? NIV-A048AD279013C6AE | BASKET | KNIFE_EDGE | PAVE | GOLD | KT_10 | 1ct | imgs:3
[06:47:46][CUSHION] [8902] ? NIV-A64C950730362B9D | BASKET | KNIFE_EDGE | PAVE | GOLD | KT_10 | 1ct | imgs:3
[06:47:49][CUSHION] [8903] ? NIV-A64C950730362B9D | BASKET | KNIFE_EDGE | PAVE | GOLD | KT_10 | 1ct | imgs:3
[06:47:52][CUSHION] [8904] ? NIV-A64C950730362B9D | BASKET | KNIFE_EDGE | PAVE | GOLD | KT_10 | 1ct | imgs:3
[06:47:55][CUSHION] [8905] ? NIV-4D435575D274CFF5 | BASKET | KNIFE_EDGE | PAVE | GOLD | KT_14 | 1ct | imgs:1
[06:48:01][CUSHION] [8906] ? NIV-4D435575D274CFF5 | BASKET | KNIFE_EDGE | PAVE | GOLD | KT_14 | 1ct | imgs:3
[06:48:04][CUSHION] [8907] ? NIV-4D435575D274CFF5 | BASKET | KNIFE_EDGE | PAVE | GOLD | KT_14 | 1ct | imgs:3
[06:48:07][CUSHION] [8908] ? NIV-ECF5D751624FBBEE | BASKET | KNIFE_EDGE | PAVE | GOLD | KT_14 | 1ct | imgs:1
[06:48:13][CUSHION] [8909] ? NIV-ECF5D751624FBBEE | BASKET | KNIFE_EDGE | PAVE | GOLD | KT_14 | 1ct | imgs:3
[06:48:16][CUSHION] [8910] ? NIV-ECF5D751624FBBEE | BASKET | KNIFE_EDGE | PAVE | GOLD | KT_14 | 1ct | imgs:3
[06:48:20][CUSHION] [8911] ? NIV-1BDE856B930EC9F6 | BASKET | KNIFE_EDGE | PAVE | GOLD | KT_14 | 1ct | imgs:1
[06:48:25][CUSHION] [8912] ? NIV-1BDE856B930EC9F6 | BASKET | KNIFE_EDGE | PAVE | GOLD | KT_14 | 1ct | imgs:3
[06:48:31][CUSHION] [8913] ? NIV-1BDE856B930EC9F6 | BASKET | KNIFE_EDGE | PAVE | GOLD | KT_14 | 1ct | imgs:3
[06:48:36][CUSHION] [8914] ? NIV-FD39A18B42071D40 | BASKET | KNIFE_EDGE | PAVE | GOLD | KT_18 | 1ct | imgs:3
[06:48:40][CUSHION] [8915] ? NIV-FD39A18B42071D40 | BASKET | KNIFE_EDGE | PAVE | GOLD | KT_18 | 1ct | imgs:3
[06:48:46][CUSHION] [8916] ? NIV-FD39A18B42071D40 | BASKET | KNIFE_EDGE | PAVE | GOLD | KT_18 | 1ct | imgs:3
[06:48:51][CUSHION] [8917] ? NIV-3A1C29C0FEE978B0 | BASKET | KNIFE_EDGE | PAVE | GOLD | KT_18 | 1ct | imgs:1
[06:49:07][CUSHION] [8918] ??  NIV-3A1C29C0FEE978B0 | BASKET | KNIFE_EDGE | PAVE | GOLD | KT_18 | 1ct | imgs:0
[06:49:07][CUSHION]   Re-seleccionando CUSHION (intento 1)
[06:49:07][CUSHION]   Boton no encontrado ? recargando configurador...
[06:49:53][CUSHION]   Error recargando: Page.wait_for_selector: Timeout 30000ms exceeded.
Call log:
  - waiting for locator("button[data-automation-id=\"center-stone-shape-CUSHION\"]") to be visible

[06:49:53][CUSHION]   Re-seleccionando CUSHION (intento 2)
[06:49:53][CUSHION]   Boton no encontrado ? recargando configurador...
[06:50:29][CUSHION]   Error recargando: Page.wait_for_selector: Timeout 30000ms exceeded.
Call log:
  - waiting for locator("button[data-automation-id=\"center-stone-shape-CUSHION\"]") to be visible
    4 ? locator resolved to hidden <button tabindex="0" type="button" value="CUSHION" aria-pressed="false" data-automation-id="center-stone-shape-CUSHION" class="MuiButtonBase-root MuiToggleButtonGroup-grouped MuiToggleButtonGroup-groupedHorizontal MuiToggleButton-root MuiToggleButton-sizeMedium MuiToggleButton-standard jewellery-configurator-toggle-button MuiToggleButtonGroup-middleButton css-66ecda">?</button>

[06:50:29][CUSHION]   Re-seleccionando CUSHION (intento 3)
[06:50:34][CUSHION]   POST-CLICK: {'ap': 'true', 'ac': None, 'classes': 'MuiButtonBase-root|MuiToggleButtonGroup-grouped|MuiToggleButtonGroup-groupedHorizontal|MuiToggleButton-root|Mui-selected|MuiToggleButton-sizeMedium|MuiToggleButton-standard|jewellery-configurator-toggle-button|MuiToggleButtonGroup-middleButton|css-66ecda'}
[06:50:45][CUSHION] [8919] ??   | BASKET | KNIFE_EDGE | PAVE | GOLD | KT_18 | 1ct | imgs:0
[06:50:56][CUSHION] [8920] ??  NIV-0B268C97AA78BB2D | BASKET | KNIFE_EDGE | PAVE | GOLD | KT_18 | 1ct | imgs:0
[06:51:06][CUSHION] [8921] ??  NIV-0B268C97AA78BB2D | BASKET | KNIFE_EDGE | PAVE | GOLD | KT_18 | 1ct | imgs:0
[06:51:17][CUSHION] [8922] ??  NIV-0B268C97AA78BB2D | BASKET | KNIFE_EDGE | PAVE | GOLD | KT_18 | 1ct | imgs:0
[06:51:29][CUSHION] [8923] ??  NIV-0B268C97AA78BB2D | BASKET | KNIFE_EDGE | PAVE | PLATINUM | PT_950 | 1ct | imgs:0
[06:51:42][CUSHION] [8924] ??  NIV-0B268C97AA78BB2D | BASKET | SINGLE | NONE | GOLD | KT_10 | 1ct | imgs:0
[06:51:53][CUSHION] [8925] ??  NIV-0B268C97AA78BB2D | BASKET | SINGLE | NONE | GOLD | KT_10 | 1ct | imgs:0
[06:52:05][CUSHION] [8926] ??  NIV-0B268C97AA78BB2D | BASKET | SINGLE | NONE | GOLD | KT_10 | 1ct | imgs:0
[06:52:17][CUSHION] [8927] ??  NIV-0B268C97AA78BB2D | BASKET | SINGLE | NONE | GOLD | KT_10 | 1ct | imgs:0
[06:52:29][CUSHION] [8928] ??  NIV-0B268C97AA78BB2D | BASKET | SINGLE | NONE | GOLD | KT_10 | 1ct | imgs:0
[06:52:41][CUSHION] [8929] ??  NIV-0B268C97AA78BB2D | BASKET | SINGLE | NONE | GOLD | KT_10 | 1ct | imgs:0
[06:52:45][CUSHION] [8930] ? NIV-0B268C97AA78BB2D | BASKET | SINGLE | NONE | GOLD | KT_10 | 1ct | imgs:3
[06:52:56][CUSHION] [8931] ??  NIV-0B268C97AA78BB2D | BASKET | SINGLE | NONE | GOLD | KT_10 | 1ct | imgs:0
[06:53:08][CUSHION] [8932] ??  NIV-0B268C97AA78BB2D | BASKET | SINGLE | NONE | GOLD | KT_10 | 1ct | imgs:0
[06:53:21][CUSHION] [8933] ??  NIV-0B268C97AA78BB2D | BASKET | SINGLE | NONE | GOLD | KT_14 | 1ct | imgs:0
[06:53:32][CUSHION] [8934] ??  NIV-0B268C97AA78BB2D | BASKET | SINGLE | NONE | GOLD | KT_14 | 1ct | imgs:0
[06:53:42][CUSHION] [8935] ??  NIV-0B268C97AA78BB2D | BASKET | SINGLE | NONE | GOLD | KT_14 | 1ct | imgs:0
[06:53:53][CUSHION] [8936] ??  NIV-0B268C97AA78BB2D | BASKET | SINGLE | NONE | GOLD | KT_14 | 1ct | imgs:0
[06:54:04][CUSHION] [8937] ? NIV-17BE965A4FF16689 | BASKET | SINGLE | NONE | GOLD | KT_14 | 1ct | imgs:3
[06:54:17][CUSHION] [8938] ??  NIV-17BE965A4FF16689 | BASKET | SINGLE | NONE | GOLD | KT_14 | 1ct | imgs:0
[06:54:29][CUSHION] [8939] ??  NIV-17BE965A4FF16689 | BASKET | SINGLE | NONE | GOLD | KT_14 | 1ct | imgs:0
[06:54:41][CUSHION] [8940] ??  NIV-17BE965A4FF16689 | BASKET | SINGLE | NONE | GOLD | KT_14 | 1ct | imgs:0
[06:54:52][CUSHION] [8941] ? NIV-2335C47F1EFC68D4 | BASKET | SINGLE | NONE | GOLD | KT_14 | 1ct | imgs:1
[06:55:05][CUSHION] [8942] ? NIV-B4005D7D32572DBB | BASKET | SINGLE | NONE | GOLD | KT_18 | 1ct | imgs:1
[06:55:16][CUSHION] [8943] ? NIV-C7BB65D30BEF7E86 | BASKET | SINGLE | NONE | GOLD | KT_18 | 1ct | imgs:1
